0 112 37
1 113 37
2 102 63
3 103 63
4 102 63
5 14 92
6 103 63
7 112 37
8 102 63
9 15 92
10 113 37
11 112 37
12 14 92
13 112 33
14 103 63
15 93 32
16 92 32
17 102 63
18 15 92
19 103 63
20 113 37
21 113 33
22 112 37
23 113 37
24 14 92
25 15 92
26 14 92
27 102 63
28 103 63
29 93 32
30 92 32
31 93 32
32 102 63
33 112 37
34 92 32
35 112 33
36 15 92
37 93 32
38 14 92
39 113 33
40 15 92
41 112 33
42 103 63
43 14 92
44 102 63
45 103 63
46 113 33
47 112 33
48 113 33
49 112 33
50 15 92
51 102 63
52 113 37
53 92 32
54 93 32
55 14 92
56 15 92
57 14 92
58 113 33
59 92 32
60 112 37
61 15 92
62 103 63
63 102 63
64 112 33
65 103 63
66 113 33
67 102 63
68 112 33
69 14 92
70 93 32
71 15 92
72 103 63
73 113 33
74 92 32
75 93 32
76 113 37
77 112 37
78 92 32
79 93 32
80 112 33
81 102 63
82 92 32
83 113 37
84 112 37
85 113 37
86 113 33
87 103 63
88 93 32
89 14 92
90 112 33
91 112 37
92 92 32
93 113 33
94 102 63
95 93 32
96 92 32
97 112 33
98 103 63
99 15 92
100 102 63
101 14 92
102 15 92
103 14 92
104 113 33
105 113 37
106 112 33
107 103 63
108 15 92
109 112 37
110 14 92
111 93 32
112 92 32
113 113 33
114 112 33
115 113 33
116 102 63
117 15 92
118 112 33
119 113 33
120 103 63
121 113 37
122 102 63
123 14 92
124 103 63
125 93 32
126 92 32
127 15 92
128 93 32
129 112 37
130 102 63
131 113 37
132 92 32
133 112 33
134 103 63
135 113 33
136 112 37
137 102 63
138 103 63
139 112 33
140 93 32
141 113 33
142 112 33
143 113 33
144 14 92
145 112 33
146 102 63
147 92 32
148 93 32
149 92 32
150 15 92
151 93 32
152 113 37
153 14 92
154 112 37
155 113 33
156 112 33
157 113 33
158 15 92
159 14 92
160 103 63
161 112 33
162 15 92
163 14 92
164 15 92
165 113 37
166 102 63
167 103 63
168 14 92
169 15 92
170 113 33
171 92 32
172 93 32
173 14 92
174 102 63
175 112 33
176 103 63
177 113 33
178 15 92
179 112 37
180 112 33
181 113 33
182 14 92
183 112 33
184 113 33
185 112 33
186 92 32
187 113 33
188 102 63
189 103 63
190 112 33
191 113 33
192 112 33
193 93 32
194 113 33
195 113 37
196 15 92
197 92 32
198 102 63
199 93 32
200 14 92
201 15 92
202 112 37
203 113 37
204 103 63
205 14 92
206 15 92
207 112 37
208 14 92
209 102 63
210 103 63
211 113 37
212 112 37
213 102 63
214 92 32
215 103 63
216 15 92
217 113 37
218 112 33
219 14 92
220 112 37
221 102 63
222 113 37
223 15 92
224 14 92
225 103 63
226 15 92
227 113 33
228 112 33
229 113 33
230 112 37
231 112 33
232 93 32
233 113 37
234 112 37
235 102 63
236 92 32
237 113 33
238 113 37
239 112 33
240 113 33
241 93 32
242 112 33
243 14 92
244 113 33
245 92 32
246 15 92
247 14 92
248 112 37
249 15 92
250 103 63
251 112 33
252 113 33
253 112 33
254 102 63
255 113 33
256 93 32
257 14 92
258 92 32
259 93 32
260 103 63
261 15 92
262 92 32
263 93 32
264 113 37
265 92 32
266 112 33
267 102 63
268 93 32
269 103 63
270 112 37
271 14 92
272 113 37
273 113 33
274 102 63
275 103 63
276 92 32
277 93 32
278 15 92
279 112 37
280 14 92
281 92 32
282 102 63
283 93 32
284 15 92
285 112 33
286 14 92
287 113 37
288 103 63
289 113 33
290 112 37
291 102 63
292 15 92
293 103 63
294 14 92
295 102 63
296 113 37
297 112 37
298 92 32
299 112 33
300 15 92
301 93 32
302 103 63
303 14 92
304 92 32
305 113 33
306 112 33
307 113 37
308 112 37
309 15 92
310 113 37
311 112 37
312 102 63
313 113 33
314 113 37
315 14 92
316 103 63
317 112 33
318 102 63
319 103 63
320 15 92
321 113 33
322 93 32
323 92 32
324 112 33
325 113 33
326 112 37
327 113 37
328 112 37
329 93 32
330 112 33
331 113 33
332 113 37
333 14 92
334 112 33
335 15 92
336 14 92
337 113 33
338 15 92
339 14 92
340 15 92
341 92 32
342 93 32
343 102 63
344 103 63
345 112 37
346 113 37
347 92 32
348 14 92
349 112 37
350 113 37
351 112 37
352 102 63
353 112 33
354 113 33
355 15 92
356 113 37
357 112 33
358 14 92
359 15 92
360 113 33
361 14 92
362 15 92
363 112 33
364 112 37
365 14 92
366 113 37
367 93 32
368 92 32
369 103 63
370 93 32
371 15 92
372 14 92
373 102 63
374 113 33
375 92 32
376 112 33
377 15 92
378 103 63
379 113 33
380 112 33
381 112 37
382 113 33
383 112 33
384 102 63
385 113 37
386 93 32
387 92 32
388 14 92
389 103 63
390 113 33
391 112 37
392 112 33
393 15 92
394 93 32
395 14 92
396 15 92
397 92 32
398 93 32
399 14 92
400 15 92
401 92 32
402 113 37
403 102 63
404 14 92
405 112 37
406 113 33
407 112 33
408 93 32
409 103 63
410 102 63
411 15 92
412 92 32
413 113 33
414 113 37
415 112 33
416 103 63
417 113 33
418 112 33
419 112 37
420 113 37
421 102 63
422 113 33
423 93 32
424 112 37
425 103 63
426 102 63
427 103 63
428 14 92
429 102 63
430 112 33
431 103 63
432 113 33
433 92 32
434 112 33
435 15 92
436 102 63
437 14 92
438 15 92
439 113 33
440 103 63
441 14 92
442 112 33
443 113 33
444 93 32
445 92 32
446 113 37
447 112 33
448 93 32
449 113 33
450 112 37
451 92 32
452 93 32
453 15 92
454 112 33
455 113 37
456 112 37
457 113 37
458 102 63
459 92 32
460 103 63
461 14 92
462 15 92
463 93 32
464 112 37
465 113 33
466 92 32
467 102 63
468 14 92
469 113 37
470 93 32
471 15 92
472 92 32
473 112 37
474 113 37
475 14 92
476 15 92
477 112 33
478 112 37
479 93 32
480 92 32
481 14 92
482 15 92
483 103 63
484 113 37
485 93 32
486 113 33
487 92 32
488 93 32
489 102 63
490 112 33
491 103 63
492 102 63
493 112 37
494 113 33
495 14 92
496 92 32
497 112 33
498 113 37
499 113 33
500 15 92
501 112 33
502 113 33
503 93 32
504 112 37
505 14 92
506 92 32
507 112 33
508 113 33
509 103 63
510 113 37
511 102 63
512 103 63
513 93 32
514 112 37
515 112 33
516 113 33
517 15 92
518 102 63
519 14 92
520 103 63
521 92 32
522 112 33
523 102 63
524 15 92
525 14 92
526 93 32
527 15 92
528 103 63
529 102 63
530 113 37
531 113 33
532 14 92
533 15 92
534 112 33
535 103 63
536 113 33
537 112 37
538 92 32
539 14 92
540 93 32
541 102 63
542 15 92
543 92 32
544 113 37
545 14 92
546 112 33
547 112 37
548 93 32
549 103 63
550 102 63
551 113 33
552 15 92
553 14 92
554 15 92
555 113 37
556 103 63
557 112 33
558 92 32
559 14 92
560 15 92
561 93 32
562 102 63
563 113 33
564 112 37
565 113 37
566 112 37
567 14 92
568 112 33
569 15 92
570 113 37
571 92 32
572 112 37
573 113 33
574 113 37
575 112 37
576 112 33
577 14 92
578 113 33
579 112 33
580 113 33
581 93 32
582 15 92
583 103 63
584 113 37
585 92 32
586 14 92
587 112 33
588 102 63
589 113 33
590 15 92
591 93 32
592 14 92
593 15 92
594 103 63
595 14 92
596 102 63
597 15 92
598 103 63
599 112 37
600 113 37
601 92 32
602 112 37
603 102 63
604 14 92
605 112 33
606 113 37
607 15 92
608 103 63
609 113 33
610 102 63
611 93 32
612 103 63
613 92 32
614 102 63
615 93 32
616 103 63
617 92 32
618 93 32
619 112 37
620 102 63
621 113 37
622 112 37
623 14 92
624 15 92
625 14 92
626 103 63
627 102 63
628 103 63
629 102 63
630 112 33
631 15 92
632 103 63
633 113 33
634 14 92
635 113 37
636 92 32
637 112 37
638 102 63
639 112 33
640 15 92
641 93 32
642 92 32
643 103 63
644 14 92
645 93 32
646 102 63
647 113 37
648 112 37
649 92 32
650 103 63
651 113 37
652 112 37
653 15 92
654 113 37
655 113 33
656 93 32
657 14 92
658 112 37
659 92 32
660 102 63
661 113 37
662 112 37
663 93 32
664 113 37
665 112 37
666 15 92
667 92 32
668 112 33
669 113 37
670 93 32
671 14 92
672 103 63
673 102 63
674 15 92
675 113 33
676 112 33
677 92 32
678 113 33
679 14 92
680 112 33
681 15 92
682 93 32
683 14 92
684 113 33
685 112 33
686 103 63
687 102 63
688 112 37
689 15 92
690 14 92
691 92 32
692 103 63
693 113 37
694 93 32
695 102 63
696 92 32
697 93 32
698 103 63
699 112 37
700 113 33
701 92 32
702 15 92
703 113 37
704 14 92
705 102 63
706 112 37
707 113 37
708 93 32
709 112 37
710 112 33
711 15 92
712 14 92
713 113 37
714 92 32
715 93 32
716 92 32
717 112 37
718 93 32
719 113 37
720 112 37
721 113 37
722 92 32
723 112 37
724 15 92
725 14 92
726 93 32
727 92 32
728 113 33
729 15 92
730 112 33
731 93 32
732 14 92
733 113 37
734 103 63
735 92 32
736 102 63
737 112 37
738 15 92
739 113 37
740 113 33
741 103 63
742 93 32
743 102 63
744 14 92
745 15 92
746 103 63
747 112 37
748 102 63
749 103 63
750 102 63
751 14 92
752 112 33
753 103 63
754 15 92
755 92 32
756 113 37
757 112 37
758 113 33
759 102 63
760 93 32
761 113 37
762 14 92
763 112 37
764 103 63
765 112 33
766 102 63
767 113 37
768 103 63
769 113 33
770 102 63
771 112 33
772 103 63
773 92 32
774 93 32
775 15 92
776 92 32
777 93 32
778 112 37
779 14 92
780 15 92
781 92 32
782 113 37
783 102 63
784 112 37
785 113 37
786 93 32
787 113 33
788 112 37
789 113 37
790 92 32
791 93 32
792 112 37
793 14 92
794 103 63
795 92 32
796 15 92
797 102 63
798 14 92
799 93 32
800 92 32
801 113 37
802 112 33
803 15 92
804 112 37
805 103 63
806 93 32
807 113 33
808 102 63
809 113 37
810 112 37
811 112 33
812 14 92
813 113 37
814 103 63
815 102 63
816 92 32
817 113 33
818 112 37
819 112 33
820 103 63
821 15 92
822 102 63
823 93 32
824 113 33
825 92 32
826 113 37
827 112 33
828 103 63
829 93 32
830 113 33
831 14 92
832 102 63
833 92 32
834 15 92
835 112 37
836 93 32
837 113 37
838 14 92
839 112 33
840 92 32
841 103 63
842 93 32
843 113 33
844 112 33
845 112 37
846 15 92
847 92 32
848 113 37
849 102 63
850 93 32
851 112 37
852 103 63
853 113 33
854 102 63
855 14 92
856 113 37
857 103 63
858 112 37
859 102 63
860 112 33
861 15 92
862 14 92
863 15 92
864 113 33
865 14 92
866 112 33
867 15 92
868 113 33
869 92 32
870 14 92
871 93 32
872 113 37
873 103 63
874 15 92
875 112 33
876 112 37
877 113 37
878 102 63
879 112 37
880 113 33
881 103 63
882 112 33
883 113 33
884 14 92
885 15 92
886 102 63
887 14 92
888 92 32
889 93 32
890 15 92
891 14 92
892 113 37
893 112 33
894 15 92
895 14 92
896 92 32
897 112 37
898 103 63
899 113 37
900 112 37
901 113 33
902 102 63
903 93 32
904 15 92
905 14 92
906 112 33
907 15 92
908 14 92
909 103 63
910 113 37
911 112 37
912 15 92
913 102 63
914 14 92
915 15 92
916 103 63
917 14 92
918 15 92
919 113 33
920 113 37
921 112 37
922 113 37
923 102 63
924 112 33
925 103 63
926 92 32
927 112 37
928 14 92
929 113 37
930 15 92
931 93 32
932 102 63
933 92 32
934 113 33
935 93 32
936 14 92
937 112 33
938 112 37
939 113 37
940 112 37
941 92 32
942 113 33
943 103 63
944 113 37
945 112 37
946 15 92
947 102 63
948 113 37
949 93 32
950 92 32
951 112 37
952 113 37
953 112 37
954 103 63
955 14 92
956 93 32
957 102 63
958 92 32
959 103 63
960 15 92
961 93 32
962 112 33
963 14 92
964 92 32
965 93 32
966 102 63
967 113 33
968 92 32
969 103 63
970 113 37
971 112 33
972 93 32
973 113 33
974 92 32
975 93 32
976 15 92
977 14 92
978 15 92
979 112 33
980 92 32
981 93 32
982 102 63
983 14 92
984 15 92
985 92 32
986 103 63
987 14 92
988 102 63
989 113 33
990 112 33
991 112 37
992 103 63
993 113 37
994 93 32
995 113 33
996 102 63
997 112 37
998 112 33
999 15 92
1000 113 33
1001 14 92
1002 15 92
1003 14 92
1004 103 63
1005 112 33
1006 113 33
1007 112 33
1008 113 33
1009 112 33
1010 113 33
1011 112 33
1012 102 63
1013 92 32
1014 103 63
1015 93 32
1016 113 37
1017 113 33
1018 102 63
1019 112 37
1020 15 92
1021 103 63
1022 14 92
1023 102 63
1024 92 32
1025 113 37
1026 103 63
1027 15 92
1028 112 37
1029 102 63
1030 93 32
1031 92 32
1032 93 32
1033 112 33
1034 14 92
1035 103 63
1036 15 92
1037 14 92
1038 113 33
1039 112 33
1040 15 92
1041 14 92
1042 102 63
1043 103 63
1044 102 63
1045 15 92
1046 92 32
1047 113 33
1048 14 92
1049 113 37
1050 93 32
1051 103 63
1052 112 33
1053 112 37
1054 15 92
1055 92 32
1056 113 37
1057 113 33
1058 93 32
1059 92 32
1060 102 63
1061 93 32
1062 112 37
1063 103 63
1064 92 32
1065 14 92
1066 113 37
1067 112 37
1068 112 33
1069 102 63
1070 93 32
1071 113 37
1072 15 92
1073 92 32
1074 112 37
1075 103 63
1076 14 92
1077 102 63
1078 113 33
1079 113 37
1080 112 37
1081 103 63
1082 93 32
1083 102 63
1084 113 37
1085 15 92
1086 112 33
1087 14 92
1088 103 63
1089 92 32
1090 93 32
1091 113 33
1092 112 37
1093 15 92
1094 14 92
1095 113 37
1096 15 92
1097 92 32
1098 112 37
1099 93 32
1100 112 33
1101 102 63
1102 103 63
1103 14 92
1104 92 32
1105 102 63
1106 113 37
1107 113 33
1108 112 37
1109 93 32
1110 113 37
1111 103 63
1112 112 37
1113 92 32
1114 102 63
1115 112 33
1116 15 92
1117 113 37
1118 93 32
1119 92 32
1120 103 63
1121 112 37
1122 102 63
1123 93 32
1124 103 63
1125 113 37
1126 14 92
1127 112 37
1128 113 37
1129 102 63
1130 15 92
1131 113 33
1132 103 63
1133 102 63
1134 112 33
1135 103 63
1136 92 32
1137 112 37
1138 113 37
1139 112 37
1140 14 92
1141 102 63
1142 113 37
1143 113 33
1144 93 32
1145 103 63
1146 112 33
1147 15 92
1148 113 33
1149 92 32
1150 93 32
1151 102 63
1152 112 33
1153 112 37
1154 92 32
1155 113 33
1156 103 63
1157 113 37
1158 93 32
1159 112 37
1160 14 92
1161 112 33
1162 113 37
1163 102 63
1164 113 33
1165 92 32
1166 103 63
1167 112 37
1168 102 63
1169 112 33
1170 93 32
1171 15 92
1172 113 37
1173 113 33
1174 112 33
1175 92 32
1176 112 37
1177 113 37
1178 93 32
1179 14 92
1180 112 37
1181 113 37
1182 15 92
1183 14 92
1184 112 37
1185 92 32
1186 113 37
1187 103 63
1188 15 92
1189 112 37
1190 113 37
1191 102 63
1192 112 37
1193 14 92
1194 93 32
1195 15 92
1196 103 63
1197 113 37
1198 14 92
1199 112 37
1200 92 32
1201 113 37
1202 15 92
1203 102 63
1204 113 33
1205 103 63
1206 112 37
1207 112 33
1208 113 33
1209 113 37
1210 102 63
1211 14 92
1212 93 32
1213 112 33
1214 103 63
1215 113 33
1216 92 32
1217 112 33
1218 93 32
1219 113 33
1220 102 63
1221 112 33
1222 15 92
1223 92 32
1224 112 37
1225 93 32
1226 113 33
1227 103 63
1228 102 63
1229 113 37
1230 92 32
1231 103 63
1232 14 92
1233 112 33
1234 93 32
1235 102 63
1236 103 63
1237 112 37
1238 113 37
1239 102 63
1240 15 92
1241 112 37
1242 103 63
1243 113 37
1244 102 63
1245 92 32
1246 103 63
1247 14 92
1248 102 63
1249 15 92
1250 14 92
1251 113 33
1252 112 33
1253 15 92
1254 93 32
1255 92 32
1256 112 37
1257 103 63
1258 113 37
1259 102 63
1260 14 92
1261 15 92
1262 113 33
1263 93 32
1264 112 37
1265 112 33
1266 14 92
1267 103 63
1268 102 63
1269 15 92
1270 113 37
1271 14 92
1272 15 92
1273 112 37
1274 113 37
1275 113 33
1276 92 32
1277 93 32
1278 112 33
1279 14 92
1280 113 33
1281 15 92
1282 92 32
1283 112 33
1284 93 32
1285 113 33
1286 14 92
1287 15 92
1288 92 32
1289 103 63
1290 14 92
1291 112 37
1292 102 63
1293 112 33
1294 113 33
1295 112 33
1296 93 32
1297 15 92
1298 113 33
1299 113 37
1300 92 32
1301 14 92
1302 15 92
1303 93 32
1304 92 32
1305 103 63
1306 112 33
1307 14 92
1308 93 32
1309 92 32
1310 113 33
1311 15 92
1312 93 32
1313 102 63
1314 103 63
1315 14 92
1316 112 37
1317 112 33
1318 92 32
1319 113 37
1320 112 37
1321 113 33
1322 113 37
1323 93 32
1324 112 33
1325 15 92
1326 112 37
1327 92 32
1328 93 32
1329 92 32
1330 102 63
1331 93 32
1332 103 63
1333 92 32
1334 93 32
1335 113 37
1336 92 32
1337 93 32
1338 14 92
1339 102 63
1340 112 37
1341 113 37
1342 92 32
1343 103 63
1344 113 33
1345 93 32
1346 92 32
1347 102 63
1348 112 37
1349 93 32
1350 92 32
1351 103 63
1352 93 32
1353 15 92
1354 14 92
1355 102 63
1356 92 32
1357 113 37
1358 112 33
1359 15 92
1360 93 32
1361 112 37
1362 14 92
1363 113 33
1364 15 92
1365 103 63
1366 102 63
1367 103 63
1368 113 37
1369 92 32
1370 112 33
1371 112 37
1372 14 92
1373 102 63
1374 93 32
1375 113 37
1376 113 33
1377 112 33
1378 112 37
1379 103 63
1380 15 92
1381 14 92
1382 102 63
1383 113 37
1384 92 32
1385 93 32
1386 92 32
1387 112 37
1388 103 63
1389 102 63
1390 103 63
1391 15 92
1392 93 32
1393 92 32
1394 93 32
1395 92 32
1396 102 63
1397 93 32
1398 103 63
1399 113 33
1400 92 32
1401 102 63
1402 93 32
1403 92 32
1404 14 92
1405 103 63
1406 93 32
1407 92 32
1408 93 32
1409 92 32
1410 113 37
1411 112 37
1412 93 32
1413 112 33
1414 102 63
1415 103 63
1416 92 32
1417 102 63
1418 93 32
1419 15 92
1420 103 63
1421 102 63
1422 113 37
1423 112 37
1424 92 32
1425 113 37
1426 103 63
1427 14 92
1428 93 32
1429 112 37
1430 102 63
1431 103 63
1432 113 33
1433 102 63
1434 15 92
1435 113 37
1436 92 32
1437 112 37
1438 103 63
1439 102 63
1440 14 92
1441 93 32
1442 103 63
1443 102 63
1444 92 32
1445 103 63
1446 113 37
1447 93 32
1448 92 32
1449 112 37
1450 102 63
1451 15 92
1452 112 33
1453 113 33
1454 14 92
1455 103 63
1456 15 92
1457 93 32
1458 92 32
1459 93 32
1460 112 33
1461 113 33
1462 92 32
1463 14 92
1464 15 92
1465 112 33
1466 113 37
1467 102 63
1468 93 32
1469 112 37
1470 14 92
1471 113 37
1472 112 37
1473 103 63
1474 113 37
1475 92 32
1476 93 32
1477 102 63
1478 113 33
1479 15 92
1480 92 32
1481 112 33
1482 113 33
1483 112 33
1484 14 92
1485 15 92
1486 14 92
1487 113 33
1488 15 92
1489 93 32
1490 103 63
1491 112 33
1492 102 63
1493 103 63
1494 92 32
1495 113 33
1496 93 32
1497 102 63
1498 14 92
1499 103 63
1500 15 92
1501 14 92
1502 112 33
1503 92 32
1504 93 32
1505 102 63
1506 92 32
1507 93 32
1508 103 63
1509 113 33
1510 102 63
1511 103 63
1512 92 32
1513 102 63
1514 112 37
1515 113 37
1516 112 37
1517 112 33
1518 103 63
1519 15 92
1520 102 63
1521 103 63
1522 113 37
1523 102 63
1524 14 92
1525 93 32
1526 103 63
1527 113 33
1528 15 92
1529 112 37
1530 14 92
1531 112 33
1532 92 32
1533 113 33
1534 93 32
1535 113 37
1536 15 92
1537 92 32
1538 102 63
1539 93 32
1540 14 92
1541 103 63
1542 112 37
1543 92 32
1544 15 92
1545 102 63
1546 112 33
1547 14 92
1548 103 63
1549 113 33
1550 93 32
1551 92 32
1552 113 37
1553 15 92
1554 102 63
1555 103 63
1556 14 92
1557 112 33
1558 112 37
1559 93 32
1560 102 63
1561 92 32
1562 93 32
1563 113 37
1564 92 32
1565 103 63
1566 113 33
1567 102 63
1568 15 92
1569 112 37
1570 112 33
1571 93 32
1572 103 63
1573 102 63
1574 103 63
1575 113 33
1576 92 32
1577 113 37
1578 112 33
1579 93 32
1580 113 33
1581 112 33
1582 112 37
1583 102 63
1584 14 92
1585 113 33
1586 15 92
1587 112 33
1588 14 92
1589 113 37
1590 15 92
1591 14 92
1592 103 63
1593 15 92
1594 113 33
1595 14 92
1596 102 63
1597 112 37
1598 92 32
1599 113 37
1600 93 32
1601 15 92
1602 103 63
1603 112 33
1604 112 37
1605 102 63
1606 103 63
1607 102 63
1608 14 92
1609 113 37
1610 103 63
1611 15 92
1612 92 32
1613 113 33
1614 14 92
1615 93 32
1616 102 63
1617 92 32
1618 112 37
1619 112 33
1620 113 33
1621 103 63
1622 112 33
1623 113 37
1624 102 63
1625 93 32
1626 112 37
1627 92 32
1628 15 92
1629 113 33
1630 113 37
1631 103 63
1632 93 32
1633 102 63
1634 14 92
1635 112 33
1636 113 33
1637 112 33
1638 15 92
1639 112 37
1640 113 37
1641 92 32
1642 113 33
1643 112 37
1644 113 37
1645 112 33
1646 93 32
1647 14 92
1648 103 63
1649 112 37
1650 15 92
1651 113 37
1652 102 63
1653 103 63
1654 102 63
1655 112 37
1656 113 33
1657 103 63
1658 14 92
1659 113 37
1660 112 37
1661 102 63
1662 112 33
1663 113 37
1664 92 32
1665 93 32
1666 112 37
1667 92 32
1668 93 32
1669 92 32
1670 103 63
1671 15 92
1672 93 32
1673 14 92
1674 113 37
1675 112 37
1676 113 33
1677 112 33
1678 15 92
1679 113 33
1680 113 37
1681 112 37
1682 112 33
1683 92 32
1684 113 33
1685 113 37
1686 93 32
1687 92 32
1688 14 92
1689 102 63
1690 112 37
1691 93 32
1692 113 37
1693 92 32
1694 15 92
1695 14 92
1696 93 32
1697 112 33
1698 15 92
1699 14 92
1700 113 33
1701 103 63
1702 102 63
1703 112 33
1704 92 32
1705 112 37
1706 113 37
1707 112 37
1708 93 32
1709 113 33
1710 113 37
1711 92 32
1712 103 63
1713 112 33
1714 15 92
1715 102 63
1716 93 32
1717 112 37
1718 14 92
1719 103 63
1720 15 92
1721 113 33
1722 112 33
1723 113 37
1724 113 33
1725 14 92
1726 112 37
1727 113 37
1728 102 63
1729 15 92
1730 112 33
1731 103 63
1732 113 33
1733 112 37
1734 112 33
1735 102 63
1736 103 63
1737 92 32
1738 113 37
1739 113 33
1740 112 37
1741 14 92
1742 15 92
1743 102 63
1744 93 32
1745 112 33
1746 113 33
1747 113 37
1748 92 32
1749 103 63
1750 112 33
1751 93 32
1752 113 33
1753 14 92
1754 112 37
1755 113 37
1756 112 37
1757 92 32
1758 113 37
1759 102 63
1760 112 37
1761 112 33
1762 113 37
1763 113 33
1764 112 37
1765 15 92
1766 112 33
1767 93 32
1768 113 33
1769 103 63
1770 112 33
1771 92 32
1772 93 32
1773 102 63
1774 14 92
1775 103 63
1776 113 37
1777 113 33
1778 15 92
1779 14 92
1780 112 33
1781 92 32
1782 112 37
1783 15 92
1784 102 63
1785 14 92
1786 113 33
1787 15 92
1788 103 63
1789 102 63
1790 93 32
1791 92 32
1792 14 92
1793 113 37
1794 93 32
1795 15 92
1796 92 32
1797 14 92
1798 112 33
1799 112 37
1800 103 63
1801 113 37
1802 102 63
1803 112 37
1804 113 33
1805 93 32
1806 112 33
1807 103 63
1808 113 33
1809 112 33
1810 113 37
1811 112 37
1812 102 63
1813 103 63
1814 113 33
1815 112 33
1816 113 37
1817 102 63
1818 112 37
1819 103 63
1820 92 32
1821 15 92
1822 113 37
1823 113 33
1824 112 33
1825 14 92
1826 113 33
1827 112 33
1828 15 92
1829 113 33
1830 14 92
1831 15 92
1832 112 37
1833 112 33
1834 14 92
1835 113 37
1836 15 92
1837 113 33
1838 102 63
1839 112 37
1840 93 32
1841 14 92
1842 15 92
1843 112 33
1844 14 92
1845 15 92
1846 113 33
1847 113 37
1848 103 63
1849 14 92
1850 15 92
1851 112 33
1852 102 63
1853 92 32
1854 14 92
1855 113 33
1856 112 37
1857 112 33
1858 15 92
1859 113 37
1860 93 32
1861 92 32
1862 14 92
1863 93 32
1864 92 32
1865 103 63
1866 93 32
1867 92 32
1868 102 63
1869 93 32
1870 92 32
1871 93 32
1872 112 37
1873 113 33
1874 112 33
1875 113 33
1876 103 63
1877 112 33
1878 92 32
1879 15 92
1880 113 33
1881 93 32
1882 14 92
1883 92 32
1884 102 63
1885 113 37
1886 15 92
1887 112 33
1888 14 92
1889 15 92
1890 112 37
1891 103 63
1892 14 92
1893 15 92
1894 93 32
1895 102 63
1896 92 32
1897 113 37
1898 14 92
1899 93 32
1900 103 63
1901 92 32
1902 112 37
1903 113 33
1904 15 92
1905 102 63
1906 103 63
1907 93 32
1908 14 92
1909 113 37
1910 102 63
1911 112 33
1912 15 92
1913 113 33
1914 14 92
1915 112 33
1916 103 63
1917 102 63
1918 113 33
1919 112 37
1920 103 63
1921 92 32
1922 113 37
1923 93 32
1924 92 32
1925 15 92
1926 112 33
1927 112 37
1928 113 37
1929 14 92
1930 113 33
1931 112 37
1932 15 92
1933 113 37
1934 102 63
1935 103 63
1936 14 92
1937 15 92
1938 93 32
1939 112 33
1940 112 37
1941 113 37
1942 102 63
1943 112 37
1944 14 92
1945 113 37
1946 92 32
1947 113 33
1948 112 33
1949 113 33
1950 15 92
1951 112 37
1952 112 33
1953 14 92
1954 93 32
1955 103 63
1956 113 33
1957 102 63
1958 92 32
1959 93 32
1960 92 32
1961 113 37
1962 93 32
1963 15 92
1964 92 32
1965 103 63
1966 102 63
1967 112 33
1968 14 92
1969 112 37
1970 113 33
1971 113 37
1972 112 37
1973 112 33
1974 113 37
1975 15 92
1976 14 92
1977 15 92
1978 93 32
1979 14 92
1980 92 32
1981 112 37
1982 113 33
1983 112 33
1984 93 32
1985 92 32
1986 113 37
1987 113 33
1988 112 37
1989 103 63
1990 113 37
1991 15 92
1992 93 32
1993 14 92
1994 15 92
1995 92 32
1996 112 33
1997 102 63
1998 112 37
1999 103 63
2000 113 33
2001 14 92
2002 113 37
2003 102 63
2004 93 32
2005 92 32
2006 15 92
2007 112 33
2008 14 92
2009 93 32
2010 92 32
2011 112 37
2012 15 92
2013 14 92
2014 113 33
2015 103 63
2016 113 37
2017 15 92
2018 112 37
2019 112 33
2020 113 33
2021 112 33
2022 113 37
2023 93 32
2024 14 92
2025 15 92
2026 113 33
2027 112 33
2028 14 92
2029 112 37
2030 92 32
2031 113 33
2032 93 32
2033 112 33
2034 113 37
2035 112 37
2036 102 63
2037 113 37
2038 103 63
2039 102 63
2040 92 32
2041 112 37
2042 15 92
2043 14 92
2044 103 63
2045 93 32
2046 92 32
2047 113 33
2048 15 92
2049 93 32
2050 14 92
2051 92 32
2052 93 32
2053 102 63
2054 112 33
2055 92 32
2056 113 37
2057 93 32
2058 103 63
2059 102 63
2060 92 32
2061 112 37
2062 103 63
2063 102 63
2064 93 32
2065 15 92
2066 14 92
2067 92 32
2068 15 92
2069 14 92
2070 15 92
2071 113 33
2072 113 37
2073 14 92
2074 112 37
2075 103 63
2076 113 37
2077 112 33
2078 15 92
2079 102 63
2080 103 63
2081 102 63
2082 14 92
2083 15 92
2084 93 32
2085 92 32
2086 113 33
2087 93 32
2088 112 37
2089 92 32
2090 14 92
2091 112 33
2092 15 92
2093 93 32
2094 113 37
2095 14 92
2096 15 92
2097 14 92
2098 112 37
2099 103 63
2100 92 32
2101 93 32
2102 113 37
2103 92 32
2104 112 37
2105 113 33
2106 93 32
2107 92 32
2108 113 37
2109 93 32
2110 15 92
2111 92 32
2112 112 33
2113 113 33
2114 112 33
2115 93 32
2116 14 92
2117 92 32
2118 102 63
2119 112 37
2120 113 37
2121 112 37
2122 113 37
2123 103 63
2124 93 32
2125 113 33
2126 102 63
2127 112 33
2128 92 32
2129 93 32
2130 112 37
2131 113 33
2132 112 33
2133 92 32
2134 93 32
2135 113 33
2136 103 63
2137 113 37
2138 112 33
2139 92 32
2140 15 92
2141 102 63
2142 113 33
2143 103 63
2144 102 63
2145 112 33
2146 93 32
2147 112 37
2148 113 33
2149 113 37
2150 112 33
2151 103 63
2152 92 32
2153 113 33
2154 112 33
2155 112 37
2156 93 32
2157 14 92
2158 113 33
2159 102 63
2160 113 37
2161 112 37
2162 103 63
2163 15 92
2164 113 37
2165 112 37
2166 112 33
2167 113 37
2168 92 32
2169 113 33
2170 102 63
2171 112 33
2172 93 32
2173 103 63
2174 112 37
2175 113 33
2176 92 32
2177 93 32
2178 102 63
2179 103 63
2180 14 92
2181 92 32
2182 113 37
2183 15 92
2184 14 92
2185 93 32
2186 112 33
2187 92 32
2188 112 37
2189 113 37
2190 93 32
2191 113 33
2192 112 37
2193 112 33
2194 113 33
2195 112 33
2196 113 33
2197 102 63
2198 103 63
2199 112 33
2200 92 32
2201 113 37
2202 15 92
2203 14 92
2204 112 37
2205 113 33
2206 112 33
2207 93 32
2208 92 32
2209 113 33
2210 102 63
2211 93 32
2212 15 92
2213 113 37
2214 14 92
2215 103 63
2216 112 33
2217 113 33
2218 92 32
2219 112 37
2220 15 92
2221 113 37
2222 93 32
2223 112 37
2224 14 92
2225 112 33
2226 92 32
2227 102 63
2228 103 63
2229 15 92
2230 113 37
2231 113 33
2232 112 37
2233 93 32
2234 113 37
2235 102 63
2236 103 63
2237 102 63
2238 112 37
2239 113 37
2240 14 92
2241 112 33
2242 112 37
2243 113 37
2244 92 32
2245 15 92
2246 113 33
2247 93 32
2248 92 32
2249 112 37
2250 93 32
2251 113 37
2252 103 63
2253 92 32
2254 93 32
2255 112 37
2256 113 37
2257 92 32
2258 112 37
2259 113 37
2260 14 92
2261 112 33
2262 15 92
2263 93 32
2264 112 37
2265 14 92
2266 92 32
2267 93 32
2268 92 32
2269 102 63
2270 93 32
2271 113 33
2272 103 63
2273 113 37
2274 102 63
2275 15 92
2276 112 37
2277 112 33
2278 113 37
2279 92 32
2280 112 37
2281 103 63
2282 102 63
2283 103 63
2284 102 63
2285 14 92
2286 15 92
2287 113 33
2288 112 33
2289 93 32
2290 113 37
2291 113 33
2292 112 33
2293 103 63
2294 113 33
2295 112 33
2296 102 63
2297 14 92
2298 112 37
2299 113 37
2300 15 92
2301 14 92
2302 113 33
2303 112 37
2304 92 32
2305 112 33
2306 93 32
2307 15 92
2308 92 32
2309 113 37
2310 14 92
2311 93 32
2312 92 32
2313 113 33
2314 15 92
2315 14 92
2316 103 63
2317 15 92
2318 14 92
2319 15 92
2320 112 33
2321 113 33
2322 112 33
2323 93 32
2324 112 37
2325 102 63
2326 103 63
2327 14 92
2328 92 32
2329 113 37
2330 112 37
2331 15 92
2332 93 32
2333 113 37
2334 92 32
2335 102 63
2336 93 32
2337 14 92
2338 92 32
2339 15 92
2340 113 33
2341 14 92
2342 112 37
2343 15 92
2344 103 63
2345 102 63
2346 103 63
2347 93 32
2348 14 92
2349 113 37
2350 102 63
2351 92 32
2352 103 63
2353 93 32
2354 112 33
2355 112 37
2356 92 32
2357 113 33
2358 112 33
2359 102 63
2360 113 37
2361 103 63
2362 93 32
2363 92 32
2364 112 37
2365 93 32
2366 15 92
2367 102 63
2368 113 33
2369 112 33
2370 113 37
2371 14 92
2372 103 63
2373 102 63
2374 103 63
2375 113 33
2376 102 63
2377 103 63
2378 15 92
2379 102 63
2380 112 37
2381 92 32
2382 93 32
2383 113 37
2384 112 37
2385 112 33
2386 103 63
2387 113 33
2388 112 33
2389 102 63
2390 92 32
2391 14 92
2392 15 92
2393 14 92
2394 15 92
2395 113 33
2396 93 32
2397 112 33
2398 14 92
2399 113 37
2400 103 63
2401 15 92
2402 92 32
2403 93 32
2404 113 33
2405 112 37
2406 102 63
2407 103 63
2408 113 37
2409 14 92
2410 92 32
2411 93 32
2412 112 37
2413 112 33
2414 113 33
2415 113 37
2416 15 92
2417 112 37
2418 102 63
2419 103 63
2420 112 33
2421 113 37
2422 102 63
2423 92 32
2424 103 63
2425 93 32
2426 92 32
2427 112 37
2428 102 63
2429 14 92
2430 113 33
2431 112 33
2432 15 92
2433 14 92
2434 113 33
2435 112 33
2436 113 33
2437 112 33
2438 15 92
2439 93 32
2440 113 37
2441 103 63
2442 14 92
2443 92 32
2444 93 32
2445 92 32
2446 112 37
2447 93 32
2448 102 63
2449 113 37
2450 15 92
2451 14 92
2452 15 92
2453 103 63
2454 102 63
2455 112 37
2456 103 63
2457 102 63
2458 113 37
2459 92 32
2460 103 63
2461 112 37
2462 113 33
2463 112 33
2464 102 63
2465 14 92
2466 103 63
2467 93 32
2468 113 37
2469 15 92
2470 14 92
2471 92 32
2472 93 32
2473 102 63
2474 113 33
2475 112 37
2476 112 33
2477 92 32
2478 93 32
2479 92 32
2480 93 32
2481 103 63
2482 113 33
2483 102 63
2484 92 32
2485 93 32
2486 92 32
2487 93 32
2488 112 33
2489 15 92
2490 103 63
2491 102 63
2492 113 37
2493 92 32
2494 112 37
2495 14 92
2496 103 63
2497 113 37
2498 112 37
2499 93 32
2500 113 37
2501 92 32
2502 93 32
2503 113 33
2504 112 33
2505 113 33
2506 15 92
2507 14 92
2508 112 33
2509 113 33
2510 112 33
2511 92 32
2512 15 92
2513 112 37
2514 113 33
2515 112 33
2516 14 92
2517 93 32
2518 113 37
2519 102 63
2520 15 92
2521 92 32
2522 112 37
2523 113 37
2524 14 92
2525 103 63
2526 93 32
2527 102 63
2528 15 92
2529 103 63
2530 14 92
2531 15 92
2532 113 33
2533 112 33
2534 102 63
2535 112 37
2536 92 32
2537 14 92
2538 103 63
2539 93 32
2540 102 63
2541 113 33
2542 15 92
2543 14 92
2544 103 63
2545 113 37
2546 15 92
2547 14 92
2548 112 37
2549 102 63
2550 92 32
2551 113 37
2552 93 32
2553 112 33
2554 112 37
2555 103 63
2556 92 32
2557 93 32
2558 92 32
2559 113 37
2560 113 33
2561 102 63
2562 103 63
2563 112 33
2564 15 92
2565 113 33
2566 14 92
2567 112 33
2568 15 92
2569 102 63
2570 112 37
2571 113 37
2572 93 32
2573 92 32
2574 93 32
2575 113 33
2576 14 92
2577 92 32
2578 15 92
2579 103 63
2580 112 37
2581 14 92
2582 112 33
2583 15 92
2584 113 37
2585 93 32
2586 113 33
2587 102 63
2588 112 37
2589 113 37
2590 92 32
2591 103 63
2592 112 33
2593 113 33
2594 93 32
2595 14 92
2596 15 92
2597 92 32
2598 93 32
2599 92 32
2600 14 92
2601 93 32
2602 15 92
2603 92 32
2604 112 37
2605 14 92
2606 93 32
2607 92 32
2608 113 37
2609 15 92
2610 112 33
2611 102 63
2612 14 92
2613 112 37
2614 93 32
2615 103 63
2616 113 33
2617 92 32
2618 93 32
2619 92 32
2620 93 32
2621 113 37
2622 92 32
2623 93 32
2624 15 92
2625 112 33
2626 92 32
2627 112 37
2628 93 32
2629 113 37
2630 102 63
2631 92 32
2632 103 63
2633 113 33
2634 112 37
2635 113 37
2636 93 32
2637 112 37
2638 102 63
2639 112 33
2640 14 92
2641 92 32
2642 113 33
2643 112 33
2644 15 92
2645 14 92
2646 93 32
2647 15 92
2648 113 37
2649 113 33
2650 112 33
2651 112 37
2652 113 37
2653 92 32
2654 103 63
2655 113 33
2656 102 63
2657 93 32
2658 14 92
2659 92 32
2660 15 92
2661 112 37
2662 93 32
2663 14 92
2664 92 32
2665 112 33
2666 113 37
2667 15 92
2668 113 33
2669 14 92
2670 112 33
2671 93 32
2672 113 33
2673 15 92
2674 92 32
2675 112 33
2676 112 37
2677 113 37
2678 14 92
2679 112 37
2680 15 92
2681 113 37
2682 14 92
2683 112 37
2684 93 32
2685 113 33
2686 92 32
2687 15 92
2688 113 37
2689 14 92
2690 15 92
2691 112 33
2692 14 92
2693 103 63
2694 102 63
2695 113 33
2696 15 92
2697 14 92
2698 112 37
2699 112 33
2700 93 32
2701 113 37
2702 92 32
2703 113 33
2704 112 37
2705 93 32
2706 15 92
2707 92 32
2708 103 63
2709 14 92
2710 113 37
2711 93 32
2712 92 32
2713 93 32
2714 112 33
2715 15 92
2716 112 37
2717 113 37
2718 102 63
2719 113 33
2720 112 33
2721 14 92
2722 15 92
2723 113 33
2724 103 63
2725 92 32
2726 102 63
2727 14 92
2728 93 32
2729 112 33
2730 113 33
2731 15 92
2732 92 32
2733 103 63
2734 14 92
2735 102 63
2736 112 33
2737 113 33
2738 93 32
2739 112 33
2740 103 63
2741 102 63
2742 92 32
2743 113 33
2744 112 37
2745 93 32
2746 112 33
2747 113 33
2748 113 37
2749 92 32
2750 15 92
2751 112 37
2752 112 33
2753 113 37
2754 112 37
2755 113 37
2756 113 33
2757 103 63
2758 102 63
2759 112 33
2760 113 33
2761 93 32
2762 14 92
2763 92 32
2764 112 37
2765 113 37
2766 112 37
2767 112 33
2768 103 63
2769 113 33
2770 113 37
2771 15 92
2772 102 63
2773 112 37
2774 93 32
2775 14 92
2776 15 92
2777 113 37
2778 112 37
2779 92 32
2780 14 92
2781 15 92
2782 113 37
2783 112 33
2784 103 63
2785 102 63
2786 103 63
2787 14 92
2788 112 37
2789 113 37
2790 113 33
2791 112 37
2792 15 92
2793 113 37
2794 112 33
2795 112 37
2796 102 63
2797 93 32
2798 113 33
2799 113 37
2800 92 32
2801 93 32
2802 112 37
2803 112 33
2804 103 63
2805 113 37
2806 92 32
2807 14 92
2808 93 32
2809 102 63
2810 92 32
2811 103 63
2812 93 32
2813 15 92
2814 102 63
2815 103 63
2816 102 63
2817 14 92
2818 112 37
2819 103 63
2820 15 92
2821 92 32
2822 113 33
2823 102 63
2824 14 92
2825 113 37
2826 112 37
2827 113 37
2828 103 63
2829 112 33
2830 93 32
2831 113 33
2832 15 92
2833 92 32
2834 112 37
2835 112 33
2836 93 32
2837 102 63
2838 103 63
2839 92 32
2840 102 63
2841 113 33
2842 103 63
2843 112 33
2844 113 33
2845 93 32
2846 102 63
2847 92 32
2848 113 37
2849 93 32
2850 112 37
2851 113 37
2852 112 33
2853 113 33
2854 92 32
2855 112 33
2856 112 37
2857 113 37
2858 93 32
2859 14 92
2860 15 92
2861 14 92
2862 103 63
2863 113 33
2864 112 37
2865 113 37
2866 112 33
2867 92 32
2868 113 33
2869 15 92
2870 112 33
2871 102 63
2872 113 33
2873 14 92
2874 112 37
2875 15 92
2876 113 37
2877 93 32
2878 103 63
2879 92 32
2880 112 37
2881 14 92
2882 93 32
2883 112 33
2884 102 63
2885 103 63
2886 113 37
2887 15 92
2888 113 33
2889 92 32
2890 102 63
2891 112 33
2892 14 92
2893 15 92
2894 14 92
2895 113 33
2896 93 32
2897 15 92
2898 103 63
2899 14 92
2900 15 92
2901 92 32
2902 14 92
2903 15 92
2904 112 37
2905 102 63
2906 14 92
2907 113 37
2908 15 92
2909 103 63
2910 14 92
2911 15 92
2912 93 32
2913 92 32
2914 112 37
2915 14 92
2916 112 33
2917 113 33
2918 112 33
2919 15 92
2920 14 92
2921 102 63
2922 103 63
2923 113 37
2924 15 92
2925 112 37
2926 113 37
2927 113 33
2928 93 32
2929 102 63
2930 14 92
2931 92 32
2932 112 37
2933 93 32
2934 15 92
2935 92 32
2936 112 33
2937 14 92
2938 15 92
2939 113 33
2940 93 32
2941 92 32
2942 14 92
2943 15 92
2944 112 33
2945 113 37
2946 113 33
2947 93 32
2948 92 32
2949 14 92
2950 103 63
2951 15 92
2952 102 63
2953 14 92
2954 15 92
2955 93 32
2956 112 33
2957 112 37
2958 113 37
2959 14 92
2960 15 92
2961 103 63
2962 92 32
2963 14 92
2964 15 92
2965 102 63
2966 103 63
2967 112 37
2968 14 92
2969 113 37
2970 93 32
2971 15 92
2972 92 32
2973 112 37
2974 14 92
2975 93 32
2976 113 33
2977 92 32
2978 93 32
2979 113 37
2980 15 92
2981 102 63
2982 112 33
2983 92 32
2984 103 63
2985 14 92
2986 102 63
2987 112 37
2988 113 37
2989 112 37
2990 113 37
2991 113 33
2992 15 92
2993 14 92
2994 15 92
2995 93 32
2996 112 33
2997 112 37
2998 92 32
2999 113 33
3000 113 37
3001 112 33
3002 103 63
3003 14 92
3004 93 32
3005 112 37
3006 102 63
3007 113 33
3008 103 63
3009 113 37
3010 112 33
3011 112 37
3012 102 63
3013 15 92
3014 14 92
3015 92 32
3016 103 63
3017 113 33
3018 93 32
3019 112 33
3020 113 33
3021 113 37
3022 92 32
3023 112 33
3024 15 92
3025 112 37
3026 93 32
3027 14 92
3028 15 92
3029 92 32
3030 93 32
3031 113 37
3032 113 33
3033 14 92
3034 102 63
3035 112 37
3036 92 32
3037 93 32
3038 15 92
3039 103 63
3040 113 37
3041 112 33
3042 92 32
3043 113 33
3044 93 32
3045 92 32
3046 112 33
3047 93 32
3048 102 63
3049 112 37
3050 92 32
3051 103 63
3052 102 63
3053 113 37
3054 112 37
3055 113 33
3056 93 32
3057 112 33
3058 113 37
3059 14 92
3060 92 32
3061 113 33
3062 15 92
3063 112 37
3064 103 63
3065 113 37
3066 14 92
3067 15 92
3068 102 63
3069 14 92
3070 93 32
3071 15 92
3072 103 63
3073 14 92
3074 112 37
3075 112 33
3076 92 32
3077 102 63
3078 93 32
3079 92 32
3080 103 63
3081 113 37
3082 112 37
3083 93 32
3084 113 33
3085 15 92
3086 14 92
3087 113 37
3088 15 92
3089 112 37
3090 112 33
3091 14 92
3092 92 32
3093 113 37
3094 112 37
3095 102 63
3096 113 37
3097 15 92
3098 93 32
3099 113 33
3100 103 63
3101 92 32
3102 112 33
3103 14 92
3104 15 92
3105 113 33
3106 102 63
3107 93 32
3108 112 37
3109 113 37
3110 103 63
3111 112 37
3112 113 37
3113 112 33
3114 14 92
3115 92 32
3116 113 33
3117 112 33
3118 102 63
3119 93 32
3120 92 32
3121 15 92
3122 103 63
3123 14 92
3124 113 33
3125 15 92
3126 112 37
3127 102 63
3128 93 32
3129 113 37
3130 103 63
3131 102 63
3132 92 32
3133 112 37
3134 93 32
3135 113 37
3136 112 33
3137 103 63
3138 92 32
3139 93 32
3140 14 92
3141 112 37
3142 15 92
3143 92 32
3144 93 32
3145 92 32
3146 113 33
3147 113 37
3148 14 92
3149 102 63
3150 112 33
3151 15 92
3152 103 63
3153 113 33
3154 93 32
3155 102 63
3156 103 63
3157 112 33
3158 102 63
3159 112 37
3160 113 33
3161 113 37
3162 92 32
3163 112 33
3164 93 32
3165 14 92
3166 103 63
3167 92 32
3168 102 63
3169 93 32
3170 113 33
3171 15 92
3172 92 32
3173 112 33
3174 103 63
3175 113 33
3176 112 37
3177 14 92
3178 93 32
3179 15 92
3180 92 32
3181 14 92
3182 102 63
3183 113 37
3184 103 63
3185 15 92
3186 112 33
3187 102 63
3188 112 37
3189 103 63
3190 93 32
3191 102 63
3192 103 63
3193 113 37
3194 102 63
3195 14 92
3196 15 92
3197 112 37
3198 14 92
3199 92 32
3200 113 33
3201 112 33
3202 103 63
3203 113 33
3204 15 92
3205 112 33
3206 93 32
3207 113 37
3208 92 32
3209 102 63
3210 112 37
3211 113 33
3212 113 37
3213 14 92
3214 15 92
3215 103 63
3216 14 92
3217 15 92
3218 102 63
3219 93 32
3220 92 32
3221 103 63
3222 14 92
3223 112 33
3224 102 63
3225 112 37
3226 103 63
3227 93 32
3228 102 63
3229 15 92
3230 92 32
3231 103 63
3232 113 37
3233 93 32
3234 113 33
3235 14 92
3236 102 63
3237 112 33
3238 15 92
3239 113 33
3240 112 37
3241 112 33
3242 14 92
3243 113 37
3244 103 63
3245 102 63
3246 15 92
3247 103 63
3248 14 92
3249 102 63
3250 112 37
3251 113 37
3252 92 32
3253 103 63
3254 112 37
3255 93 32
3256 15 92
3257 14 92
3258 15 92
3259 113 33
3260 14 92
3261 15 92
3262 102 63
3263 113 37
3264 92 32
3265 103 63
3266 112 33
3267 93 32
3268 14 92
3269 15 92
3270 92 32
3271 93 32
3272 112 37
3273 14 92
3274 113 37
3275 15 92
3276 92 32
3277 102 63
3278 103 63
3279 93 32
3280 113 33
3281 102 63
3282 112 37
3283 112 33
3284 113 33
3285 113 37
3286 14 92
3287 112 37
3288 113 37
3289 15 92
3290 112 37
3291 112 33
3292 103 63
3293 113 33
3294 92 32
3295 112 33
3296 113 33
3297 113 37
3298 93 32
3299 92 32
3300 93 32
3301 92 32
3302 14 92
3303 15 92
3304 112 37
3305 14 92
3306 112 33
3307 113 33
3308 93 32
3309 102 63
3310 92 32
3311 15 92
3312 14 92
3313 112 33
3314 113 37
3315 93 32
3316 113 33
3317 112 37
3318 113 37
3319 112 37
3320 112 33
3321 113 33
3322 103 63
3323 15 92
3324 112 33
3325 14 92
3326 113 33
3327 112 33
3328 113 37
3329 112 37
3330 102 63
3331 103 63
3332 113 33
3333 15 92
3334 92 32
3335 93 32
3336 112 33
3337 92 32
3338 14 92
3339 113 33
3340 102 63
3341 103 63
3342 93 32
3343 92 32
3344 93 32
3345 15 92
3346 14 92
3347 112 33
3348 113 37
3349 112 37
3350 92 32
3351 113 37
3352 113 33
3353 102 63
3354 112 33
3355 93 32
3356 103 63
3357 102 63
3358 103 63
3359 112 37
3360 15 92
3361 92 32
3362 93 32
3363 113 33
3364 14 92
3365 92 32
3366 15 92
3367 14 92
3368 112 33
3369 102 63
3370 93 32
3371 15 92
3372 113 37
3373 113 33
3374 112 33
3375 92 32
3376 113 33
3377 14 92
3378 15 92
3379 14 92
3380 93 32
3381 112 37
3382 112 33
3383 92 32
3384 15 92
3385 93 32
3386 113 33
3387 112 33
3388 103 63
3389 92 32
3390 113 37
3391 113 33
3392 102 63
3393 14 92
3394 112 33
3395 103 63
3396 102 63
3397 103 63
3398 113 33
3399 112 33
3400 102 63
3401 103 63
3402 15 92
3403 14 92
3404 102 63
3405 103 63
3406 113 33
3407 112 33
3408 93 32
3409 92 32
3410 113 33
3411 102 63
3412 112 37
3413 93 32
3414 15 92
3415 103 63
3416 14 92
3417 92 32
3418 93 32
3419 113 37
3420 102 63
3421 15 92
3422 103 63
3423 14 92
3424 112 33
3425 92 32
3426 93 32
3427 15 92
3428 113 33
3429 112 37
3430 92 32
3431 102 63
3432 113 37
3433 14 92
3434 93 32
3435 103 63
3436 102 63
3437 92 32
3438 15 92
3439 112 37
3440 112 33
3441 103 63
3442 14 92
3443 102 63
3444 113 37
3445 15 92
3446 14 92
3447 112 37
3448 113 37
3449 103 63
3450 112 37
3451 15 92
3452 113 37
3453 14 92
3454 113 33
3455 112 37
3456 15 92
3457 102 63
3458 113 37
3459 14 92
3460 15 92
3461 112 37
3462 14 92
3463 103 63
3464 112 33
3465 15 92
3466 102 63
3467 93 32
3468 103 63
3469 92 32
3470 113 33
3471 93 32
3472 112 33
3473 14 92
3474 113 33
3475 113 37
3476 15 92
3477 112 37
3478 14 92
3479 102 63
3480 15 92
3481 92 32
3482 103 63
3483 102 63
3484 93 32
3485 113 37
3486 103 63
3487 112 33
3488 102 63
3489 103 63
3490 112 37
3491 14 92
3492 15 92
3493 113 37
3494 14 92
3495 92 32
3496 93 32
3497 15 92
3498 102 63
3499 113 33
3500 112 33
3501 92 32
3502 93 32
3503 112 37
3504 14 92
3505 15 92
3506 113 37
3507 92 32
3508 103 63
3509 102 63
3510 93 32
3511 103 63
3512 14 92
3513 102 63
3514 103 63
3515 92 32
3516 15 92
3517 112 37
3518 102 63
3519 93 32
3520 103 63
3521 113 33
3522 113 37
3523 112 33
3524 92 32
3525 112 37
3526 102 63
3527 103 63
3528 93 32
3529 14 92
3530 92 32
3531 93 32
3532 102 63
3533 103 63
3534 113 33
3535 102 63
3536 113 37
3537 15 92
3538 112 33
3539 92 32
3540 14 92
3541 15 92
3542 14 92
3543 93 32
3544 92 32
3545 15 92
3546 103 63
3547 112 37
3548 93 32
3549 113 33
3550 92 32
3551 113 37
3552 14 92
3553 112 37
3554 102 63
3555 113 37
3556 112 37
3557 113 37
3558 93 32
3559 112 37
3560 92 32
3561 103 63
3562 112 33
3563 15 92
3564 93 32
3565 14 92
3566 113 37
3567 112 37
3568 113 33
3569 102 63
3570 15 92
3571 103 63
3572 92 32
3573 102 63
3574 14 92
3575 103 63
3576 102 63
3577 113 37
3578 93 32
3579 15 92
3580 112 33
3581 113 33
3582 112 33
3583 92 32
3584 103 63
3585 113 33
3586 14 92
3587 112 33
3588 113 33
3589 93 32
3590 112 33
3591 15 92
3592 14 92
3593 15 92
3594 102 63
3595 14 92
3596 113 33
3597 103 63
3598 92 32
3599 15 92
3600 14 92
3601 15 92
3602 14 92
3603 93 32
3604 92 32
3605 15 92
3606 112 33
3607 14 92
3608 102 63
3609 103 63
3610 102 63
3611 93 32
3612 113 33
3613 15 92
3614 14 92
3615 112 33
3616 112 37
3617 15 92
3618 14 92
3619 92 32
3620 103 63
3621 113 33
3622 113 37
3623 93 32
3624 92 32
3625 102 63
3626 103 63
3627 15 92
3628 93 32
3629 14 92
3630 15 92
3631 14 92
3632 15 92
3633 102 63
3634 112 33
3635 92 32
3636 112 37
3637 113 33
3638 103 63
3639 14 92
3640 112 33
3641 113 37
3642 113 33
3643 15 92
3644 102 63
3645 93 32
3646 112 37
3647 14 92
3648 92 32
3649 103 63
3650 112 33
3651 15 92
3652 93 32
3653 92 32
3654 14 92
3655 113 37
3656 113 33
3657 93 32
3658 112 33
3659 112 37
3660 113 37
3661 112 37
3662 113 33
3663 15 92
3664 92 32
3665 93 32
3666 112 33
3667 113 37
3668 113 33
3669 112 33
3670 113 33
3671 92 32
3672 102 63
3673 112 33
3674 103 63
3675 102 63
3676 93 32
3677 103 63
3678 113 33
3679 112 33
3680 112 37
3681 102 63
3682 92 32
3683 14 92
3684 103 63
3685 113 33
3686 93 32
3687 102 63
3688 103 63
3689 102 63
3690 92 32
3691 93 32
3692 15 92
3693 112 33
3694 113 37
3695 92 32
3696 93 32
3697 92 32
3698 113 33
3699 103 63
3700 112 37
3701 93 32
3702 113 37
3703 112 33
3704 14 92
3705 92 32
3706 15 92
3707 14 92
3708 113 33
3709 93 32
3710 112 37
3711 102 63
3712 113 37
3713 112 37
3714 112 33
3715 92 32
3716 113 37
3717 103 63
3718 15 92
3719 14 92
3720 113 33
3721 102 63
3722 93 32
3723 92 32
3724 15 92
3725 93 32
3726 112 33
3727 103 63
3728 112 37
3729 14 92
3730 113 37
3731 92 32
3732 93 32
3733 113 33
3734 102 63
3735 103 63
3736 112 37
3737 112 33
3738 15 92
3739 113 33
3740 113 37
3741 14 92
3742 92 32
3743 112 33
3744 93 32
3745 113 33
3746 15 92
3747 102 63
3748 112 33
3749 14 92
3750 92 32
3751 103 63
3752 112 37
3753 113 37
3754 112 37
3755 93 32
3756 92 32
3757 113 33
3758 102 63
3759 112 33
3760 113 33
3761 103 63
3762 93 32
3763 112 33
3764 92 32
3765 93 32
3766 113 37
3767 15 92
3768 112 37
3769 113 33
3770 112 33
3771 92 32
3772 113 37
3773 113 33
3774 14 92
3775 93 32
3776 92 32
3777 93 32
3778 15 92
3779 102 63
3780 14 92
3781 112 37
3782 103 63
3783 113 37
3784 102 63
3785 112 33
3786 112 37
3787 103 63
3788 113 37
3789 92 32
3790 93 32
3791 112 37
3792 92 32
3793 15 92
3794 113 37
3795 113 33
3796 14 92
3797 15 92
3798 93 32
3799 112 33
3800 92 32
3801 93 32
3802 92 32
3803 102 63
3804 112 37
3805 113 33
3806 112 33
3807 14 92
3808 15 92
3809 113 37
3810 93 32
3811 92 32
3812 14 92
3813 93 32
3814 92 32
3815 93 32
3816 15 92
3817 103 63
3818 102 63
3819 14 92
3820 92 32
3821 93 32
3822 113 33
3823 112 37
3824 113 37
3825 103 63
3826 15 92
3827 102 63
3828 103 63
3829 112 37
3830 102 63
3831 113 37
3832 103 63
3833 14 92
3834 15 92
3835 112 33
3836 92 32
3837 112 37
3838 14 92
3839 102 63
3840 103 63
3841 15 92
3842 102 63
3843 93 32
3844 113 37
3845 103 63
3846 92 32
3847 112 37
3848 102 63
3849 93 32
3850 113 33
3851 113 37
3852 103 63
3853 102 63
3854 112 37
3855 103 63
3856 14 92
3857 92 32
3858 112 33
3859 113 33
3860 102 63
3861 15 92
3862 112 33
3863 113 33
3864 14 92
3865 113 37
3866 103 63
3867 15 92
3868 93 32
3869 14 92
3870 112 33
3871 113 33
3872 112 37
3873 92 32
3874 113 37
3875 15 92
3876 112 37
3877 14 92
3878 93 32
3879 102 63
3880 92 32
3881 15 92
3882 14 92
3883 103 63
3884 102 63
3885 15 92
3886 93 32
3887 103 63
3888 112 33
3889 113 37
3890 14 92
3891 92 32
3892 15 92
3893 102 63
3894 93 32
3895 113 33
3896 112 33
3897 112 37
3898 103 63
3899 113 33
3900 113 37
3901 14 92
3902 102 63
3903 112 33
3904 112 37
3905 92 32
3906 103 63
3907 93 32
3908 102 63
3909 92 32
3910 113 37
3911 112 37
3912 113 37
3913 103 63
3914 112 37
3915 15 92
3916 93 32
3917 113 37
3918 113 33
3919 102 63
3920 14 92
3921 92 32
3922 93 32
3923 15 92
3924 92 32
3925 112 33
3926 103 63
3927 93 32
3928 112 37
3929 113 33
3930 14 92
3931 113 37
3932 112 33
3933 113 33
3934 102 63
3935 15 92
3936 103 63
3937 92 32
3938 93 32
3939 112 33
3940 112 37
3941 102 63
3942 103 63
3943 92 32
3944 102 63
3945 113 33
3946 93 32
3947 103 63
3948 14 92
3949 15 92
3950 112 33
3951 92 32
3952 14 92
3953 93 32
3954 15 92
3955 14 92
3956 113 37
3957 113 33
3958 92 32
3959 112 33
3960 112 37
3961 113 33
3962 15 92
3963 112 33
3964 102 63
3965 113 33
3966 14 92
3967 113 37
3968 103 63
3969 102 63
3970 112 37
3971 103 63
3972 113 37
3973 102 63
3974 112 37
3975 112 33
3976 113 33
3977 15 92
3978 14 92
3979 112 33
3980 93 32
3981 113 37
3982 112 37
3983 113 33
3984 113 37
3985 15 92
3986 103 63
3987 102 63
3988 112 37
3989 103 63
3990 113 37
3991 92 32
3992 112 33
3993 93 32
3994 14 92
3995 92 32
3996 15 92
3997 112 37
3998 113 33
3999 93 32
4000 102 63
4001 112 33
4002 113 37
4003 113 33
4004 14 92
4005 103 63
4006 92 32
4007 15 92
4008 112 33
4009 93 32
4010 112 37
4011 113 33
4012 14 92
4013 92 32
4014 93 32
4015 102 63
4016 112 33
4017 113 37
4018 103 63
4019 102 63
4020 113 33
4021 112 33
4022 92 32
4023 93 32
4024 113 33
4025 103 63
4026 112 33
4027 92 32
4028 15 92
4029 113 33
4030 93 32
4031 112 33
4032 102 63
4033 112 37
4034 103 63
4035 113 37
4036 113 33
4037 112 37
4038 113 37
4039 92 32
4040 112 33
4041 112 37
4042 93 32
4043 113 37
4044 14 92
4045 113 33
4046 112 37
4047 102 63
4048 103 63
4049 92 32
4050 102 63
4051 103 63
4052 113 37
4053 112 37
4054 93 32
4055 113 37
4056 102 63
4057 112 37
4058 112 33
4059 113 37
4060 15 92
4061 113 33
4062 112 33
4063 103 63
4064 92 32
4065 112 37
4066 93 32
4067 102 63
4068 14 92
4069 113 33
4070 113 37
4071 112 33
4072 103 63
4073 102 63
4074 103 63
4075 92 32
4076 112 37
4077 15 92
4078 102 63
4079 113 37
4080 93 32
4081 113 33
4082 103 63
4083 102 63
4084 92 32
4085 112 37
4086 113 37
4087 93 32
4088 103 63
4089 14 92
4090 112 37
4091 92 32
4092 113 37
4093 112 37
4094 93 32
4095 113 37
4096 112 33
4097 113 33
4098 112 37
4099 92 32
4100 102 63
4101 113 37
4102 15 92
4103 93 32
4104 103 63
4105 92 32
4106 93 32
4107 14 92
4108 15 92
4109 14 92
4110 112 37
4111 92 32
4112 15 92
4113 102 63
4114 14 92
4115 93 32
4116 112 33
4117 113 33
4118 15 92
4119 112 33
4120 113 33
4121 92 32
4122 113 37
4123 14 92
4124 112 37
4125 113 37
4126 15 92
4127 93 32
4128 92 32
4129 14 92
4130 103 63
4131 93 32
4132 92 32
4133 93 32
4134 92 32
4135 93 32
4136 15 92
4137 112 33
4138 14 92
4139 112 37
4140 113 33
4141 15 92
4142 92 32
4143 113 37
4144 112 37
4145 112 33
4146 14 92
4147 93 32
4148 113 37
4149 102 63
4150 15 92
4151 103 63
4152 102 63
4153 112 37
4154 113 33
4155 14 92
4156 112 33
4157 92 32
4158 93 32
4159 92 32
4160 113 33
4161 15 92
4162 14 92
4163 103 63
4164 112 33
4165 15 92
4166 113 37
4167 14 92
4168 112 37
4169 113 37
4170 112 37
4171 93 32
4172 15 92
4173 102 63
4174 113 33
4175 92 32
4176 113 37
4177 14 92
4178 93 32
4179 92 32
4180 15 92
4181 93 32
4182 112 33
4183 103 63
4184 14 92
4185 15 92
4186 92 32
4187 93 32
4188 102 63
4189 14 92
4190 113 33
4191 112 37
4192 15 92
4193 14 92
4194 15 92
4195 103 63
4196 102 63
4197 14 92
4198 113 37
4199 92 32
4200 93 32
4201 92 32
4202 93 32
4203 112 33
4204 15 92
4205 92 32
4206 103 63
4207 113 33
4208 102 63
4209 112 33
4210 93 32
4211 113 33
4212 92 32
4213 112 33
4214 103 63
4215 102 63
4216 14 92
4217 15 92
4218 112 37
4219 93 32
4220 92 32
4221 113 33
4222 112 33
4223 93 32
4224 92 32
4225 113 37
4226 103 63
4227 93 32
4228 14 92
4229 112 37
4230 113 37
4231 112 37
4232 102 63
4233 92 32
4234 103 63
4235 102 63
4236 113 33
4237 15 92
4238 93 32
4239 113 37
4240 112 37
4241 112 33
4242 103 63
4243 14 92
4244 92 32
4245 102 63
4246 15 92
4247 113 33
4248 113 37
4249 103 63
4250 112 37
4251 14 92
4252 102 63
4253 93 32
4254 113 37
4255 112 37
4256 112 33
4257 92 32
4258 103 63
4259 15 92
4260 102 63
4261 113 37
4262 14 92
4263 15 92
4264 112 37
4265 14 92
4266 15 92
4267 113 37
4268 103 63
4269 14 92
4270 15 92
4271 112 37
4272 102 63
4273 103 63
4274 113 37
4275 113 33
4276 112 37
4277 112 33
4278 14 92
4279 113 33
4280 102 63
4281 103 63
4282 15 92
4283 113 37
4284 112 33
4285 112 37
4286 113 37
4287 102 63
4288 112 37
4289 113 37
4290 93 32
4291 103 63
4292 113 33
4293 102 63
4294 112 33
4295 112 37
4296 113 37
4297 112 37
4298 103 63
4299 113 37
4300 14 92
4301 92 32
4302 102 63
4303 15 92
4304 103 63
4305 93 32
4306 92 32
4307 113 33
4308 112 33
4309 93 32
4310 92 32
4311 113 33
4312 112 33
4313 112 37
4314 113 37
4315 102 63
4316 112 37
4317 103 63
4318 14 92
4319 93 32
4320 92 32
4321 113 33
4322 102 63
4323 103 63
4324 113 37
4325 102 63
4326 15 92
4327 14 92
4328 112 33
4329 103 63
4330 93 32
4331 92 32
4332 15 92
4333 113 33
4334 112 33
4335 113 33
4336 14 92
4337 112 37
4338 102 63
4339 112 33
4340 113 37
4341 103 63
4342 113 33
4343 112 33
4344 112 37
4345 93 32
4346 15 92
4347 113 37
4348 112 37
4349 14 92
4350 113 37
4351 102 63
4352 15 92
4353 113 33
4354 92 32
4355 103 63
4356 102 63
4357 112 37
4358 14 92
4359 103 63
4360 15 92
4361 14 92
4362 102 63
4363 15 92
4364 103 63
4365 113 37
4366 112 37
4367 113 37
4368 14 92
4369 112 37
4370 112 33
4371 93 32
4372 113 37
4373 92 32
4374 93 32
4375 112 37
4376 113 33
4377 15 92
4378 92 32
4379 14 92
4380 93 32
4381 102 63
4382 113 37
4383 112 37
4384 113 37
4385 92 32
4386 112 37
4387 15 92
4388 103 63
4389 93 32
4390 113 37
4391 14 92
4392 102 63
4393 112 37
4394 103 63
4395 102 63
4396 92 32
4397 103 63
4398 113 37
4399 112 33
4400 15 92
4401 93 32
4402 113 33
4403 112 37
4404 92 32
4405 93 32
4406 113 37
4407 92 32
4408 112 33
4409 113 33
4410 102 63
4411 112 33
4412 103 63
4413 102 63
4414 112 37
4415 113 33
4416 93 32
4417 92 32
4418 113 37
4419 112 33
4420 14 92
4421 15 92
4422 14 92
4423 103 63
4424 113 33
4425 15 92
4426 93 32
4427 92 32
4428 93 32
4429 14 92
4430 92 32
4431 15 92
4432 112 33
4433 102 63
4434 93 32
4435 14 92
4436 103 63
4437 92 32
4438 93 32
4439 15 92
4440 92 32
4441 93 32
4442 113 33
4443 14 92
4444 92 32
4445 15 92
4446 112 33
4447 113 33
4448 112 33
4449 113 33
4450 112 33
4451 113 33
4452 112 37
4453 14 92
4454 93 32
4455 15 92
4456 112 33
4457 102 63
4458 113 37
4459 14 92
4460 112 37
4461 113 37
4462 15 92
4463 103 63
4464 102 63
4465 103 63
4466 14 92
4467 113 33
4468 92 32
4469 112 33
4470 102 63
4471 15 92
4472 103 63
4473 113 33
4474 93 32
4475 14 92
4476 102 63
4477 92 32
4478 15 92
4479 103 63
4480 112 37
4481 14 92
4482 15 92
4483 113 37
4484 112 37
4485 113 37
4486 14 92
4487 93 32
4488 15 92
4489 92 32
4490 102 63
4491 112 37
4492 112 33
4493 93 32
4494 113 33
4495 103 63
4496 112 33
4497 92 32
4498 93 32
4499 92 32
4500 93 32
4501 102 63
4502 92 32
4503 103 63
4504 113 33
4505 14 92
4506 113 37
4507 15 92
4508 93 32
4509 102 63
4510 103 63
4511 102 63
4512 92 32
4513 112 37
4514 113 37
4515 103 63
4516 112 33
4517 102 63
4518 14 92
4519 112 37
4520 93 32
4521 15 92
4522 103 63
4523 113 33
4524 102 63
4525 92 32
4526 93 32
4527 14 92
4528 113 37
4529 92 32
4530 103 63
4531 93 32
4532 112 37
4533 112 33
4534 92 32
4535 113 37
4536 15 92
4537 14 92
4538 93 32
4539 112 37
4540 102 63
4541 92 32
4542 93 32
4543 113 37
4544 113 33
4545 15 92
4546 112 33
4547 113 33
4548 92 32
4549 14 92
4550 15 92
4551 93 32
4552 92 32
4553 112 33
4554 14 92
4555 112 37
4556 113 37
4557 112 37
4558 93 32
4559 92 32
4560 15 92
4561 113 37
4562 112 37
4563 103 63
4564 93 32
4565 92 32
4566 102 63
4567 113 37
4568 112 37
4569 113 37
4570 93 32
4571 112 37
4572 113 33
4573 14 92
4574 113 37
4575 112 33
4576 103 63
4577 112 37
4578 113 37
4579 15 92
4580 14 92
4581 102 63
4582 103 63
4583 102 63
4584 113 33
4585 92 32
4586 15 92
4587 112 33
4588 103 63
4589 102 63
4590 112 37
4591 93 32
4592 14 92
4593 92 32
4594 103 63
4595 15 92
4596 93 32
4597 92 32
4598 113 37
4599 113 33
4600 112 33
4601 102 63
4602 14 92
4603 103 63
4604 15 92
4605 113 33
4606 102 63
4607 93 32
4608 112 37
4609 103 63
4610 113 37
4611 112 33
4612 102 63
4613 92 32
4614 93 32
4615 103 63
4616 14 92
4617 102 63
4618 103 63
4619 112 37
4620 113 37
4621 113 33
4622 112 37
4623 102 63
4624 92 32
4625 103 63
4626 102 63
4627 93 32
4628 112 33
4629 113 37
4630 92 32
4631 103 63
4632 102 63
4633 112 37
4634 113 37
4635 112 37
4636 93 32
4637 92 32
4638 103 63
4639 15 92
4640 113 33
4641 102 63
4642 93 32
4643 113 37
4644 103 63
4645 92 32
4646 14 92
4647 15 92
4648 14 92
4649 112 33
4650 113 33
4651 112 37
4652 93 32
4653 92 32
4654 112 33
4655 15 92
4656 93 32
4657 113 37
4658 92 32
4659 14 92
4660 93 32
4661 102 63
4662 103 63
4663 113 33
4664 92 32
4665 93 32
4666 92 32
4667 112 33
4668 102 63
4669 103 63
4670 15 92
4671 14 92
4672 15 92
4673 14 92
4674 15 92
4675 93 32
4676 113 33
4677 92 32
4678 112 37
4679 113 37
4680 93 32
4681 112 37
4682 102 63
4683 14 92
4684 112 33
4685 92 32
4686 113 37
4687 113 33
4688 93 32
4689 103 63
4690 112 37
4691 15 92
4692 112 33
4693 102 63
4694 14 92
4695 113 37
4696 103 63
4697 112 37
4698 113 33
4699 15 92
4700 14 92
4701 15 92
4702 102 63
4703 103 63
4704 112 33
4705 102 63
4706 113 37
4707 113 33
4708 112 33
4709 92 32
4710 93 32
4711 112 37
4712 113 33
4713 103 63
4714 102 63
4715 113 37
4716 14 92
4717 92 32
4718 15 92
4719 103 63
4720 112 37
4721 14 92
4722 102 63
4723 112 33
4724 113 37
4725 103 63
4726 102 63
4727 113 33
4728 93 32
4729 112 33
4730 15 92
4731 92 32
4732 14 92
4733 103 63
4734 113 33
4735 102 63
4736 93 32
4737 103 63
4738 112 37
4739 102 63
4740 112 33
4741 92 32
4742 93 32
4743 103 63
4744 113 33
4745 92 32
4746 102 63
4747 15 92
4748 103 63
4749 93 32
4750 113 37
4751 102 63
4752 112 33
4753 14 92
4754 112 37
4755 15 92
4756 14 92
4757 113 37
4758 92 32
4759 112 37
4760 103 63
4761 15 92
4762 113 33
4763 14 92
4764 15 92
4765 102 63
4766 14 92
4767 93 32
4768 113 37
4769 112 33
4770 15 92
4771 103 63
4772 92 32
4773 112 37
4774 102 63
4775 113 37
4776 113 33
4777 112 33
4778 14 92
4779 113 33
4780 103 63
4781 102 63
4782 93 32
4783 92 32
4784 93 32
4785 15 92
4786 112 37
4787 14 92
4788 112 33
4789 113 33
4790 113 37
4791 112 33
4792 15 92
4793 92 32
4794 93 32
4795 113 33
4796 112 33
4797 103 63
4798 14 92
4799 112 37
4800 92 32
4801 93 32
4802 15 92
4803 113 33
4804 92 32
4805 113 37
4806 102 63
4807 112 33
4808 113 33
4809 93 32
4810 112 37
4811 112 33
4812 92 32
4813 113 37
4814 103 63
4815 93 32
4816 92 32
4817 14 92
4818 15 92
4819 102 63
4820 103 63
4821 93 32
4822 92 32
4823 14 92
4824 102 63
4825 112 37
4826 93 32
4827 103 63
4828 102 63
4829 113 37
4830 113 33
4831 103 63
4832 112 33
4833 112 37
4834 92 32
4835 15 92
4836 113 37
4837 14 92
4838 102 63
4839 93 32
4840 92 32
4841 103 63
4842 113 33
4843 93 32
4844 112 33
4845 102 63
4846 15 92
4847 14 92
4848 113 33
4849 15 92
4850 92 32
4851 112 33
4852 14 92
4853 93 32
4854 103 63
4855 112 37
4856 113 33
4857 113 37
4858 92 32
4859 102 63
4860 93 32
4861 15 92
4862 92 32
4863 103 63
4864 102 63
4865 112 37
4866 113 37
4867 112 37
4868 113 37
4869 112 37
4870 112 33
4871 113 33
4872 113 37
4873 14 92
4874 93 32
4875 103 63
4876 112 37
4877 102 63
4878 92 32
4879 113 37
4880 93 32
4881 92 32
4882 112 37
4883 112 33
4884 93 32
4885 113 33
4886 113 37
4887 112 33
4888 103 63
4889 102 63
4890 92 32
4891 113 33
4892 112 37
4893 15 92
4894 112 33
4895 113 37
4896 112 37
4897 14 92
4898 113 37
4899 103 63
4900 112 37
4901 113 37
4902 113 33
4903 15 92
4904 112 33
4905 14 92
4906 102 63
4907 112 37
4908 113 37
4909 93 32
4910 15 92
4911 14 92
4912 92 32
4913 93 32
4914 103 63
4915 112 37
4916 92 32
4917 113 37
4918 102 63
4919 93 32
4920 112 37
4921 103 63
4922 113 33
4923 15 92
4924 113 37
4925 102 63
4926 14 92
4927 103 63
4928 102 63
4929 112 33
4930 112 37
4931 113 37
4932 103 63
4933 113 33
4934 102 63
4935 92 32
4936 15 92
4937 112 37
4938 112 33
4939 93 32
4940 103 63
4941 14 92
4942 113 33
4943 15 92
4944 14 92
4945 102 63
4946 103 63
4947 92 32
4948 113 37
4949 102 63
4950 112 37
4951 93 32
4952 103 63
4953 15 92
4954 14 92
4955 92 32
4956 113 37
4957 15 92
4958 112 37
4959 93 32
4960 14 92
4961 102 63
4962 103 63
4963 92 32
4964 15 92
4965 93 32
4966 112 33
4967 113 33
4968 112 33
4969 14 92
4970 15 92
4971 14 92
4972 92 32
4973 113 37
4974 113 33
4975 93 32
4976 102 63
4977 112 33
4978 15 92
4979 103 63
4980 113 33
4981 102 63
4982 103 63
4983 14 92
4984 112 37
4985 113 37
4986 92 32
4987 93 32
4988 112 37
4989 112 33
4990 113 37
4991 112 37
4992 102 63
4993 15 92
4994 92 32
4995 93 32
4996 113 37
4997 103 63
4998 113 33
4999 14 92
5000 92 32
5001 15 92
5002 102 63
5003 93 32
5004 103 63
5005 112 37
5006 102 63
5007 103 63
5008 14 92
5009 15 92
5010 14 92
5011 112 33
5012 15 92
5013 113 33
5014 112 33
5015 113 33
5016 102 63
5017 103 63
5018 113 37
5019 14 92
5020 15 92
5021 112 37
5022 102 63
5023 103 63
5024 112 33
5025 14 92
5026 15 92
5027 14 92
5028 92 32
5029 15 92
5030 102 63
5031 93 32
5032 14 92
5033 15 92
5034 92 32
5035 14 92
5036 113 33
5037 93 32
5038 113 37
5039 103 63
5040 15 92
5041 102 63
5042 92 32
5043 112 37
5044 112 33
5045 113 33
5046 113 37
5047 103 63
5048 112 37
5049 93 32
5050 14 92
5051 92 32
5052 93 32
5053 92 32
5054 15 92
5055 113 37
5056 102 63
5057 112 33
5058 14 92
5059 15 92
5060 112 37
5061 93 32
5062 103 63
5063 113 33
5064 92 32
5065 112 33
5066 93 32
5067 92 32
5068 113 33
5069 112 33
5070 113 33
5071 113 37
5072 102 63
5073 14 92
5074 112 33
5075 112 37
5076 15 92
5077 103 63
5078 113 33
5079 113 37
5080 102 63
5081 112 37
5082 113 37
5083 103 63
5084 112 33
5085 113 33
5086 112 37
5087 14 92
5088 15 92
5089 93 32
5090 14 92
5091 102 63
5092 113 37
5093 103 63
5094 102 63
5095 15 92
5096 92 32
5097 112 33
5098 113 33
5099 14 92
5100 15 92
5101 112 33
5102 93 32
5103 113 33
5104 92 32
5105 93 32
5106 92 32
5107 112 33
5108 14 92
5109 15 92
5110 103 63
5111 113 33
5112 112 33
5113 113 33
5114 112 33
5115 93 32
5116 14 92
5117 92 32
5118 15 92
5119 113 33
5120 112 33
5121 102 63
5122 112 37
5123 113 37
5124 93 32
5125 113 33
5126 112 33
5127 112 37
5128 103 63
5129 102 63
5130 14 92
5131 92 32
5132 103 63
5133 113 37
5134 112 37
5135 102 63
5136 113 33
5137 112 33
5138 113 37
5139 112 37
5140 113 37
5141 93 32
5142 15 92
5143 103 63
5144 102 63
5145 112 37
5146 103 63
5147 14 92
5148 113 33
5149 112 33
5150 15 92
5151 102 63
5152 103 63
5153 113 33
5154 92 32
5155 113 37
5156 112 37
5157 93 32
5158 14 92
5159 15 92
5160 14 92
5161 102 63
5162 92 32
5163 103 63
5164 113 37
5165 93 32
5166 102 63
5167 112 37
5168 112 33
5169 113 33
5170 92 32
5171 112 33
5172 15 92
5173 113 33
5174 93 32
5175 112 33
5176 113 37
5177 113 33
5178 112 37
5179 112 33
5180 14 92
5181 113 37
5182 112 37
5183 113 33
5184 112 33
5185 103 63
5186 15 92
5187 113 33
5188 113 37
5189 112 37
5190 14 92
5191 112 33
5192 102 63
5193 92 32
5194 113 33
5195 103 63
5196 102 63
5197 15 92
5198 93 32
5199 92 32
5200 103 63
5201 93 32
5202 92 32
5203 102 63
5204 14 92
5205 103 63
5206 93 32
5207 102 63
5208 113 37
5209 112 37
5210 92 32
5211 113 37
5212 112 37
5213 113 37
5214 112 33
5215 113 33
5216 15 92
5217 112 37
5218 93 32
5219 92 32
5220 14 92
5221 103 63
5222 112 33
5223 102 63
5224 93 32
5225 113 37
5226 113 33
5227 15 92
5228 112 37
5229 103 63
5230 113 37
5231 112 37
5232 14 92
5233 113 37
5234 92 32
5235 112 37
5236 113 37
5237 102 63
5238 112 37
5239 103 63
5240 15 92
5241 113 37
5242 93 32
5243 112 33
5244 92 32
5245 14 92
5246 112 37
5247 93 32
5248 113 37
5249 112 37
5250 92 32
5251 93 32
5252 113 37
5253 15 92
5254 92 32
5255 14 92
5256 15 92
5257 113 33
5258 112 33
5259 93 32
5260 14 92
5261 102 63
5262 113 33
5263 112 37
5264 113 37
5265 112 37
5266 92 32
5267 113 37
5268 103 63
5269 93 32
5270 102 63
5271 112 37
5272 92 32
5273 15 92
5274 93 32
5275 103 63
5276 102 63
5277 113 37
5278 14 92
5279 92 32
5280 103 63
5281 15 92
5282 93 32
5283 102 63
5284 92 32
5285 14 92
5286 112 37
5287 15 92
5288 112 33
5289 14 92
5290 113 33
5291 112 33
5292 113 33
5293 113 37
5294 112 37
5295 112 33
5296 103 63
5297 113 33
5298 113 37
5299 102 63
5300 93 32
5301 103 63
5302 92 32
5303 102 63
5304 15 92
5305 14 92
5306 15 92
5307 112 37
5308 103 63
5309 93 32
5310 112 33
5311 113 33
5312 112 33
5313 113 33
5314 113 37
5315 112 37
5316 92 32
5317 93 32
5318 102 63
5319 112 33
5320 113 37
5321 113 33
5322 14 92
5323 92 32
5324 112 33
5325 93 32
5326 92 32
5327 103 63
5328 102 63
5329 93 32
5330 103 63
5331 92 32
5332 112 37
5333 113 33
5334 113 37
5335 112 37
5336 112 33
5337 113 37
5338 93 32
5339 113 33
5340 15 92
5341 112 37
5342 112 33
5343 102 63
5344 92 32
5345 113 33
5346 93 32
5347 92 32
5348 113 37
5349 103 63
5350 112 37
5351 93 32
5352 92 32
5353 112 33
5354 14 92
5355 15 92
5356 113 33
5357 112 33
5358 113 37
5359 112 37
5360 93 32
5361 92 32
5362 93 32
5363 14 92
5364 15 92
5365 113 37
5366 14 92
5367 102 63
5368 92 32
5369 112 37
5370 93 32
5371 15 92
5372 113 37
5373 112 37
5374 113 37
5375 14 92
5376 92 32
5377 103 63
5378 102 63
5379 113 33
5380 112 33
5381 15 92
5382 103 63
5383 113 33
5384 112 37
5385 112 33
5386 14 92
5387 113 37
5388 113 33
5389 15 92
5390 93 32
5391 14 92
5392 102 63
5393 15 92
5394 112 33
5395 112 37
5396 92 32
5397 14 92
5398 15 92
5399 93 32
5400 113 37
5401 112 37
5402 113 33
5403 92 32
5404 14 92
5405 112 33
5406 103 63
5407 15 92
5408 113 37
5409 14 92
5410 93 32
5411 102 63
5412 112 37
5413 103 63
5414 113 33
5415 112 33
5416 15 92
5417 92 32
5418 113 37
5419 112 37
5420 102 63
5421 113 33
5422 112 33
5423 113 37
5424 112 37
5425 14 92
5426 93 32
5427 15 92
5428 113 33
5429 92 32
5430 14 92
5431 103 63
5432 15 92
5433 93 32
5434 112 33
5435 92 32
5436 102 63
5437 113 33
5438 14 92
5439 112 33
5440 15 92
5441 113 37
5442 93 32
5443 103 63
5444 102 63
5445 112 37
5446 92 32
5447 103 63
5448 113 37
5449 102 63
5450 113 33
5451 103 63
5452 112 33
5453 14 92
5454 15 92
5455 14 92
5456 15 92
5457 113 33
5458 112 37
5459 112 33
5460 93 32
5461 92 32
5462 93 32
5463 113 33
5464 92 32
5465 93 32
5466 113 37
5467 92 32
5468 102 63
5469 14 92
5470 103 63
5471 112 37
5472 93 32
5473 15 92
5474 102 63
5475 113 37
5476 112 33
5477 92 32
5478 112 37
5479 113 37
5480 112 37
5481 113 37
5482 112 37
5483 113 37
5484 14 92
5485 15 92
5486 113 33
5487 14 92
5488 112 33
5489 113 33
5490 103 63
5491 112 37
5492 15 92
5493 113 37
5494 112 33
5495 112 37
5496 93 32
5497 102 63
5498 92 32
5499 93 32
5500 14 92
5501 113 37
5502 103 63
5503 102 63
5504 92 32
5505 113 33
5506 15 92
5507 14 92
5508 112 37
5509 15 92
5510 14 92
5511 93 32
5512 15 92
5513 14 92
5514 92 32
5515 15 92
5516 103 63
5517 93 32
5518 14 92
5519 102 63
5520 92 32
5521 103 63
5522 93 32
5523 92 32
5524 93 32
5525 112 33
5526 92 32
5527 93 32
5528 92 32
5529 113 37
5530 112 37
5531 15 92
5532 93 32
5533 92 32
5534 113 37
5535 112 37
5536 113 37
5537 112 37
5538 102 63
5539 113 33
5540 14 92
5541 113 37
5542 112 37
5543 15 92
5544 112 33
5545 14 92
5546 15 92
5547 93 32
5548 103 63
5549 14 92
5550 15 92
5551 113 37
5552 113 33
5553 92 32
5554 102 63
5555 112 33
5556 113 33
5557 14 92
5558 15 92
5559 93 32
5560 92 32
5561 112 37
5562 93 32
5563 92 32
5564 112 33
5565 113 37
5566 113 33
5567 103 63
5568 93 32
5569 92 32
5570 102 63
5571 103 63
5572 112 37
5573 112 33
5574 113 33
5575 102 63
5576 93 32
5577 113 37
5578 112 37
5579 112 33
5580 103 63
5581 102 63
5582 92 32
5583 14 92
5584 103 63
5585 102 63
5586 93 32
5587 113 33
5588 92 32
5589 15 92
5590 93 32
5591 92 32
5592 93 32
5593 14 92
5594 112 33
5595 92 32
5596 103 63
5597 15 92
5598 102 63
5599 93 32
5600 113 37
5601 112 37
5602 113 37
5603 14 92
5604 112 37
5605 103 63
5606 102 63
5607 113 33
5608 15 92
5609 14 92
5610 92 32
5611 112 33
5612 15 92
5613 113 37
5614 14 92
5615 93 32
5616 15 92
5617 112 37
5618 103 63
5619 92 32
5620 113 37
5621 112 37
5622 93 32
5623 14 92
5624 113 33
5625 15 92
5626 14 92
5627 112 33
5628 102 63
5629 113 33
5630 112 33
5631 92 32
5632 113 37
5633 113 33
5634 15 92
5635 103 63
5636 112 37
5637 93 32
5638 92 32
5639 112 33
5640 93 32
5641 113 33
5642 92 32
5643 113 37
5644 14 92
5645 15 92
5646 14 92
5647 112 33
5648 93 32
5649 112 37
5650 102 63
5651 113 37
5652 113 33
5653 112 33
5654 103 63
5655 112 37
5656 113 37
5657 113 33
5658 102 63
5659 92 32
5660 112 37
5661 103 63
5662 113 37
5663 93 32
5664 112 37
5665 15 92
5666 14 92
5667 102 63
5668 92 32
5669 93 32
5670 92 32
5671 103 63
5672 113 37
5673 112 33
5674 93 32
5675 102 63
5676 15 92
5677 103 63
5678 102 63
5679 112 37
5680 113 37
5681 103 63
5682 112 37
5683 92 32
5684 113 37
5685 14 92
5686 102 63
5687 112 37
5688 103 63
5689 93 32
5690 15 92
5691 102 63
5692 92 32
5693 113 33
5694 93 32
5695 14 92
5696 113 37
5697 103 63
5698 92 32
5699 15 92
5700 102 63
5701 93 32
5702 112 37
5703 113 37
5704 92 32
5705 112 33
5706 14 92
5707 112 37
5708 103 63
5709 93 32
5710 15 92
5711 113 37
5712 14 92
5713 102 63
5714 103 63
5715 112 37
5716 113 37
5717 113 33
5718 102 63
5719 103 63
5720 112 37
5721 102 63
5722 113 37
5723 112 37
5724 112 33
5725 113 33
5726 103 63
5727 112 33
5728 113 37
5729 113 33
5730 102 63
5731 15 92
5732 112 33
5733 14 92
5734 15 92
5735 113 33
5736 103 63
5737 112 37
5738 14 92
5739 113 37
5740 15 92
5741 112 33
5742 102 63
5743 14 92
5744 103 63
5745 102 63
5746 112 37
5747 103 63
5748 113 33
5749 112 33
5750 92 32
5751 102 63
5752 103 63
5753 102 63
5754 113 33
5755 112 33
5756 113 37
5757 103 63
5758 15 92
5759 113 33
5760 14 92
5761 102 63
5762 93 32
5763 103 63
5764 112 33
5765 112 37
5766 102 63
5767 113 33
5768 103 63
5769 15 92
5770 92 32
5771 93 32
5772 112 33
5773 14 92
5774 15 92
5775 113 37
5776 102 63
5777 92 32
5778 113 33
5779 112 33
5780 93 32
5781 103 63
5782 102 63
5783 92 32
5784 14 92
5785 103 63
5786 93 32
5787 15 92
5788 113 33
5789 102 63
5790 103 63
5791 14 92
5792 112 37
5793 112 33
5794 15 92
5795 102 63
5796 113 33
5797 112 33
5798 14 92
5799 15 92
5800 113 33
5801 14 92
5802 92 32
5803 93 32
5804 103 63
5805 15 92
5806 92 32
5807 113 37
5808 112 33
5809 14 92
5810 113 33
5811 102 63
5812 112 37
5813 112 33
5814 103 63
5815 113 37
5816 102 63
5817 112 37
5818 93 32
5819 113 33
5820 113 37
5821 92 32
5822 103 63
5823 112 33
5824 113 33
5825 15 92
5826 112 33
5827 93 32
5828 14 92
5829 113 33
5830 102 63
5831 103 63
5832 15 92
5833 14 92
5834 15 92
5835 112 37
5836 112 33
5837 92 32
5838 102 63
5839 103 63
5840 113 33
5841 93 32
5842 92 32
5843 112 33
5844 93 32
5845 102 63
5846 113 33
5847 103 63
5848 112 33
5849 102 63
5850 113 37
5851 112 37
5852 103 63
5853 92 32
5854 113 37
5855 113 33
5856 112 33
5857 112 37
5858 102 63
5859 93 32
5860 113 33
5861 92 32
5862 103 63
5863 112 33
5864 14 92
5865 93 32
5866 92 32
5867 113 33
5868 102 63
5869 15 92
5870 14 92
5871 15 92
5872 93 32
5873 103 63
5874 14 92
5875 102 63
5876 15 92
5877 113 37
5878 103 63
5879 92 32
5880 112 33
5881 113 33
5882 14 92
5883 15 92
5884 14 92
5885 15 92
5886 112 37
5887 102 63
5888 112 33
5889 113 37
5890 112 37
5891 103 63
5892 102 63
5893 113 37
5894 93 32
5895 103 63
5896 14 92
5897 15 92
5898 92 32
5899 14 92
5900 112 37
5901 113 33
5902 102 63
5903 15 92
5904 93 32
5905 103 63
5906 113 37
5907 92 32
5908 14 92
5909 15 92
5910 102 63
5911 93 32
5912 92 32
5913 103 63
5914 14 92
5915 112 37
5916 102 63
5917 113 37
5918 93 32
5919 112 33
5920 92 32
5921 93 32
5922 92 32
5923 112 37
5924 113 37
5925 15 92
5926 112 37
5927 113 33
5928 113 37
5929 93 32
5930 112 33
5931 14 92
5932 103 63
5933 112 37
5934 92 32
5935 113 37
5936 113 33
5937 112 33
5938 93 32
5939 15 92
5940 113 33
5941 14 92
5942 102 63
5943 92 32
5944 112 33
5945 103 63
5946 112 37
5947 102 63
5948 93 32
5949 113 37
5950 15 92
5951 14 92
5952 112 37
5953 113 37
5954 113 33
5955 112 33
5956 15 92
5957 112 37
5958 92 32
5959 113 37
5960 103 63
5961 102 63
5962 103 63
5963 14 92
5964 112 37
5965 15 92
5966 14 92
5967 93 32
5968 113 33
5969 102 63
5970 113 37
5971 103 63
5972 102 63
5973 112 37
5974 112 33
5975 103 63
5976 113 33
5977 112 33
5978 113 33
5979 112 33
5980 15 92
5981 92 32
5982 113 33
5983 113 37
5984 102 63
5985 112 33
5986 14 92
5987 112 37
5988 15 92
5989 93 32
5990 14 92
5991 113 37
5992 112 37
5993 15 92
5994 113 33
5995 113 37
5996 112 37
5997 14 92
5998 112 33
5999 15 92
6000 113 37
6001 112 37
6002 14 92
6003 113 33
6004 112 33
6005 113 37
6006 112 37
6007 92 32
6008 15 92
6009 113 33
6010 112 33
6011 93 32
6012 92 32
6013 113 37
6014 112 37
6015 113 37
6016 14 92
6017 15 92
6018 112 37
6019 103 63
6020 113 37
6021 113 33
6022 112 33
6023 14 92
6024 93 32
6025 112 37
6026 92 32
6027 113 37
6028 15 92
6029 93 32
6030 92 32
6031 112 37
6032 113 37
6033 102 63
6034 93 32
6035 113 33
6036 112 37
6037 14 92
6038 103 63
6039 113 37
6040 112 37
6041 112 33
6042 113 33
6043 113 37
6044 15 92
6045 112 33
6046 112 37
6047 92 32
6048 93 32
6049 92 32
6050 102 63
6051 103 63
6052 102 63
6053 113 37
6054 103 63
6055 113 33
6056 14 92
6057 112 37
6058 113 37
6059 112 33
6060 102 63
6061 93 32
6062 15 92
6063 113 33
6064 103 63
6065 112 37
6066 14 92
6067 112 33
6068 102 63
6069 113 37
6070 112 37
6071 92 32
6072 15 92
6073 113 37
6074 103 63
6075 112 37
6076 102 63
6077 113 37
6078 93 32
6079 112 37
6080 14 92
6081 92 32
6082 113 33
6083 113 37
6084 15 92
6085 14 92
6086 93 32
6087 103 63
6088 102 63
6089 103 63
6090 92 32
6091 15 92
6092 93 32
6093 112 37
6094 102 63
6095 92 32
6096 14 92
6097 103 63
6098 113 37
6099 93 32
6100 112 33
6101 92 32
6102 102 63
6103 15 92
6104 93 32
6105 92 32
6106 103 63
6107 93 32
6108 92 32
6109 93 32
6110 102 63
6111 14 92
6112 103 63
6113 15 92
6114 112 37
6115 113 33
6116 102 63
6117 113 37
6118 112 37
6119 103 63
6120 102 63
6121 113 37
6122 112 37
6123 14 92
6124 112 33
6125 103 63
6126 15 92
6127 14 92
6128 92 32
6129 113 33
6130 102 63
6131 103 63
6132 15 92
6133 14 92
6134 93 32
6135 113 37
6136 112 37
6137 92 32
6138 93 32
6139 102 63
6140 15 92
6141 112 33
6142 113 33
6143 112 33
6144 92 32
6145 103 63
6146 113 37
6147 93 32
6148 92 32
6149 93 32
6150 92 32
6151 93 32
6152 113 33
6153 112 37
6154 113 37
6155 102 63
6156 92 32
6157 14 92
6158 15 92
6159 112 37
6160 93 32
6161 112 33
6162 113 37
6163 112 37
6164 14 92
6165 113 33
6166 113 37
6167 15 92
6168 112 33
6169 113 33
6170 112 37
6171 113 37
6172 103 63
6173 112 37
6174 92 32
6175 113 37
6176 93 32
6177 92 32
6178 112 33
6179 112 37
6180 102 63
6181 93 32
6182 113 37
6183 92 32
6184 103 63
6185 14 92
6186 112 37
6187 102 63
6188 113 37
6189 103 63
6190 113 33
6191 112 33
6192 112 37
6193 113 37
6194 93 32
6195 92 32
6196 112 37
6197 113 37
6198 93 32
6199 92 32
6200 112 37
6201 102 63
6202 113 37
6203 113 33
6204 15 92
6205 103 63
6206 112 33
6207 112 37
6208 113 37
6209 113 33
6210 112 33
6211 93 32
6212 14 92
6213 102 63
6214 113 33
6215 92 32
6216 103 63
6217 112 33
6218 15 92
6219 93 32
6220 113 33
6221 102 63
6222 103 63
6223 112 37
6224 14 92
6225 15 92
6226 102 63
6227 103 63
6228 92 32
6229 113 37
6230 93 32
6231 14 92
6232 92 32
6233 15 92
6234 112 33
6235 102 63
6236 113 33
6237 112 37
6238 93 32
6239 113 37
6240 112 33
6241 14 92
6242 113 33
6243 92 32
6244 112 37
6245 93 32
6246 112 33
6247 103 63
6248 15 92
6249 102 63
6250 92 32
6251 103 63
6252 102 63
6253 14 92
6254 113 37
6255 15 92
6256 103 63
6257 102 63
6258 113 33
6259 103 63
6260 112 37
6261 113 37
6262 102 63
6263 14 92
6264 93 32
6265 15 92
6266 112 37
6267 112 33
6268 113 33
6269 113 37
6270 92 32
6271 93 32
6272 103 63
6273 112 37
6274 102 63
6275 112 33
6276 103 63
6277 113 33
6278 14 92
6279 15 92
6280 92 32
6281 102 63
6282 112 33
6283 103 63
6284 113 33
6285 14 92
6286 102 63
6287 113 37
6288 15 92
6289 112 37
6290 14 92
6291 93 32
6292 15 92
6293 92 32
6294 113 37
6295 103 63
6296 14 92
6297 93 32
6298 15 92
6299 14 92
6300 15 92
6301 92 32
6302 112 37
6303 14 92
6304 112 33
6305 113 33
6306 102 63
6307 112 33
6308 103 63
6309 113 33
6310 15 92
6311 102 63
6312 112 33
6313 103 63
6314 102 63
6315 93 32
6316 113 33
6317 92 32
6318 103 63
6319 102 63
6320 103 63
6321 14 92
6322 93 32
6323 92 32
6324 15 92
6325 93 32
6326 112 33
6327 14 92
6328 113 33
6329 15 92
6330 113 37
6331 112 33
6332 102 63
6333 92 32
6334 113 33
6335 112 37
6336 103 63
6337 113 37
6338 14 92
6339 93 32
6340 102 63
6341 92 32
6342 103 63
6343 112 33
6344 93 32
6345 112 37
6346 113 33
6347 113 37
6348 15 92
6349 92 32
6350 112 37
6351 112 33
6352 14 92
6353 15 92
6354 102 63
6355 113 37
6356 112 37
6357 93 32
6358 92 32
6359 103 63
6360 14 92
6361 102 63
6362 93 32
6363 15 92
6364 14 92
6365 113 33
6366 15 92
6367 14 92
6368 103 63
6369 15 92
6370 112 33
6371 102 63
6372 14 92
6373 15 92
6374 113 37
6375 103 63
6376 14 92
6377 102 63
6378 112 37
6379 113 37
6380 113 33
6381 92 32
6382 112 33
6383 103 63
6384 102 63
6385 103 63
6386 113 33
6387 15 92
6388 93 32
6389 112 37
6390 113 37
6391 92 32
6392 14 92
6393 112 33
6394 113 33
6395 15 92
6396 112 33
6397 93 32
6398 14 92
6399 92 32
6400 113 33
6401 93 32
6402 112 37
6403 92 32
6404 15 92
6405 93 32
6406 112 33
6407 14 92
6408 113 37
6409 102 63
6410 15 92
6411 103 63
6412 14 92
6413 102 63
6414 112 37
6415 113 37
6416 103 63
6417 92 32
6418 112 37
6419 93 32
6420 15 92
6421 113 37
6422 92 32
6423 14 92
6424 102 63
6425 113 33
6426 112 33
6427 15 92
6428 112 37
6429 113 37
6430 113 33
6431 93 32
6432 14 92
6433 15 92
6434 112 33
6435 112 37
6436 14 92
6437 92 32
6438 113 33
6439 93 32
6440 113 37
6441 103 63
6442 92 32
6443 112 37
6444 15 92
6445 93 32
6446 14 92
6447 113 37
6448 92 32
6449 15 92
6450 14 92
6451 112 37
6452 112 33
6453 113 37
6454 113 33
6455 93 32
6456 112 33
6457 15 92
6458 113 33
6459 112 37
6460 102 63
6461 92 32
6462 103 63
6463 113 37
6464 102 63
6465 112 37
6466 112 33
6467 14 92
6468 113 33
6469 93 32
6470 113 37
6471 112 37
6472 92 32
6473 113 37
6474 93 32
6475 92 32
6476 112 37
6477 15 92
6478 14 92
6479 112 33
6480 15 92
6481 14 92
6482 93 32
6483 92 32
6484 113 37
6485 93 32
6486 113 33
6487 112 33
6488 113 33
6489 112 37
6490 15 92
6491 92 32
6492 113 37
6493 112 37
6494 103 63
6495 113 37
6496 102 63
6497 103 63
6498 14 92
6499 15 92
6500 112 37
6501 102 63
6502 113 37
6503 103 63
6504 93 32
6505 92 32
6506 112 33
6507 112 37
6508 93 32
6509 113 37
6510 14 92
6511 102 63
6512 92 32
6513 93 32
6514 103 63
6515 112 37
6516 92 32
6517 93 32
6518 113 33
6519 113 37
6520 112 37
6521 102 63
6522 15 92
6523 92 32
6524 112 33
6525 14 92
6526 113 33
6527 113 37
6528 93 32
6529 112 33
6530 92 32
6531 15 92
6532 103 63
6533 14 92
6534 15 92
6535 14 92
6536 112 37
6537 15 92
6538 113 33
6539 14 92
6540 112 33
6541 113 33
6542 102 63
6543 112 33
6544 93 32
6545 92 32
6546 113 33
6547 112 33
6548 103 63
6549 102 63
6550 103 63
6551 113 33
6552 93 32
6553 102 63
6554 113 37
6555 112 33
6556 15 92
6557 113 33
6558 112 37
6559 14 92
6560 92 32
6561 103 63
6562 102 63
6563 103 63
6564 93 32
6565 112 33
6566 92 32
6567 113 33
6568 93 32
6569 15 92
6570 112 33
6571 113 33
6572 14 92
6573 92 32
6574 112 33
6575 102 63
6576 103 63
6577 93 32
6578 113 37
6579 15 92
6580 92 32
6581 102 63
6582 103 63
6583 14 92
6584 93 32
6585 102 63
6586 103 63
6587 92 32
6588 113 33
6589 112 37
6590 93 32
6591 113 37
6592 112 37
6593 92 32
6594 93 32
6595 102 63
6596 103 63
6597 92 32
6598 93 32
6599 113 37
6600 15 92
6601 112 37
6602 14 92
6603 102 63
6604 92 32
6605 103 63
6606 113 37
6607 93 32
6608 92 32
6609 112 33
6610 15 92
6611 113 33
6612 112 37
6613 14 92
6614 93 32
6615 112 33
6616 113 37
6617 102 63
6618 113 33
6619 112 33
6620 112 37
6621 113 33
6622 92 32
6623 93 32
6624 113 37
6625 112 33
6626 113 33
6627 112 37
6628 15 92
6629 92 32
6630 103 63
6631 113 37
6632 14 92
6633 93 32
6634 15 92
6635 112 37
6636 112 33
6637 14 92
6638 113 37
6639 113 33
6640 112 33
6641 113 33
6642 15 92
6643 92 32
6644 112 33
6645 113 33
6646 93 32
6647 14 92
6648 102 63
6649 103 63
6650 102 63
6651 112 37
6652 113 37
6653 112 37
6654 113 37
6655 15 92
6656 103 63
6657 112 37
6658 92 32
6659 112 33
6660 102 63
6661 113 37
6662 103 63
6663 102 63
6664 93 32
6665 14 92
6666 92 32
6667 103 63
6668 102 63
6669 93 32
6670 113 33
6671 92 32
6672 15 92
6673 112 33
6674 112 37
6675 93 32
6676 92 32
6677 113 33
6678 113 37
6679 112 33
6680 103 63
6681 93 32
6682 14 92
6683 15 92
6684 112 37
6685 102 63
6686 113 37
6687 112 37
6688 103 63
6689 113 33
6690 102 63
6691 113 37
6692 14 92
6693 15 92
6694 112 37
6695 92 32
6696 93 32
6697 112 33
6698 92 32
6699 103 63
6700 102 63
6701 14 92
6702 113 37
6703 93 32
6704 15 92
6705 103 63
6706 14 92
6707 113 33
6708 112 37
6709 113 37
6710 102 63
6711 112 37
6712 92 32
6713 113 37
6714 103 63
6715 112 37
6716 112 33
6717 113 33
6718 102 63
6719 103 63
6720 113 37
6721 93 32
6722 15 92
6723 92 32
6724 112 33
6725 112 37
6726 93 32
6727 92 32
6728 113 37
6729 93 32
6730 14 92
6731 92 32
6732 112 37
6733 113 37
6734 102 63
6735 15 92
6736 113 33
6737 103 63
6738 14 92
6739 112 33
6740 15 92
6741 113 33
6742 112 37
6743 113 37
6744 102 63
6745 93 32
6746 112 33
6747 112 37
6748 103 63
6749 102 63
6750 113 33
6751 113 37
6752 92 32
6753 93 32
6754 14 92
6755 112 37
6756 92 32
6757 103 63
6758 113 37
6759 112 37
6760 113 37
6761 15 92
6762 93 32
6763 92 32
6764 93 32
6765 102 63
6766 92 32
6767 103 63
6768 14 92
6769 102 63
6770 103 63
6771 93 32
6772 112 37
6773 102 63
6774 113 37
6775 92 32
6776 93 32
6777 103 63
6778 15 92
6779 92 32
6780 14 92
6781 15 92
6782 93 32
6783 112 37
6784 102 63
6785 103 63
6786 113 37
6787 112 33
6788 112 37
6789 113 37
6790 112 37
6791 113 33
6792 14 92
6793 15 92
6794 112 33
6795 102 63
6796 14 92
6797 103 63
6798 102 63
6799 92 32
6800 15 92
6801 93 32
6802 113 37
6803 103 63
6804 102 63
6805 14 92
6806 103 63
6807 113 33
6808 15 92
6809 102 63
6810 112 37
6811 92 32
6812 14 92
6813 113 37
6814 103 63
6815 15 92
6816 112 33
6817 113 33
6818 112 33
6819 113 33
6820 102 63
6821 93 32
6822 112 33
6823 112 37
6824 113 37
6825 113 33
6826 14 92
6827 112 37
6828 103 63
6829 112 33
6830 113 37
6831 15 92
6832 14 92
6833 15 92
6834 102 63
6835 113 33
6836 92 32
6837 14 92
6838 112 37
6839 93 32
6840 112 33
6841 15 92
6842 113 33
6843 103 63
6844 92 32
6845 93 32
6846 102 63
6847 92 32
6848 14 92
6849 15 92
6850 103 63
6851 113 37
6852 93 32
6853 102 63
6854 92 32
6855 103 63
6856 112 33
6857 14 92
6858 93 32
6859 15 92
6860 113 33
6861 112 33
6862 102 63
6863 113 33
6864 112 37
6865 112 33
6866 92 32
6867 113 37
6868 103 63
6869 113 33
6870 14 92
6871 112 37
6872 113 37
6873 15 92
6874 93 32
6875 92 32
6876 14 92
6877 15 92
6878 112 33
6879 113 33
6880 112 33
6881 102 63
6882 103 63
6883 113 33
6884 14 92
6885 112 37
6886 102 63
6887 113 37
6888 103 63
6889 112 33
6890 93 32
6891 112 37
6892 92 32
6893 93 32
6894 113 37
6895 113 33
6896 102 63
6897 92 32
6898 103 63
6899 15 92
6900 14 92
6901 102 63
6902 112 33
6903 93 32
6904 113 33
6905 103 63
6906 112 33
6907 92 32
6908 112 37
6909 102 63
6910 15 92
6911 113 33
6912 93 32
6913 14 92
6914 103 63
6915 112 33
6916 92 32
6917 113 33
6918 112 33
6919 113 37
6920 102 63
6921 112 37
6922 113 33
6923 103 63
6924 112 33
6925 102 63
6926 103 63
6927 113 33
6928 113 37
6929 15 92
6930 112 33
6931 113 33
6932 14 92
6933 15 92
6934 102 63
6935 112 37
6936 14 92
6937 112 33
6938 93 32
6939 15 92
6940 113 37
6941 103 63
6942 14 92
6943 113 33
6944 112 33
6945 92 32
6946 102 63
6947 93 32
6948 103 63
6949 15 92
6950 92 32
6951 102 63
6952 93 32
6953 113 33
6954 112 37
6955 14 92
6956 103 63
6957 113 37
6958 112 37
6959 112 33
6960 113 37
6961 92 32
6962 102 63
6963 103 63
6964 93 32
6965 102 63
6966 15 92
6967 14 92
6968 112 37
6969 113 33
6970 92 32
6971 103 63
6972 112 33
6973 113 33
6974 15 92
6975 14 92
6976 112 33
6977 15 92
6978 14 92
6979 113 37
6980 15 92
6981 102 63
6982 14 92
6983 103 63
6984 102 63
6985 103 63
6986 15 92
6987 93 32
6988 113 33
6989 112 37
6990 112 33
6991 102 63
6992 113 37
6993 103 63
6994 112 37
6995 113 33
6996 113 37
6997 92 32
6998 93 32
6999 112 37
7000 92 32
7001 93 32
7002 112 33
7003 113 33
7004 14 92
7005 102 63
7006 15 92
7007 112 33
7008 103 63
7009 102 63
7010 113 37
7011 14 92
7012 103 63
7013 112 37
7014 113 37
7015 15 92
7016 102 63
7017 112 37
7018 113 37
7019 92 32
7020 113 33
7021 93 32
7022 14 92
7023 103 63
7024 15 92
7025 112 33
7026 102 63
7027 14 92
7028 112 37
7029 92 32
7030 113 37
7031 103 63
7032 113 33
7033 15 92
7034 102 63
7035 112 33
7036 14 92
7037 103 63
7038 112 37
7039 113 37
7040 113 33
7041 112 33
7042 112 37
7043 15 92
7044 113 37
7045 102 63
7046 112 37
7047 103 63
7048 102 63
7049 113 37
7050 112 37
7051 113 37
7052 103 63
7053 93 32
7054 112 37
7055 102 63
7056 113 33
7057 92 32
7058 93 32
7059 113 37
7060 112 33
7061 14 92
7062 103 63
7063 92 32
7064 113 33
7065 112 33
7066 93 32
7067 15 92
7068 14 92
7069 102 63
7070 92 32
7071 103 63
7072 102 63
7073 103 63
7074 15 92
7075 112 37
7076 93 32
7077 113 37
7078 112 37
7079 102 63
7080 14 92
7081 103 63
7082 92 32
7083 93 32
7084 113 33
7085 112 33
7086 102 63
7087 92 32
7088 93 32
7089 113 37
7090 92 32
7091 93 32
7092 103 63
7093 15 92
7094 102 63
7095 14 92
7096 15 92
7097 14 92
7098 103 63
7099 92 32
7100 102 63
7101 112 37
7102 103 63
7103 113 33
7104 102 63
7105 103 63
7106 93 32
7107 92 32
7108 102 63
7109 112 33
7110 103 63
7111 93 32
7112 102 63
7113 15 92
7114 92 32
7115 103 63
7116 14 92
7117 113 37
7118 102 63
7119 103 63
7120 15 92
7121 14 92
7122 93 32
7123 113 33
7124 92 32
7125 112 33
7126 102 63
7127 15 92
7128 14 92
7129 112 37
7130 103 63
7131 113 33
7132 15 92
7133 113 37
7134 112 33
7135 93 32
7136 102 63
7137 14 92
7138 103 63
7139 113 33
7140 92 32
7141 112 33
7142 112 37
7143 102 63
7144 103 63
7145 102 63
7146 93 32
7147 113 37
7148 92 32
7149 93 32
7150 92 32
7151 15 92
7152 93 32
7153 112 37
7154 103 63
7155 102 63
7156 103 63
7157 92 32
7158 14 92
7159 113 37
7160 102 63
7161 103 63
7162 102 63
7163 103 63
7164 112 37
7165 113 33
7166 93 32
7167 113 37
7168 112 33
7169 102 63
7170 92 32
7171 15 92
7172 113 33
7173 112 37
7174 14 92
7175 112 33
7176 15 92
7177 14 92
7178 103 63
7179 113 33
7180 15 92
7181 14 92
7182 113 37
7183 15 92
7184 112 37
7185 113 37
7186 14 92
7187 112 33
7188 102 63
7189 103 63
7190 112 37
7191 15 92
7192 93 32
7193 113 37
7194 112 37
7195 92 32
7196 113 33
7197 112 33
7198 14 92
7199 102 63
7200 113 37
7201 93 32
7202 103 63
7203 102 63
7204 15 92
7205 92 32
7206 103 63
7207 113 33
7208 112 37
7209 102 63
7210 112 33
7211 113 33
7212 103 63
7213 14 92
7214 112 33
7215 93 32
7216 92 32
7217 113 37
7218 102 63
7219 15 92
7220 103 63
7221 14 92
7222 102 63
7223 103 63
7224 112 37
7225 15 92
7226 102 63
7227 93 32
7228 103 63
7229 113 33
7230 113 37
7231 92 32
7232 93 32
7233 14 92
7234 112 33
7235 92 32
7236 93 32
7237 102 63
7238 103 63
7239 102 63
7240 113 33
7241 15 92
7242 112 33
7243 14 92
7244 112 37
7245 113 33
7246 92 32
7247 113 37
7248 112 33
7249 103 63
7250 93 32
7251 113 33
7252 112 33
7253 113 33
7254 112 37
7255 92 32
7256 93 32
7257 15 92
7258 92 32
7259 112 33
7260 113 37
7261 14 92
7262 112 37
7263 113 33
7264 113 37
7265 102 63
7266 112 33
7267 93 32
7268 103 63
7269 92 32
7270 15 92
7271 93 32
7272 14 92
7273 113 33
7274 112 33
7275 112 37
7276 113 37
7277 15 92
7278 102 63
7279 92 32
7280 113 33
7281 93 32
7282 14 92
7283 112 37
7284 113 37
7285 103 63
7286 15 92
7287 14 92
7288 92 32
7289 93 32
7290 102 63
7291 92 32
7292 103 63
7293 15 92
7294 93 32
7295 92 32
7296 93 32
7297 14 92
7298 112 37
7299 113 37
7300 15 92
7301 112 37
7302 112 33
7303 102 63
7304 113 33
7305 103 63
7306 113 37
7307 92 32
7308 93 32
7309 112 37
7310 14 92
7311 15 92
7312 14 92
7313 112 33
7314 113 37
7315 112 37
7316 102 63
7317 15 92
7318 92 32
7319 113 33
7320 113 37
7321 14 92
7322 103 63
7323 93 32
7324 92 32
7325 93 32
7326 15 92
7327 92 32
7328 93 32
7329 102 63
7330 92 32
7331 112 37
7332 112 33
7333 113 37
7334 14 92
7335 103 63
7336 112 37
7337 102 63
7338 15 92
7339 113 37
7340 14 92
7341 112 37
7342 113 37
7343 103 63
7344 102 63
7345 93 32
7346 15 92
7347 113 33
7348 112 37
7349 14 92
7350 15 92
7351 92 32
7352 113 37
7353 112 37
7354 103 63
7355 102 63
7356 112 33
7357 113 33
7358 14 92
7359 112 33
7360 103 63
7361 15 92
7362 113 37
7363 102 63
7364 113 33
7365 93 32
7366 14 92
7367 103 63
7368 15 92
7369 112 37
7370 112 33
7371 92 32
7372 102 63
7373 14 92
7374 93 32
7375 15 92
7376 14 92
7377 92 32
7378 103 63
7379 15 92
7380 102 63
7381 14 92
7382 113 37
7383 93 32
7384 113 33
7385 92 32
7386 112 33
7387 93 32
7388 113 33
7389 112 33
7390 92 32
7391 15 92
7392 113 33
7393 103 63
7394 93 32
7395 112 33
7396 113 33
7397 102 63
7398 112 33
7399 14 92
7400 15 92
7401 103 63
7402 92 32
7403 93 32
7404 102 63
7405 103 63
7406 92 32
7407 93 32
7408 102 63
7409 14 92
7410 112 37
7411 103 63
7412 102 63
7413 103 63
7414 15 92
7415 113 37
7416 14 92
7417 112 37
7418 102 63
7419 92 32
7420 113 33
7421 112 33
7422 113 37
7423 93 32
7424 15 92
7425 14 92
7426 113 33
7427 15 92
7428 103 63
7429 92 32
7430 14 92
7431 112 33
7432 102 63
7433 103 63
7434 113 33
7435 112 33
7436 15 92
7437 14 92
7438 112 37
7439 113 33
7440 112 33
7441 15 92
7442 102 63
7443 113 37
7444 93 32
7445 14 92
7446 103 63
7447 112 37
7448 92 32
7449 113 37
7450 93 32
7451 102 63
7452 103 63
7453 102 63
7454 15 92
7455 92 32
7456 113 33
7457 112 37
7458 112 33
7459 103 63
7460 113 37
7461 102 63
7462 14 92
7463 112 37
7464 113 37
7465 15 92
7466 93 32
7467 14 92
7468 113 33
7469 15 92
7470 112 37
7471 113 37
7472 103 63
7473 92 32
7474 93 32
7475 92 32
7476 112 33
7477 93 32
7478 112 37
7479 92 32
7480 14 92
7481 113 33
7482 102 63
7483 15 92
7484 103 63
7485 102 63
7486 112 33
7487 93 32
7488 113 37
7489 92 32
7490 93 32
7491 92 32
7492 113 33
7493 93 32
7494 112 37
7495 113 37
7496 112 33
7497 14 92
7498 15 92
7499 103 63
7500 113 33
7501 102 63
7502 103 63
7503 112 37
7504 113 37
7505 14 92
7506 102 63
7507 15 92
7508 103 63
7509 112 37
7510 102 63
7511 14 92
7512 92 32
7513 113 37
7514 112 33
7515 15 92
7516 93 32
7517 103 63
7518 112 37
7519 92 32
7520 102 63
7521 113 37
7522 14 92
7523 93 32
7524 112 37
7525 92 32
7526 93 32
7527 113 33
7528 15 92
7529 103 63
7530 102 63
7531 14 92
7532 113 37
7533 112 33
7534 112 37
7535 15 92
7536 113 37
7537 113 33
7538 103 63
7539 14 92
7540 92 32
7541 15 92
7542 102 63
7543 14 92
7544 103 63
7545 93 32
7546 15 92
7547 14 92
7548 102 63
7549 112 37
7550 113 37
7551 112 37
7552 113 37
7553 92 32
7554 112 37
7555 112 33
7556 103 63
7557 102 63
7558 93 32
7559 113 33
7560 92 32
7561 93 32
7562 15 92
7563 92 32
7564 14 92
7565 113 37
7566 112 37
7567 112 33
7568 93 32
7569 113 37
7570 15 92
7571 103 63
7572 92 32
7573 102 63
7574 112 37
7575 14 92
7576 15 92
7577 103 63
7578 93 32
7579 102 63
7580 113 33
7581 113 37
7582 92 32
7583 112 37
7584 93 32
7585 103 63
7586 102 63
7587 112 33
7588 103 63
7589 14 92
7590 92 32
7591 113 33
7592 93 32
7593 113 37
7594 112 33
7595 15 92
7596 92 32
7597 93 32
7598 14 92
7599 112 37
7600 102 63
7601 15 92
7602 113 33
7603 113 37
7604 14 92
7605 103 63
7606 112 37
7607 15 92
7608 102 63
7609 112 33
7610 113 37
7611 112 37
7612 14 92
7613 103 63
7614 15 92
7615 14 92
7616 92 32
7617 113 37
7618 102 63
7619 93 32
7620 103 63
7621 15 92
7622 14 92
7623 92 32
7624 113 33
7625 15 92
7626 93 32
7627 112 37
7628 92 32
7629 113 37
7630 93 32
7631 102 63
7632 92 32
7633 14 92
7634 112 37
7635 113 37
7636 103 63
7637 112 33
7638 112 37
7639 113 37
7640 93 32
7641 102 63
7642 15 92
7643 92 32
7644 93 32
7645 103 63
7646 92 32
7647 14 92
7648 112 37
7649 102 63
7650 93 32
7651 113 37
7652 15 92
7653 92 32
7654 113 33
7655 112 37
7656 93 32
7657 92 32
7658 14 92
7659 15 92
7660 112 33
7661 93 32
7662 113 33
7663 112 33
7664 14 92
7665 15 92
7666 14 92
7667 113 37
7668 112 37
7669 15 92
7670 113 37
7671 92 32
7672 93 32
7673 92 32
7674 112 37
7675 93 32
7676 113 33
7677 112 33
7678 113 33
7679 14 92
7680 112 33
7681 113 37
7682 92 32
7683 15 92
7684 113 33
7685 14 92
7686 103 63
7687 93 32
7688 92 32
7689 112 37
7690 113 37
7691 112 33
7692 102 63
7693 103 63
7694 93 32
7695 112 37
7696 92 32
7697 113 33
7698 93 32
7699 92 32
7700 113 37
7701 112 33
7702 113 33
7703 112 33
7704 15 92
7705 112 37
7706 113 37
7707 14 92
7708 113 33
7709 102 63
7710 93 32
7711 15 92
7712 14 92
7713 92 32
7714 15 92
7715 93 32
7716 112 37
7717 113 37
7718 14 92
7719 112 33
7720 112 37
7721 113 33
7722 113 37
7723 112 37
7724 113 37
7725 103 63
7726 102 63
7727 112 33
7728 113 33
7729 15 92
7730 103 63
7731 92 32
7732 112 37
7733 113 37
7734 93 32
7735 112 37
7736 14 92
7737 113 37
7738 92 32
7739 93 32
7740 112 33
7741 113 33
7742 15 92
7743 112 33
7744 102 63
7745 92 32
7746 113 33
7747 14 92
7748 103 63
7749 112 37
7750 113 37
7751 102 63
7752 112 37
7753 112 33
7754 103 63
7755 102 63
7756 113 37
7757 93 32
7758 103 63
7759 112 37
7760 15 92
7761 113 37
7762 113 33
7763 14 92
7764 92 32
7765 112 33
7766 112 37
7767 113 33
7768 93 32
7769 113 37
7770 112 37
7771 92 32
7772 102 63
7773 113 37
7774 112 37
7775 112 33
7776 15 92
7777 103 63
7778 113 33
7779 93 32
7780 14 92
7781 15 92
7782 112 33
7783 92 32
7784 14 92
7785 93 32
7786 92 32
7787 15 92
7788 113 37
7789 112 37
7790 102 63
7791 93 32
7792 113 33
7793 92 32
7794 14 92
7795 103 63
7796 112 33
7797 102 63
7798 113 33
7799 113 37
7800 103 63
7801 93 32
7802 112 33
7803 92 32
7804 93 32
7805 112 37
7806 113 33
7807 15 92
7808 112 33
7809 113 33
7810 113 37
7811 102 63
7812 112 37
7813 14 92
7814 112 33
7815 113 33
7816 15 92
7817 112 33
7818 113 37
7819 14 92
7820 112 37
7821 103 63
7822 102 63
7823 113 37
7824 113 33
7825 112 37
7826 113 37
7827 15 92
7828 14 92
7829 112 33
7830 103 63
7831 92 32
7832 112 37
7833 93 32
7834 102 63
7835 113 37
7836 103 63
7837 92 32
7838 113 33
7839 112 37
7840 113 37
7841 15 92
7842 93 32
7843 92 32
7844 112 33
7845 14 92
7846 102 63
7847 113 33
7848 15 92
7849 93 32
7850 103 63
7851 112 33
7852 14 92
7853 15 92
7854 14 92
7855 102 63
7856 92 32
7857 113 33
7858 112 37
7859 93 32
7860 113 37
7861 112 37
7862 113 37
7863 15 92
7864 103 63
7865 14 92
7866 92 32
7867 93 32
7868 112 37
7869 92 32
7870 112 33
7871 15 92
7872 113 33
7873 102 63
7874 103 63
7875 14 92
7876 102 63
7877 103 63
7878 102 63
7879 15 92
7880 113 37
7881 103 63
7882 93 32
7883 102 63
7884 112 33
7885 113 33
7886 112 37
7887 92 32
7888 93 32
7889 92 32
7890 14 92
7891 15 92
7892 14 92
7893 113 37
7894 112 33
7895 93 32
7896 15 92
7897 14 92
7898 113 33
7899 15 92
7900 112 37
7901 92 32
7902 113 37
7903 103 63
7904 112 37
7905 112 33
7906 113 33
7907 93 32
7908 102 63
7909 103 63
7910 113 37
7911 92 32
7912 93 32
7913 112 33
7914 92 32
7915 93 32
7916 113 33
7917 14 92
7918 112 33
7919 92 32
7920 15 92
7921 102 63
7922 113 33
7923 14 92
7924 112 33
7925 112 37
7926 113 33
7927 113 37
7928 112 33
7929 93 32
7930 103 63
7931 102 63
7932 112 37
7933 103 63
7934 102 63
7935 92 32
7936 113 37
7937 113 33
7938 112 37
7939 113 37
7940 103 63
7941 112 33
7942 112 37
7943 93 32
7944 15 92
7945 92 32
7946 14 92
7947 113 33
7948 112 33
7949 93 32
7950 102 63
7951 92 32
7952 113 37
7953 112 37
7954 93 32
7955 92 32
7956 113 33
7957 113 37
7958 103 63
7959 15 92
7960 112 33
7961 93 32
7962 112 37
7963 14 92
7964 102 63
7965 103 63
7966 15 92
7967 14 92
7968 113 33
7969 112 33
7970 92 32
7971 113 37
7972 113 33
7973 112 33
7974 113 33
7975 112 37
7976 112 33
7977 102 63
7978 103 63
7979 102 63
7980 113 37
7981 112 37
7982 103 63
7983 15 92
7984 102 63
7985 14 92
7986 15 92
7987 113 33
7988 14 92
7989 113 37
7990 112 37
7991 93 32
7992 103 63
7993 15 92
7994 102 63
7995 112 33
7996 113 37
7997 113 33
7998 103 63
7999 14 92
8000 92 32
8001 112 37
8002 112 33
8003 102 63
8004 93 32
8005 113 37
8006 15 92
8007 92 32
8008 93 32
8009 112 37
8010 14 92
8011 103 63
8012 15 92
8013 92 32
8014 14 92
8015 102 63
8016 103 63
8017 102 63
8018 113 37
8019 15 92
8020 103 63
8021 102 63
8022 14 92
8023 113 33
8024 112 37
8025 93 32
8026 92 32
8027 15 92
8028 112 33
8029 93 32
8030 113 33
8031 103 63
8032 112 33
8033 92 32
8034 93 32
8035 113 37
8036 102 63
8037 92 32
8038 112 37
8039 14 92
8040 15 92
8041 93 32
8042 14 92
8043 113 37
8044 113 33
8045 92 32
8046 93 32
8047 15 92
8048 14 92
8049 112 37
8050 92 32
8051 103 63
8052 112 33
8053 93 32
8054 15 92
8055 102 63
8056 14 92
8057 103 63
8058 113 33
8059 92 32
8060 112 33
8061 113 33
8062 102 63
8063 93 32
8064 92 32
8065 103 63
8066 93 32
8067 113 37
8068 92 32
8069 112 37
8070 113 37
8071 112 37
8072 112 33
8073 15 92
8074 113 33
8075 112 33
8076 102 63
8077 113 37
8078 14 92
8079 113 33
8080 93 32
8081 103 63
8082 102 63
8083 103 63
8084 102 63
8085 112 37
8086 113 37
8087 103 63
8088 102 63
8089 92 32
8090 112 33
8091 93 32
8092 15 92
8093 112 37
8094 92 32
8095 14 92
8096 113 33
8097 113 37
8098 103 63
8099 102 63
8100 15 92
8101 112 33
8102 103 63
8103 113 33
8104 93 32
8105 112 37
8106 92 32
8107 102 63
8108 113 37
8109 93 32
8110 112 37
8111 92 32
8112 14 92
8113 103 63
8114 112 33
8115 113 33
8116 102 63
8117 103 63
8118 15 92
8119 102 63
8120 103 63
8121 112 33
8122 113 33
8123 112 33
8124 113 33
8125 14 92
8126 15 92
8127 93 32
8128 113 37
8129 112 33
8130 113 33
8131 112 37
8132 92 32
8133 112 33
8134 113 33
8135 112 33
8136 93 32
8137 102 63
8138 14 92
8139 92 32
8140 103 63
8141 113 33
8142 102 63
8143 93 32
8144 92 32
8145 15 92
8146 93 32
8147 92 32
8148 103 63
8149 14 92
8150 113 37
8151 112 37
8152 102 63
8153 112 33
8154 15 92
8155 103 63
8156 14 92
8157 93 32
8158 15 92
8159 14 92
8160 15 92
8161 113 33
8162 112 33
8163 14 92
8164 15 92
8165 113 37
8166 92 32
8167 93 32
8168 112 37
8169 113 33
8170 112 33
8171 102 63
8172 92 32
8173 14 92
8174 15 92
8175 113 33
8176 14 92
8177 15 92
8178 14 92
8179 113 37
8180 15 92
8181 112 37
8182 112 33
8183 103 63
8184 113 33
8185 14 92
8186 15 92
8187 93 32
8188 112 33
8189 113 33
8190 14 92
8191 102 63
8192 103 63
8193 113 37
8194 92 32
8195 15 92
8196 112 33
8197 112 37
8198 93 32
8199 14 92
8200 102 63
8201 113 37
8202 15 92
8203 113 33
8204 14 92
8205 92 32
8206 103 63
8207 112 37
8208 93 32
8209 102 63
8210 112 33
8211 113 33
8212 103 63
8213 113 37
8214 112 37
8215 102 63
8216 92 32
8217 113 37
8218 93 32
8219 112 37
8220 112 33
8221 113 37
8222 92 32
8223 112 37
8224 93 32
8225 103 63
8226 92 32
8227 15 92
8228 113 33
8229 113 37
8230 14 92
8231 112 37
8232 15 92
8233 102 63
8234 103 63
8235 102 63
8236 112 33
8237 113 33
8238 113 37
8239 103 63
8240 112 37
8241 14 92
8242 112 33
8243 113 37
8244 102 63
8245 15 92
8246 112 37
8247 113 33
8248 14 92
8249 15 92
8250 103 63
8251 93 32
8252 92 32
8253 112 33
8254 113 33
8255 102 63
8256 103 63
8257 14 92
8258 113 37
8259 112 33
8260 102 63
8261 15 92
8262 93 32
8263 112 37
8264 103 63
8265 92 32
8266 14 92
8267 113 33
8268 15 92
8269 113 37
8270 102 63
8271 93 32
8272 103 63
8273 92 32
8274 112 37
8275 93 32
8276 113 37
8277 92 32
8278 112 37
8279 102 63
8280 14 92
8281 103 63
8282 112 33
8283 102 63
8284 113 37
8285 112 37
8286 103 63
8287 113 33
8288 102 63
8289 112 33
8290 103 63
8291 15 92
8292 113 33
8293 113 37
8294 102 63
8295 14 92
8296 103 63
8297 93 32
8298 102 63
8299 15 92
8300 112 33
8301 112 37
8302 113 37
8303 113 33
8304 112 37
8305 103 63
8306 14 92
8307 102 63
8308 92 32
8309 93 32
8310 112 33
8311 15 92
8312 14 92
8313 92 32
8314 113 33
8315 112 33
8316 103 63
8317 15 92
8318 102 63
8319 113 33
8320 112 33
8321 113 33
8322 93 32
8323 103 63
8324 112 33
8325 92 32
8326 113 33
8327 112 33
8328 113 33
8329 113 37
8330 14 92
8331 15 92
8332 93 32
8333 112 33
8334 14 92
8335 112 37
8336 92 32
8337 102 63
8338 103 63
8339 113 33
8340 93 32
8341 113 37
8342 15 92
8343 112 37
8344 113 37
8345 102 63
8346 92 32
8347 103 63
8348 93 32
8349 112 37
8350 112 33
8351 14 92
8352 113 33
8353 92 32
8354 113 37
8355 102 63
8356 15 92
8357 103 63
8358 93 32
8359 112 37
8360 102 63
8361 113 37
8362 112 33
8363 14 92
8364 113 33
8365 15 92
8366 92 32
8367 112 37
8368 112 33
8369 113 33
8370 14 92
8371 15 92
8372 103 63
8373 112 33
8374 113 33
8375 93 32
8376 112 33
8377 14 92
8378 113 37
8379 112 37
8380 15 92
8381 92 32
8382 113 33
8383 112 33
8384 113 33
8385 102 63
8386 112 33
8387 93 32
8388 14 92
8389 103 63
8390 113 33
8391 102 63
8392 15 92
8393 92 32
8394 112 33
8395 103 63
8396 14 92
8397 93 32
8398 113 33
8399 113 37
8400 15 92
8401 14 92
8402 15 92
8403 92 32
8404 93 32
8405 112 33
8406 112 37
8407 14 92
8408 92 32
8409 102 63
8410 113 37
8411 103 63
8412 113 33
8413 93 32
8414 92 32
8415 15 92
8416 93 32
8417 102 63
8418 112 33
8419 103 63
8420 112 37
8421 102 63
8422 103 63
8423 102 63
8424 92 32
8425 93 32
8426 113 37
8427 92 32
8428 14 92
8429 113 33
8430 103 63
8431 93 32
8432 112 33
8433 102 63
8434 15 92
8435 112 37
8436 92 32
8437 14 92
8438 113 33
8439 93 32
8440 92 32
8441 113 37
8442 15 92
8443 14 92
8444 93 32
8445 103 63
8446 112 33
8447 112 37
8448 113 33
8449 113 37
8450 15 92
8451 14 92
8452 102 63
8453 15 92
8454 103 63
8455 112 33
8456 14 92
8457 113 33
8458 112 33
8459 113 33
8460 112 37
8461 112 33
8462 113 33
8463 113 37
8464 102 63
8465 103 63
8466 92 32
8467 102 63
8468 93 32
8469 112 37
8470 15 92
8471 112 33
8472 103 63
8473 113 33
8474 92 32
8475 14 92
8476 102 63
8477 112 33
8478 103 63
8479 113 37
8480 15 92
8481 93 32
8482 92 32
8483 102 63
8484 14 92
8485 93 32
8486 92 32
8487 103 63
8488 113 33
8489 15 92
8490 93 32
8491 102 63
8492 92 32
8493 103 63
8494 112 33
8495 112 37
8496 113 33
8497 14 92
8498 112 33
8499 15 92
8500 14 92
8501 113 33
8502 113 37
8503 102 63
8504 103 63
8505 112 33
8506 15 92
8507 93 32
8508 112 37
8509 113 33
8510 92 32
8511 113 37
8512 93 32
8513 112 37
8514 113 37
8515 14 92
8516 15 92
8517 102 63
8518 103 63
8519 14 92
8520 15 92
8521 92 32
8522 112 37
8523 113 37
8524 102 63
8525 103 63
8526 112 37
8527 112 33
8528 93 32
8529 113 37
8530 92 32
8531 112 37
8532 102 63
8533 103 63
8534 14 92
8535 113 37
8536 102 63
8537 112 37
8538 113 33
8539 93 32
8540 92 32
8541 103 63
8542 93 32
8543 15 92
8544 112 33
8545 113 33
8546 92 32
8547 14 92
8548 15 92
8549 112 33
8550 93 32
8551 92 32
8552 102 63
8553 103 63
8554 14 92
8555 93 32
8556 102 63
8557 92 32
8558 113 37
8559 15 92
8560 112 37
8561 93 32
8562 14 92
8563 113 33
8564 92 32
8565 93 32
8566 113 37
8567 103 63
8568 102 63
8569 92 32
8570 103 63
8571 112 33
8572 113 33
8573 102 63
8574 93 32
8575 15 92
8576 103 63
8577 112 37
8578 112 33
8579 102 63
8580 103 63
8581 113 33
8582 113 37
8583 14 92
8584 102 63
8585 92 32
8586 112 37
8587 113 37
8588 112 33
8589 113 33
8590 112 33
8591 103 63
8592 93 32
8593 92 32
8594 93 32
8595 113 33
8596 112 37
8597 112 33
8598 92 32
8599 93 32
8600 15 92
8601 14 92
8602 15 92
8603 92 32
8604 113 37
8605 112 37
8606 102 63
8607 103 63
8608 93 32
8609 14 92
8610 15 92
8611 14 92
8612 92 32
8613 113 37
8614 112 37
8615 93 32
8616 113 33
8617 92 32
8618 93 32
8619 102 63
8620 112 33
8621 113 37
8622 112 37
8623 113 33
8624 103 63
8625 92 32
8626 112 33
8627 113 37
8628 113 33
8629 112 37
8630 112 33
8631 102 63
8632 15 92
8633 93 32
8634 113 33
8635 14 92
8636 103 63
8637 113 37
8638 15 92
8639 102 63
8640 92 32
8641 103 63
8642 112 33
8643 93 32
8644 112 37
8645 92 32
8646 113 37
8647 93 32
8648 102 63
8649 92 32
8650 93 32
8651 92 32
8652 113 33
8653 112 37
8654 93 32
8655 14 92
8656 113 37
8657 103 63
8658 92 32
8659 102 63
8660 93 32
8661 112 37
8662 103 63
8663 113 37
8664 102 63
8665 15 92
8666 14 92
8667 103 63
8668 112 33
8669 112 37
8670 113 37
8671 92 32
8672 113 33
8673 15 92
8674 14 92
8675 93 32
8676 102 63
8677 103 63
8678 102 63
8679 112 37
8680 92 32
8681 93 32
8682 112 33
8683 113 33
8684 113 37
8685 112 33
8686 112 37
8687 113 33
8688 92 32
8689 93 32
8690 92 32
8691 103 63
8692 15 92
8693 102 63
8694 112 33
8695 103 63
8696 102 63
8697 103 63
8698 113 33
8699 113 37
8700 93 32
8701 102 63
8702 92 32
8703 112 33
8704 103 63
8705 14 92
8706 102 63
8707 93 32
8708 113 33
8709 15 92
8710 14 92
8711 103 63
8712 102 63
8713 103 63
8714 15 92
8715 112 33
8716 112 37
8717 113 37
8718 113 33
8719 112 37
8720 14 92
8721 113 37
8722 112 37
8723 15 92
8724 112 33
8725 102 63
8726 92 32
8727 103 63
8728 102 63
8729 113 37
8730 113 33
8731 112 33
8732 103 63
8733 112 37
8734 113 37
8735 14 92
8736 93 32
8737 102 63
8738 92 32
8739 113 33
8740 112 33
8741 15 92
8742 14 92
8743 93 32
8744 92 32
8745 113 33
8746 93 32
8747 15 92
8748 112 33
8749 112 37
8750 113 33
8751 103 63
8752 113 37
8753 92 32
8754 93 32
8755 112 37
8756 102 63
8757 103 63
8758 102 63
8759 112 33
8760 113 37
8761 103 63
8762 113 33
8763 14 92
8764 102 63
8765 103 63
8766 112 33
8767 15 92
8768 113 33
8769 92 32
8770 14 92
8771 112 33
8772 113 33
8773 15 92
8774 112 37
8775 14 92
8776 112 33
8777 113 33
8778 113 37
8779 102 63
8780 93 32
8781 112 37
8782 92 32
8783 15 92
8784 112 33
8785 113 37
8786 113 33
8787 112 33
8788 113 33
8789 112 37
8790 103 63
8791 14 92
8792 93 32
8793 112 33
8794 15 92
8795 113 37
8796 92 32
8797 102 63
8798 112 37
8799 113 37
8800 103 63
8801 113 33
8802 112 33
8803 113 33
8804 112 37
8805 14 92
8806 113 37
8807 112 33
8808 93 32
8809 102 63
8810 103 63
8811 113 33
8812 15 92
8813 112 33
8814 92 32
8815 102 63
8816 14 92
8817 93 32
8818 113 33
8819 103 63
8820 102 63
8821 112 37
8822 92 32
8823 112 33
8824 15 92
8825 14 92
8826 113 33
8827 15 92
8828 14 92
8829 15 92
8830 14 92
8831 112 33
8832 15 92
8833 103 63
8834 113 33
8835 102 63
8836 103 63
8837 112 33
8838 113 37
8839 14 92
8840 112 37
8841 102 63
8842 15 92
8843 113 37
8844 112 37
8845 103 63
8846 113 33
8847 93 32
8848 14 92
8849 113 37
8850 15 92
8851 112 33
8852 112 37
8853 113 37
8854 113 33
8855 112 33
8856 92 32
8857 14 92
8858 15 92
8859 93 32
8860 102 63
8861 92 32
8862 103 63
8863 113 33
8864 93 32
8865 102 63
8866 14 92
8867 112 33
8868 112 37
8869 113 33
8870 103 63
8871 113 37
8872 112 37
8873 102 63
8874 113 37
8875 15 92
8876 112 37
8877 92 32
8878 14 92
8879 93 32
8880 112 33
8881 15 92
8882 14 92
8883 92 32
8884 113 37
8885 112 37
8886 93 32
8887 103 63
8888 113 37
8889 112 37
8890 113 33
8891 102 63
8892 103 63
8893 15 92
8894 113 37
8895 102 63
8896 112 33
8897 103 63
8898 102 63
8899 103 63
8900 112 37
8901 113 33
8902 102 63
8903 113 37
8904 103 63
8905 14 92
8906 92 32
8907 112 33
8908 102 63
8909 113 33
8910 103 63
8911 112 33
8912 112 37
8913 113 37
8914 113 33
8915 102 63
8916 93 32
8917 112 33
8918 103 63
8919 15 92
8920 14 92
8921 15 92
8922 112 37
8923 14 92
8924 102 63
8925 103 63
8926 113 33
8927 92 32
8928 93 32
8929 92 32
8930 113 37
8931 112 37
8932 102 63
8933 103 63
8934 112 33
8935 102 63
8936 93 32
8937 15 92
8938 103 63
8939 113 37
8940 92 32
8941 112 37
8942 93 32
8943 102 63
8944 92 32
8945 113 37
8946 14 92
8947 93 32
8948 92 32
8949 112 37
8950 103 63
8951 113 37
8952 112 37
8953 93 32
8954 15 92
8955 14 92
8956 113 37
8957 92 32
8958 112 37
8959 15 92
8960 93 32
8961 113 33
8962 113 37
8963 14 92
8964 15 92
8965 14 92
8966 92 32
8967 93 32
8968 112 33
8969 15 92
8970 102 63
8971 103 63
8972 102 63
8973 92 32
8974 113 33
8975 14 92
8976 103 63
8977 15 92
8978 102 63
8979 112 37
8980 112 33
8981 113 33
8982 93 32
8983 112 33
8984 14 92
8985 92 32
8986 113 37
8987 93 32
8988 92 32
8989 93 32
8990 113 33
8991 92 32
8992 15 92
8993 93 32
8994 112 33
8995 112 37
8996 113 37
8997 113 33
8998 92 32
8999 112 33
9000 93 32
9001 113 33
9002 14 92
9003 112 33
9004 103 63
9005 92 32
9006 113 33
9007 112 37
9008 102 63
9009 93 32
9010 103 63
9011 112 33
9012 113 33
9013 112 33
9014 15 92
9015 102 63
9016 103 63
9017 102 63
9018 113 37
9019 14 92
9020 112 37
9021 103 63
9022 92 32
9023 102 63
9024 103 63
9025 113 37
9026 93 32
9027 113 33
9028 15 92
9029 102 63
9030 103 63
9031 112 33
9032 102 63
9033 14 92
9034 15 92
9035 103 63
9036 102 63
9037 14 92
9038 113 33
9039 15 92
9040 92 32
9041 112 37
9042 14 92
9043 113 37
9044 93 32
9045 112 33
9046 92 32
9047 93 32
9048 15 92
9049 92 32
9050 112 37
9051 113 37
9052 112 37
9053 14 92
9054 93 32
9055 92 32
9056 113 33
9057 103 63
9058 112 33
9059 93 32
9060 15 92
9061 113 37
9062 113 33
9063 92 32
9064 102 63
9065 14 92
9066 15 92
9067 112 37
9068 93 32
9069 113 37
9070 112 33
9071 14 92
9072 113 33
9073 92 32
9074 112 37
9075 15 92
9076 113 37
9077 103 63
9078 112 37
9079 14 92
9080 15 92
9081 112 33
9082 93 32
9083 14 92
9084 113 33
9085 112 33
9086 113 33
9087 92 32
9088 112 33
9089 102 63
9090 103 63
9091 93 32
9092 113 37
9093 113 33
9094 102 63
9095 15 92
9096 14 92
9097 15 92
9098 103 63
9099 112 37
9100 14 92
9101 15 92
9102 14 92
9103 102 63
9104 113 37
9105 112 37
9106 112 33
9107 113 37
9108 113 33
9109 112 33
9110 92 32
9111 93 32
9112 92 32
9113 93 32
9114 112 37
9115 113 37
9116 113 33
9117 112 37
9118 112 33
9119 92 32
9120 103 63
9121 93 32
9122 113 33
9123 92 32
9124 102 63
9125 15 92
9126 113 37
9127 14 92
9128 112 37
9129 112 33
9130 93 32
9131 92 32
9132 113 33
9133 112 33
9134 113 37
9135 112 37
9136 113 37
9137 15 92
9138 113 33
9139 93 32
9140 112 37
9141 14 92
9142 113 37
9143 15 92
9144 112 37
9145 14 92
9146 103 63
9147 102 63
9148 103 63
9149 113 37
9150 15 92
9151 102 63
9152 112 37
9153 112 33
9154 14 92
9155 103 63
9156 113 33
9157 15 92
9158 113 37
9159 112 33
9160 14 92
9161 15 92
9162 112 37
9163 14 92
9164 102 63
9165 92 32
9166 113 33
9167 113 37
9168 112 33
9169 103 63
9170 112 37
9171 15 92
9172 93 32
9173 14 92
9174 15 92
9175 14 92
9176 102 63
9177 113 33
9178 103 63
9179 112 33
9180 102 63
9181 92 32
9182 113 37
9183 93 32
9184 92 32
9185 113 33
9186 112 37
9187 112 33
9188 113 37
9189 15 92
9190 93 32
9191 92 32
9192 112 37
9193 103 63
9194 113 37
9195 113 33
9196 112 37
9197 14 92
9198 15 92
9199 93 32
9200 113 37
9201 14 92
9202 15 92
9203 102 63
9204 112 37
9205 103 63
9206 14 92
9207 92 32
9208 93 32
9209 92 32
9210 93 32
9211 15 92
9212 112 33
9213 113 37
9214 113 33
9215 92 32
9216 14 92
9217 93 32
9218 112 33
9219 92 32
9220 93 32
9221 113 33
9222 102 63
9223 103 63
9224 92 32
9225 112 37
9226 93 32
9227 92 32
9228 113 37
9229 93 32
9230 112 37
9231 92 32
9232 112 33
9233 93 32
9234 113 37
9235 92 32
9236 112 37
9237 102 63
9238 93 32
9239 92 32
9240 93 32
9241 15 92
9242 14 92
9243 113 33
9244 112 33
9245 103 63
9246 113 33
9247 102 63
9248 15 92
9249 14 92
9250 112 33
9251 15 92
9252 113 33
9253 113 37
9254 14 92
9255 112 33
9256 113 33
9257 15 92
9258 92 32
9259 112 33
9260 93 32
9261 14 92
9262 103 63
9263 112 37
9264 15 92
9265 113 33
9266 113 37
9267 112 37
9268 102 63
9269 92 32
9270 93 32
9271 112 33
9272 103 63
9273 14 92
9274 92 32
9275 102 63
9276 93 32
9277 113 33
9278 112 33
9279 15 92
9280 92 32
9281 103 63
9282 102 63
9283 103 63
9284 14 92
9285 102 63
9286 113 37
9287 93 32
9288 92 32
9289 103 63
9290 112 37
9291 102 63
9292 15 92
9293 103 63
9294 93 32
9295 113 33
9296 113 37
9297 102 63
9298 14 92
9299 92 32
9300 103 63
9301 93 32
9302 15 92
9303 14 92
9304 112 33
9305 113 33
9306 15 92
9307 102 63
9308 112 33
9309 112 37
9310 14 92
9311 103 63
9312 113 33
9313 112 33
9314 92 32
9315 93 32
9316 113 33
9317 113 37
9318 102 63
9319 112 33
9320 92 32
9321 113 33
9322 15 92
9323 112 33
9324 112 37
9325 113 33
9326 103 63
9327 14 92
9328 15 92
9329 112 33
9330 14 92
9331 102 63
9332 93 32
9333 92 32
9334 113 33
9335 113 37
9336 15 92
9337 103 63
9338 93 32
9339 92 32
9340 93 32
9341 102 63
9342 112 33
9343 14 92
9344 92 32
9345 113 33
9346 112 33
9347 93 32
9348 112 37
9349 113 37
9350 15 92
9351 112 37
9352 113 37
9353 92 32
9354 14 92
9355 15 92
9356 112 37
9357 113 37
9358 93 32
9359 113 33
9360 92 32
9361 112 33
9362 93 32
9363 103 63
9364 113 33
9365 102 63
9366 92 32
9367 112 33
9368 113 33
9369 103 63
9370 112 37
9371 102 63
9372 103 63
9373 113 37
9374 93 32
9375 92 32
9376 102 63
9377 93 32
9378 103 63
9379 14 92
9380 102 63
9381 103 63
9382 92 32
9383 112 37
9384 102 63
9385 15 92
9386 93 32
9387 112 33
9388 103 63
9389 113 37
9390 92 32
9391 14 92
9392 113 33
9393 102 63
9394 93 32
9395 112 33
9396 113 33
9397 112 33
9398 112 37
9399 113 37
9400 113 33
9401 92 32
9402 112 33
9403 93 32
9404 92 32
9405 15 92
9406 14 92
9407 112 37
9408 113 37
9409 113 33
9410 112 37
9411 103 63
9412 102 63
9413 15 92
9414 14 92
9415 113 37
9416 103 63
9417 15 92
9418 93 32
9419 112 33
9420 14 92
9421 113 33
9422 112 37
9423 15 92
9424 113 37
9425 92 32
9426 112 33
9427 102 63
9428 93 32
9429 112 37
9430 14 92
9431 15 92
9432 103 63
9433 92 32
9434 93 32
9435 92 32
9436 14 92
9437 15 92
9438 102 63
9439 113 33
9440 93 32
9441 14 92
9442 15 92
9443 113 37
9444 14 92
9445 15 92
9446 112 37
9447 14 92
9448 92 32
9449 103 63
9450 102 63
9451 15 92
9452 103 63
9453 93 32
9454 112 33
9455 92 32
9456 113 37
9457 113 33
9458 93 32
9459 92 32
9460 112 37
9461 14 92
9462 113 37
9463 15 92
9464 112 37
9465 93 32
9466 112 33
9467 113 37
9468 92 32
9469 14 92
9470 102 63
9471 103 63
9472 15 92
9473 102 63
9474 112 37
9475 113 37
9476 113 33
9477 103 63
9478 14 92
9479 112 37
9480 15 92
9481 113 37
9482 14 92
9483 93 32
9484 92 32
9485 102 63
9486 93 32
9487 112 37
9488 15 92
9489 112 33
9490 92 32
9491 103 63
9492 14 92
9493 102 63
9494 103 63
9495 93 32
9496 102 63
9497 92 32
9498 113 33
9499 15 92
9500 103 63
9501 102 63
9502 113 37
9503 112 33
9504 14 92
9505 93 32
9506 103 63
9507 113 33
9508 92 32
9509 15 92
9510 112 33
9511 102 63
9512 93 32
9513 113 33
9514 112 37
9515 103 63
9516 112 33
9517 102 63
9518 113 33
9519 112 33
9520 103 63
9521 113 33
9522 14 92
9523 102 63
9524 112 33
9525 113 33
9526 103 63
9527 102 63
9528 103 63
9529 112 33
9530 102 63
9531 103 63
9532 102 63
9533 92 32
9534 15 92
9535 93 32
9536 92 32
9537 103 63
9538 113 37
9539 112 37
9540 14 92
9541 113 37
9542 15 92
9543 102 63
9544 113 33
9545 112 37
9546 93 32
9547 92 32
9548 14 92
9549 15 92
9550 112 33
9551 113 33
9552 113 37
9553 93 32
9554 14 92
9555 92 32
9556 15 92
9557 14 92
9558 112 33
9559 15 92
9560 14 92
9561 112 37
9562 93 32
9563 113 33
9564 103 63
9565 112 33
9566 92 32
9567 102 63
9568 15 92
9569 113 37
9570 93 32
9571 14 92
9572 112 37
9573 113 37
9574 92 32
9575 15 92
9576 112 37
9577 113 37
9578 113 33
9579 93 32
9580 103 63
9581 92 32
9582 112 37
9583 113 37
9584 102 63
9585 103 63
9586 112 37
9587 113 37
9588 14 92
9589 112 33
9590 113 33
9591 93 32
9592 112 33
9593 112 37
9594 92 32
9595 102 63
9596 93 32
9597 113 37
9598 15 92
9599 113 33
9600 112 33
9601 113 33
9602 112 33
9603 112 37
9604 14 92
9605 113 37
9606 92 32
9607 103 63
9608 93 32
9609 102 63
9610 113 33
9611 103 63
9612 112 37
9613 112 33
9614 113 37
9615 102 63
9616 15 92
9617 14 92
9618 15 92
9619 14 92
9620 113 33
9621 15 92
9622 112 33
9623 92 32
9624 14 92
9625 113 33
9626 103 63
9627 112 37
9628 112 33
9629 102 63
9630 103 63
9631 113 33
9632 93 32
9633 113 37
9634 15 92
9635 14 92
9636 112 37
9637 112 33
9638 113 37
9639 113 33
9640 112 33
9641 102 63
9642 15 92
9643 112 37
9644 113 37
9645 92 32
9646 14 92
9647 93 32
9648 15 92
9649 14 92
9650 92 32
9651 113 33
9652 112 33
9653 103 63
9654 112 37
9655 93 32
9656 113 37
9657 112 37
9658 92 32
9659 113 37
9660 93 32
9661 102 63
9662 113 33
9663 112 33
9664 103 63
9665 102 63
9666 92 32
9667 113 33
9668 112 37
9669 113 37
9670 15 92
9671 14 92
9672 93 32
9673 92 32
9674 93 32
9675 92 32
9676 15 92
9677 112 33
9678 113 33
9679 14 92
9680 112 37
9681 93 32
9682 15 92
9683 112 33
9684 103 63
9685 113 33
9686 112 33
9687 102 63
9688 103 63
9689 14 92
9690 113 37
9691 113 33
9692 102 63
9693 103 63
9694 15 92
9695 102 63
9696 92 32
9697 14 92
9698 103 63
9699 112 37
9700 15 92
9701 112 33
9702 93 32
9703 113 33
9704 112 33
9705 102 63
9706 113 37
9707 103 63
9708 102 63
9709 92 32
9710 14 92
9711 113 33
9712 112 37
9713 103 63
9714 112 33
9715 113 33
9716 113 37
9717 112 33
9718 102 63
9719 93 32
9720 92 32
9721 103 63
9722 102 63
9723 15 92
9724 93 32
9725 14 92
9726 103 63
9727 113 33
9728 102 63
9729 112 37
9730 113 37
9731 15 92
9732 112 33
9733 14 92
9734 103 63
9735 15 92
9736 113 33
9737 102 63
9738 92 32
9739 112 33
9740 113 33
9741 103 63
9742 112 37
9743 93 32
9744 112 33
9745 92 32
9746 102 63
9747 93 32
9748 103 63
9749 102 63
9750 113 33
9751 92 32
9752 103 63
9753 112 33
9754 14 92
9755 15 92
9756 102 63
9757 14 92
9758 93 32
9759 15 92
9760 92 32
9761 93 32
9762 113 33
9763 103 63
9764 112 33
9765 92 32
9766 93 32
9767 113 33
9768 112 33
9769 113 33
9770 14 92
9771 92 32
9772 15 92
9773 14 92
9774 93 32
9775 92 32
9776 112 33
9777 93 32
9778 92 32
9779 113 33
9780 93 32
9781 113 37
9782 102 63
9783 112 33
9784 103 63
9785 102 63
9786 112 37
9787 15 92
9788 113 37
9789 113 33
9790 103 63
9791 112 37
9792 14 92
9793 102 63
9794 15 92
9795 14 92
9796 112 33
9797 113 37
9798 103 63
9799 112 37
9800 15 92
9801 92 32
9802 113 37
9803 14 92
9804 112 37
9805 93 32
9806 92 32
9807 113 33
9808 112 33
9809 93 32
9810 92 32
9811 113 37
9812 102 63
9813 15 92
9814 113 33
9815 112 37
9816 112 33
9817 113 33
9818 112 33
9819 93 32
9820 103 63
9821 102 63
9822 92 32
9823 113 33
9824 112 33
9825 14 92
9826 113 33
9827 103 63
9828 112 33
9829 15 92
9830 113 37
9831 113 33
9832 102 63
9833 93 32
9834 112 37
9835 14 92
9836 92 32
9837 113 37
9838 112 37
9839 93 32
9840 15 92
9841 112 33
9842 14 92
9843 113 37
9844 92 32
9845 15 92
9846 113 33
9847 112 33
9848 14 92
9849 112 37
9850 113 37
9851 93 32
9852 92 32
9853 103 63
9854 15 92
9855 14 92
9856 112 37
9857 15 92
9858 93 32
9859 92 32
9860 93 32
9861 92 32
9862 102 63
9863 14 92
9864 93 32
9865 92 32
9866 93 32
9867 103 63
9868 113 37
9869 15 92
9870 112 37
9871 102 63
9872 14 92
9873 113 37
9874 92 32
9875 112 37
9876 93 32
9877 15 92
9878 14 92
9879 15 92
9880 14 92
9881 15 92
9882 103 63
9883 113 37
9884 14 92
9885 112 37
9886 102 63
9887 113 33
9888 103 63
9889 113 37
9890 112 33
9891 15 92
9892 102 63
9893 113 33
9894 103 63
9895 92 32
9896 112 37
9897 112 33
9898 102 63
9899 14 92
9900 103 63
9901 113 37
9902 113 33
9903 112 37
9904 15 92
9905 113 37
9906 102 63
9907 103 63
9908 102 63
9909 93 32
9910 112 37
9911 113 37
9912 112 33
9913 112 37
9914 92 32
9915 93 32
9916 14 92
9917 113 37
9918 113 33
9919 92 32
9920 15 92
9921 112 37
9922 103 63
9923 102 63
9924 14 92
9925 103 63
9926 113 37
9927 93 32
9928 112 37
9929 113 37
9930 112 37
9931 112 33
9932 15 92
9933 102 63
9934 113 37
9935 103 63
9936 113 33
9937 102 63
9938 112 33
9939 112 37
9940 14 92
9941 15 92
9942 103 63
9943 113 37
9944 14 92
9945 113 33
9946 15 92
9947 112 37
9948 102 63
9949 112 33
9950 103 63
9951 102 63
9952 113 33
9953 112 33
9954 103 63
9955 92 32
9956 113 33
9957 102 63
9958 112 33
9959 103 63
9960 113 33
9961 14 92
9962 113 37
9963 93 32
9964 92 32
9965 93 32
9966 92 32
9967 112 37
9968 112 33
9969 113 33
9970 112 33
9971 93 32
9972 92 32
9973 113 37
9974 15 92
9975 113 33
9976 112 37
9977 112 33
9978 14 92
9979 113 33
9980 93 32
9981 15 92
9982 14 92
9983 102 63
9984 15 92
9985 103 63
9986 112 33
9987 113 33
9988 102 63
9989 113 37
9990 112 33
9991 92 32
9992 112 37
9993 14 92
9994 15 92
9995 93 32
9996 103 63
9997 113 37
9998 102 63
9999 14 92
10000 92 32
10001 112 37
10002 113 33
10003 103 63
10004 93 32
10005 113 37
10006 112 37
10007 92 32
10008 102 63
10009 113 37
10010 112 37
10011 15 92
10012 113 37
10013 112 33
10014 103 63
10015 112 37
10016 113 33
10017 102 63
10018 103 63
10019 93 32
10020 113 37
10021 102 63
10022 92 32
10023 112 37
10024 103 63
10025 93 32
10026 112 33
10027 113 37
10028 113 33
10029 102 63
10030 112 37
10031 103 63
10032 113 37
10033 102 63
10034 112 33
10035 113 33
10036 103 63
10037 92 32
10038 14 92
10039 15 92
10040 102 63
10041 93 32
10042 92 32
10043 14 92
10044 112 33
10045 93 32
10046 112 37
10047 113 37
10048 103 63
10049 92 32
10050 15 92
10051 113 33
10052 93 32
10053 102 63
10054 92 32
10055 112 33
10056 113 33
10057 103 63
10058 102 63
10059 112 33
10060 103 63
10061 14 92
10062 112 37
10063 93 32
10064 102 63
10065 92 32
10066 93 32
10067 103 63
10068 92 32
10069 102 63
10070 103 63
10071 15 92
10072 102 63
10073 103 63
10074 14 92
10075 113 33
10076 112 33
10077 93 32
10078 102 63
10079 92 32
10080 113 33
10081 113 37
10082 15 92
10083 112 33
10084 113 33
10085 112 33
10086 14 92
10087 113 33
10088 103 63
10089 112 37
10090 15 92
10091 112 33
10092 102 63
10093 14 92
10094 15 92
10095 113 33
10096 103 63
10097 93 32
10098 92 32
10099 102 63
10100 112 33
10101 113 33
10102 103 63
10103 102 63
10104 113 37
10105 112 33
10106 113 33
10107 112 33
10108 112 37
10109 93 32
10110 14 92
10111 113 33
10112 15 92
10113 14 92
10114 92 32
10115 112 33
10116 113 37
10117 113 33
10118 15 92
10119 93 32
10120 92 32
10121 112 37
10122 103 63
10123 112 33
10124 14 92
10125 113 37
10126 112 37
10127 93 32
10128 113 33
10129 113 37
10130 92 32
10131 112 37
10132 112 33
10133 93 32
10134 113 37
10135 15 92
10136 92 32
10137 112 37
10138 113 33
10139 14 92
10140 113 37
10141 112 37
10142 112 33
10143 113 33
10144 93 32
10145 113 37
10146 112 37
10147 102 63
10148 113 37
10149 112 37
10150 112 33
10151 113 37
10152 15 92
10153 103 63
10154 113 33
10155 112 33
10156 14 92
10157 15 92
10158 92 32
10159 112 37
10160 14 92
10161 93 32
10162 113 33
10163 15 92
10164 102 63
10165 92 32
10166 14 92
10167 103 63
10168 112 33
10169 102 63
10170 113 33
10171 112 33
10172 113 37
10173 113 33
10174 93 32
10175 112 37
10176 103 63
10177 113 37
10178 102 63
10179 92 32
10180 15 92
10181 112 37
10182 113 37
10183 93 32
10184 112 37
10185 112 33
10186 103 63
10187 113 37
10188 102 63
10189 14 92
10190 112 37
10191 15 92
10192 103 63
10193 113 37
10194 92 32
10195 112 37
10196 14 92
10197 113 37
10198 112 37
10199 113 33
10200 112 33
10201 113 37
10202 93 32
10203 15 92
10204 113 33
10205 92 32
10206 14 92
10207 102 63
10208 112 37
10209 103 63
10210 113 37
10211 102 63
10212 15 92
10213 112 37
10214 112 33
10215 103 63
10216 93 32
10217 113 33
10218 102 63
10219 92 32
10220 14 92
10221 113 37
10222 112 33
10223 93 32
10224 15 92
10225 112 37
10226 103 63
10227 92 32
10228 113 37
10229 112 37
10230 14 92
10231 113 37
10232 113 33
10233 112 33
10234 112 37
10235 93 32
10236 92 32
10237 93 32
10238 113 37
10239 15 92
10240 92 32
10241 102 63
10242 103 63
10243 14 92
10244 102 63
10245 93 32
10246 113 33
10247 15 92
10248 14 92
10249 103 63
10250 112 37
10251 112 33
10252 102 63
10253 92 32
10254 113 33
10255 103 63
10256 15 92
10257 112 33
10258 113 37
10259 113 33
10260 14 92
10261 102 63
10262 15 92
10263 112 33
10264 14 92
10265 15 92
10266 113 33
10267 93 32
10268 103 63
10269 112 33
10270 112 37
10271 113 33
10272 112 33
10273 113 37
10274 14 92
10275 112 37
10276 15 92
10277 92 32
10278 113 37
10279 14 92
10280 15 92
10281 14 92
10282 15 92
10283 112 37
10284 113 37
10285 102 63
10286 112 37
10287 14 92
10288 93 32
10289 15 92
10290 113 33
10291 112 33
10292 113 33
10293 103 63
10294 112 33
10295 92 32
10296 14 92
10297 113 37
10298 113 33
10299 112 37
10300 112 33
10301 113 33
10302 15 92
10303 113 37
10304 102 63
10305 112 37
10306 113 37
10307 112 33
10308 93 32
10309 14 92
10310 112 37
10311 92 32
10312 113 37
10313 113 33
10314 93 32
10315 92 32
10316 15 92
10317 93 32
10318 103 63
10319 112 37
10320 102 63
10321 92 32
10322 113 37
10323 112 33
10324 113 33
10325 112 33
10326 103 63
10327 14 92
10328 93 32
10329 15 92
10330 14 92
10331 92 32
10332 112 37
10333 113 37
10334 112 37
10335 15 92
10336 113 37
10337 93 32
10338 112 37
10339 113 37
10340 113 33
10341 112 37
10342 113 37
10343 14 92
10344 15 92
10345 112 33
10346 14 92
10347 113 33
10348 102 63
10349 112 33
10350 112 37
10351 92 32
10352 113 37
10353 93 32
10354 92 32
10355 93 32
10356 113 33
10357 112 33
10358 15 92
10359 113 33
10360 92 32
10361 112 33
10362 103 63
10363 14 92
10364 93 32
10365 92 32
10366 112 37
10367 113 37
10368 112 37
10369 102 63
10370 113 33
10371 112 33
10372 93 32
10373 113 37
10374 112 37
10375 15 92
10376 113 37
10377 14 92
10378 112 37
10379 113 37
10380 103 63
10381 112 37
10382 92 32
10383 15 92
10384 113 37
10385 102 63
10386 14 92
10387 103 63
10388 93 32
10389 102 63
10390 92 32
10391 93 32
10392 112 37
10393 92 32
10394 15 92
10395 93 32
10396 113 37
10397 112 37
10398 103 63
10399 92 32
10400 93 32
10401 92 32
10402 113 37
10403 112 37
10404 14 92
10405 113 37
10406 15 92
10407 112 37
10408 93 32
10409 113 37
10410 113 33
10411 102 63
10412 92 32
10413 93 32
10414 112 33
10415 103 63
10416 112 37
10417 92 32
10418 113 37
10419 93 32
10420 112 37
10421 14 92
10422 102 63
10423 92 32
10424 103 63
10425 93 32
10426 113 37
10427 113 33
10428 15 92
10429 92 32
10430 14 92
10431 112 37
10432 15 92
10433 102 63
10434 93 32
10435 103 63
10436 102 63
10437 103 63
10438 113 37
10439 112 37
10440 102 63
10441 14 92
10442 113 37
10443 112 37
10444 113 37
10445 112 33
10446 113 33
10447 15 92
10448 14 92
10449 103 63
10450 102 63
10451 92 32
10452 103 63
10453 15 92
10454 93 32
10455 112 33
10456 113 33
10457 92 32
10458 93 32
10459 92 32
10460 102 63
10461 14 92
10462 112 37
10463 113 37
10464 103 63
10465 15 92
10466 112 37
10467 102 63
10468 103 63
10469 93 32
10470 102 63
10471 103 63
10472 14 92
10473 113 37
10474 15 92
10475 14 92
10476 112 37
10477 92 32
10478 102 63
10479 15 92
10480 93 32
10481 113 37
10482 103 63
10483 92 32
10484 93 32
10485 112 33
10486 92 32
10487 112 37
10488 102 63
10489 113 37
10490 112 37
10491 93 32
10492 113 33
10493 103 63
10494 14 92
10495 92 32
10496 93 32
10497 113 37
10498 92 32
10499 112 37
10500 15 92
10501 14 92
10502 102 63
10503 112 33
10504 93 32
10505 113 33
10506 113 37
10507 112 33
10508 103 63
10509 15 92
10510 113 33
10511 102 63
10512 112 37
10513 113 37
10514 92 32
10515 103 63
10516 14 92
10517 102 63
10518 112 37
10519 112 33
10520 93 32
10521 92 32
10522 113 37
10523 93 32
10524 103 63
10525 113 33
10526 92 32
10527 93 32
10528 92 32
10529 112 33
10530 15 92
10531 93 32
10532 92 32
10533 112 37
10534 93 32
10535 113 37
10536 112 37
10537 102 63
10538 14 92
10539 103 63
10540 102 63
10541 103 63
10542 15 92
10543 113 37
10544 113 33
10545 112 37
10546 92 32
10547 14 92
10548 113 37
10549 112 33
10550 113 33
10551 15 92
10552 102 63
10553 112 37
10554 93 32
10555 92 32
10556 93 32
10557 112 33
10558 113 37
10559 14 92
10560 112 37
10561 92 32
10562 113 37
10563 112 37
10564 113 33
10565 113 37
10566 103 63
10567 112 33
10568 112 37
10569 113 37
10570 112 37
10571 93 32
10572 113 33
10573 112 33
10574 113 37
10575 112 37
10576 92 32
10577 102 63
10578 113 33
10579 112 33
10580 103 63
10581 113 37
10582 112 37
10583 93 32
10584 102 63
10585 113 37
10586 112 37
10587 103 63
10588 113 33
10589 92 32
10590 15 92
10591 93 32
10592 112 33
10593 92 32
10594 14 92
10595 113 33
10596 112 33
10597 15 92
10598 14 92
10599 113 33
10600 93 32
10601 113 37
10602 112 33
10603 92 32
10604 15 92
10605 102 63
10606 14 92
10607 103 63
10608 112 37
10609 93 32
10610 113 37
10611 113 33
10612 15 92
10613 14 92
10614 112 33
10615 112 37
10616 15 92
10617 113 33
10618 113 37
10619 112 33
10620 92 32
10621 113 33
10622 112 37
10623 113 37
10624 112 37
10625 93 32
10626 102 63
10627 113 37
10628 92 32
10629 112 33
10630 103 63
10631 93 32
10632 102 63
10633 113 33
10634 14 92
10635 15 92
10636 14 92
10637 112 33
10638 113 33
10639 92 32
10640 112 37
10641 112 33
10642 93 32
10643 92 32
10644 93 32
10645 113 37
10646 103 63
10647 113 33
10648 102 63
10649 103 63
10650 15 92
10651 112 33
10652 14 92
10653 15 92
10654 92 32
10655 102 63
10656 93 32
10657 14 92
10658 92 32
10659 15 92
10660 113 33
10661 93 32
10662 103 63
10663 112 37
10664 113 37
10665 102 63
10666 103 63
10667 14 92
10668 112 37
10669 15 92
10670 102 63
10671 113 37
10672 14 92
10673 15 92
10674 14 92
10675 103 63
10676 15 92
10677 14 92
10678 102 63
10679 112 33
10680 15 92
10681 92 32
10682 103 63
10683 102 63
10684 113 33
10685 14 92
10686 15 92
10687 93 32
10688 112 37
10689 103 63
10690 14 92
10691 15 92
10692 112 33
10693 113 33
10694 102 63
10695 92 32
10696 113 37
10697 93 32
10698 92 32
10699 93 32
10700 112 37
10701 112 33
10702 14 92
10703 92 32
10704 103 63
10705 102 63
10706 93 32
10707 92 32
10708 113 33
10709 112 33
10710 15 92
10711 113 37
10712 103 63
10713 14 92
10714 15 92
10715 102 63
10716 93 32
10717 112 37
10718 113 33
10719 14 92
10720 15 92
10721 92 32
10722 112 33
10723 113 37
10724 14 92
10725 15 92
10726 14 92
10727 113 33
10728 15 92
10729 103 63
10730 112 33
10731 113 33
10732 93 32
10733 112 33
10734 113 33
10735 14 92
10736 92 32
10737 112 33
10738 112 37
10739 113 33
10740 15 92
10741 93 32
10742 112 33
10743 102 63
10744 92 32
10745 14 92
10746 113 33
10747 15 92
10748 113 37
10749 93 32
10750 112 37
10751 113 37
10752 112 33
10753 92 32
10754 113 33
10755 112 37
10756 112 33
10757 113 33
10758 14 92
10759 103 63
10760 102 63
10761 93 32
10762 15 92
10763 113 37
10764 103 63
10765 112 33
10766 102 63
10767 112 37
10768 103 63
10769 113 33
10770 14 92
10771 112 33
10772 113 37
10773 92 32
10774 112 37
10775 93 32
10776 15 92
10777 113 33
10778 112 33
10779 102 63
10780 92 32
10781 14 92
10782 93 32
10783 113 37
10784 112 37
10785 92 32
10786 113 37
10787 103 63
10788 113 33
10789 102 63
10790 112 37
10791 15 92
10792 113 37
10793 93 32
10794 103 63
10795 112 33
10796 14 92
10797 112 37
10798 113 33
10799 92 32
10800 113 37
10801 112 33
10802 113 33
10803 15 92
10804 112 37
10805 102 63
10806 103 63
10807 102 63
10808 113 37
10809 103 63
10810 112 37
10811 113 37
10812 102 63
10813 14 92
10814 103 63
10815 112 33
10816 112 37
10817 113 33
10818 112 33
10819 113 37
10820 113 33
10821 112 37
10822 113 37
10823 112 33
10824 15 92
10825 93 32
10826 113 33
10827 112 37
10828 113 37
10829 102 63
10830 14 92
10831 112 33
10832 15 92
10833 113 33
10834 103 63
10835 112 33
10836 102 63
10837 14 92
10838 113 33
10839 15 92
10840 112 33
10841 103 63
10842 113 33
10843 14 92
10844 15 92
10845 92 32
10846 112 33
10847 113 33
10848 93 32
10849 102 63
10850 14 92
10851 112 33
10852 92 32
10853 103 63
10854 102 63
10855 113 33
10856 112 33
10857 103 63
10858 93 32
10859 15 92
10860 102 63
10861 113 33
10862 14 92
10863 103 63
10864 92 32
10865 112 37
10866 93 32
10867 102 63
10868 113 37
10869 112 37
10870 92 32
10871 103 63
10872 93 32
10873 112 33
10874 15 92
10875 113 37
10876 92 32
10877 112 37
10878 93 32
10879 14 92
10880 113 33
10881 113 37
10882 102 63
10883 112 33
10884 112 37
10885 113 33
10886 15 92
10887 92 32
10888 113 37
10889 103 63
10890 102 63
10891 14 92
10892 112 33
10893 103 63
10894 102 63
10895 15 92
10896 93 32
10897 92 32
10898 103 63
10899 93 32
10900 92 32
10901 14 92
10902 112 37
10903 15 92
10904 113 33
10905 112 33
10906 113 37
10907 93 32
10908 102 63
10909 113 33
10910 112 37
10911 14 92
10912 112 33
10913 92 32
10914 113 33
10915 113 37
10916 112 37
10917 93 32
10918 112 33
10919 113 37
10920 103 63
10921 112 37
10922 15 92
10923 92 32
10924 113 37
10925 14 92
10926 113 33
10927 93 32
10928 92 32
10929 112 37
10930 93 32
10931 92 32
10932 93 32
10933 113 37
10934 112 33
10935 112 37
10936 102 63
10937 113 37
10938 103 63
10939 113 33
10940 15 92
10941 92 32
10942 102 63
10943 112 33
10944 93 32
10945 112 37
10946 14 92
10947 113 33
10948 103 63
10949 112 33
10950 15 92
10951 102 63
10952 92 32
10953 113 37
10954 112 37
10955 113 33
10956 93 32
10957 103 63
10958 112 33
10959 14 92
10960 15 92
10961 113 37
10962 112 37
10963 113 33
10964 102 63
10965 112 33
10966 103 63
10967 92 32
10968 102 63
10969 14 92
10970 103 63
10971 113 37
10972 15 92
10973 102 63
10974 112 37
10975 113 37
10976 112 37
10977 93 32
10978 92 32
10979 113 37
10980 112 37
10981 103 63
10982 102 63
10983 14 92
10984 93 32
10985 113 33
10986 103 63
10987 92 32
10988 112 33
10989 102 63
10990 113 37
10991 113 33
10992 15 92
10993 112 33
10994 93 32
10995 113 33
10996 103 63
10997 92 32
10998 14 92
10999 112 37
11000 15 92
11001 113 37
11002 112 37
11003 113 37
11004 93 32
11005 14 92
11006 102 63
11007 15 92
11008 92 32
11009 14 92
11010 93 32
11011 112 37
11012 112 33
11013 103 63
11014 113 37
11015 113 33
11016 15 92
11017 112 33
11018 113 33
11019 14 92
11020 92 32
11021 102 63
11022 93 32
11023 15 92
11024 103 63
11025 92 32
11026 112 33
11027 93 32
11028 102 63
11029 112 37
11030 103 63
11031 102 63
11032 103 63
11033 92 32
11034 93 32
11035 113 33
11036 14 92
11037 15 92
11038 14 92
11039 113 37
11040 92 32
11041 112 33
11042 112 37
11043 113 37
11044 112 37
11045 102 63
11046 93 32
11047 113 37
11048 112 37
11049 113 33
11050 103 63
11051 15 92
11052 92 32
11053 14 92
11054 102 63
11055 113 37
11056 15 92
11057 103 63
11058 112 37
11059 102 63
11060 112 33
11061 103 63
11062 113 33
11063 102 63
11064 93 32
11065 14 92
11066 92 32
11067 93 32
11068 113 37
11069 15 92
11070 103 63
11071 112 37
11072 14 92
11073 92 32
11074 113 37
11075 102 63
11076 112 37
11077 15 92
11078 93 32
11079 103 63
11080 102 63
11081 113 37
11082 14 92
11083 103 63
11084 112 33
11085 92 32
11086 15 92
11087 112 37
11088 102 63
11089 103 63
11090 113 33
11091 93 32
11092 102 63
11093 14 92
11094 92 32
11095 93 32
11096 103 63
11097 102 63
11098 92 32
11099 93 32
11100 113 37
11101 112 33
11102 92 32
11103 112 37
11104 113 37
11105 112 37
11106 113 33
11107 112 33
11108 113 33
11109 93 32
11110 103 63
11111 112 33
11112 15 92
11113 113 37
11114 102 63
11115 92 32
11116 103 63
11117 113 33
11118 102 63
11119 14 92
11120 112 33
11121 93 32
11122 103 63
11123 15 92
11124 14 92
11125 113 33
11126 92 32
11127 15 92
11128 112 37
11129 102 63
11130 112 33
11131 113 33
11132 103 63
11133 14 92
11134 102 63
11135 112 33
11136 113 33
11137 112 33
11138 93 32
11139 92 32
11140 113 33
11141 15 92
11142 14 92
11143 112 33
11144 15 92
11145 113 33
11146 112 33
11147 93 32
11148 92 32
11149 93 32
11150 103 63
11151 113 37
11152 113 33
11153 102 63
11154 112 37
11155 92 32
11156 93 32
11157 92 32
11158 93 32
11159 14 92
11160 103 63
11161 15 92
11162 92 32
11163 14 92
11164 93 32
11165 102 63
11166 113 37
11167 112 37
11168 113 37
11169 112 37
11170 15 92
11171 113 37
11172 112 33
11173 103 63
11174 14 92
11175 92 32
11176 113 33
11177 102 63
11178 15 92
11179 112 33
11180 103 63
11181 112 37
11182 14 92
11183 93 32
11184 113 33
11185 92 32
11186 112 33
11187 113 33
11188 93 32
11189 15 92
11190 113 37
11191 92 32
11192 112 37
11193 102 63
11194 103 63
11195 14 92
11196 112 33
11197 113 37
11198 93 32
11199 112 37
11200 113 33
11201 102 63
11202 103 63
11203 113 37
11204 102 63
11205 92 32
11206 112 33
11207 112 37
11208 15 92
11209 14 92
11210 113 37
11211 113 33
11212 103 63
11213 112 37
11214 93 32
11215 15 92
11216 102 63
11217 92 32
11218 14 92
11219 113 37
11220 15 92
11221 103 63
11222 112 37
11223 93 32
11224 112 33
11225 102 63
11226 103 63
11227 92 32
11228 102 63
11229 113 37
11230 93 32
11231 112 37
11232 113 33
11233 92 32
11234 113 37
11235 14 92
11236 15 92
11237 112 33
11238 103 63
11239 112 37
11240 14 92
11241 113 37
11242 15 92
11243 113 33
11244 14 92
11245 15 92
11246 14 92
11247 112 37
11248 113 37
11249 15 92
11250 112 37
11251 113 37
11252 112 37
11253 93 32
11254 113 37
11255 112 33
11256 92 32
11257 112 37
11258 14 92
11259 15 92
11260 102 63
11261 93 32
11262 113 37
11263 92 32
11264 112 37
11265 113 33
11266 112 33
11267 93 32
11268 92 32
11269 113 37
11270 112 37
11271 103 63
11272 14 92
11273 102 63
11274 93 32
11275 113 33
11276 103 63
11277 92 32
11278 102 63
11279 93 32
11280 15 92
11281 103 63
11282 92 32
11283 113 37
11284 112 33
11285 112 37
11286 93 32
11287 14 92
11288 102 63
11289 113 33
11290 112 33
11291 113 37
11292 113 33
11293 92 32
11294 103 63
11295 15 92
11296 112 33
11297 102 63
11298 112 37
11299 103 63
11300 102 63
11301 103 63
11302 113 37
11303 102 63
11304 93 32
11305 103 63
11306 92 32
11307 102 63
11308 112 37
11309 113 33
11310 93 32
11311 92 32
11312 113 37
11313 103 63
11314 112 37
11315 93 32
11316 113 37
11317 92 32
11318 112 33
11319 14 92
11320 113 33
11321 15 92
11322 112 33
11323 112 37
11324 14 92
11325 102 63
11326 113 33
11327 113 37
11328 103 63
11329 112 33
11330 93 32
11331 112 37
11332 15 92
11333 113 33
11334 92 32
11335 93 32
11336 92 32
11337 14 92
11338 93 32
11339 92 32
11340 93 32
11341 92 32
11342 15 92
11343 93 32
11344 112 33
11345 102 63
11346 103 63
11347 92 32
11348 14 92
11349 113 37
11350 102 63
11351 15 92
11352 113 33
11353 112 37
11354 14 92
11355 15 92
11356 112 33
11357 113 33
11358 103 63
11359 93 32
11360 112 33
11361 14 92
11362 113 33
11363 15 92
11364 102 63
11365 112 33
11366 103 63
11367 102 63
11368 113 37
11369 113 33
11370 14 92
11371 112 33
11372 15 92
11373 14 92
11374 92 32
11375 103 63
11376 93 32
11377 102 63
11378 112 37
11379 103 63
11380 113 33
11381 113 37
11382 92 32
11383 15 92
11384 14 92
11385 102 63
11386 112 37
11387 113 37
11388 103 63
11389 112 37
11390 15 92
11391 102 63
11392 113 37
11393 112 33
11394 93 32
11395 14 92
11396 113 33
11397 112 33
11398 113 33
11399 112 37
11400 15 92
11401 112 33
11402 14 92
11403 113 33
11404 92 32
11405 113 37
11406 112 37
11407 93 32
11408 113 37
11409 15 92
11410 92 32
11411 112 33
11412 14 92
11413 103 63
11414 93 32
11415 15 92
11416 92 32
11417 93 32
11418 113 33
11419 112 33
11420 102 63
11421 14 92
11422 15 92
11423 103 63
11424 14 92
11425 113 33
11426 102 63
11427 92 32
11428 112 37
11429 93 32
11430 92 32
11431 112 33
11432 103 63
11433 113 33
11434 112 33
11435 102 63
11436 15 92
11437 14 92
11438 15 92
11439 93 32
11440 113 33
11441 113 37
11442 103 63
11443 112 37
11444 92 32
11445 102 63
11446 93 32
11447 14 92
11448 92 32
11449 15 92
11450 112 33
11451 14 92
11452 103 63
11453 15 92
11454 93 32
11455 113 37
11456 92 32
11457 93 32
11458 102 63
11459 103 63
11460 112 37
11461 14 92
11462 102 63
11463 92 32
11464 93 32
11465 15 92
11466 92 32
11467 93 32
11468 113 37
11469 113 33
11470 92 32
11471 14 92
11472 112 37
11473 113 37
11474 112 33
11475 113 33
11476 112 37
11477 112 33
11478 93 32
11479 92 32
11480 93 32
11481 92 32
11482 113 33
11483 15 92
11484 113 37
11485 112 33
11486 113 33
11487 14 92
11488 103 63
11489 15 92
11490 112 37
11491 93 32
11492 92 32
11493 112 33
11494 93 32
11495 14 92
11496 102 63
11497 92 32
11498 113 37
11499 113 33
11500 93 32
11501 112 37
11502 15 92
11503 113 37
11504 92 32
11505 103 63
11506 102 63
11507 93 32
11508 14 92
11509 92 32
11510 112 33
11511 113 33
11512 112 37
11513 112 33
11514 15 92
11515 113 37
11516 103 63
11517 102 63
11518 103 63
11519 93 32
11520 14 92
11521 113 33
11522 92 32
11523 112 33
11524 113 33
11525 102 63
11526 112 37
11527 93 32
11528 15 92
11529 92 32
11530 14 92
11531 103 63
11532 15 92
11533 113 37
11534 14 92
11535 15 92
11536 112 33
11537 14 92
11538 113 33
11539 112 33
11540 102 63
11541 103 63
11542 15 92
11543 113 33
11544 112 37
11545 102 63
11546 93 32
11547 113 37
11548 112 37
11549 113 37
11550 14 92
11551 92 32
11552 103 63
11553 15 92
11554 112 33
11555 14 92
11556 15 92
11557 93 32
11558 102 63
11559 14 92
11560 15 92
11561 112 37
11562 14 92
11563 113 33
11564 103 63
11565 113 37
11566 102 63
11567 92 32
11568 93 32
11569 112 33
11570 92 32
11571 113 33
11572 15 92
11573 14 92
11574 112 37
11575 112 33
11576 15 92
11577 113 37
11578 103 63
11579 93 32
11580 112 37
11581 113 37
11582 14 92
11583 112 37
11584 113 33
11585 102 63
11586 113 37
11587 112 33
11588 113 33
11589 92 32
11590 15 92
11591 112 33
11592 103 63
11593 112 37
11594 102 63
11595 113 33
11596 14 92
11597 113 37
11598 15 92
11599 112 33
11600 103 63
11601 14 92
11602 102 63
11603 113 33
11604 112 33
11605 93 32
11606 15 92
11607 112 37
11608 14 92
11609 103 63
11610 113 33
11611 102 63
11612 113 37
11613 112 33
11614 92 32
11615 113 33
11616 93 32
11617 15 92
11618 14 92
11619 103 63
11620 102 63
11621 92 32
11622 103 63
11623 112 37
11624 113 37
11625 112 33
11626 112 37
11627 113 33
11628 15 92
11629 112 33
11630 113 33
11631 93 32
11632 14 92
11633 15 92
11634 112 33
11635 92 32
11636 102 63
11637 93 32
11638 14 92
11639 103 63
11640 113 37
11641 112 37
11642 113 33
11643 102 63
11644 103 63
11645 112 33
11646 102 63
11647 103 63
11648 113 37
11649 113 33
11650 102 63
11651 112 33
11652 112 37
11653 92 32
11654 15 92
11655 14 92
11656 93 32
11657 103 63
11658 15 92
11659 113 37
11660 112 37
11661 102 63
11662 103 63
11663 113 37
11664 112 37
11665 14 92
11666 15 92
11667 102 63
11668 103 63
11669 102 63
11670 92 32
11671 93 32
11672 14 92
11673 113 37
11674 92 32
11675 113 33
11676 103 63
11677 112 37
11678 15 92
11679 113 37
11680 112 37
11681 102 63
11682 103 63
11683 113 37
11684 14 92
11685 112 37
11686 113 37
11687 93 32
11688 92 32
11689 15 92
11690 112 33
11691 93 32
11692 14 92
11693 113 33
11694 92 32
11695 112 33
11696 102 63
11697 112 37
11698 113 33
11699 112 33
11700 103 63
11701 93 32
11702 92 32
11703 93 32
11704 102 63
11705 92 32
11706 113 33
11707 93 32
11708 15 92
11709 92 32
11710 14 92
11711 93 32
11712 92 32
11713 93 32
11714 92 32
11715 112 33
11716 93 32
11717 15 92
11718 14 92
11719 113 37
11720 15 92
11721 14 92
11722 15 92
11723 14 92
11724 15 92
11725 113 33
11726 112 37
11727 14 92
11728 112 33
11729 92 32
11730 103 63
11731 113 33
11732 102 63
11733 113 37
11734 112 37
11735 112 33
11736 103 63
11737 15 92
11738 102 63
11739 113 33
11740 103 63
11741 14 92
11742 15 92
11743 102 63
11744 113 37
11745 93 32
11746 103 63
11747 14 92
11748 102 63
11749 15 92
11750 112 33
11751 103 63
11752 14 92
11753 92 32
11754 102 63
11755 113 33
11756 103 63
11757 112 33
11758 102 63
11759 93 32
11760 15 92
11761 113 33
11762 112 37
11763 92 32
11764 93 32
11765 112 33
11766 14 92
11767 92 32
11768 93 32
11769 113 33
11770 112 33
11771 15 92
11772 103 63
11773 14 92
11774 92 32
11775 113 33
11776 15 92
11777 102 63
11778 113 37
11779 112 33
11780 113 33
11781 93 32
11782 103 63
11783 102 63
11784 14 92
11785 103 63
11786 102 63
11787 92 32
11788 93 32
11789 112 37
11790 103 63
11791 92 32
11792 93 32
11793 92 32
11794 113 37
11795 102 63
11796 112 37
11797 103 63
11798 102 63
11799 113 37
11800 112 37
11801 112 33
11802 93 32
11803 103 63
11804 15 92
11805 113 37
11806 102 63
11807 112 37
11808 14 92
11809 113 37
11810 113 33
11811 15 92
11812 92 32
11813 103 63
11814 112 37
11815 93 32
11816 102 63
11817 92 32
11818 14 92
11819 113 37
11820 93 32
11821 112 37
11822 112 33
11823 113 37
11824 92 32
11825 112 37
11826 103 63
11827 102 63
11828 113 33
11829 15 92
11830 103 63
11831 112 33
11832 102 63
11833 103 63
11834 102 63
11835 103 63
11836 14 92
11837 102 63
11838 113 33
11839 103 63
11840 93 32
11841 112 33
11842 113 33
11843 112 33
11844 92 32
11845 113 33
11846 15 92
11847 112 33
11848 102 63
11849 103 63
11850 14 92
11851 102 63
11852 15 92
11853 113 37
11854 112 37
11855 14 92
11856 103 63
11857 93 32
11858 92 32
11859 113 37
11860 102 63
11861 15 92
11862 112 37
11863 14 92
11864 15 92
11865 14 92
11866 113 33
11867 103 63
11868 93 32
11869 112 33
11870 92 32
11871 93 32
11872 102 63
11873 113 33
11874 113 37
11875 92 32
11876 112 33
11877 112 37
11878 103 63
11879 15 92
11880 102 63
11881 93 32
11882 14 92
11883 92 32
11884 15 92
11885 93 32
11886 14 92
11887 103 63
11888 15 92
11889 113 33
11890 112 33
11891 102 63
11892 103 63
11893 102 63
11894 113 37
11895 14 92
11896 103 63
11897 15 92
11898 14 92
11899 113 33
11900 112 37
11901 102 63
11902 113 37
11903 92 32
11904 112 37
11905 103 63
11906 112 33
11907 93 32
11908 113 33
11909 15 92
11910 92 32
11911 93 32
11912 112 33
11913 113 37
11914 92 32
11915 14 92
11916 93 32
11917 113 33
11918 112 37
11919 15 92
11920 102 63
11921 112 33
11922 92 32
11923 14 92
11924 103 63
11925 15 92
11926 14 92
11927 15 92
11928 14 92
11929 113 37
11930 113 33
11931 112 33
11932 113 33
11933 112 37
11934 102 63
11935 113 37
11936 93 32
11937 15 92
11938 112 33
11939 112 37
11940 113 33
11941 103 63
11942 112 33
11943 102 63
11944 92 32
11945 113 37
11946 113 33
11947 14 92
11948 112 33
11949 113 33
11950 15 92
11951 103 63
11952 102 63
11953 112 33
11954 113 33
11955 112 37
11956 103 63
11957 113 37
11958 14 92
11959 15 92
11960 14 92
11961 15 92
11962 102 63
11963 112 37
11964 14 92
11965 112 33
11966 113 37
11967 15 92
11968 93 32
11969 113 33
11970 92 32
11971 14 92
11972 15 92
11973 112 33
11974 103 63
11975 102 63
11976 14 92
11977 15 92
11978 103 63
11979 93 32
11980 102 63
11981 113 33
11982 103 63
11983 112 37
11984 113 37
11985 92 32
11986 14 92
11987 112 33
11988 15 92
11989 93 32
11990 112 37
11991 92 32
11992 102 63
11993 14 92
11994 113 37
11995 15 92
11996 103 63
11997 112 37
11998 102 63
11999 103 63
12000 102 63
12001 14 92
12002 113 37
12003 112 37
12004 113 37
12005 113 33
12006 15 92
12007 14 92
12008 112 33
12009 15 92
12010 113 33
12011 112 37
12012 112 33
12013 113 33
12014 14 92
12015 15 92
12016 112 33
12017 113 37
12018 103 63
12019 14 92
12020 112 37
12021 93 32
12022 113 33
12023 92 32
12024 113 37
12025 112 37
12026 93 32
12027 15 92
12028 112 33
12029 113 33
12030 113 37
12031 112 37
12032 92 32
12033 113 37
12034 112 37
12035 113 37
12036 112 33
12037 102 63
12038 112 37
12039 113 33
12040 112 33
12041 113 33
12042 103 63
12043 102 63
12044 112 33
12045 113 37
12046 112 37
12047 103 63
12048 14 92
12049 93 32
12050 113 33
12051 112 33
12052 113 37
12053 92 32
12054 15 92
12055 112 37
12056 93 32
12057 92 32
12058 14 92
12059 113 33
12060 15 92
12061 113 37
12062 102 63
12063 93 32
12064 112 37
12065 92 32
12066 93 32
12067 112 33
12068 113 37
12069 112 37
12070 113 37
12071 92 32
12072 103 63
12073 102 63
12074 103 63
12075 14 92
12076 113 33
12077 15 92
12078 112 37
12079 14 92
12080 112 33
12081 102 63
12082 113 37
12083 113 33
12084 112 37
12085 112 33
12086 113 33
12087 113 37
12088 15 92
12089 112 37
12090 112 33
12091 93 32
12092 113 37
12093 113 33
12094 103 63
12095 14 92
12096 92 32
12097 102 63
12098 93 32
12099 92 32
12100 93 32
12101 92 32
12102 112 33
12103 112 37
12104 103 63
12105 15 92
12106 93 32
12107 113 33
12108 102 63
12109 112 33
12110 113 37
12111 103 63
12112 102 63
12113 92 32
12114 14 92
12115 15 92
12116 14 92
12117 15 92
12118 14 92
12119 112 37
12120 103 63
12121 113 37
12122 93 32
12123 112 37
12124 113 37
12125 15 92
12126 102 63
12127 112 37
12128 113 33
12129 103 63
12130 112 33
12131 113 33
12132 113 37
12133 14 92
12134 112 33
12135 112 37
12136 15 92
12137 102 63
12138 92 32
12139 14 92
12140 113 33
12141 113 37
12142 103 63
12143 112 37
12144 113 37
12145 93 32
12146 102 63
12147 112 33
12148 103 63
12149 112 37
12150 15 92
12151 92 32
12152 113 33
12153 113 37
12154 112 33
12155 113 33
12156 14 92
12157 15 92
12158 112 37
12159 93 32
12160 14 92
12161 15 92
12162 113 37
12163 92 32
12164 93 32
12165 112 37
12166 113 37
12167 14 92
12168 15 92
12169 92 32
12170 102 63
12171 93 32
12172 112 33
12173 92 32
12174 113 33
12175 14 92
12176 103 63
12177 93 32
12178 15 92
12179 92 32
12180 112 33
12181 102 63
12182 103 63
12183 14 92
12184 102 63
12185 15 92
12186 112 37
12187 93 32
12188 92 32
12189 93 32
12190 113 33
12191 14 92
12192 103 63
12193 15 92
12194 113 37
12195 112 37
12196 14 92
12197 112 33
12198 15 92
12199 113 33
12200 112 33
12201 102 63
12202 113 37
12203 92 32
12204 113 33
12205 112 33
12206 112 37
12207 113 37
12208 112 37
12209 93 32
12210 113 37
12211 112 37
12212 113 33
12213 103 63
12214 113 37
12215 14 92
12216 112 33
12217 112 37
12218 102 63
12219 15 92
12220 103 63
12221 102 63
12222 14 92
12223 15 92
12224 14 92
12225 15 92
12226 14 92
12227 92 32
12228 103 63
12229 102 63
12230 113 33
12231 15 92
12232 112 33
12233 103 63
12234 14 92
12235 102 63
12236 93 32
12237 113 33
12238 92 32
12239 93 32
12240 92 32
12241 103 63
12242 102 63
12243 112 33
12244 103 63
12245 15 92
12246 14 92
12247 15 92
12248 93 32
12249 102 63
12250 113 37
12251 92 32
12252 112 37
12253 113 37
12254 103 63
12255 93 32
12256 92 32
12257 102 63
12258 14 92
12259 93 32
12260 15 92
12261 14 92
12262 15 92
12263 92 32
12264 93 32
12265 92 32
12266 112 37
12267 93 32
12268 14 92
12269 113 37
12270 113 33
12271 112 33
12272 92 32
12273 93 32
12274 15 92
12275 113 33
12276 103 63
12277 112 37
12278 102 63
12279 103 63
12280 112 33
12281 92 32
12282 113 37
12283 14 92
12284 113 33
12285 93 32
12286 112 37
12287 15 92
12288 92 32
12289 112 33
12290 14 92
12291 113 33
12292 113 37
12293 15 92
12294 14 92
12295 112 33
12296 15 92
12297 112 37
12298 14 92
12299 102 63
12300 113 37
12301 113 33
12302 112 33
12303 113 33
12304 15 92
12305 14 92
12306 15 92
12307 103 63
12308 112 37
12309 112 33
12310 93 32
12311 102 63
12312 103 63
12313 113 33
12314 92 32
12315 14 92
12316 102 63
12317 113 37
12318 112 33
12319 113 33
12320 112 37
12321 15 92
12322 103 63
12323 102 63
12324 103 63
12325 93 32
12326 102 63
12327 112 33
12328 14 92
12329 103 63
12330 113 37
12331 102 63
12332 15 92
12333 14 92
12334 112 37
12335 103 63
12336 92 32
12337 113 33
12338 15 92
12339 112 33
12340 113 33
12341 102 63
12342 93 32
12343 92 32
12344 93 32
12345 92 32
12346 103 63
12347 14 92
12348 102 63
12349 15 92
12350 103 63
12351 102 63
12352 103 63
12353 113 37
12354 14 92
12355 15 92
12356 102 63
12357 14 92
12358 112 37
12359 112 33
12360 103 63
12361 113 37
12362 15 92
12363 112 37
12364 113 33
12365 14 92
12366 102 63
12367 103 63
12368 93 32
12369 112 33
12370 102 63
12371 113 33
12372 112 33
12373 15 92
12374 14 92
12375 113 33
12376 113 37
12377 15 92
12378 92 32
12379 103 63
12380 112 37
12381 112 33
12382 113 37
12383 113 33
12384 112 37
12385 102 63
12386 14 92
12387 103 63
12388 93 32
12389 113 37
12390 15 92
12391 112 37
12392 92 32
12393 102 63
12394 112 33
12395 93 32
12396 113 37
12397 103 63
12398 112 37
12399 102 63
12400 92 32
12401 14 92
12402 113 37
12403 93 32
12404 112 37
12405 113 33
12406 92 32
12407 93 32
12408 113 37
12409 103 63
12410 112 37
12411 15 92
12412 113 37
12413 112 33
12414 102 63
12415 92 32
12416 93 32
12417 113 33
12418 103 63
12419 14 92
12420 92 32
12421 93 32
12422 102 63
12423 103 63
12424 102 63
12425 112 33
12426 92 32
12427 113 33
12428 112 33
12429 15 92
12430 103 63
12431 93 32
12432 92 32
12433 14 92
12434 93 32
12435 92 32
12436 93 32
12437 92 32
12438 93 32
12439 113 33
12440 92 32
12441 112 37
12442 113 37
12443 15 92
12444 112 37
12445 113 37
12446 93 32
12447 92 32
12448 93 32
12449 14 92
12450 15 92
12451 112 33
12452 113 33
12453 102 63
12454 112 37
12455 113 37
12456 112 33
12457 112 37
12458 14 92
12459 103 63
12460 113 37
12461 113 33
12462 102 63
12463 103 63
12464 92 32
12465 15 92
12466 14 92
12467 15 92
12468 112 33
12469 93 32
12470 92 32
12471 14 92
12472 113 33
12473 93 32
12474 112 33
12475 102 63
12476 112 37
12477 113 37
12478 103 63
12479 15 92
12480 14 92
12481 102 63
12482 92 32
12483 103 63
12484 113 33
12485 102 63
12486 103 63
12487 102 63
12488 112 33
12489 15 92
12490 14 92
12491 113 33
12492 15 92
12493 14 92
12494 15 92
12495 93 32
12496 103 63
12497 14 92
12498 92 32
12499 102 63
12500 93 32
12501 112 33
12502 15 92
12503 103 63
12504 92 32
12505 14 92
12506 112 37
12507 15 92
12508 102 63
12509 93 32
12510 92 32
12511 113 33
12512 93 32
12513 92 32
12514 103 63
12515 112 33
12516 113 33
12517 102 63
12518 14 92
12519 15 92
12520 112 33
12521 93 32
12522 92 32
12523 14 92
12524 93 32
12525 113 33
12526 113 37
12527 112 37
12528 92 32
12529 103 63
12530 112 33
12531 15 92
12532 113 33
12533 112 33
12534 113 33
12535 102 63
12536 14 92
12537 93 32
12538 103 63
12539 113 37
12540 112 33
12541 113 33
12542 102 63
12543 15 92
12544 112 33
12545 103 63
12546 14 92
12547 92 32
12548 113 33
12549 93 32
12550 112 37
12551 113 37
12552 92 32
12553 102 63
12554 15 92
12555 112 33
12556 112 37
12557 113 33
12558 112 33
12559 93 32
12560 92 32
12561 103 63
12562 14 92
12563 93 32
12564 15 92
12565 14 92
12566 113 37
12567 15 92
12568 92 32
12569 112 37
12570 102 63
12571 14 92
12572 113 37
12573 93 32
12574 103 63
12575 15 92
12576 102 63
12577 92 32
12578 14 92
12579 15 92
12580 93 32
12581 14 92
12582 103 63
12583 102 63
12584 15 92
12585 103 63
12586 113 33
12587 102 63
12588 103 63
12589 102 63
12590 103 63
12591 102 63
12592 103 63
12593 112 33
12594 112 37
12595 14 92
12596 113 33
12597 112 33
12598 113 37
12599 15 92
12600 112 37
12601 14 92
12602 15 92
12603 113 33
12604 92 32
12605 112 33
12606 14 92
12607 102 63
12608 93 32
12609 103 63
12610 92 32
12611 113 33
12612 112 33
12613 93 32
12614 15 92
12615 92 32
12616 93 32
12617 113 37
12618 102 63
12619 92 32
12620 14 92
12621 112 37
12622 93 32
12623 113 33
12624 112 33
12625 103 63
12626 92 32
12627 93 32
12628 113 33
12629 113 37
12630 15 92
12631 102 63
12632 112 37
12633 92 32
12634 93 32
12635 113 37
12636 103 63
12637 14 92
12638 112 33
12639 112 37
12640 102 63
12641 92 32
12642 113 37
12643 93 32
12644 103 63
12645 102 63
12646 15 92
12647 103 63
12648 14 92
12649 112 37
12650 92 32
12651 15 92
12652 102 63
12653 113 33
12654 112 33
12655 113 33
12656 112 33
12657 14 92
12658 93 32
12659 113 33
12660 112 33
12661 113 33
12662 92 32
12663 103 63
12664 112 33
12665 102 63
12666 113 33
12667 93 32
12668 112 33
12669 103 63
12670 113 37
12671 112 37
12672 113 37
12673 102 63
12674 15 92
12675 103 63
12676 14 92
12677 15 92
12678 92 32
12679 112 37
12680 113 33
12681 112 33
12682 102 63
12683 113 37
12684 14 92
12685 93 32
12686 103 63
12687 102 63
12688 112 37
12689 113 33
12690 103 63
12691 112 33
12692 113 37
12693 92 32
12694 112 37
12695 15 92
12696 93 32
12697 102 63
12698 113 33
12699 113 37
12700 14 92
12701 112 37
12702 103 63
12703 92 32
12704 15 92
12705 113 37
12706 14 92
12707 112 33
12708 102 63
12709 113 33
12710 112 33
12711 15 92
12712 14 92
12713 113 33
12714 112 37
12715 112 33
12716 103 63
12717 15 92
12718 93 32
12719 113 37
12720 113 33
12721 102 63
12722 112 37
12723 113 37
12724 112 37
12725 103 63
12726 14 92
12727 15 92
12728 92 32
12729 112 33
12730 14 92
12731 93 32
12732 113 33
12733 92 32
12734 93 32
12735 15 92
12736 102 63
12737 113 37
12738 112 33
12739 103 63
12740 92 32
12741 113 33
12742 14 92
12743 112 37
12744 113 37
12745 15 92
12746 102 63
12747 93 32
12748 103 63
12749 112 33
12750 92 32
12751 102 63
12752 112 37
12753 93 32
12754 92 32
12755 14 92
12756 113 33
12757 93 32
12758 103 63
12759 112 33
12760 102 63
12761 113 33
12762 112 33
12763 113 33
12764 103 63
12765 113 37
12766 102 63
12767 15 92
12768 112 37
12769 112 33
12770 92 32
12771 113 33
12772 103 63
12773 102 63
12774 103 63
12775 14 92
12776 102 63
12777 15 92
12778 112 33
12779 14 92
12780 93 32
12781 15 92
12782 103 63
12783 92 32
12784 102 63
12785 113 33
12786 14 92
12787 113 37
12788 103 63
12789 112 33
12790 102 63
12791 112 37
12792 113 37
12793 112 37
12794 113 33
12795 112 33
12796 113 33
12797 113 37
12798 15 92
12799 93 32
12800 112 33
12801 112 37
12802 113 33
12803 113 37
12804 112 37
12805 103 63
12806 92 32
12807 113 37
12808 93 32
12809 102 63
12810 92 32
12811 112 33
12812 103 63
12813 93 32
12814 92 32
12815 102 63
12816 93 32
12817 113 33
12818 92 32
12819 103 63
12820 112 33
12821 93 32
12822 102 63
12823 14 92
12824 15 92
12825 112 37
12826 113 33
12827 92 32
12828 112 33
12829 14 92
12830 93 32
12831 103 63
12832 102 63
12833 92 32
12834 93 32
12835 103 63
12836 102 63
12837 113 33
12838 113 37
12839 15 92
12840 103 63
12841 14 92
12842 112 37
12843 15 92
12844 112 33
12845 92 32
12846 93 32
12847 113 37
12848 112 37
12849 102 63
12850 14 92
12851 15 92
12852 103 63
12853 113 33
12854 112 33
12855 92 32
12856 102 63
12857 93 32
12858 103 63
12859 14 92
12860 15 92
12861 113 33
12862 112 33
12863 113 33
12864 113 37
12865 112 33
12866 14 92
12867 112 37
12868 113 33
12869 113 37
12870 112 37
12871 15 92
12872 113 37
12873 112 37
12874 113 37
12875 112 37
12876 112 33
12877 113 33
12878 102 63
12879 92 32
12880 112 33
12881 103 63
12882 113 37
12883 113 33
12884 93 32
12885 102 63
12886 92 32
12887 103 63
12888 112 33
12889 113 33
12890 112 33
12891 113 33
12892 102 63
12893 112 33
12894 103 63
12895 113 33
12896 112 33
12897 14 92
12898 102 63
12899 103 63
12900 102 63
12901 93 32
12902 15 92
12903 92 32
12904 14 92
12905 93 32
12906 113 33
12907 15 92
12908 112 37
12909 112 33
12910 113 33
12911 113 37
12912 112 33
12913 112 37
12914 113 37
12915 92 32
12916 14 92
12917 112 37
12918 93 32
12919 113 33
12920 92 32
12921 112 33
12922 113 33
12923 15 92
12924 93 32
12925 103 63
12926 14 92
12927 92 32
12928 113 37
12929 93 32
12930 112 37
12931 92 32
12932 102 63
12933 112 33
12934 103 63
12935 102 63
12936 113 37
12937 112 37
12938 15 92
12939 93 32
12940 14 92
12941 113 37
12942 103 63
12943 102 63
12944 92 32
12945 93 32
12946 112 37
12947 113 33
12948 112 33
12949 15 92
12950 113 33
12951 92 32
12952 113 37
12953 103 63
12954 112 37
12955 112 33
12956 113 37
12957 14 92
12958 113 33
12959 93 32
12960 112 33
12961 112 37
12962 102 63
12963 92 32
12964 93 32
12965 15 92
12966 103 63
12967 102 63
12968 103 63
12969 113 33
12970 102 63
12971 113 37
12972 92 32
12973 103 63
12974 93 32
12975 112 33
12976 113 33
12977 112 37
12978 92 32
12979 14 92
12980 112 33
12981 102 63
12982 93 32
12983 15 92
12984 113 37
12985 103 63
12986 112 37
12987 92 32
12988 93 32
12989 102 63
12990 113 37
12991 112 37
12992 92 32
12993 113 37
12994 14 92
12995 15 92
12996 103 63
12997 14 92
12998 15 92
12999 14 92
13000 113 33
13001 112 37
13002 15 92
13003 93 32
13004 102 63
13005 112 33
13006 92 32
13007 103 63
13008 102 63
13009 14 92
13010 103 63
13011 113 33
13012 112 33
13013 102 63
13014 93 32
13015 15 92
13016 113 33
13017 92 32
13018 112 33
13019 103 63
13020 113 37
13021 112 37
13022 113 33
13023 112 33
13024 113 37
13025 102 63
13026 103 63
13027 93 32
13028 112 37
13029 14 92
13030 102 63
13031 15 92
13032 14 92
13033 103 63
13034 113 33
13035 92 32
13036 113 37
13037 112 33
13038 93 32
13039 113 33
13040 112 33
13041 15 92
13042 113 33
13043 14 92
13044 92 32
13045 112 37
13046 113 37
13047 102 63
13048 93 32
13049 15 92
13050 103 63
13051 102 63
13052 112 33
13053 92 32
13054 113 33
13055 112 33
13056 112 37
13057 113 37
13058 113 33
13059 112 33
13060 103 63
13061 14 92
13062 102 63
13063 103 63
13064 93 32
13065 102 63
13066 112 37
13067 103 63
13068 102 63
13069 113 33
13070 113 37
13071 112 33
13072 113 33
13073 112 37
13074 15 92
13075 113 37
13076 92 32
13077 112 37
13078 93 32
13079 92 32
13080 14 92
13081 112 33
13082 103 63
13083 15 92
13084 93 32
13085 113 37
13086 14 92
13087 112 37
13088 102 63
13089 103 63
13090 113 37
13091 102 63
13092 92 32
13093 112 37
13094 103 63
13095 113 37
13096 113 33
13097 112 37
13098 113 37
13099 102 63
13100 112 33
13101 103 63
13102 93 32
13103 92 32
13104 102 63
13105 15 92
13106 113 33
13107 112 33
13108 93 32
13109 103 63
13110 92 32
13111 112 37
13112 113 33
13113 93 32
13114 112 33
13115 92 32
13116 102 63
13117 103 63
13118 113 37
13119 113 33
13120 14 92
13121 93 32
13122 102 63
13123 15 92
13124 92 32
13125 112 33
13126 14 92
13127 93 32
13128 15 92
13129 103 63
13130 112 37
13131 92 32
13132 102 63
13133 113 37
13134 103 63
13135 14 92
13136 112 37
13137 93 32
13138 113 33
13139 113 37
13140 92 32
13141 112 33
13142 15 92
13143 93 32
13144 112 37
13145 14 92
13146 92 32
13147 113 37
13148 113 33
13149 102 63
13150 112 37
13151 15 92
13152 112 33
13153 113 33
13154 14 92
13155 112 33
13156 15 92
13157 14 92
13158 113 33
13159 93 32
13160 112 33
13161 15 92
13162 14 92
13163 15 92
13164 103 63
13165 113 37
13166 102 63
13167 112 37
13168 103 63
13169 113 33
13170 14 92
13171 15 92
13172 112 33
13173 113 37
13174 112 37
13175 113 37
13176 102 63
13177 112 37
13178 113 37
13179 113 33
13180 112 37
13181 113 37
13182 14 92
13183 112 37
13184 103 63
13185 112 33
13186 113 37
13187 113 33
13188 102 63
13189 15 92
13190 112 37
13191 112 33
13192 113 33
13193 14 92
13194 112 33
13195 15 92
13196 14 92
13197 103 63
13198 113 37
13199 112 37
13200 92 32
13201 15 92
13202 113 37
13203 113 33
13204 102 63
13205 93 32
13206 112 33
13207 113 33
13208 92 32
13209 112 37
13210 103 63
13211 14 92
13212 15 92
13213 113 37
13214 14 92
13215 112 37
13216 113 37
13217 93 32
13218 15 92
13219 112 33
13220 102 63
13221 92 32
13222 112 37
13223 93 32
13224 113 33
13225 92 32
13226 14 92
13227 112 33
13228 93 32
13229 113 37
13230 92 32
13231 112 37
13232 113 37
13233 112 37
13234 103 63
13235 113 33
13236 112 33
13237 113 37
13238 15 92
13239 14 92
13240 112 37
13241 93 32
13242 113 37
13243 102 63
13244 92 32
13245 15 92
13246 113 33
13247 103 63
13248 112 33
13249 14 92
13250 113 33
13251 15 92
13252 14 92
13253 15 92
13254 112 37
13255 93 32
13256 113 37
13257 102 63
13258 14 92
13259 112 37
13260 15 92
13261 113 37
13262 112 37
13263 112 33
13264 103 63
13265 102 63
13266 113 37
13267 14 92
13268 113 33
13269 112 37
13270 103 63
13271 92 32
13272 112 33
13273 93 32
13274 15 92
13275 113 37
13276 92 32
13277 112 37
13278 102 63
13279 93 32
13280 113 37
13281 92 32
13282 14 92
13283 103 63
13284 93 32
13285 113 33
13286 112 37
13287 102 63
13288 113 37
13289 112 37
13290 15 92
13291 112 33
13292 113 37
13293 14 92
13294 112 37
13295 113 37
13296 103 63
13297 112 37
13298 102 63
13299 15 92
13300 14 92
13301 15 92
13302 113 37
13303 113 33
13304 92 32
13305 14 92
13306 112 37
13307 113 37
13308 93 32
13309 92 32
13310 93 32
13311 15 92
13312 14 92
13313 103 63
13314 112 33
13315 102 63
13316 15 92
13317 112 37
13318 92 32
13319 14 92
13320 93 32
13321 113 37
13322 112 37
13323 113 33
13324 103 63
13325 113 37
13326 102 63
13327 103 63
13328 15 92
13329 112 33
13330 14 92
13331 112 37
13332 102 63
13333 113 37
13334 113 33
13335 92 32
13336 112 33
13337 112 37
13338 15 92
13339 93 32
13340 14 92
13341 15 92
13342 113 37
13343 92 32
13344 103 63
13345 113 33
13346 102 63
13347 112 37
13348 103 63
13349 113 37
13350 112 37
13351 113 37
13352 93 32
13353 102 63
13354 14 92
13355 92 32
13356 112 37
13357 15 92
13358 103 63
13359 93 32
13360 14 92
13361 92 32
13362 112 33
13363 113 33
13364 102 63
13365 112 33
13366 103 63
13367 93 32
13368 15 92
13369 113 37
13370 92 32
13371 112 37
13372 14 92
13373 15 92
13374 14 92
13375 93 32
13376 15 92
13377 113 37
13378 112 37
13379 113 37
13380 113 33
13381 112 33
13382 102 63
13383 92 32
13384 112 37
13385 113 33
13386 93 32
13387 112 33
13388 92 32
13389 93 32
13390 103 63
13391 113 33
13392 113 37
13393 14 92
13394 112 37
13395 112 33
13396 15 92
13397 92 32
13398 113 33
13399 112 33
13400 14 92
13401 102 63
13402 93 32
13403 113 37
13404 112 37
13405 113 33
13406 113 37
13407 103 63
13408 112 37
13409 15 92
13410 113 37
13411 14 92
13412 15 92
13413 92 32
13414 112 33
13415 14 92
13416 102 63
13417 93 32
13418 103 63
13419 112 37
13420 102 63
13421 15 92
13422 113 33
13423 113 37
13424 92 32
13425 103 63
13426 102 63
13427 93 32
13428 92 32
13429 103 63
13430 112 33
13431 113 33
13432 112 33
13433 113 33
13434 112 37
13435 102 63
13436 103 63
13437 102 63
13438 14 92
13439 93 32
13440 15 92
13441 14 92
13442 103 63
13443 92 32
13444 15 92
13445 102 63
13446 112 33
13447 113 33
13448 14 92
13449 113 37
13450 112 33
13451 113 33
13452 15 92
13453 14 92
13454 93 32
13455 92 32
13456 112 33
13457 15 92
13458 113 33
13459 103 63
13460 112 37
13461 14 92
13462 112 33
13463 15 92
13464 113 37
13465 112 37
13466 113 33
13467 93 32
13468 113 37
13469 112 33
13470 14 92
13471 15 92
13472 92 32
13473 112 37
13474 113 37
13475 112 37
13476 14 92
13477 113 33
13478 102 63
13479 112 33
13480 113 37
13481 103 63
13482 93 32
13483 102 63
13484 113 33
13485 103 63
13486 92 32
13487 102 63
13488 93 32
13489 92 32
13490 103 63
13491 15 92
13492 112 37
13493 102 63
13494 93 32
13495 113 37
13496 92 32
13497 103 63
13498 112 33
13499 102 63
13500 14 92
13501 113 33
13502 112 37
13503 112 33
13504 15 92
13505 103 63
13506 102 63
13507 93 32
13508 113 37
13509 112 37
13510 92 32
13511 113 33
13512 93 32
13513 103 63
13514 102 63
13515 92 32
13516 112 33
13517 113 37
13518 113 33
13519 112 33
13520 103 63
13521 112 37
13522 113 37
13523 93 32
13524 112 37
13525 92 32
13526 93 32
13527 113 33
13528 14 92
13529 112 33
13530 92 32
13531 15 92
13532 102 63
13533 113 37
13534 112 37
13535 113 37
13536 113 33
13537 93 32
13538 112 37
13539 112 33
13540 113 33
13541 113 37
13542 112 37
13543 112 33
13544 113 37
13545 113 33
13546 103 63
13547 112 33
13548 102 63
13549 112 37
13550 113 37
13551 92 32
13552 14 92
13553 113 33
13554 112 33
13555 113 33
13556 103 63
13557 93 32
13558 102 63
13559 103 63
13560 102 63
13561 112 33
13562 92 32
13563 15 92
13564 112 37
13565 103 63
13566 93 32
13567 113 33
13568 102 63
13569 92 32
13570 93 32
13571 92 32
13572 103 63
13573 113 37
13574 112 37
13575 113 37
13576 14 92
13577 102 63
13578 112 37
13579 103 63
13580 112 33
13581 113 33
13582 93 32
13583 15 92
13584 92 32
13585 14 92
13586 112 33
13587 102 63
13588 93 32
13589 92 32
13590 113 37
13591 93 32
13592 113 33
13593 112 37
13594 103 63
13595 102 63
13596 112 33
13597 113 33
13598 92 32
13599 103 63
13600 15 92
13601 102 63
13602 103 63
13603 113 37
13604 93 32
13605 92 32
13606 112 37
13607 113 37
13608 14 92
13609 112 33
13610 112 37
13611 113 33
13612 15 92
13613 102 63
13614 14 92
13615 15 92
13616 103 63
13617 112 33
13618 113 37
13619 93 32
13620 102 63
13621 92 32
13622 113 33
13623 93 32
13624 14 92
13625 15 92
13626 103 63
13627 92 32
13628 112 33
13629 113 33
13630 102 63
13631 103 63
13632 112 33
13633 93 32
13634 14 92
13635 15 92
13636 112 37
13637 14 92
13638 113 37
13639 102 63
13640 15 92
13641 92 32
13642 113 33
13643 112 37
13644 14 92
13645 112 33
13646 103 63
13647 102 63
13648 113 37
13649 112 37
13650 113 33
13651 113 37
13652 112 37
13653 15 92
13654 112 33
13655 113 37
13656 93 32
13657 14 92
13658 113 33
13659 92 32
13660 15 92
13661 103 63
13662 112 37
13663 112 33
13664 113 33
13665 93 32
13666 102 63
13667 103 63
13668 102 63
13669 92 32
13670 112 33
13671 93 32
13672 103 63
13673 102 63
13674 113 37
13675 14 92
13676 112 37
13677 92 32
13678 103 63
13679 113 37
13680 102 63
13681 112 37
13682 113 37
13683 103 63
13684 93 32
13685 113 33
13686 92 32
13687 112 37
13688 93 32
13689 102 63
13690 103 63
13691 113 37
13692 92 32
13693 112 37
13694 93 32
13695 113 37
13696 15 92
13697 112 37
13698 113 37
13699 14 92
13700 15 92
13701 112 33
13702 102 63
13703 112 37
13704 14 92
13705 113 37
13706 92 32
13707 103 63
13708 112 37
13709 15 92
13710 102 63
13711 93 32
13712 113 37
13713 113 33
13714 103 63
13715 112 37
13716 14 92
13717 113 37
13718 15 92
13719 102 63
13720 103 63
13721 14 92
13722 92 32
13723 93 32
13724 112 33
13725 92 32
13726 113 33
13727 93 32
13728 112 37
13729 15 92
13730 112 33
13731 92 32
13732 93 32
13733 92 32
13734 113 33
13735 14 92
13736 102 63
13737 113 37
13738 103 63
13739 112 33
13740 93 32
13741 15 92
13742 113 33
13743 102 63
13744 112 33
13745 112 37
13746 113 33
13747 92 32
13748 103 63
13749 102 63
13750 14 92
13751 103 63
13752 93 32
13753 102 63
13754 112 33
13755 103 63
13756 92 32
13757 15 92
13758 93 32
13759 113 33
13760 14 92
13761 112 33
13762 113 37
13763 112 37
13764 92 32
13765 93 32
13766 113 33
13767 92 32
13768 112 33
13769 113 33
13770 113 37
13771 15 92
13772 102 63
13773 14 92
13774 93 32
13775 103 63
13776 112 37
13777 92 32
13778 113 37
13779 112 37
13780 112 33
13781 93 32
13782 113 33
13783 112 33
13784 113 33
13785 15 92
13786 113 37
13787 112 33
13788 113 33
13789 112 37
13790 14 92
13791 113 37
13792 102 63
13793 112 33
13794 92 32
13795 103 63
13796 102 63
13797 113 33
13798 15 92
13799 112 37
13800 14 92
13801 103 63
13802 112 33
13803 102 63
13804 15 92
13805 14 92
13806 15 92
13807 103 63
13808 14 92
13809 113 37
13810 102 63
13811 93 32
13812 103 63
13813 15 92
13814 102 63
13815 14 92
13816 112 37
13817 15 92
13818 103 63
13819 92 32
13820 93 32
13821 102 63
13822 14 92
13823 103 63
13824 113 37
13825 102 63
13826 92 32
13827 15 92
13828 93 32
13829 112 37
13830 14 92
13831 113 33
13832 92 32
13833 113 37
13834 93 32
13835 112 33
13836 113 33
13837 92 32
13838 112 37
13839 15 92
13840 93 32
13841 92 32
13842 112 33
13843 14 92
13844 113 33
13845 103 63
13846 112 33
13847 15 92
13848 93 32
13849 113 33
13850 112 33
13851 92 32
13852 93 32
13853 92 32
13854 113 37
13855 112 37
13856 113 33
13857 113 37
13858 112 33
13859 93 32
13860 102 63
13861 112 37
13862 113 33
13863 14 92
13864 103 63
13865 102 63
13866 113 37
13867 112 33
13868 92 32
13869 93 32
13870 112 37
13871 113 33
13872 15 92
13873 103 63
13874 14 92
13875 102 63
13876 92 32
13877 93 32
13878 113 37
13879 103 63
13880 112 33
13881 112 37
13882 15 92
13883 14 92
13884 113 33
13885 112 33
13886 113 33
13887 15 92
13888 92 32
13889 102 63
13890 113 37
13891 112 33
13892 93 32
13893 92 32
13894 14 92
13895 112 37
13896 15 92
13897 14 92
13898 15 92
13899 113 33
13900 93 32
13901 92 32
13902 103 63
13903 93 32
13904 113 37
13905 102 63
13906 112 33
13907 103 63
13908 14 92
13909 15 92
13910 102 63
13911 112 37
13912 92 32
13913 113 33
13914 93 32
13915 103 63
13916 102 63
13917 14 92
13918 103 63
13919 113 37
13920 112 37
13921 113 37
13922 92 32
13923 93 32
13924 102 63
13925 112 37
13926 103 63
13927 113 37
13928 92 32
13929 93 32
13930 15 92
13931 112 33
13932 102 63
13933 14 92
13934 113 33
13935 112 33
13936 103 63
13937 92 32
13938 93 32
13939 15 92
13940 112 37
13941 113 33
13942 112 33
13943 92 32
13944 93 32
13945 102 63
13946 113 37
13947 14 92
13948 113 33
13949 112 37
13950 15 92
13951 92 32
13952 14 92
13953 93 32
13954 112 33
13955 15 92
13956 14 92
13957 113 37
13958 113 33
13959 15 92
13960 112 33
13961 92 32
13962 103 63
13963 112 37
13964 113 33
13965 14 92
13966 15 92
13967 93 32
13968 112 33
13969 113 37
13970 14 92
13971 92 32
13972 15 92
13973 113 33
13974 102 63
13975 103 63
13976 14 92
13977 112 33
13978 113 33
13979 112 37
13980 15 92
13981 112 33
13982 14 92
13983 93 32
13984 15 92
13985 113 37
13986 112 37
13987 14 92
13988 92 32
13989 15 92
13990 93 32
13991 102 63
13992 92 32
13993 14 92
13994 113 37
13995 93 32
13996 92 32
13997 93 32
13998 103 63
13999 92 32
14000 112 37
14001 15 92
14002 93 32
14003 113 33
14004 14 92
14005 112 33
14006 102 63
14007 92 32
14008 93 32
14009 113 37
14010 103 63
14011 15 92
14012 102 63
14013 112 37
14014 92 32
14015 113 37
14016 113 33
14017 112 33
14018 93 32
14019 112 37
14020 14 92
14021 103 63
14022 102 63
14023 113 33
14024 112 33
14025 113 37
14026 112 37
14027 113 33
14028 15 92
14029 113 37
14030 103 63
14031 112 37
14032 102 63
14033 92 32
14034 103 63
14035 14 92
14036 15 92
14037 112 33
14038 113 37
14039 14 92
14040 112 37
14041 113 37
14042 112 37
14043 93 32
14044 113 37
14045 92 32
14046 93 32
14047 113 33
14048 92 32
14049 112 33
14050 15 92
14051 112 37
14052 93 32
14053 92 32
14054 93 32
14055 92 32
14056 93 32
14057 113 33
14058 102 63
14059 112 33
14060 92 32
14061 93 32
14062 14 92
14063 113 33
14064 112 33
14065 92 32
14066 93 32
14067 113 37
14068 92 32
14069 15 92
14070 103 63
14071 112 37
14072 14 92
14073 102 63
14074 113 33
14075 112 33
14076 113 37
14077 103 63
14078 93 32
14079 15 92
14080 14 92
14081 112 37
14082 92 32
14083 113 33
14084 102 63
14085 93 32
14086 15 92
14087 103 63
14088 102 63
14089 103 63
14090 92 32
14091 14 92
14092 15 92
14093 113 37
14094 102 63
14095 112 33
14096 113 33
14097 112 33
14098 14 92
14099 112 37
14100 113 37
14101 113 33
14102 93 32
14103 103 63
14104 15 92
14105 102 63
14106 103 63
14107 14 92
14108 15 92
14109 14 92
14110 112 33
14111 15 92
14112 14 92
14113 112 37
14114 113 37
14115 113 33
14116 92 32
14117 102 63
14118 112 33
14119 93 32
14120 92 32
14121 113 33
14122 15 92
14123 112 37
14124 14 92
14125 103 63
14126 15 92
14127 102 63
14128 93 32
14129 112 33
14130 113 37
14131 14 92
14132 103 63
14133 102 63
14134 15 92
14135 113 33
14136 14 92
14137 103 63
14138 102 63
14139 92 32
14140 93 32
14141 92 32
14142 15 92
14143 14 92
14144 103 63
14145 112 33
14146 102 63
14147 93 32
14148 112 37
14149 113 33
14150 92 32
14151 15 92
14152 14 92
14153 113 37
14154 15 92
14155 14 92
14156 93 32
14157 112 37
14158 113 37
14159 112 33
14160 92 32
14161 112 37
14162 113 37
14163 103 63
14164 93 32
14165 112 37
14166 102 63
14167 103 63
14168 15 92
14169 14 92
14170 92 32
14171 102 63
14172 93 32
14173 103 63
14174 92 32
14175 93 32
14176 113 33
14177 112 33
14178 92 32
14179 15 92
14180 102 63
14181 113 37
14182 112 37
14183 103 63
14184 113 33
14185 112 33
14186 113 37
14187 102 63
14188 103 63
14189 113 33
14190 93 32
14191 102 63
14192 14 92
14193 92 32
14194 112 37
14195 113 37
14196 112 33
14197 112 37
14198 103 63
14199 93 32
14200 92 32
14201 93 32
14202 113 37
14203 15 92
14204 92 32
14205 93 32
14206 92 32
14207 113 33
14208 102 63
14209 14 92
14210 112 33
14211 113 33
14212 15 92
14213 93 32
14214 92 32
14215 112 37
14216 14 92
14217 112 33
14218 15 92
14219 103 63
14220 93 32
14221 113 37
14222 14 92
14223 113 33
14224 112 33
14225 112 37
14226 92 32
14227 113 33
14228 112 33
14229 102 63
14230 103 63
14231 113 33
14232 112 33
14233 113 37
14234 93 32
14235 102 63
14236 112 37
14237 113 33
14238 92 32
14239 15 92
14240 103 63
14241 93 32
14242 112 33
14243 113 37
14244 102 63
14245 92 32
14246 112 37
14247 113 37
14248 14 92
14249 15 92
14250 103 63
14251 14 92
14252 112 37
14253 15 92
14254 102 63
14255 113 33
14256 14 92
14257 113 37
14258 93 32
14259 15 92
14260 112 37
14261 103 63
14262 92 32
14263 93 32
14264 14 92
14265 113 37
14266 15 92
14267 92 32
14268 93 32
14269 92 32
14270 14 92
14271 15 92
14272 112 37
14273 14 92
14274 15 92
14275 113 37
14276 93 32
14277 92 32
14278 93 32
14279 112 37
14280 112 33
14281 102 63
14282 113 37
14283 92 32
14284 103 63
14285 112 37
14286 113 33
14287 113 37
14288 93 32
14289 92 32
14290 14 92
14291 112 33
14292 93 32
14293 112 37
14294 113 37
14295 92 32
14296 93 32
14297 113 33
14298 92 32
14299 102 63
14300 15 92
14301 103 63
14302 102 63
14303 103 63
14304 102 63
14305 112 37
14306 93 32
14307 112 33
14308 103 63
14309 14 92
14310 113 37
14311 92 32
14312 15 92
14313 102 63
14314 113 33
14315 112 33
14316 103 63
14317 113 33
14318 93 32
14319 102 63
14320 14 92
14321 103 63
14322 15 92
14323 102 63
14324 92 32
14325 103 63
14326 93 32
14327 14 92
14328 112 33
14329 112 37
14330 102 63
14331 15 92
14332 103 63
14333 102 63
14334 92 32
14335 113 33
14336 113 37
14337 112 33
14338 113 33
14339 112 33
14340 14 92
14341 15 92
14342 93 32
14343 92 32
14344 113 33
14345 14 92
14346 112 37
14347 112 33
14348 113 37
14349 93 32
14350 112 37
14351 113 33
14352 112 33
14353 113 37
14354 112 37
14355 92 32
14356 93 32
14357 113 33
14358 112 33
14359 92 32
14360 15 92
14361 113 33
14362 93 32
14363 103 63
14364 112 33
14365 102 63
14366 113 37
14367 112 37
14368 113 37
14369 103 63
14370 112 37
14371 102 63
14372 113 37
14373 14 92
14374 112 37
14375 15 92
14376 113 37
14377 103 63
14378 92 32
14379 14 92
14380 93 32
14381 112 37
14382 15 92
14383 92 32
14384 102 63
14385 103 63
14386 113 33
14387 113 37
14388 93 32
14389 92 32
14390 102 63
14391 112 37
14392 93 32
14393 113 37
14394 14 92
14395 112 37
14396 15 92
14397 14 92
14398 15 92
14399 112 33
14400 113 33
14401 112 33
14402 14 92
14403 113 37
14404 113 33
14405 92 32
14406 112 37
14407 103 63
14408 15 92
14409 113 37
14410 93 32
14411 102 63
14412 14 92
14413 103 63
14414 112 33
14415 15 92
14416 112 37
14417 113 33
14418 102 63
14419 92 32
14420 103 63
14421 112 33
14422 102 63
14423 113 37
14424 112 37
14425 113 33
14426 113 37
14427 112 33
14428 93 32
14429 14 92
14430 92 32
14431 113 33
14432 15 92
14433 93 32
14434 92 32
14435 93 32
14436 92 32
14437 103 63
14438 112 33
14439 113 33
14440 14 92
14441 93 32
14442 15 92
14443 112 37
14444 112 33
14445 113 37
14446 113 33
14447 92 32
14448 102 63
14449 103 63
14450 112 37
14451 93 32
14452 113 37
14453 112 33
14454 92 32
14455 93 32
14456 102 63
14457 103 63
14458 102 63
14459 103 63
14460 92 32
14461 93 32
14462 102 63
14463 113 33
14464 92 32
14465 112 37
14466 103 63
14467 102 63
14468 103 63
14469 113 37
14470 93 32
14471 112 33
14472 112 37
14473 92 32
14474 14 92
14475 113 37
14476 112 37
14477 113 37
14478 15 92
14479 113 33
14480 112 33
14481 14 92
14482 102 63
14483 112 37
14484 15 92
14485 103 63
14486 113 33
14487 112 33
14488 113 37
14489 112 37
14490 102 63
14491 113 33
14492 113 37
14493 103 63
14494 112 37
14495 113 37
14496 112 37
14497 93 32
14498 14 92
14499 15 92
14500 14 92
14501 15 92
14502 14 92
14503 92 32
14504 112 33
14505 93 32
14506 102 63
14507 103 63
14508 102 63
14509 113 37
14510 113 33
14511 112 33
14512 15 92
14513 103 63
14514 112 37
14515 113 37
14516 14 92
14517 15 92
14518 102 63
14519 112 37
14520 113 33
14521 14 92
14522 15 92
14523 112 33
14524 113 37
14525 113 33
14526 112 33
14527 92 32
14528 14 92
14529 103 63
14530 102 63
14531 112 37
14532 15 92
14533 113 37
14534 112 37
14535 113 37
14536 93 32
14537 112 37
14538 92 32
14539 113 37
14540 93 32
14541 113 33
14542 103 63
14543 14 92
14544 102 63
14545 92 32
14546 103 63
14547 15 92
14548 112 37
14549 14 92
14550 112 33
14551 93 32
14552 113 37
14553 15 92
14554 14 92
14555 112 37
14556 92 32
14557 113 37
14558 102 63
14559 112 37
14560 103 63
14561 15 92
14562 93 32
14563 113 37
14564 113 33
14565 112 33
14566 102 63
14567 112 37
14568 103 63
14569 102 63
14570 113 33
14571 92 32
14572 14 92
14573 15 92
14574 14 92
14575 93 32
14576 113 37
14577 15 92
14578 14 92
14579 112 37
14580 15 92
14581 92 32
14582 14 92
14583 103 63
14584 113 37
14585 112 33
14586 113 33
14587 112 37
14588 113 37
14589 93 32
14590 92 32
14591 93 32
14592 112 33
14593 102 63
14594 15 92
14595 14 92
14596 112 37
14597 113 33
14598 92 32
14599 113 37
14600 112 37
14601 113 37
14602 15 92
14603 14 92
14604 112 37
14605 103 63
14606 102 63
14607 112 33
14608 15 92
14609 113 37
14610 113 33
14611 103 63
14612 93 32
14613 102 63
14614 92 32
14615 112 33
14616 14 92
14617 113 33
14618 103 63
14619 112 33
14620 102 63
14621 112 37
14622 103 63
14623 102 63
14624 93 32
14625 113 37
14626 92 32
14627 103 63
14628 113 33
14629 112 33
14630 113 33
14631 102 63
14632 112 37
14633 93 32
14634 15 92
14635 112 33
14636 14 92
14637 113 37
14638 103 63
14639 92 32
14640 102 63
14641 112 37
14642 15 92
14643 113 33
14644 113 37
14645 103 63
14646 14 92
14647 112 33
14648 112 37
14649 102 63
14650 103 63
14651 113 37
14652 102 63
14653 113 33
14654 112 33
14655 15 92
14656 113 33
14657 14 92
14658 15 92
14659 112 33
14660 93 32
14661 92 32
14662 113 33
14663 14 92
14664 103 63
14665 93 32
14666 15 92
14667 112 37
14668 102 63
14669 92 32
14670 14 92
14671 15 92
14672 103 63
14673 112 33
14674 113 37
14675 112 37
14676 102 63
14677 113 33
14678 93 32
14679 113 37
14680 14 92
14681 15 92
14682 112 37
14683 103 63
14684 113 37
14685 112 33
14686 113 33
14687 112 37
14688 102 63
14689 112 33
14690 113 37
14691 103 63
14692 102 63
14693 103 63
14694 92 32
14695 93 32
14696 112 37
14697 113 37
14698 113 33
14699 14 92
14700 92 32
14701 112 33
14702 15 92
14703 102 63
14704 113 33
14705 103 63
14706 112 37
14707 112 33
14708 113 37
14709 102 63
14710 103 63
14711 112 37
14712 102 63
14713 14 92
14714 113 33
14715 93 32
14716 92 32
14717 15 92
14718 113 37
14719 93 32
14720 112 33
14721 14 92
14722 103 63
14723 92 32
14724 112 37
14725 113 33
14726 113 37
14727 112 33
14728 93 32
14729 15 92
14730 92 32
14731 112 37
14732 14 92
14733 113 37
14734 112 37
14735 15 92
14736 113 37
14737 113 33
14738 14 92
14739 93 32
14740 15 92
14741 92 32
14742 14 92
14743 112 37
14744 113 37
14745 93 32
14746 112 37
14747 102 63
14748 15 92
14749 113 37
14750 103 63
14751 92 32
14752 102 63
14753 93 32
14754 112 37
14755 113 37
14756 112 33
14757 113 33
14758 112 33
14759 92 32
14760 113 33
14761 103 63
14762 102 63
14763 93 32
14764 14 92
14765 112 37
14766 15 92
14767 113 37
14768 14 92
14769 92 32
14770 112 33
14771 93 32
14772 103 63
14773 113 33
14774 112 33
14775 113 33
14776 92 32
14777 112 37
14778 112 33
14779 93 32
14780 92 32
14781 113 33
14782 113 37
14783 112 33
14784 113 33
14785 112 37
14786 112 33
14787 113 33
14788 102 63
14789 15 92
14790 113 37
14791 112 37
14792 103 63
14793 93 32
14794 102 63
14795 92 32
14796 112 33
14797 113 37
14798 93 32
14799 112 37
14800 92 32
14801 93 32
14802 113 33
14803 103 63
14804 113 37
14805 102 63
14806 14 92
14807 92 32
14808 112 37
14809 15 92
14810 113 37
14811 112 37
14812 113 37
14813 93 32
14814 103 63
14815 92 32
14816 112 33
14817 14 92
14818 93 32
14819 112 37
14820 113 37
14821 112 37
14822 102 63
14823 113 33
14824 15 92
14825 14 92
14826 112 33
14827 103 63
14828 15 92
14829 92 32
14830 14 92
14831 113 37
14832 15 92
14833 14 92
14834 102 63
14835 113 33
14836 93 32
14837 15 92
14838 112 37
14839 113 37
14840 112 33
14841 103 63
14842 14 92
14843 92 32
14844 102 63
14845 93 32
14846 15 92
14847 112 37
14848 113 37
14849 14 92
14850 92 32
14851 113 33
14852 112 33
14853 15 92
14854 93 32
14855 113 33
14856 103 63
14857 14 92
14858 102 63
14859 112 37
14860 15 92
14861 112 33
14862 14 92
14863 15 92
14864 113 37
14865 92 32
14866 93 32
14867 14 92
14868 113 33
14869 112 33
14870 92 32
14871 93 32
14872 103 63
14873 112 37
14874 92 32
14875 102 63
14876 93 32
14877 103 63
14878 92 32
14879 113 37
14880 93 32
14881 113 33
14882 15 92
14883 102 63
14884 112 33
14885 92 32
14886 14 92
14887 93 32
14888 103 63
14889 15 92
14890 14 92
14891 112 37
14892 15 92
14893 14 92
14894 113 33
14895 112 33
14896 92 32
14897 93 32
14898 113 37
14899 92 32
14900 112 37
14901 113 37
14902 113 33
14903 102 63
14904 103 63
14905 102 63
14906 93 32
14907 103 63
14908 15 92
14909 112 37
14910 112 33
14911 102 63
14912 92 32
14913 103 63
14914 93 32
14915 113 33
14916 113 37
14917 112 37
14918 112 33
14919 102 63
14920 103 63
14921 113 37
14922 102 63
14923 113 33
14924 103 63
14925 14 92
14926 92 32
14927 93 32
14928 102 63
14929 15 92
14930 14 92
14931 92 32
14932 15 92
14933 103 63
14934 112 37
14935 112 33
14936 113 33
14937 102 63
14938 93 32
14939 14 92
14940 113 37
14941 112 37
14942 92 32
14943 93 32
14944 15 92
14945 113 37
14946 14 92
14947 103 63
14948 92 32
14949 93 32
14950 15 92
14951 112 37
14952 14 92
14953 112 33
14954 15 92
14955 113 33
14956 92 32
14957 113 37
14958 14 92
14959 112 33
14960 112 37
14961 93 32
14962 113 33
14963 92 32
14964 112 33
14965 93 32
14966 15 92
14967 14 92
14968 102 63
14969 103 63
14970 113 33
14971 113 37
14972 15 92
14973 112 33
14974 102 63
14975 113 33
14976 112 37
14977 14 92
14978 92 32
14979 113 37
14980 112 33
14981 93 32
14982 15 92
14983 113 33
14984 14 92
14985 15 92
14986 112 37
14987 103 63
14988 14 92
14989 15 92
14990 102 63
14991 92 32
14992 113 37
14993 93 32
14994 112 33
14995 113 33
14996 103 63
14997 14 92
14998 15 92
14999 112 33
15000 14 92
15001 113 33
15002 92 32
15003 102 63
15004 15 92
15005 14 92
15006 93 32
15007 112 33
15008 103 63
15009 102 63
15010 112 37
15011 92 32
15012 103 63
15013 93 32
15014 92 32
15015 102 63
15016 113 37
15017 112 37
15018 93 32
15019 113 37
15020 112 37
15021 113 37
15022 92 32
15023 112 37
15024 113 37
15025 93 32
15026 92 32
15027 103 63
15028 15 92
15029 112 37
15030 113 33
15031 14 92
15032 93 32
15033 15 92
15034 102 63
15035 103 63
15036 112 33
15037 92 32
15038 113 33
15039 14 92
15040 102 63
15041 103 63
15042 93 32
15043 113 37
15044 102 63
15045 103 63
15046 15 92
15047 14 92
15048 112 33
15049 15 92
15050 102 63
15051 14 92
15052 112 37
15053 15 92
15054 103 63
15055 113 37
15056 14 92
15057 113 33
15058 102 63
15059 103 63
15060 112 33
15061 92 32
15062 113 33
15063 112 33
15064 112 37
15065 15 92
15066 113 33
15067 102 63
15068 113 37
15069 103 63
15070 112 33
15071 102 63
15072 113 33
15073 112 33
15074 14 92
15075 112 37
15076 113 37
15077 113 33
15078 112 37
15079 15 92
15080 112 33
15081 14 92
15082 93 32
15083 113 37
15084 112 37
15085 15 92
15086 113 37
15087 103 63
15088 102 63
15089 14 92
15090 15 92
15091 92 32
15092 93 32
15093 103 63
15094 14 92
15095 112 37
15096 113 33
15097 112 33
15098 102 63
15099 113 37
15100 112 37
15101 113 33
15102 113 37
15103 15 92
15104 103 63
15105 14 92
15106 112 37
15107 92 32
15108 15 92
15109 93 32
15110 112 33
15111 113 33
15112 112 33
15113 113 37
15114 102 63
15115 103 63
15116 113 33
15117 102 63
15118 14 92
15119 92 32
15120 15 92
15121 112 33
15122 112 37
15123 113 33
15124 93 32
15125 112 33
15126 14 92
15127 15 92
15128 92 32
15129 103 63
15130 113 37
15131 102 63
15132 93 32
15133 112 37
15134 14 92
15135 113 33
15136 15 92
15137 14 92
15138 112 33
15139 15 92
15140 92 32
15141 113 37
15142 103 63
15143 113 33
15144 14 92
15145 112 37
15146 15 92
15147 113 37
15148 102 63
15149 93 32
15150 14 92
15151 112 37
15152 103 63
15153 113 37
15154 112 37
15155 92 32
15156 15 92
15157 112 33
15158 113 33
15159 93 32
15160 113 37
15161 102 63
15162 112 33
15163 14 92
15164 92 32
15165 113 33
15166 15 92
15167 103 63
15168 102 63
15169 112 33
15170 103 63
15171 113 33
15172 102 63
15173 14 92
15174 112 33
15175 112 37
15176 113 33
15177 93 32
15178 103 63
15179 113 37
15180 102 63
15181 112 33
15182 113 33
15183 15 92
15184 103 63
15185 14 92
15186 112 33
15187 113 33
15188 112 33
15189 112 37
15190 113 33
15191 113 37
15192 112 33
15193 113 33
15194 102 63
15195 92 32
15196 15 92
15197 112 37
15198 112 33
15199 103 63
15200 113 37
15201 93 32
15202 102 63
15203 103 63
15204 102 63
15205 14 92
15206 103 63
15207 112 37
15208 113 33
15209 102 63
15210 15 92
15211 113 37
15212 14 92
15213 112 33
15214 92 32
15215 15 92
15216 14 92
15217 112 37
15218 113 37
15219 103 63
15220 15 92
15221 112 37
15222 113 37
15223 14 92
15224 15 92
15225 93 32
15226 113 33
15227 112 33
15228 14 92
15229 92 32
15230 93 32
15231 15 92
15232 92 32
15233 113 33
15234 112 37
15235 113 37
15236 102 63
15237 93 32
15238 112 37
15239 92 32
15240 113 37
15241 112 33
15242 112 37
15243 113 37
15244 14 92
15245 103 63
15246 15 92
15247 113 33
15248 93 32
15249 102 63
15250 14 92
15251 112 33
15252 15 92
15253 92 32
15254 103 63
15255 113 33
15256 112 33
15257 102 63
15258 113 33
15259 103 63
15260 102 63
15261 112 33
15262 103 63
15263 112 37
15264 14 92
15265 102 63
15266 113 37
15267 112 37
15268 93 32
15269 103 63
15270 102 63
15271 103 63
15272 113 33
15273 15 92
15274 14 92
15275 102 63
15276 103 63
15277 112 33
15278 113 33
15279 92 32
15280 93 32
15281 112 33
15282 15 92
15283 92 32
15284 93 32
15285 113 37
15286 102 63
15287 113 33
15288 103 63
15289 14 92
15290 112 33
15291 113 33
15292 92 32
15293 102 63
15294 103 63
15295 112 37
15296 93 32
15297 92 32
15298 15 92
15299 14 92
15300 112 33
15301 102 63
15302 113 37
15303 103 63
15304 112 37
15305 93 32
15306 102 63
15307 92 32
15308 113 37
15309 112 37
15310 93 32
15311 113 37
15312 113 33
15313 112 33
15314 112 37
15315 103 63
15316 92 32
15317 93 32
15318 113 37
15319 15 92
15320 113 33
15321 112 33
15322 102 63
15323 14 92
15324 112 37
15325 92 32
15326 113 37
15327 113 33
15328 15 92
15329 93 32
15330 112 33
15331 14 92
15332 112 37
15333 103 63
15334 113 33
15335 92 32
15336 102 63
15337 113 37
15338 93 32
15339 103 63
15340 102 63
15341 112 37
15342 113 37
15343 112 33
15344 15 92
15345 92 32
15346 93 32
15347 112 37
15348 92 32
15349 14 92
15350 113 37
15351 93 32
15352 15 92
15353 113 33
15354 112 33
15355 112 37
15356 103 63
15357 113 37
15358 102 63
15359 14 92
15360 92 32
15361 112 37
15362 93 32
15363 92 32
15364 93 32
15365 92 32
15366 93 32
15367 113 37
15368 15 92
15369 112 37
15370 92 32
15371 93 32
15372 14 92
15373 113 37
15374 113 33
15375 112 37
15376 92 32
15377 93 32
15378 103 63
15379 15 92
15380 113 37
15381 92 32
15382 112 33
15383 113 33
15384 112 33
15385 113 33
15386 14 92
15387 112 37
15388 93 32
15389 112 33
15390 113 37
15391 113 33
15392 112 33
15393 102 63
15394 15 92
15395 113 33
15396 14 92
15397 15 92
15398 103 63
15399 14 92
15400 102 63
15401 92 32
15402 15 92
15403 93 32
15404 14 92
15405 92 32
15406 103 63
15407 112 33
15408 15 92
15409 102 63
15410 93 32
15411 103 63
15412 92 32
15413 113 33
15414 112 33
15415 14 92
15416 15 92
15417 102 63
15418 103 63
15419 112 37
15420 14 92
15421 102 63
15422 103 63
15423 102 63
15424 93 32
15425 103 63
15426 92 32
15427 102 63
15428 15 92
15429 113 37
15430 14 92
15431 113 33
15432 112 33
15433 93 32
15434 92 32
15435 93 32
15436 112 37
15437 15 92
15438 14 92
15439 15 92
15440 113 33
15441 92 32
15442 113 37
15443 103 63
15444 102 63
15445 93 32
15446 112 33
15447 103 63
15448 14 92
15449 112 37
15450 102 63
15451 113 33
15452 112 33
15453 92 32
15454 113 37
15455 103 63
15456 113 33
15457 102 63
15458 103 63
15459 102 63
15460 112 37
15461 103 63
15462 102 63
15463 15 92
15464 14 92
15465 112 33
15466 93 32
15467 113 37
15468 92 32
15469 15 92
15470 14 92
15471 113 33
15472 15 92
15473 103 63
15474 14 92
15475 15 92
15476 102 63
15477 14 92
15478 103 63
15479 15 92
15480 14 92
15481 102 63
15482 112 37
15483 93 32
15484 103 63
15485 92 32
15486 112 33
15487 15 92
15488 102 63
15489 113 33
15490 14 92
15491 113 37
15492 15 92
15493 112 37
15494 14 92
15495 113 37
15496 103 63
15497 112 33
15498 113 33
15499 15 92
15500 112 37
15501 113 37
15502 102 63
15503 93 32
15504 112 33
15505 112 37
15506 103 63
15507 113 37
15508 113 33
15509 102 63
15510 14 92
15511 112 33
15512 15 92
15513 14 92
15514 15 92
15515 92 32
15516 112 37
15517 93 32
15518 92 32
15519 93 32
15520 103 63
15521 113 33
15522 113 37
15523 112 37
15524 92 32
15525 112 33
15526 113 37
15527 102 63
15528 112 37
15529 93 32
15530 113 37
15531 113 33
15532 103 63
15533 92 32
15534 14 92
15535 102 63
15536 103 63
15537 102 63
15538 112 33
15539 103 63
15540 15 92
15541 112 37
15542 93 32
15543 113 37
15544 14 92
15545 15 92
15546 14 92
15547 113 33
15548 112 33
15549 92 32
15550 102 63
15551 93 32
15552 103 63
15553 92 32
15554 15 92
15555 14 92
15556 112 37
15557 113 33
15558 113 37
15559 102 63
15560 103 63
15561 112 37
15562 102 63
15563 103 63
15564 15 92
15565 113 37
15566 93 32
15567 92 32
15568 93 32
15569 92 32
15570 14 92
15571 112 33
15572 93 32
15573 102 63
15574 103 63
15575 102 63
15576 103 63
15577 102 63
15578 112 37
15579 92 32
15580 15 92
15581 93 32
15582 113 37
15583 112 37
15584 113 33
15585 113 37
15586 103 63
15587 14 92
15588 102 63
15589 112 33
15590 112 37
15591 103 63
15592 113 37
15593 15 92
15594 102 63
15595 112 37
15596 92 32
15597 113 37
15598 93 32
15599 92 32
15600 113 33
15601 103 63
15602 112 33
15603 93 32
15604 92 32
15605 93 32
15606 102 63
15607 14 92
15608 113 33
15609 92 32
15610 93 32
15611 92 32
15612 103 63
15613 15 92
15614 112 37
15615 102 63
15616 113 37
15617 112 33
15618 93 32
15619 103 63
15620 112 37
15621 113 37
15622 14 92
15623 102 63
15624 92 32
15625 103 63
15626 15 92
15627 102 63
15628 14 92
15629 103 63
15630 93 32
15631 112 37
15632 15 92
15633 113 37
15634 14 92
15635 92 32
15636 93 32
15637 112 37
15638 113 33
15639 92 32
15640 113 37
15641 15 92
15642 102 63
15643 14 92
15644 93 32
15645 15 92
15646 14 92
15647 112 33
15648 103 63
15649 112 37
15650 92 32
15651 113 33
15652 112 33
15653 102 63
15654 113 37
15655 112 37
15656 113 37
15657 113 33
15658 103 63
15659 112 37
15660 15 92
15661 14 92
15662 112 33
15663 93 32
15664 113 33
15665 112 33
15666 102 63
15667 92 32
15668 113 33
15669 93 32
15670 15 92
15671 103 63
15672 113 37
15673 92 32
15674 112 37
15675 113 37
15676 102 63
15677 112 37
15678 113 37
15679 112 33
15680 14 92
15681 103 63
15682 15 92
15683 113 33
15684 112 33
15685 112 37
15686 102 63
15687 14 92
15688 103 63
15689 15 92
15690 113 37
15691 93 32
15692 113 33
15693 14 92
15694 15 92
15695 112 33
15696 102 63
15697 14 92
15698 112 37
15699 103 63
15700 15 92
15701 14 92
15702 113 37
15703 113 33
15704 15 92
15705 92 32
15706 93 32
15707 102 63
15708 92 32
15709 103 63
15710 14 92
15711 112 37
15712 15 92
15713 93 32
15714 92 32
15715 112 33
15716 102 63
15717 113 37
15718 103 63
15719 112 37
15720 93 32
15721 113 37
15722 92 32
15723 112 37
15724 102 63
15725 93 32
15726 113 33
15727 14 92
15728 112 33
15729 113 33
15730 15 92
15731 113 37
15732 112 37
15733 103 63
15734 102 63
15735 14 92
15736 15 92
15737 14 92
15738 15 92
15739 92 32
15740 14 92
15741 103 63
15742 15 92
15743 112 33
15744 113 33
15745 102 63
15746 93 32
15747 103 63
15748 112 33
15749 102 63
15750 103 63
15751 102 63
15752 113 37
15753 113 33
15754 92 32
15755 112 37
15756 103 63
15757 112 33
15758 93 32
15759 113 33
15760 92 32
15761 14 92
15762 102 63
15763 103 63
15764 112 33
15765 93 32
15766 15 92
15767 113 37
15768 14 92
15769 113 33
15770 102 63
15771 92 32
15772 103 63
15773 102 63
15774 103 63
15775 102 63
15776 112 33
15777 113 33
15778 93 32
15779 103 63
15780 15 92
15781 112 33
15782 112 37
15783 102 63
15784 14 92
15785 113 33
15786 15 92
15787 113 37
15788 112 37
15789 92 32
15790 113 37
15791 112 33
15792 113 33
15793 14 92
15794 112 37
15795 103 63
15796 15 92
15797 102 63
15798 93 32
15799 92 32
15800 112 33
15801 93 32
15802 113 37
15803 112 37
15804 113 37
15805 14 92
15806 103 63
15807 15 92
15808 112 37
15809 113 33
15810 112 33
15811 92 32
15812 113 33
15813 112 33
15814 93 32
15815 113 37
15816 14 92
15817 102 63
15818 92 32
15819 93 32
15820 112 37
15821 113 33
15822 113 37
15823 112 33
15824 113 33
15825 15 92
15826 112 37
15827 112 33
15828 92 32
15829 14 92
15830 103 63
15831 113 33
15832 93 32
15833 92 32
15834 15 92
15835 113 37
15836 112 33
15837 14 92
15838 113 33
15839 112 37
15840 15 92
15841 112 33
15842 113 33
15843 113 37
15844 102 63
15845 103 63
15846 14 92
15847 112 33
15848 112 37
15849 102 63
15850 113 33
15851 112 33
15852 113 33
15853 15 92
15854 103 63
15855 102 63
15856 103 63
15857 93 32
15858 112 33
15859 92 32
15860 14 92
15861 113 37
15862 15 92
15863 102 63
15864 113 33
15865 14 92
15866 15 92
15867 112 37
15868 93 32
15869 112 33
15870 113 33
15871 112 33
15872 113 37
15873 92 32
15874 93 32
15875 14 92
15876 103 63
15877 113 33
15878 92 32
15879 112 33
15880 93 32
15881 15 92
15882 112 37
15883 14 92
15884 113 37
15885 113 33
15886 102 63
15887 103 63
15888 15 92
15889 14 92
15890 102 63
15891 112 37
15892 103 63
15893 15 92
15894 102 63
15895 112 33
15896 92 32
15897 93 32
15898 103 63
15899 113 37
15900 102 63
15901 14 92
15902 15 92
15903 14 92
15904 92 32
15905 103 63
15906 93 32
15907 112 37
15908 92 32
15909 15 92
15910 102 63
15911 93 32
15912 113 37
15913 113 33
15914 14 92
15915 112 37
15916 113 37
15917 15 92
15918 103 63
15919 112 33
15920 14 92
15921 102 63
15922 92 32
15923 93 32
15924 103 63
15925 92 32
15926 113 33
15927 112 37
15928 113 37
15929 15 92
15930 102 63
15931 93 32
15932 112 37
15933 113 37
15934 103 63
15935 112 37
15936 112 33
15937 113 33
15938 14 92
15939 113 37
15940 92 32
15941 112 37
15942 102 63
15943 15 92
15944 113 37
15945 112 37
15946 103 63
15947 112 33
15948 102 63
15949 113 37
15950 103 63
15951 112 37
15952 14 92
15953 113 33
15954 112 33
15955 15 92
15956 102 63
15957 103 63
15958 113 37
15959 102 63
15960 112 37
15961 113 33
15962 93 32
15963 14 92
15964 113 37
15965 15 92
15966 14 92
15967 15 92
15968 103 63
15969 102 63
15970 112 33
15971 92 32
15972 14 92
15973 113 33
15974 112 37
15975 113 37
15976 93 32
15977 112 33
15978 112 37
15979 113 37
15980 103 63
15981 15 92
15982 112 37
15983 102 63
15984 103 63
15985 102 63
15986 103 63
15987 14 92
15988 113 37
15989 102 63
15990 15 92
15991 92 32
15992 93 32
15993 113 33
15994 103 63
15995 112 33
15996 112 37
15997 92 32
15998 113 33
15999 112 33
16000 113 33
16001 93 32
16002 112 33
16003 113 37
16004 113 33
16005 112 33
16006 112 37
16007 113 33
16008 112 33
16009 92 32
16010 113 37
16011 93 32
16012 14 92
16013 102 63
16014 15 92
16015 92 32
16016 113 33
16017 112 37
16018 112 33
16019 113 33
16020 113 37
16021 93 32
16022 14 92
16023 112 37
16024 113 37
16025 112 33
16026 112 37
16027 15 92
16028 92 32
16029 113 33
16030 14 92
16031 103 63
16032 102 63
16033 93 32
16034 92 32
16035 15 92
16036 113 37
16037 112 37
16038 14 92
16039 93 32
16040 112 33
16041 92 32
16042 113 33
16043 15 92
16044 93 32
16045 113 37
16046 92 32
16047 14 92
16048 15 92
16049 103 63
16050 14 92
16051 15 92
16052 112 33
16053 93 32
16054 92 32
16055 93 32
16056 92 32
16057 93 32
16058 102 63
16059 14 92
16060 113 33
16061 103 63
16062 92 32
16063 112 33
16064 112 37
16065 113 33
16066 102 63
16067 103 63
16068 113 37
16069 15 92
16070 93 32
16071 14 92
16072 92 32
16073 15 92
16074 93 32
16075 102 63
16076 92 32
16077 103 63
16078 14 92
16079 15 92
16080 112 33
16081 113 33
16082 93 32
16083 112 33
16084 92 32
16085 112 37
16086 14 92
16087 113 37
16088 93 32
16089 112 37
16090 113 37
16091 102 63
16092 113 33
16093 15 92
16094 112 37
16095 113 37
16096 112 37
16097 112 33
16098 113 33
16099 113 37
16100 103 63
16101 14 92
16102 102 63
16103 15 92
16104 112 37
16105 112 33
16106 14 92
16107 113 33
16108 103 63
16109 102 63
16110 112 33
16111 103 63
16112 15 92
16113 113 33
16114 14 92
16115 102 63
16116 15 92
16117 113 37
16118 112 33
16119 113 33
16120 112 33
16121 103 63
16122 112 37
16123 113 37
16124 102 63
16125 103 63
16126 102 63
16127 103 63
16128 112 37
16129 92 32
16130 113 37
16131 93 32
16132 113 33
16133 102 63
16134 112 37
16135 113 37
16136 14 92
16137 112 33
16138 92 32
16139 113 33
16140 112 37
16141 113 37
16142 112 33
16143 103 63
16144 102 63
16145 113 33
16146 112 37
16147 103 63
16148 113 37
16149 93 32
16150 92 32
16151 15 92
16152 112 37
16153 112 33
16154 14 92
16155 102 63
16156 113 33
16157 15 92
16158 103 63
16159 14 92
16160 112 33
16161 102 63
16162 113 33
16163 15 92
16164 103 63
16165 112 33
16166 102 63
16167 113 37
16168 93 32
16169 103 63
16170 14 92
16171 15 92
16172 113 33
16173 112 33
16174 14 92
16175 92 32
16176 15 92
16177 112 37
16178 113 37
16179 113 33
16180 102 63
16181 112 33
16182 93 32
16183 14 92
16184 113 33
16185 103 63
16186 102 63
16187 103 63
16188 112 33
16189 92 32
16190 15 92
16191 102 63
16192 93 32
16193 103 63
16194 102 63
16195 92 32
16196 112 37
16197 103 63
16198 113 37
16199 113 33
16200 14 92
16201 93 32
16202 102 63
16203 15 92
16204 92 32
16205 14 92
16206 93 32
16207 103 63
16208 102 63
16209 103 63
16210 102 63
16211 103 63
16212 102 63
16213 103 63
16214 112 33
16215 102 63
16216 112 37
16217 15 92
16218 103 63
16219 113 33
16220 92 32
16221 113 37
16222 112 37
16223 113 37
16224 112 33
16225 113 33
16226 112 37
16227 113 37
16228 14 92
16229 15 92
16230 93 32
16231 92 32
16232 112 37
16233 93 32
16234 102 63
16235 14 92
16236 113 37
16237 15 92
16238 92 32
16239 14 92
16240 15 92
16241 112 33
16242 93 32
16243 113 33
16244 112 33
16245 112 37
16246 113 37
16247 14 92
16248 92 32
16249 15 92
16250 103 63
16251 113 33
16252 14 92
16253 112 37
16254 102 63
16255 103 63
16256 112 33
16257 113 37
16258 102 63
16259 112 37
16260 113 33
16261 93 32
16262 15 92
16263 92 32
16264 93 32
16265 112 33
16266 113 33
16267 14 92
16268 15 92
16269 113 37
16270 92 32
16271 93 32
16272 14 92
16273 15 92
16274 112 37
16275 112 33
16276 14 92
16277 92 32
16278 93 32
16279 113 33
16280 113 37
16281 112 33
16282 92 32
16283 112 37
16284 113 37
16285 112 37
16286 103 63
16287 15 92
16288 14 92
16289 102 63
16290 103 63
16291 102 63
16292 113 37
16293 113 33
16294 15 92
16295 93 32
16296 92 32
16297 112 33
16298 113 33
16299 103 63
16300 93 32
16301 112 33
16302 112 37
16303 14 92
16304 113 37
16305 112 37
16306 92 32
16307 93 32
16308 15 92
16309 102 63
16310 113 33
16311 103 63
16312 112 33
16313 92 32
16314 113 37
16315 93 32
16316 92 32
16317 93 32
16318 14 92
16319 15 92
16320 92 32
16321 113 33
16322 112 33
16323 112 37
16324 113 33
16325 14 92
16326 15 92
16327 113 37
16328 102 63
16329 93 32
16330 92 32
16331 112 37
16332 93 32
16333 113 37
16334 103 63
16335 102 63
16336 14 92
16337 15 92
16338 92 32
16339 103 63
16340 93 32
16341 14 92
16342 112 33
16343 15 92
16344 112 37
16345 92 32
16346 102 63
16347 113 37
16348 93 32
16349 92 32
16350 93 32
16351 113 33
16352 112 37
16353 112 33
16354 92 32
16355 93 32
16356 113 33
16357 103 63
16358 102 63
16359 14 92
16360 92 32
16361 93 32
16362 112 33
16363 15 92
16364 92 32
16365 14 92
16366 113 37
16367 112 37
16368 15 92
16369 113 37
16370 14 92
16371 112 37
16372 113 37
16373 103 63
16374 15 92
16375 14 92
16376 102 63
16377 93 32
16378 112 37
16379 113 37
16380 113 33
16381 103 63
16382 92 32
16383 102 63
16384 103 63
16385 112 37
16386 102 63
16387 112 33
16388 113 33
16389 15 92
16390 112 33
16391 113 33
16392 14 92
16393 15 92
16394 113 37
16395 103 63
16396 14 92
16397 15 92
16398 14 92
16399 102 63
16400 112 33
16401 113 33
16402 103 63
16403 93 32
16404 102 63
16405 15 92
16406 112 33
16407 112 37
16408 103 63
16409 92 32
16410 93 32
16411 92 32
16412 102 63
16413 113 37
16414 113 33
16415 112 37
16416 112 33
16417 113 37
16418 103 63
16419 14 92
16420 113 33
16421 102 63
16422 112 33
16423 93 32
16424 112 37
16425 92 32
16426 113 33
16427 112 33
16428 15 92
16429 113 33
16430 14 92
16431 103 63
16432 113 37
16433 15 92
16434 14 92
16435 112 37
16436 15 92
16437 112 33
16438 93 32
16439 113 37
16440 113 33
16441 112 33
16442 102 63
16443 113 33
16444 103 63
16445 14 92
16446 112 37
16447 112 33
16448 113 33
16449 15 92
16450 14 92
16451 15 92
16452 92 32
16453 93 32
16454 92 32
16455 102 63
16456 103 63
16457 112 33
16458 113 37
16459 102 63
16460 103 63
16461 113 33
16462 112 37
16463 112 33
16464 102 63
16465 113 37
16466 112 37
16467 14 92
16468 113 33
16469 103 63
16470 15 92
16471 102 63
16472 14 92
16473 93 32
16474 15 92
16475 113 37
16476 112 33
16477 14 92
16478 92 32
16479 93 32
16480 92 32
16481 113 33
16482 112 37
16483 15 92
16484 14 92
16485 103 63
16486 112 33
16487 15 92
16488 93 32
16489 113 37
16490 102 63
16491 14 92
16492 113 33
16493 15 92
16494 103 63
16495 14 92
16496 92 32
16497 112 37
16498 102 63
16499 15 92
16500 14 92
16501 15 92
16502 112 33
16503 113 33
16504 112 33
16505 93 32
16506 92 32
16507 93 32
16508 103 63
16509 92 32
16510 113 37
16511 113 33
16512 112 37
16513 93 32
16514 113 37
16515 112 37
16516 102 63
16517 112 33
16518 103 63
16519 113 37
16520 14 92
16521 15 92
16522 112 37
16523 92 32
16524 113 37
16525 93 32
16526 113 33
16527 92 32
16528 102 63
16529 112 33
16530 112 37
16531 93 32
16532 113 33
16533 14 92
16534 113 37
16535 103 63
16536 112 37
16537 92 32
16538 102 63
16539 113 37
16540 15 92
16541 14 92
16542 112 33
16543 112 37
16544 15 92
16545 93 32
16546 92 32
16547 113 33
16548 103 63
16549 102 63
16550 93 32
16551 112 33
16552 103 63
16553 113 33
16554 113 37
16555 112 33
16556 112 37
16557 14 92
16558 92 32
16559 113 37
16560 113 33
16561 112 37
16562 15 92
16563 14 92
16564 112 33
16565 15 92
16566 93 32
16567 113 37
16568 112 37
16569 113 37
16570 102 63
16571 103 63
16572 113 33
16573 92 32
16574 14 92
16575 93 32
16576 92 32
16577 102 63
16578 112 33
16579 15 92
16580 14 92
16581 103 63
16582 102 63
16583 15 92
16584 14 92
16585 113 33
16586 103 63
16587 112 37
16588 102 63
16589 93 32
16590 103 63
16591 15 92
16592 14 92
16593 113 37
16594 15 92
16595 112 33
16596 92 32
16597 113 33
16598 112 37
16599 112 33
16600 93 32
16601 113 33
16602 102 63
16603 113 37
16604 14 92
16605 92 32
16606 103 63
16607 112 33
16608 102 63
16609 103 63
16610 93 32
16611 92 32
16612 112 37
16613 93 32
16614 113 33
16615 102 63
16616 15 92
16617 14 92
16618 15 92
16619 103 63
16620 102 63
16621 112 33
16622 14 92
16623 113 37
16624 15 92
16625 113 33
16626 14 92
16627 112 33
16628 103 63
16629 92 32
16630 113 33
16631 102 63
16632 93 32
16633 112 37
16634 92 32
16635 112 33
16636 93 32
16637 103 63
16638 113 37
16639 92 32
16640 112 37
16641 113 33
16642 112 33
16643 102 63
16644 113 33
16645 112 33
16646 113 37
16647 93 32
16648 112 37
16649 15 92
16650 103 63
16651 113 37
16652 14 92
16653 113 33
16654 92 32
16655 15 92
16656 93 32
16657 102 63
16658 103 63
16659 92 32
16660 93 32
16661 112 33
16662 92 32
16663 102 63
16664 93 32
16665 103 63
16666 112 37
16667 113 33
16668 102 63
16669 112 33
16670 113 33
16671 112 33
16672 103 63
16673 92 32
16674 93 32
16675 102 63
16676 92 32
16677 113 33
16678 93 32
16679 14 92
16680 103 63
16681 112 33
16682 92 32
16683 93 32
16684 15 92
16685 102 63
16686 113 37
16687 112 37
16688 113 33
16689 103 63
16690 14 92
16691 102 63
16692 92 32
16693 113 37
16694 15 92
16695 103 63
16696 112 33
16697 113 33
16698 102 63
16699 112 37
16700 93 32
16701 112 33
16702 113 37
16703 92 32
16704 93 32
16705 92 32
16706 113 33
16707 112 37
16708 14 92
16709 113 37
16710 15 92
16711 112 33
16712 112 37
16713 93 32
16714 113 37
16715 112 37
16716 103 63
16717 102 63
16718 113 33
16719 14 92
16720 92 32
16721 93 32
16722 103 63
16723 15 92
16724 113 37
16725 102 63
16726 112 37
16727 14 92
16728 15 92
16729 112 33
16730 113 37
16731 113 33
16732 112 33
16733 14 92
16734 15 92
16735 113 33
16736 103 63
16737 92 32
16738 112 33
16739 112 37
16740 93 32
16741 102 63
16742 92 32
16743 113 33
16744 93 32
16745 112 33
16746 103 63
16747 113 33
16748 113 37
16749 102 63
16750 103 63
16751 92 32
16752 112 37
16753 112 33
16754 102 63
16755 113 33
16756 103 63
16757 102 63
16758 14 92
16759 112 33
16760 113 37
16761 15 92
16762 14 92
16763 15 92
16764 112 37
16765 14 92
16766 103 63
16767 113 33
16768 113 37
16769 93 32
16770 112 37
16771 92 32
16772 112 33
16773 113 37
16774 112 37
16775 113 33
16776 112 33
16777 102 63
16778 103 63
16779 113 37
16780 113 33
16781 112 37
16782 113 37
16783 93 32
16784 15 92
16785 112 33
16786 92 32
16787 14 92
16788 102 63
16789 113 33
16790 112 33
16791 93 32
16792 15 92
16793 112 37
16794 113 33
16795 113 37
16796 112 37
16797 14 92
16798 103 63
16799 102 63
16800 15 92
16801 112 33
16802 103 63
16803 102 63
16804 103 63
16805 113 33
16806 14 92
16807 15 92
16808 113 37
16809 102 63
16810 112 37
16811 103 63
16812 113 37
16813 112 33
16814 112 37
16815 14 92
16816 113 33
16817 92 32
16818 113 37
16819 112 33
16820 112 37
16821 93 32
16822 92 32
16823 93 32
16824 92 32
16825 93 32
16826 113 33
16827 112 33
16828 102 63
16829 103 63
16830 113 37
16831 15 92
16832 14 92
16833 15 92
16834 102 63
16835 92 32
16836 112 37
16837 93 32
16838 103 63
16839 102 63
16840 92 32
16841 14 92
16842 113 33
16843 103 63
16844 15 92
16845 112 33
16846 113 37
16847 93 32
16848 14 92
16849 112 37
16850 15 92
16851 102 63
16852 14 92
16853 113 33
16854 113 37
16855 15 92
16856 92 32
16857 112 37
16858 14 92
16859 103 63
16860 113 37
16861 112 37
16862 15 92
16863 14 92
16864 113 37
16865 102 63
16866 112 37
16867 93 32
16868 103 63
16869 15 92
16870 113 37
16871 112 33
16872 102 63
16873 92 32
16874 113 33
16875 112 37
16876 113 37
16877 93 32
16878 92 32
16879 14 92
16880 112 37
16881 103 63
16882 102 63
16883 103 63
16884 102 63
16885 93 32
16886 112 33
16887 103 63
16888 15 92
16889 14 92
16890 113 37
16891 15 92
16892 112 37
16893 14 92
16894 92 32
16895 93 32
16896 102 63
16897 15 92
16898 113 37
16899 14 92
16900 103 63
16901 112 37
16902 113 33
16903 15 92
16904 14 92
16905 112 33
16906 92 32
16907 102 63
16908 93 32
16909 113 37
16910 112 37
16911 113 37
16912 92 32
16913 103 63
16914 15 92
16915 93 32
16916 102 63
16917 113 33
16918 14 92
16919 92 32
16920 15 92
16921 93 32
16922 103 63
16923 92 32
16924 102 63
16925 112 37
16926 93 32
16927 14 92
16928 113 37
16929 112 33
16930 92 32
16931 113 33
16932 93 32
16933 103 63
16934 92 32
16935 15 92
16936 102 63
16937 14 92
16938 112 33
16939 112 37
16940 113 33
16941 112 33
16942 113 33
16943 112 33
16944 93 32
16945 92 32
16946 15 92
16947 113 33
16948 112 33
16949 113 33
16950 103 63
16951 14 92
16952 102 63
16953 112 33
16954 15 92
16955 103 63
16956 102 63
16957 113 37
16958 112 37
16959 103 63
16960 102 63
16961 103 63
16962 113 37
16963 14 92
16964 102 63
16965 112 37
16966 113 37
16967 15 92
16968 93 32
16969 103 63
16970 92 32
16971 93 32
16972 102 63
16973 103 63
16974 92 32
16975 93 32
16976 14 92
16977 15 92
16978 14 92
16979 112 37
16980 113 37
16981 112 37
16982 113 37
16983 112 37
16984 113 37
16985 102 63
16986 112 37
16987 92 32
16988 103 63
16989 93 32
16990 92 32
16991 113 37
16992 93 32
16993 92 32
16994 93 32
16995 112 37
16996 92 32
16997 93 32
16998 92 32
16999 113 37
17000 15 92
17001 113 33
17002 102 63
17003 112 33
17004 93 32
17005 113 33
17006 112 33
17007 103 63
17008 102 63
17009 113 33
17010 103 63
17011 112 37
17012 92 32
17013 113 37
17014 112 33
17015 93 32
17016 14 92
17017 102 63
17018 103 63
17019 92 32
17020 113 33
17021 112 33
17022 102 63
17023 112 37
17024 113 33
17025 112 33
17026 113 37
17027 103 63
17028 113 33
17029 15 92
17030 112 37
17031 93 32
17032 102 63
17033 14 92
17034 15 92
17035 112 33
17036 113 37
17037 14 92
17038 112 37
17039 113 37
17040 103 63
17041 102 63
17042 15 92
17043 113 33
17044 103 63
17045 92 32
17046 14 92
17047 102 63
17048 15 92
17049 112 33
17050 14 92
17051 103 63
17052 15 92
17053 93 32
17054 113 33
17055 14 92
17056 112 33
17057 102 63
17058 112 37
17059 113 37
17060 113 33
17061 92 32
17062 93 32
17063 92 32
17064 112 37
17065 103 63
17066 93 32
17067 92 32
17068 112 33
17069 102 63
17070 113 33
17071 112 33
17072 103 63
17073 15 92
17074 113 37
17075 102 63
17076 112 37
17077 14 92
17078 93 32
17079 113 37
17080 92 32
17081 93 32
17082 103 63
17083 92 32
17084 15 92
17085 112 37
17086 113 37
17087 93 32
17088 113 33
17089 112 33
17090 113 33
17091 112 33
17092 92 32
17093 102 63
17094 113 33
17095 93 32
17096 14 92
17097 92 32
17098 112 33
17099 113 33
17100 112 37
17101 93 32
17102 113 37
17103 92 32
17104 112 33
17105 15 92
17106 93 32
17107 103 63
17108 92 32
17109 14 92
17110 15 92
17111 93 32
17112 112 37
17113 92 32
17114 93 32
17115 113 37
17116 92 32
17117 113 33
17118 93 32
17119 102 63
17120 112 37
17121 92 32
17122 113 37
17123 103 63
17124 93 32
17125 92 32
17126 112 37
17127 14 92
17128 93 32
17129 92 32
17130 102 63
17131 113 37
17132 93 32
17133 92 32
17134 15 92
17135 14 92
17136 112 37
17137 103 63
17138 112 33
17139 113 33
17140 113 37
17141 102 63
17142 112 37
17143 93 32
17144 112 33
17145 92 32
17146 113 37
17147 113 33
17148 112 37
17149 15 92
17150 93 32
17151 103 63
17152 102 63
17153 92 32
17154 93 32
17155 92 32
17156 93 32
17157 112 33
17158 113 33
17159 92 32
17160 113 37
17161 14 92
17162 112 37
17163 103 63
17164 102 63
17165 112 33
17166 113 37
17167 103 63
17168 102 63
17169 15 92
17170 113 33
17171 93 32
17172 103 63
17173 112 33
17174 112 37
17175 102 63
17176 113 33
17177 92 32
17178 93 32
17179 92 32
17180 113 37
17181 14 92
17182 15 92
17183 14 92
17184 112 37
17185 15 92
17186 112 33
17187 113 37
17188 93 32
17189 92 32
17190 103 63
17191 113 33
17192 112 37
17193 113 37
17194 93 32
17195 112 33
17196 112 37
17197 113 37
17198 102 63
17199 113 33
17200 14 92
17201 92 32
17202 112 33
17203 113 33
17204 15 92
17205 112 37
17206 93 32
17207 92 32
17208 103 63
17209 112 33
17210 14 92
17211 113 33
17212 112 33
17213 102 63
17214 93 32
17215 113 37
17216 113 33
17217 15 92
17218 14 92
17219 92 32
17220 15 92
17221 112 33
17222 112 37
17223 103 63
17224 113 37
17225 112 37
17226 93 32
17227 113 37
17228 112 37
17229 14 92
17230 102 63
17231 15 92
17232 103 63
17233 113 37
17234 14 92
17235 92 32
17236 93 32
17237 102 63
17238 15 92
17239 112 37
17240 113 37
17241 14 92
17242 15 92
17243 113 33
17244 14 92
17245 103 63
17246 112 37
17247 15 92
17248 92 32
17249 93 32
17250 113 37
17251 112 33
17252 112 37
17253 92 32
17254 14 92
17255 113 33
17256 15 92
17257 102 63
17258 14 92
17259 15 92
17260 14 92
17261 15 92
17262 112 33
17263 113 37
17264 112 37
17265 113 33
17266 14 92
17267 93 32
17268 112 33
17269 15 92
17270 92 32
17271 113 37
17272 93 32
17273 92 32
17274 93 32
17275 103 63
17276 113 33
17277 112 33
17278 113 33
17279 112 37
17280 14 92
17281 15 92
17282 112 33
17283 92 32
17284 113 33
17285 93 32
17286 113 37
17287 112 33
17288 112 37
17289 92 32
17290 102 63
17291 103 63
17292 102 63
17293 103 63
17294 102 63
17295 103 63
17296 102 63
17297 93 32
17298 14 92
17299 113 33
17300 103 63
17301 113 37
17302 92 32
17303 15 92
17304 93 32
17305 14 92
17306 112 33
17307 113 33
17308 92 32
17309 93 32
17310 92 32
17311 102 63
17312 112 37
17313 103 63
17314 15 92
17315 112 33
17316 102 63
17317 103 63
17318 14 92
17319 93 32
17320 113 33
17321 112 33
17322 15 92
17323 92 32
17324 113 33
17325 93 32
17326 14 92
17327 15 92
17328 113 37
17329 112 37
17330 102 63
17331 113 37
17332 92 32
17333 14 92
17334 93 32
17335 15 92
17336 92 32
17337 93 32
17338 112 37
17339 113 37
17340 103 63
17341 92 32
17342 102 63
17343 112 33
17344 14 92
17345 113 33
17346 103 63
17347 15 92
17348 102 63
17349 103 63
17350 93 32
17351 92 32
17352 112 37
17353 113 37
17354 14 92
17355 112 33
17356 93 32
17357 102 63
17358 92 32
17359 113 33
17360 15 92
17361 93 32
17362 103 63
17363 102 63
17364 112 37
17365 14 92
17366 112 33
17367 92 32
17368 93 32
17369 15 92
17370 113 37
17371 112 37
17372 103 63
17373 102 63
17374 113 37
17375 103 63
17376 102 63
17377 103 63
17378 102 63
17379 103 63
17380 112 37
17381 113 37
17382 92 32
17383 102 63
17384 103 63
17385 93 32
17386 92 32
17387 112 37
17388 113 37
17389 102 63
17390 112 37
17391 14 92
17392 103 63
17393 102 63
17394 15 92
17395 113 33
17396 103 63
17397 113 37
17398 93 32
17399 92 32
17400 14 92
17401 15 92
17402 112 37
17403 102 63
17404 93 32
17405 92 32
17406 93 32
17407 113 37
17408 112 37
17409 92 32
17410 93 32
17411 112 33
17412 113 33
17413 113 37
17414 92 32
17415 93 32
17416 92 32
17417 112 33
17418 113 33
17419 14 92
17420 15 92
17421 112 37
17422 103 63
17423 93 32
17424 102 63
17425 14 92
17426 15 92
17427 103 63
17428 113 37
17429 112 37
17430 102 63
17431 92 32
17432 113 37
17433 112 33
17434 112 37
17435 113 33
17436 112 33
17437 103 63
17438 93 32
17439 102 63
17440 103 63
17441 92 32
17442 102 63
17443 113 37
17444 113 33
17445 103 63
17446 112 33
17447 102 63
17448 112 37
17449 14 92
17450 113 37
17451 15 92
17452 93 32
17453 113 33
17454 92 32
17455 14 92
17456 112 37
17457 103 63
17458 15 92
17459 14 92
17460 112 33
17461 102 63
17462 113 33
17463 15 92
17464 112 33
17465 103 63
17466 93 32
17467 102 63
17468 103 63
17469 113 33
17470 113 37
17471 112 37
17472 112 33
17473 113 33
17474 92 32
17475 14 92
17476 112 33
17477 15 92
17478 113 33
17479 113 37
17480 93 32
17481 112 33
17482 112 37
17483 113 33
17484 102 63
17485 14 92
17486 112 33
17487 113 33
17488 92 32
17489 112 33
17490 113 37
17491 93 32
17492 15 92
17493 112 37
17494 113 37
17495 113 33
17496 112 37
17497 113 37
17498 112 37
17499 14 92
17500 103 63
17501 92 32
17502 102 63
17503 113 37
17504 15 92
17505 112 33
17506 14 92
17507 93 32
17508 15 92
17509 112 37
17510 103 63
17511 113 33
17512 112 33
17513 92 32
17514 93 32
17515 92 32
17516 113 33
17517 93 32
17518 113 37
17519 112 33
17520 14 92
17521 112 37
17522 113 37
17523 15 92
17524 113 33
17525 102 63
17526 14 92
17527 15 92
17528 103 63
17529 14 92
17530 92 32
17531 102 63
17532 112 33
17533 15 92
17534 103 63
17535 93 32
17536 92 32
17537 102 63
17538 113 33
17539 103 63
17540 112 33
17541 93 32
17542 112 37
17543 14 92
17544 113 33
17545 113 37
17546 112 37
17547 112 33
17548 102 63
17549 113 37
17550 92 32
17551 113 33
17552 103 63
17553 112 37
17554 93 32
17555 113 37
17556 92 32
17557 93 32
17558 102 63
17559 92 32
17560 112 33
17561 113 33
17562 112 37
17563 15 92
17564 14 92
17565 15 92
17566 113 37
17567 103 63
17568 112 37
17569 113 37
17570 102 63
17571 103 63
17572 102 63
17573 112 33
17574 14 92
17575 113 33
17576 15 92
17577 14 92
17578 112 37
17579 112 33
17580 113 33
17581 15 92
17582 93 32
17583 14 92
17584 113 37
17585 103 63
17586 112 33
17587 102 63
17588 92 32
17589 15 92
17590 112 37
17591 14 92
17592 15 92
17593 103 63
17594 113 37
17595 93 32
17596 92 32
17597 113 33
17598 93 32
17599 112 37
17600 92 32
17601 113 37
17602 112 37
17603 102 63
17604 14 92
17605 103 63
17606 93 32
17607 92 32
17608 102 63
17609 112 33
17610 113 37
17611 15 92
17612 14 92
17613 113 33
17614 112 33
17615 113 33
17616 103 63
17617 102 63
17618 15 92
17619 103 63
17620 112 33
17621 112 37
17622 113 33
17623 113 37
17624 102 63
17625 14 92
17626 93 32
17627 92 32
17628 93 32
17629 112 37
17630 103 63
17631 113 37
17632 15 92
17633 102 63
17634 14 92
17635 15 92
17636 92 32
17637 93 32
17638 112 33
17639 113 33
17640 112 37
17641 113 37
17642 112 33
17643 113 33
17644 14 92
17645 92 32
17646 112 37
17647 15 92
17648 93 32
17649 113 37
17650 92 32
17651 112 33
17652 112 37
17653 103 63
17654 113 33
17655 113 37
17656 93 32
17657 112 33
17658 102 63
17659 92 32
17660 103 63
17661 112 37
17662 93 32
17663 92 32
17664 113 33
17665 93 32
17666 113 37
17667 102 63
17668 112 33
17669 92 32
17670 113 33
17671 112 33
17672 93 32
17673 113 33
17674 112 37
17675 112 33
17676 113 33
17677 103 63
17678 92 32
17679 14 92
17680 102 63
17681 113 37
17682 15 92
17683 93 32
17684 92 32
17685 112 33
17686 93 32
17687 112 37
17688 14 92
17689 92 32
17690 113 37
17691 113 33
17692 112 33
17693 15 92
17694 113 33
17695 112 37
17696 14 92
17697 93 32
17698 15 92
17699 112 33
17700 14 92
17701 103 63
17702 15 92
17703 113 37
17704 113 33
17705 102 63
17706 92 32
17707 112 33
17708 112 37
17709 113 37
17710 93 32
17711 14 92
17712 103 63
17713 102 63
17714 113 33
17715 103 63
17716 112 33
17717 113 33
17718 112 33
17719 15 92
17720 113 33
17721 14 92
17722 112 37
17723 92 32
17724 112 33
17725 93 32
17726 102 63
17727 103 63
17728 113 37
17729 92 32
17730 102 63
17731 15 92
17732 112 37
17733 113 33
17734 93 32
17735 92 32
17736 93 32
17737 112 33
17738 113 33
17739 92 32
17740 112 33
17741 14 92
17742 113 33
17743 113 37
17744 112 33
17745 15 92
17746 93 32
17747 113 33
17748 14 92
17749 103 63
17750 112 33
17751 112 37
17752 113 33
17753 113 37
17754 112 33
17755 92 32
17756 112 37
17757 113 37
17758 93 32
17759 102 63
17760 113 33
17761 15 92
17762 92 32
17763 112 37
17764 14 92
17765 113 37
17766 103 63
17767 112 33
17768 102 63
17769 93 32
17770 15 92
17771 92 32
17772 14 92
17773 103 63
17774 112 37
17775 15 92
17776 102 63
17777 14 92
17778 15 92
17779 14 92
17780 93 32
17781 103 63
17782 92 32
17783 113 37
17784 102 63
17785 112 37
17786 103 63
17787 113 33
17788 15 92
17789 102 63
17790 113 37
17791 103 63
17792 112 33
17793 93 32
17794 112 37
17795 92 32
17796 14 92
17797 15 92
17798 113 33
17799 93 32
17800 113 37
17801 112 37
17802 102 63
17803 113 37
17804 112 33
17805 103 63
17806 113 33
17807 102 63
17808 112 37
17809 14 92
17810 15 92
17811 92 32
17812 103 63
17813 102 63
17814 103 63
17815 14 92
17816 112 33
17817 113 33
17818 102 63
17819 15 92
17820 93 32
17821 103 63
17822 113 37
17823 102 63
17824 112 33
17825 112 37
17826 113 33
17827 14 92
17828 112 33
17829 92 32
17830 93 32
17831 92 32
17832 15 92
17833 113 37
17834 93 32
17835 92 32
17836 112 37
17837 93 32
17838 113 33
17839 112 33
17840 14 92
17841 103 63
17842 92 32
17843 102 63
17844 113 37
17845 15 92
17846 103 63
17847 14 92
17848 15 92
17849 112 37
17850 113 37
17851 93 32
17852 92 32
17853 102 63
17854 112 37
17855 113 37
17856 103 63
17857 113 33
17858 102 63
17859 112 37
17860 93 32
17861 92 32
17862 103 63
17863 102 63
17864 112 33
17865 103 63
17866 14 92
17867 93 32
17868 113 37
17869 113 33
17870 112 37
17871 15 92
17872 113 37
17873 92 32
17874 14 92
17875 112 37
17876 93 32
17877 15 92
17878 92 32
17879 102 63
17880 112 33
17881 103 63
17882 14 92
17883 102 63
17884 93 32
17885 113 33
17886 103 63
17887 113 37
17888 102 63
17889 15 92
17890 14 92
17891 103 63
17892 112 33
17893 102 63
17894 113 33
17895 103 63
17896 112 37
17897 15 92
17898 112 33
17899 113 37
17900 92 32
17901 112 37
17902 102 63
17903 113 37
17904 112 37
17905 93 32
17906 113 33
17907 92 32
17908 14 92
17909 15 92
17910 14 92
17911 113 37
17912 112 33
17913 113 33
17914 103 63
17915 102 63
17916 112 37
17917 103 63
17918 113 37
17919 112 37
17920 15 92
17921 113 37
17922 14 92
17923 15 92
17924 112 37
17925 93 32
17926 113 37
17927 14 92
17928 112 33
17929 92 32
17930 112 37
17931 113 37
17932 15 92
17933 112 37
17934 113 33
17935 112 33
17936 113 33
17937 14 92
17938 113 37
17939 112 37
17940 113 37
17941 15 92
17942 102 63
17943 14 92
17944 112 37
17945 93 32
17946 92 32
17947 112 33
17948 15 92
17949 113 33
17950 113 37
17951 103 63
17952 14 92
17953 112 37
17954 15 92
17955 102 63
17956 103 63
17957 14 92
17958 93 32
17959 15 92
17960 14 92
17961 102 63
17962 113 37
17963 112 37
17964 113 37
17965 103 63
17966 112 33
17967 92 32
17968 102 63
17969 93 32
17970 92 32
17971 112 37
17972 103 63
17973 93 32
17974 113 37
17975 15 92
17976 14 92
17977 112 37
17978 102 63
17979 103 63
17980 102 63
17981 103 63
17982 113 33
17983 92 32
17984 113 37
17985 93 32
17986 15 92
17987 102 63
17988 112 33
17989 103 63
17990 112 37
17991 102 63
17992 113 33
17993 92 32
17994 113 37
17995 112 37
17996 113 37
17997 14 92
17998 103 63
17999 112 37
18000 93 32
18001 15 92
18002 14 92
18003 102 63
18004 113 37
18005 92 32
18006 112 37
18007 15 92
18008 112 33
18009 93 32
18010 14 92
18011 113 37
18012 92 32
18013 103 63
18014 112 37
18015 113 33
18016 112 33
18017 15 92
18018 113 33
18019 93 32
18020 113 37
18021 92 32
18022 14 92
18023 93 32
18024 92 32
18025 112 33
18026 113 33
18027 15 92
18028 112 33
18029 14 92
18030 113 33
18031 15 92
18032 112 33
18033 102 63
18034 112 37
18035 113 37
18036 93 32
18037 92 32
18038 103 63
18039 112 37
18040 113 33
18041 14 92
18042 15 92
18043 14 92
18044 102 63
18045 113 37
18046 15 92
18047 112 37
18048 113 37
18049 93 32
18050 14 92
18051 112 33
18052 112 37
18053 113 33
18054 112 33
18055 15 92
18056 113 37
18057 14 92
18058 15 92
18059 112 37
18060 103 63
18061 92 32
18062 93 32
18063 113 37
18064 113 33
18065 112 37
18066 112 33
18067 92 32
18068 102 63
18069 113 37
18070 113 33
18071 112 37
18072 14 92
18073 112 33
18074 93 32
18075 15 92
18076 14 92
18077 103 63
18078 92 32
18079 93 32
18080 113 33
18081 102 63
18082 103 63
18083 113 37
18084 112 33
18085 92 32
18086 102 63
18087 15 92
18088 93 32
18089 14 92
18090 15 92
18091 92 32
18092 14 92
18093 93 32
18094 112 37
18095 113 37
18096 103 63
18097 113 33
18098 92 32
18099 112 37
18100 112 33
18101 113 33
18102 113 37
18103 112 37
18104 113 37
18105 112 37
18106 113 37
18107 112 33
18108 113 33
18109 93 32
18110 92 32
18111 93 32
18112 102 63
18113 112 37
18114 92 32
18115 112 33
18116 113 33
18117 113 37
18118 112 33
18119 15 92
18120 112 37
18121 14 92
18122 93 32
18123 15 92
18124 113 37
18125 113 33
18126 14 92
18127 112 37
18128 103 63
18129 102 63
18130 113 37
18131 92 32
18132 112 33
18133 93 32
18134 92 32
18135 93 32
18136 15 92
18137 112 37
18138 14 92
18139 15 92
18140 113 33
18141 103 63
18142 113 37
18143 92 32
18144 112 33
18145 113 33
18146 102 63
18147 93 32
18148 112 37
18149 92 32
18150 14 92
18151 103 63
18152 113 37
18153 15 92
18154 93 32
18155 112 33
18156 112 37
18157 14 92
18158 92 32
18159 15 92
18160 113 37
18161 102 63
18162 103 63
18163 14 92
18164 112 37
18165 93 32
18166 113 33
18167 92 32
18168 112 33
18169 93 32
18170 92 32
18171 113 37
18172 15 92
18173 102 63
18174 93 32
18175 103 63
18176 14 92
18177 112 37
18178 92 32
18179 15 92
18180 14 92
18181 93 32
18182 15 92
18183 92 32
18184 102 63
18185 113 37
18186 112 37
18187 113 33
18188 93 32
18189 14 92
18190 113 37
18191 92 32
18192 112 33
18193 112 37
18194 103 63
18195 102 63
18196 93 32
18197 92 32
18198 93 32
18199 113 37
18200 92 32
18201 113 33
18202 15 92
18203 103 63
18204 93 32
18205 14 92
18206 92 32
18207 15 92
18208 112 37
18209 102 63
18210 112 33
18211 93 32
18212 14 92
18213 103 63
18214 92 32
18215 113 37
18216 15 92
18217 113 33
18218 93 32
18219 14 92
18220 112 33
18221 112 37
18222 92 32
18223 113 33
18224 93 32
18225 112 33
18226 113 33
18227 113 37
18228 92 32
18229 102 63
18230 103 63
18231 15 92
18232 102 63
18233 103 63
18234 112 37
18235 14 92
18236 112 33
18237 102 63
18238 15 92
18239 113 37
18240 14 92
18241 103 63
18242 112 37
18243 93 32
18244 92 32
18245 113 33
18246 112 33
18247 93 32
18248 102 63
18249 103 63
18250 113 37
18251 112 37
18252 15 92
18253 113 33
18254 92 32
18255 93 32
18256 113 37
18257 112 37
18258 112 33
18259 92 32
18260 102 63
18261 14 92
18262 103 63
18263 113 33
18264 102 63
18265 112 33
18266 113 33
18267 15 92
18268 14 92
18269 103 63
18270 113 37
18271 112 33
18272 15 92
18273 102 63
18274 93 32
18275 92 32
18276 93 32
18277 103 63
18278 14 92
18279 102 63
18280 112 37
18281 113 33
18282 92 32
18283 93 32
18284 112 33
18285 103 63
18286 92 32
18287 113 37
18288 102 63
18289 112 37
18290 93 32
18291 92 32
18292 15 92
18293 113 33
18294 113 37
18295 14 92
18296 112 37
18297 113 37
18298 103 63
18299 112 33
18300 113 33
18301 112 37
18302 93 32
18303 92 32
18304 102 63
18305 112 33
18306 15 92
18307 14 92
18308 103 63
18309 93 32
18310 102 63
18311 92 32
18312 93 32
18313 103 63
18314 15 92
18315 14 92
18316 113 37
18317 102 63
18318 103 63
18319 112 37
18320 113 37
18321 92 32
18322 93 32
18323 112 37
18324 113 37
18325 112 37
18326 15 92
18327 102 63
18328 113 33
18329 14 92
18330 15 92
18331 103 63
18332 113 37
18333 92 32
18334 14 92
18335 15 92
18336 112 37
18337 93 32
18338 102 63
18339 112 33
18340 113 33
18341 92 32
18342 103 63
18343 113 37
18344 93 32
18345 14 92
18346 102 63
18347 112 37
18348 112 33
18349 92 32
18350 15 92
18351 93 32
18352 14 92
18353 103 63
18354 102 63
18355 113 37
18356 92 32
18357 113 33
18358 103 63
18359 112 37
18360 15 92
18361 93 32
18362 14 92
18363 112 33
18364 15 92
18365 102 63
18366 103 63
18367 102 63
18368 14 92
18369 15 92
18370 14 92
18371 92 32
18372 113 33
18373 15 92
18374 112 33
18375 93 32
18376 92 32
18377 93 32
18378 92 32
18379 14 92
18380 15 92
18381 14 92
18382 15 92
18383 113 37
18384 103 63
18385 102 63
18386 112 37
18387 93 32
18388 92 32
18389 93 32
18390 14 92
18391 92 32
18392 93 32
18393 103 63
18394 113 33
18395 113 37
18396 92 32
18397 112 33
18398 102 63
18399 15 92
18400 113 33
18401 112 33
18402 93 32
18403 113 33
18404 103 63
18405 112 33
18406 112 37
18407 92 32
18408 93 32
18409 113 37
18410 102 63
18411 112 37
18412 92 32
18413 14 92
18414 93 32
18415 92 32
18416 113 37
18417 113 33
18418 112 33
18419 112 37
18420 113 33
18421 93 32
18422 113 37
18423 103 63
18424 102 63
18425 15 92
18426 92 32
18427 14 92
18428 103 63
18429 102 63
18430 103 63
18431 112 33
18432 15 92
18433 112 37
18434 14 92
18435 102 63
18436 113 37
18437 15 92
18438 14 92
18439 112 37
18440 103 63
18441 113 33
18442 112 33
18443 93 32
18444 113 37
18445 113 33
18446 102 63
18447 15 92
18448 112 33
18449 92 32
18450 113 33
18451 103 63
18452 112 37
18453 113 37
18454 14 92
18455 112 33
18456 113 33
18457 93 32
18458 92 32
18459 112 37
18460 93 32
18461 92 32
18462 102 63
18463 112 33
18464 103 63
18465 113 37
18466 112 37
18467 113 37
18468 113 33
18469 93 32
18470 112 33
18471 102 63
18472 103 63
18473 113 33
18474 102 63
18475 92 32
18476 103 63
18477 93 32
18478 102 63
18479 103 63
18480 15 92
18481 102 63
18482 112 37
18483 113 37
18484 103 63
18485 102 63
18486 14 92
18487 112 37
18488 112 33
18489 103 63
18490 113 37
18491 92 32
18492 113 33
18493 112 37
18494 112 33
18495 15 92
18496 113 37
18497 93 32
18498 113 33
18499 92 32
18500 102 63
18501 93 32
18502 92 32
18503 112 33
18504 14 92
18505 15 92
18506 112 37
18507 113 33
18508 112 33
18509 93 32
18510 103 63
18511 92 32
18512 102 63
18513 103 63
18514 93 32
18515 92 32
18516 113 37
18517 113 33
18518 102 63
18519 93 32
18520 112 33
18521 112 37
18522 113 33
18523 103 63
18524 113 37
18525 112 33
18526 113 33
18527 92 32
18528 112 37
18529 102 63
18530 14 92
18531 113 37
18532 103 63
18533 93 32
18534 112 37
18535 15 92
18536 14 92
18537 15 92
18538 112 33
18539 102 63
18540 14 92
18541 92 32
18542 93 32
18543 92 32
18544 113 33
18545 15 92
18546 14 92
18547 113 37
18548 93 32
18549 112 37
18550 92 32
18551 93 32
18552 92 32
18553 112 33
18554 103 63
18555 102 63
18556 103 63
18557 113 33
18558 113 37
18559 93 32
18560 112 33
18561 15 92
18562 112 37
18563 92 32
18564 93 32
18565 113 33
18566 92 32
18567 93 32
18568 112 33
18569 113 37
18570 113 33
18571 102 63
18572 112 33
18573 113 33
18574 112 37
18575 112 33
18576 113 33
18577 113 37
18578 112 37
18579 103 63
18580 92 32
18581 102 63
18582 93 32
18583 14 92
18584 113 37
18585 112 33
18586 103 63
18587 92 32
18588 113 33
18589 112 33
18590 113 33
18591 15 92
18592 112 37
18593 93 32
18594 92 32
18595 93 32
18596 14 92
18597 113 37
18598 15 92
18599 14 92
18600 102 63
18601 112 33
18602 92 32
18603 112 37
18604 113 37
18605 15 92
18606 93 32
18607 103 63
18608 14 92
18609 15 92
18610 14 92
18611 112 37
18612 113 33
18613 112 33
18614 92 32
18615 93 32
18616 102 63
18617 92 32
18618 103 63
18619 102 63
18620 15 92
18621 113 33
18622 103 63
18623 112 33
18624 102 63
18625 93 32
18626 113 37
18627 92 32
18628 113 33
18629 103 63
18630 112 33
18631 93 32
18632 113 33
18633 112 33
18634 102 63
18635 14 92
18636 15 92
18637 113 33
18638 14 92
18639 112 37
18640 15 92
18641 92 32
18642 14 92
18643 113 37
18644 15 92
18645 112 33
18646 112 37
18647 113 33
18648 112 33
18649 14 92
18650 93 32
18651 113 37
18652 112 37
18653 103 63
18654 15 92
18655 14 92
18656 92 32
18657 113 37
18658 93 32
18659 102 63
18660 103 63
18661 15 92
18662 102 63
18663 92 32
18664 14 92
18665 113 33
18666 93 32
18667 112 37
18668 112 33
18669 92 32
18670 113 37
18671 15 92
18672 113 33
18673 112 37
18674 93 32
18675 113 37
18676 14 92
18677 112 37
18678 103 63
18679 92 32
18680 93 32
18681 112 33
18682 102 63
18683 113 37
18684 112 37
18685 103 63
18686 102 63
18687 103 63
18688 102 63
18689 103 63
18690 92 32
18691 15 92
18692 102 63
18693 93 32
18694 113 37
18695 92 32
18696 103 63
18697 113 33
18698 14 92
18699 112 37
18700 15 92
18701 102 63
18702 14 92
18703 15 92
18704 14 92
18705 103 63
18706 112 33
18707 113 37
18708 93 32
18709 102 63
18710 103 63
18711 112 37
18712 92 32
18713 113 33
18714 113 37
18715 15 92
18716 93 32
18717 112 37
18718 14 92
18719 113 37
18720 112 33
18721 102 63
18722 103 63
18723 112 37
18724 102 63
18725 113 33
18726 15 92
18727 103 63
18728 102 63
18729 14 92
18730 103 63
18731 92 32
18732 102 63
18733 112 33
18734 103 63
18735 113 37
18736 112 37
18737 102 63
18738 103 63
18739 113 33
18740 112 33
18741 113 33
18742 113 37
18743 15 92
18744 112 33
18745 102 63
18746 113 33
18747 93 32
18748 112 37
18749 103 63
18750 102 63
18751 92 32
18752 112 33
18753 113 37
18754 93 32
18755 103 63
18756 14 92
18757 112 37
18758 113 33
18759 112 33
18760 15 92
18761 14 92
18762 92 32
18763 102 63
18764 93 32
18765 92 32
18766 113 33
18767 113 37
18768 103 63
18769 15 92
18770 112 33
18771 113 33
18772 112 33
18773 113 33
18774 14 92
18775 93 32
18776 92 32
18777 93 32
18778 15 92
18779 112 37
18780 113 37
18781 92 32
18782 112 33
18783 113 33
18784 112 37
18785 93 32
18786 92 32
18787 93 32
18788 112 33
18789 14 92
18790 92 32
18791 113 37
18792 112 37
18793 102 63
18794 103 63
18795 15 92
18796 14 92
18797 102 63
18798 103 63
18799 93 32
18800 15 92
18801 113 37
18802 113 33
18803 112 33
18804 92 32
18805 113 33
18806 112 37
18807 14 92
18808 102 63
18809 112 33
18810 93 32
18811 103 63
18812 113 33
18813 15 92
18814 14 92
18815 102 63
18816 92 32
18817 15 92
18818 93 32
18819 113 37
18820 112 33
18821 103 63
18822 113 33
18823 14 92
18824 112 37
18825 102 63
18826 92 32
18827 103 63
18828 15 92
18829 14 92
18830 102 63
18831 113 37
18832 112 37
18833 15 92
18834 14 92
18835 112 33
18836 103 63
18837 113 33
18838 102 63
18839 113 37
18840 15 92
18841 93 32
18842 103 63
18843 112 33
18844 102 63
18845 92 32
18846 93 32
18847 14 92
18848 15 92
18849 92 32
18850 103 63
18851 14 92
18852 15 92
18853 113 33
18854 102 63
18855 93 32
18856 92 32
18857 103 63
18858 112 33
18859 112 37
18860 14 92
18861 93 32
18862 113 33
18863 15 92
18864 14 92
18865 92 32
18866 102 63
18867 112 33
18868 15 92
18869 113 33
18870 112 33
18871 103 63
18872 14 92
18873 113 37
18874 113 33
18875 102 63
18876 15 92
18877 103 63
18878 112 37
18879 102 63
18880 14 92
18881 103 63
18882 113 37
18883 15 92
18884 112 37
18885 14 92
18886 102 63
18887 112 33
18888 113 33
18889 113 37
18890 103 63
18891 112 33
18892 113 33
18893 112 37
18894 93 32
18895 113 37
18896 102 63
18897 15 92
18898 92 32
18899 93 32
18900 112 37
18901 112 33
18902 113 37
18903 112 37
18904 113 33
18905 103 63
18906 112 33
18907 102 63
18908 113 33
18909 112 33
18910 113 37
18911 103 63
18912 14 92
18913 112 37
18914 113 37
18915 15 92
18916 92 32
18917 14 92
18918 113 33
18919 112 33
18920 15 92
18921 112 37
18922 113 37
18923 14 92
18924 102 63
18925 112 37
18926 113 33
18927 113 37
18928 93 32
18929 112 33
18930 113 33
18931 92 32
18932 112 33
18933 15 92
18934 113 33
18935 112 33
18936 103 63
18937 14 92
18938 15 92
18939 93 32
18940 102 63
18941 103 63
18942 102 63
18943 103 63
18944 92 32
18945 14 92
18946 112 37
18947 113 33
18948 102 63
18949 103 63
18950 113 37
18951 112 33
18952 113 33
18953 15 92
18954 102 63
18955 112 33
18956 103 63
18957 93 32
18958 92 32
18959 93 32
18960 14 92
18961 113 33
18962 92 32
18963 102 63
18964 112 37
18965 113 37
18966 15 92
18967 112 33
18968 14 92
18969 103 63
18970 15 92
18971 93 32
18972 14 92
18973 113 33
18974 15 92
18975 92 32
18976 93 32
18977 14 92
18978 102 63
18979 92 32
18980 112 37
18981 93 32
18982 113 37
18983 112 37
18984 15 92
18985 112 33
18986 103 63
18987 102 63
18988 113 33
18989 92 32
18990 113 37
18991 103 63
18992 14 92
18993 15 92
18994 112 37
18995 112 33
18996 113 33
18997 93 32
18998 102 63
18999 103 63
19000 112 33
19001 113 33
19002 14 92
19003 102 63
19004 103 63
19005 112 33
19006 15 92
19007 113 37
19008 102 63
19009 112 37
19010 14 92
19011 113 37
19012 92 32
19013 112 37
19014 93 32
19015 113 33
19016 15 92
19017 112 33
19018 14 92
19019 92 32
19020 103 63
19021 93 32
19022 102 63
19023 113 33
19024 113 37
19025 15 92
19026 14 92
19027 15 92
19028 103 63
19029 112 37
19030 92 32
19031 112 33
19032 93 32
19033 102 63
19034 103 63
19035 113 37
19036 14 92
19037 92 32
19038 102 63
19039 15 92
19040 93 32
19041 103 63
19042 112 37
19043 14 92
19044 102 63
19045 113 37
19046 92 32
19047 112 37
19048 113 37
19049 103 63
19050 102 63
19051 103 63
19052 102 63
19053 112 37
19054 93 32
19055 92 32
19056 103 63
19057 113 33
19058 112 33
19059 15 92
19060 93 32
19061 113 37
19062 102 63
19063 112 37
19064 103 63
19065 113 37
19066 92 32
19067 102 63
19068 93 32
19069 14 92
19070 92 32
19071 103 63
19072 102 63
19073 103 63
19074 113 33
19075 112 33
19076 113 33
19077 112 37
19078 15 92
19079 93 32
19080 102 63
19081 92 32
19082 14 92
19083 112 33
19084 15 92
19085 113 37
19086 93 32
19087 92 32
19088 93 32
19089 112 37
19090 92 32
19091 113 33
19092 112 33
19093 113 37
19094 93 32
19095 92 32
19096 103 63
19097 112 37
19098 93 32
19099 113 33
19100 113 37
19101 112 33
19102 112 37
19103 102 63
19104 113 37
19105 92 32
19106 112 37
19107 93 32
19108 113 37
19109 113 33
19110 103 63
19111 102 63
19112 92 32
19113 14 92
19114 103 63
19115 112 37
19116 112 33
19117 113 37
19118 102 63
19119 113 33
19120 15 92
19121 103 63
19122 93 32
19123 102 63
19124 112 33
19125 92 32
19126 113 33
19127 14 92
19128 112 37
19129 112 33
19130 103 63
19131 93 32
19132 92 32
19133 102 63
19134 103 63
19135 15 92
19136 113 33
19137 112 33
19138 93 32
19139 102 63
19140 113 33
19141 103 63
19142 112 33
19143 102 63
19144 103 63
19145 102 63
19146 113 33
19147 113 37
19148 103 63
19149 102 63
19150 92 32
19151 14 92
19152 103 63
19153 112 33
19154 113 33
19155 15 92
19156 14 92
19157 112 33
19158 15 92
19159 113 33
19160 102 63
19161 14 92
19162 103 63
19163 93 32
19164 102 63
19165 92 32
19166 15 92
19167 14 92
19168 112 37
19169 15 92
19170 14 92
19171 112 33
19172 113 33
19173 15 92
19174 93 32
19175 113 37
19176 92 32
19177 93 32
19178 92 32
19179 103 63
19180 112 37
19181 112 33
19182 113 33
19183 102 63
19184 112 33
19185 113 37
19186 103 63
19187 112 37
19188 113 33
19189 112 33
19190 14 92
19191 93 32
19192 102 63
19193 15 92
19194 113 33
19195 103 63
19196 113 37
19197 14 92
19198 112 37
19199 92 32
19200 93 32
19201 102 63
19202 103 63
19203 15 92
19204 92 32
19205 93 32
19206 112 33
19207 113 33
19208 92 32
19209 14 92
19210 112 33
19211 15 92
19212 102 63
19213 113 33
19214 113 37
19215 103 63
19216 102 63
19217 93 32
19218 14 92
19219 92 32
19220 103 63
19221 15 92
19222 112 37
19223 14 92
19224 15 92
19225 14 92
19226 113 37
19227 93 32
19228 92 32
19229 102 63
19230 112 33
19231 103 63
19232 112 37
19233 15 92
19234 113 37
19235 14 92
19236 113 33
19237 102 63
19238 112 33
19239 15 92
19240 93 32
19241 113 33
19242 112 33
19243 14 92
19244 113 33
19245 15 92
19246 14 92
19247 103 63
19248 15 92
19249 112 37
19250 112 33
19251 113 37
19252 14 92
19253 113 33
19254 102 63
19255 112 33
19256 92 32
19257 15 92
19258 113 33
19259 112 37
19260 113 37
19261 14 92
19262 15 92
19263 93 32
19264 92 32
19265 112 37
19266 14 92
19267 113 37
19268 93 32
19269 103 63
19270 112 37
19271 92 32
19272 112 33
19273 113 33
19274 113 37
19275 15 92
19276 102 63
19277 93 32
19278 14 92
19279 92 32
19280 103 63
19281 93 32
19282 15 92
19283 14 92
19284 112 37
19285 92 32
19286 102 63
19287 15 92
19288 93 32
19289 112 33
19290 113 37
19291 113 33
19292 103 63
19293 92 32
19294 93 32
19295 102 63
19296 92 32
19297 14 92
19298 15 92
19299 14 92
19300 112 33
19301 15 92
19302 112 37
19303 113 33
19304 113 37
19305 14 92
19306 112 33
19307 103 63
19308 112 37
19309 102 63
19310 113 37
19311 113 33
19312 15 92
19313 112 33
19314 113 33
19315 14 92
19316 112 33
19317 15 92
19318 93 32
19319 113 33
19320 112 37
19321 113 37
19322 14 92
19323 92 32
19324 93 32
19325 15 92
19326 103 63
19327 112 37
19328 112 33
19329 92 32
19330 113 37
19331 113 33
19332 112 33
19333 93 32
19334 92 32
19335 102 63
19336 113 33
19337 103 63
19338 112 37
19339 14 92
19340 93 32
19341 15 92
19342 113 37
19343 92 32
19344 112 33
19345 112 37
19346 113 33
19347 93 32
19348 102 63
19349 113 37
19350 112 37
19351 112 33
19352 113 37
19353 113 33
19354 112 33
19355 112 37
19356 113 37
19357 103 63
19358 112 37
19359 14 92
19360 15 92
19361 92 32
19362 102 63
19363 103 63
19364 14 92
19365 15 92
19366 113 33
19367 102 63
19368 113 37
19369 14 92
19370 103 63
19371 112 33
19372 93 32
19373 102 63
19374 15 92
19375 14 92
19376 113 33
19377 112 33
19378 112 37
19379 113 33
19380 113 37
19381 92 32
19382 112 33
19383 112 37
19384 93 32
19385 103 63
19386 113 33
19387 112 33
19388 15 92
19389 92 32
19390 102 63
19391 113 33
19392 14 92
19393 93 32
19394 103 63
19395 112 33
19396 92 32
19397 113 33
19398 15 92
19399 113 37
19400 112 33
19401 112 37
19402 14 92
19403 113 37
19404 102 63
19405 113 33
19406 15 92
19407 14 92
19408 112 33
19409 113 33
19410 112 37
19411 113 37
19412 112 37
19413 103 63
19414 112 33
19415 15 92
19416 102 63
19417 113 37
19418 93 32
19419 92 32
19420 14 92
19421 93 32
19422 113 33
19423 15 92
19424 112 33
19425 112 37
19426 113 33
19427 92 32
19428 103 63
19429 93 32
19430 92 32
19431 93 32
19432 92 32
19433 112 33
19434 93 32
19435 102 63
19436 113 33
19437 112 33
19438 103 63
19439 113 33
19440 112 33
19441 92 32
19442 102 63
19443 103 63
19444 93 32
19445 92 32
19446 113 33
19447 113 37
19448 112 33
19449 14 92
19450 93 32
19451 92 32
19452 102 63
19453 112 37
19454 113 37
19455 15 92
19456 93 32
19457 103 63
19458 92 32
19459 112 37
19460 113 33
19461 14 92
19462 113 37
19463 102 63
19464 112 33
19465 113 33
19466 112 37
19467 15 92
19468 112 33
19469 103 63
19470 113 33
19471 113 37
19472 102 63
19473 103 63
19474 102 63
19475 14 92
19476 112 33
19477 93 32
19478 113 33
19479 92 32
19480 103 63
19481 102 63
19482 103 63
19483 93 32
19484 15 92
19485 102 63
19486 112 33
19487 14 92
19488 92 32
19489 15 92
19490 103 63
19491 112 37
19492 14 92
19493 102 63
19494 93 32
19495 92 32
19496 113 33
19497 103 63
19498 113 37
19499 102 63
19500 112 33
19501 103 63
19502 93 32
19503 113 33
19504 112 37
19505 92 32
19506 15 92
19507 102 63
19508 93 32
19509 112 33
19510 14 92
19511 92 32
19512 113 33
19513 113 37
19514 15 92
19515 112 37
19516 113 37
19517 103 63
19518 93 32
19519 112 37
19520 92 32
19521 102 63
19522 112 33
19523 14 92
19524 93 32
19525 103 63
19526 113 33
19527 102 63
19528 15 92
19529 112 33
19530 113 37
19531 92 32
19532 14 92
19533 103 63
19534 102 63
19535 113 33
19536 15 92
19537 93 32
19538 92 32
19539 112 33
19540 93 32
19541 14 92
19542 113 33
19543 103 63
19544 112 37
19545 112 33
19546 113 33
19547 112 33
19548 15 92
19549 113 33
19550 102 63
19551 103 63
19552 92 32
19553 102 63
19554 103 63
19555 102 63
19556 93 32
19557 103 63
19558 112 33
19559 102 63
19560 92 32
19561 113 37
19562 103 63
19563 14 92
19564 113 33
19565 102 63
19566 103 63
19567 112 33
19568 93 32
19569 15 92
19570 92 32
19571 113 33
19572 102 63
19573 112 33
19574 103 63
19575 93 32
19576 102 63
19577 14 92
19578 92 32
19579 15 92
19580 14 92
19581 113 33
19582 112 37
19583 93 32
19584 113 37
19585 112 33
19586 92 32
19587 15 92
19588 103 63
19589 14 92
19590 93 32
19591 113 33
19592 112 33
19593 113 33
19594 112 37
19595 113 37
19596 112 37
19597 92 32
19598 113 37
19599 112 33
19600 112 37
19601 93 32
19602 15 92
19603 113 33
19604 102 63
19605 103 63
19606 14 92
19607 15 92
19608 113 37
19609 14 92
19610 112 33
19611 113 33
19612 102 63
19613 112 33
19614 15 92
19615 113 33
19616 14 92
19617 103 63
19618 112 37
19619 112 33
19620 15 92
19621 113 33
19622 112 33
19623 113 37
19624 14 92
19625 102 63
19626 15 92
19627 103 63
19628 102 63
19629 103 63
19630 102 63
19631 112 37
19632 103 63
19633 113 37
19634 113 33
19635 14 92
19636 92 32
19637 102 63
19638 112 37
19639 103 63
19640 93 32
19641 15 92
19642 92 32
19643 93 32
19644 113 37
19645 112 33
19646 92 32
19647 93 32
19648 14 92
19649 92 32
19650 102 63
19651 112 37
19652 15 92
19653 103 63
19654 113 33
19655 93 32
19656 14 92
19657 15 92
19658 102 63
19659 103 63
19660 14 92
19661 113 37
19662 92 32
19663 102 63
19664 103 63
19665 15 92
19666 112 33
19667 102 63
19668 113 33
19669 14 92
19670 112 37
19671 113 37
19672 112 33
19673 15 92
19674 14 92
19675 93 32
19676 113 33
19677 103 63
19678 102 63
19679 15 92
19680 14 92
19681 92 32
19682 112 33
19683 112 37
19684 113 37
19685 112 37
19686 113 37
19687 112 37
19688 15 92
19689 103 63
19690 14 92
19691 93 32
19692 102 63
19693 92 32
19694 15 92
19695 93 32
19696 103 63
19697 14 92
19698 113 37
19699 15 92
19700 92 32
19701 93 32
19702 112 37
19703 14 92
19704 102 63
19705 103 63
19706 113 33
19707 92 32
19708 93 32
19709 112 33
19710 102 63
19711 92 32
19712 103 63
19713 113 33
19714 93 32
19715 92 32
19716 102 63
19717 113 37
19718 93 32
19719 112 33
19720 113 33
19721 15 92
19722 14 92
19723 92 32
19724 112 37
19725 103 63
19726 102 63
19727 93 32
19728 15 92
19729 112 33
19730 92 32
19731 103 63
19732 93 32
19733 14 92
19734 102 63
19735 15 92
19736 113 37
19737 112 37
19738 14 92
19739 92 32
19740 113 33
19741 103 63
19742 102 63
19743 93 32
19744 15 92
19745 14 92
19746 15 92
19747 103 63
19748 113 37
19749 102 63
19750 92 32
19751 112 33
19752 93 32
19753 14 92
19754 103 63
19755 102 63
19756 112 37
19757 113 33
19758 113 37
19759 103 63
19760 112 33
19761 92 32
19762 113 33
19763 112 33
19764 93 32
19765 15 92
19766 102 63
19767 92 32
19768 14 92
19769 103 63
19770 102 63
19771 113 33
19772 93 32
19773 112 33
19774 103 63
19775 113 33
19776 112 33
19777 15 92
19778 92 32
19779 113 33
19780 112 37
19781 14 92
19782 102 63
19783 93 32
19784 15 92
19785 103 63
19786 92 32
19787 112 33
19788 113 37
19789 93 32
19790 113 33
19791 102 63
19792 112 37
19793 113 37
19794 103 63
19795 112 33
19796 102 63
19797 14 92
19798 112 37
19799 92 32
19800 15 92
19801 113 37
19802 113 33
19803 112 37
19804 14 92
19805 112 33
19806 103 63
19807 113 37
19808 15 92
19809 102 63
19810 112 37
19811 113 37
19812 14 92
19813 112 37
19814 15 92
19815 103 63
19816 102 63
19817 103 63
19818 113 37
19819 93 32
19820 102 63
19821 92 32
19822 113 33
19823 93 32
19824 112 33
19825 92 32
19826 14 92
19827 93 32
19828 113 33
19829 103 63
19830 112 37
19831 113 37
19832 112 37
19833 92 32
19834 15 92
19835 112 33
19836 102 63
19837 14 92
19838 15 92
19839 113 37
19840 113 33
19841 112 33
19842 14 92
19843 103 63
19844 112 37
19845 15 92
19846 93 32
19847 14 92
19848 15 92
19849 113 37
19850 92 32
19851 112 37
19852 113 33
19853 113 37
19854 14 92
19855 112 33
19856 113 33
19857 112 33
19858 15 92
19859 93 32
19860 112 37
19861 113 37
19862 14 92
19863 102 63
19864 15 92
19865 14 92
19866 113 33
19867 112 37
19868 15 92
19869 14 92
19870 103 63
19871 113 37
19872 15 92
19873 14 92
19874 92 32
19875 102 63
19876 103 63
19877 102 63
19878 15 92
19879 103 63
19880 102 63
19881 14 92
19882 93 32
19883 103 63
19884 112 37
19885 112 33
19886 15 92
19887 113 37
19888 113 33
19889 112 37
19890 92 32
19891 102 63
19892 103 63
19893 112 33
19894 102 63
19895 103 63
19896 113 37
19897 102 63
19898 93 32
19899 113 33
19900 92 32
19901 112 37
19902 113 37
19903 103 63
19904 112 37
19905 14 92
19906 112 33
19907 93 32
19908 113 37
19909 92 32
19910 93 32
19911 15 92
19912 102 63
19913 92 32
19914 113 33
19915 112 33
19916 93 32
19917 14 92
19918 103 63
19919 92 32
19920 15 92
19921 113 33
19922 93 32
19923 14 92
19924 112 37
19925 15 92
19926 92 32
19927 113 37
19928 14 92
19929 93 32
19930 112 33
19931 102 63
19932 112 37
19933 103 63
19934 92 32
19935 15 92
19936 93 32
19937 14 92
19938 92 32
19939 102 63
19940 113 37
19941 15 92
19942 113 33
19943 103 63
19944 102 63
19945 103 63
19946 102 63
19947 112 33
19948 113 33
19949 14 92
19950 112 33
19951 112 37
19952 93 32
19953 113 37
19954 15 92
19955 113 33
19956 14 92
19957 103 63
19958 92 32
19959 15 92
19960 14 92
19961 102 63
19962 103 63
19963 15 92
19964 112 37
19965 102 63
19966 14 92
19967 93 32
19968 113 37
19969 112 37
19970 103 63
19971 112 33
19972 113 33
19973 113 37
19974 112 33
19975 15 92
19976 113 33
19977 112 37
19978 102 63
19979 14 92
19980 92 32
19981 103 63
19982 15 92
19983 112 33
19984 113 37
19985 14 92
19986 102 63
19987 113 33
19988 93 32
19989 112 33
19990 112 37
19991 113 33
19992 92 32
19993 15 92
19994 113 37
19995 103 63
19996 93 32
19997 112 37
19998 14 92
19999 15 92
20000 92 32
20001 93 32
20002 113 37
20003 92 32
20004 93 32
20005 102 63
20006 112 37
20007 103 63
20008 113 37
20009 92 32
20010 14 92
20011 15 92
20012 93 32
20013 112 33
20014 102 63
20015 92 32
20016 112 37
20017 113 37
20018 14 92
20019 113 33
20020 103 63
20021 93 32
20022 92 32
20023 93 32
20024 15 92
20025 112 37
20026 92 32
20027 14 92
20028 113 37
20029 93 32
20030 15 92
20031 112 37
20032 112 33
20033 113 33
20034 112 33
20035 92 32
20036 113 37
20037 102 63
20038 112 37
20039 14 92
20040 113 37
20041 112 37
20042 113 37
20043 103 63
20044 113 33
20045 112 37
20046 113 37
20047 93 32
20048 92 32
20049 112 37
20050 113 37
20051 112 33
20052 113 33
20053 93 32
20054 102 63
20055 15 92
20056 103 63
20057 102 63
20058 112 33
20059 112 37
20060 103 63
20061 102 63
20062 103 63
20063 102 63
20064 113 37
20065 92 32
20066 93 32
20067 14 92
20068 15 92
20069 103 63
20070 92 32
20071 113 33
20072 112 37
20073 113 37
20074 93 32
20075 112 37
20076 113 37
20077 112 33
20078 112 37
20079 113 33
20080 112 33
20081 113 37
20082 112 37
20083 102 63
20084 113 33
20085 112 33
20086 113 33
20087 92 32
20088 93 32
20089 103 63
20090 113 37
20091 14 92
20092 112 37
20093 15 92
20094 14 92
20095 113 37
20096 92 32
20097 112 37
20098 112 33
20099 113 33
20100 112 33
20101 102 63
20102 113 33
20103 15 92
20104 103 63
20105 102 63
20106 112 33
20107 113 37
20108 113 33
20109 93 32
20110 112 37
20111 92 32
20112 14 92
20113 15 92
20114 103 63
20115 112 33
20116 93 32
20117 102 63
20118 92 32
20119 113 33
20120 103 63
20121 102 63
20122 113 37
20123 14 92
20124 103 63
20125 112 33
20126 15 92
20127 93 32
20128 112 37
20129 113 33
20130 112 33
20131 102 63
20132 14 92
20133 103 63
20134 113 37
20135 92 32
20136 93 32
20137 113 33
20138 112 33
20139 15 92
20140 92 32
20141 102 63
20142 14 92
20143 103 63
20144 112 37
20145 113 37
20146 15 92
20147 113 33
20148 102 63
20149 103 63
20150 14 92
20151 93 32
20152 112 37
20153 15 92
20154 102 63
20155 113 37
20156 14 92
20157 103 63
20158 112 33
20159 102 63
20160 112 37
20161 92 32
20162 15 92
20163 113 33
20164 93 32
20165 112 33
20166 113 37
20167 113 33
20168 103 63
20169 112 37
20170 102 63
20171 113 37
20172 112 33
20173 113 33
20174 112 37
20175 113 37
20176 92 32
20177 112 37
20178 113 37
20179 103 63
20180 93 32
20181 14 92
20182 92 32
20183 15 92
20184 112 33
20185 14 92
20186 112 37
20187 102 63
20188 93 32
20189 113 33
20190 112 33
20191 113 37
20192 103 63
20193 102 63
20194 113 33
20195 92 32
20196 103 63
20197 15 92
20198 112 37
20199 112 33
20200 113 37
20201 93 32
20202 14 92
20203 92 32
20204 113 33
20205 102 63
20206 93 32
20207 112 33
20208 15 92
20209 112 37
20210 14 92
20211 15 92
20212 113 37
20213 92 32
20214 112 37
20215 113 33
20216 103 63
20217 102 63
20218 113 37
20219 93 32
20220 103 63
20221 102 63
20222 92 32
20223 103 63
20224 112 37
20225 102 63
20226 113 37
20227 112 33
20228 112 37
20229 14 92
20230 15 92
20231 113 33
20232 103 63
20233 102 63
20234 112 33
20235 113 37
20236 112 37
20237 103 63
20238 14 92
20239 93 32
20240 92 32
20241 102 63
20242 113 33
20243 113 37
20244 15 92
20245 103 63
20246 102 63
20247 112 33
20248 113 33
20249 112 37
20250 103 63
20251 112 33
20252 14 92
20253 102 63
20254 113 37
20255 93 32
20256 112 37
20257 103 63
20258 102 63
20259 113 37
20260 113 33
20261 112 33
20262 15 92
20263 113 33
20264 14 92
20265 103 63
20266 102 63
20267 112 37
20268 103 63
20269 92 32
20270 102 63
20271 15 92
20272 112 33
20273 113 33
20274 103 63
20275 102 63
20276 113 37
20277 14 92
20278 93 32
20279 112 37
20280 103 63
20281 112 33
20282 102 63
20283 15 92
20284 92 32
20285 113 37
20286 112 37
20287 113 33
20288 112 33
20289 93 32
20290 92 32
20291 113 33
20292 112 33
20293 93 32
20294 113 33
20295 113 37
20296 92 32
20297 14 92
20298 15 92
20299 93 32
20300 14 92
20301 112 37
20302 92 32
20303 15 92
20304 113 37
20305 14 92
20306 103 63
20307 112 33
20308 112 37
20309 102 63
20310 113 37
20311 103 63
20312 93 32
20313 102 63
20314 113 33
20315 112 37
20316 15 92
20317 92 32
20318 112 33
20319 103 63
20320 102 63
20321 103 63
20322 113 37
20323 93 32
20324 112 37
20325 113 37
20326 14 92
20327 92 32
20328 93 32
20329 92 32
20330 93 32
20331 113 33
20332 15 92
20333 14 92
20334 102 63
20335 15 92
20336 14 92
20337 112 37
20338 15 92
20339 103 63
20340 102 63
20341 103 63
20342 92 32
20343 93 32
20344 112 33
20345 113 37
20346 92 32
20347 14 92
20348 93 32
20349 102 63
20350 15 92
20351 14 92
20352 113 33
20353 103 63
20354 102 63
20355 92 32
20356 112 37
20357 112 33
20358 93 32
20359 15 92
20360 113 37
20361 112 37
20362 103 63
20363 113 37
20364 113 33
20365 112 33
20366 102 63
20367 103 63
20368 102 63
20369 14 92
20370 103 63
20371 112 37
20372 15 92
20373 113 37
20374 112 37
20375 92 32
20376 102 63
20377 113 33
20378 113 37
20379 93 32
20380 112 33
20381 14 92
20382 113 33
20383 15 92
20384 92 32
20385 112 33
20386 112 37
20387 103 63
20388 113 37
20389 113 33
20390 112 37
20391 113 37
20392 102 63
20393 103 63
20394 102 63
20395 112 33
20396 14 92
20397 103 63
20398 15 92
20399 14 92
20400 112 37
20401 15 92
20402 113 33
20403 113 37
20404 112 37
20405 93 32
20406 112 33
20407 113 33
20408 102 63
20409 112 33
20410 103 63
20411 102 63
20412 103 63
20413 102 63
20414 113 37
20415 103 63
20416 92 32
20417 112 37
20418 102 63
20419 93 32
20420 103 63
20421 92 32
20422 113 37
20423 112 37
20424 113 37
20425 113 33
20426 102 63
20427 112 33
20428 14 92
20429 15 92
20430 93 32
20431 14 92
20432 92 32
20433 93 32
20434 113 33
20435 112 37
20436 103 63
20437 102 63
20438 112 33
20439 113 37
20440 103 63
20441 92 32
20442 93 32
20443 102 63
20444 15 92
20445 113 33
20446 14 92
20447 92 32
20448 112 33
20449 113 33
20450 103 63
20451 102 63
20452 103 63
20453 102 63
20454 103 63
20455 102 63
20456 112 37
20457 113 37
20458 15 92
20459 112 37
20460 112 33
20461 93 32
20462 92 32
20463 113 33
20464 112 33
20465 93 32
20466 103 63
20467 92 32
20468 102 63
20469 14 92
20470 93 32
20471 92 32
20472 113 33
20473 15 92
20474 113 37
20475 112 37
20476 14 92
20477 93 32
20478 112 33
20479 113 33
20480 113 37
20481 92 32
20482 112 33
20483 113 33
20484 112 33
20485 113 33
20486 93 32
20487 112 37
20488 113 37
20489 103 63
20490 92 32
20491 15 92
20492 112 33
20493 14 92
20494 102 63
20495 15 92
20496 14 92
20497 93 32
20498 112 37
20499 113 33
20500 112 33
20501 15 92
20502 103 63
20503 92 32
20504 113 33
20505 112 33
20506 93 32
20507 113 37
20508 14 92
20509 113 33
20510 102 63
20511 103 63
20512 92 32
20513 112 33
20514 93 32
20515 102 63
20516 112 37
20517 103 63
20518 15 92
20519 102 63
20520 92 32
20521 103 63
20522 113 33
20523 102 63
20524 113 37
20525 112 33
20526 93 32
20527 112 37
20528 14 92
20529 113 37
20530 112 37
20531 92 32
20532 113 37
20533 112 37
20534 113 33
20535 113 37
20536 15 92
20537 93 32
20538 112 33
20539 14 92
20540 113 33
20541 103 63
20542 92 32
20543 93 32
20544 92 32
20545 112 33
20546 113 33
20547 112 37
20548 113 37
20549 112 33
20550 112 37
20551 15 92
20552 93 32
20553 92 32
20554 93 32
20555 113 37
20556 112 37
20557 92 32
20558 113 33
20559 113 37
20560 112 33
20561 113 33
20562 112 37
20563 102 63
20564 103 63
20565 113 37
20566 93 32
20567 102 63
20568 14 92
20569 112 37
20570 103 63
20571 102 63
20572 112 33
20573 92 32
20574 103 63
20575 113 37
20576 113 33
20577 102 63
20578 112 37
20579 15 92
20580 103 63
20581 93 32
20582 92 32
20583 14 92
20584 113 37
20585 93 32
20586 112 37
20587 92 32
20588 93 32
20589 15 92
20590 102 63
20591 92 32
20592 113 37
20593 112 37
20594 93 32
20595 103 63
20596 92 32
20597 112 33
20598 102 63
20599 103 63
20600 113 33
20601 93 32
20602 113 37
20603 92 32
20604 14 92
20605 15 92
20606 112 33
20607 112 37
20608 113 33
20609 14 92
20610 93 32
20611 92 32
20612 93 32
20613 92 32
20614 112 33
20615 15 92
20616 93 32
20617 113 37
20618 112 37
20619 113 37
20620 14 92
20621 15 92
20622 102 63
20623 14 92
20624 113 33
20625 103 63
20626 112 33
20627 113 33
20628 92 32
20629 112 37
20630 93 32
20631 15 92
20632 113 37
20633 112 37
20634 113 37
20635 112 37
20636 14 92
20637 113 37
20638 112 37
20639 92 32
20640 93 32
20641 113 37
20642 112 33
20643 113 33
20644 112 37
20645 102 63
20646 92 32
20647 113 37
20648 103 63
20649 112 37
20650 112 33
20651 113 37
20652 93 32
20653 112 37
20654 113 33
20655 15 92
20656 102 63
20657 92 32
20658 14 92
20659 93 32
20660 112 33
20661 103 63
20662 113 33
20663 112 33
20664 113 37
20665 15 92
20666 92 32
20667 102 63
20668 14 92
20669 15 92
20670 93 32
20671 112 37
20672 92 32
20673 113 37
20674 112 37
20675 103 63
20676 113 33
20677 93 32
20678 102 63
20679 92 32
20680 112 33
20681 113 37
20682 93 32
20683 103 63
20684 112 37
20685 102 63
20686 113 37
20687 113 33
20688 112 33
20689 113 33
20690 14 92
20691 112 33
20692 103 63
20693 102 63
20694 15 92
20695 14 92
20696 92 32
20697 93 32
20698 15 92
20699 113 33
20700 92 32
20701 112 33
20702 93 32
20703 14 92
20704 92 32
20705 103 63
20706 112 37
20707 113 33
20708 112 33
20709 113 37
20710 112 37
20711 93 32
20712 113 33
20713 92 32
20714 113 37
20715 15 92
20716 14 92
20717 112 33
20718 102 63
20719 15 92
20720 93 32
20721 14 92
20722 103 63
20723 113 33
20724 112 33
20725 92 32
20726 93 32
20727 15 92
20728 102 63
20729 113 33
20730 103 63
20731 102 63
20732 112 33
20733 14 92
20734 113 33
20735 112 37
20736 112 33
20737 92 32
20738 113 33
20739 112 33
20740 113 37
20741 93 32
20742 113 33
20743 112 33
20744 103 63
20745 102 63
20746 112 37
20747 113 33
20748 92 32
20749 15 92
20750 14 92
20751 93 32
20752 112 33
20753 113 33
20754 15 92
20755 92 32
20756 112 33
20757 113 37
20758 103 63
20759 93 32
20760 112 37
20761 92 32
20762 113 37
20763 14 92
20764 93 32
20765 92 32
20766 93 32
20767 112 37
20768 113 37
20769 113 33
20770 112 33
20771 15 92
20772 92 32
20773 113 33
20774 112 33
20775 112 37
20776 113 37
20777 113 33
20778 93 32
20779 112 33
20780 102 63
20781 92 32
20782 113 33
20783 112 33
20784 113 33
20785 93 32
20786 14 92
20787 92 32
20788 112 37
20789 113 37
20790 93 32
20791 103 63
20792 102 63
20793 92 32
20794 93 32
20795 92 32
20796 112 33
20797 112 37
20798 15 92
20799 113 33
20800 103 63
20801 14 92
20802 15 92
20803 112 33
20804 93 32
20805 102 63
20806 92 32
20807 14 92
20808 93 32
20809 92 32
20810 113 33
20811 113 37
20812 15 92
20813 112 33
20814 103 63
20815 102 63
20816 93 32
20817 103 63
20818 113 33
20819 112 33
20820 92 32
20821 93 32
20822 14 92
20823 92 32
20824 113 33
20825 112 33
20826 102 63
20827 15 92
20828 14 92
20829 113 33
20830 112 37
20831 112 33
20832 113 37
20833 93 32
20834 92 32
20835 103 63
20836 15 92
20837 112 37
20838 113 33
20839 113 37
20840 14 92
20841 93 32
20842 112 37
20843 113 37
20844 102 63
20845 112 33
20846 112 37
20847 15 92
20848 113 33
20849 92 32
20850 103 63
20851 113 37
20852 93 32
20853 14 92
20854 112 33
20855 92 32
20856 15 92
20857 14 92
20858 112 37
20859 113 33
20860 113 37
20861 112 33
20862 112 37
20863 102 63
20864 93 32
20865 103 63
20866 92 32
20867 93 32
20868 15 92
20869 92 32
20870 93 32
20871 14 92
20872 113 33
20873 113 37
20874 15 92
20875 14 92
20876 92 32
20877 93 32
20878 112 37
20879 113 37
20880 112 37
20881 112 33
20882 102 63
20883 103 63
20884 102 63
20885 113 37
20886 15 92
20887 103 63
20888 112 37
20889 14 92
20890 102 63
20891 15 92
20892 14 92
20893 103 63
20894 15 92
20895 102 63
20896 14 92
20897 113 37
20898 92 32
20899 93 32
20900 113 33
20901 103 63
20902 112 37
20903 15 92
20904 113 37
20905 14 92
20906 112 33
20907 112 37
20908 113 33
20909 15 92
20910 112 33
20911 113 37
20912 14 92
20913 113 33
20914 112 37
20915 113 37
20916 112 37
20917 112 33
20918 15 92
20919 14 92
20920 15 92
20921 102 63
20922 113 37
20923 92 32
20924 93 32
20925 14 92
20926 92 32
20927 15 92
20928 93 32
20929 103 63
20930 14 92
20931 112 37
20932 102 63
20933 92 32
20934 15 92
20935 113 37
20936 112 37
20937 113 33
20938 14 92
20939 103 63
20940 15 92
20941 93 32
20942 14 92
20943 15 92
20944 14 92
20945 112 33
20946 113 37
20947 113 33
20948 92 32
20949 112 33
20950 93 32
20951 102 63
20952 92 32
20953 15 92
20954 113 33
20955 112 33
20956 103 63
20957 93 32
20958 113 33
20959 92 32
20960 112 37
20961 113 37
20962 14 92
20963 15 92
20964 102 63
20965 14 92
20966 93 32
20967 112 37
20968 15 92
20969 112 33
20970 113 37
20971 14 92
20972 15 92
20973 14 92
20974 103 63
20975 112 37
20976 113 37
20977 92 32
20978 113 33
20979 93 32
20980 112 37
20981 112 33
20982 15 92
20983 113 33
20984 112 33
20985 102 63
20986 14 92
20987 92 32
20988 15 92
20989 14 92
20990 103 63
20991 15 92
20992 14 92
20993 93 32
20994 102 63
20995 113 37
20996 112 37
20997 113 37
20998 92 32
20999 103 63
21000 112 37
21001 113 33
21002 113 37
21003 93 32
21004 112 33
21005 15 92
21006 92 32
21007 14 92
21008 93 32
21009 102 63
21010 113 33
21011 112 33
21012 92 32
21013 93 32
21014 112 37
21015 113 37
21016 113 33
21017 112 37
21018 113 37
21019 112 33
21020 92 32
21021 15 92
21022 14 92
21023 112 37
21024 15 92
21025 113 37
21026 103 63
21027 112 37
21028 113 37
21029 102 63
21030 93 32
21031 103 63
21032 113 33
21033 92 32
21034 102 63
21035 112 33
21036 103 63
21037 113 33
21038 14 92
21039 112 37
21040 93 32
21041 102 63
21042 103 63
21043 15 92
21044 112 33
21045 102 63
21046 92 32
21047 14 92
21048 15 92
21049 113 33
21050 93 32
21051 14 92
21052 92 32
21053 103 63
21054 113 37
21055 15 92
21056 112 33
21057 112 37
21058 113 37
21059 102 63
21060 14 92
21061 93 32
21062 103 63
21063 15 92
21064 113 33
21065 102 63
21066 14 92
21067 15 92
21068 112 37
21069 103 63
21070 102 63
21071 14 92
21072 15 92
21073 103 63
21074 113 37
21075 14 92
21076 102 63
21077 112 33
21078 15 92
21079 103 63
21080 14 92
21081 92 32
21082 112 37
21083 113 33
21084 93 32
21085 113 37
21086 112 33
21087 102 63
21088 15 92
21089 113 33
21090 112 37
21091 14 92
21092 92 32
21093 15 92
21094 113 37
21095 103 63
21096 112 33
21097 14 92
21098 15 92
21099 14 92
21100 93 32
21101 92 32
21102 15 92
21103 14 92
21104 113 33
21105 93 32
21106 112 37
21107 113 37
21108 112 37
21109 113 37
21110 102 63
21111 15 92
21112 112 37
21113 14 92
21114 113 37
21115 92 32
21116 93 32
21117 92 32
21118 103 63
21119 102 63
21120 15 92
21121 103 63
21122 102 63
21123 103 63
21124 93 32
21125 112 37
21126 14 92
21127 92 32
21128 93 32
21129 92 32
21130 102 63
21131 93 32
21132 112 33
21133 113 33
21134 92 32
21135 113 37
21136 112 37
21137 93 32
21138 113 37
21139 112 37
21140 92 32
21141 15 92
21142 112 33
21143 93 32
21144 113 33
21145 14 92
21146 112 33
21147 103 63
21148 113 37
21149 113 33
21150 112 33
21151 15 92
21152 112 37
21153 14 92
21154 15 92
21155 92 32
21156 102 63
21157 113 33
21158 14 92
21159 113 37
21160 15 92
21161 93 32
21162 14 92
21163 15 92
21164 112 33
21165 113 33
21166 103 63
21167 112 37
21168 113 37
21169 92 32
21170 102 63
21171 103 63
21172 93 32
21173 112 37
21174 112 33
21175 14 92
21176 15 92
21177 92 32
21178 113 37
21179 112 37
21180 113 37
21181 102 63
21182 93 32
21183 103 63
21184 113 33
21185 14 92
21186 92 32
21187 102 63
21188 112 33
21189 103 63
21190 93 32
21191 102 63
21192 15 92
21193 92 32
21194 103 63
21195 113 33
21196 14 92
21197 102 63
21198 103 63
21199 102 63
21200 15 92
21201 112 37
21202 103 63
21203 113 37
21204 93 32
21205 112 37
21206 102 63
21207 103 63
21208 112 33
21209 113 33
21210 113 37
21211 112 37
21212 112 33
21213 113 33
21214 14 92
21215 112 33
21216 113 33
21217 112 33
21218 113 37
21219 113 33
21220 102 63
21221 103 63
21222 112 37
21223 112 33
21224 113 33
21225 92 32
21226 15 92
21227 113 37
21228 93 32
21229 112 33
21230 113 33
21231 14 92
21232 15 92
21233 112 37
21234 14 92
21235 102 63
21236 113 37
21237 15 92
21238 112 33
21239 103 63
21240 92 32
21241 14 92
21242 93 32
21243 92 32
21244 102 63
21245 93 32
21246 113 33
21247 112 37
21248 113 37
21249 15 92
21250 112 33
21251 92 32
21252 113 33
21253 112 33
21254 14 92
21255 113 33
21256 112 33
21257 113 33
21258 112 37
21259 112 33
21260 103 63
21261 102 63
21262 15 92
21263 113 37
21264 103 63
21265 93 32
21266 112 37
21267 14 92
21268 113 33
21269 102 63
21270 15 92
21271 92 32
21272 103 63
21273 113 37
21274 14 92
21275 112 33
21276 112 37
21277 113 33
21278 113 37
21279 93 32
21280 102 63
21281 15 92
21282 112 33
21283 14 92
21284 113 33
21285 103 63
21286 102 63
21287 92 32
21288 112 33
21289 93 32
21290 103 63
21291 102 63
21292 112 37
21293 15 92
21294 14 92
21295 92 32
21296 113 33
21297 112 33
21298 103 63
21299 113 33
21300 112 33
21301 113 37
21302 102 63
21303 113 33
21304 112 37
21305 103 63
21306 112 33
21307 113 37
21308 93 32
21309 112 37
21310 113 37
21311 15 92
21312 112 37
21313 92 32
21314 93 32
21315 102 63
21316 14 92
21317 15 92
21318 103 63
21319 92 32
21320 113 33
21321 14 92
21322 113 37
21323 112 33
21324 113 33
21325 93 32
21326 112 37
21327 113 37
21328 112 37
21329 112 33
21330 102 63
21331 92 32
21332 113 33
21333 112 33
21334 93 32
21335 103 63
21336 102 63
21337 103 63
21338 113 33
21339 113 37
21340 15 92
21341 112 33
21342 113 33
21343 14 92
21344 112 37
21345 112 33
21346 15 92
21347 14 92
21348 113 37
21349 112 37
21350 15 92
21351 102 63
21352 113 37
21353 112 37
21354 103 63
21355 92 32
21356 14 92
21357 102 63
21358 113 37
21359 93 32
21360 92 32
21361 103 63
21362 93 32
21363 113 33
21364 102 63
21365 112 37
21366 92 32
21367 93 32
21368 15 92
21369 113 37
21370 92 32
21371 112 33
21372 14 92
21373 103 63
21374 113 33
21375 93 32
21376 15 92
21377 102 63
21378 103 63
21379 102 63
21380 112 37
21381 92 32
21382 14 92
21383 93 32
21384 112 33
21385 113 33
21386 112 33
21387 92 32
21388 103 63
21389 15 92
21390 14 92
21391 93 32
21392 92 32
21393 102 63
21394 113 37
21395 15 92
21396 103 63
21397 14 92
21398 93 32
21399 113 33
21400 15 92
21401 102 63
21402 103 63
21403 102 63
21404 112 33
21405 103 63
21406 112 37
21407 113 33
21408 113 37
21409 112 37
21410 14 92
21411 15 92
21412 112 33
21413 92 32
21414 113 37
21415 102 63
21416 113 33
21417 14 92
21418 103 63
21419 112 37
21420 93 32
21421 102 63
21422 92 32
21423 15 92
21424 103 63
21425 112 33
21426 113 33
21427 14 92
21428 113 37
21429 15 92
21430 14 92
21431 93 32
21432 112 33
21433 112 37
21434 113 33
21435 113 37
21436 112 37
21437 92 32
21438 113 37
21439 102 63
21440 93 32
21441 112 33
21442 112 37
21443 113 33
21444 113 37
21445 112 37
21446 92 32
21447 113 37
21448 112 33
21449 93 32
21450 15 92
21451 92 32
21452 103 63
21453 113 33
21454 14 92
21455 112 33
21456 102 63
21457 15 92
21458 113 33
21459 93 32
21460 112 37
21461 112 33
21462 103 63
21463 92 32
21464 14 92
21465 113 33
21466 113 37
21467 15 92
21468 93 32
21469 102 63
21470 112 37
21471 92 32
21472 112 33
21473 113 33
21474 113 37
21475 93 32
21476 103 63
21477 92 32
21478 112 33
21479 93 32
21480 92 32
21481 14 92
21482 102 63
21483 93 32
21484 92 32
21485 15 92
21486 103 63
21487 93 32
21488 102 63
21489 14 92
21490 15 92
21491 92 32
21492 113 33
21493 93 32
21494 92 32
21495 112 37
21496 103 63
21497 93 32
21498 113 37
21499 112 33
21500 112 37
21501 113 37
21502 113 33
21503 112 33
21504 112 37
21505 14 92
21506 92 32
21507 113 33
21508 102 63
21509 15 92
21510 93 32
21511 103 63
21512 102 63
21513 103 63
21514 112 33
21515 92 32
21516 14 92
21517 93 32
21518 102 63
21519 103 63
21520 113 37
21521 112 37
21522 113 33
21523 102 63
21524 113 37
21525 103 63
21526 112 33
21527 102 63
21528 103 63
21529 102 63
21530 92 32
21531 93 32
21532 103 63
21533 113 33
21534 102 63
21535 92 32
21536 103 63
21537 112 37
21538 112 33
21539 113 37
21540 112 37
21541 113 33
21542 93 32
21543 112 33
21544 102 63
21545 113 37
21546 112 37
21547 113 37
21548 112 37
21549 103 63
21550 113 33
21551 15 92
21552 14 92
21553 112 33
21554 15 92
21555 113 33
21556 113 37
21557 14 92
21558 102 63
21559 103 63
21560 102 63
21561 15 92
21562 14 92
21563 92 32
21564 112 33
21565 113 33
21566 112 37
21567 113 37
21568 103 63
21569 93 32
21570 92 32
21571 102 63
21572 93 32
21573 92 32
21574 15 92
21575 93 32
21576 112 33
21577 113 33
21578 14 92
21579 103 63
21580 112 37
21581 102 63
21582 113 37
21583 92 32
21584 103 63
21585 112 37
21586 113 37
21587 112 37
21588 15 92
21589 113 37
21590 14 92
21591 112 33
21592 113 33
21593 112 33
21594 102 63
21595 15 92
21596 113 33
21597 112 37
21598 112 33
21599 103 63
21600 113 33
21601 112 33
21602 102 63
21603 113 33
21604 112 33
21605 103 63
21606 14 92
21607 113 37
21608 15 92
21609 112 37
21610 113 37
21611 102 63
21612 113 33
21613 14 92
21614 103 63
21615 15 92
21616 112 37
21617 112 33
21618 102 63
21619 113 37
21620 103 63
21621 14 92
21622 93 32
21623 92 32
21624 93 32
21625 113 33
21626 15 92
21627 112 33
21628 113 33
21629 102 63
21630 112 33
21631 112 37
21632 113 37
21633 103 63
21634 113 33
21635 102 63
21636 92 32
21637 112 37
21638 14 92
21639 93 32
21640 113 37
21641 112 33
21642 92 32
21643 113 33
21644 15 92
21645 103 63
21646 112 33
21647 112 37
21648 14 92
21649 102 63
21650 113 33
21651 103 63
21652 113 37
21653 102 63
21654 93 32
21655 112 33
21656 113 33
21657 15 92
21658 92 32
21659 14 92
21660 112 33
21661 103 63
21662 15 92
21663 14 92
21664 93 32
21665 112 37
21666 92 32
21667 102 63
21668 15 92
21669 93 32
21670 103 63
21671 92 32
21672 113 37
21673 113 33
21674 112 33
21675 112 37
21676 102 63
21677 103 63
21678 102 63
21679 103 63
21680 102 63
21681 113 33
21682 103 63
21683 113 37
21684 93 32
21685 112 33
21686 112 37
21687 92 32
21688 113 37
21689 102 63
21690 112 37
21691 93 32
21692 103 63
21693 92 32
21694 113 33
21695 113 37
21696 14 92
21697 112 33
21698 113 33
21699 93 32
21700 15 92
21701 92 32
21702 14 92
21703 112 37
21704 112 33
21705 93 32
21706 15 92
21707 92 32
21708 93 32
21709 102 63
21710 14 92
21711 103 63
21712 102 63
21713 92 32
21714 15 92
21715 113 37
21716 112 37
21717 103 63
21718 113 33
21719 102 63
21720 103 63
21721 113 37
21722 93 32
21723 112 37
21724 102 63
21725 14 92
21726 15 92
21727 112 33
21728 113 37
21729 103 63
21730 14 92
21731 113 33
21732 15 92
21733 92 32
21734 102 63
21735 103 63
21736 112 33
21737 14 92
21738 113 33
21739 112 33
21740 93 32
21741 112 37
21742 102 63
21743 15 92
21744 14 92
21745 92 32
21746 15 92
21747 103 63
21748 93 32
21749 14 92
21750 113 37
21751 15 92
21752 102 63
21753 103 63
21754 112 37
21755 102 63
21756 92 32
21757 113 33
21758 103 63
21759 113 37
21760 112 37
21761 93 32
21762 14 92
21763 92 32
21764 113 37
21765 15 92
21766 102 63
21767 112 37
21768 112 33
21769 113 37
21770 103 63
21771 113 33
21772 112 37
21773 112 33
21774 102 63
21775 113 33
21776 113 37
21777 112 37
21778 93 32
21779 112 33
21780 14 92
21781 15 92
21782 113 33
21783 14 92
21784 112 33
21785 113 37
21786 92 32
21787 103 63
21788 112 37
21789 15 92
21790 93 32
21791 92 32
21792 113 37
21793 102 63
21794 112 37
21795 93 32
21796 113 37
21797 113 33
21798 92 32
21799 112 33
21800 112 37
21801 93 32
21802 92 32
21803 113 37
21804 93 32
21805 103 63
21806 112 37
21807 14 92
21808 113 33
21809 92 32
21810 112 33
21811 15 92
21812 113 37
21813 93 32
21814 113 33
21815 92 32
21816 14 92
21817 102 63
21818 93 32
21819 112 37
21820 112 33
21821 92 32
21822 113 37
21823 93 32
21824 113 33
21825 92 32
21826 15 92
21827 112 33
21828 112 37
21829 93 32
21830 113 37
21831 92 32
21832 113 33
21833 112 37
21834 103 63
21835 112 33
21836 113 33
21837 112 33
21838 113 33
21839 93 32
21840 112 33
21841 113 37
21842 113 33
21843 102 63
21844 14 92
21845 103 63
21846 112 33
21847 92 32
21848 93 32
21849 15 92
21850 14 92
21851 113 33
21852 92 32
21853 102 63
21854 112 37
21855 93 32
21856 103 63
21857 102 63
21858 92 32
21859 93 32
21860 103 63
21861 102 63
21862 92 32
21863 113 37
21864 112 33
21865 15 92
21866 113 33
21867 112 37
21868 112 33
21869 93 32
21870 113 37
21871 113 33
21872 103 63
21873 112 37
21874 112 33
21875 113 37
21876 14 92
21877 112 37
21878 15 92
21879 92 32
21880 113 37
21881 102 63
21882 112 37
21883 103 63
21884 14 92
21885 113 37
21886 113 33
21887 112 33
21888 102 63
21889 15 92
21890 113 33
21891 14 92
21892 112 33
21893 103 63
21894 102 63
21895 15 92
21896 112 37
21897 113 37
21898 93 32
21899 113 33
21900 103 63
21901 112 37
21902 102 63
21903 103 63
21904 113 37
21905 92 32
21906 102 63
21907 103 63
21908 102 63
21909 14 92
21910 93 32
21911 92 32
21912 15 92
21913 112 37
21914 14 92
21915 112 33
21916 113 37
21917 103 63
21918 93 32
21919 92 32
21920 102 63
21921 103 63
21922 102 63
21923 15 92
21924 113 33
21925 112 33
21926 103 63
21927 112 37
21928 113 33
21929 14 92
21930 93 32
21931 113 37
21932 15 92
21933 102 63
21934 14 92
21935 112 33
21936 112 37
21937 113 33
21938 113 37
21939 15 92
21940 103 63
21941 14 92
21942 102 63
21943 92 32
21944 112 33
21945 15 92
21946 93 32
21947 92 32
21948 103 63
21949 112 37
21950 113 33
21951 102 63
21952 14 92
21953 15 92
21954 103 63
21955 102 63
21956 14 92
21957 113 37
21958 15 92
21959 112 37
21960 113 37
21961 112 37
21962 113 37
21963 14 92
21964 112 37
21965 113 37
21966 103 63
21967 112 33
21968 112 37
21969 102 63
21970 113 37
21971 113 33
21972 112 37
21973 93 32
21974 112 33
21975 92 32
21976 113 33
21977 93 32
21978 112 33
21979 113 33
21980 113 37
21981 15 92
21982 14 92
21983 15 92
21984 112 33
21985 113 33
21986 103 63
21987 112 33
21988 14 92
21989 102 63
21990 92 32
21991 112 37
21992 93 32
21993 113 37
21994 103 63
21995 102 63
21996 112 37
21997 103 63
21998 113 37
21999 92 32
22000 102 63
22001 103 63
22002 113 33
22003 93 32
22004 15 92
22005 112 37
22006 102 63
22007 113 37
22008 103 63
22009 14 92
22010 112 33
22011 15 92
22012 112 37
22013 92 32
22014 102 63
22015 103 63
22016 93 32
22017 92 32
22018 93 32
22019 113 37
22020 113 33
22021 112 37
22022 102 63
22023 103 63
22024 92 32
22025 102 63
22026 14 92
22027 103 63
22028 112 33
22029 102 63
22030 113 33
22031 15 92
22032 103 63
22033 112 33
22034 102 63
22035 113 33
22036 93 32
22037 92 32
22038 113 37
22039 103 63
22040 102 63
22041 14 92
22042 15 92
22043 112 37
22044 113 37
22045 14 92
22046 103 63
22047 15 92
22048 14 92
22049 112 33
22050 112 37
22051 113 37
22052 102 63
22053 103 63
22054 113 33
22055 112 37
22056 102 63
22057 113 37
22058 15 92
22059 103 63
22060 93 32
22061 92 32
22062 112 33
22063 102 63
22064 93 32
22065 112 37
22066 113 37
22067 14 92
22068 15 92
22069 113 33
22070 103 63
22071 102 63
22072 112 33
22073 92 32
22074 113 33
22075 93 32
22076 112 37
22077 92 32
22078 103 63
22079 14 92
22080 102 63
22081 113 37
22082 15 92
22083 103 63
22084 14 92
22085 112 37
22086 112 33
22087 113 33
22088 102 63
22089 103 63
22090 102 63
22091 113 37
22092 103 63
22093 102 63
22094 112 33
22095 15 92
22096 103 63
22097 112 37
22098 102 63
22099 93 32
22100 103 63
22101 113 33
22102 112 33
22103 113 33
22104 112 33
22105 14 92
22106 102 63
22107 113 33
22108 92 32
22109 112 33
22110 93 32
22111 103 63
22112 113 37
22113 15 92
22114 112 37
22115 92 32
22116 93 32
22117 113 33
22118 14 92
22119 112 33
22120 113 33
22121 15 92
22122 113 37
22123 14 92
22124 102 63
22125 15 92
22126 92 32
22127 112 33
22128 112 37
22129 14 92
22130 113 37
22131 112 37
22132 113 33
22133 103 63
22134 112 33
22135 113 33
22136 113 37
22137 112 33
22138 93 32
22139 112 37
22140 102 63
22141 15 92
22142 103 63
22143 102 63
22144 113 33
22145 103 63
22146 92 32
22147 113 37
22148 112 33
22149 102 63
22150 113 33
22151 112 37
22152 112 33
22153 103 63
22154 102 63
22155 113 37
22156 112 37
22157 113 33
22158 103 63
22159 93 32
22160 14 92
22161 113 37
22162 15 92
22163 14 92
22164 112 37
22165 112 33
22166 113 37
22167 102 63
22168 103 63
22169 112 37
22170 102 63
22171 113 37
22172 92 32
22173 103 63
22174 102 63
22175 93 32
22176 112 37
22177 113 37
22178 15 92
22179 103 63
22180 112 37
22181 113 37
22182 14 92
22183 15 92
22184 113 33
22185 14 92
22186 15 92
22187 14 92
22188 112 37
22189 102 63
22190 103 63
22191 102 63
22192 15 92
22193 113 37
22194 103 63
22195 102 63
22196 14 92
22197 112 37
22198 113 37
22199 112 33
22200 113 33
22201 112 33
22202 112 37
22203 15 92
22204 14 92
22205 15 92
22206 103 63
22207 14 92
22208 102 63
22209 15 92
22210 103 63
22211 113 33
22212 112 33
22213 113 37
22214 102 63
22215 14 92
22216 113 33
22217 92 32
22218 15 92
22219 14 92
22220 112 37
22221 113 37
22222 112 37
22223 113 37
22224 112 33
22225 93 32
22226 92 32
22227 93 32
22228 113 33
22229 112 33
22230 113 33
22231 112 37
22232 92 32
22233 15 92
22234 112 33
22235 113 37
22236 112 37
22237 103 63
22238 102 63
22239 14 92
22240 15 92
22241 113 37
22242 93 32
22243 103 63
22244 113 33
22245 112 33
22246 92 32
22247 93 32
22248 102 63
22249 113 33
22250 14 92
22251 112 33
22252 15 92
22253 112 37
22254 113 33
22255 113 37
22256 112 37
22257 14 92
22258 113 37
22259 15 92
22260 112 33
22261 103 63
22262 113 33
22263 112 33
22264 14 92
22265 92 32
22266 112 37
22267 113 37
22268 113 33
22269 93 32
22270 15 92
22271 112 37
22272 92 32
22273 112 33
22274 14 92
22275 93 32
22276 102 63
22277 92 32
22278 113 33
22279 112 33
22280 93 32
22281 113 37
22282 112 37
22283 113 37
22284 92 32
22285 103 63
22286 113 33
22287 102 63
22288 112 33
22289 103 63
22290 112 37
22291 102 63
22292 103 63
22293 102 63
22294 103 63
22295 113 37
22296 93 32
22297 15 92
22298 92 32
22299 93 32
22300 112 37
22301 14 92
22302 102 63
22303 113 37
22304 92 32
22305 112 37
22306 113 33
22307 113 37
22308 103 63
22309 112 33
22310 15 92
22311 112 37
22312 14 92
22313 93 32
22314 15 92
22315 14 92
22316 113 33
22317 102 63
22318 112 33
22319 113 37
22320 103 63
22321 112 37
22322 102 63
22323 103 63
22324 15 92
22325 14 92
22326 92 32
22327 102 63
22328 15 92
22329 93 32
22330 113 37
22331 112 37
22332 14 92
22333 103 63
22334 113 33
22335 92 32
22336 15 92
22337 113 37
22338 112 33
22339 102 63
22340 103 63
22341 112 37
22342 113 33
22343 93 32
22344 113 37
22345 112 37
22346 102 63
22347 113 37
22348 112 37
22349 113 37
22350 112 37
22351 103 63
22352 113 37
22353 102 63
22354 14 92
22355 112 33
22356 15 92
22357 92 32
22358 14 92
22359 113 33
22360 15 92
22361 103 63
22362 14 92
22363 102 63
22364 112 37
22365 112 33
22366 93 32
22367 113 37
22368 103 63
22369 15 92
22370 102 63
22371 92 32
22372 112 37
22373 93 32
22374 14 92
22375 15 92
22376 92 32
22377 113 33
22378 113 37
22379 112 37
22380 113 37
22381 112 33
22382 103 63
22383 112 37
22384 93 32
22385 92 32
22386 113 33
22387 93 32
22388 113 37
22389 92 32
22390 93 32
22391 102 63
22392 92 32
22393 103 63
22394 112 33
22395 14 92
22396 15 92
22397 102 63
22398 113 33
22399 112 37
22400 14 92
22401 15 92
22402 113 37
22403 112 33
22404 103 63
22405 112 37
22406 113 37
22407 112 37
22408 113 37
22409 93 32
22410 92 32
22411 102 63
22412 103 63
22413 93 32
22414 102 63
22415 14 92
22416 113 33
22417 103 63
22418 15 92
22419 112 37
22420 113 37
22421 14 92
22422 112 37
22423 113 37
22424 92 32
22425 112 37
22426 93 32
22427 15 92
22428 113 37
22429 102 63
22430 112 37
22431 92 32
22432 14 92
22433 103 63
22434 102 63
22435 113 37
22436 112 33
22437 113 33
22438 103 63
22439 102 63
22440 93 32
22441 103 63
22442 112 33
22443 113 33
22444 92 32
22445 102 63
22446 112 33
22447 103 63
22448 112 37
22449 15 92
22450 113 37
22451 112 37
22452 93 32
22453 113 33
22454 113 37
22455 92 32
22456 112 33
22457 102 63
22458 113 33
22459 14 92
22460 93 32
22461 15 92
22462 112 37
22463 14 92
22464 113 37
22465 15 92
22466 112 37
22467 92 32
22468 14 92
22469 112 33
22470 93 32
22471 15 92
22472 113 37
22473 103 63
22474 113 33
22475 92 32
22476 14 92
22477 15 92
22478 93 32
22479 102 63
22480 103 63
22481 112 33
22482 102 63
22483 14 92
22484 112 37
22485 92 32
22486 103 63
22487 102 63
22488 113 33
22489 113 37
22490 93 32
22491 15 92
22492 112 33
22493 92 32
22494 113 33
22495 112 37
22496 14 92
22497 15 92
22498 112 33
22499 113 33
22500 93 32
22501 113 37
22502 14 92
22503 92 32
22504 93 32
22505 112 37
22506 113 37
22507 92 32
22508 15 92
22509 103 63
22510 112 37
22511 102 63
22512 113 37
22513 14 92
22514 112 33
22515 112 37
22516 93 32
22517 15 92
22518 103 63
22519 113 37
22520 14 92
22521 92 32
22522 102 63
22523 112 37
22524 113 33
22525 113 37
22526 112 33
22527 112 37
22528 103 63
22529 93 32
22530 102 63
22531 113 37
22532 113 33
22533 15 92
22534 92 32
22535 14 92
22536 112 33
22537 112 37
22538 103 63
22539 113 33
22540 113 37
22541 112 33
22542 102 63
22543 113 33
22544 103 63
22545 102 63
22546 93 32
22547 15 92
22548 103 63
22549 102 63
22550 112 33
22551 112 37
22552 113 33
22553 92 32
22554 14 92
22555 112 33
22556 113 33
22557 93 32
22558 112 33
22559 113 37
22560 112 37
22561 113 37
22562 113 33
22563 112 37
22564 112 33
22565 92 32
22566 93 32
22567 113 37
22568 103 63
22569 112 37
22570 113 33
22571 102 63
22572 103 63
22573 113 37
22574 92 32
22575 112 37
22576 93 32
22577 102 63
22578 103 63
22579 92 32
22580 15 92
22581 113 37
22582 102 63
22583 112 37
22584 113 37
22585 93 32
22586 112 33
22587 112 37
22588 113 37
22589 113 33
22590 92 32
22591 93 32
22592 103 63
22593 112 33
22594 112 37
22595 92 32
22596 93 32
22597 14 92
22598 102 63
22599 15 92
22600 103 63
22601 14 92
22602 15 92
22603 113 37
22604 14 92
22605 15 92
22606 92 32
22607 93 32
22608 112 37
22609 102 63
22610 113 37
22611 113 33
22612 14 92
22613 15 92
22614 103 63
22615 112 37
22616 92 32
22617 112 33
22618 113 33
22619 14 92
22620 15 92
22621 102 63
22622 103 63
22623 112 33
22624 14 92
22625 113 37
22626 113 33
22627 112 33
22628 113 33
22629 15 92
22630 112 33
22631 93 32
22632 92 32
22633 93 32
22634 113 33
22635 112 37
22636 92 32
22637 112 33
22638 113 37
22639 113 33
22640 112 37
22641 112 33
22642 113 33
22643 112 33
22644 113 37
22645 93 32
22646 113 33
22647 14 92
22648 112 37
22649 113 37
22650 112 37
22651 92 32
22652 113 37
22653 93 32
22654 112 37
22655 15 92
22656 112 33
22657 92 32
22658 113 37
22659 112 37
22660 113 33
22661 113 37
22662 112 33
22663 93 32
22664 102 63
22665 92 32
22666 113 33
22667 103 63
22668 93 32
22669 92 32
22670 112 37
22671 113 37
22672 93 32
22673 112 37
22674 112 33
22675 113 33
22676 112 33
22677 113 37
22678 112 37
22679 14 92
22680 92 32
22681 93 32
22682 113 37
22683 92 32
22684 112 37
22685 93 32
22686 92 32
22687 15 92
22688 102 63
22689 113 37
22690 112 37
22691 113 33
22692 112 33
22693 14 92
22694 15 92
22695 14 92
22696 113 37
22697 103 63
22698 15 92
22699 112 37
22700 113 33
22701 102 63
22702 103 63
22703 113 37
22704 112 33
22705 112 37
22706 102 63
22707 93 32
22708 103 63
22709 14 92
22710 15 92
22711 102 63
22712 103 63
22713 113 33
22714 92 32
22715 14 92
22716 15 92
22717 14 92
22718 15 92
22719 112 33
22720 113 37
22721 113 33
22722 112 33
22723 112 37
22724 102 63
22725 14 92
22726 113 37
22727 15 92
22728 14 92
22729 103 63
22730 113 33
22731 15 92
22732 102 63
22733 103 63
22734 14 92
22735 102 63
22736 112 37
22737 93 32
22738 113 37
22739 112 33
22740 103 63
22741 92 32
22742 102 63
22743 15 92
22744 112 37
22745 113 33
22746 14 92
22747 93 32
22748 112 33
22749 113 37
22750 15 92
22751 103 63
22752 113 33
22753 102 63
22754 103 63
22755 92 32
22756 112 33
22757 113 33
22758 93 32
22759 112 37
22760 92 32
22761 112 33
22762 102 63
22763 113 37
22764 103 63
22765 112 37
22766 14 92
22767 93 32
22768 92 32
22769 93 32
22770 15 92
22771 102 63
22772 92 32
22773 103 63
22774 14 92
22775 102 63
22776 15 92
22777 93 32
22778 92 32
22779 113 37
22780 112 37
22781 93 32
22782 103 63
22783 113 37
22784 112 37
22785 102 63
22786 92 32
22787 14 92
22788 15 92
22789 14 92
22790 113 37
22791 15 92
22792 113 33
22793 103 63
22794 93 32
22795 112 37
22796 113 37
22797 112 37
22798 113 37
22799 14 92
22800 15 92
22801 112 37
22802 92 32
22803 93 32
22804 112 33
22805 113 33
22806 113 37
22807 14 92
22808 15 92
22809 112 33
22810 92 32
22811 112 37
22812 113 33
22813 102 63
22814 103 63
22815 14 92
22816 93 32
22817 15 92
22818 113 37
22819 112 33
22820 113 33
22821 112 37
22822 113 37
22823 14 92
22824 112 37
22825 15 92
22826 14 92
22827 112 33
22828 92 32
22829 113 33
22830 93 32
22831 113 37
22832 112 33
22833 92 32
22834 112 37
22835 113 33
22836 102 63
22837 103 63
22838 112 33
22839 113 33
22840 93 32
22841 113 37
22842 92 32
22843 112 37
22844 93 32
22845 112 33
22846 15 92
22847 14 92
22848 92 32
22849 102 63
22850 113 37
22851 103 63
22852 112 37
22853 102 63
22854 113 37
22855 15 92
22856 113 33
22857 103 63
22858 112 33
22859 93 32
22860 113 33
22861 14 92
22862 102 63
22863 112 37
22864 92 32
22865 93 32
22866 103 63
22867 113 37
22868 112 33
22869 102 63
22870 113 33
22871 15 92
22872 92 32
22873 14 92
22874 103 63
22875 15 92
22876 112 33
22877 112 37
22878 113 37
22879 112 37
22880 113 37
22881 102 63
22882 14 92
22883 93 32
22884 112 37
22885 15 92
22886 14 92
22887 113 37
22888 92 32
22889 103 63
22890 93 32
22891 113 33
22892 92 32
22893 15 92
22894 93 32
22895 112 37
22896 102 63
22897 113 37
22898 92 32
22899 112 37
22900 112 33
22901 93 32
22902 92 32
22903 113 33
22904 113 37
22905 14 92
22906 15 92
22907 112 33
22908 112 37
22909 113 37
22910 112 37
22911 103 63
22912 93 32
22913 14 92
22914 15 92
22915 92 32
22916 113 37
22917 113 33
22918 102 63
22919 103 63
22920 14 92
22921 15 92
22922 93 32
22923 92 32
22924 112 33
22925 93 32
22926 102 63
22927 92 32
22928 14 92
22929 113 33
22930 93 32
22931 92 32
22932 15 92
22933 112 33
22934 14 92
22935 93 32
22936 92 32
22937 93 32
22938 113 33
22939 92 32
22940 93 32
22941 103 63
22942 92 32
22943 112 37
22944 112 33
22945 102 63
22946 15 92
22947 14 92
22948 113 33
22949 113 37
22950 103 63
22951 112 33
22952 102 63
22953 113 33
22954 93 32
22955 103 63
22956 112 33
22957 113 33
22958 15 92
22959 102 63
22960 112 33
22961 113 33
22962 14 92
22963 112 33
22964 92 32
22965 112 37
22966 93 32
22967 15 92
22968 14 92
22969 113 37
22970 103 63
22971 113 33
22972 112 37
22973 92 32
22974 112 33
22975 93 32
22976 113 37
22977 113 33
22978 112 37
22979 92 32
22980 102 63
22981 93 32
22982 112 33
22983 103 63
22984 113 37
22985 92 32
22986 15 92
22987 112 37
22988 14 92
22989 113 33
22990 113 37
22991 112 33
22992 113 33
22993 93 32
22994 92 32
22995 102 63
22996 93 32
22997 112 33
22998 113 33
22999 112 37
23000 103 63
23001 112 33
23002 92 32
23003 15 92
23004 14 92
23005 113 33
23006 93 32
23007 92 32
23008 93 32
23009 112 33
23010 113 33
23011 15 92
23012 92 32
23013 112 33
23014 102 63
23015 103 63
23016 93 32
23017 92 32
23018 113 33
23019 93 32
23020 14 92
23021 92 32
23022 15 92
23023 93 32
23024 112 33
23025 113 37
23026 92 32
23027 113 33
23028 93 32
23029 112 33
23030 14 92
23031 113 33
23032 112 33
23033 15 92
23034 14 92
23035 92 32
23036 112 37
23037 113 37
23038 102 63
23039 112 37
23040 103 63
23041 102 63
23042 113 33
23043 112 33
23044 103 63
23045 113 37
23046 113 33
23047 102 63
23048 15 92
23049 93 32
23050 112 37
23051 14 92
23052 92 32
23053 15 92
23054 103 63
23055 112 33
23056 113 33
23057 113 37
23058 14 92
23059 93 32
23060 112 33
23061 113 33
23062 112 37
23063 112 33
23064 92 32
23065 102 63
23066 103 63
23067 93 32
23068 92 32
23069 93 32
23070 102 63
23071 92 32
23072 113 37
23073 113 33
23074 93 32
23075 112 37
23076 92 32
23077 93 32
23078 103 63
23079 113 37
23080 102 63
23081 103 63
23082 102 63
23083 15 92
23084 92 32
23085 93 32
23086 92 32
23087 112 33
23088 14 92
23089 15 92
23090 113 33
23091 112 37
23092 103 63
23093 14 92
23094 15 92
23095 112 33
23096 14 92
23097 102 63
23098 103 63
23099 15 92
23100 93 32
23101 113 33
23102 102 63
23103 92 32
23104 103 63
23105 112 33
23106 113 33
23107 112 33
23108 113 33
23109 14 92
23110 15 92
23111 93 32
23112 102 63
23113 14 92
23114 103 63
23115 92 32
23116 93 32
23117 113 37
23118 112 37
23119 15 92
23120 102 63
23121 113 37
23122 112 37
23123 113 37
23124 92 32
23125 103 63
23126 112 37
23127 102 63
23128 103 63
23129 113 37
23130 14 92
23131 93 32
23132 112 33
23133 15 92
23134 14 92
23135 112 37
23136 92 32
23137 15 92
23138 113 37
23139 102 63
23140 113 33
23141 112 37
23142 103 63
23143 93 32
23144 102 63
23145 14 92
23146 15 92
23147 113 37
23148 92 32
23149 112 33
23150 112 37
23151 103 63
23152 113 37
23153 93 32
23154 112 37
23155 113 33
23156 112 33
23157 102 63
23158 113 37
23159 14 92
23160 92 32
23161 93 32
23162 15 92
23163 92 32
23164 113 33
23165 112 33
23166 113 33
23167 112 33
23168 14 92
23169 103 63
23170 93 32
23171 15 92
23172 112 37
23173 102 63
23174 92 32
23175 14 92
23176 113 37
23177 103 63
23178 93 32
23179 113 33
23180 102 63
23181 112 33
23182 113 33
23183 15 92
23184 14 92
23185 92 32
23186 112 33
23187 15 92
23188 103 63
23189 113 33
23190 112 37
23191 112 33
23192 93 32
23193 113 33
23194 112 33
23195 113 37
23196 113 33
23197 102 63
23198 14 92
23199 112 37
23200 103 63
23201 15 92
23202 113 37
23203 112 33
23204 112 37
23205 113 37
23206 14 92
23207 112 37
23208 102 63
23209 113 33
23210 103 63
23211 113 37
23212 15 92
23213 92 32
23214 112 37
23215 113 37
23216 102 63
23217 14 92
23218 93 32
23219 15 92
23220 14 92
23221 15 92
23222 14 92
23223 103 63
23224 112 33
23225 112 37
23226 102 63
23227 103 63
23228 15 92
23229 113 37
23230 102 63
23231 112 37
23232 92 32
23233 113 37
23234 14 92
23235 113 33
23236 103 63
23237 112 33
23238 102 63
23239 103 63
23240 93 32
23241 15 92
23242 92 32
23243 93 32
23244 92 32
23245 102 63
23246 103 63
23247 102 63
23248 103 63
23249 113 33
23250 102 63
23251 14 92
23252 112 33
23253 112 37
23254 93 32
23255 92 32
23256 15 92
23257 113 33
23258 93 32
23259 14 92
23260 15 92
23261 92 32
23262 14 92
23263 15 92
23264 113 37
23265 112 33
23266 93 32
23267 14 92
23268 15 92
23269 103 63
23270 14 92
23271 92 32
23272 15 92
23273 113 33
23274 14 92
23275 112 33
23276 113 33
23277 112 37
23278 102 63
23279 113 37
23280 112 33
23281 103 63
23282 15 92
23283 102 63
23284 14 92
23285 112 37
23286 15 92
23287 93 32
23288 92 32
23289 103 63
23290 93 32
23291 92 32
23292 14 92
23293 93 32
23294 113 33
23295 15 92
23296 92 32
23297 102 63
23298 113 37
23299 103 63
23300 93 32
23301 112 37
23302 14 92
23303 113 37
23304 112 33
23305 102 63
23306 113 33
23307 112 37
23308 103 63
23309 92 32
23310 113 37
23311 102 63
23312 112 37
23313 113 37
23314 103 63
23315 102 63
23316 112 33
23317 112 37
23318 103 63
23319 113 33
23320 113 37
23321 102 63
23322 112 33
23323 15 92
23324 103 63
23325 14 92
23326 112 37
23327 102 63
23328 93 32
23329 103 63
23330 92 32
23331 113 37
23332 15 92
23333 113 33
23334 93 32
23335 92 32
23336 112 33
23337 93 32
23338 92 32
23339 112 37
23340 93 32
23341 102 63
23342 113 33
23343 103 63
23344 113 37
23345 102 63
23346 103 63
23347 112 37
23348 112 33
23349 113 37
23350 92 32
23351 93 32
23352 113 33
23353 112 37
23354 92 32
23355 14 92
23356 15 92
23357 113 37
23358 112 33
23359 93 32
23360 102 63
23361 92 32
23362 14 92
23363 93 32
23364 103 63
23365 15 92
23366 113 33
23367 102 63
23368 103 63
23369 112 33
23370 92 32
23371 112 37
23372 14 92
23373 102 63
23374 113 37
23375 103 63
23376 113 33
23377 93 32
23378 102 63
23379 92 32
23380 112 33
23381 113 33
23382 112 37
23383 103 63
23384 102 63
23385 103 63
23386 102 63
23387 93 32
23388 112 33
23389 113 37
23390 112 37
23391 113 37
23392 113 33
23393 15 92
23394 92 32
23395 93 32
23396 112 37
23397 103 63
23398 14 92
23399 15 92
23400 112 33
23401 113 33
23402 102 63
23403 112 33
23404 92 32
23405 14 92
23406 103 63
23407 15 92
23408 113 37
23409 112 37
23410 102 63
23411 113 37
23412 113 33
23413 112 37
23414 113 37
23415 103 63
23416 112 37
23417 102 63
23418 14 92
23419 113 37
23420 103 63
23421 93 32
23422 102 63
23423 112 33
23424 112 37
23425 113 33
23426 103 63
23427 112 33
23428 15 92
23429 14 92
23430 92 32
23431 113 37
23432 102 63
23433 15 92
23434 93 32
23435 14 92
23436 103 63
23437 102 63
23438 92 32
23439 103 63
23440 93 32
23441 112 37
23442 113 33
23443 92 32
23444 102 63
23445 113 37
23446 112 33
23447 103 63
23448 113 33
23449 112 37
23450 102 63
23451 103 63
23452 102 63
23453 15 92
23454 103 63
23455 93 32
23456 92 32
23457 102 63
23458 14 92
23459 93 32
23460 92 32
23461 103 63
23462 102 63
23463 103 63
23464 102 63
23465 112 33
23466 15 92
23467 113 37
23468 113 33
23469 112 33
23470 113 33
23471 103 63
23472 112 37
23473 14 92
23474 102 63
23475 15 92
23476 93 32
23477 103 63
23478 112 33
23479 102 63
23480 14 92
23481 15 92
23482 113 37
23483 112 37
23484 103 63
23485 113 33
23486 14 92
23487 15 92
23488 92 32
23489 102 63
23490 113 37
23491 93 32
23492 92 32
23493 103 63
23494 93 32
23495 102 63
23496 112 33
23497 103 63
23498 113 33
23499 92 32
23500 112 33
23501 113 33
23502 112 33
23503 102 63
23504 112 37
23505 93 32
23506 92 32
23507 113 37
23508 93 32
23509 14 92
23510 103 63
23511 112 37
23512 113 37
23513 92 32
23514 102 63
23515 103 63
23516 15 92
23517 93 32
23518 112 37
23519 92 32
23520 102 63
23521 93 32
23522 92 32
23523 93 32
23524 103 63
23525 113 37
23526 113 33
23527 102 63
23528 92 32
23529 112 33
23530 14 92
23531 103 63
23532 93 32
23533 113 33
23534 92 32
23535 15 92
23536 14 92
23537 102 63
23538 112 33
23539 103 63
23540 102 63
23541 93 32
23542 92 32
23543 15 92
23544 113 33
23545 112 33
23546 14 92
23547 15 92
23548 93 32
23549 112 37
23550 113 37
23551 103 63
23552 102 63
23553 14 92
23554 112 37
23555 113 33
23556 113 37
23557 112 37
23558 103 63
23559 92 32
23560 112 33
23561 113 33
23562 15 92
23563 113 37
23564 112 33
23565 112 37
23566 113 33
23567 93 32
23568 92 32
23569 112 33
23570 102 63
23571 93 32
23572 103 63
23573 113 33
23574 112 33
23575 113 33
23576 112 33
23577 113 37
23578 113 33
23579 14 92
23580 102 63
23581 103 63
23582 15 92
23583 102 63
23584 92 32
23585 103 63
23586 14 92
23587 112 37
23588 102 63
23589 103 63
23590 93 32
23591 112 33
23592 102 63
23593 92 32
23594 113 37
23595 103 63
23596 102 63
23597 15 92
23598 93 32
23599 112 37
23600 113 37
23601 92 32
23602 112 37
23603 103 63
23604 93 32
23605 14 92
23606 113 33
23607 15 92
23608 14 92
23609 102 63
23610 112 33
23611 113 33
23612 112 33
23613 92 32
23614 113 33
23615 15 92
23616 93 32
23617 92 32
23618 112 33
23619 103 63
23620 113 33
23621 113 37
23622 102 63
23623 103 63
23624 93 32
23625 112 37
23626 14 92
23627 92 32
23628 113 37
23629 93 32
23630 15 92
23631 112 37
23632 113 37
23633 92 32
23634 112 37
23635 102 63
23636 93 32
23637 112 33
23638 113 33
23639 14 92
23640 113 37
23641 103 63
23642 92 32
23643 112 33
23644 93 32
23645 102 63
23646 103 63
23647 112 37
23648 92 32
23649 113 37
23650 93 32
23651 102 63
23652 113 33
23653 15 92
23654 14 92
23655 112 33
23656 15 92
23657 103 63
23658 92 32
23659 112 37
23660 14 92
23661 113 33
23662 112 33
23663 113 37
23664 93 32
23665 15 92
23666 14 92
23667 102 63
23668 113 33
23669 15 92
23670 14 92
23671 92 32
23672 103 63
23673 93 32
23674 112 37
23675 113 37
23676 15 92
23677 14 92
23678 102 63
23679 15 92
23680 112 37
23681 14 92
23682 103 63
23683 15 92
23684 92 32
23685 112 33
23686 113 33
23687 102 63
23688 112 33
23689 113 37
23690 93 32
23691 113 33
23692 103 63
23693 112 33
23694 14 92
23695 112 37
23696 92 32
23697 113 33
23698 112 33
23699 113 37
23700 93 32
23701 92 32
23702 112 37
23703 102 63
23704 113 37
23705 15 92
23706 93 32
23707 113 33
23708 112 37
23709 113 37
23710 112 33
23711 92 32
23712 14 92
23713 93 32
23714 92 32
23715 113 33
23716 15 92
23717 112 37
23718 93 32
23719 103 63
23720 112 33
23721 92 32
23722 14 92
23723 93 32
23724 113 37
23725 112 37
23726 113 33
23727 102 63
23728 103 63
23729 92 32
23730 112 33
23731 113 33
23732 15 92
23733 112 33
23734 102 63
23735 113 37
23736 103 63
23737 93 32
23738 102 63
23739 92 32
23740 14 92
23741 103 63
23742 112 37
23743 15 92
23744 113 33
23745 14 92
23746 112 33
23747 15 92
23748 93 32
23749 14 92
23750 113 37
23751 112 37
23752 15 92
23753 14 92
23754 113 37
23755 102 63
23756 112 37
23757 113 37
23758 92 32
23759 93 32
23760 103 63
23761 112 37
23762 113 37
23763 92 32
23764 113 33
23765 15 92
23766 112 33
23767 113 33
23768 112 33
23769 112 37
23770 93 32
23771 113 37
23772 92 32
23773 112 37
23774 93 32
23775 102 63
23776 113 37
23777 112 37
23778 14 92
23779 103 63
23780 113 37
23781 112 37
23782 92 32
23783 113 37
23784 113 33
23785 112 33
23786 112 37
23787 93 32
23788 92 32
23789 113 37
23790 15 92
23791 14 92
23792 15 92
23793 102 63
23794 103 63
23795 93 32
23796 102 63
23797 14 92
23798 112 37
23799 103 63
23800 92 32
23801 113 37
23802 15 92
23803 113 33
23804 14 92
23805 102 63
23806 112 37
23807 93 32
23808 92 32
23809 93 32
23810 103 63
23811 102 63
23812 103 63
23813 102 63
23814 112 33
23815 113 33
23816 92 32
23817 112 33
23818 113 33
23819 103 63
23820 15 92
23821 102 63
23822 93 32
23823 14 92
23824 103 63
23825 102 63
23826 92 32
23827 112 33
23828 15 92
23829 103 63
23830 113 37
23831 112 37
23832 102 63
23833 113 37
23834 14 92
23835 112 37
23836 113 37
23837 113 33
23838 112 37
23839 103 63
23840 15 92
23841 14 92
23842 15 92
23843 102 63
23844 103 63
23845 113 37
23846 112 37
23847 113 37
23848 112 37
23849 112 33
23850 102 63
23851 113 33
23852 112 33
23853 113 33
23854 14 92
23855 15 92
23856 93 32
23857 113 37
23858 112 37
23859 92 32
23860 112 33
23861 14 92
23862 113 33
23863 113 37
23864 112 33
23865 15 92
23866 93 32
23867 113 33
23868 103 63
23869 14 92
23870 15 92
23871 14 92
23872 15 92
23873 102 63
23874 103 63
23875 102 63
23876 112 37
23877 14 92
23878 92 32
23879 15 92
23880 14 92
23881 103 63
23882 112 33
23883 113 37
23884 102 63
23885 15 92
23886 112 37
23887 113 37
23888 93 32
23889 112 37
23890 14 92
23891 113 33
23892 103 63
23893 113 37
23894 15 92
23895 112 37
23896 112 33
23897 113 37
23898 113 33
23899 112 33
23900 113 33
23901 92 32
23902 14 92
23903 112 33
23904 102 63
23905 93 32
23906 113 33
23907 15 92
23908 92 32
23909 112 37
23910 103 63
23911 113 37
23912 93 32
23913 14 92
23914 112 33
23915 92 32
23916 113 33
23917 102 63
23918 112 37
23919 93 32
23920 103 63
23921 92 32
23922 113 37
23923 112 37
23924 113 37
23925 102 63
23926 112 37
23927 103 63
23928 113 37
23929 112 37
23930 93 32
23931 15 92
23932 14 92
23933 92 32
23934 93 32
23935 15 92
23936 14 92
23937 15 92
23938 92 32
23939 113 37
23940 112 33
23941 112 37
23942 14 92
23943 113 37
23944 112 37
23945 102 63
23946 113 37
23947 15 92
23948 14 92
23949 112 37
23950 15 92
23951 103 63
23952 113 33
23953 93 32
23954 112 33
23955 102 63
23956 113 33
23957 103 63
23958 102 63
23959 103 63
23960 14 92
23961 102 63
23962 15 92
23963 103 63
23964 92 32
23965 113 37
23966 14 92
23967 112 33
23968 102 63
23969 112 37
23970 103 63
23971 93 32
23972 113 37
23973 113 33
23974 102 63
23975 112 37
23976 103 63
23977 113 37
23978 102 63
23979 92 32
23980 112 37
23981 112 33
23982 103 63
23983 15 92
23984 14 92
23985 113 37
23986 102 63
23987 113 33
23988 112 33
23989 113 33
23990 103 63
23991 102 63
23992 112 37
23993 112 33
23994 103 63
23995 93 32
23996 15 92
23997 102 63
23998 92 32
23999 14 92
24000 113 37
24001 93 32
24002 112 37
24003 113 33
24004 113 37
24005 92 32
24006 103 63
24007 112 37
24008 15 92
24009 93 32
24010 112 33
24011 113 33
24012 102 63
24013 112 33
24014 92 32
24015 93 32
24016 113 33
24017 103 63
24018 92 32
24019 93 32
24020 102 63
24021 14 92
24022 103 63
24023 112 33
24024 113 33
24025 15 92
24026 14 92
24027 92 32
24028 93 32
24029 112 33
24030 15 92
24031 14 92
24032 15 92
24033 92 32
24034 102 63
24035 14 92
24036 113 33
24037 112 33
24038 103 63
24039 93 32
24040 15 92
24041 113 33
24042 112 33
24043 92 32
24044 113 37
24045 102 63
24046 93 32
24047 103 63
24048 102 63
24049 112 37
24050 103 63
24051 14 92
24052 102 63
24053 92 32
24054 93 32
24055 103 63
24056 113 37
24057 92 32
24058 15 92
24059 102 63
24060 113 33
24061 112 33
24062 112 37
24063 93 32
24064 14 92
24065 113 37
24066 112 37
24067 113 37
24068 113 33
24069 103 63
24070 92 32
24071 112 37
24072 93 32
24073 15 92
24074 102 63
24075 103 63
24076 112 33
24077 113 33
24078 92 32
24079 113 37
24080 102 63
24081 112 33
24082 103 63
24083 113 33
24084 93 32
24085 92 32
24086 14 92
24087 112 37
24088 15 92
24089 113 37
24090 112 37
24091 112 33
24092 14 92
24093 15 92
24094 113 37
24095 93 32
24096 14 92
24097 92 32
24098 93 32
24099 112 37
24100 15 92
24101 113 37
24102 102 63
24103 103 63
24104 14 92
24105 92 32
24106 15 92
24107 93 32
24108 102 63
24109 14 92
24110 112 37
24111 103 63
24112 92 32
24113 113 33
24114 113 37
24115 112 37
24116 112 33
24117 102 63
24118 113 33
24119 112 33
24120 103 63
24121 113 33
24122 93 32
24123 102 63
24124 92 32
24125 15 92
24126 103 63
24127 14 92
24128 102 63
24129 103 63
24130 112 33
24131 15 92
24132 113 33
24133 14 92
24134 112 33
24135 15 92
24136 93 32
24137 92 32
24138 93 32
24139 102 63
24140 113 33
24141 112 33
24142 113 33
24143 112 33
24144 14 92
24145 103 63
24146 113 37
24147 92 32
24148 93 32
24149 102 63
24150 92 32
24151 103 63
24152 102 63
24153 15 92
24154 93 32
24155 112 37
24156 113 37
24157 14 92
24158 103 63
24159 15 92
24160 14 92
24161 102 63
24162 92 32
24163 93 32
24164 92 32
24165 103 63
24166 102 63
24167 113 33
24168 112 33
24169 93 32
24170 92 32
24171 93 32
24172 103 63
24173 15 92
24174 113 33
24175 102 63
24176 92 32
24177 112 33
24178 103 63
24179 14 92
24180 93 32
24181 112 37
24182 92 32
24183 93 32
24184 15 92
24185 113 33
24186 92 32
24187 102 63
24188 113 37
24189 112 37
24190 93 32
24191 113 37
24192 14 92
24193 112 33
24194 112 37
24195 92 32
24196 103 63
24197 102 63
24198 103 63
24199 102 63
24200 15 92
24201 113 37
24202 93 32
24203 103 63
24204 14 92
24205 112 37
24206 113 37
24207 113 33
24208 102 63
24209 112 37
24210 15 92
24211 92 32
24212 14 92
24213 103 63
24214 113 37
24215 93 32
24216 92 32
24217 15 92
24218 14 92
24219 112 33
24220 102 63
24221 113 33
24222 103 63
24223 112 33
24224 112 37
24225 102 63
24226 93 32
24227 15 92
24228 113 37
24229 92 32
24230 103 63
24231 112 37
24232 113 33
24233 112 33
24234 113 33
24235 102 63
24236 113 37
24237 112 33
24238 112 37
24239 103 63
24240 14 92
24241 93 32
24242 113 37
24243 15 92
24244 112 37
24245 113 33
24246 14 92
24247 92 32
24248 15 92
24249 93 32
24250 102 63
24251 92 32
24252 112 33
24253 14 92
24254 15 92
24255 103 63
24256 102 63
24257 103 63
24258 14 92
24259 15 92
24260 113 37
24261 14 92
24262 112 37
24263 102 63
24264 103 63
24265 93 32
24266 113 33
24267 112 33
24268 92 32
24269 113 33
24270 113 37
24271 102 63
24272 103 63
24273 102 63
24274 93 32
24275 92 32
24276 15 92
24277 14 92
24278 103 63
24279 112 33
24280 102 63
24281 112 37
24282 103 63
24283 113 33
24284 102 63
24285 15 92
24286 103 63
24287 112 33
24288 14 92
24289 102 63
24290 113 33
24291 112 33
24292 113 33
24293 93 32
24294 92 32
24295 112 33
24296 93 32
24297 92 32
24298 113 37
24299 93 32
24300 92 32
24301 93 32
24302 92 32
24303 15 92
24304 93 32
24305 112 37
24306 113 33
24307 103 63
24308 112 33
24309 113 37
24310 112 37
24311 14 92
24312 113 37
24313 15 92
24314 112 37
24315 102 63
24316 103 63
24317 113 33
24318 102 63
24319 113 37
24320 112 37
24321 103 63
24322 92 32
24323 14 92
24324 113 37
24325 112 37
24326 112 33
24327 113 37
24328 15 92
24329 102 63
24330 93 32
24331 92 32
24332 112 37
24333 93 32
24334 113 33
24335 92 32
24336 113 37
24337 103 63
24338 102 63
24339 14 92
24340 112 33
24341 93 32
24342 112 37
24343 92 32
24344 103 63
24345 15 92
24346 113 33
24347 93 32
24348 113 37
24349 112 37
24350 113 37
24351 14 92
24352 112 33
24353 15 92
24354 102 63
24355 113 33
24356 103 63
24357 14 92
24358 102 63
24359 112 37
24360 112 33
24361 92 32
24362 93 32
24363 113 37
24364 92 32
24365 103 63
24366 113 33
24367 102 63
24368 93 32
24369 112 33
24370 92 32
24371 113 33
24372 15 92
24373 103 63
24374 112 33
24375 102 63
24376 113 33
24377 14 92
24378 112 37
24379 15 92
24380 14 92
24381 113 37
24382 93 32
24383 15 92
24384 112 37
24385 14 92
24386 92 32
24387 103 63
24388 102 63
24389 93 32
24390 15 92
24391 112 33
24392 113 33
24393 112 33
24394 14 92
24395 15 92
24396 113 33
24397 103 63
24398 92 32
24399 102 63
24400 103 63
24401 112 33
24402 14 92
24403 102 63
24404 113 33
24405 112 33
24406 103 63
24407 93 32
24408 113 37
24409 102 63
24410 103 63
24411 112 37
24412 92 32
24413 102 63
24414 113 37
24415 93 32
24416 103 63
24417 112 37
24418 15 92
24419 14 92
24420 92 32
24421 93 32
24422 113 33
24423 102 63
24424 112 33
24425 15 92
24426 113 37
24427 14 92
24428 92 32
24429 93 32
24430 113 33
24431 112 33
24432 15 92
24433 113 33
24434 103 63
24435 102 63
24436 92 32
24437 14 92
24438 112 37
24439 15 92
24440 112 33
24441 14 92
24442 93 32
24443 92 32
24444 113 37
24445 93 32
24446 112 37
24447 103 63
24448 102 63
24449 113 37
24450 113 33
24451 103 63
24452 92 32
24453 102 63
24454 112 33
24455 15 92
24456 113 33
24457 112 33
24458 103 63
24459 102 63
24460 113 33
24461 14 92
24462 93 32
24463 15 92
24464 112 33
24465 14 92
24466 113 33
24467 15 92
24468 92 32
24469 112 33
24470 93 32
24471 112 37
24472 14 92
24473 113 37
24474 92 32
24475 15 92
24476 112 37
24477 113 37
24478 112 37
24479 113 37
24480 14 92
24481 103 63
24482 15 92
24483 113 33
24484 102 63
24485 112 33
24486 14 92
24487 15 92
24488 113 33
24489 112 33
24490 113 33
24491 93 32
24492 92 32
24493 93 32
24494 112 33
24495 92 32
24496 112 37
24497 14 92
24498 15 92
24499 113 33
24500 103 63
24501 113 37
24502 14 92
24503 102 63
24504 112 37
24505 93 32
24506 103 63
24507 112 33
24508 15 92
24509 113 33
24510 112 33
24511 92 32
24512 113 33
24513 102 63
24514 93 32
24515 92 32
24516 103 63
24517 113 37
24518 102 63
24519 93 32
24520 112 33
24521 113 33
24522 92 32
24523 112 37
24524 93 32
24525 92 32
24526 103 63
24527 102 63
24528 113 37
24529 93 32
24530 92 32
24531 103 63
24532 93 32
24533 112 33
24534 14 92
24535 112 37
24536 102 63
24537 15 92
24538 92 32
24539 14 92
24540 113 33
24541 103 63
24542 93 32
24543 92 32
24544 102 63
24545 112 33
24546 103 63
24547 102 63
24548 113 33
24549 113 37
24550 15 92
24551 103 63
24552 93 32
24553 14 92
24554 92 32
24555 112 33
24556 113 33
24557 93 32
24558 92 32
24559 102 63
24560 93 32
24561 112 33
24562 92 32
24563 113 33
24564 93 32
24565 112 37
24566 15 92
24567 112 33
24568 113 33
24569 103 63
24570 92 32
24571 112 33
24572 113 33
24573 14 92
24574 93 32
24575 15 92
24576 14 92
24577 102 63
24578 15 92
24579 113 37
24580 112 33
24581 113 33
24582 103 63
24583 92 32
24584 102 63
24585 14 92
24586 112 37
24587 15 92
24588 112 33
24589 14 92
24590 113 33
24591 93 32
24592 103 63
24593 92 32
24594 15 92
24595 113 37
24596 14 92
24597 112 33
24598 113 33
24599 112 37
24600 15 92
24601 14 92
24602 113 37
24603 93 32
24604 15 92
24605 112 33
24606 92 32
24607 102 63
24608 93 32
24609 103 63
24610 14 92
24611 112 37
24612 113 37
24613 113 33
24614 112 33
24615 102 63
24616 15 92
24617 113 33
24618 92 32
24619 112 33
24620 14 92
24621 15 92
24622 113 33
24623 93 32
24624 112 33
24625 112 37
24626 113 37
24627 103 63
24628 112 37
24629 14 92
24630 92 32
24631 113 33
24632 112 33
24633 102 63
24634 113 37
24635 15 92
24636 113 33
24637 112 37
24638 93 32
24639 14 92
24640 112 33
24641 113 37
24642 113 33
24643 15 92
24644 103 63
24645 92 32
24646 14 92
24647 93 32
24648 102 63
24649 103 63
24650 15 92
24651 112 33
24652 14 92
24653 15 92
24654 113 33
24655 92 32
24656 93 32
24657 112 33
24658 102 63
24659 92 32
24660 113 33
24661 112 37
24662 112 33
24663 113 33
24664 103 63
24665 102 63
24666 112 33
24667 113 37
24668 112 37
24669 103 63
24670 113 37
24671 93 32
24672 92 32
24673 112 37
24674 14 92
24675 113 33
24676 93 32
24677 113 37
24678 15 92
24679 112 33
24680 92 32
24681 113 33
24682 112 37
24683 112 33
24684 93 32
24685 14 92
24686 15 92
24687 14 92
24688 92 32
24689 102 63
24690 93 32
24691 103 63
24692 92 32
24693 113 37
24694 93 32
24695 15 92
24696 112 37
24697 113 37
24698 102 63
24699 92 32
24700 93 32
24701 92 32
24702 103 63
24703 14 92
24704 15 92
24705 14 92
24706 112 37
24707 113 37
24708 113 33
24709 102 63
24710 112 33
24711 15 92
24712 113 33
24713 93 32
24714 112 33
24715 103 63
24716 92 32
24717 113 33
24718 112 37
24719 93 32
24720 112 33
24721 92 32
24722 113 37
24723 93 32
24724 92 32
24725 102 63
24726 113 33
24727 112 37
24728 112 33
24729 103 63
24730 14 92
24731 113 37
24732 113 33
24733 15 92
24734 102 63
24735 112 33
24736 113 33
24737 112 33
24738 112 37
24739 93 32
24740 92 32
24741 93 32
24742 103 63
24743 92 32
24744 14 92
24745 113 37
24746 102 63
24747 15 92
24748 103 63
24749 102 63
24750 113 33
24751 112 33
24752 14 92
24753 93 32
24754 92 32
24755 15 92
24756 14 92
24757 113 33
24758 103 63
24759 102 63
24760 93 32
24761 112 33
24762 112 37
24763 113 37
24764 15 92
24765 103 63
24766 102 63
24767 92 32
24768 103 63
24769 14 92
24770 15 92
24771 102 63
24772 113 33
24773 103 63
24774 112 37
24775 14 92
24776 112 33
24777 113 33
24778 93 32
24779 102 63
24780 113 37
24781 112 33
24782 103 63
24783 102 63
24784 112 37
24785 113 33
24786 92 32
24787 113 37
24788 93 32
24789 92 32
24790 103 63
24791 112 33
24792 15 92
24793 93 32
24794 113 33
24795 102 63
24796 14 92
24797 112 33
24798 113 33
24799 92 32
24800 103 63
24801 112 33
24802 102 63
24803 103 63
24804 93 32
24805 102 63
24806 15 92
24807 14 92
24808 15 92
24809 92 32
24810 103 63
24811 112 37
24812 93 32
24813 102 63
24814 113 33
24815 103 63
24816 14 92
24817 15 92
24818 92 32
24819 14 92
24820 15 92
24821 93 32
24822 112 33
24823 92 32
24824 93 32
24825 92 32
24826 93 32
24827 92 32
24828 93 32
24829 92 32
24830 113 33
24831 102 63
24832 112 33
24833 103 63
24834 14 92
24835 102 63
24836 93 32
24837 113 37
24838 103 63
24839 102 63
24840 112 37
24841 15 92
24842 14 92
24843 113 37
24844 15 92
24845 103 63
24846 112 37
24847 113 33
24848 92 32
24849 112 33
24850 113 37
24851 14 92
24852 113 33
24853 112 37
24854 113 37
24855 112 33
24856 93 32
24857 102 63
24858 15 92
24859 103 63
24860 112 37
24861 113 37
24862 14 92
24863 113 33
24864 112 33
24865 92 32
24866 15 92
24867 112 37
24868 14 92
24869 102 63
24870 15 92
24871 113 33
24872 14 92
24873 112 33
24874 113 37
24875 93 32
24876 112 37
24877 113 37
24878 103 63
24879 113 33
24880 15 92
24881 112 33
24882 113 33
24883 112 37
24884 102 63
24885 112 33
24886 14 92
24887 113 33
24888 15 92
24889 113 37
24890 92 32
24891 93 32
24892 112 33
24893 112 37
24894 113 33
24895 14 92
24896 15 92
24897 14 92
24898 103 63
24899 112 33
24900 113 37
24901 112 37
24902 102 63
24903 103 63
24904 113 37
24905 113 33
24906 112 37
24907 113 37
24908 15 92
24909 112 37
24910 92 32
24911 102 63
24912 14 92
24913 93 32
24914 15 92
24915 113 37
24916 103 63
24917 102 63
24918 103 63
24919 112 33
24920 102 63
24921 112 37
24922 113 33
24923 113 37
24924 14 92
24925 92 32
24926 103 63
24927 15 92
24928 112 37
24929 93 32
24930 113 37
24931 102 63
24932 103 63
24933 92 32
24934 112 33
24935 102 63
24936 113 33
24937 14 92
24938 112 33
24939 15 92
24940 113 33
24941 93 32
24942 14 92
24943 112 33
24944 103 63
24945 102 63
24946 103 63
24947 92 32
24948 15 92
24949 102 63
24950 113 33
24951 103 63
24952 112 33
24953 113 33
24954 93 32
24955 92 32
24956 112 37
24957 93 32
24958 92 32
24959 93 32
24960 92 32
24961 112 33
24962 113 37
24963 93 32
24964 102 63
24965 14 92
24966 15 92
24967 14 92
24968 15 92
24969 14 92
24970 112 37
24971 113 33
24972 103 63
24973 113 37
24974 102 63
24975 112 37
24976 113 37
24977 112 33
24978 112 37
24979 113 37
24980 113 33
24981 15 92
24982 92 32
24983 14 92
24984 103 63
24985 112 33
24986 113 33
24987 112 37
24988 102 63
24989 103 63
24990 113 37
24991 93 32
24992 92 32
24993 112 33
24994 15 92
24995 112 37
24996 14 92
24997 93 32
24998 102 63
24999 113 33
25000 15 92
25001 112 33
25002 113 37
25003 112 37
25004 113 33
25005 113 37
25006 92 32
25007 103 63
25008 112 37
25009 113 37
25010 102 63
25011 103 63
25012 112 37
25013 93 32
25014 14 92
25015 92 32
25016 15 92
25017 14 92
25018 113 37
25019 112 37
25020 113 37
25021 112 33
25022 113 33
25023 112 37
25024 15 92
25025 112 33
25026 113 33
25027 14 92
25028 15 92
25029 113 37
25030 14 92
25031 102 63
25032 93 32
25033 103 63
25034 112 33
25035 15 92
25036 14 92
25037 102 63
25038 92 32
25039 113 33
25040 112 33
25041 103 63
25042 15 92
25043 112 37
25044 113 37
25045 113 33
25046 14 92
25047 112 33
25048 113 33
25049 102 63
25050 103 63
25051 93 32
25052 112 33
25053 113 33
25054 15 92
25055 102 63
25056 14 92
25057 92 32
25058 103 63
25059 112 33
25060 113 33
25061 93 32
25062 112 33
25063 15 92
25064 14 92
25065 112 37
25066 92 32
25067 93 32
25068 113 33
25069 92 32
25070 93 32
25071 113 37
25072 102 63
25073 103 63
25074 92 32
25075 112 33
25076 112 37
25077 113 33
25078 112 33
25079 113 37
25080 93 32
25081 112 37
25082 92 32
25083 102 63
25084 113 33
25085 93 32
25086 112 33
25087 103 63
25088 15 92
25089 14 92
25090 113 37
25091 113 33
25092 15 92
25093 112 33
25094 102 63
25095 92 32
25096 93 32
25097 103 63
25098 14 92
25099 102 63
25100 112 37
25101 92 32
25102 15 92
25103 113 37
25104 14 92
25105 15 92
25106 103 63
25107 93 32
25108 113 33
25109 14 92
25110 112 37
25111 112 33
25112 113 37
25113 112 37
25114 113 37
25115 15 92
25116 102 63
25117 113 33
25118 14 92
25119 103 63
25120 112 37
25121 92 32
25122 15 92
25123 14 92
25124 113 37
25125 112 33
25126 112 37
25127 15 92
25128 14 92
25129 102 63
25130 113 37
25131 112 37
25132 113 33
25133 103 63
25134 15 92
25135 113 37
25136 112 33
25137 102 63
25138 93 32
25139 14 92
25140 92 32
25141 103 63
25142 15 92
25143 14 92
25144 15 92
25145 112 37
25146 102 63
25147 113 33
25148 113 37
25149 14 92
25150 112 37
25151 93 32
25152 92 32
25153 15 92
25154 14 92
25155 103 63
25156 15 92
25157 14 92
25158 93 32
25159 112 33
25160 113 33
25161 102 63
25162 112 33
25163 113 33
25164 92 32
25165 113 37
25166 112 37
25167 113 37
25168 103 63
25169 15 92
25170 14 92
25171 15 92
25172 112 37
25173 113 37
25174 93 32
25175 112 33
25176 14 92
25177 92 32
25178 15 92
25179 112 37
25180 113 37
25181 93 32
25182 14 92
25183 102 63
25184 113 33
25185 103 63
25186 112 33
25187 15 92
25188 112 37
25189 113 33
25190 102 63
25191 103 63
25192 113 37
25193 92 32
25194 102 63
25195 14 92
25196 15 92
25197 112 37
25198 113 37
25199 14 92
25200 15 92
25201 112 33
25202 14 92
25203 15 92
25204 112 37
25205 14 92
25206 113 37
25207 103 63
25208 15 92
25209 14 92
25210 15 92
25211 14 92
25212 113 33
25213 112 33
25214 113 33
25215 102 63
25216 103 63
25217 93 32
25218 112 37
25219 15 92
25220 102 63
25221 103 63
25222 112 33
25223 102 63
25224 113 33
25225 14 92
25226 92 32
25227 112 33
25228 103 63
25229 15 92
25230 113 33
25231 93 32
25232 112 33
25233 92 32
25234 113 37
25235 14 92
25236 112 37
25237 15 92
25238 113 33
25239 113 37
25240 112 33
25241 93 32
25242 92 32
25243 112 37
25244 102 63
25245 93 32
25246 113 33
25247 113 37
25248 112 33
25249 14 92
25250 15 92
25251 92 32
25252 112 37
25253 103 63
25254 113 33
25255 102 63
25256 113 37
25257 93 32
25258 112 37
25259 112 33
25260 103 63
25261 113 33
25262 102 63
25263 113 37
25264 92 32
25265 112 37
25266 14 92
25267 93 32
25268 103 63
25269 102 63
25270 15 92
25271 103 63
25272 14 92
25273 92 32
25274 93 32
25275 15 92
25276 113 37
25277 14 92
25278 112 37
25279 112 33
25280 113 33
25281 15 92
25282 102 63
25283 113 37
25284 92 32
25285 112 33
25286 113 33
25287 93 32
25288 112 37
25289 112 33
25290 113 37
25291 103 63
25292 14 92
25293 113 33
25294 112 37
25295 112 33
25296 92 32
25297 113 37
25298 113 33
25299 112 37
25300 15 92
25301 113 37
25302 112 33
25303 93 32
25304 112 37
25305 14 92
25306 113 37
25307 15 92
25308 92 32
25309 113 33
25310 112 33
25311 102 63
25312 112 37
25313 93 32
25314 113 37
25315 103 63
25316 92 32
25317 112 37
25318 93 32
25319 102 63
25320 14 92
25321 15 92
25322 113 33
25323 113 37
25324 103 63
25325 102 63
25326 112 37
25327 113 37
25328 92 32
25329 112 33
25330 112 37
25331 93 32
25332 113 33
25333 14 92
25334 112 33
25335 113 33
25336 92 32
25337 15 92
25338 103 63
25339 112 33
25340 113 37
25341 112 37
25342 113 37
25343 14 92
25344 15 92
25345 93 32
25346 102 63
25347 14 92
25348 113 33
25349 15 92
25350 103 63
25351 14 92
25352 102 63
25353 103 63
25354 112 33
25355 92 32
25356 112 37
25357 113 33
25358 113 37
25359 93 32
25360 112 33
25361 92 32
25362 113 33
25363 112 33
25364 93 32
25365 102 63
25366 113 33
25367 92 32
25368 15 92
25369 112 33
25370 113 33
25371 14 92
25372 93 32
25373 112 37
25374 112 33
25375 113 33
25376 103 63
25377 112 33
25378 92 32
25379 93 32
25380 102 63
25381 113 33
25382 92 32
25383 113 37
25384 15 92
25385 14 92
25386 112 33
25387 113 33
25388 93 32
25389 112 37
25390 112 33
25391 113 37
25392 15 92
25393 113 33
25394 103 63
25395 112 37
25396 92 32
25397 112 33
25398 113 37
25399 113 33
25400 14 92
25401 112 37
25402 113 37
25403 112 37
25404 102 63
25405 93 32
25406 113 37
25407 103 63
25408 102 63
25409 15 92
25410 112 33
25411 113 33
25412 112 33
25413 14 92
25414 15 92
25415 92 32
25416 93 32
25417 103 63
25418 113 33
25419 112 37
25420 113 37
25421 92 32
25422 112 33
25423 102 63
25424 14 92
25425 113 33
25426 93 32
25427 112 37
25428 15 92
25429 103 63
25430 102 63
25431 112 33
25432 103 63
25433 14 92
25434 102 63
25435 113 37
25436 103 63
25437 102 63
25438 112 37
25439 103 63
25440 113 33
25441 113 37
25442 112 33
25443 102 63
25444 112 37
25445 113 37
25446 92 32
25447 15 92
25448 93 32
25449 113 33
25450 92 32
25451 14 92
25452 93 32
25453 112 33
25454 113 33
25455 15 92
25456 112 37
25457 92 32
25458 14 92
25459 93 32
25460 92 32
25461 103 63
25462 15 92
25463 93 32
25464 113 37
25465 102 63
25466 14 92
25467 15 92
25468 103 63
25469 112 37
25470 92 32
25471 112 33
25472 102 63
25473 103 63
25474 14 92
25475 113 33
25476 113 37
25477 93 32
25478 15 92
25479 112 33
25480 14 92
25481 102 63
25482 103 63
25483 92 32
25484 102 63
25485 103 63
25486 15 92
25487 112 37
25488 113 33
25489 14 92
25490 102 63
25491 112 33
25492 93 32
25493 113 33
25494 103 63
25495 112 33
25496 15 92
25497 113 37
25498 92 32
25499 113 33
25500 112 37
25501 93 32
25502 113 37
25503 112 37
25504 92 32
25505 112 33
25506 102 63
25507 14 92
25508 113 33
25509 113 37
25510 93 32
25511 112 33
25512 92 32
25513 112 37
25514 15 92
25515 93 32
25516 113 33
25517 92 32
25518 112 33
25519 103 63
25520 102 63
25521 93 32
25522 103 63
25523 113 37
25524 14 92
25525 15 92
25526 14 92
25527 102 63
25528 103 63
25529 15 92
25530 92 32
25531 102 63
25532 14 92
25533 15 92
25534 103 63
25535 14 92
25536 93 32
25537 113 33
25538 112 33
25539 112 37
25540 113 37
25541 92 32
25542 15 92
25543 93 32
25544 102 63
25545 103 63
25546 92 32
25547 112 37
25548 102 63
25549 93 32
25550 103 63
25551 14 92
25552 92 32
25553 15 92
25554 93 32
25555 102 63
25556 113 33
25557 92 32
25558 113 37
25559 93 32
25560 92 32
25561 103 63
25562 93 32
25563 14 92
25564 112 37
25565 15 92
25566 14 92
25567 112 33
25568 15 92
25569 113 33
25570 112 33
25571 102 63
25572 92 32
25573 113 33
25574 93 32
25575 14 92
25576 15 92
25577 103 63
25578 113 37
25579 112 37
25580 102 63
25581 14 92
25582 112 33
25583 103 63
25584 102 63
25585 92 32
25586 113 33
25587 113 37
25588 112 37
25589 15 92
25590 112 33
25591 113 33
25592 14 92
25593 113 37
25594 15 92
25595 103 63
25596 93 32
25597 112 33
25598 92 32
25599 102 63
25600 103 63
25601 113 33
25602 112 37
25603 112 33
25604 102 63
25605 93 32
25606 103 63
25607 113 37
25608 112 37
25609 92 32
25610 102 63
25611 93 32
25612 103 63
25613 113 33
25614 14 92
25615 113 37
25616 92 32
25617 112 37
25618 93 32
25619 102 63
25620 113 37
25621 112 33
25622 113 33
25623 112 37
25624 113 37
25625 92 32
25626 112 33
25627 15 92
25628 14 92
25629 103 63
25630 102 63
25631 15 92
25632 93 32
25633 103 63
25634 112 37
25635 102 63
25636 92 32
25637 14 92
25638 93 32
25639 113 33
25640 112 33
25641 113 33
25642 103 63
25643 102 63
25644 92 32
25645 112 33
25646 15 92
25647 113 33
25648 14 92
25649 113 37
25650 15 92
25651 14 92
25652 112 33
25653 112 37
25654 113 37
25655 15 92
25656 103 63
25657 93 32
25658 112 37
25659 92 32
25660 102 63
25661 103 63
25662 113 33
25663 102 63
25664 113 37
25665 112 37
25666 14 92
25667 113 37
25668 103 63
25669 112 37
25670 102 63
25671 103 63
25672 93 32
25673 112 33
25674 15 92
25675 113 37
25676 112 37
25677 113 37
25678 112 37
25679 102 63
25680 113 37
25681 14 92
25682 103 63
25683 102 63
25684 103 63
25685 102 63
25686 15 92
25687 103 63
25688 113 33
25689 92 32
25690 14 92
25691 112 33
25692 102 63
25693 103 63
25694 15 92
25695 102 63
25696 112 37
25697 14 92
25698 113 37
25699 15 92
25700 93 32
25701 103 63
25702 112 37
25703 92 32
25704 14 92
25705 102 63
25706 113 37
25707 103 63
25708 112 37
25709 102 63
25710 15 92
25711 14 92
25712 15 92
25713 113 33
25714 112 33
25715 113 37
25716 112 37
25717 103 63
25718 113 37
25719 113 33
25720 112 37
25721 112 33
25722 102 63
25723 103 63
25724 113 33
25725 112 33
25726 14 92
25727 15 92
25728 14 92
25729 15 92
25730 102 63
25731 14 92
25732 103 63
25733 113 33
25734 102 63
25735 103 63
25736 102 63
25737 15 92
25738 112 33
25739 14 92
25740 103 63
25741 93 32
25742 102 63
25743 113 37
25744 92 32
25745 15 92
25746 93 32
25747 113 33
25748 14 92
25749 15 92
25750 14 92
25751 112 37
25752 113 37
25753 112 37
25754 112 33
25755 103 63
25756 113 33
25757 102 63
25758 112 33
25759 15 92
25760 92 32
25761 113 33
25762 112 33
25763 113 37
25764 112 37
25765 113 37
25766 112 37
25767 93 32
25768 113 37
25769 112 37
25770 113 33
25771 112 33
25772 113 33
25773 103 63
25774 92 32
25775 113 37
25776 102 63
25777 112 33
25778 113 33
25779 14 92
25780 93 32
25781 92 32
25782 112 37
25783 113 37
25784 112 37
25785 113 37
25786 15 92
25787 103 63
25788 93 32
25789 102 63
25790 103 63
25791 112 37
25792 112 33
25793 113 33
25794 113 37
25795 112 33
25796 102 63
25797 92 32
25798 93 32
25799 113 33
25800 92 32
25801 112 33
25802 14 92
25803 93 32
25804 103 63
25805 102 63
25806 112 37
25807 15 92
25808 113 33
25809 92 32
25810 93 32
25811 103 63
25812 113 37
25813 112 37
25814 92 32
25815 113 37
25816 14 92
25817 102 63
25818 112 33
25819 112 37
25820 113 33
25821 113 37
25822 112 37
25823 93 32
25824 92 32
25825 113 37
25826 103 63
25827 112 33
25828 15 92
25829 102 63
25830 113 33
25831 14 92
25832 15 92
25833 103 63
25834 14 92
25835 93 32
25836 112 37
25837 113 37
25838 102 63
25839 92 32
25840 15 92
25841 93 32
25842 103 63
25843 112 37
25844 113 37
25845 14 92
25846 112 37
25847 102 63
25848 113 37
25849 92 32
25850 103 63
25851 102 63
25852 103 63
25853 112 37
25854 102 63
25855 113 37
25856 103 63
25857 93 32
25858 92 32
25859 112 33
25860 15 92
25861 102 63
25862 113 33
25863 103 63
25864 93 32
25865 112 33
25866 92 32
25867 93 32
25868 112 37
25869 92 32
25870 93 32
25871 14 92
25872 113 33
25873 112 33
25874 15 92
25875 14 92
25876 15 92
25877 92 32
25878 14 92
25879 15 92
25880 93 32
25881 92 32
25882 113 37
25883 112 37
25884 113 37
25885 93 32
25886 92 32
25887 112 37
25888 113 37
25889 102 63
25890 14 92
25891 112 37
25892 93 32
25893 92 32
25894 113 37
25895 113 33
25896 15 92
25897 112 33
25898 93 32
25899 112 37
25900 113 37
25901 113 33
25902 92 32
25903 103 63
25904 14 92
25905 15 92
25906 102 63
25907 103 63
25908 93 32
25909 112 37
25910 113 37
25911 102 63
25912 112 37
25913 92 32
25914 103 63
25915 102 63
25916 93 32
25917 112 33
25918 113 33
25919 14 92
25920 113 37
25921 112 37
25922 15 92
25923 14 92
25924 92 32
25925 15 92
25926 14 92
25927 15 92
25928 93 32
25929 103 63
25930 102 63
25931 92 32
25932 93 32
25933 14 92
25934 15 92
25935 112 33
25936 103 63
25937 113 37
25938 14 92
25939 102 63
25940 103 63
25941 113 33
25942 15 92
25943 112 37
25944 112 33
25945 14 92
25946 113 33
25947 112 33
25948 92 32
25949 113 37
25950 15 92
25951 14 92
25952 15 92
25953 93 32
25954 112 37
25955 113 37
25956 102 63
25957 103 63
25958 92 32
25959 102 63
25960 93 32
25961 112 37
25962 103 63
25963 14 92
25964 113 33
25965 92 32
25966 113 37
25967 112 33
25968 102 63
25969 15 92
25970 103 63
25971 93 32
25972 113 33
25973 112 37
25974 112 33
25975 113 37
25976 113 33
25977 102 63
25978 14 92
25979 15 92
25980 112 33
25981 112 37
25982 92 32
25983 93 32
25984 92 32
25985 113 37
25986 113 33
25987 112 37
25988 113 37
25989 103 63
25990 112 37
25991 93 32
25992 113 37
25993 112 33
25994 113 33
25995 112 37
25996 112 33
25997 113 33
25998 102 63
25999 92 32
26000 112 33
26001 93 32
26002 113 33
26003 113 37
26004 92 32
26005 112 37
26006 14 92
26007 112 33
26008 93 32
26009 103 63
26010 92 32
26011 15 92
26012 14 92
26013 113 33
26014 102 63
26015 15 92
26016 112 33
26017 113 33
26018 14 92
26019 113 37
26020 15 92
26021 93 32
26022 14 92
26023 92 32
26024 112 33
26025 112 37
26026 103 63
26027 93 32
26028 102 63
26029 15 92
26030 103 63
26031 102 63
26032 113 33
26033 14 92
26034 103 63
26035 112 33
26036 15 92
26037 102 63
26038 113 37
26039 92 32
26040 112 37
26041 14 92
26042 15 92
26043 93 32
26044 14 92
26045 92 32
26046 113 33
26047 93 32
26048 112 33
26049 103 63
26050 102 63
26051 15 92
26052 103 63
26053 92 32
26054 14 92
26055 102 63
26056 103 63
26057 15 92
26058 14 92
26059 113 37
26060 102 63
26061 103 63
26062 93 32
26063 102 63
26064 113 33
26065 112 33
26066 103 63
26067 15 92
26068 113 33
26069 112 37
26070 102 63
26071 112 33
26072 14 92
26073 103 63
26074 113 33
26075 15 92
26076 102 63
26077 112 33
26078 14 92
26079 113 37
26080 112 37
26081 15 92
26082 92 32
26083 93 32
26084 92 32
26085 113 33
26086 14 92
26087 113 37
26088 15 92
26089 112 33
26090 14 92
26091 93 32
26092 113 33
26093 15 92
26094 14 92
26095 112 33
26096 103 63
26097 92 32
26098 112 37
26099 102 63
26100 15 92
26101 14 92
26102 15 92
26103 113 37
26104 113 33
26105 112 37
26106 112 33
26107 113 33
26108 14 92
26109 103 63
26110 15 92
26111 14 92
26112 112 33
26113 102 63
26114 93 32
26115 15 92
26116 92 32
26117 113 37
26118 93 32
26119 112 37
26120 92 32
26121 93 32
26122 103 63
26123 113 33
26124 92 32
26125 102 63
26126 93 32
26127 92 32
26128 112 33
26129 93 32
26130 113 37
26131 112 37
26132 113 33
26133 92 32
26134 14 92
26135 15 92
26136 112 33
26137 14 92
26138 15 92
26139 93 32
26140 113 37
26141 92 32
26142 14 92
26143 103 63
26144 93 32
26145 113 33
26146 15 92
26147 102 63
26148 112 37
26149 14 92
26150 15 92
26151 92 32
26152 14 92
26153 93 32
26154 112 33
26155 103 63
26156 102 63
26157 113 33
26158 113 37
26159 112 33
26160 15 92
26161 103 63
26162 14 92
26163 102 63
26164 113 33
26165 112 33
26166 92 32
26167 15 92
26168 93 32
26169 14 92
26170 103 63
26171 102 63
26172 15 92
26173 92 32
26174 93 32
26175 14 92
26176 112 37
26177 113 37
26178 112 37
26179 113 37
26180 92 32
26181 113 33
26182 112 37
26183 103 63
26184 102 63
26185 113 37
26186 15 92
26187 93 32
26188 14 92
26189 112 37
26190 15 92
26191 112 33
26192 14 92
26193 103 63
26194 113 33
26195 15 92
26196 102 63
26197 103 63
26198 14 92
26199 112 33
26200 92 32
26201 93 32
26202 15 92
26203 113 37
26204 14 92
26205 92 32
26206 93 32
26207 92 32
26208 93 32
26209 92 32
26210 113 33
26211 112 33
26212 113 33
26213 102 63
26214 112 33
26215 113 33
26216 112 33
26217 15 92
26218 14 92
26219 93 32
26220 15 92
26221 113 33
26222 14 92
26223 112 37
26224 15 92
26225 103 63
26226 92 32
26227 113 37
26228 93 32
26229 112 33
26230 113 33
26231 102 63
26232 92 32
26233 112 37
26234 93 32
26235 112 33
26236 92 32
26237 93 32
26238 113 37
26239 92 32
26240 112 37
26241 113 33
26242 112 33
26243 113 33
26244 103 63
26245 93 32
26246 102 63
26247 14 92
26248 113 37
26249 112 33
26250 112 37
26251 103 63
26252 113 37
26253 102 63
26254 92 32
26255 15 92
26256 93 32
26257 14 92
26258 15 92
26259 103 63
26260 102 63
26261 113 33
26262 14 92
26263 103 63
26264 15 92
26265 14 92
26266 102 63
26267 112 33
26268 103 63
26269 15 92
26270 113 33
26271 14 92
26272 92 32
26273 112 37
26274 112 33
26275 113 33
26276 93 32
26277 15 92
26278 92 32
26279 113 37
26280 93 32
26281 92 32
26282 93 32
26283 14 92
26284 15 92
26285 14 92
26286 112 33
26287 92 32
26288 102 63
26289 103 63
26290 112 37
26291 113 33
26292 15 92
26293 112 33
26294 14 92
26295 113 33
26296 112 33
26297 113 37
26298 15 92
26299 102 63
26300 112 37
26301 14 92
26302 113 37
26303 15 92
26304 93 32
26305 14 92
26306 15 92
26307 103 63
26308 14 92
26309 112 37
26310 92 32
26311 113 33
26312 113 37
26313 15 92
26314 112 33
26315 113 33
26316 112 33
26317 102 63
26318 14 92
26319 93 32
26320 15 92
26321 14 92
26322 112 37
26323 15 92
26324 103 63
26325 102 63
26326 113 37
26327 112 37
26328 14 92
26329 92 32
26330 93 32
26331 92 32
26332 93 32
26333 92 32
26334 113 33
26335 15 92
26336 14 92
26337 103 63
26338 113 37
26339 93 32
26340 92 32
26341 93 32
26342 102 63
26343 92 32
26344 103 63
26345 112 33
26346 113 33
26347 93 32
26348 15 92
26349 102 63
26350 112 37
26351 103 63
26352 14 92
26353 112 33
26354 113 33
26355 102 63
26356 113 37
26357 15 92
26358 112 33
26359 112 37
26360 113 37
26361 103 63
26362 102 63
26363 92 32
26364 112 37
26365 93 32
26366 113 37
26367 92 32
26368 113 33
26369 112 33
26370 93 32
26371 112 37
26372 92 32
26373 14 92
26374 113 33
26375 15 92
26376 113 37
26377 103 63
26378 93 32
26379 92 32
26380 112 37
26381 93 32
26382 113 37
26383 14 92
26384 92 32
26385 15 92
26386 112 37
26387 113 37
26388 14 92
26389 102 63
26390 93 32
26391 15 92
26392 112 37
26393 113 37
26394 92 32
26395 112 33
26396 93 32
26397 112 37
26398 103 63
26399 102 63
26400 92 32
26401 113 37
26402 93 32
26403 112 37
26404 92 32
26405 113 33
26406 103 63
26407 113 37
26408 112 37
26409 102 63
26410 93 32
26411 112 33
26412 113 37
26413 112 37
26414 92 32
26415 93 32
26416 113 37
26417 92 32
26418 112 37
26419 14 92
26420 93 32
26421 113 33
26422 15 92
26423 112 33
26424 14 92
26425 113 37
26426 103 63
26427 15 92
26428 112 37
26429 102 63
26430 92 32
26431 103 63
26432 113 33
26433 14 92
26434 102 63
26435 15 92
26436 103 63
26437 14 92
26438 93 32
26439 15 92
26440 113 37
26441 102 63
26442 92 32
26443 103 63
26444 112 33
26445 14 92
26446 15 92
26447 113 33
26448 112 37
26449 102 63
26450 103 63
26451 14 92
26452 93 32
26453 102 63
26454 113 37
26455 103 63
26456 15 92
26457 102 63
26458 112 33
26459 113 33
26460 92 32
26461 103 63
26462 112 37
26463 102 63
26464 103 63
26465 102 63
26466 14 92
26467 112 33
26468 103 63
26469 113 37
26470 93 32
26471 112 37
26472 92 32
26473 102 63
26474 15 92
26475 14 92
26476 15 92
26477 113 37
26478 112 37
26479 113 37
26480 113 33
26481 112 37
26482 14 92
26483 15 92
26484 103 63
26485 102 63
26486 113 37
26487 112 37
26488 112 33
26489 14 92
26490 15 92
26491 113 37
26492 112 37
26493 93 32
26494 14 92
26495 113 33
26496 103 63
26497 112 33
26498 92 32
26499 93 32
26500 113 37
26501 113 33
26502 92 32
26503 15 92
26504 112 33
26505 93 32
26506 112 37
26507 113 37
26508 14 92
26509 92 32
26510 93 32
26511 15 92
26512 92 32
26513 14 92
26514 113 33
26515 15 92
26516 112 37
26517 14 92
26518 93 32
26519 112 33
26520 102 63
26521 113 33
26522 92 32
26523 112 33
26524 103 63
26525 113 33
26526 93 32
26527 113 37
26528 102 63
26529 103 63
26530 15 92
26531 102 63
26532 92 32
26533 14 92
26534 15 92
26535 93 32
26536 112 33
26537 113 33
26538 112 37
26539 92 32
26540 14 92
26541 15 92
26542 93 32
26543 112 33
26544 113 33
26545 112 33
26546 14 92
26547 15 92
26548 14 92
26549 113 37
26550 15 92
26551 92 32
26552 112 37
26553 113 37
26554 113 33
26555 93 32
26556 112 33
26557 14 92
26558 103 63
26559 112 37
26560 113 37
26561 112 37
26562 102 63
26563 15 92
26564 113 37
26565 113 33
26566 92 32
26567 112 33
26568 93 32
26569 113 33
26570 14 92
26571 112 37
26572 112 33
26573 113 33
26574 113 37
26575 92 32
26576 103 63
26577 112 37
26578 15 92
26579 93 32
26580 112 33
26581 113 33
26582 92 32
26583 112 33
26584 102 63
26585 14 92
26586 113 37
26587 15 92
26588 93 32
26589 113 33
26590 112 33
26591 14 92
26592 103 63
26593 15 92
26594 102 63
26595 103 63
26596 92 32
26597 14 92
26598 112 37
26599 113 37
26600 15 92
26601 113 33
26602 14 92
26603 112 33
26604 102 63
26605 112 37
26606 93 32
26607 15 92
26608 92 32
26609 103 63
26610 113 33
26611 112 33
26612 113 33
26613 14 92
26614 15 92
26615 14 92
26616 112 33
26617 93 32
26618 113 37
26619 102 63
26620 92 32
26621 113 33
26622 112 33
26623 112 37
26624 103 63
26625 113 33
26626 112 33
26627 15 92
26628 93 32
26629 113 37
26630 112 37
26631 92 32
26632 93 32
26633 14 92
26634 113 33
26635 102 63
26636 15 92
26637 92 32
26638 112 33
26639 113 33
26640 113 37
26641 112 37
26642 14 92
26643 93 32
26644 92 32
26645 112 33
26646 103 63
26647 102 63
26648 113 33
26649 113 37
26650 112 33
26651 15 92
26652 112 37
26653 14 92
26654 15 92
26655 103 63
26656 93 32
26657 14 92
26658 102 63
26659 15 92
26660 14 92
26661 103 63
26662 102 63
26663 103 63
26664 113 37
26665 102 63
26666 113 33
26667 103 63
26668 112 33
26669 112 37
26670 92 32
26671 102 63
26672 15 92
26673 103 63
26674 113 37
26675 102 63
26676 112 37
26677 14 92
26678 93 32
26679 113 33
26680 103 63
26681 112 33
26682 92 32
26683 15 92
26684 102 63
26685 93 32
26686 103 63
26687 113 33
26688 113 37
26689 14 92
26690 102 63
26691 112 33
26692 103 63
26693 112 37
26694 15 92
26695 113 37
26696 102 63
26697 92 32
26698 93 32
26699 103 63
26700 14 92
26701 112 37
26702 113 33
26703 112 33
26704 113 37
26705 92 32
26706 112 37
26707 113 37
26708 112 37
26709 93 32
26710 102 63
26711 15 92
26712 103 63
26713 102 63
26714 14 92
26715 103 63
26716 113 37
26717 112 37
26718 92 32
26719 102 63
26720 113 37
26721 15 92
26722 113 33
26723 14 92
26724 112 33
26725 103 63
26726 112 37
26727 93 32
26728 92 32
26729 113 37
26730 93 32
26731 15 92
26732 113 33
26733 102 63
26734 112 33
26735 92 32
26736 112 37
26737 103 63
26738 113 37
26739 113 33
26740 112 33
26741 93 32
26742 92 32
26743 112 37
26744 102 63
26745 113 33
26746 14 92
26747 113 37
26748 112 37
26749 112 33
26750 15 92
26751 113 37
26752 112 37
26753 93 32
26754 14 92
26755 113 33
26756 92 32
26757 15 92
26758 112 33
26759 93 32
26760 103 63
26761 113 37
26762 92 32
26763 93 32
26764 113 33
26765 112 37
26766 102 63
26767 14 92
26768 92 32
26769 113 37
26770 112 37
26771 112 33
26772 103 63
26773 102 63
26774 103 63
26775 15 92
26776 113 37
26777 113 33
26778 102 63
26779 93 32
26780 92 32
26781 112 33
26782 113 33
26783 112 37
26784 112 33
26785 113 37
26786 103 63
26787 14 92
26788 93 32
26789 102 63
26790 113 33
26791 103 63
26792 15 92
26793 92 32
26794 112 37
26795 93 32
26796 92 32
26797 14 92
26798 102 63
26799 113 37
26800 112 37
26801 15 92
26802 93 32
26803 113 37
26804 112 37
26805 113 37
26806 112 37
26807 112 33
26808 113 33
26809 92 32
26810 113 37
26811 112 37
26812 112 33
26813 113 33
26814 14 92
26815 113 37
26816 112 33
26817 15 92
26818 93 32
26819 112 37
26820 113 33
26821 14 92
26822 15 92
26823 14 92
26824 103 63
26825 113 37
26826 92 32
26827 15 92
26828 112 37
26829 112 33
26830 14 92
26831 93 32
26832 15 92
26833 113 37
26834 92 32
26835 14 92
26836 113 33
26837 112 37
26838 112 33
26839 15 92
26840 102 63
26841 93 32
26842 14 92
26843 15 92
26844 14 92
26845 92 32
26846 113 37
26847 103 63
26848 93 32
26849 112 37
26850 113 33
26851 112 33
26852 113 33
26853 92 32
26854 15 92
26855 112 33
26856 113 33
26857 102 63
26858 112 33
26859 93 32
26860 92 32
26861 93 32
26862 14 92
26863 15 92
26864 113 37
26865 103 63
26866 102 63
26867 112 37
26868 92 32
26869 103 63
26870 113 37
26871 102 63
26872 112 37
26873 113 37
26874 93 32
26875 14 92
26876 112 37
26877 113 33
26878 113 37
26879 112 37
26880 112 33
26881 92 32
26882 103 63
26883 15 92
26884 102 63
26885 113 37
26886 14 92
26887 112 37
26888 103 63
26889 93 32
26890 113 33
26891 15 92
26892 112 33
26893 102 63
26894 103 63
26895 14 92
26896 92 32
26897 113 37
26898 102 63
26899 113 33
26900 103 63
26901 102 63
26902 93 32
26903 112 33
26904 112 37
26905 103 63
26906 113 33
26907 92 32
26908 15 92
26909 14 92
26910 112 33
26911 102 63
26912 113 33
26913 113 37
26914 93 32
26915 15 92
26916 112 33
26917 103 63
26918 102 63
26919 113 33
26920 112 33
26921 112 37
26922 103 63
26923 113 37
26924 113 33
26925 92 32
26926 14 92
26927 112 37
26928 93 32
26929 113 37
26930 15 92
26931 92 32
26932 102 63
26933 103 63
26934 112 37
26935 113 37
26936 93 32
26937 102 63
26938 14 92
26939 112 33
26940 113 33
26941 112 33
26942 15 92
26943 103 63
26944 14 92
26945 92 32
26946 93 32
26947 113 33
26948 102 63
26949 103 63
26950 112 37
26951 15 92
26952 102 63
26953 112 33
26954 113 33
26955 103 63
26956 113 37
26957 14 92
26958 15 92
26959 14 92
26960 15 92
26961 112 33
26962 92 32
26963 113 33
26964 112 37
26965 102 63
26966 103 63
26967 102 63
26968 103 63
26969 112 33
26970 102 63
26971 93 32
26972 103 63
26973 92 32
26974 102 63
26975 113 33
26976 103 63
26977 113 37
26978 102 63
26979 112 33
26980 103 63
26981 112 37
26982 14 92
26983 102 63
26984 93 32
26985 103 63
26986 113 33
26987 112 33
26988 113 37
26989 112 37
26990 113 33
26991 112 33
26992 102 63
26993 15 92
26994 103 63
26995 102 63
26996 14 92
26997 113 37
26998 92 32
26999 93 32
27000 113 33
27001 112 33
27002 113 33
27003 103 63
27004 15 92
27005 102 63
27006 103 63
27007 112 37
27008 113 37
27009 102 63
27010 112 33
27011 14 92
27012 92 32
27013 15 92
27014 14 92
27015 93 32
27016 92 32
27017 15 92
27018 113 33
27019 93 32
27020 112 33
27021 112 37
27022 113 37
27023 112 37
27024 113 37
27025 113 33
27026 112 37
27027 113 37
27028 112 33
27029 113 33
27030 103 63
27031 92 32
27032 112 33
27033 93 32
27034 112 37
27035 113 33
27036 92 32
27037 102 63
27038 93 32
27039 103 63
27040 14 92
27041 112 33
27042 15 92
27043 113 37
27044 113 33
27045 102 63
27046 92 32
27047 103 63
27048 14 92
27049 112 37
27050 102 63
27051 113 37
27052 15 92
27053 103 63
27054 93 32
27055 112 33
27056 102 63
27057 92 32
27058 14 92
27059 15 92
27060 103 63
27061 14 92
27062 113 33
27063 102 63
27064 93 32
27065 112 33
27066 113 33
27067 15 92
27068 14 92
27069 112 37
27070 92 32
27071 113 37
27072 93 32
27073 15 92
27074 112 33
27075 103 63
27076 112 37
27077 113 33
27078 92 32
27079 14 92
27080 93 32
27081 113 37
27082 92 32
27083 102 63
27084 112 33
27085 103 63
27086 112 37
27087 93 32
27088 92 32
27089 102 63
27090 103 63
27091 102 63
27092 15 92
27093 113 37
27094 112 37
27095 113 37
27096 112 37
27097 113 37
27098 113 33
27099 93 32
27100 103 63
27101 92 32
27102 102 63
27103 112 33
27104 103 63
27105 93 32
27106 102 63
27107 112 37
27108 14 92
27109 113 33
27110 103 63
27111 15 92
27112 112 33
27113 14 92
27114 92 32
27115 93 32
27116 113 33
27117 102 63
27118 92 32
27119 93 32
27120 112 33
27121 92 32
27122 15 92
27123 113 33
27124 103 63
27125 112 33
27126 14 92
27127 102 63
27128 113 33
27129 113 37
27130 103 63
27131 93 32
27132 92 32
27133 15 92
27134 93 32
27135 112 37
27136 112 33
27137 92 32
27138 14 92
27139 93 32
27140 113 37
27141 92 32
27142 15 92
27143 113 33
27144 93 32
27145 112 33
27146 92 32
27147 112 37
27148 113 33
27149 102 63
27150 14 92
27151 113 37
27152 103 63
27153 102 63
27154 112 37
27155 103 63
27156 113 37
27157 15 92
27158 112 33
27159 93 32
27160 102 63
27161 103 63
27162 102 63
27163 112 37
27164 113 33
27165 14 92
27166 92 32
27167 103 63
27168 112 33
27169 15 92
27170 113 37
27171 102 63
27172 93 32
27173 103 63
27174 112 37
27175 113 33
27176 113 37
27177 112 33
27178 113 33
27179 14 92
27180 15 92
27181 92 32
27182 112 37
27183 113 37
27184 102 63
27185 93 32
27186 14 92
27187 103 63
27188 112 37
27189 113 37
27190 112 37
27191 102 63
27192 92 32
27193 112 33
27194 103 63
27195 102 63
27196 15 92
27197 103 63
27198 93 32
27199 102 63
27200 14 92
27201 113 33
27202 92 32
27203 112 33
27204 93 32
27205 113 33
27206 92 32
27207 15 92
27208 112 33
27209 113 37
27210 112 37
27211 14 92
27212 15 92
27213 113 37
27214 93 32
27215 103 63
27216 92 32
27217 93 32
27218 112 37
27219 102 63
27220 113 37
27221 14 92
27222 15 92
27223 112 37
27224 113 33
27225 92 32
27226 103 63
27227 112 33
27228 102 63
27229 14 92
27230 113 37
27231 93 32
27232 103 63
27233 113 33
27234 15 92
27235 102 63
27236 112 33
27237 113 33
27238 103 63
27239 92 32
27240 102 63
27241 103 63
27242 14 92
27243 15 92
27244 102 63
27245 93 32
27246 112 33
27247 14 92
27248 113 33
27249 92 32
27250 112 33
27251 103 63
27252 112 37
27253 15 92
27254 113 33
27255 14 92
27256 112 33
27257 113 33
27258 93 32
27259 113 37
27260 15 92
27261 112 33
27262 113 33
27263 92 32
27264 14 92
27265 15 92
27266 112 33
27267 93 32
27268 14 92
27269 15 92
27270 92 32
27271 102 63
27272 103 63
27273 102 63
27274 113 33
27275 93 32
27276 112 33
27277 112 37
27278 113 37
27279 92 32
27280 113 33
27281 14 92
27282 112 33
27283 113 33
27284 103 63
27285 15 92
27286 102 63
27287 112 37
27288 103 63
27289 102 63
27290 103 63
27291 93 32
27292 92 32
27293 112 33
27294 93 32
27295 102 63
27296 103 63
27297 14 92
27298 113 37
27299 92 32
27300 113 33
27301 102 63
27302 15 92
27303 14 92
27304 93 32
27305 92 32
27306 103 63
27307 112 37
27308 102 63
27309 93 32
27310 92 32
27311 93 32
27312 103 63
27313 112 33
27314 102 63
27315 92 32
27316 113 33
27317 112 33
27318 93 32
27319 15 92
27320 113 33
27321 92 32
27322 14 92
27323 113 37
27324 15 92
27325 112 33
27326 14 92
27327 113 33
27328 93 32
27329 103 63
27330 15 92
27331 92 32
27332 112 37
27333 93 32
27334 102 63
27335 92 32
27336 103 63
27337 113 37
27338 93 32
27339 112 33
27340 113 33
27341 102 63
27342 92 32
27343 103 63
27344 102 63
27345 112 33
27346 103 63
27347 14 92
27348 93 32
27349 102 63
27350 15 92
27351 92 32
27352 113 33
27353 112 33
27354 14 92
27355 113 33
27356 103 63
27357 112 33
27358 15 92
27359 113 33
27360 102 63
27361 112 37
27362 112 33
27363 93 32
27364 92 32
27365 113 37
27366 93 32
27367 92 32
27368 93 32
27369 14 92
27370 112 37
27371 15 92
27372 14 92
27373 15 92
27374 14 92
27375 113 33
27376 92 32
27377 112 33
27378 103 63
27379 113 33
27380 15 92
27381 112 33
27382 113 33
27383 14 92
27384 102 63
27385 103 63
27386 102 63
27387 113 37
27388 112 37
27389 113 37
27390 103 63
27391 102 63
27392 93 32
27393 112 33
27394 113 33
27395 112 37
27396 15 92
27397 103 63
27398 92 32
27399 102 63
27400 14 92
27401 112 33
27402 15 92
27403 93 32
27404 113 33
27405 92 32
27406 93 32
27407 103 63
27408 92 32
27409 102 63
27410 112 33
27411 113 37
27412 93 32
27413 92 32
27414 93 32
27415 103 63
27416 112 37
27417 113 33
27418 14 92
27419 102 63
27420 112 33
27421 113 37
27422 113 33
27423 103 63
27424 15 92
27425 102 63
27426 92 32
27427 93 32
27428 92 32
27429 112 33
27430 14 92
27431 103 63
27432 112 37
27433 113 33
27434 113 37
27435 15 92
27436 112 33
27437 112 37
27438 113 33
27439 14 92
27440 113 37
27441 15 92
27442 93 32
27443 112 37
27444 112 33
27445 102 63
27446 92 32
27447 103 63
27448 113 37
27449 14 92
27450 113 33
27451 15 92
27452 102 63
27453 103 63
27454 93 32
27455 112 37
27456 112 33
27457 102 63
27458 113 37
27459 92 32
27460 93 32
27461 103 63
27462 102 63
27463 14 92
27464 15 92
27465 92 32
27466 112 37
27467 113 37
27468 14 92
27469 113 33
27470 112 33
27471 93 32
27472 113 33
27473 112 33
27474 112 37
27475 103 63
27476 113 33
27477 15 92
27478 112 33
27479 14 92
27480 113 37
27481 15 92
27482 92 32
27483 112 37
27484 93 32
27485 113 33
27486 113 37
27487 102 63
27488 103 63
27489 92 32
27490 112 33
27491 93 32
27492 14 92
27493 112 37
27494 102 63
27495 15 92
27496 113 33
27497 92 32
27498 93 32
27499 113 37
27500 92 32
27501 103 63
27502 102 63
27503 14 92
27504 112 33
27505 113 33
27506 112 37
27507 113 37
27508 93 32
27509 112 33
27510 92 32
27511 93 32
27512 92 32
27513 93 32
27514 103 63
27515 15 92
27516 112 37
27517 113 37
27518 14 92
27519 113 33
27520 112 37
27521 102 63
27522 112 33
27523 113 37
27524 112 37
27525 113 37
27526 113 33
27527 92 32
27528 15 92
27529 112 33
27530 113 33
27531 103 63
27532 14 92
27533 102 63
27534 93 32
27535 112 33
27536 92 32
27537 93 32
27538 113 33
27539 92 32
27540 15 92
27541 112 37
27542 93 32
27543 112 33
27544 113 33
27545 113 37
27546 14 92
27547 15 92
27548 103 63
27549 102 63
27550 92 32
27551 112 37
27552 93 32
27553 103 63
27554 113 37
27555 112 37
27556 102 63
27557 113 37
27558 112 33
27559 103 63
27560 92 32
27561 102 63
27562 113 33
27563 93 32
27564 103 63
27565 112 33
27566 102 63
27567 113 33
27568 103 63
27569 102 63
27570 103 63
27571 102 63
27572 92 32
27573 103 63
27574 93 32
27575 102 63
27576 14 92
27577 15 92
27578 112 37
27579 112 33
27580 14 92
27581 113 33
27582 15 92
27583 113 37
27584 92 32
27585 14 92
27586 103 63
27587 112 37
27588 15 92
27589 113 37
27590 93 32
27591 112 33
27592 14 92
27593 112 37
27594 102 63
27595 92 32
27596 15 92
27597 14 92
27598 113 37
27599 93 32
27600 92 32
27601 93 32
27602 113 33
27603 15 92
27604 103 63
27605 112 37
27606 92 32
27607 102 63
27608 93 32
27609 103 63
27610 112 33
27611 14 92
27612 92 32
27613 102 63
27614 113 33
27615 93 32
27616 112 33
27617 113 33
27618 113 37
27619 15 92
27620 112 37
27621 14 92
27622 15 92
27623 14 92
27624 92 32
27625 103 63
27626 113 37
27627 15 92
27628 14 92
27629 15 92
27630 112 37
27631 102 63
27632 14 92
27633 113 37
27634 93 32
27635 92 32
27636 103 63
27637 112 33
27638 112 37
27639 102 63
27640 113 37
27641 112 37
27642 113 33
27643 93 32
27644 103 63
27645 15 92
27646 102 63
27647 113 37
27648 92 32
27649 112 33
27650 103 63
27651 102 63
27652 113 33
27653 103 63
27654 112 37
27655 14 92
27656 113 37
27657 112 33
27658 93 32
27659 112 37
27660 113 37
27661 102 63
27662 92 32
27663 113 33
27664 112 37
27665 113 37
27666 112 37
27667 15 92
27668 112 33
27669 93 32
27670 113 33
27671 112 33
27672 113 37
27673 113 33
27674 112 33
27675 92 32
27676 112 37
27677 103 63
27678 93 32
27679 14 92
27680 102 63
27681 103 63
27682 113 33
27683 15 92
27684 14 92
27685 15 92
27686 92 32
27687 14 92
27688 93 32
27689 112 33
27690 15 92
27691 113 37
27692 112 37
27693 102 63
27694 113 33
27695 14 92
27696 113 37
27697 103 63
27698 102 63
27699 92 32
27700 93 32
27701 103 63
27702 112 37
27703 112 33
27704 15 92
27705 14 92
27706 15 92
27707 14 92
27708 113 37
27709 113 33
27710 112 33
27711 15 92
27712 112 37
27713 113 37
27714 14 92
27715 15 92
27716 14 92
27717 113 33
27718 102 63
27719 103 63
27720 112 37
27721 113 37
27722 92 32
27723 102 63
27724 112 33
27725 15 92
27726 113 33
27727 93 32
27728 112 33
27729 103 63
27730 113 33
27731 112 33
27732 112 37
27733 92 32
27734 113 33
27735 113 37
27736 112 33
27737 14 92
27738 113 33
27739 102 63
27740 15 92
27741 93 32
27742 14 92
27743 92 32
27744 112 33
27745 93 32
27746 112 37
27747 103 63
27748 92 32
27749 15 92
27750 113 33
27751 113 37
27752 102 63
27753 14 92
27754 93 32
27755 92 32
27756 93 32
27757 103 63
27758 15 92
27759 112 37
27760 112 33
27761 92 32
27762 113 33
27763 112 33
27764 93 32
27765 102 63
27766 103 63
27767 14 92
27768 113 37
27769 113 33
27770 112 33
27771 112 37
27772 15 92
27773 113 33
27774 92 32
27775 93 32
27776 14 92
27777 15 92
27778 14 92
27779 102 63
27780 92 32
27781 15 92
27782 14 92
27783 112 33
27784 103 63
27785 15 92
27786 102 63
27787 14 92
27788 15 92
27789 113 33
27790 113 37
27791 103 63
27792 112 33
27793 14 92
27794 102 63
27795 113 33
27796 112 37
27797 103 63
27798 102 63
27799 15 92
27800 93 32
27801 112 33
27802 113 37
27803 113 33
27804 112 33
27805 113 33
27806 14 92
27807 15 92
27808 103 63
27809 14 92
27810 112 37
27811 102 63
27812 112 33
27813 15 92
27814 113 33
27815 14 92
27816 15 92
27817 92 32
27818 14 92
27819 112 33
27820 113 33
27821 93 32
27822 113 37
27823 15 92
27824 14 92
27825 112 33
27826 103 63
27827 112 37
27828 15 92
27829 113 33
27830 113 37
27831 102 63
27832 112 37
27833 14 92
27834 103 63
27835 112 33
27836 102 63
27837 92 32
27838 103 63
27839 113 37
27840 102 63
27841 103 63
27842 102 63
27843 112 37
27844 103 63
27845 15 92
27846 113 37
27847 112 37
27848 14 92
27849 93 32
27850 113 37
27851 15 92
27852 92 32
27853 102 63
27854 113 33
27855 14 92
27856 112 33
27857 15 92
27858 14 92
27859 15 92
27860 103 63
27861 93 32
27862 113 33
27863 92 32
27864 93 32
27865 102 63
27866 112 33
27867 92 32
27868 93 32
27869 14 92
27870 112 37
27871 92 32
27872 93 32
27873 15 92
27874 103 63
27875 113 33
27876 113 37
27877 102 63
27878 14 92
27879 112 37
27880 112 33
27881 15 92
27882 113 33
27883 103 63
27884 112 33
27885 14 92
27886 92 32
27887 113 37
27888 15 92
27889 14 92
27890 15 92
27891 113 33
27892 93 32
27893 14 92
27894 102 63
27895 112 37
27896 103 63
27897 113 37
27898 92 32
27899 102 63
27900 112 33
27901 103 63
27902 15 92
27903 14 92
27904 102 63
27905 93 32
27906 112 37
27907 113 37
27908 112 37
27909 113 33
27910 92 32
27911 15 92
27912 93 32
27913 113 37
27914 112 33
27915 92 32
27916 113 33
27917 14 92
27918 112 33
27919 15 92
27920 14 92
27921 103 63
27922 15 92
27923 93 32
27924 112 37
27925 113 37
27926 112 37
27927 92 32
27928 14 92
27929 102 63
27930 113 37
27931 113 33
27932 93 32
27933 112 37
27934 92 32
27935 113 37
27936 15 92
27937 103 63
27938 93 32
27939 102 63
27940 103 63
27941 112 33
27942 14 92
27943 112 37
27944 113 37
27945 15 92
27946 112 37
27947 14 92
27948 15 92
27949 113 37
27950 92 32
27951 14 92
27952 15 92
27953 113 33
27954 112 33
27955 102 63
27956 113 33
27957 93 32
27958 103 63
27959 102 63
27960 112 33
27961 14 92
27962 15 92
27963 103 63
27964 14 92
27965 113 33
27966 92 32
27967 93 32
27968 112 37
27969 112 33
27970 15 92
27971 14 92
27972 113 33
27973 92 32
27974 112 33
27975 113 37
27976 102 63
27977 103 63
27978 102 63
27979 113 33
27980 15 92
27981 112 33
27982 103 63
27983 14 92
27984 112 37
27985 113 37
27986 93 32
27987 92 32
27988 15 92
27989 113 33
27990 112 37
27991 102 63
27992 103 63
27993 93 32
27994 112 33
27995 113 33
27996 102 63
27997 112 33
27998 113 37
27999 112 37
28000 92 32
28001 103 63
28002 113 33
28003 113 37
28004 93 32
28005 14 92
28006 112 33
28007 15 92
28008 14 92
28009 102 63
28010 92 32
28011 93 32
28012 92 32
28013 112 37
28014 103 63
28015 102 63
28016 113 33
28017 103 63
28018 102 63
28019 93 32
28020 113 37
28021 103 63
28022 15 92
28023 112 33
28024 102 63
28025 103 63
28026 112 37
28027 113 33
28028 113 37
28029 112 33
28030 102 63
28031 103 63
28032 113 33
28033 112 33
28034 113 33
28035 14 92
28036 112 33
28037 15 92
28038 112 37
28039 113 33
28040 102 63
28041 113 37
28042 103 63
28043 92 32
28044 93 32
28045 102 63
28046 14 92
28047 112 37
28048 15 92
28049 112 33
28050 113 33
28051 113 37
28052 92 32
28053 93 32
28054 112 33
28055 103 63
28056 113 33
28057 112 33
28058 112 37
28059 92 32
28060 113 33
28061 112 33
28062 113 33
28063 113 37
28064 93 32
28065 14 92
28066 112 33
28067 92 32
28068 113 33
28069 112 33
28070 112 37
28071 113 33
28072 112 33
28073 113 33
28074 113 37
28075 15 92
28076 102 63
28077 112 37
28078 112 33
28079 113 37
28080 112 37
28081 14 92
28082 15 92
28083 113 37
28084 112 37
28085 103 63
28086 93 32
28087 102 63
28088 14 92
28089 113 37
28090 112 37
28091 113 37
28092 112 37
28093 15 92
28094 113 37
28095 112 37
28096 92 32
28097 113 33
28098 93 32
28099 14 92
28100 113 37
28101 103 63
28102 92 32
28103 112 37
28104 102 63
28105 112 33
28106 103 63
28107 102 63
28108 113 37
28109 113 33
28110 15 92
28111 103 63
28112 112 37
28113 93 32
28114 113 37
28115 14 92
28116 102 63
28117 112 37
28118 112 33
28119 15 92
28120 92 32
28121 113 37
28122 14 92
28123 103 63
28124 113 33
28125 93 32
28126 15 92
28127 102 63
28128 92 32
28129 112 33
28130 14 92
28131 112 37
28132 103 63
28133 113 37
28134 113 33
28135 93 32
28136 112 37
28137 15 92
28138 113 37
28139 112 33
28140 102 63
28141 113 33
28142 14 92
28143 103 63
28144 92 32
28145 93 32
28146 112 37
28147 112 33
28148 102 63
28149 113 37
28150 112 37
28151 15 92
28152 113 37
28153 113 33
28154 92 32
28155 112 37
28156 103 63
28157 93 32
28158 113 37
28159 112 33
28160 112 37
28161 113 37
28162 112 37
28163 14 92
28164 92 32
28165 102 63
28166 103 63
28167 113 33
28168 112 33
28169 113 37
28170 93 32
28171 113 33
28172 102 63
28173 92 32
28174 103 63
28175 93 32
28176 112 37
28177 15 92
28178 102 63
28179 92 32
28180 93 32
28181 112 33
28182 113 33
28183 14 92
28184 92 32
28185 15 92
28186 14 92
28187 103 63
28188 112 33
28189 102 63
28190 15 92
28191 113 37
28192 113 33
28193 112 37
28194 14 92
28195 93 32
28196 113 37
28197 112 37
28198 113 37
28199 92 32
28200 112 37
28201 103 63
28202 113 37
28203 93 32
28204 112 33
28205 92 32
28206 102 63
28207 112 37
28208 113 33
28209 103 63
28210 102 63
28211 15 92
28212 93 32
28213 113 37
28214 14 92
28215 112 33
28216 92 32
28217 112 37
28218 113 33
28219 103 63
28220 15 92
28221 112 33
28222 113 33
28223 112 33
28224 102 63
28225 14 92
28226 15 92
28227 93 32
28228 14 92
28229 15 92
28230 113 33
28231 14 92
28232 113 37
28233 15 92
28234 112 37
28235 92 32
28236 14 92
28237 15 92
28238 113 37
28239 103 63
28240 112 37
28241 102 63
28242 93 32
28243 113 37
28244 14 92
28245 112 33
28246 15 92
28247 112 37
28248 14 92
28249 113 37
28250 15 92
28251 14 92
28252 15 92
28253 103 63
28254 92 32
28255 14 92
28256 15 92
28257 93 32
28258 113 33
28259 102 63
28260 14 92
28261 103 63
28262 15 92
28263 102 63
28264 14 92
28265 112 33
28266 113 33
28267 112 37
28268 15 92
28269 113 37
28270 112 37
28271 113 37
28272 92 32
28273 112 33
28274 93 32
28275 112 37
28276 113 33
28277 112 33
28278 92 32
28279 103 63
28280 113 33
28281 113 37
28282 102 63
28283 112 37
28284 113 37
28285 112 33
28286 112 37
28287 113 33
28288 112 33
28289 113 33
28290 113 37
28291 112 33
28292 113 33
28293 112 37
28294 93 32
28295 113 37
28296 112 37
28297 14 92
28298 15 92
28299 92 32
28300 113 37
28301 112 37
28302 103 63
28303 112 33
28304 93 32
28305 102 63
28306 92 32
28307 113 33
28308 93 32
28309 113 37
28310 14 92
28311 112 37
28312 92 32
28313 93 32
28314 112 33
28315 113 37
28316 103 63
28317 113 33
28318 112 37
28319 112 33
28320 15 92
28321 14 92
28322 102 63
28323 92 32
28324 113 33
28325 93 32
28326 112 33
28327 103 63
28328 92 32
28329 113 37
28330 112 37
28331 93 32
28332 15 92
28333 92 32
28334 93 32
28335 92 32
28336 93 32
28337 113 33
28338 112 33
28339 102 63
28340 14 92
28341 15 92
28342 103 63
28343 14 92
28344 92 32
28345 15 92
28346 93 32
28347 113 33
28348 102 63
28349 113 37
28350 112 37
28351 92 32
28352 14 92
28353 113 37
28354 112 37
28355 112 33
28356 113 37
28357 93 32
28358 113 33
28359 92 32
28360 112 37
28361 112 33
28362 93 32
28363 113 37
28364 112 37
28365 103 63
28366 102 63
28367 15 92
28368 14 92
28369 15 92
28370 113 33
28371 14 92
28372 15 92
28373 14 92
28374 103 63
28375 102 63
28376 113 37
28377 112 37
28378 15 92
28379 92 32
28380 112 33
28381 113 37
28382 103 63
28383 14 92
28384 102 63
28385 15 92
28386 93 32
28387 112 37
28388 14 92
28389 113 37
28390 15 92
28391 103 63
28392 92 32
28393 112 37
28394 113 37
28395 102 63
28396 112 37
28397 93 32
28398 113 37
28399 92 32
28400 14 92
28401 103 63
28402 112 37
28403 113 33
28404 15 92
28405 102 63
28406 93 32
28407 103 63
28408 112 33
28409 92 32
28410 102 63
28411 113 33
28412 112 33
28413 14 92
28414 113 37
28415 103 63
28416 112 37
28417 15 92
28418 113 33
28419 14 92
28420 113 37
28421 93 32
28422 112 37
28423 112 33
28424 15 92
28425 102 63
28426 92 32
28427 113 33
28428 112 33
28429 103 63
28430 93 32
28431 14 92
28432 113 37
28433 113 33
28434 15 92
28435 112 33
28436 113 33
28437 112 37
28438 14 92
28439 112 33
28440 102 63
28441 92 32
28442 113 37
28443 112 37
28444 93 32
28445 113 37
28446 103 63
28447 112 37
28448 102 63
28449 113 37
28450 112 37
28451 103 63
28452 15 92
28453 113 37
28454 113 33
28455 14 92
28456 112 37
28457 102 63
28458 92 32
28459 113 37
28460 112 37
28461 113 37
28462 103 63
28463 112 37
28464 93 32
28465 112 33
28466 92 32
28467 113 37
28468 113 33
28469 112 37
28470 112 33
28471 113 37
28472 15 92
28473 14 92
28474 102 63
28475 15 92
28476 103 63
28477 112 37
28478 113 33
28479 102 63
28480 14 92
28481 93 32
28482 92 32
28483 112 33
28484 113 37
28485 112 37
28486 113 33
28487 112 33
28488 15 92
28489 103 63
28490 113 33
28491 14 92
28492 113 37
28493 93 32
28494 15 92
28495 92 32
28496 93 32
28497 112 33
28498 14 92
28499 112 37
28500 113 37
28501 92 32
28502 112 37
28503 113 33
28504 15 92
28505 93 32
28506 14 92
28507 102 63
28508 15 92
28509 14 92
28510 15 92
28511 14 92
28512 112 33
28513 113 33
28514 15 92
28515 14 92
28516 103 63
28517 92 32
28518 113 37
28519 112 37
28520 102 63
28521 103 63
28522 112 33
28523 15 92
28524 113 37
28525 112 37
28526 102 63
28527 93 32
28528 92 32
28529 103 63
28530 14 92
28531 93 32
28532 102 63
28533 113 37
28534 113 33
28535 112 33
28536 15 92
28537 113 33
28538 103 63
28539 102 63
28540 14 92
28541 103 63
28542 102 63
28543 112 37
28544 113 37
28545 92 32
28546 112 33
28547 15 92
28548 93 32
28549 112 37
28550 103 63
28551 113 37
28552 92 32
28553 112 37
28554 14 92
28555 15 92
28556 102 63
28557 113 37
28558 112 37
28559 93 32
28560 103 63
28561 14 92
28562 113 37
28563 102 63
28564 113 33
28565 92 32
28566 112 37
28567 113 37
28568 112 37
28569 93 32
28570 103 63
28571 112 33
28572 92 32
28573 93 32
28574 15 92
28575 14 92
28576 113 37
28577 15 92
28578 14 92
28579 92 32
28580 112 37
28581 113 37
28582 113 33
28583 112 33
28584 113 33
28585 102 63
28586 112 37
28587 15 92
28588 103 63
28589 102 63
28590 103 63
28591 93 32
28592 113 37
28593 112 37
28594 112 33
28595 113 33
28596 14 92
28597 113 37
28598 15 92
28599 92 32
28600 112 33
28601 113 33
28602 93 32
28603 112 33
28604 113 33
28605 92 32
28606 112 37
28607 102 63
28608 113 37
28609 103 63
28610 14 92
28611 102 63
28612 112 37
28613 93 32
28614 112 33
28615 15 92
28616 92 32
28617 93 32
28618 92 32
28619 103 63
28620 93 32
28621 14 92
28622 113 37
28623 92 32
28624 113 33
28625 15 92
28626 93 32
28627 112 37
28628 102 63
28629 103 63
28630 113 37
28631 112 33
28632 92 32
28633 93 32
28634 112 37
28635 92 32
28636 14 92
28637 15 92
28638 93 32
28639 113 33
28640 102 63
28641 103 63
28642 113 37
28643 112 33
28644 112 37
28645 92 32
28646 14 92
28647 102 63
28648 93 32
28649 113 37
28650 112 37
28651 113 37
28652 15 92
28653 103 63
28654 113 33
28655 102 63
28656 112 37
28657 103 63
28658 14 92
28659 112 33
28660 15 92
28661 113 33
28662 14 92
28663 102 63
28664 92 32
28665 93 32
28666 92 32
28667 113 37
28668 93 32
28669 112 33
28670 112 37
28671 92 32
28672 93 32
28673 15 92
28674 92 32
28675 93 32
28676 113 37
28677 113 33
28678 112 33
28679 14 92
28680 113 33
28681 103 63
28682 112 37
28683 113 37
28684 92 32
28685 102 63
28686 93 32
28687 92 32
28688 93 32
28689 112 37
28690 112 33
28691 103 63
28692 15 92
28693 14 92
28694 102 63
28695 92 32
28696 113 33
28697 112 33
28698 103 63
28699 113 37
28700 15 92
28701 14 92
28702 102 63
28703 93 32
28704 103 63
28705 112 37
28706 113 33
28707 15 92
28708 102 63
28709 103 63
28710 102 63
28711 112 33
28712 92 32
28713 103 63
28714 14 92
28715 93 32
28716 113 33
28717 15 92
28718 113 37
28719 102 63
28720 112 37
28721 14 92
28722 112 33
28723 113 33
28724 92 32
28725 112 33
28726 103 63
28727 102 63
28728 113 37
28729 112 37
28730 103 63
28731 15 92
28732 93 32
28733 113 33
28734 113 37
28735 92 32
28736 93 32
28737 92 32
28738 14 92
28739 112 37
28740 102 63
28741 93 32
28742 113 37
28743 15 92
28744 92 32
28745 14 92
28746 103 63
28747 93 32
28748 112 37
28749 112 33
28750 102 63
28751 92 32
28752 103 63
28753 102 63
28754 103 63
28755 113 33
28756 15 92
28757 14 92
28758 15 92
28759 93 32
28760 14 92
28761 15 92
28762 113 37
28763 102 63
28764 14 92
28765 103 63
28766 92 32
28767 102 63
28768 93 32
28769 112 33
28770 113 33
28771 112 37
28772 15 92
28773 92 32
28774 112 33
28775 93 32
28776 92 32
28777 93 32
28778 113 33
28779 14 92
28780 113 37
28781 112 37
28782 112 33
28783 15 92
28784 103 63
28785 113 37
28786 14 92
28787 92 32
28788 112 37
28789 93 32
28790 92 32
28791 15 92
28792 93 32
28793 14 92
28794 15 92
28795 102 63
28796 113 37
28797 113 33
28798 112 37
28799 103 63
28800 102 63
28801 103 63
28802 113 37
28803 92 32
28804 112 33
28805 93 32
28806 102 63
28807 92 32
28808 103 63
28809 112 37
28810 93 32
28811 113 33
28812 14 92
28813 92 32
28814 112 33
28815 93 32
28816 15 92
28817 92 32
28818 113 33
28819 14 92
28820 113 37
28821 93 32
28822 102 63
28823 103 63
28824 92 32
28825 93 32
28826 112 37
28827 102 63
28828 92 32
28829 93 32
28830 92 32
28831 113 37
28832 15 92
28833 14 92
28834 103 63
28835 15 92
28836 112 37
28837 14 92
28838 113 37
28839 112 37
28840 15 92
28841 14 92
28842 113 37
28843 93 32
28844 15 92
28845 102 63
28846 112 37
28847 112 33
28848 92 32
28849 14 92
28850 113 33
28851 103 63
28852 102 63
28853 113 37
28854 93 32
28855 103 63
28856 112 33
28857 92 32
28858 102 63
28859 113 33
28860 93 32
28861 103 63
28862 92 32
28863 112 37
28864 102 63
28865 112 33
28866 113 37
28867 93 32
28868 112 37
28869 113 37
28870 112 37
28871 92 32
28872 93 32
28873 113 33
28874 103 63
28875 112 33
28876 92 32
28877 15 92
28878 113 37
28879 102 63
28880 112 37
28881 113 37
28882 112 37
28883 93 32
28884 14 92
28885 113 37
28886 15 92
28887 112 37
28888 103 63
28889 102 63
28890 92 32
28891 93 32
28892 103 63
28893 113 33
28894 92 32
28895 113 37
28896 112 37
28897 102 63
28898 14 92
28899 15 92
28900 93 32
28901 103 63
28902 14 92
28903 92 32
28904 112 33
28905 113 33
28906 102 63
28907 15 92
28908 93 32
28909 14 92
28910 103 63
28911 15 92
28912 92 32
28913 113 37
28914 14 92
28915 112 33
28916 112 37
28917 102 63
28918 103 63
28919 93 32
28920 15 92
28921 92 32
28922 93 32
28923 113 33
28924 112 33
28925 102 63
28926 14 92
28927 113 37
28928 103 63
28929 112 37
28930 113 37
28931 113 33
28932 112 37
28933 92 32
28934 113 37
28935 112 37
28936 15 92
28937 112 33
28938 93 32
28939 102 63
28940 113 33
28941 92 32
28942 14 92
28943 112 33
28944 113 37
28945 15 92
28946 112 37
28947 14 92
28948 15 92
28949 14 92
28950 113 33
28951 113 37
28952 93 32
28953 15 92
28954 112 33
28955 112 37
28956 92 32
28957 113 33
28958 113 37
28959 112 33
28960 93 32
28961 103 63
28962 92 32
28963 14 92
28964 15 92
28965 113 33
28966 112 33
28967 112 37
28968 14 92
28969 15 92
28970 93 32
28971 113 33
28972 14 92
28973 15 92
28974 14 92
28975 113 37
28976 92 32
28977 102 63
28978 103 63
28979 93 32
28980 92 32
28981 102 63
28982 15 92
28983 93 32
28984 112 33
28985 112 37
28986 113 33
28987 92 32
28988 113 37
28989 93 32
28990 112 37
28991 103 63
28992 92 32
28993 93 32
28994 102 63
28995 103 63
28996 112 33
28997 113 37
28998 92 32
28999 14 92
29000 93 32
29001 113 33
29002 112 37
29003 112 33
29004 15 92
29005 14 92
29006 113 37
29007 92 32
29008 93 32
29009 112 37
29010 102 63
29011 15 92
29012 113 33
29013 112 33
29014 103 63
29015 102 63
29016 92 32
29017 113 33
29018 103 63
29019 93 32
29020 112 33
29021 14 92
29022 92 32
29023 15 92
29024 14 92
29025 102 63
29026 15 92
29027 113 33
29028 14 92
29029 15 92
29030 112 33
29031 14 92
29032 103 63
29033 93 32
29034 92 32
29035 93 32
29036 113 37
29037 92 32
29038 102 63
29039 93 32
29040 103 63
29041 112 37
29042 113 37
29043 92 32
29044 113 33
29045 102 63
29046 93 32
29047 103 63
29048 102 63
29049 103 63
29050 92 32
29051 15 92
29052 102 63
29053 112 37
29054 93 32
29055 112 33
29056 14 92
29057 92 32
29058 103 63
29059 15 92
29060 14 92
29061 113 37
29062 113 33
29063 93 32
29064 15 92
29065 92 32
29066 112 33
29067 93 32
29068 112 37
29069 92 32
29070 102 63
29071 93 32
29072 113 37
29073 103 63
29074 102 63
29075 112 37
29076 103 63
29077 113 33
29078 112 33
29079 102 63
29080 113 33
29081 14 92
29082 92 32
29083 103 63
29084 15 92
29085 14 92
29086 102 63
29087 113 37
29088 93 32
29089 112 37
29090 112 33
29091 103 63
29092 113 37
29093 112 37
29094 113 33
29095 92 32
29096 102 63
29097 103 63
29098 112 33
29099 93 32
29100 15 92
29101 92 32
29102 14 92
29103 102 63
29104 15 92
29105 113 33
29106 113 37
29107 14 92
29108 15 92
29109 112 33
29110 112 37
29111 103 63
29112 113 33
29113 113 37
29114 102 63
29115 112 37
29116 14 92
29117 103 63
29118 112 33
29119 15 92
29120 102 63
29121 103 63
29122 93 32
29123 113 33
29124 92 32
29125 112 33
29126 113 33
29127 113 37
29128 102 63
29129 112 33
29130 103 63
29131 93 32
29132 102 63
29133 112 37
29134 92 32
29135 113 33
29136 103 63
29137 112 33
29138 102 63
29139 113 33
29140 113 37
29141 93 32
29142 112 37
29143 92 32
29144 103 63
29145 93 32
29146 102 63
29147 113 37
29148 14 92
29149 103 63
29150 102 63
29151 112 37
29152 103 63
29153 15 92
29154 92 32
29155 113 37
29156 93 32
29157 102 63
29158 14 92
29159 103 63
29160 112 37
29161 102 63
29162 112 33
29163 15 92
29164 92 32
29165 93 32
29166 113 37
29167 112 37
29168 103 63
29169 92 32
29170 113 37
29171 93 32
29172 102 63
29173 113 33
29174 14 92
29175 103 63
29176 112 37
29177 112 33
29178 113 37
29179 102 63
29180 112 37
29181 92 32
29182 15 92
29183 113 37
29184 103 63
29185 14 92
29186 113 33
29187 102 63
29188 15 92
29189 93 32
29190 92 32
29191 93 32
29192 14 92
29193 112 37
29194 113 37
29195 92 32
29196 15 92
29197 112 33
29198 113 33
29199 93 32
29200 92 32
29201 112 37
29202 103 63
29203 102 63
29204 93 32
29205 112 33
29206 113 33
29207 112 33
29208 113 33
29209 113 37
29210 92 32
29211 112 33
29212 112 37
29213 93 32
29214 103 63
29215 102 63
29216 113 37
29217 103 63
29218 14 92
29219 102 63
29220 113 33
29221 103 63
29222 112 37
29223 112 33
29224 92 32
29225 93 32
29226 113 37
29227 15 92
29228 112 37
29229 113 37
29230 112 37
29231 14 92
29232 113 37
29233 112 37
29234 15 92
29235 92 32
29236 113 33
29237 102 63
29238 112 33
29239 113 37
29240 14 92
29241 15 92
29242 113 33
29243 93 32
29244 112 37
29245 92 32
29246 113 37
29247 103 63
29248 112 37
29249 102 63
29250 93 32
29251 103 63
29252 113 37
29253 92 32
29254 14 92
29255 112 33
29256 112 37
29257 113 33
29258 102 63
29259 113 37
29260 15 92
29261 112 33
29262 103 63
29263 112 37
29264 102 63
29265 113 37
29266 14 92
29267 15 92
29268 103 63
29269 113 33
29270 93 32
29271 14 92
29272 92 32
29273 15 92
29274 102 63
29275 112 37
29276 112 33
29277 113 37
29278 93 32
29279 14 92
29280 113 33
29281 103 63
29282 102 63
29283 92 32
29284 93 32
29285 112 33
29286 113 33
29287 15 92
29288 112 37
29289 103 63
29290 112 33
29291 102 63
29292 103 63
29293 14 92
29294 113 37
29295 15 92
29296 102 63
29297 113 33
29298 14 92
29299 103 63
29300 112 33
29301 92 32
29302 113 33
29303 102 63
29304 103 63
29305 112 33
29306 15 92
29307 93 32
29308 112 37
29309 92 32
29310 93 32
29311 102 63
29312 14 92
29313 103 63
29314 113 33
29315 113 37
29316 92 32
29317 112 33
29318 113 33
29319 15 92
29320 14 92
29321 15 92
29322 102 63
29323 112 33
29324 113 33
29325 103 63
29326 14 92
29327 15 92
29328 112 33
29329 113 33
29330 112 37
29331 112 33
29332 113 33
29333 112 33
29334 102 63
29335 113 33
29336 103 63
29337 93 32
29338 14 92
29339 15 92
29340 92 32
29341 102 63
29342 113 37
29343 103 63
29344 14 92
29345 112 33
29346 113 33
29347 93 32
29348 112 37
29349 112 33
29350 15 92
29351 113 37
29352 113 33
29353 14 92
29354 112 33
29355 15 92
29356 102 63
29357 14 92
29358 103 63
29359 112 37
29360 113 37
29361 113 33
29362 102 63
29363 112 33
29364 112 37
29365 15 92
29366 113 37
29367 112 37
29368 92 32
29369 113 37
29370 112 37
29371 14 92
29372 15 92
29373 113 37
29374 103 63
29375 14 92
29376 102 63
29377 112 37
29378 93 32
29379 103 63
29380 15 92
29381 113 37
29382 92 32
29383 102 63
29384 14 92
29385 103 63
29386 112 37
29387 113 33
29388 15 92
29389 93 32
29390 92 32
29391 112 33
29392 102 63
29393 14 92
29394 15 92
29395 14 92
29396 113 37
29397 15 92
29398 103 63
29399 93 32
29400 112 37
29401 113 37
29402 112 37
29403 92 32
29404 113 37
29405 113 33
29406 93 32
29407 92 32
29408 112 37
29409 113 37
29410 112 37
29411 112 33
29412 14 92
29413 102 63
29414 15 92
29415 113 33
29416 14 92
29417 15 92
29418 113 37
29419 93 32
29420 112 37
29421 14 92
29422 92 32
29423 15 92
29424 103 63
29425 14 92
29426 93 32
29427 112 33
29428 92 32
29429 93 32
29430 113 37
29431 112 37
29432 102 63
29433 15 92
29434 103 63
29435 92 32
29436 93 32
29437 113 37
29438 102 63
29439 14 92
29440 113 33
29441 112 33
29442 112 37
29443 103 63
29444 113 37
29445 15 92
29446 14 92
29447 112 37
29448 113 37
29449 102 63
29450 103 63
29451 112 37
29452 15 92
29453 14 92
29454 15 92
29455 92 32
29456 14 92
29457 102 63
29458 113 33
29459 15 92
29460 93 32
29461 112 33
29462 92 32
29463 14 92
29464 113 37
29465 113 33
29466 103 63
29467 112 33
29468 102 63
29469 113 33
29470 103 63
29471 93 32
29472 102 63
29473 112 37
29474 113 37
29475 15 92
29476 112 33
29477 92 32
29478 113 33
29479 103 63
29480 14 92
29481 102 63
29482 93 32
29483 92 32
29484 112 37
29485 103 63
29486 102 63
29487 93 32
29488 103 63
29489 112 33
29490 113 37
29491 92 32
29492 102 63
29493 15 92
29494 14 92
29495 113 33
29496 103 63
29497 112 37
29498 112 33
29499 113 37
29500 112 37
29501 93 32
29502 102 63
29503 15 92
29504 14 92
29505 103 63
29506 113 37
29507 102 63
29508 112 37
29509 15 92
29510 14 92
29511 113 37
29512 112 37
29513 103 63
29514 92 32
29515 15 92
29516 14 92
29517 102 63
29518 93 32
29519 103 63
29520 92 32
29521 113 37
29522 113 33
29523 112 33
29524 113 33
29525 112 33
29526 93 32
29527 113 33
29528 112 37
29529 92 32
29530 102 63
29531 112 33
29532 113 37
29533 112 37
29534 15 92
29535 113 33
29536 113 37
29537 112 33
29538 103 63
29539 14 92
29540 112 37
29541 102 63
29542 113 33
29543 93 32
29544 103 63
29545 102 63
29546 103 63
29547 102 63
29548 15 92
29549 92 32
29550 113 37
29551 93 32
29552 103 63
29553 102 63
29554 92 32
29555 112 37
29556 14 92
29557 103 63
29558 93 32
29559 113 37
29560 112 37
29561 92 32
29562 15 92
29563 14 92
29564 113 37
29565 93 32
29566 15 92
29567 92 32
29568 102 63
29569 112 37
29570 103 63
29571 102 63
29572 14 92
29573 93 32
29574 92 32
29575 113 37
29576 93 32
29577 103 63
29578 92 32
29579 93 32
29580 15 92
29581 112 37
29582 14 92
29583 102 63
29584 112 33
29585 15 92
29586 113 33
29587 92 32
29588 93 32
29589 92 32
29590 14 92
29591 112 33
29592 15 92
29593 113 37
29594 103 63
29595 113 33
29596 93 32
29597 112 33
29598 113 33
29599 112 33
29600 102 63
29601 113 33
29602 14 92
29603 92 32
29604 93 32
29605 112 37
29606 112 33
29607 113 33
29608 92 32
29609 93 32
29610 113 37
29611 92 32
29612 15 92
29613 112 33
29614 112 37
29615 113 37
29616 93 32
29617 112 37
29618 14 92
29619 92 32
29620 113 37
29621 112 37
29622 15 92
29623 103 63
29624 113 33
29625 93 32
29626 92 32
29627 102 63
29628 103 63
29629 113 37
29630 102 63
29631 112 37
29632 103 63
29633 102 63
29634 112 33
29635 113 33
29636 14 92
29637 15 92
29638 93 32
29639 112 33
29640 113 33
29641 103 63
29642 112 33
29643 14 92
29644 113 37
29645 92 32
29646 93 32
29647 113 33
29648 112 33
29649 102 63
29650 103 63
29651 112 37
29652 92 32
29653 15 92
29654 14 92
29655 102 63
29656 15 92
29657 93 32
29658 113 37
29659 103 63
29660 113 33
29661 92 32
29662 112 33
29663 102 63
29664 14 92
29665 113 33
29666 112 33
29667 112 37
29668 113 33
29669 15 92
29670 103 63
29671 14 92
29672 113 37
29673 93 32
29674 92 32
29675 112 33
29676 112 37
29677 15 92
29678 102 63
29679 93 32
29680 113 37
29681 113 33
29682 92 32
29683 93 32
29684 92 32
29685 103 63
29686 93 32
29687 112 37
29688 92 32
29689 102 63
29690 14 92
29691 93 32
29692 103 63
29693 15 92
29694 113 37
29695 112 33
29696 113 33
29697 112 37
29698 92 32
29699 102 63
29700 93 32
29701 113 37
29702 14 92
29703 15 92
29704 103 63
29705 102 63
29706 103 63
29707 112 33
29708 102 63
29709 92 32
29710 93 32
29711 92 32
29712 14 92
29713 113 33
29714 93 32
29715 112 37
29716 112 33
29717 103 63
29718 113 37
29719 15 92
29720 14 92
29721 102 63
29722 103 63
29723 112 37
29724 15 92
29725 14 92
29726 15 92
29727 113 37
29728 92 32
29729 93 32
29730 102 63
29731 113 33
29732 14 92
29733 92 32
29734 112 33
29735 112 37
29736 93 32
29737 15 92
29738 103 63
29739 113 33
29740 102 63
29741 103 63
29742 14 92
29743 102 63
29744 103 63
29745 102 63
29746 113 37
29747 92 32
29748 15 92
29749 103 63
29750 112 33
29751 113 33
29752 112 37
29753 14 92
29754 15 92
29755 102 63
29756 93 32
29757 103 63
29758 102 63
29759 113 37
29760 92 32
29761 112 33
29762 14 92
29763 112 37
29764 15 92
29765 93 32
29766 103 63
29767 113 33
29768 113 37
29769 14 92
29770 112 33
29771 92 32
29772 102 63
29773 103 63
29774 112 37
29775 93 32
29776 92 32
29777 113 33
29778 93 32
29779 92 32
29780 15 92
29781 102 63
29782 113 37
29783 103 63
29784 112 33
29785 14 92
29786 113 33
29787 102 63
29788 112 33
29789 15 92
29790 93 32
29791 112 37
29792 103 63
29793 113 37
29794 92 32
29795 14 92
29796 102 63
29797 93 32
29798 103 63
29799 15 92
29800 14 92
29801 112 37
29802 102 63
29803 15 92
29804 14 92
29805 92 32
29806 103 63
29807 15 92
29808 113 33
29809 93 32
29810 102 63
29811 112 33
29812 92 32
29813 113 33
29814 14 92
29815 93 32
29816 103 63
29817 113 37
29818 92 32
29819 93 32
29820 92 32
29821 93 32
29822 92 32
29823 102 63
29824 112 33
29825 103 63
29826 15 92
29827 102 63
29828 103 63
29829 113 33
29830 93 32
29831 14 92
29832 102 63
29833 92 32
29834 112 37
29835 15 92
29836 93 32
29837 92 32
29838 113 37
29839 93 32
29840 92 32
29841 112 37
29842 112 33
29843 103 63
29844 14 92
29845 15 92
29846 102 63
29847 93 32
29848 14 92
29849 92 32
29850 103 63
29851 102 63
29852 103 63
29853 113 37
29854 15 92
29855 113 33
29856 14 92
29857 112 33
29858 112 37
29859 113 33
29860 15 92
29861 113 37
29862 102 63
29863 112 37
29864 113 37
29865 112 33
29866 103 63
29867 102 63
29868 93 32
29869 103 63
29870 112 37
29871 113 37
29872 112 37
29873 102 63
29874 103 63
29875 14 92
29876 113 33
29877 102 63
29878 103 63
29879 15 92
29880 112 33
29881 113 37
29882 102 63
29883 14 92
29884 15 92
29885 103 63
29886 113 33
29887 14 92
29888 112 37
29889 113 37
29890 15 92
29891 14 92
29892 112 33
29893 113 33
29894 112 33
29895 92 32
29896 113 33
29897 15 92
29898 102 63
29899 112 37
29900 113 37
29901 103 63
29902 14 92
29903 112 33
29904 102 63
29905 103 63
29906 112 37
29907 15 92
29908 113 37
29909 93 32
29910 92 32
29911 102 63
29912 112 37
29913 113 37
29914 14 92
29915 103 63
29916 93 32
29917 113 33
29918 102 63
29919 112 33
29920 103 63
29921 102 63
29922 103 63
29923 113 33
29924 15 92
29925 14 92
29926 112 33
29927 102 63
29928 113 33
29929 15 92
29930 14 92
29931 103 63
29932 92 32
29933 102 63
29934 112 33
29935 112 37
29936 15 92
29937 93 32
29938 14 92
29939 113 37
29940 112 37
29941 113 37
29942 103 63
29943 112 37
29944 113 37
29945 113 33
29946 15 92
29947 112 37
29948 113 37
29949 102 63
29950 112 37
29951 113 37
29952 103 63
29953 102 63
29954 14 92
29955 112 37
29956 113 37
29957 112 33
29958 92 32
29959 103 63
29960 15 92
29961 102 63
29962 14 92
29963 93 32
29964 103 63
29965 112 37
29966 102 63
29967 15 92
29968 14 92
29969 103 63
29970 15 92
29971 113 33
29972 14 92
29973 102 63
29974 103 63
29975 15 92
29976 14 92
29977 15 92
29978 14 92
29979 15 92
29980 112 33
29981 113 33
29982 112 33
29983 113 33
29984 92 32
29985 112 33
29986 14 92
29987 15 92
29988 93 32
29989 113 37
29990 112 37
29991 113 33
29992 92 32
29993 112 33
29994 14 92
29995 93 32
29996 92 32
29997 93 32
29998 92 32
29999 113 33
30000 15 92
30001 112 33
30002 113 33
30003 112 33
30004 14 92
30005 93 32
30006 92 32
30007 102 63
30008 113 37
30009 15 92
30010 103 63
30011 112 37
30012 113 37
30013 93 32
30014 112 37
30015 113 37
30016 102 63
30017 112 37
30018 103 63
30019 102 63
30020 113 33
30021 14 92
30022 112 33
30023 15 92
30024 103 63
30025 14 92
30026 113 33
30027 112 33
30028 113 37
30029 15 92
30030 92 32
30031 102 63
30032 14 92
30033 93 32
30034 103 63
30035 15 92
30036 102 63
30037 14 92
30038 113 33
30039 112 37
30040 112 33
30041 103 63
30042 92 32
30043 102 63
30044 15 92
30045 14 92
30046 113 37
30047 113 33
30048 112 37
30049 112 33
30050 15 92
30051 103 63
30052 113 33
30053 102 63
30054 14 92
30055 15 92
30056 14 92
30057 113 37
30058 15 92
30059 103 63
30060 112 37
30061 112 33
30062 113 33
30063 102 63
30064 103 63
30065 102 63
30066 93 32
30067 14 92
30068 92 32
30069 103 63
30070 15 92
30071 113 37
30072 112 37
30073 113 37
30074 93 32
30075 92 32
30076 112 33
30077 102 63
30078 14 92
30079 93 32
30080 113 33
30081 15 92
30082 103 63
30083 112 33
30084 14 92
30085 113 33
30086 102 63
30087 15 92
30088 92 32
30089 112 37
30090 112 33
30091 113 33
30092 112 33
30093 113 33
30094 113 37
30095 112 37
30096 112 33
30097 103 63
30098 113 37
30099 112 37
30100 113 33
30101 14 92
30102 113 37
30103 15 92
30104 112 37
30105 14 92
30106 15 92
30107 14 92
30108 112 33
30109 15 92
30110 102 63
30111 113 37
30112 113 33
30113 14 92
30114 15 92
30115 112 33
30116 113 33
30117 93 32
30118 112 33
30119 103 63
30120 102 63
30121 103 63
30122 92 32
30123 113 33
30124 112 37
30125 113 37
30126 102 63
30127 14 92
30128 112 33
30129 103 63
30130 113 33
30131 102 63
30132 112 37
30133 113 37
30134 15 92
30135 112 33
30136 113 33
30137 112 37
30138 112 33
30139 103 63
30140 102 63
30141 14 92
30142 113 37
30143 112 37
30144 113 33
30145 112 33
30146 93 32
30147 113 37
30148 103 63
30149 102 63
30150 112 37
30151 92 32
30152 113 37
30153 93 32
30154 103 63
30155 113 33
30156 112 37
30157 112 33
30158 113 33
30159 92 32
30160 113 37
30161 93 32
30162 92 32
30163 15 92
30164 14 92
30165 112 33
30166 15 92
30167 102 63
30168 93 32
30169 92 32
30170 112 37
30171 113 37
30172 93 32
30173 14 92
30174 113 33
30175 112 37
30176 112 33
30177 113 33
30178 113 37
30179 103 63
30180 15 92
30181 112 33
30182 113 33
30183 92 32
30184 102 63
30185 112 37
30186 113 37
30187 93 32
30188 14 92
30189 92 32
30190 93 32
30191 103 63
30192 112 33
30193 102 63
30194 15 92
30195 92 32
30196 113 33
30197 112 33
30198 112 37
30199 93 32
30200 92 32
30201 93 32
30202 103 63
30203 102 63
30204 113 37
30205 103 63
30206 113 33
30207 112 37
30208 14 92
30209 92 32
30210 93 32
30211 15 92
30212 113 37
30213 92 32
30214 14 92
30215 15 92
30216 93 32
30217 112 33
30218 112 37
30219 113 37
30220 102 63
30221 14 92
30222 92 32
30223 15 92
30224 93 32
30225 112 37
30226 103 63
30227 14 92
30228 92 32
30229 93 32
30230 113 33
30231 92 32
30232 15 92
30233 113 37
30234 102 63
30235 112 33
30236 103 63
30237 93 32
30238 102 63
30239 103 63
30240 113 33
30241 112 37
30242 102 63
30243 92 32
30244 93 32
30245 92 32
30246 103 63
30247 14 92
30248 15 92
30249 14 92
30250 102 63
30251 113 37
30252 112 33
30253 112 37
30254 93 32
30255 103 63
30256 113 37
30257 102 63
30258 15 92
30259 103 63
30260 102 63
30261 113 33
30262 103 63
30263 112 33
30264 102 63
30265 14 92
30266 92 32
30267 113 33
30268 112 33
30269 112 37
30270 15 92
30271 113 37
30272 113 33
30273 14 92
30274 93 32
30275 92 32
30276 112 33
30277 103 63
30278 15 92
30279 93 32
30280 14 92
30281 15 92
30282 113 33
30283 102 63
30284 14 92
30285 15 92
30286 112 33
30287 92 32
30288 103 63
30289 14 92
30290 102 63
30291 93 32
30292 113 33
30293 103 63
30294 102 63
30295 103 63
30296 15 92
30297 102 63
30298 112 37
30299 112 33
30300 113 37
30301 103 63
30302 102 63
30303 103 63
30304 112 37
30305 102 63
30306 113 33
30307 112 33
30308 92 32
30309 14 92
30310 93 32
30311 113 37
30312 92 32
30313 113 33
30314 112 37
30315 103 63
30316 93 32
30317 102 63
30318 15 92
30319 113 37
30320 112 33
30321 103 63
30322 14 92
30323 112 37
30324 102 63
30325 15 92
30326 113 37
30327 103 63
30328 102 63
30329 112 37
30330 14 92
30331 103 63
30332 92 32
30333 102 63
30334 15 92
30335 113 37
30336 113 33
30337 103 63
30338 14 92
30339 112 37
30340 102 63
30341 112 33
30342 113 33
30343 103 63
30344 15 92
30345 112 33
30346 14 92
30347 102 63
30348 93 32
30349 113 33
30350 15 92
30351 92 32
30352 93 32
30353 103 63
30354 113 37
30355 102 63
30356 92 32
30357 103 63
30358 14 92
30359 93 32
30360 102 63
30361 103 63
30362 112 37
30363 92 32
30364 102 63
30365 93 32
30366 15 92
30367 14 92
30368 92 32
30369 112 33
30370 15 92
30371 113 37
30372 103 63
30373 102 63
30374 113 33
30375 93 32
30376 103 63
30377 92 32
30378 112 33
30379 102 63
30380 93 32
30381 113 33
30382 103 63
30383 14 92
30384 112 33
30385 92 32
30386 15 92
30387 14 92
30388 102 63
30389 15 92
30390 14 92
30391 112 37
30392 103 63
30393 93 32
30394 15 92
30395 92 32
30396 113 33
30397 113 37
30398 112 33
30399 113 33
30400 112 33
30401 102 63
30402 93 32
30403 112 37
30404 103 63
30405 102 63
30406 113 37
30407 103 63
30408 113 33
30409 112 33
30410 113 33
30411 102 63
30412 103 63
30413 112 37
30414 112 33
30415 113 37
30416 113 33
30417 14 92
30418 15 92
30419 92 32
30420 93 32
30421 92 32
30422 93 32
30423 92 32
30424 112 37
30425 112 33
30426 113 33
30427 113 37
30428 93 32
30429 112 37
30430 113 37
30431 112 33
30432 102 63
30433 103 63
30434 102 63
30435 14 92
30436 103 63
30437 15 92
30438 112 37
30439 113 33
30440 113 37
30441 102 63
30442 92 32
30443 93 32
30444 112 33
30445 112 37
30446 113 33
30447 92 32
30448 14 92
30449 103 63
30450 15 92
30451 112 33
30452 14 92
30453 113 37
30454 15 92
30455 113 33
30456 102 63
30457 112 37
30458 103 63
30459 113 37
30460 112 33
30461 113 33
30462 102 63
30463 93 32
30464 14 92
30465 15 92
30466 92 32
30467 112 37
30468 93 32
30469 103 63
30470 112 33
30471 102 63
30472 113 37
30473 112 37
30474 103 63
30475 102 63
30476 103 63
30477 113 33
30478 112 33
30479 113 33
30480 102 63
30481 14 92
30482 113 37
30483 112 33
30484 103 63
30485 102 63
30486 15 92
30487 112 37
30488 113 37
30489 92 32
30490 113 33
30491 112 33
30492 113 33
30493 112 33
30494 112 37
30495 103 63
30496 93 32
30497 113 33
30498 92 32
30499 14 92
30500 15 92
30501 14 92
30502 93 32
30503 102 63
30504 112 33
30505 15 92
30506 92 32
30507 113 33
30508 14 92
30509 15 92
30510 103 63
30511 14 92
30512 113 37
30513 93 32
30514 112 33
30515 92 32
30516 102 63
30517 15 92
30518 93 32
30519 112 37
30520 14 92
30521 113 33
30522 92 32
30523 103 63
30524 93 32
30525 113 37
30526 92 32
30527 112 33
30528 112 37
30529 113 37
30530 102 63
30531 112 37
30532 103 63
30533 113 33
30534 112 33
30535 113 33
30536 112 33
30537 93 32
30538 15 92
30539 113 37
30540 92 32
30541 93 32
30542 113 33
30543 112 37
30544 14 92
30545 102 63
30546 15 92
30547 113 37
30548 112 33
30549 103 63
30550 14 92
30551 15 92
30552 112 37
30553 92 32
30554 14 92
30555 93 32
30556 113 33
30557 15 92
30558 92 32
30559 93 32
30560 113 37
30561 112 33
30562 112 37
30563 92 32
30564 113 37
30565 14 92
30566 113 33
30567 15 92
30568 112 37
30569 93 32
30570 113 37
30571 14 92
30572 92 32
30573 112 33
30574 102 63
30575 15 92
30576 113 33
30577 112 33
30578 112 37
30579 14 92
30580 113 37
30581 93 32
30582 113 33
30583 15 92
30584 14 92
30585 15 92
30586 112 37
30587 113 37
30588 92 32
30589 14 92
30590 15 92
30591 112 33
30592 112 37
30593 14 92
30594 15 92
30595 103 63
30596 102 63
30597 14 92
30598 113 33
30599 15 92
30600 113 37
30601 112 37
30602 14 92
30603 103 63
30604 93 32
30605 113 37
30606 92 32
30607 112 37
30608 93 32
30609 15 92
30610 102 63
30611 112 33
30612 113 37
30613 92 32
30614 103 63
30615 14 92
30616 112 37
30617 15 92
30618 113 33
30619 102 63
30620 103 63
30621 93 32
30622 112 33
30623 113 33
30624 113 37
30625 102 63
30626 14 92
30627 92 32
30628 112 37
30629 93 32
30630 15 92
30631 92 32
30632 14 92
30633 15 92
30634 14 92
30635 93 32
30636 92 32
30637 15 92
30638 93 32
30639 112 33
30640 92 32
30641 113 37
30642 14 92
30643 103 63
30644 15 92
30645 14 92
30646 15 92
30647 14 92
30648 15 92
30649 14 92
30650 112 37
30651 93 32
30652 92 32
30653 113 37
30654 113 33
30655 93 32
30656 112 33
30657 102 63
30658 92 32
30659 15 92
30660 112 37
30661 103 63
30662 14 92
30663 102 63
30664 113 33
30665 113 37
30666 112 33
30667 15 92
30668 112 37
30669 93 32
30670 14 92
30671 15 92
30672 113 37
30673 113 33
30674 92 32
30675 14 92
30676 15 92
30677 103 63
30678 102 63
30679 93 32
30680 92 32
30681 112 33
30682 103 63
30683 113 33
30684 102 63
30685 112 33
30686 112 37
30687 113 33
30688 112 33
30689 103 63
30690 102 63
30691 113 37
30692 14 92
30693 113 33
30694 93 32
30695 112 37
30696 113 37
30697 103 63
30698 92 32
30699 102 63
30700 93 32
30701 112 37
30702 103 63
30703 102 63
30704 92 32
30705 103 63
30706 102 63
30707 113 37
30708 15 92
30709 112 37
30710 14 92
30711 112 33
30712 113 33
30713 93 32
30714 92 32
30715 93 32
30716 113 37
30717 112 37
30718 15 92
30719 113 37
30720 112 33
30721 112 37
30722 113 33
30723 14 92
30724 112 33
30725 113 37
30726 15 92
30727 14 92
30728 113 33
30729 92 32
30730 112 33
30731 15 92
30732 113 33
30733 103 63
30734 112 37
30735 112 33
30736 113 33
30737 93 32
30738 113 37
30739 112 33
30740 14 92
30741 112 37
30742 15 92
30743 14 92
30744 113 37
30745 113 33
30746 102 63
30747 92 32
30748 112 33
30749 112 37
30750 113 33
30751 93 32
30752 113 37
30753 92 32
30754 112 33
30755 113 33
30756 112 33
30757 15 92
30758 103 63
30759 112 37
30760 102 63
30761 113 37
30762 113 33
30763 14 92
30764 112 33
30765 93 32
30766 113 33
30767 112 33
30768 103 63
30769 102 63
30770 113 33
30771 112 33
30772 15 92
30773 14 92
30774 113 33
30775 92 32
30776 112 33
30777 112 37
30778 93 32
30779 103 63
30780 15 92
30781 14 92
30782 15 92
30783 113 33
30784 113 37
30785 112 37
30786 102 63
30787 112 33
30788 103 63
30789 113 33
30790 102 63
30791 113 37
30792 14 92
30793 112 33
30794 92 32
30795 103 63
30796 15 92
30797 93 32
30798 102 63
30799 103 63
30800 112 37
30801 102 63
30802 14 92
30803 15 92
30804 14 92
30805 15 92
30806 14 92
30807 113 37
30808 103 63
30809 15 92
30810 113 33
30811 112 33
30812 113 33
30813 112 37
30814 112 33
30815 113 37
30816 112 37
30817 92 32
30818 102 63
30819 113 37
30820 103 63
30821 14 92
30822 93 32
30823 113 33
30824 92 32
30825 93 32
30826 92 32
30827 102 63
30828 112 33
30829 112 37
30830 113 37
30831 113 33
30832 93 32
30833 92 32
30834 112 37
30835 15 92
30836 103 63
30837 102 63
30838 14 92
30839 113 37
30840 103 63
30841 112 37
30842 93 32
30843 102 63
30844 92 32
30845 103 63
30846 15 92
30847 113 37
30848 112 37
30849 113 37
30850 112 33
30851 102 63
30852 112 37
30853 93 32
30854 113 37
30855 14 92
30856 113 33
30857 103 63
30858 92 32
30859 93 32
30860 92 32
30861 15 92
30862 14 92
30863 93 32
30864 102 63
30865 103 63
30866 112 33
30867 92 32
30868 93 32
30869 113 33
30870 112 37
30871 15 92
30872 92 32
30873 112 33
30874 93 32
30875 102 63
30876 113 37
30877 92 32
30878 93 32
30879 103 63
30880 113 33
30881 112 37
30882 113 37
30883 92 32
30884 93 32
30885 112 33
30886 92 32
30887 102 63
30888 103 63
30889 102 63
30890 113 33
30891 112 33
30892 113 33
30893 103 63
30894 14 92
30895 112 33
30896 112 37
30897 102 63
30898 93 32
30899 92 32
30900 113 33
30901 113 37
30902 93 32
30903 103 63
30904 112 37
30905 92 32
30906 113 37
30907 102 63
30908 103 63
30909 102 63
30910 15 92
30911 112 33
30912 14 92
30913 112 37
30914 93 32
30915 113 37
30916 92 32
30917 93 32
30918 92 32
30919 103 63
30920 15 92
30921 113 33
30922 112 33
30923 113 33
30924 102 63
30925 112 37
30926 93 32
30927 112 33
30928 113 33
30929 113 37
30930 112 37
30931 103 63
30932 113 37
30933 14 92
30934 15 92
30935 14 92
30936 92 32
30937 15 92
30938 14 92
30939 93 32
30940 112 33
30941 92 32
30942 102 63
30943 15 92
30944 112 37
30945 113 37
30946 103 63
30947 93 32
30948 102 63
30949 103 63
30950 102 63
30951 113 33
30952 14 92
30953 112 37
30954 113 37
30955 112 33
30956 103 63
30957 15 92
30958 92 32
30959 113 33
30960 112 37
30961 102 63
30962 93 32
30963 103 63
30964 113 37
30965 14 92
30966 112 33
30967 15 92
30968 113 33
30969 112 37
30970 102 63
30971 14 92
30972 103 63
30973 92 32
30974 102 63
30975 113 37
30976 112 37
30977 103 63
30978 113 37
30979 112 37
30980 113 37
30981 15 92
30982 112 33
30983 93 32
30984 102 63
30985 103 63
30986 102 63
30987 103 63
30988 92 32
30989 14 92
30990 102 63
30991 15 92
30992 112 37
30993 14 92
30994 15 92
30995 103 63
30996 93 32
30997 113 33
30998 112 33
30999 92 32
31000 113 33
31001 93 32
31002 112 33
31003 14 92
31004 113 33
31005 15 92
31006 112 33
31007 113 33
31008 14 92
31009 112 33
31010 113 37
31011 102 63
31012 112 37
31013 113 33
31014 15 92
31015 103 63
31016 113 37
31017 92 32
31018 112 33
31019 112 37
31020 93 32
31021 102 63
31022 14 92
31023 113 37
31024 15 92
31025 14 92
31026 15 92
31027 113 33
31028 112 33
31029 112 37
31030 92 32
31031 93 32
31032 103 63
31033 102 63
31034 113 33
31035 92 32
31036 113 37
31037 93 32
31038 92 32
31039 103 63
31040 112 33
31041 102 63
31042 113 33
31043 112 37
31044 112 33
31045 103 63
31046 14 92
31047 113 33
31048 112 33
31049 113 33
31050 15 92
31051 113 37
31052 102 63
31053 103 63
31054 112 37
31055 14 92
31056 93 32
31057 112 33
31058 15 92
31059 92 32
31060 102 63
31061 113 37
31062 103 63
31063 113 33
31064 112 33
31065 14 92
31066 112 37
31067 113 37
31068 102 63
31069 113 33
31070 112 33
31071 93 32
31072 103 63
31073 113 33
31074 112 37
31075 92 32
31076 102 63
31077 103 63
31078 102 63
31079 103 63
31080 15 92
31081 93 32
31082 102 63
31083 103 63
31084 102 63
31085 112 33
31086 14 92
31087 113 33
31088 113 37
31089 112 37
31090 113 37
31091 15 92
31092 14 92
31093 112 33
31094 113 33
31095 112 37
31096 113 37
31097 112 37
31098 15 92
31099 14 92
31100 92 32
31101 113 37
31102 15 92
31103 112 37
31104 14 92
31105 112 33
31106 103 63
31107 15 92
31108 113 33
31109 113 37
31110 112 37
31111 112 33
31112 93 32
31113 92 32
31114 102 63
31115 103 63
31116 113 33
31117 93 32
31118 92 32
31119 93 32
31120 113 37
31121 112 33
31122 14 92
31123 112 37
31124 92 32
31125 113 33
31126 102 63
31127 15 92
31128 113 37
31129 14 92
31130 112 37
31131 103 63
31132 113 37
31133 102 63
31134 103 63
31135 112 33
31136 112 37
31137 93 32
31138 113 37
31139 112 37
31140 92 32
31141 102 63
31142 15 92
31143 103 63
31144 93 32
31145 113 37
31146 14 92
31147 102 63
31148 15 92
31149 113 33
31150 112 37
31151 92 32
31152 103 63
31153 113 37
31154 112 33
31155 93 32
31156 102 63
31157 112 37
31158 103 63
31159 102 63
31160 113 37
31161 14 92
31162 92 32
31163 112 37
31164 93 32
31165 113 37
31166 103 63
31167 113 33
31168 112 33
31169 15 92
31170 102 63
31171 113 33
31172 103 63
31173 92 32
31174 112 37
31175 113 37
31176 102 63
31177 93 32
31178 112 33
31179 92 32
31180 112 37
31181 93 32
31182 92 32
31183 113 37
31184 93 32
31185 113 33
31186 112 37
31187 14 92
31188 113 37
31189 103 63
31190 112 37
31191 112 33
31192 92 32
31193 15 92
31194 93 32
31195 113 33
31196 113 37
31197 92 32
31198 102 63
31199 14 92
31200 93 32
31201 103 63
31202 15 92
31203 112 33
31204 92 32
31205 112 37
31206 102 63
31207 93 32
31208 14 92
31209 113 33
31210 112 33
31211 113 37
31212 15 92
31213 92 32
31214 103 63
31215 14 92
31216 15 92
31217 14 92
31218 112 37
31219 15 92
31220 14 92
31221 113 37
31222 113 33
31223 102 63
31224 93 32
31225 92 32
31226 103 63
31227 15 92
31228 112 37
31229 93 32
31230 14 92
31231 113 37
31232 102 63
31233 15 92
31234 112 37
31235 14 92
31236 112 33
31237 113 37
31238 92 32
31239 93 32
31240 112 37
31241 92 32
31242 113 33
31243 103 63
31244 112 33
31245 102 63
31246 15 92
31247 93 32
31248 113 37
31249 103 63
31250 92 32
31251 93 32
31252 102 63
31253 14 92
31254 112 37
31255 92 32
31256 15 92
31257 93 32
31258 92 32
31259 14 92
31260 103 63
31261 15 92
31262 102 63
31263 113 33
31264 112 33
31265 93 32
31266 113 37
31267 112 37
31268 14 92
31269 113 37
31270 103 63
31271 113 33
31272 15 92
31273 112 37
31274 113 37
31275 112 33
31276 92 32
31277 93 32
31278 14 92
31279 112 37
31280 92 32
31281 15 92
31282 102 63
31283 113 37
31284 112 37
31285 93 32
31286 113 37
31287 103 63
31288 113 33
31289 102 63
31290 103 63
31291 14 92
31292 112 33
31293 113 33
31294 102 63
31295 92 32
31296 93 32
31297 15 92
31298 92 32
31299 112 33
31300 93 32
31301 113 33
31302 14 92
31303 92 32
31304 112 37
31305 112 33
31306 93 32
31307 113 37
31308 112 37
31309 113 33
31310 113 37
31311 15 92
31312 14 92
31313 112 33
31314 113 33
31315 112 37
31316 113 37
31317 103 63
31318 15 92
31319 112 33
31320 113 33
31321 92 32
31322 14 92
31323 112 33
31324 102 63
31325 103 63
31326 15 92
31327 14 92
31328 113 33
31329 93 32
31330 92 32
31331 112 33
31332 102 63
31333 112 37
31334 113 37
31335 93 32
31336 113 33
31337 103 63
31338 112 37
31339 113 37
31340 112 33
31341 112 37
31342 15 92
31343 113 33
31344 113 37
31345 14 92
31346 102 63
31347 112 37
31348 15 92
31349 113 37
31350 112 33
31351 14 92
31352 15 92
31353 113 33
31354 92 32
31355 112 33
31356 113 33
31357 93 32
31358 103 63
31359 92 32
31360 102 63
31361 14 92
31362 112 37
31363 113 37
31364 15 92
31365 103 63
31366 102 63
31367 93 32
31368 14 92
31369 92 32
31370 93 32
31371 112 33
31372 92 32
31373 103 63
31374 112 37
31375 113 37
31376 102 63
31377 113 33
31378 112 37
31379 15 92
31380 112 33
31381 113 33
31382 103 63
31383 93 32
31384 113 37
31385 112 33
31386 113 33
31387 102 63
31388 112 37
31389 112 33
31390 14 92
31391 103 63
31392 102 63
31393 113 37
31394 92 32
31395 113 33
31396 103 63
31397 102 63
31398 112 37
31399 113 37
31400 15 92
31401 112 37
31402 14 92
31403 15 92
31404 113 37
31405 14 92
31406 103 63
31407 102 63
31408 15 92
31409 14 92
31410 112 37
31411 93 32
31412 103 63
31413 15 92
31414 113 37
31415 112 37
31416 112 33
31417 113 37
31418 112 37
31419 113 33
31420 102 63
31421 103 63
31422 92 32
31423 112 33
31424 102 63
31425 113 33
31426 93 32
31427 103 63
31428 112 33
31429 92 32
31430 14 92
31431 113 37
31432 112 37
31433 93 32
31434 15 92
31435 14 92
31436 113 33
31437 102 63
31438 15 92
31439 112 33
31440 113 37
31441 92 32
31442 103 63
31443 112 37
31444 14 92
31445 93 32
31446 92 32
31447 102 63
31448 113 33
31449 112 33
31450 93 32
31451 15 92
31452 14 92
31453 113 33
31454 112 33
31455 103 63
31456 15 92
31457 92 32
31458 14 92
31459 93 32
31460 102 63
31461 113 37
31462 113 33
31463 112 33
31464 113 33
31465 15 92
31466 14 92
31467 92 32
31468 103 63
31469 15 92
31470 112 33
31471 112 37
31472 113 33
31473 113 37
31474 102 63
31475 112 37
31476 103 63
31477 102 63
31478 112 33
31479 103 63
31480 93 32
31481 113 33
31482 112 33
31483 102 63
31484 92 32
31485 113 37
31486 103 63
31487 112 37
31488 14 92
31489 93 32
31490 102 63
31491 103 63
31492 15 92
31493 113 33
31494 102 63
31495 92 32
31496 93 32
31497 112 33
31498 92 32
31499 14 92
31500 113 37
31501 113 33
31502 112 37
31503 113 37
31504 112 33
31505 103 63
31506 102 63
31507 113 33
31508 112 33
31509 93 32
31510 15 92
31511 14 92
31512 103 63
31513 92 32
31514 112 37
31515 15 92
31516 113 37
31517 113 33
31518 112 33
31519 102 63
31520 112 37
31521 103 63
31522 102 63
31523 103 63
31524 14 92
31525 102 63
31526 113 37
31527 15 92
31528 112 37
31529 14 92
31530 103 63
31531 113 37
31532 93 32
31533 102 63
31534 92 32
31535 15 92
31536 14 92
31537 93 32
31538 112 37
31539 113 37
31540 15 92
31541 92 32
31542 112 37
31543 113 33
31544 103 63
31545 113 37
31546 112 37
31547 112 33
31548 14 92
31549 93 32
31550 15 92
31551 113 37
31552 92 32
31553 102 63
31554 112 37
31555 113 37
31556 14 92
31557 93 32
31558 15 92
31559 112 37
31560 113 33
31561 112 33
31562 113 37
31563 14 92
31564 112 37
31565 113 37
31566 113 33
31567 15 92
31568 112 33
31569 113 33
31570 103 63
31571 112 37
31572 14 92
31573 112 33
31574 15 92
31575 113 33
31576 14 92
31577 102 63
31578 92 32
31579 15 92
31580 112 33
31581 103 63
31582 14 92
31583 93 32
31584 113 33
31585 113 37
31586 15 92
31587 92 32
31588 14 92
31589 112 37
31590 102 63
31591 15 92
31592 112 33
31593 113 37
31594 93 32
31595 113 33
31596 14 92
31597 103 63
31598 92 32
31599 102 63
31600 112 37
31601 112 33
31602 113 37
31603 112 37
31604 15 92
31605 14 92
31606 113 33
31607 15 92
31608 93 32
31609 113 37
31610 112 37
31611 112 33
31612 103 63
31613 113 37
31614 112 37
31615 113 37
31616 112 37
31617 14 92
31618 15 92
31619 113 37
31620 113 33
31621 112 33
31622 14 92
31623 92 32
31624 15 92
31625 93 32
31626 14 92
31627 102 63
31628 112 37
31629 113 37
31630 15 92
31631 92 32
31632 93 32
31633 14 92
31634 113 33
31635 103 63
31636 92 32
31637 102 63
31638 103 63
31639 93 32
31640 102 63
31641 92 32
31642 93 32
31643 15 92
31644 14 92
31645 92 32
31646 15 92
31647 103 63
31648 112 33
31649 113 33
31650 14 92
31651 93 32
31652 102 63
31653 15 92
31654 14 92
31655 15 92
31656 14 92
31657 112 37
31658 103 63
31659 92 32
31660 113 37
31661 102 63
31662 15 92
31663 112 33
31664 14 92
31665 113 33
31666 93 32
31667 112 37
31668 15 92
31669 112 33
31670 113 37
31671 14 92
31672 92 32
31673 103 63
31674 113 33
31675 15 92
31676 93 32
31677 14 92
31678 92 32
31679 102 63
31680 15 92
31681 103 63
31682 93 32
31683 92 32
31684 93 32
31685 92 32
31686 102 63
31687 93 32
31688 14 92
31689 112 33
31690 103 63
31691 102 63
31692 103 63
31693 113 33
31694 112 37
31695 92 32
31696 102 63
31697 93 32
31698 112 33
31699 113 37
31700 112 37
31701 103 63
31702 113 33
31703 15 92
31704 92 32
31705 113 37
31706 14 92
31707 112 37
31708 112 33
31709 15 92
31710 102 63
31711 113 33
31712 93 32
31713 14 92
31714 15 92
31715 112 33
31716 113 33
31717 112 33
31718 113 33
31719 113 37
31720 112 37
31721 92 32
31722 113 37
31723 112 37
31724 93 32
31725 14 92
31726 112 33
31727 113 37
31728 92 32
31729 112 37
31730 113 33
31731 93 32
31732 15 92
31733 14 92
31734 112 33
31735 92 32
31736 103 63
31737 102 63
31738 113 37
31739 93 32
31740 15 92
31741 112 37
31742 113 33
31743 112 33
31744 113 37
31745 113 33
31746 92 32
31747 103 63
31748 112 37
31749 113 37
31750 14 92
31751 15 92
31752 112 33
31753 14 92
31754 112 37
31755 113 37
31756 102 63
31757 103 63
31758 113 33
31759 93 32
31760 92 32
31761 112 33
31762 112 37
31763 113 33
31764 93 32
31765 102 63
31766 112 33
31767 113 37
31768 103 63
31769 112 37
31770 113 33
31771 15 92
31772 102 63
31773 14 92
31774 112 33
31775 92 32
31776 113 37
31777 103 63
31778 93 32
31779 92 32
31780 15 92
31781 14 92
31782 112 37
31783 113 37
31784 102 63
31785 93 32
31786 103 63
31787 112 37
31788 92 32
31789 15 92
31790 14 92
31791 102 63
31792 15 92
31793 14 92
31794 113 37
31795 93 32
31796 15 92
31797 112 37
31798 92 32
31799 93 32
31800 103 63
31801 113 33
31802 112 33
31803 113 37
31804 92 32
31805 112 37
31806 113 33
31807 112 33
31808 93 32
31809 14 92
31810 113 33
31811 15 92
31812 92 32
31813 113 37
31814 14 92
31815 93 32
31816 112 37
31817 113 37
31818 112 33
31819 112 37
31820 113 33
31821 15 92
31822 112 33
31823 102 63
31824 14 92
31825 113 33
31826 15 92
31827 113 37
31828 92 32
31829 14 92
31830 112 33
31831 113 33
31832 15 92
31833 14 92
31834 103 63
31835 93 32
31836 102 63
31837 112 37
31838 103 63
31839 113 37
31840 102 63
31841 15 92
31842 103 63
31843 112 37
31844 102 63
31845 103 63
31846 92 32
31847 102 63
31848 103 63
31849 113 37
31850 112 33
31851 14 92
31852 15 92
31853 112 37
31854 14 92
31855 113 33
31856 112 33
31857 102 63
31858 103 63
31859 15 92
31860 113 33
31861 112 33
31862 113 37
31863 14 92
31864 113 33
31865 93 32
31866 102 63
31867 92 32
31868 112 37
31869 113 37
31870 103 63
31871 112 37
31872 113 37
31873 15 92
31874 93 32
31875 92 32
31876 112 37
31877 93 32
31878 14 92
31879 92 32
31880 102 63
31881 113 37
31882 112 37
31883 15 92
31884 113 37
31885 103 63
31886 112 37
31887 14 92
31888 15 92
31889 102 63
31890 14 92
31891 15 92
31892 112 33
31893 103 63
31894 113 33
31895 102 63
31896 93 32
31897 113 37
31898 112 33
31899 92 32
31900 14 92
31901 112 37
31902 93 32
31903 15 92
31904 103 63
31905 113 37
31906 112 37
31907 92 32
31908 102 63
31909 113 33
31910 14 92
31911 103 63
31912 93 32
31913 112 33
31914 15 92
31915 113 37
31916 113 33
31917 102 63
31918 112 33
31919 92 32
31920 113 33
31921 93 32
31922 103 63
31923 92 32
31924 112 33
31925 112 37
31926 14 92
31927 113 37
31928 112 37
31929 93 32
31930 113 37
31931 113 33
31932 15 92
31933 102 63
31934 112 33
31935 113 33
31936 112 37
31937 14 92
31938 113 37
31939 103 63
31940 92 32
31941 112 37
31942 102 63
31943 93 32
31944 15 92
31945 92 32
31946 14 92
31947 112 33
31948 15 92
31949 113 33
31950 113 37
31951 103 63
31952 112 33
31953 113 33
31954 112 33
31955 113 33
31956 112 33
31957 93 32
31958 102 63
31959 112 37
31960 113 33
31961 113 37
31962 14 92
31963 15 92
31964 92 32
31965 93 32
31966 112 37
31967 103 63
31968 14 92
31969 102 63
31970 92 32
31971 93 32
31972 92 32
31973 113 37
31974 112 33
31975 103 63
31976 15 92
31977 14 92
31978 93 32
31979 92 32
31980 102 63
31981 93 32
31982 92 32
31983 103 63
31984 15 92
31985 93 32
31986 92 32
31987 14 92
31988 112 37
31989 15 92
31990 113 33
31991 93 32
31992 112 33
31993 14 92
31994 113 33
31995 112 33
31996 102 63
31997 113 37
31998 112 37
31999 103 63
32000 113 33
32001 92 32
32002 113 37
32003 112 37
32004 15 92
32005 14 92
32006 102 63
32007 113 37
32008 112 37
32009 112 33
32010 93 32
32011 15 92
32012 14 92
32013 15 92
32014 113 37
32015 112 37
32016 113 33
32017 112 33
32018 113 33
32019 113 37
32020 112 37
32021 112 33
32022 14 92
32023 103 63
32024 15 92
32025 92 32
32026 93 32
32027 102 63
32028 92 32
32029 14 92
32030 103 63
32031 102 63
32032 15 92
32033 103 63
32034 14 92
32035 102 63
32036 113 33
32037 15 92
32038 103 63
32039 93 32
32040 14 92
32041 15 92
32042 112 33
32043 102 63
32044 92 32
32045 14 92
32046 113 33
32047 112 33
32048 15 92
32049 103 63
32050 102 63
32051 113 33
32052 112 33
32053 14 92
32054 103 63
32055 102 63
32056 113 37
32057 113 33
32058 93 32
32059 112 37
32060 113 37
32061 15 92
32062 103 63
32063 112 37
32064 112 33
32065 92 32
32066 14 92
32067 113 37
32068 15 92
32069 113 33
32070 102 63
32071 112 37
32072 103 63
32073 102 63
32074 14 92
32075 112 33
32076 113 33
32077 103 63
32078 102 63
32079 93 32
32080 112 33
32081 103 63
32082 15 92
32083 113 37
32084 112 37
32085 113 37
32086 102 63
32087 113 33
32088 103 63
32089 112 33
32090 112 37
32091 102 63
32092 92 32
32093 93 32
32094 113 33
32095 112 33
32096 103 63
32097 14 92
32098 15 92
32099 113 37
32100 102 63
32101 103 63
32102 113 33
32103 112 37
32104 14 92
32105 112 33
32106 92 32
32107 113 37
32108 112 37
32109 113 37
32110 113 33
32111 93 32
32112 112 33
32113 112 37
32114 92 32
32115 113 33
32116 93 32
32117 15 92
32118 113 37
32119 112 37
32120 14 92
32121 92 32
32122 102 63
32123 15 92
32124 112 33
32125 93 32
32126 92 32
32127 93 32
32128 92 32
32129 103 63
32130 113 37
32131 102 63
32132 103 63
32133 14 92
32134 15 92
32135 102 63
32136 113 33
32137 112 33
32138 103 63
32139 102 63
32140 112 37
32141 103 63
32142 14 92
32143 15 92
32144 113 33
32145 112 33
32146 113 33
32147 113 37
32148 112 33
32149 93 32
32150 92 32
32151 102 63
32152 14 92
32153 112 37
32154 113 37
32155 103 63
32156 113 33
32157 112 33
32158 113 33
32159 93 32
32160 102 63
32161 15 92
32162 92 32
32163 103 63
32164 14 92
32165 93 32
32166 112 37
32167 112 33
32168 113 37
32169 15 92
32170 102 63
32171 112 37
32172 14 92
32173 103 63
32174 113 37
32175 112 37
32176 15 92
32177 113 33
32178 14 92
32179 112 33
32180 113 37
32181 113 33
32182 92 32
32183 102 63
32184 93 32
32185 103 63
32186 92 32
32187 15 92
32188 102 63
32189 112 33
32190 113 33
32191 93 32
32192 14 92
32193 112 37
32194 112 33
32195 92 32
32196 113 33
32197 15 92
32198 14 92
32199 112 33
32200 93 32
32201 113 37
32202 103 63
32203 15 92
32204 102 63
32205 103 63
32206 14 92
32207 113 33
32208 15 92
32209 112 37
32210 102 63
32211 103 63
32212 14 92
32213 113 37
32214 92 32
32215 102 63
32216 103 63
32217 112 33
32218 15 92
32219 93 32
32220 14 92
32221 113 33
32222 102 63
32223 15 92
32224 112 37
32225 112 33
32226 14 92
32227 103 63
32228 15 92
32229 113 33
32230 112 33
32231 113 37
32232 102 63
32233 14 92
32234 103 63
32235 102 63
32236 103 63
32237 112 37
32238 15 92
32239 102 63
32240 113 37
32241 14 92
32242 113 33
32243 103 63
32244 15 92
32245 112 37
32246 112 33
32247 102 63
32248 113 37
32249 113 33
32250 112 33
32251 103 63
32252 14 92
32253 92 32
32254 15 92
32255 112 37
32256 93 32
32257 14 92
32258 102 63
32259 92 32
32260 103 63
32261 102 63
32262 15 92
32263 113 37
32264 112 37
32265 103 63
32266 113 37
32267 102 63
32268 14 92
32269 112 37
32270 15 92
32271 113 33
32272 112 33
32273 113 33
32274 93 32
32275 103 63
32276 113 37
32277 92 32
32278 93 32
32279 92 32
32280 93 32
32281 14 92
32282 112 33
32283 92 32
32284 102 63
32285 93 32
32286 112 37
32287 113 33
32288 92 32
32289 15 92
32290 103 63
32291 113 37
32292 102 63
32293 112 37
32294 112 33
32295 113 33
32296 113 37
32297 14 92
32298 15 92
32299 112 37
32300 14 92
32301 15 92
32302 112 33
32303 103 63
32304 113 37
32305 14 92
32306 113 33
32307 102 63
32308 112 33
32309 15 92
32310 113 33
32311 14 92
32312 93 32
32313 112 33
32314 112 37
32315 92 32
32316 93 32
32317 103 63
32318 102 63
32319 103 63
32320 102 63
32321 15 92
32322 92 32
32323 113 33
32324 93 32
32325 113 37
32326 112 37
32327 113 37
32328 112 37
32329 113 37
32330 103 63
32331 112 37
32332 14 92
32333 15 92
32334 102 63
32335 92 32
32336 103 63
32337 113 37
32338 112 33
32339 102 63
32340 113 33
32341 103 63
32342 112 37
32343 93 32
32344 102 63
32345 113 37
32346 14 92
32347 112 37
32348 15 92
32349 14 92
32350 103 63
32351 113 37
32352 15 92
32353 14 92
32354 112 37
32355 15 92
32356 112 33
32357 92 32
32358 102 63
32359 113 33
32360 112 33
32361 93 32
32362 92 32
32363 14 92
32364 113 33
32365 112 33
32366 93 32
32367 103 63
32368 113 37
32369 112 37
32370 15 92
32371 113 33
32372 14 92
32373 15 92
32374 92 32
32375 113 37
32376 93 32
32377 112 33
32378 14 92
32379 112 37
32380 92 32
32381 15 92
32382 102 63
32383 113 37
32384 103 63
32385 102 63
32386 112 37
32387 14 92
32388 113 37
32389 93 32
32390 112 37
32391 92 32
32392 103 63
32393 93 32
32394 102 63
32395 113 37
32396 103 63
32397 113 33
32398 92 32
32399 112 33
32400 93 32
32401 102 63
32402 15 92
32403 103 63
32404 92 32
32405 112 37
32406 113 37
32407 113 33
32408 112 33
32409 112 37
32410 113 33
32411 113 37
32412 93 32
32413 112 37
32414 102 63
32415 112 33
32416 113 37
32417 14 92
32418 113 33
32419 15 92
32420 112 33
32421 112 37
32422 103 63
32423 102 63
32424 113 33
32425 113 37
32426 103 63
32427 92 32
32428 112 33
32429 14 92
32430 102 63
32431 93 32
32432 92 32
32433 112 37
32434 103 63
32435 113 33
32436 102 63
32437 93 32
32438 113 37
32439 112 37
32440 113 37
32441 15 92
32442 103 63
32443 92 32
32444 112 37
32445 14 92
32446 15 92
32447 102 63
32448 93 32
32449 103 63
32450 102 63
32451 92 32
32452 93 32
32453 112 33
32454 103 63
32455 92 32
32456 113 37
32457 14 92
32458 113 33
32459 93 32
32460 15 92
32461 92 32
32462 112 33
32463 113 33
32464 102 63
32465 103 63
32466 112 37
32467 112 33
32468 113 33
32469 113 37
32470 102 63
32471 103 63
32472 93 32
32473 102 63
32474 92 32
32475 14 92
32476 112 37
32477 103 63
32478 15 92
32479 102 63
32480 93 32
32481 112 33
32482 14 92
32483 113 33
32484 113 37
32485 112 37
32486 15 92
32487 103 63
32488 112 33
32489 102 63
32490 14 92
32491 113 33
32492 112 33
32493 92 32
32494 93 32
32495 92 32
32496 103 63
32497 113 37
32498 15 92
32499 112 37
32500 14 92
32501 93 32
32502 113 33
32503 102 63
32504 103 63
32505 92 32
32506 15 92
32507 113 37
32508 14 92
32509 102 63
32510 103 63
32511 112 33
32512 93 32
32513 102 63
32514 113 33
32515 112 37
32516 15 92
32517 14 92
32518 113 37
32519 112 37
32520 103 63
32521 112 33
32522 15 92
32523 102 63
32524 113 33
32525 103 63
32526 14 92
32527 113 37
32528 92 32
32529 112 33
32530 93 32
32531 102 63
32532 113 33
32533 15 92
32534 14 92
32535 103 63
32536 102 63
32537 15 92
32538 103 63
32539 14 92
32540 92 32
32541 93 32
32542 112 33
32543 113 33
32544 15 92
32545 92 32
32546 14 92
32547 112 37
32548 113 37
32549 102 63
32550 112 33
32551 103 63
32552 102 63
32553 15 92
32554 103 63
32555 93 32
32556 102 63
32557 113 33
32558 14 92
32559 15 92
32560 14 92
32561 92 32
32562 112 33
32563 15 92
32564 112 37
32565 113 33
32566 113 37
32567 14 92
32568 112 37
32569 15 92
32570 14 92
32571 15 92
32572 14 92
32573 113 37
32574 15 92
32575 112 33
32576 103 63
32577 102 63
32578 14 92
32579 113 33
32580 112 33
32581 112 37
32582 103 63
32583 15 92
32584 14 92
32585 15 92
32586 93 32
32587 92 32
32588 113 37
32589 93 32
32590 102 63
32591 112 37
32592 113 33
32593 103 63
32594 14 92
32595 92 32
32596 15 92
32597 93 32
32598 92 32
32599 102 63
32600 112 33
32601 113 37
32602 103 63
32603 102 63
32604 113 33
32605 103 63
32606 112 37
32607 112 33
32608 14 92
32609 102 63
32610 113 37
32611 103 63
32612 112 37
32613 15 92
32614 113 33
32615 113 37
32616 93 32
32617 92 32
32618 112 37
32619 93 32
32620 113 37
32621 112 37
32622 113 37
32623 112 33
32624 102 63
32625 113 33
32626 92 32
32627 112 37
32628 14 92
32629 93 32
32630 113 37
32631 15 92
32632 112 33
32633 113 33
32634 103 63
32635 14 92
32636 15 92
32637 102 63
32638 112 37
32639 103 63
32640 14 92
32641 15 92
32642 113 37
32643 92 32
32644 14 92
32645 112 37
32646 15 92
32647 102 63
32648 93 32
32649 92 32
32650 113 37
32651 93 32
32652 112 33
32653 92 32
32654 93 32
32655 92 32
32656 14 92
32657 15 92
32658 103 63
32659 93 32
32660 112 37
32661 102 63
32662 92 32
32663 113 33
32664 103 63
32665 14 92
32666 15 92
32667 102 63
32668 113 37
32669 112 33
32670 112 37
32671 103 63
32672 14 92
32673 113 37
32674 113 33
32675 112 33
32676 112 37
32677 113 33
32678 15 92
32679 113 37
32680 112 37
32681 112 33
32682 14 92
32683 113 33
32684 15 92
32685 112 33
32686 14 92
32687 102 63
32688 113 33
32689 112 33
32690 15 92
32691 93 32
32692 113 33
32693 103 63
32694 14 92
32695 92 32
32696 102 63
32697 103 63
32698 113 37
32699 112 33
32700 15 92
32701 112 37
32702 113 37
32703 14 92
32704 15 92
32705 14 92
32706 113 33
32707 112 37
32708 93 32
32709 112 33
32710 113 37
32711 102 63
32712 112 37
32713 113 33
32714 113 37
32715 15 92
32716 112 33
32717 92 32
32718 113 33
32719 112 33
32720 103 63
32721 14 92
32722 112 37
32723 113 37
32724 93 32
32725 102 63
32726 92 32
32727 103 63
32728 102 63
32729 15 92
32730 14 92
32731 103 63
32732 93 32
32733 112 37
32734 102 63
32735 92 32
32736 103 63
32737 113 37
32738 102 63
32739 93 32
32740 112 37
32741 113 33
32742 113 37
32743 112 33
32744 113 33
32745 103 63
32746 112 33
32747 92 32
32748 15 92
32749 14 92
32750 102 63
32751 93 32
32752 103 63
32753 15 92
32754 14 92
32755 113 33
32756 15 92
32757 14 92
32758 92 32
32759 112 37
32760 15 92
32761 14 92
32762 102 63
32763 113 37
32764 112 37
32765 103 63
32766 15 92
32767 113 37
32768 112 37
32769 93 32
32770 102 63
32771 14 92
32772 92 32
32773 103 63
32774 15 92
32775 102 63
32776 112 33
32777 93 32
32778 14 92
32779 15 92
32780 103 63
32781 102 63
32782 92 32
32783 103 63
32784 93 32
32785 113 33
32786 92 32
32787 93 32
32788 14 92
32789 102 63
32790 103 63
32791 92 32
32792 15 92
32793 113 37
32794 112 37
32795 93 32
32796 102 63
32797 112 33
32798 103 63
32799 92 32
32800 102 63
32801 113 37
32802 113 33
32803 14 92
32804 112 33
32805 103 63
32806 112 37
32807 93 32
32808 102 63
32809 113 33
32810 103 63
32811 92 32
32812 93 32
32813 112 33
32814 113 33
32815 92 32
32816 113 37
32817 102 63
32818 103 63
32819 102 63
32820 15 92
32821 103 63
32822 14 92
32823 15 92
32824 14 92
32825 15 92
32826 14 92
32827 112 37
32828 93 32
32829 112 33
32830 102 63
32831 15 92
32832 103 63
32833 113 33
32834 112 33
32835 113 33
32836 14 92
32837 112 33
32838 113 33
32839 102 63
32840 112 33
32841 92 32
32842 15 92
32843 14 92
32844 15 92
32845 93 32
32846 92 32
32847 103 63
32848 113 37
32849 102 63
32850 103 63
32851 93 32
32852 92 32
32853 93 32
32854 14 92
32855 112 37
32856 113 37
32857 92 32
32858 15 92
32859 102 63
32860 113 33
32861 112 37
32862 113 37
32863 93 32
32864 92 32
32865 93 32
32866 14 92
32867 103 63
32868 15 92
32869 112 37
32870 113 37
32871 14 92
32872 112 33
32873 15 92
32874 14 92
32875 102 63
32876 15 92
32877 112 37
32878 113 37
32879 14 92
32880 92 32
32881 93 32
32882 15 92
32883 92 32
32884 103 63
32885 14 92
32886 15 92
32887 102 63
32888 93 32
32889 14 92
32890 112 37
32891 113 37
32892 15 92
32893 103 63
32894 113 33
32895 102 63
32896 112 37
32897 112 33
32898 103 63
32899 113 33
32900 14 92
32901 112 33
32902 15 92
32903 102 63
32904 103 63
32905 92 32
32906 93 32
32907 92 32
32908 93 32
32909 14 92
32910 102 63
32911 103 63
32912 113 37
32913 15 92
32914 14 92
32915 102 63
32916 113 33
32917 112 37
32918 112 33
32919 103 63
32920 102 63
32921 113 37
32922 92 32
32923 103 63
32924 15 92
32925 113 33
32926 14 92
32927 93 32
32928 102 63
32929 15 92
32930 14 92
32931 15 92
32932 14 92
32933 112 33
32934 92 32
32935 103 63
32936 93 32
32937 15 92
32938 14 92
32939 92 32
32940 93 32
32941 92 32
32942 112 37
32943 113 37
32944 102 63
32945 113 33
32946 112 37
32947 113 37
32948 15 92
32949 93 32
32950 112 33
32951 14 92
32952 103 63
32953 112 37
32954 15 92
32955 102 63
32956 14 92
32957 113 33
32958 15 92
32959 103 63
32960 113 37
32961 14 92
32962 92 32
32963 112 33
32964 15 92
32965 112 37
32966 14 92
32967 15 92
32968 102 63
32969 113 33
32970 112 33
32971 14 92
32972 15 92
32973 113 33
32974 103 63
32975 102 63
32976 113 37
32977 93 32
32978 112 33
32979 92 32
32980 113 33
32981 14 92
32982 103 63
32983 112 37
32984 113 37
32985 112 37
32986 15 92
32987 14 92
32988 93 32
32989 15 92
32990 113 37
32991 14 92
32992 92 32
32993 93 32
32994 102 63
32995 112 37
32996 15 92
32997 14 92
32998 15 92
32999 103 63
33000 112 33
33001 113 37
33002 92 32
33003 93 32
33004 92 32
33005 112 37
33006 93 32
33007 14 92
33008 102 63
33009 113 37
33010 113 33
33011 92 32
33012 112 37
33013 15 92
33014 113 37
33015 112 37
33016 112 33
33017 103 63
33018 113 37
33019 14 92
33020 102 63
33021 112 37
33022 113 33
33023 112 33
33024 15 92
33025 14 92
33026 113 33
33027 112 33
33028 93 32
33029 103 63
33030 102 63
33031 15 92
33032 113 37
33033 103 63
33034 113 33
33035 112 37
33036 92 32
33037 14 92
33038 102 63
33039 93 32
33040 15 92
33041 103 63
33042 92 32
33043 112 33
33044 113 33
33045 14 92
33046 15 92
33047 113 37
33048 102 63
33049 112 37
33050 103 63
33051 113 37
33052 93 32
33053 102 63
33054 112 33
33055 112 37
33056 113 33
33057 103 63
33058 14 92
33059 15 92
33060 102 63
33061 112 33
33062 103 63
33063 92 32
33064 113 37
33065 93 32
33066 102 63
33067 92 32
33068 14 92
33069 15 92
33070 14 92
33071 15 92
33072 112 37
33073 103 63
33074 14 92
33075 93 32
33076 15 92
33077 92 32
33078 14 92
33079 113 33
33080 93 32
33081 15 92
33082 92 32
33083 113 37
33084 14 92
33085 112 33
33086 93 32
33087 113 33
33088 92 32
33089 112 37
33090 113 37
33091 112 37
33092 15 92
33093 14 92
33094 113 37
33095 93 32
33096 112 37
33097 113 37
33098 112 37
33099 92 32
33100 93 32
33101 92 32
33102 113 37
33103 102 63
33104 93 32
33105 112 37
33106 92 32
33107 103 63
33108 15 92
33109 14 92
33110 15 92
33111 112 33
33112 14 92
33113 93 32
33114 15 92
33115 102 63
33116 14 92
33117 92 32
33118 113 37
33119 112 37
33120 15 92
33121 14 92
33122 93 32
33123 113 33
33124 15 92
33125 113 37
33126 103 63
33127 112 33
33128 113 33
33129 92 32
33130 102 63
33131 14 92
33132 15 92
33133 103 63
33134 14 92
33135 15 92
33136 14 92
33137 15 92
33138 93 32
33139 14 92
33140 102 63
33141 112 33
33142 113 33
33143 15 92
33144 112 37
33145 112 33
33146 14 92
33147 113 33
33148 103 63
33149 92 32
33150 93 32
33151 113 37
33152 112 37
33153 112 33
33154 102 63
33155 113 37
33156 103 63
33157 112 37
33158 92 32
33159 113 33
33160 102 63
33161 93 32
33162 112 33
33163 15 92
33164 113 33
33165 103 63
33166 14 92
33167 15 92
33168 14 92
33169 102 63
33170 113 37
33171 112 33
33172 103 63
33173 15 92
33174 92 32
33175 14 92
33176 102 63
33177 15 92
33178 103 63
33179 14 92
33180 102 63
33181 112 37
33182 113 37
33183 93 32
33184 113 33
33185 112 33
33186 15 92
33187 113 33
33188 92 32
33189 93 32
33190 112 37
33191 92 32
33192 14 92
33193 15 92
33194 14 92
33195 103 63
33196 93 32
33197 112 33
33198 113 33
33199 15 92
33200 14 92
33201 102 63
33202 15 92
33203 103 63
33204 113 37
33205 14 92
33206 92 32
33207 112 33
33208 112 37
33209 93 32
33210 15 92
33211 113 33
33212 14 92
33213 102 63
33214 112 33
33215 113 33
33216 103 63
33217 112 33
33218 92 32
33219 113 37
33220 113 33
33221 112 37
33222 15 92
33223 112 33
33224 93 32
33225 14 92
33226 15 92
33227 113 37
33228 102 63
33229 14 92
33230 113 33
33231 92 32
33232 112 33
33233 113 33
33234 112 33
33235 113 33
33236 112 33
33237 112 37
33238 113 33
33239 93 32
33240 92 32
33241 93 32
33242 112 33
33243 113 37
33244 103 63
33245 113 33
33246 112 37
33247 102 63
33248 112 33
33249 103 63
33250 92 32
33251 93 32
33252 113 33
33253 15 92
33254 113 37
33255 14 92
33256 15 92
33257 92 32
33258 102 63
33259 112 37
33260 112 33
33261 113 37
33262 112 37
33263 93 32
33264 14 92
33265 15 92
33266 113 33
33267 14 92
33268 112 33
33269 92 32
33270 15 92
33271 103 63
33272 93 32
33273 113 37
33274 92 32
33275 113 33
33276 112 33
33277 93 32
33278 112 37
33279 113 33
33280 102 63
33281 112 33
33282 92 32
33283 14 92
33284 113 37
33285 103 63
33286 102 63
33287 112 37
33288 113 33
33289 15 92
33290 93 32
33291 103 63
33292 113 37
33293 112 37
33294 92 32
33295 113 37
33296 14 92
33297 112 33
33298 112 37
33299 93 32
33300 102 63
33301 113 37
33302 112 37
33303 92 32
33304 15 92
33305 93 32
33306 103 63
33307 92 32
33308 93 32
33309 113 33
33310 14 92
33311 15 92
33312 14 92
33313 113 37
33314 102 63
33315 103 63
33316 102 63
33317 92 32
33318 93 32
33319 112 33
33320 92 32
33321 103 63
33322 93 32
33323 113 33
33324 112 37
33325 15 92
33326 102 63
33327 92 32
33328 113 37
33329 112 33
33330 112 37
33331 113 33
33332 112 33
33333 113 37
33334 113 33
33335 103 63
33336 14 92
33337 102 63
33338 103 63
33339 112 33
33340 15 92
33341 14 92
33342 112 37
33343 113 37
33344 112 37
33345 15 92
33346 93 32
33347 92 32
33348 113 33
33349 112 33
33350 113 33
33351 113 37
33352 112 33
33353 102 63
33354 103 63
33355 113 33
33356 112 33
33357 112 37
33358 93 32
33359 113 37
33360 102 63
33361 103 63
33362 102 63
33363 92 32
33364 103 63
33365 93 32
33366 14 92
33367 92 32
33368 112 37
33369 113 33
33370 15 92
33371 113 37
33372 112 33
33373 102 63
33374 93 32
33375 113 33
33376 92 32
33377 112 33
33378 103 63
33379 112 37
33380 102 63
33381 93 32
33382 14 92
33383 15 92
33384 113 33
33385 113 37
33386 14 92
33387 15 92
33388 14 92
33389 112 33
33390 15 92
33391 113 33
33392 14 92
33393 112 33
33394 15 92
33395 103 63
33396 14 92
33397 15 92
33398 14 92
33399 92 32
33400 113 33
33401 93 32
33402 15 92
33403 112 33
33404 112 37
33405 14 92
33406 15 92
33407 102 63
33408 92 32
33409 103 63
33410 113 33
33411 93 32
33412 113 37
33413 14 92
33414 15 92
33415 112 37
33416 102 63
33417 112 33
33418 92 32
33419 14 92
33420 93 32
33421 92 32
33422 113 33
33423 103 63
33424 112 33
33425 93 32
33426 113 33
33427 15 92
33428 102 63
33429 103 63
33430 14 92
33431 112 33
33432 15 92
33433 113 37
33434 112 37
33435 113 37
33436 112 37
33437 113 37
33438 92 32
33439 14 92
33440 93 32
33441 112 37
33442 102 63
33443 15 92
33444 113 33
33445 103 63
33446 14 92
33447 92 32
33448 93 32
33449 15 92
33450 112 33
33451 113 33
33452 102 63
33453 14 92
33454 113 37
33455 112 33
33456 113 33
33457 112 33
33458 92 32
33459 103 63
33460 113 33
33461 93 32
33462 112 37
33463 112 33
33464 102 63
33465 113 33
33466 92 32
33467 103 63
33468 15 92
33469 102 63
33470 14 92
33471 113 37
33472 112 37
33473 112 33
33474 113 33
33475 103 63
33476 93 32
33477 102 63
33478 113 37
33479 112 33
33480 103 63
33481 92 32
33482 112 37
33483 15 92
33484 93 32
33485 113 37
33486 112 37
33487 92 32
33488 93 32
33489 92 32
33490 93 32
33491 92 32
33492 93 32
33493 92 32
33494 113 33
33495 93 32
33496 102 63
33497 14 92
33498 103 63
33499 112 33
33500 15 92
33501 102 63
33502 92 32
33503 14 92
33504 113 37
33505 103 63
33506 113 33
33507 112 37
33508 113 37
33509 112 37
33510 112 33
33511 113 37
33512 93 32
33513 92 32
33514 102 63
33515 93 32
33516 103 63
33517 15 92
33518 92 32
33519 93 32
33520 113 33
33521 112 37
33522 113 37
33523 14 92
33524 15 92
33525 92 32
33526 93 32
33527 92 32
33528 102 63
33529 103 63
33530 102 63
33531 93 32
33532 112 37
33533 103 63
33534 92 32
33535 93 32
33536 102 63
33537 112 33
33538 14 92
33539 113 33
33540 103 63
33541 15 92
33542 14 92
33543 92 32
33544 112 33
33545 102 63
33546 15 92
33547 14 92
33548 15 92
33549 113 33
33550 93 32
33551 112 33
33552 14 92
33553 113 33
33554 92 32
33555 93 32
33556 113 37
33557 112 33
33558 92 32
33559 15 92
33560 113 33
33561 14 92
33562 103 63
33563 93 32
33564 15 92
33565 102 63
33566 112 33
33567 92 32
33568 103 63
33569 102 63
33570 113 33
33571 14 92
33572 103 63
33573 112 33
33574 113 33
33575 93 32
33576 112 37
33577 112 33
33578 113 37
33579 112 37
33580 113 37
33581 113 33
33582 102 63
33583 103 63
33584 92 32
33585 112 37
33586 113 37
33587 112 37
33588 93 32
33589 112 33
33590 92 32
33591 113 37
33592 102 63
33593 93 32
33594 113 33
33595 112 37
33596 113 37
33597 15 92
33598 92 32
33599 112 37
33600 103 63
33601 14 92
33602 112 33
33603 93 32
33604 92 32
33605 102 63
33606 15 92
33607 103 63
33608 113 37
33609 14 92
33610 15 92
33611 113 33
33612 102 63
33613 93 32
33614 14 92
33615 92 32
33616 15 92
33617 103 63
33618 102 63
33619 93 32
33620 112 33
33621 112 37
33622 113 37
33623 103 63
33624 14 92
33625 15 92
33626 113 33
33627 14 92
33628 92 32
33629 112 37
33630 113 37
33631 112 33
33632 93 32
33633 112 37
33634 113 37
33635 112 37
33636 113 33
33637 112 33
33638 92 32
33639 15 92
33640 93 32
33641 102 63
33642 103 63
33643 92 32
33644 113 37
33645 102 63
33646 103 63
33647 93 32
33648 113 33
33649 14 92
33650 112 37
33651 92 32
33652 15 92
33653 14 92
33654 112 33
33655 113 37
33656 112 37
33657 93 32
33658 92 32
33659 113 37
33660 93 32
33661 15 92
33662 113 33
33663 102 63
33664 112 37
33665 112 33
33666 14 92
33667 15 92
33668 113 37
33669 113 33
33670 103 63
33671 14 92
33672 92 32
33673 112 37
33674 113 37
33675 112 37
33676 93 32
33677 112 33
33678 92 32
33679 93 32
33680 15 92
33681 102 63
33682 113 33
33683 103 63
33684 113 37
33685 92 32
33686 112 37
33687 102 63
33688 14 92
33689 103 63
33690 102 63
33691 15 92
33692 103 63
33693 112 33
33694 113 37
33695 93 32
33696 102 63
33697 103 63
33698 14 92
33699 113 33
33700 112 33
33701 113 33
33702 15 92
33703 14 92
33704 112 37
33705 92 32
33706 102 63
33707 93 32
33708 113 37
33709 112 33
33710 103 63
33711 112 37
33712 102 63
33713 92 32
33714 93 32
33715 113 33
33716 15 92
33717 112 33
33718 14 92
33719 113 33
33720 112 33
33721 15 92
33722 92 32
33723 113 37
33724 103 63
33725 14 92
33726 113 33
33727 93 32
33728 15 92
33729 14 92
33730 92 32
33731 112 33
33732 112 37
33733 93 32
33734 15 92
33735 113 37
33736 14 92
33737 102 63
33738 92 32
33739 93 32
33740 103 63
33741 15 92
33742 92 32
33743 112 37
33744 102 63
33745 113 37
33746 93 32
33747 113 33
33748 103 63
33749 112 37
33750 14 92
33751 102 63
33752 15 92
33753 113 37
33754 112 33
33755 103 63
33756 92 32
33757 14 92
33758 112 37
33759 93 32
33760 15 92
33761 102 63
33762 14 92
33763 92 32
33764 113 37
33765 113 33
33766 93 32
33767 112 33
33768 15 92
33769 14 92
33770 113 33
33771 92 32
33772 112 37
33773 15 92
33774 14 92
33775 113 37
33776 112 33
33777 103 63
33778 15 92
33779 102 63
33780 93 32
33781 92 32
33782 113 33
33783 112 37
33784 113 37
33785 93 32
33786 112 37
33787 92 32
33788 103 63
33789 93 32
33790 14 92
33791 15 92
33792 14 92
33793 102 63
33794 103 63
33795 92 32
33796 15 92
33797 14 92
33798 102 63
33799 103 63
33800 15 92
33801 93 32
33802 92 32
33803 93 32
33804 102 63
33805 112 33
33806 113 33
33807 103 63
33808 112 33
33809 14 92
33810 102 63
33811 15 92
33812 103 63
33813 113 37
33814 113 33
33815 112 33
33816 113 33
33817 92 32
33818 112 37
33819 102 63
33820 14 92
33821 103 63
33822 15 92
33823 102 63
33824 113 37
33825 112 33
33826 14 92
33827 103 63
33828 113 33
33829 93 32
33830 112 37
33831 92 32
33832 112 33
33833 102 63
33834 113 37
33835 112 37
33836 93 32
33837 103 63
33838 92 32
33839 15 92
33840 102 63
33841 103 63
33842 113 37
33843 93 32
33844 113 33
33845 102 63
33846 103 63
33847 112 37
33848 112 33
33849 14 92
33850 113 33
33851 92 32
33852 15 92
33853 102 63
33854 93 32
33855 113 37
33856 92 32
33857 103 63
33858 93 32
33859 92 32
33860 102 63
33861 93 32
33862 92 32
33863 93 32
33864 112 37
33865 103 63
33866 102 63
33867 14 92
33868 103 63
33869 102 63
33870 92 32
33871 93 32
33872 15 92
33873 112 33
33874 92 32
33875 93 32
33876 14 92
33877 103 63
33878 92 32
33879 93 32
33880 92 32
33881 102 63
33882 103 63
33883 113 33
33884 113 37
33885 112 33
33886 93 32
33887 112 37
33888 113 37
33889 112 37
33890 113 37
33891 15 92
33892 14 92
33893 92 32
33894 113 33
33895 112 33
33896 15 92
33897 113 33
33898 93 32
33899 112 33
33900 113 33
33901 14 92
33902 112 33
33903 112 37
33904 113 33
33905 102 63
33906 103 63
33907 92 32
33908 15 92
33909 14 92
33910 102 63
33911 103 63
33912 15 92
33913 113 37
33914 102 63
33915 103 63
33916 14 92
33917 93 32
33918 15 92
33919 92 32
33920 112 33
33921 14 92
33922 102 63
33923 93 32
33924 15 92
33925 92 32
33926 112 37
33927 103 63
33928 113 33
33929 113 37
33930 112 37
33931 112 33
33932 102 63
33933 113 37
33934 93 32
33935 103 63
33936 112 37
33937 102 63
33938 113 33
33939 103 63
33940 14 92
33941 112 33
33942 92 32
33943 93 32
33944 92 32
33945 113 37
33946 93 32
33947 113 33
33948 102 63
33949 15 92
33950 103 63
33951 102 63
33952 112 33
33953 112 37
33954 113 33
33955 103 63
33956 112 33
33957 14 92
33958 113 37
33959 92 32
33960 113 33
33961 93 32
33962 112 33
33963 113 33
33964 92 32
33965 93 32
33966 102 63
33967 15 92
33968 14 92
33969 112 33
33970 113 33
33971 15 92
33972 112 33
33973 92 32
33974 93 32
33975 103 63
33976 102 63
33977 112 37
33978 113 33
33979 14 92
33980 15 92
33981 14 92
33982 103 63
33983 113 37
33984 92 32
33985 93 32
33986 102 63
33987 15 92
33988 92 32
33989 112 33
33990 103 63
33991 93 32
33992 112 37
33993 102 63
33994 92 32
33995 113 37
33996 103 63
33997 14 92
33998 93 32
33999 92 32
34000 15 92
34001 102 63
34002 93 32
34003 112 37
34004 14 92
34005 92 32
34006 15 92
34007 93 32
34008 103 63
34009 113 37
34010 102 63
34011 112 37
34012 113 37
34013 92 32
34014 113 33
34015 103 63
34016 112 33
34017 112 37
34018 14 92
34019 113 37
34020 15 92
34021 14 92
34022 102 63
34023 113 33
34024 112 37
34025 112 33
34026 93 32
34027 103 63
34028 15 92
34029 113 33
34030 113 37
34031 102 63
34032 112 37
34033 112 33
34034 14 92
34035 92 32
34036 15 92
34037 103 63
34038 113 37
34039 113 33
34040 112 37
34041 93 32
34042 113 37
34043 112 37
34044 92 32
34045 102 63
34046 113 37
34047 93 32
34048 14 92
34049 103 63
34050 92 32
34051 112 37
34052 93 32
34053 113 37
34054 112 37
34055 92 32
34056 102 63
34057 93 32
34058 103 63
34059 113 37
34060 112 33
34061 112 37
34062 15 92
34063 92 32
34064 93 32
34065 92 32
34066 113 33
34067 113 37
34068 112 33
34069 102 63
34070 113 33
34071 14 92
34072 93 32
34073 92 32
34074 112 33
34075 103 63
34076 112 37
34077 113 37
34078 93 32
34079 15 92
34080 102 63
34081 92 32
34082 93 32
34083 113 33
34084 112 37
34085 103 63
34086 113 37
34087 102 63
34088 112 37
34089 14 92
34090 113 37
34091 103 63
34092 92 32
34093 102 63
34094 103 63
34095 93 32
34096 92 32
34097 112 37
34098 112 33
34099 113 33
34100 15 92
34101 102 63
34102 103 63
34103 102 63
34104 93 32
34105 112 33
34106 113 33
34107 103 63
34108 102 63
34109 92 32
34110 103 63
34111 14 92
34112 113 37
34113 93 32
34114 112 33
34115 113 33
34116 102 63
34117 103 63
34118 15 92
34119 102 63
34120 112 33
34121 113 33
34122 92 32
34123 103 63
34124 102 63
34125 103 63
34126 112 33
34127 93 32
34128 113 33
34129 112 33
34130 113 33
34131 92 32
34132 14 92
34133 93 32
34134 15 92
34135 92 32
34136 14 92
34137 102 63
34138 93 32
34139 112 37
34140 15 92
34141 103 63
34142 113 37
34143 112 37
34144 14 92
34145 102 63
34146 15 92
34147 92 32
34148 112 33
34149 14 92
34150 15 92
34151 113 37
34152 113 33
34153 103 63
34154 14 92
34155 112 37
34156 93 32
34157 112 33
34158 113 37
34159 92 32
34160 15 92
34161 113 33
34162 102 63
34163 93 32
34164 112 33
34165 14 92
34166 103 63
34167 102 63
34168 92 32
34169 93 32
34170 92 32
34171 93 32
34172 92 32
34173 112 37
34174 113 37
34175 93 32
34176 15 92
34177 14 92
34178 113 33
34179 103 63
34180 15 92
34181 14 92
34182 15 92
34183 92 32
34184 14 92
34185 102 63
34186 93 32
34187 103 63
34188 92 32
34189 93 32
34190 92 32
34191 102 63
34192 103 63
34193 112 37
34194 102 63
34195 103 63
34196 15 92
34197 93 32
34198 102 63
34199 113 37
34200 103 63
34201 92 32
34202 93 32
34203 112 37
34204 112 33
34205 102 63
34206 103 63
34207 113 37
34208 92 32
34209 112 37
34210 14 92
34211 113 33
34212 113 37
34213 112 33
34214 93 32
34215 113 33
34216 112 37
34217 102 63
34218 113 37
34219 103 63
34220 15 92
34221 14 92
34222 112 33
34223 112 37
34224 113 33
34225 15 92
34226 112 33
34227 113 33
34228 14 92
34229 102 63
34230 92 32
34231 103 63
34232 93 32
34233 102 63
34234 113 37
34235 15 92
34236 14 92
34237 103 63
34238 15 92
34239 112 37
34240 92 32
34241 93 32
34242 92 32
34243 112 33
34244 113 37
34245 93 32
34246 112 37
34247 14 92
34248 102 63
34249 113 33
34250 113 37
34251 92 32
34252 103 63
34253 112 33
34254 102 63
34255 103 63
34256 15 92
34257 102 63
34258 103 63
34259 93 32
34260 92 32
34261 102 63
34262 113 33
34263 14 92
34264 112 33
34265 93 32
34266 112 37
34267 103 63
34268 15 92
34269 113 33
34270 14 92
34271 113 37
34272 15 92
34273 112 37
34274 14 92
34275 112 33
34276 92 32
34277 15 92
34278 93 32
34279 102 63
34280 103 63
34281 113 33
34282 113 37
34283 112 33
34284 14 92
34285 102 63
34286 113 33
34287 92 32
34288 112 33
34289 112 37
34290 15 92
34291 93 32
34292 92 32
34293 113 33
34294 112 33
34295 103 63
34296 93 32
34297 92 32
34298 102 63
34299 113 37
34300 113 33
34301 112 37
34302 112 33
34303 14 92
34304 15 92
34305 113 37
34306 14 92
34307 103 63
34308 15 92
34309 102 63
34310 93 32
34311 103 63
34312 102 63
34313 112 37
34314 113 33
34315 103 63
34316 113 37
34317 112 37
34318 102 63
34319 14 92
34320 103 63
34321 102 63
34322 112 33
34323 103 63
34324 92 32
34325 113 33
34326 113 37
34327 93 32
34328 112 37
34329 92 32
34330 15 92
34331 14 92
34332 112 33
34333 15 92
34334 14 92
34335 93 32
34336 113 33
34337 102 63
34338 15 92
34339 92 32
34340 113 37
34341 103 63
34342 102 63
34343 14 92
34344 103 63
34345 15 92
34346 112 33
34347 14 92
34348 112 37
34349 113 33
34350 102 63
34351 113 37
34352 15 92
34353 93 32
34354 92 32
34355 103 63
34356 112 33
34357 14 92
34358 93 32
34359 92 32
34360 93 32
34361 113 33
34362 92 32
34363 102 63
34364 103 63
34365 112 33
34366 102 63
34367 93 32
34368 103 63
34369 113 33
34370 112 33
34371 113 33
34372 92 32
34373 112 37
34374 113 37
34375 93 32
34376 102 63
34377 15 92
34378 112 33
34379 112 37
34380 103 63
34381 113 33
34382 112 33
34383 102 63
34384 113 33
34385 103 63
34386 113 37
34387 102 63
34388 112 33
34389 92 32
34390 112 37
34391 113 33
34392 14 92
34393 103 63
34394 93 32
34395 112 33
34396 15 92
34397 113 37
34398 113 33
34399 112 37
34400 112 33
34401 113 37
34402 92 32
34403 14 92
34404 113 33
34405 93 32
34406 102 63
34407 103 63
34408 112 33
34409 113 33
34410 112 37
34411 112 33
34412 92 32
34413 102 63
34414 93 32
34415 15 92
34416 113 37
34417 112 37
34418 92 32
34419 113 37
34420 93 32
34421 14 92
34422 113 33
34423 103 63
34424 112 33
34425 112 37
34426 15 92
34427 113 37
34428 92 32
34429 102 63
34430 113 33
34431 112 33
34432 103 63
34433 113 33
34434 112 37
34435 113 37
34436 112 37
34437 102 63
34438 14 92
34439 113 37
34440 15 92
34441 14 92
34442 93 32
34443 112 37
34444 15 92
34445 92 32
34446 103 63
34447 14 92
34448 15 92
34449 113 37
34450 102 63
34451 93 32
34452 14 92
34453 15 92
34454 92 32
34455 112 37
34456 93 32
34457 113 37
34458 14 92
34459 112 33
34460 112 37
34461 92 32
34462 113 33
34463 112 33
34464 103 63
34465 102 63
34466 103 63
34467 102 63
34468 93 32
34469 113 37
34470 112 37
34471 113 33
34472 112 33
34473 103 63
34474 15 92
34475 113 37
34476 113 33
34477 92 32
34478 102 63
34479 112 33
34480 113 33
34481 112 37
34482 93 32
34483 112 33
34484 103 63
34485 102 63
34486 92 32
34487 14 92
34488 103 63
34489 113 37
34490 102 63
34491 113 33
34492 103 63
34493 15 92
34494 102 63
34495 103 63
34496 102 63
34497 112 33
34498 113 33
34499 93 32
34500 92 32
34501 112 37
34502 112 33
34503 93 32
34504 113 37
34505 14 92
34506 15 92
34507 92 32
34508 112 37
34509 113 37
34510 93 32
34511 112 37
34512 92 32
34513 113 33
34514 14 92
34515 93 32
34516 92 32
34517 15 92
34518 112 33
34519 14 92
34520 113 33
34521 15 92
34522 14 92
34523 103 63
34524 113 37
34525 112 33
34526 15 92
34527 93 32
34528 113 33
34529 92 32
34530 93 32
34531 112 37
34532 113 37
34533 14 92
34534 102 63
34535 103 63
34536 15 92
34537 92 32
34538 14 92
34539 102 63
34540 103 63
34541 112 37
34542 15 92
34543 14 92
34544 93 32
34545 112 33
34546 92 32
34547 102 63
34548 93 32
34549 113 37
34550 15 92
34551 14 92
34552 113 33
34553 103 63
34554 15 92
34555 102 63
34556 112 33
34557 92 32
34558 14 92
34559 103 63
34560 112 37
34561 15 92
34562 93 32
34563 102 63
34564 113 37
34565 112 37
34566 103 63
34567 102 63
34568 113 37
34569 113 33
34570 103 63
34571 14 92
34572 92 32
34573 102 63
34574 112 33
34575 112 37
34576 93 32
34577 15 92
34578 103 63
34579 113 37
34580 113 33
34581 102 63
34582 112 37
34583 14 92
34584 112 33
34585 113 33
34586 113 37
34587 92 32
34588 103 63
34589 102 63
34590 15 92
34591 103 63
34592 102 63
34593 14 92
34594 112 37
34595 103 63
34596 112 33
34597 93 32
34598 113 33
34599 113 37
34600 112 33
34601 102 63
34602 113 33
34603 112 33
34604 103 63
34605 15 92
34606 14 92
34607 15 92
34608 92 32
34609 113 33
34610 112 37
34611 112 33
34612 102 63
34613 113 37
34614 103 63
34615 102 63
34616 93 32
34617 14 92
34618 92 32
34619 112 37
34620 103 63
34621 102 63
34622 113 33
34623 93 32
34624 15 92
34625 92 32
34626 112 33
34627 14 92
34628 103 63
34629 93 32
34630 92 32
34631 113 37
34632 113 33
34633 93 32
34634 102 63
34635 92 32
34636 15 92
34637 14 92
34638 112 37
34639 113 37
34640 93 32
34641 103 63
34642 112 33
34643 92 32
34644 102 63
34645 103 63
34646 93 32
34647 15 92
34648 92 32
34649 93 32
34650 113 33
34651 92 32
34652 112 33
34653 102 63
34654 14 92
34655 103 63
34656 112 37
34657 15 92
34658 113 37
34659 102 63
34660 103 63
34661 112 37
34662 14 92
34663 102 63
34664 113 33
34665 103 63
34666 113 37
34667 112 37
34668 93 32
34669 112 33
34670 102 63
34671 113 37
34672 113 33
34673 92 32
34674 112 33
34675 113 33
34676 15 92
34677 103 63
34678 93 32
34679 112 37
34680 92 32
34681 112 33
34682 14 92
34683 113 33
34684 102 63
34685 112 33
34686 113 37
34687 103 63
34688 112 37
34689 102 63
34690 93 32
34691 15 92
34692 103 63
34693 102 63
34694 92 32
34695 103 63
34696 93 32
34697 102 63
34698 103 63
34699 92 32
34700 113 33
34701 113 37
34702 14 92
34703 112 33
34704 112 37
34705 93 32
34706 113 37
34707 113 33
34708 112 33
34709 15 92
34710 112 37
34711 14 92
34712 15 92
34713 92 32
34714 102 63
34715 14 92
34716 103 63
34717 93 32
34718 102 63
34719 113 33
34720 15 92
34721 92 32
34722 14 92
34723 103 63
34724 15 92
34725 112 33
34726 113 37
34727 113 33
34728 14 92
34729 112 37
34730 15 92
34731 14 92
34732 102 63
34733 15 92
34734 14 92
34735 103 63
34736 93 32
34737 15 92
34738 92 32
34739 113 37
34740 112 37
34741 112 33
34742 113 33
34743 113 37
34744 112 37
34745 102 63
34746 103 63
34747 93 32
34748 92 32
34749 14 92
34750 112 33
34751 113 37
34752 15 92
34753 14 92
34754 113 33
34755 112 37
34756 15 92
34757 93 32
34758 14 92
34759 113 37
34760 102 63
34761 15 92
34762 112 37
34763 14 92
34764 92 32
34765 103 63
34766 112 33
34767 113 37
34768 93 32
34769 113 33
34770 112 37
34771 102 63
34772 103 63
34773 112 33
34774 15 92
34775 113 37
34776 102 63
34777 103 63
34778 14 92
34779 92 32
34780 93 32
34781 15 92
34782 14 92
34783 102 63
34784 103 63
34785 113 33
34786 15 92
34787 14 92
34788 112 37
34789 15 92
34790 14 92
34791 92 32
34792 113 37
34793 112 33
34794 102 63
34795 93 32
34796 92 32
34797 93 32
34798 112 37
34799 92 32
34800 113 33
34801 15 92
34802 113 37
34803 14 92
34804 112 37
34805 103 63
34806 15 92
34807 112 33
34808 113 37
34809 102 63
34810 93 32
34811 112 37
34812 103 63
34813 113 33
34814 92 32
34815 102 63
34816 112 33
34817 113 33
34818 113 37
34819 112 33
34820 93 32
34821 103 63
34822 92 32
34823 102 63
34824 14 92
34825 112 37
34826 93 32
34827 113 33
34828 15 92
34829 112 33
34830 113 33
34831 112 33
34832 113 37
34833 92 32
34834 112 37
34835 93 32
34836 14 92
34837 15 92
34838 113 33
34839 92 32
34840 93 32
34841 103 63
34842 112 33
34843 102 63
34844 14 92
34845 113 37
34846 15 92
34847 14 92
34848 15 92
34849 14 92
34850 113 33
34851 15 92
34852 92 32
34853 103 63
34854 93 32
34855 14 92
34856 112 33
34857 15 92
34858 113 33
34859 112 37
34860 112 33
34861 102 63
34862 92 32
34863 113 37
34864 93 32
34865 112 37
34866 14 92
34867 103 63
34868 102 63
34869 113 33
34870 92 32
34871 15 92
34872 112 33
34873 113 37
34874 113 33
34875 93 32
34876 103 63
34877 92 32
34878 112 37
34879 113 37
34880 14 92
34881 112 37
34882 112 33
34883 113 37
34884 102 63
34885 113 33
34886 112 37
34887 113 37
34888 103 63
34889 112 37
34890 102 63
34891 15 92
34892 14 92
34893 93 32
34894 92 32
34895 93 32
34896 112 33
34897 15 92
34898 103 63
34899 14 92
34900 113 37
34901 112 37
34902 15 92
34903 102 63
34904 92 32
34905 103 63
34906 102 63
34907 14 92
34908 113 37
34909 15 92
34910 103 63
34911 14 92
34912 102 63
34913 93 32
34914 112 37
34915 15 92
34916 113 33
34917 112 33
34918 113 33
34919 103 63
34920 112 33
34921 113 37
34922 102 63
34923 103 63
34924 14 92
34925 113 33
34926 15 92
34927 92 32
34928 112 37
34929 113 37
34930 14 92
34931 15 92
34932 14 92
34933 112 37
34934 113 37
34935 15 92
34936 112 33
34937 113 33
34938 112 33
34939 93 32
34940 112 37
34941 113 33
34942 92 32
34943 113 37
34944 102 63
34945 112 33
34946 93 32
34947 113 33
34948 14 92
34949 103 63
34950 92 32
34951 93 32
34952 112 33
34953 15 92
34954 102 63
34955 92 32
34956 93 32
34957 113 33
34958 112 37
34959 113 37
34960 112 37
34961 113 37
34962 92 32
34963 93 32
34964 92 32
34965 112 37
34966 14 92
34967 113 37
34968 112 33
34969 93 32
34970 112 37
34971 113 33
34972 103 63
34973 92 32
34974 93 32
34975 15 92
34976 14 92
34977 92 32
34978 102 63
34979 112 33
34980 113 33
34981 112 33
34982 93 32
34983 113 37
34984 113 33
34985 112 33
34986 112 37
34987 15 92
34988 113 33
34989 14 92
34990 15 92
34991 14 92
34992 112 33
34993 92 32
34994 15 92
34995 103 63
34996 113 33
34997 112 33
34998 113 37
34999 14 92
35000 112 37
35001 113 33
35002 102 63
35003 93 32
35004 103 63
35005 92 32
35006 113 37
35007 102 63
35008 93 32
35009 103 63
35010 92 32
35011 102 63
35012 103 63
35013 15 92
35014 112 33
35015 93 32
35016 113 33
35017 92 32
35018 14 92
35019 93 32
35020 112 37
35021 112 33
35022 102 63
35023 113 33
35024 112 33
35025 103 63
35026 113 33
35027 92 32
35028 113 37
35029 102 63
35030 93 32
35031 92 32
35032 112 37
35033 113 37
35034 112 33
35035 113 33
35036 93 32
35037 112 37
35038 113 37
35039 103 63
35040 92 32
35041 15 92
35042 14 92
35043 102 63
35044 112 33
35045 93 32
35046 113 33
35047 15 92
35048 92 32
35049 103 63
35050 112 37
35051 14 92
35052 93 32
35053 113 37
35054 112 33
35055 102 63
35056 103 63
35057 92 32
35058 112 37
35059 93 32
35060 15 92
35061 113 33
35062 113 37
35063 92 32
35064 93 32
35065 112 33
35066 14 92
35067 15 92
35068 14 92
35069 112 37
35070 92 32
35071 113 33
35072 15 92
35073 14 92
35074 113 37
35075 93 32
35076 102 63
35077 92 32
35078 93 32
35079 112 33
35080 92 32
35081 103 63
35082 15 92
35083 112 37
35084 14 92
35085 15 92
35086 113 37
35087 14 92
35088 112 37
35089 113 33
35090 93 32
35091 92 32
35092 112 33
35093 113 33
35094 102 63
35095 15 92
35096 112 33
35097 113 37
35098 93 32
35099 113 33
35100 92 32
35101 112 37
35102 112 33
35103 113 33
35104 112 33
35105 14 92
35106 113 33
35107 112 33
35108 93 32
35109 113 33
35110 15 92
35111 103 63
35112 14 92
35113 102 63
35114 15 92
35115 14 92
35116 103 63
35117 113 37
35118 102 63
35119 15 92
35120 112 33
35121 113 33
35122 112 37
35123 103 63
35124 113 37
35125 112 37
35126 102 63
35127 112 33
35128 113 37
35129 14 92
35130 15 92
35131 92 32
35132 113 33
35133 14 92
35134 112 33
35135 93 32
35136 113 33
35137 92 32
35138 93 32
35139 15 92
35140 103 63
35141 112 37
35142 102 63
35143 112 33
35144 14 92
35145 103 63
35146 113 37
35147 92 32
35148 102 63
35149 113 33
35150 112 37
35151 93 32
35152 15 92
35153 103 63
35154 112 33
35155 14 92
35156 113 37
35157 102 63
35158 15 92
35159 92 32
35160 112 37
35161 93 32
35162 113 37
35163 103 63
35164 113 33
35165 102 63
35166 103 63
35167 112 37
35168 112 33
35169 14 92
35170 113 37
35171 92 32
35172 93 32
35173 112 37
35174 102 63
35175 92 32
35176 113 37
35177 103 63
35178 93 32
35179 112 37
35180 113 37
35181 15 92
35182 112 37
35183 92 32
35184 102 63
35185 103 63
35186 102 63
35187 103 63
35188 14 92
35189 113 37
35190 15 92
35191 14 92
35192 102 63
35193 112 37
35194 15 92
35195 14 92
35196 103 63
35197 93 32
35198 92 32
35199 102 63
35200 103 63
35201 113 33
35202 15 92
35203 93 32
35204 14 92
35205 112 33
35206 15 92
35207 92 32
35208 14 92
35209 113 33
35210 113 37
35211 102 63
35212 15 92
35213 112 33
35214 112 37
35215 93 32
35216 92 32
35217 93 32
35218 113 37
35219 92 32
35220 113 33
35221 14 92
35222 112 37
35223 15 92
35224 112 33
35225 93 32
35226 113 33
35227 103 63
35228 112 33
35229 92 32
35230 113 37
35231 113 33
35232 112 33
35233 112 37
35234 113 37
35235 102 63
35236 103 63
35237 102 63
35238 14 92
35239 112 37
35240 103 63
35241 93 32
35242 113 33
35243 102 63
35244 113 37
35245 112 37
35246 113 37
35247 112 33
35248 103 63
35249 92 32
35250 93 32
35251 113 33
35252 102 63
35253 112 33
35254 103 63
35255 92 32
35256 102 63
35257 112 37
35258 113 33
35259 103 63
35260 113 37
35261 102 63
35262 103 63
35263 112 37
35264 113 37
35265 112 33
35266 102 63
35267 93 32
35268 92 32
35269 113 33
35270 112 37
35271 113 37
35272 103 63
35273 112 37
35274 93 32
35275 113 37
35276 102 63
35277 15 92
35278 92 32
35279 112 33
35280 103 63
35281 112 37
35282 14 92
35283 113 33
35284 112 33
35285 102 63
35286 93 32
35287 92 32
35288 103 63
35289 113 37
35290 112 37
35291 15 92
35292 102 63
35293 113 33
35294 113 37
35295 14 92
35296 15 92
35297 14 92
35298 103 63
35299 112 33
35300 102 63
35301 15 92
35302 14 92
35303 15 92
35304 103 63
35305 112 37
35306 113 33
35307 14 92
35308 93 32
35309 92 32
35310 112 33
35311 102 63
35312 15 92
35313 103 63
35314 93 32
35315 14 92
35316 102 63
35317 113 33
35318 113 37
35319 112 37
35320 92 32
35321 15 92
35322 113 37
35323 93 32
35324 112 37
35325 14 92
35326 15 92
35327 14 92
35328 15 92
35329 14 92
35330 92 32
35331 15 92
35332 113 37
35333 93 32
35334 92 32
35335 112 33
35336 93 32
35337 113 33
35338 103 63
35339 102 63
35340 112 33
35341 14 92
35342 112 37
35343 103 63
35344 92 32
35345 102 63
35346 15 92
35347 14 92
35348 15 92
35349 113 33
35350 103 63
35351 112 33
35352 14 92
35353 102 63
35354 103 63
35355 113 33
35356 102 63
35357 112 33
35358 113 37
35359 112 37
35360 113 37
35361 112 37
35362 103 63
35363 113 37
35364 15 92
35365 93 32
35366 102 63
35367 103 63
35368 92 32
35369 93 32
35370 14 92
35371 112 37
35372 113 37
35373 102 63
35374 92 32
35375 112 37
35376 93 32
35377 103 63
35378 92 32
35379 15 92
35380 14 92
35381 113 37
35382 93 32
35383 102 63
35384 113 33
35385 112 37
35386 15 92
35387 112 33
35388 113 33
35389 14 92
35390 92 32
35391 15 92
35392 93 32
35393 92 32
35394 113 37
35395 103 63
35396 14 92
35397 102 63
35398 15 92
35399 103 63
35400 14 92
35401 102 63
35402 112 33
35403 15 92
35404 14 92
35405 93 32
35406 112 37
35407 113 37
35408 113 33
35409 112 37
35410 92 32
35411 15 92
35412 103 63
35413 113 37
35414 102 63
35415 93 32
35416 103 63
35417 102 63
35418 112 37
35419 103 63
35420 92 32
35421 93 32
35422 102 63
35423 14 92
35424 112 33
35425 113 37
35426 113 33
35427 103 63
35428 92 32
35429 112 37
35430 93 32
35431 15 92
35432 14 92
35433 102 63
35434 103 63
35435 92 32
35436 102 63
35437 113 37
35438 112 33
35439 103 63
35440 15 92
35441 102 63
35442 103 63
35443 102 63
35444 113 33
35445 14 92
35446 112 37
35447 93 32
35448 103 63
35449 15 92
35450 113 37
35451 92 32
35452 112 33
35453 102 63
35454 103 63
35455 102 63
35456 14 92
35457 93 32
35458 92 32
35459 93 32
35460 92 32
35461 103 63
35462 93 32
35463 15 92
35464 112 37
35465 113 37
35466 14 92
35467 102 63
35468 103 63
35469 113 33
35470 112 33
35471 102 63
35472 112 37
35473 113 33
35474 103 63
35475 112 33
35476 102 63
35477 113 37
35478 113 33
35479 15 92
35480 14 92
35481 15 92
35482 112 33
35483 92 32
35484 93 32
35485 14 92
35486 15 92
35487 113 33
35488 112 37
35489 103 63
35490 102 63
35491 113 37
35492 103 63
35493 102 63
35494 112 37
35495 103 63
35496 102 63
35497 92 32
35498 112 33
35499 113 37
35500 93 32
35501 14 92
35502 15 92
35503 103 63
35504 113 33
35505 102 63
35506 112 37
35507 92 32
35508 113 37
35509 93 32
35510 112 33
35511 113 33
35512 112 33
35513 14 92
35514 103 63
35515 112 37
35516 15 92
35517 102 63
35518 14 92
35519 113 37
35520 15 92
35521 103 63
35522 102 63
35523 92 32
35524 103 63
35525 102 63
35526 103 63
35527 113 33
35528 93 32
35529 102 63
35530 112 37
35531 92 32
35532 112 33
35533 113 37
35534 113 33
35535 112 33
35536 103 63
35537 102 63
35538 103 63
35539 93 32
35540 14 92
35541 112 37
35542 113 37
35543 113 33
35544 92 32
35545 112 33
35546 102 63
35547 113 33
35548 112 37
35549 112 33
35550 113 37
35551 93 32
35552 113 33
35553 15 92
35554 92 32
35555 112 33
35556 93 32
35557 92 32
35558 93 32
35559 103 63
35560 112 37
35561 92 32
35562 14 92
35563 93 32
35564 102 63
35565 113 37
35566 15 92
35567 103 63
35568 113 33
35569 102 63
35570 103 63
35571 112 33
35572 14 92
35573 113 33
35574 112 37
35575 92 32
35576 102 63
35577 113 37
35578 15 92
35579 103 63
35580 93 32
35581 112 37
35582 113 37
35583 112 37
35584 92 32
35585 102 63
35586 112 33
35587 14 92
35588 113 37
35589 113 33
35590 112 33
35591 103 63
35592 113 33
35593 15 92
35594 112 33
35595 14 92
35596 112 37
35597 102 63
35598 103 63
35599 93 32
35600 113 37
35601 112 37
35602 92 32
35603 113 37
35604 15 92
35605 14 92
35606 93 32
35607 92 32
35608 113 33
35609 112 37
35610 112 33
35611 113 37
35612 102 63
35613 112 37
35614 103 63
35615 113 37
35616 102 63
35617 113 33
35618 103 63
35619 93 32
35620 102 63
35621 103 63
35622 92 32
35623 15 92
35624 112 33
35625 102 63
35626 112 37
35627 103 63
35628 14 92
35629 113 33
35630 102 63
35631 103 63
35632 112 33
35633 15 92
35634 102 63
35635 14 92
35636 15 92
35637 113 37
35638 93 32
35639 112 37
35640 14 92
35641 103 63
35642 113 33
35643 15 92
35644 102 63
35645 14 92
35646 15 92
35647 14 92
35648 113 37
35649 112 33
35650 113 33
35651 92 32
35652 93 32
35653 112 33
35654 103 63
35655 92 32
35656 15 92
35657 93 32
35658 102 63
35659 14 92
35660 92 32
35661 113 33
35662 112 37
35663 93 32
35664 92 32
35665 93 32
35666 112 33
35667 113 33
35668 92 32
35669 112 33
35670 15 92
35671 14 92
35672 103 63
35673 113 37
35674 102 63
35675 103 63
35676 113 33
35677 102 63
35678 93 32
35679 92 32
35680 112 37
35681 112 33
35682 93 32
35683 113 37
35684 113 33
35685 103 63
35686 92 32
35687 93 32
35688 112 33
35689 102 63
35690 92 32
35691 103 63
35692 113 33
35693 112 37
35694 15 92
35695 113 37
35696 112 33
35697 112 37
35698 113 33
35699 113 37
35700 102 63
35701 14 92
35702 112 37
35703 93 32
35704 112 33
35705 113 33
35706 113 37
35707 92 32
35708 103 63
35709 112 37
35710 102 63
35711 15 92
35712 93 32
35713 14 92
35714 113 37
35715 112 37
35716 103 63
35717 102 63
35718 15 92
35719 113 37
35720 103 63
35721 102 63
35722 112 37
35723 103 63
35724 112 33
35725 102 63
35726 92 32
35727 113 37
35728 93 32
35729 103 63
35730 113 33
35731 112 37
35732 102 63
35733 92 32
35734 113 37
35735 112 37
35736 103 63
35737 113 37
35738 93 32
35739 112 37
35740 92 32
35741 112 33
35742 113 33
35743 113 37
35744 112 37
35745 102 63
35746 113 37
35747 14 92
35748 93 32
35749 103 63
35750 15 92
35751 112 33
35752 92 32
35753 14 92
35754 15 92
35755 14 92
35756 93 32
35757 112 37
35758 92 32
35759 93 32
35760 113 37
35761 102 63
35762 112 37
35763 15 92
35764 14 92
35765 113 37
35766 15 92
35767 103 63
35768 14 92
35769 92 32
35770 15 92
35771 112 37
35772 102 63
35773 113 37
35774 14 92
35775 15 92
35776 103 63
35777 14 92
35778 112 37
35779 93 32
35780 113 33
35781 92 32
35782 93 32
35783 15 92
35784 113 37
35785 14 92
35786 15 92
35787 112 33
35788 102 63
35789 113 33
35790 103 63
35791 92 32
35792 93 32
35793 102 63
35794 92 32
35795 103 63
35796 112 33
35797 93 32
35798 102 63
35799 103 63
35800 112 37
35801 14 92
35802 15 92
35803 14 92
35804 92 32
35805 102 63
35806 15 92
35807 93 32
35808 14 92
35809 103 63
35810 92 32
35811 102 63
35812 15 92
35813 93 32
35814 103 63
35815 113 37
35816 102 63
35817 92 32
35818 112 37
35819 113 37
35820 93 32
35821 92 32
35822 93 32
35823 14 92
35824 112 37
35825 113 37
35826 92 32
35827 93 32
35828 113 33
35829 112 37
35830 15 92
35831 92 32
35832 14 92
35833 93 32
35834 113 37
35835 112 37
35836 15 92
35837 14 92
35838 113 37
35839 112 33
35840 92 32
35841 113 33
35842 112 37
35843 15 92
35844 113 37
35845 14 92
35846 112 37
35847 112 33
35848 113 33
35849 113 37
35850 15 92
35851 112 37
35852 112 33
35853 93 32
35854 113 33
35855 113 37
35856 112 33
35857 112 37
35858 113 33
35859 92 32
35860 14 92
35861 103 63
35862 113 37
35863 93 32
35864 112 33
35865 102 63
35866 112 37
35867 103 63
35868 113 33
35869 15 92
35870 112 33
35871 102 63
35872 113 33
35873 92 32
35874 103 63
35875 93 32
35876 14 92
35877 15 92
35878 113 37
35879 112 33
35880 102 63
35881 113 33
35882 14 92
35883 92 32
35884 103 63
35885 93 32
35886 92 32
35887 102 63
35888 112 33
35889 103 63
35890 112 37
35891 15 92
35892 113 33
35893 112 33
35894 102 63
35895 113 37
35896 103 63
35897 113 33
35898 102 63
35899 14 92
35900 112 33
35901 15 92
35902 113 33
35903 103 63
35904 14 92
35905 93 32
35906 112 37
35907 113 37
35908 112 37
35909 15 92
35910 112 33
35911 92 32
35912 14 92
35913 113 37
35914 15 92
35915 14 92
35916 102 63
35917 112 37
35918 103 63
35919 113 37
35920 15 92
35921 112 37
35922 113 37
35923 102 63
35924 113 33
35925 112 37
35926 112 33
35927 93 32
35928 92 32
35929 14 92
35930 113 33
35931 15 92
35932 113 37
35933 93 32
35934 112 33
35935 103 63
35936 112 37
35937 102 63
35938 92 32
35939 14 92
35940 103 63
35941 93 32
35942 102 63
35943 113 37
35944 112 37
35945 113 37
35946 92 32
35947 112 37
35948 113 37
35949 112 37
35950 103 63
35951 93 32
35952 113 33
35953 112 33
35954 113 33
35955 113 37
35956 102 63
35957 92 32
35958 15 92
35959 112 37
35960 112 33
35961 14 92
35962 113 37
35963 103 63
35964 93 32
35965 113 33
35966 102 63
35967 15 92
35968 92 32
35969 112 37
35970 113 37
35971 103 63
35972 14 92
35973 112 37
35974 112 33
35975 113 33
35976 15 92
35977 112 33
35978 93 32
35979 113 33
35980 92 32
35981 14 92
35982 93 32
35983 112 33
35984 15 92
35985 102 63
35986 103 63
35987 102 63
35988 113 33
35989 103 63
35990 112 33
35991 92 32
35992 93 32
35993 14 92
35994 92 32
35995 93 32
35996 15 92
35997 113 33
35998 112 33
35999 113 33
36000 14 92
36001 102 63
36002 113 37
36003 15 92
36004 103 63
36005 92 32
36006 14 92
36007 102 63
36008 15 92
36009 93 32
36010 112 33
36011 112 37
36012 92 32
36013 113 33
36014 14 92
36015 93 32
36016 15 92
36017 103 63
36018 113 37
36019 102 63
36020 112 37
36021 14 92
36022 92 32
36023 113 37
36024 15 92
36025 103 63
36026 14 92
36027 112 37
36028 93 32
36029 15 92
36030 112 33
36031 102 63
36032 92 32
36033 103 63
36034 102 63
36035 113 33
36036 14 92
36037 103 63
36038 112 33
36039 113 37
36040 113 33
36041 102 63
36042 103 63
36043 15 92
36044 14 92
36045 112 33
36046 15 92
36047 112 37
36048 14 92
36049 113 37
36050 93 32
36051 113 33
36052 112 37
36053 92 32
36054 15 92
36055 112 33
36056 102 63
36057 113 33
36058 93 32
36059 103 63
36060 113 37
36061 14 92
36062 102 63
36063 15 92
36064 92 32
36065 112 33
36066 93 32
36067 92 32
36068 14 92
36069 93 32
36070 112 37
36071 103 63
36072 113 37
36073 92 32
36074 113 33
36075 112 33
36076 112 37
36077 102 63
36078 113 33
36079 93 32
36080 113 37
36081 15 92
36082 103 63
36083 112 33
36084 92 32
36085 93 32
36086 113 33
36087 92 32
36088 102 63
36089 112 33
36090 103 63
36091 14 92
36092 15 92
36093 93 32
36094 112 37
36095 113 37
36096 112 37
36097 113 37
36098 14 92
36099 113 33
36100 102 63
36101 112 37
36102 113 37
36103 15 92
36104 14 92
36105 112 37
36106 103 63
36107 15 92
36108 113 37
36109 102 63
36110 103 63
36111 102 63
36112 112 37
36113 112 33
36114 92 32
36115 113 33
36116 103 63
36117 113 37
36118 112 33
36119 14 92
36120 112 37
36121 113 37
36122 112 37
36123 113 33
36124 112 33
36125 102 63
36126 113 37
36127 103 63
36128 102 63
36129 113 33
36130 103 63
36131 15 92
36132 112 33
36133 112 37
36134 113 37
36135 102 63
36136 14 92
36137 93 32
36138 113 33
36139 103 63
36140 15 92
36141 112 37
36142 112 33
36143 92 32
36144 113 37
36145 112 37
36146 93 32
36147 102 63
36148 113 33
36149 113 37
36150 103 63
36151 112 37
36152 113 37
36153 112 33
36154 113 33
36155 112 33
36156 102 63
36157 112 37
36158 92 32
36159 113 37
36160 93 32
36161 14 92
36162 112 37
36163 15 92
36164 113 37
36165 14 92
36166 92 32
36167 112 37
36168 113 37
36169 93 32
36170 113 33
36171 103 63
36172 102 63
36173 112 37
36174 15 92
36175 92 32
36176 103 63
36177 102 63
36178 14 92
36179 112 33
36180 93 32
36181 15 92
36182 113 33
36183 112 33
36184 113 33
36185 113 37
36186 14 92
36187 103 63
36188 112 33
36189 15 92
36190 113 33
36191 112 33
36192 113 33
36193 102 63
36194 112 37
36195 112 33
36196 113 33
36197 113 37
36198 103 63
36199 92 32
36200 112 37
36201 112 33
36202 113 33
36203 113 37
36204 112 33
36205 102 63
36206 14 92
36207 103 63
36208 113 33
36209 15 92
36210 112 37
36211 14 92
36212 102 63
36213 103 63
36214 93 32
36215 102 63
36216 112 33
36217 113 37
36218 15 92
36219 103 63
36220 14 92
36221 112 37
36222 92 32
36223 113 37
36224 112 37
36225 102 63
36226 93 32
36227 113 37
36228 112 37
36229 113 37
36230 113 33
36231 15 92
36232 112 37
36233 112 33
36234 113 33
36235 92 32
36236 14 92
36237 113 37
36238 103 63
36239 112 37
36240 15 92
36241 113 37
36242 102 63
36243 112 37
36244 112 33
36245 113 33
36246 14 92
36247 112 33
36248 103 63
36249 102 63
36250 113 33
36251 113 37
36252 103 63
36253 102 63
36254 112 37
36255 112 33
36256 113 37
36257 112 37
36258 113 37
36259 113 33
36260 112 33
36261 15 92
36262 112 37
36263 93 32
36264 14 92
36265 103 63
36266 113 37
36267 92 32
36268 112 37
36269 102 63
36270 103 63
36271 93 32
36272 102 63
36273 113 37
36274 103 63
36275 113 33
36276 92 32
36277 15 92
36278 102 63
36279 103 63
36280 112 37
36281 93 32
36282 113 37
36283 102 63
36284 112 37
36285 14 92
36286 113 37
36287 112 33
36288 113 33
36289 112 37
36290 92 32
36291 112 33
36292 113 33
36293 103 63
36294 15 92
36295 113 37
36296 93 32
36297 112 37
36298 112 33
36299 102 63
36300 103 63
36301 92 32
36302 14 92
36303 102 63
36304 113 37
36305 93 32
36306 92 32
36307 113 33
36308 112 37
36309 15 92
36310 103 63
36311 102 63
36312 112 33
36313 14 92
36314 15 92
36315 93 32
36316 92 32
36317 113 37
36318 103 63
36319 14 92
36320 112 37
36321 113 37
36322 112 37
36323 93 32
36324 102 63
36325 103 63
36326 113 37
36327 113 33
36328 92 32
36329 15 92
36330 112 33
36331 14 92
36332 102 63
36333 103 63
36334 93 32
36335 112 37
36336 92 32
36337 113 33
36338 112 33
36339 93 32
36340 102 63
36341 103 63
36342 102 63
36343 15 92
36344 113 33
36345 14 92
36346 103 63
36347 112 33
36348 15 92
36349 14 92
36350 15 92
36351 92 32
36352 93 32
36353 113 33
36354 112 33
36355 14 92
36356 113 33
36357 15 92
36358 92 32
36359 112 33
36360 113 33
36361 14 92
36362 93 32
36363 102 63
36364 92 32
36365 103 63
36366 15 92
36367 112 33
36368 14 92
36369 113 33
36370 113 37
36371 112 33
36372 113 33
36373 102 63
36374 112 37
36375 15 92
36376 103 63
36377 112 33
36378 102 63
36379 103 63
36380 93 32
36381 14 92
36382 15 92
36383 14 92
36384 15 92
36385 14 92
36386 92 32
36387 15 92
36388 102 63
36389 103 63
36390 93 32
36391 102 63
36392 103 63
36393 113 37
36394 92 32
36395 93 32
36396 92 32
36397 113 33
36398 112 37
36399 113 37
36400 93 32
36401 14 92
36402 15 92
36403 112 33
36404 113 33
36405 14 92
36406 112 37
36407 112 33
36408 113 37
36409 112 37
36410 113 33
36411 112 33
36412 113 33
36413 15 92
36414 92 32
36415 113 37
36416 14 92
36417 102 63
36418 93 32
36419 15 92
36420 112 33
36421 113 33
36422 14 92
36423 15 92
36424 103 63
36425 112 37
36426 14 92
36427 113 37
36428 92 32
36429 15 92
36430 14 92
36431 112 37
36432 93 32
36433 15 92
36434 113 37
36435 92 32
36436 102 63
36437 14 92
36438 112 33
36439 112 37
36440 113 37
36441 113 33
36442 93 32
36443 15 92
36444 112 37
36445 112 33
36446 113 37
36447 112 37
36448 113 33
36449 103 63
36450 92 32
36451 14 92
36452 113 37
36453 112 37
36454 93 32
36455 102 63
36456 103 63
36457 112 33
36458 102 63
36459 15 92
36460 103 63
36461 113 37
36462 102 63
36463 14 92
36464 112 37
36465 92 32
36466 113 33
36467 103 63
36468 113 37
36469 93 32
36470 102 63
36471 112 33
36472 113 33
36473 112 37
36474 92 32
36475 15 92
36476 112 33
36477 113 37
36478 113 33
36479 112 37
36480 113 37
36481 103 63
36482 112 37
36483 102 63
36484 93 32
36485 14 92
36486 103 63
36487 102 63
36488 113 37
36489 112 33
36490 15 92
36491 14 92
36492 103 63
36493 92 32
36494 112 37
36495 15 92
36496 102 63
36497 113 37
36498 14 92
36499 113 33
36500 112 37
36501 113 37
36502 15 92
36503 103 63
36504 102 63
36505 93 32
36506 92 32
36507 93 32
36508 14 92
36509 92 32
36510 93 32
36511 112 37
36512 113 37
36513 92 32
36514 112 33
36515 93 32
36516 113 33
36517 15 92
36518 112 33
36519 112 37
36520 14 92
36521 15 92
36522 92 32
36523 113 37
36524 112 37
36525 113 37
36526 103 63
36527 93 32
36528 112 37
36529 113 33
36530 113 37
36531 112 37
36532 102 63
36533 113 37
36534 92 32
36535 93 32
36536 103 63
36537 92 32
36538 14 92
36539 93 32
36540 112 33
36541 113 33
36542 15 92
36543 102 63
36544 112 33
36545 14 92
36546 112 37
36547 103 63
36548 113 33
36549 112 33
36550 92 32
36551 113 33
36552 113 37
36553 93 32
36554 112 33
36555 15 92
36556 14 92
36557 112 37
36558 113 37
36559 112 37
36560 92 32
36561 113 37
36562 113 33
36563 112 37
36564 93 32
36565 113 37
36566 112 37
36567 92 32
36568 93 32
36569 102 63
36570 92 32
36571 103 63
36572 102 63
36573 112 33
36574 113 37
36575 15 92
36576 14 92
36577 112 37
36578 15 92
36579 93 32
36580 113 37
36581 14 92
36582 92 32
36583 112 37
36584 113 37
36585 103 63
36586 113 33
36587 102 63
36588 93 32
36589 112 33
36590 113 33
36591 103 63
36592 112 37
36593 15 92
36594 14 92
36595 113 37
36596 112 33
36597 92 32
36598 113 33
36599 93 32
36600 112 33
36601 113 33
36602 92 32
36603 93 32
36604 102 63
36605 103 63
36606 112 37
36607 92 32
36608 93 32
36609 102 63
36610 103 63
36611 15 92
36612 102 63
36613 14 92
36614 113 37
36615 112 37
36616 112 33
36617 113 33
36618 15 92
36619 14 92
36620 15 92
36621 112 33
36622 14 92
36623 103 63
36624 15 92
36625 14 92
36626 102 63
36627 15 92
36628 103 63
36629 113 33
36630 92 32
36631 102 63
36632 103 63
36633 112 33
36634 102 63
36635 113 37
36636 103 63
36637 113 33
36638 93 32
36639 112 33
36640 102 63
36641 14 92
36642 112 37
36643 113 33
36644 15 92
36645 113 37
36646 14 92
36647 112 37
36648 15 92
36649 92 32
36650 14 92
36651 93 32
36652 103 63
36653 92 32
36654 15 92
36655 14 92
36656 113 37
36657 15 92
36658 112 37
36659 93 32
36660 112 33
36661 113 37
36662 113 33
36663 92 32
36664 93 32
36665 92 32
36666 112 33
36667 93 32
36668 102 63
36669 113 33
36670 14 92
36671 15 92
36672 103 63
36673 112 33
36674 113 33
36675 14 92
36676 92 32
36677 112 33
36678 15 92
36679 14 92
36680 102 63
36681 112 37
36682 93 32
36683 113 33
36684 15 92
36685 14 92
36686 113 37
36687 103 63
36688 102 63
36689 103 63
36690 15 92
36691 102 63
36692 112 33
36693 113 33
36694 112 37
36695 113 37
36696 92 32
36697 112 33
36698 103 63
36699 113 33
36700 93 32
36701 102 63
36702 92 32
36703 14 92
36704 112 37
36705 112 33
36706 113 37
36707 112 37
36708 113 37
36709 112 37
36710 113 37
36711 113 33
36712 112 37
36713 15 92
36714 103 63
36715 14 92
36716 15 92
36717 113 37
36718 93 32
36719 112 37
36720 112 33
36721 113 33
36722 113 37
36723 112 33
36724 14 92
36725 15 92
36726 113 33
36727 112 37
36728 112 33
36729 113 33
36730 112 33
36731 92 32
36732 102 63
36733 113 33
36734 93 32
36735 92 32
36736 93 32
36737 112 33
36738 113 37
36739 112 37
36740 92 32
36741 103 63
36742 113 37
36743 102 63
36744 113 33
36745 14 92
36746 15 92
36747 112 33
36748 112 37
36749 113 37
36750 112 37
36751 113 33
36752 112 33
36753 93 32
36754 14 92
36755 103 63
36756 15 92
36757 92 32
36758 102 63
36759 14 92
36760 113 37
36761 15 92
36762 112 37
36763 14 92
36764 15 92
36765 103 63
36766 93 32
36767 113 37
36768 14 92
36769 102 63
36770 103 63
36771 112 37
36772 102 63
36773 92 32
36774 113 33
36775 112 33
36776 93 32
36777 103 63
36778 92 32
36779 113 33
36780 102 63
36781 112 33
36782 15 92
36783 113 33
36784 14 92
36785 103 63
36786 102 63
36787 103 63
36788 102 63
36789 103 63
36790 93 32
36791 92 32
36792 15 92
36793 102 63
36794 14 92
36795 15 92
36796 93 32
36797 112 33
36798 103 63
36799 113 37
36800 92 32
36801 102 63
36802 14 92
36803 112 37
36804 15 92
36805 93 32
36806 113 33
36807 112 33
36808 113 37
36809 113 33
36810 112 33
36811 14 92
36812 92 32
36813 93 32
36814 92 32
36815 103 63
36816 113 33
36817 102 63
36818 112 37
36819 103 63
36820 113 37
36821 112 33
36822 112 37
36823 113 37
36824 112 37
36825 102 63
36826 103 63
36827 93 32
36828 113 33
36829 15 92
36830 113 37
36831 102 63
36832 92 32
36833 93 32
36834 103 63
36835 112 33
36836 113 33
36837 102 63
36838 14 92
36839 15 92
36840 103 63
36841 102 63
36842 14 92
36843 15 92
36844 103 63
36845 112 33
36846 92 32
36847 112 37
36848 113 37
36849 93 32
36850 102 63
36851 112 37
36852 113 33
36853 103 63
36854 92 32
36855 102 63
36856 14 92
36857 103 63
36858 112 33
36859 113 37
36860 15 92
36861 112 37
36862 102 63
36863 113 33
36864 112 33
36865 14 92
36866 103 63
36867 113 37
36868 93 32
36869 102 63
36870 103 63
36871 102 63
36872 15 92
36873 103 63
36874 113 33
36875 112 37
36876 113 37
36877 92 32
36878 112 37
36879 113 37
36880 112 33
36881 113 33
36882 14 92
36883 112 33
36884 93 32
36885 92 32
36886 15 92
36887 112 37
36888 113 37
36889 14 92
36890 112 37
36891 113 37
36892 102 63
36893 112 37
36894 113 37
36895 15 92
36896 14 92
36897 15 92
36898 93 32
36899 112 37
36900 92 32
36901 113 33
36902 103 63
36903 93 32
36904 102 63
36905 112 33
36906 113 33
36907 92 32
36908 93 32
36909 92 32
36910 103 63
36911 93 32
36912 92 32
36913 102 63
36914 112 33
36915 113 37
36916 14 92
36917 15 92
36918 93 32
36919 113 33
36920 103 63
36921 102 63
36922 112 37
36923 14 92
36924 92 32
36925 93 32
36926 92 32
36927 113 37
36928 112 37
36929 112 33
36930 113 33
36931 113 37
36932 112 33
36933 112 37
36934 113 37
36935 112 37
36936 103 63
36937 113 33
36938 112 33
36939 113 33
36940 15 92
36941 93 32
36942 112 33
36943 14 92
36944 15 92
36945 102 63
36946 113 37
36947 113 33
36948 112 33
36949 112 37
36950 14 92
36951 92 32
36952 103 63
36953 15 92
36954 14 92
36955 113 33
36956 102 63
36957 103 63
36958 102 63
36959 112 33
36960 103 63
36961 15 92
36962 113 33
36963 113 37
36964 102 63
36965 112 37
36966 113 37
36967 14 92
36968 93 32
36969 15 92
36970 112 37
36971 92 32
36972 93 32
36973 112 33
36974 113 37
36975 103 63
36976 102 63
36977 103 63
36978 112 37
36979 92 32
36980 102 63
36981 14 92
36982 113 37
36983 113 33
36984 112 37
36985 15 92
36986 113 37
36987 93 32
36988 112 37
36989 92 32
36990 113 37
36991 112 33
36992 113 33
36993 103 63
36994 93 32
36995 92 32
36996 112 37
36997 14 92
36998 102 63
36999 113 37
37000 112 33
37001 112 37
37002 93 32
37003 103 63
37004 92 32
37005 15 92
37006 113 37
37007 113 33
37008 14 92
37009 93 32
37010 102 63
37011 92 32
37012 93 32
37013 92 32
37014 15 92
37015 93 32
37016 112 33
37017 112 37
37018 103 63
37019 113 33
37020 113 37
37021 14 92
37022 112 33
37023 92 32
37024 102 63
37025 113 33
37026 103 63
37027 112 37
37028 112 33
37029 113 33
37030 113 37
37031 112 33
37032 93 32
37033 113 33
37034 102 63
37035 112 37
37036 103 63
37037 112 33
37038 102 63
37039 15 92
37040 14 92
37041 92 32
37042 93 32
37043 113 37
37044 15 92
37045 103 63
37046 92 32
37047 93 32
37048 102 63
37049 14 92
37050 15 92
37051 113 33
37052 14 92
37053 112 37
37054 92 32
37055 103 63
37056 93 32
37057 112 33
37058 113 37
37059 102 63
37060 92 32
37061 93 32
37062 113 33
37063 15 92
37064 112 33
37065 103 63
37066 92 32
37067 102 63
37068 103 63
37069 93 32
37070 14 92
37071 92 32
37072 113 33
37073 112 37
37074 93 32
37075 113 37
37076 102 63
37077 92 32
37078 93 32
37079 103 63
37080 15 92
37081 112 37
37082 14 92
37083 112 33
37084 15 92
37085 102 63
37086 113 37
37087 113 33
37088 92 32
37089 93 32
37090 112 33
37091 113 33
37092 103 63
37093 112 33
37094 92 32
37095 93 32
37096 92 32
37097 102 63
37098 14 92
37099 15 92
37100 14 92
37101 93 32
37102 15 92
37103 113 33
37104 103 63
37105 112 33
37106 102 63
37107 14 92
37108 15 92
37109 92 32
37110 103 63
37111 102 63
37112 112 37
37113 103 63
37114 113 37
37115 112 37
37116 113 33
37117 102 63
37118 103 63
37119 14 92
37120 112 33
37121 113 33
37122 102 63
37123 113 37
37124 93 32
37125 112 37
37126 92 32
37127 112 33
37128 15 92
37129 93 32
37130 113 33
37131 112 33
37132 113 33
37133 112 33
37134 103 63
37135 102 63
37136 113 37
37137 113 33
37138 103 63
37139 112 37
37140 14 92
37141 112 33
37142 102 63
37143 103 63
37144 113 37
37145 112 37
37146 102 63
37147 15 92
37148 14 92
37149 113 37
37150 92 32
37151 112 37
37152 103 63
37153 15 92
37154 113 33
37155 112 33
37156 14 92
37157 102 63
37158 113 33
37159 112 33
37160 93 32
37161 15 92
37162 103 63
37163 113 37
37164 14 92
37165 92 32
37166 93 32
37167 102 63
37168 103 63
37169 102 63
37170 103 63
37171 112 37
37172 92 32
37173 93 32
37174 113 37
37175 92 32
37176 102 63
37177 113 33
37178 112 33
37179 103 63
37180 15 92
37181 93 32
37182 14 92
37183 15 92
37184 102 63
37185 14 92
37186 15 92
37187 103 63
37188 113 33
37189 14 92
37190 92 32
37191 15 92
37192 112 33
37193 93 32
37194 102 63
37195 113 33
37196 112 33
37197 113 33
37198 14 92
37199 103 63
37200 102 63
37201 103 63
37202 15 92
37203 112 33
37204 92 32
37205 14 92
37206 112 37
37207 15 92
37208 113 33
37209 93 32
37210 102 63
37211 103 63
37212 112 33
37213 113 37
37214 102 63
37215 103 63
37216 102 63
37217 14 92
37218 103 63
37219 92 32
37220 93 32
37221 102 63
37222 92 32
37223 113 33
37224 103 63
37225 93 32
37226 112 33
37227 102 63
37228 103 63
37229 102 63
37230 113 33
37231 103 63
37232 112 37
37233 92 32
37234 93 32
37235 113 37
37236 112 33
37237 102 63
37238 103 63
37239 113 33
37240 112 33
37241 102 63
37242 92 32
37243 93 32
37244 112 37
37245 15 92
37246 92 32
37247 103 63
37248 102 63
37249 113 33
37250 112 33
37251 113 33
37252 103 63
37253 14 92
37254 112 33
37255 15 92
37256 93 32
37257 14 92
37258 113 37
37259 15 92
37260 113 33
37261 112 33
37262 112 37
37263 113 33
37264 112 33
37265 113 33
37266 92 32
37267 102 63
37268 112 33
37269 103 63
37270 93 32
37271 113 33
37272 113 37
37273 102 63
37274 92 32
37275 93 32
37276 112 33
37277 14 92
37278 15 92
37279 103 63
37280 112 37
37281 113 37
37282 14 92
37283 92 32
37284 93 32
37285 15 92
37286 113 33
37287 112 33
37288 14 92
37289 15 92
37290 112 37
37291 92 32
37292 102 63
37293 103 63
37294 14 92
37295 15 92
37296 113 37
37297 14 92
37298 112 37
37299 113 33
37300 113 37
37301 93 32
37302 15 92
37303 112 37
37304 92 32
37305 112 33
37306 113 37
37307 102 63
37308 103 63
37309 112 37
37310 93 32
37311 113 37
37312 112 37
37313 113 37
37314 113 33
37315 112 33
37316 92 32
37317 113 33
37318 102 63
37319 103 63
37320 112 33
37321 112 37
37322 93 32
37323 14 92
37324 15 92
37325 102 63
37326 113 33
37327 92 32
37328 103 63
37329 93 32
37330 102 63
37331 112 33
37332 113 33
37333 112 33
37334 113 37
37335 103 63
37336 112 37
37337 113 33
37338 112 33
37339 113 37
37340 102 63
37341 103 63
37342 92 32
37343 93 32
37344 14 92
37345 113 33
37346 102 63
37347 15 92
37348 112 37
37349 103 63
37350 112 33
37351 102 63
37352 113 37
37353 103 63
37354 14 92
37355 102 63
37356 15 92
37357 113 33
37358 92 32
37359 14 92
37360 103 63
37361 112 37
37362 112 33
37363 113 37
37364 93 32
37365 113 33
37366 92 32
37367 102 63
37368 93 32
37369 112 37
37370 92 32
37371 15 92
37372 112 33
37373 93 32
37374 113 37
37375 14 92
37376 112 37
37377 92 32
37378 15 92
37379 103 63
37380 14 92
37381 113 33
37382 93 32
37383 102 63
37384 92 32
37385 15 92
37386 112 33
37387 93 32
37388 14 92
37389 15 92
37390 14 92
37391 113 37
37392 103 63
37393 92 32
37394 112 37
37395 113 33
37396 112 33
37397 113 33
37398 112 33
37399 113 33
37400 102 63
37401 112 33
37402 93 32
37403 92 32
37404 15 92
37405 93 32
37406 14 92
37407 92 32
37408 113 33
37409 93 32
37410 113 37
37411 15 92
37412 112 33
37413 112 37
37414 92 32
37415 103 63
37416 102 63
37417 113 33
37418 112 33
37419 113 33
37420 103 63
37421 93 32
37422 102 63
37423 112 33
37424 113 37
37425 103 63
37426 92 32
37427 93 32
37428 113 33
37429 112 33
37430 112 37
37431 102 63
37432 103 63
37433 113 33
37434 92 32
37435 102 63
37436 103 63
37437 14 92
37438 15 92
37439 93 32
37440 92 32
37441 102 63
37442 14 92
37443 103 63
37444 93 32
37445 92 32
37446 93 32
37447 112 33
37448 102 63
37449 113 33
37450 103 63
37451 92 32
37452 112 33
37453 93 32
37454 92 32
37455 93 32
37456 113 37
37457 15 92
37458 113 33
37459 14 92
37460 112 37
37461 113 37
37462 15 92
37463 112 37
37464 113 37
37465 112 37
37466 112 33
37467 113 37
37468 113 33
37469 112 33
37470 92 32
37471 113 33
37472 14 92
37473 15 92
37474 14 92
37475 112 37
37476 93 32
37477 112 33
37478 113 37
37479 15 92
37480 92 32
37481 113 33
37482 102 63
37483 112 33
37484 93 32
37485 14 92
37486 112 37
37487 113 37
37488 92 32
37489 15 92
37490 93 32
37491 112 37
37492 103 63
37493 102 63
37494 14 92
37495 92 32
37496 93 32
37497 113 33
37498 92 32
37499 113 37
37500 112 37
37501 113 37
37502 93 32
37503 103 63
37504 92 32
37505 93 32
37506 15 92
37507 112 33
37508 14 92
37509 102 63
37510 15 92
37511 112 37
37512 103 63
37513 92 32
37514 113 37
37515 102 63
37516 14 92
37517 103 63
37518 113 33
37519 15 92
37520 112 33
37521 93 32
37522 113 33
37523 14 92
37524 112 33
37525 92 32
37526 113 33
37527 102 63
37528 112 37
37529 113 37
37530 112 33
37531 113 33
37532 93 32
37533 92 32
37534 112 33
37535 93 32
37536 92 32
37537 15 92
37538 113 33
37539 112 33
37540 103 63
37541 113 33
37542 112 37
37543 14 92
37544 113 37
37545 112 37
37546 112 33
37547 102 63
37548 93 32
37549 113 33
37550 15 92
37551 14 92
37552 113 37
37553 112 33
37554 113 33
37555 15 92
37556 103 63
37557 112 33
37558 92 32
37559 93 32
37560 14 92
37561 113 33
37562 92 32
37563 15 92
37564 102 63
37565 112 37
37566 113 37
37567 112 33
37568 103 63
37569 113 33
37570 93 32
37571 92 32
37572 93 32
37573 102 63
37574 112 33
37575 14 92
37576 112 37
37577 92 32
37578 103 63
37579 102 63
37580 15 92
37581 14 92
37582 103 63
37583 93 32
37584 15 92
37585 113 37
37586 112 37
37587 92 32
37588 14 92
37589 93 32
37590 92 32
37591 102 63
37592 113 37
37593 93 32
37594 112 37
37595 103 63
37596 113 33
37597 112 33
37598 102 63
37599 92 32
37600 103 63
37601 113 33
37602 112 33
37603 113 33
37604 93 32
37605 92 32
37606 112 33
37607 102 63
37608 15 92
37609 103 63
37610 14 92
37611 93 32
37612 113 37
37613 15 92
37614 14 92
37615 112 37
37616 113 33
37617 15 92
37618 112 33
37619 102 63
37620 14 92
37621 113 33
37622 112 33
37623 15 92
37624 113 33
37625 14 92
37626 103 63
37627 112 33
37628 92 32
37629 113 37
37630 15 92
37631 14 92
37632 93 32
37633 113 33
37634 112 37
37635 15 92
37636 102 63
37637 112 33
37638 113 37
37639 103 63
37640 112 37
37641 113 37
37642 113 33
37643 112 37
37644 102 63
37645 103 63
37646 112 33
37647 113 37
37648 92 32
37649 102 63
37650 112 37
37651 14 92
37652 93 32
37653 113 37
37654 113 33
37655 15 92
37656 103 63
37657 92 32
37658 14 92
37659 112 33
37660 113 33
37661 112 37
37662 113 37
37663 93 32
37664 112 33
37665 15 92
37666 113 33
37667 92 32
37668 14 92
37669 112 37
37670 102 63
37671 15 92
37672 93 32
37673 103 63
37674 92 32
37675 112 33
37676 102 63
37677 103 63
37678 93 32
37679 14 92
37680 92 32
37681 102 63
37682 113 37
37683 15 92
37684 103 63
37685 14 92
37686 15 92
37687 93 32
37688 102 63
37689 103 63
37690 14 92
37691 113 33
37692 92 32
37693 102 63
37694 112 37
37695 103 63
37696 15 92
37697 14 92
37698 102 63
37699 113 37
37700 103 63
37701 102 63
37702 112 33
37703 15 92
37704 93 32
37705 14 92
37706 112 37
37707 15 92
37708 92 32
37709 14 92
37710 113 33
37711 15 92
37712 93 32
37713 112 33
37714 113 33
37715 14 92
37716 15 92
37717 92 32
37718 93 32
37719 113 37
37720 14 92
37721 92 32
37722 15 92
37723 14 92
37724 103 63
37725 15 92
37726 112 37
37727 93 32
37728 113 37
37729 112 37
37730 14 92
37731 92 32
37732 113 37
37733 102 63
37734 112 37
37735 113 37
37736 15 92
37737 93 32
37738 112 37
37739 112 33
37740 103 63
37741 113 33
37742 102 63
37743 14 92
37744 92 32
37745 112 33
37746 113 33
37747 113 37
37748 112 33
37749 103 63
37750 102 63
37751 15 92
37752 14 92
37753 112 37
37754 93 32
37755 103 63
37756 102 63
37757 103 63
37758 15 92
37759 113 37
37760 113 33
37761 102 63
37762 92 32
37763 112 37
37764 93 32
37765 14 92
37766 92 32
37767 113 37
37768 112 37
37769 113 37
37770 15 92
37771 112 37
37772 93 32
37773 103 63
37774 14 92
37775 102 63
37776 112 33
37777 103 63
37778 102 63
37779 15 92
37780 113 37
37781 92 32
37782 112 37
37783 14 92
37784 113 37
37785 112 37
37786 113 37
37787 112 37
37788 15 92
37789 113 33
37790 112 33
37791 113 37
37792 103 63
37793 112 37
37794 93 32
37795 113 37
37796 112 37
37797 14 92
37798 113 37
37799 113 33
37800 92 32
37801 15 92
37802 112 37
37803 112 33
37804 113 33
37805 112 33
37806 14 92
37807 15 92
37808 14 92
37809 113 37
37810 113 33
37811 112 37
37812 15 92
37813 112 33
37814 102 63
37815 113 37
37816 93 32
37817 113 33
37818 112 37
37819 112 33
37820 113 33
37821 103 63
37822 102 63
37823 92 32
37824 14 92
37825 103 63
37826 93 32
37827 102 63
37828 103 63
37829 92 32
37830 93 32
37831 102 63
37832 92 32
37833 113 37
37834 112 33
37835 15 92
37836 112 37
37837 14 92
37838 113 33
37839 112 33
37840 103 63
37841 15 92
37842 93 32
37843 92 32
37844 102 63
37845 93 32
37846 103 63
37847 92 32
37848 113 37
37849 93 32
37850 113 33
37851 102 63
37852 103 63
37853 14 92
37854 102 63
37855 112 37
37856 15 92
37857 113 37
37858 14 92
37859 103 63
37860 15 92
37861 92 32
37862 102 63
37863 112 37
37864 103 63
37865 102 63
37866 112 33
37867 103 63
37868 113 33
37869 102 63
37870 113 37
37871 112 37
37872 113 37
37873 112 37
37874 112 33
37875 93 32
37876 92 32
37877 113 33
37878 112 33
37879 113 33
37880 14 92
37881 112 33
37882 113 33
37883 93 32
37884 112 33
37885 15 92
37886 92 32
37887 113 33
37888 93 32
37889 113 37
37890 14 92
37891 92 32
37892 112 33
37893 93 32
37894 92 32
37895 112 37
37896 113 33
37897 103 63
37898 93 32
37899 15 92
37900 102 63
37901 112 33
37902 113 37
37903 92 32
37904 93 32
37905 14 92
37906 112 37
37907 103 63
37908 113 33
37909 112 33
37910 102 63
37911 113 33
37912 112 33
37913 92 32
37914 113 37
37915 15 92
37916 93 32
37917 113 33
37918 103 63
37919 112 33
37920 112 37
37921 92 32
37922 113 37
37923 113 33
37924 112 37
37925 102 63
37926 113 37
37927 93 32
37928 14 92
37929 112 33
37930 15 92
37931 112 37
37932 113 33
37933 92 32
37934 103 63
37935 112 33
37936 93 32
37937 113 33
37938 112 33
37939 102 63
37940 92 32
37941 93 32
37942 113 37
37943 113 33
37944 112 37
37945 112 33
37946 113 33
37947 103 63
37948 92 32
37949 93 32
37950 112 33
37951 14 92
37952 113 37
37953 15 92
37954 112 37
37955 14 92
37956 113 33
37957 15 92
37958 14 92
37959 92 32
37960 15 92
37961 93 32
37962 112 33
37963 113 37
37964 92 32
37965 113 33
37966 112 37
37967 113 37
37968 112 33
37969 112 37
37970 113 37
37971 112 37
37972 102 63
37973 14 92
37974 93 32
37975 92 32
37976 113 37
37977 93 32
37978 112 37
37979 113 33
37980 92 32
37981 103 63
37982 112 33
37983 15 92
37984 113 37
37985 14 92
37986 112 37
37987 113 33
37988 112 33
37989 102 63
37990 113 37
37991 113 33
37992 112 37
37993 113 37
37994 103 63
37995 102 63
37996 112 33
37997 93 32
37998 92 32
37999 113 33
38000 112 37
38001 113 37
38002 112 37
38003 93 32
38004 15 92
38005 112 33
38006 14 92
38007 92 32
38008 103 63
38009 15 92
38010 14 92
38011 113 37
38012 102 63
38013 93 32
38014 92 32
38015 112 37
38016 113 33
38017 93 32
38018 103 63
38019 113 37
38020 92 32
38021 112 37
38022 112 33
38023 102 63
38024 93 32
38025 113 37
38026 15 92
38027 113 33
38028 112 37
38029 103 63
38030 14 92
38031 112 33
38032 102 63
38033 92 32
38034 15 92
38035 113 37
38036 93 32
38037 113 33
38038 103 63
38039 92 32
38040 112 33
38041 112 37
38042 93 32
38043 102 63
38044 113 37
38045 103 63
38046 113 33
38047 112 33
38048 112 37
38049 113 33
38050 113 37
38051 102 63
38052 112 33
38053 112 37
38054 113 33
38055 92 32
38056 14 92
38057 113 37
38058 112 33
38059 15 92
38060 112 37
38061 113 33
38062 14 92
38063 112 33
38064 93 32
38065 15 92
38066 103 63
38067 102 63
38068 113 33
38069 92 32
38070 103 63
38071 93 32
38072 92 32
38073 112 33
38074 14 92
38075 113 33
38076 15 92
38077 14 92
38078 112 33
38079 113 33
38080 113 37
38081 102 63
38082 93 32
38083 92 32
38084 112 33
38085 15 92
38086 93 32
38087 14 92
38088 92 32
38089 112 37
38090 15 92
38091 14 92
38092 113 37
38093 112 37
38094 103 63
38095 93 32
38096 15 92
38097 92 32
38098 102 63
38099 113 37
38100 112 37
38101 93 32
38102 103 63
38103 92 32
38104 102 63
38105 113 33
38106 93 32
38107 14 92
38108 112 33
38109 113 33
38110 92 32
38111 93 32
38112 103 63
38113 112 33
38114 92 32
38115 113 33
38116 113 37
38117 15 92
38118 112 37
38119 102 63
38120 113 37
38121 112 33
38122 103 63
38123 14 92
38124 112 37
38125 113 37
38126 102 63
38127 15 92
38128 113 33
38129 112 33
38130 112 37
38131 113 33
38132 103 63
38133 113 37
38134 112 37
38135 113 37
38136 112 33
38137 113 33
38138 93 32
38139 112 33
38140 92 32
38141 14 92
38142 102 63
38143 93 32
38144 112 37
38145 113 33
38146 92 32
38147 112 33
38148 15 92
38149 113 33
38150 113 37
38151 93 32
38152 112 33
38153 92 32
38154 112 37
38155 113 33
38156 113 37
38157 112 37
38158 113 37
38159 112 37
38160 113 37
38161 93 32
38162 92 32
38163 112 33
38164 14 92
38165 103 63
38166 15 92
38167 113 33
38168 14 92
38169 112 33
38170 102 63
38171 93 32
38172 113 33
38173 112 33
38174 112 37
38175 103 63
38176 113 37
38177 15 92
38178 113 33
38179 112 37
38180 92 32
38181 102 63
38182 93 32
38183 112 33
38184 92 32
38185 113 33
38186 93 32
38187 14 92
38188 112 33
38189 113 37
38190 103 63
38191 112 37
38192 92 32
38193 113 33
38194 113 37
38195 93 32
38196 15 92
38197 112 33
38198 113 33
38199 14 92
38200 92 32
38201 15 92
38202 112 33
38203 102 63
38204 14 92
38205 112 37
38206 103 63
38207 102 63
38208 113 33
38209 103 63
38210 102 63
38211 15 92
38212 112 33
38213 103 63
38214 113 33
38215 113 37
38216 14 92
38217 102 63
38218 93 32
38219 112 33
38220 112 37
38221 15 92
38222 92 32
38223 103 63
38224 113 37
38225 93 32
38226 112 37
38227 102 63
38228 92 32
38229 113 37
38230 112 37
38231 113 33
38232 113 37
38233 14 92
38234 112 37
38235 113 37
38236 103 63
38237 102 63
38238 103 63
38239 112 37
38240 112 33
38241 113 33
38242 102 63
38243 112 33
38244 113 33
38245 112 33
38246 93 32
38247 103 63
38248 113 33
38249 92 32
38250 112 33
38251 113 37
38252 15 92
38253 93 32
38254 92 32
38255 93 32
38256 14 92
38257 102 63
38258 103 63
38259 15 92
38260 113 33
38261 112 37
38262 14 92
38263 92 32
38264 113 37
38265 15 92
38266 14 92
38267 15 92
38268 112 33
38269 113 33
38270 93 32
38271 112 33
38272 102 63
38273 103 63
38274 113 33
38275 112 37
38276 92 32
38277 102 63
38278 14 92
38279 112 33
38280 113 37
38281 112 37
38282 113 37
38283 93 32
38284 113 33
38285 103 63
38286 102 63
38287 92 32
38288 112 33
38289 15 92
38290 14 92
38291 15 92
38292 93 32
38293 113 33
38294 112 37
38295 103 63
38296 112 33
38297 113 37
38298 14 92
38299 113 33
38300 112 37
38301 15 92
38302 102 63
38303 103 63
38304 112 33
38305 14 92
38306 113 37
38307 102 63
38308 103 63
38309 92 32
38310 112 37
38311 15 92
38312 113 37
38313 93 32
38314 102 63
38315 14 92
38316 112 37
38317 103 63
38318 113 37
38319 102 63
38320 113 33
38321 112 33
38322 103 63
38323 92 32
38324 15 92
38325 102 63
38326 112 37
38327 14 92
38328 103 63
38329 93 32
38330 113 33
38331 15 92
38332 92 32
38333 93 32
38334 92 32
38335 113 37
38336 112 33
38337 14 92
38338 15 92
38339 93 32
38340 14 92
38341 102 63
38342 112 37
38343 113 37
38344 92 32
38345 15 92
38346 93 32
38347 92 32
38348 112 37
38349 113 37
38350 93 32
38351 103 63
38352 92 32
38353 102 63
38354 14 92
38355 15 92
38356 14 92
38357 93 32
38358 92 32
38359 93 32
38360 112 37
38361 113 33
38362 92 32
38363 93 32
38364 15 92
38365 92 32
38366 112 33
38367 103 63
38368 113 33
38369 112 33
38370 113 33
38371 113 37
38372 112 33
38373 112 37
38374 102 63
38375 113 33
38376 93 32
38377 112 33
38378 92 32
38379 103 63
38380 93 32
38381 14 92
38382 113 37
38383 113 33
38384 102 63
38385 112 33
38386 103 63
38387 112 37
38388 92 32
38389 113 33
38390 112 33
38391 102 63
38392 93 32
38393 92 32
38394 93 32
38395 15 92
38396 113 37
38397 113 33
38398 112 37
38399 14 92
38400 15 92
38401 113 37
38402 14 92
38403 103 63
38404 112 33
38405 15 92
38406 14 92
38407 112 37
38408 102 63
38409 103 63
38410 113 33
38411 113 37
38412 15 92
38413 112 33
38414 14 92
38415 15 92
38416 14 92
38417 15 92
38418 113 33
38419 102 63
38420 103 63
38421 14 92
38422 112 33
38423 112 37
38424 15 92
38425 113 37
38426 14 92
38427 113 33
38428 15 92
38429 112 33
38430 112 37
38431 113 33
38432 14 92
38433 15 92
38434 92 32
38435 93 32
38436 92 32
38437 112 33
38438 14 92
38439 102 63
38440 93 32
38441 113 37
38442 92 32
38443 112 37
38444 15 92
38445 93 32
38446 14 92
38447 113 33
38448 15 92
38449 113 37
38450 112 33
38451 112 37
38452 92 32
38453 14 92
38454 113 37
38455 93 32
38456 103 63
38457 92 32
38458 113 33
38459 112 37
38460 113 37
38461 102 63
38462 93 32
38463 112 37
38464 113 37
38465 112 37
38466 112 33
38467 103 63
38468 92 32
38469 102 63
38470 15 92
38471 113 33
38472 93 32
38473 103 63
38474 92 32
38475 14 92
38476 93 32
38477 102 63
38478 113 37
38479 15 92
38480 112 37
38481 14 92
38482 15 92
38483 92 32
38484 93 32
38485 14 92
38486 15 92
38487 103 63
38488 102 63
38489 113 37
38490 103 63
38491 112 33
38492 113 33
38493 112 37
38494 102 63
38495 14 92
38496 103 63
38497 92 32
38498 15 92
38499 113 37
38500 112 33
38501 93 32
38502 113 33
38503 102 63
38504 112 33
38505 103 63
38506 112 37
38507 92 32
38508 102 63
38509 113 33
38510 112 33
38511 93 32
38512 113 33
38513 103 63
38514 102 63
38515 103 63
38516 113 37
38517 92 32
38518 102 63
38519 14 92
38520 15 92
38521 93 32
38522 112 33
38523 112 37
38524 14 92
38525 113 37
38526 113 33
38527 112 33
38528 113 33
38529 112 37
38530 103 63
38531 15 92
38532 113 37
38533 92 32
38534 14 92
38535 112 33
38536 93 32
38537 92 32
38538 93 32
38539 102 63
38540 92 32
38541 15 92
38542 112 37
38543 113 37
38544 93 32
38545 113 33
38546 112 33
38547 103 63
38548 102 63
38549 112 37
38550 113 37
38551 103 63
38552 92 32
38553 93 32
38554 112 37
38555 14 92
38556 102 63
38557 92 32
38558 113 37
38559 112 37
38560 93 32
38561 15 92
38562 14 92
38563 15 92
38564 113 37
38565 112 37
38566 103 63
38567 14 92
38568 102 63
38569 103 63
38570 113 37
38571 112 37
38572 102 63
38573 113 37
38574 112 37
38575 113 33
38576 92 32
38577 112 33
38578 15 92
38579 14 92
38580 15 92
38581 113 33
38582 103 63
38583 112 33
38584 113 33
38585 14 92
38586 93 32
38587 112 33
38588 92 32
38589 15 92
38590 113 37
38591 113 33
38592 14 92
38593 15 92
38594 102 63
38595 93 32
38596 112 33
38597 92 32
38598 103 63
38599 14 92
38600 113 33
38601 15 92
38602 112 33
38603 102 63
38604 112 37
38605 113 37
38606 103 63
38607 93 32
38608 113 33
38609 14 92
38610 112 33
38611 102 63
38612 112 37
38613 103 63
38614 113 33
38615 15 92
38616 112 33
38617 113 37
38618 112 37
38619 102 63
38620 14 92
38621 113 33
38622 92 32
38623 15 92
38624 14 92
38625 15 92
38626 113 37
38627 14 92
38628 112 33
38629 15 92
38630 103 63
38631 93 32
38632 102 63
38633 14 92
38634 103 63
38635 92 32
38636 112 37
38637 93 32
38638 113 33
38639 113 37
38640 92 32
38641 15 92
38642 112 37
38643 14 92
38644 112 33
38645 113 33
38646 102 63
38647 112 33
38648 15 92
38649 103 63
38650 102 63
38651 113 37
38652 113 33
38653 14 92
38654 93 32
38655 15 92
38656 112 37
38657 14 92
38658 103 63
38659 15 92
38660 112 33
38661 92 32
38662 113 33
38663 112 33
38664 14 92
38665 113 37
38666 113 33
38667 93 32
38668 15 92
38669 112 33
38670 112 37
38671 14 92
38672 113 33
38673 102 63
38674 92 32
38675 113 37
38676 93 32
38677 112 37
38678 113 37
38679 112 33
38680 15 92
38681 14 92
38682 15 92
38683 112 37
38684 14 92
38685 113 37
38686 92 32
38687 93 32
38688 103 63
38689 113 33
38690 112 37
38691 15 92
38692 113 37
38693 14 92
38694 112 37
38695 113 37
38696 112 37
38697 15 92
38698 102 63
38699 112 33
38700 113 37
38701 103 63
38702 14 92
38703 113 33
38704 15 92
38705 14 92
38706 112 33
38707 112 37
38708 102 63
38709 103 63
38710 113 33
38711 92 32
38712 15 92
38713 102 63
38714 113 37
38715 112 37
38716 112 33
38717 103 63
38718 102 63
38719 113 37
38720 103 63
38721 93 32
38722 113 33
38723 14 92
38724 102 63
38725 112 37
38726 112 33
38727 103 63
38728 15 92
38729 113 33
38730 102 63
38731 112 33
38732 14 92
38733 113 37
38734 92 32
38735 113 33
38736 93 32
38737 15 92
38738 14 92
38739 15 92
38740 14 92
38741 15 92
38742 112 33
38743 103 63
38744 14 92
38745 112 37
38746 113 37
38747 113 33
38748 112 33
38749 102 63
38750 92 32
38751 93 32
38752 15 92
38753 92 32
38754 14 92
38755 103 63
38756 112 37
38757 15 92
38758 102 63
38759 103 63
38760 113 33
38761 113 37
38762 14 92
38763 102 63
38764 112 37
38765 15 92
38766 103 63
38767 113 37
38768 112 37
38769 14 92
38770 113 37
38771 15 92
38772 14 92
38773 112 37
38774 15 92
38775 112 33
38776 113 37
38777 93 32
38778 112 37
38779 102 63
38780 113 33
38781 92 32
38782 112 33
38783 113 33
38784 112 33
38785 113 33
38786 14 92
38787 15 92
38788 103 63
38789 113 37
38790 112 37
38791 112 33
38792 113 37
38793 113 33
38794 102 63
38795 14 92
38796 112 33
38797 113 33
38798 103 63
38799 93 32
38800 92 32
38801 112 37
38802 93 32
38803 113 37
38804 112 37
38805 15 92
38806 14 92
38807 15 92
38808 14 92
38809 112 33
38810 92 32
38811 93 32
38812 15 92
38813 14 92
38814 113 33
38815 15 92
38816 92 32
38817 14 92
38818 15 92
38819 112 33
38820 113 33
38821 112 33
38822 113 37
38823 113 33
38824 112 37
38825 112 33
38826 102 63
38827 93 32
38828 92 32
38829 93 32
38830 113 37
38831 92 32
38832 103 63
38833 93 32
38834 14 92
38835 102 63
38836 113 33
38837 15 92
38838 112 37
38839 112 33
38840 113 33
38841 113 37
38842 103 63
38843 92 32
38844 112 37
38845 14 92
38846 113 37
38847 93 32
38848 92 32
38849 93 32
38850 112 33
38851 15 92
38852 14 92
38853 15 92
38854 113 33
38855 112 37
38856 92 32
38857 93 32
38858 113 37
38859 92 32
38860 102 63
38861 93 32
38862 112 33
38863 112 37
38864 103 63
38865 113 37
38866 102 63
38867 113 33
38868 103 63
38869 112 37
38870 14 92
38871 92 32
38872 102 63
38873 103 63
38874 112 33
38875 102 63
38876 113 33
38877 112 33
38878 15 92
38879 113 37
38880 93 32
38881 113 33
38882 14 92
38883 92 32
38884 93 32
38885 112 33
38886 103 63
38887 92 32
38888 113 33
38889 112 33
38890 93 32
38891 15 92
38892 112 37
38893 14 92
38894 15 92
38895 102 63
38896 103 63
38897 113 33
38898 92 32
38899 113 37
38900 14 92
38901 112 33
38902 102 63
38903 113 33
38904 15 92
38905 112 37
38906 14 92
38907 112 33
38908 93 32
38909 113 37
38910 103 63
38911 102 63
38912 103 63
38913 102 63
38914 103 63
38915 112 37
38916 92 32
38917 113 37
38918 102 63
38919 93 32
38920 113 33
38921 112 33
38922 15 92
38923 103 63
38924 113 33
38925 102 63
38926 103 63
38927 112 33
38928 113 33
38929 102 63
38930 112 33
38931 92 32
38932 103 63
38933 113 33
38934 112 33
38935 102 63
38936 113 33
38937 93 32
38938 112 33
38939 112 37
38940 103 63
38941 92 32
38942 14 92
38943 113 33
38944 113 37
38945 112 37
38946 112 33
38947 15 92
38948 102 63
38949 93 32
38950 113 33
38951 113 37
38952 92 32
38953 14 92
38954 103 63
38955 102 63
38956 112 37
38957 113 37
38958 15 92
38959 112 37
38960 113 37
38961 103 63
38962 14 92
38963 112 33
38964 112 37
38965 113 33
38966 15 92
38967 93 32
38968 113 37
38969 112 33
38970 112 37
38971 113 33
38972 92 32
38973 102 63
38974 93 32
38975 112 33
38976 92 32
38977 14 92
38978 93 32
38979 15 92
38980 113 37
38981 92 32
38982 93 32
38983 112 37
38984 92 32
38985 113 37
38986 113 33
38987 112 33
38988 112 37
38989 113 33
38990 93 32
38991 112 33
38992 113 37
38993 92 32
38994 103 63
38995 93 32
38996 112 37
38997 113 37
38998 102 63
38999 14 92
39000 112 37
39001 92 32
39002 113 33
39003 93 32
39004 92 32
39005 15 92
39006 113 37
39007 112 37
39008 14 92
39009 93 32
39010 113 37
39011 103 63
39012 112 33
39013 92 32
39014 102 63
39015 15 92
39016 112 37
39017 93 32
39018 92 32
39019 93 32
39020 14 92
39021 113 33
39022 112 33
39023 103 63
39024 113 37
39025 92 32
39026 113 33
39027 15 92
39028 102 63
39029 103 63
39030 112 33
39031 113 33
39032 112 33
39033 112 37
39034 14 92
39035 113 37
39036 102 63
39037 15 92
39038 103 63
39039 113 33
39040 93 32
39041 102 63
39042 92 32
39043 103 63
39044 14 92
39045 102 63
39046 15 92
39047 103 63
39048 112 37
39049 113 37
39050 14 92
39051 15 92
39052 112 33
39053 14 92
39054 15 92
39055 102 63
39056 113 33
39057 112 37
39058 113 37
39059 14 92
39060 112 37
39061 15 92
39062 113 37
39063 112 33
39064 113 33
39065 93 32
39066 112 33
39067 92 32
39068 93 32
39069 92 32
39070 14 92
39071 103 63
39072 93 32
39073 15 92
39074 102 63
39075 103 63
39076 14 92
39077 113 33
39078 15 92
39079 112 37
39080 92 32
39081 113 37
39082 14 92
39083 93 32
39084 15 92
39085 14 92
39086 92 32
39087 102 63
39088 112 37
39089 112 33
39090 113 37
39091 15 92
39092 113 33
39093 112 37
39094 93 32
39095 103 63
39096 102 63
39097 92 32
39098 103 63
39099 113 37
39100 14 92
39101 112 33
39102 15 92
39103 93 32
39104 14 92
39105 112 37
39106 15 92
39107 113 37
39108 92 32
39109 112 37
39110 113 37
39111 113 33
39112 112 33
39113 113 33
39114 93 32
39115 14 92
39116 15 92
39117 102 63
39118 112 33
39119 103 63
39120 112 37
39121 102 63
39122 14 92
39123 103 63
39124 102 63
39125 113 37
39126 15 92
39127 103 63
39128 102 63
39129 113 33
39130 92 32
39131 14 92
39132 103 63
39133 15 92
39134 112 33
39135 113 33
39136 112 33
39137 93 32
39138 102 63
39139 103 63
39140 112 37
39141 113 37
39142 102 63
39143 112 37
39144 103 63
39145 113 37
39146 14 92
39147 92 32
39148 93 32
39149 15 92
39150 112 37
39151 102 63
39152 113 37
39153 103 63
39154 113 33
39155 92 32
39156 14 92
39157 102 63
39158 93 32
39159 103 63
39160 15 92
39161 112 37
39162 113 37
39163 112 33
39164 14 92
39165 92 32
39166 93 32
39167 102 63
39168 112 37
39169 113 37
39170 113 33
39171 112 33
39172 103 63
39173 15 92
39174 14 92
39175 15 92
39176 102 63
39177 14 92
39178 92 32
39179 93 32
39180 103 63
39181 15 92
39182 112 37
39183 14 92
39184 113 33
39185 102 63
39186 103 63
39187 15 92
39188 102 63
39189 112 33
39190 103 63
39191 14 92
39192 15 92
39193 92 32
39194 113 37
39195 14 92
39196 113 33
39197 102 63
39198 93 32
39199 103 63
39200 112 37
39201 113 37
39202 15 92
39203 92 32
39204 102 63
39205 112 33
39206 14 92
39207 103 63
39208 113 33
39209 102 63
39210 93 32
39211 112 33
39212 112 37
39213 92 32
39214 15 92
39215 14 92
39216 103 63
39217 15 92
39218 93 32
39219 113 33
39220 112 33
39221 102 63
39222 113 33
39223 112 33
39224 103 63
39225 14 92
39226 102 63
39227 113 33
39228 113 37
39229 15 92
39230 112 33
39231 112 37
39232 92 32
39233 103 63
39234 113 37
39235 14 92
39236 102 63
39237 113 33
39238 103 63
39239 102 63
39240 93 32
39241 92 32
39242 93 32
39243 92 32
39244 103 63
39245 112 33
39246 93 32
39247 102 63
39248 103 63
39249 113 33
39250 112 33
39251 102 63
39252 15 92
39253 92 32
39254 103 63
39255 102 63
39256 14 92
39257 103 63
39258 15 92
39259 93 32
39260 102 63
39261 103 63
39262 102 63
39263 112 37
39264 113 33
39265 113 37
39266 92 32
39267 112 37
39268 93 32
39269 103 63
39270 92 32
39271 112 33
39272 113 37
39273 102 63
39274 113 33
39275 93 32
39276 112 37
39277 112 33
39278 92 32
39279 113 37
39280 14 92
39281 113 33
39282 112 37
39283 15 92
39284 93 32
39285 14 92
39286 103 63
39287 113 37
39288 102 63
39289 112 33
39290 112 37
39291 92 32
39292 103 63
39293 15 92
39294 113 33
39295 113 37
39296 112 37
39297 14 92
39298 113 37
39299 112 33
39300 113 33
39301 112 33
39302 112 37
39303 93 32
39304 113 37
39305 15 92
39306 102 63
39307 14 92
39308 113 33
39309 92 32
39310 112 37
39311 113 37
39312 103 63
39313 15 92
39314 112 37
39315 14 92
39316 113 37
39317 112 33
39318 93 32
39319 102 63
39320 103 63
39321 113 33
39322 15 92
39323 14 92
39324 112 33
39325 112 37
39326 92 32
39327 93 32
39328 113 33
39329 102 63
39330 113 37
39331 112 37
39332 112 33
39333 92 32
39334 113 37
39335 112 37
39336 93 32
39337 15 92
39338 92 32
39339 113 33
39340 93 32
39341 113 37
39342 112 33
39343 103 63
39344 14 92
39345 112 37
39346 102 63
39347 113 33
39348 112 33
39349 92 32
39350 113 37
39351 103 63
39352 112 37
39353 113 37
39354 15 92
39355 102 63
39356 112 37
39357 113 37
39358 103 63
39359 93 32
39360 113 33
39361 102 63
39362 112 33
39363 103 63
39364 112 37
39365 113 33
39366 113 37
39367 102 63
39368 14 92
39369 112 37
39370 92 32
39371 15 92
39372 93 32
39373 103 63
39374 102 63
39375 113 37
39376 103 63
39377 14 92
39378 112 37
39379 113 37
39380 112 37
39381 92 32
39382 93 32
39383 102 63
39384 103 63
39385 113 37
39386 15 92
39387 92 32
39388 112 33
39389 113 33
39390 93 32
39391 112 33
39392 102 63
39393 103 63
39394 113 33
39395 14 92
39396 15 92
39397 112 33
39398 92 32
39399 112 37
39400 102 63
39401 103 63
39402 93 32
39403 102 63
39404 113 37
39405 103 63
39406 112 37
39407 113 33
39408 92 32
39409 102 63
39410 113 37
39411 93 32
39412 14 92
39413 112 33
39414 113 33
39415 15 92
39416 92 32
39417 112 37
39418 93 32
39419 112 33
39420 92 32
39421 113 33
39422 112 33
39423 113 33
39424 113 37
39425 103 63
39426 102 63
39427 14 92
39428 15 92
39429 103 63
39430 14 92
39431 102 63
39432 93 32
39433 15 92
39434 92 32
39435 93 32
39436 103 63
39437 112 37
39438 102 63
39439 14 92
39440 92 32
39441 93 32
39442 103 63
39443 15 92
39444 112 33
39445 113 37
39446 92 32
39447 112 37
39448 113 37
39449 93 32
39450 112 37
39451 102 63
39452 92 32
39453 113 33
39454 103 63
39455 102 63
39456 103 63
39457 113 37
39458 112 33
39459 112 37
39460 113 33
39461 14 92
39462 93 32
39463 15 92
39464 102 63
39465 14 92
39466 103 63
39467 112 33
39468 92 32
39469 113 33
39470 113 37
39471 102 63
39472 112 37
39473 93 32
39474 92 32
39475 93 32
39476 92 32
39477 15 92
39478 14 92
39479 113 37
39480 93 32
39481 92 32
39482 15 92
39483 103 63
39484 112 37
39485 102 63
39486 93 32
39487 103 63
39488 113 37
39489 14 92
39490 112 37
39491 102 63
39492 112 33
39493 92 32
39494 15 92
39495 14 92
39496 103 63
39497 102 63
39498 113 37
39499 103 63
39500 102 63
39501 103 63
39502 102 63
39503 113 33
39504 15 92
39505 93 32
39506 14 92
39507 15 92
39508 92 32
39509 93 32
39510 112 37
39511 103 63
39512 112 33
39513 92 32
39514 113 37
39515 113 33
39516 112 37
39517 112 33
39518 14 92
39519 15 92
39520 113 37
39521 14 92
39522 113 33
39523 112 33
39524 102 63
39525 112 37
39526 103 63
39527 113 37
39528 102 63
39529 112 37
39530 103 63
39531 113 37
39532 93 32
39533 113 33
39534 112 33
39535 102 63
39536 92 32
39537 113 33
39538 112 37
39539 112 33
39540 15 92
39541 113 33
39542 14 92
39543 93 32
39544 113 37
39545 92 32
39546 15 92
39547 103 63
39548 14 92
39549 93 32
39550 15 92
39551 92 32
39552 112 37
39553 113 37
39554 93 32
39555 92 32
39556 112 37
39557 93 32
39558 112 33
39559 102 63
39560 113 33
39561 112 33
39562 113 37
39563 14 92
39564 15 92
39565 112 37
39566 113 33
39567 113 37
39568 112 33
39569 92 32
39570 14 92
39571 103 63
39572 93 32
39573 113 33
39574 102 63
39575 112 33
39576 92 32
39577 112 37
39578 113 33
39579 93 32
39580 113 37
39581 112 37
39582 103 63
39583 112 33
39584 92 32
39585 102 63
39586 113 37
39587 93 32
39588 92 32
39589 113 33
39590 15 92
39591 93 32
39592 103 63
39593 112 33
39594 102 63
39595 103 63
39596 92 32
39597 93 32
39598 92 32
39599 112 37
39600 102 63
39601 113 37
39602 112 37
39603 113 33
39604 14 92
39605 103 63
39606 93 32
39607 112 33
39608 15 92
39609 113 33
39610 112 33
39611 92 32
39612 113 37
39613 113 33
39614 14 92
39615 112 37
39616 102 63
39617 93 32
39618 92 32
39619 113 37
39620 112 37
39621 93 32
39622 92 32
39623 103 63
39624 93 32
39625 92 32
39626 15 92
39627 14 92
39628 102 63
39629 113 37
39630 93 32
39631 92 32
39632 112 33
39633 93 32
39634 92 32
39635 103 63
39636 112 37
39637 102 63
39638 103 63
39639 102 63
39640 113 33
39641 103 63
39642 15 92
39643 112 33
39644 113 33
39645 102 63
39646 14 92
39647 103 63
39648 102 63
39649 15 92
39650 14 92
39651 93 32
39652 112 33
39653 92 32
39654 113 37
39655 112 37
39656 113 37
39657 112 37
39658 103 63
39659 113 33
39660 112 33
39661 113 33
39662 102 63
39663 93 32
39664 15 92
39665 14 92
39666 103 63
39667 113 37
39668 102 63
39669 15 92
39670 112 37
39671 112 33
39672 92 32
39673 14 92
39674 93 32
39675 113 33
39676 112 33
39677 92 32
39678 93 32
39679 15 92
39680 103 63
39681 113 33
39682 113 37
39683 102 63
39684 103 63
39685 92 32
39686 102 63
39687 93 32
39688 112 37
39689 113 37
39690 103 63
39691 14 92
39692 92 32
39693 15 92
39694 112 37
39695 113 37
39696 14 92
39697 15 92
39698 14 92
39699 15 92
39700 14 92
39701 15 92
39702 112 37
39703 112 33
39704 93 32
39705 113 33
39706 92 32
39707 102 63
39708 113 37
39709 93 32
39710 92 32
39711 112 33
39712 112 37
39713 113 33
39714 93 32
39715 103 63
39716 102 63
39717 113 37
39718 92 32
39719 103 63
39720 14 92
39721 102 63
39722 112 33
39723 93 32
39724 92 32
39725 113 33
39726 93 32
39727 92 32
39728 15 92
39729 112 37
39730 113 37
39731 112 37
39732 112 33
39733 113 37
39734 103 63
39735 113 33
39736 14 92
39737 15 92
39738 112 33
39739 93 32
39740 113 33
39741 112 37
39742 14 92
39743 15 92
39744 113 37
39745 112 33
39746 112 37
39747 113 33
39748 112 33
39749 14 92
39750 113 37
39751 112 37
39752 102 63
39753 113 37
39754 15 92
39755 14 92
39756 92 32
39757 113 33
39758 103 63
39759 112 37
39760 113 37
39761 102 63
39762 112 33
39763 93 32
39764 113 33
39765 112 33
39766 113 33
39767 112 33
39768 15 92
39769 113 33
39770 112 37
39771 92 32
39772 93 32
39773 112 33
39774 103 63
39775 113 33
39776 92 32
39777 112 33
39778 113 37
39779 93 32
39780 112 37
39781 102 63
39782 103 63
39783 113 37
39784 14 92
39785 92 32
39786 102 63
39787 103 63
39788 15 92
39789 113 33
39790 112 33
39791 112 37
39792 113 37
39793 93 32
39794 113 33
39795 102 63
39796 112 37
39797 92 32
39798 113 37
39799 93 32
39800 112 33
39801 14 92
39802 113 33
39803 15 92
39804 103 63
39805 102 63
39806 92 32
39807 112 33
39808 112 37
39809 93 32
39810 113 37
39811 113 33
39812 103 63
39813 112 37
39814 113 37
39815 92 32
39816 112 37
39817 102 63
39818 112 33
39819 113 33
39820 103 63
39821 113 37
39822 93 32
39823 102 63
39824 92 32
39825 112 33
39826 103 63
39827 102 63
39828 112 37
39829 103 63
39830 14 92
39831 113 37
39832 113 33
39833 93 32
39834 112 33
39835 113 33
39836 102 63
39837 112 37
39838 15 92
39839 113 37
39840 14 92
39841 112 33
39842 103 63
39843 113 33
39844 15 92
39845 112 33
39846 92 32
39847 102 63
39848 112 37
39849 113 37
39850 113 33
39851 112 37
39852 112 33
39853 14 92
39854 15 92
39855 93 32
39856 103 63
39857 14 92
39858 15 92
39859 92 32
39860 93 32
39861 14 92
39862 113 37
39863 102 63
39864 15 92
39865 112 37
39866 14 92
39867 103 63
39868 113 37
39869 15 92
39870 102 63
39871 112 37
39872 113 37
39873 112 37
39874 113 37
39875 113 33
39876 112 37
39877 112 33
39878 14 92
39879 113 37
39880 15 92
39881 14 92
39882 103 63
39883 102 63
39884 92 32
39885 112 37
39886 113 37
39887 113 33
39888 93 32
39889 15 92
39890 92 32
39891 103 63
39892 102 63
39893 112 33
39894 14 92
39895 113 33
39896 103 63
39897 93 32
39898 102 63
39899 112 33
39900 92 32
39901 112 37
39902 113 33
39903 15 92
39904 113 37
39905 103 63
39906 14 92
39907 102 63
39908 103 63
39909 112 33
39910 93 32
39911 112 37
39912 15 92
39913 92 32
39914 93 32
39915 113 33
39916 112 33
39917 113 37
39918 102 63
39919 92 32
39920 112 37
39921 113 37
39922 113 33
39923 14 92
39924 112 33
39925 15 92
39926 113 33
39927 112 37
39928 93 32
39929 92 32
39930 113 37
39931 14 92
39932 112 37
39933 93 32
39934 92 32
39935 112 33
39936 113 33
39937 103 63
39938 15 92
39939 113 37
39940 93 32
39941 14 92
39942 112 33
39943 113 33
39944 112 37
39945 15 92
39946 113 37
39947 112 37
39948 102 63
39949 112 33
39950 113 33
39951 113 37
39952 112 37
39953 113 37
39954 103 63
39955 92 32
39956 112 37
39957 14 92
39958 112 33
39959 15 92
39960 93 32
39961 113 37
39962 113 33
39963 92 32
39964 112 37
39965 113 37
39966 102 63
39967 14 92
39968 112 37
39969 93 32
39970 112 33
39971 113 37
39972 15 92
39973 112 37
39974 113 37
39975 14 92
39976 113 33
39977 103 63
39978 15 92
39979 102 63
39980 112 33
39981 92 32
39982 113 33
39983 112 33
39984 112 37
39985 93 32
39986 14 92
39987 103 63
39988 102 63
39989 113 37
39990 113 33
39991 112 33
39992 103 63
39993 113 33
39994 102 63
39995 112 33
39996 92 32
39997 93 32
39998 112 37
39999 92 32
40000 103 63
40001 102 63
40002 113 33
40003 15 92
40004 93 32
40005 112 33
40006 113 37
40007 113 33
40008 112 33
40009 92 32
40010 14 92
40011 103 63
40012 15 92
40013 102 63
40014 14 92
40015 15 92
40016 93 32
40017 112 37
40018 14 92
40019 103 63
40020 15 92
40021 14 92
40022 102 63
40023 113 33
40024 92 32
40025 112 33
40026 15 92
40027 113 33
40028 103 63
40029 14 92
40030 102 63
40031 15 92
40032 113 37
40033 14 92
40034 103 63
40035 112 37
40036 112 33
40037 93 32
40038 92 32
40039 102 63
40040 113 33
40041 15 92
40042 93 32
40043 113 37
40044 103 63
40045 112 33
40046 113 33
40047 92 32
40048 112 33
40049 113 33
40050 102 63
40051 112 33
40052 93 32
40053 113 33
40054 92 32
40055 112 33
40056 103 63
40057 113 33
40058 14 92
40059 93 32
40060 112 37
40061 102 63
40062 112 33
40063 92 32
40064 113 33
40065 103 63
40066 113 37
40067 102 63
40068 112 33
40069 103 63
40070 93 32
40071 112 37
40072 92 32
40073 15 92
40074 102 63
40075 14 92
40076 113 37
40077 113 33
40078 112 33
40079 112 37
40080 103 63
40081 102 63
40082 113 33
40083 15 92
40084 112 33
40085 93 32
40086 92 32
40087 93 32
40088 103 63
40089 14 92
40090 113 33
40091 112 33
40092 113 37
40093 112 37
40094 92 32
40095 113 37
40096 102 63
40097 112 37
40098 113 33
40099 113 37
40100 93 32
40101 92 32
40102 112 37
40103 93 32
40104 92 32
40105 113 37
40106 112 37
40107 93 32
40108 92 32
40109 103 63
40110 102 63
40111 15 92
40112 113 37
40113 93 32
40114 112 37
40115 14 92
40116 113 37
40117 112 37
40118 103 63
40119 113 37
40120 112 37
40121 113 37
40122 92 32
40123 112 37
40124 93 32
40125 113 37
40126 92 32
40127 93 32
40128 15 92
40129 14 92
40130 112 33
40131 112 37
40132 113 37
40133 15 92
40134 113 33
40135 112 33
40136 102 63
40137 103 63
40138 14 92
40139 15 92
40140 102 63
40141 113 33
40142 14 92
40143 103 63
40144 102 63
40145 103 63
40146 102 63
40147 112 33
40148 92 32
40149 112 37
40150 113 33
40151 15 92
40152 14 92
40153 113 37
40154 103 63
40155 15 92
40156 93 32
40157 14 92
40158 112 33
40159 92 32
40160 102 63
40161 112 37
40162 113 33
40163 93 32
40164 15 92
40165 113 37
40166 112 33
40167 112 37
40168 14 92
40169 92 32
40170 93 32
40171 15 92
40172 14 92
40173 103 63
40174 113 33
40175 92 32
40176 93 32
40177 92 32
40178 113 37
40179 15 92
40180 93 32
40181 102 63
40182 92 32
40183 14 92
40184 112 37
40185 113 37
40186 103 63
40187 15 92
40188 14 92
40189 112 37
40190 112 33
40191 113 37
40192 113 33
40193 102 63
40194 112 33
40195 93 32
40196 112 37
40197 113 37
40198 15 92
40199 113 33
40200 14 92
40201 112 33
40202 103 63
40203 113 33
40204 102 63
40205 112 33
40206 103 63
40207 92 32
40208 102 63
40209 15 92
40210 93 32
40211 103 63
40212 92 32
40213 93 32
40214 113 33
40215 112 37
40216 92 32
40217 112 33
40218 14 92
40219 93 32
40220 15 92
40221 113 37
40222 113 33
40223 92 32
40224 14 92
40225 15 92
40226 14 92
40227 15 92
40228 93 32
40229 112 37
40230 112 33
40231 102 63
40232 113 37
40233 14 92
40234 113 33
40235 92 32
40236 103 63
40237 112 37
40238 112 33
40239 113 33
40240 113 37
40241 93 32
40242 15 92
40243 92 32
40244 102 63
40245 93 32
40246 112 33
40247 103 63
40248 113 33
40249 92 32
40250 112 37
40251 93 32
40252 92 32
40253 102 63
40254 14 92
40255 93 32
40256 113 37
40257 112 37
40258 112 33
40259 113 37
40260 103 63
40261 15 92
40262 112 37
40263 113 37
40264 102 63
40265 14 92
40266 15 92
40267 92 32
40268 14 92
40269 93 32
40270 112 37
40271 113 37
40272 15 92
40273 14 92
40274 113 33
40275 92 32
40276 112 37
40277 93 32
40278 15 92
40279 92 32
40280 93 32
40281 14 92
40282 103 63
40283 113 37
40284 102 63
40285 112 37
40286 112 33
40287 15 92
40288 92 32
40289 113 33
40290 112 33
40291 14 92
40292 15 92
40293 93 32
40294 103 63
40295 102 63
40296 113 33
40297 92 32
40298 113 37
40299 14 92
40300 112 37
40301 112 33
40302 113 33
40303 113 37
40304 15 92
40305 103 63
40306 93 32
40307 112 37
40308 112 33
40309 113 33
40310 14 92
40311 113 37
40312 112 37
40313 102 63
40314 112 33
40315 113 37
40316 103 63
40317 102 63
40318 112 37
40319 15 92
40320 92 32
40321 103 63
40322 113 33
40323 112 33
40324 113 37
40325 93 32
40326 14 92
40327 112 37
40328 113 33
40329 113 37
40330 112 33
40331 113 33
40332 15 92
40333 112 33
40334 113 33
40335 102 63
40336 92 32
40337 112 33
40338 112 37
40339 14 92
40340 113 33
40341 113 37
40342 112 33
40343 113 33
40344 15 92
40345 93 32
40346 14 92
40347 15 92
40348 92 32
40349 112 33
40350 103 63
40351 113 33
40352 112 33
40353 93 32
40354 112 37
40355 14 92
40356 15 92
40357 102 63
40358 14 92
40359 113 33
40360 113 37
40361 112 37
40362 103 63
40363 112 33
40364 92 32
40365 15 92
40366 93 32
40367 113 33
40368 112 33
40369 92 32
40370 113 33
40371 112 33
40372 93 32
40373 102 63
40374 113 33
40375 14 92
40376 15 92
40377 14 92
40378 92 32
40379 112 33
40380 113 33
40381 93 32
40382 92 32
40383 93 32
40384 112 33
40385 92 32
40386 103 63
40387 102 63
40388 93 32
40389 15 92
40390 113 37
40391 113 33
40392 103 63
40393 112 33
40394 14 92
40395 113 33
40396 102 63
40397 112 37
40398 103 63
40399 15 92
40400 14 92
40401 113 37
40402 102 63
40403 112 33
40404 92 32
40405 103 63
40406 102 63
40407 93 32
40408 103 63
40409 92 32
40410 15 92
40411 113 33
40412 14 92
40413 112 37
40414 15 92
40415 112 33
40416 14 92
40417 113 37
40418 113 33
40419 15 92
40420 112 33
40421 14 92
40422 113 33
40423 102 63
40424 103 63
40425 102 63
40426 103 63
40427 102 63
40428 112 37
40429 112 33
40430 93 32
40431 113 33
40432 113 37
40433 15 92
40434 92 32
40435 14 92
40436 93 32
40437 103 63
40438 112 37
40439 102 63
40440 92 32
40441 15 92
40442 103 63
40443 102 63
40444 103 63
40445 112 33
40446 93 32
40447 92 32
40448 93 32
40449 102 63
40450 14 92
40451 113 33
40452 112 33
40453 15 92
40454 113 33
40455 112 33
40456 103 63
40457 113 33
40458 102 63
40459 112 33
40460 92 32
40461 113 37
40462 14 92
40463 15 92
40464 14 92
40465 15 92
40466 93 32
40467 103 63
40468 92 32
40469 14 92
40470 102 63
40471 93 32
40472 15 92
40473 14 92
40474 92 32
40475 93 32
40476 103 63
40477 112 37
40478 92 32
40479 113 37
40480 15 92
40481 113 33
40482 102 63
40483 14 92
40484 112 37
40485 93 32
40486 15 92
40487 14 92
40488 113 37
40489 112 37
40490 15 92
40491 14 92
40492 112 33
40493 113 37
40494 103 63
40495 102 63
40496 15 92
40497 113 33
40498 112 33
40499 92 32
40500 103 63
40501 93 32
40502 102 63
40503 112 37
40504 92 32
40505 14 92
40506 15 92
40507 113 33
40508 93 32
40509 92 32
40510 14 92
40511 103 63
40512 15 92
40513 14 92
40514 102 63
40515 93 32
40516 92 32
40517 103 63
40518 113 37
40519 15 92
40520 112 37
40521 93 32
40522 112 33
40523 102 63
40524 113 37
40525 103 63
40526 113 33
40527 112 37
40528 92 32
40529 14 92
40530 113 37
40531 93 32
40532 112 37
40533 15 92
40534 102 63
40535 92 32
40536 103 63
40537 102 63
40538 14 92
40539 103 63
40540 93 32
40541 112 33
40542 92 32
40543 93 32
40544 102 63
40545 113 37
40546 15 92
40547 103 63
40548 92 32
40549 112 37
40550 113 37
40551 14 92
40552 112 37
40553 113 33
40554 102 63
40555 103 63
40556 93 32
40557 92 32
40558 102 63
40559 113 37
40560 112 37
40561 113 37
40562 103 63
40563 93 32
40564 112 37
40565 112 33
40566 92 32
40567 15 92
40568 102 63
40569 113 37
40570 14 92
40571 15 92
40572 113 33
40573 112 33
40574 112 37
40575 113 37
40576 14 92
40577 103 63
40578 112 37
40579 93 32
40580 92 32
40581 102 63
40582 93 32
40583 92 32
40584 93 32
40585 113 37
40586 113 33
40587 92 32
40588 15 92
40589 112 33
40590 14 92
40591 15 92
40592 14 92
40593 113 33
40594 103 63
40595 15 92
40596 112 37
40597 112 33
40598 93 32
40599 14 92
40600 15 92
40601 113 37
40602 113 33
40603 92 32
40604 112 33
40605 93 32
40606 102 63
40607 112 37
40608 92 32
40609 113 33
40610 93 32
40611 112 33
40612 92 32
40613 93 32
40614 103 63
40615 113 33
40616 102 63
40617 113 37
40618 103 63
40619 112 37
40620 112 33
40621 113 33
40622 92 32
40623 102 63
40624 14 92
40625 103 63
40626 112 33
40627 102 63
40628 93 32
40629 113 37
40630 113 33
40631 92 32
40632 112 33
40633 103 63
40634 15 92
40635 112 37
40636 14 92
40637 113 33
40638 15 92
40639 113 37
40640 14 92
40641 102 63
40642 93 32
40643 15 92
40644 103 63
40645 112 37
40646 14 92
40647 15 92
40648 92 32
40649 102 63
40650 113 37
40651 103 63
40652 93 32
40653 92 32
40654 14 92
40655 15 92
40656 112 37
40657 113 37
40658 93 32
40659 112 33
40660 113 33
40661 112 33
40662 92 32
40663 113 33
40664 102 63
40665 93 32
40666 14 92
40667 112 33
40668 113 33
40669 103 63
40670 112 33
40671 102 63
40672 103 63
40673 15 92
40674 92 32
40675 93 32
40676 113 33
40677 14 92
40678 15 92
40679 112 33
40680 113 33
40681 14 92
40682 112 33
40683 92 32
40684 112 37
40685 15 92
40686 102 63
40687 93 32
40688 103 63
40689 113 33
40690 102 63
40691 103 63
40692 113 37
40693 112 33
40694 113 33
40695 14 92
40696 15 92
40697 112 37
40698 102 63
40699 92 32
40700 112 33
40701 93 32
40702 113 33
40703 103 63
40704 113 37
40705 112 33
40706 102 63
40707 14 92
40708 15 92
40709 92 32
40710 112 37
40711 14 92
40712 15 92
40713 113 33
40714 112 33
40715 93 32
40716 14 92
40717 113 37
40718 103 63
40719 102 63
40720 113 33
40721 112 37
40722 92 32
40723 103 63
40724 102 63
40725 103 63
40726 113 37
40727 102 63
40728 15 92
40729 112 37
40730 103 63
40731 14 92
40732 15 92
40733 93 32
40734 112 33
40735 113 37
40736 14 92
40737 113 33
40738 92 32
40739 102 63
40740 103 63
40741 112 37
40742 102 63
40743 103 63
40744 15 92
40745 93 32
40746 14 92
40747 113 37
40748 102 63
40749 112 37
40750 112 33
40751 15 92
40752 103 63
40753 113 37
40754 14 92
40755 113 33
40756 112 37
40757 102 63
40758 103 63
40759 92 32
40760 112 33
40761 102 63
40762 103 63
40763 15 92
40764 93 32
40765 113 33
40766 14 92
40767 112 33
40768 113 37
40769 113 33
40770 92 32
40771 112 37
40772 15 92
40773 93 32
40774 112 33
40775 14 92
40776 113 37
40777 15 92
40778 102 63
40779 103 63
40780 112 37
40781 92 32
40782 93 32
40783 92 32
40784 102 63
40785 113 33
40786 14 92
40787 93 32
40788 113 37
40789 103 63
40790 92 32
40791 102 63
40792 112 37
40793 15 92
40794 93 32
40795 112 33
40796 113 37
40797 92 32
40798 103 63
40799 113 33
40800 112 37
40801 102 63
40802 14 92
40803 113 37
40804 112 33
40805 112 37
40806 15 92
40807 93 32
40808 14 92
40809 92 32
40810 103 63
40811 93 32
40812 102 63
40813 92 32
40814 15 92
40815 113 33
40816 93 32
40817 113 37
40818 103 63
40819 102 63
40820 14 92
40821 15 92
40822 14 92
40823 112 33
40824 113 33
40825 15 92
40826 14 92
40827 112 33
40828 113 33
40829 112 33
40830 92 32
40831 113 33
40832 15 92
40833 112 33
40834 112 37
40835 14 92
40836 113 33
40837 112 33
40838 103 63
40839 113 37
40840 15 92
40841 14 92
40842 112 37
40843 93 32
40844 92 32
40845 102 63
40846 113 37
40847 103 63
40848 113 33
40849 93 32
40850 92 32
40851 112 37
40852 93 32
40853 92 32
40854 15 92
40855 113 37
40856 14 92
40857 112 37
40858 93 32
40859 92 32
40860 113 37
40861 102 63
40862 93 32
40863 112 37
40864 103 63
40865 102 63
40866 113 37
40867 103 63
40868 15 92
40869 14 92
40870 112 37
40871 113 37
40872 112 33
40873 113 33
40874 112 37
40875 92 32
40876 15 92
40877 113 37
40878 112 33
40879 93 32
40880 112 37
40881 92 32
40882 102 63
40883 113 33
40884 93 32
40885 103 63
40886 92 32
40887 93 32
40888 112 33
40889 14 92
40890 102 63
40891 103 63
40892 15 92
40893 113 37
40894 113 33
40895 92 32
40896 93 32
40897 14 92
40898 112 37
40899 92 32
40900 112 33
40901 102 63
40902 113 33
40903 15 92
40904 14 92
40905 112 33
40906 103 63
40907 102 63
40908 103 63
40909 15 92
40910 93 32
40911 113 37
40912 112 37
40913 14 92
40914 113 33
40915 102 63
40916 103 63
40917 113 37
40918 92 32
40919 112 37
40920 113 37
40921 15 92
40922 112 33
40923 102 63
40924 112 37
40925 103 63
40926 113 37
40927 102 63
40928 93 32
40929 103 63
40930 14 92
40931 113 33
40932 102 63
40933 92 32
40934 112 37
40935 93 32
40936 113 37
40937 92 32
40938 112 37
40939 93 32
40940 112 33
40941 15 92
40942 103 63
40943 102 63
40944 103 63
40945 14 92
40946 113 33
40947 92 32
40948 112 33
40949 93 32
40950 102 63
40951 15 92
40952 14 92
40953 92 32
40954 15 92
40955 113 33
40956 113 37
40957 103 63
40958 93 32
40959 112 37
40960 92 32
40961 112 33
40962 14 92
40963 15 92
40964 93 32
40965 102 63
40966 14 92
40967 15 92
40968 92 32
40969 14 92
40970 15 92
40971 14 92
40972 113 33
40973 93 32
40974 113 37
40975 15 92
40976 92 32
40977 112 33
40978 112 37
40979 93 32
40980 92 32
40981 103 63
40982 113 33
40983 112 33
40984 113 37
40985 102 63
40986 103 63
40987 14 92
40988 102 63
40989 113 33
40990 112 37
40991 113 37
40992 112 37
40993 112 33
40994 113 37
40995 93 32
40996 113 33
40997 112 37
40998 92 32
40999 93 32
41000 92 32
41001 93 32
41002 113 37
41003 112 33
41004 113 33
41005 103 63
41006 112 33
41007 15 92
41008 14 92
41009 102 63
41010 103 63
41011 102 63
41012 103 63
41013 113 33
41014 112 33
41015 15 92
41016 102 63
41017 14 92
41018 15 92
41019 92 32
41020 93 32
41021 14 92
41022 113 33
41023 112 37
41024 112 33
41025 103 63
41026 113 37
41027 15 92
41028 113 33
41029 92 32
41030 102 63
41031 14 92
41032 93 32
41033 15 92
41034 92 32
41035 93 32
41036 112 37
41037 92 32
41038 14 92
41039 93 32
41040 103 63
41041 15 92
41042 102 63
41043 113 37
41044 14 92
41045 92 32
41046 103 63
41047 112 33
41048 93 32
41049 112 37
41050 15 92
41051 92 32
41052 14 92
41053 102 63
41054 113 37
41055 103 63
41056 102 63
41057 15 92
41058 93 32
41059 113 33
41060 112 37
41061 103 63
41062 102 63
41063 112 33
41064 14 92
41065 92 32
41066 93 32
41067 15 92
41068 103 63
41069 14 92
41070 113 33
41071 102 63
41072 15 92
41073 103 63
41074 102 63
41075 92 32
41076 93 32
41077 113 37
41078 112 33
41079 113 33
41080 14 92
41081 112 37
41082 103 63
41083 15 92
41084 112 33
41085 102 63
41086 113 37
41087 113 33
41088 14 92
41089 103 63
41090 112 33
41091 92 32
41092 102 63
41093 112 37
41094 113 33
41095 112 33
41096 93 32
41097 103 63
41098 113 37
41099 15 92
41100 113 33
41101 112 33
41102 14 92
41103 112 37
41104 102 63
41105 92 32
41106 93 32
41107 15 92
41108 92 32
41109 113 37
41110 112 37
41111 103 63
41112 113 33
41113 14 92
41114 15 92
41115 14 92
41116 112 33
41117 102 63
41118 93 32
41119 113 33
41120 15 92
41121 113 37
41122 112 33
41123 92 32
41124 93 32
41125 113 33
41126 14 92
41127 112 33
41128 112 37
41129 92 32
41130 15 92
41131 113 37
41132 103 63
41133 113 33
41134 93 32
41135 112 37
41136 113 37
41137 14 92
41138 112 33
41139 112 37
41140 92 32
41141 113 37
41142 112 37
41143 113 33
41144 102 63
41145 93 32
41146 103 63
41147 113 37
41148 92 32
41149 112 33
41150 15 92
41151 102 63
41152 113 33
41153 112 37
41154 112 33
41155 103 63
41156 102 63
41157 14 92
41158 15 92
41159 113 33
41160 112 33
41161 113 33
41162 93 32
41163 14 92
41164 92 32
41165 103 63
41166 113 37
41167 112 37
41168 113 37
41169 93 32
41170 15 92
41171 92 32
41172 112 37
41173 112 33
41174 102 63
41175 14 92
41176 15 92
41177 93 32
41178 14 92
41179 113 37
41180 103 63
41181 112 37
41182 15 92
41183 113 33
41184 102 63
41185 112 33
41186 113 33
41187 14 92
41188 103 63
41189 102 63
41190 112 33
41191 92 32
41192 113 33
41193 15 92
41194 14 92
41195 93 32
41196 113 37
41197 103 63
41198 112 33
41199 112 37
41200 15 92
41201 113 37
41202 14 92
41203 102 63
41204 15 92
41205 92 32
41206 112 37
41207 113 37
41208 93 32
41209 113 33
41210 14 92
41211 15 92
41212 112 37
41213 112 33
41214 92 32
41215 103 63
41216 93 32
41217 92 32
41218 14 92
41219 113 33
41220 93 32
41221 102 63
41222 113 37
41223 112 37
41224 112 33
41225 113 33
41226 113 37
41227 112 37
41228 15 92
41229 112 33
41230 113 37
41231 14 92
41232 112 37
41233 15 92
41234 113 33
41235 92 32
41236 14 92
41237 112 33
41238 15 92
41239 93 32
41240 113 37
41241 103 63
41242 92 32
41243 113 33
41244 14 92
41245 102 63
41246 103 63
41247 15 92
41248 102 63
41249 93 32
41250 14 92
41251 112 37
41252 15 92
41253 113 37
41254 14 92
41255 112 33
41256 15 92
41257 14 92
41258 92 32
41259 112 37
41260 113 33
41261 103 63
41262 93 32
41263 15 92
41264 113 37
41265 112 33
41266 92 32
41267 112 37
41268 113 37
41269 102 63
41270 14 92
41271 113 33
41272 15 92
41273 93 32
41274 103 63
41275 14 92
41276 112 33
41277 113 33
41278 102 63
41279 112 37
41280 92 32
41281 113 37
41282 103 63
41283 112 33
41284 15 92
41285 102 63
41286 14 92
41287 103 63
41288 112 37
41289 113 37
41290 15 92
41291 112 37
41292 14 92
41293 113 37
41294 93 32
41295 15 92
41296 112 37
41297 92 32
41298 113 37
41299 93 32
41300 92 32
41301 113 33
41302 14 92
41303 93 32
41304 92 32
41305 112 37
41306 102 63
41307 113 37
41308 93 32
41309 92 32
41310 103 63
41311 93 32
41312 15 92
41313 112 37
41314 112 33
41315 92 32
41316 113 33
41317 112 33
41318 102 63
41319 14 92
41320 103 63
41321 102 63
41322 15 92
41323 14 92
41324 113 33
41325 15 92
41326 14 92
41327 112 33
41328 103 63
41329 113 37
41330 15 92
41331 14 92
41332 15 92
41333 113 33
41334 112 37
41335 14 92
41336 112 33
41337 15 92
41338 102 63
41339 113 37
41340 14 92
41341 113 33
41342 93 32
41343 103 63
41344 92 32
41345 93 32
41346 112 37
41347 112 33
41348 102 63
41349 103 63
41350 102 63
41351 92 32
41352 103 63
41353 15 92
41354 113 33
41355 113 37
41356 102 63
41357 93 32
41358 112 33
41359 92 32
41360 113 33
41361 112 37
41362 113 37
41363 93 32
41364 112 33
41365 103 63
41366 14 92
41367 15 92
41368 113 33
41369 112 37
41370 14 92
41371 92 32
41372 102 63
41373 103 63
41374 112 33
41375 102 63
41376 113 33
41377 93 32
41378 113 37
41379 92 32
41380 15 92
41381 103 63
41382 93 32
41383 112 33
41384 92 32
41385 14 92
41386 102 63
41387 93 32
41388 103 63
41389 112 37
41390 113 33
41391 102 63
41392 15 92
41393 112 33
41394 14 92
41395 92 32
41396 103 63
41397 93 32
41398 102 63
41399 92 32
41400 113 37
41401 113 33
41402 15 92
41403 112 33
41404 14 92
41405 93 32
41406 113 33
41407 92 32
41408 15 92
41409 14 92
41410 112 37
41411 113 37
41412 93 32
41413 112 37
41414 15 92
41415 14 92
41416 112 33
41417 15 92
41418 92 32
41419 103 63
41420 102 63
41421 93 32
41422 14 92
41423 15 92
41424 14 92
41425 92 32
41426 93 32
41427 15 92
41428 113 37
41429 113 33
41430 14 92
41431 112 37
41432 15 92
41433 14 92
41434 92 32
41435 112 33
41436 15 92
41437 113 37
41438 113 33
41439 112 37
41440 93 32
41441 113 37
41442 14 92
41443 92 32
41444 15 92
41445 103 63
41446 112 37
41447 14 92
41448 15 92
41449 112 33
41450 14 92
41451 15 92
41452 93 32
41453 14 92
41454 113 37
41455 102 63
41456 103 63
41457 113 33
41458 112 37
41459 92 32
41460 15 92
41461 93 32
41462 92 32
41463 102 63
41464 103 63
41465 102 63
41466 103 63
41467 14 92
41468 112 33
41469 93 32
41470 113 37
41471 92 32
41472 112 37
41473 113 37
41474 112 37
41475 113 33
41476 15 92
41477 93 32
41478 102 63
41479 113 37
41480 103 63
41481 112 37
41482 102 63
41483 92 32
41484 112 33
41485 113 37
41486 113 33
41487 14 92
41488 93 32
41489 15 92
41490 112 33
41491 92 32
41492 14 92
41493 113 33
41494 112 33
41495 15 92
41496 93 32
41497 113 33
41498 103 63
41499 14 92
41500 112 33
41501 102 63
41502 112 37
41503 92 32
41504 93 32
41505 15 92
41506 92 32
41507 113 37
41508 14 92
41509 112 37
41510 103 63
41511 113 33
41512 15 92
41513 93 32
41514 112 33
41515 113 33
41516 112 33
41517 102 63
41518 103 63
41519 102 63
41520 92 32
41521 93 32
41522 103 63
41523 14 92
41524 113 33
41525 92 32
41526 113 37
41527 15 92
41528 102 63
41529 103 63
41530 14 92
41531 15 92
41532 112 37
41533 14 92
41534 102 63
41535 103 63
41536 93 32
41537 112 33
41538 113 33
41539 113 37
41540 112 37
41541 102 63
41542 113 37
41543 103 63
41544 15 92
41545 112 37
41546 113 37
41547 102 63
41548 112 37
41549 92 32
41550 112 33
41551 113 33
41552 113 37
41553 103 63
41554 14 92
41555 93 32
41556 112 37
41557 113 37
41558 102 63
41559 112 33
41560 15 92
41561 113 33
41562 103 63
41563 102 63
41564 103 63
41565 14 92
41566 102 63
41567 92 32
41568 112 37
41569 112 33
41570 93 32
41571 113 33
41572 15 92
41573 92 32
41574 113 37
41575 103 63
41576 14 92
41577 102 63
41578 112 33
41579 113 33
41580 93 32
41581 15 92
41582 112 37
41583 92 32
41584 103 63
41585 14 92
41586 93 32
41587 112 33
41588 113 33
41589 15 92
41590 14 92
41591 15 92
41592 112 33
41593 102 63
41594 103 63
41595 14 92
41596 113 37
41597 113 33
41598 112 37
41599 112 33
41600 92 32
41601 93 32
41602 113 37
41603 15 92
41604 112 37
41605 92 32
41606 14 92
41607 113 33
41608 93 32
41609 113 37
41610 112 37
41611 15 92
41612 112 33
41613 113 33
41614 112 33
41615 92 32
41616 14 92
41617 113 37
41618 113 33
41619 112 33
41620 93 32
41621 92 32
41622 113 33
41623 93 32
41624 92 32
41625 112 37
41626 112 33
41627 93 32
41628 102 63
41629 113 33
41630 15 92
41631 103 63
41632 112 33
41633 113 37
41634 113 33
41635 112 37
41636 102 63
41637 113 37
41638 92 32
41639 112 37
41640 103 63
41641 14 92
41642 15 92
41643 112 33
41644 113 33
41645 112 33
41646 14 92
41647 113 37
41648 15 92
41649 113 33
41650 102 63
41651 103 63
41652 112 37
41653 112 33
41654 102 63
41655 113 37
41656 14 92
41657 15 92
41658 14 92
41659 113 33
41660 93 32
41661 92 32
41662 103 63
41663 102 63
41664 103 63
41665 93 32
41666 112 33
41667 102 63
41668 112 37
41669 113 37
41670 103 63
41671 92 32
41672 93 32
41673 113 33
41674 112 33
41675 112 37
41676 113 37
41677 113 33
41678 102 63
41679 112 33
41680 113 33
41681 103 63
41682 92 32
41683 102 63
41684 93 32
41685 112 33
41686 103 63
41687 113 33
41688 102 63
41689 92 32
41690 103 63
41691 93 32
41692 112 33
41693 102 63
41694 113 33
41695 92 32
41696 112 33
41697 93 32
41698 103 63
41699 113 33
41700 112 37
41701 112 33
41702 92 32
41703 15 92
41704 93 32
41705 14 92
41706 102 63
41707 103 63
41708 113 33
41709 113 37
41710 112 37
41711 92 32
41712 93 32
41713 92 32
41714 93 32
41715 92 32
41716 112 33
41717 93 32
41718 15 92
41719 102 63
41720 113 33
41721 92 32
41722 93 32
41723 14 92
41724 103 63
41725 102 63
41726 113 37
41727 15 92
41728 14 92
41729 103 63
41730 102 63
41731 92 32
41732 103 63
41733 102 63
41734 15 92
41735 112 33
41736 113 33
41737 103 63
41738 14 92
41739 93 32
41740 92 32
41741 93 32
41742 92 32
41743 93 32
41744 112 37
41745 113 37
41746 112 37
41747 113 37
41748 112 33
41749 92 32
41750 102 63
41751 103 63
41752 113 33
41753 112 37
41754 15 92
41755 113 37
41756 93 32
41757 112 33
41758 92 32
41759 113 33
41760 112 37
41761 93 32
41762 102 63
41763 112 33
41764 113 33
41765 14 92
41766 15 92
41767 92 32
41768 93 32
41769 113 37
41770 112 33
41771 103 63
41772 102 63
41773 103 63
41774 113 33
41775 112 33
41776 102 63
41777 92 32
41778 93 32
41779 103 63
41780 14 92
41781 92 32
41782 112 37
41783 15 92
41784 113 33
41785 93 32
41786 112 33
41787 102 63
41788 113 33
41789 14 92
41790 15 92
41791 14 92
41792 103 63
41793 102 63
41794 92 32
41795 103 63
41796 102 63
41797 93 32
41798 92 32
41799 15 92
41800 103 63
41801 93 32
41802 113 37
41803 112 37
41804 112 33
41805 113 37
41806 102 63
41807 103 63
41808 113 33
41809 112 37
41810 112 33
41811 92 32
41812 113 33
41813 93 32
41814 112 33
41815 14 92
41816 15 92
41817 102 63
41818 92 32
41819 14 92
41820 113 33
41821 15 92
41822 93 32
41823 112 33
41824 103 63
41825 113 37
41826 113 33
41827 92 32
41828 14 92
41829 93 32
41830 92 32
41831 112 33
41832 113 33
41833 112 37
41834 15 92
41835 112 33
41836 93 32
41837 102 63
41838 14 92
41839 113 33
41840 112 33
41841 113 33
41842 112 33
41843 113 33
41844 113 37
41845 103 63
41846 112 33
41847 15 92
41848 14 92
41849 92 32
41850 112 37
41851 113 37
41852 102 63
41853 113 33
41854 112 33
41855 15 92
41856 113 33
41857 103 63
41858 93 32
41859 92 32
41860 112 37
41861 14 92
41862 93 32
41863 112 33
41864 113 33
41865 15 92
41866 102 63
41867 112 33
41868 103 63
41869 102 63
41870 113 33
41871 113 37
41872 112 37
41873 14 92
41874 113 37
41875 92 32
41876 15 92
41877 103 63
41878 112 33
41879 93 32
41880 92 32
41881 112 37
41882 14 92
41883 15 92
41884 93 32
41885 14 92
41886 113 33
41887 112 33
41888 113 37
41889 113 33
41890 112 33
41891 92 32
41892 15 92
41893 102 63
41894 14 92
41895 112 37
41896 15 92
41897 93 32
41898 103 63
41899 113 33
41900 102 63
41901 14 92
41902 92 32
41903 113 37
41904 93 32
41905 112 33
41906 113 33
41907 15 92
41908 112 33
41909 112 37
41910 113 33
41911 103 63
41912 112 33
41913 14 92
41914 15 92
41915 92 32
41916 113 33
41917 113 37
41918 93 32
41919 102 63
41920 112 37
41921 103 63
41922 113 37
41923 112 37
41924 14 92
41925 112 33
41926 113 33
41927 15 92
41928 14 92
41929 15 92
41930 102 63
41931 103 63
41932 113 37
41933 92 32
41934 112 33
41935 93 32
41936 113 33
41937 112 33
41938 92 32
41939 14 92
41940 102 63
41941 113 33
41942 93 32
41943 92 32
41944 112 37
41945 93 32
41946 112 33
41947 92 32
41948 93 32
41949 113 33
41950 92 32
41951 113 37
41952 103 63
41953 112 37
41954 15 92
41955 14 92
41956 112 33
41957 113 37
41958 113 33
41959 15 92
41960 112 37
41961 102 63
41962 103 63
41963 14 92
41964 102 63
41965 113 37
41966 93 32
41967 15 92
41968 112 33
41969 14 92
41970 113 33
41971 15 92
41972 103 63
41973 112 37
41974 113 37
41975 112 33
41976 102 63
41977 14 92
41978 103 63
41979 15 92
41980 14 92
41981 113 33
41982 102 63
41983 112 33
41984 92 32
41985 112 37
41986 93 32
41987 113 33
41988 103 63
41989 102 63
41990 103 63
41991 15 92
41992 14 92
41993 113 37
41994 112 33
41995 113 33
41996 15 92
41997 102 63
41998 103 63
41999 112 33
42000 92 32
42001 102 63
42002 14 92
42003 103 63
42004 102 63
42005 112 37
42006 113 33
42007 103 63
42008 112 33
42009 15 92
42010 14 92
42011 93 32
42012 113 33
42013 92 32
42014 15 92
42015 102 63
42016 112 33
42017 103 63
42018 93 32
42019 113 33
42020 92 32
42021 113 37
42022 112 37
42023 112 33
42024 102 63
42025 93 32
42026 92 32
42027 14 92
42028 113 33
42029 93 32
42030 113 37
42031 112 37
42032 103 63
42033 92 32
42034 93 32
42035 112 33
42036 15 92
42037 113 33
42038 14 92
42039 112 33
42040 15 92
42041 102 63
42042 103 63
42043 113 33
42044 14 92
42045 102 63
42046 113 37
42047 103 63
42048 15 92
42049 14 92
42050 15 92
42051 14 92
42052 15 92
42053 14 92
42054 112 33
42055 112 37
42056 102 63
42057 113 37
42058 113 33
42059 112 33
42060 112 37
42061 113 37
42062 92 32
42063 112 37
42064 103 63
42065 93 32
42066 113 37
42067 92 32
42068 15 92
42069 14 92
42070 15 92
42071 102 63
42072 14 92
42073 112 37
42074 113 33
42075 103 63
42076 93 32
42077 112 33
42078 102 63
42079 113 33
42080 112 33
42081 15 92
42082 103 63
42083 92 32
42084 93 32
42085 113 33
42086 112 33
42087 14 92
42088 92 32
42089 15 92
42090 14 92
42091 102 63
42092 113 33
42093 93 32
42094 112 33
42095 103 63
42096 113 37
42097 15 92
42098 112 37
42099 102 63
42100 113 33
42101 103 63
42102 14 92
42103 112 33
42104 102 63
42105 103 63
42106 102 63
42107 113 33
42108 113 37
42109 92 32
42110 112 37
42111 112 33
42112 113 33
42113 113 37
42114 15 92
42115 14 92
42116 112 33
42117 113 33
42118 112 33
42119 112 37
42120 93 32
42121 15 92
42122 103 63
42123 113 33
42124 92 32
42125 113 37
42126 14 92
42127 112 37
42128 112 33
42129 93 32
42130 102 63
42131 92 32
42132 113 33
42133 15 92
42134 93 32
42135 113 37
42136 112 37
42137 112 33
42138 113 37
42139 14 92
42140 15 92
42141 14 92
42142 92 32
42143 103 63
42144 15 92
42145 112 37
42146 113 33
42147 93 32
42148 92 32
42149 14 92
42150 102 63
42151 103 63
42152 93 32
42153 92 32
42154 93 32
42155 112 33
42156 102 63
42157 113 37
42158 15 92
42159 112 37
42160 103 63
42161 102 63
42162 14 92
42163 113 37
42164 112 37
42165 92 32
42166 15 92
42167 93 32
42168 113 37
42169 113 33
42170 103 63
42171 14 92
42172 15 92
42173 102 63
42174 92 32
42175 103 63
42176 93 32
42177 112 33
42178 92 32
42179 113 33
42180 93 32
42181 102 63
42182 14 92
42183 112 37
42184 113 37
42185 112 37
42186 112 33
42187 15 92
42188 113 33
42189 14 92
42190 112 33
42191 113 37
42192 92 32
42193 15 92
42194 113 33
42195 93 32
42196 103 63
42197 14 92
42198 112 33
42199 113 33
42200 102 63
42201 15 92
42202 92 32
42203 14 92
42204 112 37
42205 112 33
42206 103 63
42207 102 63
42208 15 92
42209 113 37
42210 113 33
42211 93 32
42212 112 37
42213 92 32
42214 113 37
42215 112 33
42216 93 32
42217 113 33
42218 103 63
42219 102 63
42220 92 32
42221 103 63
42222 102 63
42223 103 63
42224 112 37
42225 112 33
42226 113 33
42227 112 33
42228 113 37
42229 112 37
42230 113 33
42231 14 92
42232 113 37
42233 102 63
42234 15 92
42235 103 63
42236 112 37
42237 102 63
42238 93 32
42239 113 37
42240 103 63
42241 14 92
42242 102 63
42243 15 92
42244 92 32
42245 93 32
42246 14 92
42247 15 92
42248 112 33
42249 112 37
42250 103 63
42251 113 37
42252 14 92
42253 112 37
42254 113 37
42255 113 33
42256 112 37
42257 15 92
42258 102 63
42259 103 63
42260 92 32
42261 113 37
42262 112 33
42263 113 33
42264 112 33
42265 14 92
42266 93 32
42267 102 63
42268 112 37
42269 15 92
42270 113 37
42271 113 33
42272 103 63
42273 14 92
42274 112 33
42275 92 32
42276 102 63
42277 113 33
42278 112 33
42279 103 63
42280 112 37
42281 113 33
42282 102 63
42283 112 33
42284 15 92
42285 93 32
42286 103 63
42287 14 92
42288 113 33
42289 15 92
42290 14 92
42291 102 63
42292 92 32
42293 15 92
42294 103 63
42295 102 63
42296 93 32
42297 112 33
42298 14 92
42299 92 32
42300 93 32
42301 113 33
42302 112 33
42303 113 33
42304 15 92
42305 103 63
42306 113 37
42307 14 92
42308 112 33
42309 92 32
42310 112 37
42311 15 92
42312 113 33
42313 14 92
42314 102 63
42315 113 37
42316 93 32
42317 112 37
42318 103 63
42319 15 92
42320 112 33
42321 92 32
42322 113 37
42323 93 32
42324 112 37
42325 102 63
42326 14 92
42327 113 37
42328 113 33
42329 112 33
42330 112 37
42331 92 32
42332 103 63
42333 113 33
42334 112 33
42335 113 37
42336 102 63
42337 112 37
42338 113 33
42339 112 33
42340 113 37
42341 15 92
42342 93 32
42343 112 37
42344 103 63
42345 102 63
42346 113 33
42347 112 33
42348 103 63
42349 92 32
42350 113 33
42351 113 37
42352 93 32
42353 112 37
42354 102 63
42355 112 33
42356 103 63
42357 92 32
42358 102 63
42359 113 37
42360 14 92
42361 113 33
42362 112 33
42363 112 37
42364 113 37
42365 15 92
42366 103 63
42367 93 32
42368 102 63
42369 14 92
42370 112 37
42371 92 32
42372 113 37
42373 103 63
42374 113 33
42375 93 32
42376 15 92
42377 14 92
42378 15 92
42379 92 32
42380 112 33
42381 112 37
42382 93 32
42383 102 63
42384 103 63
42385 14 92
42386 113 37
42387 15 92
42388 112 37
42389 113 37
42390 14 92
42391 102 63
42392 15 92
42393 92 32
42394 93 32
42395 113 33
42396 112 37
42397 113 37
42398 14 92
42399 103 63
42400 112 37
42401 102 63
42402 92 32
42403 15 92
42404 93 32
42405 113 37
42406 112 37
42407 92 32
42408 113 37
42409 103 63
42410 112 33
42411 14 92
42412 113 33
42413 15 92
42414 112 37
42415 113 37
42416 14 92
42417 102 63
42418 93 32
42419 112 37
42420 103 63
42421 15 92
42422 92 32
42423 102 63
42424 14 92
42425 113 37
42426 93 32
42427 92 32
42428 103 63
42429 112 33
42430 102 63
42431 112 37
42432 15 92
42433 103 63
42434 14 92
42435 102 63
42436 15 92
42437 113 37
42438 113 33
42439 93 32
42440 92 32
42441 14 92
42442 112 37
42443 15 92
42444 103 63
42445 112 33
42446 102 63
42447 103 63
42448 113 37
42449 112 37
42450 113 37
42451 113 33
42452 102 63
42453 112 33
42454 103 63
42455 102 63
42456 14 92
42457 103 63
42458 102 63
42459 112 37
42460 103 63
42461 93 32
42462 15 92
42463 92 32
42464 14 92
42465 102 63
42466 113 33
42467 103 63
42468 112 33
42469 93 32
42470 92 32
42471 113 33
42472 15 92
42473 112 33
42474 14 92
42475 113 33
42476 93 32
42477 112 33
42478 113 37
42479 92 32
42480 15 92
42481 14 92
42482 112 37
42483 93 32
42484 15 92
42485 113 37
42486 113 33
42487 92 32
42488 102 63
42489 103 63
42490 112 37
42491 112 33
42492 113 37
42493 93 32
42494 14 92
42495 92 32
42496 102 63
42497 103 63
42498 113 33
42499 102 63
42500 112 37
42501 103 63
42502 15 92
42503 112 33
42504 113 37
42505 102 63
42506 113 33
42507 14 92
42508 103 63
42509 15 92
42510 93 32
42511 14 92
42512 15 92
42513 92 32
42514 93 32
42515 92 32
42516 14 92
42517 93 32
42518 112 37
42519 102 63
42520 112 33
42521 103 63
42522 113 33
42523 113 37
42524 102 63
42525 92 32
42526 103 63
42527 102 63
42528 112 33
42529 103 63
42530 112 37
42531 102 63
42532 93 32
42533 103 63
42534 113 37
42535 113 33
42536 102 63
42537 103 63
42538 112 37
42539 102 63
42540 92 32
42541 112 33
42542 113 33
42543 113 37
42544 103 63
42545 93 32
42546 92 32
42547 112 33
42548 112 37
42549 113 37
42550 113 33
42551 112 37
42552 113 37
42553 15 92
42554 112 37
42555 14 92
42556 112 33
42557 15 92
42558 102 63
42559 14 92
42560 93 32
42561 92 32
42562 113 33
42563 15 92
42564 14 92
42565 113 37
42566 112 33
42567 113 33
42568 112 37
42569 15 92
42570 113 37
42571 14 92
42572 93 32
42573 103 63
42574 15 92
42575 112 37
42576 113 37
42577 102 63
42578 112 33
42579 14 92
42580 112 37
42581 113 37
42582 15 92
42583 92 32
42584 93 32
42585 14 92
42586 113 33
42587 112 37
42588 103 63
42589 102 63
42590 103 63
42591 15 92
42592 112 33
42593 113 33
42594 92 32
42595 113 37
42596 93 32
42597 102 63
42598 92 32
42599 112 37
42600 14 92
42601 93 32
42602 92 32
42603 103 63
42604 15 92
42605 102 63
42606 103 63
42607 113 37
42608 14 92
42609 112 37
42610 112 33
42611 15 92
42612 102 63
42613 113 37
42614 112 37
42615 14 92
42616 15 92
42617 113 37
42618 103 63
42619 93 32
42620 92 32
42621 93 32
42622 102 63
42623 92 32
42624 14 92
42625 103 63
42626 113 33
42627 112 33
42628 102 63
42629 93 32
42630 15 92
42631 14 92
42632 112 37
42633 113 37
42634 103 63
42635 113 33
42636 112 33
42637 113 33
42638 92 32
42639 112 33
42640 112 37
42641 113 33
42642 112 33
42643 113 33
42644 93 32
42645 112 33
42646 102 63
42647 15 92
42648 14 92
42649 103 63
42650 92 32
42651 113 33
42652 102 63
42653 103 63
42654 112 33
42655 15 92
42656 113 33
42657 102 63
42658 103 63
42659 93 32
42660 14 92
42661 15 92
42662 112 33
42663 113 33
42664 102 63
42665 103 63
42666 113 37
42667 102 63
42668 112 37
42669 14 92
42670 112 33
42671 92 32
42672 103 63
42673 15 92
42674 14 92
42675 93 32
42676 113 33
42677 92 32
42678 15 92
42679 113 37
42680 112 37
42681 14 92
42682 113 37
42683 93 32
42684 92 32
42685 102 63
42686 15 92
42687 14 92
42688 112 33
42689 112 37
42690 113 37
42691 103 63
42692 112 37
42693 113 33
42694 93 32
42695 102 63
42696 103 63
42697 112 33
42698 113 37
42699 92 32
42700 113 33
42701 93 32
42702 92 32
42703 93 32
42704 102 63
42705 103 63
42706 112 37
42707 112 33
42708 15 92
42709 113 33
42710 92 32
42711 14 92
42712 112 33
42713 113 37
42714 102 63
42715 112 37
42716 113 33
42717 103 63
42718 93 32
42719 15 92
42720 102 63
42721 113 37
42722 92 32
42723 112 37
42724 112 33
42725 93 32
42726 14 92
42727 15 92
42728 113 37
42729 112 37
42730 103 63
42731 102 63
42732 92 32
42733 113 37
42734 103 63
42735 113 33
42736 102 63
42737 93 32
42738 112 37
42739 112 33
42740 113 33
42741 92 32
42742 113 37
42743 112 33
42744 113 33
42745 112 33
42746 113 33
42747 103 63
42748 112 33
42749 102 63
42750 14 92
42751 103 63
42752 112 37
42753 113 33
42754 102 63
42755 103 63
42756 102 63
42757 15 92
42758 112 33
42759 113 37
42760 14 92
42761 93 32
42762 92 32
42763 103 63
42764 93 32
42765 92 32
42766 102 63
42767 112 37
42768 113 37
42769 103 63
42770 102 63
42771 103 63
42772 15 92
42773 93 32
42774 113 33
42775 92 32
42776 93 32
42777 112 37
42778 92 32
42779 112 33
42780 14 92
42781 93 32
42782 113 37
42783 113 33
42784 15 92
42785 112 33
42786 14 92
42787 102 63
42788 92 32
42789 15 92
42790 14 92
42791 93 32
42792 113 33
42793 92 32
42794 112 33
42795 93 32
42796 113 33
42797 112 33
42798 113 33
42799 92 32
42800 15 92
42801 112 33
42802 112 37
42803 93 32
42804 92 32
42805 14 92
42806 93 32
42807 103 63
42808 113 33
42809 112 33
42810 15 92
42811 92 32
42812 113 33
42813 113 37
42814 112 33
42815 93 32
42816 112 37
42817 92 32
42818 93 32
42819 14 92
42820 113 33
42821 102 63
42822 103 63
42823 112 33
42824 113 37
42825 102 63
42826 103 63
42827 112 37
42828 113 33
42829 15 92
42830 113 37
42831 112 37
42832 14 92
42833 112 33
42834 113 33
42835 102 63
42836 92 32
42837 93 32
42838 112 33
42839 15 92
42840 113 37
42841 113 33
42842 112 33
42843 92 32
42844 112 37
42845 103 63
42846 93 32
42847 92 32
42848 113 33
42849 14 92
42850 15 92
42851 112 33
42852 113 37
42853 113 33
42854 14 92
42855 112 33
42856 102 63
42857 112 37
42858 93 32
42859 15 92
42860 92 32
42861 93 32
42862 14 92
42863 103 63
42864 15 92
42865 113 37
42866 112 37
42867 14 92
42868 113 33
42869 92 32
42870 93 32
42871 113 37
42872 92 32
42873 93 32
42874 15 92
42875 102 63
42876 92 32
42877 93 32
42878 112 33
42879 14 92
42880 15 92
42881 92 32
42882 14 92
42883 112 37
42884 113 33
42885 93 32
42886 112 33
42887 113 37
42888 103 63
42889 113 33
42890 92 32
42891 112 33
42892 113 33
42893 112 37
42894 113 37
42895 112 37
42896 15 92
42897 14 92
42898 15 92
42899 93 32
42900 112 33
42901 113 37
42902 113 33
42903 14 92
42904 92 32
42905 112 37
42906 102 63
42907 93 32
42908 92 32
42909 112 33
42910 103 63
42911 93 32
42912 113 33
42913 15 92
42914 92 32
42915 93 32
42916 14 92
42917 102 63
42918 112 33
42919 92 32
42920 93 32
42921 92 32
42922 113 37
42923 15 92
42924 113 33
42925 112 37
42926 103 63
42927 93 32
42928 113 37
42929 112 33
42930 92 32
42931 93 32
42932 102 63
42933 103 63
42934 92 32
42935 102 63
42936 113 33
42937 93 32
42938 112 33
42939 103 63
42940 102 63
42941 92 32
42942 103 63
42943 14 92
42944 113 33
42945 93 32
42946 112 37
42947 113 37
42948 92 32
42949 93 32
42950 112 37
42951 15 92
42952 92 32
42953 14 92
42954 93 32
42955 92 32
42956 15 92
42957 113 37
42958 93 32
42959 102 63
42960 92 32
42961 112 33
42962 14 92
42963 15 92
42964 103 63
42965 93 32
42966 14 92
42967 102 63
42968 113 33
42969 15 92
42970 112 37
42971 113 37
42972 112 33
42973 113 33
42974 14 92
42975 92 32
42976 112 37
42977 103 63
42978 93 32
42979 113 37
42980 15 92
42981 14 92
42982 112 33
42983 112 37
42984 92 32
42985 113 37
42986 93 32
42987 15 92
42988 92 32
42989 112 37
42990 93 32
42991 14 92
42992 15 92
42993 113 37
42994 112 37
42995 92 32
42996 93 32
42997 14 92
42998 92 32
42999 113 33
43000 102 63
43001 113 37
43002 93 32
43003 112 37
43004 103 63
43005 102 63
43006 92 32
43007 112 33
43008 113 33
43009 113 37
43010 15 92
43011 93 32
43012 112 33
43013 103 63
43014 102 63
43015 103 63
43016 92 32
43017 93 32
43018 112 37
43019 113 37
43020 112 37
43021 113 37
43022 102 63
43023 112 37
43024 103 63
43025 113 37
43026 113 33
43027 112 33
43028 92 32
43029 113 33
43030 112 37
43031 113 37
43032 112 37
43033 102 63
43034 113 37
43035 112 37
43036 93 32
43037 112 33
43038 14 92
43039 92 32
43040 113 33
43041 93 32
43042 92 32
43043 93 32
43044 113 37
43045 15 92
43046 112 33
43047 92 32
43048 112 37
43049 103 63
43050 14 92
43051 102 63
43052 15 92
43053 93 32
43054 92 32
43055 14 92
43056 103 63
43057 93 32
43058 15 92
43059 102 63
43060 113 33
43061 92 32
43062 112 33
43063 14 92
43064 113 33
43065 15 92
43066 14 92
43067 15 92
43068 103 63
43069 93 32
43070 92 32
43071 93 32
43072 102 63
43073 92 32
43074 113 37
43075 112 33
43076 14 92
43077 93 32
43078 92 32
43079 113 33
43080 112 33
43081 15 92
43082 93 32
43083 92 32
43084 14 92
43085 103 63
43086 112 37
43087 113 37
43088 93 32
43089 92 32
43090 112 37
43091 93 32
43092 113 37
43093 113 33
43094 92 32
43095 93 32
43096 112 33
43097 112 37
43098 92 32
43099 113 37
43100 15 92
43101 112 37
43102 113 33
43103 93 32
43104 112 33
43105 102 63
43106 103 63
43107 102 63
43108 92 32
43109 113 37
43110 103 63
43111 113 33
43112 112 37
43113 113 37
43114 112 37
43115 14 92
43116 15 92
43117 102 63
43118 93 32
43119 113 37
43120 92 32
43121 103 63
43122 102 63
43123 112 33
43124 112 37
43125 113 37
43126 112 37
43127 103 63
43128 113 33
43129 112 33
43130 14 92
43131 93 32
43132 92 32
43133 102 63
43134 113 33
43135 93 32
43136 112 33
43137 113 33
43138 92 32
43139 103 63
43140 15 92
43141 113 37
43142 102 63
43143 93 32
43144 112 33
43145 113 33
43146 103 63
43147 14 92
43148 112 37
43149 112 33
43150 113 37
43151 113 33
43152 92 32
43153 93 32
43154 112 37
43155 92 32
43156 112 33
43157 102 63
43158 113 37
43159 93 32
43160 112 37
43161 113 37
43162 92 32
43163 103 63
43164 112 37
43165 113 33
43166 93 32
43167 112 33
43168 92 32
43169 15 92
43170 102 63
43171 93 32
43172 113 37
43173 92 32
43174 113 33
43175 103 63
43176 112 37
43177 112 33
43178 102 63
43179 14 92
43180 15 92
43181 14 92
43182 103 63
43183 93 32
43184 102 63
43185 15 92
43186 113 37
43187 103 63
43188 14 92
43189 15 92
43190 113 33
43191 112 33
43192 113 33
43193 112 33
43194 113 33
43195 14 92
43196 15 92
43197 14 92
43198 92 32
43199 93 32
43200 112 33
43201 113 33
43202 112 37
43203 112 33
43204 15 92
43205 14 92
43206 113 37
43207 92 32
43208 15 92
43209 112 37
43210 113 37
43211 93 32
43212 92 32
43213 14 92
43214 93 32
43215 112 37
43216 102 63
43217 113 33
43218 103 63
43219 112 33
43220 92 32
43221 113 37
43222 113 33
43223 102 63
43224 112 33
43225 112 37
43226 15 92
43227 14 92
43228 15 92
43229 93 32
43230 103 63
43231 113 37
43232 92 32
43233 93 32
43234 102 63
43235 92 32
43236 112 37
43237 103 63
43238 102 63
43239 14 92
43240 93 32
43241 92 32
43242 93 32
43243 113 37
43244 103 63
43245 15 92
43246 14 92
43247 112 37
43248 102 63
43249 113 37
43250 92 32
43251 113 33
43252 112 33
43253 112 37
43254 15 92
43255 103 63
43256 93 32
43257 14 92
43258 15 92
43259 113 33
43260 92 32
43261 93 32
43262 112 33
43263 113 33
43264 92 32
43265 113 37
43266 112 33
43267 113 33
43268 112 33
43269 93 32
43270 14 92
43271 112 37
43272 113 33
43273 102 63
43274 112 33
43275 113 37
43276 112 37
43277 15 92
43278 92 32
43279 14 92
43280 93 32
43281 92 32
43282 113 37
43283 112 37
43284 15 92
43285 113 33
43286 14 92
43287 15 92
43288 14 92
43289 112 33
43290 113 33
43291 113 37
43292 112 37
43293 103 63
43294 15 92
43295 102 63
43296 14 92
43297 113 37
43298 15 92
43299 103 63
43300 102 63
43301 14 92
43302 112 33
43303 103 63
43304 93 32
43305 92 32
43306 102 63
43307 112 37
43308 103 63
43309 15 92
43310 102 63
43311 14 92
43312 113 33
43313 103 63
43314 112 33
43315 113 33
43316 15 92
43317 102 63
43318 103 63
43319 93 32
43320 14 92
43321 102 63
43322 113 37
43323 92 32
43324 112 37
43325 93 32
43326 92 32
43327 93 32
43328 113 37
43329 112 33
43330 15 92
43331 14 92
43332 103 63
43333 102 63
43334 92 32
43335 93 32
43336 113 33
43337 112 33
43338 15 92
43339 112 37
43340 113 37
43341 112 37
43342 14 92
43343 15 92
43344 113 37
43345 92 32
43346 103 63
43347 112 37
43348 14 92
43349 102 63
43350 103 63
43351 113 37
43352 112 37
43353 113 33
43354 112 33
43355 113 33
43356 93 32
43357 113 37
43358 92 32
43359 15 92
43360 112 33
43361 113 33
43362 93 32
43363 92 32
43364 112 37
43365 102 63
43366 112 33
43367 113 33
43368 112 33
43369 14 92
43370 15 92
43371 113 33
43372 103 63
43373 93 32
43374 14 92
43375 113 37
43376 112 33
43377 102 63
43378 92 32
43379 113 33
43380 93 32
43381 103 63
43382 15 92
43383 14 92
43384 15 92
43385 92 32
43386 112 37
43387 112 33
43388 113 37
43389 113 33
43390 112 33
43391 14 92
43392 112 37
43393 93 32
43394 113 37
43395 112 37
43396 92 32
43397 93 32
43398 15 92
43399 14 92
43400 113 37
43401 102 63
43402 92 32
43403 93 32
43404 15 92
43405 112 37
43406 103 63
43407 113 33
43408 14 92
43409 92 32
43410 112 33
43411 113 37
43412 93 32
43413 112 37
43414 113 33
43415 92 32
43416 113 37
43417 15 92
43418 112 33
43419 113 33
43420 112 37
43421 93 32
43422 113 37
43423 112 33
43424 102 63
43425 113 33
43426 103 63
43427 92 32
43428 112 33
43429 113 33
43430 93 32
43431 112 37
43432 102 63
43433 112 33
43434 92 32
43435 103 63
43436 113 37
43437 14 92
43438 102 63
43439 113 33
43440 112 33
43441 113 33
43442 15 92
43443 112 33
43444 93 32
43445 103 63
43446 14 92
43447 112 37
43448 113 33
43449 112 33
43450 92 32
43451 102 63
43452 103 63
43453 93 32
43454 15 92
43455 113 33
43456 92 32
43457 113 37
43458 112 37
43459 112 33
43460 113 33
43461 113 37
43462 102 63
43463 112 33
43464 14 92
43465 112 37
43466 113 33
43467 93 32
43468 113 37
43469 112 37
43470 15 92
43471 92 32
43472 103 63
43473 102 63
43474 14 92
43475 93 32
43476 103 63
43477 92 32
43478 15 92
43479 93 32
43480 14 92
43481 113 37
43482 102 63
43483 112 37
43484 92 32
43485 93 32
43486 113 37
43487 15 92
43488 103 63
43489 102 63
43490 14 92
43491 15 92
43492 103 63
43493 112 37
43494 112 33
43495 113 33
43496 113 37
43497 112 37
43498 14 92
43499 15 92
43500 92 32
43501 113 37
43502 102 63
43503 103 63
43504 112 33
43505 113 33
43506 102 63
43507 112 33
43508 113 33
43509 112 37
43510 103 63
43511 113 37
43512 112 33
43513 113 33
43514 112 33
43515 112 37
43516 93 32
43517 92 32
43518 102 63
43519 113 33
43520 93 32
43521 112 33
43522 113 33
43523 103 63
43524 14 92
43525 92 32
43526 102 63
43527 15 92
43528 112 33
43529 14 92
43530 93 32
43531 92 32
43532 93 32
43533 103 63
43534 113 37
43535 92 32
43536 102 63
43537 112 37
43538 15 92
43539 103 63
43540 113 37
43541 14 92
43542 113 33
43543 112 37
43544 93 32
43545 92 32
43546 113 37
43547 102 63
43548 93 32
43549 15 92
43550 14 92
43551 92 32
43552 112 33
43553 15 92
43554 93 32
43555 103 63
43556 102 63
43557 14 92
43558 103 63
43559 102 63
43560 112 37
43561 15 92
43562 103 63
43563 102 63
43564 92 32
43565 103 63
43566 102 63
43567 93 32
43568 113 33
43569 112 33
43570 113 33
43571 113 37
43572 92 32
43573 14 92
43574 103 63
43575 102 63
43576 112 37
43577 93 32
43578 112 33
43579 113 37
43580 103 63
43581 112 37
43582 15 92
43583 14 92
43584 113 33
43585 102 63
43586 103 63
43587 102 63
43588 92 32
43589 103 63
43590 113 37
43591 112 33
43592 113 33
43593 102 63
43594 15 92
43595 103 63
43596 112 33
43597 102 63
43598 103 63
43599 113 33
43600 112 37
43601 14 92
43602 15 92
43603 113 37
43604 102 63
43605 103 63
43606 93 32
43607 92 32
43608 93 32
43609 92 32
43610 112 37
43611 93 32
43612 112 33
43613 113 33
43614 92 32
43615 93 32
43616 92 32
43617 93 32
43618 14 92
43619 113 37
43620 15 92
43621 112 33
43622 102 63
43623 112 37
43624 14 92
43625 103 63
43626 102 63
43627 113 37
43628 15 92
43629 103 63
43630 14 92
43631 112 37
43632 113 33
43633 113 37
43634 15 92
43635 112 33
43636 102 63
43637 112 37
43638 92 32
43639 14 92
43640 15 92
43641 93 32
43642 14 92
43643 92 32
43644 113 37
43645 15 92
43646 103 63
43647 112 37
43648 113 33
43649 14 92
43650 93 32
43651 113 37
43652 112 37
43653 15 92
43654 102 63
43655 113 37
43656 92 32
43657 93 32
43658 92 32
43659 14 92
43660 112 37
43661 15 92
43662 113 37
43663 103 63
43664 93 32
43665 14 92
43666 92 32
43667 112 33
43668 113 33
43669 112 33
43670 113 33
43671 15 92
43672 14 92
43673 15 92
43674 14 92
43675 112 37
43676 102 63
43677 93 32
43678 15 92
43679 14 92
43680 113 37
43681 112 37
43682 15 92
43683 113 37
43684 14 92
43685 112 37
43686 113 37
43687 92 32
43688 93 32
43689 103 63
43690 112 37
43691 112 33
43692 113 37
43693 92 32
43694 102 63
43695 113 33
43696 112 33
43697 112 37
43698 93 32
43699 113 33
43700 103 63
43701 112 33
43702 102 63
43703 113 37
43704 103 63
43705 92 32
43706 15 92
43707 112 37
43708 93 32
43709 113 37
43710 112 37
43711 113 37
43712 14 92
43713 113 33
43714 102 63
43715 15 92
43716 112 33
43717 112 37
43718 113 33
43719 112 33
43720 92 32
43721 113 37
43722 112 37
43723 14 92
43724 103 63
43725 113 37
43726 113 33
43727 93 32
43728 102 63
43729 92 32
43730 112 37
43731 103 63
43732 93 32
43733 113 37
43734 112 33
43735 15 92
43736 14 92
43737 112 37
43738 102 63
43739 15 92
43740 113 37
43741 103 63
43742 14 92
43743 112 37
43744 15 92
43745 14 92
43746 92 32
43747 113 37
43748 113 33
43749 112 33
43750 113 33
43751 93 32
43752 112 37
43753 113 37
43754 112 33
43755 113 33
43756 92 32
43757 102 63
43758 103 63
43759 93 32
43760 92 32
43761 93 32
43762 112 37
43763 102 63
43764 103 63
43765 102 63
43766 112 33
43767 92 32
43768 113 33
43769 93 32
43770 113 37
43771 112 37
43772 113 37
43773 15 92
43774 14 92
43775 92 32
43776 93 32
43777 15 92
43778 92 32
43779 93 32
43780 112 33
43781 113 33
43782 112 37
43783 92 32
43784 112 33
43785 113 37
43786 113 33
43787 112 37
43788 113 37
43789 14 92
43790 15 92
43791 93 32
43792 112 33
43793 92 32
43794 14 92
43795 15 92
43796 103 63
43797 112 37
43798 113 37
43799 102 63
43800 93 32
43801 92 32
43802 103 63
43803 93 32
43804 102 63
43805 103 63
43806 14 92
43807 113 33
43808 112 33
43809 112 37
43810 102 63
43811 92 32
43812 113 37
43813 103 63
43814 113 33
43815 102 63
43816 103 63
43817 102 63
43818 112 33
43819 103 63
43820 93 32
43821 92 32
43822 113 33
43823 112 37
43824 93 32
43825 102 63
43826 112 33
43827 15 92
43828 92 32
43829 103 63
43830 14 92
43831 102 63
43832 103 63
43833 15 92
43834 113 37
43835 112 37
43836 14 92
43837 93 32
43838 102 63
43839 92 32
43840 103 63
43841 93 32
43842 102 63
43843 113 37
43844 113 33
43845 112 37
43846 103 63
43847 113 37
43848 15 92
43849 102 63
43850 92 32
43851 112 37
43852 14 92
43853 93 32
43854 15 92
43855 103 63
43856 14 92
43857 92 32
43858 102 63
43859 93 32
43860 103 63
43861 92 32
43862 113 37
43863 112 33
43864 15 92
43865 102 63
43866 113 33
43867 103 63
43868 14 92
43869 112 33
43870 102 63
43871 112 37
43872 113 37
43873 103 63
43874 113 33
43875 102 63
43876 112 33
43877 103 63
43878 93 32
43879 112 37
43880 102 63
43881 113 37
43882 103 63
43883 112 37
43884 113 37
43885 15 92
43886 14 92
43887 112 37
43888 15 92
43889 113 33
43890 102 63
43891 112 33
43892 113 37
43893 112 37
43894 113 33
43895 103 63
43896 102 63
43897 112 33
43898 113 33
43899 112 33
43900 113 37
43901 14 92
43902 113 33
43903 103 63
43904 102 63
43905 112 33
43906 113 33
43907 15 92
43908 92 32
43909 14 92
43910 103 63
43911 102 63
43912 15 92
43913 112 33
43914 93 32
43915 113 33
43916 103 63
43917 112 37
43918 102 63
43919 113 37
43920 103 63
43921 92 32
43922 14 92
43923 93 32
43924 15 92
43925 102 63
43926 14 92
43927 112 33
43928 103 63
43929 102 63
43930 92 32
43931 15 92
43932 14 92
43933 93 32
43934 113 33
43935 112 37
43936 103 63
43937 113 37
43938 102 63
43939 103 63
43940 112 37
43941 15 92
43942 14 92
43943 15 92
43944 92 32
43945 102 63
43946 14 92
43947 15 92
43948 103 63
43949 112 33
43950 93 32
43951 92 32
43952 113 33
43953 112 33
43954 14 92
43955 15 92
43956 113 37
43957 102 63
43958 103 63
43959 112 37
43960 113 37
43961 112 37
43962 102 63
43963 103 63
43964 93 32
43965 92 32
43966 14 92
43967 93 32
43968 102 63
43969 103 63
43970 113 33
43971 15 92
43972 102 63
43973 113 37
43974 14 92
43975 112 37
43976 103 63
43977 102 63
43978 112 33
43979 92 32
43980 103 63
43981 102 63
43982 113 33
43983 113 37
43984 93 32
43985 112 37
43986 103 63
43987 92 32
43988 113 37
43989 112 37
43990 15 92
43991 102 63
43992 112 33
43993 113 37
43994 103 63
43995 93 32
43996 92 32
43997 102 63
43998 103 63
43999 113 33
44000 112 37
44001 113 37
44002 93 32
44003 92 32
44004 112 37
44005 112 33
44006 93 32
44007 92 32
44008 14 92
44009 102 63
44010 103 63
44011 93 32
44012 15 92
44013 92 32
44014 113 33
44015 113 37
44016 102 63
44017 14 92
44018 103 63
44019 15 92
44020 112 33
44021 112 37
44022 113 33
44023 93 32
44024 112 33
44025 102 63
44026 113 37
44027 92 32
44028 112 37
44029 113 37
44030 14 92
44031 112 37
44032 113 37
44033 112 37
44034 15 92
44035 103 63
44036 113 37
44037 113 33
44038 112 33
44039 113 33
44040 102 63
44041 93 32
44042 14 92
44043 112 37
44044 92 32
44045 103 63
44046 113 37
44047 112 37
44048 112 33
44049 113 37
44050 15 92
44051 102 63
44052 112 37
44053 93 32
44054 103 63
44055 102 63
44056 103 63
44057 14 92
44058 92 32
44059 15 92
44060 93 32
44061 102 63
44062 113 37
44063 113 33
44064 14 92
44065 112 37
44066 92 32
44067 93 32
44068 112 33
44069 92 32
44070 103 63
44071 113 33
44072 102 63
44073 93 32
44074 112 33
44075 92 32
44076 113 33
44077 103 63
44078 15 92
44079 112 33
44080 113 33
44081 113 37
44082 93 32
44083 112 33
44084 102 63
44085 112 37
44086 92 32
44087 113 37
44088 113 33
44089 93 32
44090 112 33
44091 113 33
44092 112 33
44093 14 92
44094 92 32
44095 113 33
44096 112 33
44097 103 63
44098 102 63
44099 103 63
44100 112 37
44101 113 33
44102 112 33
44103 113 33
44104 112 33
44105 15 92
44106 14 92
44107 15 92
44108 113 33
44109 112 33
44110 102 63
44111 14 92
44112 113 37
44113 93 32
44114 103 63
44115 102 63
44116 103 63
44117 92 32
44118 15 92
44119 102 63
44120 93 32
44121 103 63
44122 113 33
44123 112 33
44124 113 33
44125 102 63
44126 14 92
44127 103 63
44128 15 92
44129 112 33
44130 14 92
44131 113 33
44132 92 32
44133 15 92
44134 112 33
44135 93 32
44136 14 92
44137 112 37
44138 102 63
44139 113 33
44140 92 32
44141 15 92
44142 14 92
44143 113 37
44144 112 33
44145 112 37
44146 113 37
44147 112 37
44148 103 63
44149 15 92
44150 102 63
44151 113 33
44152 103 63
44153 112 33
44154 113 37
44155 102 63
44156 113 33
44157 112 37
44158 113 37
44159 103 63
44160 112 33
44161 113 33
44162 112 37
44163 93 32
44164 102 63
44165 92 32
44166 113 37
44167 93 32
44168 103 63
44169 102 63
44170 103 63
44171 102 63
44172 103 63
44173 92 32
44174 93 32
44175 92 32
44176 102 63
44177 14 92
44178 112 37
44179 103 63
44180 102 63
44181 15 92
44182 14 92
44183 93 32
44184 103 63
44185 15 92
44186 14 92
44187 112 33
44188 113 33
44189 113 37
44190 112 33
44191 113 33
44192 15 92
44193 112 33
44194 14 92
44195 92 32
44196 113 33
44197 93 32
44198 112 37
44199 102 63
44200 103 63
44201 92 32
44202 113 37
44203 15 92
44204 112 33
44205 14 92
44206 93 32
44207 92 32
44208 15 92
44209 93 32
44210 14 92
44211 112 37
44212 113 33
44213 102 63
44214 113 37
44215 15 92
44216 112 33
44217 92 32
44218 14 92
44219 15 92
44220 112 37
44221 93 32
44222 103 63
44223 14 92
44224 113 33
44225 15 92
44226 113 37
44227 92 32
44228 112 37
44229 113 37
44230 102 63
44231 14 92
44232 112 33
44233 15 92
44234 93 32
44235 113 33
44236 112 37
44237 113 37
44238 14 92
44239 15 92
44240 103 63
44241 92 32
44242 112 37
44243 112 33
44244 93 32
44245 113 37
44246 112 37
44247 113 33
44248 112 33
44249 92 32
44250 113 33
44251 14 92
44252 102 63
44253 113 37
44254 103 63
44255 15 92
44256 14 92
44257 102 63
44258 112 33
44259 103 63
44260 102 63
44261 103 63
44262 15 92
44263 113 33
44264 93 32
44265 112 33
44266 102 63
44267 103 63
44268 102 63
44269 14 92
44270 92 32
44271 103 63
44272 102 63
44273 93 32
44274 112 37
44275 92 32
44276 113 33
44277 112 33
44278 113 37
44279 103 63
44280 102 63
44281 15 92
44282 112 37
44283 113 37
44284 113 33
44285 103 63
44286 14 92
44287 102 63
44288 112 33
44289 112 37
44290 113 33
44291 113 37
44292 103 63
44293 15 92
44294 112 33
44295 113 33
44296 112 37
44297 112 33
44298 113 33
44299 93 32
44300 14 92
44301 102 63
44302 92 32
44303 15 92
44304 113 37
44305 93 32
44306 92 32
44307 93 32
44308 103 63
44309 112 37
44310 113 37
44311 112 33
44312 113 33
44313 102 63
44314 112 33
44315 14 92
44316 92 32
44317 113 33
44318 93 32
44319 92 32
44320 112 37
44321 93 32
44322 112 33
44323 113 37
44324 92 32
44325 93 32
44326 92 32
44327 103 63
44328 112 37
44329 102 63
44330 103 63
44331 93 32
44332 113 37
44333 15 92
44334 112 37
44335 14 92
44336 92 32
44337 102 63
44338 103 63
44339 113 33
44340 93 32
44341 112 33
44342 92 32
44343 102 63
44344 113 37
44345 15 92
44346 113 33
44347 93 32
44348 14 92
44349 112 33
44350 15 92
44351 14 92
44352 15 92
44353 113 33
44354 92 32
44355 112 33
44356 14 92
44357 93 32
44358 92 32
44359 112 37
44360 113 33
44361 93 32
44362 113 37
44363 112 33
44364 112 37
44365 113 33
44366 113 37
44367 112 37
44368 113 37
44369 15 92
44370 112 33
44371 113 33
44372 103 63
44373 112 33
44374 113 33
44375 112 37
44376 102 63
44377 113 37
44378 92 32
44379 112 33
44380 113 33
44381 112 33
44382 112 37
44383 14 92
44384 103 63
44385 102 63
44386 113 33
44387 93 32
44388 15 92
44389 113 37
44390 103 63
44391 102 63
44392 14 92
44393 15 92
44394 14 92
44395 15 92
44396 92 32
44397 14 92
44398 112 37
44399 93 32
44400 113 37
44401 112 37
44402 103 63
44403 102 63
44404 15 92
44405 14 92
44406 103 63
44407 15 92
44408 102 63
44409 112 33
44410 92 32
44411 103 63
44412 102 63
44413 14 92
44414 15 92
44415 113 37
44416 93 32
44417 103 63
44418 102 63
44419 14 92
44420 15 92
44421 112 37
44422 14 92
44423 92 32
44424 103 63
44425 102 63
44426 103 63
44427 93 32
44428 113 33
44429 15 92
44430 102 63
44431 112 33
44432 103 63
44433 113 37
44434 102 63
44435 103 63
44436 113 33
44437 112 37
44438 112 33
44439 102 63
44440 103 63
44441 113 33
44442 112 33
44443 14 92
44444 102 63
44445 15 92
44446 14 92
44447 15 92
44448 92 32
44449 113 33
44450 112 33
44451 93 32
44452 103 63
44453 92 32
44454 102 63
44455 113 37
44456 14 92
44457 15 92
44458 112 37
44459 113 33
44460 14 92
44461 113 37
44462 15 92
44463 14 92
44464 103 63
44465 112 33
44466 93 32
44467 92 32
44468 93 32
44469 15 92
44470 14 92
44471 102 63
44472 15 92
44473 103 63
44474 92 32
44475 113 33
44476 14 92
44477 15 92
44478 112 37
44479 93 32
44480 113 37
44481 112 37
44482 113 37
44483 92 32
44484 14 92
44485 15 92
44486 112 37
44487 14 92
44488 113 37
44489 15 92
44490 93 32
44491 112 33
44492 14 92
44493 102 63
44494 112 37
44495 113 37
44496 15 92
44497 113 33
44498 103 63
44499 112 37
44500 14 92
44501 102 63
44502 15 92
44503 113 37
44504 112 37
44505 113 37
44506 112 33
44507 112 37
44508 92 32
44509 14 92
44510 113 37
44511 113 33
44512 93 32
44513 92 32
44514 93 32
44515 92 32
44516 112 37
44517 103 63
44518 15 92
44519 93 32
44520 102 63
44521 92 32
44522 14 92
44523 103 63
44524 15 92
44525 93 32
44526 14 92
44527 113 37
44528 112 37
44529 102 63
44530 113 37
44531 103 63
44532 102 63
44533 112 37
44534 15 92
44535 112 33
44536 92 32
44537 14 92
44538 113 37
44539 15 92
44540 93 32
44541 112 37
44542 103 63
44543 102 63
44544 103 63
44545 92 32
44546 102 63
44547 14 92
44548 93 32
44549 113 37
44550 103 63
44551 113 33
44552 112 37
44553 102 63
44554 92 32
44555 113 37
44556 103 63
44557 102 63
44558 15 92
44559 103 63
44560 14 92
44561 15 92
44562 14 92
44563 15 92
44564 112 33
44565 93 32
44566 102 63
44567 14 92
44568 92 32
44569 113 33
44570 112 33
44571 113 33
44572 112 37
44573 93 32
44574 112 33
44575 113 33
44576 112 33
44577 113 33
44578 92 32
44579 112 33
44580 113 33
44581 103 63
44582 113 37
44583 102 63
44584 15 92
44585 93 32
44586 103 63
44587 92 32
44588 93 32
44589 112 33
44590 92 32
44591 112 37
44592 113 33
44593 102 63
44594 112 33
44595 103 63
44596 102 63
44597 103 63
44598 93 32
44599 102 63
44600 103 63
44601 113 37
44602 92 32
44603 112 37
44604 113 37
44605 93 32
44606 14 92
44607 112 37
44608 102 63
44609 92 32
44610 15 92
44611 14 92
44612 93 32
44613 103 63
44614 15 92
44615 14 92
44616 113 33
44617 113 37
44618 102 63
44619 103 63
44620 102 63
44621 112 33
44622 103 63
44623 112 37
44624 92 32
44625 102 63
44626 103 63
44627 113 37
44628 112 37
44629 113 37
44630 102 63
44631 15 92
44632 93 32
44633 92 32
44634 93 32
44635 103 63
44636 14 92
44637 102 63
44638 103 63
44639 113 33
44640 112 37
44641 112 33
44642 92 32
44643 102 63
44644 103 63
44645 102 63
44646 113 33
44647 112 33
44648 93 32
44649 103 63
44650 113 33
44651 113 37
44652 15 92
44653 112 33
44654 92 32
44655 102 63
44656 103 63
44657 14 92
44658 102 63
44659 103 63
44660 15 92
44661 113 33
44662 93 32
44663 112 37
44664 102 63
44665 113 37
44666 14 92
44667 92 32
44668 112 33
44669 113 33
44670 112 37
44671 103 63
44672 15 92
44673 93 32
44674 113 37
44675 92 32
44676 93 32
44677 102 63
44678 112 37
44679 112 33
44680 113 37
44681 113 33
44682 14 92
44683 92 32
44684 112 37
44685 93 32
44686 15 92
44687 14 92
44688 15 92
44689 14 92
44690 103 63
44691 92 32
44692 15 92
44693 112 33
44694 113 33
44695 102 63
44696 103 63
44697 112 33
44698 14 92
44699 113 37
44700 102 63
44701 113 33
44702 15 92
44703 14 92
44704 15 92
44705 93 32
44706 92 32
44707 14 92
44708 103 63
44709 102 63
44710 103 63
44711 15 92
44712 112 37
44713 102 63
44714 113 37
44715 14 92
44716 93 32
44717 92 32
44718 93 32
44719 103 63
44720 112 33
44721 92 32
44722 112 37
44723 15 92
44724 113 37
44725 112 37
44726 14 92
44727 15 92
44728 14 92
44729 113 37
44730 112 37
44731 102 63
44732 93 32
44733 15 92
44734 103 63
44735 14 92
44736 113 37
44737 15 92
44738 14 92
44739 113 33
44740 102 63
44741 15 92
44742 112 33
44743 113 33
44744 112 37
44745 14 92
44746 15 92
44747 92 32
44748 112 33
44749 93 32
44750 92 32
44751 113 33
44752 113 37
44753 112 37
44754 93 32
44755 113 37
44756 112 37
44757 14 92
44758 103 63
44759 113 37
44760 112 37
44761 15 92
44762 14 92
44763 92 32
44764 93 32
44765 113 37
44766 112 37
44767 15 92
44768 113 37
44769 92 32
44770 93 32
44771 14 92
44772 112 37
44773 113 37
44774 15 92
44775 102 63
44776 112 33
44777 112 37
44778 103 63
44779 14 92
44780 15 92
44781 113 37
44782 113 33
44783 112 37
44784 102 63
44785 103 63
44786 102 63
44787 92 32
44788 93 32
44789 14 92
44790 15 92
44791 14 92
44792 15 92
44793 113 37
44794 14 92
44795 112 37
44796 92 32
44797 112 33
44798 93 32
44799 103 63
44800 102 63
44801 113 37
44802 103 63
44803 102 63
44804 15 92
44805 103 63
44806 113 33
44807 112 33
44808 92 32
44809 113 33
44810 112 33
44811 113 33
44812 14 92
44813 112 37
44814 112 33
44815 113 33
44816 112 33
44817 93 32
44818 113 37
44819 102 63
44820 15 92
44821 92 32
44822 103 63
44823 93 32
44824 112 37
44825 102 63
44826 92 32
44827 113 33
44828 93 32
44829 92 32
44830 112 33
44831 14 92
44832 113 37
44833 103 63
44834 93 32
44835 113 33
44836 112 37
44837 92 32
44838 113 37
44839 15 92
44840 14 92
44841 112 33
44842 102 63
44843 15 92
44844 103 63
44845 113 33
44846 14 92
44847 112 33
44848 93 32
44849 102 63
44850 103 63
44851 113 33
44852 102 63
44853 15 92
44854 14 92
44855 15 92
44856 112 37
44857 14 92
44858 92 32
44859 93 32
44860 92 32
44861 15 92
44862 103 63
44863 112 33
44864 113 33
44865 112 33
44866 102 63
44867 113 33
44868 112 33
44869 93 32
44870 92 32
44871 113 37
44872 103 63
44873 14 92
44874 102 63
44875 93 32
44876 15 92
44877 14 92
44878 112 37
44879 113 37
44880 112 37
44881 113 33
44882 113 37
44883 15 92
44884 14 92
44885 103 63
44886 112 33
44887 112 37
44888 113 37
44889 92 32
44890 113 33
44891 112 37
44892 113 37
44893 93 32
44894 102 63
44895 112 33
44896 92 32
44897 112 37
44898 113 37
44899 113 33
44900 103 63
44901 102 63
44902 93 32
44903 112 33
44904 112 37
44905 92 32
44906 15 92
44907 93 32
44908 113 33
44909 92 32
44910 113 37
44911 112 37
44912 103 63
44913 93 32
44914 112 33
44915 14 92
44916 15 92
44917 113 37
44918 112 37
44919 92 32
44920 93 32
44921 14 92
44922 113 33
44923 113 37
44924 112 33
44925 102 63
44926 92 32
44927 15 92
44928 93 32
44929 112 37
44930 113 33
44931 92 32
44932 112 33
44933 103 63
44934 93 32
44935 14 92
44936 102 63
44937 15 92
44938 14 92
44939 92 32
44940 15 92
44941 93 32
44942 92 32
44943 103 63
44944 102 63
44945 14 92
44946 103 63
44947 102 63
44948 15 92
44949 14 92
44950 113 37
44951 112 37
44952 15 92
44953 113 33
44954 14 92
44955 112 33
44956 113 37
44957 15 92
44958 14 92
44959 103 63
44960 93 32
44961 15 92
44962 92 32
44963 14 92
44964 112 37
44965 113 37
44966 113 33
44967 93 32
44968 102 63
44969 112 33
44970 92 32
44971 93 32
44972 113 33
44973 112 37
44974 92 32
44975 113 37
44976 93 32
44977 112 37
44978 112 33
44979 92 32
44980 113 33
44981 93 32
44982 15 92
44983 113 37
44984 92 32
44985 103 63
44986 112 33
44987 113 33
44988 93 32
44989 112 33
44990 102 63
44991 103 63
44992 102 63
44993 92 32
44994 93 32
44995 92 32
44996 113 33
44997 14 92
44998 103 63
44999 93 32
45000 112 37
45001 112 33
45002 113 33
45003 15 92
45004 14 92
45005 102 63
45006 113 37
45007 92 32
45008 15 92
45009 93 32
45010 112 33
45011 92 32
45012 103 63
45013 93 32
45014 14 92
45015 102 63
45016 15 92
45017 112 37
45018 113 37
45019 112 37
45020 113 33
45021 113 37
45022 103 63
45023 102 63
45024 112 33
45025 14 92
45026 113 33
45027 112 33
45028 112 37
45029 113 33
45030 15 92
45031 113 37
45032 92 32
45033 112 33
45034 14 92
45035 113 33
45036 93 32
45037 112 37
45038 15 92
45039 103 63
45040 92 32
45041 112 33
45042 113 37
45043 113 33
45044 93 32
45045 14 92
45046 102 63
45047 112 37
45048 15 92
45049 14 92
45050 15 92
45051 14 92
45052 15 92
45053 14 92
45054 113 37
45055 112 33
45056 113 33
45057 112 37
45058 15 92
45059 112 33
45060 113 33
45061 112 33
45062 14 92
45063 103 63
45064 102 63
45065 113 33
45066 103 63
45067 92 32
45068 93 32
45069 112 33
45070 92 32
45071 113 33
45072 112 33
45073 102 63
45074 113 33
45075 113 37
45076 103 63
45077 112 37
45078 102 63
45079 103 63
45080 112 33
45081 102 63
45082 113 37
45083 103 63
45084 113 33
45085 112 33
45086 102 63
45087 112 37
45088 103 63
45089 93 32
45090 113 37
45091 102 63
45092 92 32
45093 103 63
45094 102 63
45095 113 33
45096 93 32
45097 15 92
45098 14 92
45099 15 92
45100 14 92
45101 15 92
45102 14 92
45103 112 33
45104 113 33
45105 92 32
45106 103 63
45107 102 63
45108 103 63
45109 112 37
45110 112 33
45111 93 32
45112 102 63
45113 103 63
45114 15 92
45115 113 33
45116 92 32
45117 102 63
45118 14 92
45119 15 92
45120 93 32
45121 92 32
45122 113 37
45123 112 33
45124 14 92
45125 93 32
45126 113 33
45127 92 32
45128 112 37
45129 93 32
45130 103 63
45131 102 63
45132 92 32
45133 103 63
45134 112 33
45135 102 63
45136 103 63
45137 93 32
45138 113 33
45139 112 33
45140 113 33
45141 15 92
45142 112 33
45143 113 33
45144 92 32
45145 113 37
45146 102 63
45147 112 37
45148 103 63
45149 112 33
45150 113 33
45151 102 63
45152 14 92
45153 112 33
45154 113 33
45155 112 33
45156 113 37
45157 93 32
45158 92 32
45159 15 92
45160 93 32
45161 113 33
45162 112 33
45163 113 33
45164 103 63
45165 14 92
45166 112 37
45167 112 33
45168 113 37
45169 113 33
45170 102 63
45171 15 92
45172 112 33
45173 113 33
45174 112 37
45175 92 32
45176 113 37
45177 103 63
45178 93 32
45179 14 92
45180 112 37
45181 102 63
45182 15 92
45183 14 92
45184 112 33
45185 113 37
45186 112 37
45187 103 63
45188 113 33
45189 102 63
45190 103 63
45191 113 37
45192 102 63
45193 15 92
45194 112 33
45195 113 33
45196 103 63
45197 102 63
45198 103 63
45199 14 92
45200 92 32
45201 93 32
45202 102 63
45203 15 92
45204 92 32
45205 103 63
45206 112 37
45207 112 33
45208 93 32
45209 92 32
45210 14 92
45211 102 63
45212 15 92
45213 103 63
45214 113 33
45215 112 33
45216 93 32
45217 92 32
45218 14 92
45219 93 32
45220 15 92
45221 113 37
45222 92 32
45223 93 32
45224 14 92
45225 113 33
45226 92 32
45227 102 63
45228 103 63
45229 102 63
45230 112 33
45231 112 37
45232 103 63
45233 113 33
45234 15 92
45235 14 92
45236 113 37
45237 112 37
45238 15 92
45239 102 63
45240 113 37
45241 103 63
45242 112 33
45243 112 37
45244 14 92
45245 102 63
45246 103 63
45247 113 33
45248 113 37
45249 112 37
45250 102 63
45251 15 92
45252 103 63
45253 112 33
45254 102 63
45255 93 32
45256 14 92
45257 15 92
45258 103 63
45259 14 92
45260 113 33
45261 102 63
45262 113 37
45263 112 33
45264 15 92
45265 113 33
45266 103 63
45267 102 63
45268 14 92
45269 112 37
45270 112 33
45271 113 37
45272 113 33
45273 92 32
45274 112 33
45275 113 33
45276 112 33
45277 15 92
45278 103 63
45279 93 32
45280 92 32
45281 113 33
45282 112 33
45283 102 63
45284 112 37
45285 113 37
45286 103 63
45287 93 32
45288 92 32
45289 113 33
45290 102 63
45291 103 63
45292 102 63
45293 112 37
45294 93 32
45295 113 37
45296 14 92
45297 112 37
45298 113 37
45299 112 33
45300 113 33
45301 103 63
45302 92 32
45303 112 37
45304 15 92
45305 113 37
45306 93 32
45307 14 92
45308 112 33
45309 92 32
45310 102 63
45311 103 63
45312 93 32
45313 15 92
45314 112 37
45315 113 33
45316 102 63
45317 112 33
45318 113 37
45319 92 32
45320 113 33
45321 14 92
45322 15 92
45323 112 33
45324 93 32
45325 92 32
45326 93 32
45327 113 33
45328 112 37
45329 14 92
45330 112 33
45331 92 32
45332 103 63
45333 113 33
45334 15 92
45335 102 63
45336 103 63
45337 102 63
45338 113 37
45339 103 63
45340 112 33
45341 14 92
45342 102 63
45343 93 32
45344 92 32
45345 113 33
45346 15 92
45347 112 33
45348 14 92
45349 113 33
45350 112 33
45351 112 37
45352 113 33
45353 113 37
45354 112 37
45355 15 92
45356 14 92
45357 93 32
45358 113 37
45359 112 33
45360 113 33
45361 92 32
45362 112 33
45363 103 63
45364 93 32
45365 113 33
45366 112 33
45367 92 32
45368 93 32
45369 15 92
45370 113 33
45371 92 32
45372 14 92
45373 15 92
45374 102 63
45375 112 37
45376 93 32
45377 103 63
45378 102 63
45379 92 32
45380 93 32
45381 14 92
45382 112 33
45383 92 32
45384 15 92
45385 14 92
45386 15 92
45387 93 32
45388 103 63
45389 113 33
45390 113 37
45391 92 32
45392 93 32
45393 112 37
45394 112 33
45395 102 63
45396 14 92
45397 113 33
45398 103 63
45399 112 33
45400 113 37
45401 102 63
45402 112 37
45403 92 32
45404 15 92
45405 93 32
45406 14 92
45407 92 32
45408 103 63
45409 113 37
45410 15 92
45411 113 33
45412 102 63
45413 112 33
45414 103 63
45415 112 37
45416 93 32
45417 92 32
45418 14 92
45419 113 33
45420 102 63
45421 103 63
45422 113 37
45423 112 33
45424 113 33
45425 112 37
45426 15 92
45427 102 63
45428 14 92
45429 103 63
45430 93 32
45431 112 33
45432 15 92
45433 102 63
45434 92 32
45435 103 63
45436 93 32
45437 113 37
45438 102 63
45439 14 92
45440 15 92
45441 103 63
45442 102 63
45443 92 32
45444 93 32
45445 103 63
45446 112 37
45447 113 37
45448 102 63
45449 103 63
45450 14 92
45451 112 37
45452 113 37
45453 112 37
45454 92 32
45455 102 63
45456 93 32
45457 15 92
45458 103 63
45459 14 92
45460 15 92
45461 113 37
45462 113 33
45463 112 37
45464 113 37
45465 112 37
45466 92 32
45467 102 63
45468 112 33
45469 113 37
45470 113 33
45471 112 33
45472 103 63
45473 93 32
45474 113 33
45475 112 37
45476 14 92
45477 113 37
45478 15 92
45479 102 63
45480 103 63
45481 112 37
45482 112 33
45483 102 63
45484 103 63
45485 14 92
45486 113 37
45487 102 63
45488 92 32
45489 113 33
45490 103 63
45491 102 63
45492 15 92
45493 93 32
45494 103 63
45495 14 92
45496 92 32
45497 112 37
45498 93 32
45499 113 37
45500 112 33
45501 113 33
45502 112 37
45503 92 32
45504 102 63
45505 15 92
45506 112 33
45507 14 92
45508 103 63
45509 113 37
45510 93 32
45511 15 92
45512 102 63
45513 14 92
45514 112 37
45515 113 37
45516 15 92
45517 103 63
45518 102 63
45519 103 63
45520 102 63
45521 113 33
45522 103 63
45523 112 37
45524 92 32
45525 14 92
45526 15 92
45527 112 33
45528 14 92
45529 113 37
45530 113 33
45531 112 33
45532 113 33
45533 112 37
45534 112 33
45535 15 92
45536 113 33
45537 113 37
45538 112 33
45539 14 92
45540 93 32
45541 92 32
45542 93 32
45543 112 37
45544 92 32
45545 15 92
45546 113 37
45547 113 33
45548 112 37
45549 112 33
45550 113 37
45551 14 92
45552 112 37
45553 113 33
45554 93 32
45555 92 32
45556 112 33
45557 113 33
45558 93 32
45559 112 33
45560 15 92
45561 14 92
45562 92 32
45563 113 33
45564 93 32
45565 15 92
45566 92 32
45567 93 32
45568 113 37
45569 92 32
45570 112 33
45571 14 92
45572 93 32
45573 113 33
45574 112 37
45575 102 63
45576 112 33
45577 15 92
45578 113 33
45579 14 92
45580 15 92
45581 112 33
45582 113 37
45583 92 32
45584 14 92
45585 103 63
45586 15 92
45587 14 92
45588 15 92
45589 113 33
45590 112 37
45591 102 63
45592 113 37
45593 93 32
45594 92 32
45595 103 63
45596 14 92
45597 112 37
45598 93 32
45599 112 33
45600 92 32
45601 15 92
45602 14 92
45603 102 63
45604 15 92
45605 103 63
45606 113 37
45607 93 32
45608 102 63
45609 103 63
45610 14 92
45611 102 63
45612 15 92
45613 92 32
45614 93 32
45615 113 33
45616 103 63
45617 112 33
45618 113 33
45619 102 63
45620 112 37
45621 112 33
45622 92 32
45623 14 92
45624 103 63
45625 93 32
45626 92 32
45627 113 37
45628 15 92
45629 112 37
45630 93 32
45631 102 63
45632 14 92
45633 15 92
45634 113 33
45635 113 37
45636 103 63
45637 92 32
45638 112 37
45639 14 92
45640 113 37
45641 112 37
45642 93 32
45643 113 37
45644 112 33
45645 102 63
45646 92 32
45647 113 33
45648 112 37
45649 112 33
45650 103 63
45651 113 37
45652 112 37
45653 102 63
45654 113 37
45655 15 92
45656 14 92
45657 15 92
45658 93 32
45659 92 32
45660 93 32
45661 113 33
45662 103 63
45663 112 37
45664 113 37
45665 112 37
45666 14 92
45667 102 63
45668 112 33
45669 15 92
45670 14 92
45671 103 63
45672 92 32
45673 93 32
45674 15 92
45675 113 33
45676 92 32
45677 93 32
45678 14 92
45679 113 37
45680 112 33
45681 15 92
45682 92 32
45683 14 92
45684 15 92
45685 102 63
45686 93 32
45687 113 33
45688 14 92
45689 15 92
45690 103 63
45691 92 32
45692 93 32
45693 102 63
45694 92 32
45695 112 33
45696 14 92
45697 112 37
45698 15 92
45699 14 92
45700 113 33
45701 103 63
45702 112 33
45703 93 32
45704 102 63
45705 92 32
45706 113 33
45707 112 33
45708 113 33
45709 112 33
45710 113 33
45711 112 33
45712 15 92
45713 113 33
45714 103 63
45715 14 92
45716 112 33
45717 102 63
45718 93 32
45719 113 33
45720 103 63
45721 92 32
45722 93 32
45723 15 92
45724 14 92
45725 112 33
45726 113 37
45727 113 33
45728 102 63
45729 112 33
45730 112 37
45731 15 92
45732 113 33
45733 113 37
45734 112 33
45735 113 33
45736 112 33
45737 14 92
45738 113 33
45739 112 33
45740 103 63
45741 112 37
45742 102 63
45743 92 32
45744 93 32
45745 113 37
45746 15 92
45747 112 37
45748 113 33
45749 14 92
45750 103 63
45751 92 32
45752 112 33
45753 113 37
45754 112 37
45755 15 92
45756 93 32
45757 102 63
45758 92 32
45759 113 33
45760 93 32
45761 14 92
45762 15 92
45763 103 63
45764 113 37
45765 14 92
45766 92 32
45767 93 32
45768 102 63
45769 15 92
45770 103 63
45771 112 37
45772 112 33
45773 14 92
45774 92 32
45775 113 37
45776 93 32
45777 113 33
45778 15 92
45779 92 32
45780 102 63
45781 14 92
45782 93 32
45783 92 32
45784 112 37
45785 15 92
45786 14 92
45787 93 32
45788 113 37
45789 112 37
45790 112 33
45791 15 92
45792 92 32
45793 113 33
45794 93 32
45795 103 63
45796 102 63
45797 112 33
45798 103 63
45799 14 92
45800 113 33
45801 15 92
45802 112 33
45803 113 37
45804 113 33
45805 14 92
45806 112 33
45807 15 92
45808 102 63
45809 113 33
45810 92 32
45811 112 37
45812 103 63
45813 102 63
45814 14 92
45815 103 63
45816 112 33
45817 113 33
45818 102 63
45819 15 92
45820 112 33
45821 103 63
45822 93 32
45823 92 32
45824 102 63
45825 113 37
45826 103 63
45827 14 92
45828 15 92
45829 102 63
45830 93 32
45831 112 37
45832 14 92
45833 113 37
45834 103 63
45835 92 32
45836 113 33
45837 15 92
45838 14 92
45839 102 63
45840 93 32
45841 15 92
45842 103 63
45843 112 33
45844 92 32
45845 113 33
45846 112 37
45847 113 37
45848 93 32
45849 102 63
45850 92 32
45851 112 33
45852 112 37
45853 14 92
45854 15 92
45855 93 32
45856 103 63
45857 14 92
45858 15 92
45859 113 37
45860 113 33
45861 112 33
45862 92 32
45863 102 63
45864 103 63
45865 112 37
45866 113 33
45867 112 33
45868 113 37
45869 93 32
45870 92 32
45871 14 92
45872 93 32
45873 92 32
45874 93 32
45875 92 32
45876 113 33
45877 112 37
45878 113 37
45879 93 32
45880 92 32
45881 93 32
45882 15 92
45883 102 63
45884 112 33
45885 112 37
45886 113 37
45887 113 33
45888 112 37
45889 103 63
45890 112 33
45891 102 63
45892 14 92
45893 15 92
45894 113 37
45895 14 92
45896 113 33
45897 112 33
45898 103 63
45899 112 37
45900 92 32
45901 15 92
45902 14 92
45903 113 33
45904 15 92
45905 93 32
45906 112 33
45907 92 32
45908 14 92
45909 102 63
45910 15 92
45911 103 63
45912 102 63
45913 113 33
45914 112 33
45915 113 37
45916 14 92
45917 103 63
45918 93 32
45919 102 63
45920 103 63
45921 102 63
45922 92 32
45923 113 33
45924 112 33
45925 103 63
45926 15 92
45927 112 37
45928 93 32
45929 92 32
45930 113 37
45931 102 63
45932 93 32
45933 92 32
45934 112 37
45935 14 92
45936 93 32
45937 113 37
45938 103 63
45939 102 63
45940 103 63
45941 102 63
45942 92 32
45943 93 32
45944 113 33
45945 112 37
45946 103 63
45947 92 32
45948 112 33
45949 113 33
45950 113 37
45951 112 33
45952 93 32
45953 112 37
45954 113 33
45955 102 63
45956 103 63
45957 113 37
45958 112 33
45959 112 37
45960 92 32
45961 15 92
45962 113 37
45963 14 92
45964 112 37
45965 113 37
45966 93 32
45967 102 63
45968 15 92
45969 92 32
45970 103 63
45971 102 63
45972 14 92
45973 113 33
45974 112 37
45975 103 63
45976 112 33
45977 102 63
45978 113 37
45979 113 33
45980 112 33
45981 103 63
45982 102 63
45983 15 92
45984 103 63
45985 112 37
45986 93 32
45987 113 33
45988 102 63
45989 92 32
45990 113 37
45991 14 92
45992 112 37
45993 93 32
45994 15 92
45995 112 33
45996 14 92
45997 92 32
45998 113 37
45999 112 37
46000 103 63
46001 15 92
46002 102 63
46003 14 92
46004 15 92
46005 113 37
46006 113 33
46007 14 92
46008 112 37
46009 93 32
46010 92 32
46011 93 32
46012 15 92
46013 112 33
46014 103 63
46015 102 63
46016 92 32
46017 14 92
46018 103 63
46019 93 32
46020 113 37
46021 112 37
46022 15 92
46023 113 33
46024 14 92
46025 113 37
46026 92 32
46027 15 92
46028 102 63
46029 93 32
46030 103 63
46031 14 92
46032 112 33
46033 102 63
46034 92 32
46035 103 63
46036 93 32
46037 102 63
46038 103 63
46039 113 33
46040 15 92
46041 14 92
46042 92 32
46043 112 37
46044 112 33
46045 113 37
46046 15 92
46047 113 33
46048 14 92
46049 15 92
46050 93 32
46051 112 33
46052 14 92
46053 113 33
46054 112 33
46055 92 32
46056 93 32
46057 102 63
46058 103 63
46059 92 32
46060 102 63
46061 113 33
46062 103 63
46063 112 33
46064 93 32
46065 112 37
46066 15 92
46067 102 63
46068 92 32
46069 14 92
46070 15 92
46071 14 92
46072 15 92
46073 14 92
46074 113 33
46075 103 63
46076 15 92
46077 93 32
46078 113 37
46079 14 92
46080 112 33
46081 102 63
46082 15 92
46083 113 33
46084 103 63
46085 92 32
46086 112 37
46087 112 33
46088 113 33
46089 14 92
46090 113 37
46091 112 37
46092 112 33
46093 113 33
46094 113 37
46095 102 63
46096 112 37
46097 113 37
46098 112 33
46099 93 32
46100 112 37
46101 113 37
46102 92 32
46103 93 32
46104 103 63
46105 102 63
46106 113 33
46107 112 33
46108 103 63
46109 112 37
46110 15 92
46111 113 33
46112 92 32
46113 112 33
46114 113 33
46115 14 92
46116 112 33
46117 15 92
46118 14 92
46119 113 33
46120 113 37
46121 93 32
46122 112 37
46123 112 33
46124 102 63
46125 113 37
46126 15 92
46127 103 63
46128 102 63
46129 112 37
46130 103 63
46131 14 92
46132 102 63
46133 15 92
46134 113 33
46135 92 32
46136 103 63
46137 93 32
46138 102 63
46139 113 37
46140 103 63
46141 112 37
46142 102 63
46143 103 63
46144 102 63
46145 92 32
46146 14 92
46147 15 92
46148 103 63
46149 102 63
46150 103 63
46151 102 63
46152 113 37
46153 112 33
46154 112 37
46155 113 37
46156 112 37
46157 113 37
46158 103 63
46159 14 92
46160 15 92
46161 93 32
46162 14 92
46163 15 92
46164 92 32
46165 14 92
46166 113 33
46167 93 32
46168 15 92
46169 112 33
46170 14 92
46171 102 63
46172 113 33
46173 103 63
46174 112 33
46175 112 37
46176 113 33
46177 102 63
46178 15 92
46179 103 63
46180 102 63
46181 103 63
46182 14 92
46183 113 37
46184 15 92
46185 112 37
46186 92 32
46187 112 33
46188 14 92
46189 113 33
46190 113 37
46191 93 32
46192 112 33
46193 92 32
46194 15 92
46195 102 63
46196 112 37
46197 103 63
46198 102 63
46199 93 32
46200 113 33
46201 92 32
46202 93 32
46203 112 33
46204 92 32
46205 113 37
46206 103 63
46207 93 32
46208 102 63
46209 92 32
46210 113 33
46211 14 92
46212 112 33
46213 103 63
46214 113 33
46215 15 92
46216 112 37
46217 112 33
46218 102 63
46219 14 92
46220 103 63
46221 102 63
46222 15 92
46223 103 63
46224 14 92
46225 113 33
46226 15 92
46227 93 32
46228 113 37
46229 112 37
46230 92 32
46231 112 33
46232 93 32
46233 14 92
46234 113 33
46235 102 63
46236 92 32
46237 112 33
46238 103 63
46239 113 33
46240 93 32
46241 112 33
46242 113 37
46243 113 33
46244 102 63
46245 92 32
46246 93 32
46247 103 63
46248 112 37
46249 102 63
46250 15 92
46251 14 92
46252 103 63
46253 92 32
46254 102 63
46255 113 37
46256 15 92
46257 14 92
46258 103 63
46259 112 33
46260 15 92
46261 102 63
46262 113 33
46263 14 92
46264 112 33
46265 113 33
46266 112 33
46267 113 33
46268 112 37
46269 15 92
46270 113 37
46271 112 33
46272 14 92
46273 113 33
46274 15 92
46275 112 37
46276 112 33
46277 113 37
46278 14 92
46279 93 32
46280 92 32
46281 93 32
46282 92 32
46283 103 63
46284 112 37
46285 113 37
46286 112 37
46287 15 92
46288 93 32
46289 92 32
46290 14 92
46291 93 32
46292 15 92
46293 113 33
46294 113 37
46295 92 32
46296 112 33
46297 102 63
46298 14 92
46299 103 63
46300 112 37
46301 102 63
46302 113 33
46303 93 32
46304 113 37
46305 112 33
46306 113 33
46307 15 92
46308 103 63
46309 14 92
46310 15 92
46311 102 63
46312 112 37
46313 92 32
46314 113 37
46315 14 92
46316 93 32
46317 92 32
46318 93 32
46319 92 32
46320 93 32
46321 112 37
46322 112 33
46323 103 63
46324 102 63
46325 103 63
46326 15 92
46327 113 37
46328 113 33
46329 112 37
46330 112 33
46331 92 32
46332 93 32
46333 92 32
46334 113 33
46335 112 33
46336 93 32
46337 92 32
46338 113 33
46339 93 32
46340 102 63
46341 113 37
46342 112 33
46343 112 37
46344 113 37
46345 14 92
46346 15 92
46347 103 63
46348 112 37
46349 113 33
46350 113 37
46351 92 32
46352 14 92
46353 112 37
46354 93 32
46355 102 63
46356 92 32
46357 112 33
46358 113 37
46359 15 92
46360 113 33
46361 112 33
46362 113 33
46363 93 32
46364 14 92
46365 103 63
46366 92 32
46367 15 92
46368 112 33
46369 113 33
46370 93 32
46371 92 32
46372 93 32
46373 92 32
46374 112 37
46375 112 33
46376 102 63
46377 103 63
46378 93 32
46379 113 33
46380 92 32
46381 112 33
46382 113 33
46383 93 32
46384 92 32
46385 102 63
46386 112 33
46387 103 63
46388 113 37
46389 93 32
46390 92 32
46391 93 32
46392 102 63
46393 103 63
46394 112 37
46395 92 32
46396 113 33
46397 14 92
46398 112 33
46399 15 92
46400 113 37
46401 14 92
46402 93 32
46403 113 33
46404 112 37
46405 15 92
46406 92 32
46407 14 92
46408 93 32
46409 113 37
46410 112 33
46411 113 33
46412 112 33
46413 92 32
46414 93 32
46415 113 33
46416 15 92
46417 92 32
46418 112 37
46419 93 32
46420 92 32
46421 14 92
46422 15 92
46423 112 33
46424 113 33
46425 112 33
46426 102 63
46427 113 33
46428 93 32
46429 103 63
46430 92 32
46431 102 63
46432 112 33
46433 14 92
46434 15 92
46435 113 33
46436 103 63
46437 14 92
46438 15 92
46439 102 63
46440 14 92
46441 93 32
46442 92 32
46443 103 63
46444 112 33
46445 93 32
46446 92 32
46447 102 63
46448 15 92
46449 14 92
46450 103 63
46451 102 63
46452 113 37
46453 113 33
46454 93 32
46455 15 92
46456 112 33
46457 113 33
46458 112 37
46459 103 63
46460 14 92
46461 15 92
46462 14 92
46463 113 37
46464 15 92
46465 92 32
46466 93 32
46467 102 63
46468 112 33
46469 112 37
46470 14 92
46471 113 37
46472 113 33
46473 112 37
46474 103 63
46475 92 32
46476 112 33
46477 102 63
46478 113 37
46479 113 33
46480 103 63
46481 102 63
46482 93 32
46483 15 92
46484 103 63
46485 112 37
46486 112 33
46487 113 37
46488 92 32
46489 113 33
46490 112 37
46491 113 37
46492 112 33
46493 112 37
46494 102 63
46495 14 92
46496 15 92
46497 14 92
46498 113 37
46499 93 32
46500 112 37
46501 113 33
46502 113 37
46503 112 37
46504 113 37
46505 103 63
46506 112 37
46507 15 92
46508 14 92
46509 113 37
46510 102 63
46511 112 33
46512 15 92
46513 14 92
46514 112 37
46515 113 33
46516 92 32
46517 103 63
46518 113 37
46519 112 33
46520 15 92
46521 102 63
46522 93 32
46523 103 63
46524 92 32
46525 93 32
46526 112 37
46527 14 92
46528 15 92
46529 113 33
46530 92 32
46531 112 33
46532 113 37
46533 93 32
46534 14 92
46535 113 33
46536 92 32
46537 93 32
46538 112 37
46539 102 63
46540 112 33
46541 113 33
46542 113 37
46543 112 37
46544 113 37
46545 92 32
46546 103 63
46547 93 32
46548 112 37
46549 92 32
46550 102 63
46551 112 33
46552 93 32
46553 113 37
46554 15 92
46555 103 63
46556 102 63
46557 92 32
46558 14 92
46559 113 33
46560 112 37
46561 15 92
46562 103 63
46563 112 33
46564 102 63
46565 113 37
46566 112 37
46567 113 37
46568 113 33
46569 93 32
46570 14 92
46571 112 37
46572 113 37
46573 15 92
46574 14 92
46575 103 63
46576 102 63
46577 103 63
46578 102 63
46579 15 92
46580 92 32
46581 14 92
46582 112 33
46583 112 37
46584 113 37
46585 113 33
46586 112 37
46587 112 33
46588 15 92
46589 113 37
46590 14 92
46591 103 63
46592 112 37
46593 113 33
46594 15 92
46595 93 32
46596 92 32
46597 113 37
46598 93 32
46599 14 92
46600 102 63
46601 112 33
46602 103 63
46603 92 32
46604 15 92
46605 14 92
46606 113 33
46607 15 92
46608 102 63
46609 103 63
46610 112 37
46611 93 32
46612 102 63
46613 92 32
46614 93 32
46615 92 32
46616 112 33
46617 113 37
46618 103 63
46619 93 32
46620 112 37
46621 14 92
46622 113 37
46623 102 63
46624 112 37
46625 103 63
46626 113 33
46627 15 92
46628 113 37
46629 14 92
46630 15 92
46631 112 33
46632 113 33
46633 102 63
46634 112 37
46635 112 33
46636 113 37
46637 113 33
46638 112 37
46639 103 63
46640 113 37
46641 112 33
46642 92 32
46643 113 33
46644 14 92
46645 102 63
46646 112 33
46647 112 37
46648 113 37
46649 15 92
46650 103 63
46651 113 33
46652 93 32
46653 112 33
46654 102 63
46655 103 63
46656 14 92
46657 102 63
46658 113 33
46659 112 37
46660 92 32
46661 15 92
46662 14 92
46663 113 37
46664 93 32
46665 103 63
46666 92 32
46667 112 37
46668 15 92
46669 112 33
46670 113 37
46671 112 37
46672 113 37
46673 102 63
46674 113 33
46675 93 32
46676 112 33
46677 92 32
46678 14 92
46679 112 37
46680 93 32
46681 103 63
46682 113 37
46683 92 32
46684 102 63
46685 93 32
46686 112 37
46687 103 63
46688 113 33
46689 92 32
46690 93 32
46691 113 37
46692 92 32
46693 112 37
46694 102 63
46695 113 37
46696 103 63
46697 93 32
46698 112 37
46699 15 92
46700 113 37
46701 112 37
46702 113 37
46703 112 37
46704 112 33
46705 113 33
46706 102 63
46707 92 32
46708 113 37
46709 103 63
46710 93 32
46711 112 33
46712 112 37
46713 113 37
46714 102 63
46715 103 63
46716 14 92
46717 113 33
46718 112 33
46719 102 63
46720 103 63
46721 113 33
46722 102 63
46723 112 37
46724 103 63
46725 92 32
46726 113 37
46727 102 63
46728 93 32
46729 92 32
46730 112 37
46731 113 37
46732 93 32
46733 112 37
46734 15 92
46735 92 32
46736 103 63
46737 14 92
46738 113 37
46739 112 37
46740 112 33
46741 15 92
46742 14 92
46743 102 63
46744 113 33
46745 103 63
46746 113 37
46747 112 33
46748 113 33
46749 112 33
46750 102 63
46751 103 63
46752 112 37
46753 113 37
46754 93 32
46755 15 92
46756 92 32
46757 102 63
46758 14 92
46759 103 63
46760 113 33
46761 112 37
46762 93 32
46763 92 32
46764 102 63
46765 93 32
46766 92 32
46767 103 63
46768 93 32
46769 92 32
46770 112 33
46771 15 92
46772 113 33
46773 102 63
46774 103 63
46775 93 32
46776 112 33
46777 102 63
46778 14 92
46779 15 92
46780 113 37
46781 103 63
46782 92 32
46783 112 37
46784 102 63
46785 14 92
46786 15 92
46787 103 63
46788 113 37
46789 14 92
46790 113 33
46791 102 63
46792 112 33
46793 112 37
46794 103 63
46795 93 32
46796 102 63
46797 103 63
46798 113 37
46799 113 33
46800 112 37
46801 15 92
46802 102 63
46803 112 33
46804 113 33
46805 112 33
46806 103 63
46807 102 63
46808 113 37
46809 103 63
46810 112 37
46811 113 37
46812 92 32
46813 14 92
46814 102 63
46815 93 32
46816 103 63
46817 112 37
46818 113 37
46819 102 63
46820 112 37
46821 113 33
46822 112 33
46823 113 37
46824 15 92
46825 103 63
46826 112 37
46827 113 37
46828 112 37
46829 14 92
46830 92 32
46831 113 37
46832 113 33
46833 102 63
46834 103 63
46835 93 32
46836 112 37
46837 15 92
46838 112 33
46839 92 32
46840 113 33
46841 113 37
46842 112 33
46843 14 92
46844 112 37
46845 93 32
46846 92 32
46847 113 33
46848 112 33
46849 102 63
46850 15 92
46851 103 63
46852 93 32
46853 113 37
46854 112 37
46855 14 92
46856 113 37
46857 92 32
46858 102 63
46859 93 32
46860 103 63
46861 112 37
46862 92 32
46863 113 37
46864 112 37
46865 93 32
46866 92 32
46867 93 32
46868 15 92
46869 102 63
46870 113 37
46871 113 33
46872 14 92
46873 92 32
46874 112 33
46875 15 92
46876 103 63
46877 93 32
46878 14 92
46879 15 92
46880 92 32
46881 14 92
46882 102 63
46883 112 37
46884 93 32
46885 15 92
46886 113 33
46887 113 37
46888 103 63
46889 112 33
46890 113 33
46891 92 32
46892 14 92
46893 93 32
46894 112 33
46895 112 37
46896 113 33
46897 15 92
46898 112 33
46899 14 92
46900 113 33
46901 92 32
46902 102 63
46903 15 92
46904 103 63
46905 93 32
46906 113 37
46907 102 63
46908 103 63
46909 102 63
46910 14 92
46911 112 33
46912 92 32
46913 103 63
46914 15 92
46915 112 37
46916 113 33
46917 112 33
46918 102 63
46919 113 33
46920 93 32
46921 113 37
46922 103 63
46923 112 37
46924 102 63
46925 103 63
46926 102 63
46927 113 37
46928 112 33
46929 113 33
46930 112 37
46931 14 92
46932 113 37
46933 112 33
46934 15 92
46935 112 37
46936 92 32
46937 93 32
46938 14 92
46939 113 33
46940 103 63
46941 15 92
46942 113 37
46943 112 37
46944 92 32
46945 113 37
46946 112 33
46947 93 32
46948 14 92
46949 112 37
46950 15 92
46951 14 92
46952 102 63
46953 92 32
46954 113 37
46955 103 63
46956 112 37
46957 15 92
46958 113 33
46959 113 37
46960 112 33
46961 113 33
46962 102 63
46963 93 32
46964 14 92
46965 103 63
46966 92 32
46967 112 37
46968 15 92
46969 112 33
46970 113 33
46971 102 63
46972 103 63
46973 93 32
46974 113 37
46975 92 32
46976 112 33
46977 113 33
46978 14 92
46979 15 92
46980 112 33
46981 113 33
46982 14 92
46983 93 32
46984 112 33
46985 92 32
46986 112 37
46987 15 92
46988 93 32
46989 102 63
46990 103 63
46991 14 92
46992 102 63
46993 15 92
46994 103 63
46995 113 33
46996 112 33
46997 14 92
46998 113 37
46999 112 37
47000 15 92
47001 102 63
47002 14 92
47003 103 63
47004 92 32
47005 113 37
47006 113 33
47007 102 63
47008 15 92
47009 112 33
47010 112 37
47011 14 92
47012 103 63
47013 93 32
47014 113 33
47015 113 37
47016 15 92
47017 112 33
47018 92 32
47019 14 92
47020 93 32
47021 102 63
47022 113 33
47023 112 33
47024 15 92
47025 103 63
47026 113 33
47027 102 63
47028 14 92
47029 112 37
47030 103 63
47031 113 37
47032 112 37
47033 92 32
47034 112 33
47035 113 33
47036 102 63
47037 93 32
47038 112 33
47039 92 32
47040 93 32
47041 92 32
47042 15 92
47043 103 63
47044 113 37
47045 102 63
47046 93 32
47047 113 33
47048 112 37
47049 92 32
47050 93 32
47051 103 63
47052 113 37
47053 112 33
47054 113 33
47055 102 63
47056 112 33
47057 113 33
47058 14 92
47059 112 33
47060 113 33
47061 112 37
47062 15 92
47063 112 33
47064 113 33
47065 113 37
47066 14 92
47067 103 63
47068 102 63
47069 112 37
47070 15 92
47071 112 33
47072 113 37
47073 14 92
47074 15 92
47075 113 33
47076 14 92
47077 112 37
47078 113 37
47079 15 92
47080 112 33
47081 14 92
47082 15 92
47083 14 92
47084 92 32
47085 113 33
47086 112 37
47087 113 37
47088 15 92
47089 103 63
47090 112 33
47091 14 92
47092 112 37
47093 113 33
47094 112 33
47095 113 37
47096 113 33
47097 102 63
47098 93 32
47099 112 33
47100 103 63
47101 92 32
47102 112 37
47103 113 37
47104 102 63
47105 93 32
47106 92 32
47107 103 63
47108 93 32
47109 102 63
47110 15 92
47111 92 32
47112 93 32
47113 14 92
47114 112 37
47115 92 32
47116 93 32
47117 113 37
47118 103 63
47119 112 37
47120 113 37
47121 92 32
47122 93 32
47123 92 32
47124 112 37
47125 113 33
47126 102 63
47127 112 33
47128 113 37
47129 113 33
47130 103 63
47131 112 33
47132 113 33
47133 112 37
47134 93 32
47135 92 32
47136 102 63
47137 113 37
47138 112 37
47139 103 63
47140 15 92
47141 14 92
47142 15 92
47143 102 63
47144 14 92
47145 15 92
47146 103 63
47147 112 33
47148 14 92
47149 113 33
47150 102 63
47151 113 37
47152 15 92
47153 93 32
47154 112 37
47155 14 92
47156 92 32
47157 112 33
47158 113 37
47159 15 92
47160 112 37
47161 93 32
47162 113 37
47163 103 63
47164 102 63
47165 14 92
47166 113 33
47167 112 33
47168 112 37
47169 113 33
47170 103 63
47171 113 37
47172 15 92
47173 112 37
47174 113 37
47175 112 33
47176 102 63
47177 14 92
47178 112 37
47179 113 33
47180 15 92
47181 14 92
47182 113 37
47183 92 32
47184 93 32
47185 15 92
47186 112 33
47187 14 92
47188 15 92
47189 14 92
47190 15 92
47191 103 63
47192 102 63
47193 103 63
47194 92 32
47195 112 37
47196 102 63
47197 14 92
47198 15 92
47199 93 32
47200 103 63
47201 92 32
47202 93 32
47203 92 32
47204 93 32
47205 92 32
47206 113 33
47207 112 33
47208 102 63
47209 14 92
47210 103 63
47211 93 32
47212 102 63
47213 15 92
47214 113 33
47215 112 33
47216 103 63
47217 92 32
47218 113 33
47219 102 63
47220 103 63
47221 112 33
47222 14 92
47223 113 37
47224 93 32
47225 112 37
47226 113 33
47227 102 63
47228 15 92
47229 92 32
47230 113 37
47231 14 92
47232 103 63
47233 112 37
47234 113 37
47235 112 33
47236 102 63
47237 93 32
47238 92 32
47239 15 92
47240 112 37
47241 113 33
47242 93 32
47243 14 92
47244 113 37
47245 103 63
47246 102 63
47247 15 92
47248 103 63
47249 112 37
47250 14 92
47251 112 33
47252 92 32
47253 102 63
47254 113 37
47255 93 32
47256 113 33
47257 103 63
47258 15 92
47259 14 92
47260 112 37
47261 113 37
47262 102 63
47263 112 33
47264 112 37
47265 113 33
47266 92 32
47267 93 32
47268 15 92
47269 92 32
47270 103 63
47271 112 33
47272 102 63
47273 113 37
47274 93 32
47275 112 37
47276 92 32
47277 14 92
47278 103 63
47279 113 37
47280 102 63
47281 93 32
47282 92 32
47283 113 33
47284 103 63
47285 112 33
47286 113 33
47287 112 37
47288 112 33
47289 113 37
47290 15 92
47291 102 63
47292 14 92
47293 113 33
47294 93 32
47295 112 37
47296 113 37
47297 103 63
47298 112 33
47299 15 92
47300 113 33
47301 112 33
47302 112 37
47303 14 92
47304 102 63
47305 15 92
47306 113 33
47307 112 33
47308 103 63
47309 113 33
47310 102 63
47311 112 33
47312 113 37
47313 92 32
47314 103 63
47315 14 92
47316 93 32
47317 112 37
47318 15 92
47319 92 32
47320 113 37
47321 112 37
47322 113 33
47323 112 33
47324 93 32
47325 92 32
47326 113 37
47327 113 33
47328 14 92
47329 102 63
47330 103 63
47331 93 32
47332 112 37
47333 113 37
47334 112 33
47335 113 33
47336 15 92
47337 92 32
47338 112 37
47339 112 33
47340 113 37
47341 112 37
47342 113 33
47343 102 63
47344 112 33
47345 93 32
47346 92 32
47347 113 33
47348 112 33
47349 113 33
47350 112 33
47351 113 37
47352 113 33
47353 14 92
47354 103 63
47355 112 33
47356 102 63
47357 103 63
47358 102 63
47359 93 32
47360 112 37
47361 113 33
47362 113 37
47363 103 63
47364 15 92
47365 112 37
47366 102 63
47367 14 92
47368 113 37
47369 15 92
47370 112 37
47371 92 32
47372 93 32
47373 92 32
47374 103 63
47375 14 92
47376 113 37
47377 15 92
47378 112 37
47379 113 37
47380 102 63
47381 112 33
47382 113 33
47383 103 63
47384 112 33
47385 102 63
47386 93 32
47387 14 92
47388 103 63
47389 92 32
47390 113 33
47391 15 92
47392 102 63
47393 103 63
47394 112 37
47395 102 63
47396 93 32
47397 92 32
47398 113 37
47399 103 63
47400 93 32
47401 112 37
47402 92 32
47403 102 63
47404 112 33
47405 93 32
47406 103 63
47407 113 33
47408 102 63
47409 103 63
47410 112 33
47411 113 33
47412 92 32
47413 112 33
47414 113 37
47415 112 37
47416 93 32
47417 113 37
47418 92 32
47419 93 32
47420 113 33
47421 14 92
47422 102 63
47423 112 37
47424 113 37
47425 112 37
47426 113 37
47427 92 32
47428 112 37
47429 93 32
47430 15 92
47431 113 37
47432 112 33
47433 92 32
47434 103 63
47435 14 92
47436 112 37
47437 113 33
47438 112 33
47439 113 37
47440 113 33
47441 102 63
47442 15 92
47443 14 92
47444 112 37
47445 103 63
47446 102 63
47447 93 32
47448 15 92
47449 113 37
47450 112 33
47451 103 63
47452 113 33
47453 102 63
47454 92 32
47455 14 92
47456 103 63
47457 102 63
47458 112 33
47459 103 63
47460 15 92
47461 102 63
47462 14 92
47463 93 32
47464 113 33
47465 112 37
47466 15 92
47467 113 37
47468 92 32
47469 103 63
47470 102 63
47471 103 63
47472 112 37
47473 14 92
47474 113 37
47475 112 33
47476 102 63
47477 15 92
47478 14 92
47479 15 92
47480 93 32
47481 103 63
47482 14 92
47483 92 32
47484 113 33
47485 112 37
47486 15 92
47487 93 32
47488 112 33
47489 14 92
47490 113 37
47491 15 92
47492 14 92
47493 102 63
47494 112 37
47495 103 63
47496 92 32
47497 15 92
47498 93 32
47499 113 37
47500 113 33
47501 112 33
47502 113 33
47503 102 63
47504 112 33
47505 113 33
47506 14 92
47507 15 92
47508 103 63
47509 14 92
47510 112 37
47511 15 92
47512 92 32
47513 113 37
47514 14 92
47515 112 33
47516 102 63
47517 112 37
47518 93 32
47519 113 37
47520 112 37
47521 103 63
47522 113 37
47523 112 37
47524 113 33
47525 92 32
47526 112 33
47527 113 37
47528 113 33
47529 15 92
47530 102 63
47531 112 33
47532 112 37
47533 113 33
47534 113 37
47535 112 33
47536 112 37
47537 113 37
47538 112 37
47539 93 32
47540 113 37
47541 103 63
47542 14 92
47543 112 37
47544 113 33
47545 15 92
47546 14 92
47547 15 92
47548 92 32
47549 112 33
47550 113 33
47551 102 63
47552 112 33
47553 113 33
47554 14 92
47555 112 33
47556 15 92
47557 103 63
47558 102 63
47559 113 37
47560 113 33
47561 112 37
47562 14 92
47563 93 32
47564 112 33
47565 103 63
47566 113 37
47567 113 33
47568 102 63
47569 103 63
47570 15 92
47571 92 32
47572 112 33
47573 93 32
47574 112 37
47575 14 92
47576 15 92
47577 113 33
47578 113 37
47579 112 33
47580 102 63
47581 103 63
47582 102 63
47583 112 37
47584 113 37
47585 14 92
47586 112 37
47587 92 32
47588 113 33
47589 113 37
47590 93 32
47591 103 63
47592 92 32
47593 112 33
47594 15 92
47595 93 32
47596 102 63
47597 14 92
47598 92 32
47599 113 33
47600 93 32
47601 103 63
47602 15 92
47603 112 37
47604 113 37
47605 102 63
47606 14 92
47607 92 32
47608 93 32
47609 92 32
47610 93 32
47611 112 33
47612 92 32
47613 103 63
47614 112 37
47615 113 37
47616 15 92
47617 102 63
47618 112 37
47619 113 33
47620 103 63
47621 113 37
47622 112 33
47623 102 63
47624 93 32
47625 112 37
47626 113 33
47627 14 92
47628 15 92
47629 103 63
47630 112 33
47631 14 92
47632 15 92
47633 92 32
47634 113 33
47635 112 33
47636 102 63
47637 113 33
47638 103 63
47639 112 33
47640 93 32
47641 102 63
47642 113 33
47643 113 37
47644 103 63
47645 112 33
47646 102 63
47647 103 63
47648 14 92
47649 92 32
47650 93 32
47651 92 32
47652 93 32
47653 112 37
47654 92 32
47655 15 92
47656 14 92
47657 113 37
47658 112 37
47659 15 92
47660 113 33
47661 14 92
47662 112 33
47663 93 32
47664 113 33
47665 15 92
47666 113 37
47667 112 33
47668 113 33
47669 92 32
47670 93 32
47671 112 33
47672 102 63
47673 103 63
47674 14 92
47675 15 92
47676 112 37
47677 113 37
47678 112 37
47679 113 37
47680 92 32
47681 112 37
47682 14 92
47683 15 92
47684 113 37
47685 113 33
47686 112 33
47687 14 92
47688 113 33
47689 102 63
47690 93 32
47691 15 92
47692 112 37
47693 92 32
47694 93 32
47695 112 33
47696 14 92
47697 15 92
47698 92 32
47699 103 63
47700 93 32
47701 92 32
47702 113 33
47703 102 63
47704 103 63
47705 102 63
47706 113 37
47707 112 37
47708 14 92
47709 112 33
47710 113 37
47711 15 92
47712 113 33
47713 112 33
47714 113 33
47715 93 32
47716 14 92
47717 112 37
47718 112 33
47719 15 92
47720 14 92
47721 113 33
47722 113 37
47723 112 37
47724 113 37
47725 103 63
47726 15 92
47727 14 92
47728 112 37
47729 112 33
47730 113 33
47731 112 33
47732 102 63
47733 113 37
47734 113 33
47735 92 32
47736 15 92
47737 103 63
47738 112 37
47739 93 32
47740 112 33
47741 113 33
47742 14 92
47743 92 32
47744 93 32
47745 92 32
47746 112 33
47747 93 32
47748 92 32
47749 113 33
47750 113 37
47751 102 63
47752 112 37
47753 112 33
47754 93 32
47755 92 32
47756 15 92
47757 113 33
47758 112 33
47759 113 37
47760 93 32
47761 112 37
47762 92 32
47763 103 63
47764 93 32
47765 113 33
47766 102 63
47767 103 63
47768 92 32
47769 112 33
47770 102 63
47771 93 32
47772 113 33
47773 14 92
47774 92 32
47775 113 37
47776 112 37
47777 93 32
47778 113 37
47779 112 37
47780 92 32
47781 93 32
47782 92 32
47783 93 32
47784 112 33
47785 113 37
47786 15 92
47787 92 32
47788 93 32
47789 92 32
47790 103 63
47791 113 33
47792 93 32
47793 14 92
47794 15 92
47795 92 32
47796 14 92
47797 112 37
47798 93 32
47799 102 63
47800 92 32
47801 113 37
47802 103 63
47803 112 37
47804 113 37
47805 93 32
47806 112 37
47807 15 92
47808 113 37
47809 102 63
47810 103 63
47811 14 92
47812 112 33
47813 113 33
47814 102 63
47815 112 37
47816 15 92
47817 112 33
47818 113 37
47819 92 32
47820 14 92
47821 103 63
47822 102 63
47823 112 37
47824 113 33
47825 15 92
47826 103 63
47827 112 33
47828 102 63
47829 14 92
47830 113 37
47831 103 63
47832 15 92
47833 14 92
47834 93 32
47835 15 92
47836 113 33
47837 14 92
47838 102 63
47839 92 32
47840 15 92
47841 112 37
47842 93 32
47843 103 63
47844 92 32
47845 14 92
47846 93 32
47847 102 63
47848 113 37
47849 112 33
47850 92 32
47851 113 33
47852 112 37
47853 15 92
47854 112 33
47855 103 63
47856 14 92
47857 113 37
47858 113 33
47859 93 32
47860 112 37
47861 15 92
47862 112 33
47863 102 63
47864 103 63
47865 102 63
47866 92 32
47867 14 92
47868 93 32
47869 15 92
47870 92 32
47871 103 63
47872 113 33
47873 93 32
47874 112 33
47875 113 37
47876 112 37
47877 14 92
47878 92 32
47879 113 33
47880 102 63
47881 93 32
47882 113 37
47883 112 33
47884 15 92
47885 113 33
47886 112 37
47887 113 37
47888 103 63
47889 14 92
47890 112 37
47891 92 32
47892 113 37
47893 93 32
47894 112 37
47895 15 92
47896 102 63
47897 14 92
47898 15 92
47899 92 32
47900 103 63
47901 102 63
47902 14 92
47903 103 63
47904 113 37
47905 112 37
47906 112 33
47907 93 32
47908 92 32
47909 113 37
47910 102 63
47911 112 37
47912 15 92
47913 113 37
47914 93 32
47915 92 32
47916 113 33
47917 112 33
47918 113 33
47919 14 92
47920 112 37
47921 112 33
47922 113 37
47923 15 92
47924 14 92
47925 112 37
47926 113 33
47927 103 63
47928 112 33
47929 113 33
47930 93 32
47931 112 33
47932 113 37
47933 112 37
47934 113 37
47935 113 33
47936 15 92
47937 102 63
47938 14 92
47939 103 63
47940 15 92
47941 14 92
47942 112 37
47943 102 63
47944 103 63
47945 92 32
47946 102 63
47947 93 32
47948 15 92
47949 14 92
47950 112 33
47951 113 33
47952 92 32
47953 93 32
47954 113 37
47955 112 33
47956 92 32
47957 15 92
47958 112 37
47959 93 32
47960 113 37
47961 103 63
47962 14 92
47963 15 92
47964 102 63
47965 103 63
47966 92 32
47967 112 37
47968 113 33
47969 14 92
47970 112 33
47971 113 37
47972 112 37
47973 113 37
47974 102 63
47975 113 33
47976 112 37
47977 113 37
47978 93 32
47979 92 32
47980 103 63
47981 93 32
47982 112 37
47983 113 37
47984 112 33
47985 92 32
47986 113 33
47987 93 32
47988 112 33
47989 112 37
47990 92 32
47991 113 33
47992 15 92
47993 112 33
47994 113 33
47995 113 37
47996 112 37
47997 93 32
47998 14 92
47999 15 92
48000 14 92
48001 92 32
48002 15 92
48003 112 33
48004 14 92
48005 113 37
48006 113 33
48007 112 33
48008 102 63
48009 113 33
48010 15 92
48011 93 32
48012 112 37
48013 103 63
48014 92 32
48015 102 63
48016 113 37
48017 112 33
48018 113 33
48019 93 32
48020 14 92
48021 15 92
48022 92 32
48023 112 37
48024 113 37
48025 93 32
48026 14 92
48027 15 92
48028 103 63
48029 14 92
48030 112 37
48031 112 33
48032 92 32
48033 15 92
48034 113 33
48035 102 63
48036 93 32
48037 92 32
48038 103 63
48039 14 92
48040 102 63
48041 103 63
48042 15 92
48043 112 33
48044 14 92
48045 113 37
48046 15 92
48047 112 37
48048 102 63
48049 103 63
48050 113 37
48051 93 32
48052 112 37
48053 102 63
48054 92 32
48055 113 33
48056 112 33
48057 93 32
48058 113 33
48059 112 33
48060 92 32
48061 103 63
48062 93 32
48063 113 33
48064 14 92
48065 15 92
48066 102 63
48067 14 92
48068 112 33
48069 103 63
48070 113 33
48071 102 63
48072 113 37
48073 15 92
48074 112 37
48075 112 33
48076 14 92
48077 113 37
48078 113 33
48079 112 37
48080 112 33
48081 113 37
48082 103 63
48083 102 63
48084 103 63
48085 112 37
48086 92 32
48087 113 33
48088 102 63
48089 15 92
48090 14 92
48091 93 32
48092 15 92
48093 14 92
48094 113 37
48095 112 37
48096 112 33
48097 92 32
48098 113 33
48099 15 92
48100 113 37
48101 14 92
48102 15 92
48103 93 32
48104 92 32
48105 112 37
48106 112 33
48107 113 33
48108 113 37
48109 103 63
48110 14 92
48111 93 32
48112 102 63
48113 112 37
48114 15 92
48115 14 92
48116 92 32
48117 15 92
48118 113 37
48119 14 92
48120 15 92
48121 103 63
48122 112 37
48123 14 92
48124 113 37
48125 15 92
48126 93 32
48127 112 33
48128 102 63
48129 14 92
48130 112 37
48131 113 33
48132 113 37
48133 92 32
48134 15 92
48135 93 32
48136 112 33
48137 113 33
48138 14 92
48139 112 37
48140 113 37
48141 92 32
48142 112 33
48143 15 92
48144 112 37
48145 113 37
48146 93 32
48147 103 63
48148 102 63
48149 112 37
48150 92 32
48151 103 63
48152 113 37
48153 14 92
48154 112 37
48155 113 33
48156 113 37
48157 93 32
48158 92 32
48159 93 32
48160 15 92
48161 102 63
48162 92 32
48163 112 37
48164 93 32
48165 103 63
48166 112 33
48167 102 63
48168 113 37
48169 112 37
48170 92 32
48171 93 32
48172 113 33
48173 113 37
48174 14 92
48175 112 33
48176 92 32
48177 112 37
48178 93 32
48179 15 92
48180 113 33
48181 14 92
48182 103 63
48183 112 33
48184 113 33
48185 112 33
48186 113 37
48187 102 63
48188 113 33
48189 112 33
48190 113 33
48191 103 63
48192 112 37
48193 113 37
48194 102 63
48195 112 33
48196 112 37
48197 92 32
48198 103 63
48199 15 92
48200 93 32
48201 113 37
48202 92 32
48203 14 92
48204 112 37
48205 102 63
48206 93 32
48207 113 37
48208 112 37
48209 15 92
48210 113 33
48211 92 32
48212 113 37
48213 14 92
48214 93 32
48215 112 37
48216 15 92
48217 113 37
48218 14 92
48219 112 33
48220 15 92
48221 14 92
48222 112 37
48223 103 63
48224 113 37
48225 102 63
48226 92 32
48227 113 33
48228 15 92
48229 93 32
48230 112 33
48231 112 37
48232 14 92
48233 92 32
48234 113 37
48235 93 32
48236 92 32
48237 15 92
48238 113 33
48239 112 37
48240 112 33
48241 113 33
48242 103 63
48243 113 37
48244 112 37
48245 112 33
48246 93 32
48247 14 92
48248 15 92
48249 102 63
48250 103 63
48251 113 37
48252 102 63
48253 113 33
48254 112 37
48255 14 92
48256 113 37
48257 103 63
48258 112 37
48259 92 32
48260 112 33
48261 93 32
48262 15 92
48263 14 92
48264 102 63
48265 113 33
48266 92 32
48267 93 32
48268 113 37
48269 112 37
48270 15 92
48271 112 33
48272 113 37
48273 14 92
48274 92 32
48275 112 37
48276 113 33
48277 112 33
48278 15 92
48279 103 63
48280 14 92
48281 93 32
48282 102 63
48283 113 33
48284 92 32
48285 93 32
48286 103 63
48287 15 92
48288 112 33
48289 14 92
48290 113 37
48291 92 32
48292 112 37
48293 113 37
48294 112 37
48295 113 33
48296 15 92
48297 113 37
48298 112 33
48299 113 33
48300 14 92
48301 15 92
48302 102 63
48303 103 63
48304 14 92
48305 93 32
48306 112 37
48307 15 92
48308 113 37
48309 112 33
48310 112 37
48311 14 92
48312 102 63
48313 113 37
48314 103 63
48315 112 37
48316 15 92
48317 113 33
48318 14 92
48319 102 63
48320 103 63
48321 92 32
48322 113 37
48323 102 63
48324 112 33
48325 103 63
48326 15 92
48327 112 37
48328 14 92
48329 15 92
48330 102 63
48331 14 92
48332 93 32
48333 92 32
48334 113 33
48335 113 37
48336 112 33
48337 93 32
48338 15 92
48339 113 33
48340 14 92
48341 112 37
48342 112 33
48343 103 63
48344 113 37
48345 92 32
48346 102 63
48347 93 32
48348 103 63
48349 112 37
48350 92 32
48351 93 32
48352 113 37
48353 102 63
48354 103 63
48355 112 37
48356 92 32
48357 93 32
48358 92 32
48359 15 92
48360 93 32
48361 113 33
48362 113 37
48363 14 92
48364 92 32
48365 112 37
48366 93 32
48367 113 37
48368 92 32
48369 102 63
48370 103 63
48371 112 33
48372 15 92
48373 14 92
48374 102 63
48375 93 32
48376 92 32
48377 112 37
48378 103 63
48379 15 92
48380 102 63
48381 93 32
48382 14 92
48383 103 63
48384 15 92
48385 113 33
48386 112 33
48387 14 92
48388 102 63
48389 113 37
48390 103 63
48391 15 92
48392 113 33
48393 112 33
48394 102 63
48395 92 32
48396 113 33
48397 14 92
48398 15 92
48399 14 92
48400 112 33
48401 112 37
48402 93 32
48403 113 37
48404 113 33
48405 112 33
48406 92 32
48407 112 37
48408 113 37
48409 15 92
48410 113 33
48411 93 32
48412 14 92
48413 112 33
48414 112 37
48415 92 32
48416 113 37
48417 93 32
48418 92 32
48419 103 63
48420 93 32
48421 102 63
48422 15 92
48423 103 63
48424 92 32
48425 113 33
48426 93 32
48427 112 37
48428 92 32
48429 93 32
48430 102 63
48431 92 32
48432 103 63
48433 14 92
48434 112 33
48435 113 37
48436 15 92
48437 112 37
48438 14 92
48439 113 33
48440 93 32
48441 15 92
48442 113 37
48443 112 33
48444 113 33
48445 112 37
48446 14 92
48447 15 92
48448 113 37
48449 92 32
48450 112 37
48451 93 32
48452 14 92
48453 15 92
48454 92 32
48455 93 32
48456 113 37
48457 112 33
48458 102 63
48459 92 32
48460 93 32
48461 112 37
48462 113 37
48463 103 63
48464 102 63
48465 112 37
48466 14 92
48467 92 32
48468 103 63
48469 113 33
48470 93 32
48471 15 92
48472 14 92
48473 15 92
48474 112 33
48475 92 32
48476 113 37
48477 14 92
48478 102 63
48479 113 33
48480 103 63
48481 112 37
48482 113 37
48483 15 92
48484 102 63
48485 112 33
48486 112 37
48487 93 32
48488 113 33
48489 14 92
48490 92 32
48491 103 63
48492 112 33
48493 102 63
48494 103 63
48495 113 37
48496 15 92
48497 113 33
48498 112 37
48499 14 92
48500 93 32
48501 92 32
48502 113 37
48503 102 63
48504 103 63
48505 112 33
48506 113 33
48507 112 33
48508 102 63
48509 113 33
48510 93 32
48511 92 32
48512 112 33
48513 15 92
48514 112 37
48515 113 33
48516 112 33
48517 93 32
48518 14 92
48519 92 32
48520 93 32
48521 92 32
48522 103 63
48523 93 32
48524 15 92
48525 102 63
48526 113 33
48527 113 37
48528 103 63
48529 92 32
48530 14 92
48531 15 92
48532 102 63
48533 112 33
48534 14 92
48535 15 92
48536 93 32
48537 14 92
48538 113 33
48539 112 37
48540 113 37
48541 103 63
48542 112 37
48543 15 92
48544 102 63
48545 103 63
48546 112 33
48547 102 63
48548 92 32
48549 113 33
48550 113 37
48551 93 32
48552 112 37
48553 14 92
48554 15 92
48555 92 32
48556 93 32
48557 113 37
48558 112 33
48559 113 33
48560 103 63
48561 102 63
48562 112 33
48563 103 63
48564 14 92
48565 92 32
48566 113 33
48567 93 32
48568 112 33
48569 92 32
48570 93 32
48571 15 92
48572 113 33
48573 102 63
48574 103 63
48575 112 37
48576 112 33
48577 102 63
48578 113 37
48579 113 33
48580 103 63
48581 102 63
48582 103 63
48583 14 92
48584 102 63
48585 15 92
48586 112 33
48587 14 92
48588 113 33
48589 103 63
48590 15 92
48591 14 92
48592 112 37
48593 15 92
48594 112 33
48595 92 32
48596 14 92
48597 15 92
48598 93 32
48599 113 33
48600 92 32
48601 102 63
48602 93 32
48603 92 32
48604 112 33
48605 93 32
48606 103 63
48607 113 37
48608 92 32
48609 93 32
48610 112 37
48611 92 32
48612 14 92
48613 93 32
48614 92 32
48615 102 63
48616 103 63
48617 93 32
48618 102 63
48619 113 33
48620 92 32
48621 113 37
48622 93 32
48623 103 63
48624 15 92
48625 14 92
48626 112 33
48627 102 63
48628 113 33
48629 112 37
48630 15 92
48631 113 37
48632 92 32
48633 93 32
48634 103 63
48635 112 33
48636 14 92
48637 113 33
48638 15 92
48639 92 32
48640 112 37
48641 14 92
48642 93 32
48643 112 33
48644 102 63
48645 113 37
48646 103 63
48647 15 92
48648 102 63
48649 103 63
48650 92 32
48651 102 63
48652 93 32
48653 112 37
48654 113 37
48655 113 33
48656 112 33
48657 112 37
48658 103 63
48659 102 63
48660 113 33
48661 103 63
48662 112 33
48663 92 32
48664 102 63
48665 103 63
48666 14 92
48667 15 92
48668 14 92
48669 113 37
48670 15 92
48671 113 33
48672 112 37
48673 93 32
48674 92 32
48675 93 32
48676 113 37
48677 14 92
48678 102 63
48679 112 37
48680 112 33
48681 92 32
48682 103 63
48683 93 32
48684 15 92
48685 92 32
48686 113 37
48687 14 92
48688 93 32
48689 113 33
48690 102 63
48691 103 63
48692 92 32
48693 15 92
48694 93 32
48695 14 92
48696 112 37
48697 112 33
48698 113 37
48699 92 32
48700 93 32
48701 102 63
48702 103 63
48703 112 37
48704 15 92
48705 113 37
48706 102 63
48707 92 32
48708 93 32
48709 92 32
48710 14 92
48711 15 92
48712 113 33
48713 93 32
48714 92 32
48715 103 63
48716 14 92
48717 15 92
48718 93 32
48719 112 33
48720 113 33
48721 14 92
48722 102 63
48723 92 32
48724 112 37
48725 113 37
48726 103 63
48727 93 32
48728 102 63
48729 112 33
48730 15 92
48731 92 32
48732 103 63
48733 93 32
48734 102 63
48735 113 33
48736 103 63
48737 102 63
48738 112 37
48739 113 37
48740 92 32
48741 112 37
48742 14 92
48743 103 63
48744 113 37
48745 15 92
48746 93 32
48747 14 92
48748 112 37
48749 15 92
48750 113 37
48751 14 92
48752 112 37
48753 112 33
48754 15 92
48755 113 33
48756 92 32
48757 112 33
48758 14 92
48759 15 92
48760 93 32
48761 102 63
48762 92 32
48763 93 32
48764 113 37
48765 14 92
48766 103 63
48767 102 63
48768 113 33
48769 112 37
48770 112 33
48771 113 37
48772 92 32
48773 112 37
48774 15 92
48775 103 63
48776 14 92
48777 93 32
48778 15 92
48779 92 32
48780 113 37
48781 112 37
48782 14 92
48783 102 63
48784 113 37
48785 15 92
48786 14 92
48787 103 63
48788 15 92
48789 14 92
48790 93 32
48791 112 37
48792 113 37
48793 15 92
48794 112 37
48795 113 33
48796 113 37
48797 102 63
48798 112 33
48799 113 33
48800 112 33
48801 103 63
48802 92 32
48803 112 37
48804 102 63
48805 113 33
48806 14 92
48807 103 63
48808 102 63
48809 103 63
48810 112 33
48811 113 33
48812 112 33
48813 102 63
48814 113 37
48815 93 32
48816 103 63
48817 112 37
48818 113 37
48819 113 33
48820 112 33
48821 15 92
48822 14 92
48823 15 92
48824 112 37
48825 102 63
48826 92 32
48827 14 92
48828 103 63
48829 113 33
48830 102 63
48831 15 92
48832 112 33
48833 103 63
48834 102 63
48835 93 32
48836 113 33
48837 103 63
48838 102 63
48839 103 63
48840 102 63
48841 14 92
48842 113 37
48843 112 33
48844 92 32
48845 93 32
48846 92 32
48847 113 33
48848 112 37
48849 113 37
48850 103 63
48851 102 63
48852 112 37
48853 103 63
48854 93 32
48855 92 32
48856 113 37
48857 93 32
48858 112 37
48859 113 37
48860 92 32
48861 15 92
48862 14 92
48863 112 37
48864 112 33
48865 15 92
48866 14 92
48867 113 37
48868 113 33
48869 15 92
48870 102 63
48871 14 92
48872 103 63
48873 102 63
48874 15 92
48875 112 33
48876 93 32
48877 92 32
48878 14 92
48879 93 32
48880 113 33
48881 103 63
48882 92 32
48883 102 63
48884 93 32
48885 92 32
48886 103 63
48887 93 32
48888 112 37
48889 112 33
48890 15 92
48891 113 37
48892 102 63
48893 103 63
48894 102 63
48895 112 37
48896 113 33
48897 14 92
48898 92 32
48899 93 32
48900 103 63
48901 112 33
48902 102 63
48903 15 92
48904 92 32
48905 14 92
48906 103 63
48907 113 33
48908 102 63
48909 113 37
48910 93 32
48911 103 63
48912 102 63
48913 112 33
48914 103 63
48915 113 33
48916 112 33
48917 92 32
48918 113 33
48919 112 33
48920 15 92
48921 14 92
48922 93 32
48923 102 63
48924 15 92
48925 112 37
48926 92 32
48927 103 63
48928 102 63
48929 103 63
48930 113 33
48931 113 37
48932 112 33
48933 113 33
48934 93 32
48935 92 32
48936 112 37
48937 93 32
48938 92 32
48939 102 63
48940 112 33
48941 103 63
48942 113 33
48943 14 92
48944 112 33
48945 15 92
48946 113 33
48947 93 32
48948 112 33
48949 92 32
48950 113 33
48951 112 33
48952 113 33
48953 112 33
48954 113 33
48955 93 32
48956 102 63
48957 113 37
48958 112 37
48959 14 92
48960 92 32
48961 113 37
48962 112 37
48963 15 92
48964 113 37
48965 112 37
48966 93 32
48967 113 37
48968 112 33
48969 113 33
48970 14 92
48971 92 32
48972 112 33
48973 103 63
48974 102 63
48975 113 33
48976 103 63
48977 112 37
48978 15 92
48979 102 63
48980 93 32
48981 112 33
48982 103 63
48983 92 32
48984 93 32
48985 102 63
48986 92 32
48987 14 92
48988 113 37
48989 93 32
48990 15 92
48991 112 37
48992 92 32
48993 93 32
48994 113 33
48995 92 32
48996 113 37
48997 14 92
48998 103 63
48999 112 37
49000 93 32
49001 102 63
49002 112 33
49003 15 92
49004 113 33
49005 112 33
49006 113 37
49007 103 63
49008 14 92
49009 113 33
49010 92 32
49011 112 33
49012 93 32
49013 113 33
49014 102 63
49015 15 92
49016 112 33
49017 103 63
49018 112 37
49019 92 32
49020 113 37
49021 112 37
49022 113 37
49023 112 37
49024 93 32
49025 113 33
49026 112 33
49027 113 37
49028 14 92
49029 102 63
49030 103 63
49031 112 37
49032 113 33
49033 112 33
49034 113 33
49035 112 33
49036 92 32
49037 93 32
49038 15 92
49039 113 37
49040 14 92
49041 15 92
49042 102 63
49043 112 37
49044 113 37
49045 112 37
49046 103 63
49047 92 32
49048 102 63
49049 14 92
49050 15 92
49051 113 37
49052 112 37
49053 14 92
49054 15 92
49055 14 92
49056 113 37
49057 113 33
49058 93 32
49059 112 33
49060 15 92
49061 92 32
49062 113 33
49063 93 32
49064 103 63
49065 14 92
49066 112 33
49067 112 37
49068 92 32
49069 113 37
49070 113 33
49071 102 63
49072 103 63
49073 102 63
49074 15 92
49075 112 37
49076 103 63
49077 14 92
49078 102 63
49079 93 32
49080 15 92
49081 112 33
49082 113 37
49083 92 32
49084 93 32
49085 103 63
49086 92 32
49087 112 37
49088 93 32
49089 113 37
49090 113 33
49091 14 92
49092 112 33
49093 15 92
49094 102 63
49095 112 37
49096 92 32
49097 93 32
49098 14 92
49099 113 33
49100 103 63
49101 15 92
49102 113 37
49103 14 92
49104 112 33
49105 92 32
49106 15 92
49107 113 33
49108 93 32
49109 112 37
49110 113 37
49111 102 63
49112 112 33
49113 92 32
49114 112 37
49115 113 37
49116 93 32
49117 14 92
49118 15 92
49119 14 92
49120 15 92
49121 113 33
49122 103 63
49123 112 33
49124 102 63
49125 103 63
49126 102 63
49127 113 33
49128 92 32
49129 103 63
49130 112 33
49131 14 92
49132 15 92
49133 14 92
49134 93 32
49135 113 33
49136 102 63
49137 15 92
49138 112 33
49139 112 37
49140 92 32
49141 113 37
49142 93 32
49143 92 32
49144 93 32
49145 92 32
49146 113 33
49147 93 32
49148 14 92
49149 103 63
49150 112 37
49151 112 33
# colocadas=49152 ocupadas=5 mayor=49724
