0 0 0
1 0 127
2 127 0
3 126 0
4 0 1
5 127 0
6 126 0
7 127 127
8 127 0
9 0 0
10 0 126
11 0 2
12 126 127
13 126 0
14 127 0
15 127 127
16 126 0
17 126 127
18 0 127
19 1 0
20 0 126
21 127 0
22 0 1
23 0 127
24 0 126
25 126 0
26 2 0
27 0 127
28 127 127
29 126 127
30 127 0
31 126 0
32 1 0
33 127 127
34 0 2
35 126 127
36 0 0
37 127 0
38 126 0
39 127 0
40 0 126
41 1 0
42 127 127
43 0 1
44 126 127
45 2 0
46 127 127
47 126 127
48 126 0
49 127 127
50 127 0
51 1 0
52 126 127
53 126 0
54 127 0
55 127 127
56 2 0
57 126 0
58 0 127
59 0 126
60 126 127
61 127 127
62 127 0
63 1 0
64 126 127
65 0 2
66 0 127
67 0 1
68 0 2
69 0 1
70 2 0
71 0 0
72 0 126
73 0 1
74 1 0
75 127 127
76 0 127
77 126 0
78 127 0
79 0 2
80 0 126
81 0 127
82 0 0
83 0 3
84 126 127
85 127 127
86 0 2
87 0 3
88 0 1
89 0 0
90 126 127
91 127 127
92 126 127
93 0 1
94 0 4
95 127 127
96 126 0
97 0 126
98 0 0
99 0 127
100 0 3
101 0 126
102 127 0
103 0 1
104 126 127
105 127 127
106 126 127
107 0 0
108 0 2
109 1 0
110 0 1
111 127 127
112 126 127
113 126 0
114 127 0
115 127 127
116 0 2
117 126 127
118 0 127
119 0 0
120 0 126
121 0 127
122 1 0
123 0 1
124 127 127
125 126 127
126 127 127
127 0 2
128 0 1
129 2 0
130 126 127
131 0 126
132 127 127
133 0 127
134 0 126
135 0 0
136 3 0
137 2 0
138 0 1
139 0 0
140 0 1
141 1 0
142 0 127
143 126 127
144 0 2
145 0 0
146 0 126
147 0 127
148 0 3
149 0 126
150 0 2
151 0 3
152 0 2
153 0 3
154 0 1
155 127 127
156 0 0
157 126 0
158 0 1
159 0 4
160 127 0
161 0 127
162 0 126
163 0 127
164 0 0
165 0 3
166 0 2
167 126 127
168 126 0
169 0 126
170 0 3
171 0 127
172 0 2
173 1 0
174 127 0
175 0 126
176 127 127
177 0 127
178 0 0
179 0 3
180 0 2
181 0 3
182 0 1
183 0 126
184 0 127
185 0 126
186 0 0
187 0 2
188 126 127
189 1 0
190 0 1
191 126 0
192 0 127
193 0 2
194 0 1
195 0 126
196 127 0
197 2 0
198 127 127
199 0 0
200 3 0
201 2 0
202 0 127
203 0 1
204 126 127
205 1 0
206 2 0
207 0 0
208 127 127
209 3 0
210 0 126
211 126 127
212 0 1
213 0 127
214 126 0
215 127 127
216 126 127
217 127 127
218 0 0
219 0 126
220 0 127
221 0 1
222 126 127
223 0 0
224 127 127
225 126 127
226 2 0
227 0 126
228 127 127
229 3 0
230 2 0
231 0 1
232 126 127
233 127 127
234 1 0
235 0 127
236 127 0
237 126 0
238 126 127
239 2 0
240 0 0
241 0 126
242 127 127
243 0 127
244 0 126
245 0 127
246 127 0
247 0 1
248 126 127
249 1 0
250 0 126
251 2 0
252 126 0
253 0 127
254 127 127
255 126 127
256 127 127
257 0 126
258 0 127
259 1 0
260 127 0
261 126 0
262 127 0
263 0 126
264 2 0
265 1 0
266 126 0
267 127 0
268 0 127
269 2 0
270 126 127
271 1 0
272 126 0
273 0 2
274 0 126
275 0 0
276 1 0
277 0 0
278 0 127
279 127 0
280 127 127
281 126 0
282 0 3
283 126 127
284 0 1
285 0 4
286 0 3
287 127 127
288 0 0
289 126 127
290 127 127
291 127 0
292 0 126
293 0 127
294 0 2
295 126 0
296 0 126
297 127 0
298 126 127
299 0 3
300 126 0
301 127 127
302 0 127
303 0 1
304 126 127
305 127 0
306 0 0
307 127 127
308 0 1
309 126 127
310 126 0
311 127 0
312 127 127
313 126 0
314 0 126
315 127 0
316 126 0
317 0 0
318 126 127
319 0 127
320 127 0
321 0 126
322 126 0
323 127 0
324 126 0
325 0 2
326 127 127
327 126 127
328 0 3
329 0 2
330 0 3
331 127 127
332 0 2
333 0 127
334 1 0
335 0 0
336 0 126
337 0 3
338 126 127
339 127 0
340 127 127
341 0 1
342 126 127
343 0 127
344 126 0
345 127 0
346 126 0
347 127 127
348 0 0
349 126 127
350 0 2
351 0 126
352 1 0
353 0 0
354 1 0
355 127 127
356 126 127
357 127 0
358 0 0
359 1 0
360 0 127
361 126 0
362 0 1
363 0 126
364 0 2
365 127 0
366 126 0
367 0 0
368 0 3
369 0 1
370 127 0
371 127 127
372 0 127
373 0 4
374 0 3
375 126 0
376 127 0
377 126 0
378 0 0
379 0 126
380 126 127
381 0 1
382 0 127
383 127 0
384 0 0
385 0 2
386 0 3
387 0 126
388 127 127
389 0 1
390 0 0
391 0 2
392 126 0
393 126 127
394 127 127
395 0 127
396 0 3
397 0 126
398 0 2
399 0 3
400 0 1
401 0 127
402 127 0
403 0 0
404 126 0
405 0 126
406 127 0
407 0 127
408 0 126
409 0 1
410 126 127
411 0 127
412 127 127
413 126 127
414 0 126
415 126 0
416 0 0
417 127 0
418 0 127
419 0 126
420 0 2
421 0 3
422 126 0
423 0 2
424 127 127
425 126 127
426 0 3
427 0 2
428 127 127
429 127 0
430 126 0
431 0 3
432 0 127
433 0 126
434 0 2
435 0 3
436 0 2
437 0 127
438 0 126
439 0 3
440 0 2
441 1 0
442 126 127
443 0 127
444 127 127
445 126 127
446 0 1
447 127 0
448 127 127
449 126 127
450 0 126
451 2 0
452 126 0
453 0 127
454 127 0
455 1 0
456 0 2
457 127 127
458 126 0
459 0 126
460 0 127
461 126 127
462 0 1
463 0 2
464 0 126
465 0 127
466 127 0
467 126 0
468 0 126
469 0 1
470 2 0
471 127 127
472 126 127
473 1 0
474 0 127
475 127 0
476 126 0
477 127 127
478 2 0
479 1 0
480 2 0
481 0 0
482 127 0
483 0 1
484 0 126
485 1 0
486 0 2
487 0 1
488 2 0
489 126 127
490 0 0
491 126 0
492 3 0
493 127 127
494 2 0
495 127 0
496 126 127
497 126 0
498 0 127
499 3 0
500 127 127
501 126 127
502 0 1
503 127 127
504 126 127
505 0 0
506 127 0
507 2 0
508 0 1
509 0 0
510 127 127
511 126 127
512 0 126
513 126 0
514 127 127
515 126 127
516 127 0
517 3 0
518 126 0
519 127 127
520 0 127
521 127 0
522 0 126
523 126 0
524 0 1
525 0 0
526 127 0
527 126 0
528 0 127
529 0 126
530 127 0
531 126 0
532 2 0
533 3 0
534 2 0
535 0 127
536 126 127
537 127 0
538 127 127
539 126 0
540 127 0
541 126 0
542 127 0
543 126 0
544 0 1
545 1 0
546 2 0
547 0 0
548 3 0
549 0 1
550 2 0
551 0 0
552 126 127
553 127 127
554 126 127
555 0 126
556 0 1
557 127 0
558 0 127
559 1 0
560 0 2
561 0 1
562 0 2
563 0 126
564 126 0
565 0 1
566 0 2
567 127 0
568 0 0
569 0 127
570 127 127
571 126 0
572 1 0
573 127 0
574 0 1
575 0 126
576 126 127
577 0 127
578 2 0
579 0 126
580 1 0
581 2 0
582 0 127
583 126 0
584 127 127
585 126 127
586 1 0
587 0 126
588 127 0
589 0 127
590 2 0
591 0 126
592 1 0
593 2 0
594 127 127
595 126 127
596 0 0
597 0 127
598 3 0
599 0 126
600 126 0
601 0 1
602 2 0
603 1 0
604 127 127
605 126 127
606 0 2
607 127 127
608 126 127
609 127 0
610 0 1
611 0 127
612 0 2
613 0 126
614 0 127
615 126 0
616 0 1
617 0 126
618 0 2
619 0 0
620 0 127
621 0 3
622 0 126
623 0 1
624 127 127
625 0 127
626 0 4
627 127 0
628 0 0
629 0 126
630 0 3
631 0 127
632 0 126
633 126 127
634 126 0
635 127 127
636 127 0
637 126 127
638 0 127
639 0 126
640 0 1
641 127 127
642 0 4
643 0 0
644 126 0
645 126 127
646 0 127
647 0 126
648 0 127
649 0 1
650 0 3
651 0 4
652 0 126
653 127 127
654 126 127
655 127 127
656 127 0
657 0 0
658 126 127
659 0 1
660 0 127
661 0 126
662 0 0
663 126 0
664 0 3
665 0 127
666 127 127
667 126 127
668 0 1
669 127 127
670 127 0
671 126 0
672 0 126
673 127 0
674 126 127
675 0 4
676 126 0
677 0 3
678 0 4
679 127 127
680 0 127
681 0 126
682 127 0
683 126 127
684 0 3
685 0 127
686 0 4
687 0 126
688 0 127
689 0 3
690 126 0
691 0 126
692 0 127
693 0 0
694 0 1
695 0 126
696 127 127
697 126 127
698 0 127
699 127 127
700 127 0
701 126 0
702 127 0
703 0 4
704 0 126
705 0 0
706 126 0
707 127 0
708 126 0
709 127 0
710 0 3
711 0 127
712 0 1
713 126 0
714 0 4
715 0 3
716 127 0
717 126 127
718 0 0
719 127 127
720 0 126
721 126 0
722 0 1
723 127 0
724 126 127
725 126 0
726 0 0
727 0 1
728 127 127
729 0 0
730 127 0
731 126 127
732 126 0
733 0 2
734 1 0
735 127 127
736 0 1
737 127 0
738 0 2
739 126 0
740 126 127
741 127 0
742 127 127
743 0 1
744 0 127
745 0 126
746 2 0
747 126 127
748 127 127
749 126 127
750 127 127
751 126 0
752 1 0
753 0 127
754 2 0
755 126 127
756 1 0
757 0 126
758 2 0
759 0 127
760 0 126
761 0 127
762 0 0
763 3 0
764 2 0
765 0 1
766 127 127
767 126 127
768 1 0
769 127 127
770 127 0
771 0 2
772 0 0
773 0 3
774 126 0
775 0 1
776 126 127
777 0 4
778 127 0
779 0 126
780 126 0
781 0 0
782 0 127
783 0 126
784 127 127
785 0 3
786 0 127
787 127 0
788 0 126
789 126 127
790 126 0
791 127 127
792 0 2
793 1 0
794 0 1
795 127 0
796 2 0
797 126 127
798 0 0
799 126 0
800 3 0
801 0 1
802 2 0
803 127 0
804 127 127
805 0 127
806 1 0
807 126 127
808 126 0
809 127 0
810 0 126
811 0 2
812 0 0
813 0 3
814 0 2
815 1 0
816 127 127
817 0 0
818 0 3
819 126 0
820 0 1
821 126 127
822 0 0
823 127 0
824 0 127
825 0 1
826 127 127
827 0 126
828 126 0
829 126 127
830 0 0
831 127 0
832 127 127
833 0 2
834 0 3
835 126 127
836 126 0
837 0 127
838 0 2
839 127 0
840 126 0
841 127 127
842 1 0
843 0 126
844 126 127
845 127 0
846 127 127
847 126 127
848 0 1
849 0 2
850 0 127
851 0 126
852 0 1
853 127 127
854 126 0
855 126 127
856 0 127
857 127 127
858 2 0
859 0 126
860 1 0
861 126 127
862 127 0
863 127 127
864 0 127
865 0 126
866 0 2
867 0 0
868 126 0
869 0 127
870 0 3
871 0 126
872 0 2
873 0 127
874 0 126
875 1 0
876 0 127
877 0 1
878 0 126
879 126 127
880 127 127
881 0 127
882 126 127
883 0 2
884 0 126
885 0 1
886 127 0
887 127 127
888 126 127
889 126 0
890 2 0
891 0 0
892 127 127
893 0 1
894 127 0
895 0 0
896 126 0
897 126 127
898 3 0
899 0 1
900 0 0
901 0 127
902 0 1
903 2 0
904 127 127
905 0 0
906 3 0
907 127 0
908 2 0
909 126 127
910 0 126
911 0 1
912 127 127
913 1 0
914 126 127
915 127 127
916 0 127
917 126 0
918 0 2
919 126 127
920 0 126
921 127 0
922 127 127
923 126 127
924 127 127
925 126 127
926 127 127
927 0 0
928 126 127
929 127 127
930 126 127
931 0 127
932 0 126
933 127 127
934 126 0
935 0 127
936 126 127
937 1 0
938 0 126
939 127 0
940 0 1
941 0 127
942 0 126
943 0 2
944 126 0
945 0 127
946 0 126
947 0 0
948 0 127
949 0 3
950 0 126
951 127 127
952 0 1
953 0 0
954 126 127
955 0 127
956 127 0
957 127 127
958 0 2
959 126 0
960 126 127
961 127 127
962 1 0
963 127 0
964 0 0
965 0 126
966 0 3
967 126 0
968 0 1
969 0 4
970 127 0
971 0 127
972 126 0
973 126 127
974 127 127
975 126 127
976 127 0
977 0 126
978 126 0
979 127 127
980 126 127
981 127 0
982 0 0
983 0 3
984 127 127
985 0 1
986 0 127
987 0 4
988 0 3
989 126 0
990 0 4
991 0 3
992 126 127
993 0 126
994 127 127
995 126 127
996 127 0
997 0 127
998 127 127
999 126 127
1000 0 0
1001 0 1
1002 0 4
1003 127 127
1004 0 3
1005 0 126
1006 0 4
1007 126 127
1008 127 127
1009 0 0
1010 0 1
1011 0 127
1012 0 3
1013 0 0
1014 126 0
1015 0 1
1016 0 126
1017 0 4
1018 127 0
1019 0 0
1020 0 3
1021 0 1
1022 0 4
1023 0 0
1024 0 127
1025 126 0
1026 0 3
1027 0 1
1028 0 126
1029 127 0
1030 126 0
1031 127 0
1032 126 0
1033 0 0
1034 0 1
1035 127 0
1036 126 127
1037 0 127
1038 126 0
1039 0 126
1040 0 127
1041 127 0
1042 0 4
1043 0 0
1044 0 1
1045 127 127
1046 126 127
1047 0 0
1048 0 1
1049 0 0
1050 127 127
1051 0 1
1052 0 126
1053 0 127
1054 0 126
1055 126 0
1056 126 127
1057 127 0
1058 0 0
1059 0 3
1060 126 0
1061 0 2
1062 1 0
1063 0 127
1064 0 126
1065 0 127
1066 0 1
1067 127 0
1068 0 126
1069 0 2
1070 0 127
1071 127 127
1072 0 0
1073 0 3
1074 0 126
1075 0 1
1076 0 0
1077 0 127
1078 0 126
1079 0 1
1080 0 4
1081 126 127
1082 127 127
1083 126 127
1084 126 0
1085 127 127
1086 127 0
1087 126 127
1088 0 0
1089 0 3
1090 0 1
1091 0 0
1092 0 1
1093 0 0
1094 0 127
1095 0 2
1096 0 3
1097 0 1
1098 126 0
1099 127 127
1100 0 0
1101 0 1
1102 127 0
1103 0 4
1104 0 126
1105 126 127
1106 0 0
1107 0 3
1108 0 127
1109 127 127
1110 126 127
1111 126 0
1112 127 0
1113 0 126
1114 0 127
1115 0 1
1116 0 0
1117 0 126
1118 0 127
1119 126 0
1120 0 126
1121 0 127
1122 0 2
1123 127 0
1124 0 126
1125 127 127
1126 126 127
1127 127 127
1128 1 0
1129 0 0
1130 0 3
1131 0 127
1132 126 127
1133 126 0
1134 0 1
1135 0 0
1136 0 1
1137 0 4
1138 127 127
1139 127 0
1140 0 126
1141 0 0
1142 126 0
1143 127 0
1144 126 127
1145 0 1
1146 0 3
1147 0 127
1148 0 0
1149 0 126
1150 126 0
1151 0 1
1152 0 0
1153 0 2
1154 127 127
1155 1 0
1156 127 0
1157 126 127
1158 127 127
1159 126 0
1160 126 127
1161 127 0
1162 0 1
1163 0 127
1164 2 0
1165 1 0
1166 127 127
1167 0 126
1168 126 127
1169 126 0
1170 127 127
1171 0 127
1172 126 127
1173 0 126
1174 0 127
1175 0 2
1176 0 1
1177 127 0
1178 2 0
1179 126 0
1180 127 0
1181 1 0
1182 0 2
1183 0 1
1184 126 0
1185 127 0
1186 2 0
1187 126 0
1188 127 127
1189 126 127
1190 127 127
1191 127 0
1192 0 126
1193 1 0
1194 2 0
1195 126 127
1196 0 0
1197 3 0
1198 0 127
1199 0 126
1200 126 0
1201 127 0
1202 126 0
1203 0 127
1204 0 1
1205 127 0
1206 126 0
1207 127 127
1208 0 126
1209 0 127
1210 126 127
1211 2 0
1212 127 0
1213 0 0
1214 126 0
1215 127 0
1216 0 126
1217 0 127
1218 126 0
1219 127 0
1220 126 0
1221 0 126
1222 0 127
1223 3 0
1224 127 0
1225 126 0
1226 127 0
1227 127 127
1228 126 127
1229 0 126
1230 127 127
1231 126 127
1232 127 127
1233 0 127
1234 126 0
1235 2 0
1236 3 0
1237 2 0
1238 0 1
1239 126 127
1240 0 126
1241 0 0
1242 0 127
1243 127 127
1244 3 0
1245 2 0
1246 127 0
1247 3 0
1248 126 0
1249 126 127
1250 2 0
1251 127 127
1252 127 0
1253 0 126
1254 126 0
1255 0 127
1256 127 0
1257 0 1
1258 1 0
1259 2 0
1260 126 0
1261 126 127
1262 0 126
1263 1 0
1264 2 0
1265 1 0
1266 0 2
1267 127 127
1268 0 0
1269 1 0
1270 126 127
1271 127 127
1272 0 1
1273 2 0
1274 1 0
1275 126 127
1276 0 2
1277 0 0
1278 127 0
1279 1 0
1280 0 0
1281 0 127
1282 126 0
1283 0 3
1284 127 0
1285 0 1
1286 0 4
1287 0 3
1288 127 127
1289 0 4
1290 0 3
1291 0 126
1292 126 0
1293 127 0
1294 0 0
1295 0 127
1296 126 0
1297 127 0
1298 126 127
1299 0 1
1300 0 0
1301 0 1
1302 0 0
1303 126 0
1304 127 127
1305 0 2
1306 126 127
1307 0 3
1308 0 126
1309 0 1
1310 0 127
1311 0 126
1312 127 127
1313 0 0
1314 0 127
1315 0 126
1316 0 1
1317 127 0
1318 0 4
1319 0 0
1320 0 127
1321 126 0
1322 127 0
1323 126 127
1324 0 3
1325 127 127
1326 0 2
1327 126 127
1328 127 127
1329 126 0
1330 126 127
1331 127 0
1332 126 0
1333 0 3
1334 127 127
1335 0 2
1336 0 126
1337 1 0
1338 126 127
1339 0 1
1340 127 0
1341 0 2
1342 126 0
1343 127 127
1344 126 127
1345 127 0
1346 127 127
1347 0 127
1348 126 0
1349 0 126
1350 127 0
1351 126 127
1352 0 127
1353 0 0
1354 126 0
1355 127 127
1356 0 126
1357 127 0
1358 126 127
1359 126 0
1360 0 127
1361 0 3
1362 127 0
1363 0 126
1364 0 127
1365 0 126
1366 0 2
1367 1 0
1368 0 1
1369 126 0
1370 127 127
1371 2 0
1372 126 127
1373 0 127
1374 127 0
1375 0 0
1376 127 127
1377 126 127
1378 0 1
1379 0 126
1380 0 0
1381 127 127
1382 126 127
1383 3 0
1384 0 1
1385 0 0
1386 127 127
1387 0 127
1388 2 0
1389 3 0
1390 2 0
1391 126 127
1392 127 127
1393 0 126
1394 0 127
1395 0 1
1396 0 0
1397 126 0
1398 127 0
1399 126 0
1400 3 0
1401 0 1
1402 127 0
1403 0 126
1404 2 0
1405 1 0
1406 0 2
1407 0 1
1408 0 127
1409 2 0
1410 1 0
1411 126 0
1412 127 0
1413 126 0
1414 0 126
1415 2 0
1416 127 0
1417 126 0
1418 126 127
1419 1 0
1420 127 0
1421 0 127
1422 2 0
1423 0 126
1424 1 0
1425 126 0
1426 2 0
1427 0 127
1428 127 0
1429 126 0
1430 127 0
1431 126 0
1432 0 0
1433 127 0
1434 0 1
1435 127 127
1436 126 0
1437 0 126
1438 0 0
1439 3 0
1440 126 127
1441 0 1
1442 0 0
1443 127 0
1444 0 1
1445 2 0
1446 126 0
1447 0 0
1448 127 127
1449 126 127
1450 127 0
1451 127 127
1452 126 0
1453 127 0
1454 3 0
1455 126 0
1456 0 127
1457 0 126
1458 0 1
1459 0 0
1460 0 127
1461 0 1
1462 127 0
1463 0 126
1464 0 127
1465 2 0
1466 126 127
1467 1 0
1468 0 126
1469 127 127
1470 0 127
1471 126 0
1472 2 0
1473 1 0
1474 0 2
1475 127 0
1476 0 0
1477 126 127
1478 0 126
1479 1 0
1480 0 1
1481 2 0
1482 0 0
1483 3 0
1484 127 127
1485 0 127
1486 0 1
1487 2 0
1488 126 127
1489 127 127
1490 0 0
1491 126 0
1492 126 127
1493 3 0
1494 2 0
1495 3 0
1496 127 127
1497 0 126
1498 0 127
1499 0 126
1500 0 1
1501 127 0
1502 2 0
1503 0 127
1504 0 126
1505 1 0
1506 2 0
1507 1 0
1508 126 127
1509 126 0
1510 127 127
1511 127 0
1512 126 127
1513 2 0
1514 0 0
1515 3 0
1516 127 127
1517 126 127
1518 0 127
1519 126 0
1520 127 127
1521 0 126
1522 126 127
1523 127 0
1524 127 127
1525 126 0
1526 0 1
1527 127 0
1528 2 0
1529 126 127
1530 127 127
1531 0 127
1532 1 0
1533 126 0
1534 127 0
1535 126 127
1536 0 2
1537 127 127
1538 126 127
1539 127 127
1540 126 127
1541 0 0
1542 0 126
1543 0 127
1544 0 3
1545 0 1
1546 127 127
1547 0 0
1548 0 2
1549 126 0
1550 0 3
1551 0 126
1552 0 1
1553 0 4
1554 127 0
1555 0 0
1556 0 3
1557 0 1
1558 0 0
1559 126 127
1560 126 0
1561 0 127
1562 127 127
1563 127 0
1564 126 0
1565 127 0
1566 126 0
1567 0 1
1568 0 4
1569 127 0
1570 0 3
1571 0 4
1572 126 0
1573 126 127
1574 0 126
1575 0 127
1576 127 127
1577 0 0
1578 127 0
1579 126 0
1580 127 0
1581 0 3
1582 0 126
1583 0 127
1584 0 2
1585 0 126
1586 1 0
1587 0 127
1588 0 0
1589 0 126
1590 126 0
1591 0 3
1592 126 127
1593 0 2
1594 0 3
1595 0 2
1596 0 127
1597 127 127
1598 126 127
1599 0 3
1600 0 126
1601 0 1
1602 0 4
1603 127 0
1604 0 0
1605 0 1
1606 0 0
1607 126 0
1608 0 1
1609 0 3
1610 127 127
1611 0 0
1612 127 0
1613 0 127
1614 126 0
1615 0 2
1616 127 0
1617 126 127
1618 0 126
1619 0 127
1620 0 3
1621 126 0
1622 127 0
1623 127 127
1624 126 127
1625 127 127
1626 0 126
1627 126 0
1628 0 127
1629 127 0
1630 126 0
1631 0 1
1632 126 127
1633 127 127
1634 0 126
1635 0 4
1636 127 0
1637 0 127
1638 126 0
1639 0 0
1640 0 3
1641 0 1
1642 127 0
1643 0 0
1644 0 2
1645 126 127
1646 0 3
1647 0 126
1648 127 127
1649 0 1
1650 126 127
1651 0 4
1652 0 127
1653 126 0
1654 0 3
1655 127 0
1656 0 126
1657 126 0
1658 127 127
1659 0 0
1660 0 2
1661 0 127
1662 0 3
1663 126 127
1664 0 1
1665 127 127
1666 127 0
1667 0 126
1668 0 0
1669 0 127
1670 0 1
1671 126 0
1672 0 126
1673 126 127
1674 0 4
1675 0 0
1676 0 1
1677 127 0
1678 127 127
1679 126 0
1680 127 0
1681 0 3
1682 0 0
1683 126 0
1684 0 2
1685 0 3
1686 0 1
1687 0 0
1688 127 0
1689 126 127
1690 0 127
1691 126 0
1692 127 0
1693 0 1
1694 0 126
1695 127 127
1696 126 0
1697 0 127
1698 0 4
1699 0 126
1700 126 127
1701 127 0
1702 127 127
1703 0 3
1704 126 0
1705 126 127
1706 0 4
1707 127 127
1708 0 127
1709 127 0
1710 0 0
1711 126 127
1712 0 1
1713 0 126
1714 0 3
1715 127 127
1716 0 0
1717 0 1
1718 126 0
1719 0 0
1720 0 2
1721 0 127
1722 127 0
1723 0 126
1724 0 127
1725 0 126
1726 0 127
1727 0 3
1728 126 0
1729 127 0
1730 0 1
1731 0 0
1732 0 2
1733 0 3
1734 0 2
1735 126 0
1736 0 126
1737 0 3
1738 126 127
1739 0 1
1740 127 127
1741 0 0
1742 126 127
1743 127 127
1744 0 127
1745 0 2
1746 0 3
1747 0 2
1748 0 3
1749 0 2
1750 126 127
1751 127 127
1752 127 0
1753 0 3
1754 0 126
1755 126 127
1756 0 2
1757 126 0
1758 127 0
1759 0 127
1760 0 126
1761 1 0
1762 127 127
1763 126 127
1764 127 127
1765 0 0
1766 0 127
1767 126 0
1768 127 0
1769 0 3
1770 0 2
1771 0 126
1772 0 127
1773 1 0
1774 0 0
1775 0 126
1776 0 3
1777 126 127
1778 126 0
1779 0 2
1780 0 127
1781 1 0
1782 127 0
1783 0 0
1784 126 0
1785 1 0
1786 0 0
1787 0 126
1788 0 127
1789 127 127
1790 0 3
1791 0 126
1792 126 127
1793 0 2
1794 0 3
1795 0 1
1796 0 0
1797 127 0
1798 0 127
1799 0 2
1800 126 0
1801 127 127
1802 127 0
1803 126 127
1804 126 0
1805 0 126
1806 127 0
1807 127 127
1808 0 127
1809 0 3
1810 126 127
1811 0 2
1812 127 127
1813 126 127
1814 0 126
1815 126 0
1816 0 3
1817 0 1
1818 127 0
1819 126 0
1820 127 0
1821 126 0
1822 0 127
1823 0 4
1824 0 126
1825 0 127
1826 0 126
1827 0 0
1828 0 127
1829 0 126
1830 0 127
1831 0 126
1832 127 127
1833 127 0
1834 0 127
1835 0 126
1836 0 127
1837 0 126
1838 126 0
1839 0 1
1840 0 3
1841 126 127
1842 0 127
1843 127 127
1844 0 4
1845 0 3
1846 0 0
1847 0 126
1848 126 127
1849 127 127
1850 0 1
1851 0 4
1852 0 127
1853 127 0
1854 0 0
1855 126 127
1856 126 0
1857 0 1
1858 0 3
1859 127 0
1860 0 4
1861 0 126
1862 0 3
1863 0 127
1864 127 127
1865 126 127
1866 127 127
1867 0 4
1868 126 0
1869 0 0
1870 127 0
1871 126 0
1872 0 1
1873 0 3
1874 0 4
1875 0 3
1876 126 127
1877 127 0
1878 0 126
1879 0 127
1880 126 0
1881 0 126
1882 0 0
1883 0 2
1884 127 127
1885 126 127
1886 0 127
1887 127 0
1888 0 3
1889 0 1
1890 0 4
1891 127 127
1892 126 127
1893 0 0
1894 0 3
1895 127 127
1896 126 127
1897 0 2
1898 126 0
1899 1 0
1900 0 1
1901 127 127
1902 0 126
1903 2 0
1904 126 127
1905 127 0
1906 0 127
1907 1 0
1908 0 126
1909 127 127
1910 2 0
1911 0 0
1912 3 0
1913 2 0
1914 3 0
1915 0 1
1916 126 0
1917 0 127
1918 0 126
1919 0 0
1920 2 0
1921 127 0
1922 0 127
1923 0 126
1924 0 127
1925 0 126
1926 126 127
1927 127 127
1928 3 0
1929 0 1
1930 0 127
1931 126 0
1932 127 0
1933 0 0
1934 0 126
1935 126 127
1936 126 0
1937 127 0
1938 127 127
1939 2 0
1940 126 0
1941 0 1
1942 1 0
1943 0 127
1944 127 0
1945 126 0
1946 127 0
1947 0 2
1948 126 0
1949 0 0
1950 1 0
1951 0 126
1952 126 127
1953 0 0
1954 127 0
1955 0 3
1956 0 1
1957 0 0
1958 0 127
1959 0 2
1960 0 126
1961 1 0
1962 0 127
1963 0 0
1964 1 0
1965 0 126
1966 0 1
1967 2 0
1968 1 0
1969 127 127
1970 2 0
1971 126 0
1972 1 0
1973 2 0
1974 1 0
1975 126 127
1976 0 2
1977 0 1
1978 127 127
1979 2 0
1980 127 0
1981 126 127
1982 1 0
1983 127 127
1984 126 0
1985 0 127
1986 127 0
1987 126 0
1988 126 127
1989 0 2
1990 0 126
1991 0 0
1992 127 127
1993 0 127
1994 127 0
1995 126 127
1996 127 127
1997 126 127
1998 1 0
1999 0 126
2000 0 1
2001 126 0
2002 2 0
2003 127 0
2004 126 0
2005 0 0
2006 0 127
2007 127 0
2008 126 0
2009 127 0
2010 0 1
2011 127 127
2012 126 0
2013 0 0
2014 127 0
2015 0 126
2016 126 0
2017 126 127
2018 127 0
2019 127 127
2020 126 127
2021 3 0
2022 0 1
2023 126 0
2024 127 0
2025 2 0
2026 127 127
2027 0 0
2028 0 1
2029 126 0
2030 0 127
2031 0 0
2032 127 0
2033 126 0
2034 3 0
2035 2 0
2036 0 126
2037 127 0
2038 3 0
2039 0 127
2040 126 127
2041 0 1
2042 0 0
2043 2 0
2044 127 127
2045 126 0
2046 126 127
2047 3 0
2048 0 126
2049 2 0
2050 127 0
2051 126 0
2052 0 1
2053 1 0
2054 0 127
2055 0 2
2056 127 0
2057 0 0
2058 1 0
2059 0 126
2060 0 1
2061 0 2
2062 127 127
2063 0 127
2064 0 126
2065 0 127
2066 0 0
2067 1 0
2068 0 126
2069 126 0
2070 127 0
2071 0 127
2072 0 0
2073 126 127
2074 127 127
2075 0 3
2076 0 1
2077 0 0
2078 0 2
2079 126 127
2080 1 0
2081 126 0
2082 127 127
2083 0 0
2084 1 0
2085 0 0
2086 126 127
2087 0 126
2088 0 3
2089 0 2
2090 127 0
2091 126 0
2092 1 0
2093 127 0
2094 126 0
2095 0 127
2096 0 0
2097 0 3
2098 0 1
2099 127 0
2100 0 4
2101 127 127
2102 0 3
2103 0 0
2104 126 127
2105 0 1
2106 0 0
2107 0 1
2108 0 126
2109 0 4
2110 127 127
2111 0 0
2112 126 127
2113 126 0
2114 127 0
2115 0 1
2116 127 127
2117 0 127
2118 126 0
2119 127 0
2120 0 0
2121 0 3
2122 0 126
2123 0 127
2124 126 0
2125 126 127
2126 0 1
2127 0 126
2128 127 0
2129 0 4
2130 0 127
2131 0 0
2132 126 0
2133 0 1
2134 127 127
2135 0 0
2136 0 3
2137 0 126
2138 0 1
2139 127 0
2140 126 0
2141 0 4
2142 127 0
2143 126 127
2144 126 0
2145 127 127
2146 0 0
2147 0 1
2148 127 0
2149 126 127
2150 127 127
2151 0 0
2152 0 1
2153 0 3
2154 0 0
2155 126 127
2156 126 0
2157 127 0
2158 0 1
2159 0 0
2160 127 127
2161 0 1
2162 0 4
2163 0 0
2164 0 127
2165 0 126
2166 0 1
2167 0 127
2168 0 126
2169 126 127
2170 126 0
2171 0 127
2172 0 126
2173 0 127
2174 127 0
2175 0 3
2176 0 4
2177 0 3
2178 0 4
2179 0 0
2180 0 3
2181 0 126
2182 0 127
2183 126 0
2184 127 127
2185 0 1
2186 127 0
2187 0 4
2188 0 126
2189 0 0
2190 126 0
2191 126 127
2192 127 0
2193 0 1
2194 126 0
2195 0 127
2196 127 0
2197 0 126
2198 127 127
2199 0 0
2200 126 0
2201 127 0
2202 0 1
2203 126 0
2204 126 127
2205 0 3
2206 0 0
2207 127 127
2208 126 127
2209 127 0
2210 0 127
2211 0 1
2212 126 0
2213 127 127
2214 127 0
2215 0 0
2216 0 1
2217 126 127
2218 0 126
2219 0 127
2220 126 0
2221 0 4
2222 127 0
2223 127 127
2224 126 127
2225 0 0
2226 0 1
2227 0 0
2228 0 3
2229 126 0
2230 0 1
2231 0 4
2232 127 0
2233 0 0
2234 127 127
2235 0 126
2236 0 127
2237 0 3
2238 0 126
2239 126 0
2240 0 2
2241 0 3
2242 126 127
2243 127 0
2244 0 2
2245 0 127
2246 0 3
2247 126 0
2248 0 126
2249 127 127
2250 0 127
2251 0 1
2252 126 127
2253 127 127
2254 0 4
2255 0 0
2256 0 126
2257 127 0
2258 0 127
2259 0 126
2260 126 127
2261 126 0
2262 127 0
2263 127 127
2264 126 0
2265 0 3
2266 127 0
2267 126 0
2268 0 127
2269 127 0
2270 126 127
2271 0 1
2272 0 0
2273 126 0
2274 127 0
2275 0 2
2276 126 0
2277 127 127
2278 0 3
2279 127 0
2280 0 126
2281 0 2
2282 0 127
2283 126 127
2284 0 3
2285 127 127
2286 0 1
2287 0 126
2288 0 0
2289 126 127
2290 126 0
2291 127 127
2292 127 0
2293 126 127
2294 126 0
2295 0 1
2296 0 0
2297 0 1
2298 0 0
2299 0 1
2300 0 0
2301 127 0
2302 127 127
2303 126 0
2304 126 127
2305 127 0
2306 0 127
2307 0 1
2308 126 0
2309 0 126
2310 127 0
2311 0 0
2312 126 0
2313 0 127
2314 0 1
2315 127 127
2316 0 126
2317 126 127
2318 127 127
2319 0 4
2320 0 3
2321 0 4
2322 0 0
2323 0 127
2324 0 1
2325 0 126
2326 0 127
2327 0 0
2328 0 3
2329 0 2
2330 127 0
2331 126 127
2332 0 3
2333 0 1
2334 127 127
2335 0 0
2336 0 1
2337 126 127
2338 0 126
2339 0 127
2340 126 0
2341 0 4
2342 0 0
2343 127 127
2344 0 3
2345 0 126
2346 0 1
2347 126 127
2348 127 0
2349 0 4
2350 0 127
2351 0 0
2352 0 1
2353 127 127
2354 0 3
2355 0 0
2356 0 1
2357 0 4
2358 0 126
2359 126 0
2360 126 127
2361 0 127
2362 0 126
2363 0 3
2364 127 127
2365 0 0
2366 127 0
2367 0 2
2368 126 0
2369 0 127
2370 127 0
2371 1 0
2372 126 0
2373 0 0
2374 126 127
2375 1 0
2376 0 0
2377 127 0
2378 0 3
2379 0 2
2380 0 3
2381 0 1
2382 0 126
2383 126 0
2384 127 0
2385 0 127
2386 0 0
2387 0 1
2388 0 4
2389 0 0
2390 0 3
2391 0 1
2392 126 0
2393 0 126
2394 0 127
2395 0 4
2396 127 127
2397 0 126
2398 0 3
2399 0 127
2400 126 127
2401 127 0
2402 0 4
2403 127 127
2404 0 3
2405 0 0
2406 0 1
2407 0 0
2408 126 0
2409 0 2
2410 126 127
2411 127 127
2412 0 126
2413 0 127
2414 0 3
2415 127 0
2416 0 126
2417 126 127
2418 0 127
2419 126 0
2420 127 0
2421 127 127
2422 126 127
2423 0 1
2424 0 4
2425 0 126
2426 0 127
2427 0 3
2428 126 0
2429 127 127
2430 126 127
2431 0 4
2432 0 0
2433 127 127
2434 127 0
2435 0 3
2436 0 126
2437 0 1
2438 126 0
2439 127 0
2440 126 0
2441 0 4
2442 0 3
2443 127 0
2444 0 4
2445 126 0
2446 0 3
2447 126 127
2448 0 127
2449 0 126
2450 0 4
2451 127 127
2452 0 0
2453 0 3
2454 0 127
2455 126 127
2456 0 2
2457 127 0
2458 0 3
2459 0 126
2460 126 0
2461 127 127
2462 0 127
2463 126 127
2464 127 127
2465 0 2
2466 1 0
2467 127 0
2468 0 0
2469 1 0
2470 0 1
2471 0 126
2472 0 127
2473 0 126
2474 126 0
2475 127 0
2476 0 127
2477 126 127
2478 2 0
2479 126 0
2480 0 126
2481 127 127
2482 126 127
2483 0 127
2484 127 0
2485 126 0
2486 127 0
2487 126 0
2488 1 0
2489 0 2
2490 127 127
2491 0 0
2492 127 0
2493 0 126
2494 126 127
2495 126 0
2496 0 3
2497 127 0
2498 126 0
2499 127 0
2500 126 0
2501 0 1
2502 0 0
2503 127 0
2504 0 2
2505 1 0
2506 127 127
2507 126 127
2508 126 0
2509 0 1
2510 127 0
2511 0 127
2512 0 126
2513 126 0
2514 2 0
2515 127 127
2516 127 0
2517 1 0
2518 126 0
2519 127 0
2520 0 127
2521 0 126
2522 0 127
2523 126 127
2524 127 127
2525 0 2
2526 0 126
2527 126 0
2528 0 127
2529 0 126
2530 0 0
2531 0 3
2532 127 0
2533 0 127
2534 126 0
2535 0 1
2536 0 0
2537 127 0
2538 0 126
2539 0 1
2540 126 127
2541 127 127
2542 0 127
2543 126 0
2544 0 126
2545 127 0
2546 0 0
2547 0 2
2548 0 3
2549 126 127
2550 0 127
2551 0 1
2552 0 126
2553 126 0
2554 0 127
2555 127 127
2556 127 0
2557 126 127
2558 127 127
2559 126 0
2560 0 0
2561 0 2
2562 126 127
2563 1 0
2564 127 127
2565 0 1
2566 0 126
2567 126 127
2568 0 127
2569 127 0
2570 126 0
2571 0 126
2572 127 0
2573 127 127
2574 126 127
2575 126 0
2576 127 0
2577 0 127
2578 2 0
2579 0 0
2580 3 0
2581 0 1
2582 0 126
2583 2 0
2584 126 0
2585 127 0
2586 127 127
2587 0 0
2588 0 1
2589 1 0
2590 126 127
2591 126 0
2592 2 0
2593 127 127
2594 126 127
2595 127 127
2596 1 0
2597 2 0
2598 1 0
2599 126 127
2600 0 127
2601 127 0
2602 0 2
2603 0 0
2604 0 126
2605 127 127
2606 0 3
2607 0 1
2608 0 127
2609 126 127
2610 127 127
2611 0 126
2612 0 4
2613 0 127
2614 126 0
2615 127 0
2616 126 0
2617 127 0
2618 0 3
2619 126 0
2620 0 0
2621 0 2
2622 0 3
2623 127 0
2624 0 1
2625 126 0
2626 0 0
2627 127 0
2628 0 1
2629 0 4
2630 126 0
2631 126 127
2632 127 127
2633 0 0
2634 0 126
2635 0 1
2636 0 0
2637 0 127
2638 0 126
2639 127 0
2640 0 1
2641 126 0
2642 0 127
2643 0 0
2644 126 127
2645 127 0
2646 0 126
2647 0 1
2648 0 127
2649 0 3
2650 0 0
2651 0 1
2652 0 4
2653 126 0
2654 0 0
2655 0 3
2656 127 127
2657 0 1
2658 0 4
2659 0 0
2660 127 0
2661 0 3
2662 126 127
2663 0 126
2664 127 127
2665 126 127
2666 0 2
2667 0 3
2668 126 0
2669 127 127
2670 0 2
2671 1 0
2672 127 0
2673 0 1
2674 0 2
2675 126 127
2676 0 1
2677 2 0
2678 0 0
2679 0 127
2680 0 1
2681 126 0
2682 0 126
2683 1 0
2684 0 127
2685 0 126
2686 0 127
2687 127 0
2688 126 0
2689 127 127
2690 2 0
2691 0 0
2692 0 1
2693 126 127
2694 0 0
2695 127 127
2696 3 0
2697 0 126
2698 0 1
2699 127 0
2700 126 0
2701 2 0
2702 127 0
2703 126 0
2704 126 127
2705 0 127
2706 127 127
2707 126 127
2708 127 0
2709 0 0
2710 126 0
2711 127 0
2712 127 127
2713 3 0
2714 0 126
2715 126 127
2716 126 0
2717 0 127
2718 2 0
2719 0 126
2720 0 127
2721 0 1
2722 1 0
2723 127 0
2724 2 0
2725 0 126
2726 0 127
2727 0 126
2728 0 127
2729 1 0
2730 126 0
2731 127 0
2732 127 127
2733 0 2
2734 0 1
2735 2 0
2736 0 126
2737 126 0
2738 0 0
2739 3 0
2740 127 0
2741 126 0
2742 0 127
2743 0 1
2744 126 127
2745 0 0
2746 127 127
2747 2 0
2748 126 127
2749 0 1
2750 0 0
2751 127 0
2752 126 0
2753 127 127
2754 3 0
2755 127 0
2756 0 126
2757 2 0
2758 3 0
2759 126 0
2760 2 0
2761 126 127
2762 127 127
2763 3 0
2764 2 0
2765 0 1
2766 0 127
2767 0 126
2768 127 0
2769 0 127
2770 0 0
2771 126 0
2772 0 126
2773 0 1
2774 126 127
2775 127 0
2776 0 0
2777 126 0
2778 0 127
2779 127 127
2780 127 0
2781 0 126
2782 0 127
2783 126 127
2784 3 0
2785 0 1
2786 0 126
2787 2 0
2788 126 0
2789 0 127
2790 1 0
2791 127 127
2792 0 126
2793 126 127
2794 0 127
2795 0 126
2796 0 2
2797 0 1
2798 0 127
2799 2 0
2800 127 127
2801 1 0
2802 0 2
2803 127 0
2804 0 126
2805 126 127
2806 0 1
2807 2 0
2808 126 0
2809 127 127
2810 126 127
2811 0 0
2812 0 1
2813 1 0
2814 0 2
2815 0 1
2816 2 0
2817 127 0
2818 0 0
2819 126 0
2820 127 0
2821 126 0
2822 0 1
2823 127 127
2824 126 127
2825 127 127
2826 126 127
2827 0 0
2828 127 127
2829 3 0
2830 127 0
2831 2 0
2832 126 0
2833 0 1
2834 0 127
2835 1 0
2836 127 0
2837 126 0
2838 0 2
2839 0 126
2840 126 127
2841 0 1
2842 0 2
2843 0 0
2844 127 0
2845 126 0
2846 0 127
2847 0 3
2848 127 0
2849 127 127
2850 0 1
2851 0 4
2852 0 126
2853 0 3
2854 126 127
2855 0 0
2856 0 127
2857 126 0
2858 127 127
2859 126 127
2860 127 0
2861 0 2
2862 127 127
2863 1 0
2864 126 0
2865 0 1
2866 0 2
2867 0 126
2868 0 0
2869 1 0
2870 0 1
2871 2 0
2872 0 127
2873 126 127
2874 0 126
2875 0 127
2876 0 0
2877 3 0
2878 127 0
2879 2 0
2880 0 126
2881 3 0
2882 2 0
2883 126 0
2884 127 0
2885 0 1
2886 127 127
2887 1 0
2888 0 2
2889 0 0
2890 126 0
2891 1 0
2892 0 0
2893 1 0
2894 0 1
2895 2 0
2896 0 127
2897 127 0
2898 126 127
2899 1 0
2900 0 126
2901 126 0
2902 2 0
2903 127 0
2904 1 0
2905 127 127
2906 0 127
2907 2 0
2908 126 127
2909 126 0
2910 127 127
2911 127 0
2912 126 127
2913 127 127
2914 0 0
2915 0 1
2916 1 0
2917 2 0
2918 126 127
2919 127 127
2920 126 127
2921 0 126
2922 126 0
2923 127 127
2924 0 127
2925 127 0
2926 1 0
2927 0 2
2928 0 1
2929 126 0
2930 127 0
2931 0 2
2932 0 126
2933 126 0
2934 0 0
2935 0 127
2936 1 0
2937 0 126
2938 0 127
2939 127 0
2940 0 126
2941 0 127
2942 126 0
2943 0 126
2944 126 127
2945 0 1
2946 2 0
2947 1 0
2948 127 0
2949 0 127
2950 126 0
2951 2 0
2952 0 0
2953 127 0
2954 126 0
2955 127 127
2956 127 0
2957 0 1
2958 126 0
2959 127 0
2960 126 127
2961 126 0
2962 127 127
2963 1 0
2964 0 126
2965 126 127
2966 2 0
2967 127 0
2968 1 0
2969 0 127
2970 126 0
2971 2 0
2972 127 0
2973 127 127
2974 0 0
2975 3 0
2976 0 126
2977 0 1
2978 0 0
2979 0 127
2980 2 0
2981 3 0
2982 0 126
2983 2 0
2984 126 0
2985 126 127
2986 0 1
2987 127 127
2988 0 127
2989 127 0
2990 126 0
2991 1 0
2992 2 0
2993 0 126
2994 0 0
2995 127 0
2996 0 127
2997 126 127
2998 127 127
2999 126 127
3000 3 0
3001 0 1
3002 0 126
3003 127 127
3004 0 127
3005 0 0
3006 126 0
3007 0 1
3008 127 0
3009 0 126
3010 126 0
3011 126 127
3012 0 0
3013 127 0
3014 0 127
3015 0 126
3016 0 1
3017 0 127
3018 2 0
3019 0 126
3020 1 0
3021 0 2
3022 126 0
3023 127 0
3024 0 0
3025 1 0
3026 0 0
3027 0 127
3028 0 3
3029 0 1
3030 0 126
3031 0 127
3032 0 4
3033 0 0
3034 0 126
3035 127 127
3036 0 127
3037 0 126
3038 0 127
3039 126 127
3040 0 1
3041 0 126
3042 0 3
3043 126 0
3044 0 127
3045 0 0
3046 0 126
3047 0 127
3048 0 1
3049 127 0
3050 0 0
3051 126 0
3052 127 127
3053 126 127
3054 0 2
3055 0 3
3056 0 1
3057 127 0
3058 0 4
3059 127 127
3060 126 0
3061 0 0
3062 0 3
3063 0 126
3064 126 127
3065 0 127
3066 127 127
3067 126 127
3068 127 127
3069 0 1
3070 0 0
3071 0 126
3072 0 1
3073 126 127
3074 0 127
3075 0 4
3076 127 0
3077 0 0
3078 127 127
3079 126 127
3080 0 3
3081 0 126
3082 0 2
3083 127 127
3084 126 127
3085 1 0
3086 127 127
3087 0 0
3088 1 0
3089 0 0
3090 0 3
3091 126 0
3092 127 0
3093 0 1
3094 126 0
3095 0 0
3096 127 0
3097 0 127
3098 126 127
3099 126 0
3100 0 2
3101 127 0
3102 126 0
3103 127 0
3104 0 3
3105 127 127
3106 0 2
3107 126 127
3108 1 0
3109 126 0
3110 0 126
3111 0 1
3112 127 127
3113 126 127
3114 2 0
3115 1 0
3116 127 0
3117 0 127
3118 0 126
3119 0 127
3120 126 0
3121 0 2
3122 0 1
3123 0 126
3124 0 2
3125 0 0
3126 1 0
3127 0 0
3128 127 0
3129 126 0
3130 1 0
3131 127 127
3132 127 0
3133 126 127
3134 0 1
3135 2 0
3136 0 127
3137 1 0
3138 0 2
3139 127 127
3140 126 0
3141 127 0
3142 126 0
3143 126 127
3144 127 127
3145 0 1
3146 2 0
3147 1 0
3148 2 0
3149 127 0
3150 1 0
3151 126 127
3152 126 0
3153 0 2
3154 127 0
3155 0 1
3156 126 0
3157 2 0
3158 1 0
3159 127 127
3160 0 2
3161 0 1
3162 126 127
3163 2 0
3164 0 0
3165 0 1
3166 127 127
3167 1 0
3168 126 127
3169 0 2
3170 0 1
3171 0 126
3172 0 2
3173 127 127
3174 127 0
3175 126 127
3176 0 127
3177 126 0
3178 0 126
3179 0 0
3180 127 127
3181 126 127
3182 1 0
3183 0 0
3184 0 3
3185 127 127
3186 126 127
3187 127 127
3188 0 1
3189 0 127
3190 0 126
3191 126 127
3192 127 127
3193 126 127
3194 127 127
3195 127 0
3196 126 127
3197 127 127
3198 126 127
3199 0 127
3200 0 4
3201 0 3
3202 0 0
3203 127 127
3204 0 126
3205 126 127
3206 126 0
3207 0 1
3208 127 127
3209 127 0
3210 0 127
3211 0 126
3212 0 127
3213 0 126
3214 0 4
3215 0 0
3216 0 127
3217 126 0
3218 126 127
3219 0 3
3220 0 1
3221 127 127
3222 126 127
3223 0 0
3224 0 2
3225 0 3
3226 0 2
3227 127 127
3228 0 126
3229 1 0
3230 126 127
3231 0 0
3232 0 127
3233 0 126
3234 1 0
3235 0 1
3236 0 2
3237 127 127
3238 126 127
3239 0 0
3240 127 0
3241 126 0
3242 127 127
3243 0 3
3244 126 127
3245 127 127
3246 126 127
3247 127 0
3248 0 2
3249 126 0
3250 127 127
3251 0 127
3252 0 126
3253 1 0
3254 0 0
3255 126 127
3256 0 3
3257 0 127
3258 127 127
3259 0 2
3260 127 0
3261 0 126
3262 0 3
3263 126 127
3264 0 2
3265 126 0
3266 1 0
3267 0 1
3268 127 0
3269 126 0
3270 0 2
3271 127 127
3272 0 1
3273 127 0
3274 0 2
3275 0 0
3276 126 0
3277 0 3
3278 0 2
3279 127 0
3280 1 0
3281 0 0
3282 126 0
3283 0 3
3284 0 2
3285 1 0
3286 0 0
3287 0 3
3288 126 127
3289 0 2
3290 0 127
3291 0 3
3292 0 2
3293 127 127
3294 127 0
3295 126 0
3296 127 0
3297 0 126
3298 0 127
3299 0 126
3300 1 0
3301 0 1
3302 0 2
3303 0 127
3304 126 0
3305 0 1
3306 126 127
3307 127 0
3308 127 127
3309 126 127
3310 126 0
3311 127 0
3312 127 127
3313 126 127
3314 0 126
3315 126 0
3316 2 0
3317 127 0
3318 0 0
3319 0 127
3320 0 126
3321 126 0
3322 3 0
3323 2 0
3324 0 1
3325 0 127
3326 127 127
3327 1 0
3328 2 0
3329 0 0
3330 0 126
3331 126 127
3332 0 127
3333 127 0
3334 126 0
3335 3 0
3336 127 0
3337 0 126
3338 0 127
3339 0 126
3340 0 127
3341 126 0
3342 0 126
3343 0 127
3344 0 1
3345 127 127
3346 0 0
3347 126 127
3348 127 0
3349 0 1
3350 127 127
3351 126 0
3352 2 0
3353 0 0
3354 3 0
3355 2 0
3356 126 127
3357 127 127
3358 127 0
3359 0 126
3360 0 1
3361 0 0
3362 3 0
3363 2 0
3364 0 1
3365 126 127
3366 0 0
3367 0 1
3368 1 0
3369 0 127
3370 0 126
3371 127 127
3372 0 2
3373 0 127
3374 126 0
3375 0 0
3376 0 3
3377 0 126
3378 0 1
3379 0 4
3380 126 127
3381 0 0
3382 127 127
3383 126 127
3384 0 3
3385 0 1
3386 0 4
3387 0 0
3388 0 1
3389 127 127
3390 0 0
3391 0 127
3392 126 127
3393 127 0
3394 0 1
3395 0 126
3396 0 0
3397 127 127
3398 0 3
3399 0 2
3400 0 127
3401 1 0
3402 126 0
3403 126 127
3404 127 127
3405 126 127
3406 0 1
3407 127 0
3408 2 0
3409 0 0
3410 126 0
3411 127 127
3412 3 0
3413 0 1
3414 2 0
3415 126 127
3416 0 0
3417 127 0
3418 3 0
3419 0 126
3420 127 127
3421 126 0
3422 2 0
3423 0 1
3424 126 127
3425 127 0
3426 0 0
3427 0 127
3428 3 0
3429 127 127
3430 126 0
3431 126 127
3432 0 1
3433 0 126
3434 2 0
3435 0 127
3436 127 127
3437 0 0
3438 127 0
3439 126 0
3440 127 0
3441 0 1
3442 126 127
3443 127 127
3444 0 0
3445 0 1
3446 126 0
3447 1 0
3448 126 127
3449 127 127
3450 126 127
3451 0 2
3452 0 0
3453 127 0
3454 127 127
3455 0 3
3456 126 0
3457 0 2
3458 0 126
3459 1 0
3460 126 127
3461 0 0
3462 127 0
3463 1 0
3464 127 127
3465 126 127
3466 127 127
3467 0 1
3468 126 0
3469 0 127
3470 126 127
3471 2 0
3472 127 127
3473 1 0
3474 0 2
3475 126 127
3476 0 0
3477 127 127
3478 127 0
3479 126 0
3480 0 3
3481 0 126
3482 0 127
3483 126 127
3484 0 1
3485 0 0
3486 127 0
3487 126 0
3488 127 127
3489 0 126
3490 127 0
3491 0 127
3492 0 126
3493 126 127
3494 127 127
3495 126 0
3496 0 127
3497 126 127
3498 0 1
3499 0 126
3500 127 0
3501 0 4
3502 127 127
3503 0 3
3504 0 4
3505 0 0
3506 0 1
3507 126 127
3508 0 3
3509 126 0
3510 127 127
3511 126 127
3512 0 4
3513 127 0
3514 0 3
3515 127 127
3516 0 127
3517 0 4
3518 0 126
3519 126 0
3520 127 0
3521 0 0
3522 0 3
3523 0 127
3524 126 127
3525 0 2
3526 1 0
3527 0 0
3528 127 127
3529 1 0
3530 126 127
3531 127 127
3532 126 0
3533 126 127
3534 0 0
3535 127 127
3536 0 3
3537 127 0
3538 0 1
3539 126 0
3540 0 0
3541 127 0
3542 0 2
3543 1 0
3544 0 126
3545 126 0
3546 127 0
3547 126 127
3548 0 0
3549 127 127
3550 0 3
3551 126 0
3552 0 1
3553 0 4
3554 127 0
3555 126 127
3556 127 127
3557 0 0
3558 0 1
3559 0 127
3560 0 3
3561 0 4
3562 0 3
3563 126 0
3564 126 127
3565 0 4
3566 0 126
3567 127 127
3568 127 0
3569 0 127
3570 0 3
3571 0 126
3572 0 4
3573 0 3
3574 126 0
3575 0 4
3576 0 127
3577 126 127
3578 127 127
3579 127 0
3580 126 0
3581 127 0
3582 0 0
3583 126 127
3584 0 1
3585 0 3
3586 0 4
3587 126 0
3588 0 0
3589 127 127
3590 0 1
3591 0 0
3592 0 3
3593 0 1
3594 0 0
3595 127 0
3596 0 126
3597 126 127
3598 126 0
3599 0 2
3600 1 0
3601 0 1
3602 2 0
3603 127 0
3604 127 127
3605 1 0
3606 126 127
3607 126 0
3608 0 127
3609 2 0
3610 127 127
3611 0 0
3612 0 126
3613 0 127
3614 0 1
3615 0 0
3616 0 126
3617 0 1
3618 127 0
3619 0 0
3620 126 127
3621 0 127
3622 3 0
3623 126 0
3624 0 1
3625 127 0
3626 126 0
3627 127 127
3628 127 0
3629 2 0
3630 126 127
3631 127 127
3632 126 0
3633 1 0
3634 0 2
3635 127 0
3636 0 126
3637 0 127
3638 0 126
3639 0 1
3640 126 0
3641 0 127
3642 0 2
3643 0 126
3644 0 0
3645 126 127
3646 127 127
3647 0 3
3648 126 127
3649 0 1
3650 0 0
3651 0 1
3652 0 4
3653 0 127
3654 0 3
3655 127 127
3656 0 4
3657 0 3
3658 0 0
3659 0 2
3660 126 127
3661 0 126
3662 0 127
3663 127 127
3664 0 126
3665 126 127
3666 1 0
3667 0 1
3668 2 0
3669 0 127
3670 127 127
3671 126 127
3672 0 0
3673 0 1
3674 127 0
3675 127 127
3676 126 127
3677 0 126
3678 0 127
3679 127 127
3680 0 126
3681 1 0
3682 0 2
3683 0 0
3684 126 0
3685 0 127
3686 126 127
3687 0 126
3688 127 0
3689 126 0
3690 127 0
3691 127 127
3692 0 127
3693 1 0
3694 0 1
3695 0 126
3696 0 127
3697 2 0
3698 0 0
3699 126 0
3700 126 127
3701 0 126
3702 0 1
3703 1 0
3704 127 0
3705 0 2
3706 0 1
3707 0 2
3708 0 1
3709 2 0
3710 1 0
3711 127 127
3712 2 0
3713 1 0
3714 0 2
3715 0 1
3716 126 0
3717 0 2
3718 0 0
3719 0 127
3720 0 3
3721 0 2
3722 1 0
3723 126 127
3724 127 127
3725 0 0
3726 126 127
3727 127 0
3728 0 126
3729 127 127
3730 0 127
3731 1 0
3732 0 126
3733 0 127
3734 126 127
3735 0 126
3736 0 0
3737 127 127
3738 126 127
3739 127 127
3740 0 3
3741 126 127
3742 0 127
3743 0 126
3744 126 0
3745 127 0
3746 126 0
3747 0 2
3748 1 0
3749 0 0
3750 127 127
3751 126 127
3752 1 0
3753 127 0
3754 0 1
3755 127 127
3756 126 127
3757 0 2
3758 0 127
3759 0 126
3760 126 0
3761 0 0
3762 127 0
3763 0 3
3764 0 1
3765 0 0
3766 127 127
3767 0 2
3768 126 0
3769 0 3
3770 0 127
3771 0 1
3772 0 4
3773 0 0
3774 0 1
3775 0 0
3776 127 0
3777 0 126
3778 0 1
3779 0 3
3780 0 127
3781 0 4
3782 126 0
3783 126 127
3784 0 0
3785 0 126
3786 0 3
3787 0 1
3788 0 127
3789 127 127
3790 127 0
3791 126 127
3792 0 0
3793 0 2
3794 0 126
3795 0 3
3796 0 2
3797 127 127
3798 126 0
3799 126 127
3800 0 127
3801 127 0
3802 1 0
3803 127 127
3804 126 127
3805 0 0
3806 0 126
3807 127 127
3808 126 0
3809 127 0
3810 126 0
3811 0 127
3812 0 126
3813 1 0
3814 0 127
3815 0 1
3816 0 126
3817 2 0
3818 0 0
3819 0 1
3820 1 0
3821 2 0
3822 0 0
3823 126 127
3824 127 127
3825 0 127
3826 3 0
3827 126 127
3828 2 0
3829 127 127
3830 0 1
3831 0 126
3832 0 127
3833 1 0
3834 0 2
3835 0 1
3836 0 2
3837 127 0
3838 126 0
3839 126 127
3840 0 0
3841 127 0
3842 0 3
3843 126 0
3844 0 1
3845 0 0
3846 0 1
3847 0 0
3848 127 0
3849 126 0
3850 0 126
3851 0 1
3852 0 127
3853 0 126
3854 0 127
3855 0 0
3856 0 2
3857 127 0
3858 1 0
3859 127 127
3860 126 0
3861 0 126
3862 127 0
3863 126 0
3864 0 1
3865 0 2
3866 127 0
3867 0 127
3868 126 127
3869 0 1
3870 2 0
3871 0 0
3872 126 0
3873 127 127
3874 0 1
3875 0 0
3876 3 0
3877 0 1
3878 126 127
3879 2 0
3880 0 0
3881 0 1
3882 127 127
3883 126 127
3884 0 0
3885 0 126
3886 3 0
3887 2 0
3888 3 0
3889 0 127
3890 0 1
3891 2 0
3892 127 0
3893 0 126
3894 1 0
3895 127 127
3896 126 0
3897 0 127
3898 126 127
3899 0 2
3900 0 1
3901 0 2
3902 127 127
3903 127 0
3904 126 127
3905 0 126
3906 127 127
3907 126 127
3908 0 0
3909 0 127
3910 127 127
3911 126 127
3912 0 3
3913 0 2
3914 0 126
3915 126 0
3916 0 127
3917 1 0
3918 127 127
3919 126 127
3920 0 0
3921 0 126
3922 0 127
3923 1 0
3924 0 1
3925 127 0
3926 126 0
3927 0 126
3928 0 127
3929 0 2
3930 127 127
3931 127 0
3932 0 1
3933 0 126
3934 0 127
3935 0 2
3936 0 0
3937 1 0
3938 0 126
3939 0 0
3940 0 3
3941 0 127
3942 126 127
3943 0 126
3944 0 2
3945 0 3
3946 0 127
3947 0 126
3948 0 1
3949 126 0
3950 0 0
3951 0 1
3952 0 0
3953 127 127
3954 0 1
3955 126 127
3956 0 0
3957 0 1
3958 0 4
3959 0 0
3960 127 0
3961 0 127
3962 0 1
3963 0 0
3964 127 127
3965 0 1
3966 0 126
3967 0 127
3968 126 127
3969 0 0
3970 0 3
3971 126 0
3972 0 2
3973 0 3
3974 0 2
3975 0 126
3976 127 0
3977 0 3
3978 0 127
3979 127 127
3980 0 1
3981 0 126
3982 0 0
3983 126 127
3984 0 127
3985 127 127
3986 126 0
3987 126 127
3988 0 2
3989 127 0
3990 127 127
3991 0 126
3992 1 0
3993 0 1
3994 0 127
3995 0 2
3996 0 1
3997 126 0
3998 126 127
3999 0 126
4000 0 127
4001 127 0
4002 0 2
4003 0 1
4004 127 127
4005 0 2
4006 0 1
4007 126 127
4008 0 2
4009 0 1
4010 2 0
4011 126 0
4012 0 126
4013 1 0
4014 2 0
4015 127 127
4016 1 0
4017 126 127
4018 0 2
4019 127 0
4020 0 1
4021 127 127
4022 2 0
4023 126 0
4024 1 0
4025 0 2
4026 127 0
4027 0 0
4028 126 0
4029 1 0
4030 0 127
4031 0 126
4032 0 0
4033 126 127
4034 1 0
4035 0 1
4036 0 2
4037 0 127
4038 0 126
4039 0 0
4040 0 3
4041 0 2
4042 127 127
4043 0 3
4044 126 127
4045 0 2
4046 127 127
4047 127 0
4048 0 127
4049 126 0
4050 127 0
4051 0 3
4052 0 126
4053 0 2
4054 126 0
4055 0 3
4056 127 0
4057 126 127
4058 0 2
4059 127 127
4060 126 0
4061 1 0
4062 0 127
4063 0 1
4064 126 127
4065 127 0
4066 126 0
4067 127 0
4068 127 127
4069 126 127
4070 2 0
4071 127 127
4072 0 126
4073 126 0
4074 0 127
4075 0 0
4076 126 127
4077 0 1
4078 0 0
4079 0 1
4080 127 0
4081 126 0
4082 0 126
4083 0 127
4084 1 0
4085 127 127
4086 126 127
4087 0 2
4088 0 126
4089 0 0
4090 1 0
4091 127 127
4092 126 127
4093 127 127
4094 0 0
4095 127 0
4096 126 127
4097 0 3
4098 0 2
4099 1 0
4100 0 127
4101 127 127
4102 126 0
4103 0 126
4104 0 0
4105 0 127
4106 126 127
4107 127 127
4108 127 0
4109 1 0
4110 126 127
4111 126 0
4112 127 0
4113 0 1
4114 0 2
4115 127 127
4116 126 127
4117 126 0
4118 127 0
4119 0 126
4120 126 0
4121 0 1
4122 0 127
4123 127 0
4124 2 0
4125 1 0
4126 0 126
4127 0 2
4128 0 127
4129 0 0
4130 0 126
4131 0 3
4132 0 1
4133 0 0
4134 0 2
4135 127 127
4136 1 0
4137 126 127
4138 126 0
4139 0 127
4140 0 126
4141 0 1
4142 0 2
4143 0 0
4144 0 3
4145 0 1
4146 0 127
4147 0 4
4148 127 127
4149 0 3
4150 0 4
4151 0 0
4152 0 1
4153 0 0
4154 0 126
4155 0 127
4156 127 0
4157 0 3
4158 0 1
4159 126 0
4160 0 126
4161 0 0
4162 127 0
4163 0 2
4164 0 127
4165 0 126
4166 126 0
4167 126 127
4168 127 0
4169 0 3
4170 126 0
4171 0 2
4172 1 0
4173 0 0
4174 1 0
4175 0 127
4176 0 1
4177 127 127
4178 0 2
4179 0 126
4180 0 127
4181 127 0
4182 126 127
4183 0 1
4184 126 0
4185 127 0
4186 0 126
4187 127 127
4188 0 127
4189 126 127
4190 126 0
4191 127 0
4192 2 0
4193 126 0
4194 0 0
4195 0 1
4196 1 0
4197 2 0
4198 0 0
4199 3 0
4200 2 0
4201 0 1
4202 0 126
4203 1 0
4204 127 127
4205 126 127
4206 0 127
4207 2 0
4208 0 0
4209 3 0
4210 0 126
4211 2 0
4212 127 127
4213 0 1
4214 126 127
4215 1 0
4216 127 0
4217 0 2
4218 0 127
4219 0 1
4220 0 126
4221 127 127
4222 2 0
4223 0 0
4224 0 127
4225 126 127
4226 0 1
4227 0 126
4228 1 0
4229 127 127
4230 126 0
4231 127 0
4232 0 2
4233 0 1
4234 0 127
4235 0 2
4236 0 126
4237 0 1
4238 126 127
4239 0 2
4240 0 1
4241 0 2
4242 127 127
4243 0 1
4244 0 127
4245 2 0
4246 126 127
4247 126 0
4248 127 0
4249 0 0
4250 0 126
4251 0 127
4252 0 1
4253 0 126
4254 0 0
4255 0 127
4256 3 0
4257 2 0
4258 126 0
4259 127 127
4260 126 127
4261 0 126
4262 3 0
4263 127 0
4264 0 1
4265 2 0
4266 0 0
4267 126 0
4268 127 127
4269 3 0
4270 126 127
4271 2 0
4272 127 0
4273 126 0
4274 0 1
4275 0 127
4276 1 0
4277 2 0
4278 127 0
4279 1 0
4280 127 127
4281 0 126
4282 2 0
4283 1 0
4284 0 2
4285 0 0
4286 126 127
4287 0 3
4288 0 127
4289 127 127
4290 0 1
4291 0 4
4292 0 0
4293 126 127
4294 126 0
4295 127 0
4296 127 127
4297 0 3
4298 0 1
4299 126 0
4300 127 0
4301 126 127
4302 126 0
4303 0 4
4304 0 0
4305 127 0
4306 126 0
4307 127 0
4308 0 1
4309 126 0
4310 0 126
4311 127 127
4312 0 3
4313 0 4
4314 0 3
4315 126 127
4316 0 0
4317 127 127
4318 127 0
4319 0 1
4320 0 127
4321 0 4
4322 0 0
4323 126 0
4324 126 127
4325 0 3
4326 0 2
4327 1 0
4328 0 126
4329 0 127
4330 127 127
4331 127 0
4332 0 1
4333 126 127
4334 2 0
4335 127 127
4336 0 126
4337 1 0
4338 0 2
4339 0 127
4340 0 0
4341 126 0
4342 0 126
4343 126 127
4344 0 3
4345 0 1
4346 127 127
4347 126 127
4348 127 127
4349 0 127
4350 0 4
4351 0 126
4352 0 0
4353 126 127
4354 127 0
4355 126 0
4356 0 1
4357 127 0
4358 127 127
4359 0 127
4360 0 0
4361 0 126
4362 0 3
4363 0 2
4364 0 3
4365 126 0
4366 0 2
4367 126 127
4368 1 0
4369 127 0
4370 0 0
4371 126 0
4372 127 127
4373 126 127
4374 127 127
4375 127 0
4376 1 0
4377 0 0
4378 1 0
4379 0 0
4380 126 127
4381 127 127
4382 1 0
4383 0 127
4384 126 127
4385 0 0
4386 1 0
4387 0 0
4388 1 0
4389 0 0
4390 127 127
4391 1 0
4392 126 0
4393 0 0
4394 0 3
4395 0 2
4396 127 0
4397 0 3
4398 126 127
4399 0 126
4400 0 1
4401 0 0
4402 0 127
4403 0 126
4404 0 2
4405 1 0
4406 126 0
4407 0 0
4408 127 0
4409 126 0
4410 0 127
4411 127 127
4412 0 126
4413 0 3
4414 127 0
4415 126 0
4416 0 127
4417 126 127
4418 0 126
4419 127 0
4420 126 0
4421 127 0
4422 127 127
4423 0 127
4424 126 127
4425 0 1
4426 127 127
4427 0 0
4428 0 126
4429 126 0
4430 0 2
4431 0 3
4432 0 2
4433 1 0
4434 0 1
4435 126 127
4436 2 0
4437 1 0
4438 127 0
4439 0 127
4440 2 0
4441 0 0
4442 127 127
4443 0 126
4444 126 0
4445 127 0
4446 3 0
4447 126 0
4448 0 127
4449 126 127
4450 2 0
4451 127 127
4452 0 126
4453 0 127
4454 126 127
4455 0 126
4456 0 1
4457 1 0
4458 127 127
4459 2 0
4460 127 0
4461 0 0
4462 0 127
4463 126 127
4464 0 1
4465 127 127
4466 0 126
4467 126 0
4468 126 127
4469 0 127
4470 1 0
4471 127 127
4472 126 127
4473 0 2
4474 127 0
4475 0 126
4476 0 0
4477 126 0
4478 0 3
4479 127 0
4480 0 1
4481 0 127
4482 126 0
4483 127 0
4484 126 0
4485 127 127
4486 0 0
4487 127 0
4488 0 1
4489 126 0
4490 126 127
4491 0 0
4492 0 1
4493 0 126
4494 0 0
4495 0 2
4496 127 127
4497 127 0
4498 0 127
4499 0 3
4500 0 2
4501 1 0
4502 0 0
4503 126 127
4504 0 126
4505 126 0
4506 0 3
4507 0 127
4508 0 126
4509 0 127
4510 127 0
4511 0 2
4512 0 3
4513 126 0
4514 127 0
4515 0 1
4516 0 126
4517 127 127
4518 126 127
4519 126 0
4520 0 4
4521 0 127
4522 127 0
4523 126 0
4524 0 0
4525 0 1
4526 0 3
4527 127 0
4528 0 126
4529 0 4
4530 127 127
4531 0 0
4532 0 1
4533 126 127
4534 127 127
4535 0 127
4536 0 126
4537 126 127
4538 127 127
4539 0 127
4540 126 127
4541 0 0
4542 0 1
4543 0 126
4544 0 3
4545 126 0
4546 0 4
4547 127 0
4548 127 127
4549 126 127
4550 126 0
4551 0 127
4552 0 3
4553 0 0
4554 0 2
4555 0 3
4556 127 0
4557 0 1
4558 126 0
4559 0 126
4560 0 4
4561 0 0
4562 127 0
4563 126 0
4564 127 0
4565 0 127
4566 126 0
4567 127 0
4568 126 0
4569 127 127
4570 127 0
4571 0 1
4572 126 127
4573 127 127
4574 0 3
4575 0 4
4576 0 3
4577 0 4
4578 0 3
4579 126 127
4580 0 0
4581 0 126
4582 0 1
4583 0 0
4584 0 1
4585 126 0
4586 0 4
4587 0 127
4588 0 3
4589 127 0
4590 0 4
4591 0 126
4592 0 127
4593 127 127
4594 0 0
4595 126 0
4596 126 127
4597 0 3
4598 127 0
4599 126 0
4600 0 1
4601 127 0
4602 0 0
4603 0 126
4604 127 127
4605 0 1
4606 0 127
4607 0 4
4608 0 0
4609 126 127
4610 0 3
4611 0 1
4612 0 126
4613 126 0
4614 0 4
4615 0 0
4616 0 3
4617 0 2
4618 0 127
4619 1 0
4620 0 1
4621 0 2
4622 0 1
4623 127 127
4624 127 0
4625 2 0
4626 126 127
4627 127 127
4628 0 126
4629 126 0
4630 1 0
4631 126 127
4632 2 0
4633 0 0
4634 3 0
4635 0 1
4636 0 0
4637 0 1
4638 2 0
4639 0 0
4640 3 0
4641 127 127
4642 2 0
4643 126 127
4644 127 0
4645 3 0
4646 0 127
4647 127 127
4648 126 127
4649 127 127
4650 126 0
4651 0 126
4652 127 0
4653 0 1
4654 0 127
4655 0 0
4656 126 0
4657 2 0
4658 126 127
4659 127 0
4660 3 0
4661 127 127
4662 126 127
4663 126 0
4664 127 127
4665 0 126
4666 126 127
4667 2 0
4668 3 0
4669 0 127
4670 127 127
4671 126 127
4672 0 126
4673 127 127
4674 127 0
4675 0 127
4676 126 127
4677 127 127
4678 126 0
4679 0 126
4680 0 1
4681 126 127
4682 2 0
4683 0 127
4684 127 127
4685 126 127
4686 1 0
4687 2 0
4688 1 0
4689 0 2
4690 0 0
4691 127 0
4692 0 3
4693 0 1
4694 0 0
4695 127 127
4696 0 1
4697 0 4
4698 126 127
4699 0 3
4700 0 0
4701 127 127
4702 0 1
4703 126 0
4704 0 0
4705 127 0
4706 126 0
4707 127 0
4708 0 2
4709 0 126
4710 126 0
4711 0 127
4712 0 126
4713 0 127
4714 0 126
4715 1 0
4716 0 0
4717 0 3
4718 127 0
4719 0 127
4720 126 127
4721 0 1
4722 0 4
4723 0 126
4724 0 3
4725 0 0
4726 0 2
4727 127 127
4728 0 127
4729 0 3
4730 126 127
4731 0 1
4732 126 0
4733 127 127
4734 127 0
4735 126 0
4736 127 0
4737 0 4
4738 0 0
4739 0 1
4740 0 126
4741 126 0
4742 0 0
4743 0 127
4744 0 1
4745 0 126
4746 0 0
4747 0 127
4748 0 126
4749 0 3
4750 0 1
4751 126 127
4752 0 127
4753 127 0
4754 127 127
4755 0 0
4756 0 1
4757 0 126
4758 126 127
4759 0 4
4760 0 0
4761 0 1
4762 127 127
4763 0 0
4764 126 127
4765 0 1
4766 126 0
4767 0 0
4768 127 0
4769 0 1
4770 127 127
4771 0 0
4772 0 1
4773 126 0
4774 127 0
4775 0 127
4776 126 0
4777 127 0
4778 126 127
4779 126 0
4780 0 3
4781 0 0
4782 127 127
4783 0 126
4784 0 127
4785 0 2
4786 127 0
4787 126 0
4788 127 0
4789 126 127
4790 0 3
4791 0 2
4792 1 0
4793 126 0
4794 0 0
4795 1 0
4796 0 126
4797 127 127
4798 127 0
4799 126 127
4800 0 127
4801 0 126
4802 0 0
4803 0 3
4804 0 1
4805 127 127
4806 126 0
4807 126 127
4808 0 0
4809 0 1
4810 127 0
4811 0 0
4812 0 127
4813 127 127
4814 0 126
4815 0 1
4816 126 0
4817 127 0
4818 0 0
4819 0 1
4820 0 4
4821 0 3
4822 0 0
4823 0 1
4824 126 127
4825 0 127
4826 127 127
4827 0 126
4828 126 0
4829 0 4
4830 0 127
4831 127 0
4832 0 3
4833 126 127
4834 0 4
4835 0 3
4836 126 0
4837 127 0
4838 126 0
4839 127 0
4840 0 0
4841 0 1
4842 0 0
4843 126 0
4844 127 0
4845 0 126
4846 0 2
4847 0 127
4848 127 127
4849 126 0
4850 126 127
4851 0 3
4852 0 126
4853 127 127
4854 126 127
4855 0 1
4856 0 0
4857 0 2
4858 1 0
4859 127 127
4860 127 0
4861 126 0
4862 0 0
4863 0 3
4864 126 127
4865 127 0
4866 0 127
4867 0 1
4868 127 127
4869 0 0
4870 0 126
4871 0 127
4872 0 2
4873 126 127
4874 127 127
4875 126 127
4876 127 127
4877 1 0
4878 0 126
4879 0 1
4880 2 0
4881 0 0
4882 0 1
4883 0 0
4884 3 0
4885 2 0
4886 3 0
4887 0 127
4888 126 127
4889 0 126
4890 0 1
4891 2 0
4892 0 0
4893 0 1
4894 1 0
4895 0 2
4896 126 0
4897 127 0
4898 0 1
4899 0 2
4900 0 1
4901 126 0
4902 0 127
4903 127 127
4904 126 127
4905 127 127
4906 2 0
4907 126 127
4908 127 0
4909 0 126
4910 126 0
4911 127 0
4912 1 0
4913 0 2
4914 0 0
4915 0 3
4916 0 127
4917 127 127
4918 126 127
4919 0 1
4920 127 127
4921 0 126
4922 0 127
4923 126 0
4924 0 0
4925 0 126
4926 0 127
4927 0 1
4928 0 4
4929 126 127
4930 127 127
4931 0 126
4932 126 127
4933 0 127
4934 0 0
4935 0 1
4936 0 126
4937 0 127
4938 0 126
4939 0 3
4940 127 127
4941 127 0
4942 0 127
4943 0 0
4944 0 2
4945 0 3
4946 0 1
4947 0 4
4948 0 126
4949 126 0
4950 0 127
4951 127 0
4952 126 127
4953 126 0
4954 0 3
4955 127 127
4956 0 126
4957 0 127
4958 127 0
4959 126 0
4960 127 0
4961 0 0
4962 126 127
4963 126 0
4964 127 127
4965 0 2
4966 126 127
4967 0 3
4968 0 2
4969 0 126
4970 127 0
4971 127 127
4972 1 0
4973 0 127
4974 0 1
4975 0 2
4976 0 0
4977 0 126
4978 0 3
4979 0 127
4980 126 127
4981 127 127
4982 0 126
4983 0 127
4984 126 127
4985 0 2
4986 126 0
4987 127 127
4988 126 127
4989 1 0
4990 127 127
4991 0 126
4992 0 1
4993 0 127
4994 127 0
4995 126 0
4996 126 127
4997 0 126
4998 0 2
4999 127 0
5000 0 127
5001 126 0
5002 127 0
5003 126 0
5004 0 1
5005 127 0
5006 126 0
5007 2 0
5008 0 0
5009 127 0
5010 0 126
5011 0 1
5012 127 127
5013 1 0
5014 126 127
5015 127 127
5016 126 0
5017 2 0
5018 0 127
5019 1 0
5020 0 2
5021 0 0
5022 0 126
5023 126 127
5024 127 127
5025 127 0
5026 0 127
5027 0 3
5028 126 0
5029 0 2
5030 127 0
5031 0 126
5032 0 127
5033 1 0
5034 0 1
5035 126 0
5036 0 126
5037 126 127
5038 0 2
5039 0 0
5040 127 0
5041 1 0
5042 127 127
5043 0 127
5044 0 126
5045 0 0
5046 0 127
5047 1 0
5048 0 1
5049 0 126
5050 0 127
5051 0 126
5052 0 127
5053 0 126
5054 126 0
5055 0 127
5056 2 0
5057 1 0
5058 127 0
5059 0 2
5060 0 1
5061 126 0
5062 2 0
5063 0 0
5064 126 127
5065 0 126
5066 0 127
5067 127 127
5068 0 1
5069 0 126
5070 127 0
5071 0 0
5072 126 127
5073 0 1
5074 1 0
5075 0 2
5076 0 0
5077 126 0
5078 127 0
5079 0 3
5080 127 127
5081 0 1
5082 126 0
5083 0 4
5084 126 127
5085 0 127
5086 0 126
5087 0 0
5088 127 0
5089 126 0
5090 0 3
5091 127 0
5092 127 127
5093 0 127
5094 0 126
5095 0 1
5096 0 4
5097 0 3
5098 126 127
5099 127 127
5100 126 0
5101 0 127
5102 127 0
5103 0 126
5104 126 127
5105 126 0
5106 127 0
5107 0 4
5108 127 127
5109 0 0
5110 126 0
5111 0 3
5112 0 2
5113 0 127
5114 1 0
5115 127 0
5116 126 127
5117 0 1
5118 0 2
5119 0 0
5120 127 127
5121 0 126
5122 126 127
5123 0 3
5124 0 2
5125 127 127
5126 1 0
5127 0 1
5128 0 2
5129 0 127
5130 126 127
5131 0 0
5132 126 0
5133 127 127
5134 127 0
5135 0 3
5136 0 1
5137 0 0
5138 0 126
5139 126 127
5140 0 2
5141 127 127
5142 126 0
5143 126 127
5144 1 0
5145 127 0
5146 0 127
5147 0 1
5148 127 127
5149 126 127
5150 2 0
5151 0 0
5152 0 126
5153 127 127
5154 0 127
5155 126 127
5156 0 1
5157 1 0
5158 126 0
5159 127 127
5160 0 126
5161 2 0
5162 1 0
5163 2 0
5164 0 127
5165 0 0
5166 3 0
5167 126 127
5168 2 0
5169 3 0
5170 127 0
5171 127 127
5172 2 0
5173 126 0
5174 3 0
5175 0 1
5176 2 0
5177 1 0
5178 126 127
5179 127 127
5180 0 2
5181 127 0
5182 0 0
5183 126 0
5184 0 3
5185 0 126
5186 0 1
5187 0 127
5188 127 0
5189 0 4
5190 0 126
5191 126 127
5192 126 0
5193 0 127
5194 127 0
5195 0 3
5196 127 127
5197 0 126
5198 0 127
5199 0 4
5200 0 126
5201 0 127
5202 126 127
5203 0 3
5204 0 4
5205 0 126
5206 127 127
5207 0 127
5208 0 126
5209 0 127
5210 126 0
5211 126 127
5212 0 3
5213 0 4
5214 127 127
5215 0 126
5216 127 0
5217 0 0
5218 126 0
5219 127 0
5220 126 127
5221 127 127
5222 126 0
5223 0 3
5224 0 1
5225 0 4
5226 0 127
5227 0 0
5228 126 127
5229 127 0
5230 0 126
5231 0 1
5232 127 127
5233 0 0
5234 0 127
5235 0 3
5236 0 1
5237 0 4
5238 126 127
5239 0 0
5240 0 1
5241 0 3
5242 0 126
5243 126 0
5244 127 0
5245 126 0
5246 127 127
5247 0 4
5248 127 0
5249 126 0
5250 0 127
5251 126 127
5252 127 0
5253 126 0
5254 0 0
5255 0 1
5256 0 3
5257 0 0
5258 0 1
5259 127 127
5260 0 0
5261 127 0
5262 126 127
5263 0 2
5264 0 126
5265 126 0
5266 1 0
5267 0 127
5268 0 0
5269 0 3
5270 0 126
5271 0 1
5272 127 127
5273 126 127
5274 127 127
5275 0 4
5276 0 127
5277 0 126
5278 0 0
5279 0 1
5280 0 0
5281 127 0
5282 0 127
5283 126 127
5284 126 0
5285 0 126
5286 0 127
5287 0 3
5288 0 126
5289 0 2
5290 1 0
5291 127 0
5292 0 127
5293 0 0
5294 0 126
5295 0 127
5296 126 0
5297 127 0
5298 127 127
5299 1 0
5300 126 127
5301 126 0
5302 0 1
5303 2 0
5304 127 127
5305 0 0
5306 126 127
5307 127 127
5308 127 0
5309 126 0
5310 0 126
5311 3 0
5312 126 127
5313 2 0
5314 3 0
5315 0 1
5316 127 0
5317 0 0
5318 0 127
5319 127 127
5320 2 0
5321 0 1
5322 126 0
5323 127 0
5324 126 127
5325 1 0
5326 2 0
5327 0 126
5328 1 0
5329 0 127
5330 127 127
5331 2 0
5332 1 0
5333 0 126
5334 126 127
5335 0 2
5336 127 127
5337 126 127
5338 0 0
5339 0 127
5340 126 0
5341 127 0
5342 0 126
5343 127 127
5344 0 3
5345 0 127
5346 0 2
5347 126 127
5348 0 126
5349 0 3
5350 126 0
5351 127 127
5352 0 1
5353 0 127
5354 0 4
5355 0 0
5356 0 3
5357 0 1
5358 126 127
5359 0 126
5360 0 127
5361 0 0
5362 127 0
5363 127 127
5364 0 2
5365 126 0
5366 126 127
5367 1 0
5368 0 0
5369 0 126
5370 127 0
5371 0 127
5372 0 3
5373 0 2
5374 0 3
5375 126 0
5376 127 0
5377 0 2
5378 1 0
5379 0 126
5380 0 127
5381 0 126
5382 0 1
5383 126 0
5384 0 127
5385 127 0
5386 126 0
5387 0 126
5388 0 127
5389 0 126
5390 127 127
5391 0 2
5392 0 0
5393 1 0
5394 0 1
5395 0 127
5396 0 126
5397 126 127
5398 0 2
5399 0 1
5400 127 127
5401 0 127
5402 0 126
5403 2 0
5404 1 0
5405 0 127
5406 2 0
5407 1 0
5408 127 0
5409 0 126
5410 2 0
5411 0 127
5412 1 0
5413 0 2
5414 0 1
5415 126 127
5416 0 126
5417 2 0
5418 1 0
5419 0 2
5420 127 127
5421 0 1
5422 126 127
5423 127 127
5424 0 127
5425 0 2
5426 0 126
5427 0 0
5428 0 3
5429 0 1
5430 126 0
5431 0 4
5432 126 127
5433 0 3
5434 0 0
5435 127 127
5436 0 127
5437 0 1
5438 127 0
5439 0 0
5440 126 127
5441 127 127
5442 0 2
5443 1 0
5444 0 126
5445 0 127
5446 0 1
5447 126 127
5448 127 127
5449 0 2
5450 0 0
5451 126 127
5452 0 126
5453 1 0
5454 0 127
5455 0 0
5456 0 126
5457 127 127
5458 126 127
5459 0 127
5460 0 126
5461 0 127
5462 0 3
5463 0 126
5464 126 0
5465 127 0
5466 126 0
5467 0 2
5468 1 0
5469 127 0
5470 0 1
5471 126 0
5472 127 0
5473 0 127
5474 0 2
5475 127 127
5476 0 126
5477 126 0
5478 126 127
5479 0 1
5480 127 127
5481 0 127
5482 127 0
5483 126 0
5484 127 0
5485 2 0
5486 0 0
5487 0 1
5488 126 127
5489 0 126
5490 0 0
5491 0 1
5492 0 0
5493 0 127
5494 127 127
5495 126 127
5496 0 1
5497 0 126
5498 127 127
5499 0 0
5500 126 127
5501 126 0
5502 127 0
5503 127 127
5504 126 0
5505 0 1
5506 126 127
5507 127 127
5508 126 127
5509 1 0
5510 127 127
5511 2 0
5512 1 0
5513 126 127
5514 0 2
5515 0 127
5516 127 0
5517 0 1
5518 0 2
5519 127 127
5520 126 127
5521 0 1
5522 2 0
5523 0 126
5524 1 0
5525 0 2
5526 0 0
5527 1 0
5528 0 0
5529 1 0
5530 126 0
5531 127 0
5532 0 1
5533 0 2
5534 0 127
5535 126 0
5536 0 126
5537 0 127
5538 0 126
5539 0 1
5540 2 0
5541 0 0
5542 0 127
5543 3 0
5544 127 127
5545 0 1
5546 126 127
5547 0 0
5548 0 126
5549 0 127
5550 127 0
5551 0 1
5552 126 0
5553 127 0
5554 127 127
5555 0 0
5556 2 0
5557 0 1
5558 126 0
5559 0 126
5560 1 0
5561 126 127
5562 0 2
5563 0 1
5564 127 0
5565 0 127
5566 0 126
5567 2 0
5568 127 127
5569 126 127
5570 0 0
5571 126 0
5572 0 127
5573 0 126
5574 0 127
5575 127 127
5576 126 127
5577 0 1
5578 127 127
5579 127 0
5580 126 127
5581 0 0
5582 0 1
5583 1 0
5584 2 0
5585 126 0
5586 1 0
5587 2 0
5588 127 0
5589 126 0
5590 127 0
5591 0 126
5592 126 0
5593 0 127
5594 127 127
5595 0 0
5596 3 0
5597 2 0
5598 0 126
5599 3 0
5600 0 127
5601 126 127
5602 0 1
5603 127 0
5604 2 0
5605 126 0
5606 127 127
5607 0 0
5608 127 0
5609 126 127
5610 126 0
5611 127 0
5612 0 1
5613 0 126
5614 0 127
5615 0 126
5616 0 0
5617 0 127
5618 127 127
5619 126 0
5620 127 0
5621 3 0
5622 126 0
5623 2 0
5624 0 126
5625 0 1
5626 127 0
5627 126 0
5628 0 127
5629 126 127
5630 1 0
5631 127 127
5632 126 127
5633 127 0
5634 2 0
5635 1 0
5636 2 0
5637 1 0
5638 0 126
5639 0 2
5640 0 1
5641 127 127
5642 2 0
5643 1 0
5644 126 127
5645 2 0
5646 0 127
5647 1 0
5648 0 126
5649 127 127
5650 126 127
5651 0 127
5652 2 0
5653 0 0
5654 126 0
5655 3 0
5656 0 1
5657 0 126
5658 2 0
5659 0 0
5660 127 0
5661 126 0
5662 0 1
5663 1 0
5664 127 0
5665 127 127
5666 126 0
5667 2 0
5668 0 0
5669 3 0
5670 0 1
5671 0 127
5672 0 0
5673 0 1
5674 2 0
5675 0 126
5676 0 127
5677 1 0
5678 126 127
5679 127 127
5680 2 0
5681 126 127
5682 0 126
5683 127 0
5684 1 0
5685 2 0
5686 126 0
5687 0 127
5688 127 127
5689 0 126
5690 0 0
5691 126 127
5692 3 0
5693 0 127
5694 127 127
5695 0 1
5696 127 0
5697 0 0
5698 126 127
5699 0 1
5700 127 127
5701 0 126
5702 2 0
5703 0 0
5704 126 127
5705 0 1
5706 1 0
5707 0 2
5708 0 0
5709 0 3
5710 126 0
5711 127 0
5712 127 127
5713 0 127
5714 0 1
5715 0 0
5716 0 1
5717 0 126
5718 126 0
5719 0 127
5720 0 126
5721 0 0
5722 0 127
5723 126 127
5724 0 2
5725 1 0
5726 0 126
5727 0 0
5728 1 0
5729 0 0
5730 127 127
5731 0 127
5732 0 3
5733 127 0
5734 126 0
5735 126 127
5736 0 126
5737 127 0
5738 0 127
5739 126 0
5740 127 127
5741 127 0
5742 0 1
5743 126 0
5744 0 0
5745 126 127
5746 0 2
5747 127 127
5748 1 0
5749 127 0
5750 0 126
5751 0 0
5752 0 3
5753 0 127
5754 0 126
5755 0 127
5756 126 0
5757 0 126
5758 0 127
5759 127 0
5760 126 0
5761 0 2
5762 127 0
5763 0 126
5764 0 127
5765 0 126
5766 0 3
5767 0 1
5768 126 127
5769 0 0
5770 0 127
5771 127 127
5772 126 127
5773 0 2
5774 0 126
5775 0 127
5776 127 127
5777 0 3
5778 0 126
5779 0 2
5780 126 127
5781 0 3
5782 0 127
5783 127 127
5784 126 0
5785 0 1
5786 0 4
5787 0 126
5788 126 127
5789 0 127
5790 127 0
5791 127 127
5792 0 0
5793 0 1
5794 0 3
5795 0 4
5796 0 126
5797 0 0
5798 0 1
5799 0 0
5800 0 3
5801 0 127
5802 126 0
5803 0 126
5804 0 2
5805 0 127
5806 127 0
5807 1 0
5808 126 127
5809 126 0
5810 127 0
5811 0 1
5812 0 2
5813 0 1
5814 2 0
5815 0 126
5816 1 0
5817 2 0
5818 126 0
5819 127 127
5820 126 127
5821 127 0
5822 0 127
5823 0 126
5824 0 0
5825 3 0
5826 0 127
5827 127 127
5828 0 126
5829 2 0
5830 0 1
5831 0 0
5832 126 127
5833 127 127
5834 0 1
5835 0 0
5836 0 127
5837 3 0
5838 126 0
5839 2 0
5840 0 1
5841 127 0
5842 1 0
5843 126 127
5844 0 2
5845 127 127
5846 0 126
5847 126 127
5848 0 127
5849 0 1
5850 2 0
5851 1 0
5852 127 127
5853 126 127
5854 127 127
5855 2 0
5856 0 126
5857 1 0
5858 126 0
5859 126 127
5860 2 0
5861 127 127
5862 126 127
5863 0 127
5864 0 0
5865 127 0
5866 126 0
5867 127 127
5868 3 0
5869 0 126
5870 126 127
5871 0 1
5872 127 0
5873 126 0
5874 0 0
5875 127 0
5876 126 0
5877 127 0
5878 0 127
5879 2 0
5880 0 1
5881 0 0
5882 127 127
5883 0 1
5884 0 0
5885 0 126
5886 0 1
5887 0 0
5888 126 127
5889 126 0
5890 3 0
5891 2 0
5892 3 0
5893 0 127
5894 0 1
5895 0 0
5896 2 0
5897 3 0
5898 2 0
5899 0 126
5900 0 1
5901 0 127
5902 0 0
5903 127 0
5904 0 1
5905 0 0
5906 126 0
5907 0 1
5908 0 0
5909 127 0
5910 0 1
5911 0 0
5912 0 1
5913 0 0
5914 0 126
5915 0 127
5916 0 1
5917 0 126
5918 1 0
5919 127 127
5920 0 2
5921 0 127
5922 126 127
5923 126 0
5924 0 1
5925 0 2
5926 0 1
5927 2 0
5928 0 126
5929 127 127
5930 0 127
5931 126 127
5932 127 127
5933 126 127
5934 127 0
5935 127 127
5936 126 0
5937 1 0
5938 0 126
5939 2 0
5940 126 127
5941 127 0
5942 127 127
5943 126 127
5944 126 0
5945 0 127
5946 127 0
5947 0 0
5948 0 1
5949 1 0
5950 126 0
5951 0 2
5952 0 126
5953 0 0
5954 0 127
5955 0 126
5956 127 127
5957 0 3
5958 127 0
5959 0 2
5960 1 0
5961 126 127
5962 126 0
5963 0 127
5964 0 126
5965 0 1
5966 127 127
5967 127 0
5968 2 0
5969 126 0
5970 1 0
5971 127 0
5972 126 0
5973 126 127
5974 127 0
5975 2 0
5976 127 127
5977 1 0
5978 0 2
5979 126 127
5980 0 0
5981 0 3
5982 0 2
5983 126 0
5984 1 0
5985 127 127
5986 127 0
5987 0 1
5988 126 0
5989 126 127
5990 127 0
5991 0 127
5992 127 127
5993 2 0
5994 0 126
5995 0 127
5996 0 126
5997 0 0
5998 0 127
5999 0 1
6000 0 126
6001 126 0
6002 1 0
6003 0 127
6004 0 2
6005 0 126
6006 126 127
6007 127 0
6008 127 127
6009 0 127
6010 126 0
6011 126 127
6012 0 1
6013 127 0
6014 0 126
6015 0 2
6016 0 127
6017 126 0
6018 0 1
6019 2 0
6020 0 0
6021 127 127
6022 0 1
6023 0 0
6024 0 1
6025 126 127
6026 127 0
6027 126 0
6028 127 0
6029 1 0
6030 0 2
6031 127 127
6032 0 0
6033 1 0
6034 126 0
6035 0 0
6036 127 0
6037 126 127
6038 1 0
6039 0 126
6040 0 127
6041 0 0
6042 0 3
6043 0 126
6044 0 2
6045 0 127
6046 126 0
6047 0 3
6048 0 1
6049 0 0
6050 0 1
6051 127 127
6052 0 4
6053 0 0
6054 0 1
6055 126 127
6056 0 126
6057 0 3
6058 0 4
6059 127 0
6060 126 0
6061 127 0
6062 126 0
6063 0 127
6064 0 126
6065 0 0
6066 0 1
6067 127 0
6068 0 3
6069 126 0
6070 127 127
6071 126 127
6072 0 4
6073 0 0
6074 127 127
6075 127 0
6076 126 0
6077 126 127
6078 0 1
6079 0 127
6080 0 0
6081 0 3
6082 0 126
6083 127 127
6084 0 127
6085 0 126
6086 0 2
6087 0 3
6088 127 0
6089 126 127
6090 0 2
6091 1 0
6092 0 0
6093 0 127
6094 0 126
6095 0 3
6096 127 127
6097 0 127
6098 0 1
6099 126 0
6100 127 0
6101 0 126
6102 126 0
6103 0 127
6104 0 0
6105 0 2
6106 127 0
6107 1 0
6108 0 126
6109 126 0
6110 0 127
6111 0 0
6112 1 0
6113 0 1
6114 126 127
6115 127 127
6116 127 0
6117 126 0
6118 126 127
6119 127 127
6120 126 127
6121 0 2
6122 0 126
6123 0 0
6124 127 0
6125 1 0
6126 0 0
6127 127 127
6128 126 0
6129 1 0
6130 0 0
6131 0 3
6132 0 127
6133 127 0
6134 0 126
6135 0 1
6136 126 0
6137 0 0
6138 0 2
6139 1 0
6140 126 127
6141 0 0
6142 127 0
6143 126 0
6144 0 3
6145 0 2
6146 127 0
6147 1 0
6148 0 1
6149 126 0
6150 0 2
6151 127 127
6152 0 0
6153 127 0
6154 0 127
6155 126 0
6156 0 126
6157 126 127
6158 0 127
6159 0 3
6160 127 127
6161 127 0
6162 0 1
6163 0 126
6164 0 127
6165 0 126
6166 126 127
6167 126 0
6168 127 0
6169 126 0
6170 127 0
6171 0 4
6172 0 3
6173 0 0
6174 0 127
6175 0 2
6176 126 0
6177 0 126
6178 127 127
6179 1 0
6180 127 0
6181 126 127
6182 0 0
6183 1 0
6184 126 0
6185 127 127
6186 0 1
6187 0 2
6188 0 1
6189 0 127
6190 127 0
6191 2 0
6192 0 0
6193 126 127
6194 127 127
6195 126 127
6196 0 1
6197 0 0
6198 126 0
6199 3 0
6200 2 0
6201 3 0
6202 2 0
6203 0 126
6204 3 0
6205 127 127
6206 127 0
6207 0 1
6208 2 0
6209 126 127
6210 126 0
6211 0 127
6212 127 0
6213 0 126
6214 1 0
6215 0 127
6216 127 127
6217 0 2
6218 126 0
6219 126 127
6220 127 127
6221 127 0
6222 126 127
6223 0 126
6224 0 127
6225 126 0
6226 0 126
6227 127 0
6228 0 127
6229 127 127
6230 126 127
6231 0 126
6232 127 127
6233 0 127
6234 126 0
6235 0 1
6236 127 0
6237 0 126
6238 0 2
6239 0 0
6240 0 3
6241 126 0
6242 0 127
6243 0 2
6244 0 3
6245 127 0
6246 0 2
6247 0 126
6248 0 3
6249 0 1
6250 0 4
6251 0 3
6252 0 4
6253 126 127
6254 0 0
6255 0 127
6256 127 127
6257 126 127
6258 0 3
6259 127 127
6260 126 0
6261 0 1
6262 0 0
6263 126 127
6264 127 127
6265 0 2
6266 127 0
6267 0 126
6268 0 127
6269 126 127
6270 1 0
6271 127 127
6272 0 0
6273 1 0
6274 126 0
6275 0 0
6276 0 3
6277 126 127
6278 127 127
6279 0 1
6280 127 0
6281 126 127
6282 127 127
6283 0 0
6284 0 1
6285 0 4
6286 0 126
6287 126 127
6288 0 127
6289 127 127
6290 0 3
6291 0 4
6292 126 0
6293 0 0
6294 0 1
6295 0 0
6296 127 0
6297 0 126
6298 126 0
6299 127 0
6300 0 1
6301 126 127
6302 126 0
6303 127 127
6304 0 0
6305 126 127
6306 0 3
6307 0 2
6308 127 0
6309 127 127
6310 126 0
6311 0 3
6312 127 0
6313 126 127
6314 0 1
6315 0 127
6316 0 0
6317 126 0
6318 0 2
6319 127 0
6320 0 3
6321 0 126
6322 0 1
6323 0 4
6324 0 127
6325 127 127
6326 0 126
6327 126 0
6328 126 127
6329 127 127
6330 0 0
6331 0 3
6332 0 127
6333 0 2
6334 1 0
6335 0 0
6336 126 127
6337 1 0
6338 127 127
6339 0 126
6340 0 1
6341 127 0
6342 0 127
6343 126 0
6344 127 0
6345 0 2
6346 0 126
6347 0 127
6348 0 0
6349 0 126
6350 126 0
6351 0 127
6352 127 0
6353 126 127
6354 127 127
6355 126 0
6356 1 0
6357 0 126
6358 0 0
6359 1 0
6360 0 127
6361 0 1
6362 0 126
6363 0 127
6364 0 2
6365 0 1
6366 0 2
6367 0 1
6368 0 126
6369 0 2
6370 0 0
6371 1 0
6372 127 0
6373 0 0
6374 1 0
6375 126 127
6376 0 127
6377 0 1
6378 0 126
6379 0 2
6380 127 127
6381 0 0
6382 1 0
6383 0 0
6384 126 127
6385 0 3
6386 126 0
6387 0 127
6388 127 127
6389 0 126
6390 0 127
6391 0 1
6392 0 4
6393 0 3
6394 0 126
6395 126 127
6396 0 127
6397 0 0
6398 0 2
6399 127 127
6400 126 127
6401 0 126
6402 127 127
6403 0 127
6404 0 3
6405 0 126
6406 127 0
6407 126 0
6408 126 127
6409 127 127
6410 0 127
6411 0 1
6412 0 126
6413 0 0
6414 0 1
6415 0 127
6416 0 0
6417 0 2
6418 0 126
6419 127 0
6420 126 0
6421 126 127
6422 127 0
6423 1 0
6424 126 0
6425 0 1
6426 127 0
6427 0 2
6428 126 0
6429 127 127
6430 0 1
6431 0 2
6432 0 0
6433 0 127
6434 126 127
6435 127 127
6436 0 126
6437 126 127
6438 1 0
6439 0 127
6440 0 0
6441 0 126
6442 1 0
6443 0 0
6444 0 3
6445 127 127
6446 0 2
6447 0 127
6448 1 0
6449 0 126
6450 127 0
6451 0 0
6452 0 3
6453 0 1
6454 126 127
6455 0 4
6456 0 127
6457 0 0
6458 126 0
6459 127 127
6460 127 0
6461 126 0
6462 126 127
6463 127 127
6464 0 126
6465 0 127
6466 126 127
6467 0 1
6468 0 0
6469 0 1
6470 127 127
6471 0 126
6472 0 127
6473 127 0
6474 126 127
6475 127 127
6476 0 0
6477 0 126
6478 0 1
6479 0 0
6480 0 127
6481 0 1
6482 0 3
6483 126 127
6484 0 0
6485 0 1
6486 0 126
6487 127 127
6488 126 0
6489 0 4
6490 0 127
6491 0 3
6492 0 0
6493 0 126
6494 0 127
6495 126 127
6496 127 0
6497 127 127
6498 126 127
6499 0 126
6500 0 2
6501 0 3
6502 0 127
6503 126 0
6504 127 127
6505 0 1
6506 0 126
6507 0 127
6508 0 0
6509 0 2
6510 126 127
6511 1 0
6512 127 127
6513 0 1
6514 2 0
6515 0 0
6516 127 0
6517 126 127
6518 126 0
6519 3 0
6520 127 0
6521 127 127
6522 0 1
6523 126 0
6524 0 0
6525 2 0
6526 0 1
6527 1 0
6528 0 2
6529 127 0
6530 0 0
6531 0 3
6532 0 126
6533 0 2
6534 1 0
6535 0 127
6536 0 126
6537 0 0
6538 0 127
6539 0 126
6540 0 3
6541 0 127
6542 126 0
6543 127 0
6544 0 1
6545 0 126
6546 0 127
6547 126 0
6548 126 127
6549 0 126
6550 0 4
6551 0 3
6552 0 4
6553 0 0
6554 127 127
6555 0 3
6556 0 2
6557 0 127
6558 126 127
6559 127 127
6560 1 0
6561 0 0
6562 127 0
6563 0 126
6564 126 127
6565 1 0
6566 0 0
6567 0 127
6568 1 0
6569 127 127
6570 126 127
6571 0 1
6572 0 126
6573 126 0
6574 127 127
6575 2 0
6576 126 127
6577 127 127
6578 127 0
6579 0 127
6580 0 0
6581 126 0
6582 126 127
6583 0 1
6584 0 126
6585 0 0
6586 0 127
6587 0 1
6588 127 127
6589 126 127
6590 0 0
6591 3 0
6592 2 0
6593 127 0
6594 0 1
6595 127 127
6596 126 127
6597 1 0
6598 2 0
6599 126 0
6600 0 126
6601 127 0
6602 1 0
6603 0 127
6604 126 0
6605 0 2
6606 0 1
6607 0 2
6608 0 0
6609 0 3
6610 0 2
6611 0 126
6612 127 127
6613 126 127
6614 127 0
6615 127 127
6616 0 3
6617 0 2
6618 0 3
6619 126 0
6620 0 127
6621 0 126
6622 126 127
6623 127 127
6624 126 127
6625 0 127
6626 127 0
6627 127 127
6628 0 1
6629 0 4
6630 126 0
6631 0 126
6632 0 3
6633 0 0
6634 0 127
6635 127 0
6636 126 0
6637 0 2
6638 126 127
6639 1 0
6640 0 1
6641 0 126
6642 127 127
6643 126 127
6644 0 127
6645 127 127
6646 0 126
6647 127 0
6648 126 127
6649 0 127
6650 0 126
6651 2 0
6652 0 127
6653 0 126
6654 127 127
6655 0 127
6656 126 0
6657 126 127
6658 127 127
6659 126 127
6660 1 0
6661 127 127
6662 126 127
6663 2 0
6664 127 0
6665 1 0
6666 127 127
6667 0 126
6668 2 0
6669 126 127
6670 1 0
6671 126 0
6672 2 0
6673 0 0
6674 3 0
6675 127 0
6676 127 127
6677 0 1
6678 2 0
6679 0 0
6680 126 127
6681 126 0
6682 0 127
6683 127 0
6684 126 0
6685 127 127
6686 126 127
6687 0 126
6688 0 127
6689 127 0
6690 126 0
6691 0 126
6692 0 1
6693 0 0
6694 3 0
6695 127 127
6696 127 0
6697 0 127
6698 126 0
6699 127 0
6700 126 127
6701 127 127
6702 0 1
6703 126 0
6704 0 0
6705 0 1
6706 0 126
6707 126 127
6708 2 0
6709 0 0
6710 0 127
6711 0 1
6712 127 127
6713 1 0
6714 2 0
6715 127 0
6716 126 127
6717 127 127
6718 0 126
6719 0 127
6720 1 0
6721 126 127
6722 0 126
6723 0 127
6724 0 126
6725 127 127
6726 0 2
6727 0 1
6728 126 0
6729 0 2
6730 127 0
6731 0 127
6732 126 127
6733 126 0
6734 0 1
6735 2 0
6736 127 127
6737 0 126
6738 127 0
6739 0 0
6740 126 0
6741 0 127
6742 0 126
6743 0 127
6744 0 126
6745 3 0
6746 0 127
6747 0 126
6748 0 127
6749 0 1
6750 126 127
6751 127 0
6752 127 127
6753 126 127
6754 127 127
6755 126 127
6756 2 0
6757 1 0
6758 0 2
6759 0 0
6760 1 0
6761 127 127
6762 0 1
6763 0 126
6764 2 0
6765 126 127
6766 0 0
6767 127 127
6768 3 0
6769 2 0
6770 126 0
6771 0 1
6772 0 0
6773 126 127
6774 0 1
6775 127 127
6776 126 127
6777 0 127
6778 127 0
6779 0 126
6780 127 127
6781 0 0
6782 126 0
6783 3 0
6784 126 127
6785 0 127
6786 127 127
6787 0 126
6788 2 0
6789 126 127
6790 127 127
6791 126 127
6792 0 127
6793 0 126
6794 127 127
6795 127 0
6796 3 0
6797 0 127
6798 126 0
6799 126 127
6800 127 127
6801 126 127
6802 127 0
6803 127 127
6804 126 0
6805 126 127
6806 127 0
6807 0 1
6808 127 127
6809 2 0
6810 126 127
6811 0 0
6812 127 127
6813 126 127
6814 127 127
6815 126 127
6816 0 126
6817 127 127
6818 126 0
6819 3 0
6820 0 1
6821 126 127
6822 0 127
6823 2 0
6824 127 127
6825 1 0
6826 2 0
6827 127 0
6828 0 0
6829 126 127
6830 3 0
6831 2 0
6832 3 0
6833 126 0
6834 2 0
6835 127 0
6836 126 0
6837 0 1
6838 1 0
6839 0 2
6840 127 0
6841 126 0
6842 0 0
6843 1 0
6844 0 0
6845 127 127
6846 126 127
6847 0 3
6848 0 126
6849 0 2
6850 127 0
6851 0 127
6852 1 0
6853 0 1
6854 127 127
6855 126 127
6856 0 126
6857 0 127
6858 2 0
6859 0 126
6860 0 0
6861 3 0
6862 2 0
6863 3 0
6864 127 127
6865 126 0
6866 126 127
6867 0 1
6868 0 127
6869 2 0
6870 1 0
6871 127 0
6872 126 0
6873 2 0
6874 1 0
6875 2 0
6876 0 126
6877 1 0
6878 2 0
6879 0 127
6880 127 127
6881 126 127
6882 0 126
6883 0 0
6884 0 127
6885 3 0
6886 127 127
6887 2 0
6888 0 126
6889 0 127
6890 0 126
6891 127 0
6892 0 1
6893 0 127
6894 126 0
6895 1 0
6896 0 126
6897 127 0
6898 126 0
6899 127 0
6900 0 2
6901 126 0
6902 0 0
6903 126 127
6904 0 3
6905 0 1
6906 127 0
6907 0 127
6908 0 0
6909 0 126
6910 0 1
6911 0 0
6912 126 0
6913 127 0
6914 126 0
6915 0 1
6916 0 0
6917 127 127
6918 127 0
6919 0 1
6920 126 0
6921 0 127
6922 126 127
6923 127 0
6924 0 126
6925 127 127
6926 0 4
6927 126 127
6928 0 3
6929 0 0
6930 0 2
6931 0 127
6932 0 126
6933 126 0
6934 1 0
6935 127 0
6936 126 0
6937 0 1
6938 127 127
6939 127 0
6940 126 127
6941 126 0
6942 2 0
6943 127 0
6944 0 0
6945 126 0
6946 127 127
6947 0 127
6948 0 1
6949 0 126
6950 0 0
6951 126 127
6952 127 0
6953 127 127
6954 0 127
6955 126 127
6956 127 127
6957 3 0
6958 126 0
6959 0 1
6960 127 0
6961 0 126
6962 126 0
6963 126 127
6964 127 0
6965 2 0
6966 126 0
6967 0 0
6968 127 0
6969 3 0
6970 2 0
6971 3 0
6972 0 127
6973 126 0
6974 127 127
6975 126 127
6976 0 126
6977 2 0
6978 0 127
6979 127 0
6980 0 1
6981 0 126
6982 127 127
6983 126 127
6984 126 0
6985 127 0
6986 0 127
6987 1 0
6988 2 0
6989 126 0
6990 0 126
6991 1 0
6992 127 127
6993 0 127
6994 127 0
6995 126 0
6996 0 126
6997 0 127
6998 0 126
6999 0 127
7000 0 2
7001 0 1
7002 0 2
7003 127 0
7004 0 0
7005 1 0
7006 126 127
7007 0 1
7008 2 0
7009 1 0
7010 2 0
7011 0 0
7012 127 127
7013 126 127
7014 0 1
7015 1 0
7016 2 0
7017 126 0
7018 0 126
7019 127 0
7020 127 127
7021 126 0
7022 1 0
7023 2 0
7024 126 127
7025 0 0
7026 127 0
7027 0 127
7028 3 0
7029 0 1
7030 0 0
7031 0 126
7032 127 127
7033 126 0
7034 2 0
7035 0 1
7036 1 0
7037 127 0
7038 2 0
7039 1 0
7040 126 127
7041 0 2
7042 0 1
7043 0 127
7044 127 127
7045 126 127
7046 126 0
7047 0 2
7048 127 127
7049 127 0
7050 126 127
7051 0 0
7052 1 0
7053 0 126
7054 0 1
7055 126 0
7056 0 2
7057 127 127
7058 0 1
7059 2 0
7060 0 0
7061 0 1
7062 126 127
7063 0 127
7064 0 0
7065 127 127
7066 3 0
7067 0 126
7068 127 0
7069 2 0
7070 0 127
7071 126 0
7072 3 0
7073 2 0
7074 3 0
7075 0 1
7076 0 126
7077 2 0
7078 127 0
7079 0 127
7080 0 0
7081 126 127
7082 0 126
7083 127 127
7084 3 0
7085 126 127
7086 2 0
7087 3 0
7088 0 1
7089 2 0
7090 0 127
7091 1 0
7092 0 2
7093 0 126
7094 127 127
7095 0 127
7096 126 127
7097 0 0
7098 1 0
7099 0 1
7100 126 0
7101 0 2
7102 0 1
7103 0 126
7104 127 0
7105 127 127
7106 126 127
7107 126 0
7108 0 127
7109 2 0
7110 127 127
7111 127 0
7112 126 0
7113 0 126
7114 127 0
7115 126 127
7116 0 127
7117 127 127
7118 0 0
7119 126 127
7120 0 126
7121 3 0
7122 127 127
7123 126 0
7124 127 0
7125 126 0
7126 0 127
7127 126 127
7128 2 0
7129 0 1
7130 0 0
7131 3 0
7132 0 1
7133 127 127
7134 0 126
7135 0 0
7136 0 1
7137 127 0
7138 126 127
7139 126 0
7140 0 127
7141 0 126
7142 2 0
7143 0 0
7144 127 0
7145 0 127
7146 127 127
7147 0 1
7148 0 126
7149 0 127
7150 0 126
7151 1 0
7152 126 127
7153 126 0
7154 0 127
7155 127 0
7156 126 0
7157 0 2
7158 127 0
7159 127 127
7160 0 0
7161 126 0
7162 127 0
7163 126 0
7164 0 126
7165 0 3
7166 127 0
7167 0 1
7168 0 127
7169 126 0
7170 126 127
7171 0 126
7172 0 127
7173 0 4
7174 0 0
7175 127 127
7176 0 126
7177 127 0
7178 0 3
7179 126 127
7180 0 1
7181 0 4
7182 0 0
7183 127 127
7184 126 127
7185 0 1
7186 0 127
7187 0 3
7188 127 127
7189 0 0
7190 0 1
7191 0 126
7192 0 127
7193 0 4
7194 126 127
7195 0 0
7196 0 126
7197 0 1
7198 126 0
7199 0 3
7200 127 0
7201 0 127
7202 0 4
7203 0 126
7204 127 127
7205 0 3
7206 0 0
7207 0 1
7208 0 0
7209 126 0
7210 0 127
7211 0 2
7212 126 127
7213 127 127
7214 127 0
7215 0 126
7216 0 127
7217 0 3
7218 0 1
7219 126 0
7220 0 126
7221 0 4
7222 0 127
7223 0 0
7224 127 0
7225 0 3
7226 0 126
7227 126 127
7228 0 1
7229 0 0
7230 126 0
7231 0 2
7232 0 3
7233 0 127
7234 0 2
7235 1 0
7236 0 1
7237 127 0
7238 2 0
7239 0 0
7240 127 127
7241 0 126
7242 0 1
7243 0 127
7244 0 0
7245 0 1
7246 0 0
7247 126 127
7248 0 1
7249 127 127
7250 1 0
7251 126 127
7252 126 0
7253 0 2
7254 0 126
7255 127 127
7256 0 0
7257 127 0
7258 126 0
7259 126 127
7260 127 127
7261 127 0
7262 126 127
7263 1 0
7264 126 0
7265 0 0
7266 127 127
7267 127 0
7268 0 127
7269 126 127
7270 0 3
7271 0 2
7272 1 0
7273 127 127
7274 126 0
7275 0 0
7276 126 127
7277 127 127
7278 1 0
7279 0 0
7280 0 126
7281 1 0
7282 0 1
7283 0 127
7284 127 0
7285 2 0
7286 1 0
7287 2 0
7288 126 0
7289 126 127
7290 1 0
7291 2 0
7292 127 127
7293 0 0
7294 3 0
7295 0 1
7296 0 0
7297 0 126
7298 0 127
7299 0 1
7300 126 127
7301 0 126
7302 127 127
7303 0 0
7304 0 1
7305 127 0
7306 0 0
7307 126 0
7308 126 127
7309 127 0
7310 0 1
7311 0 0
7312 0 1
7313 0 0
7314 2 0
7315 127 127
7316 0 127
7317 0 126
7318 126 127
7319 3 0
7320 0 127
7321 0 126
7322 0 1
7323 2 0
7324 1 0
7325 0 127
7326 2 0
7327 0 126
7328 126 0
7329 0 127
7330 1 0
7331 2 0
7332 127 0
7333 127 127
7334 126 0
7335 127 0
7336 0 126
7337 0 0
7338 126 127
7339 126 0
7340 3 0
7341 0 1
7342 2 0
7343 1 0
7344 127 127
7345 126 127
7346 0 2
7347 0 1
7348 0 127
7349 127 127
7350 126 127
7351 0 126
7352 0 2
7353 0 1
7354 127 127
7355 127 0
7356 126 0
7357 0 2
7358 0 0
7359 0 127
7360 126 127
7361 127 127
7362 1 0
7363 0 126
7364 0 0
7365 0 127
7366 127 0
7367 126 0
7368 1 0
7369 0 0
7370 0 3
7371 0 126
7372 0 2
7373 127 0
7374 1 0
7375 0 0
7376 1 0
7377 0 127
7378 0 1
7379 0 2
7380 0 0
7381 126 127
7382 0 126
7383 127 127
7384 126 127
7385 126 0
7386 0 127
7387 127 127
7388 1 0
7389 0 1
7390 126 127
7391 0 2
7392 0 1
7393 2 0
7394 0 0
7395 3 0
7396 127 0
7397 127 127
7398 126 127
7399 126 0
7400 0 1
7401 0 126
7402 0 127
7403 127 127
7404 0 126
7405 0 0
7406 127 0
7407 0 127
7408 126 0
7409 0 126
7410 127 0
7411 0 1
7412 126 127
7413 126 0
7414 2 0
7415 0 127
7416 0 0
7417 0 1
7418 127 127
7419 1 0
7420 0 126
7421 0 127
7422 0 126
7423 0 2
7424 0 127
7425 126 127
7426 0 126
7427 0 0
7428 0 127
7429 0 3
7430 127 0
7431 0 1
7432 0 0
7433 127 127
7434 0 1
7435 0 0
7436 126 127
7437 127 127
7438 0 1
7439 126 127
7440 0 0
7441 0 126
7442 0 2
7443 127 127
7444 126 127
7445 0 3
7446 0 127
7447 127 127
7448 126 0
7449 0 126
7450 126 127
7451 127 127
7452 127 0
7453 0 1
7454 126 127
7455 0 127
7456 0 4
7457 0 3
7458 0 0
7459 126 0
7460 0 2
7461 1 0
7462 0 1
7463 2 0
7464 1 0
7465 0 126
7466 0 2
7467 0 127
7468 0 0
7469 0 126
7470 0 3
7471 0 127
7472 127 0
7473 0 2
7474 126 0
7475 0 3
7476 0 1
7477 127 127
7478 127 0
7479 0 0
7480 0 1
7481 126 127
7482 127 127
7483 0 0
7484 126 0
7485 127 0
7486 126 127
7487 0 1
7488 126 0
7489 0 0
7490 0 1
7491 127 127
7492 0 0
7493 127 0
7494 0 1
7495 0 0
7496 0 1
7497 126 127
7498 0 4
7499 127 127
7500 0 126
7501 0 0
7502 126 127
7503 127 127
7504 126 127
7505 0 127
7506 127 127
7507 126 0
7508 127 0
7509 126 0
7510 127 0
7511 0 3
7512 126 127
7513 0 126
7514 0 1
7515 0 4
7516 127 127
7517 126 127
7518 0 0
7519 0 1
7520 0 3
7521 0 127
7522 0 0
7523 0 2
7524 126 0
7525 0 126
7526 127 0
7527 127 127
7528 126 127
7529 0 127
7530 126 0
7531 0 126
7532 0 3
7533 127 0
7534 126 0
7535 0 1
7536 0 4
7537 127 0
7538 0 127
7539 0 0
7540 0 1
7541 0 0
7542 0 1
7543 127 127
7544 126 0
7545 126 127
7546 0 126
7547 127 0
7548 126 0
7549 127 127
7550 0 3
7551 0 127
7552 126 127
7553 0 4
7554 127 127
7555 0 3
7556 0 4
7557 127 0
7558 126 127
7559 0 126
7560 0 127
7561 127 127
7562 0 0
7563 0 126
7564 0 127
7565 126 127
7566 0 126
7567 127 127
7568 0 1
7569 0 3
7570 126 0
7571 0 0
7572 126 127
7573 0 1
7574 0 4
7575 0 3
7576 127 0
7577 127 127
7578 126 0
7579 0 4
7580 126 127
7581 0 3
7582 0 0
7583 0 127
7584 127 127
7585 0 126
7586 0 2
7587 1 0
7588 0 1
7589 127 0
7590 126 127
7591 0 127
7592 2 0
7593 1 0
7594 126 0
7595 0 126
7596 127 0
7597 126 0
7598 127 0
7599 0 2
7600 127 127
7601 126 0
7602 127 0
7603 0 0
7604 126 0
7605 127 0
7606 126 0
7607 127 0
7608 126 127
7609 127 127
7610 0 127
7611 0 3
7612 0 126
7613 0 1
7614 0 0
7615 0 127
7616 126 127
7617 0 126
7618 0 2
7619 0 3
7620 127 127
7621 0 1
7622 0 0
7623 0 1
7624 0 127
7625 0 126
7626 0 127
7627 126 127
7628 0 126
7629 126 0
7630 0 127
7631 0 126
7632 0 4
7633 127 127
7634 0 3
7635 126 127
7636 0 0
7637 127 127
7638 127 0
7639 0 2
7640 0 3
7641 0 1
7642 126 127
7643 0 4
7644 126 0
7645 0 127
7646 127 127
7647 127 0
7648 126 127
7649 0 126
7650 126 0
7651 127 0
7652 127 127
7653 126 127
7654 0 0
7655 126 0
7656 0 1
7657 127 127
7658 0 127
7659 127 0
7660 0 126
7661 0 0
7662 126 127
7663 0 1
7664 127 127
7665 126 0
7666 0 0
7667 0 1
7668 0 3
7669 0 0
7670 0 2
7671 1 0
7672 0 0
7673 0 3
7674 127 0
7675 126 0
7676 126 127
7677 127 127
7678 0 127
7679 0 1
7680 0 0
7681 0 126
7682 0 1
7683 127 0
7684 126 127
7685 0 0
7686 0 2
7687 126 0
7688 0 3
7689 0 2
7690 0 3
7691 127 127
7692 126 127
7693 0 127
7694 127 0
7695 0 1
7696 126 0
7697 127 127
7698 0 0
7699 126 127
7700 127 0
7701 0 2
7702 126 0
7703 127 0
7704 0 126
7705 0 3
7706 126 0
7707 127 127
7708 0 1
7709 127 0
7710 0 127
7711 0 0
7712 0 126
7713 0 2
7714 0 127
7715 0 3
7716 0 2
7717 1 0
7718 0 1
7719 2 0
7720 0 126
7721 126 0
7722 126 127
7723 127 127
7724 0 0
7725 126 127
7726 3 0
7727 0 127
7728 0 1
7729 0 0
7730 2 0
7731 0 126
7732 127 0
7733 127 127
7734 0 127
7735 126 0
7736 0 1
7737 1 0
7738 0 2
7739 127 0
7740 126 0
7741 0 1
7742 2 0
7743 0 0
7744 127 0
7745 126 127
7746 0 126
7747 3 0
7748 0 1
7749 0 0
7750 2 0
7751 0 1
7752 0 127
7753 127 127
7754 1 0
7755 0 126
7756 126 127
7757 0 2
7758 0 1
7759 126 0
7760 0 2
7761 0 0
7762 0 3
7763 0 1
7764 0 127
7765 127 0
7766 126 0
7767 0 0
7768 0 126
7769 0 2
7770 127 0
7771 1 0
7772 0 0
7773 0 3
7774 0 2
7775 0 127
7776 0 126
7777 0 127
7778 1 0
7779 0 0
7780 127 127
7781 1 0
7782 0 1
7783 0 2
7784 126 0
7785 126 127
7786 0 1
7787 127 127
7788 2 0
7789 127 0
7790 126 0
7791 0 126
7792 127 0
7793 0 0
7794 0 127
7795 0 1
7796 126 127
7797 0 0
7798 0 1
7799 1 0
7800 127 127
7801 2 0
7802 126 127
7803 1 0
7804 0 126
7805 0 127
7806 0 126
7807 0 127
7808 0 126
7809 0 2
7810 0 127
7811 0 1
7812 126 0
7813 0 126
7814 0 127
7815 2 0
7816 0 0
7817 0 126
7818 127 0
7819 126 0
7820 0 127
7821 0 126
7822 0 1
7823 127 0
7824 126 0
7825 1 0
7826 0 2
7827 127 127
7828 127 0
7829 126 127
7830 127 127
7831 0 1
7832 126 127
7833 0 127
7834 127 127
7835 126 0
7836 126 127
7837 127 0
7838 0 2
7839 0 1
7840 127 127
7841 0 126
7842 126 127
7843 0 127
7844 127 127
7845 0 126
7846 2 0
7847 0 127
7848 0 0
7849 3 0
7850 0 126
7851 0 1
7852 0 127
7853 2 0
7854 0 0
7855 126 0
7856 0 126
7857 126 127
7858 0 1
7859 127 127
7860 0 127
7861 127 0
7862 0 0
7863 0 1
7864 126 0
7865 1 0
7866 2 0
7867 1 0
7868 2 0
7869 0 0
7870 127 0
7871 0 126
7872 3 0
7873 0 127
7874 0 126
7875 2 0
7876 126 127
7877 126 0
7878 127 0
7879 0 127
7880 3 0
7881 126 0
7882 2 0
7883 0 126
7884 127 0
7885 0 127
7886 3 0
7887 0 126
7888 126 0
7889 2 0
7890 127 127
7891 3 0
7892 126 127
7893 127 127
7894 127 0
7895 126 127
7896 127 127
7897 126 127
7898 0 127
7899 2 0
7900 3 0
7901 2 0
7902 126 0
7903 127 0
7904 3 0
7905 0 126
7906 127 127
7907 0 1
7908 126 0
7909 0 0
7910 0 127
7911 2 0
7912 127 0
7913 3 0
7914 2 0
7915 126 0
7916 0 1
7917 0 0
7918 127 0
7919 0 126
7920 0 127
7921 126 0
7922 127 0
7923 126 0
7924 0 126
7925 127 0
7926 0 127
7927 0 126
7928 3 0
7929 126 0
7930 126 127
7931 127 127
7932 127 0
7933 0 1
7934 126 0
7935 127 0
7936 126 0
7937 0 127
7938 0 0
7939 127 0
7940 126 0
7941 2 0
7942 0 126
7943 127 0
7944 126 127
7945 127 127
7946 3 0
7947 0 1
7948 0 0
7949 2 0
7950 0 1
7951 1 0
7952 126 0
7953 127 0
7954 0 127
7955 0 126
7956 126 0
7957 0 2
7958 127 0
7959 0 0
7960 126 127
7961 0 127
7962 0 126
7963 127 127
7964 126 0
7965 0 127
7966 0 126
7967 126 127
7968 127 0
7969 1 0
7970 127 127
7971 126 127
7972 126 0
7973 0 1
7974 127 0
7975 127 127
7976 126 127
7977 0 127
7978 0 126
7979 0 2
7980 0 0
7981 1 0
7982 0 0
7983 127 127
7984 126 0
7985 0 3
7986 127 0
7987 0 1
7988 0 0
7989 0 1
7990 126 0
7991 0 0
7992 0 2
7993 0 127
7994 126 127
7995 1 0
7996 127 127
7997 0 0
7998 126 127
7999 0 3
8000 127 0
8001 127 127
8002 0 126
8003 126 127
8004 127 127
8005 0 1
8006 126 0
8007 0 0
8008 0 127
8009 0 2
8010 0 3
8011 126 127
8012 0 2
8013 127 127
8014 0 126
8015 127 0
8016 0 127
8017 0 3
8018 126 0
8019 127 0
8020 0 126
8021 0 1
8022 0 4
8023 126 127
8024 126 0
8025 0 3
8026 127 0
8027 0 4
8028 0 127
8029 0 3
8030 127 127
8031 0 4
8032 0 126
8033 0 3
8034 0 127
8035 0 4
8036 126 0
8037 0 126
8038 126 127
8039 127 127
8040 126 127
8041 127 127
8042 0 0
8043 0 127
8044 0 126
8045 126 127
8046 0 1
8047 0 3
8048 0 4
8049 127 127
8050 0 0
8051 0 127
8052 0 126
8053 0 1
8054 0 3
8055 126 127
8056 0 0
8057 0 2
8058 0 3
8059 0 2
8060 0 127
8061 127 0
8062 126 0
8063 1 0
8064 127 127
8065 0 126
8066 0 1
8067 127 0
8068 0 2
8069 126 127
8070 0 0
8071 1 0
8072 127 127
8073 0 0
8074 126 0
8075 1 0
8076 0 127
8077 0 0
8078 126 127
8079 127 127
8080 126 127
8081 127 0
8082 0 3
8083 0 2
8084 0 126
8085 126 0
8086 127 0
8087 126 0
8088 0 127
8089 0 3
8090 0 2
8091 127 0
8092 0 126
8093 127 127
8094 0 3
8095 126 0
8096 0 1
8097 0 0
8098 126 127
8099 0 1
8100 0 0
8101 127 0
8102 126 0
8103 127 0
8104 126 0
8105 0 1
8106 127 127
8107 0 0
8108 0 1
8109 126 127
8110 127 127
8111 127 0
8112 126 127
8113 0 0
8114 126 0
8115 127 127
8116 0 2
8117 1 0
8118 127 0
8119 0 127
8120 0 126
8121 126 0
8122 0 127
8123 126 127
8124 127 0
8125 126 0
8126 127 0
8127 127 127
8128 126 127
8129 126 0
8130 0 126
8131 127 0
8132 0 0
8133 126 0
8134 0 127
8135 127 127
8136 127 0
8137 0 126
8138 126 0
8139 127 0
8140 0 127
8141 0 126
8142 126 127
8143 126 0
8144 127 127
8145 1 0
8146 127 0
8147 126 127
8148 126 0
8149 127 0
8150 0 1
8151 126 0
8152 0 127
8153 127 127
8154 0 126
8155 126 127
8156 0 127
8157 127 0
8158 0 126
8159 126 0
8160 127 127
8161 0 127
8162 126 127
8163 127 0
8164 127 127
8165 0 2
8166 0 126
8167 0 127
8168 0 0
8169 0 126
8170 126 127
8171 0 3
8172 0 2
8173 126 0
8174 1 0
8175 0 127
8176 0 0
8177 0 3
8178 0 1
8179 127 127
8180 0 0
8181 127 0
8182 0 126
8183 0 127
8184 126 0
8185 127 0
8186 0 126
8187 0 127
8188 126 127
8189 127 127
8190 126 0
8191 0 1
8192 127 0
8193 0 0
8194 0 1
8195 126 127
8196 127 127
8197 0 0
8198 0 2
8199 126 127
8200 127 127
8201 126 127
8202 127 127
8203 126 127
8204 1 0
8205 0 1
8206 127 127
8207 0 126
8208 126 127
8209 126 0
8210 127 0
8211 0 127
8212 0 2
8213 127 127
8214 0 0
8215 0 126
8216 1 0
8217 126 127
8218 0 0
8219 127 127
8220 126 0
8221 1 0
8222 0 0
8223 0 127
8224 0 3
8225 0 2
8226 126 127
8227 0 126
8228 127 127
8229 127 0
8230 1 0
8231 126 0
8232 127 0
8233 126 0
8234 0 127
8235 0 1
8236 126 127
8237 0 126
8238 127 127
8239 2 0
8240 1 0
8241 127 0
8242 126 127
8243 127 127
8244 0 2
8245 126 0
8246 0 1
8247 2 0
8248 126 127
8249 127 0
8250 127 127
8251 126 127
8252 1 0
8253 126 0
8254 0 127
8255 2 0
8256 127 0
8257 127 127
8258 1 0
8259 0 2
8260 126 0
8261 126 127
8262 0 0
8263 1 0
8264 127 0
8265 126 0
8266 0 0
8267 0 126
8268 0 127
8269 127 0
8270 0 126
8271 1 0
8272 0 1
8273 0 127
8274 127 127
8275 0 126
8276 126 0
8277 126 127
8278 0 2
8279 0 0
8280 1 0
8281 0 127
8282 0 0
8283 1 0
8284 127 0
8285 0 126
8286 0 1
8287 0 127
8288 2 0
8289 0 126
8290 0 0
8291 126 0
8292 0 1
8293 0 127
8294 0 0
8295 127 0
8296 126 0
8297 0 1
8298 0 126
8299 127 0
8300 0 127
8301 127 127
8302 126 127
8303 0 0
8304 0 1
8305 127 127
8306 126 0
8307 127 0
8308 126 0
8309 0 0
8310 127 0
8311 0 1
8312 1 0
8313 0 2
8314 126 127
8315 0 0
8316 0 126
8317 127 127
8318 126 127
8319 126 0
8320 127 127
8321 126 127
8322 127 0
8323 127 127
8324 126 127
8325 126 0
8326 127 127
8327 0 127
8328 127 0
8329 0 3
8330 126 0
8331 0 1
8332 0 126
8333 127 0
8334 0 4
8335 0 127
8336 0 126
8337 126 0
8338 126 127
8339 0 127
8340 0 126
8341 127 0
8342 0 3
8343 126 0
8344 127 0
8345 0 0
8346 0 127
8347 126 0
8348 0 126
8349 0 1
8350 127 127
8351 0 0
8352 127 0
8353 0 1
8354 0 4
8355 0 127
8356 0 126
8357 0 3
8358 126 127
8359 126 0
8360 0 4
8361 0 127
8362 0 3
8363 0 126
8364 0 127
8365 127 127
8366 127 0
8367 0 4
8368 126 127
8369 127 127
8370 0 126
8371 0 0
8372 0 1
8373 0 3
8374 0 4
8375 126 0
8376 0 3
8377 0 127
8378 126 127
8379 0 4
8380 0 0
8381 127 0
8382 0 1
8383 0 126
8384 0 3
8385 0 0
8386 0 127
8387 0 126
8388 0 2
8389 126 0
8390 127 127
8391 126 127
8392 127 127
8393 1 0
8394 127 0
8395 0 127
8396 126 127
8397 0 0
8398 127 127
8399 126 0
8400 127 0
8401 126 127
8402 126 0
8403 127 127
8404 127 0
8405 0 3
8406 0 126
8407 0 1
8408 0 0
8409 0 1
8410 0 4
8411 126 127
8412 0 127
8413 0 3
8414 0 0
8415 0 126
8416 0 1
8417 127 127
8418 0 4
8419 0 127
8420 126 0
8421 0 3
8422 0 4
8423 0 3
8424 0 0
8425 0 1
8426 0 126
8427 0 127
8428 0 0
8429 126 127
8430 0 126
8431 0 1
8432 127 127
8433 0 127
8434 0 126
8435 0 4
8436 127 0
8437 0 0
8438 0 127
8439 126 127
8440 127 127
8441 0 126
8442 0 127
8443 126 127
8444 0 3
8445 126 0
8446 0 126
8447 0 127
8448 127 127
8449 0 126
8450 126 127
8451 0 1
8452 0 4
8453 0 3
8454 127 0
8455 126 0
8456 127 0
8457 0 4
8458 127 127
8459 0 127
8460 126 0
8461 0 126
8462 0 0
8463 0 3
8464 0 127
8465 0 1
8466 0 0
8467 0 126
8468 0 127
8469 0 126
8470 0 1
8471 0 4
8472 0 3
8473 0 0
8474 0 127
8475 0 1
8476 126 127
8477 127 127
8478 126 127
8479 0 4
8480 0 126
8481 127 127
8482 127 0
8483 126 127
8484 0 0
8485 0 127
8486 0 3
8487 127 127
8488 126 127
8489 0 126
8490 0 1
8491 0 127
8492 0 0
8493 0 2
8494 127 127
8495 0 126
8496 0 127
8497 1 0
8498 0 1
8499 0 2
8500 0 1
8501 0 126
8502 126 127
8503 2 0
8504 1 0
8505 0 127
8506 2 0
8507 1 0
8508 126 0
8509 2 0
8510 0 0
8511 127 127
8512 0 126
8513 0 127
8514 0 1
8515 0 126
8516 126 127
8517 0 0
8518 3 0
8519 0 1
8520 127 127
8521 0 127
8522 0 0
8523 126 127
8524 0 126
8525 0 127
8526 0 126
8527 0 127
8528 127 0
8529 0 126
8530 126 0
8531 2 0
8532 127 0
8533 3 0
8534 0 1
8535 2 0
8536 1 0
8537 126 0
8538 127 127
8539 127 0
8540 2 0
8541 126 0
8542 126 127
8543 0 127
8544 0 0
8545 0 1
8546 127 127
8547 1 0
8548 0 2
8549 127 0
8550 0 0
8551 1 0
8552 126 127
8553 0 0
8554 127 127
8555 1 0
8556 126 127
8557 126 0
8558 0 1
8559 0 2
8560 127 127
8561 0 0
8562 0 3
8563 0 1
8564 127 0
8565 126 127
8566 0 4
8567 0 3
8568 127 127
8569 0 0
8570 0 126
8571 0 1
8572 126 0
8573 0 4
8574 0 127
8575 0 0
8576 0 3
8577 0 2
8578 0 126
8579 0 127
8580 126 127
8581 0 3
8582 0 1
8583 0 126
8584 0 0
8585 127 0
8586 126 0
8587 0 2
8588 127 127
8589 1 0
8590 0 1
8591 2 0
8592 126 127
8593 127 0
8594 0 127
8595 0 126
8596 126 0
8597 127 0
8598 1 0
8599 2 0
8600 0 0
8601 0 1
8602 126 0
8603 127 0
8604 126 0
8605 127 127
8606 0 127
8607 127 0
8608 0 126
8609 126 0
8610 127 0
8611 0 0
8612 3 0
8613 126 127
8614 126 0
8615 0 127
8616 127 0
8617 0 1
8618 126 0
8619 2 0
8620 127 127
8621 126 127
8622 0 126
8623 127 127
8624 126 127
8625 0 0
8626 0 1
8627 0 127
8628 127 0
8629 127 127
8630 0 126
8631 126 0
8632 0 0
8633 3 0
8634 127 0
8635 126 127
8636 0 1
8637 127 127
8638 126 0
8639 0 0
8640 2 0
8641 0 127
8642 3 0
8643 126 127
8644 127 127
8645 0 1
8646 127 0
8647 0 126
8648 2 0
8649 0 127
8650 0 0
8651 3 0
8652 126 127
8653 0 126
8654 0 127
8655 127 127
8656 126 127
8657 127 127
8658 126 127
8659 2 0
8660 0 126
8661 0 1
8662 127 127
8663 0 127
8664 1 0
8665 0 2
8666 0 0
8667 0 3
8668 126 127
8669 0 2
8670 1 0
8671 126 0
8672 127 127
8673 126 127
8674 0 0
8675 0 3
8676 0 126
8677 0 127
8678 0 126
8679 0 2
8680 1 0
8681 0 1
8682 127 0
8683 0 2
8684 127 127
8685 126 0
8686 127 0
8687 0 0
8688 0 3
8689 0 127
8690 0 126
8691 0 2
8692 1 0
8693 126 0
8694 0 127
8695 126 127
8696 127 0
8697 0 0
8698 127 127
8699 126 0
8700 126 127
8701 1 0
8702 0 0
8703 127 0
8704 127 127
8705 126 0
8706 0 126
8707 0 3
8708 0 1
8709 0 127
8710 0 126
8711 0 127
8712 0 4
8713 0 3
8714 0 0
8715 0 126
8716 0 1
8717 0 4
8718 127 0
8719 0 127
8720 126 127
8721 126 0
8722 0 3
8723 0 0
8724 0 126
8725 0 1
8726 0 4
8727 0 3
8728 0 4
8729 127 127
8730 0 127
8731 0 3
8732 127 0
8733 0 4
8734 0 3
8735 0 126
8736 0 0
8737 0 127
8738 0 2
8739 1 0
8740 0 1
8741 0 2
8742 0 1
8743 0 126
8744 2 0
8745 126 0
8746 126 127
8747 127 127
8748 126 127
8749 127 127
8750 0 127
8751 0 0
8752 126 127
8753 127 127
8754 126 127
8755 0 126
8756 127 0
8757 0 127
8758 127 127
8759 0 126
8760 0 1
8761 126 127
8762 0 127
8763 126 0
8764 1 0
8765 0 126
8766 0 2
8767 127 127
8768 0 1
8769 126 127
8770 127 0
8771 126 0
8772 127 127
8773 126 127
8774 0 127
8775 127 0
8776 0 2
8777 0 126
8778 0 127
8779 0 0
8780 0 126
8781 127 127
8782 0 127
8783 126 127
8784 0 3
8785 126 0
8786 127 127
8787 0 126
8788 0 1
8789 0 127
8790 0 126
8791 127 0
8792 0 0
8793 0 127
8794 126 127
8795 0 126
8796 0 1
8797 0 0
8798 126 0
8799 127 0
8800 0 2
8801 127 127
8802 0 127
8803 126 0
8804 126 127
8805 0 126
8806 0 3
8807 127 0
8808 0 127
8809 0 1
8810 0 126
8811 126 0
8812 0 4
8813 127 0
8814 0 0
8815 126 0
8816 127 0
8817 0 3
8818 0 1
8819 126 0
8820 127 127
8821 0 0
8822 0 127
8823 0 2
8824 1 0
8825 126 127
8826 127 127
8827 127 0
8828 0 126
8829 0 1
8830 0 127
8831 126 0
8832 2 0
8833 0 0
8834 127 0
8835 126 127
8836 126 0
8837 3 0
8838 2 0
8839 3 0
8840 0 1
8841 0 126
8842 0 0
8843 127 127
8844 2 0
8845 127 0
8846 126 127
8847 0 127
8848 3 0
8849 0 1
8850 126 0
8851 127 0
8852 0 0
8853 0 126
8854 0 127
8855 126 0
8856 0 126
8857 127 0
8858 0 127
8859 127 127
8860 126 0
8861 2 0
8862 127 0
8863 0 126
8864 126 127
8865 0 1
8866 1 0
8867 0 127
8868 126 0
8869 127 127
8870 2 0
8871 126 127
8872 127 0
8873 0 126
8874 1 0
8875 2 0
8876 0 0
8877 0 127
8878 127 127
8879 126 0
8880 0 1
8881 126 127
8882 127 127
8883 1 0
8884 0 2
8885 127 0
8886 0 0
8887 126 0
8888 126 127
8889 127 0
8890 0 3
8891 126 0
8892 0 126
8893 127 0
8894 126 0
8895 0 1
8896 0 127
8897 0 4
8898 0 3
8899 0 126
8900 0 0
8901 127 0
8902 126 0
8903 0 127
8904 0 1
8905 127 0
8906 127 127
8907 0 126
8908 126 127
8909 127 127
8910 0 127
8911 126 127
8912 126 0
8913 0 0
8914 127 127
8915 127 0
8916 126 127
8917 0 2
8918 127 127
8919 126 0
8920 0 3
8921 127 0
8922 0 1
8923 126 0
8924 127 0
8925 0 4
8926 0 0
8927 0 1
8928 126 0
8929 126 127
8930 127 0
8931 0 126
8932 126 0
8933 127 0
8934 0 0
8935 126 0
8936 0 127
8937 0 126
8938 127 0
8939 0 1
8940 0 127
8941 0 0
8942 127 127
8943 126 0
8944 0 3
8945 0 2
8946 126 127
8947 1 0
8948 0 1
8949 2 0
8950 0 0
8951 127 0
8952 0 1
8953 1 0
8954 0 126
8955 0 127
8956 0 2
8957 0 0
8958 126 0
8959 0 126
8960 0 3
8961 127 127
8962 0 127
8963 0 2
8964 0 3
8965 0 2
8966 127 0
8967 0 126
8968 0 127
8969 0 3
8970 0 126
8971 0 1
8972 0 4
8973 0 3
8974 126 127
8975 0 0
8976 127 127
8977 0 1
8978 0 127
8979 0 4
8980 0 0
8981 126 0
8982 126 127
8983 0 126
8984 0 3
8985 127 0
8986 126 0
8987 0 1
8988 0 127
8989 0 4
8990 127 0
8991 0 3
8992 0 126
8993 0 0
8994 0 127
8995 126 0
8996 0 1
8997 127 0
8998 0 4
8999 127 127
9000 0 126
9001 0 3
9002 0 0
9003 0 2
9004 1 0
9005 126 127
9006 0 127
9007 0 1
9008 2 0
9009 127 127
9010 1 0
9011 2 0
9012 1 0
9013 0 2
9014 126 127
9015 0 126
9016 0 1
9017 0 2
9018 0 0
9019 127 127
9020 126 127
9021 0 3
9022 0 1
9023 126 0
9024 0 4
9025 127 127
9026 0 3
9027 0 4
9028 126 127
9029 0 127
9030 0 0
9031 127 127
9032 127 0
9033 0 1
9034 126 127
9035 0 3
9036 127 127
9037 126 0
9038 0 126
9039 0 4
9040 0 3
9041 126 127
9042 0 127
9043 0 0
9044 0 2
9045 0 126
9046 1 0
9047 127 0
9048 0 127
9049 0 0
9050 1 0
9051 0 0
9052 0 126
9053 127 127
9054 126 127
9055 127 127
9056 0 127
9057 126 127
9058 0 126
9059 0 3
9060 0 2
9061 1 0
9062 127 127
9063 126 0
9064 0 127
9065 0 126
9066 126 127
9067 127 127
9068 0 0
9069 0 127
9070 0 126
9071 0 3
9072 127 0
9073 126 0
9074 0 1
9075 0 4
9076 0 127
9077 127 0
9078 0 126
9079 126 0
9080 0 3
9081 127 0
9082 0 0
9083 0 127
9084 0 1
9085 0 126
9086 0 4
9087 126 0
9088 0 0
9089 126 127
9090 0 3
9091 127 127
9092 126 127
9093 0 2
9094 127 0
9095 0 3
9096 0 1
9097 126 0
9098 0 0
9099 0 2
9100 1 0
9101 0 1
9102 2 0
9103 0 0
9104 3 0
9105 127 127
9106 0 1
9107 0 127
9108 126 127
9109 0 126
9110 127 0
9111 0 127
9112 2 0
9113 0 0
9114 3 0
9115 127 127
9116 0 1
9117 0 126
9118 126 0
9119 0 127
9120 0 0
9121 127 0
9122 126 127
9123 2 0
9124 127 127
9125 126 127
9126 126 0
9127 0 1
9128 127 127
9129 127 0
9130 126 127
9131 127 127
9132 0 126
9133 126 0
9134 0 0
9135 126 127
9136 127 0
9137 3 0
9138 126 0
9139 2 0
9140 127 127
9141 126 127
9142 0 127
9143 3 0
9144 127 0
9145 126 0
9146 127 0
9147 0 1
9148 0 0
9149 2 0
9150 0 1
9151 0 0
9152 126 0
9153 127 0
9154 0 126
9155 0 127
9156 0 1
9157 126 0
9158 0 0
9159 0 1
9160 127 127
9161 0 126
9162 126 127
9163 0 0
9164 127 0
9165 127 127
9166 0 1
9167 0 0
9168 126 127
9169 3 0
9170 126 0
9171 2 0
9172 127 0
9173 3 0
9174 0 127
9175 127 127
9176 126 0
9177 2 0
9178 127 0
9179 126 0
9180 126 127
9181 127 127
9182 127 0
9183 126 127
9184 3 0
9185 2 0
9186 126 0
9187 127 127
9188 127 0
9189 0 126
9190 126 0
9191 126 127
9192 127 0
9193 3 0
9194 2 0
9195 0 127
9196 126 0
9197 127 127
9198 127 0
9199 3 0
9200 126 0
9201 126 127
9202 0 126
9203 2 0
9204 3 0
9205 127 0
9206 0 127
9207 126 0
9208 0 126
9209 0 1
9210 127 0
9211 2 0
9212 0 127
9213 126 0
9214 0 0
9215 127 127
9216 126 127
9217 0 126
9218 127 0
9219 3 0
9220 0 127
9221 126 0
9222 2 0
9223 0 126
9224 127 0
9225 3 0
9226 0 127
9227 0 126
9228 2 0
9229 126 0
9230 0 1
9231 127 127
9232 127 0
9233 126 0
9234 1 0
9235 0 127
9236 0 126
9237 0 2
9238 0 0
9239 126 127
9240 127 127
9241 0 3
9242 127 0
9243 126 127
9244 0 1
9245 127 127
9246 126 0
9247 0 0
9248 126 127
9249 0 1
9250 127 127
9251 0 0
9252 0 127
9253 0 126
9254 0 2
9255 0 127
9256 126 127
9257 127 127
9258 126 127
9259 127 0
9260 0 3
9261 0 1
9262 126 0
9263 0 4
9264 0 0
9265 0 126
9266 0 127
9267 0 1
9268 127 0
9269 0 3
9270 127 127
9271 0 126
9272 0 4
9273 126 127
9274 0 3
9275 127 127
9276 126 0
9277 126 127
9278 0 4
9279 127 127
9280 0 3
9281 0 127
9282 126 127
9283 127 127
9284 126 127
9285 0 126
9286 0 127
9287 0 4
9288 127 127
9289 0 126
9290 0 127
9291 0 126
9292 0 0
9293 126 127
9294 0 1
9295 0 0
9296 0 127
9297 0 3
9298 127 0
9299 127 127
9300 0 2
9301 126 0
9302 0 3
9303 0 2
9304 127 0
9305 126 127
9306 0 3
9307 0 2
9308 1 0
9309 126 0
9310 127 127
9311 126 127
9312 0 1
9313 127 127
9314 126 127
9315 127 127
9316 2 0
9317 127 0
9318 0 0
9319 126 127
9320 0 126
9321 3 0
9322 0 1
9323 126 0
9324 2 0
9325 0 0
9326 0 127
9327 0 126
9328 127 0
9329 127 127
9330 0 1
9331 1 0
9332 126 127
9333 0 2
9334 0 1
9335 127 127
9336 126 0
9337 126 127
9338 127 127
9339 2 0
9340 127 0
9341 126 127
9342 0 0
9343 3 0
9344 0 1
9345 0 0
9346 2 0
9347 127 127
9348 126 127
9349 126 0
9350 127 127
9351 3 0
9352 126 127
9353 127 127
9354 0 127
9355 0 1
9356 2 0
9357 1 0
9358 126 127
9359 2 0
9360 1 0
9361 127 0
9362 0 2
9363 0 1
9364 127 127
9365 0 126
9366 2 0
9367 0 127
9368 126 127
9369 0 126
9370 127 127
9371 126 127
9372 126 0
9373 127 0
9374 0 0
9375 0 1
9376 1 0
9377 2 0
9378 1 0
9379 0 127
9380 127 127
9381 0 126
9382 2 0
9383 0 127
9384 0 126
9385 0 127
9386 0 0
9387 0 1
9388 0 0
9389 126 127
9390 127 127
9391 0 126
9392 0 127
9393 3 0
9394 2 0
9395 3 0
9396 126 127
9397 0 126
9398 0 1
9399 0 127
9400 0 0
9401 126 0
9402 127 127
9403 0 1
9404 126 127
9405 127 127
9406 127 0
9407 0 126
9408 126 127
9409 0 0
9410 2 0
9411 3 0
9412 126 0
9413 0 127
9414 127 127
9415 0 126
9416 0 1
9417 126 127
9418 127 0
9419 126 0
9420 127 0
9421 0 0
9422 0 1
9423 127 127
9424 2 0
9425 0 127
9426 126 127
9427 0 126
9428 127 127
9429 126 127
9430 0 127
9431 0 126
9432 127 127
9433 0 127
9434 1 0
9435 0 2
9436 0 0
9437 126 127
9438 127 127
9439 126 127
9440 1 0
9441 0 0
9442 127 127
9443 0 3
9444 0 2
9445 126 0
9446 1 0
9447 0 0
9448 0 126
9449 127 0
9450 0 127
9451 0 3
9452 126 127
9453 0 1
9454 127 127
9455 0 126
9456 0 0
9457 0 2
9458 0 127
9459 126 127
9460 1 0
9461 0 1
9462 0 126
9463 2 0
9464 0 127
9465 0 126
9466 0 127
9467 127 127
9468 126 0
9469 1 0
9470 126 127
9471 0 2
9472 127 0
9473 127 127
9474 126 127
9475 126 0
9476 127 0
9477 0 1
9478 0 126
9479 126 0
9480 0 2
9481 0 0
9482 127 127
9483 127 0
9484 1 0
9485 0 127
9486 0 1
9487 126 127
9488 0 2
9489 0 1
9490 127 127
9491 126 0
9492 0 2
9493 126 127
9494 0 126
9495 0 127
9496 127 127
9497 126 127
9498 0 0
9499 127 0
9500 0 3
9501 0 126
9502 0 2
9503 1 0
9504 126 0
9505 0 1
9506 127 0
9507 0 127
9508 0 126
9509 126 0
9510 2 0
9511 0 0
9512 127 0
9513 127 127
9514 3 0
9515 126 0
9516 0 127
9517 0 126
9518 127 0
9519 2 0
9520 0 1
9521 1 0
9522 126 0
9523 0 127
9524 0 126
9525 0 127
9526 2 0
9527 0 0
9528 0 126
9529 0 1
9530 127 0
9531 1 0
9532 0 2
9533 0 127
9534 0 126
9535 0 0
9536 0 3
9537 0 127
9538 126 0
9539 0 1
9540 127 0
9541 0 0
9542 0 126
9543 126 127
9544 0 1
9545 126 0
9546 0 4
9547 0 3
9548 0 0
9549 0 1
9550 0 127
9551 0 126
9552 0 0
9553 0 127
9554 0 126
9555 127 127
9556 0 2
9557 126 127
9558 1 0
9559 0 1
9560 127 0
9561 0 127
9562 2 0
9563 126 0
9564 0 126
9565 0 127
9566 1 0
9567 0 2
9568 0 1
9569 127 127
9570 0 2
9571 0 1
9572 2 0
9573 0 126
9574 0 0
9575 0 127
9576 0 1
9577 127 0
9578 126 127
9579 126 0
9580 1 0
9581 0 2
9582 0 126
9583 0 1
9584 2 0
9585 1 0
9586 0 127
9587 127 0
9588 0 2
9589 127 127
9590 126 127
9591 0 126
9592 0 0
9593 1 0
9594 127 127
9595 126 0
9596 0 1
9597 126 127
9598 0 127
9599 0 126
9600 127 0
9601 2 0
9602 126 0
9603 1 0
9604 0 127
9605 127 127
9606 127 0
9607 2 0
9608 126 0
9609 1 0
9610 126 127
9611 127 127
9612 0 126
9613 0 127
9614 127 0
9615 0 126
9616 126 127
9617 0 127
9618 0 126
9619 0 127
9620 127 127
9621 126 127
9622 0 2
9623 0 0
9624 126 0
9625 127 0
9626 0 126
9627 0 3
9628 127 127
9629 0 1
9630 0 4
9631 126 0
9632 127 0
9633 126 0
9634 0 0
9635 0 3
9636 0 2
9637 1 0
9638 127 0
9639 126 0
9640 127 0
9641 0 127
9642 126 127
9643 0 0
9644 1 0
9645 0 0
9646 0 3
9647 0 2
9648 1 0
9649 0 1
9650 126 0
9651 127 127
9652 126 127
9653 0 2
9654 0 0
9655 127 127
9656 0 3
9657 126 127
9658 127 127
9659 0 2
9660 0 3
9661 126 127
9662 0 126
9663 0 2
9664 0 3
9665 127 127
9666 126 127
9667 0 2
9668 127 127
9669 0 3
9670 0 2
9671 126 127
9672 0 127
9673 127 127
9674 126 127
9675 127 0
9676 1 0
9677 0 0
9678 126 0
9679 127 0
9680 126 0
9681 127 127
9682 127 0
9683 0 126
9684 0 3
9685 126 127
9686 127 127
9687 126 127
9688 0 127
9689 126 0
9690 0 126
9691 127 0
9692 0 2
9693 0 3
9694 126 0
9695 127 0
9696 0 1
9697 0 4
9698 0 127
9699 0 0
9700 0 126
9701 126 0
9702 127 0
9703 0 3
9704 127 127
9705 126 0
9706 126 127
9707 127 0
9708 0 127
9709 127 127
9710 126 0
9711 127 0
9712 0 2
9713 1 0
9714 0 126
9715 0 0
9716 1 0
9717 0 1
9718 126 127
9719 126 0
9720 0 2
9721 0 1
9722 127 0
9723 2 0
9724 0 127
9725 0 126
9726 0 0
9727 126 0
9728 127 127
9729 126 127
9730 127 0
9731 0 1
9732 127 127
9733 1 0
9734 0 127
9735 2 0
9736 0 0
9737 3 0
9738 126 127
9739 126 0
9740 0 1
9741 2 0
9742 127 127
9743 0 0
9744 126 127
9745 0 1
9746 127 127
9747 1 0
9748 127 0
9749 126 0
9750 126 127
9751 2 0
9752 0 0
9753 0 1
9754 127 127
9755 126 127
9756 127 127
9757 126 127
9758 1 0
9759 0 2
9760 0 1
9761 127 127
9762 127 0
9763 2 0
9764 126 127
9765 0 0
9766 0 126
9767 127 127
9768 126 127
9769 0 127
9770 0 126
9771 126 0
9772 0 127
9773 3 0
9774 127 0
9775 126 0
9776 0 1
9777 127 0
9778 127 127
9779 126 127
9780 127 127
9781 0 126
9782 2 0
9783 0 127
9784 126 0
9785 0 126
9786 1 0
9787 2 0
9788 126 127
9789 0 0
9790 3 0
9791 127 127
9792 0 1
9793 0 0
9794 126 127
9795 127 127
9796 0 1
9797 127 0
9798 126 0
9799 126 127
9800 0 0
9801 0 1
9802 0 0
9803 127 127
9804 2 0
9805 127 0
9806 0 127
9807 3 0
9808 126 127
9809 2 0
9810 127 127
9811 0 1
9812 0 0
9813 126 0
9814 0 1
9815 0 0
9816 3 0
9817 126 127
9818 2 0
9819 0 1
9820 1 0
9821 127 0
9822 126 0
9823 2 0
9824 0 0
9825 0 1
9826 0 126
9827 0 0
9828 127 0
9829 126 0
9830 3 0
9831 0 127
9832 0 126
9833 127 127
9834 127 0
9835 0 1
9836 0 0
9837 0 127
9838 126 127
9839 127 127
9840 0 126
9841 0 127
9842 0 126
9843 126 0
9844 0 1
9845 127 0
9846 0 0
9847 0 127
9848 2 0
9849 0 1
9850 126 0
9851 0 126
9852 0 127
9853 0 0
9854 3 0
9855 0 126
9856 2 0
9857 0 127
9858 127 0
9859 3 0
9860 0 126
9861 0 127
9862 126 0
9863 0 126
9864 2 0
9865 0 1
9866 0 127
9867 1 0
9868 0 126
9869 0 2
9870 126 127
9871 0 1
9872 0 127
9873 2 0
9874 127 0
9875 1 0
9876 2 0
9877 127 127
9878 0 126
9879 0 0
9880 126 0
9881 3 0
9882 127 0
9883 126 127
9884 126 0
9885 127 127
9886 126 127
9887 0 1
9888 2 0
9889 127 127
9890 127 0
9891 1 0
9892 0 127
9893 2 0
9894 126 0
9895 127 0
9896 1 0
9897 126 127
9898 0 126
9899 2 0
9900 0 0
9901 126 0
9902 0 1
9903 0 0
9904 3 0
9905 2 0
9906 127 0
9907 127 127
9908 0 1
9909 126 127
9910 1 0
9911 2 0
9912 0 127
9913 0 126
9914 0 0
9915 3 0
9916 0 1
9917 0 127
9918 0 0
9919 126 0
9920 127 127
9921 126 127
9922 127 0
9923 0 126
9924 2 0
9925 0 127
9926 127 127
9927 126 0
9928 126 127
9929 0 126
9930 127 0
9931 0 127
9932 126 0
9933 127 127
9934 3 0
9935 127 0
9936 0 1
9937 0 0
9938 2 0
9939 126 127
9940 0 1
9941 0 0
9942 0 1
9943 0 126
9944 126 0
9945 0 0
9946 127 127
9947 127 0
9948 126 0
9949 0 127
9950 126 127
9951 3 0
9952 127 0
9953 127 127
9954 0 126
9955 126 127
9956 0 1
9957 0 0
9958 126 0
9959 0 1
9960 0 0
9961 0 1
9962 127 127
9963 126 127
9964 0 0
9965 127 127
9966 127 0
9967 126 0
9968 0 127
9969 0 1
9970 0 0
9971 127 0
9972 126 127
9973 127 127
9974 126 0
9975 126 127
9976 2 0
9977 0 126
9978 3 0
9979 2 0
9980 0 127
9981 0 1
9982 0 0
9983 127 127
9984 0 126
9985 3 0
9986 0 127
9987 2 0
9988 0 126
9989 0 1
9990 126 127
9991 0 0
9992 127 127
9993 0 127
9994 3 0
9995 126 127
9996 2 0
9997 3 0
9998 0 1
9999 0 0
10000 0 1
10001 2 0
10002 127 0
10003 0 126
10004 1 0
10005 0 2
10006 0 1
10007 127 127
10008 126 0
10009 2 0
10010 0 0
10011 0 127
10012 126 127
10013 0 126
10014 0 1
10015 0 0
10016 0 1
10017 0 127
10018 127 127
10019 127 0
10020 126 0
10021 0 0
10022 127 0
10023 3 0
10024 2 0
10025 126 0
10026 0 1
10027 127 0
10028 126 0
10029 127 0
10030 1 0
10031 126 127
10032 127 127
10033 2 0
10034 1 0
10035 126 0
10036 0 126
10037 0 2
10038 0 1
10039 126 127
10040 127 0
10041 0 127
10042 127 127
10043 0 2
10044 126 0
10045 0 1
10046 126 127
10047 127 127
10048 126 127
10049 127 0
10050 126 0
10051 127 0
10052 0 2
10053 0 126
10054 0 127
10055 126 0
10056 0 1
10057 0 2
10058 0 126
10059 0 0
10060 1 0
10061 0 0
10062 0 3
10063 0 127
10064 127 0
10065 127 127
10066 126 0
10067 126 127
10068 0 126
10069 127 127
10070 0 127
10071 126 127
10072 127 0
10073 0 2
10074 0 126
10075 0 127
10076 0 126
10077 0 127
10078 126 0
10079 0 126
10080 127 0
10081 1 0
10082 0 0
10083 0 3
10084 126 0
10085 0 127
10086 127 0
10087 0 2
10088 126 0
10089 127 0
10090 127 127
10091 0 3
10092 0 2
10093 126 127
10094 0 126
10095 1 0
10096 126 0
10097 0 1
10098 0 2
10099 127 127
10100 127 0
10101 0 1
10102 0 2
10103 126 0
10104 126 127
10105 0 0
10106 1 0
10107 0 127
10108 0 1
10109 127 127
10110 126 127
10111 0 2
10112 0 1
10113 0 2
10114 127 127
10115 0 1
10116 126 127
10117 127 127
10118 127 0
10119 0 126
10120 0 127
10121 0 126
10122 0 127
10123 2 0
10124 0 126
10125 0 0
10126 0 127
10127 0 126
10128 126 0
10129 3 0
10130 126 127
10131 127 0
10132 126 0
10133 127 0
10134 0 1
10135 127 127
10136 0 127
10137 126 127
10138 2 0
10139 126 0
10140 127 0
10141 0 126
10142 0 0
10143 0 1
10144 0 127
10145 0 126
10146 126 0
10147 127 0
10148 127 127
10149 0 127
10150 0 126
10151 126 0
10152 126 127
10153 127 0
10154 0 127
10155 1 0
10156 127 127
10157 126 127
10158 127 127
10159 0 2
10160 0 126
10161 126 0
10162 0 1
10163 0 2
10164 0 127
10165 127 0
10166 0 126
10167 0 0
10168 126 127
10169 0 3
10170 0 2
10171 0 3
10172 127 127
10173 0 2
10174 126 127
10175 126 0
10176 0 3
10177 127 0
10178 126 0
10179 0 127
10180 127 127
10181 0 126
10182 0 1
10183 126 127
10184 0 4
10185 0 127
10186 0 0
10187 0 3
10188 127 127
10189 127 0
10190 126 127
10191 0 126
10192 0 2
10193 0 127
10194 0 3
10195 0 1
10196 0 0
10197 0 1
10198 127 127
10199 126 127
10200 0 4
10201 0 126
10202 0 127
10203 127 127
10204 0 3
10205 126 0
10206 127 0
10207 126 0
10208 0 0
10209 0 1
10210 0 4
10211 0 126
10212 0 127
10213 0 0
10214 0 126
10215 126 127
10216 0 127
10217 0 126
10218 0 127
10219 0 3
10220 0 2
10221 0 126
10222 0 127
10223 127 127
10224 0 3
10225 0 126
10226 126 127
10227 127 0
10228 127 127
10229 126 127
10230 0 1
10231 127 127
10232 126 0
10233 127 0
10234 0 4
10235 126 0
10236 0 3
10237 0 0
10238 0 127
10239 127 0
10240 0 2
10241 0 3
10242 0 2
10243 1 0
10244 126 127
10245 0 0
10246 1 0
10247 0 126
10248 126 0
10249 127 127
10250 126 127
10251 0 127
10252 127 0
10253 126 0
10254 127 127
10255 126 127
10256 0 0
10257 127 0
10258 126 0
10259 127 0
10260 127 127
10261 126 127
10262 0 126
10263 127 127
10264 126 0
10265 127 0
10266 0 127
10267 126 0
10268 127 0
10269 126 0
10270 0 126
10271 126 127
10272 0 3
10273 0 127
10274 0 126
10275 0 1
10276 127 127
10277 127 0
10278 0 127
10279 126 0
10280 0 126
10281 126 127
10282 0 127
10283 127 127
10284 0 0
10285 0 2
10286 0 126
10287 127 0
10288 0 3
10289 0 2
10290 126 127
10291 1 0
10292 127 127
10293 0 0
10294 0 127
10295 1 0
10296 126 0
10297 127 0
10298 126 0
10299 127 0
10300 0 126
10301 0 0
10302 0 127
10303 0 126
10304 0 3
10305 126 0
10306 126 127
10307 0 127
10308 0 1
10309 0 4
10310 127 127
10311 0 3
10312 0 4
10313 127 0
10314 126 127
10315 0 126
10316 0 0
10317 126 0
10318 0 1
10319 127 127
10320 0 3
10321 0 4
10322 0 0
10323 127 0
10324 126 127
10325 0 1
10326 126 0
10327 127 0
10328 0 3
10329 0 0
10330 0 1
10331 127 127
10332 0 0
10333 126 0
10334 0 2
10335 127 0
10336 0 3
10337 126 0
10338 0 2
10339 126 127
10340 0 3
10341 0 1
10342 127 127
10343 127 0
10344 0 4
10345 0 3
10346 0 4
10347 126 0
10348 0 127
10349 127 0
10350 0 126
10351 0 127
10352 126 0
10353 0 3
10354 127 0
10355 0 0
10356 0 126
10357 126 127
10358 127 127
10359 0 1
10360 0 127
10361 126 0
10362 0 0
10363 127 0
10364 126 127
10365 127 127
10366 0 1
10367 126 127
10368 0 126
10369 126 0
10370 0 127
10371 127 0
10372 126 0
10373 0 4
10374 127 0
10375 0 3
10376 0 126
10377 0 4
10378 127 127
10379 126 127
10380 126 0
10381 127 0
10382 126 0
10383 127 127
10384 126 127
10385 0 3
10386 0 0
10387 0 2
10388 0 3
10389 0 127
10390 0 2
10391 127 0
10392 0 3
10393 0 1
10394 126 0
10395 0 126
10396 0 127
10397 127 0
10398 0 4
10399 0 0
10400 0 126
10401 0 3
10402 127 127
10403 126 0
10404 126 127
10405 127 0
10406 0 127
10407 0 1
10408 0 0
10409 0 126
10410 0 127
10411 0 1
10412 0 126
10413 0 4
10414 0 3
10415 126 0
10416 0 127
10417 127 127
10418 126 127
10419 127 0
10420 0 0
10421 127 127
10422 0 1
10423 126 0
10424 127 0
10425 0 0
10426 0 126
10427 0 1
10428 0 127
10429 126 0
10430 0 126
10431 127 0
10432 0 4
10433 126 127
10434 127 127
10435 126 0
10436 0 127
10437 126 127
10438 0 126
10439 127 0
10440 126 0
10441 0 0
10442 0 127
10443 0 126
10444 0 1
10445 127 127
10446 0 127
10447 0 3
10448 126 127
10449 127 127
10450 126 127
10451 127 0
10452 0 126
10453 126 0
10454 127 127
10455 0 0
10456 0 2
10457 0 127
10458 0 126
10459 0 3
10460 127 0
10461 126 0
10462 0 2
10463 127 0
10464 126 0
10465 126 127
10466 127 0
10467 0 3
10468 126 0
10469 0 2
10470 0 3
10471 127 0
10472 127 127
10473 126 0
10474 127 0
10475 0 2
10476 0 127
10477 0 126
10478 126 127
10479 126 0
10480 127 127
10481 126 127
10482 0 3
10483 0 1
10484 127 0
10485 127 127
10486 126 127
10487 0 127
10488 127 127
10489 0 126
10490 0 127
10491 0 0
10492 126 127
10493 127 127
10494 0 2
10495 0 126
10496 1 0
10497 126 127
10498 0 0
10499 0 3
10500 0 1
10501 127 127
10502 0 127
10503 0 0
10504 126 127
10505 0 126
10506 127 127
10507 0 1
10508 0 4
10509 0 127
10510 0 126
10511 0 127
10512 0 126
10513 0 0
10514 0 3
10515 0 2
10516 0 3
10517 126 127
10518 0 2
10519 0 3
10520 0 2
10521 126 0
10522 0 127
10523 1 0
10524 0 0
10525 0 3
10526 0 126
10527 0 1
10528 0 127
10529 0 126
10530 0 127
10531 127 0
10532 126 0
10533 0 126
10534 0 4
10535 0 0
10536 127 0
10537 126 0
10538 0 127
10539 0 1
10540 0 3
10541 0 0
10542 0 126
10543 0 127
10544 0 2
10545 127 127
10546 0 3
10547 0 126
10548 126 127
10549 127 0
10550 0 2
10551 0 3
10552 0 1
10553 0 127
10554 126 0
10555 127 127
10556 126 127
10557 127 127
10558 127 0
10559 126 127
10560 127 127
10561 0 0
10562 0 1
10563 0 126
10564 0 0
10565 0 127
10566 0 1
10567 126 0
10568 126 127
10569 0 126
10570 0 0
10571 127 0
10572 127 127
10573 0 127
10574 0 2
10575 126 0
10576 1 0
10577 126 127
10578 0 0
10579 1 0
10580 127 0
10581 126 0
10582 0 0
10583 0 3
10584 0 1
10585 0 0
10586 127 127
10587 0 2
10588 127 0
10589 0 126
10590 126 0
10591 126 127
10592 0 127
10593 127 127
10594 126 127
10595 127 127
10596 127 0
10597 126 127
10598 1 0
10599 0 1
10600 0 126
10601 0 127
10602 126 0
10603 0 2
10604 0 1
10605 0 2
10606 0 1
10607 0 2
10608 0 1
10609 0 2
10610 0 1
10611 0 2
10612 0 1
10613 2 0
10614 0 126
10615 127 0
10616 1 0
10617 2 0
10618 0 0
10619 0 127
10620 127 127
10621 3 0
10622 126 127
10623 2 0
10624 0 126
10625 126 0
10626 127 127
10627 3 0
10628 0 1
10629 127 0
10630 2 0
10631 0 127
10632 1 0
10633 0 2
10634 0 126
10635 126 0
10636 126 127
10637 0 1
10638 127 0
10639 126 0
10640 0 2
10641 127 127
10642 127 0
10643 126 127
10644 0 0
10645 1 0
10646 0 1
10647 0 2
10648 127 127
10649 126 0
10650 126 127
10651 127 0
10652 0 0
10653 127 127
10654 0 127
10655 0 3
10656 0 2
10657 126 0
10658 1 0
10659 0 126
10660 0 1
10661 2 0
10662 0 127
10663 0 0
10664 3 0
10665 126 127
10666 2 0
10667 0 1
10668 127 127
10669 126 127
10670 0 0
10671 127 0
10672 0 126
10673 126 0
10674 0 1
10675 127 127
10676 0 127
10677 126 127
10678 127 0
10679 0 126
10680 0 127
10681 127 127
10682 126 127
10683 126 0
10684 127 127
10685 0 126
10686 127 0
10687 126 0
10688 0 127
10689 1 0
10690 0 2
10691 0 0
10692 1 0
10693 127 0
10694 126 127
10695 0 126
10696 127 127
10697 0 1
10698 126 0
10699 127 0
10700 126 0
10701 0 2
10702 127 0
10703 0 0
10704 1 0
10705 126 0
10706 0 1
10707 0 2
10708 126 127
10709 0 0
10710 0 127
10711 0 126
10712 127 127
10713 127 0
10714 0 127
10715 126 0
10716 127 0
10717 126 0
10718 1 0
10719 126 127
10720 0 0
10721 127 0
10722 127 127
10723 126 127
10724 0 3
10725 0 126
10726 127 127
10727 0 1
10728 126 0
10729 0 4
10730 127 0
10731 0 127
10732 0 0
10733 126 127
10734 0 126
10735 0 127
10736 0 3
10737 0 2
10738 126 0
10739 1 0
10740 127 127
10741 0 1
10742 127 0
10743 0 126
10744 126 127
10745 126 0
10746 2 0
10747 0 127
10748 127 127
10749 1 0
10750 127 0
10751 0 2
10752 0 1
10753 126 0
10754 0 2
10755 127 0
10756 126 127
10757 0 126
10758 126 0
10759 127 0
10760 0 1
10761 2 0
10762 0 127
10763 0 0
10764 0 126
10765 3 0
10766 0 1
10767 0 0
10768 2 0
10769 0 1
10770 0 127
10771 0 126
10772 126 0
10773 0 127
10774 0 126
10775 0 127
10776 1 0
10777 127 0
10778 0 126
10779 127 127
10780 2 0
10781 0 0
10782 126 127
10783 0 127
10784 127 127
10785 3 0
10786 126 127
10787 0 126
10788 0 1
10789 0 0
10790 126 0
10791 127 127
10792 0 1
10793 0 0
10794 0 1
10795 0 0
10796 0 1
10797 0 0
10798 2 0
10799 3 0
10800 0 1
10801 126 127
10802 0 127
10803 127 127
10804 0 126
10805 126 127
10806 0 0
10807 0 1
10808 0 127
10809 2 0
10810 1 0
10811 2 0
10812 0 0
10813 0 126
10814 3 0
10815 127 127
10816 126 127
10817 127 0
10818 2 0
10819 0 127
10820 0 126
10821 127 127
10822 0 1
10823 1 0
10824 0 127
10825 0 126
10826 2 0
10827 0 127
10828 0 126
10829 126 0
10830 0 127
10831 127 0
10832 1 0
10833 0 126
10834 0 2
10835 126 127
10836 0 0
10837 0 3
10838 127 127
10839 126 127
10840 126 0
10841 0 127
10842 127 0
10843 0 1
10844 127 127
10845 0 0
10846 126 0
10847 0 2
10848 126 127
10849 127 127
10850 127 0
10851 0 126
10852 0 3
10853 0 2
10854 0 3
10855 0 1
10856 0 127
10857 0 126
10858 0 4
10859 0 0
10860 0 1
10861 126 127
10862 126 0
10863 0 3
10864 127 127
10865 0 127
10866 0 4
10867 0 0
10868 0 126
10869 0 3
10870 0 1
10871 127 0
10872 126 0
10873 0 127
10874 126 127
10875 0 126
10876 0 127
10877 127 0
10878 0 0
10879 127 127
10880 0 1
10881 126 127
10882 127 127
10883 126 127
10884 127 127
10885 0 0
10886 0 1
10887 0 126
10888 0 127
10889 0 4
10890 126 0
10891 127 0
10892 126 0
10893 126 127
10894 127 0
10895 0 3
10896 127 127
10897 126 127
10898 0 0
10899 127 127
10900 126 0
10901 0 1
10902 0 0
10903 0 1
10904 0 0
10905 0 2
10906 0 126
10907 126 127
10908 0 127
10909 0 126
10910 1 0
10911 0 1
10912 127 127
10913 126 127
10914 127 0
10915 126 0
10916 0 127
10917 127 127
10918 0 2
10919 126 127
10920 127 0
10921 127 127
10922 126 0
10923 0 126
10924 127 0
10925 126 127
10926 0 127
10927 0 0
10928 127 127
10929 1 0
10930 0 1
10931 126 0
10932 126 127
10933 127 127
10934 0 126
10935 126 127
10936 127 127
10937 127 0
10938 2 0
10939 1 0
10940 126 127
10941 126 0
10942 127 0
10943 127 127
10944 0 2
10945 0 1
10946 126 0
10947 0 127
10948 126 127
10949 127 127
10950 0 2
10951 0 0
10952 0 126
10953 0 3
10954 0 2
10955 0 127
10956 1 0
10957 0 0
10958 0 126
10959 0 127
10960 127 0
10961 126 127
10962 0 126
10963 1 0
10964 0 0
10965 126 0
10966 0 127
10967 0 126
10968 1 0
10969 0 0
10970 0 127
10971 127 127
10972 126 127
10973 127 127
10974 127 0
10975 0 3
10976 0 1
10977 0 0
10978 0 126
10979 0 127
10980 0 2
10981 0 3
10982 126 127
10983 0 1
10984 0 0
10985 0 2
10986 0 3
10987 0 126
10988 127 127
10989 0 1
10990 0 0
10991 126 0
10992 126 127
10993 0 127
10994 0 1
10995 0 4
10996 0 0
10997 127 0
10998 0 3
10999 127 127
11000 0 1
11001 126 127
11002 0 126
11003 0 4
11004 0 0
11005 0 127
11006 126 0
11007 127 127
11008 126 127
11009 127 127
11010 0 1
11011 0 3
11012 126 127
11013 127 0
11014 127 127
11015 0 4
11016 0 3
11017 126 127
11018 0 4
11019 0 3
11020 0 0
11021 126 0
11022 0 1
11023 0 0
11024 127 127
11025 126 127
11026 127 0
11027 0 2
11028 0 3
11029 0 126
11030 0 127
11031 127 127
11032 0 126
11033 126 0
11034 0 1
11035 0 0
11036 0 2
11037 126 127
11038 1 0
11039 127 0
11040 0 0
11041 126 0
11042 127 0
11043 0 127
11044 126 0
11045 0 126
11046 1 0
11047 0 0
11048 127 0
11049 126 0
11050 0 127
11051 127 0
11052 0 126
11053 0 127
11054 0 126
11055 127 127
11056 0 3
11057 126 127
11058 127 127
11059 126 127
11060 0 127
11061 126 0
11062 0 126
11063 127 127
11064 126 127
11065 127 0
11066 126 0
11067 127 0
11068 0 2
11069 126 0
11070 127 127
11071 0 3
11072 126 127
11073 0 1
11074 0 0
11075 127 0
11076 127 127
11077 0 2
11078 126 127
11079 0 3
11080 0 2
11081 1 0
11082 0 127
11083 127 127
11084 126 127
11085 126 0
11086 127 0
11087 0 126
11088 126 0
11089 0 127
11090 127 127
11091 0 0
11092 1 0
11093 0 126
11094 0 127
11095 0 0
11096 1 0
11097 0 1
11098 127 0
11099 2 0
11100 0 126
11101 0 127
11102 1 0
11103 0 2
11104 0 1
11105 126 0
11106 127 0
11107 0 2
11108 126 127
11109 127 127
11110 126 127
11111 127 127
11112 126 0
11113 127 0
11114 0 126
11115 0 1
11116 126 0
11117 126 127
11118 2 0
11119 127 0
11120 126 0
11121 127 0
11122 0 0
11123 3 0
11124 127 127
11125 2 0
11126 126 0
11127 126 127
11128 3 0
11129 0 1
11130 0 0
11131 2 0
11132 0 127
11133 127 127
11134 0 1
11135 126 127
11136 127 127
11137 0 126
11138 0 0
11139 0 1
11140 0 127
11141 0 0
11142 0 126
11143 3 0
11144 0 1
11145 2 0
11146 0 0
11147 127 0
11148 3 0
11149 0 1
11150 0 0
11151 126 127
11152 0 127
11153 0 1
11154 126 0
11155 127 0
11156 126 0
11157 127 0
11158 2 0
11159 0 0
11160 126 0
11161 3 0
11162 127 127
11163 2 0
11164 127 0
11165 126 0
11166 0 126
11167 127 0
11168 3 0
11169 126 0
11170 126 127
11171 127 127
11172 127 0
11173 0 1
11174 2 0
11175 0 0
11176 126 0
11177 0 1
11178 126 127
11179 1 0
11180 0 127
11181 0 2
11182 127 0
11183 0 0
11184 0 126
11185 126 0
11186 1 0
11187 0 1
11188 127 0
11189 2 0
11190 127 127
11191 0 0
11192 3 0
11193 126 127
11194 127 127
11195 2 0
11196 126 0
11197 126 127
11198 127 0
11199 0 127
11200 0 1
11201 0 0
11202 0 126
11203 0 1
11204 126 0
11205 0 0
11206 127 0
11207 0 1
11208 127 127
11209 0 127
11210 1 0
11211 0 2
11212 126 0
11213 126 127
11214 127 0
11215 0 0
11216 127 127
11217 0 126
11218 126 127
11219 1 0
11220 127 127
11221 126 127
11222 0 1
11223 0 127
11224 126 0
11225 127 127
11226 127 0
11227 2 0
11228 1 0
11229 0 2
11230 0 126
11231 0 1
11232 0 2
11233 0 127
11234 126 127
11235 0 1
11236 126 0
11237 0 2
11238 0 126
11239 0 0
11240 0 3
11241 0 2
11242 1 0
11243 127 0
11244 126 0
11245 0 1
11246 0 2
11247 127 127
11248 0 1
11249 0 127
11250 126 127
11251 0 126
11252 2 0
11253 0 0
11254 127 0
11255 0 127
11256 3 0
11257 127 127
11258 2 0
11259 0 126
11260 0 1
11261 1 0
11262 0 127
11263 0 2
11264 126 0
11265 126 127
11266 0 0
11267 1 0
11268 0 1
11269 2 0
11270 1 0
11271 127 127
11272 127 0
11273 0 2
11274 126 127
11275 0 126
11276 0 0
11277 126 0
11278 127 0
11279 1 0
11280 126 0
11281 0 0
11282 127 0
11283 127 127
11284 0 127
11285 0 126
11286 0 3
11287 0 1
11288 0 4
11289 0 0
11290 0 3
11291 126 127
11292 126 0
11293 127 0
11294 0 2
11295 0 127
11296 0 126
11297 0 3
11298 0 2
11299 126 0
11300 0 3
11301 0 127
11302 0 1
11303 127 127
11304 126 127
11305 127 0
11306 127 127
11307 0 0
11308 126 127
11309 127 127
11310 126 127
11311 127 127
11312 126 127
11313 0 126
11314 127 127
11315 0 1
11316 0 0
11317 126 0
11318 126 127
11319 0 127
11320 127 0
11321 126 0
11322 127 127
11323 126 127
11324 127 127
11325 127 0
11326 0 1
11327 126 0
11328 0 0
11329 127 0
11330 0 126
11331 0 127
11332 126 127
11333 0 1
11334 0 0
11335 126 0
11336 0 126
11337 0 1
11338 0 0
11339 127 0
11340 0 1
11341 127 127
11342 126 127
11343 127 127
11344 126 0
11345 127 0
11346 0 0
11347 126 0
11348 127 0
11349 0 2
11350 126 127
11351 0 3
11352 126 0
11353 0 1
11354 127 0
11355 0 0
11356 0 1
11357 0 127
11358 0 126
11359 0 0
11360 126 0
11361 0 127
11362 0 1
11363 0 0
11364 0 126
11365 0 2
11366 127 127
11367 1 0
11368 0 0
11369 126 127
11370 0 3
11371 127 0
11372 127 127
11373 0 1
11374 0 4
11375 0 127
11376 0 126
11377 0 3
11378 0 4
11379 0 0
11380 0 3
11381 0 2
11382 0 127
11383 126 0
11384 126 127
11385 0 3
11386 0 2
11387 0 126
11388 127 127
11389 127 0
11390 0 3
11391 0 127
11392 0 126
11393 0 1
11394 0 4
11395 0 3
11396 126 0
11397 0 0
11398 126 127
11399 0 127
11400 127 127
11401 0 1
11402 127 0
11403 0 0
11404 126 0
11405 127 0
11406 0 126
11407 0 1
11408 0 4
11409 126 0
11410 0 127
11411 127 0
11412 0 3
11413 0 126
11414 0 0
11415 0 127
11416 126 0
11417 0 2
11418 127 0
11419 0 126
11420 0 3
11421 0 1
11422 0 4
11423 0 127
11424 0 3
11425 0 0
11426 0 1
11427 0 126
11428 126 0
11429 0 127
11430 127 0
11431 126 127
11432 0 126
11433 127 127
11434 126 0
11435 0 0
11436 0 127
11437 0 1
11438 0 126
11439 0 4
11440 0 3
11441 0 0
11442 0 127
11443 0 2
11444 127 0
11445 0 3
11446 0 126
11447 126 127
11448 126 0
11449 127 127
11450 0 127
11451 127 0
11452 126 0
11453 0 2
11454 1 0
11455 126 127
11456 0 0
11457 127 0
11458 127 127
11459 126 127
11460 127 127
11461 1 0
11462 0 0
11463 0 126
11464 1 0
11465 0 0
11466 126 0
11467 1 0
11468 127 0
11469 126 127
11470 0 0
11471 126 0
11472 127 127
11473 127 0
11474 0 3
11475 126 127
11476 0 2
11477 126 0
11478 0 3
11479 127 0
11480 0 2
11481 127 127
11482 0 3
11483 0 1
11484 126 0
11485 0 4
11486 0 3
11487 0 127
11488 0 126
11489 127 0
11490 126 127
11491 127 127
11492 0 127
11493 0 4
11494 0 0
11495 0 3
11496 126 0
11497 127 0
11498 0 126
11499 126 127
11500 0 127
11501 127 127
11502 126 0
11503 126 127
11504 0 126
11505 127 127
11506 0 1
11507 0 4
11508 0 0
11509 126 127
11510 127 0
11511 0 3
11512 0 1
11513 126 0
11514 127 127
11515 0 127
11516 127 0
11517 0 4
11518 126 127
11519 127 127
11520 0 0
11521 126 127
11522 126 0
11523 127 0
11524 126 0
11525 127 127
11526 126 127
11527 0 126
11528 127 127
11529 0 1
11530 127 0
11531 126 0
11532 126 127
11533 127 127
11534 0 0
11535 0 127
11536 127 0
11537 126 127
11538 0 126
11539 0 1
11540 126 0
11541 127 127
11542 126 127
11543 0 3
11544 0 4
11545 127 127
11546 126 127
11547 0 127
11548 127 127
11549 127 0
11550 126 127
11551 0 126
11552 127 127
11553 0 0
11554 0 1
11555 0 3
11556 0 0
11557 0 127
11558 126 0
11559 127 0
11560 0 2
11561 126 127
11562 127 127
11563 0 3
11564 126 0
11565 0 126
11566 0 127
11567 127 0
11568 0 2
11569 0 126
11570 0 3
11571 0 1
11572 126 127
11573 126 0
11574 0 127
11575 0 126
11576 0 4
11577 0 3
11578 127 127
11579 0 0
11580 0 2
11581 0 3
11582 0 1
11583 0 4
11584 0 127
11585 0 126
11586 0 127
11587 126 127
11588 0 3
11589 0 126
11590 0 0
11591 0 2
11592 1 0
11593 127 127
11594 0 1
11595 0 2
11596 0 1
11597 127 0
11598 126 127
11599 0 127
11600 0 126
11601 2 0
11602 1 0
11603 0 2
11604 0 0
11605 127 127
11606 0 3
11607 126 127
11608 0 127
11609 0 2
11610 126 0
11611 1 0
11612 127 127
11613 127 0
11614 126 0
11615 126 127
11616 0 0
11617 127 127
11618 1 0
11619 126 127
11620 0 126
11621 0 1
11622 127 127
11623 2 0
11624 0 127
11625 0 0
11626 126 127
11627 0 126
11628 127 0
11629 127 127
11630 0 127
11631 3 0
11632 126 0
11633 127 0
11634 2 0
11635 126 127
11636 126 0
11637 0 1
11638 1 0
11639 127 127
11640 2 0
11641 0 126
11642 126 127
11643 127 127
11644 126 127
11645 0 127
11646 1 0
11647 2 0
11648 127 0
11649 127 127
11650 126 0
11651 127 0
11652 0 0
11653 0 1
11654 1 0
11655 126 127
11656 127 127
11657 126 127
11658 0 126
11659 0 127
11660 127 127
11661 0 2
11662 0 1
11663 126 0
11664 127 0
11665 0 126
11666 0 127
11667 126 127
11668 0 126
11669 2 0
11670 0 0
11671 3 0
11672 2 0
11673 126 0
11674 127 127
11675 0 1
11676 126 127
11677 127 127
11678 126 127
11679 127 127
11680 0 127
11681 0 126
11682 1 0
11683 2 0
11684 0 0
11685 127 0
11686 0 1
11687 126 127
11688 1 0
11689 127 127
11690 2 0
11691 0 127
11692 126 127
11693 0 126
11694 127 127
11695 126 0
11696 0 0
11697 127 0
11698 0 1
11699 126 0
11700 1 0
11701 126 127
11702 2 0
11703 1 0
11704 127 0
11705 2 0
11706 127 127
11707 0 0
11708 126 127
11709 0 1
11710 127 127
11711 0 127
11712 0 126
11713 0 0
11714 0 1
11715 0 0
11716 126 127
11717 0 1
11718 1 0
11719 0 127
11720 0 126
11721 2 0
11722 1 0
11723 0 127
11724 0 2
11725 0 0
11726 0 3
11727 126 0
11728 0 1
11729 127 0
11730 0 4
11731 0 0
11732 126 0
11733 0 3
11734 0 2
11735 0 3
11736 127 0
11737 127 127
11738 0 1
11739 0 126
11740 126 127
11741 0 4
11742 0 0
11743 0 127
11744 127 127
11745 126 127
11746 0 126
11747 0 127
11748 0 126
11749 126 0
11750 0 1
11751 0 3
11752 0 127
11753 0 0
11754 127 127
11755 0 2
11756 1 0
11757 127 0
11758 0 126
11759 0 0
11760 126 127
11761 0 3
11762 127 127
11763 0 2
11764 1 0
11765 126 127
11766 0 1
11767 126 0
11768 0 2
11769 0 127
11770 0 1
11771 2 0
11772 0 126
11773 0 127
11774 127 0
11775 0 0
11776 3 0
11777 0 1
11778 2 0
11779 0 0
11780 0 1
11781 0 0
11782 127 127
11783 3 0
11784 2 0
11785 3 0
11786 2 0
11787 3 0
11788 0 126
11789 126 0
11790 2 0
11791 0 127
11792 0 126
11793 126 127
11794 0 1
11795 1 0
11796 2 0
11797 0 127
11798 127 127
11799 1 0
11800 126 127
11801 0 126
11802 0 2
11803 0 1
11804 127 127
11805 127 0
11806 126 0
11807 2 0
11808 127 0
11809 126 127
11810 126 0
11811 1 0
11812 127 127
11813 127 0
11814 126 127
11815 2 0
11816 126 0
11817 0 0
11818 0 1
11819 127 0
11820 0 127
11821 127 127
11822 0 0
11823 126 127
11824 3 0
11825 2 0
11826 0 1
11827 127 127
11828 0 126
11829 126 127
11830 127 127
11831 0 0
11832 126 0
11833 0 1
11834 127 0
11835 126 0
11836 0 0
11837 0 127
11838 127 0
11839 3 0
11840 126 127
11841 2 0
11842 127 127
11843 126 127
11844 0 1
11845 126 0
11846 127 0
11847 0 126
11848 0 0
11849 126 0
11850 3 0
11851 0 127
11852 0 126
11853 127 0
11854 0 1
11855 2 0
11856 0 127
11857 126 0
11858 1 0
11859 127 127
11860 0 2
11861 127 0
11862 0 1
11863 126 0
11864 126 127
11865 2 0
11866 0 126
11867 127 127
11868 1 0
11869 126 127
11870 0 127
11871 0 126
11872 127 127
11873 0 127
11874 0 126
11875 2 0
11876 0 0
11877 3 0
11878 127 0
11879 0 1
11880 2 0
11881 0 0
11882 0 1
11883 0 0
11884 0 1
11885 126 0
11886 0 127
11887 126 127
11888 0 0
11889 0 1
11890 127 0
11891 1 0
11892 0 126
11893 126 0
11894 127 0
11895 0 2
11896 126 0
11897 0 0
11898 0 3
11899 127 127
11900 0 127
11901 0 126
11902 0 2
11903 126 127
11904 127 127
11905 0 3
11906 0 127
11907 0 2
11908 0 126
11909 0 127
11910 0 126
11911 0 127
11912 0 126
11913 0 127
11914 127 0
11915 1 0
11916 0 0
11917 0 126
11918 1 0
11919 0 127
11920 126 127
11921 0 0
11922 1 0
11923 126 0
11924 0 0
11925 1 0
11926 0 126
11927 0 127
11928 0 1
11929 0 126
11930 127 127
11931 0 2
11932 126 127
11933 0 127
11934 0 126
11935 0 1
11936 0 127
11937 2 0
11938 1 0
11939 127 127
11940 0 126
11941 0 127
11942 0 2
11943 126 127
11944 0 126
11945 127 127
11946 127 0
11947 0 127
11948 126 0
11949 127 0
11950 0 126
11951 126 127
11952 126 0
11953 127 127
11954 127 0
11955 0 1
11956 126 0
11957 0 2
11958 0 127
11959 126 127
11960 0 0
11961 127 127
11962 0 126
11963 126 127
11964 0 3
11965 0 127
11966 0 1
11967 127 0
11968 0 0
11969 126 0
11970 127 127
11971 0 126
11972 127 0
11973 0 2
11974 126 0
11975 127 0
11976 0 3
11977 126 0
11978 126 127
11979 0 1
11980 127 0
11981 127 127
11982 126 127
11983 126 0
11984 0 127
11985 0 4
11986 127 0
11987 0 0
11988 0 3
11989 126 0
11990 127 0
11991 0 126
11992 127 127
11993 126 127
11994 0 127
11995 0 2
11996 1 0
11997 127 127
11998 126 127
11999 0 1
12000 0 126
12001 2 0
12002 0 0
12003 3 0
12004 127 127
12005 126 0
12006 126 127
12007 0 1
12008 0 0
12009 127 127
12010 126 127
12011 127 127
12012 127 0
12013 126 127
12014 2 0
12015 127 127
12016 126 127
12017 127 127
12018 3 0
12019 0 1
12020 0 0
12021 0 127
12022 0 1
12023 126 127
12024 2 0
12025 0 0
12026 3 0
12027 126 0
12028 0 126
12029 0 1
12030 127 0
12031 0 0
12032 2 0
12033 0 1
12034 0 127
12035 0 0
12036 0 1
12037 126 0
12038 1 0
12039 0 126
12040 2 0
12041 127 127
12042 127 0
12043 0 0
12044 3 0
12045 0 1
12046 0 0
12047 126 127
12048 0 1
12049 0 0
12050 127 127
12051 0 1
12052 126 127
12053 127 127
12054 2 0
12055 1 0
12056 0 127
12057 126 0
12058 0 126
12059 126 127
12060 0 127
12061 2 0
12062 127 0
12063 127 127
12064 0 126
12065 126 127
12066 0 127
12067 0 126
12068 0 127
12069 127 127
12070 126 0
12071 127 0
12072 126 127
12073 127 127
12074 126 0
12075 1 0
12076 126 127
12077 0 126
12078 0 127
12079 127 127
12080 0 2
12081 126 127
12082 0 1
12083 2 0
12084 0 126
12085 127 0
12086 1 0
12087 0 2
12088 127 127
12089 126 127
12090 0 127
12091 0 1
12092 0 126
12093 2 0
12094 0 127
12095 1 0
12096 2 0
12097 1 0
12098 0 2
12099 0 0
12100 1 0
12101 127 127
12102 0 1
12103 2 0
12104 0 126
12105 0 0
12106 3 0
12107 2 0
12108 0 127
12109 0 126
12110 0 127
12111 3 0
12112 0 126
12113 0 1
12114 0 0
12115 2 0
12116 3 0
12117 126 0
12118 2 0
12119 0 1
12120 0 127
12121 1 0
12122 126 127
12123 127 0
12124 127 127
12125 126 127
12126 0 126
12127 0 127
12128 126 0
12129 127 127
12130 0 126
12131 2 0
12132 0 127
12133 127 0
12134 126 0
12135 126 127
12136 127 127
12137 127 0
12138 126 0
12139 0 0
12140 0 1
12141 0 0
12142 127 0
12143 0 126
12144 126 0
12145 3 0
12146 0 127
12147 126 127
12148 0 1
12149 2 0
12150 0 0
12151 0 1
12152 127 0
12153 126 0
12154 127 127
12155 126 127
12156 0 126
12157 0 127
12158 0 126
12159 127 127
12160 1 0
12161 0 2
12162 127 0
12163 126 127
12164 127 127
12165 0 0
12166 0 3
12167 0 2
12168 1 0
12169 0 1
12170 2 0
12171 1 0
12172 2 0
12173 0 0
12174 3 0
12175 2 0
12176 126 127
12177 3 0
12178 2 0
12179 0 127
12180 0 1
12181 0 126
12182 127 127
12183 0 0
12184 126 127
12185 127 127
12186 126 0
12187 127 0
12188 126 0
12189 0 1
12190 126 127
12191 127 127
12192 0 127
12193 0 126
12194 126 127
12195 0 127
12196 1 0
12197 0 2
12198 127 127
12199 0 0
12200 0 3
12201 127 0
12202 126 127
12203 0 1
12204 127 127
12205 0 126
12206 126 127
12207 0 0
12208 0 1
12209 0 127
12210 0 0
12211 126 0
12212 0 2
12213 0 126
12214 1 0
12215 127 0
12216 0 0
12217 0 127
12218 1 0
12219 126 0
12220 0 0
12221 0 3
12222 127 127
12223 0 126
12224 0 2
12225 0 3
12226 126 127
12227 127 0
12228 0 2
12229 127 127
12230 0 3
12231 0 1
12232 0 4
12233 0 0
12234 0 127
12235 0 3
12236 126 0
12237 0 1
12238 0 4
12239 0 0
12240 126 127
12241 127 127
12242 0 126
12243 0 1
12244 0 0
12245 0 127
12246 127 0
12247 0 1
12248 0 3
12249 126 127
12250 0 126
12251 0 0
12252 0 2
12253 1 0
12254 0 0
12255 0 127
12256 126 0
12257 0 3
12258 0 1
12259 0 126
12260 127 127
12261 0 0
12262 126 127
12263 0 2
12264 0 127
12265 1 0
12266 0 1
12267 0 126
12268 0 2
12269 0 127
12270 127 0
12271 127 127
12272 126 0
12273 0 1
12274 127 0
12275 0 126
12276 126 0
12277 127 0
12278 126 0
12279 0 2
12280 0 0
12281 126 127
12282 0 3
12283 127 0
12284 0 127
12285 0 2
12286 1 0
12287 0 126
12288 0 1
12289 2 0
12290 0 0
12291 0 127
12292 0 126
12293 0 1
12294 1 0
12295 0 127
12296 2 0
12297 1 0
12298 2 0
12299 127 127
12300 0 0
12301 126 0
12302 3 0
12303 2 0
12304 0 126
12305 126 127
12306 127 0
12307 126 0
12308 127 0
12309 3 0
12310 126 0
12311 127 0
12312 0 127
12313 0 126
12314 127 127
12315 126 0
12316 127 0
12317 126 127
12318 126 0
12319 127 0
12320 126 0
12321 0 1
12322 0 127
12323 0 126
12324 0 127
12325 0 126
12326 127 0
12327 0 127
12328 127 127
12329 2 0
12330 0 126
12331 0 0
12332 0 127
12333 3 0
12334 126 127
12335 2 0
12336 126 0
12337 127 127
12338 3 0
12339 0 126
12340 126 127
12341 127 0
12342 0 1
12343 127 127
12344 2 0
12345 126 0
12346 126 127
12347 0 127
12348 0 0
12349 0 126
12350 127 0
12351 127 127
12352 0 127
12353 126 0
12354 0 126
12355 127 0
12356 0 127
12357 0 1
12358 126 127
12359 1 0
12360 126 0
12361 2 0
12362 1 0
12363 0 126
12364 0 127
12365 2 0
12366 1 0
12367 2 0
12368 0 126
12369 0 0
12370 0 1
12371 1 0
12372 0 2
12373 0 127
12374 127 0
12375 127 127
12376 126 0
12377 0 0
12378 1 0
12379 0 126
12380 0 127
12381 0 0
12382 1 0
12383 0 0
12384 126 127
12385 0 3
12386 0 126
12387 0 1
12388 0 0
12389 0 127
12390 0 1
12391 0 126
12392 0 127
12393 0 0
12394 0 126
12395 127 127
12396 0 1
12397 127 0
12398 0 4
12399 126 127
12400 0 0
12401 0 3
12402 126 0
12403 127 0
12404 126 0
12405 0 127
12406 127 0
12407 0 1
12408 0 4
12409 0 0
12410 0 3
12411 0 2
12412 0 3
12413 0 2
12414 127 127
12415 126 0
12416 0 126
12417 126 127
12418 127 127
12419 0 127
12420 0 3
12421 0 2
12422 0 126
12423 0 3
12424 126 127
12425 0 127
12426 127 0
12427 0 2
12428 127 127
12429 126 127
12430 1 0
12431 0 126
12432 0 0
12433 0 127
12434 0 3
12435 127 127
12436 0 1
12437 126 0
12438 0 126
12439 0 127
12440 0 4
12441 126 127
12442 0 126
12443 0 0
12444 0 127
12445 127 127
12446 127 0
12447 126 0
12448 0 126
12449 127 0
12450 0 1
12451 126 0
12452 0 127
12453 0 3
12454 0 126
12455 0 0
12456 127 0
12457 126 0
12458 127 0
12459 0 1
12460 0 0
12461 126 127
12462 0 2
12463 0 127
12464 126 0
12465 0 3
12466 0 2
12467 0 3
12468 127 0
12469 127 127
12470 0 126
12471 126 127
12472 0 2
12473 0 127
12474 126 0
12475 1 0
12476 127 127
12477 0 126
12478 0 0
12479 126 127
12480 127 127
12481 126 127
12482 1 0
12483 0 127
12484 0 126
12485 127 0
12486 0 1
12487 2 0
12488 0 0
12489 0 1
12490 0 127
12491 0 0
12492 126 0
12493 0 1
12494 127 127
12495 126 127
12496 127 127
12497 0 0
12498 0 1
12499 0 126
12500 0 0
12501 0 127
12502 126 127
12503 0 126
12504 127 127
12505 126 127
12506 0 127
12507 3 0
12508 0 1
12509 127 127
12510 127 0
12511 0 0
12512 0 1
12513 2 0
12514 1 0
12515 0 2
12516 126 127
12517 127 127
12518 0 126
12519 0 0
12520 126 0
12521 1 0
12522 126 127
12523 0 1
12524 0 127
12525 0 2
12526 127 127
12527 0 126
12528 126 127
12529 127 127
12530 0 0
12531 1 0
12532 0 0
12533 127 0
12534 1 0
12535 0 1
12536 0 2
12537 0 0
12538 126 127
12539 126 0
12540 0 127
12541 0 126
12542 1 0
12543 127 127
12544 0 127
12545 127 0
12546 0 126
12547 0 0
12548 126 127
12549 0 3
12550 126 0
12551 127 127
12552 0 1
12553 0 0
12554 0 127
12555 0 126
12556 0 1
12557 0 4
12558 127 0
12559 126 0
12560 126 127
12561 0 127
12562 0 0
12563 127 0
12564 126 0
12565 0 126
12566 127 127
12567 126 127
12568 127 127
12569 0 1
12570 127 0
12571 126 0
12572 0 3
12573 0 127
12574 0 0
12575 0 126
12576 0 127
12577 126 127
12578 127 127
12579 0 1
12580 127 0
12581 0 4
12582 0 0
12583 0 3
12584 0 1
12585 0 0
12586 126 0
12587 126 127
12588 0 126
12589 0 1
12590 127 0
12591 127 127
12592 0 127
12593 0 0
12594 0 2
12595 0 3
12596 0 2
12597 126 0
12598 0 3
12599 0 1
12600 126 127
12601 127 127
12602 0 126
12603 0 127
12604 126 127
12605 127 0
12606 126 0
12607 0 126
12608 0 0
12609 0 1
12610 0 127
12611 0 0
12612 0 2
12613 127 0
12614 126 0
12615 1 0
12616 0 126
12617 127 0
12618 0 0
12619 0 127
12620 1 0
12621 126 0
12622 0 0
12623 1 0
12624 127 127
12625 127 0
12626 0 126
12627 0 127
12628 0 0
12629 1 0
12630 126 127
12631 0 0
12632 0 3
12633 127 127
12634 126 0
12635 0 2
12636 126 127
12637 127 0
12638 1 0
12639 0 1
12640 0 2
12641 0 0
12642 0 126
12643 127 127
12644 1 0
12645 0 1
12646 0 2
12647 126 127
12648 127 127
12649 126 127
12650 0 1
12651 126 0
12652 127 0
12653 126 0
12654 2 0
12655 0 127
12656 0 126
12657 127 127
12658 126 127
12659 1 0
12660 127 0
12661 127 127
12662 126 127
12663 2 0
12664 127 127
12665 0 0
12666 3 0
12667 2 0
12668 0 1
12669 0 0
12670 0 1
12671 126 127
12672 1 0
12673 127 127
12674 126 0
12675 0 2
12676 0 1
12677 0 127
12678 126 127
12679 0 126
12680 127 127
12681 0 2
12682 0 0
12683 0 127
12684 0 126
12685 126 127
12686 127 127
12687 0 127
12688 126 127
12689 1 0
12690 0 126
12691 0 1
12692 2 0
12693 0 127
12694 127 127
12695 126 127
12696 127 127
12697 1 0
12698 126 127
12699 0 2
12700 127 127
12701 127 0
12702 126 127
12703 0 126
12704 126 0
12705 127 127
12706 0 1
12707 126 127
12708 0 127
12709 2 0
12710 0 0
12711 0 1
12712 0 126
12713 127 127
12714 1 0
12715 126 127
12716 0 2
12717 127 0
12718 126 0
12719 0 0
12720 0 127
12721 1 0
12722 127 127
12723 0 1
12724 126 127
12725 0 126
12726 0 2
12727 127 0
12728 0 0
12729 1 0
12730 127 127
12731 0 127
12732 0 1
12733 2 0
12734 0 126
12735 126 127
12736 0 127
12737 127 127
12738 0 0
12739 126 0
12740 0 126
12741 126 127
12742 0 127
12743 0 1
12744 1 0
12745 127 127
12746 2 0
12747 127 0
12748 1 0
12749 126 0
12750 126 127
12751 127 0
12752 0 126
12753 126 0
12754 0 127
12755 127 127
12756 2 0
12757 127 0
12758 1 0
12759 126 0
12760 2 0
12761 0 126
12762 1 0
12763 0 2
12764 0 0
12765 1 0
12766 127 0
12767 0 127
12768 0 0
12769 1 0
12770 126 127
12771 0 126
12772 126 0
12773 0 1
12774 127 0
12775 0 2
12776 126 0
12777 127 0
12778 127 127
12779 0 1
12780 126 127
12781 127 127
12782 0 2
12783 0 1
12784 2 0
12785 1 0
12786 126 127
12787 126 0
12788 0 2
12789 127 0
12790 0 1
12791 126 0
12792 2 0
12793 127 0
12794 127 127
12795 0 0
12796 0 127
12797 126 0
12798 0 126
12799 126 127
12800 127 127
12801 0 1
12802 126 127
12803 0 0
12804 3 0
12805 0 1
12806 0 127
12807 0 126
12808 127 127
12809 126 127
12810 127 0
12811 126 0
12812 127 0
12813 2 0
12814 127 127
12815 126 127
12816 126 0
12817 0 127
12818 127 127
12819 1 0
12820 127 0
12821 0 2
12822 126 0
12823 127 0
12824 126 127
12825 127 127
12826 126 127
12827 0 126
12828 0 127
12829 127 127
12830 0 126
12831 0 0
12832 126 0
12833 0 127
12834 126 127
12835 0 3
12836 0 126
12837 127 127
12838 127 0
12839 0 2
12840 0 127
12841 0 3
12842 0 1
12843 0 0
12844 0 126
12845 126 127
12846 0 127
12847 0 126
12848 0 2
12849 127 127
12850 1 0
12851 126 0
12852 0 0
12853 0 127
12854 0 3
12855 127 0
12856 0 1
12857 126 0
12858 0 0
12859 127 0
12860 0 2
12861 126 127
12862 1 0
12863 0 126
12864 126 0
12865 0 127
12866 0 1
12867 127 0
12868 127 127
12869 0 2
12870 0 126
12871 126 127
12872 0 0
12873 0 127
12874 127 127
12875 126 127
12876 0 126
12877 126 0
12878 0 127
12879 1 0
12880 0 0
12881 0 126
12882 127 127
12883 127 0
12884 0 127
12885 1 0
12886 0 1
12887 126 0
12888 2 0
12889 0 126
12890 1 0
12891 0 127
12892 0 2
12893 126 127
12894 0 1
12895 127 0
12896 0 126
12897 127 127
12898 126 0
12899 0 127
12900 0 126
12901 0 127
12902 127 0
12903 126 127
12904 127 127
12905 0 2
12906 126 0
12907 0 0
12908 126 127
12909 0 126
12910 1 0
12911 0 127
12912 0 1
12913 127 0
12914 126 0
12915 127 127
12916 127 0
12917 0 126
12918 126 0
12919 127 0
12920 126 127
12921 126 0
12922 2 0
12923 127 0
12924 127 127
12925 126 0
12926 1 0
12927 0 2
12928 0 1
12929 127 0
12930 126 0
12931 0 127
12932 2 0
12933 127 0
12934 126 127
12935 1 0
12936 0 2
12937 0 1
12938 127 127
12939 126 127
12940 127 127
12941 2 0
12942 0 126
12943 126 0
12944 0 0
12945 126 127
12946 127 127
12947 0 1
12948 1 0
12949 127 0
12950 126 127
12951 0 2
12952 0 127
12953 0 1
12954 126 0
12955 0 2
12956 0 126
12957 0 127
12958 0 1
12959 2 0
12960 127 127
12961 127 0
12962 126 127
12963 127 127
12964 0 126
12965 126 127
12966 126 0
12967 0 127
12968 127 0
12969 126 0
12970 0 126
12971 0 0
12972 127 0
12973 3 0
12974 127 127
12975 0 1
12976 0 0
12977 126 0
12978 0 127
12979 126 127
12980 2 0
12981 3 0
12982 0 126
12983 127 0
12984 126 0
12985 127 0
12986 127 127
12987 126 127
12988 0 127
12989 0 126
12990 126 0
12991 127 0
12992 0 127
12993 0 126
12994 127 127
12995 126 0
12996 0 127
12997 126 127
12998 2 0
12999 127 0
13000 3 0
13001 126 0
13002 0 126
13003 127 0
13004 126 0
13005 0 127
13006 2 0
13007 0 1
13008 0 0
13009 3 0
13010 0 1
13011 2 0
13012 127 0
13013 0 0
13014 3 0
13015 0 1
13016 126 0
13017 127 127
13018 0 0
13019 0 126
13020 0 1
13021 126 127
13022 0 0
13023 127 127
13024 0 127
13025 0 126
13026 127 0
13027 0 127
13028 2 0
13029 0 126
13030 126 127
13031 0 1
13032 1 0
13033 0 127
13034 127 127
13035 126 127
13036 0 2
13037 0 1
13038 0 126
13039 2 0
13040 1 0
13041 0 2
13042 0 0
13043 0 3
13044 0 127
13045 127 127
13046 0 2
13047 0 126
13048 1 0
13049 0 127
13050 0 126
13051 0 0
13052 0 3
13053 126 0
13054 0 127
13055 0 1
13056 0 4
13057 0 0
13058 127 0
13059 0 126
13060 126 127
13061 0 127
13062 0 3
13063 0 2
13064 127 127
13065 0 3
13066 0 2
13067 1 0
13068 0 1
13069 2 0
13070 0 0
13071 0 126
13072 0 127
13073 126 127
13074 127 127
13075 126 127
13076 127 127
13077 126 127
13078 127 127
13079 126 0
13080 126 127
13081 0 1
13082 127 127
13083 127 0
13084 126 0
13085 1 0
13086 126 127
13087 2 0
13088 0 0
13089 3 0
13090 0 126
13091 2 0
13092 0 127
13093 127 0
13094 127 127
13095 0 1
13096 126 0
13097 0 0
13098 127 0
13099 0 1
13100 126 0
13101 1 0
13102 0 126
13103 2 0
13104 0 127
13105 0 126
13106 126 127
13107 1 0
13108 127 0
13109 0 2
13110 126 0
13111 0 127
13112 127 127
13113 127 0
13114 0 0
13115 1 0
13116 0 1
13117 126 0
13118 2 0
13119 127 0
13120 126 0
13121 1 0
13122 0 2
13123 127 0
13124 0 1
13125 0 2
13126 0 1
13127 126 0
13128 0 2
13129 126 127
13130 127 127
13131 0 126
13132 0 127
13133 0 0
13134 0 3
13135 127 0
13136 0 126
13137 0 1
13138 0 0
13139 126 127
13140 0 127
13141 0 126
13142 127 127
13143 0 1
13144 0 4
13145 0 127
13146 0 126
13147 0 127
13148 0 126
13149 0 127
13150 0 3
13151 126 0
13152 0 126
13153 127 0
13154 0 4
13155 0 0
13156 126 0
13157 0 1
13158 0 127
13159 126 127
13160 0 0
13161 0 3
13162 127 127
13163 127 0
13164 0 1
13165 0 0
13166 0 2
13167 0 3
13168 0 1
13169 0 0
13170 126 0
13171 0 2
13172 0 126
13173 0 3
13174 127 0
13175 126 0
13176 127 0
13177 0 127
13178 126 127
13179 0 1
13180 127 127
13181 0 0
13182 0 1
13183 126 127
13184 126 0
13185 0 0
13186 0 2
13187 0 126
13188 1 0
13189 0 1
13190 0 127
13191 0 126
13192 0 2
13193 127 127
13194 0 127
13195 0 126
13196 127 0
13197 0 0
13198 126 127
13199 126 0
13200 127 0
13201 0 3
13202 0 127
13203 127 127
13204 126 0
13205 0 1
13206 0 126
13207 0 127
13208 0 4
13209 0 3
13210 0 126
13211 127 0
13212 126 127
13213 0 0
13214 0 127
13215 0 1
13216 0 126
13217 0 0
13218 0 127
13219 127 127
13220 126 0
13221 127 0
13222 0 126
13223 126 0
13224 0 127
13225 126 127
13226 127 127
13227 0 1
13228 0 4
13229 0 3
13230 0 126
13231 0 127
13232 0 4
13233 0 126
13234 126 127
13235 0 3
13236 127 127
13237 127 0
13238 0 4
13239 0 0
13240 0 1
13241 126 0
13242 127 0
13243 0 3
13244 126 0
13245 126 127
13246 0 4
13247 0 3
13248 0 4
13249 127 0
13250 0 127
13251 127 127
13252 0 3
13253 0 0
13254 0 1
13255 126 127
13256 0 4
13257 0 126
13258 0 127
13259 0 3
13260 127 127
13261 0 4
13262 0 3
13263 126 127
13264 127 127
13265 0 0
13266 126 127
13267 126 0
13268 0 126
13269 127 0
13270 0 2
13271 0 3
13272 0 127
13273 0 126
13274 0 2
13275 127 127
13276 0 3
13277 0 2
13278 126 127
13279 1 0
13280 0 1
13281 2 0
13282 0 127
13283 127 127
13284 0 0
13285 126 0
13286 0 126
13287 126 127
13288 127 0
13289 126 0
13290 0 1
13291 0 0
13292 3 0
13293 2 0
13294 127 127
13295 0 127
13296 3 0
13297 0 126
13298 0 1
13299 2 0
13300 127 0
13301 0 0
13302 126 0
13303 0 1
13304 0 127
13305 0 126
13306 0 0
13307 126 127
13308 0 1
13309 0 127
13310 127 0
13311 0 126
13312 0 0
13313 126 0
13314 127 127
13315 0 127
13316 127 0
13317 0 1
13318 0 126
13319 1 0
13320 0 2
13321 126 127
13322 126 0
13323 127 127
13324 0 127
13325 0 1
13326 126 127
13327 0 2
13328 127 127
13329 0 1
13330 0 126
13331 0 2
13332 0 127
13333 0 1
13334 0 126
13335 127 0
13336 126 127
13337 0 127
13338 2 0
13339 127 127
13340 126 127
13341 1 0
13342 126 0
13343 127 0
13344 2 0
13345 127 127
13346 0 126
13347 1 0
13348 0 2
13349 126 127
13350 127 127
13351 0 1
13352 0 127
13353 126 0
13354 126 127
13355 127 127
13356 2 0
13357 126 127
13358 127 127
13359 1 0
13360 2 0
13361 0 126
13362 126 127
13363 0 0
13364 3 0
13365 0 1
13366 127 127
13367 2 0
13368 126 127
13369 127 0
13370 127 127
13371 1 0
13372 2 0
13373 0 127
13374 1 0
13375 0 126
13376 126 127
13377 0 2
13378 0 0
13379 1 0
13380 0 1
13381 2 0
13382 126 0
13383 0 127
13384 0 126
13385 0 0
13386 127 0
13387 0 1
13388 127 127
13389 1 0
13390 0 2
13391 0 1
13392 126 127
13393 126 0
13394 127 0
13395 127 127
13396 126 127
13397 127 127
13398 0 127
13399 126 127
13400 127 127
13401 126 127
13402 0 126
13403 2 0
13404 0 0
13405 127 127
13406 0 127
13407 3 0
13408 0 1
13409 2 0
13410 1 0
13411 126 0
13412 0 126
13413 127 0
13414 126 0
13415 126 127
13416 0 2
13417 127 0
13418 0 1
13419 127 127
13420 126 127
13421 0 127
13422 127 127
13423 0 2
13424 126 0
13425 126 127
13426 127 0
13427 127 127
13428 0 126
13429 0 1
13430 2 0
13431 0 127
13432 126 0
13433 0 0
13434 3 0
13435 0 1
13436 2 0
13437 1 0
13438 2 0
13439 127 0
13440 126 127
13441 0 126
13442 0 127
13443 126 0
13444 127 0
13445 1 0
13446 2 0
13447 0 0
13448 0 1
13449 126 0
13450 127 127
13451 126 127
13452 127 0
13453 126 0
13454 127 127
13455 126 127
13456 0 0
13457 0 126
13458 3 0
13459 0 1
13460 0 0
13461 2 0
13462 127 127
13463 0 127
13464 0 126
13465 3 0
13466 2 0
13467 126 127
13468 127 127
13469 126 127
13470 3 0
13471 0 127
13472 127 0
13473 2 0
13474 3 0
13475 0 1
13476 0 126
13477 127 127
13478 0 0
13479 0 1
13480 0 127
13481 126 0
13482 127 0
13483 2 0
13484 126 0
13485 0 126
13486 1 0
13487 0 2
13488 126 127
13489 127 0
13490 126 0
13491 127 127
13492 126 127
13493 0 127
13494 127 0
13495 127 127
13496 0 0
13497 126 0
13498 0 3
13499 0 126
13500 127 0
13501 126 127
13502 126 0
13503 0 127
13504 127 0
13505 0 126
13506 0 1
13507 126 0
13508 127 0
13509 127 127
13510 0 4
13511 0 0
13512 0 3
13513 126 0
13514 0 2
13515 0 127
13516 0 3
13517 0 2
13518 0 3
13519 127 0
13520 0 126
13521 0 2
13522 0 3
13523 0 2
13524 1 0
13525 0 0
13526 126 127
13527 1 0
13528 0 0
13529 126 0
13530 0 3
13531 127 127
13532 127 0
13533 0 2
13534 126 0
13535 0 127
13536 126 127
13537 0 126
13538 127 127
13539 127 0
13540 0 3
13541 0 2
13542 126 0
13543 0 127
13544 126 127
13545 127 127
13546 1 0
13547 0 126
13548 0 127
13549 126 127
13550 127 0
13551 126 0
13552 127 127
13553 127 0
13554 126 127
13555 127 127
13556 126 0
13557 0 126
13558 0 1
13559 0 127
13560 0 2
13561 0 126
13562 0 127
13563 0 1
13564 0 2
13565 0 126
13566 0 1
13567 126 127
13568 127 127
13569 2 0
13570 0 0
13571 0 127
13572 3 0
13573 0 1
13574 0 126
13575 0 0
13576 0 1
13577 2 0
13578 127 0
13579 0 0
13580 126 0
13581 0 1
13582 1 0
13583 0 2
13584 0 127
13585 126 127
13586 0 0
13587 127 127
13588 0 3
13589 126 127
13590 0 1
13591 127 0
13592 0 4
13593 0 3
13594 0 126
13595 126 0
13596 0 4
13597 127 127
13598 127 0
13599 0 127
13600 126 0
13601 0 0
13602 127 0
13603 0 126
13604 0 3
13605 126 127
13606 126 0
13607 127 127
13608 127 0
13609 126 0
13610 0 127
13611 127 0
13612 126 127
13613 126 0
13614 127 0
13615 0 1
13616 0 126
13617 127 127
13618 126 0
13619 127 0
13620 126 127
13621 127 127
13622 0 127
13623 126 0
13624 0 0
13625 0 1
13626 0 126
13627 0 0
13628 127 0
13629 0 127
13630 0 1
13631 126 0
13632 0 4
13633 0 0
13634 127 0
13635 0 1
13636 0 126
13637 0 127
13638 0 126
13639 0 3
13640 0 127
13641 126 127
13642 0 0
13643 0 1
13644 0 126
13645 0 127
13646 127 127
13647 0 126
13648 126 127
13649 0 0
13650 126 0
13651 0 1
13652 0 0
13653 127 127
13654 0 1
13655 126 127
13656 127 127
13657 0 0
13658 127 0
13659 126 0
13660 0 1
13661 126 127
13662 127 127
13663 0 127
13664 0 0
13665 0 1
13666 127 0
13667 126 127
13668 0 4
13669 0 0
13670 0 3
13671 126 0
13672 0 1
13673 127 127
13674 126 127
13675 0 0
13676 127 127
13677 0 126
13678 127 0
13679 0 1
13680 0 127
13681 126 127
13682 126 0
13683 0 126
13684 0 0
13685 0 127
13686 127 127
13687 0 1
13688 0 0
13689 0 1
13690 0 0
13691 127 0
13692 126 127
13693 126 0
13694 127 0
13695 127 127
13696 126 0
13697 126 127
13698 0 126
13699 127 127
13700 0 127
13701 0 126
13702 0 127
13703 0 126
13704 0 1
13705 0 4
13706 127 0
13707 126 0
13708 0 0
13709 0 1
13710 127 0
13711 126 127
13712 127 127
13713 0 127
13714 0 0
13715 0 1
13716 126 0
13717 127 0
13718 0 0
13719 126 0
13720 0 3
13721 126 127
13722 0 126
13723 127 127
13724 0 127
13725 126 127
13726 0 126
13727 0 1
13728 127 127
13729 127 0
13730 126 127
13731 0 0
13732 126 0
13733 0 1
13734 0 0
13735 0 2
13736 127 0
13737 0 3
13738 127 127
13739 126 127
13740 126 0
13741 0 2
13742 127 0
13743 0 127
13744 0 3
13745 0 2
13746 127 127
13747 0 3
13748 0 126
13749 0 127
13750 126 0
13751 0 1
13752 0 4
13753 0 0
13754 0 1
13755 127 0
13756 0 3
13757 126 0
13758 126 127
13759 0 0
13760 0 126
13761 127 127
13762 0 2
13763 126 127
13764 0 127
13765 1 0
13766 0 0
13767 1 0
13768 0 1
13769 0 2
13770 127 0
13771 126 0
13772 0 0
13773 127 127
13774 127 0
13775 126 127
13776 127 127
13777 0 3
13778 126 0
13779 0 1
13780 0 4
13781 0 0
13782 0 3
13783 0 126
13784 0 2
13785 126 127
13786 0 127
13787 0 3
13788 0 126
13789 127 127
13790 126 127
13791 0 1
13792 127 127
13793 0 0
13794 0 127
13795 0 1
13796 126 127
13797 127 127
13798 0 126
13799 126 127
13800 0 127
13801 0 0
13802 0 2
13803 127 127
13804 0 3
13805 127 0
13806 0 126
13807 0 1
13808 0 4
13809 0 0
13810 0 3
13811 0 2
13812 0 127
13813 126 127
13814 0 3
13815 0 126
13816 0 1
13817 0 127
13818 127 127
13819 0 4
13820 0 126
13821 126 0
13822 0 127
13823 0 126
13824 0 3
13825 0 4
13826 127 0
13827 0 3
13828 0 0
13829 126 0
13830 0 1
13831 127 0
13832 0 4
13833 126 127
13834 126 0
13835 0 3
13836 127 0
13837 0 4
13838 0 0
13839 0 127
13840 0 3
13841 0 126
13842 0 2
13843 127 127
13844 126 0
13845 0 127
13846 126 127
13847 1 0
13848 127 0
13849 126 0
13850 127 0
13851 0 0
13852 1 0
13853 0 126
13854 0 0
13855 1 0
13856 0 1
13857 0 127
13858 127 127
13859 126 0
13860 2 0
13861 0 0
13862 0 126
13863 126 127
13864 127 127
13865 0 1
13866 0 127
13867 0 0
13868 0 126
13869 127 0
13870 126 127
13871 126 0
13872 3 0
13873 0 127
13874 127 127
13875 0 126
13876 2 0
13877 3 0
13878 126 127
13879 2 0
13880 127 127
13881 0 127
13882 126 127
13883 0 126
13884 127 0
13885 3 0
13886 2 0
13887 127 127
13888 0 127
13889 3 0
13890 0 126
13891 0 127
13892 0 126
13893 126 0
13894 126 127
13895 0 127
13896 0 1
13897 2 0
13898 127 127
13899 127 0
13900 126 0
13901 127 0
13902 126 127
13903 0 0
13904 127 127
13905 126 0
13906 0 126
13907 0 127
13908 127 0
13909 126 0
13910 0 1
13911 1 0
13912 0 2
13913 0 0
13914 1 0
13915 0 126
13916 0 127
13917 126 127
13918 127 0
13919 0 0
13920 1 0
13921 0 0
13922 0 3
13923 0 126
13924 0 2
13925 0 3
13926 0 1
13927 0 127
13928 0 4
13929 0 3
13930 0 0
13931 127 127
13932 126 0
13933 0 126
13934 0 1
13935 0 127
13936 0 4
13937 126 127
13938 0 126
13939 0 3
13940 0 127
13941 0 126
13942 127 0
13943 0 127
13944 126 0
13945 0 0
13946 127 0
13947 0 2
13948 1 0
13949 0 126
13950 127 127
13951 0 0
13952 0 3
13953 0 127
13954 126 127
13955 126 0
13956 0 1
13957 0 0
13958 127 0
13959 0 1
13960 0 126
13961 0 127
13962 0 4
13963 0 126
13964 0 3
13965 127 127
13966 126 0
13967 127 0
13968 0 127
13969 126 127
13970 127 127
13971 0 126
13972 126 127
13973 126 0
13974 127 0
13975 127 127
13976 126 0
13977 126 127
13978 0 127
13979 127 127
13980 0 0
13981 127 0
13982 126 0
13983 126 127
13984 0 126
13985 127 127
13986 127 0
13987 0 127
13988 0 126
13989 0 1
13990 0 0
13991 126 127
13992 0 2
13993 0 127
13994 0 126
13995 1 0
13996 0 1
13997 126 0
13998 127 127
13999 2 0
14000 0 0
14001 0 127
14002 0 1
14003 0 0
14004 0 1
14005 0 126
14006 1 0
14007 2 0
14008 0 0
14009 3 0
14010 127 0
14011 126 127
14012 127 127
14013 0 127
14014 0 1
14015 126 0
14016 0 0
14017 126 127
14018 127 0
14019 0 126
14020 126 0
14021 127 0
14022 127 127
14023 126 0
14024 0 1
14025 0 127
14026 127 0
14027 2 0
14028 126 127
14029 126 0
14030 0 0
14031 0 1
14032 0 126
14033 1 0
14034 127 0
14035 2 0
14036 0 0
14037 0 1
14038 0 127
14039 127 127
14040 0 0
14041 126 0
14042 3 0
14043 0 126
14044 0 1
14045 126 127
14046 127 0
14047 0 0
14048 0 1
14049 0 0
14050 0 127
14051 2 0
14052 3 0
14053 2 0
14054 126 0
14055 0 126
14056 127 0
14057 0 1
14058 0 0
14059 127 127
14060 3 0
14061 0 127
14062 126 127
14063 0 1
14064 0 0
14065 0 126
14066 0 127
14067 2 0
14068 126 0
14069 0 1
14070 0 126
14071 0 0
14072 0 1
14073 127 127
14074 0 0
14075 127 0
14076 126 0
14077 127 0
14078 3 0
14079 2 0
14080 0 127
14081 3 0
14082 126 0
14083 127 0
14084 2 0
14085 126 0
14086 126 127
14087 0 1
14088 1 0
14089 127 0
14090 0 126
14091 2 0
14092 126 0
14093 0 0
14094 3 0
14095 127 0
14096 2 0
14097 3 0
14098 0 1
14099 2 0
14100 126 0
14101 1 0
14102 2 0
14103 1 0
14104 127 127
14105 0 127
14106 127 0
14107 126 127
14108 0 126
14109 2 0
14110 126 0
14111 127 0
14112 0 127
14113 0 126
14114 1 0
14115 2 0
14116 0 0
14117 0 1
14118 126 0
14119 127 127
14120 0 127
14121 1 0
14122 126 127
14123 0 126
14124 2 0
14125 127 127
14126 0 127
14127 126 127
14128 0 0
14129 0 126
14130 0 127
14131 127 0
14132 3 0
14133 0 1
14134 126 0
14135 2 0
14136 1 0
14137 0 126
14138 127 127
14139 126 127
14140 0 2
14141 0 0
14142 127 127
14143 0 3
14144 0 127
14145 127 0
14146 0 126
14147 0 127
14148 0 2
14149 126 0
14150 0 3
14151 126 127
14152 0 1
14153 127 127
14154 0 0
14155 127 0
14156 126 127
14157 0 1
14158 0 0
14159 126 0
14160 0 126
14161 127 0
14162 0 1
14163 0 4
14164 0 127
14165 0 0
14166 0 3
14167 0 126
14168 0 127
14169 126 0
14170 0 2
14171 1 0
14172 0 0
14173 0 126
14174 127 0
14175 0 3
14176 0 127
14177 0 1
14178 0 4
14179 0 3
14180 0 0
14181 127 127
14182 0 126
14183 126 127
14184 0 2
14185 0 127
14186 126 0
14187 0 3
14188 0 2
14189 127 0
14190 126 0
14191 127 127
14192 127 0
14193 0 126
14194 126 127
14195 127 127
14196 126 0
14197 126 127
14198 0 3
14199 0 2
14200 1 0
14201 0 1
14202 2 0
14203 0 0
14204 127 127
14205 3 0
14206 127 0
14207 126 127
14208 0 1
14209 2 0
14210 1 0
14211 127 127
14212 126 0
14213 2 0
14214 0 127
14215 1 0
14216 0 2
14217 0 126
14218 127 0
14219 0 0
14220 1 0
14221 0 1
14222 0 127
14223 0 2
14224 126 127
14225 0 0
14226 127 127
14227 0 126
14228 0 3
14229 126 0
14230 127 0
14231 0 1
14232 0 4
14233 0 3
14234 0 0
14235 126 0
14236 127 0
14237 0 2
14238 0 127
14239 126 0
14240 1 0
14241 127 0
14242 126 127
14243 0 1
14244 2 0
14245 126 0
14246 127 0
14247 127 127
14248 126 127
14249 1 0
14250 2 0
14251 126 0
14252 1 0
14253 127 0
14254 126 0
14255 0 126
14256 0 2
14257 0 127
14258 127 127
14259 0 126
14260 0 0
14261 1 0
14262 0 127
14263 0 126
14264 127 0
14265 0 1
14266 0 2
14267 0 1
14268 126 127
14269 126 0
14270 0 127
14271 127 127
14272 126 127
14273 0 126
14274 127 0
14275 127 127
14276 0 2
14277 126 127
14278 0 0
14279 0 3
14280 0 2
14281 0 3
14282 0 1
14283 0 0
14284 0 2
14285 0 3
14286 126 0
14287 0 2
14288 127 127
14289 126 127
14290 127 0
14291 0 3
14292 126 0
14293 0 127
14294 127 0
14295 0 126
14296 127 127
14297 0 2
14298 126 0
14299 0 3
14300 126 127
14301 127 0
14302 126 0
14303 0 1
14304 0 127
14305 0 0
14306 127 0
14307 127 127
14308 0 1
14309 0 4
14310 0 126
14311 126 0
14312 0 127
14313 126 127
14314 0 3
14315 0 126
14316 127 0
14317 0 0
14318 0 127
14319 126 0
14320 0 2
14321 0 3
14322 0 126
14323 127 127
14324 126 127
14325 127 0
14326 127 127
14327 126 0
14328 0 127
14329 126 127
14330 127 0
14331 0 126
14332 0 2
14333 127 127
14334 1 0
14335 126 0
14336 0 0
14337 0 3
14338 0 1
14339 127 0
14340 0 127
14341 126 127
14342 0 126
14343 126 0
14344 0 127
14345 0 126
14346 127 0
14347 126 0
14348 127 127
14349 0 0
14350 127 0
14351 0 127
14352 0 126
14353 0 2
14354 1 0
14355 0 0
14356 126 0
14357 127 0
14358 126 127
14359 0 127
14360 0 126
14361 0 3
14362 127 127
14363 0 1
14364 126 127
14365 0 0
14366 127 127
14367 126 0
14368 126 127
14369 127 127
14370 126 127
14371 127 127
14372 0 1
14373 0 127
14374 0 0
14375 0 2
14376 0 3
14377 126 127
14378 0 1
14379 127 127
14380 126 127
14381 0 0
14382 0 1
14383 0 0
14384 0 126
14385 127 0
14386 0 1
14387 0 127
14388 126 0
14389 0 0
14390 0 126
14391 0 2
14392 0 3
14393 0 2
14394 1 0
14395 0 1
14396 127 0
14397 0 2
14398 127 127
14399 126 127
14400 126 0
14401 0 0
14402 0 127
14403 127 0
14404 0 126
14405 126 0
14406 1 0
14407 127 0
14408 0 127
14409 127 127
14410 0 126
14411 0 0
14412 1 0
14413 0 127
14414 126 127
14415 0 126
14416 0 1
14417 127 127
14418 2 0
14419 126 0
14420 1 0
14421 126 127
14422 0 127
14423 0 126
14424 0 127
14425 2 0
14426 127 0
14427 0 0
14428 127 127
14429 0 1
14430 126 127
14431 1 0
14432 0 2
14433 0 0
14434 126 0
14435 127 0
14436 1 0
14437 0 1
14438 0 126
14439 0 2
14440 127 127
14441 0 1
14442 0 2
14443 0 0
14444 1 0
14445 126 0
14446 0 0
14447 126 127
14448 0 3
14449 0 2
14450 0 3
14451 0 2
14452 127 127
14453 0 127
14454 0 3
14455 127 0
14456 0 126
14457 126 127
14458 0 2
14459 1 0
14460 0 1
14461 0 127
14462 0 126
14463 127 127
14464 0 2
14465 0 127
14466 126 127
14467 127 127
14468 126 127
14469 0 1
14470 2 0
14471 127 127
14472 126 127
14473 126 0
14474 0 126
14475 127 0
14476 0 0
14477 3 0
14478 126 0
14479 2 0
14480 3 0
14481 0 1
14482 0 0
14483 0 1
14484 0 127
14485 127 0
14486 0 0
14487 0 126
14488 0 127
14489 2 0
14490 126 0
14491 3 0
14492 127 0
14493 2 0
14494 0 1
14495 127 127
14496 1 0
14497 0 2
14498 126 127
14499 0 1
14500 0 126
14501 0 2
14502 127 127
14503 0 0
14504 1 0
14505 0 127
14506 0 126
14507 0 0
14508 126 127
14509 126 0
14510 127 0
14511 127 127
14512 1 0
14513 0 1
14514 0 2
14515 0 127
14516 0 1
14517 2 0
14518 1 0
14519 126 127
14520 0 2
14521 0 1
14522 2 0
14523 127 127
14524 1 0
14525 2 0
14526 0 126
14527 1 0
14528 126 127
14529 0 127
14530 0 126
14531 127 127
14532 126 0
14533 126 127
14534 0 127
14535 0 126
14536 0 127
14537 2 0
14538 0 0
14539 0 1
14540 0 0
14541 0 1
14542 1 0
14543 127 127
14544 2 0
14545 126 127
14546 127 127
14547 0 126
14548 126 127
14549 127 0
14550 1 0
14551 0 2
14552 0 1
14553 0 127
14554 126 0
14555 127 127
14556 0 126
14557 0 127
14558 126 127
14559 127 127
14560 0 126
14561 126 127
14562 127 127
14563 0 2
14564 0 1
14565 0 2
14566 0 127
14567 126 127
14568 0 0
14569 127 0
14570 127 127
14571 0 3
14572 0 2
14573 1 0
14574 126 0
14575 127 0
14576 0 1
14577 0 2
14578 0 1
14579 126 0
14580 0 126
14581 0 127
14582 2 0
14583 126 127
14584 0 0
14585 0 1
14586 1 0
14587 127 0
14588 127 127
14589 0 126
14590 126 0
14591 127 0
14592 126 0
14593 126 127
14594 127 0
14595 0 127
14596 2 0
14597 0 0
14598 0 1
14599 127 127
14600 126 127
14601 126 0
14602 0 0
14603 127 0
14604 0 1
14605 0 126
14606 0 127
14607 1 0
14608 0 2
14609 127 127
14610 126 0
14611 0 1
14612 127 0
14613 126 127
14614 0 126
14615 0 127
14616 127 127
14617 2 0
14618 126 127
14619 126 0
14620 0 0
14621 3 0
14622 127 0
14623 0 126
14624 0 127
14625 127 127
14626 0 1
14627 0 126
14628 0 127
14629 0 126
14630 2 0
14631 1 0
14632 2 0
14633 126 0
14634 126 127
14635 127 0
14636 0 127
14637 126 0
14638 127 0
14639 126 0
14640 0 0
14641 0 126
14642 0 127
14643 127 127
14644 127 0
14645 126 127
14646 3 0
14647 2 0
14648 0 1
14649 0 126
14650 1 0
14651 126 0
14652 0 127
14653 127 0
14654 127 127
14655 126 0
14656 0 126
14657 0 2
14658 0 127
14659 0 126
14660 0 1
14661 0 2
14662 0 0
14663 127 0
14664 0 127
14665 126 127
14666 126 0
14667 127 127
14668 1 0
14669 0 1
14670 0 2
14671 0 0
14672 1 0
14673 0 126
14674 0 127
14675 127 0
14676 0 0
14677 0 126
14678 126 127
14679 1 0
14680 0 0
14681 1 0
14682 0 0
14683 0 3
14684 0 127
14685 127 127
14686 126 127
14687 126 0
14688 0 126
14689 0 1
14690 0 4
14691 127 127
14692 127 0
14693 126 127
14694 126 0
14695 0 127
14696 127 0
14697 0 0
14698 127 127
14699 126 127
14700 0 126
14701 0 3
14702 0 127
14703 127 127
14704 0 126
14705 0 2
14706 126 0
14707 0 3
14708 0 127
14709 127 0
14710 0 126
14711 0 1
14712 0 0
14713 0 2
14714 0 127
14715 126 0
14716 0 126
14717 127 0
14718 0 3
14719 126 127
14720 0 127
14721 126 0
14722 0 2
14723 127 0
14724 1 0
14725 126 0
14726 0 126
14727 127 127
14728 126 127
14729 127 127
14730 0 1
14731 2 0
14732 126 127
14733 127 0
14734 0 127
14735 1 0
14736 2 0
14737 1 0
14738 2 0
14739 0 0
14740 127 127
14741 126 0
14742 127 0
14743 126 127
14744 3 0
14745 0 126
14746 2 0
14747 0 1
14748 127 127
14749 1 0
14750 126 0
14751 0 2
14752 127 0
14753 0 0
14754 1 0
14755 126 127
14756 127 127
14757 0 1
14758 0 2
14759 0 127
14760 0 126
14761 126 127
14762 127 127
14763 0 1
14764 126 127
14765 2 0
14766 0 0
14767 127 127
14768 126 127
14769 0 127
14770 127 127
14771 0 1
14772 1 0
14773 0 2
14774 126 0
14775 0 126
14776 0 1
14777 126 127
14778 127 127
14779 127 0
14780 126 127
14781 2 0
14782 0 127
14783 0 0
14784 127 127
14785 126 0
14786 127 0
14787 0 1
14788 0 0
14789 3 0
14790 126 127
14791 0 1
14792 0 126
14793 127 127
14794 2 0
14795 126 127
14796 127 127
14797 0 127
14798 126 0
14799 0 0
14800 127 0
14801 0 126
14802 0 127
14803 126 0
14804 126 127
14805 0 1
14806 1 0
14807 0 126
14808 2 0
14809 0 0
14810 127 127
14811 0 127
14812 127 0
14813 3 0
14814 0 1
14815 126 0
14816 126 127
14817 0 126
14818 2 0
14819 1 0
14820 127 0
14821 127 127
14822 126 127
14823 2 0
14824 126 0
14825 1 0
14826 127 127
14827 126 127
14828 0 2
14829 127 127
14830 0 127
14831 0 1
14832 0 2
14833 0 0
14834 1 0
14835 127 0
14836 0 1
14837 2 0
14838 0 126
14839 1 0
14840 2 0
14841 126 127
14842 127 127
14843 1 0
14844 126 127
14845 0 127
14846 0 126
14847 127 127
14848 2 0
14849 126 127
14850 126 0
14851 0 127
14852 1 0
14853 0 126
14854 127 0
14855 2 0
14856 0 0
14857 3 0
14858 127 127
14859 126 0
14860 0 1
14861 2 0
14862 0 127
14863 0 0
14864 127 0
14865 0 1
14866 0 0
14867 0 1
14868 0 0
14869 3 0
14870 0 1
14871 126 0
14872 0 0
14873 0 126
14874 126 127
14875 2 0
14876 127 0
14877 0 1
14878 0 127
14879 0 126
14880 0 0
14881 126 0
14882 127 127
14883 0 1
14884 126 127
14885 0 0
14886 3 0
14887 0 1
14888 2 0
14889 127 0
14890 0 0
14891 0 1
14892 0 0
14893 0 127
14894 3 0
14895 0 1
14896 127 127
14897 126 127
14898 2 0
14899 0 126
14900 0 127
14901 126 0
14902 127 127
14903 1 0
14904 127 0
14905 126 127
14906 2 0
14907 0 0
14908 127 127
14909 0 126
14910 0 127
14911 3 0
14912 0 126
14913 126 127
14914 2 0
14915 0 1
14916 127 127
14917 126 0
14918 126 127
14919 127 127
14920 127 0
14921 0 0
14922 0 127
14923 0 126
14924 0 127
14925 126 127
14926 3 0
14927 2 0
14928 126 0
14929 3 0
14930 127 127
14931 0 1
14932 127 0
14933 0 126
14934 126 0
14935 0 127
14936 0 0
14937 0 126
14938 2 0
14939 0 127
14940 0 126
14941 0 1
14942 1 0
14943 0 127
14944 0 2
14945 0 0
14946 0 126
14947 126 127
14948 1 0
14949 127 0
14950 0 0
14951 0 3
14952 0 2
14953 1 0
14954 0 127
14955 0 1
14956 0 2
14957 126 0
14958 0 126
14959 127 127
14960 0 0
14961 126 127
14962 127 0
14963 1 0
14964 127 127
14965 0 0
14966 0 3
14967 126 127
14968 0 1
14969 0 4
14970 127 127
14971 0 127
14972 0 126
14973 0 127
14974 126 127
14975 0 126
14976 126 0
14977 0 0
14978 127 127
14979 0 1
14980 0 127
14981 0 0
14982 0 126
14983 0 1
14984 0 0
14985 0 1
14986 127 0
14987 126 0
14988 0 127
14989 0 0
14990 127 0
14991 0 1
14992 0 126
14993 0 3
14994 0 127
14995 0 0
14996 126 0
14997 0 2
14998 127 0
14999 1 0
15000 126 0
15001 0 126
15002 126 127
15003 0 0
15004 1 0
15005 0 1
15006 0 127
15007 127 127
15008 0 126
15009 0 127
15010 0 2
15011 126 127
15012 127 0
15013 0 126
15014 0 0
15015 127 127
15016 0 127
15017 126 0
15018 1 0
15019 127 0
15020 0 0
15021 126 127
15022 127 127
15023 126 127
15024 126 0
15025 1 0
15026 0 1
15027 127 0
15028 0 2
15029 127 127
15030 0 126
15031 126 127
15032 127 127
15033 0 0
15034 0 127
15035 1 0
15036 126 127
15037 0 1
15038 127 127
15039 2 0
15040 0 126
15041 0 127
15042 0 126
15043 0 127
15044 126 127
15045 0 0
15046 127 127
15047 126 0
15048 127 0
15049 0 126
15050 0 127
15051 126 127
15052 0 1
15053 0 0
15054 3 0
15055 0 1
15056 126 0
15057 127 127
15058 0 126
15059 126 127
15060 127 127
15061 2 0
15062 127 0
15063 126 0
15064 127 0
15065 0 127
15066 126 0
15067 127 0
15068 126 0
15069 1 0
15070 126 127
15071 0 2
15072 0 1
15073 0 2
15074 127 127
15075 0 1
15076 0 2
15077 126 127
15078 0 1
15079 2 0
15080 1 0
15081 127 127
15082 0 2
15083 0 126
15084 0 127
15085 127 0
15086 0 0
15087 1 0
15088 0 1
15089 126 127
15090 0 126
15091 0 127
15092 126 0
15093 0 2
15094 0 126
15095 127 0
15096 127 127
15097 0 1
15098 126 0
15099 126 127
15100 2 0
15101 127 127
15102 127 0
15103 0 0
15104 126 127
15105 3 0
15106 126 0
15107 0 127
15108 127 127
15109 0 1
15110 2 0
15111 1 0
15112 0 2
15113 0 0
15114 126 127
15115 0 3
15116 0 2
15117 127 127
15118 127 0
15119 126 0
15120 0 3
15121 126 127
15122 0 126
15123 0 127
15124 0 126
15125 127 0
15126 0 127
15127 127 127
15128 0 2
15129 1 0
15130 0 1
15131 0 126
15132 0 127
15133 126 0
15134 127 0
15135 2 0
15136 126 127
15137 127 127
15138 0 0
15139 0 126
15140 126 0
15141 126 127
15142 127 127
15143 127 0
15144 126 127
15145 127 127
15146 0 1
15147 0 127
15148 0 126
15149 126 0
15150 126 127
15151 0 127
15152 1 0
15153 2 0
15154 127 127
15155 0 0
15156 0 1
15157 127 0
15158 0 126
15159 0 0
15160 3 0
15161 126 0
15162 127 0
15163 126 0
15164 0 1
15165 127 0
15166 126 127
15167 127 127
15168 0 0
15169 126 127
15170 127 127
15171 126 127
15172 0 127
15173 2 0
15174 0 126
15175 0 1
15176 0 0
15177 126 0
15178 127 127
15179 0 127
15180 3 0
15181 0 126
15182 126 127
15183 127 127
15184 127 0
15185 0 1
15186 126 0
15187 2 0
15188 126 127
15189 0 0
15190 0 127
15191 0 1
15192 127 127
15193 1 0
15194 127 0
15195 2 0
15196 126 127
15197 0 0
15198 3 0
15199 0 126
15200 2 0
15201 127 127
15202 126 0
15203 0 1
15204 126 127
15205 127 127
15206 127 0
15207 126 127
15208 127 127
15209 126 0
15210 126 127
15211 1 0
15212 0 2
15213 127 0
15214 0 1
15215 126 0
15216 2 0
15217 1 0
15218 127 127
15219 127 0
15220 126 127
15221 127 127
15222 2 0
15223 0 127
15224 1 0
15225 0 126
15226 0 2
15227 0 1
15228 0 127
15229 0 2
15230 0 126
15231 126 0
15232 0 127
15233 0 1
15234 127 0
15235 2 0
15236 0 126
15237 0 0
15238 3 0
15239 126 0
15240 2 0
15241 127 0
15242 0 127
15243 0 1
15244 0 0
15245 126 0
15246 0 1
15247 126 127
15248 127 0
15249 127 127
15250 126 0
15251 127 0
15252 0 0
15253 0 126
15254 126 127
15255 0 1
15256 127 127
15257 0 127
15258 0 126
15259 1 0
15260 126 127
15261 0 127
15262 127 127
15263 0 126
15264 0 2
15265 0 1
15266 126 127
15267 0 127
15268 0 2
15269 0 0
15270 0 126
15271 127 127
15272 126 0
15273 0 127
15274 0 126
15275 127 0
15276 0 3
15277 0 127
15278 0 126
15279 126 0
15280 127 0
15281 0 127
15282 0 126
15283 126 127
15284 0 1
15285 0 4
15286 0 0
15287 126 0
15288 127 127
15289 0 1
15290 0 127
15291 126 127
15292 0 0
15293 127 127
15294 0 3
15295 126 127
15296 127 127
15297 127 0
15298 0 126
15299 126 0
15300 126 127
15301 127 0
15302 127 127
15303 0 127
15304 0 2
15305 0 126
15306 1 0
15307 126 127
15308 0 127
15309 0 1
15310 2 0
15311 127 127
15312 126 127
15313 1 0
15314 127 127
15315 2 0
15316 126 0
15317 127 0
15318 126 127
15319 126 0
15320 1 0
15321 0 2
15322 127 0
15323 0 126
15324 126 0
15325 127 0
15326 0 0
15327 127 127
15328 126 0
15329 0 127
15330 0 3
15331 126 127
15332 0 2
15333 1 0
15334 127 127
15335 0 126
15336 127 0
15337 126 127
15338 127 127
15339 0 127
15340 126 127
15341 0 0
15342 126 0
15343 1 0
15344 0 0
15345 127 127
15346 1 0
15347 127 0
15348 0 0
15349 126 0
15350 0 126
15351 127 0
15352 126 0
15353 1 0
15354 0 0
15355 0 127
15356 127 0
15357 0 126
15358 126 127
15359 0 127
15360 0 3
15361 127 127
15362 0 2
15363 1 0
15364 126 127
15365 127 127
15366 0 0
15367 126 0
15368 0 3
15369 0 2
15370 127 0
15371 0 126
15372 0 3
15373 126 0
15374 126 127
15375 0 1
15376 0 127
15377 0 4
15378 0 3
15379 0 4
15380 0 0
15381 127 0
15382 0 1
15383 126 0
15384 127 127
15385 127 0
15386 0 0
15387 0 1
15388 126 0
15389 127 0
15390 0 3
15391 0 0
15392 0 1
15393 126 127
15394 126 0
15395 0 126
15396 127 0
15397 0 0
15398 0 2
15399 0 3
15400 127 127
15401 0 1
15402 126 0
15403 126 127
15404 0 127
15405 0 0
15406 0 1
15407 0 0
15408 0 126
15409 0 2
15410 127 0
15411 1 0
15412 127 127
15413 126 127
15414 0 1
15415 0 2
15416 0 127
15417 126 0
15418 127 127
15419 126 127
15420 0 0
15421 127 0
15422 126 0
15423 127 127
15424 1 0
15425 126 127
15426 0 126
15427 0 127
15428 127 0
15429 127 127
15430 0 0
15431 1 0
15432 0 1
15433 0 2
15434 0 0
15435 0 126
15436 1 0
15437 126 0
15438 0 1
15439 127 0
15440 126 127
15441 127 127
15442 2 0
15443 1 0
15444 126 127
15445 0 2
15446 126 0
15447 0 127
15448 0 1
15449 127 0
15450 127 127
15451 0 126
15452 0 2
15453 0 1
15454 0 2
15455 0 127
15456 126 0
15457 0 1
15458 0 126
15459 126 127
15460 127 0
15461 2 0
15462 0 127
15463 0 126
15464 0 127
15465 126 0
15466 127 127
15467 1 0
15468 127 0
15469 126 0
15470 2 0
15471 126 127
15472 0 0
15473 0 126
15474 0 127
15475 127 0
15476 0 1
15477 1 0
15478 2 0
15479 127 127
15480 1 0
15481 2 0
15482 126 0
15483 127 0
15484 0 0
15485 0 126
15486 126 0
15487 126 127
15488 0 1
15489 127 127
15490 126 127
15491 127 127
15492 127 0
15493 126 0
15494 0 127
15495 0 126
15496 126 127
15497 1 0
15498 127 127
15499 0 2
15500 127 0
15501 126 0
15502 0 127
15503 127 0
15504 0 0
15505 1 0
15506 126 127
15507 127 127
15508 126 127
15509 127 127
15510 0 1
15511 2 0
15512 126 127
15513 126 0
15514 127 127
15515 127 0
15516 0 126
15517 0 127
15518 0 126
15519 126 0
15520 0 0
15521 0 1
15522 126 127
15523 127 127
15524 126 127
15525 127 0
15526 0 0
15527 0 127
15528 0 1
15529 0 0
15530 0 1
15531 127 127
15532 126 0
15533 1 0
15534 127 0
15535 0 2
15536 0 1
15537 126 0
15538 126 127
15539 0 126
15540 127 0
15541 126 0
15542 127 0
15543 0 127
15544 2 0
15545 127 127
15546 0 126
15547 0 127
15548 1 0
15549 0 2
15550 126 127
15551 0 0
15552 126 0
15553 0 3
15554 0 126
15555 0 2
15556 0 3
15557 0 127
15558 127 127
15559 0 1
15560 0 126
15561 0 4
15562 0 3
15563 0 127
15564 126 127
15565 0 4
15566 127 0
15567 126 0
15568 0 0
15569 127 127
15570 126 127
15571 0 1
15572 0 0
15573 0 1
15574 127 127
15575 127 0
15576 126 0
15577 0 0
15578 0 3
15579 0 126
15580 127 0
15581 0 1
15582 0 127
15583 0 4
15584 0 0
15585 126 127
15586 127 127
15587 0 3
15588 0 1
15589 0 126
15590 0 4
15591 0 127
15592 0 3
15593 126 127
15594 127 127
15595 126 0
15596 127 0
15597 126 127
15598 0 4
15599 126 0
15600 0 0
15601 127 127
15602 0 1
15603 126 127
15604 0 126
15605 127 127
15606 126 127
15607 127 0
15608 0 127
15609 0 126
15610 0 3
15611 126 0
15612 127 0
15613 0 127
15614 0 4
15615 126 0
15616 127 127
15617 0 0
15618 127 0
15619 126 127
15620 0 1
15621 127 127
15622 0 3
15623 0 4
15624 0 0
15625 126 127
15626 127 127
15627 0 126
15628 0 1
15629 0 127
15630 0 3
15631 0 0
15632 0 126
15633 0 1
15634 0 127
15635 126 127
15636 126 0
15637 127 127
15638 126 127
15639 0 126
15640 0 127
15641 0 4
15642 127 127
15643 0 126
15644 127 0
15645 126 127
15646 0 3
15647 0 4
15648 0 3
15649 127 127
15650 126 0
15651 127 0
15652 0 127
15653 126 0
15654 0 0
15655 0 1
15656 126 127
15657 127 0
15658 0 0
15659 0 1
15660 0 126
15661 0 127
15662 0 0
15663 126 0
15664 0 126
15665 0 127
15666 0 2
15667 127 127
15668 0 3
15669 0 126
15670 126 127
15671 0 127
15672 0 2
15673 127 127
15674 0 126
15675 0 3
15676 126 127
15677 0 127
15678 127 0
15679 127 127
15680 126 0
15681 0 2
15682 1 0
15683 0 0
15684 127 0
15685 0 126
15686 126 127
15687 1 0
15688 126 0
15689 0 0
15690 127 127
15691 1 0
15692 0 1
15693 2 0
15694 126 127
15695 0 127
15696 0 126
15697 1 0
15698 2 0
15699 127 0
15700 126 0
15701 1 0
15702 0 127
15703 0 126
15704 0 127
15705 127 0
15706 2 0
15707 1 0
15708 127 127
15709 126 127
15710 2 0
15711 126 0
15712 0 0
15713 3 0
15714 127 0
15715 127 127
15716 0 126
15717 126 127
15718 0 127
15719 126 0
15720 127 127
15721 2 0
15722 126 127
15723 127 0
15724 0 1
15725 0 0
15726 3 0
15727 0 126
15728 0 127
15729 2 0
15730 0 126
15731 3 0
15732 0 127
15733 0 1
15734 126 0
15735 127 127
15736 126 127
15737 127 0
15738 0 126
15739 0 0
15740 2 0
15741 0 127
15742 127 127
15743 126 127
15744 127 127
15745 0 1
15746 126 0
15747 127 0
15748 0 126
15749 0 127
15750 1 0
15751 2 0
15752 0 0
15753 126 127
15754 0 126
15755 0 127
15756 0 126
15757 0 127
15758 127 127
15759 126 0
15760 126 127
15761 0 1
15762 0 126
15763 0 0
15764 127 0
15765 127 127
15766 0 1
15767 1 0
15768 2 0
15769 0 127
15770 0 0
15771 0 1
15772 0 0
15773 0 126
15774 3 0
15775 2 0
15776 0 127
15777 126 0
15778 126 127
15779 3 0
15780 0 1
15781 127 0
15782 0 126
15783 0 127
15784 0 0
15785 126 0
15786 127 0
15787 127 127
15788 0 1
15789 0 126
15790 0 0
15791 0 1
15792 126 127
15793 127 127
15794 2 0
15795 126 0
15796 0 0
15797 3 0
15798 126 127
15799 0 127
15800 127 127
15801 127 0
15802 0 126
15803 126 127
15804 127 127
15805 0 1
15806 126 0
15807 2 0
15808 0 0
15809 3 0
15810 2 0
15811 0 127
15812 127 0
15813 126 127
15814 3 0
15815 0 126
15816 0 127
15817 0 1
15818 0 0
15819 0 126
15820 0 1
15821 0 0
15822 127 127
15823 0 127
15824 126 0
15825 0 126
15826 126 127
15827 0 127
15828 2 0
15829 0 126
15830 0 127
15831 127 0
15832 126 0
15833 3 0
15834 127 0
15835 127 127
15836 126 0
15837 2 0
15838 0 126
15839 0 127
15840 3 0
15841 126 127
15842 127 127
15843 0 1
15844 2 0
15845 0 126
15846 126 127
15847 0 127
15848 1 0
15849 2 0
15850 1 0
15851 127 0
15852 127 127
15853 126 0
15854 0 126
15855 127 0
15856 0 2
15857 0 127
15858 0 1
15859 0 2
15860 0 126
15861 126 0
15862 127 0
15863 0 0
15864 0 127
15865 1 0
15866 0 1
15867 0 126
15868 126 0
15869 0 2
15870 0 1
15871 127 0
15872 0 2
15873 0 1
15874 126 127
15875 0 127
15876 126 0
15877 0 2
15878 0 1
15879 0 126
15880 0 2
15881 0 1
15882 2 0
15883 0 0
15884 127 127
15885 0 1
15886 127 0
15887 0 127
15888 1 0
15889 2 0
15890 0 126
15891 126 0
15892 127 0
15893 0 0
15894 3 0
15895 0 1
15896 0 0
15897 126 127
15898 126 0
15899 2 0
15900 127 127
15901 3 0
15902 127 0
15903 0 1
15904 2 0
15905 0 0
15906 126 127
15907 126 0
15908 3 0
15909 0 127
15910 0 126
15911 127 0
15912 0 127
15913 126 0
15914 127 0
15915 2 0
15916 0 126
15917 0 127
15918 0 126
15919 0 1
15920 0 127
15921 1 0
15922 127 127
15923 126 0
15924 126 127
15925 127 127
15926 0 126
15927 126 127
15928 2 0
15929 0 127
15930 127 0
15931 0 0
15932 0 126
15933 127 127
15934 0 127
15935 0 126
15936 0 1
15937 126 0
15938 0 0
15939 0 1
15940 1 0
15941 0 127
15942 2 0
15943 0 126
15944 0 127
15945 127 0
15946 1 0
15947 0 2
15948 126 127
15949 0 126
15950 126 0
15951 127 127
15952 127 0
15953 0 1
15954 2 0
15955 126 0
15956 127 0
15957 0 0
15958 126 0
15959 126 127
15960 3 0
15961 0 127
15962 0 126
15963 127 0
15964 127 127
15965 126 127
15966 2 0
15967 0 1
15968 126 0
15969 0 127
15970 1 0
15971 0 126
15972 2 0
15973 127 0
15974 126 0
15975 127 127
15976 0 127
15977 0 126
15978 126 127
15979 0 127
15980 127 127
15981 126 127
15982 127 127
15983 0 126
15984 1 0
15985 127 0
15986 126 127
15987 126 0
15988 0 127
15989 0 2
15990 127 127
15991 0 126
15992 0 0
15993 0 127
15994 127 0
15995 126 127
15996 0 126
15997 0 3
15998 0 2
15999 1 0
16000 0 1
16001 126 0
16002 127 127
16003 0 127
16004 2 0
16005 127 0
16006 1 0
16007 126 127
16008 126 0
16009 127 127
16010 127 0
16011 2 0
16012 126 0
16013 126 127
16014 0 126
16015 1 0
16016 127 127
16017 0 2
16018 0 1
16019 127 0
16020 2 0
16021 0 0
16022 3 0
16023 0 127
16024 126 0
16025 127 0
16026 126 127
16027 126 0
16028 0 1
16029 127 127
16030 0 126
16031 2 0
16032 0 127
16033 0 0
16034 126 127
16035 0 126
16036 127 0
16037 3 0
16038 2 0
16039 126 0
16040 0 1
16041 127 127
16042 0 0
16043 3 0
16044 126 127
16045 127 127
16046 0 1
16047 126 127
16048 127 0
16049 0 0
16050 0 127
16051 126 0
16052 0 126
16053 127 127
16054 126 127
16055 127 0
16056 2 0
16057 0 1
16058 0 127
16059 1 0
16060 0 126
16061 2 0
16062 0 0
16063 0 1
16064 0 127
16065 1 0
16066 0 126
16067 2 0
16068 0 0
16069 127 127
16070 0 127
16071 3 0
16072 126 127
16073 0 126
16074 0 1
16075 2 0
16076 127 127
16077 126 127
16078 1 0
16079 127 127
16080 0 127
16081 126 127
16082 127 127
16083 126 0
16084 0 2
16085 0 1
16086 0 2
16087 127 0
16088 0 1
16089 2 0
16090 1 0
16091 2 0
16092 0 126
16093 0 0
16094 126 127
16095 127 127
16096 126 0
16097 3 0
16098 2 0
16099 3 0
16100 0 127
16101 0 126
16102 0 127
16103 0 126
16104 126 127
16105 0 1
16106 127 127
16107 0 0
16108 0 127
16109 126 127
16110 2 0
16111 127 0
16112 126 0
16113 0 1
16114 0 126
16115 0 0
16116 3 0
16117 127 127
16118 126 127
16119 2 0
16120 127 127
16121 126 127
16122 0 1
16123 0 127
16124 127 0
16125 1 0
16126 127 127
16127 2 0
16128 126 127
16129 126 0
16130 0 126
16131 127 127
16132 0 127
16133 0 126
16134 0 127
16135 1 0
16136 0 2
16137 127 0
16138 0 126
16139 0 127
16140 0 126
16141 126 0
16142 0 127
16143 0 0
16144 1 0
16145 0 1
16146 2 0
16147 126 127
16148 0 0
16149 0 126
16150 0 1
16151 127 0
16152 0 0
16153 127 127
16154 0 127
16155 0 1
16156 126 0
16157 127 0
16158 0 126
16159 126 0
16160 126 127
16161 0 0
16162 0 1
16163 0 127
16164 1 0
16165 127 127
16166 2 0
16167 126 127
16168 1 0
16169 0 126
16170 127 127
16171 0 127
16172 2 0
16173 127 0
16174 1 0
16175 0 126
16176 2 0
16177 126 0
16178 1 0
16179 127 0
16180 0 2
16181 0 127
16182 0 1
16183 0 2
16184 126 127
16185 126 0
16186 127 127
16187 0 1
16188 2 0
16189 0 126
16190 127 0
16191 1 0
16192 0 127
16193 0 2
16194 0 0
16195 126 0
16196 126 127
16197 0 3
16198 127 127
16199 0 126
16200 0 127
16201 0 2
16202 1 0
16203 126 127
16204 0 0
16205 0 3
16206 0 2
16207 127 0
16208 0 3
16209 127 127
16210 126 127
16211 0 2
16212 1 0
16213 126 0
16214 127 0
16215 127 127
16216 126 127
16217 126 0
16218 127 127
16219 126 127
16220 0 1
16221 127 0
16222 2 0
16223 0 0
16224 3 0
16225 126 0
16226 2 0
16227 3 0
16228 0 126
16229 0 1
16230 127 127
16231 0 127
16232 0 126
16233 0 127
16234 127 0
16235 0 126
16236 2 0
16237 126 127
16238 127 127
16239 0 0
16240 126 127
16241 0 1
16242 0 0
16243 0 127
16244 127 127
16245 3 0
16246 126 0
16247 126 127
16248 0 1
16249 127 0
16250 0 126
16251 0 127
16252 0 126
16253 0 0
16254 2 0
16255 0 127
16256 126 0
16257 3 0
16258 0 126
16259 0 127
16260 127 0
16261 0 126
16262 126 0
16263 0 127
16264 0 126
16265 127 127
16266 2 0
16267 0 1
16268 1 0
16269 0 127
16270 2 0
16271 127 0
16272 1 0
16273 126 0
16274 0 126
16275 126 127
16276 0 127
16277 127 127
16278 127 0
16279 0 2
16280 0 0
16281 126 127
16282 127 127
16283 1 0
16284 126 127
16285 0 126
16286 126 0
16287 127 0
16288 0 1
16289 127 127
16290 0 127
16291 0 126
16292 2 0
16293 126 127
16294 1 0
16295 0 2
16296 0 0
16297 127 127
16298 126 0
16299 0 127
16300 126 127
16301 127 0
16302 126 0
16303 0 126
16304 0 3
16305 0 1
16306 127 127
16307 0 4
16308 127 0
16309 0 0
16310 0 127
16311 0 126
16312 126 127
16313 0 1
16314 0 0
16315 0 127
16316 127 127
16317 0 1
16318 126 0
16319 0 3
16320 127 0
16321 0 126
16322 126 127
16323 0 0
16324 0 2
16325 0 3
16326 127 127
16327 126 0
16328 0 1
16329 126 127
16330 0 4
16331 0 3
16332 0 0
16333 0 1
16334 127 127
16335 126 127
16336 0 4
16337 127 0
16338 126 0
16339 0 3
16340 0 127
16341 127 127
16342 127 0
16343 126 127
16344 0 126
16345 126 0
16346 127 0
16347 126 0
16348 0 4
16349 127 0
16350 127 127
16351 0 127
16352 126 127
16353 0 3
16354 0 0
16355 0 1
16356 126 0
16357 127 0
16358 127 127
16359 0 4
16360 0 126
16361 126 0
16362 0 0
16363 126 127
16364 0 1
16365 127 0
16366 0 127
16367 0 0
16368 126 0
16369 0 3
16370 127 0
16371 126 0
16372 0 1
16373 127 0
16374 0 4
16375 0 126
16376 0 0
16377 0 127
16378 0 1
16379 0 0
16380 0 1
16381 126 0
16382 127 127
16383 0 126
16384 0 3
16385 0 4
16386 0 3
16387 127 0
16388 0 0
16389 126 127
16390 127 127
16391 126 0
16392 0 2
16393 126 127
16394 0 127
16395 127 0
16396 126 0
16397 0 3
16398 0 2
16399 1 0
16400 127 127
16401 0 126
16402 127 0
16403 0 127
16404 0 0
16405 0 126
16406 0 127
16407 1 0
16408 126 127
16409 127 127
16410 0 0
16411 1 0
16412 126 127
16413 0 126
16414 0 0
16415 0 3
16416 0 1
16417 0 127
16418 126 0
16419 0 4
16420 0 126
16421 127 127
16422 0 0
16423 126 127
16424 0 1
16425 127 127
16426 0 0
16427 127 0
16428 0 1
16429 0 0
16430 126 0
16431 0 3
16432 0 2
16433 126 127
16434 1 0
16435 127 0
16436 127 127
16437 0 1
16438 2 0
16439 126 0
16440 0 0
16441 0 127
16442 127 0
16443 126 0
16444 127 0
16445 126 127
16446 0 1
16447 1 0
16448 127 127
16449 2 0
16450 126 127
16451 127 127
16452 1 0
16453 126 0
16454 127 0
16455 0 126
16456 2 0
16457 1 0
16458 126 0
16459 127 0
16460 126 0
16461 127 0
16462 0 127
16463 2 0
16464 0 0
16465 0 126
16466 126 127
16467 127 127
16468 126 127
16469 0 1
16470 0 0
16471 3 0
16472 126 0
16473 2 0
16474 127 0
16475 0 127
16476 127 127
16477 126 127
16478 3 0
16479 127 127
16480 2 0
16481 0 126
16482 0 1
16483 126 0
16484 0 127
16485 0 126
16486 126 127
16487 0 0
16488 3 0
16489 0 127
16490 0 1
16491 0 126
16492 0 0
16493 0 1
16494 2 0
16495 127 0
16496 127 127
16497 1 0
16498 0 127
16499 126 127
16500 126 0
16501 127 127
16502 0 126
16503 0 2
16504 126 127
16505 0 0
16506 127 0
16507 126 0
16508 0 127
16509 0 126
16510 127 127
16511 0 3
16512 0 2
16513 127 0
16514 0 127
16515 126 127
16516 0 126
16517 1 0
16518 126 0
16519 127 0
16520 127 127
16521 0 1
16522 0 2
16523 0 0
16524 1 0
16525 126 127
16526 0 127
16527 126 0
16528 127 127
16529 0 1
16530 127 0
16531 126 0
16532 0 2
16533 127 0
16534 0 126
16535 126 0
16536 0 127
16537 126 127
16538 127 0
16539 127 127
16540 0 126
16541 126 127
16542 0 127
16543 0 1
16544 0 2
16545 127 127
16546 0 126
16547 0 127
16548 0 126
16549 0 0
16550 0 127
16551 126 127
16552 126 0
16553 0 126
16554 0 3
16555 0 127
16556 0 126
16557 0 1
16558 127 0
16559 0 4
16560 0 3
16561 126 0
16562 0 0
16563 0 127
16564 0 2
16565 0 3
16566 127 127
16567 0 1
16568 0 126
16569 126 127
16570 0 127
16571 0 0
16572 127 0
16573 127 127
16574 0 1
16575 0 0
16576 126 127
16577 126 0
16578 0 2
16579 0 126
16580 1 0
16581 0 127
16582 0 1
16583 2 0
16584 0 0
16585 0 126
16586 127 0
16587 0 127
16588 0 126
16589 127 127
16590 126 0
16591 3 0
16592 2 0
16593 127 0
16594 0 1
16595 1 0
16596 0 2
16597 126 0
16598 0 127
16599 0 0
16600 1 0
16601 126 127
16602 127 127
16603 0 0
16604 1 0
16605 127 0
16606 0 0
16607 0 126
16608 0 3
16609 126 0
16610 0 2
16611 126 127
16612 0 127
16613 0 126
16614 127 0
16615 127 127
16616 126 127
16617 126 0
16618 127 127
16619 127 0
16620 1 0
16621 126 127
16622 0 127
16623 126 0
16624 0 0
16625 1 0
16626 127 0
16627 0 1
16628 127 127
16629 2 0
16630 1 0
16631 126 127
16632 126 0
16633 127 0
16634 127 127
16635 0 126
16636 0 127
16637 2 0
16638 126 0
16639 1 0
16640 2 0
16641 127 0
16642 126 127
16643 0 0
16644 0 126
16645 0 1
16646 0 127
16647 0 0
16648 0 126
16649 127 127
16650 3 0
16651 2 0
16652 3 0
16653 126 0
16654 126 127
16655 2 0
16656 0 127
16657 0 126
16658 127 127
16659 126 127
16660 127 127
16661 0 127
16662 0 1
16663 0 0
16664 3 0
16665 0 126
16666 127 0
16667 0 1
16668 2 0
16669 0 0
16670 0 1
16671 0 127
16672 126 127
16673 127 127
16674 0 126
16675 126 0
16676 0 127
16677 0 126
16678 127 0
16679 126 0
16680 0 127
16681 1 0
16682 0 2
16683 0 1
16684 2 0
16685 126 127
16686 0 0
16687 3 0
16688 0 1
16689 0 126
16690 127 0
16691 127 127
16692 0 0
16693 126 0
16694 127 0
16695 0 127
16696 126 0
16697 0 126
16698 127 0
16699 0 1
16700 2 0
16701 126 127
16702 1 0
16703 127 127
16704 0 2
16705 0 1
16706 0 2
16707 0 127
16708 126 0
16709 127 0
16710 0 0
16711 0 3
16712 0 126
16713 0 127
16714 0 2
16715 126 0
16716 126 127
16717 1 0
16718 0 0
16719 1 0
16720 0 1
16721 2 0
16722 0 126
16723 0 127
16724 1 0
16725 0 2
16726 127 127
16727 127 0
16728 126 127
16729 127 127
16730 126 0
16731 127 0
16732 126 127
16733 0 1
16734 2 0
16735 1 0
16736 0 126
16737 0 2
16738 0 0
16739 126 0
16740 0 3
16741 127 0
16742 127 127
16743 0 2
16744 1 0
16745 0 127
16746 0 0
16747 1 0
16748 126 0
16749 126 127
16750 127 127
16751 0 1
16752 0 126
16753 127 0
16754 126 0
16755 127 0
16756 126 127
16757 0 2
16758 126 0
16759 127 0
16760 0 0
16761 1 0
16762 126 0
16763 0 1
16764 127 0
16765 127 127
16766 0 2
16767 0 0
16768 0 127
16769 126 0
16770 0 3
16771 0 126
16772 0 1
16773 0 127
16774 0 126
16775 0 0
16776 0 127
16777 127 0
16778 126 127
16779 0 126
16780 0 127
16781 0 1
16782 126 0
16783 0 4
16784 0 0
16785 0 126
16786 0 127
16787 0 3
16788 127 127
16789 0 126
16790 0 127
16791 127 0
16792 0 1
16793 126 0
16794 0 0
16795 0 1
16796 126 127
16797 127 0
16798 126 0
16799 0 126
16800 0 4
16801 127 127
16802 126 127
16803 0 127
16804 0 3
16805 127 127
16806 127 0
16807 0 0
16808 0 126
16809 0 127
16810 0 2
16811 126 0
16812 0 3
16813 0 126
16814 0 2
16815 126 127
16816 127 127
16817 126 127
16818 0 3
16819 0 1
16820 0 4
16821 0 127
16822 0 126
16823 0 127
16824 0 0
16825 0 126
16826 127 0
16827 0 3
16828 0 2
16829 126 0
16830 127 127
16831 0 127
16832 126 127
16833 127 127
16834 0 3
16835 0 126
16836 0 1
16837 126 127
16838 0 4
16839 0 3
16840 0 4
16841 127 127
16842 127 0
16843 0 3
16844 126 0
16845 0 127
16846 0 4
16847 0 0
16848 0 126
16849 0 127
16850 0 126
16851 0 1
16852 126 127
16853 127 127
16854 0 0
16855 126 127
16856 0 1
16857 0 3
16858 0 4
16859 127 0
16860 0 3
16861 0 4
16862 0 3
16863 0 4
16864 0 3
16865 0 0
16866 126 0
16867 0 1
16868 127 0
16869 0 0
16870 126 0
16871 0 2
16872 0 3
16873 127 0
16874 0 1
16875 0 4
16876 127 127
16877 0 0
16878 0 3
16879 0 127
16880 126 0
16881 0 1
16882 0 0
16883 0 2
16884 1 0
16885 0 1
16886 0 126
16887 126 127
16888 127 0
16889 0 2
16890 127 127
16891 0 127
16892 126 0
16893 0 126
16894 0 127
16895 0 126
16896 127 0
16897 126 0
16898 126 127
16899 0 1
16900 127 0
16901 0 2
16902 127 127
16903 0 127
16904 126 127
16905 126 0
16906 127 127
16907 0 1
16908 2 0
16909 0 126
16910 0 0
16911 0 1
16912 127 0
16913 1 0
16914 0 127
16915 0 2
16916 0 0
16917 126 127
16918 0 126
16919 0 127
16920 1 0
16921 126 0
16922 0 1
16923 127 0
16924 126 0
16925 0 2
16926 0 1
16927 0 126
16928 127 0
16929 0 2
16930 0 127
16931 127 127
16932 0 126
16933 0 0
16934 126 127
16935 127 127
16936 126 0
16937 1 0
16938 127 0
16939 0 1
16940 126 127
16941 2 0
16942 127 127
16943 0 0
16944 126 0
16945 0 127
16946 0 126
16947 3 0
16948 2 0
16949 126 127
16950 0 127
16951 0 126
16952 127 127
16953 126 127
16954 127 0
16955 127 127
16956 3 0
16957 0 1
16958 2 0
16959 126 0
16960 126 127
16961 0 0
16962 127 127
16963 0 127
16964 3 0
16965 0 1
16966 126 127
16967 0 126
16968 0 0
16969 0 1
16970 127 0
16971 2 0
16972 0 127
16973 126 0
16974 1 0
16975 0 126
16976 0 2
16977 0 1
16978 2 0
16979 0 127
16980 0 0
16981 3 0
16982 127 0
16983 126 0
16984 127 0
16985 127 127
16986 0 1
16987 0 126
16988 126 0
16989 127 0
16990 2 0
16991 0 0
16992 0 1
16993 126 0
16994 126 127
16995 0 127
16996 127 0
16997 1 0
16998 0 126
16999 126 0
17000 127 0
17001 127 127
17002 0 2
17003 0 127
17004 0 0
17005 0 3
17006 0 126
17007 126 127
17008 0 127
17009 126 0
17010 127 0
17011 0 2
17012 1 0
17013 0 1
17014 127 127
17015 126 127
17016 2 0
17017 0 126
17018 127 127
17019 1 0
17020 126 127
17021 127 127
17022 2 0
17023 126 0
17024 0 0
17025 127 0
17026 3 0
17027 2 0
17028 0 127
17029 126 0
17030 127 0
17031 0 1
17032 126 127
17033 127 127
17034 1 0
17035 2 0
17036 0 126
17037 0 0
17038 126 0
17039 3 0
17040 126 127
17041 0 127
17042 127 127
17043 127 0
17044 126 127
17045 126 0
17046 2 0
17047 127 0
17048 126 0
17049 0 126
17050 3 0
17051 127 127
17052 2 0
17053 127 0
17054 0 127
17055 0 1
17056 126 0
17057 0 126
17058 0 0
17059 126 127
17060 127 0
17061 0 1
17062 1 0
17063 0 2
17064 0 0
17065 126 0
17066 1 0
17067 0 1
17068 127 127
17069 0 2
17070 0 127
17071 0 1
17072 2 0
17073 127 0
17074 0 0
17075 126 127
17076 3 0
17077 0 126
17078 0 1
17079 2 0
17080 1 0
17081 126 0
17082 2 0
17083 0 0
17084 127 0
17085 126 0
17086 3 0
17087 0 127
17088 0 1
17089 2 0
17090 0 126
17091 127 0
17092 127 127
17093 0 0
17094 126 127
17095 126 0
17096 3 0
17097 0 1
17098 0 0
17099 2 0
17100 3 0
17101 0 1
17102 0 0
17103 127 127
17104 2 0
17105 3 0
17106 0 1
17107 0 0
17108 0 1
17109 127 0
17110 0 127
17111 126 0
17112 127 0
17113 0 0
17114 2 0
17115 0 1
17116 126 0
17117 0 0
17118 126 127
17119 127 127
17120 126 127
17121 0 1
17122 127 0
17123 127 127
17124 0 0
17125 0 1
17126 126 127
17127 0 126
17128 0 0
17129 127 127
17130 126 0
17131 0 1
17132 126 127
17133 0 127
17134 0 126
17135 1 0
17136 127 127
17137 127 0
17138 2 0
17139 126 0
17140 0 127
17141 126 127
17142 0 126
17143 1 0
17144 127 127
17145 0 2
17146 126 127
17147 0 0
17148 127 0
17149 0 3
17150 127 127
17151 0 1
17152 126 127
17153 127 127
17154 0 127
17155 0 4
17156 0 0
17157 0 3
17158 0 2
17159 0 3
17160 0 2
17161 0 126
17162 0 3
17163 0 127
17164 126 0
17165 127 0
17166 126 127
17167 127 127
17168 126 0
17169 0 126
17170 127 0
17171 0 2
17172 0 3
17173 0 127
17174 0 126
17175 0 1
17176 0 0
17177 126 127
17178 0 2
17179 126 0
17180 0 127
17181 127 0
17182 127 127
17183 0 126
17184 126 127
17185 0 127
17186 1 0
17187 0 1
17188 127 127
17189 2 0
17190 0 126
17191 1 0
17192 0 2
17193 0 1
17194 0 127
17195 0 2
17196 0 1
17197 126 127
17198 2 0
17199 0 126
17200 126 0
17201 0 127
17202 0 126
17203 1 0
17204 127 0
17205 126 0
17206 127 127
17207 2 0
17208 0 127
17209 0 126
17210 127 0
17211 0 0
17212 3 0
17213 0 1
17214 0 0
17215 126 127
17216 126 0
17217 0 1
17218 127 127
17219 0 0
17220 126 127
17221 127 0
17222 126 0
17223 127 127
17224 126 127
17225 0 127
17226 0 1
17227 0 0
17228 2 0
17229 3 0
17230 2 0
17231 127 0
17232 0 1
17233 1 0
17234 127 127
17235 126 0
17236 126 127
17237 0 126
17238 0 127
17239 127 0
17240 0 126
17241 127 127
17242 0 2
17243 0 0
17244 126 0
17245 1 0
17246 126 127
17247 0 1
17248 127 0
17249 127 127
17250 2 0
17251 126 0
17252 127 0
17253 0 127
17254 0 126
17255 0 0
17256 3 0
17257 126 127
17258 0 1
17259 127 127
17260 126 0
17261 2 0
17262 127 0
17263 1 0
17264 2 0
17265 126 0
17266 127 0
17267 126 0
17268 127 0
17269 1 0
17270 0 127
17271 0 2
17272 126 127
17273 126 0
17274 127 0
17275 0 1
17276 126 0
17277 127 0
17278 2 0
17279 1 0
17280 0 2
17281 0 126
17282 126 0
17283 127 0
17284 126 0
17285 0 0
17286 0 127
17287 1 0
17288 0 126
17289 0 0
17290 1 0
17291 0 127
17292 0 1
17293 127 127
17294 0 2
17295 126 127
17296 0 1
17297 0 126
17298 2 0
17299 0 127
17300 127 0
17301 127 127
17302 0 0
17303 126 127
17304 126 0
17305 0 1
17306 0 0
17307 3 0
17308 0 126
17309 127 127
17310 0 1
17311 126 127
17312 2 0
17313 127 127
17314 0 127
17315 1 0
17316 0 2
17317 127 0
17318 126 127
17319 0 1
17320 0 2
17321 0 0
17322 0 3
17323 0 2
17324 1 0
17325 0 0
17326 1 0
17327 0 1
17328 127 127
17329 126 0
17330 126 127
17331 127 0
17332 0 2
17333 126 0
17334 0 126
17335 127 0
17336 0 0
17337 0 3
17338 126 0
17339 0 2
17340 0 127
17341 0 126
17342 127 127
17343 0 127
17344 1 0
17345 126 127
17346 0 126
17347 0 127
17348 0 0
17349 0 3
17350 127 0
17351 0 126
17352 0 127
17353 126 0
17354 0 1
17355 0 0
17356 0 2
17357 0 3
17358 0 2
17359 127 127
17360 1 0
17361 0 1
17362 127 0
17363 0 2
17364 0 126
17365 0 1
17366 126 127
17367 2 0
17368 1 0
17369 0 2
17370 126 0
17371 127 127
17372 126 127
17373 0 127
17374 127 127
17375 0 0
17376 126 127
17377 127 0
17378 127 127
17379 1 0
17380 126 127
17381 0 1
17382 0 126
17383 0 127
17384 126 0
17385 127 0
17386 2 0
17387 126 0
17388 127 0
17389 126 0
17390 0 0
17391 3 0
17392 2 0
17393 127 0
17394 126 0
17395 127 127
17396 0 126
17397 126 127
17398 127 127
17399 126 127
17400 0 1
17401 1 0
17402 127 127
17403 126 127
17404 2 0
17405 0 127
17406 1 0
17407 0 2
17408 0 1
17409 2 0
17410 0 126
17411 0 127
17412 127 0
17413 1 0
17414 0 126
17415 0 127
17416 127 127
17417 2 0
17418 0 0
17419 0 126
17420 126 0
17421 0 1
17422 1 0
17423 2 0
17424 0 0
17425 127 0
17426 0 1
17427 126 0
17428 126 127
17429 127 0
17430 0 127
17431 0 126
17432 0 127
17433 0 0
17434 127 127
17435 0 1
17436 0 0
17437 126 127
17438 3 0
17439 127 127
17440 0 1
17441 126 0
17442 0 0
17443 0 1
17444 0 0
17445 127 0
17446 2 0
17447 126 127
17448 0 126
17449 3 0
17450 2 0
17451 0 1
17452 127 127
17453 0 0
17454 3 0
17455 0 1
17456 126 127
17457 2 0
17458 126 0
17459 0 127
17460 127 127
17461 127 0
17462 1 0
17463 126 0
17464 0 2
17465 0 0
17466 127 0
17467 126 0
17468 127 0
17469 126 127
17470 0 126
17471 126 0
17472 0 127
17473 0 126
17474 127 0
17475 127 127
17476 1 0
17477 0 1
17478 2 0
17479 0 127
17480 1 0
17481 126 0
17482 126 127
17483 127 127
17484 0 126
17485 2 0
17486 0 127
17487 0 126
17488 1 0
17489 2 0
17490 0 0
17491 0 127
17492 127 0
17493 0 1
17494 0 126
17495 0 127
17496 0 126
17497 0 127
17498 1 0
17499 2 0
17500 1 0
17501 126 127
17502 126 0
17503 0 126
17504 0 2
17505 0 0
17506 127 127
17507 0 3
17508 0 1
17509 126 127
17510 127 0
17511 0 4
17512 0 127
17513 127 127
17514 0 126
17515 126 127
17516 0 3
17517 127 127
17518 0 4
17519 0 127
17520 126 0
17521 0 3
17522 0 0
17523 127 0
17524 126 0
17525 126 127
17526 0 126
17527 0 127
17528 127 0
17529 0 2
17530 1 0
17531 0 1
17532 126 0
17533 2 0
17534 0 0
17535 127 127
17536 127 0
17537 0 1
17538 126 127
17539 0 126
17540 126 0
17541 0 0
17542 127 127
17543 3 0
17544 127 0
17545 126 127
17546 2 0
17547 126 0
17548 127 0
17549 126 0
17550 0 1
17551 1 0
17552 0 2
17553 0 1
17554 0 127
17555 127 127
17556 0 2
17557 0 1
17558 0 126
17559 2 0
17560 1 0
17561 2 0
17562 0 0
17563 3 0
17564 0 1
17565 126 127
17566 2 0
17567 1 0
17568 127 0
17569 127 127
17570 126 127
17571 126 0
17572 0 127
17573 127 0
17574 127 127
17575 0 126
17576 0 127
17577 2 0
17578 0 126
17579 0 127
17580 126 0
17581 1 0
17582 126 127
17583 127 0
17584 127 127
17585 0 126
17586 126 0
17587 2 0
17588 1 0
17589 2 0
17590 126 127
17591 127 127
17592 0 0
17593 127 0
17594 0 127
17595 0 1
17596 126 0
17597 0 0
17598 3 0
17599 126 127
17600 0 126
17601 127 127
17602 0 1
17603 2 0
17604 126 127
17605 0 127
17606 0 0
17607 3 0
17608 2 0
17609 0 1
17610 127 0
17611 1 0
17612 126 0
17613 2 0
17614 127 127
17615 1 0
17616 0 126
17617 2 0
17618 1 0
17619 2 0
17620 127 0
17621 0 127
17622 1 0
17623 0 126
17624 0 127
17625 126 0
17626 126 127
17627 127 0
17628 126 0
17629 2 0
17630 127 0
17631 0 0
17632 0 126
17633 126 0
17634 0 1
17635 0 0
17636 127 127
17637 3 0
17638 126 127
17639 127 0
17640 0 1
17641 0 127
17642 0 126
17643 2 0
17644 1 0
17645 0 127
17646 126 0
17647 2 0
17648 127 0
17649 1 0
17650 0 2
17651 0 1
17652 0 126
17653 127 127
17654 0 2
17655 0 127
17656 0 126
17657 126 0
17658 0 127
17659 126 127
17660 127 0
17661 127 127
17662 0 1
17663 0 126
17664 0 127
17665 0 2
17666 0 1
17667 0 2
17668 126 127
17669 0 1
17670 2 0
17671 0 0
17672 3 0
17673 126 0
17674 127 0
17675 0 126
17676 2 0
17677 0 127
17678 126 0
17679 3 0
17680 127 127
17681 0 126
17682 2 0
17683 127 0
17684 126 0
17685 0 1
17686 1 0
17687 0 2
17688 126 127
17689 127 127
17690 0 1
17691 127 0
17692 2 0
17693 126 0
17694 0 127
17695 1 0
17696 0 126
17697 126 127
17698 127 0
17699 127 127
17700 0 127
17701 2 0
17702 126 127
17703 0 0
17704 126 0
17705 0 126
17706 127 0
17707 127 127
17708 0 1
17709 0 0
17710 3 0
17711 126 0
17712 127 0
17713 0 127
17714 126 0
17715 2 0
17716 127 0
17717 126 127
17718 0 126
17719 126 0
17720 0 1
17721 127 0
17722 127 127
17723 126 127
17724 127 127
17725 0 127
17726 0 0
17727 0 126
17728 126 0
17729 3 0
17730 0 127
17731 126 127
17732 2 0
17733 0 1
17734 0 0
17735 3 0
17736 0 126
17737 127 127
17738 0 127
17739 0 126
17740 127 0
17741 126 127
17742 0 1
17743 127 127
17744 0 127
17745 126 0
17746 126 127
17747 0 0
17748 2 0
17749 127 0
17750 0 1
17751 0 0
17752 127 127
17753 0 126
17754 126 127
17755 127 127
17756 126 0
17757 0 127
17758 0 126
17759 127 0
17760 126 0
17761 126 127
17762 127 0
17763 3 0
17764 0 1
17765 2 0
17766 0 127
17767 1 0
17768 126 0
17769 0 126
17770 127 0
17771 126 0
17772 2 0
17773 0 127
17774 127 127
17775 126 127
17776 127 0
17777 1 0
17778 0 126
17779 0 127
17780 0 126
17781 127 127
17782 126 0
17783 2 0
17784 1 0
17785 0 2
17786 126 127
17787 127 0
17788 0 127
17789 0 1
17790 126 0
17791 0 126
17792 127 0
17793 0 127
17794 126 0
17795 127 127
17796 126 127
17797 0 2
17798 127 0
17799 127 127
17800 0 0
17801 126 0
17802 127 0
17803 0 126
17804 0 127
17805 126 127
17806 126 0
17807 0 3
17808 127 127
17809 126 127
17810 0 2
17811 0 126
17812 0 127
17813 0 3
17814 0 126
17815 0 1
17816 0 0
17817 127 127
17818 126 127
17819 127 0
17820 0 127
17821 0 2
17822 127 127
17823 1 0
17824 0 126
17825 126 0
17826 127 0
17827 0 0
17828 0 3
17829 0 127
17830 126 0
17831 0 126
17832 0 2
17833 1 0
17834 0 127
17835 0 1
17836 0 2
17837 0 0
17838 0 126
17839 126 127
17840 0 127
17841 1 0
17842 127 0
17843 0 126
17844 127 127
17845 0 127
17846 0 0
17847 0 3
17848 126 0
17849 0 1
17850 0 126
17851 126 127
17852 0 0
17853 0 1
17854 127 127
17855 126 127
17856 0 4
17857 0 3
17858 0 0
17859 0 2
17860 1 0
17861 0 1
17862 0 127
17863 127 0
17864 127 127
17865 0 2
17866 0 1
17867 0 126
17868 0 2
17869 0 1
17870 2 0
17871 126 127
17872 0 127
17873 126 0
17874 127 127
17875 0 0
17876 127 0
17877 0 126
17878 0 127
17879 126 127
17880 126 0
17881 127 0
17882 0 126
17883 0 1
17884 0 127
17885 0 126
17886 0 0
17887 3 0
17888 126 0
17889 0 127
17890 127 127
17891 0 126
17892 126 127
17893 0 127
17894 2 0
17895 127 0
17896 3 0
17897 2 0
17898 3 0
17899 127 127
17900 126 127
17901 2 0
17902 0 1
17903 126 0
17904 127 0
17905 127 127
17906 126 127
17907 1 0
17908 0 126
17909 2 0
17910 0 127
17911 126 0
17912 127 127
17913 0 0
17914 127 0
17915 126 127
17916 3 0
17917 0 126
17918 0 1
17919 0 0
17920 2 0
17921 0 1
17922 1 0
17923 0 2
17924 126 0
17925 0 0
17926 0 3
17927 127 127
17928 0 127
17929 0 1
17930 0 4
17931 0 3
17932 0 126
17933 126 127
17934 0 4
17935 0 127
17936 127 0
17937 0 3
17938 0 0
17939 126 0
17940 0 1
17941 0 0
17942 127 127
17943 0 1
17944 0 4
17945 0 3
17946 127 0
17947 126 0
17948 0 126
17949 0 4
17950 0 3
17951 127 0
17952 0 4
17953 126 127
17954 127 127
17955 126 127
17956 0 3
17957 0 127
17958 127 127
17959 126 0
17960 0 0
17961 0 2
17962 1 0
17963 0 1
17964 0 2
17965 126 127
17966 0 126
17967 0 127
17968 0 1
17969 0 126
17970 127 127
17971 0 2
17972 127 0
17973 126 0
17974 0 127
17975 127 0
17976 0 1
17977 0 2
17978 0 126
17979 0 127
17980 0 126
17981 0 127
17982 0 126
17983 0 1
17984 2 0
17985 126 0
17986 0 0
17987 0 127
17988 0 1
17989 126 127
17990 0 126
17991 0 0
17992 127 0
17993 0 1
17994 1 0
17995 0 127
17996 0 2
17997 127 127
17998 126 0
17999 127 0
18000 0 0
18001 0 126
18002 126 0
18003 126 127
18004 0 3
18005 0 2
18006 1 0
18007 127 127
18008 127 0
18009 0 0
18010 1 0
18011 0 1
18012 126 127
18013 0 2
18014 127 127
18015 0 1
18016 2 0
18017 126 0
18018 0 127
18019 1 0
18020 0 126
18021 127 0
18022 126 127
18023 126 0
18024 2 0
18025 127 0
18026 0 127
18027 1 0
18028 0 126
18029 126 0
18030 0 2
18031 127 127
18032 0 0
18033 127 0
18034 1 0
18035 0 0
18036 0 3
18037 126 127
18038 0 1
18039 0 4
18040 0 3
18041 127 127
18042 0 127
18043 126 127
18044 0 126
18045 126 0
18046 127 0
18047 127 127
18048 0 4
18049 126 127
18050 0 127
18051 0 0
18052 0 126
18053 127 127
18054 0 3
18055 0 1
18056 0 127
18057 0 0
18058 0 1
18059 126 127
18060 0 126
18061 0 0
18062 0 2
18063 1 0
18064 127 127
18065 126 0
18066 0 127
18067 127 0
18068 0 0
18069 1 0
18070 126 127
18071 127 127
18072 0 126
18073 0 127
18074 0 0
18075 0 3
18076 0 126
18077 0 1
18078 0 4
18079 126 0
18080 127 0
18081 0 127
18082 126 0
18083 0 0
18084 0 3
18085 0 126
18086 126 127
18087 0 127
18088 0 1
18089 127 127
18090 127 0
18091 0 0
18092 0 126
18093 0 1
18094 0 127
18095 126 127
18096 0 4
18097 0 3
18098 127 127
18099 126 0
18100 0 4
18101 0 126
18102 127 0
18103 0 3
18104 126 0
18105 126 127
18106 127 127
18107 0 0
18108 126 127
18109 0 2
18110 0 127
18111 127 0
18112 0 126
18113 127 127
18114 126 127
18115 1 0
18116 126 0
18117 127 0
18118 0 0
18119 126 0
18120 1 0
18121 0 0
18122 127 127
18123 126 127
18124 127 0
18125 1 0
18126 126 0
18127 0 127
18128 127 127
18129 126 127
18130 0 126
18131 127 0
18132 127 127
18133 126 0
18134 126 127
18135 127 0
18136 126 0
18137 127 127
18138 127 0
18139 0 1
18140 0 2
18141 0 127
18142 126 127
18143 0 126
18144 126 0
18145 0 1
18146 0 2
18147 0 127
18148 127 0
18149 0 126
18150 126 0
18151 0 1
18152 127 127
18153 0 127
18154 126 127
18155 127 127
18156 127 0
18157 0 2
18158 126 0
18159 126 127
18160 127 0
18161 126 0
18162 0 1
18163 2 0
18164 0 0
18165 0 126
18166 0 127
18167 3 0
18168 127 0
18169 0 126
18170 126 0
18171 0 127
18172 2 0
18173 0 126
18174 127 127
18175 0 127
18176 0 1
18177 1 0
18178 2 0
18179 126 127
18180 127 0
18181 0 126
18182 0 127
18183 0 126
18184 127 127
18185 0 127
18186 1 0
18187 0 126
18188 2 0
18189 0 0
18190 3 0
18191 126 0
18192 126 127
18193 0 1
18194 2 0
18195 127 0
18196 126 0
18197 1 0
18198 127 127
18199 127 0
18200 126 127
18201 2 0
18202 0 127
18203 126 0
18204 1 0
18205 127 0
18206 2 0
18207 0 0
18208 0 126
18209 127 127
18210 126 127
18211 0 1
18212 127 127
18213 0 127
18214 1 0
18215 2 0
18216 0 0
18217 0 126
18218 0 1
18219 0 0
18220 0 1
18221 126 0
18222 1 0
18223 126 127
18224 2 0
18225 0 127
18226 127 0
18227 0 0
18228 3 0
18229 126 0
18230 0 1
18231 0 0
18232 127 0
18233 127 127
18234 0 126
18235 126 127
18236 127 127
18237 0 127
18238 126 127
18239 127 127
18240 126 0
18241 0 1
18242 2 0
18243 1 0
18244 127 0
18245 126 0
18246 2 0
18247 0 0
18248 127 0
18249 3 0
18250 126 0
18251 0 126
18252 2 0
18253 0 127
18254 0 126
18255 3 0
18256 126 127
18257 0 1
18258 127 127
18259 0 127
18260 126 127
18261 0 126
18262 2 0
18263 127 0
18264 0 127
18265 0 126
18266 126 0
18267 1 0
18268 2 0
18269 0 0
18270 0 1
18271 0 127
18272 0 0
18273 127 0
18274 0 1
18275 127 127
18276 126 127
18277 127 127
18278 126 127
18279 1 0
18280 126 0
18281 127 127
18282 126 127
18283 127 0
18284 126 0
18285 127 0
18286 0 2
18287 0 126
18288 0 1
18289 2 0
18290 126 0
18291 127 0
18292 0 0
18293 0 127
18294 0 126
18295 0 127
18296 127 127
18297 0 1
18298 1 0
18299 126 0
18300 0 2
18301 127 0
18302 126 127
18303 127 127
18304 126 127
18305 126 0
18306 127 0
18307 0 0
18308 0 126
18309 127 127
18310 126 0
18311 1 0
18312 0 127
18313 126 127
18314 127 127
18315 0 0
18316 126 127
18317 1 0
18318 0 1
18319 127 127
18320 0 126
18321 127 0
18322 0 127
18323 126 127
18324 0 2
18325 126 0
18326 0 126
18327 127 0
18328 0 127
18329 127 127
18330 0 1
18331 2 0
18332 126 127
18333 127 127
18334 126 0
18335 126 127
18336 0 0
18337 127 0
18338 127 127
18339 126 127
18340 126 0
18341 127 0
18342 0 126
18343 3 0
18344 0 1
18345 126 0
18346 2 0
18347 0 127
18348 127 127
18349 0 126
18350 0 0
18351 0 127
18352 3 0
18353 2 0
18354 3 0
18355 127 0
18356 126 0
18357 2 0
18358 127 0
18359 0 126
18360 126 127
18361 127 127
18362 3 0
18363 0 127
18364 126 0
18365 127 0
18366 126 0
18367 127 0
18368 126 127
18369 126 0
18370 127 0
18371 0 126
18372 126 0
18373 0 127
18374 2 0
18375 0 126
18376 3 0
18377 127 0
18378 2 0
18379 0 127
18380 0 126
18381 3 0
18382 0 1
18383 0 127
18384 0 126
18385 126 0
18386 2 0
18387 0 127
18388 127 127
18389 127 0
18390 1 0
18391 126 127
18392 0 126
18393 0 2
18394 0 0
18395 1 0
18396 0 1
18397 126 0
18398 0 127
18399 127 127
18400 0 126
18401 126 127
18402 127 127
18403 0 2
18404 126 127
18405 0 1
18406 2 0
18407 1 0
18408 0 2
18409 127 0
18410 126 0
18411 0 0
18412 0 127
18413 1 0
18414 0 0
18415 0 3
18416 0 2
18417 0 126
18418 0 127
18419 127 127
18420 1 0
18421 0 126
18422 0 127
18423 0 126
18424 127 0
18425 0 127
18426 0 0
18427 1 0
18428 0 126
18429 0 0
18430 0 127
18431 126 0
18432 1 0
18433 0 1
18434 0 126
18435 0 127
18436 126 127
18437 0 2
18438 0 0
18439 0 3
18440 127 0
18441 0 126
18442 0 2
18443 0 127
18444 0 126
18445 126 0
18446 0 127
18447 127 0
18448 0 126
18449 1 0
18450 0 127
18451 127 127
18452 0 126
18453 0 1
18454 0 127
18455 126 0
18456 127 0
18457 126 0
18458 0 126
18459 0 2
18460 0 0
18461 1 0
18462 0 127
18463 0 1
18464 2 0
18465 0 126
18466 126 127
18467 1 0
18468 0 2
18469 0 1
18470 0 127
18471 127 127
18472 127 0
18473 126 127
18474 0 2
18475 0 126
18476 127 127
18477 126 0
18478 0 1
18479 126 127
18480 2 0
18481 127 127
18482 0 0
18483 127 0
18484 126 0
18485 126 127
18486 127 127
18487 126 127
18488 127 127
18489 0 127
18490 0 1
18491 126 127
18492 0 126
18493 1 0
18494 2 0
18495 0 0
18496 0 127
18497 127 127
18498 0 126
18499 127 0
18500 3 0
18501 2 0
18502 0 127
18503 3 0
18504 0 1
18505 2 0
18506 126 0
18507 127 0
18508 0 126
18509 126 0
18510 127 0
18511 126 127
18512 1 0
18513 0 2
18514 127 127
18515 0 127
18516 0 1
18517 126 127
18518 126 0
18519 0 2
18520 0 0
18521 0 3
18522 0 2
18523 1 0
18524 0 0
18525 0 3
18526 0 2
18527 127 0
18528 0 3
18529 126 0
18530 0 126
18531 0 2
18532 0 3
18533 0 2
18534 127 127
18535 0 3
18536 126 127
18537 127 0
18538 0 1
18539 0 4
18540 0 0
18541 127 127
18542 126 0
18543 126 127
18544 0 127
18545 127 0
18546 0 1
18547 0 0
18548 126 0
18549 127 127
18550 0 126
18551 0 127
18552 126 127
18553 0 1
18554 0 0
18555 0 126
18556 0 1
18557 0 127
18558 127 0
18559 126 0
18560 0 0
18561 127 127
18562 0 3
18563 127 0
18564 0 2
18565 1 0
18566 126 0
18567 126 127
18568 0 1
18569 0 2
18570 0 0
18571 127 127
18572 126 127
18573 127 0
18574 0 3
18575 0 126
18576 0 1
18577 127 127
18578 0 0
18579 0 2
18580 0 3
18581 0 2
18582 126 0
18583 126 127
18584 127 0
18585 0 127
18586 126 0
18587 0 3
18588 0 126
18589 127 127
18590 126 127
18591 0 1
18592 0 127
18593 127 0
18594 0 126
18595 0 127
18596 0 126
18597 0 127
18598 0 0
18599 0 126
18600 0 2
18601 127 127
18602 126 0
18603 0 127
18604 0 126
18605 0 127
18606 0 3
18607 127 0
18608 126 127
18609 0 2
18610 0 126
18611 127 127
18612 0 3
18613 126 0
18614 0 127
18615 0 126
18616 0 2
18617 0 3
18618 126 127
18619 0 127
18620 0 126
18621 0 127
18622 127 0
18623 127 127
18624 126 0
18625 0 126
18626 127 0
18627 0 2
18628 126 127
18629 0 127
18630 1 0
18631 127 127
18632 0 1
18633 2 0
18634 1 0
18635 0 2
18636 126 0
18637 127 0
18638 0 0
18639 0 126
18640 126 0
18641 1 0
18642 126 127
18643 0 127
18644 127 0
18645 0 0
18646 0 126
18647 0 127
18648 126 0
18649 0 3
18650 127 127
18651 126 127
18652 127 0
18653 0 2
18654 127 127
18655 126 127
18656 126 0
18657 0 3
18658 0 126
18659 127 0
18660 127 127
18661 0 127
18662 0 126
18663 126 0
18664 127 0
18665 0 1
18666 0 4
18667 0 0
18668 126 0
18669 0 127
18670 126 127
18671 0 126
18672 127 0
18673 0 1
18674 0 127
18675 126 0
18676 127 127
18677 0 3
18678 0 4
18679 0 3
18680 127 0
18681 0 126
18682 0 4
18683 0 3
18684 126 127
18685 126 0
18686 0 4
18687 0 0
18688 0 3
18689 0 2
18690 0 127
18691 127 0
18692 126 0
18693 127 0
18694 127 127
18695 0 126
18696 126 127
18697 1 0
18698 127 127
18699 0 0
18700 126 0
18701 126 127
18702 127 0
18703 1 0
18704 0 1
18705 0 2
18706 126 0
18707 0 127
18708 0 0
18709 1 0
18710 0 126
18711 0 0
18712 0 127
18713 127 127
18714 127 0
18715 0 126
18716 1 0
18717 0 127
18718 126 0
18719 0 0
18720 1 0
18721 0 0
18722 0 126
18723 1 0
18724 0 0
18725 1 0
18726 0 1
18727 127 0
18728 0 127
18729 2 0
18730 126 127
18731 1 0
18732 0 126
18733 127 127
18734 2 0
18735 0 127
18736 0 126
18737 0 127
18738 126 0
18739 1 0
18740 126 127
18741 127 0
18742 0 2
18743 0 126
18744 0 1
18745 2 0
18746 127 127
18747 126 127
18748 127 127
18749 0 0
18750 126 0
18751 0 127
18752 126 127
18753 127 0
18754 0 1
18755 127 127
18756 126 0
18757 1 0
18758 0 2
18759 0 0
18760 0 3
18761 0 2
18762 1 0
18763 0 126
18764 126 127
18765 0 0
18766 127 0
18767 127 127
18768 1 0
18769 126 127
18770 0 127
18771 0 0
18772 0 3
18773 0 126
18774 126 0
18775 127 0
18776 126 0
18777 127 127
18778 0 2
18779 1 0
18780 127 0
18781 0 0
18782 0 3
18783 0 127
18784 0 1
18785 0 126
18786 0 4
18787 0 0
18788 0 1
18789 0 127
18790 0 126
18791 126 127
18792 126 0
18793 0 127
18794 0 0
18795 0 126
18796 127 0
18797 0 3
18798 0 127
18799 126 0
18800 0 1
18801 127 127
18802 0 0
18803 0 126
18804 126 127
18805 127 127
18806 0 2
18807 0 127
18808 1 0
18809 0 1
18810 0 126
18811 0 2
18812 0 0
18813 0 127
18814 0 126
18815 0 127
18816 126 127
18817 0 126
18818 1 0
18819 127 0
18820 0 0
18821 0 127
18822 1 0
18823 0 1
18824 2 0
18825 126 0
18826 127 127
18827 126 127
18828 127 0
18829 0 0
18830 0 126
18831 0 127
18832 127 127
18833 3 0
18834 0 126
18835 126 0
18836 0 1
18837 126 127
18838 0 0
18839 127 127
18840 126 127
18841 0 1
18842 2 0
18843 127 127
18844 1 0
18845 126 127
18846 0 127
18847 127 127
18848 127 0
18849 126 127
18850 0 126
18851 126 0
18852 2 0
18853 0 127
18854 0 126
18855 0 0
18856 127 127
18857 0 127
18858 0 1
18859 126 127
18860 0 0
18861 0 126
18862 127 0
18863 3 0
18864 0 1
18865 2 0
18866 0 127
18867 0 126
18868 126 0
18869 0 127
18870 127 0
18871 0 0
18872 126 0
18873 127 127
18874 0 126
18875 126 127
18876 0 1
18877 127 0
18878 0 0
18879 127 127
18880 126 0
18881 3 0
18882 127 0
18883 126 127
18884 0 127
18885 0 126
18886 0 127
18887 2 0
18888 126 0
18889 3 0
18890 127 127
18891 2 0
18892 0 1
18893 0 0
18894 127 0
18895 3 0
18896 0 126
18897 126 127
18898 127 127
18899 126 0
18900 0 1
18901 127 0
18902 0 127
18903 126 0
18904 126 127
18905 0 126
18906 127 0
18907 126 0
18908 0 0
18909 0 127
18910 0 126
18911 127 0
18912 126 0
18913 0 1
18914 127 0
18915 2 0
18916 126 0
18917 0 127
18918 127 0
18919 127 127
18920 0 126
18921 126 127
18922 0 0
18923 0 1
18924 0 127
18925 0 0
18926 0 126
18927 3 0
18928 126 0
18929 0 127
18930 127 127
18931 127 0
18932 126 127
18933 2 0
18934 127 127
18935 0 1
18936 1 0
18937 126 0
18938 126 127
18939 127 0
18940 126 0
18941 127 0
18942 126 0
18943 2 0
18944 0 0
18945 3 0
18946 2 0
18947 127 0
18948 127 127
18949 3 0
18950 2 0
18951 0 126
18952 0 1
18953 126 0
18954 0 127
18955 127 0
18956 126 127
18957 127 127
18958 126 0
18959 127 0
18960 126 0
18961 0 126
18962 1 0
18963 0 2
18964 0 0
18965 127 0
18966 126 127
18967 0 127
18968 126 0
18969 127 0
18970 127 127
18971 0 3
18972 0 126
18973 126 0
18974 0 2
18975 1 0
18976 0 0
18977 1 0
18978 0 0
18979 126 127
18980 127 0
18981 126 0
18982 1 0
18983 0 0
18984 0 3
18985 127 127
18986 0 127
18987 0 1
18988 0 126
18989 0 0
18990 126 127
18991 0 127
18992 127 0
18993 0 126
18994 0 127
18995 0 1
18996 0 0
18997 127 127
18998 126 127
18999 127 127
19000 126 127
19001 0 1
19002 0 4
19003 127 127
19004 0 3
19005 126 0
19006 0 4
19007 0 126
19008 126 127
19009 0 127
19010 127 127
19011 0 0
19012 0 3
19013 126 127
19014 0 2
19015 0 3
19016 127 0
19017 126 0
19018 127 127
19019 0 126
19020 0 2
19021 127 0
19022 0 3
19023 126 0
19024 0 1
19025 0 0
19026 0 2
19027 126 127
19028 0 127
19029 0 3
19030 0 126
19031 0 1
19032 127 127
19033 127 0
19034 0 0
19035 0 127
19036 0 1
19037 126 0
19038 0 4
19039 0 0
19040 126 127
19041 0 126
19042 0 127
19043 0 126
19044 127 0
19045 0 3
19046 0 2
19047 0 3
19048 0 1
19049 0 0
19050 0 1
19051 126 0
19052 0 4
19053 0 0
19054 0 3
19055 0 127
19056 127 127
19057 126 127
19058 0 2
19059 1 0
19060 127 127
19061 0 126
19062 0 0
19063 1 0
19064 0 1
19065 0 2
19066 0 1
19067 0 2
19068 127 0
19069 0 127
19070 126 0
19071 127 0
19072 126 127
19073 126 0
19074 127 0
19075 0 126
19076 126 0
19077 0 0
19078 1 0
19079 0 127
19080 127 127
19081 0 1
19082 0 126
19083 2 0
19084 126 127
19085 127 0
19086 1 0
19087 127 127
19088 126 127
19089 2 0
19090 1 0
19091 126 0
19092 2 0
19093 0 0
19094 3 0
19095 0 127
19096 2 0
19097 127 0
19098 3 0
19099 0 126
19100 0 1
19101 2 0
19102 126 0
19103 1 0
19104 127 127
19105 0 2
19106 0 1
19107 0 127
19108 0 2
19109 0 0
19110 126 127
19111 1 0
19112 127 127
19113 127 0
19114 126 0
19115 127 0
19116 0 0
19117 126 127
19118 1 0
19119 0 1
19120 126 0
19121 0 2
19122 127 127
19123 127 0
19124 0 0
19125 126 0
19126 0 3
19127 0 2
19128 126 127
19129 0 126
19130 0 3
19131 0 1
19132 0 0
19133 0 2
19134 0 3
19135 0 1
19136 127 0
19137 0 127
19138 127 127
19139 126 127
19140 127 127
19141 0 4
19142 126 127
19143 127 127
19144 0 0
19145 126 127
19146 0 126
19147 0 1
19148 0 127
19149 0 3
19150 127 127
19151 0 126
19152 126 127
19153 127 127
19154 126 127
19155 0 4
19156 0 0
19157 0 1
19158 127 127
19159 126 127
19160 127 127
19161 0 127
19162 0 3
19163 126 0
19164 0 0
19165 0 126
19166 0 2
19167 1 0
19168 0 1
19169 126 127
19170 0 127
19171 2 0
19172 127 0
19173 1 0
19174 0 126
19175 126 0
19176 127 0
19177 0 2
19178 0 127
19179 126 0
19180 0 1
19181 0 2
19182 0 126
19183 127 127
19184 0 0
19185 0 127
19186 0 3
19187 0 2
19188 127 0
19189 0 126
19190 0 3
19191 126 0
19192 0 1
19193 0 4
19194 0 3
19195 0 4
19196 126 127
19197 127 0
19198 0 0
19199 126 0
19200 127 0
19201 126 0
19202 0 127
19203 127 0
19204 0 3
19205 0 126
19206 0 127
19207 127 127
19208 0 1
19209 0 0
19210 126 0
19211 0 2
19212 127 0
19213 0 126
19214 126 127
19215 127 127
19216 0 127
19217 0 3
19218 0 126
19219 0 1
19220 126 127
19221 0 4
19222 0 127
19223 0 3
19224 0 0
19225 127 127
19226 126 0
19227 126 127
19228 127 0
19229 126 0
19230 0 1
19231 127 127
19232 127 0
19233 126 127
19234 0 4
19235 0 3
19236 0 4
19237 0 3
19238 0 0
19239 0 1
19240 0 4
19241 0 0
19242 127 127
19243 126 127
19244 126 0
19245 0 1
19246 0 3
19247 0 4
19248 0 3
19249 127 0
19250 0 126
19251 127 127
19252 0 4
19253 126 127
19254 0 127
19255 0 3
19256 0 126
19257 0 127
19258 0 4
19259 126 0
19260 0 126
19261 0 3
19262 127 0
19263 0 0
19264 126 0
19265 0 127
19266 0 126
19267 0 2
19268 0 3
19269 127 0
19270 126 0
19271 0 2
19272 0 127
19273 127 127
19274 0 126
19275 0 127
19276 126 127
19277 0 126
19278 0 127
19279 0 3
19280 0 126
19281 0 127
19282 127 0
19283 0 126
19284 126 0
19285 0 2
19286 0 127
19287 127 127
19288 0 3
19289 0 1
19290 126 127
19291 0 126
19292 0 4
19293 127 0
19294 0 127
19295 0 126
19296 0 127
19297 0 0
19298 0 126
19299 0 127
19300 0 126
19301 0 3
19302 0 2
19303 0 3
19304 0 127
19305 0 2
19306 127 127
19307 1 0
19308 126 127
19309 0 1
19310 126 0
19311 0 126
19312 0 127
19313 0 2
19314 127 127
19315 0 1
19316 0 126
19317 127 0
19318 0 2
19319 126 127
19320 0 1
19321 2 0
19322 127 127
19323 126 127
19324 127 127
19325 0 127
19326 0 0
19327 0 1
19328 126 0
19329 127 0
19330 126 127
19331 126 0
19332 0 126
19333 0 0
19334 0 127
19335 3 0
19336 2 0
19337 127 0
19338 3 0
19339 0 1
19340 126 0
19341 0 0
19342 127 0
19343 0 1
19344 127 127
19345 0 0
19346 126 127
19347 2 0
19348 0 126
19349 127 127
19350 126 0
19351 0 127
19352 0 1
19353 1 0
19354 0 2
19355 0 126
19356 126 127
19357 127 0
19358 0 127
19359 0 1
19360 2 0
19361 127 127
19362 1 0
19363 2 0
19364 126 0
19365 127 0
19366 126 127
19367 0 126
19368 1 0
19369 127 127
19370 0 2
19371 0 1
19372 0 2
19373 126 0
19374 0 1
19375 126 127
19376 2 0
19377 127 127
19378 0 127
19379 0 0
19380 127 0
19381 126 127
19382 3 0
19383 126 0
19384 0 126
19385 0 1
19386 0 127
19387 127 127
19388 2 0
19389 127 0
19390 0 126
19391 126 0
19392 0 0
19393 127 0
19394 3 0
19395 126 0
19396 126 127
19397 127 0
19398 127 127
19399 0 1
19400 126 0
19401 2 0
19402 0 0
19403 3 0
19404 0 1
19405 2 0
19406 0 0
19407 0 1
19408 126 127
19409 127 127
19410 126 127
19411 127 127
19412 0 0
19413 127 0
19414 126 127
19415 3 0
19416 126 0
19417 127 127
19418 127 0
19419 0 127
19420 0 126
19421 0 127
19422 0 126
19423 126 127
19424 0 1
19425 126 0
19426 0 127
19427 2 0
19428 127 0
19429 1 0
19430 127 127
19431 2 0
19432 126 0
19433 0 126
19434 0 0
19435 127 0
19436 126 0
19437 126 127
19438 0 1
19439 1 0
19440 0 127
19441 0 126
19442 0 2
19443 127 0
19444 127 127
19445 0 127
19446 0 0
19447 126 0
19448 127 0
19449 0 126
19450 126 127
19451 0 127
19452 1 0
19453 0 1
19454 2 0
19455 126 0
19456 0 0
19457 0 1
19458 0 126
19459 127 127
19460 1 0
19461 126 127
19462 0 127
19463 0 2
19464 0 126
19465 0 0
19466 127 0
19467 127 127
19468 0 127
19469 126 0
19470 126 127
19471 127 127
19472 126 127
19473 0 3
19474 127 127
19475 0 2
19476 0 3
19477 127 0
19478 0 2
19479 0 126
19480 126 127
19481 126 0
19482 127 0
19483 126 0
19484 0 127
19485 1 0
19486 127 0
19487 0 1
19488 0 2
19489 0 1
19490 127 127
19491 2 0
19492 126 127
19493 0 0
19494 0 1
19495 126 0
19496 0 0
19497 3 0
19498 127 0
19499 2 0
19500 126 0
19501 127 0
19502 0 126
19503 0 1
19504 0 0
19505 127 127
19506 3 0
19507 126 127
19508 2 0
19509 126 0
19510 0 1
19511 1 0
19512 127 127
19513 127 0
19514 126 127
19515 127 127
19516 0 2
19517 0 0
19518 126 127
19519 0 3
19520 126 0
19521 127 0
19522 0 1
19523 0 4
19524 126 0
19525 127 127
19526 0 3
19527 0 4
19528 0 0
19529 0 3
19530 127 0
19531 0 127
19532 126 127
19533 0 1
19534 0 0
19535 0 126
19536 0 2
19537 0 127
19538 126 0
19539 1 0
19540 0 1
19541 127 0
19542 126 0
19543 0 2
19544 0 126
19545 0 0
19546 127 127
19547 0 127
19548 0 3
19549 0 126
19550 127 0
19551 126 0
19552 0 127
19553 127 0
19554 0 2
19555 126 127
19556 126 0
19557 1 0
19558 127 127
19559 0 1
19560 2 0
19561 0 126
19562 0 0
19563 0 1
19564 127 0
19565 0 0
19566 3 0
19567 126 0
19568 126 127
19569 2 0
19570 0 1
19571 0 127
19572 0 0
19573 0 1
19574 127 127
19575 127 0
19576 0 126
19577 0 0
19578 126 0
19579 127 0
19580 0 127
19581 0 126
19582 0 127
19583 126 0
19584 0 1
19585 0 126
19586 126 127
19587 0 127
19588 1 0
19589 0 2
19590 0 126
19591 0 127
19592 0 126
19593 0 1
19594 127 127
19595 126 127
19596 127 127
19597 126 127
19598 0 127
19599 127 127
19600 2 0
19601 127 0
19602 126 0
19603 1 0
19604 126 127
19605 0 126
19606 2 0
19607 1 0
19608 127 127
19609 0 2
19610 0 0
19611 0 127
19612 0 3
19613 0 126
19614 126 127
19615 127 127
19616 126 127
19617 0 1
19618 127 127
19619 0 0
19620 126 127
19621 127 127
19622 0 127
19623 126 127
19624 127 127
19625 126 127
19626 127 0
19627 0 126
19628 126 0
19629 127 127
19630 0 127
19631 0 2
19632 126 127
19633 127 0
19634 1 0
19635 0 1
19636 2 0
19637 127 127
19638 126 127
19639 126 0
19640 1 0
19641 0 126
19642 127 127
19643 127 0
19644 2 0
19645 1 0
19646 126 127
19647 2 0
19648 127 127
19649 0 0
19650 126 0
19651 127 0
19652 126 127
19653 126 0
19654 127 127
19655 0 127
19656 3 0
19657 127 0
19658 2 0
19659 0 126
19660 3 0
19661 0 1
19662 126 127
19663 2 0
19664 126 0
19665 0 0
19666 127 127
19667 0 1
19668 127 0
19669 1 0
19670 126 0
19671 126 127
19672 127 127
19673 0 127
19674 2 0
19675 0 0
19676 127 0
19677 3 0
19678 126 127
19679 0 1
19680 2 0
19681 126 0
19682 0 126
19683 127 127
19684 0 127
19685 0 0
19686 0 1
19687 0 0
19688 0 1
19689 1 0
19690 0 2
19691 126 127
19692 127 0
19693 0 1
19694 0 126
19695 0 2
19696 0 127
19697 126 0
19698 127 127
19699 0 1
19700 126 127
19701 2 0
19702 127 127
19703 0 0
19704 126 127
19705 3 0
19706 2 0
19707 3 0
19708 2 0
19709 0 1
19710 0 126
19711 1 0
19712 0 2
19713 0 127
19714 0 0
19715 127 127
19716 127 0
19717 1 0
19718 0 126
19719 0 1
19720 0 127
19721 126 127
19722 126 0
19723 2 0
19724 0 0
19725 0 126
19726 127 127
19727 0 127
19728 127 0
19729 0 1
19730 0 0
19731 3 0
19732 2 0
19733 126 0
19734 126 127
19735 127 127
19736 3 0
19737 2 0
19738 127 0
19739 126 127
19740 0 1
19741 1 0
19742 126 0
19743 127 0
19744 126 0
19745 127 127
19746 126 127
19747 127 0
19748 126 0
19749 0 126
19750 0 2
19751 0 1
19752 127 0
19753 0 2
19754 0 0
19755 0 127
19756 127 127
19757 0 3
19758 0 2
19759 0 126
19760 0 3
19761 126 0
19762 0 2
19763 1 0
19764 0 0
19765 1 0
19766 0 1
19767 0 127
19768 127 0
19769 0 126
19770 126 127
19771 2 0
19772 1 0
19773 0 127
19774 0 126
19775 127 127
19776 0 127
19777 0 126
19778 126 127
19779 126 0
19780 127 127
19781 0 127
19782 127 0
19783 2 0
19784 126 127
19785 0 0
19786 127 127
19787 0 126
19788 0 1
19789 0 0
19790 0 1
19791 0 127
19792 0 0
19793 3 0
19794 2 0
19795 0 1
19796 1 0
19797 126 0
19798 0 2
19799 126 127
19800 127 127
19801 0 1
19802 127 0
19803 0 2
19804 0 1
19805 2 0
19806 126 127
19807 1 0
19808 127 127
19809 0 126
19810 126 127
19811 0 127
19812 0 126
19813 0 2
19814 126 0
19815 127 127
19816 0 1
19817 0 127
19818 127 0
19819 0 126
19820 126 127
19821 126 0
19822 127 127
19823 0 127
19824 126 127
19825 127 127
19826 127 0
19827 126 127
19828 0 2
19829 0 1
19830 0 2
19831 126 0
19832 0 0
19833 0 126
19834 127 127
19835 126 127
19836 1 0
19837 127 0
19838 127 127
19839 0 1
19840 0 127
19841 0 126
19842 126 127
19843 0 2
19844 0 0
19845 0 3
19846 126 0
19847 127 127
19848 0 2
19849 0 127
19850 127 0
19851 0 3
19852 0 126
19853 126 127
19854 0 1
19855 127 127
19856 0 0
19857 126 0
19858 0 127
19859 0 1
19860 0 4
19861 0 126
19862 0 0
19863 127 0
19864 0 3
19865 0 1
19866 0 0
19867 0 1
19868 0 0
19869 126 127
19870 0 1
19871 0 127
19872 127 127
19873 126 0
19874 127 0
19875 126 127
19876 0 4
19877 0 3
19878 0 0
19879 127 127
19880 0 2
19881 126 0
19882 126 127
19883 127 0
19884 126 0
19885 127 127
19886 0 126
19887 0 3
19888 127 0
19889 0 2
19890 126 0
19891 1 0
19892 126 127
19893 127 127
19894 127 0
19895 0 1
19896 2 0
19897 1 0
19898 0 2
19899 0 0
19900 126 0
19901 1 0
19902 126 127
19903 127 127
19904 0 1
19905 127 0
19906 0 2
19907 126 127
19908 126 0
19909 127 0
19910 0 127
19911 127 127
19912 126 127
19913 0 0
19914 1 0
19915 126 0
19916 0 126
19917 127 0
19918 127 127
19919 0 0
19920 126 0
19921 127 0
19922 1 0
19923 0 1
19924 126 127
19925 127 127
19926 126 0
19927 126 127
19928 127 0
19929 0 127
19930 126 0
19931 127 127
19932 2 0
19933 127 0
19934 126 0
19935 127 0
19936 1 0
19937 0 126
19938 2 0
19939 0 127
19940 0 0
19941 0 1
19942 0 0
19943 0 1
19944 126 0
19945 126 127
19946 127 127
19947 126 127
19948 0 0
19949 127 0
19950 0 126
19951 126 0
19952 127 0
19953 0 1
19954 0 0
19955 0 1
19956 0 127
19957 127 127
19958 126 127
19959 0 0
19960 3 0
19961 2 0
19962 3 0
19963 127 127
19964 0 1
19965 0 126
19966 0 0
19967 0 127
19968 2 0
19969 0 126
19970 3 0
19971 2 0
19972 0 1
19973 1 0
19974 126 127
19975 2 0
19976 1 0
19977 2 0
19978 126 0
19979 127 0
19980 0 127
19981 0 0
19982 127 127
19983 0 126
19984 126 127
19985 3 0
19986 2 0
19987 0 127
19988 127 127
19989 126 127
19990 0 126
19991 126 0
19992 127 127
19993 126 127
19994 0 127
19995 127 127
19996 127 0
19997 126 127
19998 3 0
19999 2 0
20000 127 127
20001 126 127
20002 0 1
20003 1 0
20004 126 0
20005 2 0
20006 127 127
20007 0 0
20008 127 0
20009 126 127
20010 126 0
20011 0 1
20012 0 0
20013 127 127
20014 0 126
20015 127 0
20016 3 0
20017 0 127
20018 0 1
20019 0 0
20020 0 126
20021 126 127
20022 127 127
20023 0 1
20024 126 0
20025 126 127
20026 0 127
20027 127 0
20028 2 0
20029 126 0
20030 0 126
20031 0 0
20032 0 127
20033 127 0
20034 126 0
20035 0 126
20036 127 127
20037 3 0
20038 0 127
20039 127 0
20040 126 0
20041 0 126
20042 127 0
20043 126 0
20044 2 0
20045 3 0
20046 126 127
20047 0 1
20048 127 127
20049 0 0
20050 0 1
20051 0 0
20052 0 127
20053 0 126
20054 0 127
20055 127 0
20056 0 126
20057 2 0
20058 126 0
20059 126 127
20060 127 127
20061 0 127
20062 3 0
20063 126 127
20064 0 126
20065 127 0
20066 0 1
20067 126 0
20068 127 0
20069 2 0
20070 126 0
20071 127 0
20072 126 0
20073 127 127
20074 0 127
20075 0 0
20076 0 1
20077 0 0
20078 0 126
20079 0 1
20080 0 127
20081 1 0
20082 0 126
20083 126 127
20084 0 2
20085 127 127
20086 0 0
20087 127 0
20088 126 0
20089 127 0
20090 1 0
20091 0 127
20092 126 127
20093 127 127
20094 0 126
20095 126 127
20096 0 127
20097 0 126
20098 0 0
20099 1 0
20100 126 0
20101 0 127
20102 0 126
20103 127 0
20104 127 127
20105 0 0
20106 126 0
20107 0 3
20108 127 0
20109 0 1
20110 126 127
20111 0 4
20112 0 3
20113 0 0
20114 0 2
20115 127 127
20116 1 0
20117 0 0
20118 1 0
20119 0 127
20120 0 0
20121 0 3
20122 126 0
20123 127 0
20124 0 1
20125 0 4
20126 126 127
20127 0 126
20128 127 127
20129 126 0
20130 0 0
20131 127 0
20132 126 0
20133 0 1
20134 0 3
20135 0 0
20136 0 1
20137 126 127
20138 0 0
20139 0 127
20140 127 0
20141 0 2
20142 1 0
20143 0 1
20144 0 126
20145 0 127
20146 0 2
20147 127 127
20148 0 0
20149 126 0
20150 126 127
20151 0 126
20152 127 0
20153 1 0
20154 126 0
20155 0 127
20156 127 0
20157 126 0
20158 127 0
20159 0 126
20160 0 127
20161 126 0
20162 127 0
20163 0 0
20164 126 0
20165 127 0
20166 1 0
20167 126 0
20168 0 1
20169 2 0
20170 127 127
20171 126 127
20172 1 0
20173 127 0
20174 126 0
20175 127 127
20176 2 0
20177 126 127
20178 1 0
20179 2 0
20180 1 0
20181 127 0
20182 0 126
20183 2 0
20184 0 0
20185 0 127
20186 126 0
20187 0 1
20188 127 0
20189 1 0
20190 126 0
20191 0 2
20192 0 126
20193 0 0
20194 127 127
20195 1 0
20196 0 127
20197 0 1
20198 127 0
20199 2 0
20200 126 127
20201 0 126
20202 0 127
20203 1 0
20204 127 127
20205 0 2
20206 0 1
20207 2 0
20208 0 126
20209 126 0
20210 1 0
20211 2 0
20212 0 0
20213 127 0
20214 0 1
20215 0 127
20216 0 0
20217 126 127
20218 127 127
20219 0 1
20220 1 0
20221 2 0
20222 126 127
20223 126 0
20224 0 0
20225 0 1
20226 0 126
20227 127 127
20228 0 127
20229 1 0
20230 2 0
20231 0 126
20232 127 0
20233 0 0
20234 0 127
20235 0 1
20236 126 127
20237 127 127
20238 0 126
20239 0 127
20240 126 127
20241 126 0
20242 0 0
20243 0 1
20244 127 127
20245 126 127
20246 127 127
20247 127 0
20248 126 127
20249 0 0
20250 0 1
20251 126 0
20252 127 0
20253 1 0
20254 0 2
20255 127 127
20256 126 0
20257 0 0
20258 0 3
20259 126 127
20260 0 2
20261 0 126
20262 0 3
20263 0 127
20264 127 127
20265 127 0
20266 0 1
20267 0 0
20268 126 0
20269 0 2
20270 1 0
20271 0 1
20272 126 127
20273 127 127
20274 0 2
20275 0 1
20276 0 2
20277 0 126
20278 0 0
20279 127 0
20280 126 127
20281 1 0
20282 0 1
20283 0 2
20284 126 0
20285 0 127
20286 0 0
20287 1 0
20288 127 0
20289 0 126
20290 127 127
20291 0 0
20292 126 0
20293 1 0
20294 127 0
20295 126 127
20296 0 1
20297 2 0
20298 1 0
20299 126 0
20300 127 0
20301 127 127
20302 2 0
20303 126 127
20304 126 0
20305 1 0
20306 2 0
20307 0 0
20308 0 1
20309 127 127
20310 126 127
20311 0 127
20312 0 0
20313 127 127
20314 126 127
20315 127 0
20316 0 126
20317 0 1
20318 1 0
20319 2 0
20320 0 127
20321 0 0
20322 127 127
20323 0 126
20324 0 127
20325 3 0
20326 126 127
20327 0 1
20328 2 0
20329 127 127
20330 126 0
20331 1 0
20332 0 2
20333 0 0
20334 1 0
20335 0 0
20336 1 0
20337 0 126
20338 0 127
20339 0 1
20340 126 127
20341 127 127
20342 126 127
20343 0 2
20344 0 126
20345 0 1
20346 0 2
20347 127 0
20348 0 0
20349 127 127
20350 1 0
20351 126 127
20352 0 0
20353 126 0
20354 0 127
20355 0 126
20356 127 0
20357 127 127
20358 126 127
20359 0 3
20360 126 0
20361 0 2
20362 0 127
20363 0 126
20364 0 3
20365 127 0
20366 126 0
20367 0 1
20368 0 4
20369 0 3
20370 127 127
20371 0 0
20372 126 127
20373 127 127
20374 0 2
20375 0 127
20376 0 3
20377 0 2
20378 1 0
20379 0 1
20380 2 0
20381 1 0
20382 0 126
20383 2 0
20384 1 0
20385 2 0
20386 0 0
20387 0 1
20388 0 127
20389 1 0
20390 2 0
20391 0 0
20392 126 127
20393 127 127
20394 3 0
20395 127 0
20396 126 127
20397 0 126
20398 0 1
20399 0 0
20400 126 0
20401 2 0
20402 127 0
20403 126 0
20404 127 127
20405 0 1
20406 0 127
20407 126 127
20408 127 0
20409 127 127
20410 0 126
20411 126 0
20412 0 127
20413 126 127
20414 127 0
20415 0 0
20416 0 126
20417 0 1
20418 0 127
20419 126 0
20420 0 0
20421 0 126
20422 127 0
20423 0 1
20424 0 127
20425 0 126
20426 0 0
20427 127 127
20428 126 127
20429 0 1
20430 127 127
20431 126 0
20432 1 0
20433 127 0
20434 0 2
20435 126 127
20436 127 127
20437 0 1
20438 2 0
20439 0 0
20440 3 0
20441 0 1
20442 0 127
20443 2 0
20444 0 0
20445 126 0
20446 0 1
20447 126 127
20448 127 127
20449 1 0
20450 0 126
20451 126 127
20452 2 0
20453 127 0
20454 0 127
20455 126 0
20456 127 0
20457 1 0
20458 0 126
20459 2 0
20460 1 0
20461 127 127
20462 126 0
20463 0 127
20464 2 0
20465 1 0
20466 127 0
20467 126 0
20468 0 126
20469 2 0
20470 1 0
20471 126 127
20472 0 127
20473 0 126
20474 127 0
20475 127 127
20476 0 2
20477 0 0
20478 126 127
20479 127 127
20480 126 127
20481 0 127
20482 126 0
20483 1 0
20484 0 0
20485 0 126
20486 0 127
20487 127 0
20488 1 0
20489 127 127
20490 126 127
20491 126 0
20492 127 0
20493 126 0
20494 0 126
20495 0 0
20496 127 127
20497 0 127
20498 126 127
20499 127 0
20500 0 126
20501 0 127
20502 1 0
20503 126 0
20504 127 0
20505 0 0
20506 0 126
20507 126 0
20508 127 127
20509 126 127
20510 0 3
20511 0 127
20512 0 1
20513 0 126
20514 127 127
20515 126 127
20516 0 127
20517 0 4
20518 0 3
20519 127 127
20520 0 4
20521 0 3
20522 126 127
20523 0 126
20524 0 0
20525 127 0
20526 127 127
20527 126 127
20528 0 1
20529 126 0
20530 127 127
20531 126 127
20532 0 127
20533 0 4
20534 127 0
20535 0 126
20536 126 0
20537 127 127
20538 0 0
20539 0 127
20540 127 0
20541 126 127
20542 0 3
20543 0 2
20544 0 126
20545 126 0
20546 0 3
20547 0 1
20548 127 127
20549 0 127
20550 127 0
20551 0 126
20552 0 127
20553 126 127
20554 126 0
20555 127 0
20556 126 0
20557 127 127
20558 0 126
20559 127 0
20560 126 0
20561 126 127
20562 0 0
20563 0 1
20564 0 127
20565 0 0
20566 0 2
20567 127 0
20568 126 0
20569 127 127
20570 126 127
20571 127 0
20572 0 3
20573 0 126
20574 127 127
20575 126 0
20576 0 127
20577 0 1
20578 0 0
20579 0 126
20580 0 2
20581 1 0
20582 126 127
20583 0 127
20584 0 1
20585 0 126
20586 127 0
20587 0 127
20588 127 127
20589 0 2
20590 0 126
20591 126 0
20592 0 127
20593 127 0
20594 0 1
20595 0 126
20596 0 2
20597 126 127
20598 126 0
20599 127 0
20600 126 0
20601 0 0
20602 1 0
20603 0 127
20604 127 0
20605 0 1
20606 0 2
20607 126 0
20608 0 0
20609 1 0
20610 0 1
20611 0 2
20612 127 127
20613 126 127
20614 127 0
20615 0 0
20616 0 126
20617 1 0
20618 127 127
20619 0 1
20620 126 127
20621 127 127
20622 126 127
20623 0 2
20624 126 0
20625 0 127
20626 0 1
20627 0 2
20628 0 1
20629 0 126
20630 2 0
20631 127 0
20632 127 127
20633 0 127
20634 0 0
20635 0 1
20636 0 126
20637 0 0
20638 126 0
20639 3 0
20640 127 0
20641 0 127
20642 126 0
20643 126 127
20644 2 0
20645 3 0
20646 127 0
20647 0 1
20648 127 127
20649 2 0
20650 126 0
20651 0 126
20652 0 127
20653 1 0
20654 127 0
20655 126 127
20656 126 0
20657 0 126
20658 0 2
20659 127 0
20660 127 127
20661 0 0
20662 126 0
20663 127 0
20664 1 0
20665 0 0
20666 1 0
20667 0 127
20668 0 126
20669 126 0
20670 0 1
20671 127 0
20672 126 127
20673 0 2
20674 0 0
20675 1 0
20676 127 127
20677 0 0
20678 1 0
20679 126 0
20680 0 127
20681 0 126
20682 0 127
20683 127 0
20684 126 127
20685 0 0
20686 1 0
20687 0 0
20688 0 3
20689 127 127
20690 126 0
20691 0 2
20692 126 127
20693 0 126
20694 127 0
20695 127 127
20696 0 127
20697 0 126
20698 0 127
20699 1 0
20700 0 0
20701 0 126
20702 126 0
20703 127 0
20704 0 3
20705 0 2
20706 0 127
20707 126 127
20708 127 127
20709 0 126
20710 0 3
20711 0 127
20712 126 127
20713 126 0
20714 0 1
20715 127 127
20716 127 0
20717 126 127
20718 0 0
20719 0 1
20720 0 126
20721 126 0
20722 127 0
20723 0 4
20724 126 0
20725 127 127
20726 0 3
20727 126 127
20728 127 127
20729 127 0
20730 0 127
20731 0 0
20732 126 127
20733 0 1
20734 0 4
20735 127 127
20736 0 3
20737 126 0
20738 126 127
20739 127 127
20740 127 0
20741 126 0
20742 0 0
20743 127 0
20744 126 0
20745 127 0
20746 0 2
20747 1 0
20748 0 1
20749 0 2
20750 0 1
20751 0 2
20752 126 127
20753 0 126
20754 0 127
20755 0 126
20756 0 0
20757 1 0
20758 0 127
20759 127 127
20760 126 127
20761 126 0
20762 0 0
20763 0 3
20764 127 0
20765 0 126
20766 0 2
20767 0 127
20768 1 0
20769 0 1
20770 127 127
20771 126 0
20772 127 0
20773 126 0
20774 126 127
20775 127 127
20776 126 127
20777 0 126
20778 127 127
20779 2 0
20780 1 0
20781 0 127
20782 126 127
20783 127 0
20784 126 0
20785 0 126
20786 0 2
20787 0 1
20788 2 0
20789 0 127
20790 127 127
20791 0 126
20792 126 127
20793 0 0
20794 0 127
20795 127 127
20796 0 126
20797 3 0
20798 126 127
20799 0 127
20800 0 1
20801 127 0
20802 127 127
20803 126 127
20804 0 0
20805 2 0
20806 127 127
20807 0 126
20808 126 127
20809 127 127
20810 0 1
20811 1 0
20812 126 127
20813 0 127
20814 0 2
20815 0 126
20816 0 0
20817 127 127
20818 1 0
20819 0 0
20820 1 0
20821 126 127
20822 127 127
20823 0 0
20824 0 127
20825 126 0
20826 1 0
20827 127 0
20828 0 126
20829 0 1
20830 126 127
20831 0 2
20832 0 0
20833 1 0
20834 127 127
20835 0 1
20836 2 0
20837 0 0
20838 0 1
20839 1 0
20840 0 127
20841 0 2
20842 126 127
20843 127 127
20844 0 126
20845 0 1
20846 2 0
20847 1 0
20848 0 127
20849 126 0
20850 126 127
20851 2 0
20852 0 0
20853 0 1
20854 127 127
20855 0 0
20856 0 1
20857 0 126
20858 127 0
20859 126 0
20860 1 0
20861 0 127
20862 0 126
20863 0 127
20864 0 126
20865 0 2
20866 0 127
20867 0 126
20868 126 127
20869 0 1
20870 0 127
20871 0 2
20872 127 0
20873 126 0
20874 0 126
20875 0 0
20876 1 0
20877 127 127
20878 0 1
20879 0 127
20880 126 127
20881 127 0
20882 0 126
20883 2 0
20884 126 0
20885 1 0
20886 127 127
20887 0 2
20888 127 0
20889 126 127
20890 126 0
20891 127 127
20892 126 127
20893 127 127
20894 126 127
20895 127 0
20896 126 0
20897 127 0
20898 0 127
20899 0 1
20900 2 0
20901 1 0
20902 0 126
20903 127 127
20904 2 0
20905 0 127
20906 126 0
20907 0 126
20908 127 0
20909 126 127
20910 0 0
20911 0 1
20912 126 0
20913 0 0
20914 0 127
20915 127 0
20916 0 1
20917 0 126
20918 1 0
20919 126 0
20920 2 0
20921 0 127
20922 0 0
20923 127 0
20924 127 127
20925 3 0
20926 126 127
20927 126 0
20928 0 1
20929 2 0
20930 0 126
20931 127 127
20932 0 127
20933 126 127
20934 127 127
20935 0 0
20936 3 0
20937 127 0
20938 2 0
20939 126 0
20940 0 126
20941 126 127
20942 127 0
20943 3 0
20944 127 127
20945 0 127
20946 126 127
20947 127 127
20948 2 0
20949 126 127
20950 127 127
20951 126 0
20952 3 0
20953 127 0
20954 126 0
20955 126 127
20956 127 0
20957 0 126
20958 126 0
20959 0 127
20960 0 1
20961 0 126
20962 2 0
20963 1 0
20964 127 127
20965 127 0
20966 0 2
20967 0 1
20968 126 0
20969 0 2
20970 126 127
20971 0 1
20972 2 0
20973 127 127
20974 127 0
20975 1 0
20976 0 2
20977 126 127
20978 0 0
20979 127 127
20980 1 0
20981 0 127
20982 0 0
20983 0 3
20984 0 1
20985 126 0
20986 126 127
20987 0 126
20988 0 0
20989 0 2
20990 127 127
20991 0 3
20992 127 0
20993 126 127
20994 0 1
20995 0 0
20996 126 0
20997 0 1
20998 0 127
20999 127 127
21000 0 126
21001 0 4
21002 126 127
21003 0 3
21004 0 0
21005 0 2
21006 1 0
21007 0 127
21008 127 127
21009 0 126
21010 0 1
21011 0 127
21012 127 0
21013 126 0
21014 0 126
21015 0 127
21016 2 0
21017 127 0
21018 0 0
21019 126 0
21020 0 126
21021 0 127
21022 3 0
21023 126 127
21024 0 126
21025 2 0
21026 3 0
21027 2 0
21028 0 127
21029 0 126
21030 0 1
21031 127 127
21032 0 0
21033 126 127
21034 0 127
21035 3 0
21036 0 126
21037 0 127
21038 127 127
21039 126 127
21040 0 1
21041 0 126
21042 2 0
21043 0 0
21044 0 127
21045 0 1
21046 1 0
21047 127 0
21048 0 126
21049 126 0
21050 0 2
21051 127 0
21052 0 127
21053 126 0
21054 127 127
21055 127 0
21056 0 0
21057 126 0
21058 0 126
21059 0 127
21060 0 126
21061 0 3
21062 127 0
21063 0 1
21064 0 0
21065 126 0
21066 126 127
21067 127 127
21068 0 1
21069 126 127
21070 127 127
21071 0 0
21072 126 127
21073 0 2
21074 0 3
21075 0 1
21076 0 4
21077 0 127
21078 0 3
21079 0 4
21080 0 0
21081 0 3
21082 0 2
21083 0 3
21084 0 126
21085 0 1
21086 0 4
21087 0 3
21088 0 4
21089 127 127
21090 0 3
21091 0 4
21092 0 0
21093 0 3
21094 0 127
21095 126 127
21096 0 1
21097 127 127
21098 127 0
21099 126 0
21100 0 126
21101 126 127
21102 127 0
21103 126 0
21104 0 127
21105 127 0
21106 0 126
21107 0 0
21108 0 1
21109 127 127
21110 0 127
21111 0 4
21112 0 126
21113 0 3
21114 126 127
21115 0 0
21116 0 1
21117 0 4
21118 0 127
21119 0 3
21120 127 127
21121 0 4
21122 126 127
21123 0 0
21124 0 3
21125 0 1
21126 0 0
21127 0 126
21128 0 2
21129 127 127
21130 126 0
21131 126 127
21132 127 0
21133 127 127
21134 0 127
21135 1 0
21136 0 0
21137 0 126
21138 0 3
21139 0 2
21140 126 0
21141 126 127
21142 1 0
21143 127 127
21144 126 127
21145 127 127
21146 127 0
21147 0 127
21148 126 0
21149 0 1
21150 2 0
21151 126 127
21152 127 127
21153 0 126
21154 0 0
21155 3 0
21156 126 127
21157 2 0
21158 127 127
21159 0 1
21160 127 0
21161 1 0
21162 126 0
21163 127 0
21164 126 127
21165 0 127
21166 127 127
21167 126 127
21168 0 2
21169 0 1
21170 0 2
21171 0 0
21172 127 127
21173 126 0
21174 126 127
21175 127 127
21176 0 126
21177 126 127
21178 127 127
21179 1 0
21180 0 1
21181 127 0
21182 0 127
21183 2 0
21184 126 0
21185 0 126
21186 1 0
21187 2 0
21188 1 0
21189 126 127
21190 2 0
21191 127 0
21192 126 0
21193 127 0
21194 127 127
21195 0 0
21196 0 127
21197 3 0
21198 2 0
21199 0 126
21200 3 0
21201 126 127
21202 127 127
21203 2 0
21204 0 127
21205 0 1
21206 126 0
21207 1 0
21208 126 127
21209 0 126
21210 127 0
21211 0 2
21212 0 127
21213 0 126
21214 0 0
21215 0 3
21216 127 127
21217 126 127
21218 126 0
21219 0 127
21220 0 2
21221 1 0
21222 0 126
21223 0 1
21224 0 127
21225 127 127
21226 126 127
21227 0 2
21228 0 126
21229 127 127
21230 126 127
21231 0 127
21232 0 0
21233 0 126
21234 0 127
21235 0 126
21236 127 127
21237 127 0
21238 126 0
21239 126 127
21240 0 127
21241 127 127
21242 127 0
21243 0 3
21244 0 2
21245 0 126
21246 126 127
21247 0 3
21248 0 2
21249 126 0
21250 1 0
21251 0 127
21252 127 127
21253 0 1
21254 0 126
21255 2 0
21256 1 0
21257 126 127
21258 0 2
21259 0 1
21260 0 2
21261 0 1
21262 127 0
21263 126 0
21264 127 0
21265 2 0
21266 0 0
21267 126 0
21268 0 127
21269 0 126
21270 0 1
21271 127 127
21272 0 127
21273 0 126
21274 127 0
21275 1 0
21276 126 0
21277 127 0
21278 2 0
21279 0 0
21280 126 127
21281 3 0
21282 0 1
21283 0 0
21284 2 0
21285 126 0
21286 127 0
21287 0 1
21288 126 0
21289 127 127
21290 126 127
21291 0 0
21292 0 127
21293 3 0
21294 0 126
21295 2 0
21296 127 0
21297 0 1
21298 126 0
21299 127 0
21300 126 0
21301 127 127
21302 0 0
21303 0 127
21304 126 127
21305 3 0
21306 2 0
21307 0 126
21308 0 127
21309 127 0
21310 3 0
21311 0 126
21312 0 1
21313 0 127
21314 126 0
21315 127 127
21316 127 0
21317 0 0
21318 0 126
21319 0 127
21320 126 127
21321 127 127
21322 2 0
21323 126 127
21324 127 127
21325 0 126
21326 126 127
21327 0 127
21328 0 1
21329 127 127
21330 0 126
21331 0 127
21332 126 127
21333 0 0
21334 3 0
21335 0 1
21336 126 0
21337 0 0
21338 127 0
21339 0 1
21340 0 126
21341 127 127
21342 126 0
21343 2 0
21344 0 127
21345 0 0
21346 126 127
21347 0 1
21348 0 0
21349 127 0
21350 0 126
21351 127 127
21352 126 0
21353 0 1
21354 127 0
21355 126 0
21356 126 127
21357 127 0
21358 126 0
21359 127 127
21360 1 0
21361 0 2
21362 0 1
21363 2 0
21364 0 0
21365 0 127
21366 127 0
21367 0 126
21368 126 0
21369 127 0
21370 126 127
21371 127 127
21372 126 127
21373 126 0
21374 0 127
21375 127 127
21376 0 126
21377 0 1
21378 127 0
21379 0 127
21380 0 0
21381 0 126
21382 3 0
21383 0 1
21384 126 127
21385 0 127
21386 2 0
21387 1 0
21388 0 2
21389 0 126
21390 126 0
21391 127 127
21392 0 1
21393 127 0
21394 126 127
21395 2 0
21396 126 0
21397 127 127
21398 127 0
21399 126 0
21400 127 0
21401 126 0
21402 1 0
21403 2 0
21404 126 127
21405 0 127
21406 127 0
21407 126 0
21408 1 0
21409 0 2
21410 0 1
21411 0 126
21412 0 2
21413 0 127
21414 127 0
21415 0 0
21416 0 126
21417 126 0
21418 127 127
21419 1 0
21420 0 127
21421 126 127
21422 0 1
21423 0 126
21424 2 0
21425 1 0
21426 127 0
21427 127 127
21428 0 2
21429 0 1
21430 0 2
21431 0 0
21432 126 0
21433 0 3
21434 127 0
21435 126 127
21436 0 2
21437 1 0
21438 127 127
21439 0 1
21440 126 127
21441 127 127
21442 126 127
21443 0 2
21444 0 127
21445 0 1
21446 0 126
21447 126 0
21448 2 0
21449 1 0
21450 2 0
21451 127 127
21452 127 0
21453 126 0
21454 0 0
21455 3 0
21456 127 0
21457 126 0
21458 0 1
21459 2 0
21460 127 0
21461 0 127
21462 0 126
21463 126 0
21464 1 0
21465 2 0
21466 127 0
21467 126 0
21468 1 0
21469 2 0
21470 127 0
21471 1 0
21472 126 0
21473 0 2
21474 127 0
21475 0 127
21476 0 1
21477 0 2
21478 0 1
21479 126 127
21480 126 0
21481 0 2
21482 0 0
21483 127 127
21484 127 0
21485 0 126
21486 1 0
21487 126 0
21488 0 0
21489 1 0
21490 0 0
21491 126 127
21492 0 127
21493 127 127
21494 0 3
21495 127 0
21496 0 2
21497 0 126
21498 0 3
21499 0 127
21500 0 1
21501 126 127
21502 126 0
21503 0 0
21504 0 126
21505 127 0
21506 0 127
21507 0 2
21508 0 126
21509 0 3
21510 127 127
21511 126 0
21512 0 1
21513 127 0
21514 0 127
21515 126 127
21516 127 127
21517 0 0
21518 0 126
21519 126 0
21520 126 127
21521 127 127
21522 0 127
21523 0 1
21524 0 126
21525 0 127
21526 127 0
21527 126 127
21528 127 127
21529 0 4
21530 126 0
21531 0 3
21532 0 4
21533 126 127
21534 127 0
21535 126 0
21536 0 3
21537 0 4
21538 127 127
21539 126 127
21540 0 3
21541 127 0
21542 126 0
21543 0 0
21544 0 126
21545 0 2
21546 1 0
21547 0 127
21548 0 1
21549 0 2
21550 127 0
21551 0 1
21552 127 127
21553 126 127
21554 126 0
21555 127 0
21556 0 2
21557 0 0
21558 0 126
21559 1 0
21560 126 0
21561 0 1
21562 127 0
21563 0 2
21564 126 0
21565 127 0
21566 126 0
21567 127 127
21568 127 0
21569 0 1
21570 126 0
21571 126 127
21572 0 127
21573 0 126
21574 127 127
21575 127 0
21576 0 2
21577 0 0
21578 1 0
21579 126 127
21580 0 1
21581 127 127
21582 126 0
21583 126 127
21584 0 2
21585 127 0
21586 0 0
21587 127 127
21588 0 127
21589 0 126
21590 126 0
21591 127 0
21592 0 127
21593 0 3
21594 0 2
21595 0 3
21596 0 2
21597 0 3
21598 0 2
21599 0 126
21600 126 127
21601 127 127
21602 126 0
21603 127 0
21604 1 0
21605 0 0
21606 126 0
21607 127 0
21608 126 0
21609 126 127
21610 0 3
21611 0 127
21612 127 0
21613 0 126
21614 126 0
21615 0 127
21616 127 127
21617 126 127
21618 0 2
21619 0 126
21620 0 127
21621 1 0
21622 0 0
21623 127 0
21624 127 127
21625 0 3
21626 0 1
21627 0 4
21628 126 0
21629 127 0
21630 0 3
21631 126 0
21632 127 0
21633 0 0
21634 126 0
21635 127 0
21636 0 2
21637 0 3
21638 0 1
21639 126 127
21640 126 0
21641 0 0
21642 127 127
21643 0 126
21644 0 127
21645 0 126
21646 126 127
21647 127 0
21648 0 1
21649 0 127
21650 0 0
21651 0 126
21652 0 1
21653 0 0
21654 127 127
21655 126 0
21656 127 0
21657 0 1
21658 126 127
21659 0 127
21660 0 0
21661 0 126
21662 126 0
21663 127 127
21664 0 1
21665 0 4
21666 126 127
21667 127 127
21668 0 3
21669 0 0
21670 127 0
21671 126 127
21672 0 127
21673 127 127
21674 126 0
21675 126 127
21676 0 126
21677 0 2
21678 0 3
21679 0 127
21680 0 126
21681 0 127
21682 127 127
21683 0 126
21684 0 127
21685 0 1
21686 126 127
21687 0 0
21688 127 127
21689 0 126
21690 127 0
21691 0 1
21692 0 127
21693 126 127
21694 0 126
21695 0 0
21696 126 0
21697 0 127
21698 127 127
21699 126 127
21700 127 0
21701 0 1
21702 0 4
21703 0 126
21704 0 0
21705 0 127
21706 126 0
21707 0 3
21708 127 0
21709 126 0
21710 0 2
21711 127 0
21712 126 0
21713 127 127
21714 0 3
21715 0 1
21716 0 0
21717 0 2
21718 0 126
21719 127 0
21720 126 127
21721 0 3
21722 0 1
21723 0 4
21724 126 0
21725 127 0
21726 126 0
21727 127 127
21728 0 127
21729 0 126
21730 0 127
21731 127 0
21732 126 0
21733 0 126
21734 126 127
21735 0 0
21736 0 3
21737 0 1
21738 0 4
21739 127 127
21740 126 127
21741 0 127
21742 0 0
21743 127 127
21744 127 0
21745 0 3
21746 0 2
21747 0 126
21748 0 127
21749 0 126
21750 126 0
21751 127 0
21752 0 3
21753 126 127
21754 126 0
21755 127 0
21756 126 0
21757 127 127
21758 126 127
21759 127 127
21760 0 127
21761 0 126
21762 126 127
21763 0 2
21764 127 0
21765 0 127
21766 0 3
21767 126 0
21768 0 1
21769 127 0
21770 0 0
21771 0 2
21772 1 0
21773 127 127
21774 0 0
21775 126 0
21776 0 126
21777 1 0
21778 127 0
21779 0 1
21780 0 2
21781 0 127
21782 126 127
21783 126 0
21784 127 0
21785 0 1
21786 0 2
21787 126 0
21788 0 1
21789 0 126
21790 0 2
21791 127 0
21792 0 127
21793 126 0
21794 127 0
21795 0 0
21796 126 0
21797 127 127
21798 127 0
21799 0 126
21800 126 127
21801 127 127
21802 0 3
21803 0 1
21804 0 127
21805 0 126
21806 0 0
21807 126 0
21808 0 1
21809 0 0
21810 0 127
21811 0 1
21812 0 4
21813 126 127
21814 0 0
21815 0 3
21816 0 2
21817 127 0
21818 0 3
21819 0 1
21820 127 127
21821 0 126
21822 0 4
21823 0 127
21824 0 0
21825 126 0
21826 127 0
21827 126 0
21828 0 126
21829 0 3
21830 126 127
21831 0 2
21832 0 3
21833 0 2
21834 127 0
21835 1 0
21836 0 127
21837 127 127
21838 0 126
21839 126 127
21840 126 0
21841 127 127
21842 0 1
21843 126 127
21844 0 127
21845 0 126
21846 127 127
21847 126 127
21848 127 0
21849 0 127
21850 0 2
21851 0 126
21852 0 0
21853 0 127
21854 1 0
21855 127 127
21856 126 127
21857 127 127
21858 126 0
21859 126 127
21860 127 0
21861 126 0
21862 0 1
21863 2 0
21864 127 0
21865 0 0
21866 126 0
21867 0 126
21868 127 0
21869 0 1
21870 1 0
21871 0 127
21872 0 126
21873 0 2
21874 0 127
21875 0 1
21876 126 0
21877 0 126
21878 127 0
21879 126 0
21880 127 127
21881 0 127
21882 126 127
21883 0 2
21884 127 127
21885 0 0
21886 1 0
21887 0 1
21888 127 0
21889 126 127
21890 2 0
21891 1 0
21892 126 0
21893 127 0
21894 2 0
21895 0 126
21896 126 0
21897 0 0
21898 0 1
21899 0 0
21900 3 0
21901 0 127
21902 0 1
21903 0 126
21904 127 127
21905 126 127
21906 127 127
21907 0 0
21908 127 0
21909 2 0
21910 126 0
21911 3 0
21912 127 0
21913 2 0
21914 3 0
21915 2 0
21916 3 0
21917 0 1
21918 0 0
21919 0 1
21920 0 0
21921 2 0
21922 0 1
21923 0 127
21924 126 0
21925 126 127
21926 0 126
21927 0 0
21928 3 0
21929 127 127
21930 0 1
21931 0 0
21932 0 1
21933 0 0
21934 0 1
21935 0 127
21936 0 126
21937 127 0
21938 0 0
21939 2 0
21940 126 0
21941 3 0
21942 0 1
21943 2 0
21944 0 127
21945 0 0
21946 3 0
21947 126 127
21948 2 0
21949 3 0
21950 0 1
21951 0 126
21952 2 0
21953 0 127
21954 0 126
21955 127 0
21956 126 0
21957 1 0
21958 127 127
21959 126 127
21960 127 0
21961 0 127
21962 127 127
21963 126 0
21964 127 0
21965 0 2
21966 126 0
21967 0 0
21968 127 0
21969 0 3
21970 126 0
21971 0 1
21972 0 4
21973 0 126
21974 0 3
21975 0 127
21976 0 4
21977 0 0
21978 0 126
21979 0 3
21980 126 127
21981 0 127
21982 0 2
21983 0 3
21984 0 1
21985 127 0
21986 126 0
21987 127 127
21988 0 4
21989 0 126
21990 127 0
21991 126 127
21992 0 3
21993 0 127
21994 126 0
21995 0 4
21996 127 0
21997 0 0
21998 126 0
21999 127 0
22000 0 1
22001 0 126
22002 126 0
22003 0 3
22004 0 0
22005 0 127
22006 127 0
22007 126 0
22008 127 127
22009 0 2
22010 126 127
22011 0 126
22012 0 3
22013 127 0
22014 126 0
22015 127 127
22016 0 2
22017 127 0
22018 0 127
22019 1 0
22020 126 0
22021 127 0
22022 126 127
22023 126 0
22024 127 0
22025 0 0
22026 127 127
22027 1 0
22028 126 127
22029 127 127
22030 0 126
22031 0 127
22032 126 127
22033 127 127
22034 0 126
22035 0 0
22036 1 0
22037 0 127
22038 0 1
22039 126 0
22040 2 0
22041 0 0
22042 126 127
22043 0 126
22044 127 127
22045 0 127
22046 126 127
22047 127 127
22048 0 1
22049 126 127
22050 127 0
22051 127 127
22052 0 0
22053 0 126
22054 3 0
22055 126 127
22056 0 1
22057 126 0
22058 0 0
22059 0 127
22060 127 127
22061 0 126
22062 127 0
22063 0 127
22064 0 126
22065 2 0
22066 3 0
22067 126 127
22068 127 127
22069 126 0
22070 2 0
22071 3 0
22072 127 0
22073 0 1
22074 126 127
22075 2 0
22076 1 0
22077 0 2
22078 0 1
22079 126 0
22080 0 127
22081 0 2
22082 127 127
22083 127 0
22084 126 0
22085 0 1
22086 2 0
22087 0 126
22088 127 0
22089 1 0
22090 0 2
22091 126 127
22092 127 127
22093 126 127
22094 126 0
22095 0 1
22096 127 127
22097 127 0
22098 126 0
22099 2 0
22100 0 0
22101 3 0
22102 0 127
22103 127 0
22104 0 126
22105 2 0
22106 126 0
22107 126 127
22108 0 1
22109 1 0
22110 127 0
22111 0 127
22112 126 0
22113 127 127
22114 2 0
22115 127 0
22116 126 0
22117 126 127
22118 1 0
22119 127 0
22120 127 127
22121 126 0
22122 0 2
22123 0 1
22124 126 127
22125 0 2
22126 0 0
22127 127 127
22128 127 0
22129 0 3
22130 0 2
22131 126 127
22132 126 0
22133 1 0
22134 127 127
22135 126 127
22136 127 0
22137 0 126
22138 0 127
22139 126 0
22140 0 0
22141 0 3
22142 0 2
22143 1 0
22144 127 127
22145 126 127
22146 127 127
22147 127 0
22148 0 1
22149 2 0
22150 0 0
22151 126 0
22152 127 0
22153 126 127
22154 0 126
22155 126 0
22156 0 1
22157 1 0
22158 0 127
22159 127 0
22160 126 0
22161 2 0
22162 127 0
22163 0 126
22164 127 127
22165 0 127
22166 126 0
22167 126 127
22168 127 0
22169 127 127
22170 0 126
22171 0 0
22172 126 127
22173 126 0
22174 3 0
22175 0 1
22176 127 0
22177 127 127
22178 0 127
22179 126 0
22180 126 127
22181 127 127
22182 0 0
22183 0 126
22184 127 0
22185 0 1
22186 126 127
22187 0 0
22188 127 127
22189 2 0
22190 0 127
22191 126 127
22192 127 127
22193 126 0
22194 127 0
22195 0 126
22196 126 127
22197 0 1
22198 0 0
22199 126 0
22200 3 0
22201 127 127
22202 127 0
22203 126 127
22204 126 0
22205 127 127
22206 127 0
22207 126 0
22208 0 127
22209 0 126
22210 126 127
22211 2 0
22212 127 0
22213 3 0
22214 2 0
22215 0 127
22216 0 126
22217 127 127
22218 0 127
22219 0 126
22220 3 0
22221 0 1
22222 126 0
22223 127 0
22224 2 0
22225 0 127
22226 0 0
22227 126 0
22228 0 1
22229 126 127
22230 1 0
22231 0 2
22232 0 126
22233 127 127
22234 0 127
22235 127 0
22236 0 1
22237 0 2
22238 0 126
22239 126 0
22240 0 1
22241 0 127
22242 126 127
22243 127 127
22244 0 2
22245 126 127
22246 0 1
22247 2 0
22248 0 0
22249 127 127
22250 3 0
22251 0 126
22252 127 0
22253 126 127
22254 0 127
22255 127 127
22256 2 0
22257 0 126
22258 126 127
22259 127 127
22260 126 0
22261 127 0
22262 126 127
22263 127 127
22264 126 127
22265 3 0
22266 2 0
22267 3 0
22268 0 1
22269 0 0
22270 127 127
22271 0 1
22272 2 0
22273 0 127
22274 126 127
22275 127 127
22276 1 0
22277 126 0
22278 127 0
22279 0 126
22280 2 0
22281 0 0
22282 126 127
22283 3 0
22284 0 1
22285 2 0
22286 0 127
22287 1 0
22288 0 126
22289 126 0
22290 2 0
22291 0 0
22292 0 127
22293 127 127
22294 126 127
22295 127 127
22296 0 1
22297 1 0
22298 2 0
22299 127 0
22300 126 0
22301 0 0
22302 127 0
22303 126 0
22304 0 1
22305 127 0
22306 126 0
22307 127 0
22308 0 0
22309 0 1
22310 126 0
22311 127 0
22312 126 127
22313 0 0
22314 0 126
22315 3 0
22316 126 0
22317 127 127
22318 2 0
22319 3 0
22320 0 127
22321 0 1
22322 2 0
22323 126 127
22324 1 0
22325 0 126
22326 0 2
22327 127 0
22328 0 127
22329 0 1
22330 2 0
22331 127 127
22332 126 0
22333 127 0
22334 126 0
22335 126 127
22336 127 0
22337 127 127
22338 0 0
22339 3 0
22340 2 0
22341 0 1
22342 1 0
22343 126 127
22344 127 127
22345 2 0
22346 0 0
22347 0 126
22348 126 0
22349 126 127
22350 127 0
22351 126 0
22352 0 1
22353 1 0
22354 2 0
22355 0 0
22356 3 0
22357 127 0
22358 127 127
22359 126 127
22360 127 127
22361 126 0
22362 0 127
22363 2 0
22364 127 0
22365 3 0
22366 0 126
22367 0 127
22368 0 1
22369 2 0
22370 126 127
22371 0 0
22372 126 0
22373 0 126
22374 3 0
22375 127 127
22376 0 1
22377 0 0
22378 126 127
22379 0 127
22380 0 126
22381 0 127
22382 0 126
22383 0 1
22384 0 127
22385 0 0
22386 2 0
22387 0 1
22388 127 0
22389 0 0
22390 3 0
22391 0 126
22392 0 1
22393 0 127
22394 127 127
22395 0 126
22396 0 0
22397 126 0
22398 0 1
22399 2 0
22400 126 127
22401 0 127
22402 1 0
22403 2 0
22404 127 0
22405 0 0
22406 126 0
22407 0 126
22408 127 0
22409 126 0
22410 0 127
22411 0 1
22412 1 0
22413 2 0
22414 1 0
22415 0 2
22416 127 127
22417 126 127
22418 127 127
22419 0 126
22420 126 127
22421 127 127
22422 0 127
22423 126 127
22424 127 127
22425 126 127
22426 127 127
22427 126 127
22428 0 0
22429 0 126
22430 0 3
22431 127 0
22432 0 1
22433 127 127
22434 0 0
22435 0 2
22436 126 0
22437 127 0
22438 126 0
22439 0 3
22440 0 2
22441 127 0
22442 0 3
22443 0 127
22444 0 126
22445 126 0
22446 0 1
22447 126 127
22448 0 0
22449 0 127
22450 0 2
22451 127 0
22452 126 0
22453 1 0
22454 0 0
22455 1 0
22456 0 1
22457 0 2
22458 0 0
22459 0 126
22460 127 0
22461 0 3
22462 0 2
22463 0 127
22464 0 3
22465 0 126
22466 0 2
22467 1 0
22468 0 1
22469 127 127
22470 0 127
22471 126 0
22472 126 127
22473 0 2
22474 0 0
22475 127 127
22476 0 126
22477 1 0
22478 126 127
22479 127 127
22480 0 127
22481 0 0
22482 0 126
22483 127 0
22484 1 0
22485 0 1
22486 0 127
22487 0 2
22488 0 126
22489 0 127
22490 0 126
22491 0 127
22492 0 1
22493 126 127
22494 0 126
22495 0 2
22496 0 1
22497 0 2
22498 127 127
22499 126 127
22500 0 0
22501 0 3
22502 126 0
22503 127 127
22504 126 127
22505 0 127
22506 127 127
22507 0 126
22508 0 1
22509 126 127
22510 0 0
22511 127 0
22512 0 1
22513 0 0
22514 126 0
22515 0 127
22516 0 126
22517 0 1
22518 127 127
22519 0 4
22520 127 0
22521 0 0
22522 0 1
22523 0 3
22524 0 127
22525 126 0
22526 127 0
22527 0 4
22528 0 0
22529 0 1
22530 0 126
22531 0 3
22532 126 127
22533 0 4
22534 0 0
22535 0 127
22536 127 127
22537 0 1
22538 126 0
22539 0 0
22540 0 1
22541 0 3
22542 0 0
22543 0 126
22544 0 127
22545 127 0
22546 0 126
22547 126 0
22548 127 0
22549 0 1
22550 126 127
22551 0 127
22552 0 126
22553 126 0
22554 0 127
22555 127 127
22556 0 4
22557 126 127
22558 0 0
22559 0 3
22560 0 1
22561 127 127
22562 127 0
22563 126 0
22564 126 127
22565 127 127
22566 0 4
22567 0 0
22568 127 0
22569 0 126
22570 0 1
22571 0 127
22572 0 126
22573 0 0
22574 126 127
22575 0 1
22576 126 0
22577 0 0
22578 0 127
22579 0 126
22580 0 3
22581 127 127
22582 0 2
22583 127 0
22584 0 3
22585 0 1
22586 126 127
22587 126 0
22588 0 4
22589 0 0
22590 0 127
22591 0 1
22592 0 3
22593 0 4
22594 127 0
22595 127 127
22596 0 0
22597 126 127
22598 0 3
22599 127 127
22600 126 127
22601 0 2
22602 1 0
22603 126 0
22604 127 0
22605 126 0
22606 0 1
22607 0 126
22608 2 0
22609 127 0
22610 0 0
22611 126 0
22612 127 0
22613 0 1
22614 126 0
22615 127 0
22616 0 0
22617 3 0
22618 0 1
22619 0 0
22620 126 0
22621 0 1
22622 0 127
22623 0 0
22624 127 127
22625 0 1
22626 126 127
22627 127 127
22628 2 0
22629 1 0
22630 126 127
22631 127 127
22632 126 127
22633 127 127
22634 0 2
22635 126 127
22636 127 0
22637 0 0
22638 126 0
22639 0 3
22640 127 127
22641 127 0
22642 0 126
22643 126 0
22644 0 127
22645 0 1
22646 0 4
22647 0 3
22648 0 126
22649 0 0
22650 0 1
22651 127 0
22652 0 0
22653 0 127
22654 0 1
22655 126 127
22656 0 126
22657 0 127
22658 0 0
22659 0 1
22660 126 0
22661 0 0
22662 0 2
22663 127 127
22664 127 0
22665 0 3
22666 126 127
22667 0 1
22668 0 126
22669 0 127
22670 127 127
22671 126 127
22672 0 126
22673 0 0
22674 0 2
22675 0 3
22676 0 127
22677 127 127
22678 126 0
22679 127 0
22680 0 126
22681 0 2
22682 126 0
22683 1 0
22684 127 0
22685 0 127
22686 0 0
22687 126 0
22688 1 0
22689 0 126
22690 127 0
22691 126 0
22692 0 0
22693 0 3
22694 0 2
22695 0 127
22696 0 126
22697 0 3
22698 0 127
22699 126 127
22700 0 1
22701 0 4
22702 0 0
22703 0 3
22704 127 127
22705 0 1
22706 0 126
22707 127 0
22708 126 0
22709 0 0
22710 127 0
22711 0 2
22712 0 3
22713 126 127
22714 126 0
22715 0 1
22716 0 0
22717 0 1
22718 127 0
22719 0 0
22720 126 0
22721 0 1
22722 127 0
22723 126 0
22724 0 0
22725 127 127
22726 0 1
22727 0 4
22728 126 127
22729 0 3
22730 0 0
22731 0 2
22732 0 3
22733 127 127
22734 126 127
22735 127 127
22736 0 2
22737 126 127
22738 0 3
22739 0 2
22740 127 0
22741 126 0
22742 0 127
22743 127 0
22744 127 127
22745 126 0
22746 127 0
22747 0 126
22748 0 3
22749 0 2
22750 126 0
22751 126 127
22752 0 3
22753 127 0
22754 0 2
22755 0 127
22756 127 127
22757 1 0
22758 126 0
22759 0 0
22760 126 127
22761 0 3
22762 127 0
22763 0 1
22764 0 0
22765 0 1
22766 0 4
22767 0 0
22768 0 126
22769 127 127
22770 126 0
22771 126 127
22772 0 1
22773 0 0
22774 0 1
22775 0 0
22776 0 3
22777 0 2
22778 0 3
22779 127 0
22780 127 127
22781 0 127
22782 126 0
22783 127 0
22784 0 1
22785 126 127
22786 0 0
22787 0 2
22788 0 126
22789 0 3
22790 0 127
22791 0 2
22792 126 0
22793 127 0
22794 1 0
22795 127 127
22796 126 0
22797 0 0
22798 127 0
22799 126 127
22800 0 3
22801 0 1
22802 0 126
22803 0 4
22804 126 0
22805 0 0
22806 0 127
22807 127 0
22808 126 0
22809 0 3
22810 0 126
22811 0 127
22812 0 1
22813 0 4
22814 127 127
22815 0 0
22816 127 0
22817 0 3
22818 0 1
22819 0 4
22820 126 127
22821 0 126
22822 127 127
22823 0 3
22824 126 127
22825 0 4
22826 127 127
22827 0 3
22828 126 0
22829 0 127
22830 0 4
22831 0 126
22832 0 127
22833 127 0
22834 0 126
22835 0 0
22836 0 1
22837 0 3
22838 126 0
22839 0 0
22840 0 2
22841 127 0
22842 0 3
22843 0 1
22844 0 127
22845 0 0
22846 0 2
22847 0 126
22848 126 127
22849 126 0
22850 127 127
22851 126 127
22852 127 0
22853 126 0
22854 1 0
22855 127 0
22856 0 1
22857 126 0
22858 127 127
22859 2 0
22860 0 127
22861 127 0
22862 126 0
22863 127 0
22864 0 0
22865 126 127
22866 127 127
22867 0 1
22868 1 0
22869 0 2
22870 126 0
22871 0 1
22872 0 126
22873 0 127
22874 0 126
22875 0 127
22876 0 2
22877 127 0
22878 0 126
22879 0 0
22880 0 127
22881 126 0
22882 1 0
22883 0 0
22884 0 126
22885 127 0
22886 126 127
22887 1 0
22888 0 0
22889 0 127
22890 127 127
22891 0 3
22892 0 1
22893 0 4
22894 0 126
22895 126 0
22896 0 127
22897 0 3
22898 127 0
22899 0 4
22900 126 0
22901 0 126
22902 0 3
22903 0 0
22904 0 1
22905 0 127
22906 0 126
22907 126 127
22908 0 4
22909 0 3
22910 0 0
22911 0 127
22912 127 0
22913 0 126
22914 126 0
22915 0 1
22916 0 4
22917 0 3
22918 127 0
22919 126 0
22920 127 0
22921 126 0
22922 0 127
22923 0 0
22924 127 127
22925 0 126
22926 0 2
22927 0 127
22928 126 127
22929 0 126
22930 127 127
22931 1 0
22932 126 127
22933 0 0
22934 127 127
22935 1 0
22936 127 0
22937 0 0
22938 1 0
22939 0 127
22940 126 127
22941 0 126
22942 127 127
22943 126 0
22944 0 1
22945 2 0
22946 1 0
22947 126 127
22948 0 2
22949 127 127
22950 0 1
22951 126 127
22952 0 2
22953 127 127
22954 126 127
22955 0 0
22956 127 127
22957 126 127
22958 1 0
22959 0 127
22960 127 0
22961 126 0
22962 0 0
22963 127 0
22964 1 0
22965 0 0
22966 0 126
22967 1 0
22968 126 0
22969 127 127
22970 0 127
22971 127 0
22972 0 126
22973 126 0
22974 0 0
22975 1 0
22976 0 1
22977 0 2
22978 0 1
22979 0 127
22980 126 127
22981 127 0
22982 2 0
22983 1 0
22984 127 127
22985 0 2
22986 0 126
22987 0 127
22988 0 126
22989 0 1
22990 126 0
22991 0 2
22992 0 1
22993 2 0
22994 0 127
22995 0 0
22996 127 0
22997 126 127
22998 0 126
22999 0 1
23000 1 0
23001 127 127
23002 126 127
23003 127 127
23004 126 0
23005 126 127
23006 127 0
23007 2 0
23008 127 127
23009 126 0
23010 1 0
23011 126 127
23012 0 127
23013 2 0
23014 127 0
23015 127 127
23016 0 126
23017 126 127
23018 126 0
23019 127 0
23020 127 127
23021 1 0
23022 126 0
23023 127 0
23024 126 0
23025 127 0
23026 0 127
23027 2 0
23028 1 0
23029 0 2
23030 0 0
23031 0 3
23032 0 1
23033 0 126
23034 126 127
23035 0 127
23036 126 0
23037 0 4
23038 127 0
23039 0 0
23040 0 1
23041 0 3
23042 0 0
23043 0 126
23044 0 127
23045 0 126
23046 0 127
23047 0 1
23048 0 126
23049 0 4
23050 0 0
23051 0 127
23052 0 3
23053 126 0
23054 127 0
23055 127 127
23056 0 1
23057 0 126
23058 0 4
23059 126 127
23060 0 3
23061 0 4
23062 126 0
23063 127 127
23064 127 0
23065 126 127
23066 0 0
23067 0 3
23068 127 127
23069 126 0
23070 0 127
23071 0 1
23072 126 127
23073 0 0
23074 0 126
23075 127 127
23076 0 1
23077 127 0
23078 0 4
23079 126 0
23080 0 3
23081 0 127
23082 0 4
23083 126 127
23084 127 127
23085 126 127
23086 0 0
23087 0 126
23088 0 3
23089 0 127
23090 0 1
23091 127 0
23092 0 126
23093 0 4
23094 0 3
23095 126 0
23096 127 127
23097 0 127
23098 0 4
23099 0 0
23100 126 127
23101 127 0
23102 126 0
23103 127 127
23104 0 126
23105 0 1
23106 0 127
23107 0 126
23108 126 127
23109 0 0
23110 0 1
23111 127 0
23112 127 127
23113 126 127
23114 126 0
23115 127 0
23116 0 127
23117 127 127
23118 0 0
23119 126 0
23120 0 126
23121 127 0
23122 126 0
23123 126 127
23124 127 0
23125 0 3
23126 0 127
23127 126 0
23128 0 1
23129 127 0
23130 0 4
23131 126 0
23132 127 0
23133 0 3
23134 127 127
23135 0 4
23136 0 0
23137 0 1
23138 126 0
23139 0 3
23140 126 127
23141 0 126
23142 127 0
23143 0 4
23144 0 0
23145 0 3
23146 127 127
23147 126 127
23148 0 1
23149 0 4
23150 0 0
23151 0 127
23152 127 127
23153 126 0
23154 0 3
23155 0 126
23156 127 0
23157 0 1
23158 126 0
23159 0 0
23160 0 1
23161 126 127
23162 127 127
23163 126 127
23164 0 127
23165 0 4
23166 0 126
23167 0 3
23168 0 4
23169 127 0
23170 0 127
23171 0 3
23172 127 127
23173 0 0
23174 0 1
23175 126 0
23176 0 4
23177 0 126
23178 0 127
23179 127 0
23180 126 127
23181 126 0
23182 0 126
23183 0 127
23184 0 126
23185 0 3
23186 127 127
23187 126 127
23188 0 4
23189 0 3
23190 0 127
23191 0 126
23192 0 0
23193 0 1
23194 127 127
23195 0 4
23196 0 127
23197 0 0
23198 127 0
23199 126 127
23200 0 1
23201 127 127
23202 126 127
23203 0 126
23204 0 3
23205 127 127
23206 0 4
23207 0 127
23208 126 0
23209 0 126
23210 0 127
23211 0 3
23212 0 126
23213 0 0
23214 126 127
23215 0 1
23216 0 127
23217 0 126
23218 127 0
23219 0 127
23220 127 127
23221 0 4
23222 0 0
23223 0 3
23224 0 1
23225 126 0
23226 0 4
23227 0 126
23228 0 3
23229 0 127
23230 126 127
23231 0 0
23232 0 126
23233 127 0
23234 0 2
23235 0 127
23236 0 3
23237 0 126
23238 0 1
23239 0 4
23240 0 127
23241 126 0
23242 127 0
23243 127 127
23244 0 0
23245 126 127
23246 0 3
23247 0 2
23248 1 0
23249 0 0
23250 0 3
23251 0 1
23252 0 4
23253 0 126
23254 0 127
23255 126 0
23256 0 3
23257 0 4
23258 127 0
23259 0 3
23260 0 126
23261 127 127
23262 126 127
23263 0 4
23264 126 0
23265 0 127
23266 0 3
23267 0 4
23268 127 0
23269 126 0
23270 0 126
23271 0 127
23272 127 0
23273 0 3
23274 127 127
23275 0 0
23276 126 127
23277 126 0
23278 127 0
23279 0 1
23280 0 4
23281 127 127
23282 0 126
23283 0 0
23284 0 3
23285 0 2
23286 126 0
23287 1 0
23288 127 0
23289 126 127
23290 0 127
23291 126 0
23292 127 0
23293 0 1
23294 126 0
23295 0 2
23296 127 127
23297 0 126
23298 127 0
23299 126 0
23300 0 0
23301 126 127
23302 1 0
23303 0 1
23304 127 0
23305 0 2
23306 0 127
23307 0 1
23308 126 0
23309 0 2
23310 0 0
23311 1 0
23312 127 0
23313 126 0
23314 0 126
23315 127 127
23316 126 127
23317 0 127
23318 0 0
23319 0 3
23320 127 127
23321 0 126
23322 126 127
23323 127 127
23324 0 2
23325 0 3
23326 0 2
23327 0 3
23328 126 127
23329 127 0
23330 127 127
23331 0 1
23332 0 127
23333 126 0
23334 127 0
23335 126 127
23336 126 0
23337 0 0
23338 127 127
23339 0 1
23340 0 4
23341 0 0
23342 126 127
23343 0 1
23344 0 3
23345 0 0
23346 127 127
23347 0 126
23348 0 127
23349 0 126
23350 0 1
23351 127 0
23352 126 0
23353 0 127
23354 127 0
23355 126 127
23356 0 126
23357 0 0
23358 0 1
23359 0 127
23360 0 0
23361 127 127
23362 0 1
23363 0 4
23364 0 0
23365 126 0
23366 127 0
23367 0 126
23368 0 3
23369 0 2
23370 0 127
23371 1 0
23372 0 0
23373 1 0
23374 126 0
23375 0 126
23376 0 0
23377 126 127
23378 0 3
23379 0 1
23380 0 0
23381 0 1
23382 127 127
23383 0 4
23384 0 0
23385 0 127
23386 127 0
23387 0 1
23388 0 126
23389 126 127
23390 0 127
23391 126 0
23392 0 3
23393 0 4
23394 0 3
23395 0 126
23396 0 0
23397 127 0
23398 0 1
23399 126 0
23400 0 127
23401 127 0
23402 0 4
23403 0 3
23404 126 0
23405 0 4
23406 127 127
23407 0 126
23408 0 0
23409 0 1
23410 0 3
23411 126 127
23412 127 0
23413 126 0
23414 0 0
23415 127 127
23416 0 2
23417 1 0
23418 0 1
23419 0 2
23420 0 0
23421 127 0
23422 1 0
23423 0 1
23424 2 0
23425 1 0
23426 126 0
23427 2 0
23428 126 127
23429 1 0
23430 127 0
23431 0 2
23432 0 127
23433 126 0
23434 127 127
23435 0 0
23436 126 127
23437 127 0
23438 0 126
23439 0 3
23440 126 0
23441 127 127
23442 0 2
23443 0 3
23444 126 127
23445 127 127
23446 127 0
23447 126 127
23448 126 0
23449 127 0
23450 127 127
23451 126 0
23452 127 0
23453 126 127
23454 127 127
23455 0 127
23456 126 127
23457 126 0
23458 0 126
23459 0 2
23460 0 127
23461 127 0
23462 0 3
23463 0 126
23464 127 127
23465 0 1
23466 0 4
23467 0 3
23468 126 127
23469 127 127
23470 126 127
23471 0 127
23472 127 127
23473 0 0
23474 0 2
23475 1 0
23476 0 0
23477 126 127
23478 1 0
23479 0 126
23480 127 127
23481 0 1
23482 0 2
23483 126 127
23484 0 0
23485 0 3
23486 127 127
23487 126 127
23488 127 127
23489 0 2
23490 0 127
23491 126 127
23492 0 126
23493 127 127
23494 0 127
23495 0 3
23496 126 127
23497 0 1
23498 0 126
23499 0 4
23500 0 0
23501 0 1
23502 0 127
23503 0 0
23504 0 1
23505 0 126
23506 0 3
23507 0 0
23508 0 2
23509 126 0
23510 0 127
23511 1 0
23512 127 0
23513 127 127
23514 0 126
23515 0 1
23516 126 0
23517 127 0
23518 126 127
23519 0 2
23520 126 0
23521 127 127
23522 0 127
23523 0 0
23524 126 127
23525 0 126
23526 0 3
23527 0 2
23528 0 3
23529 0 2
23530 127 0
23531 1 0
23532 0 0
23533 0 3
23534 0 127
23535 0 1
23536 0 4
23537 0 0
23538 127 127
23539 126 0
23540 127 0
23541 0 1
23542 0 3
23543 0 4
23544 0 126
23545 126 0
23546 0 0
23547 0 3
23548 0 127
23549 0 126
23550 0 2
23551 126 127
23552 1 0
23553 0 1
23554 0 127
23555 127 127
23556 127 0
23557 2 0
23558 126 127
23559 0 0
23560 0 126
23561 126 0
23562 127 127
23563 127 0
23564 3 0
23565 126 0
23566 126 127
23567 2 0
23568 0 1
23569 127 0
23570 0 127
23571 1 0
23572 2 0
23573 127 127
23574 0 126
23575 0 127
23576 0 126
23577 126 0
23578 0 0
23579 3 0
23580 127 0
23581 2 0
23582 126 127
23583 0 127
23584 0 1
23585 126 0
23586 1 0
23587 127 127
23588 2 0
23589 0 126
23590 127 0
23591 0 127
23592 0 126
23593 126 0
23594 0 0
23595 0 127
23596 126 127
23597 0 126
23598 0 127
23599 0 1
23600 0 0
23601 127 0
23602 0 1
23603 0 0
23604 127 127
23605 126 0
23606 0 1
23607 127 0
23608 126 127
23609 1 0
23610 0 2
23611 0 126
23612 0 127
23613 0 0
23614 0 3
23615 0 126
23616 0 2
23617 0 127
23618 126 0
23619 127 0
23620 1 0
23621 0 126
23622 127 127
23623 0 1
23624 0 127
23625 0 126
23626 0 2
23627 126 127
23628 0 1
23629 0 127
23630 0 2
23631 0 1
23632 127 127
23633 126 0
23634 126 127
23635 0 2
23636 127 127
23637 0 1
23638 126 127
23639 127 0
23640 0 126
23641 127 127
23642 126 127
23643 0 2
23644 127 127
23645 0 0
23646 126 127
23647 0 3
23648 127 127
23649 0 1
23650 126 127
23651 0 4
23652 0 127
23653 0 126
23654 0 127
23655 126 0
23656 127 127
23657 0 126
23658 0 127
23659 0 3
23660 0 0
23661 0 126
23662 126 127
23663 0 1
23664 127 127
23665 0 0
23666 126 127
23667 0 127
23668 0 2
23669 0 3
23670 127 127
23671 127 0
23672 126 0
23673 0 126
23674 0 127
23675 0 126
23676 127 0
23677 0 1
23678 0 127
23679 126 0
23680 126 127
23681 127 0
23682 0 126
23683 0 127
23684 126 0
23685 0 0
23686 0 1
23687 0 126
23688 0 0
23689 127 0
23690 0 1
23691 126 0
23692 0 0
23693 127 0
23694 126 0
23695 127 127
23696 0 127
23697 127 0
23698 126 0
23699 0 1
23700 0 0
23701 126 127
23702 127 127
23703 0 1
23704 0 0
23705 0 1
23706 0 0
23707 0 2
23708 126 127
23709 127 0
23710 0 3
23711 0 126
23712 0 1
23713 126 0
23714 0 0
23715 0 2
23716 127 127
23717 1 0
23718 0 1
23719 126 127
23720 127 127
23721 127 0
23722 126 127
23723 0 127
23724 0 126
23725 126 0
23726 0 127
23727 127 127
23728 0 2
23729 0 126
23730 126 127
23731 127 127
23732 0 127
23733 0 0
23734 127 0
23735 0 3
23736 0 2
23737 0 126
23738 126 0
23739 0 127
23740 127 0
23741 126 127
23742 1 0
23743 0 1
23744 2 0
23745 1 0
23746 0 126
23747 127 127
23748 2 0
23749 0 0
23750 0 1
23751 0 0
23752 0 1
23753 0 127
23754 1 0
23755 126 0
23756 127 0
23757 126 0
23758 126 127
23759 127 127
23760 0 126
23761 127 0
23762 126 127
23763 126 0
23764 0 2
23765 0 127
23766 0 126
23767 0 127
23768 0 126
23769 127 127
23770 127 0
23771 0 127
23772 0 126
23773 0 0
23774 126 127
23775 126 0
23776 127 127
23777 0 127
23778 0 126
23779 126 127
23780 127 127
23781 0 127
23782 0 126
23783 126 127
23784 1 0
23785 127 0
23786 0 0
23787 127 127
23788 126 127
23789 1 0
23790 0 0
23791 126 0
23792 0 127
23793 0 3
23794 0 126
23795 127 0
23796 0 2
23797 0 127
23798 1 0
23799 127 127
23800 126 127
23801 0 126
23802 0 0
23803 127 127
23804 126 127
23805 127 127
23806 126 0
23807 126 127
23808 0 3
23809 127 127
23810 126 127
23811 127 127
23812 0 2
23813 0 3
23814 126 127
23815 127 127
23816 0 1
23817 0 4
23818 0 0
23819 126 127
23820 0 1
23821 127 127
23822 0 0
23823 0 127
23824 0 126
23825 127 0
23826 0 1
23827 0 0
23828 0 1
23829 0 3
23830 0 4
23831 126 127
23832 126 0
23833 127 0
23834 0 3
23835 0 127
23836 0 4
23837 126 0
23838 0 0
23839 127 0
23840 126 0
23841 0 1
23842 0 126
23843 0 3
23844 127 0
23845 127 127
23846 0 127
23847 126 0
23848 0 126
23849 127 0
23850 0 0
23851 0 127
23852 126 127
23853 126 0
23854 0 2
23855 0 126
23856 127 127
23857 127 0
23858 126 127
23859 0 3
23860 0 127
23861 0 1
23862 0 126
23863 0 0
23864 0 127
23865 0 126
23866 0 1
23867 126 0
23868 0 127
23869 0 0
23870 127 127
23871 0 126
23872 126 127
23873 127 0
23874 0 2
23875 0 127
23876 0 126
23877 1 0
23878 127 127
23879 0 127
23880 0 126
23881 0 0
23882 1 0
23883 0 0
23884 0 3
23885 0 127
23886 0 126
23887 0 1
23888 0 4
23889 126 0
23890 0 127
23891 0 126
23892 127 0
23893 0 127
23894 126 0
23895 0 3
23896 0 126
23897 0 0
23898 126 127
23899 0 1
23900 0 0
23901 127 0
23902 0 2
23903 1 0
23904 126 0
23905 0 1
23906 127 127
23907 0 2
23908 0 1
23909 0 127
23910 0 126
23911 0 127
23912 0 2
23913 127 0
23914 126 0
23915 127 0
23916 0 126
23917 0 1
23918 0 2
23919 0 0
23920 126 127
23921 127 127
23922 0 127
23923 0 126
23924 126 0
23925 0 3
23926 127 0
23927 0 127
23928 0 1
23929 0 0
23930 126 0
23931 127 0
23932 0 126
23933 0 127
23934 126 0
23935 0 2
23936 126 127
23937 0 126
23938 1 0
23939 0 0
23940 127 127
23941 127 0
23942 1 0
23943 0 127
23944 126 0
23945 0 1
23946 126 127
23947 2 0
23948 0 126
23949 127 127
23950 0 127
23951 126 127
23952 0 126
23953 127 127
23954 0 0
23955 127 0
23956 126 0
23957 127 0
23958 126 127
23959 126 0
23960 127 127
23961 0 1
23962 0 0
23963 0 127
23964 0 126
23965 0 127
23966 0 126
23967 127 0
23968 126 0
23969 127 0
23970 126 0
23971 0 1
23972 126 127
23973 1 0
23974 127 0
23975 127 127
23976 0 2
23977 126 127
23978 127 127
23979 0 127
23980 0 126
23981 0 0
23982 0 3
23983 126 127
23984 126 0
23985 0 1
23986 127 0
23987 126 0
23988 127 127
23989 0 127
23990 126 127
23991 0 126
23992 0 4
23993 127 0
23994 0 3
23995 127 127
23996 126 127
23997 126 0
23998 0 127
23999 0 4
24000 127 127
24001 0 126
24002 0 0
24003 0 127
24004 127 0
24005 0 126
24006 126 127
24007 0 1
24008 0 3
24009 127 127
24010 126 0
24011 0 4
24012 127 0
24013 126 127
24014 0 0
24015 0 127
24016 0 1
24017 0 0
24018 127 127
24019 126 127
24020 0 1
24021 0 126
24022 126 0
24023 0 127
24024 0 3
24025 0 4
24026 0 3
24027 0 126
24028 0 4
24029 127 127
24030 127 0
24031 0 127
24032 0 126
24033 0 127
24034 126 0
24035 0 126
24036 0 3
24037 126 127
24038 127 127
24039 126 127
24040 0 4
24041 0 127
24042 0 0
24043 0 126
24044 127 0
24045 0 3
24046 0 1
24047 0 4
24048 0 3
24049 126 0
24050 127 0
24051 126 0
24052 127 0
24053 127 127
24054 126 0
24055 126 127
24056 127 127
24057 0 4
24058 0 127
24059 0 3
24060 127 0
24061 126 127
24062 126 0
24063 0 126
24064 0 0
24065 0 127
24066 127 127
24067 126 127
24068 127 0
24069 127 127
24070 126 0
24071 0 1
24072 127 0
24073 126 127
24074 0 0
24075 127 127
24076 0 126
24077 0 1
24078 126 0
24079 127 0
24080 126 0
24081 127 0
24082 0 4
24083 0 127
24084 126 0
24085 0 3
24086 0 126
24087 127 0
24088 126 127
24089 0 0
24090 0 1
24091 0 0
24092 127 127
24093 0 2
24094 1 0
24095 126 127
24096 0 0
24097 127 127
24098 0 3
24099 0 127
24100 0 2
24101 126 0
24102 0 126
24103 126 127
24104 127 0
24105 127 127
24106 0 127
24107 0 3
24108 0 126
24109 0 127
24110 0 126
24111 0 127
24112 126 127
24113 0 126
24114 0 2
24115 126 0
24116 1 0
24117 127 127
24118 127 0
24119 0 127
24120 126 0
24121 0 126
24122 126 127
24123 0 0
24124 127 0
24125 0 127
24126 126 0
24127 0 3
24128 0 1
24129 0 126
24130 0 127
24131 0 4
24132 127 127
24133 0 3
24134 0 0
24135 0 2
24136 1 0
24137 127 0
24138 0 126
24139 0 0
24140 126 0
24141 127 0
24142 126 127
24143 0 3
24144 0 2
24145 126 0
24146 1 0
24147 0 1
24148 127 0
24149 127 127
24150 126 127
24151 126 0
24152 2 0
24153 0 127
24154 0 0
24155 127 127
24156 0 126
24157 0 127
24158 127 0
24159 3 0
24160 126 127
24161 2 0
24162 0 126
24163 3 0
24164 0 127
24165 0 1
24166 127 127
24167 0 0
24168 0 126
24169 126 0
24170 127 0
24171 0 127
24172 126 0
24173 127 0
24174 0 1
24175 0 0
24176 126 0
24177 0 1
24178 126 127
24179 0 0
24180 0 126
24181 127 0
24182 2 0
24183 126 0
24184 0 127
24185 127 127
24186 3 0
24187 127 0
24188 126 127
24189 126 0
24190 2 0
24191 0 126
24192 127 0
24193 3 0
24194 2 0
24195 3 0
24196 126 0
24197 0 127
24198 0 126
24199 127 127
24200 0 127
24201 126 127
24202 127 127
24203 126 127
24204 127 0
24205 0 126
24206 0 127
24207 0 1
24208 127 127
24209 126 127
24210 2 0
24211 127 127
24212 0 0
24213 0 126
24214 0 1
24215 0 127
24216 0 126
24217 1 0
24218 126 0
24219 127 0
24220 2 0
24221 126 127
24222 0 127
24223 1 0
24224 127 127
24225 0 2
24226 0 0
24227 0 126
24228 0 127
24229 126 127
24230 126 0
24231 127 0
24232 126 0
24233 0 126
24234 127 127
24235 127 0
24236 0 3
24237 126 127
24238 0 127
24239 126 0
24240 127 127
24241 0 2
24242 0 3
24243 0 126
24244 126 127
24245 0 1
24246 0 127
24247 0 4
24248 0 3
24249 0 126
24250 127 127
24251 127 0
24252 0 4
24253 0 0
24254 0 3
24255 0 1
24256 126 0
24257 0 0
24258 0 1
24259 126 127
24260 0 127
24261 0 0
24262 127 0
24263 0 126
24264 126 0
24265 0 2
24266 1 0
24267 127 127
24268 0 1
24269 2 0
24270 0 0
24271 0 127
24272 0 1
24273 1 0
24274 127 0
24275 126 0
24276 127 0
24277 2 0
24278 0 0
24279 126 127
24280 127 127
24281 0 126
24282 0 1
24283 0 127
24284 0 0
24285 0 1
24286 126 0
24287 1 0
24288 0 2
24289 0 1
24290 126 127
24291 127 127
24292 0 2
24293 126 127
24294 0 0
24295 0 3
24296 0 2
24297 1 0
24298 127 0
24299 127 127
24300 126 127
24301 0 0
24302 126 0
24303 1 0
24304 127 127
24305 126 127
24306 0 0
24307 0 3
24308 127 127
24309 0 2
24310 127 0
24311 126 127
24312 0 126
24313 0 3
24314 0 2
24315 126 0
24316 0 3
24317 127 127
24318 0 2
24319 127 0
24320 126 127
24321 0 127
24322 0 3
24323 126 0
24324 127 127
24325 126 127
24326 0 1
24327 0 126
24328 0 0
24329 127 0
24330 0 127
24331 0 1
24332 126 0
24333 0 4
24334 127 127
24335 127 0
24336 126 0
24337 0 3
24338 0 0
24339 0 1
24340 127 0
24341 0 126
24342 126 127
24343 0 0
24344 126 0
24345 127 0
24346 127 127
24347 0 1
24348 0 4
24349 0 3
24350 126 127
24351 0 127
24352 0 0
24353 0 2
24354 1 0
24355 0 126
24356 127 127
24357 0 127
24358 126 127
24359 0 126
24360 0 0
24361 1 0
24362 126 0
24363 0 0
24364 127 0
24365 127 127
24366 1 0
24367 0 0
24368 0 3
24369 0 2
24370 0 127
24371 0 126
24372 126 0
24373 0 127
24374 1 0
24375 0 0
24376 0 3
24377 0 126
24378 127 0
24379 0 127
24380 0 1
24381 0 0
24382 126 0
24383 0 2
24384 0 126
24385 0 3
24386 0 1
24387 127 0
24388 0 4
24389 126 0
24390 0 3
24391 0 4
24392 126 127
24393 127 127
24394 0 0
24395 126 127
24396 0 127
24397 0 3
24398 0 2
24399 1 0
24400 0 0
24401 1 0
24402 127 0
24403 127 127
24404 126 127
24405 127 127
24406 0 0
24407 126 0
24408 1 0
24409 0 126
24410 127 0
24411 0 127
24412 0 1
24413 2 0
24414 126 127
24415 127 127
24416 0 126
24417 126 127
24418 0 0
24419 0 127
24420 0 126
24421 0 1
24422 0 127
24423 126 0
24424 1 0
24425 0 2
24426 127 0
24427 0 0
24428 0 126
24429 127 127
24430 126 127
24431 126 0
24432 1 0
24433 127 0
24434 0 127
24435 127 127
24436 0 1
24437 0 126
24438 126 127
24439 127 127
24440 0 127
24441 0 126
24442 0 127
24443 126 0
24444 2 0
24445 127 0
24446 1 0
24447 2 0
24448 1 0
24449 126 0
24450 126 127
24451 0 126
24452 2 0
24453 1 0
24454 2 0
24455 0 0
24456 3 0
24457 2 0
24458 127 127
24459 3 0
24460 2 0
24461 0 1
24462 0 127
24463 126 127
24464 1 0
24465 0 126
24466 0 127
24467 127 127
24468 0 126
24469 0 2
24470 0 0
24471 127 0
24472 1 0
24473 0 1
24474 2 0
24475 0 0
24476 0 1
24477 1 0
24478 126 127
24479 127 127
24480 126 0
24481 127 0
24482 2 0
24483 126 127
24484 126 0
24485 127 127
24486 126 127
24487 127 0
24488 0 127
24489 0 126
24490 0 127
24491 0 0
24492 127 127
24493 126 0
24494 0 126
24495 126 127
24496 0 1
24497 0 127
24498 1 0
24499 2 0
24500 0 126
24501 0 0
24502 127 0
24503 0 127
24504 0 1
24505 127 127
24506 0 0
24507 126 0
24508 127 0
24509 0 126
24510 0 1
24511 1 0
24512 2 0
24513 126 0
24514 0 127
24515 127 0
24516 0 126
24517 126 127
24518 126 0
24519 0 127
24520 0 126
24521 127 0
24522 0 0
24523 126 0
24524 3 0
24525 127 0
24526 0 127
24527 0 1
24528 0 0
24529 2 0
24530 126 0
24531 0 126
24532 0 127
24533 3 0
24534 2 0
24535 3 0
24536 127 127
24537 2 0
24538 127 0
24539 3 0
24540 0 1
24541 0 126
24542 126 127
24543 127 127
24544 0 0
24545 0 1
24546 0 127
24547 0 126
24548 126 127
24549 0 127
24550 0 126
24551 0 0
24552 2 0
24553 3 0
24554 2 0
24555 0 1
24556 0 127
24557 1 0
24558 126 0
24559 127 127
24560 0 2
24561 126 127
24562 0 126
24563 0 127
24564 0 1
24565 0 2
24566 127 0
24567 127 127
24568 0 126
24569 126 127
24570 127 127
24571 126 0
24572 126 127
24573 0 0
24574 0 127
24575 127 0
24576 1 0
24577 126 0
24578 0 1
24579 0 2
24580 127 0
24581 126 0
24582 127 0
24583 0 1
24584 0 126
24585 0 127
24586 126 0
24587 0 2
24588 127 127
24589 0 126
24590 0 127
24591 0 126
24592 127 0
24593 0 127
24594 126 0
24595 0 0
24596 0 126
24597 127 0
24598 0 127
24599 0 126
24600 126 127
24601 126 0
24602 127 0
24603 126 0
24604 0 3
24605 0 127
24606 0 2
24607 127 0
24608 127 127
24609 126 127
24610 127 127
24611 1 0
24612 0 1
24613 0 126
24614 126 127
24615 0 127
24616 0 2
24617 0 126
24618 0 0
24619 126 0
24620 0 127
24621 0 3
24622 0 2
24623 0 3
24624 0 1
24625 127 0
24626 127 127
24627 0 126
24628 126 0
24629 126 127
24630 127 0
24631 0 127
24632 126 0
24633 0 0
24634 127 0
24635 0 2
24636 126 0
24637 0 3
24638 0 1
24639 127 0
24640 0 0
24641 127 127
24642 0 126
24643 126 127
24644 126 0
24645 0 1
24646 0 4
24647 127 127
24648 127 0
24649 0 3
24650 0 4
24651 0 0
24652 0 127
24653 126 0
24654 0 3
24655 0 1
24656 0 4
24657 0 3
24658 127 0
24659 0 0
24660 0 126
24661 0 2
24662 126 127
24663 127 127
24664 0 127
24665 0 126
24666 126 0
24667 1 0
24668 0 127
24669 0 0
24670 1 0
24671 0 0
24672 127 0
24673 0 3
24674 126 127
24675 0 1
24676 0 0
24677 126 0
24678 127 0
24679 0 126
24680 126 0
24681 127 127
24682 127 0
24683 0 2
24684 0 127
24685 0 3
24686 126 127
24687 127 127
24688 126 0
24689 0 1
24690 126 127
24691 0 126
24692 0 127
24693 127 0
24694 0 0
24695 127 127
24696 126 127
24697 0 2
24698 0 3
24699 127 127
24700 0 126
24701 126 127
24702 0 127
24703 127 127
24704 126 127
24705 0 126
24706 127 127
24707 0 1
24708 0 127
24709 126 127
24710 127 127
24711 0 0
24712 126 127
24713 0 1
24714 0 126
24715 0 0
24716 127 127
24717 126 127
24718 127 127
24719 0 1
24720 126 0
24721 0 4
24722 0 127
24723 126 127
24724 127 127
24725 0 3
24726 0 0
24727 0 1
24728 126 127
24729 127 0
24730 0 126
24731 0 127
24732 0 126
24733 127 127
24734 0 127
24735 126 127
24736 0 0
24737 0 1
24738 0 4
24739 0 0
24740 127 127
24741 126 0
24742 0 126
24743 127 0
24744 0 1
24745 0 127
24746 0 126
24747 126 0
24748 0 3
24749 0 127
24750 0 126
24751 0 4
24752 0 3
24753 126 127
24754 0 4
24755 127 127
24756 0 0
24757 0 3
24758 0 2
24759 127 0
24760 126 0
24761 0 127
24762 1 0
24763 0 126
24764 0 0
24765 127 0
24766 1 0
24767 126 127
24768 0 127
24769 0 0
24770 127 127
24771 126 127
24772 0 126
24773 127 127
24774 126 0
24775 0 127
24776 0 3
24777 0 2
24778 126 127
24779 1 0
24780 0 1
24781 2 0
24782 0 126
24783 0 0
24784 0 127
24785 3 0
24786 0 126
24787 0 1
24788 127 0
24789 126 0
24790 0 127
24791 2 0
24792 1 0
24793 0 126
24794 0 127
24795 127 0
24796 0 2
24797 0 1
24798 127 127
24799 0 126
24800 0 127
24801 2 0
24802 1 0
24803 126 127
24804 0 126
24805 0 2
24806 0 127
24807 0 1
24808 126 0
24809 0 126
24810 127 0
24811 127 127
24812 126 127
24813 0 2
24814 126 0
24815 127 127
24816 0 1
24817 0 2
24818 127 0
24819 0 127
24820 126 0
24821 0 0
24822 127 0
24823 126 127
24824 126 0
24825 1 0
24826 127 0
24827 0 1
24828 2 0
24829 0 0
24830 0 1
24831 1 0
24832 0 126
24833 2 0
24834 1 0
24835 0 127
24836 2 0
24837 1 0
24838 0 126
24839 127 127
24840 0 2
24841 126 127
24842 127 127
24843 0 1
24844 0 2
24845 126 0
24846 127 0
24847 0 0
24848 126 0
24849 126 127
24850 1 0
24851 0 0
24852 127 0
24853 127 127
24854 1 0
24855 0 0
24856 0 127
24857 1 0
24858 0 0
24859 1 0
24860 126 127
24861 127 127
24862 0 1
24863 0 2
24864 126 0
24865 0 1
24866 127 0
24867 126 127
24868 0 2
24869 126 0
24870 127 127
24871 0 126
24872 0 1
24873 2 0
24874 1 0
24875 126 127
24876 2 0
24877 127 127
24878 126 127
24879 0 127
24880 0 0
24881 0 126
24882 127 0
24883 0 127
24884 0 1
24885 0 0
24886 3 0
24887 2 0
24888 126 0
24889 3 0
24890 0 1
24891 127 0
24892 2 0
24893 0 0
24894 0 1
24895 126 0
24896 0 126
24897 127 0
24898 0 127
24899 1 0
24900 127 127
24901 126 0
24902 0 2
24903 0 1
24904 0 2
24905 0 126
24906 0 127
24907 0 126
24908 0 1
24909 0 2
24910 0 0
24911 1 0
24912 127 0
24913 126 0
24914 127 0
24915 0 127
24916 126 127
24917 0 126
24918 0 127
24919 127 127
24920 0 1
24921 126 0
24922 0 2
24923 0 126
24924 0 0
24925 0 127
24926 127 0
24927 1 0
24928 0 126
24929 0 0
24930 126 0
24931 127 0
24932 126 127
24933 1 0
24934 126 0
24935 0 1
24936 2 0
24937 127 127
24938 126 127
24939 0 0
24940 127 127
24941 127 0
24942 0 1
24943 1 0
24944 126 0
24945 0 2
24946 0 127
24947 127 0
24948 126 127
24949 126 0
24950 0 126
24951 0 1
24952 2 0
24953 127 127
24954 126 127
24955 1 0
24956 0 2
24957 127 0
24958 0 0
24959 126 0
24960 0 3
24961 127 0
24962 126 0
24963 0 1
24964 127 0
24965 0 127
24966 127 127
24967 0 0
24968 126 0
24969 126 127
24970 0 1
24971 127 0
24972 0 4
24973 126 0
24974 0 0
24975 0 126
24976 0 1
24977 0 0
24978 0 3
24979 0 1
24980 0 0
24981 0 2
24982 1 0
24983 0 127
24984 0 0
24985 0 3
24986 127 127
24987 0 126
24988 0 127
24989 0 1
24990 127 0
24991 126 0
24992 127 0
24993 0 0
24994 0 1
24995 0 0
24996 0 126
24997 126 127
24998 0 1
24999 0 127
25000 126 0
25001 0 4
25002 127 0
25003 0 126
25004 126 0
25005 0 3
25006 0 127
25007 0 0
25008 0 126
25009 127 0
25010 127 127
25011 126 0
25012 0 127
25013 127 0
25014 126 127
25015 0 2
25016 126 0
25017 0 3
25018 0 1
25019 127 0
25020 0 0
25021 127 127
25022 0 126
25023 0 2
25024 126 0
25025 126 127
25026 127 0
25027 127 127
25028 0 3
25029 0 127
25030 0 126
25031 0 2
25032 126 0
25033 127 0
25034 1 0
25035 0 127
25036 0 1
25037 0 126
25038 126 0
25039 0 2
25040 0 127
25041 0 126
25042 0 127
25043 127 0
25044 0 126
25045 0 0
25046 126 0
25047 127 0
25048 126 127
25049 1 0
25050 0 127
25051 0 1
25052 0 2
25053 127 127
25054 0 0
25055 0 3
25056 0 126
25057 0 1
25058 126 127
25059 0 0
25060 0 1
25061 127 127
25062 0 0
25063 0 2
25064 0 127
25065 126 0
25066 126 127
25067 0 126
25068 0 127
25069 0 126
25070 127 0
25071 127 127
25072 0 3
25073 0 127
25074 126 127
25075 127 127
25076 0 126
25077 126 127
25078 127 127
25079 0 2
25080 1 0
25081 126 127
25082 126 0
25083 0 127
25084 0 1
25085 127 0
25086 2 0
25087 126 0
25088 1 0
25089 0 126
25090 127 127
25091 0 127
25092 2 0
25093 0 126
25094 0 127
25095 127 0
25096 126 127
25097 127 127
25098 126 127
25099 1 0
25100 2 0
25101 1 0
25102 126 0
25103 0 126
25104 0 2
25105 0 127
25106 0 1
25107 2 0
25108 1 0
25109 2 0
25110 127 127
25111 127 0
25112 126 127
25113 126 0
25114 127 0
25115 0 0
25116 127 127
25117 0 126
25118 0 1
25119 1 0
25120 0 127
25121 2 0
25122 126 127
25123 1 0
25124 0 126
25125 0 2
25126 126 0
25127 0 127
25128 0 1
25129 2 0
25130 1 0
25131 127 0
25132 0 2
25133 126 0
25134 0 1
25135 127 0
25136 126 0
25137 0 2
25138 127 127
25139 127 0
25140 126 0
25141 0 126
25142 126 127
25143 0 0
25144 1 0
25145 0 0
25146 127 127
25147 1 0
25148 0 0
25149 0 127
25150 126 127
25151 1 0
25152 0 1
25153 127 0
25154 127 127
25155 126 0
25156 2 0
25157 126 127
25158 1 0
25159 127 0
25160 0 2
25161 0 0
25162 1 0
25163 0 0
25164 1 0
25165 126 0
25166 0 0
25167 0 126
25168 0 3
25169 0 2
25170 127 127
25171 0 127
25172 0 126
25173 126 127
25174 127 0
25175 0 3
25176 0 1
25177 127 127
25178 126 127
25179 0 0
25180 0 1
25181 127 127
25182 0 0
25183 0 127
25184 126 0
25185 0 126
25186 126 127
25187 0 2
25188 0 3
25189 0 1
25190 0 127
25191 0 0
25192 0 2
25193 127 127
25194 0 126
25195 1 0
25196 0 127
25197 0 0
25198 1 0
25199 126 127
25200 127 0
25201 0 126
25202 0 127
25203 0 0
25204 1 0
25205 126 0
25206 127 127
25207 127 0
25208 0 1
25209 126 127
25210 127 127
25211 2 0
25212 1 0
25213 0 126
25214 2 0
25215 0 0
25216 126 0
25217 127 0
25218 126 0
25219 127 0
25220 126 127
25221 0 127
25222 126 0
25223 0 126
25224 0 1
25225 1 0
25226 127 127
25227 127 0
25228 126 0
25229 0 127
25230 126 127
25231 127 127
25232 126 127
25233 0 126
25234 0 2
25235 0 1
25236 0 127
25237 0 2
25238 127 0
25239 0 126
25240 126 0
25241 0 1
25242 2 0
25243 0 127
25244 127 127
25245 127 0
25246 1 0
25247 2 0
25248 1 0
25249 0 2
25250 126 127
25251 0 0
25252 0 126
25253 127 127
25254 0 3
25255 0 1
25256 126 127
25257 126 0
25258 127 127
25259 0 127
25260 0 4
25261 126 127
25262 127 127
25263 127 0
25264 126 0
25265 127 0
25266 126 127
25267 0 0
25268 126 0
25269 127 0
25270 0 1
25271 127 127
25272 0 3
25273 126 0
25274 0 4
25275 0 3
25276 0 126
25277 127 0
25278 126 127
25279 127 127
25280 126 0
25281 0 127
25282 0 0
25283 126 127
25284 0 2
25285 1 0
25286 0 1
25287 127 127
25288 2 0
25289 0 126
25290 0 0
25291 126 127
25292 127 127
25293 127 0
25294 126 0
25295 126 127
25296 127 127
25297 0 1
25298 1 0
25299 127 0
25300 0 2
25301 126 0
25302 127 0
25303 0 127
25304 0 0
25305 0 126
25306 126 127
25307 126 0
25308 127 127
25309 127 0
25310 0 3
25311 0 127
25312 0 1
25313 126 127
25314 127 127
25315 0 0
25316 0 1
25317 0 0
25318 0 1
25319 126 127
25320 0 0
25321 126 0
25322 0 1
25323 0 4
25324 127 127
25325 0 0
25326 0 1
25327 127 0
25328 126 127
25329 0 126
25330 0 127
25331 0 3
25332 126 0
25333 127 127
25334 126 127
25335 127 0
25336 0 126
25337 126 0
25338 0 127
25339 0 4
25340 127 127
25341 0 126
25342 127 0
25343 0 0
25344 0 3
25345 0 127
25346 0 1
25347 0 0
25348 0 2
25349 1 0
25350 126 127
25351 0 126
25352 0 1
25353 0 127
25354 126 0
25355 127 0
25356 126 0
25357 0 2
25358 0 1
25359 2 0
25360 1 0
25361 0 2
25362 0 126
25363 127 0
25364 0 1
25365 2 0
25366 0 127
25367 0 0
25368 127 127
25369 126 127
25370 0 126
25371 0 1
25372 126 0
25373 127 0
25374 127 127
25375 126 127
25376 1 0
25377 0 127
25378 0 2
25379 127 127
25380 126 127
25381 0 1
25382 0 126
25383 127 127
25384 126 127
25385 0 127
25386 0 2
25387 0 126
25388 0 0
25389 126 0
25390 0 127
25391 1 0
25392 0 126
25393 0 0
25394 0 127
25395 0 126
25396 127 127
25397 126 127
25398 1 0
25399 127 127
25400 0 127
25401 127 0
25402 0 126
25403 0 0
25404 126 127
25405 1 0
25406 126 0
25407 127 127
25408 127 0
25409 0 0
25410 0 127
25411 126 0
25412 0 126
25413 0 127
25414 0 3
25415 127 0
25416 0 2
25417 126 127
25418 127 127
25419 1 0
25420 126 0
25421 0 0
25422 0 126
25423 1 0
25424 0 1
25425 127 0
25426 2 0
25427 126 0
25428 0 0
25429 126 127
25430 3 0
25431 0 1
25432 2 0
25433 127 0
25434 0 0
25435 3 0
25436 2 0
25437 0 127
25438 0 126
25439 3 0
25440 2 0
25441 126 0
25442 127 0
25443 0 127
25444 126 0
25445 127 0
25446 0 1
25447 126 0
25448 0 0
25449 127 127
25450 126 127
25451 0 126
25452 0 1
25453 127 0
25454 0 0
25455 3 0
25456 126 0
25457 127 127
25458 2 0
25459 0 127
25460 126 127
25461 127 0
25462 0 1
25463 0 126
25464 126 0
25465 127 0
25466 1 0
25467 2 0
25468 0 127
25469 127 127
25470 126 127
25471 127 127
25472 1 0
25473 0 126
25474 2 0
25475 126 0
25476 1 0
25477 126 127
25478 0 127
25479 2 0
25480 0 0
25481 0 1
25482 127 127
25483 1 0
25484 0 2
25485 127 0
25486 0 0
25487 126 127
25488 0 126
25489 126 0
25490 0 3
25491 0 1
25492 0 0
25493 0 2
25494 0 127
25495 1 0
25496 0 0
25497 0 126
25498 127 127
25499 127 0
25500 126 127
25501 1 0
25502 0 127
25503 0 0
25504 0 126
25505 1 0
25506 126 0
25507 127 127
25508 126 127
25509 0 1
25510 0 127
25511 0 126
25512 0 2
25513 0 127
25514 127 127
25515 0 0
25516 0 126
25517 0 127
25518 126 127
25519 1 0
25520 127 127
25521 127 0
25522 126 0
25523 0 126
25524 127 0
25525 0 0
25526 126 127
25527 0 127
25528 126 0
25529 127 127
25530 1 0
25531 0 126
25532 0 127
25533 0 1
25534 126 127
25535 2 0
25536 127 127
25537 0 126
25538 1 0
25539 127 0
25540 126 0
25541 0 127
25542 0 126
25543 0 127
25544 0 126
25545 2 0
25546 1 0
25547 2 0
25548 1 0
25549 0 127
25550 126 127
25551 0 2
25552 127 0
25553 0 1
25554 127 127
25555 126 127
25556 0 126
25557 0 2
25558 127 127
25559 0 127
25560 0 1
25561 2 0
25562 0 126
25563 126 0
25564 0 127
25565 127 0
25566 126 127
25567 127 127
25568 1 0
25569 126 0
25570 127 0
25571 2 0
25572 1 0
25573 2 0
25574 1 0
25575 126 127
25576 127 127
25577 126 0
25578 0 126
25579 0 2
25580 0 0
25581 127 0
25582 0 127
25583 0 3
25584 126 0
25585 0 126
25586 0 2
25587 0 127
25588 1 0
25589 0 1
25590 0 2
25591 0 126
25592 127 0
25593 126 127
25594 0 1
25595 126 0
25596 0 127
25597 127 127
25598 0 126
25599 0 2
25600 0 127
25601 0 126
25602 126 127
25603 127 0
25604 127 127
25605 0 1
25606 126 127
25607 0 127
25608 2 0
25609 1 0
25610 0 126
25611 0 2
25612 127 127
25613 0 0
25614 126 0
25615 127 0
25616 0 3
25617 126 0
25618 126 127
25619 127 127
25620 0 1
25621 0 4
25622 0 127
25623 0 126
25624 126 127
25625 127 0
25626 126 0
25627 0 0
25628 0 1
25629 0 127
25630 0 3
25631 0 126
25632 127 127
25633 0 127
25634 127 0
25635 126 0
25636 0 126
25637 0 127
25638 0 126
25639 126 127
25640 0 4
25641 0 3
25642 0 4
25643 0 3
25644 0 0
25645 0 2
25646 127 127
25647 127 0
25648 0 3
25649 0 127
25650 126 0
25651 126 127
25652 0 2
25653 127 127
25654 0 3
25655 127 0
25656 126 0
25657 126 127
25658 127 0
25659 127 127
25660 126 0
25661 0 1
25662 0 0
25663 0 1
25664 126 127
25665 127 127
25666 0 0
25667 0 2
25668 127 0
25669 126 0
25670 1 0
25671 0 1
25672 0 2
25673 127 0
25674 126 0
25675 0 1
25676 0 126
25677 126 127
25678 0 127
25679 2 0
25680 1 0
25681 127 0
25682 127 127
25683 0 126
25684 126 0
25685 0 2
25686 126 127
25687 0 0
25688 127 0
25689 0 3
25690 127 127
25691 126 0
25692 0 1
25693 0 0
25694 127 0
25695 0 1
25696 126 0
25697 0 127
25698 0 4
25699 127 0
25700 0 126
25701 0 0
25702 0 127
25703 126 0
25704 126 127
25705 0 1
25706 0 0
25707 0 1
25708 127 127
25709 127 0
25710 0 126
25711 0 0
25712 0 3
25713 0 1
25714 0 4
25715 0 0
25716 126 0
25717 126 127
25718 127 127
25719 0 1
25720 0 0
25721 0 127
25722 0 3
25723 127 0
25724 0 126
25725 126 0
25726 126 127
25727 127 0
25728 0 2
25729 127 127
25730 0 127
25731 0 126
25732 0 3
25733 126 127
25734 126 0
25735 127 127
25736 126 127
25737 127 127
25738 0 127
25739 126 127
25740 0 1
25741 0 0
25742 0 2
25743 0 126
25744 127 0
25745 0 3
25746 0 2
25747 0 127
25748 0 3
25749 0 2
25750 1 0
25751 0 0
25752 1 0
25753 0 126
25754 0 1
25755 0 127
25756 0 126
25757 127 127
25758 126 127
25759 0 127
25760 126 0
25761 127 127
25762 0 2
25763 0 126
25764 0 0
25765 0 3
25766 126 127
25767 0 127
25768 127 0
25769 0 1
25770 0 0
25771 0 2
25772 0 126
25773 0 127
25774 0 126
25775 127 127
25776 126 127
25777 127 127
25778 0 127
25779 0 3
25780 126 127
25781 126 0
25782 0 2
25783 127 0
25784 126 0
25785 127 0
25786 0 3
25787 0 1
25788 126 0
25789 127 127
25790 0 4
25791 126 127
25792 127 127
25793 0 126
25794 0 127
25795 127 0
25796 0 0
25797 126 0
25798 126 127
25799 0 1
25800 127 127
25801 127 0
25802 0 126
25803 0 3
25804 126 0
25805 0 4
25806 0 0
25807 0 3
25808 126 127
25809 0 2
25810 127 0
25811 126 0
25812 127 0
25813 0 127
25814 126 0
25815 127 127
25816 126 127
25817 0 3
25818 127 127
25819 126 127
25820 0 1
25821 0 126
25822 127 0
25823 0 127
25824 0 4
25825 126 0
25826 127 0
25827 127 127
25828 126 0
25829 0 0
25830 127 0
25831 126 127
25832 127 127
25833 0 3
25834 0 1
25835 126 127
25836 126 0
25837 0 126
25838 0 127
25839 0 4
25840 127 0
25841 0 3
25842 0 126
25843 127 127
25844 0 0
25845 0 127
25846 0 1
25847 0 4
25848 126 127
25849 126 0
25850 127 127
25851 126 127
25852 0 126
25853 127 127
25854 127 0
25855 126 127
25856 127 127
25857 126 0
25858 0 127
25859 0 126
25860 127 0
25861 126 0
25862 126 127
25863 0 127
25864 0 0
25865 127 127
25866 0 126
25867 126 127
25868 0 1
25869 127 0
25870 0 127
25871 126 0
25872 0 3
25873 127 0
25874 0 4
25875 0 3
25876 0 126
25877 0 0
25878 0 1
25879 127 127
25880 126 0
25881 0 4
25882 0 127
25883 0 3
25884 126 127
25885 127 127
25886 126 127
25887 0 0
25888 127 0
25889 0 126
25890 0 127
25891 127 127
25892 126 0
25893 0 126
25894 127 0
25895 0 2
25896 126 127
25897 127 127
25898 0 127
25899 1 0
25900 0 0
25901 0 126
25902 1 0
25903 0 0
25904 126 127
25905 126 0
25906 127 127
25907 1 0
25908 127 0
25909 0 127
25910 0 126
25911 126 127
25912 0 0
25913 126 0
25914 0 3
25915 127 127
25916 127 0
25917 126 127
25918 127 127
25919 126 0
25920 0 1
25921 0 127
25922 127 0
25923 0 0
25924 0 1
25925 126 127
25926 0 126
25927 0 0
25928 0 1
25929 127 127
25930 126 0
25931 0 127
25932 0 0
25933 0 126
25934 126 127
25935 127 127
25936 126 127
25937 127 127
25938 0 1
25939 0 127
25940 0 0
25941 127 0
25942 0 126
25943 126 0
25944 0 127
25945 0 126
25946 0 2
25947 127 0
25948 126 0
25949 1 0
25950 0 1
25951 0 2
25952 127 0
25953 126 127
25954 0 0
25955 1 0
25956 126 0
25957 0 127
25958 127 0
25959 0 126
25960 126 0
25961 0 127
25962 127 0
25963 0 0
25964 0 126
25965 1 0
25966 0 127
25967 127 127
25968 0 1
25969 0 126
25970 126 127
25971 126 0
25972 0 2
25973 127 0
25974 127 127
25975 0 127
25976 126 0
25977 0 1
25978 2 0
25979 0 0
25980 0 126
25981 127 0
25982 126 0
25983 3 0
25984 127 0
25985 2 0
25986 126 127
25987 126 0
25988 3 0
25989 127 127
25990 2 0
25991 127 0
25992 3 0
25993 126 0
25994 127 0
25995 0 1
25996 126 127
25997 2 0
25998 0 0
25999 0 127
26000 0 126
26001 0 127
26002 0 126
26003 126 0
26004 127 127
26005 0 127
26006 126 127
26007 127 127
26008 127 0
26009 126 0
26010 127 0
26011 3 0
26012 0 1
26013 0 126
26014 2 0
26015 126 0
26016 0 127
26017 127 0
26018 126 0
26019 0 126
26020 0 127
26021 0 126
26022 0 0
26023 0 127
26024 126 127
26025 127 0
26026 126 0
26027 0 126
26028 0 127
26029 127 127
26030 0 126
26031 127 0
26032 0 1
26033 126 127
26034 127 127
26035 126 0
26036 126 127
26037 0 127
26038 0 0
26039 0 1
26040 1 0
26041 2 0
26042 127 127
26043 0 0
26044 3 0
26045 0 126
26046 0 127
26047 126 127
26048 0 1
26049 127 0
26050 0 0
26051 126 0
26052 127 0
26053 0 1
26054 126 0
26055 2 0
26056 1 0
26057 0 2
26058 0 1
26059 127 127
26060 127 0
26061 126 127
26062 0 126
26063 0 127
26064 0 2
26065 127 127
26066 126 127
26067 0 126
26068 0 1
26069 0 127
26070 0 2
26071 0 126
26072 0 0
26073 127 127
26074 1 0
26075 0 1
26076 0 2
26077 126 127
26078 0 127
26079 0 1
26080 0 126
26081 127 127
26082 2 0
26083 0 0
26084 3 0
26085 126 127
26086 126 0
26087 0 127
26088 127 127
26089 0 1
26090 0 126
26091 2 0
26092 126 127
26093 127 127
26094 0 127
26095 0 0
26096 0 126
26097 0 127
26098 126 127
26099 0 1
26100 127 0
26101 127 127
26102 0 126
26103 1 0
26104 2 0
26105 126 127
26106 0 0
26107 0 1
26108 127 127
26109 126 127
26110 126 0
26111 0 0
26112 0 1
26113 1 0
26114 2 0
26115 127 127
26116 0 0
26117 127 0
26118 0 1
26119 1 0
26120 126 127
26121 0 2
26122 0 0
26123 0 127
26124 1 0
26125 0 1
26126 2 0
26127 1 0
26128 127 127
26129 0 2
26130 126 127
26131 0 126
26132 0 1
26133 127 127
26134 0 127
26135 0 2
26136 0 1
26137 0 2
26138 0 1
26139 126 127
26140 126 0
26141 127 127
26142 2 0
26143 0 0
26144 0 1
26145 127 0
26146 0 0
26147 126 0
26148 0 126
26149 0 127
26150 126 127
26151 127 127
26152 0 126
26153 0 127
26154 0 1
26155 0 0
26156 126 127
26157 3 0
26158 0 126
26159 127 127
26160 0 1
26161 126 127
26162 0 127
26163 127 127
26164 2 0
26165 126 127
26166 0 126
26167 127 127
26168 127 0
26169 0 127
26170 0 126
26171 126 0
26172 1 0
26173 0 2
26174 126 127
26175 0 1
26176 0 2
26177 127 127
26178 0 1
26179 0 2
26180 0 127
26181 0 1
26182 0 126
26183 2 0
26184 0 0
26185 127 0
26186 126 127
26187 126 0
26188 0 127
26189 127 127
26190 0 1
26191 0 126
26192 1 0
26193 0 2
26194 126 127
26195 127 127
26196 0 0
26197 0 3
26198 0 127
26199 0 126
26200 0 127
26201 0 2
26202 127 0
26203 126 127
26204 127 127
26205 0 126
26206 126 0
26207 126 127
26208 127 127
26209 0 127
26210 1 0
26211 126 127
26212 127 127
26213 0 126
26214 127 0
26215 0 1
26216 2 0
26217 0 0
26218 3 0
26219 0 1
26220 126 127
26221 2 0
26222 127 127
26223 126 0
26224 0 0
26225 0 1
26226 127 0
26227 126 127
26228 126 0
26229 0 0
26230 127 0
26231 127 127
26232 0 127
26233 126 127
26234 3 0
26235 126 0
26236 0 1
26237 127 127
26238 0 126
26239 127 0
26240 126 0
26241 0 127
26242 0 126
26243 0 127
26244 0 0
26245 0 1
26246 0 126
26247 126 127
26248 2 0
26249 127 0
26250 0 0
26251 127 127
26252 0 1
26253 0 127
26254 126 127
26255 0 0
26256 0 1
26257 126 0
26258 1 0
26259 127 0
26260 0 126
26261 0 2
26262 126 0
26263 127 0
26264 126 0
26265 0 127
26266 0 1
26267 127 127
26268 0 2
26269 127 0
26270 0 0
26271 126 127
26272 0 126
26273 126 0
26274 1 0
26275 0 0
26276 0 3
26277 0 127
26278 0 126
26279 0 127
26280 0 126
26281 0 127
26282 0 2
26283 0 126
26284 127 0
26285 1 0
26286 0 127
26287 126 0
26288 0 126
26289 127 0
26290 127 127
26291 126 0
26292 126 127
26293 127 127
26294 0 0
26295 127 0
26296 0 127
26297 0 3
26298 0 1
26299 126 127
26300 0 4
26301 0 126
26302 0 127
26303 0 0
26304 126 0
26305 0 3
26306 0 2
26307 1 0
26308 0 126
26309 127 0
26310 0 1
26311 126 0
26312 127 0
26313 2 0
26314 126 0
26315 127 127
26316 1 0
26317 127 0
26318 126 0
26319 0 2
26320 0 127
26321 0 126
26322 126 127
26323 0 1
26324 2 0
26325 0 0
26326 3 0
26327 127 127
26328 126 127
26329 127 127
26330 2 0
26331 0 1
26332 1 0
26333 0 127
26334 0 126
26335 126 127
26336 0 127
26337 2 0
26338 127 0
26339 126 0
26340 1 0
26341 0 2
26342 0 1
26343 0 126
26344 0 127
26345 127 127
26346 2 0
26347 0 126
26348 127 0
26349 0 127
26350 1 0
26351 2 0
26352 1 0
26353 126 0
26354 0 2
26355 0 126
26356 0 127
26357 0 126
26358 0 1
26359 127 0
26360 126 127
26361 2 0
26362 126 0
26363 1 0
26364 127 0
26365 2 0
26366 127 127
26367 0 0
26368 3 0
26369 0 127
26370 2 0
26371 0 126
26372 0 127
26373 0 1
26374 0 0
26375 3 0
26376 126 127
26377 127 127
26378 126 0
26379 0 126
26380 2 0
26381 127 0
26382 126 127
26383 0 127
26384 0 1
26385 0 0
26386 127 127
26387 126 0
26388 3 0
26389 0 1
26390 0 126
26391 126 127
26392 127 0
26393 126 0
26394 127 127
26395 0 0
26396 126 127
26397 0 1
26398 0 127
26399 2 0
26400 0 0
26401 0 1
26402 127 127
26403 127 0
26404 126 0
26405 126 127
26406 1 0
26407 0 126
26408 127 127
26409 2 0
26410 127 0
26411 1 0
26412 2 0
26413 1 0
26414 126 0
26415 2 0
26416 127 0
26417 126 127
26418 1 0
26419 0 127
26420 0 126
26421 0 127
26422 0 2
26423 0 126
26424 127 127
26425 126 127
26426 0 0
26427 126 0
26428 127 127
26429 0 3
26430 0 2
26431 126 127
26432 127 127
26433 126 127
26434 127 0
26435 0 3
26436 0 1
26437 0 127
26438 0 4
26439 127 127
26440 126 127
26441 0 3
26442 127 127
26443 0 0
26444 0 126
26445 126 0
26446 0 1
26447 127 0
26448 0 4
26449 126 0
26450 126 127
26451 127 127
26452 0 127
26453 0 3
26454 126 127
26455 127 127
26456 126 127
26457 0 4
26458 0 3
26459 0 4
26460 0 126
26461 0 127
26462 0 0
26463 127 127
26464 0 1
26465 0 3
26466 127 0
26467 0 0
26468 0 1
26469 126 0
26470 126 127
26471 0 4
26472 127 127
26473 0 3
26474 0 126
26475 0 0
26476 0 127
26477 0 2
26478 127 0
26479 126 127
26480 126 0
26481 0 126
26482 127 0
26483 0 127
26484 127 127
26485 0 126
26486 126 0
26487 0 127
26488 1 0
26489 0 0
26490 0 3
26491 0 1
26492 126 127
26493 127 0
26494 0 4
26495 126 0
26496 127 0
26497 0 3
26498 126 0
26499 0 126
26500 127 0
26501 126 0
26502 0 4
26503 127 127
26504 0 3
26505 126 127
26506 127 0
26507 0 127
26508 0 4
26509 127 127
26510 126 127
26511 127 127
26512 126 0
26513 127 0
26514 0 126
26515 126 0
26516 127 0
26517 0 3
26518 0 4
26519 0 3
26520 0 127
26521 0 0
26522 0 126
26523 126 0
26524 0 127
26525 126 127
26526 0 1
26527 0 126
26528 0 0
26529 0 127
26530 127 0
26531 0 1
26532 127 127
26533 126 0
26534 126 127
26535 0 126
26536 0 127
26537 0 4
26538 0 0
26539 0 126
26540 127 127
26541 0 127
26542 0 3
26543 0 1
26544 127 0
26545 0 4
26546 126 0
26547 0 0
26548 126 127
26549 0 3
26550 127 0
26551 127 127
26552 0 2
26553 0 3
26554 0 2
26555 126 0
26556 127 0
26557 126 127
26558 0 126
26559 127 127
26560 0 3
26561 0 1
26562 126 127
26563 127 127
26564 0 4
26565 126 127
26566 0 0
26567 127 127
26568 126 0
26569 0 1
26570 0 127
26571 0 126
26572 0 127
26573 126 127
26574 0 3
26575 127 127
26576 0 4
26577 0 126
26578 0 0
26579 126 127
26580 127 127
26581 126 127
26582 127 0
26583 126 0
26584 0 1
26585 0 127
26586 0 3
26587 127 0
26588 0 126
26589 0 0
26590 0 2
26591 0 3
26592 127 127
26593 126 127
26594 127 127
26595 0 2
26596 0 3
26597 126 0
26598 0 1
26599 127 0
26600 0 127
26601 0 4
26602 0 0
26603 0 126
26604 0 1
26605 126 127
26606 0 127
26607 126 0
26608 127 127
26609 127 0
26610 0 3
26611 126 0
26612 0 0
26613 0 2
26614 0 126
26615 127 0
26616 0 3
26617 0 1
26618 0 0
26619 126 0
26620 127 0
26621 126 0
26622 126 127
26623 127 127
26624 0 2
26625 1 0
26626 126 127
26627 0 1
26628 127 127
26629 2 0
26630 0 127
26631 1 0
26632 127 0
26633 2 0
26634 1 0
26635 0 126
26636 126 127
26637 0 2
26638 0 127
26639 0 0
26640 127 127
26641 0 3
26642 0 1
26643 0 0
26644 0 1
26645 126 127
26646 126 0
26647 127 0
26648 0 4
26649 126 0
26650 0 0
26651 0 3
26652 127 0
26653 126 0
26654 0 126
26655 127 0
26656 126 0
26657 127 0
26658 126 0
26659 0 127
26660 0 2
26661 127 127
26662 0 3
26663 127 0
26664 0 126
26665 126 0
26666 126 127
26667 127 0
26668 0 1
26669 0 127
26670 0 126
26671 0 0
26672 127 127
26673 126 127
26674 0 127
26675 127 127
26676 0 1
26677 0 0
26678 0 126
26679 0 2
26680 0 127
26681 0 3
26682 0 2
26683 0 3
26684 126 0
26685 0 126
26686 127 0
26687 126 0
26688 0 127
26689 126 127
26690 127 0
26691 0 126
26692 127 127
26693 0 2
26694 0 127
26695 1 0
26696 0 1
26697 2 0
26698 126 127
26699 127 127
26700 126 127
26701 0 0
26702 0 1
26703 0 126
26704 127 127
26705 0 0
26706 3 0
26707 126 127
26708 0 127
26709 0 126
26710 0 1
26711 126 0
26712 0 0
26713 127 0
26714 127 127
26715 0 127
26716 126 0
26717 127 0
26718 2 0
26719 0 126
26720 0 127
26721 126 127
26722 0 126
26723 127 127
26724 126 0
26725 3 0
26726 0 1
26727 127 0
26728 0 0
26729 2 0
26730 3 0
26731 2 0
26732 0 1
26733 126 0
26734 126 127
26735 127 127
26736 126 127
26737 1 0
26738 2 0
26739 127 0
26740 0 127
26741 127 127
26742 126 0
26743 0 0
26744 127 0
26745 0 126
26746 126 127
26747 0 127
26748 0 126
26749 3 0
26750 126 0
26751 127 127
26752 0 127
26753 0 1
26754 127 0
26755 0 0
26756 2 0
26757 0 1
26758 1 0
26759 2 0
26760 0 126
26761 126 127
26762 1 0
26763 126 0
26764 2 0
26765 127 127
26766 0 127
26767 1 0
26768 0 2
26769 127 0
26770 0 1
26771 126 0
26772 0 126
26773 2 0
26774 0 127
26775 0 0
26776 126 127
26777 127 0
26778 126 0
26779 0 126
26780 127 127
26781 126 127
26782 0 127
26783 3 0
26784 127 127
26785 0 1
26786 2 0
26787 126 127
26788 0 126
26789 127 0
26790 126 0
26791 1 0
26792 0 2
26793 0 1
26794 2 0
26795 127 0
26796 0 0
26797 3 0
26798 127 127
26799 0 1
26800 0 127
26801 0 0
26802 126 0
26803 126 127
26804 127 0
26805 0 1
26806 126 0
26807 127 0
26808 2 0
26809 126 0
26810 127 127
26811 0 0
26812 127 0
26813 126 0
26814 3 0
26815 0 126
26816 126 127
26817 2 0
26818 0 1
26819 0 127
26820 127 127
26821 127 0
26822 1 0
26823 126 0
26824 127 0
26825 126 127
26826 127 127
26827 126 0
26828 2 0
26829 0 0
26830 3 0
26831 2 0
26832 0 126
26833 0 1
26834 0 0
26835 0 1
26836 127 0
26837 1 0
26838 126 127
26839 0 127
26840 0 2
26841 127 127
26842 126 127
26843 0 0
26844 126 0
26845 0 126
26846 0 127
26847 0 3
26848 0 126
26849 0 127
26850 127 0
26851 0 1
26852 127 127
26853 126 127
26854 0 0
26855 0 2
26856 127 127
26857 1 0
26858 0 0
26859 0 3
26860 0 1
26861 0 126
26862 126 0
26863 126 127
26864 0 127
26865 0 4
26866 127 0
26867 127 127
26868 0 0
26869 126 0
26870 0 126
26871 127 0
26872 126 127
26873 126 0
26874 0 127
26875 127 0
26876 0 126
26877 126 0
26878 127 127
26879 126 127
26880 0 1
26881 0 3
26882 0 4
26883 0 127
26884 127 0
26885 0 126
26886 0 127
26887 0 0
26888 127 127
26889 126 0
26890 0 1
26891 127 0
26892 126 0
26893 127 0
26894 0 3
26895 126 0
26896 0 4
26897 127 0
26898 126 127
26899 0 0
26900 0 1
26901 126 0
26902 0 3
26903 127 127
26904 0 0
26905 0 1
26906 0 4
26907 126 127
26908 0 0
26909 127 0
26910 126 0
26911 0 3
26912 127 127
26913 0 126
26914 0 127
26915 0 1
26916 0 4
26917 0 126
26918 127 0
26919 126 0
26920 127 0
26921 0 127
26922 0 3
26923 126 127
26924 126 0
26925 0 4
26926 0 0
26927 0 126
26928 0 3
26929 0 2
26930 0 3
26931 127 0
26932 0 1
26933 0 0
26934 0 1
26935 126 0
26936 127 127
26937 126 127
26938 0 127
26939 0 4
26940 0 126
26941 0 3
26942 0 0
26943 127 0
26944 127 127
26945 126 127
26946 0 2
26947 1 0
26948 0 127
26949 126 0
26950 0 126
26951 0 127
26952 0 126
26953 127 0
26954 127 127
26955 0 1
26956 126 127
26957 0 127
26958 0 126
26959 2 0
26960 1 0
26961 2 0
26962 127 127
26963 0 0
26964 126 0
26965 0 127
26966 3 0
26967 127 0
26968 126 127
26969 127 127
26970 2 0
26971 0 126
26972 0 127
26973 126 127
26974 0 1
26975 126 0
26976 127 0
26977 0 126
26978 127 127
26979 0 127
26980 0 0
26981 0 1
26982 126 127
26983 0 126
26984 0 127
26985 127 127
26986 0 0
26987 126 127
26988 0 1
26989 0 126
26990 126 0
26991 0 127
26992 0 126
26993 0 127
26994 0 126
26995 0 127
26996 0 126
26997 0 0
26998 0 1
26999 0 127
27000 127 127
27001 127 0
27002 1 0
27003 126 0
27004 0 2
27005 0 0
27006 126 127
27007 0 3
27008 0 1
27009 0 0
27010 0 1
27011 127 127
27012 0 126
27013 0 4
27014 127 0
27015 0 127
27016 0 3
27017 0 0
27018 0 1
27019 126 0
27020 0 0
27021 0 2
27022 1 0
27023 0 0
27024 0 3
27025 126 127
27026 0 126
27027 0 1
27028 127 0
27029 0 127
27030 127 127
27031 0 126
27032 126 127
27033 0 0
27034 126 0
27035 0 127
27036 0 1
27037 127 0
27038 0 0
27039 0 1
27040 127 127
27041 0 126
27042 0 0
27043 0 127
27044 0 1
27045 0 0
27046 0 2
27047 0 126
27048 0 127
27049 0 3
27050 126 0
27051 126 127
27052 0 1
27053 0 126
27054 127 127
27055 0 127
27056 126 127
27057 0 126
27058 0 127
27059 0 4
27060 0 3
27061 0 4
27062 127 0
27063 0 126
27064 0 127
27065 0 126
27066 0 3
27067 127 127
27068 0 0
27069 126 0
27070 0 127
27071 0 2
27072 0 126
27073 0 3
27074 126 127
27075 127 127
27076 127 0
27077 0 2
27078 1 0
27079 0 0
27080 126 127
27081 0 127
27082 127 127
27083 0 126
27084 0 3
27085 0 1
27086 0 4
27087 0 3
27088 126 127
27089 0 0
27090 0 2
27091 126 0
27092 127 0
27093 0 127
27094 1 0
27095 0 0
27096 0 126
27097 1 0
27098 127 127
27099 0 0
27100 126 127
27101 0 127
27102 126 0
27103 0 126
27104 0 127
27105 0 126
27106 0 3
27107 127 127
27108 0 127
27109 0 126
27110 127 0
27111 0 1
27112 126 127
27113 127 127
27114 0 0
27115 0 2
27116 126 127
27117 126 0
27118 1 0
27119 0 127
27120 127 127
27121 127 0
27122 0 0
27123 126 0
27124 0 126
27125 0 127
27126 0 3
27127 126 127
27128 0 2
27129 1 0
27130 0 0
27131 0 3
27132 127 0
27133 127 127
27134 0 126
27135 0 127
27136 0 2
27137 126 0
27138 0 3
27139 127 0
27140 0 126
27141 126 127
27142 0 1
27143 0 127
27144 0 0
27145 0 1
27146 127 127
27147 0 126
27148 0 0
27149 0 2
27150 126 127
27151 1 0
27152 0 0
27153 1 0
27154 0 1
27155 0 2
27156 0 127
27157 0 0
27158 0 126
27159 0 3
27160 126 0
27161 0 127
27162 0 2
27163 0 126
27164 0 3
27165 0 2
27166 0 127
27167 1 0
27168 0 126
27169 127 127
27170 0 1
27171 0 2
27172 0 127
27173 0 1
27174 127 0
27175 0 2
27176 126 127
27177 0 0
27178 1 0
27179 0 126
27180 126 0
27181 127 0
27182 126 0
27183 127 0
27184 0 1
27185 0 2
27186 126 0
27187 0 1
27188 0 127
27189 2 0
27190 1 0
27191 0 2
27192 0 0
27193 1 0
27194 0 1
27195 127 127
27196 0 2
27197 0 1
27198 0 126
27199 127 0
27200 126 127
27201 127 127
27202 126 0
27203 2 0
27204 1 0
27205 126 127
27206 127 0
27207 2 0
27208 0 0
27209 0 127
27210 126 0
27211 0 1
27212 0 126
27213 1 0
27214 0 127
27215 127 127
27216 2 0
27217 0 126
27218 127 0
27219 0 0
27220 126 127
27221 0 1
27222 0 0
27223 3 0
27224 127 127
27225 0 1
27226 126 0
27227 0 0
27228 127 0
27229 0 1
27230 126 0
27231 127 0
27232 126 0
27233 126 127
27234 0 0
27235 0 1
27236 127 127
27237 0 127
27238 2 0
27239 127 0
27240 0 0
27241 3 0
27242 0 126
27243 0 1
27244 0 127
27245 2 0
27246 126 0
27247 1 0
27248 0 2
27249 0 0
27250 0 126
27251 0 127
27252 126 127
27253 0 126
27254 0 3
27255 0 2
27256 127 127
27257 126 127
27258 1 0
27259 0 1
27260 2 0
27261 127 0
27262 1 0
27263 127 127
27264 0 127
27265 2 0
27266 1 0
27267 0 2
27268 0 1
27269 126 127
27270 0 2
27271 0 126
27272 0 0
27273 0 3
27274 0 127
27275 126 0
27276 0 126
27277 127 127
27278 0 127
27279 0 1
27280 0 0
27281 127 0
27282 0 1
27283 0 126
27284 0 0
27285 126 0
27286 0 1
27287 0 0
27288 0 1
27289 0 4
27290 0 0
27291 126 127
27292 0 1
27293 127 127
27294 126 127
27295 0 3
27296 0 4
27297 0 0
27298 127 0
27299 0 127
27300 0 3
27301 0 126
27302 0 127
27303 127 127
27304 126 127
27305 0 1
27306 0 0
27307 0 1
27308 126 0
27309 127 127
27310 0 0
27311 126 127
27312 0 126
27313 127 127
27314 127 0
27315 0 2
27316 126 127
27317 0 3
27318 0 2
27319 0 3
27320 127 127
27321 126 127
27322 0 1
27323 0 0
27324 126 0
27325 0 127
27326 127 127
27327 126 127
27328 127 0
27329 0 2
27330 1 0
27331 126 0
27332 127 127
27333 0 1
27334 0 126
27335 0 2
27336 0 127
27337 0 1
27338 0 2
27339 127 0
27340 0 1
27341 126 127
27342 0 2
27343 126 0
27344 0 126
27345 127 127
27346 0 1
27347 126 127
27348 0 2
27349 0 1
27350 0 2
27351 127 127
27352 0 127
27353 127 0
27354 126 127
27355 0 0
27356 126 0
27357 0 3
27358 0 1
27359 127 127
27360 0 0
27361 0 1
27362 0 0
27363 127 0
27364 0 2
27365 126 0
27366 0 3
27367 0 2
27368 126 127
27369 0 3
27370 0 2
27371 0 126
27372 127 127
27373 126 127
27374 1 0
27375 0 127
27376 127 127
27377 0 1
27378 0 126
27379 0 2
27380 127 0
27381 126 0
27382 0 1
27383 127 0
27384 0 2
27385 126 0
27386 0 1
27387 0 2
27388 0 0
27389 0 127
27390 126 127
27391 0 3
27392 127 0
27393 0 2
27394 1 0
27395 0 126
27396 0 0
27397 1 0
27398 126 0
27399 0 1
27400 127 127
27401 0 127
27402 0 2
27403 0 126
27404 127 0
27405 0 127
27406 126 0
27407 0 1
27408 127 0
27409 126 0
27410 127 0
27411 126 127
27412 126 0
27413 2 0
27414 1 0
27415 0 126
27416 2 0
27417 0 127
27418 0 126
27419 127 127
27420 0 127
27421 127 0
27422 126 0
27423 0 126
27424 0 0
27425 3 0
27426 126 127
27427 127 127
27428 2 0
27429 0 127
27430 0 1
27431 127 0
27432 126 0
27433 126 127
27434 0 126
27435 0 0
27436 127 127
27437 126 127
27438 127 127
27439 0 127
27440 127 0
27441 0 126
27442 126 127
27443 3 0
27444 126 0
27445 0 127
27446 2 0
27447 127 127
27448 0 1
27449 0 126
27450 0 0
27451 0 127
27452 127 0
27453 126 127
27454 3 0
27455 0 126
27456 0 1
27457 0 0
27458 0 1
27459 127 127
27460 2 0
27461 126 127
27462 127 127
27463 126 0
27464 126 127
27465 127 127
27466 0 127
27467 1 0
27468 0 2
27469 127 0
27470 0 1
27471 126 0
27472 126 127
27473 0 126
27474 2 0
27475 1 0
27476 0 2
27477 0 127
27478 0 126
27479 127 127
27480 0 1
27481 0 127
27482 0 126
27483 127 0
27484 126 127
27485 0 127
27486 0 126
27487 2 0
27488 1 0
27489 127 127
27490 2 0
27491 126 127
27492 1 0
27493 127 127
27494 0 2
27495 0 1
27496 0 2
27497 0 127
27498 0 1
27499 0 2
27500 0 126
27501 126 0
27502 0 127
27503 0 126
27504 126 127
27505 0 0
27506 127 0
27507 126 0
27508 127 0
27509 0 127
27510 126 0
27511 1 0
27512 0 126
27513 127 0
27514 126 0
27515 127 127
27516 127 0
27517 0 0
27518 0 127
27519 0 126
27520 126 0
27521 127 0
27522 126 127
27523 0 3
27524 0 127
27525 126 0
27526 0 126
27527 127 127
27528 127 0
27529 126 127
27530 127 127
27531 0 1
27532 0 127
27533 0 4
27534 0 0
27535 0 3
27536 0 2
27537 1 0
27538 0 0
27539 1 0
27540 0 126
27541 0 127
27542 126 0
27543 0 126
27544 126 127
27545 0 0
27546 0 3
27547 0 127
27548 127 127
27549 127 0
27550 0 2
27551 126 0
27552 1 0
27553 0 126
27554 127 0
27555 126 0
27556 127 0
27557 0 127
27558 0 126
27559 0 1
27560 0 127
27561 0 126
27562 0 2
27563 0 0
27564 126 127
27565 1 0
27566 0 127
27567 127 127
27568 0 0
27569 126 127
27570 1 0
27571 126 0
27572 0 0
27573 0 3
27574 0 2
27575 127 127
27576 0 3
27577 0 2
27578 0 126
27579 127 0
27580 126 127
27581 1 0
27582 127 127
27583 126 127
27584 0 0
27585 0 127
27586 126 0
27587 1 0
27588 0 0
27589 1 0
27590 127 127
27591 0 1
27592 0 2
27593 126 127
27594 0 0
27595 0 3
27596 0 1
27597 0 126
27598 127 0
27599 127 127
27600 0 0
27601 126 0
27602 0 127
27603 0 2
27604 126 127
27605 127 127
27606 1 0
27607 126 127
27608 0 1
27609 0 126
27610 0 127
27611 127 0
27612 127 127
27613 0 2
27614 0 126
27615 0 1
27616 126 127
27617 127 127
27618 126 127
27619 0 127
27620 0 2
27621 0 1
27622 127 127
27623 126 0
27624 0 2
27625 0 1
27626 126 127
27627 127 127
27628 0 2
27629 0 0
27630 1 0
27631 126 127
27632 0 126
27633 0 1
27634 127 127
27635 0 127
27636 2 0
27637 127 0
27638 126 127
27639 0 126
27640 0 0
27641 127 127
27642 126 0
27643 0 1
27644 0 127
27645 0 0
27646 3 0
27647 0 126
27648 2 0
27649 0 1
27650 127 0
27651 126 0
27652 126 127
27653 0 0
27654 0 127
27655 0 126
27656 3 0
27657 0 127
27658 127 127
27659 126 127
27660 0 126
27661 127 127
27662 126 127
27663 127 0
27664 0 1
27665 0 0
27666 2 0
27667 0 1
27668 126 0
27669 127 127
27670 127 0
27671 1 0
27672 2 0
27673 0 0
27674 0 127
27675 126 127
27676 0 1
27677 1 0
27678 2 0
27679 126 0
27680 0 126
27681 0 127
27682 127 0
27683 127 127
27684 126 0
27685 1 0
27686 126 127
27687 127 127
27688 2 0
27689 126 127
27690 1 0
27691 127 127
27692 0 2
27693 0 126
27694 0 0
27695 126 127
27696 127 0
27697 0 3
27698 0 1
27699 0 4
27700 126 0
27701 0 0
27702 0 3
27703 0 1
27704 0 0
27705 127 127
27706 0 2
27707 126 127
27708 0 3
27709 0 127
27710 0 1
27711 127 0
27712 127 127
27713 0 0
27714 126 127
27715 0 126
27716 0 127
27717 0 2
27718 0 3
27719 0 2
27720 126 0
27721 127 127
27722 0 3
27723 0 126
27724 0 2
27725 0 127
27726 126 127
27727 0 3
27728 127 127
27729 0 126
27730 0 127
27731 0 2
27732 1 0
27733 0 126
27734 127 0
27735 0 0
27736 126 0
27737 127 0
27738 126 0
27739 126 127
27740 0 127
27741 127 127
27742 126 127
27743 0 3
27744 127 127
27745 127 0
27746 0 126
27747 126 0
27748 0 2
27749 126 127
27750 0 127
27751 0 126
27752 127 127
27753 0 127
27754 0 126
27755 1 0
27756 126 127
27757 0 0
27758 0 3
27759 127 0
27760 0 127
27761 0 1
27762 127 127
27763 0 126
27764 0 127
27765 126 127
27766 127 127
27767 126 0
27768 0 4
27769 0 126
27770 0 0
27771 126 127
27772 0 1
27773 0 0
27774 0 3
27775 127 0
27776 126 0
27777 127 127
27778 0 127
27779 126 127
27780 0 126
27781 127 0
27782 127 127
27783 126 127
27784 0 127
27785 0 2
27786 1 0
27787 126 0
27788 127 0
27789 0 1
27790 2 0
27791 126 0
27792 0 0
27793 127 0
27794 0 1
27795 127 127
27796 1 0
27797 126 0
27798 127 0
27799 0 126
27800 126 0
27801 127 0
27802 0 127
27803 0 2
27804 0 0
27805 126 127
27806 0 3
27807 127 127
27808 0 2
27809 0 3
27810 0 1
27811 0 0
27812 126 127
27813 0 126
27814 126 0
27815 127 127
27816 127 0
27817 126 0
27818 0 127
27819 0 1
27820 0 126
27821 0 4
27822 0 3
27823 126 127
27824 127 0
27825 0 0
27826 0 127
27827 126 0
27828 127 127
27829 127 0
27830 0 2
27831 0 3
27832 126 0
27833 0 2
27834 126 127
27835 0 3
27836 127 0
27837 0 2
27838 127 127
27839 0 3
27840 0 1
27841 126 0
27842 127 0
27843 0 126
27844 0 4
27845 126 0
27846 0 127
27847 0 3
27848 127 0
27849 0 126
27850 0 127
27851 0 0
27852 126 0
27853 127 0
27854 126 0
27855 126 127
27856 0 1
27857 0 4
27858 0 126
27859 0 3
27860 0 4
27861 127 0
27862 0 3
27863 0 127
27864 127 127
27865 0 4
27866 0 3
27867 0 126
27868 126 0
27869 0 4
27870 127 0
27871 126 0
27872 126 127
27873 127 0
27874 127 127
27875 126 0
27876 0 0
27877 127 0
27878 0 3
27879 126 127
27880 0 1
27881 0 4
27882 126 0
27883 127 0
27884 127 127
27885 126 0
27886 0 127
27887 0 126
27888 0 3
27889 0 4
27890 0 0
27891 0 127
27892 127 0
27893 126 127
27894 0 1
27895 0 3
27896 0 126
27897 0 0
27898 0 127
27899 0 1
27900 0 0
27901 126 0
27902 0 1
27903 127 127
27904 126 127
27905 0 0
27906 127 0
27907 0 2
27908 0 3
27909 127 127
27910 126 127
27911 126 0
27912 0 126
27913 0 2
27914 1 0
27915 0 1
27916 127 0
27917 127 127
27918 126 127
27919 126 0
27920 127 0
27921 0 127
27922 0 2
27923 127 127
27924 0 0
27925 1 0
27926 126 127
27927 0 1
27928 0 2
27929 0 0
27930 126 0
27931 1 0
27932 127 0
27933 126 0
27934 127 0
27935 0 0
27936 0 3
27937 0 126
27938 0 2
27939 126 0
27940 0 127
27941 0 3
27942 127 127
27943 0 1
27944 127 0
27945 126 0
27946 126 127
27947 0 126
27948 0 127
27949 127 127
27950 126 127
27951 0 4
27952 127 0
27953 0 3
27954 0 0
27955 0 126
27956 126 0
27957 0 2
27958 0 127
27959 1 0
27960 0 1
27961 0 126
27962 0 2
27963 127 127
27964 126 127
27965 127 0
27966 0 0
27967 126 0
27968 127 127
27969 126 127
27970 127 127
27971 126 127
27972 127 127
27973 0 127
27974 0 3
27975 0 2
27976 126 127
27977 127 0
27978 1 0
27979 126 0
27980 127 0
27981 0 126
27982 127 127
27983 0 127
27984 0 0
27985 0 3
27986 0 1
27987 0 126
27988 126 127
27989 0 0
27990 127 127
27991 126 127
27992 127 127
27993 0 1
27994 0 127
27995 0 126
27996 0 4
27997 0 0
27998 0 1
27999 0 3
28000 126 0
28001 127 0
28002 126 127
28003 0 0
28004 127 127
28005 126 127
28006 127 127
28007 0 2
28008 1 0
28009 0 1
28010 126 127
28011 126 0
28012 127 0
28013 0 2
28014 0 0
28015 0 3
28016 126 0
28017 127 127
28018 127 0
28019 0 2
28020 126 127
28021 0 3
28022 0 2
28023 127 127
28024 1 0
28025 0 0
28026 0 3
28027 126 127
28028 126 0
28029 127 127
28030 127 0
28031 126 0
28032 0 1
28033 0 4
28034 0 127
28035 0 126
28036 127 0
28037 0 127
28038 126 0
28039 0 126
28040 0 127
28041 127 0
28042 126 0
28043 127 0
28044 0 3
28045 126 127
28046 0 126
28047 0 0
28048 126 0
28049 127 0
28050 127 127
28051 0 2
28052 1 0
28053 0 1
28054 126 0
28055 0 2
28056 126 127
28057 127 0
28058 0 0
28059 0 127
28060 0 126
28061 1 0
28062 126 0
28063 0 0
28064 0 3
28065 127 127
28066 126 127
28067 0 2
28068 1 0
28069 0 127
28070 0 126
28071 127 0
28072 0 127
28073 127 127
28074 0 1
28075 0 2
28076 126 127
28077 127 127
28078 0 126
28079 0 127
28080 126 127
28081 0 1
28082 2 0
28083 1 0
28084 2 0
28085 0 0
28086 126 0
28087 127 0
28088 127 127
28089 0 126
28090 126 0
28091 126 127
28092 0 1
28093 0 0
28094 0 127
28095 0 126
28096 0 127
28097 127 0
28098 3 0
28099 0 1
28100 127 127
28101 0 0
28102 0 1
28103 126 0
28104 126 127
28105 0 0
28106 0 126
28107 2 0
28108 0 1
28109 1 0
28110 2 0
28111 1 0
28112 0 127
28113 127 0
28114 127 127
28115 2 0
28116 126 0
28117 126 127
28118 0 126
28119 0 127
28120 0 0
28121 3 0
28122 127 0
28123 2 0
28124 0 126
28125 126 0
28126 127 0
28127 127 127
28128 0 1
28129 0 127
28130 0 0
28131 3 0
28132 0 126
28133 2 0
28134 126 0
28135 3 0
28136 0 127
28137 0 1
28138 0 126
28139 2 0
28140 127 0
28141 126 0
28142 0 0
28143 127 0
28144 3 0
28145 126 0
28146 0 1
28147 0 127
28148 0 0
28149 0 126
28150 2 0
28151 0 1
28152 0 0
28153 126 127
28154 127 127
28155 3 0
28156 126 127
28157 127 127
28158 127 0
28159 2 0
28160 126 127
28161 126 0
28162 127 0
28163 0 127
28164 126 0
28165 127 0
28166 0 126
28167 126 0
28168 0 127
28169 127 127
28170 127 0
28171 126 0
28172 0 1
28173 127 0
28174 1 0
28175 126 0
28176 0 2
28177 0 1
28178 0 126
28179 0 127
28180 2 0
28181 1 0
28182 126 127
28183 127 127
28184 0 126
28185 0 2
28186 0 1
28187 0 2
28188 0 0
28189 0 3
28190 0 2
28191 1 0
28192 127 0
28193 126 127
28194 0 127
28195 127 127
28196 0 1
28197 0 126
28198 0 2
28199 0 127
28200 126 127
28201 0 126
28202 0 1
28203 2 0
28204 0 127
28205 0 0
28206 0 1
28207 0 0
28208 0 126
28209 3 0
28210 126 0
28211 0 1
28212 0 0
28213 0 127
28214 127 0
28215 0 126
28216 126 0
28217 127 127
28218 126 127
28219 0 1
28220 127 0
28221 2 0
28222 0 0
28223 0 1
28224 0 127
28225 127 127
28226 126 127
28227 0 0
28228 126 0
28229 0 126
28230 0 1
28231 127 127
28232 126 127
28233 0 0
28234 127 127
28235 3 0
28236 126 127
28237 2 0
28238 0 127
28239 127 0
28240 126 0
28241 127 127
28242 0 1
28243 0 0
28244 0 1
28245 0 0
28246 0 126
28247 3 0
28248 0 127
28249 0 1
28250 0 0
28251 0 1
28252 2 0
28253 126 127
28254 127 0
28255 0 0
28256 0 1
28257 1 0
28258 126 0
28259 0 2
28260 0 126
28261 127 127
28262 0 1
28263 127 0
28264 0 127
28265 2 0
28266 126 127
28267 1 0
28268 0 2
28269 126 0
28270 127 127
28271 127 0
28272 0 0
28273 0 126
28274 1 0
28275 0 127
28276 126 127
28277 126 0
28278 0 1
28279 0 2
28280 0 1
28281 0 126
28282 0 127
28283 2 0
28284 127 0
28285 0 0
28286 0 1
28287 126 0
28288 0 126
28289 1 0
28290 2 0
28291 1 0
28292 127 127
28293 0 127
28294 0 2
28295 127 0
28296 0 126
28297 0 0
28298 126 0
28299 1 0
28300 127 0
28301 0 0
28302 0 3
28303 0 127
28304 0 1
28305 0 0
28306 0 126
28307 0 1
28308 0 127
28309 126 127
28310 0 126
28311 0 0
28312 127 127
28313 126 0
28314 0 2
28315 1 0
28316 0 1
28317 2 0
28318 127 0
28319 0 0
28320 126 0
28321 0 127
28322 0 1
28323 1 0
28324 0 2
28325 0 1
28326 126 127
28327 0 2
28328 0 126
28329 0 0
28330 127 0
28331 1 0
28332 0 1
28333 0 127
28334 2 0
28335 1 0
28336 126 0
28337 2 0
28338 0 0
28339 127 0
28340 126 0
28341 127 0
28342 126 0
28343 0 126
28344 127 0
28345 126 0
28346 0 1
28347 1 0
28348 0 127
28349 127 0
28350 127 127
28351 126 0
28352 127 0
28353 126 127
28354 0 126
28355 126 0
28356 127 127
28357 127 0
28358 0 127
28359 126 0
28360 0 2
28361 0 126
28362 0 127
28363 126 127
28364 127 0
28365 0 1
28366 2 0
28367 1 0
28368 127 127
28369 126 127
28370 127 127
28371 0 126
28372 2 0
28373 0 127
28374 0 126
28375 126 127
28376 127 127
28377 0 127
28378 0 0
28379 0 1
28380 1 0
28381 126 127
28382 2 0
28383 1 0
28384 127 127
28385 0 126
28386 0 127
28387 2 0
28388 0 126
28389 1 0
28390 0 2
28391 126 127
28392 127 127
28393 0 1
28394 126 0
28395 126 127
28396 2 0
28397 0 127
28398 1 0
28399 2 0
28400 127 0
28401 126 0
28402 0 126
28403 0 0
28404 0 1
28405 0 0
28406 127 127
28407 127 0
28408 0 127
28409 126 0
28410 126 127
28411 127 0
28412 126 0
28413 3 0
28414 127 127
28415 126 127
28416 127 127
28417 0 1
28418 0 0
28419 0 1
28420 126 127
28421 127 0
28422 0 0
28423 0 126
28424 0 127
28425 126 0
28426 127 127
28427 127 0
28428 0 126
28429 2 0
28430 3 0
28431 126 127
28432 0 1
28433 127 127
28434 0 0
28435 2 0
28436 3 0
28437 2 0
28438 126 127
28439 0 1
28440 0 127
28441 126 0
28442 0 0
28443 127 127
28444 127 0
28445 3 0
28446 126 127
28447 0 1
28448 0 0
28449 0 1
28450 0 126
28451 0 0
28452 0 1
28453 127 127
28454 126 127
28455 2 0
28456 126 0
28457 127 0
28458 126 0
28459 127 127
28460 0 0
28461 126 127
28462 127 127
28463 3 0
28464 2 0
28465 127 0
28466 126 0
28467 0 127
28468 127 0
28469 126 127
28470 127 127
28471 126 127
28472 0 126
28473 0 127
28474 126 0
28475 3 0
28476 127 0
28477 127 127
28478 126 127
28479 0 1
28480 0 0
28481 0 126
28482 2 0
28483 126 0
28484 0 127
28485 3 0
28486 127 0
28487 0 1
28488 2 0
28489 0 0
28490 3 0
28491 126 0
28492 127 0
28493 127 127
28494 0 1
28495 0 126
28496 0 0
28497 126 127
28498 2 0
28499 3 0
28500 0 1
28501 2 0
28502 1 0
28503 2 0
28504 1 0
28505 126 0
28506 2 0
28507 0 0
28508 127 0
28509 0 127
28510 3 0
28511 0 126
28512 126 0
28513 0 1
28514 127 0
28515 126 0
28516 0 0
28517 127 0
28518 127 127
28519 0 1
28520 0 0
28521 126 127
28522 0 1
28523 126 0
28524 127 127
28525 2 0
28526 126 127
28527 127 0
28528 126 0
28529 127 127
28530 126 127
28531 0 127
28532 127 127
28533 127 0
28534 0 126
28535 0 127
28536 1 0
28537 0 2
28538 0 126
28539 126 0
28540 0 0
28541 1 0
28542 127 0
28543 0 1
28544 126 0
28545 2 0
28546 0 127
28547 126 127
28548 1 0
28549 0 126
28550 127 0
28551 126 0
28552 2 0
28553 0 127
28554 127 127
28555 0 0
28556 127 0
28557 126 0
28558 0 126
28559 3 0
28560 0 1
28561 2 0
28562 126 127
28563 127 0
28564 127 127
28565 0 127
28566 126 0
28567 126 127
28568 0 126
28569 0 127
28570 1 0
28571 127 0
28572 127 127
28573 0 126
28574 2 0
28575 126 0
28576 0 127
28577 1 0
28578 0 126
28579 0 127
28580 0 2
28581 0 0
28582 127 0
28583 126 0
28584 126 127
28585 0 126
28586 127 0
28587 0 127
28588 127 127
28589 0 126
28590 1 0
28591 0 1
28592 126 127
28593 0 127
28594 127 127
28595 126 127
28596 0 126
28597 0 2
28598 0 127
28599 0 0
28600 1 0
28601 0 126
28602 126 0
28603 0 0
28604 0 3
28605 0 1
28606 127 0
28607 0 127
28608 0 126
28609 0 4
28610 127 127
28611 126 0
28612 0 127
28613 126 127
28614 127 127
28615 0 3
28616 0 126
28617 0 0
28618 0 1
28619 0 127
28620 0 4
28621 0 3
28622 127 0
28623 0 126
28624 126 0
28625 0 0
28626 0 1
28627 127 0
28628 0 0
28629 0 2
28630 0 127
28631 126 0
28632 127 0
28633 0 126
28634 0 127
28635 0 3
28636 126 0
28637 127 0
28638 0 1
28639 126 0
28640 126 127
28641 127 127
28642 0 0
28643 0 1
28644 0 126
28645 127 0
28646 0 127
28647 0 4
28648 126 0
28649 0 3
28650 0 4
28651 0 3
28652 0 126
28653 0 127
28654 0 126
28655 0 0
28656 126 127
28657 127 127
28658 0 1
28659 126 127
28660 127 0
28661 0 127
28662 0 126
28663 127 127
28664 126 127
28665 127 127
28666 0 0
28667 0 127
28668 0 2
28669 126 127
28670 126 0
28671 127 127
28672 0 126
28673 1 0
28674 0 0
28675 1 0
28676 126 127
28677 0 0
28678 127 0
28679 127 127
28680 126 0
28681 0 127
28682 126 127
28683 0 126
28684 1 0
28685 127 127
28686 126 127
28687 127 127
28688 127 0
28689 126 127
28690 126 0
28691 0 1
28692 2 0
28693 0 127
28694 0 0
28695 0 1
28696 1 0
28697 127 127
28698 127 0
28699 2 0
28700 0 0
28701 126 0
28702 127 0
28703 126 0
28704 126 127
28705 0 126
28706 0 1
28707 127 127
28708 0 0
28709 3 0
28710 2 0
28711 0 1
28712 0 0
28713 0 127
28714 127 0
28715 126 127
28716 3 0
28717 0 1
28718 126 0
28719 2 0
28720 0 0
28721 0 1
28722 1 0
28723 127 127
28724 0 126
28725 126 127
28726 0 127
28727 127 0
28728 127 127
28729 0 2
28730 0 1
28731 0 126
28732 0 2
28733 126 0
28734 0 0
28735 0 127
28736 127 0
28737 126 127
28738 0 126
28739 1 0
28740 0 0
28741 0 3
28742 126 0
28743 0 2
28744 0 3
28745 0 127
28746 127 127
28747 0 1
28748 0 4
28749 127 0
28750 126 127
28751 0 3
28752 0 0
28753 0 2
28754 0 3
28755 127 127
28756 126 127
28757 0 2
28758 127 127
28759 126 0
28760 0 3
28761 0 2
28762 1 0
28763 0 0
28764 126 127
28765 1 0
28766 0 126
28767 0 127
28768 0 1
28769 127 127
28770 0 2
28771 0 126
28772 0 1
28773 0 2
28774 126 127
28775 127 127
28776 0 1
28777 126 127
28778 0 2
28779 127 127
28780 0 127
28781 0 126
28782 0 127
28783 127 0
28784 0 1
28785 126 0
28786 2 0
28787 127 0
28788 0 0
28789 126 0
28790 126 127
28791 127 127
28792 0 126
28793 0 127
28794 127 0
28795 126 0
28796 0 1
28797 127 0
28798 126 127
28799 126 0
28800 1 0
28801 127 127
28802 2 0
28803 1 0
28804 127 0
28805 126 127
28806 0 2
28807 0 126
28808 127 127
28809 0 0
28810 126 0
28811 127 0
28812 0 3
28813 126 127
28814 0 1
28815 127 127
28816 126 0
28817 126 127
28818 0 127
28819 0 0
28820 0 126
28821 0 2
28822 0 3
28823 127 0
28824 0 2
28825 126 0
28826 127 0
28827 1 0
28828 127 127
28829 126 0
28830 0 0
28831 126 127
28832 0 127
28833 0 3
28834 0 1
28835 0 0
28836 127 127
28837 0 1
28838 0 4
28839 0 0
28840 126 127
28841 127 0
28842 126 0
28843 0 126
28844 0 3
28845 0 127
28846 127 0
28847 127 127
28848 0 1
28849 126 0
28850 0 0
28851 0 1
28852 0 126
28853 0 4
28854 0 127
28855 127 0
28856 126 127
28857 0 0
28858 0 1
28859 127 127
28860 0 3
28861 126 0
28862 0 4
28863 127 0
28864 0 0
28865 0 3
28866 0 126
28867 126 127
28868 126 0
28869 0 1
28870 127 127
28871 0 0
28872 0 2
28873 0 3
28874 0 127
28875 0 126
28876 0 127
28877 126 127
28878 0 2
28879 127 0
28880 0 126
28881 126 0
28882 0 127
28883 127 0
28884 126 0
28885 0 3
28886 0 2
28887 0 3
28888 127 0
28889 0 2
28890 127 127
28891 126 127
28892 0 3
28893 126 0
28894 0 126
28895 127 0
28896 126 0
28897 127 0
28898 127 127
28899 0 127
28900 0 1
28901 0 4
28902 126 127
28903 127 127
28904 0 3
28905 126 0
28906 126 127
28907 127 0
28908 126 0
28909 0 0
28910 0 1
28911 0 126
28912 127 0
28913 0 0
28914 0 1
28915 126 0
28916 127 127
28917 0 0
28918 127 0
28919 126 127
28920 0 2
28921 0 3
28922 0 1
28923 127 127
28924 126 127
28925 0 4
28926 0 0
28927 127 127
28928 0 3
28929 0 1
28930 0 4
28931 0 127
28932 126 127
28933 126 0
28934 0 126
28935 0 3
28936 127 0
28937 0 0
28938 0 127
28939 0 1
28940 0 4
28941 0 0
28942 127 127
28943 0 126
28944 126 127
28945 0 1
28946 0 0
28947 127 127
28948 126 0
28949 0 1
28950 0 0
28951 0 127
28952 0 3
28953 126 127
28954 127 127
28955 127 0
28956 126 0
28957 0 126
28958 0 2
28959 1 0
28960 0 127
28961 0 1
28962 0 2
28963 0 1
28964 0 126
28965 0 127
28966 2 0
28967 0 126
28968 127 0
28969 126 127
28970 0 0
28971 0 1
28972 0 127
28973 1 0
28974 0 126
28975 2 0
28976 127 127
28977 0 0
28978 0 127
28979 126 127
28980 0 126
28981 127 127
28982 3 0
28983 2 0
28984 0 127
28985 3 0
28986 126 0
28987 2 0
28988 0 126
28989 3 0
28990 126 127
28991 127 127
28992 0 127
28993 0 1
28994 0 126
28995 0 0
28996 2 0
28997 127 0
28998 3 0
28999 0 127
29000 0 1
29001 126 0
29002 2 0
29003 0 0
29004 0 126
29005 0 127
29006 127 0
29007 126 0
29008 127 0
29009 126 0
29010 0 126
29011 126 127
29012 0 127
29013 3 0
29014 2 0
29015 3 0
29016 2 0
29017 0 1
29018 0 126
29019 0 127
29020 127 0
29021 1 0
29022 127 127
29023 126 127
29024 126 0
29025 0 126
29026 2 0
29027 0 127
29028 0 126
29029 0 127
29030 127 127
29031 126 127
29032 0 126
29033 0 127
29034 0 0
29035 3 0
29036 2 0
29037 0 1
29038 1 0
29039 127 0
29040 2 0
29041 0 126
29042 127 127
29043 0 127
29044 126 0
29045 0 0
29046 0 126
29047 126 127
29048 0 1
29049 1 0
29050 0 127
29051 0 126
29052 127 127
29053 0 127
29054 126 127
29055 127 0
29056 127 127
29057 126 0
29058 0 126
29059 0 2
29060 126 127
29061 0 1
29062 127 0
29063 0 2
29064 0 127
29065 127 127
29066 126 127
29067 127 127
29068 126 127
29069 0 0
29070 0 126
29071 0 127
29072 1 0
29073 0 0
29074 0 126
29075 0 127
29076 0 126
29077 1 0
29078 0 0
29079 0 3
29080 126 0
29081 0 1
29082 0 4
29083 0 0
29084 0 3
29085 127 0
29086 127 127
29087 0 2
29088 1 0
29089 0 1
29090 126 127
29091 0 2
29092 127 127
29093 126 0
29094 0 127
29095 126 127
29096 0 126
29097 127 0
29098 0 1
29099 0 2
29100 0 127
29101 127 127
29102 0 126
29103 126 127
29104 0 0
29105 127 127
29106 1 0
29107 126 0
29108 0 0
29109 127 0
29110 126 127
29111 0 127
29112 126 0
29113 0 3
29114 0 126
29115 0 1
29116 127 0
29117 127 127
29118 126 127
29119 0 4
29120 0 3
29121 0 127
29122 0 126
29123 0 127
29124 127 127
29125 0 4
29126 0 3
29127 0 0
29128 126 0
29129 0 2
29130 1 0
29131 0 126
29132 127 0
29133 0 1
29134 0 127
29135 126 0
29136 126 127
29137 127 0
29138 127 127
29139 0 126
29140 2 0
29141 0 127
29142 1 0
29143 0 2
29144 126 0
29145 127 0
29146 0 1
29147 0 126
29148 0 127
29149 2 0
29150 0 0
29151 126 127
29152 127 127
29153 0 126
29154 3 0
29155 0 1
29156 126 0
29157 127 0
29158 126 127
29159 127 127
29160 126 127
29161 0 127
29162 0 0
29163 127 127
29164 0 1
29165 0 126
29166 126 127
29167 126 0
29168 127 127
29169 127 0
29170 126 127
29171 2 0
29172 0 127
29173 0 126
29174 126 0
29175 0 0
29176 127 127
29177 3 0
29178 0 127
29179 126 127
29180 2 0
29181 127 0
29182 126 0
29183 3 0
29184 127 127
29185 0 1
29186 0 0
29187 2 0
29188 3 0
29189 0 1
29190 2 0
29191 1 0
29192 0 2
29193 126 127
29194 0 0
29195 1 0
29196 127 0
29197 127 127
29198 0 1
29199 0 126
29200 126 0
29201 0 2
29202 0 127
29203 0 0
29204 0 3
29205 127 0
29206 0 1
29207 0 0
29208 0 2
29209 1 0
29210 126 127
29211 0 126
29212 126 0
29213 0 1
29214 127 127
29215 126 127
29216 127 127
29217 0 2
29218 127 0
29219 126 127
29220 126 0
29221 0 127
29222 127 0
29223 127 127
29224 126 127
29225 0 0
29226 1 0
29227 126 0
29228 0 0
29229 127 127
29230 0 126
29231 1 0
29232 126 127
29233 0 1
29234 2 0
29235 0 127
29236 1 0
29237 0 126
29238 2 0
29239 127 127
29240 0 0
29241 0 1
29242 0 127
29243 126 127
29244 1 0
29245 2 0
29246 127 127
29247 1 0
29248 2 0
29249 0 126
29250 0 127
29251 127 0
29252 0 0
29253 0 126
29254 0 127
29255 3 0
29256 0 1
29257 0 126
29258 0 0
29259 2 0
29260 0 127
29261 126 127
29262 0 126
29263 126 0
29264 0 1
29265 127 127
29266 127 0
29267 1 0
29268 0 127
29269 2 0
29270 126 127
29271 126 0
29272 1 0
29273 0 126
29274 127 0
29275 126 0
29276 0 127
29277 0 126
29278 0 2
29279 127 0
29280 0 127
29281 127 127
29282 0 126
29283 126 127
29284 126 0
29285 127 0
29286 126 0
29287 0 127
29288 0 1
29289 127 127
29290 126 127
29291 0 126
29292 127 127
29293 127 0
29294 126 0
29295 127 0
29296 2 0
29297 1 0
29298 2 0
29299 1 0
29300 126 0
29301 127 0
29302 0 127
29303 126 127
29304 0 126
29305 2 0
29306 126 0
29307 0 0
29308 0 127
29309 0 126
29310 0 1
29311 1 0
29312 0 2
29313 0 0
29314 0 127
29315 1 0
29316 127 127
29317 0 126
29318 127 0
29319 126 0
29320 127 0
29321 126 0
29322 0 127
29323 127 0
29324 0 0
29325 126 127
29326 0 126
29327 0 127
29328 0 3
29329 0 1
29330 0 4
29331 126 0
29332 0 126
29333 0 127
29334 127 0
29335 0 0
29336 0 126
29337 0 127
29338 126 0
29339 127 127
29340 126 127
29341 127 127
29342 0 1
29343 0 0
29344 0 126
29345 0 3
29346 127 0
29347 126 0
29348 0 127
29349 0 2
29350 0 3
29351 0 1
29352 127 0
29353 126 0
29354 0 0
29355 126 127
29356 0 126
29357 0 1
29358 0 0
29359 127 0
29360 0 1
29361 127 127
29362 126 0
29363 0 127
29364 127 0
29365 0 4
29366 126 127
29367 0 3
29368 0 4
29369 0 3
29370 0 0
29371 0 2
29372 126 0
29373 0 3
29374 0 2
29375 127 127
29376 1 0
29377 0 1
29378 126 127
29379 0 2
29380 127 127
29381 126 127
29382 127 0
29383 126 0
29384 0 0
29385 127 0
29386 126 0
29387 1 0
29388 127 127
29389 0 1
29390 0 126
29391 127 0
29392 0 127
29393 126 127
29394 2 0
29395 126 0
29396 127 0
29397 0 126
29398 126 0
29399 0 0
29400 0 1
29401 0 127
29402 0 0
29403 127 127
29404 127 0
29405 126 127
29406 3 0
29407 126 0
29408 127 0
29409 2 0
29410 126 0
29411 0 126
29412 127 127
29413 3 0
29414 0 127
29415 0 126
29416 126 127
29417 0 1
29418 127 0
29419 126 0
29420 2 0
29421 1 0
29422 0 127
29423 127 0
29424 0 126
29425 0 2
29426 127 127
29427 0 0
29428 126 127
29429 126 0
29430 0 127
29431 0 3
29432 127 127
29433 127 0
29434 126 127
29435 0 2
29436 0 126
29437 0 3
29438 127 127
29439 0 1
29440 126 0
29441 126 127
29442 0 0
29443 0 127
29444 0 1
29445 0 126
29446 127 127
29447 127 0
29448 126 0
29449 126 127
29450 0 0
29451 0 1
29452 0 4
29453 127 127
29454 0 3
29455 0 127
29456 127 0
29457 126 127
29458 0 126
29459 0 4
29460 0 3
29461 0 127
29462 0 126
29463 127 127
29464 0 0
29465 126 127
29466 0 1
29467 0 127
29468 126 0
29469 127 0
29470 0 126
29471 127 127
29472 0 4
29473 0 127
29474 0 126
29475 0 127
29476 126 0
29477 126 127
29478 0 0
29479 127 0
29480 126 0
29481 0 126
29482 0 1
29483 127 0
29484 126 0
29485 0 0
29486 127 127
29487 0 127
29488 0 1
29489 126 127
29490 127 127
29491 127 0
29492 0 126
29493 126 127
29494 127 127
29495 126 0
29496 126 127
29497 127 127
29498 0 3
29499 126 127
29500 127 127
29501 126 127
29502 127 127
29503 0 4
29504 127 0
29505 126 0
29506 126 127
29507 0 0
29508 127 0
29509 0 3
29510 126 0
29511 127 0
29512 0 2
29513 126 0
29514 127 127
29515 1 0
29516 0 127
29517 127 0
29518 126 127
29519 126 0
29520 127 0
29521 0 126
29522 0 127
29523 127 127
29524 126 0
29525 126 127
29526 127 0
29527 0 0
29528 1 0
29529 0 126
29530 126 0
29531 0 0
29532 1 0
29533 0 127
29534 0 0
29535 0 126
29536 0 127
29537 127 0
29538 127 127
29539 0 3
29540 126 127
29541 127 127
29542 0 2
29543 126 127
29544 127 127
29545 126 127
29546 0 3
29547 0 126
29548 127 127
29549 0 127
29550 0 126
29551 126 0
29552 0 2
29553 127 0
29554 1 0
29555 126 127
29556 127 127
29557 126 0
29558 127 0
29559 0 0
29560 0 127
29561 1 0
29562 126 127
29563 0 126
29564 0 1
29565 0 2
29566 0 0
29567 0 127
29568 0 126
29569 0 127
29570 0 126
29571 0 127
29572 126 0
29573 0 126
29574 127 0
29575 1 0
29576 126 0
29577 0 127
29578 0 0
29579 127 0
29580 0 3
29581 127 127
29582 126 127
29583 126 0
29584 0 126
29585 127 0
29586 126 0
29587 0 127
29588 0 1
29589 127 0
29590 0 4
29591 0 0
29592 0 1
29593 0 0
29594 0 3
29595 127 127
29596 0 126
29597 126 0
29598 0 1
29599 0 0
29600 0 1
29601 0 4
29602 127 0
29603 0 0
29604 0 1
29605 0 3
29606 0 4
29607 0 3
29608 126 0
29609 0 4
29610 126 127
29611 0 3
29612 0 4
29613 0 0
29614 0 1
29615 0 0
29616 127 0
29617 126 0
29618 0 1
29619 127 127
29620 127 0
29621 126 0
29622 0 3
29623 0 0
29624 0 2
29625 1 0
29626 0 127
29627 0 1
29628 2 0
29629 127 0
29630 126 0
29631 0 0
29632 127 0
29633 3 0
29634 2 0
29635 126 0
29636 127 0
29637 0 1
29638 0 126
29639 0 0
29640 3 0
29641 126 0
29642 0 1
29643 0 127
29644 126 127
29645 0 126
29646 127 127
29647 127 0
29648 126 127
29649 0 0
29650 126 0
29651 0 1
29652 0 127
29653 127 127
29654 127 0
29655 2 0
29656 0 0
29657 126 127
29658 3 0
29659 0 126
29660 0 1
29661 127 127
29662 126 127
29663 0 0
29664 126 0
29665 0 1
29666 0 127
29667 2 0
29668 1 0
29669 0 2
29670 127 127
29671 0 1
29672 127 0
29673 0 2
29674 0 1
29675 126 0
29676 127 0
29677 126 0
29678 127 0
29679 0 126
29680 0 2
29681 0 1
29682 2 0
29683 126 127
29684 0 0
29685 126 0
29686 0 127
29687 127 0
29688 0 1
29689 1 0
29690 2 0
29691 126 0
29692 127 127
29693 0 0
29694 0 126
29695 126 127
29696 0 127
29697 0 1
29698 0 126
29699 0 127
29700 127 0
29701 127 127
29702 126 0
29703 127 0
29704 0 126
29705 126 127
29706 0 0
29707 0 1
29708 0 127
29709 0 0
29710 3 0
29711 0 126
29712 126 0
29713 2 0
29714 127 127
29715 127 0
29716 0 1
29717 126 0
29718 1 0
29719 127 0
29720 0 127
29721 0 126
29722 126 127
29723 126 0
29724 0 127
29725 127 0
29726 0 2
29727 126 0
29728 0 126
29729 0 127
29730 0 0
29731 0 126
29732 0 3
29733 0 1
29734 0 127
29735 0 0
29736 0 2
29737 0 3
29738 0 126
29739 0 127
29740 0 2
29741 127 127
29742 126 127
29743 0 3
29744 0 126
29745 127 127
29746 126 127
29747 127 0
29748 126 0
29749 127 127
29750 0 2
29751 1 0
29752 0 1
29753 2 0
29754 127 0
29755 126 127
29756 127 127
29757 0 127
29758 0 0
29759 3 0
29760 2 0
29761 3 0
29762 126 0
29763 2 0
29764 0 126
29765 3 0
29766 0 1
29767 0 0
29768 127 0
29769 126 127
29770 0 127
29771 126 0
29772 0 1
29773 2 0
29774 0 126
29775 1 0
29776 0 127
29777 0 126
29778 2 0
29779 127 127
29780 127 0
29781 0 127
29782 1 0
29783 0 126
29784 0 2
29785 126 0
29786 0 0
29787 0 127
29788 126 127
29789 1 0
29790 127 127
29791 126 127
29792 127 127
29793 127 0
29794 0 126
29795 126 127
29796 0 127
29797 0 0
29798 0 3
29799 126 0
29800 127 127
29801 126 127
29802 0 126
29803 127 127
29804 126 127
29805 0 127
29806 127 0
29807 126 0
29808 0 2
29809 1 0
29810 127 127
29811 126 127
29812 127 127
29813 126 127
29814 0 126
29815 127 127
29816 127 0
29817 0 1
29818 2 0
29819 1 0
29820 126 127
29821 0 2
29822 126 0
29823 0 1
29824 0 127
29825 0 126
29826 0 127
29827 2 0
29828 0 0
29829 0 126
29830 3 0
29831 127 127
29832 0 1
29833 127 0
29834 126 127
29835 2 0
29836 126 0
29837 127 127
29838 126 127
29839 1 0
29840 2 0
29841 0 0
29842 127 0
29843 0 1
29844 0 0
29845 3 0
29846 0 1
29847 127 127
29848 126 127
29849 127 127
29850 0 127
29851 0 0
29852 126 127
29853 127 127
29854 0 126
29855 0 1
29856 0 127
29857 126 127
29858 0 0
29859 2 0
29860 3 0
29861 2 0
29862 3 0
29863 0 126
29864 126 0
29865 127 0
29866 126 0
29867 127 127
29868 0 1
29869 0 127
29870 0 126
29871 0 0
29872 2 0
29873 3 0
29874 127 0
29875 0 1
29876 2 0
29877 126 0
29878 1 0
29879 0 127
29880 126 127
29881 2 0
29882 0 126
29883 127 127
29884 0 127
29885 0 126
29886 0 0
29887 127 0
29888 126 0
29889 127 0
29890 0 1
29891 126 127
29892 127 127
29893 0 0
29894 0 1
29895 1 0
29896 126 0
29897 0 2
29898 0 0
29899 1 0
29900 0 1
29901 127 0
29902 0 2
29903 0 0
29904 1 0
29905 0 0
29906 126 127
29907 0 3
29908 127 127
29909 0 127
29910 0 2
29911 126 127
29912 1 0
29913 0 1
29914 0 2
29915 126 0
29916 0 126
29917 127 0
29918 126 0
29919 127 0
29920 0 0
29921 1 0
29922 126 0
29923 127 0
29924 127 127
29925 126 127
29926 126 0
29927 0 1
29928 0 2
29929 127 0
29930 127 127
29931 0 0
29932 126 0
29933 0 3
29934 0 1
29935 0 0
29936 126 127
29937 0 2
29938 127 127
29939 0 3
29940 0 1
29941 0 127
29942 0 0
29943 0 126
29944 127 0
29945 126 0
29946 0 2
29947 127 0
29948 126 0
29949 126 127
29950 127 0
29951 126 0
29952 127 0
29953 1 0
29954 0 127
29955 0 126
29956 0 1
29957 127 127
29958 0 127
29959 126 0
29960 2 0
29961 126 127
29962 0 0
29963 127 127
29964 127 0
29965 0 1
29966 0 0
29967 126 127
29968 0 126
29969 3 0
29970 0 127
29971 0 1
29972 0 0
29973 0 1
29974 126 0
29975 2 0
29976 127 127
29977 127 0
29978 0 126
29979 126 127
29980 1 0
29981 0 127
29982 0 126
29983 2 0
29984 0 127
29985 126 0
29986 127 0
29987 127 127
29988 1 0
29989 0 126
29990 0 127
29991 0 126
29992 0 127
29993 0 126
29994 126 127
29995 0 2
29996 126 0
29997 0 1
29998 127 127
29999 0 127
30000 0 2
30001 0 0
30002 0 3
30003 127 0
30004 126 0
30005 0 126
30006 0 1
30007 0 127
30008 0 4
30009 0 3
30010 0 0
30011 126 127
30012 0 2
30013 0 3
30014 0 126
30015 127 127
30016 0 1
30017 0 127
30018 0 0
30019 127 0
30020 0 1
30021 0 0
30022 0 1
30023 0 4
30024 126 127
30025 0 0
30026 127 127
30027 126 127
30028 126 0
30029 0 1
30030 127 127
30031 126 127
30032 0 126
30033 0 3
30034 127 0
30035 0 0
30036 0 127
30037 126 0
30038 0 126
30039 0 1
30040 0 127
30041 0 4
30042 0 0
30043 0 126
30044 0 3
30045 0 2
30046 127 127
30047 0 127
30048 1 0
30049 0 0
30050 0 3
30051 127 0
30052 126 127
30053 127 127
30054 126 0
30055 126 127
30056 127 0
30057 126 0
30058 0 1
30059 127 127
30060 126 127
30061 0 0
30062 0 2
30063 0 126
30064 0 127
30065 0 126
30066 127 127
30067 126 127
30068 127 0
30069 126 0
30070 1 0
30071 127 127
30072 0 1
30073 0 2
30074 0 1
30075 127 0
30076 126 0
30077 126 127
30078 127 127
30079 127 0
30080 0 2
30081 126 0
30082 0 1
30083 126 127
30084 0 2
30085 0 0
30086 0 127
30087 0 3
30088 0 126
30089 127 127
30090 0 1
30091 0 127
30092 0 126
30093 0 4
30094 126 127
30095 0 3
30096 127 127
30097 0 0
30098 0 1
30099 0 0
30100 127 0
30101 0 127
30102 0 126
30103 126 0
30104 0 1
30105 0 127
30106 127 0
30107 126 0
30108 0 0
30109 0 1
30110 0 0
30111 0 2
30112 0 3
30113 126 127
30114 0 1
30115 0 0
30116 0 126
30117 0 1
30118 0 0
30119 0 127
30120 127 0
30121 127 127
30122 0 1
30123 0 126
30124 126 127
30125 0 127
30126 127 127
30127 126 0
30128 0 0
30129 126 127
30130 0 2
30131 0 126
30132 1 0
30133 0 127
30134 0 126
30135 127 0
30136 0 127
30137 0 0
30138 0 126
30139 0 127
30140 127 127
30141 126 0
30142 127 0
30143 1 0
30144 0 126
30145 0 127
30146 126 0
30147 0 126
30148 0 127
30149 127 0
30150 0 1
30151 0 126
30152 0 2
30153 0 127
30154 0 126
30155 0 1
30156 0 127
30157 0 126
30158 126 127
30159 0 127
30160 127 127
30161 126 127
30162 126 0
30163 0 2
30164 127 127
30165 127 0
30166 0 126
30167 0 127
30168 126 127
30169 0 0
30170 126 0
30171 0 3
30172 0 2
30173 0 3
30174 0 1
30175 0 126
30176 0 127
30177 127 127
30178 0 4
30179 0 126
30180 127 0
30181 126 0
30182 0 127
30183 126 127
30184 0 0
30185 0 3
30186 0 2
30187 0 126
30188 127 127
30189 0 3
30190 126 127
30191 0 1
30192 127 127
30193 126 127
30194 0 127
30195 0 0
30196 127 0
30197 0 1
30198 0 126
30199 0 0
30200 0 2
30201 126 0
30202 127 0
30203 0 127
30204 0 3
30205 0 126
30206 0 127
30207 0 2
30208 0 3
30209 126 0
30210 127 0
30211 0 126
30212 127 127
30213 0 127
30214 0 1
30215 0 4
30216 0 3
30217 126 127
30218 0 126
30219 126 0
30220 0 127
30221 0 0
30222 0 1
30223 0 4
30224 0 126
30225 0 127
30226 127 127
30227 0 0
30228 126 127
30229 0 3
30230 0 1
30231 0 126
30232 0 0
30233 0 1
30234 127 0
30235 127 127
30236 0 127
30237 0 4
30238 0 0
30239 126 0
30240 0 3
30241 0 1
30242 0 126
30243 127 0
30244 0 4
30245 0 3
30246 0 127
30247 0 4
30248 0 0
30249 0 126
30250 0 3
30251 0 127
30252 126 127
30253 0 2
30254 0 126
30255 127 127
30256 0 3
30257 0 1
30258 0 0
30259 126 127
30260 0 2
30261 0 3
30262 127 127
30263 126 127
30264 127 127
30265 0 1
30266 126 0
30267 0 4
30268 0 3
30269 0 127
30270 127 0
30271 126 0
30272 0 126
30273 0 127
30274 0 126
30275 0 0
30276 0 127
30277 127 0
30278 0 2
30279 1 0
30280 126 127
30281 126 0
30282 0 0
30283 127 0
30284 1 0
30285 126 0
30286 127 0
30287 127 127
30288 126 0
30289 0 1
30290 2 0
30291 1 0
30292 0 126
30293 2 0
30294 0 127
30295 127 0
30296 126 127
30297 126 0
30298 0 126
30299 1 0
30300 0 2
30301 127 0
30302 127 127
30303 126 0
30304 126 127
30305 0 0
30306 1 0
30307 0 1
30308 0 2
30309 0 0
30310 127 127
30311 1 0
30312 0 0
30313 0 127
30314 0 126
30315 1 0
30316 127 0
30317 0 1
30318 0 127
30319 0 2
30320 0 0
30321 126 127
30322 0 126
30323 1 0
30324 127 127
30325 0 0
30326 0 3
30327 0 1
30328 0 4
30329 126 0
30330 0 3
30331 0 4
30332 0 127
30333 126 127
30334 127 127
30335 0 3
30336 127 0
30337 0 0
30338 0 126
30339 0 127
30340 0 126
30341 0 2
30342 0 3
30343 126 0
30344 0 1
30345 0 127
30346 0 0
30347 126 127
30348 127 127
30349 127 0
30350 126 0
30351 126 127
30352 0 2
30353 1 0
30354 0 0
30355 0 3
30356 127 0
30357 126 0
30358 0 2
30359 0 3
30360 0 2
30361 0 126
30362 127 127
30363 1 0
30364 0 127
30365 127 0
30366 126 0
30367 126 127
30368 127 127
30369 126 127
30370 127 127
30371 0 126
30372 0 0
30373 127 0
30374 126 0
30375 126 127
30376 127 0
30377 1 0
30378 127 127
30379 126 0
30380 0 0
30381 0 127
30382 1 0
30383 0 1
30384 0 126
30385 0 127
30386 126 127
30387 0 126
30388 0 127
30389 0 2
30390 0 126
30391 0 1
30392 127 0
30393 126 0
30394 127 0
30395 2 0
30396 0 127
30397 0 0
30398 3 0
30399 0 1
30400 2 0
30401 127 127
30402 126 0
30403 127 0
30404 0 126
30405 126 0
30406 126 127
30407 127 127
30408 126 127
30409 127 127
30410 0 127
30411 127 0
30412 0 0
30413 0 1
30414 0 126
30415 0 0
30416 126 127
30417 0 127
30418 0 126
30419 127 127
30420 0 127
30421 0 1
30422 126 127
30423 127 127
30424 0 126
30425 126 0
30426 127 0
30427 1 0
30428 126 0
30429 0 127
30430 127 0
30431 2 0
30432 0 126
30433 0 127
30434 1 0
30435 126 127
30436 2 0
30437 126 0
30438 1 0
30439 127 127
30440 126 127
30441 0 126
30442 2 0
30443 127 127
30444 0 127
30445 126 127
30446 127 0
30447 126 0
30448 127 127
30449 0 126
30450 126 127
30451 127 127
30452 0 127
30453 0 0
30454 0 126
30455 3 0
30456 0 127
30457 2 0
30458 127 0
30459 126 0
30460 127 0
30461 3 0
30462 126 0
30463 2 0
30464 126 127
30465 127 127
30466 3 0
30467 127 0
30468 126 127
30469 126 0
30470 0 1
30471 0 126
30472 0 127
30473 0 126
30474 127 0
30475 126 0
30476 0 0
30477 0 1
30478 127 127
30479 2 0
30480 126 127
30481 1 0
30482 127 0
30483 0 2
30484 0 1
30485 127 127
30486 126 127
30487 2 0
30488 1 0
30489 126 0
30490 0 127
30491 2 0
30492 1 0
30493 0 2
30494 0 0
30495 1 0
30496 0 1
30497 127 0
30498 0 2
30499 0 126
30500 0 1
30501 126 0
30502 127 127
30503 2 0
30504 0 127
30505 127 0
30506 0 0
30507 0 126
30508 0 1
30509 126 127
30510 0 0
30511 0 127
30512 0 126
30513 3 0
30514 127 127
30515 126 127
30516 0 127
30517 0 126
30518 127 127
30519 0 127
30520 126 127
30521 0 126
30522 2 0
30523 0 1
30524 1 0
30525 0 127
30526 2 0
30527 0 0
30528 3 0
30529 2 0
30530 0 1
30531 126 0
30532 127 127
30533 126 127
30534 0 0
30535 127 127
30536 3 0
30537 2 0
30538 3 0
30539 0 126
30540 0 127
30541 127 0
30542 126 127
30543 0 126
30544 127 127
30545 0 1
30546 0 0
30547 126 127
30548 126 0
30549 0 127
30550 127 0
30551 127 127
30552 126 0
30553 127 0
30554 126 0
30555 0 1
30556 2 0
30557 127 0
30558 0 0
30559 3 0
30560 126 127
30561 2 0
30562 0 1
30563 0 0
30564 126 0
30565 127 0
30566 0 126
30567 126 0
30568 127 127
30569 126 127
30570 127 0
30571 0 1
30572 0 0
30573 3 0
30574 0 127
30575 0 126
30576 2 0
30577 126 0
30578 127 0
30579 126 0
30580 0 1
30581 0 0
30582 0 1
30583 127 0
30584 1 0
30585 0 2
30586 0 0
30587 1 0
30588 0 0
30589 126 0
30590 127 127
30591 1 0
30592 127 0
30593 126 0
30594 127 0
30595 126 0
30596 0 1
30597 126 127
30598 2 0
30599 0 127
30600 1 0
30601 127 0
30602 127 127
30603 126 127
30604 126 0
30605 127 127
30606 0 126
30607 2 0
30608 127 0
30609 0 127
30610 0 126
30611 126 127
30612 0 0
30613 126 0
30614 0 127
30615 0 126
30616 0 127
30617 127 127
30618 0 1
30619 126 127
30620 127 0
30621 0 0
30622 126 0
30623 127 127
30624 3 0
30625 126 127
30626 127 127
30627 126 127
30628 127 0
30629 0 126
30630 0 1
30631 0 0
30632 0 127
30633 126 0
30634 2 0
30635 127 127
30636 3 0
30637 2 0
30638 0 126
30639 3 0
30640 127 0
30641 2 0
30642 126 127
30643 0 1
30644 0 0
30645 126 0
30646 127 0
30647 127 127
30648 0 1
30649 1 0
30650 2 0
30651 126 0
30652 127 0
30653 0 0
30654 126 127
30655 127 127
30656 3 0
30657 126 0
30658 126 127
30659 0 127
30660 127 127
30661 0 126
30662 126 127
30663 2 0
30664 0 127
30665 127 127
30666 127 0
30667 0 1
30668 0 126
30669 126 127
30670 126 0
30671 1 0
30672 0 127
30673 0 126
30674 0 127
30675 0 126
30676 0 127
30677 127 127
30678 127 0
30679 2 0
30680 126 0
30681 1 0
30682 0 2
30683 126 127
30684 0 126
30685 0 0
30686 0 3
30687 0 127
30688 127 127
30689 126 127
30690 0 1
30691 0 0
30692 0 2
30693 0 3
30694 0 2
30695 0 126
30696 1 0
30697 0 127
30698 0 126
30699 0 1
30700 0 127
30701 0 126
30702 0 2
30703 0 1
30704 127 127
30705 0 127
30706 0 2
30707 126 127
30708 0 0
30709 1 0
30710 127 127
30711 0 0
30712 1 0
30713 126 127
30714 127 127
30715 0 0
30716 0 3
30717 127 0
30718 0 2
30719 126 127
30720 1 0
30721 0 0
30722 126 0
30723 127 0
30724 1 0
30725 127 127
30726 126 0
30727 126 127
30728 0 0
30729 1 0
30730 127 127
30731 0 0
30732 0 3
30733 0 2
30734 1 0
30735 127 0
30736 0 0
30737 126 0
30738 126 127
30739 0 126
30740 0 127
30741 127 127
30742 127 0
30743 126 0
30744 0 3
30745 0 126
30746 0 1
30747 126 127
30748 0 4
30749 127 0
30750 0 3
30751 0 0
30752 127 127
30753 126 0
30754 127 0
30755 0 127
30756 0 126
30757 0 2
30758 1 0
30759 126 127
30760 0 0
30761 1 0
30762 0 0
30763 126 0
30764 127 127
30765 0 127
30766 1 0
30767 0 1
30768 127 0
30769 2 0
30770 1 0
30771 0 2
30772 126 127
30773 0 126
30774 0 127
30775 0 0
30776 127 127
30777 1 0
30778 0 1
30779 126 0
30780 0 2
30781 0 126
30782 0 0
30783 0 3
30784 127 0
30785 0 1
30786 0 4
30787 0 127
30788 0 126
30789 126 0
30790 0 3
30791 0 4
30792 126 127
30793 127 0
30794 0 0
30795 0 3
30796 127 127
30797 0 127
30798 0 126
30799 126 0
30800 0 1
30801 126 127
30802 0 127
30803 127 0
30804 126 0
30805 127 0
30806 0 4
30807 0 3
30808 0 0
30809 0 1
30810 127 127
30811 126 127
30812 0 126
30813 0 127
30814 0 4
30815 0 126
30816 0 3
30817 127 127
30818 126 127
30819 127 127
30820 126 127
30821 0 0
30822 126 0
30823 0 2
30824 127 0
30825 1 0
30826 0 1
30827 2 0
30828 0 127
30829 0 126
30830 0 127
30831 0 126
30832 126 0
30833 127 0
30834 126 0
30835 127 0
30836 127 127
30837 126 127
30838 127 127
30839 1 0
30840 126 127
30841 0 127
30842 127 127
30843 0 2
30844 0 1
30845 126 0
30846 2 0
30847 126 127
30848 127 0
30849 1 0
30850 0 2
30851 0 1
30852 0 2
30853 0 0
30854 126 0
30855 0 3
30856 127 127
30857 127 0
30858 126 127
30859 0 126
30860 0 2
30861 126 0
30862 127 127
30863 127 0
30864 0 127
30865 126 0
30866 127 0
30867 0 3
30868 126 127
30869 0 1
30870 126 0
30871 127 127
30872 0 0
30873 0 2
30874 126 127
30875 0 126
30876 1 0
30877 0 127
30878 127 0
30879 0 1
30880 126 0
30881 127 127
30882 2 0
30883 127 0
30884 126 127
30885 127 127
30886 126 0
30887 127 0
30888 0 0
30889 126 0
30890 127 0
30891 126 0
30892 0 126
30893 126 127
30894 0 1
30895 0 0
30896 127 127
30897 0 127
30898 3 0
30899 0 1
30900 127 0
30901 2 0
30902 126 127
30903 1 0
30904 2 0
30905 127 127
30906 1 0
30907 0 126
30908 2 0
30909 126 0
30910 126 127
30911 0 0
30912 0 1
30913 0 127
30914 1 0
30915 0 126
30916 127 0
30917 126 0
30918 2 0
30919 0 127
30920 127 0
30921 0 0
30922 0 126
30923 0 127
30924 127 127
30925 126 0
30926 126 127
30927 127 0
30928 0 1
30929 127 127
30930 126 127
30931 127 127
30932 126 0
30933 1 0
30934 2 0
30935 126 127
30936 127 127
30937 1 0
30938 0 126
30939 0 127
30940 127 0
30941 0 126
30942 126 0
30943 127 0
30944 0 2
30945 126 127
30946 0 1
30947 2 0
30948 1 0
30949 2 0
30950 1 0
30951 127 127
30952 0 127
30953 0 126
30954 0 127
30955 0 126
30956 2 0
30957 126 127
30958 1 0
30959 126 0
30960 127 127
30961 0 2
30962 0 127
30963 0 126
30964 0 0
30965 1 0
30966 127 0
30967 0 1
30968 0 2
30969 126 127
30970 0 127
30971 0 126
30972 127 127
30973 0 127
30974 0 126
30975 0 0
30976 126 0
30977 1 0
30978 126 127
30979 0 0
30980 0 3
30981 0 1
30982 0 0
30983 127 0
30984 126 0
30985 0 127
30986 0 2
30987 0 3
30988 127 0
30989 127 127
30990 0 1
30991 126 0
30992 127 0
30993 0 126
30994 0 0
30995 0 127
30996 0 1
30997 0 4
30998 126 0
30999 127 0
31000 126 0
31001 0 126
31002 0 127
31003 0 0
31004 0 1
31005 127 0
31006 0 126
31007 0 0
31008 126 0
31009 127 0
31010 0 3
31011 126 0
31012 0 2
31013 126 127
31014 1 0
31015 127 127
31016 126 127
31017 0 1
31018 2 0
31019 0 0
31020 127 0
31021 126 0
31022 0 127
31023 0 1
31024 0 0
31025 3 0
31026 127 0
31027 2 0
31028 0 1
31029 0 126
31030 1 0
31031 127 127
31032 2 0
31033 0 0
31034 0 127
31035 126 0
31036 3 0
31037 2 0
31038 3 0
31039 0 1
31040 0 126
31041 127 0
31042 126 0
31043 127 0
31044 0 127
31045 126 127
31046 0 0
31047 0 126
31048 126 0
31049 127 0
31050 2 0
31051 3 0
31052 126 0
31053 0 127
31054 127 127
31055 0 1
31056 127 0
31057 126 0
31058 0 126
31059 127 0
31060 2 0
31061 126 127
31062 1 0
31063 0 2
31064 126 0
31065 0 1
31066 2 0
31067 1 0
31068 127 0
31069 2 0
31070 0 0
31071 126 0
31072 0 1
31073 1 0
31074 2 0
31075 1 0
31076 127 127
31077 2 0
31078 127 0
31079 0 0
31080 126 127
31081 127 127
31082 126 0
31083 3 0
31084 127 0
31085 126 127
31086 0 127
31087 0 1
31088 0 0
31089 2 0
31090 0 126
31091 0 127
31092 3 0
31093 127 127
31094 0 126
31095 0 1
31096 126 127
31097 0 127
31098 2 0
31099 0 0
31100 3 0
31101 0 1
31102 126 0
31103 127 127
31104 0 126
31105 127 0
31106 2 0
31107 0 0
31108 0 1
31109 1 0
31110 0 127
31111 126 0
31112 0 2
31113 0 1
31114 0 126
31115 2 0
31116 0 0
31117 127 0
31118 126 0
31119 0 127
31120 126 127
31121 127 0
31122 3 0
31123 126 0
31124 2 0
31125 3 0
31126 0 126
31127 2 0
31128 0 1
31129 0 0
31130 127 127
31131 127 0
31132 0 127
31133 126 0
31134 0 126
31135 126 127
31136 0 1
31137 0 127
31138 1 0
31139 2 0
31140 0 126
31141 127 127
31142 127 0
31143 126 127
31144 127 127
31145 1 0
31146 126 0
31147 126 127
31148 127 127
31149 2 0
31150 126 127
31151 127 0
31152 1 0
31153 127 127
31154 0 127
31155 0 2
31156 126 127
31157 0 1
31158 2 0
31159 126 0
31160 0 0
31161 127 127
31162 0 126
31163 126 127
31164 0 127
31165 0 1
31166 127 0
31167 1 0
31168 126 0
31169 127 0
31170 2 0
31171 126 0
31172 1 0
31173 127 0
31174 0 2
31175 0 1
31176 126 0
31177 0 126
31178 0 2
31179 0 1
31180 0 2
31181 127 0
31182 127 127
31183 0 127
31184 0 1
31185 126 127
31186 127 127
31187 126 0
31188 127 0
31189 0 2
31190 0 126
31191 126 0
31192 126 127
31193 127 127
31194 127 0
31195 0 127
31196 0 126
31197 0 0
31198 0 127
31199 0 126
31200 0 127
31201 0 126
31202 0 127
31203 0 126
31204 0 127
31205 126 0
31206 127 0
31207 0 126
31208 0 127
31209 0 126
31210 126 0
31211 0 127
31212 0 126
31213 127 0
31214 0 127
31215 126 0
31216 126 127
31217 0 126
31218 1 0
31219 127 127
31220 0 0
31221 0 127
31222 0 3
31223 0 1
31224 127 0
31225 126 0
31226 0 126
31227 0 127
31228 127 0
31229 126 127
31230 0 126
31231 126 0
31232 127 0
31233 0 4
31234 127 127
31235 126 127
31236 0 3
31237 0 4
31238 0 127
31239 126 0
31240 0 0
31241 127 127
31242 126 127
31243 0 126
31244 127 127
31245 127 0
31246 0 127
31247 0 1
31248 0 0
31249 0 126
31250 0 127
31251 126 0
31252 126 127
31253 0 1
31254 0 0
31255 127 127
31256 127 0
31257 126 127
31258 126 0
31259 127 127
31260 126 127
31261 0 3
31262 127 127
31263 0 2
31264 0 3
31265 126 127
31266 0 1
31267 0 126
31268 0 4
31269 127 127
31270 0 127
31271 126 127
31272 127 127
31273 0 0
31274 126 127
31275 127 127
31276 0 1
31277 0 3
31278 0 126
31279 0 0
31280 0 127
31281 0 126
31282 0 127
31283 0 126
31284 126 127
31285 0 127
31286 127 127
31287 127 0
31288 0 1
31289 126 127
31290 0 4
31291 0 3
31292 0 0
31293 0 2
31294 126 0
31295 0 126
31296 127 0
31297 127 127
31298 126 0
31299 1 0
31300 0 1
31301 0 127
31302 0 126
31303 127 0
31304 126 127
31305 126 0
31306 127 0
31307 126 0
31308 127 127
31309 127 0
31310 2 0
31311 126 127
31312 0 0
31313 0 1
31314 127 127
31315 126 0
31316 126 127
31317 1 0
31318 127 127
31319 0 127
31320 127 0
31321 0 126
31322 126 0
31323 2 0
31324 127 0
31325 0 0
31326 126 0
31327 127 0
31328 126 127
31329 0 127
31330 0 1
31331 0 0
31332 0 126
31333 0 1
31334 0 127
31335 0 0
31336 127 127
31337 126 0
31338 3 0
31339 0 1
31340 0 126
31341 0 0
31342 126 127
31343 2 0
31344 3 0
31345 0 127
31346 2 0
31347 3 0
31348 2 0
31349 127 0
31350 0 1
31351 127 127
31352 1 0
31353 2 0
31354 126 0
31355 0 126
31356 126 127
31357 127 0
31358 127 127
31359 126 127
31360 1 0
31361 0 2
31362 0 0
31363 126 0
31364 1 0
31365 0 127
31366 0 126
31367 0 1
31368 0 2
31369 0 1
31370 0 2
31371 0 1
31372 2 0
31373 127 0
31374 127 127
31375 0 127
31376 126 0
31377 0 0
31378 0 126
31379 0 1
31380 0 0
31381 0 127
31382 0 126
31383 126 127
31384 127 0
31385 126 0
31386 3 0
31387 127 127
31388 0 1
31389 127 0
31390 0 0
31391 0 127
31392 2 0
31393 126 127
31394 127 127
31395 0 126
31396 3 0
31397 0 127
31398 2 0
31399 126 127
31400 126 0
31401 3 0
31402 0 1
31403 0 0
31404 127 0
31405 126 0
31406 127 0
31407 127 127
31408 126 0
31409 127 0
31410 0 1
31411 126 127
31412 0 126
31413 127 127
31414 0 0
31415 0 127
31416 126 127
31417 126 0
31418 127 127
31419 126 127
31420 127 127
31421 126 127
31422 127 127
31423 0 1
31424 2 0
31425 0 0
31426 127 0
31427 0 1
31428 0 126
31429 126 0
31430 126 127
31431 0 0
31432 127 127
31433 0 127
31434 127 0
31435 126 127
31436 127 127
31437 0 126
31438 0 127
31439 0 1
31440 0 0
31441 0 1
31442 0 126
31443 0 127
31444 0 0
31445 0 126
31446 126 127
31447 0 127
31448 0 126
31449 0 127
31450 3 0
31451 126 0
31452 0 1
31453 0 126
31454 0 0
31455 127 127
31456 127 0
31457 126 127
31458 2 0
31459 0 127
31460 0 1
31461 1 0
31462 2 0
31463 1 0
31464 0 126
31465 126 0
31466 127 0
31467 126 0
31468 0 2
31469 0 127
31470 127 0
31471 126 0
31472 127 0
31473 0 0
31474 0 3
31475 0 2
31476 1 0
31477 0 1
31478 126 0
31479 127 127
31480 0 126
31481 2 0
31482 1 0
31483 127 0
31484 126 0
31485 0 2
31486 0 127
31487 0 126
31488 126 127
31489 0 1
31490 127 127
31491 2 0
31492 0 0
31493 127 0
31494 126 0
31495 0 1
31496 1 0
31497 0 127
31498 2 0
31499 126 127
31500 127 127
31501 0 126
31502 0 0
31503 127 0
31504 0 127
31505 126 0
31506 0 1
31507 1 0
31508 0 2
31509 126 127
31510 0 126
31511 0 127
31512 0 0
31513 127 0
31514 0 3
31515 127 127
31516 0 2
31517 0 3
31518 126 127
31519 0 126
31520 0 127
31521 0 1
31522 127 127
31523 126 127
31524 127 127
31525 0 126
31526 0 4
31527 126 127
31528 0 3
31529 0 0
31530 126 0
31531 127 0
31532 127 127
31533 0 2
31534 126 0
31535 1 0
31536 0 0
31537 1 0
31538 0 0
31539 126 127
31540 127 0
31541 0 127
31542 126 0
31543 127 127
31544 127 0
31545 126 0
31546 0 3
31547 0 1
31548 0 0
31549 127 0
31550 0 2
31551 1 0
31552 126 127
31553 0 0
31554 0 126
31555 126 0
31556 0 127
31557 127 0
31558 126 0
31559 0 3
31560 127 127
31561 0 1
31562 126 127
31563 127 0
31564 127 127
31565 126 127
31566 0 126
31567 127 127
31568 126 127
31569 0 127
31570 0 0
31571 126 0
31572 0 1
31573 0 126
31574 0 0
31575 127 127
31576 0 2
31577 0 3
31578 127 0
31579 126 0
31580 127 0
31581 126 127
31582 0 2
31583 1 0
31584 127 127
31585 0 1
31586 2 0
31587 1 0
31588 2 0
31589 126 0
31590 1 0
31591 0 2
31592 0 0
31593 127 0
31594 0 127
31595 126 127
31596 0 3
31597 0 126
31598 0 2
31599 127 127
31600 0 127
31601 126 0
31602 126 127
31603 127 0
31604 127 127
31605 126 127
31606 0 126
31607 126 0
31608 0 3
31609 127 127
31610 0 2
31611 126 127
31612 1 0
31613 127 127
31614 126 127
31615 0 0
31616 1 0
31617 0 127
31618 0 126
31619 127 127
31620 0 1
31621 2 0
31622 127 0
31623 126 127
31624 126 0
31625 127 127
31626 1 0
31627 2 0
31628 126 127
31629 127 127
31630 0 127
31631 126 127
31632 1 0
31633 127 127
31634 2 0
31635 127 0
31636 126 127
31637 126 0
31638 127 127
31639 126 127
31640 0 126
31641 0 127
31642 127 0
31643 0 0
31644 0 1
31645 0 0
31646 127 127
31647 126 0
31648 0 1
31649 126 127
31650 127 127
31651 127 0
31652 126 127
31653 0 126
31654 0 0
31655 0 127
31656 3 0
31657 0 1
31658 126 0
31659 127 0
31660 2 0
31661 0 0
31662 0 1
31663 126 0
31664 127 127
31665 1 0
31666 0 126
31667 2 0
31668 0 0
31669 3 0
31670 2 0
31671 0 1
31672 0 0
31673 127 0
31674 126 127
31675 0 127
31676 127 127
31677 126 127
31678 126 0
31679 127 0
31680 3 0
31681 127 127
31682 2 0
31683 126 127
31684 127 127
31685 3 0
31686 126 127
31687 2 0
31688 3 0
31689 127 127
31690 0 1
31691 126 0
31692 0 0
31693 0 1
31694 0 0
31695 0 1
31696 2 0
31697 1 0
31698 0 2
31699 127 0
31700 126 127
31701 0 126
31702 0 1
31703 2 0
31704 0 0
31705 0 1
31706 0 0
31707 127 127
31708 3 0
31709 126 0
31710 126 127
31711 127 127
31712 0 127
31713 0 126
31714 126 127
31715 0 1
31716 127 127
31717 2 0
31718 126 127
31719 0 127
31720 1 0
31721 0 2
31722 0 0
31723 0 3
31724 0 1
31725 127 0
31726 0 4
31727 127 127
31728 126 127
31729 126 0
31730 0 3
31731 0 0
31732 0 2
31733 127 0
31734 127 127
31735 1 0
31736 126 127
31737 126 0
31738 0 126
31739 127 0
31740 0 0
31741 1 0
31742 127 127
31743 0 0
31744 0 127
31745 126 127
31746 0 3
31747 0 2
31748 127 127
31749 0 126
31750 0 127
31751 1 0
31752 0 1
31753 0 2
31754 126 0
31755 126 127
31756 0 0
31757 127 127
31758 0 126
31759 1 0
31760 0 0
31761 1 0
31762 126 127
31763 0 127
31764 127 127
31765 0 0
31766 127 0
31767 126 0
31768 126 127
31769 0 3
31770 127 0
31771 0 126
31772 127 127
31773 126 0
31774 0 127
31775 0 1
31776 0 126
31777 0 0
31778 126 127
31779 0 127
31780 0 126
31781 127 0
31782 127 127
31783 126 0
31784 0 2
31785 126 127
31786 127 127
31787 126 127
31788 127 0
31789 0 127
31790 0 3
31791 0 2
31792 127 127
31793 1 0
31794 0 0
31795 126 0
31796 0 3
31797 0 126
31798 126 127
31799 0 2
31800 127 127
31801 0 3
31802 0 1
31803 126 127
31804 127 127
31805 0 4
31806 0 127
31807 126 127
31808 0 3
31809 0 4
31810 0 126
31811 0 3
31812 0 4
31813 0 3
31814 0 0
31815 0 127
31816 0 2
31817 127 0
31818 127 127
31819 0 3
31820 126 127
31821 0 126
31822 0 2
31823 0 3
31824 126 0
31825 0 127
31826 0 126
31827 0 127
31828 127 0
31829 126 0
31830 0 2
31831 0 3
31832 0 2
31833 0 3
31834 0 2
31835 1 0
31836 0 126
31837 0 0
31838 127 127
31839 127 0
31840 126 127
31841 127 127
31842 126 127
31843 1 0
31844 126 0
31845 0 1
31846 127 0
31847 0 2
31848 126 0
31849 0 0
31850 127 0
31851 0 3
31852 0 127
31853 0 1
31854 127 127
31855 126 0
31856 127 0
31857 126 127
31858 127 127
31859 126 127
31860 0 0
31861 126 0
31862 0 2
31863 127 0
31864 0 3
31865 0 126
31866 0 127
31867 127 127
31868 0 1
31869 0 0
31870 126 127
31871 0 1
31872 126 0
31873 127 127
31874 0 4
31875 0 126
31876 0 0
31877 0 1
31878 127 0
31879 0 3
31880 126 127
31881 0 127
31882 0 126
31883 0 0
31884 0 1
31885 0 0
31886 0 1
31887 126 0
31888 0 127
31889 0 4
31890 127 127
31891 0 126
31892 126 127
31893 127 0
31894 126 0
31895 0 3
31896 0 127
31897 127 0
31898 127 127
31899 0 0
31900 126 127
31901 0 2
31902 127 127
31903 126 0
31904 126 127
31905 0 3
31906 127 0
31907 0 1
31908 0 4
31909 126 0
31910 0 0
31911 0 3
31912 0 1
31913 0 0
31914 127 127
31915 126 127
31916 127 0
31917 127 127
31918 126 127
31919 127 127
31920 126 0
31921 0 2
31922 126 127
31923 1 0
31924 0 126
31925 127 0
31926 127 127
31927 0 1
31928 2 0
31929 126 127
31930 0 0
31931 3 0
31932 0 1
31933 126 0
31934 2 0
31935 0 127
31936 1 0
31937 0 126
31938 0 2
31939 0 127
31940 0 126
31941 0 127
31942 127 127
31943 126 127
31944 127 127
31945 0 0
31946 127 0
31947 126 127
31948 0 3
31949 0 126
31950 127 127
31951 126 127
31952 0 1
31953 0 4
31954 0 0
31955 0 3
31956 126 0
31957 0 127
31958 0 1
31959 0 126
31960 0 127
31961 0 4
31962 0 126
31963 0 127
31964 0 0
31965 0 3
31966 0 1
31967 127 0
31968 0 0
31969 0 1
31970 0 0
31971 0 2
31972 0 126
31973 126 0
31974 127 0
31975 0 127
31976 127 127
31977 126 0
31978 126 127
31979 1 0
31980 127 0
31981 127 127
31982 126 127
31983 0 1
31984 2 0
31985 0 0
31986 3 0
31987 2 0
31988 127 127
31989 126 127
31990 0 1
31991 126 0
31992 0 0
31993 3 0
31994 127 0
31995 0 1
31996 127 127
31997 0 0
31998 2 0
31999 126 127
32000 3 0
32001 127 127
32002 126 127
32003 2 0
32004 0 126
32005 3 0
32006 2 0
32007 0 127
32008 0 126
32009 127 127
32010 3 0
32011 2 0
32012 126 0
32013 0 127
32014 127 0
32015 0 126
32016 126 127
32017 126 0
32018 0 1
32019 127 0
32020 126 0
32021 0 0
32022 0 1
32023 1 0
32024 127 0
32025 0 2
32026 0 1
32027 0 127
32028 127 127
32029 126 127
32030 0 126
32031 0 2
32032 127 127
32033 126 127
32034 0 127
32035 127 127
32036 0 126
32037 126 127
32038 126 0
32039 0 127
32040 127 127
32041 0 1
32042 2 0
32043 0 126
32044 126 127
32045 1 0
32046 0 2
32047 0 1
32048 2 0
32049 127 127
32050 0 0
32051 0 1
32052 1 0
32053 127 0
32054 0 2
32055 0 1
32056 0 2
32057 0 0
32058 126 127
32059 1 0
32060 127 127
32061 126 0
32062 0 1
32063 2 0
32064 127 0
32065 126 0
32066 0 127
32067 0 0
32068 126 127
32069 127 127
32070 127 0
32071 126 127
32072 0 126
32073 0 1
32074 127 127
32075 126 0
32076 1 0
32077 0 2
32078 0 0
32079 1 0
32080 0 1
32081 0 127
32082 127 0
32083 0 126
32084 0 2
32085 0 127
32086 0 0
32087 126 127
32088 126 0
32089 1 0
32090 127 0
32091 127 127
32092 126 0
32093 126 127
32094 0 0
32095 0 3
32096 0 2
32097 127 127
32098 1 0
32099 126 127
32100 127 0
32101 0 1
32102 2 0
32103 0 126
32104 1 0
32105 127 127
32106 0 127
32107 126 0
32108 2 0
32109 126 127
32110 0 0
32111 127 127
32112 0 1
32113 1 0
32114 2 0
32115 126 127
32116 1 0
32117 0 126
32118 0 127
32119 0 126
32120 127 127
32121 0 127
32122 127 0
32123 126 0
32124 127 0
32125 2 0
32126 0 126
32127 126 127
32128 127 127
32129 126 0
32130 0 0
32131 127 0
32132 126 0
32133 127 0
32134 3 0
32135 0 127
32136 0 126
32137 126 127
32138 2 0
32139 0 1
32140 126 0
32141 127 0
32142 127 127
32143 126 127
32144 0 127
32145 0 126
32146 127 127
32147 1 0
32148 0 2
32149 0 1
32150 126 127
32151 0 2
32152 0 0
32153 0 3
32154 0 2
32155 127 127
32156 1 0
32157 126 127
32158 0 0
32159 0 3
32160 126 0
32161 127 0
32162 127 127
32163 0 2
32164 1 0
32165 126 0
32166 0 1
32167 127 0
32168 2 0
32169 126 127
32170 126 0
32171 127 127
32172 126 127
32173 127 0
32174 1 0
32175 0 2
32176 126 0
32177 127 0
32178 0 127
32179 127 127
32180 0 0
32181 126 127
32182 126 0
32183 1 0
32184 127 127
32185 0 126
32186 126 127
32187 0 0
32188 0 127
32189 127 127
32190 126 127
32191 0 126
32192 0 3
32193 127 0
32194 0 2
32195 127 127
32196 0 127
32197 0 126
32198 0 127
32199 0 3
32200 126 127
32201 0 2
32202 0 3
32203 127 127
32204 0 1
32205 126 127
32206 0 4
32207 126 0
32208 0 3
32209 0 4
32210 0 3
32211 127 0
32212 126 0
32213 127 0
32214 126 0
32215 127 127
32216 126 127
32217 0 126
32218 127 127
32219 127 0
32220 126 127
32221 0 127
32222 0 126
32223 0 4
32224 0 3
32225 127 127
32226 0 127
32227 0 4
32228 0 3
32229 0 126
32230 126 127
32231 0 4
32232 0 3
32233 0 0
32234 0 1
32235 0 127
32236 0 0
32237 0 2
32238 126 0
32239 0 3
32240 127 127
32241 126 127
32242 0 2
32243 0 3
32244 127 127
32245 127 0
32246 0 2
32247 0 3
32248 126 127
32249 0 126
32250 127 127
32251 126 127
32252 126 0
32253 127 0
32254 127 127
32255 0 1
32256 126 127
32257 126 0
32258 127 0
32259 126 0
32260 0 0
32261 0 1
32262 0 0
32263 0 127
32264 0 2
32265 127 0
32266 127 127
32267 126 127
32268 126 0
32269 0 126
32270 127 0
32271 126 0
32272 0 3
32273 0 2
32274 0 127
32275 127 0
32276 0 3
32277 127 127
32278 126 127
32279 127 127
32280 126 0
32281 127 0
32282 0 2
32283 1 0
32284 0 1
32285 0 2
32286 0 0
32287 0 126
32288 0 3
32289 126 127
32290 126 0
32291 0 127
32292 0 126
32293 127 127
32294 127 0
32295 126 0
32296 0 2
32297 0 3
32298 0 2
32299 1 0
32300 0 0
32301 0 3
32302 0 1
32303 0 0
32304 0 1
32305 0 127
32306 0 126
32307 0 0
32308 127 0
32309 126 0
32310 126 127
32311 0 1
32312 0 127
32313 0 4
32314 127 127
32315 0 126
32316 127 0
32317 0 127
32318 0 3
32319 126 0
32320 0 0
32321 0 1
32322 126 127
32323 0 4
32324 0 126
32325 127 0
32326 126 0
32327 0 3
32328 0 127
32329 0 4
32330 127 0
32331 0 0
32332 126 0
32333 127 127
32334 0 1
32335 0 0
32336 127 0
32337 0 126
32338 126 0
32339 0 3
32340 0 2
32341 126 127
32342 1 0
32343 0 1
32344 127 0
32345 126 0
32346 127 127
32347 0 127
32348 127 0
32349 0 126
32350 0 2
32351 0 0
32352 126 127
32353 0 127
32354 127 127
32355 0 126
32356 126 0
32357 0 3
32358 0 1
32359 0 4
32360 0 0
32361 0 1
32362 0 0
32363 126 127
32364 127 0
32365 126 0
32366 0 3
32367 0 127
32368 0 2
32369 127 127
32370 0 3
32371 126 127
32372 127 0
32373 127 127
32374 0 2
32375 0 126
32376 0 3
32377 126 0
32378 0 1
32379 127 0
32380 0 0
32381 126 127
32382 126 0
32383 127 0
32384 127 127
32385 126 127
32386 127 127
32387 0 127
32388 0 126
32389 0 127
32390 0 2
32391 126 127
32392 127 127
32393 0 3
32394 126 0
32395 127 0
32396 126 127
32397 0 1
32398 126 0
32399 0 126
32400 127 127
32401 0 127
32402 0 126
32403 0 4
32404 127 0
32405 126 127
32406 0 3
32407 0 0
32408 127 127
32409 126 127
32410 127 127
32411 0 1
32412 0 4
32413 126 0
32414 0 127
32415 0 3
32416 127 0
32417 0 0
32418 0 2
32419 0 126
32420 126 0
32421 0 3
32422 126 127
32423 0 2
32424 0 3
32425 0 127
32426 0 2
32427 127 127
32428 0 3
32429 0 1
32430 126 127
32431 127 0
32432 0 4
32433 0 126
32434 0 127
32435 0 126
32436 0 3
32437 0 0
32438 0 1
32439 126 0
32440 0 127
32441 0 4
32442 0 126
32443 127 127
32444 0 127
32445 0 3
32446 0 0
32447 127 0
32448 126 127
32449 126 0
32450 0 2
32451 1 0
32452 127 0
32453 126 0
32454 127 0
32455 127 127
32456 126 0
32457 0 0
32458 1 0
32459 0 126
32460 0 0
32461 126 127
32462 1 0
32463 0 127
32464 127 0
32465 127 127
32466 0 1
32467 126 0
32468 0 126
32469 126 127
32470 127 0
32471 126 0
32472 127 0
32473 0 2
32474 127 127
32475 126 127
32476 0 0
32477 126 0
32478 127 0
32479 0 3
32480 0 2
32481 127 127
32482 0 127
32483 0 3
32484 126 0
32485 126 127
32486 0 126
32487 127 0
32488 0 2
32489 126 0
32490 1 0
32491 0 1
32492 127 0
32493 126 0
32494 2 0
32495 0 127
32496 1 0
32497 2 0
32498 0 0
32499 127 127
32500 0 126
32501 0 1
32502 0 0
32503 127 0
32504 0 1
32505 1 0
32506 0 2
32507 0 127
32508 0 1
32509 126 0
32510 0 126
32511 0 2
32512 126 127
32513 127 127
32514 127 0
32515 0 1
32516 126 127
32517 0 127
32518 127 127
32519 0 126
32520 0 127
32521 0 2
32522 126 127
32523 127 127
32524 126 0
32525 126 127
32526 0 1
32527 127 0
32528 126 0
32529 127 127
32530 2 0
32531 0 126
32532 126 127
32533 1 0
32534 127 0
32535 0 127
32536 2 0
32537 0 0
32538 0 126
32539 127 127
32540 0 127
32541 0 126
32542 3 0
32543 0 1
32544 0 0
32545 2 0
32546 126 127
32547 126 0
32548 0 1
32549 127 0
32550 0 127
32551 0 126
32552 126 0
32553 1 0
32554 0 127
32555 0 126
32556 127 0
32557 2 0
32558 126 0
32559 1 0
32560 127 0
32561 0 2
32562 0 0
32563 0 3
32564 127 127
32565 0 2
32566 0 3
32567 0 1
32568 0 4
32569 126 127
32570 0 3
32571 0 127
32572 0 126
32573 127 127
32574 0 0
32575 126 127
32576 126 0
32577 127 0
32578 126 0
32579 127 127
32580 126 127
32581 0 2
32582 127 0
32583 0 127
32584 0 3
32585 0 2
32586 0 3
32587 0 2
32588 0 126
32589 127 127
32590 1 0
32591 126 0
32592 126 127
32593 0 127
32594 0 126
32595 0 0
32596 0 127
32597 127 127
32598 0 126
32599 0 127
32600 127 0
32601 0 3
32602 0 2
32603 0 126
32604 126 127
32605 126 0
32606 127 0
32607 126 0
32608 0 127
32609 0 3
32610 0 1
32611 127 127
32612 0 126
32613 0 127
32614 126 127
32615 0 0
32616 127 127
32617 126 127
32618 0 1
32619 127 127
32620 126 127
32621 0 0
32622 0 126
32623 0 127
32624 0 126
32625 127 0
32626 127 127
32627 126 0
32628 0 1
32629 0 127
32630 127 0
32631 0 126
32632 0 127
32633 0 126
32634 0 0
32635 126 127
32636 127 127
32637 126 0
32638 0 127
32639 0 2
32640 0 126
32641 127 0
32642 126 127
32643 126 0
32644 127 0
32645 1 0
32646 0 0
32647 126 0
32648 1 0
32649 127 0
32650 126 0
32651 0 0
32652 127 0
32653 1 0
32654 126 0
32655 0 0
32656 0 3
32657 127 127
32658 0 127
32659 0 2
32660 127 0
32661 126 127
32662 0 126
32663 0 3
32664 126 0
32665 0 127
32666 0 2
32667 127 127
32668 127 0
32669 1 0
32670 126 0
32671 126 127
32672 127 0
32673 0 0
32674 127 127
32675 126 0
32676 0 126
32677 0 127
32678 126 127
32679 127 0
32680 0 126
32681 126 0
32682 127 127
32683 0 3
32684 0 127
32685 0 126
32686 0 2
32687 127 0
32688 126 127
32689 0 3
32690 127 127
32691 0 127
32692 126 0
32693 127 0
32694 0 2
32695 0 126
32696 0 3
32697 126 127
32698 0 2
32699 126 0
32700 1 0
32701 0 0
32702 0 127
32703 127 127
32704 127 0
32705 0 126
32706 126 127
32707 0 127
32708 0 3
32709 0 126
32710 126 0
32711 127 127
32712 0 127
32713 126 127
32714 127 127
32715 127 0
32716 0 1
32717 0 4
32718 0 3
32719 0 4
32720 126 0
32721 127 0
32722 126 127
32723 126 0
32724 0 3
32725 127 127
32726 127 0
32727 0 0
32728 0 126
32729 0 127
32730 0 2
32731 0 126
32732 126 127
32733 0 3
32734 0 1
32735 126 0
32736 0 0
32737 0 127
32738 127 127
32739 127 0
32740 0 2
32741 0 3
32742 126 0
32743 0 2
32744 126 127
32745 1 0
32746 0 126
32747 0 1
32748 127 127
32749 0 127
32750 0 126
32751 126 127
32752 0 2
32753 0 1
32754 127 0
32755 126 0
32756 127 0
32757 2 0
32758 1 0
32759 2 0
32760 0 0
32761 126 0
32762 127 0
32763 126 0
32764 127 0
32765 126 0
32766 3 0
32767 2 0
32768 3 0
32769 127 127
32770 127 0
32771 126 0
32772 0 1
32773 126 127
32774 0 127
32775 0 126
32776 2 0
32777 127 127
32778 0 0
32779 0 1
32780 126 127
32781 0 127
32782 1 0
32783 0 126
32784 0 2
32785 0 0
32786 1 0
32787 127 127
32788 0 1
32789 126 127
32790 127 0
32791 126 0
32792 2 0
32793 127 0
32794 0 0
32795 127 127
32796 3 0
32797 126 0
32798 0 127
32799 0 1
32800 2 0
32801 1 0
32802 0 2
32803 127 0
32804 126 127
32805 127 127
32806 126 0
32807 127 0
32808 126 127
32809 126 0
32810 127 0
32811 127 127
32812 0 0
32813 0 126
32814 0 127
32815 0 3
32816 0 126
32817 126 0
32818 0 127
32819 0 2
32820 0 126
32821 1 0
32822 0 0
32823 1 0
32824 0 1
32825 0 2
32826 0 1
32827 126 127
32828 0 2
32829 0 127
32830 127 127
32831 126 127
32832 0 126
32833 0 127
32834 127 127
32835 0 0
32836 0 126
32837 0 127
32838 0 3
32839 126 127
32840 127 0
32841 0 1
32842 127 127
32843 0 126
32844 126 0
32845 0 127
32846 0 0
32847 0 1
32848 127 0
32849 0 0
32850 126 0
32851 0 126
32852 0 2
32853 0 127
32854 0 3
32855 0 1
32856 0 4
32857 0 126
32858 0 0
32859 0 1
32860 0 0
32861 127 0
32862 0 3
32863 126 127
32864 127 127
32865 126 127
32866 0 1
32867 127 127
32868 0 0
32869 0 2
32870 126 0
32871 127 0
32872 1 0
32873 126 0
32874 127 0
32875 126 0
32876 126 127
32877 0 1
32878 2 0
32879 0 127
32880 127 0
32881 127 127
32882 0 126
32883 126 0
32884 127 0
32885 0 127
32886 126 127
32887 126 0
32888 1 0
32889 127 0
32890 0 126
32891 0 2
32892 127 127
32893 0 1
32894 0 127
32895 0 126
32896 126 0
32897 127 0
32898 0 2
32899 0 0
32900 0 3
32901 0 127
32902 0 1
32903 0 0
32904 126 0
32905 126 127
32906 127 0
32907 0 1
32908 0 126
32909 0 127
32910 126 0
32911 0 4
32912 127 0
32913 127 127
32914 0 126
32915 126 127
32916 127 127
32917 126 127
32918 127 127
32919 126 127
32920 0 127
32921 127 127
32922 126 127
32923 0 126
32924 0 127
32925 0 3
32926 0 126
32927 0 4
32928 0 3
32929 0 4
32930 126 0
32931 0 0
32932 127 0
32933 127 127
32934 0 1
32935 126 0
32936 0 3
32937 0 4
32938 0 3
32939 126 127
32940 0 4
32941 0 127
32942 127 127
32943 0 0
32944 0 1
32945 127 0
32946 0 3
32947 126 0
32948 0 126
32949 127 0
32950 0 127
32951 0 0
32952 0 1
32953 126 127
32954 127 127
32955 0 0
32956 0 2
32957 0 126
32958 1 0
32959 126 127
32960 0 0
32961 0 127
32962 0 126
32963 126 0
32964 0 3
32965 0 2
32966 127 0
32967 0 127
32968 0 126
32969 127 127
32970 126 127
32971 0 127
32972 127 127
32973 0 3
32974 0 2
32975 126 127
32976 126 0
32977 0 126
32978 0 127
32979 0 126
32980 127 127
32981 0 127
32982 126 127
32983 127 127
32984 1 0
32985 0 126
32986 0 1
32987 0 127
32988 127 0
32989 126 0
32990 126 127
32991 127 0
32992 126 0
32993 127 127
32994 0 126
32995 126 127
32996 0 2
32997 127 0
32998 127 127
32999 126 0
33000 127 0
33001 0 0
33002 1 0
33003 0 0
33004 0 3
33005 126 127
33006 126 0
33007 0 1
33008 127 0
33009 0 4
33010 126 0
33011 127 127
33012 127 0
33013 0 0
33014 0 1
33015 126 0
33016 126 127
33017 0 127
33018 127 127
33019 0 3
33020 0 126
33021 126 127
33022 0 127
33023 127 127
33024 0 126
33025 0 4
33026 0 3
33027 127 0
33028 126 127
33029 127 127
33030 0 0
33031 0 2
33032 0 127
33033 1 0
33034 126 0
33035 127 0
33036 126 127
33037 127 127
33038 0 0
33039 1 0
33040 0 1
33041 126 0
33042 126 127
33043 127 127
33044 0 2
33045 0 1
33046 0 2
33047 0 126
33048 126 127
33049 0 0
33050 127 127
33051 126 127
33052 127 0
33053 126 0
33054 127 0
33055 1 0
33056 0 0
33057 126 0
33058 1 0
33059 127 127
33060 126 127
33061 0 0
33062 1 0
33063 0 1
33064 127 127
33065 0 2
33066 0 0
33067 127 0
33068 126 0
33069 1 0
33070 127 0
33071 0 127
33072 126 0
33073 127 0
33074 0 0
33075 126 0
33076 0 126
33077 1 0
33078 0 0
33079 127 0
33080 0 127
33081 126 0
33082 0 126
33083 0 3
33084 0 2
33085 127 0
33086 126 0
33087 0 127
33088 1 0
33089 126 127
33090 0 0
33091 0 3
33092 0 1
33093 0 4
33094 0 126
33095 0 3
33096 127 0
33097 0 4
33098 126 0
33099 0 127
33100 0 3
33101 0 4
33102 127 0
33103 127 127
33104 0 0
33105 0 1
33106 0 3
33107 0 126
33108 126 127
33109 126 0
33110 127 127
33111 0 0
33112 0 1
33113 0 127
33114 0 4
33115 0 3
33116 126 127
33117 127 127
33118 0 0
33119 0 2
33120 1 0
33121 0 1
33122 0 126
33123 126 127
33124 0 2
33125 127 127
33126 0 1
33127 0 127
33128 0 126
33129 0 127
33130 126 127
33131 127 0
33132 126 0
33133 0 126
33134 127 0
33135 0 2
33136 0 127
33137 0 126
33138 126 0
33139 127 127
33140 126 127
33141 0 0
33142 0 127
33143 1 0
33144 0 1
33145 0 126
33146 0 127
33147 0 2
33148 127 0
33149 126 0
33150 127 127
33151 127 0
33152 0 1
33153 126 0
33154 127 0
33155 126 0
33156 126 127
33157 2 0
33158 0 126
33159 0 127
33160 127 127
33161 1 0
33162 126 127
33163 127 0
33164 127 127
33165 126 127
33166 2 0
33167 127 127
33168 1 0
33169 0 126
33170 2 0
33171 126 127
33172 0 127
33173 127 127
33174 1 0
33175 126 127
33176 2 0
33177 1 0
33178 0 2
33179 0 0
33180 0 126
33181 0 127
33182 126 0
33183 127 127
33184 126 127
33185 127 0
33186 0 126
33187 0 127
33188 127 127
33189 1 0
33190 0 126
33191 0 1
33192 0 2
33193 0 127
33194 126 127
33195 0 0
33196 126 0
33197 127 127
33198 0 3
33199 0 126
33200 127 0
33201 0 127
33202 126 0
33203 127 0
33204 126 0
33205 0 1
33206 127 0
33207 0 4
33208 126 127
33209 0 3
33210 126 0
33211 0 4
33212 0 126
33213 127 0
33214 127 127
33215 126 0
33216 0 0
33217 0 3
33218 126 127
33219 127 127
33220 0 1
33221 127 0
33222 126 127
33223 0 4
33224 0 3
33225 0 127
33226 0 126
33227 0 127
33228 0 0
33229 127 127
33230 0 126
33231 0 1
33232 0 4
33233 0 127
33234 0 3
33235 0 126
33236 126 127
33237 0 0
33238 0 2
33239 126 0
33240 127 0
33241 126 0
33242 0 3
33243 0 127
33244 0 126
33245 0 2
33246 127 0
33247 0 3
33248 127 127
33249 0 1
33250 0 127
33251 0 4
33252 126 0
33253 126 127
33254 127 127
33255 127 0
33256 0 126
33257 0 127
33258 126 0
33259 0 3
33260 127 0
33261 126 0
33262 126 127
33263 0 4
33264 127 127
33265 0 0
33266 126 127
33267 127 0
33268 0 1
33269 0 3
33270 0 4
33271 0 3
33272 0 126
33273 126 0
33274 127 127
33275 0 0
33276 0 1
33277 0 127
33278 0 4
33279 0 0
33280 126 127
33281 0 126
33282 0 1
33283 0 0
33284 0 127
33285 0 1
33286 0 3
33287 0 126
33288 127 0
33289 0 4
33290 127 127
33291 126 0
33292 0 0
33293 0 127
33294 126 127
33295 0 126
33296 127 127
33297 0 127
33298 0 1
33299 126 127
33300 0 3
33301 0 0
33302 0 2
33303 1 0
33304 0 1
33305 0 126
33306 127 0
33307 126 0
33308 0 2
33309 127 0
33310 126 0
33311 127 127
33312 0 127
33313 127 0
33314 0 126
33315 0 1
33316 126 0
33317 127 0
33318 126 0
33319 127 0
33320 126 0
33321 0 2
33322 0 1
33323 126 127
33324 0 127
33325 127 0
33326 2 0
33327 0 0
33328 0 1
33329 0 126
33330 126 0
33331 0 127
33332 1 0
33333 127 127
33334 127 0
33335 2 0
33336 126 0
33337 0 0
33338 3 0
33339 0 126
33340 0 127
33341 126 127
33342 0 1
33343 2 0
33344 0 0
33345 0 126
33346 0 1
33347 1 0
33348 127 127
33349 2 0
33350 0 0
33351 3 0
33352 127 0
33353 126 0
33354 2 0
33355 127 0
33356 126 127
33357 126 0
33358 0 127
33359 3 0
33360 0 126
33361 0 1
33362 0 0
33363 2 0
33364 127 0
33365 126 0
33366 0 1
33367 1 0
33368 127 127
33369 127 0
33370 126 127
33371 0 2
33372 126 0
33373 0 1
33374 127 127
33375 2 0
33376 0 127
33377 0 126
33378 0 127
33379 127 0
33380 126 0
33381 127 0
33382 0 126
33383 1 0
33384 126 0
33385 0 2
33386 127 0
33387 0 127
33388 0 1
33389 0 2
33390 126 0
33391 0 126
33392 127 0
33393 0 1
33394 0 2
33395 0 0
33396 0 3
33397 0 1
33398 126 127
33399 0 0
33400 0 127
33401 127 127
33402 126 127
33403 0 126
33404 126 0
33405 0 127
33406 127 0
33407 0 1
33408 126 0
33409 127 0
33410 0 0
33411 0 1
33412 126 0
33413 127 0
33414 0 0
33415 0 1
33416 0 0
33417 127 127
33418 126 127
33419 0 126
33420 126 0
33421 0 1
33422 0 127
33423 127 0
33424 0 4
33425 0 0
33426 0 126
33427 0 1
33428 0 127
33429 126 0
33430 127 127
33431 0 126
33432 127 0
33433 0 3
33434 0 127
33435 0 4
33436 0 0
33437 0 3
33438 0 126
33439 0 1
33440 0 4
33441 0 3
33442 0 127
33443 0 0
33444 0 2
33445 126 127
33446 0 3
33447 126 0
33448 127 0
33449 127 127
33450 0 126
33451 0 1
33452 0 127
33453 126 127
33454 0 126
33455 0 4
33456 0 0
33457 126 0
33458 127 0
33459 0 1
33460 0 0
33461 0 127
33462 0 1
33463 0 0
33464 127 127
33465 0 3
33466 0 126
33467 0 1
33468 0 4
33469 0 127
33470 0 126
33471 0 0
33472 0 3
33473 0 127
33474 0 126
33475 0 1
33476 126 0
33477 127 0
33478 0 0
33479 0 2
33480 0 127
33481 126 127
33482 127 127
33483 0 126
33484 0 3
33485 0 2
33486 0 127
33487 126 0
33488 127 0
33489 126 127
33490 1 0
33491 126 0
33492 127 127
33493 126 127
33494 127 127
33495 0 1
33496 127 0
33497 2 0
33498 126 0
33499 0 126
33500 0 127
33501 1 0
33502 0 2
33503 0 126
33504 0 1
33505 2 0
33506 0 127
33507 0 126
33508 126 127
33509 127 0
33510 127 127
33511 0 0
33512 0 127
33513 0 1
33514 0 126
33515 126 0
33516 126 127
33517 127 0
33518 127 127
33519 1 0
33520 2 0
33521 126 0
33522 126 127
33523 127 127
33524 0 127
33525 0 126
33526 0 0
33527 0 127
33528 0 126
33529 0 127
33530 126 127
33531 0 1
33532 0 126
33533 127 127
33534 127 0
33535 126 127
33536 0 0
33537 126 0
33538 0 127
33539 3 0
33540 0 126
33541 2 0
33542 3 0
33543 0 1
33544 2 0
33545 127 127
33546 127 0
33547 1 0
33548 0 2
33549 0 0
33550 1 0
33551 0 0
33552 0 3
33553 0 127
33554 0 126
33555 0 2
33556 126 127
33557 0 127
33558 126 0
33559 0 3
33560 0 2
33561 127 127
33562 1 0
33563 0 126
33564 0 0
33565 126 127
33566 0 127
33567 127 0
33568 126 0
33569 0 3
33570 127 0
33571 0 1
33572 0 126
33573 0 127
33574 0 126
33575 127 127
33576 0 0
33577 0 127
33578 0 1
33579 126 127
33580 127 127
33581 126 127
33582 0 0
33583 0 126
33584 126 0
33585 0 2
33586 0 127
33587 127 127
33588 126 127
33589 127 127
33590 127 0
33591 1 0
33592 0 126
33593 126 127
33594 126 0
33595 127 127
33596 0 1
33597 127 0
33598 126 127
33599 2 0
33600 0 127
33601 0 0
33602 126 0
33603 127 127
33604 127 0
33605 0 1
33606 126 127
33607 127 127
33608 126 127
33609 0 126
33610 127 127
33611 1 0
33612 0 127
33613 0 126
33614 126 127
33615 126 0
33616 127 127
33617 0 127
33618 2 0
33619 126 127
33620 1 0
33621 127 0
33622 0 126
33623 126 0
33624 0 127
33625 127 127
33626 2 0
33627 0 0
33628 0 1
33629 0 126
33630 127 0
33631 126 127
33632 1 0
33633 0 127
33634 127 127
33635 126 127
33636 0 126
33637 126 0
33638 127 0
33639 0 2
33640 0 1
33641 2 0
33642 126 0
33643 127 0
33644 126 0
33645 1 0
33646 0 2
33647 0 1
33648 127 0
33649 0 127
33650 0 2
33651 0 0
33652 126 0
33653 0 3
33654 127 0
33655 0 2
33656 1 0
33657 0 0
33658 126 0
33659 1 0
33660 127 0
33661 0 1
33662 2 0
33663 126 0
33664 127 0
33665 126 0
33666 127 0
33667 127 127
33668 0 0
33669 3 0
33670 126 127
33671 0 1
33672 127 127
33673 0 0
33674 2 0
33675 126 127
33676 0 126
33677 126 0
33678 127 0
33679 126 0
33680 3 0
33681 127 127
33682 0 1
33683 0 0
33684 126 127
33685 0 1
33686 0 127
33687 0 0
33688 127 0
33689 0 1
33690 2 0
33691 0 126
33692 126 0
33693 1 0
33694 127 127
33695 0 2
33696 126 127
33697 0 127
33698 0 126
33699 0 127
33700 0 0
33701 127 127
33702 126 127
33703 1 0
33704 127 0
33705 126 0
33706 0 1
33707 0 126
33708 0 127
33709 2 0
33710 127 127
33711 0 0
33712 0 1
33713 0 126
33714 0 127
33715 126 127
33716 0 126
33717 0 0
33718 3 0
33719 0 1
33720 0 0
33721 127 127
33722 2 0
33723 127 0
33724 126 0
33725 0 1
33726 1 0
33727 2 0
33728 0 127
33729 126 127
33730 0 0
33731 127 0
33732 127 127
33733 3 0
33734 0 126
33735 0 127
33736 2 0
33737 0 1
33738 126 0
33739 0 126
33740 0 0
33741 0 1
33742 127 0
33743 126 0
33744 126 127
33745 0 127
33746 1 0
33747 0 2
33748 0 126
33749 127 0
33750 127 127
33751 0 0
33752 0 3
33753 0 1
33754 0 4
33755 0 0
33756 126 0
33757 127 0
33758 0 3
33759 0 127
33760 0 1
33761 126 0
33762 0 0
33763 127 0
33764 0 2
33765 0 126
33766 126 127
33767 126 0
33768 127 127
33769 1 0
33770 0 1
33771 0 127
33772 127 0
33773 2 0
33774 0 126
33775 126 127
33776 0 0
33777 127 127
33778 0 1
33779 126 127
33780 0 127
33781 0 126
33782 127 127
33783 126 0
33784 1 0
33785 127 0
33786 2 0
33787 0 0
33788 3 0
33789 0 1
33790 126 127
33791 126 0
33792 0 127
33793 127 0
33794 126 0
33795 127 127
33796 2 0
33797 127 0
33798 126 0
33799 127 0
33800 126 0
33801 1 0
33802 0 2
33803 0 1
33804 0 126
33805 127 0
33806 2 0
33807 0 127
33808 126 0
33809 127 0
33810 126 127
33811 127 127
33812 0 126
33813 0 0
33814 126 0
33815 0 1
33816 0 0
33817 0 127
33818 0 1
33819 1 0
33820 126 127
33821 0 2
33822 127 127
33823 126 127
33824 127 0
33825 127 127
33826 0 126
33827 0 0
33828 0 3
33829 126 127
33830 0 2
33831 127 127
33832 0 3
33833 126 0
33834 0 127
33835 0 1
33836 0 126
33837 0 0
33838 0 1
33839 126 127
33840 127 0
33841 0 127
33842 127 127
33843 126 0
33844 0 4
33845 0 0
33846 127 0
33847 0 126
33848 126 0
33849 0 127
33850 127 0
33851 0 1
33852 126 0
33853 126 127
33854 0 3
33855 0 4
33856 0 0
33857 0 1
33858 0 126
33859 0 0
33860 127 127
33861 126 127
33862 0 1
33863 0 3
33864 127 0
33865 0 0
33866 0 2
33867 127 127
33868 0 127
33869 126 0
33870 1 0
33871 0 1
33872 0 126
33873 126 127
33874 0 2
33875 0 127
33876 0 126
33877 127 0
33878 0 1
33879 0 2
33880 126 0
33881 0 127
33882 0 126
33883 0 0
33884 0 127
33885 1 0
33886 0 0
33887 127 127
33888 0 3
33889 0 1
33890 0 0
33891 0 126
33892 0 1
33893 0 127
33894 0 0
33895 127 0
33896 126 127
33897 127 127
33898 0 126
33899 0 127
33900 0 2
33901 0 3
33902 126 0
33903 0 126
33904 0 1
33905 0 0
33906 126 127
33907 0 1
33908 0 127
33909 0 0
33910 0 1
33911 0 126
33912 0 4
33913 127 127
33914 0 3
33915 0 127
33916 127 0
33917 0 126
33918 126 0
33919 0 4
33920 0 3
33921 126 127
33922 0 4
33923 0 0
33924 0 3
33925 127 0
33926 126 0
33927 127 127
33928 0 127
33929 0 1
33930 0 0
33931 0 126
33932 0 127
33933 126 127
33934 127 127
33935 0 126
33936 0 2
33937 0 3
33938 0 1
33939 0 127
33940 0 126
33941 0 0
33942 126 127
33943 0 1
33944 0 4
33945 0 127
33946 0 126
33947 0 3
33948 0 4
33949 127 0
33950 0 0
33951 0 3
33952 127 127
33953 0 1
33954 0 127
33955 0 126
33956 126 0
33957 0 0
33958 126 127
33959 127 127
33960 0 2
33961 126 127
33962 127 0
33963 0 127
33964 1 0
33965 127 127
33966 0 1
33967 0 126
33968 126 0
33969 126 127
33970 0 2
33971 127 127
33972 0 0
33973 1 0
33974 0 0
33975 127 0
33976 126 127
33977 0 3
33978 0 127
33979 127 127
33980 0 126
33981 0 2
33982 126 0
33983 127 0
33984 0 127
33985 0 126
33986 0 127
33987 1 0
33988 0 126
33989 0 1
33990 0 127
33991 126 127
33992 2 0
33993 1 0
33994 127 127
33995 2 0
33996 0 126
33997 0 127
33998 1 0
33999 0 2
34000 0 1
34001 0 2
34002 126 127
34003 0 1
34004 0 2
34005 0 0
34006 127 127
34007 126 127
34008 1 0
34009 0 1
34010 0 126
34011 126 0
34012 0 2
34013 0 1
34014 0 2
34015 0 127
34016 127 127
34017 0 126
34018 0 0
34019 127 0
34020 126 0
34021 127 0
34022 0 3
34023 126 127
34024 0 2
34025 127 127
34026 126 0
34027 0 3
34028 0 2
34029 127 0
34030 1 0
34031 126 127
34032 0 127
34033 0 126
34034 126 0
34035 0 127
34036 127 127
34037 127 0
34038 0 126
34039 126 0
34040 127 0
34041 0 1
34042 126 127
34043 126 0
34044 127 127
34045 126 127
34046 2 0
34047 0 127
34048 0 126
34049 0 127
34050 127 0
34051 1 0
34052 0 126
34053 126 0
34054 0 127
34055 127 0
34056 0 126
34057 2 0
34058 1 0
34059 2 0
34060 126 0
34061 127 0
34062 0 127
34063 0 0
34064 0 1
34065 0 0
34066 127 127
34067 126 0
34068 0 1
34069 0 0
34070 0 126
34071 126 127
34072 0 1
34073 0 0
34074 127 0
34075 126 0
34076 127 0
34077 0 1
34078 1 0
34079 127 127
34080 0 2
34081 126 0
34082 0 1
34083 127 0
34084 2 0
34085 0 127
34086 1 0
34087 126 0
34088 127 0
34089 2 0
34090 1 0
34091 2 0
34092 126 127
34093 0 126
34094 126 0
34095 0 0
34096 0 127
34097 3 0
34098 127 127
34099 126 127
34100 127 0
34101 0 1
34102 2 0
34103 0 0
34104 0 126
34105 126 0
34106 3 0
34107 0 1
34108 127 127
34109 0 127
34110 126 127
34111 0 0
34112 127 127
34113 2 0
34114 0 126
34115 126 127
34116 0 1
34117 0 127
34118 127 127
34119 1 0
34120 127 0
34121 0 2
34122 126 127
34123 126 0
34124 0 126
34125 0 0
34126 127 127
34127 126 127
34128 1 0
34129 0 1
34130 0 127
34131 0 2
34132 127 127
34133 127 0
34134 0 1
34135 0 126
34136 2 0
34137 0 0
34138 126 127
34139 0 127
34140 3 0
34141 0 1
34142 0 0
34143 127 127
34144 2 0
34145 126 0
34146 0 126
34147 0 127
34148 3 0
34149 2 0
34150 0 1
34151 1 0
34152 127 0
34153 0 2
34154 126 127
34155 0 1
34156 126 0
34157 2 0
34158 127 127
34159 0 0
34160 126 127
34161 127 127
34162 127 0
34163 3 0
34164 0 1
34165 126 0
34166 0 0
34167 2 0
34168 126 127
34169 0 126
34170 127 0
34171 127 127
34172 0 127
34173 126 127
34174 3 0
34175 127 127
34176 0 126
34177 0 127
34178 0 126
34179 126 127
34180 0 1
34181 2 0
34182 127 127
34183 126 127
34184 0 0
34185 0 1
34186 127 127
34187 126 127
34188 127 127
34189 126 0
34190 127 0
34191 0 127
34192 0 0
34193 0 126
34194 126 0
34195 3 0
34196 0 1
34197 127 0
34198 126 0
34199 2 0
34200 0 0
34201 127 0
34202 126 127
34203 3 0
34204 0 1
34205 127 127
34206 0 127
34207 126 0
34208 126 127
34209 2 0
34210 0 126
34211 0 127
34212 127 127
34213 1 0
34214 2 0
34215 0 126
34216 0 0
34217 3 0
34218 127 0
34219 126 127
34220 0 127
34221 126 0
34222 127 127
34223 127 0
34224 126 127
34225 0 126
34226 0 127
34227 126 0
34228 2 0
34229 3 0
34230 0 126
34231 127 0
34232 0 1
34233 127 127
34234 0 127
34235 0 0
34236 126 0
34237 0 1
34238 2 0
34239 0 0
34240 0 126
34241 127 0
34242 126 127
34243 127 127
34244 126 127
34245 3 0
34246 126 0
34247 127 0
34248 0 1
34249 127 127
34250 126 0
34251 0 0
34252 127 0
34253 0 1
34254 0 127
34255 126 0
34256 127 0
34257 126 0
34258 0 126
34259 127 0
34260 126 0
34261 0 127
34262 127 0
34263 0 0
34264 126 127
34265 0 1
34266 2 0
34267 0 0
34268 3 0
34269 127 127
34270 0 1
34271 2 0
34272 126 0
34273 0 126
34274 127 0
34275 126 0
34276 0 127
34277 127 0
34278 126 127
34279 0 0
34280 127 127
34281 126 127
34282 3 0
34283 126 0
34284 2 0
34285 127 0
34286 126 0
34287 0 126
34288 3 0
34289 127 127
34290 0 127
34291 0 1
34292 0 126
34293 126 127
34294 0 0
34295 0 1
34296 0 0
34297 0 1
34298 2 0
34299 127 127
34300 0 127
34301 0 126
34302 0 0
34303 127 0
34304 126 127
34305 126 0
34306 0 127
34307 0 1
34308 0 0
34309 127 127
34310 3 0
34311 126 127
34312 127 0
34313 2 0
34314 3 0
34315 2 0
34316 3 0
34317 0 126
34318 0 127
34319 2 0
34320 3 0
34321 0 126
34322 0 1
34323 126 0
34324 127 0
34325 0 127
34326 127 127
34327 126 127
34328 2 0
34329 127 127
34330 126 0
34331 126 127
34332 127 127
34333 127 0
34334 1 0
34335 0 126
34336 0 2
34337 126 127
34338 126 0
34339 0 0
34340 0 3
34341 127 127
34342 0 127
34343 126 127
34344 0 2
34345 127 127
34346 126 127
34347 0 3
34348 0 1
34349 0 0
34350 0 126
34351 127 127
34352 126 127
34353 127 127
34354 0 2
34355 127 0
34356 126 0
34357 1 0
34358 127 0
34359 126 0
34360 0 127
34361 0 126
34362 126 127
34363 127 127
34364 127 0
34365 0 127
34366 0 1
34367 2 0
34368 1 0
34369 126 0
34370 0 126
34371 2 0
34372 127 0
34373 0 0
34374 0 127
34375 0 126
34376 0 127
34377 0 126
34378 0 1
34379 126 0
34380 1 0
34381 0 127
34382 2 0
34383 126 127
34384 127 0
34385 0 0
34386 126 0
34387 127 127
34388 126 127
34389 0 126
34390 0 1
34391 0 0
34392 0 127
34393 127 127
34394 126 127
34395 0 126
34396 0 1
34397 1 0
34398 0 127
34399 2 0
34400 127 0
34401 1 0
34402 126 0
34403 0 126
34404 0 127
34405 127 127
34406 0 2
34407 0 0
34408 1 0
34409 0 1
34410 0 126
34411 0 127
34412 0 126
34413 0 127
34414 127 0
34415 126 127
34416 127 127
34417 0 2
34418 0 126
34419 126 127
34420 0 1
34421 0 2
34422 0 127
34423 0 1
34424 127 127
34425 126 0
34426 0 2
34427 0 126
34428 0 127
34429 127 0
34430 0 0
34431 0 3
34432 0 126
34433 126 127
34434 126 0
34435 0 2
34436 0 3
34437 0 1
34438 0 0
34439 127 127
34440 0 2
34441 0 3
34442 0 127
34443 126 127
34444 0 126
34445 0 1
34446 127 0
34447 126 0
34448 0 0
34449 127 127
34450 127 0
34451 0 2
34452 1 0
34453 0 0
34454 126 127
34455 0 127
34456 126 0
34457 0 3
34458 0 2
34459 127 127
34460 0 126
34461 127 0
34462 0 127
34463 126 0
34464 126 127
34465 127 127
34466 126 127
34467 127 127
34468 0 3
34469 0 126
34470 0 1
34471 0 127
34472 127 0
34473 0 4
34474 126 0
34475 127 0
34476 0 0
34477 0 126
34478 126 0
34479 127 0
34480 0 127
34481 0 1
34482 0 0
34483 126 127
34484 126 0
34485 127 127
34486 0 3
34487 127 0
34488 0 2
34489 0 126
34490 0 3
34491 126 127
34492 126 0
34493 0 2
34494 0 3
34495 127 0
34496 127 127
34497 0 1
34498 0 4
34499 0 0
34500 0 127
34501 0 3
34502 0 1
34503 126 0
34504 0 4
34505 0 126
34506 126 127
34507 0 3
34508 0 127
34509 0 0
34510 0 2
34511 127 127
34512 0 3
34513 127 0
34514 126 127
34515 126 0
34516 127 127
34517 0 1
34518 0 0
34519 126 127
34520 0 126
34521 0 2
34522 127 0
34523 0 3
34524 0 2
34525 0 3
34526 0 1
34527 0 0
34528 127 127
34529 126 127
34530 0 127
34531 0 1
34532 0 0
34533 0 1
34534 0 4
34535 0 126
34536 127 127
34537 0 0
34538 0 3
34539 0 127
34540 126 0
34541 0 1
34542 0 0
34543 0 2
34544 0 3
34545 0 126
34546 0 127
34547 0 2
34548 0 3
34549 126 127
34550 127 127
34551 0 126
34552 0 1
34553 0 127
34554 126 127
34555 0 0
34556 0 1
34557 0 4
34558 0 0
34559 0 1
34560 0 126
34561 0 0
34562 127 127
34563 0 127
34564 0 3
34565 0 2
34566 0 126
34567 127 0
34568 0 3
34569 0 127
34570 126 127
34571 127 127
34572 126 0
34573 0 2
34574 126 127
34575 0 126
34576 1 0
34577 0 1
34578 0 127
34579 2 0
34580 0 126
34581 1 0
34582 0 127
34583 0 2
34584 127 127
34585 126 127
34586 127 127
34587 0 1
34588 2 0
34589 127 0
34590 126 0
34591 127 0
34592 1 0
34593 126 0
34594 2 0
34595 127 0
34596 126 127
34597 0 0
34598 3 0
34599 126 0
34600 2 0
34601 3 0
34602 2 0
34603 3 0
34604 2 0
34605 127 0
34606 127 127
34607 126 0
34608 126 127
34609 127 0
34610 3 0
34611 0 126
34612 0 127
34613 2 0
34614 3 0
34615 0 126
34616 0 127
34617 0 1
34618 127 127
34619 0 0
34620 0 126
34621 126 0
34622 2 0
34623 0 1
34624 0 127
34625 0 126
34626 126 127
34627 0 0
34628 0 1
34629 1 0
34630 2 0
34631 0 127
34632 127 127
34633 126 127
34634 127 127
34635 0 0
34636 127 0
34637 3 0
34638 126 127
34639 127 127
34640 0 126
34641 2 0
34642 0 1
34643 1 0
34644 126 0
34645 2 0
34646 126 127
34647 127 0
34648 0 0
34649 0 1
34650 127 127
34651 126 0
34652 126 127
34653 127 127
34654 126 127
34655 127 0
34656 126 0
34657 0 0
34658 0 1
34659 0 127
34660 127 127
34661 126 127
34662 127 127
34663 1 0
34664 127 0
34665 126 0
34666 126 127
34667 2 0
34668 0 126
34669 1 0
34670 0 127
34671 127 127
34672 2 0
34673 0 0
34674 0 126
34675 126 127
34676 0 127
34677 0 1
34678 1 0
34679 0 2
34680 127 0
34681 127 127
34682 126 0
34683 0 0
34684 127 0
34685 1 0
34686 126 127
34687 0 126
34688 126 0
34689 127 127
34690 127 0
34691 0 127
34692 126 127
34693 127 127
34694 126 127
34695 0 126
34696 0 1
34697 2 0
34698 0 0
34699 3 0
34700 126 0
34701 127 127
34702 0 127
34703 126 127
34704 127 0
34705 126 0
34706 0 126
34707 0 1
34708 0 127
34709 0 0
34710 127 127
34711 0 1
34712 126 127
34713 127 127
34714 2 0
34715 0 0
34716 0 126
34717 0 1
34718 0 127
34719 0 126
34720 0 127
34721 126 127
34722 1 0
34723 0 126
34724 0 127
34725 127 127
34726 126 127
34727 2 0
34728 1 0
34729 0 126
34730 0 127
34731 0 2
34732 0 1
34733 0 126
34734 0 127
34735 127 127
34736 126 127
34737 0 126
34738 0 127
34739 0 2
34740 127 0
34741 0 0
34742 0 3
34743 0 126
34744 0 1
34745 127 127
34746 0 0
34747 0 2
34748 126 127
34749 127 127
34750 0 127
34751 0 3
34752 0 126
34753 126 0
34754 0 127
34755 0 1
34756 0 126
34757 0 4
34758 127 0
34759 126 127
34760 0 3
34761 0 4
34762 126 0
34763 127 127
34764 0 0
34765 126 127
34766 127 0
34767 127 127
34768 0 127
34769 0 126
34770 0 127
34771 0 1
34772 0 126
34773 0 0
34774 126 0
34775 126 127
34776 127 0
34777 127 127
34778 126 127
34779 0 127
34780 127 127
34781 0 3
34782 0 126
34783 0 1
34784 0 127
34785 0 0
34786 0 1
34787 126 0
34788 0 0
34789 0 2
34790 126 127
34791 1 0
34792 127 0
34793 0 1
34794 2 0
34795 126 0
34796 127 127
34797 1 0
34798 0 126
34799 127 0
34800 2 0
34801 0 127
34802 0 0
34803 3 0
34804 0 1
34805 126 127
34806 0 0
34807 126 0
34808 127 127
34809 0 1
34810 127 0
34811 2 0
34812 126 0
34813 1 0
34814 127 0
34815 126 0
34816 127 0
34817 0 126
34818 2 0
34819 126 127
34820 126 0
34821 1 0
34822 127 127
34823 0 2
34824 127 0
34825 0 0
34826 1 0
34827 0 127
34828 0 0
34829 1 0
34830 126 127
34831 0 0
34832 1 0
34833 0 126
34834 127 127
34835 0 1
34836 0 127
34837 0 126
34838 126 0
34839 0 127
34840 126 127
34841 2 0
34842 1 0
34843 2 0
34844 1 0
34845 0 126
34846 0 127
34847 2 0
34848 0 0
34849 3 0
34850 127 127
34851 126 127
34852 0 126
34853 127 127
34854 0 1
34855 127 0
34856 0 127
34857 126 0
34858 0 0
34859 0 126
34860 126 127
34861 2 0
34862 0 127
34863 127 127
34864 126 127
34865 127 127
34866 126 127
34867 0 1
34868 127 127
34869 0 0
34870 0 126
34871 126 127
34872 0 1
34873 0 127
34874 1 0
34875 0 2
34876 0 0
34877 0 126
34878 1 0
34879 0 0
34880 0 127
34881 127 127
34882 1 0
34883 0 126
34884 126 127
34885 127 0
34886 127 127
34887 0 127
34888 0 126
34889 0 0
34890 1 0
34891 0 0
34892 126 0
34893 127 0
34894 0 127
34895 126 127
34896 0 126
34897 0 127
34898 0 3
34899 0 1
34900 0 0
34901 0 2
34902 126 0
34903 0 126
34904 0 127
34905 127 127
34906 1 0
34907 0 126
34908 126 127
34909 0 0
34910 0 127
34911 1 0
34912 0 0
34913 127 127
34914 0 126
34915 0 3
34916 127 0
34917 0 127
34918 126 127
34919 0 1
34920 126 0
34921 0 4
34922 127 0
34923 0 3
34924 0 4
34925 127 127
34926 0 3
34927 0 0
34928 0 1
34929 0 126
34930 0 127
34931 126 127
34932 0 0
34933 126 0
34934 127 0
34935 0 126
34936 0 2
34937 126 0
34938 0 127
34939 127 0
34940 0 3
34941 0 126
34942 127 127
34943 126 0
34944 0 127
34945 0 1
34946 127 0
34947 0 4
34948 126 0
34949 0 126
34950 0 127
34951 0 3
34952 0 0
34953 126 127
34954 0 126
34955 127 0
34956 127 127
34957 0 1
34958 126 0
34959 0 0
34960 126 127
34961 0 2
34962 1 0
34963 0 1
34964 0 2
34965 0 1
34966 127 0
34967 127 127
34968 2 0
34969 1 0
34970 0 127
34971 126 0
34972 2 0
34973 0 0
34974 127 0
34975 0 1
34976 0 126
34977 0 0
34978 126 127
34979 0 127
34980 3 0
34981 0 1
34982 0 126
34983 2 0
34984 0 127
34985 127 127
34986 126 127
34987 0 126
34988 0 127
34989 0 0
34990 0 1
34991 0 0
34992 127 127
34993 0 126
34994 126 127
34995 127 127
34996 0 1
34997 126 0
34998 126 127
34999 1 0
35000 2 0
35001 1 0
35002 0 2
35003 127 127
35004 126 127
35005 127 127
35006 0 127
35007 0 1
35008 0 126
35009 127 0
35010 126 127
35011 126 0
35012 127 127
35013 127 0
35014 2 0
35015 0 0
35016 126 0
35017 0 1
35018 1 0
35019 0 2
35020 0 0
35021 0 127
35022 126 127
35023 127 127
35024 126 127
35025 1 0
35026 127 0
35027 126 0
35028 0 0
35029 127 127
35030 0 126
35031 1 0
35032 0 1
35033 127 0
35034 126 127
35035 2 0
35036 1 0
35037 2 0
35038 0 0
35039 0 127
35040 126 0
35041 127 127
35042 0 126
35043 0 1
35044 0 0
35045 126 127
35046 127 0
35047 0 127
35048 0 126
35049 3 0
35050 127 127
35051 0 1
35052 0 0
35053 126 127
35054 127 127
35055 2 0
35056 126 0
35057 127 0
35058 126 0
35059 0 1
35060 127 0
35061 1 0
35062 0 2
35063 126 127
35064 0 127
35065 0 1
35066 2 0
35067 126 0
35068 0 126
35069 127 127
35070 126 127
35071 1 0
35072 127 0
35073 0 2
35074 126 0
35075 0 1
35076 127 127
35077 2 0
35078 127 0
35079 126 0
35080 0 0
35081 0 1
35082 1 0
35083 0 127
35084 0 126
35085 126 127
35086 0 2
35087 0 0
35088 1 0
35089 0 127
35090 0 126
35091 127 0
35092 0 127
35093 126 0
35094 0 0
35095 1 0
35096 127 127
35097 0 0
35098 127 0
35099 126 127
35100 1 0
35101 0 126
35102 127 127
35103 126 0
35104 0 1
35105 126 127
35106 127 0
35107 0 127
35108 2 0
35109 127 127
35110 0 126
35111 126 127
35112 126 0
35113 127 127
35114 1 0
35115 0 127
35116 0 126
35117 0 2
35118 127 0
35119 0 1
35120 126 0
35121 0 2
35122 0 127
35123 0 1
35124 0 2
35125 126 127
35126 127 0
35127 127 127
35128 0 1
35129 126 0
35130 127 0
35131 126 0
35132 126 127
35133 127 127
35134 0 2
35135 0 126
35136 0 127
35137 0 0
35138 127 0
35139 0 3
35140 126 127
35141 0 126
35142 126 0
35143 0 1
35144 127 127
35145 127 0
35146 126 127
35147 0 127
35148 0 4
35149 126 0
35150 0 126
35151 0 3
35152 127 127
35153 0 4
35154 127 0
35155 126 0
35156 127 0
35157 0 127
35158 126 0
35159 127 0
35160 126 127
35161 126 0
35162 0 3
35163 0 0
35164 0 126
35165 0 2
35166 127 0
35167 127 127
35168 0 3
35169 0 1
35170 0 4
35171 0 127
35172 126 0
35173 0 3
35174 0 0
35175 127 0
35176 126 0
35177 0 1
35178 127 0
35179 0 4
35180 0 126
35181 126 127
35182 0 0
35183 0 1
35184 126 0
35185 0 0
35186 127 0
35187 0 3
35188 126 0
35189 127 0
35190 0 2
35191 127 127
35192 0 127
35193 126 127
35194 0 3
35195 0 2
35196 1 0
35197 0 0
35198 126 0
35199 0 3
35200 0 1
35201 0 4
35202 0 126
35203 127 0
35204 126 0
35205 0 127
35206 127 127
35207 126 127
35208 127 127
35209 0 126
35210 126 127
35211 0 3
35212 0 127
35213 0 0
35214 0 1
35215 0 0
35216 0 1
35217 0 0
35218 0 2
35219 0 126
35220 127 0
35221 1 0
35222 0 127
35223 0 1
35224 127 127
35225 126 127
35226 0 126
35227 0 2
35228 0 0
35229 1 0
35230 0 127
35231 0 0
35232 127 127
35233 1 0
35234 0 1
35235 2 0
35236 126 127
35237 127 127
35238 126 127
35239 0 0
35240 127 127
35241 3 0
35242 0 1
35243 126 127
35244 0 0
35245 2 0
35246 0 1
35247 0 126
35248 0 127
35249 0 0
35250 0 126
35251 3 0
35252 0 1
35253 0 127
35254 126 0
35255 0 126
35256 0 0
35257 0 1
35258 127 0
35259 2 0
35260 1 0
35261 0 127
35262 0 2
35263 127 127
35264 126 127
35265 0 0
35266 0 3
35267 0 2
35268 1 0
35269 0 1
35270 0 2
35271 127 127
35272 126 127
35273 0 126
35274 0 1
35275 0 127
35276 126 0
35277 127 127
35278 0 126
35279 0 127
35280 126 127
35281 0 2
35282 127 127
35283 0 126
35284 0 127
35285 0 126
35286 0 1
35287 127 0
35288 126 0
35289 0 2
35290 127 0
35291 126 0
35292 0 127
35293 0 1
35294 127 0
35295 0 126
35296 0 2
35297 126 127
35298 0 0
35299 0 127
35300 1 0
35301 126 0
35302 127 0
35303 0 1
35304 0 2
35305 127 127
35306 126 127
35307 127 127
35308 0 126
35309 0 127
35310 0 1
35311 2 0
35312 0 0
35313 0 126
35314 0 1
35315 126 0
35316 1 0
35317 0 2
35318 0 127
35319 126 127
35320 127 127
35321 0 0
35322 0 3
35323 127 0
35324 126 127
35325 0 1
35326 0 126
35327 0 4
35328 0 127
35329 0 3
35330 0 126
35331 0 0
35332 127 127
35333 0 2
35334 1 0
35335 126 127
35336 0 1
35337 0 2
35338 127 127
35339 126 127
35340 0 0
35341 127 127
35342 126 127
35343 0 3
35344 127 127
35345 0 127
35346 0 2
35347 0 126
35348 0 127
35349 126 0
35350 0 3
35351 0 2
35352 0 126
35353 0 127
35354 0 126
35355 126 127
35356 0 3
35357 0 2
35358 127 127
35359 0 127
35360 126 127
35361 127 0
35362 127 127
35363 126 127
35364 0 126
35365 0 3
35366 126 0
35367 0 2
35368 127 127
35369 127 0
35370 126 0
35371 0 3
35372 0 2
35373 127 0
35374 126 127
35375 126 0
35376 127 127
35377 0 3
35378 0 2
35379 0 127
35380 0 126
35381 126 127
35382 127 127
35383 127 0
35384 1 0
35385 0 0
35386 126 127
35387 0 127
35388 1 0
35389 0 0
35390 126 0
35391 127 127
35392 126 127
35393 1 0
35394 0 0
35395 0 3
35396 0 2
35397 1 0
35398 0 0
35399 0 126
35400 127 127
35401 1 0
35402 127 0
35403 0 0
35404 0 3
35405 126 0
35406 127 0
35407 126 127
35408 127 127
35409 0 2
35410 1 0
35411 0 1
35412 126 127
35413 127 127
35414 126 127
35415 2 0
35416 1 0
35417 126 0
35418 127 127
35419 0 2
35420 0 0
35421 127 0
35422 126 0
35423 126 127
35424 127 0
35425 0 127
35426 127 127
35427 0 126
35428 126 0
35429 127 0
35430 1 0
35431 126 0
35432 126 127
35433 127 0
35434 127 127
35435 0 127
35436 0 0
35437 0 126
35438 1 0
35439 0 0
35440 1 0
35441 126 0
35442 0 127
35443 126 127
35444 127 127
35445 0 0
35446 1 0
35447 0 0
35448 126 127
35449 0 3
35450 0 2
35451 127 0
35452 0 3
35453 0 126
35454 0 127
35455 0 2
35456 0 3
35457 0 126
35458 127 127
35459 0 2
35460 1 0
35461 0 127
35462 126 0
35463 0 0
35464 0 126
35465 126 127
35466 127 127
35467 127 0
35468 126 0
35469 126 127
35470 127 127
35471 1 0
35472 0 1
35473 126 127
35474 2 0
35475 1 0
35476 2 0
35477 127 127
35478 0 127
35479 1 0
35480 126 127
35481 0 126
35482 127 127
35483 0 127
35484 2 0
35485 126 127
35486 1 0
35487 2 0
35488 0 0
35489 3 0
35490 127 0
35491 0 1
35492 126 0
35493 0 0
35494 0 126
35495 127 0
35496 2 0
35497 0 1
35498 127 127
35499 0 127
35500 1 0
35501 0 126
35502 126 127
35503 0 2
35504 0 127
35505 0 126
35506 0 1
35507 0 127
35508 0 126
35509 0 127
35510 127 127
35511 0 2
35512 126 127
35513 0 126
35514 0 127
35515 0 0
35516 127 127
35517 1 0
35518 0 0
35519 126 127
35520 0 3
35521 126 0
35522 0 126
35523 0 2
35524 1 0
35525 0 0
35526 0 127
35527 0 3
35528 0 2
35529 0 126
35530 1 0
35531 0 1
35532 2 0
35533 127 127
35534 1 0
35535 2 0
35536 0 127
35537 0 126
35538 1 0
35539 0 2
35540 126 127
35541 127 127
35542 127 0
35543 126 127
35544 0 1
35545 0 127
35546 2 0
35547 0 0
35548 3 0
35549 127 127
35550 0 126
35551 126 0
35552 127 0
35553 0 1
35554 126 127
35555 126 0
35556 0 0
35557 127 0
35558 0 127
35559 127 127
35560 2 0
35561 126 0
35562 0 126
35563 0 127
35564 126 127
35565 0 126
35566 0 1
35567 127 0
35568 0 127
35569 126 0
35570 127 127
35571 127 0
35572 1 0
35573 2 0
35574 0 126
35575 0 0
35576 126 127
35577 127 127
35578 0 127
35579 126 0
35580 0 126
35581 127 0
35582 3 0
35583 0 1
35584 2 0
35585 126 127
35586 0 0
35587 127 127
35588 3 0
35589 0 127
35590 126 127
35591 126 0
35592 0 126
35593 127 127
35594 126 127
35595 127 0
35596 126 0
35597 127 0
35598 0 127
35599 0 1
35600 0 0
35601 0 126
35602 0 1
35603 0 127
35604 2 0
35605 0 126
35606 126 0
35607 127 0
35608 1 0
35609 127 127
35610 126 0
35611 127 0
35612 0 127
35613 126 0
35614 127 0
35615 126 0
35616 126 127
35617 0 126
35618 127 127
35619 2 0
35620 126 127
35621 127 127
35622 127 0
35623 0 127
35624 0 0
35625 126 127
35626 126 0
35627 127 0
35628 126 0
35629 3 0
35630 127 127
35631 2 0
35632 0 1
35633 126 127
35634 127 127
35635 0 126
35636 126 127
35637 1 0
35638 0 2
35639 0 1
35640 2 0
35641 127 127
35642 0 0
35643 126 127
35644 0 127
35645 0 126
35646 127 0
35647 126 0
35648 3 0
35649 127 0
35650 2 0
35651 0 127
35652 127 127
35653 126 127
35654 0 1
35655 127 127
35656 0 126
35657 0 127
35658 1 0
35659 126 127
35660 0 126
35661 0 127
35662 126 0
35663 127 0
35664 126 0
35665 0 126
35666 2 0
35667 0 0
35668 3 0
35669 127 127
35670 127 0
35671 0 127
35672 0 1
35673 2 0
35674 126 0
35675 1 0
35676 2 0
35677 0 0
35678 3 0
35679 127 0
35680 0 1
35681 0 0
35682 2 0
35683 3 0
35684 126 0
35685 0 126
35686 0 1
35687 2 0
35688 0 127
35689 127 0
35690 126 0
35691 127 0
35692 0 126
35693 126 127
35694 0 0
35695 3 0
35696 0 127
35697 0 1
35698 126 0
35699 127 127
35700 2 0
35701 126 127
35702 0 126
35703 127 0
35704 127 127
35705 126 0
35706 0 0
35707 127 0
35708 3 0
35709 2 0
35710 0 1
35711 0 127
35712 0 0
35713 0 126
35714 126 0
35715 126 127
35716 127 0
35717 127 127
35718 3 0
35719 126 127
35720 0 1
35721 0 127
35722 2 0
35723 127 127
35724 0 0
35725 126 127
35726 0 126
35727 0 127
35728 126 0
35729 127 0
35730 3 0
35731 126 0
35732 0 126
35733 0 127
35734 127 127
35735 0 126
35736 126 127
35737 0 127
35738 2 0
35739 127 0
35740 3 0
35741 0 126
35742 0 127
35743 2 0
35744 127 127
35745 126 0
35746 127 0
35747 126 0
35748 127 0
35749 126 0
35750 126 127
35751 127 127
35752 127 0
35753 126 127
35754 126 0
35755 0 126
35756 127 0
35757 3 0
35758 0 127
35759 126 0
35760 0 1
35761 2 0
35762 1 0
35763 127 127
35764 127 0
35765 0 126
35766 126 0
35767 127 0
35768 126 127
35769 127 127
35770 126 127
35771 0 127
35772 0 2
35773 0 126
35774 0 1
35775 2 0
35776 0 127
35777 126 0
35778 0 0
35779 0 1
35780 127 127
35781 127 0
35782 0 0
35783 0 126
35784 0 127
35785 0 126
35786 0 127
35787 126 127
35788 126 0
35789 3 0
35790 2 0
35791 3 0
35792 127 127
35793 127 0
35794 2 0
35795 0 126
35796 3 0
35797 126 127
35798 126 0
35799 2 0
35800 0 1
35801 0 0
35802 127 127
35803 0 1
35804 127 0
35805 126 0
35806 0 0
35807 127 0
35808 126 127
35809 126 0
35810 127 0
35811 3 0
35812 2 0
35813 0 1
35814 0 127
35815 0 0
35816 127 127
35817 126 0
35818 0 1
35819 126 127
35820 0 0
35821 3 0
35822 127 127
35823 126 127
35824 0 126
35825 0 1
35826 0 0
35827 0 127
35828 0 1
35829 127 0
35830 2 0
35831 126 0
35832 1 0
35833 0 2
35834 0 0
35835 1 0
35836 0 126
35837 0 127
35838 0 0
35839 127 0
35840 0 3
35841 0 126
35842 0 1
35843 0 4
35844 127 127
35845 0 0
35846 126 0
35847 0 127
35848 0 3
35849 127 0
35850 126 0
35851 0 2
35852 0 126
35853 0 3
35854 126 127
35855 127 127
35856 0 127
35857 0 2
35858 1 0
35859 0 126
35860 0 1
35861 0 2
35862 0 127
35863 127 0
35864 0 1
35865 126 0
35866 2 0
35867 0 126
35868 126 127
35869 127 0
35870 127 127
35871 1 0
35872 126 0
35873 0 2
35874 0 127
35875 126 127
35876 0 1
35877 127 127
35878 0 2
35879 0 0
35880 1 0
35881 0 0
35882 1 0
35883 126 127
35884 0 126
35885 0 127
35886 0 1
35887 127 127
35888 0 126
35889 0 127
35890 2 0
35891 0 0
35892 0 126
35893 3 0
35894 0 127
35895 0 1
35896 2 0
35897 126 127
35898 0 126
35899 127 127
35900 0 0
35901 126 127
35902 127 0
35903 126 0
35904 127 0
35905 0 1
35906 126 0
35907 0 0
35908 127 127
35909 3 0
35910 0 1
35911 126 127
35912 127 127
35913 0 0
35914 126 127
35915 0 1
35916 0 0
35917 0 1
35918 0 127
35919 2 0
35920 1 0
35921 0 126
35922 127 127
35923 126 127
35924 0 2
35925 0 0
35926 0 3
35927 127 0
35928 127 127
35929 126 0
35930 0 2
35931 126 127
35932 0 3
35933 0 1
35934 0 0
35935 127 127
35936 126 127
35937 0 127
35938 0 1
35939 127 0
35940 0 4
35941 127 127
35942 126 127
35943 126 0
35944 0 126
35945 0 3
35946 0 4
35947 0 3
35948 0 4
35949 127 0
35950 0 3
35951 0 127
35952 126 0
35953 127 127
35954 0 0
35955 126 127
35956 127 0
35957 127 127
35958 0 1
35959 126 0
35960 126 127
35961 0 126
35962 0 127
35963 127 0
35964 0 0
35965 0 2
35966 1 0
35967 0 0
35968 0 3
35969 0 2
35970 0 3
35971 127 127
35972 0 1
35973 126 127
35974 0 4
35975 127 127
35976 126 127
35977 126 0
35978 0 0
35979 0 1
35980 0 3
35981 0 126
35982 127 127
35983 0 4
35984 126 127
35985 0 127
35986 127 0
35987 126 0
35988 127 0
35989 126 0
35990 0 126
35991 0 127
35992 127 0
35993 0 3
35994 0 0
35995 126 0
35996 0 126
35997 127 0
35998 0 127
35999 0 126
36000 0 127
36001 127 127
36002 0 1
36003 0 126
36004 0 4
36005 0 0
36006 0 1
36007 126 0
36008 0 0
36009 127 0
36010 126 0
36011 0 1
36012 0 127
36013 0 3
36014 126 127
36015 127 127
36016 127 0
36017 0 0
36018 0 2
36019 0 126
36020 0 127
36021 1 0
36022 0 126
36023 0 1
36024 126 127
36025 2 0
36026 1 0
36027 127 127
36028 0 2
36029 126 0
36030 0 0
36031 0 127
36032 1 0
36033 127 0
36034 0 126
36035 0 127
36036 0 1
36037 126 127
36038 0 126
36039 0 127
36040 0 126
36041 0 2
36042 127 127
36043 0 0
36044 0 127
36045 0 3
36046 0 1
36047 0 126
36048 0 4
36049 126 0
36050 127 0
36051 0 3
36052 0 0
36053 126 0
36054 0 1
36055 0 4
36056 0 0
36057 0 3
36058 0 1
36059 0 0
36060 0 1
36061 127 0
36062 0 0
36063 0 1
36064 0 4
36065 0 127
36066 0 126
36067 0 0
36068 126 0
36069 127 0
36070 0 1
36071 0 3
36072 0 127
36073 126 0
36074 0 126
36075 0 4
36076 0 0
36077 0 3
36078 126 127
36079 127 127
36080 126 127
36081 127 127
36082 127 0
36083 126 0
36084 127 0
36085 0 127
36086 0 126
36087 0 127
36088 0 126
36089 0 127
36090 0 2
36091 126 0
36092 126 127
36093 127 127
36094 0 126
36095 127 0
36096 0 127
36097 0 3
36098 126 0
36099 126 127
36100 0 126
36101 0 127
36102 127 127
36103 0 2
36104 0 3
36105 0 126
36106 127 0
36107 0 1
36108 0 0
36109 0 1
36110 126 0
36111 127 0
36112 0 0
36113 126 127
36114 127 127
36115 0 2
36116 0 3
36117 0 127
36118 126 127
36119 0 1
36120 0 4
36121 0 0
36122 0 1
36123 0 0
36124 126 0
36125 0 3
36126 0 2
36127 0 126
36128 0 127
36129 1 0
36130 0 0
36131 127 127
36132 0 126
36133 1 0
36134 127 0
36135 126 0
36136 127 0
36137 126 127
36138 0 0
36139 0 3
36140 126 0
36141 0 127
36142 127 0
36143 126 0
36144 0 1
36145 0 126
36146 0 4
36147 0 0
36148 127 0
36149 126 0
36150 0 127
36151 0 126
36152 0 127
36153 127 0
36154 126 0
36155 127 0
36156 126 0
36157 0 3
36158 0 1
36159 0 4
36160 0 0
36161 127 0
36162 0 126
36163 0 127
36164 127 127
36165 126 127
36166 0 126
36167 0 1
36168 0 0
36169 127 127
36170 0 1
36171 126 0
36172 0 127
36173 0 0
36174 0 126
36175 0 1
36176 0 3
36177 127 0
36178 0 0
36179 0 1
36180 0 0
36181 0 127
36182 126 127
36183 126 0
36184 127 0
36185 0 126
36186 126 0
36187 127 127
36188 0 1
36189 0 127
36190 127 0
36191 0 0
36192 0 1
36193 0 4
36194 126 0
36195 0 3
36196 0 0
36197 0 1
36198 0 4
36199 0 0
36200 0 3
36201 0 2
36202 1 0
36203 126 127
36204 127 0
36205 0 0
36206 0 126
36207 126 0
36208 127 0
36209 1 0
36210 126 0
36211 0 1
36212 127 127
36213 127 0
36214 2 0
36215 0 0
36216 0 127
36217 126 0
36218 0 126
36219 126 127
36220 0 127
36221 0 1
36222 0 126
36223 1 0
36224 0 127
36225 127 0
36226 0 126
36227 126 0
36228 127 0
36229 0 127
36230 2 0
36231 127 127
36232 126 0
36233 0 126
36234 0 0
36235 126 127
36236 0 127
36237 0 1
36238 0 126
36239 1 0
36240 127 0
36241 2 0
36242 0 0
36243 0 1
36244 0 127
36245 0 126
36246 126 0
36247 1 0
36248 0 2
36249 127 0
36250 0 1
36251 0 127
36252 126 0
36253 127 127
36254 127 0
36255 126 0
36256 0 2
36257 0 0
36258 126 127
36259 0 126
36260 127 127
36261 1 0
36262 0 1
36263 2 0
36264 126 127
36265 1 0
36266 127 0
36267 127 127
36268 126 127
36269 127 127
36270 2 0
36271 126 127
36272 0 0
36273 0 1
36274 0 0
36275 3 0
36276 2 0
36277 126 0
36278 0 127
36279 3 0
36280 127 127
36281 0 126
36282 126 127
36283 127 127
36284 126 127
36285 2 0
36286 0 1
36287 1 0
36288 127 127
36289 0 2
36290 0 127
36291 0 126
36292 126 127
36293 127 0
36294 0 127
36295 0 126
36296 127 127
36297 126 127
36298 0 127
36299 126 0
36300 0 1
36301 127 127
36302 0 2
36303 0 126
36304 0 127
36305 127 0
36306 126 127
36307 126 0
36308 0 1
36309 127 0
36310 0 126
36311 127 127
36312 0 2
36313 126 127
36314 0 0
36315 127 127
36316 0 3
36317 0 127
36318 126 0
36319 0 2
36320 0 3
36321 0 126
36322 0 2
36323 1 0
36324 127 0
36325 126 0
36326 0 127
36327 0 0
36328 127 0
36329 0 126
36330 1 0
36331 0 0
36332 126 0
36333 1 0
36334 126 127
36335 127 127
36336 127 0
36337 126 127
36338 127 127
36339 0 0
36340 1 0
36341 126 127
36342 126 0
36343 0 1
36344 0 2
36345 0 127
36346 0 0
36347 0 126
36348 0 127
36349 127 0
36350 126 0
36351 0 126
36352 0 3
36353 127 127
36354 126 127
36355 0 2
36356 127 127
36357 1 0
36358 0 0
36359 0 3
36360 127 0
36361 0 2
36362 0 3
36363 0 1
36364 0 4
36365 0 0
36366 126 127
36367 126 0
36368 127 127
36369 0 1
36370 0 3
36371 0 4
36372 0 127
36373 127 0
36374 126 0
36375 126 127
36376 0 0
36377 0 126
36378 0 1
36379 0 0
36380 127 127
36381 0 127
36382 0 1
36383 0 3
36384 126 127
36385 0 0
36386 127 127
36387 0 2
36388 1 0
36389 0 1
36390 2 0
36391 126 127
36392 127 127
36393 0 126
36394 127 0
36395 126 0
36396 0 0
36397 0 1
36398 126 127
36399 127 127
36400 126 127
36401 0 0
36402 127 127
36403 0 1
36404 127 0
36405 126 127
36406 0 0
36407 0 1
36408 0 127
36409 127 127
36410 1 0
36411 126 0
36412 0 2
36413 126 127
36414 127 127
36415 0 0
36416 0 126
36417 1 0
36418 0 127
36419 0 1
36420 127 0
36421 2 0
36422 0 126
36423 126 0
36424 1 0
36425 127 0
36426 2 0
36427 126 127
36428 0 0
36429 3 0
36430 0 1
36431 127 127
36432 0 127
36433 2 0
36434 0 0
36435 126 0
36436 0 126
36437 127 0
36438 3 0
36439 126 127
36440 127 127
36441 2 0
36442 126 0
36443 0 127
36444 126 127
36445 0 1
36446 0 0
36447 3 0
36448 0 126
36449 0 127
36450 0 1
36451 127 127
36452 127 0
36453 126 127
36454 2 0
36455 0 0
36456 0 1
36457 0 0
36458 0 1
36459 0 0
36460 0 1
36461 126 0
36462 0 126
36463 0 127
36464 1 0
36465 127 0
36466 2 0
36467 0 0
36468 0 1
36469 126 0
36470 0 126
36471 127 0
36472 1 0
36473 127 127
36474 0 127
36475 0 126
36476 126 0
36477 126 127
36478 127 0
36479 0 2
36480 0 1
36481 0 2
36482 126 0
36483 0 0
36484 127 0
36485 127 127
36486 1 0
36487 0 1
36488 126 0
36489 0 127
36490 126 127
36491 127 0
36492 127 127
36493 2 0
36494 126 0
36495 126 127
36496 127 127
36497 0 0
36498 0 126
36499 0 127
36500 126 127
36501 0 1
36502 127 127
36503 1 0
36504 0 126
36505 0 127
36506 126 127
36507 127 0
36508 0 126
36509 127 127
36510 0 127
36511 126 0
36512 0 2
36513 0 1
36514 127 0
36515 0 2
36516 126 127
36517 0 1
36518 0 2
36519 0 0
36520 1 0
36521 0 126
36522 0 127
36523 127 127
36524 0 126
36525 126 0
36526 0 0
36527 0 127
36528 1 0
36529 0 0
36530 0 126
36531 127 0
36532 1 0
36533 126 127
36534 0 127
36535 0 126
36536 126 0
36537 127 127
36538 0 1
36539 2 0
36540 0 127
36541 0 0
36542 126 127
36543 127 0
36544 126 0
36545 127 0
36546 127 127
36547 0 126
36548 0 1
36549 0 0
36550 0 1
36551 0 0
36552 126 127
36553 126 0
36554 0 1
36555 0 0
36556 0 1
36557 127 0
36558 126 0
36559 1 0
36560 127 0
36561 0 127
36562 126 0
36563 127 127
36564 127 0
36565 0 126
36566 126 127
36567 0 127
36568 0 126
36569 2 0
36570 127 127
36571 0 0
36572 0 1
36573 126 127
36574 126 0
36575 0 0
36576 127 127
36577 0 127
36578 0 1
36579 126 127
36580 0 126
36581 1 0
36582 127 0
36583 0 2
36584 0 1
36585 126 0
36586 127 127
36587 127 0
36588 0 2
36589 126 127
36590 0 127
36591 127 127
36592 126 127
36593 127 127
36594 126 127
36595 0 0
36596 126 0
36597 127 0
36598 127 127
36599 1 0
36600 0 0
36601 1 0
36602 0 126
36603 0 1
36604 2 0
36605 0 127
36606 0 0
36607 0 1
36608 0 126
36609 126 0
36610 0 127
36611 1 0
36612 0 2
36613 0 126
36614 0 0
36615 1 0
36616 0 127
36617 0 1
36618 0 126
36619 127 0
36620 2 0
36621 126 127
36622 1 0
36623 2 0
36624 127 127
36625 126 0
36626 127 0
36627 0 0
36628 0 1
36629 1 0
36630 0 2
36631 0 0
36632 0 3
36633 0 2
36634 1 0
36635 126 0
36636 127 0
36637 126 127
36638 126 0
36639 127 0
36640 0 127
36641 127 127
36642 0 126
36643 0 0
36644 126 127
36645 1 0
36646 127 127
36647 126 127
36648 0 0
36649 0 3
36650 127 127
36651 0 2
36652 1 0
36653 0 1
36654 2 0
36655 1 0
36656 2 0
36657 126 0
36658 127 0
36659 126 127
36660 1 0
36661 2 0
36662 1 0
36663 127 127
36664 2 0
36665 0 0
36666 126 127
36667 126 0
36668 0 1
36669 1 0
36670 2 0
36671 1 0
36672 127 0
36673 2 0
36674 127 127
36675 126 127
36676 1 0
36677 0 2
36678 0 1
36679 2 0
36680 1 0
36681 126 0
36682 0 127
36683 0 126
36684 127 127
36685 0 2
36686 0 1
36687 2 0
36688 0 0
36689 0 1
36690 127 0
36691 126 127
36692 1 0
36693 126 0
36694 0 127
36695 127 127
36696 0 2
36697 127 0
36698 0 0
36699 0 126
36700 1 0
36701 126 127
36702 0 0
36703 126 0
36704 127 0
36705 0 127
36706 0 126
36707 127 127
36708 126 127
36709 0 127
36710 127 127
36711 126 0
36712 1 0
36713 0 1
36714 2 0
36715 0 126
36716 0 127
36717 126 127
36718 0 0
36719 127 127
36720 3 0
36721 126 127
36722 2 0
36723 3 0
36724 0 126
36725 2 0
36726 127 127
36727 3 0
36728 0 1
36729 0 127
36730 2 0
36731 0 0
36732 0 1
36733 1 0
36734 127 0
36735 0 126
36736 2 0
36737 1 0
36738 126 0
36739 2 0
36740 0 127
36741 0 0
36742 0 126
36743 3 0
36744 2 0
36745 3 0
36746 126 127
36747 127 0
36748 127 127
36749 126 127
36750 0 1
36751 0 0
36752 0 127
36753 126 0
36754 127 127
36755 2 0
36756 126 127
36757 127 127
36758 127 0
36759 126 127
36760 127 127
36761 126 0
36762 126 127
36763 0 126
36764 0 127
36765 127 0
36766 0 1
36767 0 0
36768 0 126
36769 0 1
36770 127 127
36771 0 0
36772 3 0
36773 2 0
36774 3 0
36775 126 127
36776 126 0
36777 0 127
36778 0 1
36779 0 0
36780 0 1
36781 0 0
36782 0 1
36783 2 0
36784 127 0
36785 0 126
36786 0 127
36787 0 126
36788 1 0
36789 126 0
36790 0 2
36791 0 0
36792 0 127
36793 0 126
36794 0 127
36795 127 0
36796 126 0
36797 0 3
36798 0 1
36799 127 0
36800 126 0
36801 0 4
36802 0 126
36803 0 3
36804 127 127
36805 0 127
36806 0 0
36807 0 1
36808 0 126
36809 126 127
36810 127 127
36811 0 4
36812 127 0
36813 126 0
36814 0 3
36815 127 0
36816 0 4
36817 0 0
36818 126 0
36819 127 0
36820 0 127
36821 126 0
36822 0 126
36823 0 3
36824 0 1
36825 0 4
36826 126 127
36827 127 127
36828 127 0
36829 0 127
36830 0 0
36831 126 127
36832 0 126
36833 126 0
36834 127 0
36835 0 3
36836 127 127
36837 0 1
36838 126 0
36839 0 4
36840 127 0
36841 126 0
36842 0 3
36843 0 0
36844 127 0
36845 126 127
36846 127 127
36847 0 2
36848 0 127
36849 0 126
36850 126 127
36851 0 127
36852 126 0
36853 0 3
36854 0 2
36855 1 0
36856 127 0
36857 127 127
36858 0 126
36859 0 1
36860 2 0
36861 1 0
36862 126 127
36863 127 127
36864 126 0
36865 2 0
36866 1 0
36867 126 127
36868 0 127
36869 0 2
36870 0 126
36871 127 0
36872 0 127
36873 127 127
36874 0 0
36875 1 0
36876 0 1
36877 0 126
36878 0 127
36879 0 126
36880 0 2
36881 126 0
36882 0 0
36883 0 127
36884 1 0
36885 0 1
36886 0 2
36887 0 1
36888 0 126
36889 2 0
36890 0 127
36891 1 0
36892 2 0
36893 1 0
36894 126 127
36895 0 2
36896 127 127
36897 0 1
36898 0 2
36899 0 1
36900 0 2
36901 126 127
36902 127 127
36903 0 126
36904 0 127
36905 126 127
36906 0 0
36907 0 126
36908 1 0
36909 0 0
36910 0 127
36911 0 126
36912 127 127
36913 126 127
36914 1 0
36915 0 0
36916 127 127
36917 127 0
36918 1 0
36919 126 0
36920 0 127
36921 0 126
36922 0 0
36923 126 127
36924 127 127
36925 127 0
36926 1 0
36927 126 0
36928 0 1
36929 127 0
36930 126 0
36931 126 127
36932 2 0
36933 127 0
36934 0 0
36935 126 0
36936 3 0
36937 2 0
36938 0 127
36939 127 127
36940 3 0
36941 126 127
36942 0 126
36943 0 1
36944 0 127
36945 127 127
36946 127 0
36947 126 0
36948 2 0
36949 0 0
36950 127 0
36951 0 126
36952 0 1
36953 0 0
36954 0 1
36955 126 0
36956 126 127
36957 127 127
36958 0 127
36959 0 0
36960 127 0
36961 0 1
36962 126 0
36963 0 0
36964 0 126
36965 3 0
36966 0 1
36967 0 0
36968 126 127
36969 127 0
36970 0 1
36971 0 127
36972 2 0
36973 126 0
36974 0 0
36975 127 127
36976 0 126
36977 127 0
36978 0 1
36979 126 0
36980 0 0
36981 127 0
36982 0 1
36983 0 0
36984 3 0
36985 126 127
36986 127 127
36987 2 0
36988 0 1
36989 126 127
36990 1 0
36991 2 0
36992 0 127
36993 126 0
36994 127 0
36995 0 126
36996 127 127
36997 0 127
36998 0 0
36999 126 127
37000 127 127
37001 3 0
37002 0 1
37003 126 0
37004 126 127
37005 127 0
37006 127 127
37007 126 127
37008 126 0
37009 0 126
37010 2 0
37011 0 127
37012 0 0
37013 3 0
37014 0 126
37015 0 1
37016 0 127
37017 0 126
37018 0 0
37019 2 0
37020 127 0
37021 0 127
37022 126 0
37023 127 127
37024 3 0
37025 126 127
37026 127 0
37027 0 1
37028 126 0
37029 0 0
37030 2 0
37031 3 0
37032 127 0
37033 126 0
37034 0 126
37035 2 0
37036 0 127
37037 127 0
37038 127 127
37039 126 127
37040 0 126
37041 127 127
37042 0 127
37043 126 0
37044 3 0
37045 127 0
37046 2 0
37047 126 127
37048 127 127
37049 0 126
37050 126 127
37051 127 127
37052 0 1
37053 0 127
37054 0 0
37055 3 0
37056 0 126
37057 126 127
37058 127 127
37059 2 0
37060 3 0
37061 126 0
37062 0 127
37063 2 0
37064 3 0
37065 126 127
37066 0 126
37067 127 0
37068 0 127
37069 0 126
37070 126 0
37071 127 0
37072 0 127
37073 0 126
37074 2 0
37075 126 0
37076 3 0
37077 0 1
37078 127 0
37079 127 127
37080 126 0
37081 0 0
37082 0 127
37083 126 127
37084 127 0
37085 0 1
37086 127 127
37087 2 0
37088 0 126
37089 0 0
37090 3 0
37091 0 127
37092 126 127
37093 126 0
37094 0 126
37095 127 127
37096 0 127
37097 0 126
37098 0 127
37099 0 1
37100 127 0
37101 126 127
37102 126 0
37103 0 0
37104 127 127
37105 0 1
37106 0 0
37107 0 126
37108 2 0
37109 126 127
37110 127 127
37111 0 1
37112 0 0
37113 127 0
37114 0 1
37115 126 0
37116 127 0
37117 0 127
37118 126 127
37119 127 127
37120 1 0
37121 2 0
37122 126 0
37123 1 0
37124 126 127
37125 0 126
37126 127 127
37127 0 2
37128 0 127
37129 0 1
37130 0 126
37131 0 2
37132 0 1
37133 126 127
37134 0 2
37135 0 1
37136 127 0
37137 127 127
37138 2 0
37139 126 0
37140 0 127
37141 0 0
37142 3 0
37143 127 0
37144 126 0
37145 126 127
37146 127 127
37147 126 127
37148 127 0
37149 2 0
37150 3 0
37151 0 1
37152 2 0
37153 126 0
37154 0 126
37155 1 0
37156 0 2
37157 0 127
37158 127 127
37159 0 1
37160 0 2
37161 0 126
37162 127 0
37163 0 127
37164 126 127
37165 0 126
37166 0 0
37167 0 3
37168 127 127
37169 126 127
37170 0 1
37171 126 0
37172 0 127
37173 127 0
37174 0 0
37175 127 127
37176 0 2
37177 0 126
37178 0 3
37179 126 0
37180 127 0
37181 126 0
37182 0 1
37183 0 4
37184 0 127
37185 126 127
37186 0 126
37187 0 127
37188 0 0
37189 0 126
37190 0 3
37191 127 0
37192 127 127
37193 126 0
37194 0 127
37195 0 126
37196 0 127
37197 0 1
37198 127 0
37199 0 4
37200 126 127
37201 0 126
37202 127 127
37203 126 0
37204 0 0
37205 127 0
37206 126 0
37207 126 127
37208 0 3
37209 0 2
37210 127 0
37211 0 127
37212 0 3
37213 127 127
37214 0 2
37215 126 0
37216 1 0
37217 127 0
37218 0 126
37219 126 127
37220 127 127
37221 0 127
37222 126 127
37223 126 0
37224 127 0
37225 127 127
37226 0 126
37227 126 127
37228 0 1
37229 0 2
37230 0 127
37231 126 0
37232 0 1
37233 0 126
37234 0 2
37235 0 127
37236 127 0
37237 127 127
37238 126 127
37239 0 0
37240 0 126
37241 1 0
37242 0 0
37243 1 0
37244 0 1
37245 2 0
37246 0 127
37247 1 0
37248 0 2
37249 0 126
37250 127 127
37251 126 0
37252 126 127
37253 0 0
37254 0 127
37255 1 0
37256 0 126
37257 127 0
37258 0 0
37259 126 0
37260 127 0
37261 0 127
37262 1 0
37263 126 0
37264 0 0
37265 127 127
37266 0 3
37267 127 0
37268 0 126
37269 126 0
37270 0 2
37271 1 0
37272 127 0
37273 126 127
37274 127 127
37275 0 127
37276 0 0
37277 0 126
37278 126 127
37279 127 127
37280 0 3
37281 0 1
37282 126 0
37283 0 127
37284 0 126
37285 0 4
37286 0 3
37287 0 4
37288 127 0
37289 126 0
37290 0 0
37291 0 3
37292 127 0
37293 0 127
37294 0 2
37295 1 0
37296 126 0
37297 0 1
37298 126 127
37299 0 126
37300 127 127
37301 127 0
37302 126 127
37303 127 127
37304 0 2
37305 126 127
37306 0 127
37307 126 0
37308 0 1
37309 0 2
37310 0 126
37311 0 1
37312 0 2
37313 0 1
37314 0 2
37315 0 127
37316 127 127
37317 127 0
37318 0 0
37319 1 0
37320 0 1
37321 126 127
37322 127 127
37323 2 0
37324 126 127
37325 127 127
37326 0 126
37327 0 127
37328 0 0
37329 0 1
37330 1 0
37331 126 0
37332 126 127
37333 127 0
37334 0 126
37335 127 127
37336 126 127
37337 2 0
37338 126 0
37339 1 0
37340 0 127
37341 127 127
37342 2 0
37343 0 126
37344 1 0
37345 126 127
37346 0 127
37347 0 2
37348 0 0
37349 0 126
37350 1 0
37351 0 1
37352 2 0
37353 0 127
37354 127 127
37355 127 0
37356 126 127
37357 127 127
37358 0 126
37359 0 127
37360 126 127
37361 1 0
37362 127 127
37363 126 0
37364 127 0
37365 126 0
37366 2 0
37367 1 0
37368 127 0
37369 126 127
37370 2 0
37371 0 0
37372 127 127
37373 0 126
37374 0 127
37375 0 1
37376 0 0
37377 0 126
37378 0 1
37379 0 0
37380 126 127
37381 127 127
37382 126 127
37383 3 0
37384 0 1
37385 126 0
37386 2 0
37387 1 0
37388 0 127
37389 127 127
37390 127 0
37391 126 127
37392 0 126
37393 0 127
37394 2 0
37395 1 0
37396 0 126
37397 2 0
37398 0 0
37399 3 0
37400 2 0
37401 3 0
37402 0 1
37403 126 0
37404 2 0
37405 127 0
37406 127 127
37407 1 0
37408 126 127
37409 127 127
37410 0 127
37411 0 2
37412 126 127
37413 126 0
37414 0 126
37415 0 127
37416 0 1
37417 127 0
37418 0 2
37419 126 0
37420 0 1
37421 2 0
37422 0 126
37423 127 127
37424 0 127
37425 126 127
37426 0 0
37427 127 127
37428 3 0
37429 2 0
37430 3 0
37431 127 0
37432 126 127
37433 0 1
37434 127 127
37435 0 126
37436 126 127
37437 2 0
37438 127 127
37439 0 127
37440 0 0
37441 0 1
37442 0 0
37443 126 0
37444 0 1
37445 127 0
37446 1 0
37447 0 126
37448 2 0
37449 1 0
37450 0 2
37451 126 0
37452 126 127
37453 0 0
37454 127 127
37455 127 0
37456 126 127
37457 126 0
37458 0 3
37459 0 127
37460 127 127
37461 127 0
37462 0 126
37463 0 2
37464 0 3
37465 126 127
37466 126 0
37467 127 127
37468 127 0
37469 126 127
37470 127 127
37471 0 2
37472 0 3
37473 0 1
37474 0 0
37475 126 127
37476 127 127
37477 126 0
37478 127 0
37479 0 1
37480 0 127
37481 0 126
37482 0 127
37483 0 0
37484 0 2
37485 126 0
37486 1 0
37487 0 0
37488 127 0
37489 0 126
37490 1 0
37491 0 1
37492 0 2
37493 126 127
37494 126 0
37495 127 0
37496 127 127
37497 0 1
37498 126 127
37499 126 0
37500 2 0
37501 127 127
37502 126 127
37503 1 0
37504 127 127
37505 126 127
37506 127 127
37507 2 0
37508 0 127
37509 0 126
37510 126 127
37511 127 127
37512 1 0
37513 0 2
37514 0 1
37515 2 0
37516 126 127
37517 127 0
37518 127 127
37519 0 127
37520 126 0
37521 0 0
37522 0 1
37523 0 0
37524 3 0
37525 0 1
37526 2 0
37527 1 0
37528 126 127
37529 2 0
37530 127 127
37531 0 0
37532 127 0
37533 126 127
37534 127 127
37535 0 126
37536 126 0
37537 0 1
37538 1 0
37539 2 0
37540 0 0
37541 3 0
37542 0 127
37543 126 127
37544 127 127
37545 0 1
37546 2 0
37547 0 126
37548 1 0
37549 126 127
37550 0 2
37551 127 0
37552 127 127
37553 126 0
37554 0 127
37555 127 0
37556 0 0
37557 0 3
37558 0 2
37559 1 0
37560 126 127
37561 127 127
37562 0 0
37563 1 0
37564 126 127
37565 0 1
37566 0 126
37567 2 0
37568 0 0
37569 0 127
37570 0 126
37571 0 127
37572 127 127
37573 0 126
37574 0 127
37575 126 0
37576 0 1
37577 0 0
37578 126 127
37579 127 0
37580 3 0
37581 0 1
37582 0 0
37583 127 127
37584 0 1
37585 0 126
37586 2 0
37587 1 0
37588 126 0
37589 0 2
37590 0 1
37591 127 0
37592 126 0
37593 0 2
37594 0 1
37595 127 0
37596 2 0
37597 0 127
37598 126 0
37599 126 127
37600 0 126
37601 0 127
37602 127 127
37603 1 0
37604 0 126
37605 0 2
37606 0 127
37607 127 0
37608 0 0
37609 126 127
37610 0 126
37611 127 127
37612 0 3
37613 126 0
37614 0 2
37615 126 127
37616 0 3
37617 127 0
37618 126 0
37619 127 127
37620 0 127
37621 0 1
37622 127 0
37623 126 0
37624 126 127
37625 0 126
37626 0 4
37627 0 0
37628 0 127
37629 127 0
37630 127 127
37631 0 1
37632 0 3
37633 0 0
37634 0 1
37635 0 4
37636 126 0
37637 126 127
37638 127 127
37639 0 3
37640 0 126
37641 126 127
37642 0 4
37643 0 0
37644 0 127
37645 0 126
37646 0 1
37647 127 0
37648 0 3
37649 0 0
37650 127 127
37651 0 2
37652 126 0
37653 0 3
37654 0 127
37655 0 126
37656 0 2
37657 126 127
37658 127 0
37659 0 127
37660 0 3
37661 0 1
37662 0 0
37663 126 0
37664 0 1
37665 127 127
37666 127 0
37667 126 127
37668 0 0
37669 0 1
37670 126 0
37671 0 4
37672 0 126
37673 0 127
37674 0 126
37675 0 127
37676 0 3
37677 0 0
37678 127 0
37679 0 2
37680 0 3
37681 0 126
37682 0 2
37683 127 127
37684 0 3
37685 0 2
37686 126 127
37687 1 0
37688 127 127
37689 0 127
37690 0 126
37691 126 0
37692 0 0
37693 1 0
37694 0 1
37695 127 0
37696 126 127
37697 0 2
37698 126 0
37699 127 0
37700 127 127
37701 126 127
37702 126 0
37703 0 1
37704 0 2
37705 0 0
37706 0 3
37707 0 1
37708 0 4
37709 0 3
37710 0 4
37711 127 0
37712 126 0
37713 0 0
37714 127 127
37715 0 3
37716 127 0
37717 0 127
37718 126 127
37719 127 127
37720 0 126
37721 0 2
37722 0 3
37723 126 0
37724 0 127
37725 127 0
37726 126 0
37727 0 1
37728 126 127
37729 0 4
37730 0 0
37731 0 1
37732 0 126
37733 127 0
37734 0 0
37735 0 1
37736 0 0
37737 0 3
37738 126 0
37739 0 1
37740 0 0
37741 127 127
37742 0 1
37743 126 127
37744 0 0
37745 0 127
37746 0 126
37747 127 0
37748 126 0
37749 0 1
37750 0 4
37751 0 0
37752 0 1
37753 0 0
37754 0 127
37755 0 126
37756 127 0
37757 0 1
37758 0 3
37759 0 4
37760 0 0
37761 126 0
37762 0 3
37763 127 0
37764 127 127
37765 0 2
37766 0 127
37767 126 0
37768 0 126
37769 0 127
37770 0 126
37771 126 127
37772 1 0
37773 127 127
37774 126 127
37775 127 0
37776 0 1
37777 0 2
37778 0 127
37779 0 0
37780 0 3
37781 127 127
37782 126 0
37783 127 0
37784 0 2
37785 1 0
37786 0 0
37787 126 0
37788 0 126
37789 0 3
37790 126 127
37791 0 127
37792 127 0
37793 0 126
37794 127 127
37795 0 2
37796 126 0
37797 0 3
37798 0 1
37799 0 0
37800 126 127
37801 0 1
37802 127 0
37803 127 127
37804 126 127
37805 127 127
37806 126 127
37807 0 4
37808 126 0
37809 127 127
37810 126 127
37811 0 3
37812 0 0
37813 0 1
37814 0 0
37815 0 2
37816 0 127
37817 127 127
37818 126 127
37819 127 127
37820 127 0
37821 1 0
37822 126 127
37823 127 127
37824 0 0
37825 0 126
37826 126 0
37827 1 0
37828 0 1
37829 127 0
37830 126 0
37831 0 2
37832 0 1
37833 2 0
37834 126 127
37835 0 0
37836 127 0
37837 0 127
37838 126 0
37839 0 1
37840 127 0
37841 0 126
37842 1 0
37843 0 2
37844 127 127
37845 126 127
37846 127 127
37847 0 1
37848 2 0
37849 0 0
37850 0 127
37851 126 127
37852 0 126
37853 0 1
37854 1 0
37855 126 0
37856 0 2
37857 0 127
37858 127 0
37859 0 126
37860 127 127
37861 0 1
37862 126 127
37863 0 127
37864 126 0
37865 0 126
37866 127 127
37867 126 127
37868 2 0
37869 1 0
37870 127 0
37871 2 0
37872 0 127
37873 1 0
37874 127 127
37875 126 127
37876 127 127
37877 0 2
37878 126 127
37879 126 0
37880 127 127
37881 126 127
37882 0 1
37883 127 127
37884 2 0
37885 126 127
37886 127 127
37887 0 0
37888 0 1
37889 0 0
37890 0 1
37891 0 126
37892 1 0
37893 126 127
37894 0 2
37895 0 1
37896 127 127
37897 127 0
37898 126 127
37899 2 0
37900 0 127
37901 127 127
37902 126 0
37903 126 127
37904 127 0
37905 1 0
37906 127 127
37907 0 2
37908 126 127
37909 0 126
37910 0 127
37911 127 127
37912 126 127
37913 0 1
37914 127 127
37915 126 0
37916 2 0
37917 127 0
37918 126 127
37919 127 127
37920 126 0
37921 126 127
37922 127 0
37923 0 126
37924 127 127
37925 0 127
37926 1 0
37927 0 126
37928 126 127
37929 127 127
37930 2 0
37931 0 127
37932 1 0
37933 0 126
37934 2 0
37935 126 127
37936 0 127
37937 126 0
37938 1 0
37939 127 0
37940 0 2
37941 126 0
37942 0 0
37943 0 3
37944 0 126
37945 127 127
37946 0 1
37947 0 0
37948 0 2
37949 1 0
37950 0 1
37951 2 0
37952 127 0
37953 0 127
37954 0 126
37955 0 0
37956 126 0
37957 126 127
37958 0 127
37959 127 127
37960 0 126
37961 0 1
37962 0 127
37963 0 126
37964 0 127
37965 126 127
37966 0 0
37967 0 126
37968 0 1
37969 127 127
37970 0 0
37971 126 127
37972 0 127
37973 0 126
37974 3 0
37975 2 0
37976 127 0
37977 126 0
37978 0 127
37979 127 0
37980 127 127
37981 126 127
37982 127 127
37983 126 127
37984 0 126
37985 126 0
37986 0 1
37987 127 127
37988 0 0
37989 127 0
37990 3 0
37991 0 127
37992 126 0
37993 0 1
37994 127 0
37995 126 127
37996 127 127
37997 0 0
37998 126 127
37999 2 0
38000 0 1
38001 126 0
38002 0 0
38003 127 0
38004 126 0
38005 0 1
38006 1 0
38007 127 0
38008 126 0
38009 0 126
38010 127 127
38011 126 127
38012 0 2
38013 0 0
38014 0 127
38015 127 0
38016 126 0
38017 0 3
38018 127 127
38019 0 2
38020 127 0
38021 0 126
38022 0 127
38023 0 126
38024 0 3
38025 0 127
38026 126 0
38027 0 1
38028 0 4
38029 0 0
38030 0 126
38031 126 127
38032 0 1
38033 127 0
38034 126 0
38035 127 0
38036 127 127
38037 0 0
38038 126 127
38039 0 1
38040 0 3
38041 126 0
38042 0 4
38043 0 3
38044 127 127
38045 126 127
38046 127 127
38047 127 0
38048 0 127
38049 0 126
38050 126 0
38051 0 0
38052 0 2
38053 1 0
38054 126 127
38055 0 127
38056 127 0
38057 0 0
38058 127 127
38059 126 127
38060 1 0
38061 126 0
38062 0 126
38063 127 127
38064 0 1
38065 126 127
38066 0 2
38067 127 127
38068 0 1
38069 2 0
38070 1 0
38071 2 0
38072 0 127
38073 126 127
38074 127 127
38075 0 126
38076 0 127
38077 1 0
38078 127 0
38079 0 2
38080 126 0
38081 127 0
38082 0 1
38083 2 0
38084 126 127
38085 0 0
38086 3 0
38087 2 0
38088 3 0
38089 126 0
38090 0 126
38091 127 127
38092 0 127
38093 126 127
38094 2 0
38095 3 0
38096 0 1
38097 127 127
38098 127 0
38099 126 127
38100 126 0
38101 2 0
38102 0 126
38103 127 0
38104 1 0
38105 0 127
38106 0 126
38107 2 0
38108 126 0
38109 0 127
38110 0 0
38111 127 0
38112 3 0
38113 127 127
38114 0 126
38115 0 1
38116 0 127
38117 0 126
38118 2 0
38119 0 0
38120 0 1
38121 0 127
38122 0 0
38123 126 127
38124 126 0
38125 127 0
38126 3 0
38127 2 0
38128 0 1
38129 1 0
38130 0 2
38131 126 0
38132 0 126
38133 0 0
38134 0 3
38135 127 0
38136 127 127
38137 0 127
38138 0 2
38139 0 3
38140 0 126
38141 126 0
38142 126 127
38143 0 1
38144 0 0
38145 0 1
38146 127 0
38147 0 127
38148 0 4
38149 0 0
38150 126 0
38151 127 0
38152 126 0
38153 0 1
38154 127 127
38155 0 0
38156 0 3
38157 126 127
38158 127 0
38159 127 127
38160 0 2
38161 1 0
38162 0 1
38163 2 0
38164 126 0
38165 0 126
38166 127 0
38167 0 127
38168 0 126
38169 0 0
38170 3 0
38171 0 1
38172 126 127
38173 2 0
38174 127 127
38175 0 0
38176 126 127
38177 126 0
38178 127 127
38179 126 127
38180 0 1
38181 0 127
38182 0 0
38183 0 1
38184 0 0
38185 0 126
38186 0 1
38187 0 0
38188 3 0
38189 127 127
38190 2 0
38191 3 0
38192 2 0
38193 127 0
38194 0 1
38195 126 127
38196 0 0
38197 127 127
38198 3 0
38199 0 127
38200 0 1
38201 2 0
38202 0 126
38203 126 127
38204 126 0
38205 127 127
38206 126 127
38207 1 0
38208 0 2
38209 127 0
38210 126 0
38211 0 127
38212 0 126
38213 127 127
38214 0 127
38215 0 0
38216 1 0
38217 127 0
38218 126 127
38219 126 0
38220 0 126
38221 0 1
38222 0 127
38223 0 2
38224 127 127
38225 0 126
38226 126 127
38227 127 127
38228 0 1
38229 0 2
38230 0 1
38231 2 0
38232 127 0
38233 126 0
38234 1 0
38235 0 127
38236 2 0
38237 0 126
38238 0 127
38239 0 0
38240 127 0
38241 126 0
38242 0 1
38243 0 126
38244 0 127
38245 127 0
38246 126 0
38247 0 126
38248 0 0
38249 127 0
38250 126 0
38251 0 1
38252 127 0
38253 126 127
38254 127 127
38255 1 0
38256 0 2
38257 0 0
38258 0 3
38259 126 127
38260 0 2
38261 0 3
38262 126 0
38263 0 2
38264 1 0
38265 127 0
38266 127 127
38267 0 0
38268 126 0
38269 0 127
38270 126 127
38271 0 3
38272 127 0
38273 0 1
38274 0 0
38275 127 127
38276 0 2
38277 126 0
38278 126 127
38279 0 126
38280 1 0
38281 0 1
38282 2 0
38283 1 0
38284 127 127
38285 126 127
38286 0 127
38287 0 2
38288 0 0
38289 1 0
38290 0 0
38291 0 3
38292 0 2
38293 127 0
38294 0 126
38295 126 0
38296 127 0
38297 0 127
38298 127 127
38299 126 0
38300 126 127
38301 0 126
38302 0 3
38303 127 0
38304 0 2
38305 127 127
38306 0 127
38307 1 0
38308 0 126
38309 126 0
38310 126 127
38311 127 127
38312 0 0
38313 127 0
38314 1 0
38315 126 127
38316 127 127
38317 0 0
38318 126 127
38319 127 127
38320 0 3
38321 0 1
38322 0 4
38323 0 3
38324 0 127
38325 126 127
38326 0 4
38327 0 3
38328 0 126
38329 0 4
38330 0 0
38331 0 3
38332 0 1
38333 126 0
38334 127 127
38335 0 0
38336 0 1
38337 0 0
38338 127 0
38339 126 0
38340 0 1
38341 0 4
38342 0 0
38343 0 127
38344 0 126
38345 0 127
38346 0 126
38347 0 1
38348 0 3
38349 0 0
38350 127 0
38351 126 0
38352 0 1
38353 126 127
38354 0 4
38355 127 127
38356 0 3
38357 0 127
38358 126 127
38359 127 0
38360 0 126
38361 0 127
38362 0 4
38363 0 126
38364 0 127
38365 0 3
38366 0 4
38367 126 0
38368 127 127
38369 127 0
38370 0 0
38371 0 1
38372 126 127
38373 0 3
38374 0 4
38375 127 127
38376 0 0
38377 0 126
38378 0 1
38379 126 127
38380 126 0
38381 0 3
38382 0 0
38383 0 1
38384 127 0
38385 127 127
38386 126 0
38387 0 127
38388 0 4
38389 0 126
38390 126 127
38391 127 127
38392 0 127
38393 0 3
38394 127 0
38395 0 0
38396 126 0
38397 0 2
38398 1 0
38399 126 127
38400 127 0
38401 0 1
38402 0 2
38403 127 127
38404 0 0
38405 126 0
38406 126 127
38407 1 0
38408 0 126
38409 0 1
38410 0 127
38411 127 0
38412 127 127
38413 126 0
38414 126 127
38415 0 2
38416 0 0
38417 0 3
38418 0 1
38419 0 0
38420 0 1
38421 0 4
38422 127 0
38423 0 126
38424 0 0
38425 0 127
38426 0 126
38427 0 127
38428 0 126
38429 0 1
38430 0 3
38431 0 127
38432 0 4
38433 0 126
38434 0 3
38435 0 0
38436 126 0
38437 0 2
38438 127 127
38439 127 0
38440 0 3
38441 0 1
38442 0 4
38443 0 127
38444 0 0
38445 126 0
38446 0 126
38447 0 1
38448 126 127
38449 127 0
38450 126 0
38451 0 3
38452 127 127
38453 127 0
38454 126 0
38455 0 0
38456 0 1
38457 0 127
38458 0 4
38459 0 3
38460 126 127
38461 127 0
38462 0 126
38463 0 4
38464 0 3
38465 0 127
38466 126 0
38467 0 4
38468 0 126
38469 0 3
38470 0 4
38471 0 0
38472 127 0
38473 126 0
38474 127 127
38475 0 127
38476 0 1
38477 126 127
38478 0 0
38479 127 127
38480 126 127
38481 0 126
38482 0 1
38483 0 0
38484 0 3
38485 127 0
38486 127 127
38487 0 2
38488 126 0
38489 126 127
38490 0 127
38491 0 126
38492 0 3
38493 0 1
38494 127 127
38495 0 127
38496 0 0
38497 0 126
38498 127 0
38499 0 1
38500 126 127
38501 0 127
38502 0 0
38503 127 127
38504 0 1
38505 126 127
38506 0 4
38507 0 0
38508 0 1
38509 127 127
38510 126 0
38511 0 3
38512 0 0
38513 0 126
38514 0 127
38515 0 1
38516 0 0
38517 127 0
38518 0 2
38519 126 127
38520 126 0
38521 127 127
38522 127 0
38523 126 0
38524 0 3
38525 126 127
38526 0 1
38527 0 4
38528 0 0
38529 0 3
38530 0 2
38531 127 127
38532 0 126
38533 0 3
38534 0 127
38535 127 0
38536 0 126
38537 126 0
38538 127 0
38539 126 127
38540 126 0
38541 127 0
38542 0 1
38543 0 4
38544 0 127
38545 0 126
38546 0 127
38547 0 0
38548 0 3
38549 0 126
38550 0 127
38551 127 127
38552 0 2
38553 126 127
38554 0 3
38555 126 0
38556 127 0
38557 0 126
38558 0 2
38559 1 0
38560 0 1
38561 0 127
38562 2 0
38563 127 127
38564 0 0
38565 0 126
38566 126 0
38567 0 127
38568 127 0
38569 0 126
38570 126 127
38571 126 0
38572 3 0
38573 127 0
38574 0 127
38575 126 0
38576 0 1
38577 127 127
38578 0 0
38579 2 0
38580 3 0
38581 0 126
38582 126 127
38583 0 1
38584 0 0
38585 2 0
38586 0 1
38587 0 0
38588 0 127
38589 3 0
38590 2 0
38591 3 0
38592 0 1
38593 0 0
38594 0 126
38595 127 0
38596 0 1
38597 0 0
38598 2 0
38599 126 0
38600 127 0
38601 127 127
38602 126 127
38603 0 127
38604 3 0
38605 0 126
38606 2 0
38607 127 127
38608 126 0
38609 0 127
38610 0 1
38611 0 126
38612 126 127
38613 127 127
38614 0 0
38615 0 127
38616 126 127
38617 3 0
38618 2 0
38619 127 0
38620 3 0
38621 0 126
38622 126 0
38623 127 127
38624 0 1
38625 126 127
38626 0 0
38627 127 127
38628 127 0
38629 0 127
38630 126 127
38631 2 0
38632 127 127
38633 126 127
38634 0 1
38635 0 0
38636 0 126
38637 0 1
38638 127 127
38639 126 0
38640 1 0
38641 127 0
38642 2 0
38643 0 0
38644 0 1
38645 126 127
38646 126 0
38647 0 0
38648 0 1
38649 127 0
38650 0 127
38651 1 0
38652 2 0
38653 1 0
38654 0 126
38655 0 2
38656 0 1
38657 2 0
38658 126 0
38659 127 127
38660 0 0
38661 0 1
38662 127 0
38663 126 127
38664 0 0
38665 0 127
38666 127 127
38667 126 0
38668 126 127
38669 0 1
38670 0 0
38671 127 0
38672 0 126
38673 126 0
38674 0 127
38675 0 1
38676 127 127
38677 1 0
38678 126 127
38679 0 126
38680 0 2
38681 127 127
38682 127 0
38683 126 127
38684 127 127
38685 126 0
38686 126 127
38687 0 1
38688 127 127
38689 127 0
38690 0 127
38691 126 0
38692 0 126
38693 127 0
38694 2 0
38695 126 0
38696 126 127
38697 0 127
38698 0 0
38699 0 1
38700 127 127
38701 126 127
38702 1 0
38703 127 127
38704 0 2
38705 126 127
38706 127 127
38707 127 0
38708 0 0
38709 0 126
38710 1 0
38711 0 127
38712 126 127
38713 0 0
38714 1 0
38715 0 1
38716 126 0
38717 2 0
38718 0 0
38719 0 126
38720 0 127
38721 0 126
38722 3 0
38723 127 0
38724 2 0
38725 0 1
38726 1 0
38727 2 0
38728 127 127
38729 0 127
38730 0 0
38731 0 1
38732 0 0
38733 126 0
38734 0 126
38735 126 127
38736 0 1
38737 0 127
38738 0 126
38739 0 0
38740 127 0
38741 0 1
38742 126 0
38743 0 0
38744 127 127
38745 127 0
38746 126 127
38747 126 0
38748 0 127
38749 127 0
38750 3 0
38751 126 0
38752 2 0
38753 3 0
38754 127 127
38755 126 127
38756 0 1
38757 127 0
38758 126 0
38759 127 127
38760 2 0
38761 0 126
38762 0 0
38763 126 127
38764 0 1
38765 127 127
38766 0 0
38767 0 127
38768 0 1
38769 127 0
38770 126 0
38771 0 126
38772 1 0
38773 0 127
38774 127 0
38775 126 127
38776 126 0
38777 127 127
38778 0 2
38779 127 0
38780 126 0
38781 126 127
38782 127 0
38783 0 0
38784 127 127
38785 126 127
38786 0 126
38787 127 127
38788 0 3
38789 0 127
38790 126 127
38791 0 1
38792 127 127
38793 0 4
38794 0 3
38795 0 4
38796 126 127
38797 126 0
38798 127 0
38799 0 126
38800 0 3
38801 127 127
38802 0 127
38803 0 4
38804 0 126
38805 126 127
38806 0 127
38807 127 127
38808 0 126
38809 0 127
38810 0 3
38811 126 127
38812 0 0
38813 0 1
38814 0 0
38815 0 1
38816 0 126
38817 0 4
38818 127 127
38819 0 127
38820 0 0
38821 126 0
38822 0 3
38823 0 1
38824 126 127
38825 0 0
38826 0 1
38827 127 0
38828 0 0
38829 0 1
38830 127 127
38831 126 0
38832 127 0
38833 0 4
38834 126 127
38835 0 0
38836 0 126
38837 127 127
38838 0 127
38839 0 126
38840 0 1
38841 126 127
38842 0 127
38843 126 0
38844 0 3
38845 127 0
38846 126 0
38847 127 0
38848 0 0
38849 0 1
38850 127 127
38851 0 4
38852 0 0
38853 126 127
38854 0 3
38855 0 126
38856 0 1
38857 127 127
38858 126 127
38859 0 0
38860 0 1
38861 126 0
38862 127 127
38863 127 0
38864 0 127
38865 0 126
38866 0 4
38867 126 0
38868 0 127
38869 0 3
38870 0 0
38871 0 1
38872 0 0
38873 126 127
38874 127 127
38875 126 127
38876 0 1
38877 0 126
38878 0 127
38879 0 0
38880 0 2
38881 0 3
38882 127 0
38883 0 126
38884 0 1
38885 126 0
38886 0 0
38887 0 1
38888 0 127
38889 127 0
38890 127 127
38891 0 4
38892 0 126
38893 126 0
38894 0 127
38895 0 126
38896 126 127
38897 127 0
38898 127 127
38899 0 0
38900 0 127
38901 126 0
38902 126 127
38903 0 1
38904 0 0
38905 127 0
38906 0 126
38907 0 127
38908 126 0
38909 0 1
38910 0 126
38911 127 127
38912 0 127
38913 0 0
38914 0 1
38915 127 0
38916 0 126
38917 0 3
38918 0 0
38919 0 2
38920 0 127
38921 1 0
38922 0 126
38923 126 0
38924 0 127
38925 127 0
38926 126 127
38927 127 127
38928 0 126
38929 0 0
38930 0 3
38931 0 1
38932 0 4
38933 126 0
38934 127 0
38935 0 127
38936 0 3
38937 0 0
38938 0 1
38939 0 0
38940 0 2
38941 126 0
38942 126 127
38943 0 3
38944 127 127
38945 0 126
38946 127 0
38947 126 0
38948 126 127
38949 127 0
38950 126 0
38951 0 2
38952 0 127
38953 0 3
38954 0 2
38955 1 0
38956 0 0
38957 127 0
38958 126 0
38959 1 0
38960 0 0
38961 127 127
38962 0 126
38963 127 0
38964 126 0
38965 0 127
38966 126 127
38967 127 127
38968 1 0
38969 126 127
38970 127 127
38971 126 127
38972 0 126
38973 0 1
38974 2 0
38975 127 127
38976 127 0
38977 126 127
38978 0 0
38979 0 127
38980 126 0
38981 127 0
38982 126 0
38983 127 0
38984 126 0
38985 127 127
38986 3 0
38987 2 0
38988 0 1
38989 0 126
38990 0 0
38991 3 0
38992 126 127
38993 2 0
38994 127 0
38995 0 1
38996 127 127
38997 1 0
38998 126 0
38999 0 127
39000 126 127
39001 2 0
39002 1 0
39003 127 0
39004 127 127
39005 126 127
39006 0 2
39007 126 0
39008 127 0
39009 126 0
39010 0 0
39011 127 0
39012 1 0
39013 0 1
39014 127 127
39015 0 126
39016 2 0
39017 126 0
39018 1 0
39019 126 127
39020 2 0
39021 1 0
39022 127 0
39023 0 2
39024 0 127
39025 0 1
39026 127 127
39027 0 2
39028 0 1
39029 2 0
39030 126 0
39031 0 126
39032 127 0
39033 1 0
39034 0 127
39035 126 127
39036 127 127
39037 2 0
39038 1 0
39039 126 127
39040 126 0
39041 127 127
39042 126 127
39043 127 0
39044 0 2
39045 127 127
39046 126 127
39047 0 126
39048 0 0
39049 1 0
39050 126 0
39051 0 0
39052 127 0
39053 0 127
39054 126 0
39055 127 0
39056 127 127
39057 126 0
39058 0 126
39059 0 127
39060 0 3
39061 0 126
39062 0 1
39063 0 127
39064 126 127
39065 0 4
39066 0 126
39067 127 127
39068 126 127
39069 127 127
39070 0 3
39071 0 127
39072 127 0
39073 0 0
39074 126 127
39075 0 2
39076 0 126
39077 0 127
39078 0 126
39079 126 0
39080 0 3
39081 0 127
39082 0 2
39083 127 0
39084 0 126
39085 0 3
39086 0 2
39087 126 0
39088 0 3
39089 127 127
39090 0 2
39091 1 0
39092 0 1
39093 2 0
39094 126 127
39095 127 127
39096 1 0
39097 0 2
39098 0 127
39099 126 127
39100 0 1
39101 0 2
39102 127 0
39103 127 127
39104 126 127
39105 126 0
39106 127 127
39107 127 0
39108 126 0
39109 126 127
39110 0 1
39111 127 127
39112 0 2
39113 126 127
39114 127 0
39115 126 0
39116 0 126
39117 0 0
39118 127 127
39119 0 127
39120 126 127
39121 1 0
39122 0 1
39123 2 0
39124 0 126
39125 127 127
39126 0 0
39127 127 0
39128 126 0
39129 3 0
39130 127 0
39131 126 0
39132 126 127
39133 127 0
39134 0 1
39135 0 0
39136 0 127
39137 0 1
39138 127 127
39139 2 0
39140 126 127
39141 0 0
39142 0 1
39143 127 127
39144 0 126
39145 126 127
39146 126 0
39147 127 127
39148 1 0
39149 2 0
39150 127 0
39151 0 127
39152 1 0
39153 2 0
39154 0 0
39155 126 127
39156 126 0
39157 0 1
39158 1 0
39159 0 2
39160 0 0
39161 127 0
39162 0 126
39163 0 127
39164 126 0
39165 1 0
39166 0 1
39167 0 126
39168 127 0
39169 2 0
39170 127 127
39171 1 0
39172 0 127
39173 0 126
39174 0 2
39175 0 1
39176 0 127
39177 0 2
39178 126 0
39179 127 0
39180 126 0
39181 0 0
39182 1 0
39183 127 0
39184 126 127
39185 0 0
39186 0 126
39187 127 127
39188 1 0
39189 0 0
39190 1 0
39191 126 0
39192 0 0
39193 127 0
39194 0 3
39195 0 2
39196 126 127
39197 126 0
39198 127 0
39199 0 3
39200 0 2
39201 0 3
39202 126 0
39203 0 2
39204 0 3
39205 0 127
39206 0 1
39207 127 127
39208 0 4
39209 0 0
39210 0 1
39211 0 0
39212 0 126
39213 0 127
39214 127 0
39215 126 0
39216 0 1
39217 0 3
39218 127 0
39219 126 127
39220 0 126
39221 126 0
39222 127 127
39223 0 4
39224 0 0
39225 0 3
39226 127 0
39227 0 127
39228 126 0
39229 126 127
39230 0 2
39231 127 0
39232 126 0
39233 127 127
39234 0 3
39235 0 1
39236 0 0
39237 0 126
39238 126 127
39239 0 127
39240 127 0
39241 127 127
39242 126 0
39243 126 127
39244 127 127
39245 0 1
39246 127 0
39247 0 0
39248 0 1
39249 126 127
39250 0 0
39251 127 127
39252 126 127
39253 126 0
39254 0 2
39255 0 126
39256 0 3
39257 127 0
39258 126 0
39259 0 2
39260 0 127
39261 127 0
39262 1 0
39263 0 126
39264 127 127
39265 0 127
39266 0 126
39267 0 1
39268 0 127
39269 0 126
39270 2 0
39271 126 0
39272 0 0
39273 0 127
39274 126 127
39275 127 0
39276 126 0
39277 0 1
39278 127 127
39279 127 0
39280 126 127
39281 0 126
39282 0 127
39283 126 0
39284 127 127
39285 127 0
39286 126 127
39287 126 0
39288 127 127
39289 1 0
39290 0 2
39291 0 126
39292 0 0
39293 0 3
39294 0 127
39295 0 1
39296 126 127
39297 0 126
39298 0 127
39299 127 127
39300 127 0
39301 0 126
39302 126 127
39303 0 4
39304 0 127
39305 126 0
39306 127 0
39307 126 0
39308 0 0
39309 127 0
39310 0 3
39311 0 2
39312 0 126
39313 127 127
39314 126 0
39315 0 127
39316 1 0
39317 0 126
39318 0 1
39319 0 127
39320 2 0
39321 126 127
39322 1 0
39323 0 2
39324 0 0
39325 127 127
39326 127 0
39327 0 3
39328 126 0
39329 0 1
39330 0 0
39331 0 2
39332 126 127
39333 127 127
39334 1 0
39335 0 0
39336 0 126
39337 127 0
39338 1 0
39339 126 0
39340 0 1
39341 0 2
39342 0 1
39343 0 127
39344 0 126
39345 126 127
39346 2 0
39347 0 127
39348 127 0
39349 127 127
39350 0 126
39351 0 0
39352 126 127
39353 0 127
39354 127 127
39355 3 0
39356 0 1
39357 126 0
39358 126 127
39359 127 0
39360 0 0
39361 0 126
39362 0 1
39363 126 0
39364 2 0
39365 0 0
39366 127 0
39367 3 0
39368 0 1
39369 127 127
39370 0 0
39371 126 127
39372 0 127
39373 2 0
39374 0 1
39375 126 0
39376 1 0
39377 2 0
39378 0 126
39379 0 127
39380 0 126
39381 0 0
39382 0 1
39383 1 0
39384 127 127
39385 0 2
39386 0 1
39387 0 2
39388 0 1
39389 2 0
39390 127 0
39391 126 0
39392 1 0
39393 126 127
39394 2 0
39395 0 127
39396 1 0
39397 127 0
39398 0 126
39399 0 2
39400 0 1
39401 2 0
39402 0 127
39403 1 0
39404 2 0
39405 126 0
39406 127 127
39407 0 126
39408 0 0
39409 0 1
39410 126 127
39411 127 127
39412 0 127
39413 127 0
39414 0 0
39415 126 0
39416 0 126
39417 127 0
39418 0 1
39419 126 127
39420 126 0
39421 1 0
39422 127 0
39423 0 2
39424 0 1
39425 0 2
39426 0 127
39427 0 1
39428 2 0
39429 0 126
39430 0 0
39431 0 127
39432 127 127
39433 0 1
39434 1 0
39435 126 0
39436 0 126
39437 126 127
39438 0 2
39439 0 127
39440 0 1
39441 0 126
39442 2 0
39443 127 0
39444 1 0
39445 127 127
39446 2 0
39447 1 0
39448 0 2
39449 126 0
39450 126 127
39451 0 1
39452 0 2
39453 0 0
39454 0 3
39455 127 0
39456 127 127
39457 126 0
39458 0 127
39459 0 1
39460 127 0
39461 0 0
39462 126 127
39463 0 1
39464 0 126
39465 0 0
39466 0 127
39467 127 127
39468 0 2
39469 0 126
39470 126 127
39471 0 3
39472 127 127
39473 0 1
39474 0 127
39475 126 0
39476 0 4
39477 0 3
39478 127 0
39479 126 0
39480 0 4
39481 0 126
39482 0 127
39483 0 126
39484 127 0
39485 126 127
39486 0 0
39487 0 127
39488 0 1
39489 126 0
39490 127 0
39491 0 0
39492 0 1
39493 127 127
39494 126 0
39495 0 0
39496 0 3
39497 0 1
39498 126 127
39499 0 4
39500 0 126
39501 0 0
39502 127 0
39503 0 3
39504 0 1
39505 127 127
39506 0 4
39507 126 0
39508 126 127
39509 0 0
39510 0 1
39511 127 127
39512 127 0
39513 0 127
39514 0 3
39515 126 0
39516 0 0
39517 0 1
39518 126 127
39519 0 0
39520 0 2
39521 1 0
39522 127 0
39523 126 0
39524 127 0
39525 0 126
39526 126 0
39527 127 127
39528 0 127
39529 0 0
39530 1 0
39531 0 0
39532 126 127
39533 0 3
39534 0 126
39535 0 1
39536 0 4
39537 127 0
39538 126 0
39539 127 0
39540 126 0
39541 0 127
39542 127 0
39543 0 126
39544 0 0
39545 0 127
39546 0 126
39547 0 127
39548 0 1
39549 126 0
39550 0 3
39551 0 0
39552 0 2
39553 0 3
39554 127 127
39555 127 0
39556 0 2
39557 0 126
39558 0 3
39559 126 0
39560 0 1
39561 0 4
39562 126 127
39563 127 127
39564 126 127
39565 127 0
39566 0 3
39567 126 0
39568 0 0
39569 127 0
39570 0 127
39571 0 2
39572 0 3
39573 0 1
39574 0 0
39575 0 126
39576 127 127
39577 0 2
39578 1 0
39579 126 127
39580 126 0
39581 0 0
39582 127 0
39583 1 0
39584 0 0
39585 0 3
39586 0 1
39587 0 127
39588 127 127
39589 0 126
39590 0 127
39591 0 126
39592 0 127
39593 0 4
39594 126 0
39595 0 3
39596 127 0
39597 0 0
39598 0 2
39599 126 127
39600 0 126
39601 0 127
39602 126 0
39603 127 127
39604 127 0
39605 0 126
39606 0 127
39607 0 3
39608 0 2
39609 126 0
39610 126 127
39611 1 0
39612 127 127
39613 126 127
39614 127 127
39615 127 0
39616 0 1
39617 126 127
39618 127 127
39619 2 0
39620 126 0
39621 1 0
39622 0 126
39623 127 0
39624 0 127
39625 0 126
39626 0 2
39627 0 127
39628 0 0
39629 1 0
39630 126 0
39631 0 126
39632 126 127
39633 127 127
39634 0 0
39635 127 0
39636 126 0
39637 0 3
39638 127 0
39639 126 0
39640 0 127
39641 126 127
39642 127 127
39643 127 0
39644 0 126
39645 0 127
39646 0 1
39647 126 127
39648 0 0
39649 0 2
39650 0 3
39651 0 126
39652 126 0
39653 127 0
39654 0 2
39655 0 127
39656 0 3
39657 0 2
39658 127 127
39659 1 0
39660 126 0
39661 127 0
39662 126 0
39663 127 0
39664 0 126
39665 126 127
39666 0 1
39667 126 0
39668 0 2
39669 0 127
39670 0 1
39671 0 126
39672 127 127
39673 0 127
39674 2 0
39675 1 0
39676 126 127
39677 127 127
39678 126 127
39679 0 126
39680 2 0
39681 0 0
39682 0 1
39683 0 127
39684 1 0
39685 127 127
39686 2 0
39687 1 0
39688 126 127
39689 0 126
39690 0 2
39691 0 1
39692 2 0
39693 1 0
39694 0 2
39695 0 0
39696 1 0
39697 127 0
39698 0 0
39699 0 3
39700 0 1
39701 0 4
39702 0 0
39703 127 127
39704 0 3
39705 126 127
39706 127 127
39707 0 1
39708 126 0
39709 127 0
39710 126 127
39711 0 127
39712 127 127
39713 126 127
39714 0 0
39715 127 127
39716 126 127
39717 127 127
39718 0 126
39719 0 1
39720 0 0
39721 0 127
39722 0 126
39723 0 1
39724 0 0
39725 126 0
39726 0 127
39727 126 127
39728 0 1
39729 0 4
39730 127 0
39731 0 3
39732 0 0
39733 0 126
39734 126 0
39735 0 1
39736 0 127
39737 127 0
39738 0 0
39739 126 0
39740 0 126
39741 127 0
39742 126 0
39743 127 127
39744 127 0
39745 0 2
39746 1 0
39747 0 127
39748 126 0
39749 127 0
39750 0 1
39751 126 0
39752 0 126
39753 0 2
39754 0 0
39755 127 0
39756 1 0
39757 0 127
39758 126 127
39759 0 0
39760 0 126
39761 0 127
39762 1 0
39763 0 126
39764 127 127
39765 0 127
39766 0 1
39767 0 2
39768 0 0
39769 0 126
39770 126 127
39771 0 127
39772 127 127
39773 126 0
39774 1 0
39775 0 126
39776 127 0
39777 0 1
39778 0 127
39779 0 2
39780 0 126
39781 0 127
39782 126 0
39783 127 0
39784 0 126
39785 0 1
39786 0 127
39787 0 2
39788 126 127
39789 0 1
39790 0 126
39791 2 0
39792 1 0
39793 2 0
39794 126 0
39795 127 0
39796 1 0
39797 0 127
39798 127 127
39799 0 2
39800 126 127
39801 0 0
39802 127 127
39803 0 3
39804 126 0
39805 0 2
39806 126 127
39807 1 0
39808 127 0
39809 0 0
39810 0 126
39811 0 127
39812 127 127
39813 0 126
39814 1 0
39815 126 0
39816 127 0
39817 126 0
39818 0 1
39819 2 0
39820 0 0
39821 3 0
39822 0 1
39823 0 0
39824 2 0
39825 127 0
39826 0 1
39827 126 127
39828 1 0
39829 2 0
39830 127 127
39831 126 0
39832 127 0
39833 126 127
39834 0 127
39835 126 0
39836 0 126
39837 0 0
39838 127 0
39839 0 127
39840 0 1
39841 127 127
39842 0 126
39843 0 0
39844 126 0
39845 0 127
39846 0 126
39847 0 127
39848 0 126
39849 0 1
39850 0 127
39851 0 126
39852 126 127
39853 1 0
39854 127 127
39855 127 0
39856 0 127
39857 0 126
39858 126 127
39859 0 127
39860 2 0
39861 126 0
39862 127 127
39863 1 0
39864 2 0
39865 1 0
39866 126 127
39867 127 127
39868 2 0
39869 1 0
39870 127 0
39871 126 127
39872 127 127
39873 0 126
39874 126 0
39875 0 127
39876 0 2
39877 127 0
39878 126 127
39879 127 127
39880 126 127
39881 0 126
39882 0 0
39883 126 0
39884 127 127
39885 1 0
39886 0 0
39887 0 127
39888 0 126
39889 0 3
39890 0 127
39891 0 2
39892 1 0
39893 0 1
39894 127 0
39895 0 126
39896 0 2
39897 0 0
39898 126 127
39899 0 127
39900 0 3
39901 126 0
39902 0 126
39903 127 0
39904 127 127
39905 0 127
39906 0 126
39907 0 127
39908 0 126
39909 0 2
39910 0 3
39911 0 1
39912 0 127
39913 126 127
39914 0 0
39915 0 1
39916 127 127
39917 0 0
39918 126 0
39919 0 126
39920 0 2
39921 0 127
39922 0 3
39923 126 127
39924 0 1
39925 0 4
39926 127 0
39927 0 126
39928 127 127
39929 126 0
39930 127 0
39931 0 127
39932 126 0
39933 127 0
39934 126 127
39935 126 0
39936 127 127
39937 127 0
39938 126 0
39939 0 0
39940 126 127
39941 0 3
39942 0 1
39943 0 4
39944 0 126
39945 0 127
39946 0 0
39947 0 3
39948 127 127
39949 127 0
39950 0 126
39951 0 2
39952 1 0
39953 0 1
39954 0 2
39955 0 0
39956 1 0
39957 126 0
39958 0 1
39959 0 127
39960 2 0
39961 0 0
39962 0 1
39963 0 126
39964 0 0
39965 3 0
39966 0 1
39967 0 127
39968 127 0
39969 126 0
39970 0 126
39971 0 127
39972 2 0
39973 127 0
39974 0 126
39975 126 0
39976 127 0
39977 1 0
39978 0 2
39979 126 0
39980 0 1
39981 126 127
39982 127 127
39983 0 127
39984 0 126
39985 0 127
39986 126 127
39987 127 0
39988 2 0
39989 0 126
39990 0 127
39991 1 0
39992 0 2
39993 0 126
39994 0 0
39995 1 0
39996 0 127
39997 126 0
39998 127 127
39999 0 1
40000 0 2
40001 127 0
40002 0 126
40003 126 0
40004 0 1
40005 0 127
40006 0 126
40007 0 2
40008 0 127
40009 126 127
40010 127 0
40011 127 127
40012 0 1
40013 0 2
40014 126 0
40015 0 0
40016 0 3
40017 0 126
40018 126 127
40019 0 1
40020 0 4
40021 0 127
40022 127 127
40023 126 127
40024 0 126
40025 127 0
40026 0 0
40027 0 127
40028 0 1
40029 0 126
40030 0 3
40031 0 0
40032 0 1
40033 0 0
40034 127 127
40035 126 127
40036 127 127
40037 0 1
40038 0 4
40039 0 0
40040 0 1
40041 126 0
40042 127 0
40043 0 0
40044 0 127
40045 126 0
40046 0 1
40047 126 127
40048 0 3
40049 127 127
40050 0 4
40051 0 0
40052 0 1
40053 127 0
40054 126 0
40055 0 0
40056 127 0
40057 126 0
40058 126 127
40059 0 3
40060 127 0
40061 0 1
40062 0 126
40063 0 4
40064 0 127
40065 0 126
40066 126 0
40067 0 3
40068 0 0
40069 0 1
40070 0 0
40071 0 127
40072 127 127
40073 0 2
40074 126 127
40075 127 127
40076 1 0
40077 0 1
40078 2 0
40079 0 0
40080 126 127
40081 0 126
40082 127 127
40083 127 0
40084 126 0
40085 127 0
40086 126 127
40087 0 127
40088 0 1
40089 127 127
40090 126 0
40091 0 126
40092 127 0
40093 126 127
40094 0 127
40095 0 126
40096 1 0
40097 2 0
40098 1 0
40099 2 0
40100 127 127
40101 126 0
40102 1 0
40103 127 0
40104 0 2
40105 126 127
40106 0 1
40107 0 2
40108 0 0
40109 0 127
40110 0 3
40111 127 127
40112 0 1
40113 126 127
40114 0 4
40115 0 3
40116 0 126
40117 0 0
40118 0 1
40119 127 127
40120 0 127
40121 0 0
40122 126 127
40123 0 2
40124 1 0
40125 0 126
40126 0 127
40127 127 127
40128 0 0
40129 126 0
40130 1 0
40131 0 126
40132 126 127
40133 127 0
40134 0 1
40135 0 2
40136 127 127
40137 126 0
40138 127 0
40139 126 0
40140 0 0
40141 0 127
40142 1 0
40143 0 126
40144 0 1
40145 0 2
40146 0 127
40147 0 1
40148 0 126
40149 0 127
40150 126 127
40151 0 126
40152 127 127
40153 127 0
40154 126 127
40155 0 2
40156 0 127
40157 126 0
40158 0 0
40159 127 0
40160 0 126
40161 1 0
40162 126 0
40163 0 127
40164 127 0
40165 0 0
40166 0 126
40167 127 127
40168 126 127
40169 0 127
40170 0 3
40171 0 2
40172 1 0
40173 0 0
40174 127 127
40175 0 126
40176 126 0
40177 0 3
40178 127 0
40179 0 2
40180 0 127
40181 0 3
40182 126 0
40183 0 2
40184 127 0
40185 1 0
40186 126 127
40187 0 1
40188 2 0
40189 127 127
40190 0 126
40191 1 0
40192 0 2
40193 0 0
40194 1 0
40195 0 1
40196 2 0
40197 1 0
40198 0 127
40199 126 0
40200 126 127
40201 0 126
40202 0 127
40203 0 2
40204 0 126
40205 0 0
40206 127 127
40207 126 127
40208 1 0
40209 127 127
40210 0 1
40211 126 127
40212 127 127
40213 0 127
40214 2 0
40215 1 0
40216 126 127
40217 2 0
40218 0 126
40219 0 127
40220 127 0
40221 0 0
40222 126 0
40223 0 126
40224 127 127
40225 3 0
40226 127 0
40227 2 0
40228 3 0
40229 2 0
40230 126 0
40231 0 1
40232 127 0
40233 126 127
40234 0 127
40235 0 0
40236 127 127
40237 126 0
40238 126 127
40239 0 1
40240 0 0
40241 127 0
40242 0 1
40243 127 127
40244 126 127
40245 126 0
40246 127 127
40247 127 0
40248 126 0
40249 126 127
40250 0 126
40251 127 0
40252 0 127
40253 0 0
40254 127 127
40255 3 0
40256 0 1
40257 0 0
40258 0 126
40259 2 0
40260 0 127
40261 126 0
40262 0 1
40263 1 0
40264 126 127
40265 127 0
40266 0 126
40267 126 0
40268 2 0
40269 127 0
40270 0 0
40271 127 127
40272 126 0
40273 126 127
40274 0 127
40275 0 126
40276 127 127
40277 0 1
40278 126 127
40279 127 127
40280 0 0
40281 0 1
40282 1 0
40283 127 0
40284 0 2
40285 126 127
40286 126 0
40287 127 127
40288 126 127
40289 0 127
40290 0 126
40291 0 127
40292 127 127
40293 0 1
40294 2 0
40295 127 0
40296 1 0
40297 0 126
40298 126 127
40299 2 0
40300 126 0
40301 127 127
40302 1 0
40303 0 127
40304 126 127
40305 0 126
40306 127 0
40307 126 0
40308 2 0
40309 0 0
40310 0 1
40311 127 0
40312 1 0
40313 0 127
40314 126 0
40315 127 127
40316 2 0
40317 1 0
40318 2 0
40319 126 127
40320 0 126
40321 1 0
40322 0 2
40323 127 0
40324 127 127
40325 126 127
40326 0 1
40327 0 2
40328 0 1
40329 0 2
40330 0 1
40331 127 127
40332 0 127
40333 2 0
40334 1 0
40335 0 2
40336 0 0
40337 1 0
40338 0 1
40339 0 126
40340 126 0
40341 2 0
40342 1 0
40343 126 127
40344 127 0
40345 127 127
40346 126 127
40347 127 127
40348 2 0
40349 0 127
40350 0 0
40351 126 127
40352 0 126
40353 126 0
40354 0 127
40355 3 0
40356 0 1
40357 127 0
40358 0 126
40359 126 0
40360 2 0
40361 127 127
40362 127 0
40363 0 127
40364 126 0
40365 1 0
40366 0 2
40367 0 0
40368 0 126
40369 1 0
40370 126 127
40371 127 127
40372 127 0
40373 0 127
40374 0 1
40375 0 126
40376 126 0
40377 127 0
40378 0 2
40379 0 0
40380 126 127
40381 0 3
40382 0 2
40383 1 0
40384 0 1
40385 0 2
40386 0 0
40387 0 3
40388 127 127
40389 0 127
40390 0 2
40391 126 127
40392 0 3
40393 127 127
40394 126 127
40395 0 1
40396 0 4
40397 127 127
40398 0 126
40399 126 127
40400 0 0
40401 0 3
40402 126 0
40403 0 127
40404 127 127
40405 0 2
40406 0 3
40407 0 1
40408 0 0
40409 127 0
40410 0 2
40411 0 3
40412 0 2
40413 126 127
40414 126 0
40415 127 0
40416 0 126
40417 126 0
40418 127 0
40419 0 127
40420 0 126
40421 1 0
40422 0 127
40423 127 127
40424 0 1
40425 0 126
40426 126 127
40427 0 127
40428 0 2
40429 0 126
40430 0 1
40431 127 127
40432 126 0
40433 0 2
40434 0 1
40435 126 127
40436 127 0
40437 126 0
40438 2 0
40439 127 0
40440 127 127
40441 0 127
40442 0 126
40443 0 127
40444 126 0
40445 0 126
40446 1 0
40447 126 127
40448 0 2
40449 127 127
40450 127 0
40451 0 0
40452 1 0
40453 126 127
40454 0 1
40455 126 0
40456 0 127
40457 127 127
40458 2 0
40459 0 0
40460 0 126
40461 127 0
40462 126 0
40463 3 0
40464 2 0
40465 3 0
40466 0 1
40467 127 0
40468 126 0
40469 2 0
40470 127 0
40471 126 0
40472 0 0
40473 0 1
40474 127 0
40475 126 0
40476 126 127
40477 0 127
40478 127 0
40479 0 126
40480 126 0
40481 127 0
40482 0 127
40483 126 0
40484 0 126
40485 1 0
40486 0 127
40487 127 127
40488 127 0
40489 126 127
40490 2 0
40491 1 0
40492 0 2
40493 127 127
40494 126 127
40495 0 1
40496 126 0
40497 0 126
40498 0 2
40499 127 0
40500 0 1
40501 2 0
40502 1 0
40503 2 0
40504 0 127
40505 127 127
40506 126 0
40507 0 0
40508 126 127
40509 0 126
40510 0 1
40511 127 127
40512 1 0
40513 2 0
40514 127 0
40515 0 127
40516 0 126
40517 126 0
40518 0 0
40519 127 0
40520 0 1
40521 0 0
40522 0 127
40523 0 126
40524 126 127
40525 126 0
40526 0 1
40527 0 0
40528 0 1
40529 1 0
40530 0 127
40531 0 2
40532 127 127
40533 126 127
40534 0 1
40535 127 0
40536 2 0
40537 126 0
40538 0 0
40539 3 0
40540 127 127
40541 2 0
40542 3 0
40543 126 127
40544 127 0
40545 0 126
40546 127 127
40547 126 0
40548 2 0
40549 3 0
40550 2 0
40551 126 127
40552 127 127
40553 0 127
40554 127 0
40555 0 1
40556 126 127
40557 0 0
40558 3 0
40559 127 127
40560 2 0
40561 126 0
40562 126 127
40563 127 127
40564 0 1
40565 1 0
40566 2 0
40567 127 0
40568 126 0
40569 1 0
40570 126 127
40571 127 0
40572 0 126
40573 2 0
40574 127 127
40575 126 127
40576 0 127
40577 0 126
40578 126 0
40579 0 127
40580 1 0
40581 127 0
40582 127 127
40583 0 2
40584 126 0
40585 127 0
40586 0 1
40587 126 127
40588 126 0
40589 127 127
40590 2 0
40591 0 126
40592 127 0
40593 126 127
40594 126 0
40595 1 0
40596 0 127
40597 0 2
40598 127 127
40599 0 0
40600 1 0
40601 0 0
40602 0 3
40603 127 0
40604 0 126
40605 0 127
40606 0 126
40607 126 127
40608 0 127
40609 0 2
40610 1 0
40611 0 126
40612 0 0
40613 127 127
40614 126 127
40615 127 127
40616 126 127
40617 0 3
40618 126 0
40619 127 0
40620 127 127
40621 0 127
40622 126 0
40623 0 2
40624 127 0
40625 0 126
40626 0 3
40627 0 2
40628 0 3
40629 126 0
40630 0 1
40631 0 127
40632 0 0
40633 0 2
40634 0 126
40635 0 127
40636 0 126
40637 127 0
40638 126 0
40639 1 0
40640 0 127
40641 0 1
40642 126 127
40643 0 2
40644 127 127
40645 0 126
40646 0 127
40647 0 126
40648 0 0
40649 1 0
40650 126 127
40651 0 127
40652 0 1
40653 2 0
40654 1 0
40655 127 0
40656 0 126
40657 126 0
40658 0 2
40659 127 127
40660 126 127
40661 0 0
40662 127 127
40663 0 127
40664 0 3
40665 0 126
40666 0 2
40667 127 0
40668 126 127
40669 127 127
40670 0 3
40671 0 2
40672 0 3
40673 126 0
40674 126 127
40675 0 127
40676 127 0
40677 126 0
40678 0 1
40679 127 127
40680 127 0
40681 126 0
40682 0 4
40683 0 0
40684 0 126
40685 0 127
40686 0 3
40687 0 2
40688 127 0
40689 1 0
40690 0 1
40691 126 127
40692 2 0
40693 1 0
40694 0 2
40695 0 126
40696 0 1
40697 0 127
40698 127 127
40699 0 2
40700 0 0
40701 126 127
40702 0 3
40703 0 126
40704 127 127
40705 126 0
40706 0 127
40707 126 127
40708 0 1
40709 0 126
40710 127 0
40711 0 0
40712 0 2
40713 126 0
40714 1 0
40715 0 1
40716 127 0
40717 0 127
40718 126 0
40719 0 126
40720 127 0
40721 0 2
40722 127 127
40723 0 0
40724 126 0
40725 126 127
40726 1 0
40727 0 127
40728 0 0
40729 127 127
40730 127 0
40731 0 3
40732 0 1
40733 0 0
40734 126 127
40735 126 0
40736 127 0
40737 0 126
40738 127 127
40739 0 2
40740 126 127
40741 0 3
40742 0 2
40743 127 127
40744 0 3
40745 0 1
40746 0 4
40747 0 3
40748 0 4
40749 126 127
40750 0 0
40751 0 127
40752 0 1
40753 0 0
40754 0 126
40755 126 0
40756 127 127
40757 0 1
40758 0 127
40759 127 0
40760 126 127
40761 0 3
40762 0 0
40763 0 126
40764 127 127
40765 0 2
40766 0 3
40767 0 2
40768 0 127
40769 126 0
40770 0 126
40771 126 127
40772 0 3
40773 0 1
40774 0 4
40775 127 0
40776 0 0
40777 126 0
40778 127 0
40779 0 127
40780 126 0
40781 127 0
40782 127 127
40783 126 0
40784 127 0
40785 126 127
40786 0 126
40787 127 127
40788 126 0
40789 0 3
40790 127 0
40791 126 127
40792 0 1
40793 0 4
40794 0 0
40795 126 0
40796 127 127
40797 0 3
40798 0 127
40799 126 127
40800 127 0
40801 0 1
40802 0 126
40803 0 4
40804 0 127
40805 0 126
40806 0 3
40807 0 4
40808 126 0
40809 127 127
40810 127 0
40811 0 0
40812 0 3
40813 0 2
40814 0 3
40815 0 1
40816 0 127
40817 0 126
40818 126 127
40819 0 127
40820 0 4
40821 0 0
40822 0 126
40823 126 0
40824 0 127
40825 127 0
40826 126 0
40827 0 3
40828 0 126
40829 0 1
40830 127 0
40831 126 0
40832 0 4
40833 0 3
40834 127 127
40835 0 127
40836 0 4
40837 0 126
40838 0 3
40839 0 0
40840 126 127
40841 127 0
40842 0 1
40843 0 4
40844 126 0
40845 0 3
40846 127 0
40847 0 127
40848 0 4
40849 126 0
40850 0 126
40851 127 127
40852 0 3
40853 126 127
40854 0 4
40855 0 127
40856 0 3
40857 127 0
40858 127 127
40859 126 0
40860 127 0
40861 0 126
40862 126 127
40863 0 127
40864 0 0
40865 126 0
40866 0 126
40867 127 127
40868 126 127
40869 127 0
40870 0 1
40871 126 0
40872 127 127
40873 126 127
40874 0 4
40875 0 3
40876 0 127
40877 0 4
40878 127 127
40879 0 0
40880 126 127
40881 0 3
40882 127 127
40883 0 126
40884 0 2
40885 127 0
40886 126 127
40887 1 0
40888 0 1
40889 127 127
40890 2 0
40891 126 0
40892 1 0
40893 0 127
40894 2 0
40895 0 126
40896 126 127
40897 1 0
40898 0 127
40899 0 2
40900 0 1
40901 0 2
40902 0 0
40903 0 126
40904 0 3
40905 127 127
40906 0 127
40907 126 127
40908 127 0
40909 127 127
40910 0 1
40911 0 126
40912 126 127
40913 0 4
40914 127 127
40915 126 0
40916 0 127
40917 0 3
40918 0 4
40919 0 3
40920 126 127
40921 0 0
40922 127 0
40923 0 126
40924 0 2
40925 0 3
40926 127 127
40927 126 0
40928 0 127
40929 127 0
40930 0 126
40931 0 2
40932 1 0
40933 126 127
40934 0 0
40935 0 3
40936 0 1
40937 0 127
40938 0 126
40939 127 127
40940 0 127
40941 0 0
40942 126 0
40943 0 126
40944 0 1
40945 0 0
40946 0 127
40947 126 127
40948 0 126
40949 0 127
40950 0 126
40951 0 1
40952 0 4
40953 0 127
40954 127 127
40955 0 0
40956 0 3
40957 0 2
40958 126 127
40959 127 127
40960 126 127
40961 0 126
40962 127 127
40963 0 127
40964 0 126
40965 127 0
40966 126 0
40967 126 127
40968 0 3
40969 127 127
40970 0 127
40971 126 127
40972 127 0
40973 0 126
40974 126 0
40975 0 127
40976 0 2
40977 1 0
40978 127 0
40979 0 126
40980 0 1
40981 2 0
40982 126 0
40983 0 0
40984 0 1
40985 127 127
40986 127 0
40987 126 127
40988 0 127
40989 127 127
40990 126 127
40991 127 127
40992 126 127
40993 126 0
40994 127 127
40995 126 127
40996 127 127
40997 127 0
40998 0 0
40999 0 1
41000 0 0
41001 126 127
41002 0 1
41003 1 0
41004 2 0
41005 0 126
41006 126 0
41007 0 127
41008 127 127
41009 126 127
41010 0 0
41011 0 126
41012 127 127
41013 127 0
41014 126 127
41015 127 127
41016 126 0
41017 127 0
41018 0 1
41019 126 127
41020 1 0
41021 0 127
41022 2 0
41023 1 0
41024 127 127
41025 2 0
41026 126 0
41027 126 127
41028 0 126
41029 127 0
41030 1 0
41031 126 0
41032 127 0
41033 126 0
41034 127 0
41035 127 127
41036 126 0
41037 127 0
41038 126 0
41039 0 2
41040 0 127
41041 0 0
41042 0 126
41043 126 127
41044 127 0
41045 1 0
41046 0 0
41047 127 127
41048 0 127
41049 126 0
41050 0 3
41051 127 0
41052 0 1
41053 126 127
41054 0 4
41055 0 3
41056 126 0
41057 0 126
41058 0 4
41059 0 0
41060 127 0
41061 0 127
41062 0 126
41063 0 3
41064 126 0
41065 0 1
41066 0 0
41067 0 127
41068 0 1
41069 0 126
41070 127 0
41071 0 127
41072 0 4
41073 0 126
41074 127 127
41075 126 0
41076 0 127
41077 126 127
41078 0 126
41079 127 0
41080 127 127
41081 0 0
41082 126 127
41083 126 0
41084 0 127
41085 127 127
41086 0 126
41087 0 127
41088 0 126
41089 0 1
41090 127 0
41091 126 0
41092 126 127
41093 0 3
41094 0 4
41095 0 0
41096 0 127
41097 0 126
41098 127 0
41099 126 0
41100 127 127
41101 0 1
41102 127 0
41103 0 3
41104 0 4
41105 0 3
41106 126 0
41107 0 0
41108 0 127
41109 0 126
41110 127 0
41111 126 127
41112 126 0
41113 0 2
41114 1 0
41115 127 0
41116 0 0
41117 127 127
41118 1 0
41119 0 127
41120 0 1
41121 126 0
41122 126 127
41123 127 127
41124 126 127
41125 0 126
41126 0 127
41127 127 127
41128 0 2
41129 127 0
41130 0 1
41131 2 0
41132 0 0
41133 126 127
41134 126 0
41135 127 0
41136 0 1
41137 0 126
41138 127 127
41139 1 0
41140 0 127
41141 0 2
41142 0 126
41143 0 127
41144 126 127
41145 0 0
41146 127 127
41147 126 127
41148 126 0
41149 0 126
41150 127 127
41151 127 0
41152 1 0
41153 0 1
41154 126 127
41155 0 127
41156 127 127
41157 126 0
41158 126 127
41159 127 127
41160 127 0
41161 0 2
41162 126 127
41163 126 0
41164 0 0
41165 0 3
41166 0 2
41167 127 127
41168 0 126
41169 126 127
41170 1 0
41171 127 127
41172 0 1
41173 0 2
41174 0 0
41175 127 0
41176 1 0
41177 0 127
41178 126 127
41179 0 126
41180 0 1
41181 0 2
41182 127 127
41183 126 0
41184 0 1
41185 127 0
41186 126 127
41187 2 0
41188 1 0
41189 0 2
41190 126 0
41191 0 127
41192 127 127
41193 0 1
41194 126 127
41195 127 0
41196 2 0
41197 127 127
41198 126 0
41199 126 127
41200 127 127
41201 126 127
41202 0 0
41203 127 127
41204 127 0
41205 126 127
41206 126 0
41207 127 0
41208 3 0
41209 0 1
41210 0 0
41211 0 1
41212 0 126
41213 2 0
41214 1 0
41215 0 2
41216 0 1
41217 126 0
41218 0 2
41219 127 127
41220 127 0
41221 0 0
41222 0 3
41223 0 1
41224 126 127
41225 0 127
41226 0 4
41227 0 126
41228 0 0
41229 0 127
41230 126 0
41231 0 126
41232 0 127
41233 127 127
41234 0 126
41235 127 0
41236 0 127
41237 0 126
41238 126 127
41239 126 0
41240 127 0
41241 127 127
41242 0 3
41243 0 2
41244 0 127
41245 0 126
41246 1 0
41247 126 127
41248 0 1
41249 0 2
41250 0 0
41251 126 0
41252 127 127
41253 0 127
41254 0 126
41255 126 127
41256 127 0
41257 1 0
41258 0 127
41259 0 1
41260 126 0
41261 2 0
41262 127 0
41263 0 0
41264 0 126
41265 0 1
41266 126 0
41267 127 127
41268 1 0
41269 2 0
41270 0 127
41271 127 0
41272 0 126
41273 126 0
41274 1 0
41275 2 0
41276 127 0
41277 0 127
41278 126 127
41279 0 126
41280 127 127
41281 126 127
41282 127 127
41283 126 127
41284 0 127
41285 126 0
41286 0 0
41287 0 126
41288 0 127
41289 127 0
41290 0 1
41291 0 0
41292 126 0
41293 127 0
41294 3 0
41295 0 126
41296 0 127
41297 0 126
41298 127 127
41299 126 127
41300 2 0
41301 0 1
41302 126 0
41303 127 127
41304 127 0
41305 0 127
41306 126 0
41307 1 0
41308 0 2
41309 127 0
41310 0 0
41311 1 0
41312 126 127
41313 126 0
41314 127 127
41315 127 0
41316 0 1
41317 0 2
41318 0 1
41319 0 126
41320 126 127
41321 0 2
41322 127 127
41323 126 127
41324 0 1
41325 127 127
41326 126 0
41327 127 0
41328 126 127
41329 0 127
41330 127 127
41331 126 127
41332 126 0
41333 127 0
41334 2 0
41335 126 0
41336 0 0
41337 127 127
41338 3 0
41339 0 126
41340 127 0
41341 2 0
41342 126 127
41343 126 0
41344 0 1
41345 1 0
41346 2 0
41347 1 0
41348 127 127
41349 0 2
41350 0 0
41351 0 3
41352 126 127
41353 0 2
41354 0 127
41355 1 0
41356 127 0
41357 127 127
41358 0 126
41359 126 127
41360 126 0
41361 127 0
41362 0 0
41363 0 3
41364 0 2
41365 127 127
41366 0 3
41367 0 2
41368 1 0
41369 0 127
41370 0 126
41371 0 0
41372 0 127
41373 126 0
41374 127 0
41375 0 126
41376 0 127
41377 0 126
41378 1 0
41379 0 1
41380 126 0
41381 0 127
41382 2 0
41383 126 127
41384 0 0
41385 127 0
41386 127 127
41387 0 126
41388 0 1
41389 126 0
41390 0 127
41391 0 0
41392 3 0
41393 127 0
41394 0 1
41395 126 127
41396 2 0
41397 0 0
41398 3 0
41399 127 127
41400 126 127
41401 126 0
41402 0 1
41403 2 0
41404 127 127
41405 1 0
41406 0 2
41407 126 127
41408 0 1
41409 127 127
41410 0 126
41411 126 127
41412 127 0
41413 127 127
41414 126 127
41415 0 127
41416 2 0
41417 126 0
41418 127 0
41419 0 126
41420 0 0
41421 127 127
41422 126 127
41423 126 0
41424 127 127
41425 126 127
41426 127 0
41427 0 1
41428 126 0
41429 0 127
41430 127 0
41431 1 0
41432 2 0
41433 0 126
41434 1 0
41435 0 2
41436 0 127
41437 0 1
41438 126 0
41439 0 126
41440 127 127
41441 0 127
41442 2 0
41443 0 0
41444 0 126
41445 3 0
41446 2 0
41447 3 0
41448 0 127
41449 126 127
41450 127 127
41451 2 0
41452 126 127
41453 3 0
41454 0 1
41455 2 0
41456 127 127
41457 0 0
41458 0 1
41459 0 0
41460 126 127
41461 127 0
41462 0 1
41463 0 0
41464 0 1
41465 1 0
41466 2 0
41467 127 127
41468 1 0
41469 0 2
41470 126 127
41471 126 0
41472 0 0
41473 0 3
41474 0 126
41475 127 0
41476 127 127
41477 126 127
41478 0 2
41479 1 0
41480 0 0
41481 1 0
41482 126 0
41483 127 0
41484 0 0
41485 126 0
41486 0 127
41487 127 127
41488 1 0
41489 127 0
41490 126 0
41491 127 0
41492 0 0
41493 1 0
41494 126 0
41495 0 0
41496 0 126
41497 1 0
41498 0 1
41499 126 127
41500 127 127
41501 0 127
41502 126 127
41503 2 0
41504 127 127
41505 1 0
41506 0 126
41507 0 2
41508 0 0
41509 127 0
41510 126 0
41511 1 0
41512 0 0
41513 1 0
41514 0 1
41515 126 127
41516 2 0
41517 127 127
41518 127 0
41519 126 0
41520 0 127
41521 1 0
41522 0 2
41523 0 1
41524 2 0
41525 1 0
41526 126 127
41527 127 0
41528 0 2
41529 0 1
41530 126 0
41531 127 0
41532 0 2
41533 0 126
41534 0 127
41535 127 127
41536 0 0
41537 126 127
41538 1 0
41539 0 126
41540 0 0
41541 0 127
41542 0 126
41543 127 127
41544 1 0
41545 126 127
41546 127 127
41547 0 0
41548 126 127
41549 126 0
41550 127 127
41551 126 127
41552 127 0
41553 1 0
41554 0 1
41555 126 0
41556 127 127
41557 0 2
41558 0 0
41559 126 127
41560 0 127
41561 0 3
41562 0 2
41563 0 126
41564 0 127
41565 127 127
41566 1 0
41567 127 0
41568 126 0
41569 127 0
41570 0 0
41571 126 127
41572 0 3
41573 0 126
41574 127 127
41575 0 2
41576 126 127
41577 126 0
41578 0 3
41579 127 0
41580 0 127
41581 0 1
41582 0 4
41583 0 126
41584 0 3
41585 0 4
41586 126 0
41587 127 127
41588 0 3
41589 0 0
41590 0 1
41591 0 127
41592 126 127
41593 127 127
41594 0 0
41595 0 2
41596 0 126
41597 1 0
41598 0 0
41599 127 0
41600 1 0
41601 0 127
41602 126 127
41603 0 1
41604 127 127
41605 0 126
41606 0 127
41607 126 127
41608 0 2
41609 0 126
41610 0 0
41611 0 127
41612 1 0
41613 126 0
41614 127 0
41615 0 126
41616 126 0
41617 127 127
41618 127 0
41619 126 127
41620 127 127
41621 0 0
41622 126 0
41623 126 127
41624 1 0
41625 127 127
41626 126 127
41627 0 0
41628 127 127
41629 126 127
41630 127 127
41631 0 127
41632 127 0
41633 0 126
41634 126 0
41635 0 3
41636 0 127
41637 0 126
41638 126 127
41639 127 127
41640 127 0
41641 126 0
41642 0 127
41643 0 2
41644 1 0
41645 0 0
41646 126 127
41647 0 126
41648 127 127
41649 1 0
41650 127 0
41651 0 1
41652 0 127
41653 126 127
41654 0 2
41655 0 1
41656 0 126
41657 0 2
41658 127 127
41659 0 1
41660 126 127
41661 0 2
41662 126 0
41663 127 0
41664 0 127
41665 0 126
41666 0 0
41667 127 127
41668 1 0
41669 0 1
41670 126 127
41671 0 127
41672 127 127
41673 0 2
41674 0 126
41675 0 1
41676 2 0
41677 0 127
41678 0 0
41679 0 1
41680 0 126
41681 0 127
41682 126 0
41683 0 126
41684 126 127
41685 1 0
41686 0 2
41687 0 1
41688 0 127
41689 2 0
41690 0 126
41691 0 0
41692 127 0
41693 3 0
41694 0 127
41695 126 0
41696 2 0
41697 0 1
41698 127 0
41699 126 0
41700 1 0
41701 127 0
41702 126 0
41703 0 2
41704 127 127
41705 0 126
41706 127 0
41707 0 127
41708 0 1
41709 126 0
41710 127 0
41711 0 2
41712 0 1
41713 0 2
41714 0 126
41715 126 127
41716 0 0
41717 0 127
41718 1 0
41719 0 126
41720 0 127
41721 0 0
41722 1 0
41723 0 1
41724 126 0
41725 0 126
41726 127 0
41727 126 0
41728 2 0
41729 0 127
41730 127 127
41731 127 0
41732 126 127
41733 1 0
41734 126 0
41735 0 126
41736 0 127
41737 127 0
41738 0 2
41739 0 126
41740 126 0
41741 127 127
41742 0 127
41743 0 1
41744 0 2
41745 126 127
41746 127 127
41747 0 1
41748 0 126
41749 2 0
41750 1 0
41751 2 0
41752 0 127
41753 126 127
41754 1 0
41755 127 127
41756 0 126
41757 2 0
41758 1 0
41759 2 0
41760 0 0
41761 3 0
41762 2 0
41763 126 127
41764 127 0
41765 126 0
41766 127 127
41767 3 0
41768 0 1
41769 2 0
41770 126 127
41771 1 0
41772 0 2
41773 127 127
41774 127 0
41775 0 0
41776 0 127
41777 126 0
41778 127 0
41779 1 0
41780 126 0
41781 0 126
41782 0 0
41783 0 127
41784 1 0
41785 0 126
41786 0 0
41787 0 3
41788 0 1
41789 126 127
41790 0 4
41791 0 0
41792 0 3
41793 127 0
41794 0 2
41795 1 0
41796 126 0
41797 0 127
41798 0 1
41799 2 0
41800 127 127
41801 126 127
41802 0 126
41803 127 0
41804 127 127
41805 126 127
41806 0 0
41807 0 1
41808 126 0
41809 127 0
41810 127 127
41811 1 0
41812 126 127
41813 127 127
41814 0 127
41815 0 126
41816 2 0
41817 1 0
41818 126 127
41819 0 2
41820 127 127
41821 0 1
41822 0 2
41823 0 1
41824 0 127
41825 0 126
41826 0 127
41827 0 126
41828 2 0
41829 0 127
41830 126 127
41831 0 0
41832 0 1
41833 127 127
41834 126 0
41835 126 127
41836 1 0
41837 127 127
41838 0 126
41839 0 127
41840 0 126
41841 2 0
41842 126 127
41843 127 127
41844 0 127
41845 0 126
41846 126 127
41847 1 0
41848 127 127
41849 127 0
41850 0 127
41851 2 0
41852 0 126
41853 0 127
41854 1 0
41855 0 126
41856 0 127
41857 2 0
41858 0 0
41859 3 0
41860 2 0
41861 3 0
41862 126 0
41863 0 126
41864 2 0
41865 126 127
41866 3 0
41867 0 127
41868 127 0
41869 0 1
41870 127 127
41871 126 0
41872 2 0
41873 1 0
41874 0 2
41875 127 0
41876 0 126
41877 0 1
41878 126 0
41879 0 127
41880 0 126
41881 0 127
41882 0 2
41883 126 127
41884 0 1
41885 127 0
41886 127 127
41887 0 126
41888 126 0
41889 0 127
41890 0 2
41891 126 127
41892 127 0
41893 0 126
41894 0 127
41895 0 126
41896 126 0
41897 127 127
41898 0 1
41899 126 127
41900 127 127
41901 127 0
41902 0 2
41903 0 1
41904 2 0
41905 0 0
41906 3 0
41907 0 1
41908 126 0
41909 0 0
41910 2 0
41911 0 1
41912 127 0
41913 0 0
41914 126 0
41915 126 127
41916 127 0
41917 126 0
41918 3 0
41919 0 127
41920 2 0
41921 0 126
41922 3 0
41923 0 1
41924 2 0
41925 0 127
41926 1 0
41927 0 2
41928 127 0
41929 0 126
41930 0 127
41931 127 127
41932 0 126
41933 126 0
41934 0 1
41935 2 0
41936 1 0
41937 127 0
41938 0 2
41939 126 0
41940 0 127
41941 0 126
41942 0 127
41943 127 0
41944 126 0
41945 0 126
41946 0 127
41947 126 127
41948 0 0
41949 1 0
41950 127 127
41951 126 127
41952 0 0
41953 127 127
41954 0 3
41955 0 126
41956 126 127
41957 0 127
41958 0 1
41959 127 0
41960 0 0
41961 0 126
41962 0 2
41963 1 0
41964 0 1
41965 127 127
41966 2 0
41967 126 127
41968 0 127
41969 0 0
41970 126 0
41971 127 0
41972 0 126
41973 0 1
41974 0 127
41975 0 126
41976 126 0
41977 1 0
41978 127 0
41979 0 2
41980 127 127
41981 0 1
41982 0 127
41983 2 0
41984 126 0
41985 0 0
41986 0 1
41987 0 126
41988 0 127
41989 0 0
41990 0 1
41991 127 0
41992 126 0
41993 0 126
41994 1 0
41995 126 127
41996 2 0
41997 0 127
41998 0 0
41999 127 0
42000 0 1
42001 0 0
42002 127 127
42003 126 0
42004 0 1
42005 126 127
42006 1 0
42007 0 2
42008 0 126
42009 0 127
42010 0 0
42011 127 127
42012 127 0
42013 1 0
42014 0 0
42015 0 3
42016 0 126
42017 0 2
42018 0 3
42019 126 0
42020 127 0
42021 126 0
42022 0 2
42023 126 127
42024 0 3
42025 127 127
42026 0 1
42027 0 0
42028 0 127
42029 0 2
42030 127 0
42031 0 126
42032 126 127
42033 0 3
42034 0 2
42035 0 127
42036 127 127
42037 0 3
42038 0 1
42039 0 0
42040 126 0
42041 126 127
42042 127 127
42043 0 126
42044 127 0
42045 126 127
42046 0 2
42047 126 0
42048 127 127
42049 126 127
42050 0 127
42051 127 127
42052 1 0
42053 126 127
42054 127 0
42055 0 0
42056 126 0
42057 0 126
42058 0 127
42059 0 3
42060 127 0
42061 0 126
42062 0 1
42063 0 127
42064 0 4
42065 127 127
42066 126 0
42067 0 0
42068 127 0
42069 126 127
42070 0 1
42071 0 0
42072 0 3
42073 0 1
42074 0 0
42075 0 2
42076 0 3
42077 0 126
42078 126 0
42079 0 2
42080 127 0
42081 0 127
42082 0 3
42083 0 2
42084 0 3
42085 0 1
42086 0 126
42087 0 127
42088 0 4
42089 0 126
42090 0 0
42091 126 0
42092 0 3
42093 0 2
42094 127 127
42095 127 0
42096 1 0
42097 0 1
42098 126 127
42099 126 0
42100 127 0
42101 2 0
42102 127 127
42103 126 0
42104 126 127
42105 0 127
42106 0 126
42107 0 0
42108 0 127
42109 127 127
42110 126 127
42111 0 126
42112 0 127
42113 3 0
42114 127 127
42115 126 127
42116 0 126
42117 2 0
42118 3 0
42119 0 1
42120 0 0
42121 127 127
42122 2 0
42123 3 0
42124 2 0
42125 0 1
42126 127 0
42127 0 127
42128 126 127
42129 1 0
42130 0 2
42131 126 0
42132 0 0
42133 0 3
42134 0 2
42135 1 0
42136 0 0
42137 1 0
42138 127 127
42139 0 126
42140 0 127
42141 0 0
42142 126 127
42143 127 127
42144 127 0
42145 1 0
42146 0 1
42147 126 127
42148 2 0
42149 126 0
42150 1 0
42151 0 126
42152 2 0
42153 127 0
42154 126 0
42155 127 0
42156 126 0
42157 0 0
42158 0 1
42159 0 127
42160 127 127
42161 0 126
42162 127 0
42163 126 127
42164 126 0
42165 0 0
42166 127 127
42167 0 127
42168 126 127
42169 0 126
42170 0 1
42171 127 127
42172 126 127
42173 1 0
42174 127 0
42175 127 127
42176 0 2
42177 0 1
42178 0 2
42179 0 1
42180 0 127
42181 126 0
42182 126 127
42183 0 2
42184 127 127
42185 0 1
42186 2 0
42187 126 127
42188 1 0
42189 2 0
42190 0 0
42191 3 0
42192 0 126
42193 0 127
42194 2 0
42195 3 0
42196 2 0
42197 3 0
42198 127 0
42199 0 126
42200 127 127
42201 2 0
42202 3 0
42203 126 127
42204 0 127
42205 0 126
42206 0 1
42207 126 0
42208 127 0
42209 2 0
42210 0 0
42211 0 1
42212 126 0
42213 0 0
42214 127 127
42215 127 0
42216 126 0
42217 3 0
42218 0 127
42219 0 1
42220 0 0
42221 0 1
42222 0 126
42223 2 0
42224 126 127
42225 0 127
42226 0 126
42227 0 0
42228 0 1
42229 127 0
42230 0 0
42231 0 127
42232 0 126
42233 3 0
42234 2 0
42235 127 127
42236 0 127
42237 126 127
42238 3 0
42239 127 127
42240 2 0
42241 126 0
42242 0 1
42243 0 0
42244 127 0
42245 0 126
42246 0 127
42247 0 126
42248 0 127
42249 0 126
42250 3 0
42251 0 1
42252 2 0
42253 126 127
42254 0 127
42255 1 0
42256 0 2
42257 127 127
42258 0 0
42259 1 0
42260 0 1
42261 126 0
42262 127 0
42263 0 126
42264 126 127
42265 0 127
42266 127 127
42267 126 0
42268 127 0
42269 2 0
42270 1 0
42271 0 2
42272 126 0
42273 126 127
42274 127 127
42275 0 1
42276 2 0
42277 126 127
42278 1 0
42279 127 127
42280 127 0
42281 2 0
42282 1 0
42283 0 2
42284 126 127
42285 0 126
42286 0 1
42287 127 127
42288 126 0
42289 126 127
42290 2 0
42291 0 127
42292 127 0
42293 1 0
42294 0 2
42295 0 1
42296 2 0
42297 0 0
42298 0 126
42299 126 0
42300 3 0
42301 127 127
42302 127 0
42303 0 127
42304 126 127
42305 0 126
42306 0 127
42307 0 126
42308 2 0
42309 126 0
42310 127 0
42311 126 0
42312 3 0
42313 0 1
42314 0 0
42315 127 127
42316 127 0
42317 0 1
42318 2 0
42319 1 0
42320 126 127
42321 126 0
42322 0 2
42323 0 0
42324 127 0
42325 0 3
42326 126 0
42327 0 127
42328 0 2
42329 1 0
42330 127 0
42331 126 0
42332 0 0
42333 0 3
42334 0 1
42335 0 126
42336 0 0
42337 0 127
42338 0 1
42339 127 0
42340 126 0
42341 127 127
42342 0 0
42343 0 2
42344 126 127
42345 127 127
42346 0 126
42347 126 127
42348 0 127
42349 127 127
42350 126 127
42351 1 0
42352 127 127
42353 0 0
42354 1 0
42355 0 0
42356 0 3
42357 0 2
42358 0 126
42359 0 3
42360 0 2
42361 0 3
42362 0 1
42363 0 0
42364 0 127
42365 127 0
42366 126 127
42367 0 2
42368 0 3
42369 127 127
42370 0 126
42371 0 1
42372 126 0
42373 127 0
42374 0 127
42375 0 126
42376 126 0
42377 0 127
42378 0 126
42379 126 127
42380 127 0
42381 0 127
42382 0 4
42383 127 127
42384 0 3
42385 0 0
42386 0 1
42387 126 0
42388 0 4
42389 0 3
42390 0 4
42391 0 0
42392 127 0
42393 0 3
42394 0 126
42395 0 1
42396 0 127
42397 126 0
42398 0 126
42399 0 0
42400 0 2
42401 1 0
42402 0 0
42403 126 127
42404 0 3
42405 0 2
42406 127 0
42407 0 3
42408 0 127
42409 126 0
42410 0 1
42411 0 4
42412 127 0
42413 127 127
42414 0 3
42415 126 0
42416 127 0
42417 126 0
42418 0 126
42419 127 0
42420 0 127
42421 0 4
42422 126 0
42423 0 0
42424 0 126
42425 0 3
42426 0 127
42427 126 127
42428 0 2
42429 127 127
42430 1 0
42431 0 126
42432 127 0
42433 126 0
42434 0 127
42435 0 1
42436 126 127
42437 127 127
42438 126 127
42439 2 0
42440 1 0
42441 2 0
42442 0 126
42443 127 0
42444 126 0
42445 0 127
42446 127 0
42447 126 0
42448 127 0
42449 0 0
42450 127 127
42451 126 0
42452 0 1
42453 0 0
42454 0 126
42455 3 0
42456 2 0
42457 127 0
42458 126 0
42459 127 0
42460 0 1
42461 126 0
42462 0 0
42463 3 0
42464 126 127
42465 0 1
42466 127 127
42467 0 0
42468 0 127
42469 126 127
42470 0 1
42471 127 0
42472 0 0
42473 0 1
42474 126 0
42475 127 0
42476 2 0
42477 1 0
42478 0 2
42479 0 1
42480 2 0
42481 0 0
42482 0 1
42483 1 0
42484 2 0
42485 127 127
42486 0 126
42487 126 127
42488 127 127
42489 126 0
42490 0 127
42491 0 0
42492 3 0
42493 126 127
42494 0 1
42495 0 0
42496 2 0
42497 0 1
42498 127 0
42499 127 127
42500 0 0
42501 0 126
42502 0 1
42503 126 0
42504 1 0
42505 127 0
42506 0 127
42507 126 127
42508 126 0
42509 2 0
42510 0 0
42511 127 0
42512 3 0
42513 0 1
42514 0 126
42515 126 0
42516 127 127
42517 127 0
42518 126 0
42519 127 0
42520 0 0
42521 0 1
42522 2 0
42523 1 0
42524 126 0
42525 0 2
42526 0 127
42527 127 0
42528 126 127
42529 126 0
42530 0 126
42531 0 1
42532 0 2
42533 127 0
42534 0 127
42535 127 127
42536 0 126
42537 126 127
42538 127 127
42539 0 1
42540 0 2
42541 126 0
42542 127 0
42543 0 1
42544 0 2
42545 0 1
42546 0 2
42547 0 1
42548 0 127
42549 2 0
42550 0 0
42551 0 126
42552 126 127
42553 126 0
42554 0 1
42555 0 0
42556 127 0
42557 3 0
42558 126 0
42559 127 0
42560 126 0
42561 127 127
42562 0 1
42563 0 0
42564 0 1
42565 0 127
42566 126 127
42567 0 0
42568 0 126
42569 2 0
42570 3 0
42571 127 0
42572 2 0
42573 126 0
42574 0 1
42575 127 0
42576 1 0
42577 0 127
42578 2 0
42579 126 0
42580 127 127
42581 126 127
42582 1 0
42583 2 0
42584 1 0
42585 2 0
42586 127 127
42587 0 0
42588 0 126
42589 127 0
42590 126 0
42591 127 0
42592 0 1
42593 0 0
42594 3 0
42595 0 1
42596 2 0
42597 0 127
42598 0 126
42599 126 127
42600 0 127
42601 1 0
42602 127 127
42603 126 127
42604 0 2
42605 0 0
42606 126 0
42607 1 0
42608 127 127
42609 126 127
42610 127 0
42611 0 126
42612 127 127
42613 126 0
42614 126 127
42615 0 127
42616 127 127
42617 0 1
42618 0 2
42619 127 0
42620 0 1
42621 0 126
42622 126 0
42623 2 0
42624 126 127
42625 0 0
42626 127 127
42627 127 0
42628 126 127
42629 3 0
42630 0 1
42631 127 127
42632 0 0
42633 0 127
42634 0 1
42635 2 0
42636 0 0
42637 0 126
42638 0 1
42639 0 0
42640 0 1
42641 0 127
42642 0 0
42643 126 127
42644 0 126
42645 0 127
42646 3 0
42647 127 127
42648 126 127
42649 127 127
42650 2 0
42651 0 126
42652 0 127
42653 0 1
42654 1 0
42655 0 126
42656 0 2
42657 126 0
42658 127 0
42659 126 127
42660 127 127
42661 126 127
42662 0 1
42663 127 127
42664 126 0
42665 127 0
42666 0 127
42667 126 0
42668 2 0
42669 127 0
42670 126 127
42671 0 0
42672 0 1
42673 127 127
42674 0 0
42675 0 1
42676 0 126
42677 126 127
42678 126 0
42679 127 127
42680 0 0
42681 0 1
42682 1 0
42683 127 0
42684 2 0
42685 126 0
42686 127 0
42687 0 127
42688 0 0
42689 3 0
42690 126 127
42691 126 0
42692 127 0
42693 0 1
42694 127 127
42695 0 0
42696 2 0
42697 0 126
42698 0 127
42699 0 1
42700 0 126
42701 0 0
42702 3 0
42703 126 0
42704 2 0
42705 3 0
42706 127 0
42707 126 0
42708 127 0
42709 2 0
42710 126 0
42711 3 0
42712 0 127
42713 2 0
42714 3 0
42715 127 0
42716 2 0
42717 0 1
42718 0 126
42719 126 127
42720 0 0
42721 0 127
42722 126 0
42723 0 1
42724 1 0
42725 127 0
42726 0 2
42727 0 0
42728 127 127
42729 0 126
42730 126 127
42731 127 127
42732 126 0
42733 0 127
42734 126 127
42735 0 3
42736 0 1
42737 0 4
42738 127 127
42739 127 0
42740 0 0
42741 0 1
42742 126 127
42743 126 0
42744 127 127
42745 0 126
42746 0 127
42747 0 3
42748 0 126
42749 0 4
42750 126 127
42751 127 127
42752 126 127
42753 0 127
42754 0 0
42755 127 127
42756 127 0
42757 0 126
42758 126 0
42759 0 127
42760 127 0
42761 126 127
42762 126 0
42763 127 0
42764 126 0
42765 0 3
42766 127 127
42767 0 1
42768 0 0
42769 127 0
42770 126 127
42771 126 0
42772 127 0
42773 0 1
42774 0 0
42775 0 1
42776 0 0
42777 0 2
42778 0 3
42779 0 126
42780 0 1
42781 0 127
42782 126 0
42783 0 4
42784 0 126
42785 0 0
42786 127 127
42787 0 127
42788 0 1
42789 127 0
42790 0 0
42791 0 1
42792 0 126
42793 0 127
42794 0 0
42795 0 1
42796 126 127
42797 126 0
42798 127 0
42799 0 3
42800 126 0
42801 0 126
42802 0 0
42803 0 2
42804 127 0
42805 0 3
42806 126 0
42807 0 2
42808 127 0
42809 1 0
42810 0 127
42811 126 0
42812 127 127
42813 0 126
42814 0 1
42815 2 0
42816 126 127
42817 0 127
42818 1 0
42819 127 0
42820 0 2
42821 0 0
42822 1 0
42823 0 126
42824 127 127
42825 126 127
42826 127 127
42827 0 0
42828 0 3
42829 0 2
42830 1 0
42831 126 127
42832 126 0
42833 0 127
42834 127 0
42835 0 126
42836 0 127
42837 0 1
42838 0 126
42839 127 127
42840 2 0
42841 126 0
42842 0 127
42843 1 0
42844 126 127
42845 2 0
42846 127 0
42847 1 0
42848 0 126
42849 126 0
42850 0 127
42851 0 126
42852 127 127
42853 127 0
42854 126 127
42855 0 2
42856 127 127
42857 126 0
42858 0 1
42859 2 0
42860 0 127
42861 127 0
42862 0 126
42863 0 127
42864 126 0
42865 1 0
42866 126 127
42867 127 127
42868 126 127
42869 127 0
42870 126 0
42871 0 2
42872 127 127
42873 127 0
42874 0 1
42875 0 2
42876 0 0
42877 126 0
42878 0 126
42879 126 127
42880 127 0
42881 0 127
42882 126 0
42883 127 0
42884 0 126
42885 127 127
42886 0 127
42887 1 0
42888 126 0
42889 126 127
42890 127 127
42891 126 127
42892 0 0
42893 127 0
42894 0 126
42895 0 127
42896 127 127
42897 0 126
42898 0 3
42899 126 127
42900 0 2
42901 0 127
42902 0 126
42903 126 0
42904 0 127
42905 127 127
42906 0 3
42907 126 127
42908 0 2
42909 127 127
42910 0 3
42911 126 127
42912 127 0
42913 127 127
42914 126 0
42915 0 126
42916 127 0
42917 0 2
42918 0 127
42919 0 126
42920 0 3
42921 0 127
42922 0 126
42923 0 1
42924 0 0
42925 126 0
42926 127 0
42927 126 127
42928 127 127
42929 0 2
42930 1 0
42931 126 0
42932 127 0
42933 126 127
42934 0 127
42935 127 127
42936 126 127
42937 0 0
42938 126 0
42939 0 3
42940 127 0
42941 126 0
42942 0 126
42943 0 2
42944 0 3
42945 127 127
42946 0 1
42947 0 4
42948 126 127
42949 0 3
42950 0 4
42951 0 127
42952 0 126
42953 127 0
42954 127 127
42955 0 3
42956 0 127
42957 126 0
42958 127 0
42959 126 127
42960 0 0
42961 127 127
42962 126 0
42963 0 1
42964 0 0
42965 127 0
42966 0 1
42967 0 126
42968 126 127
42969 127 127
42970 0 127
42971 0 4
42972 126 127
42973 126 0
42974 127 0
42975 0 0
42976 0 3
42977 127 127
42978 0 2
42979 0 126
42980 126 0
42981 1 0
42982 0 1
42983 0 2
42984 126 127
42985 0 127
42986 0 1
42987 0 2
42988 0 0
42989 0 3
42990 127 127
42991 126 127
42992 127 127
42993 0 1
42994 127 0
42995 0 126
42996 0 4
42997 0 127
42998 0 126
42999 126 127
43000 127 127
43001 0 0
43002 0 1
43003 126 0
43004 0 0
43005 127 0
43006 0 1
43007 0 0
43008 126 127
43009 126 0
43010 0 1
43011 127 127
43012 126 127
43013 127 0
43014 0 127
43015 0 3
43016 0 126
43017 127 127
43018 0 4
43019 0 3
43020 0 127
43021 0 4
43022 0 0
43023 126 0
43024 0 1
43025 126 127
43026 0 3
43027 0 4
43028 127 0
43029 0 3
43030 127 127
43031 0 0
43032 0 2
43033 0 126
43034 1 0
43035 0 0
43036 1 0
43037 0 0
43038 1 0
43039 0 0
43040 0 3
43041 0 1
43042 0 127
43043 0 126
43044 0 127
43045 126 127
43046 0 4
43047 127 127
43048 0 126
43049 126 127
43050 0 127
43051 127 127
43052 0 3
43053 126 127
43054 126 0
43055 0 0
43056 127 127
43057 0 1
43058 126 127
43059 0 4
43060 127 127
43061 126 127
43062 0 0
43063 0 1
43064 0 3
43065 127 0
43066 0 0
43067 127 127
43068 0 126
43069 126 127
43070 126 0
43071 0 127
43072 0 1
43073 0 0
43074 127 0
43075 0 126
43076 0 2
43077 126 0
43078 127 0
43079 127 127
43080 126 127
43081 0 127
43082 0 3
43083 126 0
43084 127 127
43085 0 126
43086 0 2
43087 0 3
43088 0 127
43089 0 2
43090 127 0
43091 126 127
43092 0 3
43093 0 2
43094 126 0
43095 1 0
43096 0 1
43097 0 2
43098 127 0
43099 127 127
43100 126 127
43101 126 0
43102 0 1
43103 2 0
43104 127 127
43105 126 127
43106 127 127
43107 126 127
43108 0 126
43109 0 0
43110 127 0
43111 3 0
43112 2 0
43113 126 0
43114 127 127
43115 126 127
43116 3 0
43117 0 1
43118 2 0
43119 127 0
43120 0 0
43121 0 127
43122 127 127
43123 3 0
43124 126 127
43125 0 1
43126 0 0
43127 0 126
43128 127 127
43129 126 0
43130 0 1
43131 127 0
43132 0 127
43133 126 127
43134 126 0
43135 2 0
43136 0 126
43137 0 127
43138 0 0
43139 0 126
43140 0 127
43141 0 126
43142 127 127
43143 126 127
43144 0 1
43145 127 0
43146 127 127
43147 1 0
43148 126 127
43149 126 0
43150 0 127
43151 0 126
43152 0 2
43153 127 0
43154 126 0
43155 0 0
43156 0 127
43157 127 0
43158 0 3
43159 0 126
43160 0 127
43161 0 2
43162 0 126
43163 0 3
43164 127 127
43165 126 127
43166 0 127
43167 126 0
43168 127 127
43169 0 1
43170 126 127
43171 127 127
43172 127 0
43173 0 126
43174 0 4
43175 0 127
43176 126 0
43177 0 0
43178 0 126
43179 0 3
43180 127 0
43181 0 1
43182 0 127
43183 0 0
43184 0 1
43185 0 4
43186 0 126
43187 126 0
43188 126 127
43189 0 3
43190 0 0
43191 127 127
43192 0 2
43193 1 0
43194 0 0
43195 126 127
43196 0 127
43197 0 126
43198 127 0
43199 127 127
43200 0 3
43201 126 127
43202 0 2
43203 1 0
43204 0 1
43205 0 2
43206 0 127
43207 0 1
43208 126 0
43209 127 0
43210 0 2
43211 0 1
43212 0 2
43213 126 0
43214 127 0
43215 0 0
43216 0 3
43217 126 0
43218 0 126
43219 0 127
43220 127 0
43221 0 126
43222 0 1
43223 0 0
43224 0 2
43225 126 0
43226 0 127
43227 0 126
43228 127 0
43229 126 0
43230 127 127
43231 127 0
43232 0 3
43233 126 127
43234 0 2
43235 1 0
43236 0 0
43237 126 0
43238 1 0
43239 127 0
43240 0 127
43241 0 126
43242 127 127
43243 126 0
43244 127 0
43245 0 0
43246 1 0
43247 0 1
43248 0 2
43249 0 127
43250 126 127
43251 127 127
43252 0 0
43253 126 0
43254 1 0
43255 0 1
43256 127 0
43257 0 2
43258 0 1
43259 2 0
43260 0 126
43261 126 0
43262 0 127
43263 0 126
43264 126 127
43265 0 0
43266 0 127
43267 0 1
43268 127 0
43269 0 126
43270 126 0
43271 1 0
43272 2 0
43273 0 0
43274 0 127
43275 3 0
43276 2 0
43277 127 0
43278 126 0
43279 0 1
43280 1 0
43281 127 127
43282 126 127
43283 0 2
43284 127 0
43285 126 0
43286 127 0
43287 0 1
43288 126 0
43289 127 127
43290 0 126
43291 127 0
43292 0 2
43293 0 127
43294 0 1
43295 0 2
43296 0 126
43297 126 0
43298 126 127
43299 127 0
43300 0 1
43301 127 127
43302 0 127
43303 0 2
43304 126 127
43305 127 127
43306 0 1
43307 126 127
43308 0 126
43309 127 127
43310 0 127
43311 0 126
43312 0 2
43313 0 1
43314 2 0
43315 126 0
43316 126 127
43317 0 0
43318 3 0
43319 2 0
43320 3 0
43321 0 127
43322 127 127
43323 2 0
43324 0 126
43325 126 127
43326 0 1
43327 1 0
43328 2 0
43329 0 0
43330 127 0
43331 0 1
43332 0 0
43333 0 127
43334 0 1
43335 126 0
43336 127 127
43337 126 127
43338 0 126
43339 127 127
43340 127 0
43341 126 127
43342 0 127
43343 0 126
43344 127 127
43345 126 0
43346 127 0
43347 1 0
43348 126 0
43349 127 0
43350 0 2
43351 126 127
43352 126 0
43353 0 0
43354 0 127
43355 1 0
43356 127 127
43357 127 0
43358 0 0
43359 126 127
43360 127 127
43361 126 0
43362 127 0
43363 0 126
43364 0 3
43365 126 127
43366 0 2
43367 0 127
43368 0 126
43369 1 0
43370 126 0
43371 0 1
43372 0 127
43373 0 2
43374 0 0
43375 127 0
43376 0 3
43377 127 127
43378 126 127
43379 0 2
43380 0 126
43381 126 0
43382 127 0
43383 0 127
43384 0 126
43385 0 127
43386 126 0
43387 127 0
43388 127 127
43389 1 0
43390 0 126
43391 126 127
43392 0 127
43393 0 126
43394 126 0
43395 0 0
43396 127 127
43397 127 0
43398 0 127
43399 0 126
43400 126 0
43401 0 127
43402 1 0
43403 127 0
43404 0 0
43405 0 3
43406 0 2
43407 0 126
43408 126 0
43409 0 3
43410 0 127
43411 0 126
43412 127 0
43413 126 127
43414 0 1
43415 0 4
43416 0 0
43417 127 127
43418 0 1
43419 0 0
43420 0 1
43421 0 0
43422 126 0
43423 126 127
43424 0 1
43425 0 3
43426 127 0
43427 0 127
43428 0 4
43429 0 3
43430 0 126
43431 127 127
43432 0 4
43433 0 127
43434 0 126
43435 126 0
43436 126 127
43437 0 127
43438 0 3
43439 0 126
43440 127 127
43441 0 127
43442 0 126
43443 126 127
43444 127 0
43445 0 127
43446 0 126
43447 127 127
43448 126 127
43449 0 0
43450 126 0
43451 127 127
43452 0 2
43453 127 0
43454 126 0
43455 0 127
43456 0 3
43457 127 0
43458 0 126
43459 126 127
43460 0 2
43461 0 127
43462 0 126
43463 1 0
43464 0 1
43465 126 0
43466 0 2
43467 0 127
43468 127 127
43469 0 1
43470 0 126
43471 126 127
43472 127 0
43473 127 127
43474 0 2
43475 126 127
43476 126 0
43477 127 0
43478 127 127
43479 0 1
43480 2 0
43481 0 127
43482 0 0
43483 126 0
43484 0 126
43485 127 0
43486 126 0
43487 3 0
43488 0 127
43489 126 127
43490 127 127
43491 0 1
43492 0 0
43493 0 126
43494 0 127
43495 127 0
43496 0 126
43497 126 127
43498 0 1
43499 126 0
43500 127 0
43501 2 0
43502 0 0
43503 127 127
43504 126 127
43505 0 127
43506 0 126
43507 126 0
43508 127 0
43509 0 127
43510 3 0
43511 2 0
43512 126 0
43513 0 126
43514 127 127
43515 127 0
43516 0 1
43517 126 127
43518 0 0
43519 0 1
43520 0 0
43521 0 1
43522 127 127
43523 0 127
43524 126 127
43525 0 126
43526 1 0
43527 0 127
43528 0 126
43529 0 127
43530 0 2
43531 127 127
43532 0 126
43533 126 127
43534 0 1
43535 0 127
43536 0 2
43537 126 0
43538 0 0
43539 0 3
43540 127 0
43541 0 126
43542 0 127
43543 0 2
43544 0 126
43545 127 127
43546 126 127
43547 126 0
43548 127 0
43549 127 127
43550 0 3
43551 126 127
43552 127 127
43553 0 127
43554 0 1
43555 126 127
43556 0 4
43557 0 126
43558 0 0
43559 0 1
43560 0 0
43561 0 1
43562 127 127
43563 0 0
43564 0 127
43565 126 0
43566 127 0
43567 0 126
43568 126 0
43569 0 3
43570 0 1
43571 0 4
43572 0 0
43573 0 127
43574 0 3
43575 0 1
43576 0 126
43577 127 0
43578 0 0
43579 0 2
43580 1 0
43581 126 0
43582 0 127
43583 0 0
43584 126 127
43585 0 3
43586 127 0
43587 0 1
43588 127 127
43589 126 127
43590 127 127
43591 126 127
43592 126 0
43593 0 126
43594 0 4
43595 0 0
43596 0 3
43597 0 2
43598 1 0
43599 127 0
43600 0 1
43601 0 2
43602 0 1
43603 0 2
43604 0 127
43605 126 0
43606 127 127
43607 0 1
43608 126 127
43609 0 2
43610 127 127
43611 0 1
43612 2 0
43613 1 0
43614 0 2
43615 0 1
43616 0 126
43617 2 0
43618 0 0
43619 0 127
43620 0 1
43621 1 0
43622 0 126
43623 127 0
43624 2 0
43625 0 127
43626 1 0
43627 126 127
43628 2 0
43629 1 0
43630 0 2
43631 0 1
43632 126 0
43633 127 0
43634 127 127
43635 2 0
43636 0 126
43637 1 0
43638 0 2
43639 0 1
43640 0 127
43641 0 2
43642 126 0
43643 126 127
43644 0 126
43645 0 0
43646 127 0
43647 0 127
43648 0 3
43649 126 0
43650 0 2
43651 127 127
43652 0 126
43653 0 127
43654 126 127
43655 1 0
43656 0 1
43657 127 0
43658 0 126
43659 126 0
43660 0 2
43661 127 0
43662 127 127
43663 0 127
43664 126 0
43665 127 0
43666 126 0
43667 0 1
43668 127 0
43669 0 2
43670 126 127
43671 0 0
43672 0 126
43673 0 3
43674 126 0
43675 127 127
43676 126 127
43677 127 127
43678 0 127
43679 127 0
43680 0 2
43681 0 126
43682 126 0
43683 0 3
43684 0 1
43685 0 127
43686 126 127
43687 127 127
43688 0 126
43689 0 4
43690 127 0
43691 0 3
43692 0 4
43693 126 0
43694 127 0
43695 126 0
43696 126 127
43697 127 0
43698 0 0
43699 0 1
43700 127 127
43701 126 127
43702 127 127
43703 0 3
43704 0 0
43705 0 1
43706 0 127
43707 0 4
43708 0 3
43709 0 126
43710 126 0
43711 126 127
43712 127 0
43713 0 0
43714 127 127
43715 126 0
43716 0 2
43717 127 0
43718 1 0
43719 0 127
43720 0 1
43721 126 127
43722 0 2
43723 127 127
43724 0 0
43725 0 3
43726 126 127
43727 126 0
43728 0 2
43729 1 0
43730 127 127
43731 0 0
43732 1 0
43733 127 0
43734 126 127
43735 127 127
43736 126 0
43737 0 0
43738 127 0
43739 126 0
43740 0 126
43741 126 127
43742 1 0
43743 127 127
43744 126 127
43745 0 1
43746 2 0
43747 127 127
43748 0 0
43749 0 1
43750 0 127
43751 0 126
43752 126 127
43753 1 0
43754 0 127
43755 127 0
43756 0 126
43757 127 127
43758 126 127
43759 0 2
43760 127 127
43761 0 127
43762 0 0
43763 0 126
43764 0 3
43765 126 0
43766 0 1
43767 126 127
43768 0 0
43769 0 1
43770 127 0
43771 0 0
43772 127 127
43773 0 2
43774 0 127
43775 0 126
43776 126 0
43777 126 127
43778 1 0
43779 0 127
43780 0 126
43781 0 1
43782 0 2
43783 0 127
43784 127 0
43785 0 126
43786 0 127
43787 126 0
43788 0 126
43789 0 1
43790 127 127
43791 127 0
43792 126 127
43793 127 127
43794 126 127
43795 127 127
43796 0 2
43797 126 0
43798 0 127
43799 0 126
43800 0 0
43801 1 0
43802 126 127
43803 0 127
43804 0 1
43805 127 127
43806 0 126
43807 126 127
43808 127 0
43809 2 0
43810 0 127
43811 1 0
43812 0 2
43813 126 0
43814 127 0
43815 0 0
43816 1 0
43817 0 1
43818 0 2
43819 127 127
43820 126 0
43821 0 126
43822 127 0
43823 0 1
43824 126 127
43825 126 0
43826 127 0
43827 0 127
43828 126 0
43829 127 127
43830 2 0
43831 1 0
43832 0 2
43833 127 0
43834 0 126
43835 126 127
43836 0 1
43837 126 0
43838 127 0
43839 127 127
43840 126 127
43841 126 0
43842 127 0
43843 0 127
43844 0 126
43845 2 0
43846 126 0
43847 127 127
43848 127 0
43849 0 127
43850 126 127
43851 127 127
43852 0 0
43853 0 1
43854 0 0
43855 0 126
43856 126 0
43857 126 127
43858 127 127
43859 127 0
43860 3 0
43861 0 1
43862 2 0
43863 1 0
43864 126 0
43865 127 0
43866 2 0
43867 0 0
43868 0 1
43869 0 127
43870 0 0
43871 0 1
43872 0 126
43873 126 0
43874 127 0
43875 0 0
43876 3 0
43877 126 0
43878 0 1
43879 126 127
43880 0 0
43881 127 127
43882 127 0
43883 2 0
43884 126 0
43885 126 127
43886 0 1
43887 0 0
43888 127 127
43889 0 127
43890 127 0
43891 3 0
43892 0 1
43893 2 0
43894 1 0
43895 126 127
43896 0 2
43897 127 127
43898 0 126
43899 126 127
43900 127 127
43901 0 0
43902 1 0
43903 126 0
43904 127 0
43905 0 1
43906 126 127
43907 2 0
43908 126 0
43909 1 0
43910 0 2
43911 127 0
43912 126 0
43913 127 127
43914 127 0
43915 126 0
43916 0 1
43917 2 0
43918 0 127
43919 0 126
43920 1 0
43921 0 2
43922 0 1
43923 126 127
43924 127 0
43925 0 127
43926 126 0
43927 2 0
43928 127 0
43929 0 126
43930 0 127
43931 0 0
43932 0 126
43933 126 0
43934 3 0
43935 127 0
43936 0 127
43937 0 1
43938 0 126
43939 127 127
43940 126 0
43941 2 0
43942 0 0
43943 3 0
43944 2 0
43945 3 0
43946 2 0
43947 0 127
43948 127 0
43949 126 0
43950 0 126
43951 0 1
43952 126 127
43953 127 127
43954 0 127
43955 0 0
43956 0 126
43957 0 1
43958 126 127
43959 0 127
43960 127 127
43961 0 126
43962 126 127
43963 0 127
43964 127 127
43965 126 127
43966 127 0
43967 126 0
43968 127 127
43969 0 0
43970 126 127
43971 127 0
43972 3 0
43973 2 0
43974 127 127
43975 3 0
43976 0 1
43977 0 0
43978 126 0
43979 2 0
43980 0 126
43981 127 0
43982 126 127
43983 126 0
43984 0 127
43985 3 0
43986 127 0
43987 2 0
43988 3 0
43989 126 0
43990 0 126
43991 127 127
43992 0 1
43993 127 0
43994 2 0
43995 0 127
43996 0 126
43997 1 0
43998 0 2
43999 0 0
44000 126 0
44001 1 0
44002 0 1
44003 127 0
44004 0 127
44005 0 2
44006 0 0
44007 126 0
44008 126 127
44009 1 0
44010 127 0
44011 0 1
44012 127 127
44013 0 126
44014 0 2
44015 126 127
44016 126 0
44017 127 0
44018 0 1
44019 0 127
44020 126 0
44021 127 127
44022 127 0
44023 0 2
44024 126 127
44025 127 127
44026 126 127
44027 0 126
44028 0 0
44029 1 0
44030 127 127
44031 126 0
44032 127 0
44033 126 0
44034 127 0
44035 126 0
44036 0 0
44037 126 127
44038 127 127
44039 126 127
44040 1 0
44041 127 127
44042 127 0
44043 0 127
44044 126 0
44045 127 0
44046 0 1
44047 2 0
44048 126 0
44049 1 0
44050 0 126
44051 0 127
44052 0 2
44053 0 0
44054 127 0
44055 126 0
44056 0 126
44057 1 0
44058 127 0
44059 126 0
44060 0 0
44061 0 3
44062 126 127
44063 0 2
44064 0 3
44065 127 0
44066 0 1
44067 0 4
44068 0 127
44069 0 3
44070 127 127
44071 126 127
44072 127 127
44073 126 127
44074 0 126
44075 0 0
44076 127 127
44077 126 127
44078 126 0
44079 127 0
44080 0 1
44081 0 4
44082 0 127
44083 127 127
44084 0 126
44085 126 0
44086 127 0
44087 126 0
44088 0 3
44089 0 0
44090 0 127
44091 126 127
44092 0 126
44093 0 1
44094 127 127
44095 126 127
44096 0 0
44097 127 127
44098 126 127
44099 127 127
44100 0 2
44101 1 0
44102 127 0
44103 0 0
44104 1 0
44105 126 0
44106 127 0
44107 126 0
44108 0 127
44109 127 0
44110 126 127
44111 0 1
44112 126 0
44113 0 2
44114 127 127
44115 0 126
44116 127 0
44117 126 0
44118 126 127
44119 127 0
44120 0 1
44121 0 127
44122 126 0
44123 0 2
44124 0 1
44125 0 2
44126 0 1
44127 2 0
44128 0 126
44129 1 0
44130 0 127
44131 0 126
44132 0 127
44133 127 127
44134 2 0
44135 1 0
44136 127 0
44137 0 126
44138 2 0
44139 1 0
44140 0 127
44141 0 126
44142 126 0
44143 0 127
44144 126 127
44145 127 0
44146 126 0
44147 2 0
44148 1 0
44149 0 2
44150 0 1
44151 0 2
44152 0 126
44153 0 0
44154 127 127
44155 126 127
44156 127 0
44157 126 0
44158 1 0
44159 0 0
44160 0 3
44161 0 127
44162 0 126
44163 0 127
44164 127 0
44165 0 126
44166 0 1
44167 0 0
44168 0 127
44169 0 126
44170 126 0
44171 0 1
44172 0 4
44173 0 0
44174 127 127
44175 0 127
44176 126 127
44177 0 126
44178 127 0
44179 0 127
44180 0 1
44181 0 126
44182 126 0
44183 0 0
44184 0 127
44185 127 0
44186 0 1
44187 127 127
44188 126 0
44189 126 127
44190 0 3
44191 0 0
44192 0 126
44193 127 127
44194 0 2
44195 127 0
44196 0 3
44197 0 127
44198 126 127
44199 0 2
44200 0 3
44201 0 1
44202 126 0
44203 127 127
44204 0 126
44205 127 0
44206 0 0
44207 0 127
44208 0 126
44209 126 127
44210 127 127
44211 0 1
44212 126 0
44213 126 127
44214 0 0
44215 0 127
44216 0 1
44217 127 127
44218 126 127
44219 127 127
44220 0 126
44221 0 4
44222 0 127
44223 0 0
44224 0 3
44225 0 126
44226 0 127
44227 126 127
44228 127 0
44229 127 127
44230 0 126
44231 0 127
44232 0 1
44233 126 127
44234 127 127
44235 126 0
44236 0 0
44237 0 126
44238 127 0
44239 0 2
44240 0 3
44241 0 1
44242 0 4
44243 126 0
44244 0 0
44245 127 0
44246 0 127
44247 126 127
44248 0 126
44249 126 0
44250 127 127
44251 0 3
44252 127 0
44253 0 1
44254 0 127
44255 0 0
44256 0 2
44257 0 3
44258 0 1
44259 126 0
44260 0 126
44261 0 0
44262 0 1
44263 0 4
44264 127 0
44265 0 0
44266 0 3
44267 126 0
44268 126 127
44269 127 0
44270 0 1
44271 0 0
44272 0 1
44273 0 127
44274 126 0
44275 0 126
44276 127 0
44277 126 0
44278 127 0
44279 127 127
44280 0 0
44281 126 127
44282 0 1
44283 0 0
44284 0 1
44285 126 0
44286 0 4
44287 127 0
44288 0 0
44289 126 0
44290 0 127
44291 0 3
44292 0 1
44293 0 126
44294 127 0
44295 0 4
44296 0 127
44297 0 126
44298 127 127
44299 0 3
44300 126 0
44301 127 0
44302 0 127
44303 0 126
44304 126 127
44305 0 0
44306 0 1
44307 0 0
44308 0 2
44309 0 3
44310 0 127
44311 0 1
44312 126 0
44313 0 126
44314 0 4
44315 0 127
44316 127 127
44317 0 0
44318 0 126
44319 127 0
44320 0 127
44321 0 3
44322 0 2
44323 126 127
44324 127 127
44325 126 127
44326 126 0
44327 127 127
44328 0 126
44329 1 0
44330 0 1
44331 2 0
44332 0 127
44333 127 0
44334 1 0
44335 0 126
44336 126 0
44337 0 127
44338 126 127
44339 127 0
44340 2 0
44341 1 0
44342 0 126
44343 2 0
44344 0 127
44345 1 0
44346 0 126
44347 0 2
44348 0 0
44349 0 127
44350 1 0
44351 127 127
44352 126 127
44353 127 127
44354 0 1
44355 2 0
44356 1 0
44357 0 2
44358 0 1
44359 0 2
44360 126 0
44361 0 126
44362 0 1
44363 127 0
44364 126 127
44365 0 127
44366 2 0
44367 127 127
44368 0 126
44369 0 127
44370 126 127
44371 0 0
44372 3 0
44373 2 0
44374 3 0
44375 2 0
44376 0 1
44377 126 0
44378 0 0
44379 0 1
44380 1 0
44381 0 2
44382 127 0
44383 127 127
44384 0 126
44385 0 0
44386 0 3
44387 0 2
44388 0 127
44389 0 3
44390 0 2
44391 0 126
44392 126 0
44393 127 0
44394 1 0
44395 0 0
44396 1 0
44397 0 0
44398 126 0
44399 126 127
44400 127 127
44401 127 0
44402 126 127
44403 1 0
44404 127 127
44405 126 0
44406 126 127
44407 0 0
44408 127 0
44409 0 127
44410 126 0
44411 0 3
44412 127 0
44413 0 126
44414 127 127
44415 0 127
44416 126 127
44417 126 0
44418 0 1
44419 0 0
44420 127 127
44421 127 0
44422 0 2
44423 0 3
44424 0 2
44425 1 0
44426 0 0
44427 126 0
44428 126 127
44429 0 126
44430 127 127
44431 126 127
44432 1 0
44433 0 1
44434 2 0
44435 127 0
44436 127 127
44437 0 127
44438 0 126
44439 126 0
44440 1 0
44441 0 127
44442 0 126
44443 126 127
44444 127 0
44445 0 127
44446 0 126
44447 127 127
44448 126 0
44449 0 127
44450 0 126
44451 0 127
44452 2 0
44453 0 126
44454 127 0
44455 126 127
44456 0 127
44457 1 0
44458 0 2
44459 0 1
44460 2 0
44461 0 0
44462 126 0
44463 127 0
44464 0 126
44465 126 0
44466 0 1
44467 0 127
44468 0 0
44469 0 1
44470 127 127
44471 1 0
44472 126 127
44473 0 2
44474 127 0
44475 127 127
44476 0 0
44477 1 0
44478 0 1
44479 0 126
44480 2 0
44481 0 127
44482 126 0
44483 0 126
44484 126 127
44485 0 127
44486 0 0
44487 3 0
44488 127 127
44489 0 1
44490 0 0
44491 0 126
44492 2 0
44493 126 127
44494 3 0
44495 127 0
44496 126 0
44497 127 127
44498 2 0
44499 0 127
44500 127 0
44501 126 127
44502 0 126
44503 0 1
44504 1 0
44505 127 127
44506 0 127
44507 2 0
44508 126 0
44509 0 126
44510 1 0
44511 2 0
44512 0 0
44513 126 127
44514 127 127
44515 127 0
44516 0 127
44517 126 0
44518 127 0
44519 126 127
44520 0 1
44521 0 126
44522 0 127
44523 0 0
44524 0 1
44525 0 126
44526 126 0
44527 0 0
44528 127 0
44529 3 0
44530 127 127
44531 2 0
44532 126 0
44533 0 127
44534 127 0
44535 126 127
44536 3 0
44537 2 0
44538 126 0
44539 3 0
44540 127 0
44541 127 127
44542 0 1
44543 126 127
44544 0 126
44545 127 127
44546 126 0
44547 127 0
44548 126 127
44549 127 127
44550 126 127
44551 0 0
44552 0 1
44553 0 127
44554 127 127
44555 126 0
44556 0 126
44557 2 0
44558 0 0
44559 0 1
44560 0 127
44561 127 0
44562 0 126
44563 126 0
44564 0 0
44565 0 1
44566 0 127
44567 127 0
44568 0 126
44569 126 0
44570 1 0
44571 0 127
44572 2 0
44573 0 0
44574 3 0
44575 127 0
44576 126 127
44577 126 0
44578 0 126
44579 0 127
44580 2 0
44581 0 1
44582 0 0
44583 3 0
44584 0 126
44585 127 0
44586 127 127
44587 0 127
44588 126 127
44589 126 0
44590 127 0
44591 0 126
44592 126 0
44593 0 127
44594 0 1
44595 0 126
44596 2 0
44597 0 127
44598 127 0
44599 127 127
44600 0 0
44601 126 0
44602 0 126
44603 0 127
44604 3 0
44605 127 0
44606 2 0
44607 126 127
44608 0 126
44609 0 1
44610 1 0
44611 127 127
44612 126 127
44613 126 0
44614 0 127
44615 2 0
44616 127 127
44617 0 126
44618 127 0
44619 0 127
44620 126 127
44621 0 0
44622 3 0
44623 0 126
44624 2 0
44625 0 127
44626 127 127
44627 3 0
44628 126 0
44629 0 126
44630 126 127
44631 2 0
44632 0 1
44633 1 0
44634 2 0
44635 0 127
44636 127 0
44637 127 127
44638 0 0
44639 126 127
44640 3 0
44641 0 1
44642 127 127
44643 0 126
44644 0 127
44645 126 127
44646 126 0
44647 2 0
44648 1 0
44649 0 126
44650 2 0
44651 1 0
44652 0 127
44653 127 127
44654 2 0
44655 1 0
44656 127 0
44657 0 2
44658 0 0
44659 0 3
44660 126 127
44661 0 2
44662 0 126
44663 126 0
44664 0 3
44665 127 0
44666 0 1
44667 0 0
44668 0 2
44669 127 127
44670 1 0
44671 0 127
44672 126 127
44673 0 1
44674 0 126
44675 126 0
44676 2 0
44677 0 127
44678 127 127
44679 1 0
44680 0 2
44681 127 0
44682 0 126
44683 126 127
44684 0 0
44685 126 0
44686 0 3
44687 127 0
44688 0 127
44689 0 126
44690 126 0
44691 0 2
44692 0 127
44693 0 126
44694 1 0
44695 0 1
44696 127 127
44697 0 127
44698 0 2
44699 0 126
44700 0 0
44701 126 127
44702 0 3
44703 0 127
44704 0 1
44705 0 4
44706 0 0
44707 0 126
44708 127 0
44709 126 0
44710 0 1
44711 0 3
44712 0 4
44713 0 0
44714 0 3
44715 0 1
44716 127 127
44717 0 127
44718 127 0
44719 126 0
44720 0 4
44721 0 126
44722 0 0
44723 127 0
44724 0 1
44725 0 0
44726 126 0
44727 0 1
44728 0 127
44729 0 3
44730 0 4
44731 127 0
44732 0 3
44733 0 0
44734 0 2
44735 1 0
44736 126 127
44737 126 0
44738 127 127
44739 126 127
44740 0 0
44741 127 127
44742 126 127
44743 0 126
44744 0 3
44745 0 127
44746 0 1
44747 0 4
44748 127 127
44749 0 0
44750 126 127
44751 0 1
44752 127 0
44753 0 0
44754 0 126
44755 127 127
44756 126 0
44757 0 1
44758 0 0
44759 0 3
44760 0 2
44761 127 0
44762 0 3
44763 126 0
44764 0 2
44765 0 3
44766 127 0
44767 0 1
44768 126 0
44769 127 0
44770 126 0
44771 0 127
44772 0 0
44773 0 1
44774 0 0
44775 127 0
44776 126 127
44777 0 1
44778 0 0
44779 0 1
44780 0 126
44781 127 127
44782 0 0
44783 0 2
44784 0 3
44785 0 127
44786 126 0
44787 0 2
44788 0 126
44789 127 0
44790 0 3
44791 126 0
44792 0 2
44793 127 0
44794 0 3
44795 0 127
44796 126 0
44797 127 0
44798 126 0
44799 0 2
44800 0 126
44801 1 0
44802 0 1
44803 0 2
44804 0 1
44805 0 127
44806 0 2
44807 0 1
44808 0 126
44809 127 0
44810 2 0
44811 126 127
44812 0 127
44813 127 127
44814 0 0
44815 0 1
44816 126 0
44817 1 0
44818 126 127
44819 127 127
44820 127 0
44821 2 0
44822 0 0
44823 126 0
44824 126 127
44825 0 126
44826 3 0
44827 127 127
44828 2 0
44829 126 127
44830 127 127
44831 0 127
44832 127 0
44833 0 126
44834 0 127
44835 126 127
44836 0 126
44837 0 127
44838 127 127
44839 3 0
44840 2 0
44841 3 0
44842 126 0
44843 0 126
44844 2 0
44845 3 0
44846 0 127
44847 2 0
44848 0 126
44849 0 1
44850 0 0
44851 0 127
44852 126 127
44853 127 127
44854 126 127
44855 0 1
44856 127 0
44857 0 126
44858 1 0
44859 127 127
44860 126 127
44861 126 0
44862 0 2
44863 127 0
44864 0 0
44865 0 3
44866 0 127
44867 126 0
44868 127 0
44869 0 126
44870 126 0
44871 127 127
44872 127 0
44873 0 127
44874 0 2
44875 0 3
44876 0 1
44877 0 126
44878 0 127
44879 126 127
44880 0 126
44881 127 127
44882 126 0
44883 127 0
44884 126 0
44885 126 127
44886 0 0
44887 127 127
44888 0 1
44889 0 0
44890 0 1
44891 0 127
44892 126 127
44893 0 4
44894 127 127
44895 127 0
44896 126 127
44897 0 3
44898 127 127
44899 126 0
44900 0 4
44901 0 126
44902 127 0
44903 0 0
44904 0 127
44905 126 0
44906 127 0
44907 0 126
44908 0 127
44909 0 1
44910 0 0
44911 0 3
44912 0 1
44913 126 0
44914 0 4
44915 0 3
44916 127 0
44917 0 0
44918 0 1
44919 0 0
44920 0 126
44921 0 127
44922 126 127
44923 127 127
44924 126 127
44925 0 1
44926 127 127
44927 126 0
44928 0 4
44929 0 3
44930 0 0
44931 126 127
44932 0 126
44933 0 127
44934 127 0
44935 126 0
44936 0 126
44937 0 127
44938 0 2
44939 127 0
44940 0 3
44941 127 127
44942 0 2
44943 0 3
44944 0 2
44945 0 126
44946 0 127
44947 126 0
44948 127 0
44949 1 0
44950 0 126
44951 0 0
44952 126 0
44953 1 0
44954 0 1
44955 127 0
44956 126 127
44957 127 127
44958 0 2
44959 0 0
44960 0 127
44961 1 0
44962 0 1
44963 126 127
44964 127 127
44965 126 0
44966 2 0
44967 127 0
44968 1 0
44969 126 0
44970 0 2
44971 0 0
44972 0 126
44973 1 0
44974 127 0
44975 0 127
44976 0 1
44977 2 0
44978 126 127
44979 126 0
44980 1 0
44981 0 2
44982 0 126
44983 0 1
44984 2 0
44985 127 127
44986 0 0
44987 3 0
44988 126 127
44989 0 1
44990 127 0
44991 127 127
44992 126 127
44993 126 0
44994 0 127
44995 2 0
44996 1 0
44997 127 127
44998 126 127
44999 0 2
45000 127 127
45001 126 127
45002 127 0
45003 0 1
45004 127 127
45005 0 126
45006 126 127
45007 0 2
45008 0 127
45009 127 127
45010 126 0
45011 0 126
45012 126 127
45013 127 0
45014 0 0
45015 126 0
45016 0 3
45017 0 127
45018 127 127
45019 0 2
45020 127 0
45021 0 3
45022 0 126
45023 0 127
45024 126 127
45025 126 0
45026 127 0
45027 127 127
45028 126 0
45029 0 2
45030 127 0
45031 0 3
45032 0 126
45033 126 127
45034 127 127
45035 0 1
45036 126 0
45037 126 127
45038 0 0
45039 0 2
45040 127 0
45041 126 0
45042 1 0
45043 127 127
45044 0 1
45045 0 127
45046 126 127
45047 127 127
45048 127 0
45049 126 0
45050 126 127
45051 127 127
45052 0 126
45053 0 2
45054 0 1
45055 2 0
45056 0 0
45057 127 0
45058 126 0
45059 0 127
45060 126 127
45061 3 0
45062 2 0
45063 3 0
45064 127 0
45065 0 126
45066 126 0
45067 127 0
45068 126 0
45069 2 0
45070 0 127
45071 3 0
45072 0 1
45073 127 0
45074 2 0
45075 0 126
45076 127 127
45077 0 127
45078 126 0
45079 127 0
45080 1 0
45081 0 2
45082 0 1
45083 126 127
45084 0 126
45085 127 127
45086 0 127
45087 0 126
45088 2 0
45089 1 0
45090 2 0
45091 126 127
45092 0 0
45093 3 0
45094 127 127
45095 2 0
45096 0 127
45097 126 127
45098 3 0
45099 2 0
45100 127 127
45101 126 127
45102 0 1
45103 1 0
45104 2 0
45105 126 0
45106 0 0
45107 127 0
45108 0 1
45109 126 0
45110 127 0
45111 126 0
45112 0 0
45113 0 1
45114 0 0
45115 3 0
45116 0 126
45117 2 0
45118 127 127
45119 0 127
45120 126 127
45121 3 0
45122 2 0
45123 127 0
45124 3 0
45125 0 1
45126 0 0
45127 0 126
45128 126 0
45129 0 127
45130 0 1
45131 127 127
45132 0 126
45133 0 127
45134 0 126
45135 0 127
45136 0 0
45137 126 127
45138 127 127
45139 126 127
45140 127 0
45141 0 126
45142 0 1
45143 0 127
45144 127 127
45145 126 127
45146 126 0
45147 0 0
45148 2 0
45149 127 127
45150 126 127
45151 3 0
45152 0 126
45153 127 127
45154 0 1
45155 127 0
45156 126 0
45157 127 0
45158 0 0
45159 0 1
45160 0 127
45161 126 0
45162 126 127
45163 2 0
45164 1 0
45165 127 0
45166 2 0
45167 126 0
45168 127 0
45169 0 126
45170 0 0
45171 127 127
45172 0 127
45173 3 0
45174 126 0
45175 0 126
45176 0 1
45177 127 0
45178 126 127
45179 0 127
45180 0 126
45181 127 127
45182 0 127
45183 126 0
45184 0 126
45185 127 0
45186 0 0
45187 0 1
45188 2 0
45189 126 127
45190 0 127
45191 1 0
45192 0 2
45193 0 126
45194 0 127
45195 0 1
45196 0 2
45197 127 127
45198 0 0
45199 126 0
45200 126 127
45201 127 0
45202 1 0
45203 127 127
45204 126 0
45205 0 1
45206 127 0
45207 0 126
45208 126 127
45209 126 0
45210 127 127
45211 126 127
45212 127 0
45213 0 127
45214 127 127
45215 126 0
45216 127 0
45217 0 2
45218 126 0
45219 0 1
45220 127 0
45221 0 126
45222 0 127
45223 0 2
45224 126 127
45225 126 0
45226 127 0
45227 0 126
45228 126 0
45229 0 1
45230 127 127
45231 0 127
45232 126 127
45233 0 126
45234 0 2
45235 0 127
45236 0 1
45237 0 126
45238 127 0
45239 126 0
45240 0 127
45241 0 126
45242 127 0
45243 127 127
45244 126 127
45245 127 127
45246 0 127
45247 0 2
45248 126 0
45249 127 0
45250 126 127
45251 0 0
45252 126 0
45253 127 127
45254 126 127
45255 127 0
45256 127 127
45257 126 0
45258 1 0
45259 0 126
45260 0 1
45261 127 0
45262 0 2
45263 126 127
45264 126 0
45265 0 0
45266 127 0
45267 127 127
45268 126 127
45269 1 0
45270 0 0
45271 0 127
45272 126 0
45273 127 127
45274 1 0
45275 126 127
45276 0 1
45277 127 0
45278 0 126
45279 126 0
45280 127 127
45281 0 2
45282 0 1
45283 126 127
45284 127 0
45285 0 127
45286 126 0
45287 0 126
45288 127 127
45289 127 0
45290 126 127
45291 2 0
45292 1 0
45293 2 0
45294 127 127
45295 126 0
45296 1 0
45297 2 0
45298 127 0
45299 0 0
45300 0 1
45301 126 127
45302 1 0
45303 0 127
45304 0 126
45305 0 127
45306 127 127
45307 126 127
45308 0 126
45309 126 0
45310 127 0
45311 2 0
45312 1 0
45313 2 0
45314 0 127
45315 0 0
45316 0 1
45317 0 126
45318 0 127
45319 0 0
45320 127 127
45321 0 1
45322 1 0
45323 0 2
45324 126 0
45325 127 0
45326 126 127
45327 0 126
45328 127 127
45329 0 127
45330 0 0
45331 0 3
45332 126 127
45333 127 127
45334 126 0
45335 0 1
45336 126 127
45337 127 127
45338 0 4
45339 126 127
45340 0 126
45341 127 127
45342 0 127
45343 0 126
45344 126 127
45345 0 127
45346 127 0
45347 0 3
45348 126 0
45349 127 127
45350 0 4
45351 127 0
45352 0 0
45353 126 127
45354 0 1
45355 127 127
45356 0 3
45357 0 4
45358 126 127
45359 127 127
45360 126 127
45361 127 127
45362 0 3
45363 126 0
45364 0 126
45365 126 127
45366 0 4
45367 0 127
45368 0 126
45369 0 0
45370 127 0
45371 127 127
45372 0 1
45373 126 127
45374 0 3
45375 0 4
45376 0 127
45377 0 0
45378 126 0
45379 0 126
45380 0 3
45381 0 2
45382 0 127
45383 127 0
45384 1 0
45385 0 1
45386 126 0
45387 127 127
45388 0 126
45389 2 0
45390 126 127
45391 0 127
45392 0 126
45393 0 127
45394 1 0
45395 127 0
45396 127 127
45397 2 0
45398 1 0
45399 126 0
45400 127 0
45401 126 0
45402 0 126
45403 126 127
45404 127 0
45405 126 0
45406 127 127
45407 126 127
45408 127 0
45409 2 0
45410 1 0
45411 0 127
45412 2 0
45413 0 126
45414 0 0
45415 0 1
45416 126 0
45417 1 0
45418 127 0
45419 0 127
45420 2 0
45421 0 126
45422 126 0
45423 0 0
45424 0 1
45425 127 127
45426 1 0
45427 127 0
45428 0 127
45429 126 0
45430 2 0
45431 0 126
45432 126 127
45433 1 0
45434 0 127
45435 127 0
45436 0 126
45437 0 2
45438 0 0
45439 0 127
45440 0 3
45441 0 126
45442 126 0
45443 0 127
45444 0 2
45445 127 0
45446 127 127
45447 1 0
45448 0 1
45449 0 126
45450 0 2
45451 0 127
45452 0 1
45453 126 127
45454 0 2
45455 0 0
45456 0 3
45457 0 1
45458 0 0
45459 0 2
45460 0 3
45461 127 127
45462 0 126
45463 126 0
45464 0 1
45465 0 127
45466 0 0
45467 0 2
45468 126 127
45469 127 127
45470 0 126
45471 0 127
45472 0 126
45473 1 0
45474 126 127
45475 0 127
45476 127 0
45477 126 0
45478 127 0
45479 0 0
45480 0 126
45481 127 127
45482 0 127
45483 126 127
45484 1 0
45485 0 1
45486 2 0
45487 0 126
45488 0 0
45489 127 127
45490 126 127
45491 126 0
45492 127 127
45493 0 1
45494 127 0
45495 126 127
45496 0 0
45497 0 1
45498 0 127
45499 0 0
45500 0 1
45501 126 0
45502 1 0
45503 0 2
45504 127 127
45505 0 0
45506 0 3
45507 126 127
45508 0 126
45509 0 127
45510 0 126
45511 0 2
45512 127 127
45513 1 0
45514 126 127
45515 127 127
45516 127 0
45517 0 127
45518 0 1
45519 2 0
45520 1 0
45521 2 0
45522 126 127
45523 126 0
45524 127 127
45525 127 0
45526 126 0
45527 1 0
45528 0 126
45529 127 0
45530 0 127
45531 126 127
45532 0 2
45533 0 126
45534 127 127
45535 0 127
45536 0 0
45537 126 127
45538 126 0
45539 127 127
45540 1 0
45541 126 127
45542 127 127
45543 0 1
45544 0 2
45545 0 126
45546 126 127
45547 0 1
45548 0 127
45549 2 0
45550 0 126
45551 0 0
45552 0 1
45553 1 0
45554 0 2
45555 127 0
45556 127 127
45557 0 0
45558 0 127
45559 126 0
45560 0 3
45561 127 0
45562 126 0
45563 0 126
45564 126 127
45565 0 127
45566 0 2
45567 1 0
45568 127 0
45569 0 0
45570 0 126
45571 0 3
45572 127 127
45573 126 127
45574 0 127
45575 0 1
45576 126 0
45577 127 127
45578 127 0
45579 0 0
45580 0 2
45581 126 127
45582 127 127
45583 126 127
45584 1 0
45585 0 126
45586 126 0
45587 0 0
45588 0 3
45589 0 2
45590 0 127
45591 127 127
45592 1 0
45593 126 127
45594 127 127
45595 0 1
45596 0 126
45597 126 127
45598 0 2
45599 0 1
45600 127 0
45601 0 2
45602 0 1
45603 0 2
45604 126 0
45605 127 127
45606 0 1
45607 0 2
45608 0 1
45609 0 2
45610 127 0
45611 0 127
45612 126 0
45613 0 1
45614 0 2
45615 127 0
45616 0 1
45617 0 2
45618 0 126
45619 0 0
45620 126 0
45621 126 127
45622 127 0
45623 0 3
45624 127 127
45625 0 127
45626 126 0
45627 127 0
45628 0 1
45629 0 4
45630 0 3
45631 126 0
45632 127 0
45633 126 127
45634 0 126
45635 0 127
45636 127 127
45637 0 126
45638 126 0
45639 0 0
45640 0 127
45641 0 1
45642 0 4
45643 127 0
45644 0 3
45645 0 0
45646 0 126
45647 0 127
45648 126 127
45649 0 126
45650 127 127
45651 0 127
45652 126 0
45653 127 0
45654 0 2
45655 0 126
45656 0 127
45657 0 3
45658 126 127
45659 0 1
45660 0 126
45661 0 0
45662 0 1
45663 0 0
45664 0 2
45665 126 0
45666 0 127
45667 0 126
45668 127 0
45669 0 127
45670 0 126
45671 127 127
45672 1 0
45673 0 1
45674 0 2
45675 0 127
45676 126 127
45677 126 0
45678 127 0
45679 126 0
45680 0 1
45681 127 0
45682 2 0
45683 1 0
45684 0 126
45685 127 127
45686 0 2
45687 0 1
45688 0 2
45689 126 0
45690 127 0
45691 0 1
45692 126 127
45693 126 0
45694 0 2
45695 127 127
45696 127 0
45697 126 127
45698 0 1
45699 0 2
45700 126 0
45701 0 0
45702 0 3
45703 0 1
45704 127 127
45705 0 127
45706 0 0
45707 0 1
45708 0 126
45709 127 0
45710 126 0
45711 0 127
45712 127 0
45713 0 4
45714 0 126
45715 126 0
45716 0 0
45717 0 3
45718 126 127
45719 127 127
45720 0 1
45721 0 127
45722 127 0
45723 126 0
45724 0 4
45725 127 0
45726 0 3
45727 126 0
45728 126 127
45729 127 0
45730 126 0
45731 127 0
45732 0 4
45733 0 3
45734 0 126
45735 0 127
45736 126 0
45737 0 0
45738 127 0
45739 127 127
45740 0 2
45741 126 0
45742 0 3
45743 0 2
45744 0 126
45745 1 0
45746 0 1
45747 0 127
45748 0 126
45749 126 127
45750 2 0
45751 127 127
45752 0 127
45753 126 127
45754 0 126
45755 127 0
45756 0 0
45757 3 0
45758 126 0
45759 0 1
45760 127 0
45761 127 127
45762 126 127
45763 126 0
45764 0 0
45765 127 127
45766 127 0
45767 2 0
45768 126 0
45769 127 0
45770 0 1
45771 0 127
45772 126 127
45773 0 126
45774 0 127
45775 1 0
45776 0 2
45777 0 0
45778 0 126
45779 127 127
45780 0 3
45781 126 0
45782 0 1
45783 127 0
45784 126 127
45785 0 4
45786 0 0
45787 0 127
45788 126 0
45789 0 126
45790 0 1
45791 0 127
45792 0 126
45793 127 127
45794 0 0
45795 127 0
45796 0 1
45797 0 3
45798 0 127
45799 0 126
45800 0 127
45801 0 0
45802 126 0
45803 0 2
45804 126 127
45805 127 127
45806 126 127
45807 0 3
45808 127 0
45809 127 127
45810 126 127
45811 126 0
45812 127 0
45813 0 126
45814 0 1
45815 0 0
45816 0 2
45817 0 127
45818 0 3
45819 0 1
45820 0 126
45821 127 127
45822 0 4
45823 126 0
45824 127 0
45825 126 127
45826 0 0
45827 0 1
45828 0 3
45829 0 127
45830 0 4
45831 0 3
45832 126 0
45833 0 126
45834 0 127
45835 127 127
45836 126 127
45837 0 4
45838 0 126
45839 0 0
45840 0 1
45841 0 0
45842 0 1
45843 127 0
45844 0 3
45845 0 127
45846 0 0
45847 126 0
45848 0 2
45849 127 0
45850 0 126
45851 0 127
45852 1 0
45853 126 0
45854 0 0
45855 127 127
45856 0 3
45857 0 126
45858 0 2
45859 126 127
45860 1 0
45861 0 1
45862 0 2
45863 127 127
45864 0 1
45865 127 0
45866 126 127
45867 126 0
45868 127 0
45869 0 2
45870 126 0
45871 0 127
45872 0 0
45873 1 0
45874 0 126
45875 0 0
45876 1 0
45877 0 0
45878 0 3
45879 127 127
45880 0 1
45881 0 127
45882 0 126
45883 0 4
45884 0 127
45885 127 0
45886 0 0
45887 0 3
45888 126 0
45889 127 0
45890 126 0
45891 0 1
45892 0 0
45893 0 1
45894 0 126
45895 126 127
45896 0 0
45897 127 0
45898 126 0
45899 127 127
45900 0 127
45901 0 2
45902 126 127
45903 127 0
45904 1 0
45905 0 1
45906 126 0
45907 127 127
45908 2 0
45909 0 0
45910 3 0
45911 126 127
45912 127 127
45913 0 1
45914 126 127
45915 2 0
45916 1 0
45917 2 0
45918 0 0
45919 127 127
45920 127 0
45921 0 1
45922 126 0
45923 126 127
45924 127 0
45925 126 0
45926 127 0
45927 126 0
45928 0 126
45929 0 127
45930 1 0
45931 0 126
45932 0 2
45933 127 0
45934 127 127
45935 0 0
45936 1 0
45937 126 127
45938 126 0
45939 0 127
45940 0 1
45941 0 2
45942 0 0
45943 0 126
45944 127 0
45945 0 127
45946 126 0
45947 0 3
45948 0 1
45949 127 0
45950 0 0
45951 0 126
45952 0 2
45953 0 127
45954 126 0
45955 1 0
45956 127 127
45957 126 127
45958 0 1
45959 0 2
45960 0 1
45961 0 126
45962 127 0
45963 0 2
45964 0 0
45965 0 3
45966 127 127
45967 126 0
45968 0 2
45969 127 0
45970 0 3
45971 0 127
45972 0 2
45973 126 0
45974 0 3
45975 127 0
45976 126 127
45977 0 2
45978 0 126
45979 0 3
45980 126 0
45981 0 1
45982 127 127
45983 126 127
45984 0 4
45985 127 0
45986 0 127
45987 0 0
45988 127 127
45989 0 126
45990 0 3
45991 0 127
45992 0 2
45993 126 127
45994 127 127
45995 0 3
45996 0 1
45997 0 126
45998 0 4
45999 126 127
46000 0 0
46001 0 1
46002 127 127
46003 126 127
46004 126 0
46005 127 127
46006 126 127
46007 0 127
46008 0 0
46009 0 3
46010 127 127
46011 0 2
46012 126 127
46013 0 126
46014 0 127
46015 127 0
46016 126 0
46017 127 0
46018 127 127
46019 126 0
46020 127 0
46021 0 126
46022 1 0
46023 0 1
46024 126 0
46025 0 127
46026 126 127
46027 127 0
46028 126 0
46029 0 126
46030 127 0
46031 126 0
46032 127 127
46033 0 127
46034 0 2
46035 0 0
46036 126 127
46037 0 126
46038 0 127
46039 127 127
46040 127 0
46041 0 3
46042 0 2
46043 126 127
46044 1 0
46045 126 0
46046 0 1
46047 127 127
46048 127 0
46049 0 2
46050 126 127
46051 0 1
46052 0 126
46053 0 2
46054 0 1
46055 2 0
46056 1 0
46057 2 0
46058 127 127
46059 0 0
46060 126 0
46061 0 1
46062 127 0
46063 1 0
46064 0 2
46065 126 127
46066 0 1
46067 2 0
46068 126 0
46069 0 0
46070 0 1
46071 127 0
46072 0 127
46073 126 0
46074 127 127
46075 126 127
46076 127 127
46077 0 0
46078 0 1
46079 126 127
46080 0 126
46081 0 0
46082 127 0
46083 3 0
46084 2 0
46085 3 0
46086 2 0
46087 3 0
46088 0 127
46089 126 0
46090 127 0
46091 0 126
46092 0 1
46093 126 0
46094 127 0
46095 126 0
46096 127 127
46097 2 0
46098 1 0
46099 2 0
46100 0 127
46101 127 0
46102 126 127
46103 126 0
46104 127 0
46105 0 126
46106 0 0
46107 126 0
46108 0 1
46109 127 0
46110 126 0
46111 127 127
46112 0 0
46113 3 0
46114 0 127
46115 2 0
46116 0 1
46117 0 0
46118 127 0
46119 126 127
46120 3 0
46121 2 0
46122 3 0
46123 126 0
46124 0 1
46125 127 0
46126 0 126
46127 0 0
46128 0 127
46129 127 127
46130 126 127
46131 126 0
46132 127 127
46133 0 126
46134 127 0
46135 2 0
46136 126 0
46137 0 127
46138 0 126
46139 0 1
46140 127 0
46141 126 0
46142 1 0
46143 0 2
46144 127 0
46145 0 1
46146 126 127
46147 127 127
46148 0 2
46149 0 1
46150 126 0
46151 0 127
46152 126 127
46153 0 2
46154 0 0
46155 0 126
46156 1 0
46157 0 127
46158 127 127
46159 0 126
46160 0 127
46161 0 1
46162 127 0
46163 2 0
46164 0 0
46165 3 0
46166 2 0
46167 126 0
46168 127 0
46169 126 0
46170 3 0
46171 2 0
46172 0 126
46173 0 1
46174 0 0
46175 3 0
46176 127 0
46177 126 127
46178 126 0
46179 127 0
46180 127 127
46181 126 0
46182 126 127
46183 127 127
46184 127 0
46185 126 127
46186 2 0
46187 0 1
46188 0 0
46189 0 127
46190 3 0
46191 126 0
46192 127 127
46193 0 126
46194 0 127
46195 126 127
46196 2 0
46197 0 126
46198 127 0
46199 126 0
46200 127 0
46201 126 0
46202 127 127
46203 127 0
46204 0 127
46205 3 0
46206 126 0
46207 127 0
46208 2 0
46209 0 1
46210 0 0
46211 0 126
46212 126 0
46213 0 1
46214 1 0
46215 126 127
46216 127 127
46217 2 0
46218 127 0
46219 0 127
46220 126 0
46221 126 127
46222 0 0
46223 127 0
46224 127 127
46225 3 0
46226 126 0
46227 127 0
46228 2 0
46229 0 1
46230 126 0
46231 0 126
46232 0 0
46233 127 0
46234 126 127
46235 0 1
46236 0 127
46237 0 0
46238 0 1
46239 126 0
46240 0 126
46241 127 0
46242 1 0
46243 0 127
46244 126 0
46245 0 2
46246 0 0
46247 1 0
46248 0 1
46249 127 127
46250 0 2
46251 0 1
46252 126 127
46253 2 0
46254 127 127
46255 126 127
46256 0 0
46257 0 1
46258 0 0
46259 0 1
46260 0 126
46261 127 127
46262 126 127
46263 1 0
46264 0 2
46265 0 127
46266 127 0
46267 126 0
46268 127 127
46269 0 0
46270 1 0
46271 126 127
46272 127 0
46273 127 127
46274 126 127
46275 126 0
46276 127 0
46277 0 0
46278 127 127
46279 1 0
46280 0 0
46281 0 126
46282 126 127
46283 126 0
46284 1 0
46285 0 127
46286 127 0
46287 126 0
46288 127 0
46289 0 126
46290 0 127
46291 126 0
46292 0 126
46293 127 127
46294 0 1
46295 2 0
46296 126 127
46297 127 127
46298 126 127
46299 127 127
46300 127 0
46301 0 127
46302 1 0
46303 126 127
46304 126 0
46305 127 127
46306 2 0
46307 127 0
46308 1 0
46309 126 0
46310 0 2
46311 0 1
46312 0 2
46313 0 0
46314 127 0
46315 0 126
46316 0 127
46317 1 0
46318 126 0
46319 0 126
46320 126 127
46321 0 1
46322 0 2
46323 127 0
46324 0 127
46325 0 0
46326 0 126
46327 126 0
46328 0 127
46329 0 3
46330 127 127
46331 127 0
46332 0 2
46333 0 3
46334 0 126
46335 0 2
46336 126 0
46337 0 127
46338 0 3
46339 127 0
46340 126 0
46341 126 127
46342 127 127
46343 0 126
46344 126 127
46345 127 127
46346 0 127
46347 127 0
46348 0 2
46349 0 126
46350 0 127
46351 0 126
46352 1 0
46353 126 127
46354 0 127
46355 0 126
46356 127 127
46357 0 0
46358 126 0
46359 126 127
46360 0 127
46361 1 0
46362 0 126
46363 0 127
46364 127 127
46365 0 126
46366 127 0
46367 126 0
46368 0 127
46369 126 127
46370 0 126
46371 0 127
46372 127 127
46373 0 126
46374 126 127
46375 127 127
46376 126 127
46377 0 1
46378 127 0
46379 126 0
46380 0 127
46381 0 2
46382 0 126
46383 127 0
46384 126 0
46385 0 127
46386 127 0
46387 126 0
46388 0 1
46389 0 2
46390 127 0
46391 0 0
46392 1 0
46393 0 126
46394 0 1
46395 127 127
46396 0 2
46397 0 127
46398 0 0
46399 0 126
46400 126 127
46401 1 0
46402 127 127
46403 0 0
46404 1 0
46405 126 0
46406 0 127
46407 0 1
46408 2 0
46409 0 126
46410 127 0
46411 126 0
46412 127 0
46413 126 0
46414 127 0
46415 0 127
46416 0 0
46417 126 127
46418 127 127
46419 0 126
46420 0 127
46421 126 127
46422 0 126
46423 127 127
46424 126 127
46425 3 0
46426 2 0
46427 0 127
46428 0 1
46429 0 126
46430 0 0
46431 126 0
46432 3 0
46433 127 0
46434 126 0
46435 127 127
46436 0 1
46437 0 127
46438 127 0
46439 0 0
46440 126 127
46441 0 126
46442 127 127
46443 2 0
46444 126 127
46445 3 0
46446 0 127
46447 2 0
46448 3 0
46449 127 127
46450 126 127
46451 0 126
46452 127 127
46453 126 0
46454 2 0
46455 126 127
46456 0 127
46457 127 127
46458 0 126
46459 127 0
46460 126 0
46461 127 0
46462 0 1
46463 0 127
46464 126 127
46465 0 0
46466 126 0
46467 0 126
46468 127 0
46469 0 127
46470 3 0
46471 127 127
46472 0 126
46473 0 127
46474 126 127
46475 2 0
46476 126 0
46477 127 0
46478 0 126
46479 0 127
46480 127 127
46481 126 0
46482 0 1
46483 126 127
46484 127 127
46485 126 127
46486 0 0
46487 3 0
46488 127 127
46489 126 127
46490 0 126
46491 127 127
46492 0 127
46493 0 126
46494 0 1
46495 127 0
46496 126 0
46497 126 127
46498 0 127
46499 0 126
46500 127 0
46501 2 0
46502 0 127
46503 0 126
46504 126 0
46505 0 0
46506 127 0
46507 126 0
46508 3 0
46509 0 1
46510 0 0
46511 0 1
46512 0 127
46513 0 126
46514 0 0
46515 127 0
46516 0 1
46517 126 0
46518 127 0
46519 127 127
46520 2 0
46521 126 127
46522 0 127
46523 126 0
46524 0 0
46525 3 0
46526 127 127
46527 2 0
46528 0 1
46529 0 0
46530 127 0
46531 0 126
46532 3 0
46533 2 0
46534 126 127
46535 127 127
46536 0 127
46537 3 0
46538 0 126
46539 2 0
46540 0 1
46541 0 127
46542 0 0
46543 3 0
46544 0 126
46545 2 0
46546 3 0
46547 2 0
46548 3 0
46549 2 0
46550 126 0
46551 3 0
46552 126 127
46553 0 1
46554 0 0
46555 0 127
46556 127 0
46557 126 0
46558 2 0
46559 127 0
46560 126 0
46561 3 0
46562 0 126
46563 127 0
46564 127 127
46565 2 0
46566 126 0
46567 126 127
46568 0 1
46569 0 0
46570 0 127
46571 0 126
46572 3 0
46573 0 127
46574 127 127
46575 126 127
46576 0 1
46577 127 0
46578 0 126
46579 2 0
46580 0 0
46581 127 127
46582 126 127
46583 127 127
46584 0 127
46585 126 0
46586 3 0
46587 2 0
46588 0 126
46589 127 0
46590 0 1
46591 126 127
46592 0 127
46593 1 0
46594 0 126
46595 2 0
46596 126 0
46597 127 127
46598 0 127
46599 126 127
46600 0 126
46601 0 127
46602 0 0
46603 127 0
46604 3 0
46605 126 0
46606 0 126
46607 2 0
46608 3 0
46609 0 127
46610 127 0
46611 126 0
46612 0 126
46613 127 0
46614 2 0
46615 3 0
46616 0 1
46617 0 127
46618 0 0
46619 126 0
46620 2 0
46621 127 127
46622 127 0
46623 126 0
46624 3 0
46625 126 127
46626 0 1
46627 127 127
46628 127 0
46629 0 126
46630 0 0
46631 126 0
46632 126 127
46633 2 0
46634 0 127
46635 0 1
46636 0 0
46637 3 0
46638 127 127
46639 0 126
46640 0 127
46641 127 0
46642 0 1
46643 126 0
46644 127 0
46645 0 0
46646 126 0
46647 127 0
46648 126 0
46649 0 1
46650 0 0
46651 127 0
46652 126 0
46653 2 0
46654 127 0
46655 126 0
46656 0 1
46657 0 0
46658 0 126
46659 0 127
46660 0 1
46661 126 127
46662 127 0
46663 127 127
46664 1 0
46665 2 0
46666 126 0
46667 0 0
46668 0 1
46669 126 127
46670 1 0
46671 2 0
46672 1 0
46673 127 0
46674 2 0
46675 0 126
46676 126 0
46677 127 127
46678 126 127
46679 0 127
46680 127 0
46681 126 0
46682 0 126
46683 127 127
46684 1 0
46685 0 2
46686 126 127
46687 0 127
46688 0 126
46689 0 0
46690 127 0
46691 127 127
46692 126 0
46693 0 127
46694 126 127
46695 1 0
46696 0 0
46697 1 0
46698 127 0
46699 127 127
46700 126 127
46701 0 0
46702 126 0
46703 127 0
46704 127 127
46705 0 126
46706 1 0
46707 0 1
46708 2 0
46709 0 127
46710 126 0
46711 0 0
46712 3 0
46713 0 1
46714 127 0
46715 126 0
46716 127 0
46717 0 0
46718 0 1
46719 0 0
46720 126 0
46721 0 126
46722 0 1
46723 0 0
46724 0 127
46725 2 0
46726 0 1
46727 0 126
46728 127 0
46729 0 0
46730 126 0
46731 3 0
46732 127 0
46733 0 1
46734 0 127
46735 0 126
46736 126 127
46737 0 0
46738 126 0
46739 127 0
46740 0 127
46741 126 0
46742 127 0
46743 0 1
46744 2 0
46745 126 0
46746 1 0
46747 0 126
46748 127 127
46749 0 2
46750 127 0
46751 126 127
46752 0 1
46753 126 0
46754 0 2
46755 127 127
46756 0 0
46757 126 127
46758 127 127
46759 0 3
46760 0 1
46761 0 0
46762 0 127
46763 126 127
46764 0 126
46765 0 1
46766 0 0
46767 0 2
46768 1 0
46769 0 0
46770 127 0
46771 0 3
46772 0 1
46773 0 0
46774 0 1
46775 127 127
46776 126 0
46777 127 0
46778 0 4
46779 0 3
46780 0 4
46781 0 0
46782 0 1
46783 0 127
46784 0 3
46785 126 127
46786 0 126
46787 0 4
46788 0 127
46789 0 0
46790 127 127
46791 0 126
46792 0 1
46793 0 0
46794 126 127
46795 0 3
46796 0 1
46797 126 0
46798 0 0
46799 0 127
46800 0 2
46801 127 127
46802 126 127
46803 1 0
46804 0 126
46805 0 127
46806 127 0
46807 126 0
46808 0 0
46809 127 127
46810 126 127
46811 127 127
46812 127 0
46813 1 0
46814 0 126
46815 0 127
46816 0 126
46817 0 127
46818 0 126
46819 0 1
46820 2 0
46821 1 0
46822 0 127
46823 2 0
46824 126 127
46825 126 0
46826 0 126
46827 127 0
46828 0 127
46829 0 126
46830 1 0
46831 2 0
46832 127 127
46833 0 0
46834 0 127
46835 0 1
46836 0 126
46837 126 127
46838 127 127
46839 1 0
46840 126 0
46841 0 127
46842 0 2
46843 0 0
46844 127 0
46845 126 127
46846 1 0
46847 0 1
46848 126 0
46849 127 0
46850 2 0
46851 0 0
46852 0 1
46853 127 127
46854 1 0
46855 2 0
46856 126 127
46857 0 0
46858 126 0
46859 3 0
46860 0 1
46861 127 127
46862 127 0
46863 126 0
46864 0 0
46865 0 126
46866 127 0
46867 0 127
46868 0 1
46869 126 0
46870 0 126
46871 126 127
46872 0 0
46873 127 127
46874 0 127
46875 127 0
46876 0 126
46877 2 0
46878 126 127
46879 126 0
46880 0 127
46881 127 0
46882 0 1
46883 0 0
46884 126 0
46885 127 0
46886 3 0
46887 2 0
46888 3 0
46889 0 126
46890 2 0
46891 0 1
46892 1 0
46893 0 2
46894 0 0
46895 1 0
46896 126 0
46897 127 127
46898 127 0
46899 0 127
46900 0 1
46901 0 126
46902 126 0
46903 0 127
46904 127 0
46905 126 0
46906 127 0
46907 0 126
46908 126 0
46909 126 127
46910 127 127
46911 126 127
46912 0 2
46913 127 0
46914 126 0
46915 0 1
46916 0 2
46917 127 0
46918 126 0
46919 0 127
46920 0 1
46921 2 0
46922 1 0
46923 0 126
46924 127 0
46925 127 127
46926 2 0
46927 126 127
46928 1 0
46929 126 0
46930 0 2
46931 0 0
46932 127 127
46933 0 3
46934 127 0
46935 0 127
46936 0 126
46937 0 2
46938 126 0
46939 1 0
46940 0 0
46941 126 127
46942 0 3
46943 127 127
46944 127 0
46945 0 127
46946 0 2
46947 0 3
46948 126 0
46949 0 126
46950 0 127
46951 127 0
46952 0 1
46953 0 0
46954 0 2
46955 126 0
46956 0 126
46957 0 3
46958 0 1
46959 126 127
46960 0 4
46961 0 0
46962 0 127
46963 127 0
46964 126 0
46965 127 0
46966 126 0
46967 127 0
46968 126 0
46969 0 3
46970 0 126
46971 127 127
46972 0 1
46973 0 0
46974 0 1
46975 126 127
46976 0 4
46977 0 127
46978 0 0
46979 0 126
46980 127 0
46981 127 127
46982 0 3
46983 0 1
46984 126 127
46985 0 4
46986 0 127
46987 0 3
46988 0 126
46989 0 4
46990 0 3
46991 0 4
46992 0 3
46993 0 127
46994 0 0
46995 126 0
46996 127 0
46997 0 126
46998 0 127
46999 127 127
47000 0 126
47001 0 2
47002 0 127
47003 1 0
47004 0 0
47005 126 127
47006 127 127
47007 1 0
47008 0 126
47009 126 127
47010 0 127
47011 127 127
47012 126 0
47013 127 0
47014 126 0
47015 0 126
47016 0 127
47017 0 126
47018 0 1
47019 127 0
47020 126 0
47021 0 127
47022 126 127
47023 127 0
47024 126 0
47025 127 127
47026 126 127
47027 127 0
47028 126 0
47029 0 2
47030 0 1
47031 0 126
47032 127 0
47033 0 127
47034 2 0
47035 126 0
47036 0 126
47037 0 127
47038 0 126
47039 127 127
47040 126 127
47041 1 0
47042 127 0
47043 127 127
47044 0 127
47045 0 126
47046 2 0
47047 126 0
47048 126 127
47049 0 0
47050 127 127
47051 126 127
47052 0 1
47053 1 0
47054 0 2
47055 127 127
47056 126 127
47057 127 127
47058 0 0
47059 0 127
47060 127 0
47061 126 127
47062 0 126
47063 0 127
47064 0 126
47065 127 127
47066 0 3
47067 0 2
47068 126 0
47069 0 3
47070 127 0
47071 0 2
47072 126 127
47073 127 127
47074 0 3
47075 126 127
47076 127 127
47077 0 1
47078 126 0
47079 0 0
47080 0 127
47081 0 2
47082 1 0
47083 0 1
47084 127 0
47085 0 126
47086 126 127
47087 0 127
47088 127 127
47089 2 0
47090 126 0
47091 1 0
47092 126 127
47093 0 126
47094 2 0
47095 127 0
47096 127 127
47097 126 0
47098 127 0
47099 0 127
47100 0 0
47101 126 0
47102 0 126
47103 0 1
47104 1 0
47105 0 127
47106 126 127
47107 127 0
47108 126 0
47109 0 2
47110 127 127
47111 127 0
47112 126 0
47113 0 0
47114 0 126
47115 127 0
47116 0 3
47117 126 127
47118 127 127
47119 126 0
47120 127 0
47121 126 0
47122 0 1
47123 126 127
47124 127 127
47125 0 0
47126 0 127
47127 0 2
47128 0 126
47129 1 0
47130 127 0
47131 126 127
47132 0 127
47133 0 126
47134 126 0
47135 0 1
47136 2 0
47137 1 0
47138 127 0
47139 0 2
47140 0 1
47141 127 127
47142 126 0
47143 0 127
47144 0 126
47145 0 2
47146 0 127
47147 126 127
47148 0 126
47149 0 127
47150 0 0
47151 127 127
47152 127 0
47153 126 0
47154 126 127
47155 0 126
47156 0 3
47157 0 1
47158 127 127
47159 127 0
47160 0 0
47161 126 127
47162 0 2
47163 1 0
47164 126 0
47165 127 0
47166 0 127
47167 0 0
47168 1 0
47169 127 127
47170 0 126
47171 0 127
47172 0 0
47173 126 0
47174 0 3
47175 0 126
47176 0 2
47177 0 127
47178 0 3
47179 0 2
47180 0 126
47181 126 127
47182 0 3
47183 127 127
47184 0 1
47185 126 127
47186 0 127
47187 0 126
47188 127 127
47189 126 127
47190 127 127
47191 126 127
47192 0 127
47193 127 0
47194 0 4
47195 0 126
47196 0 3
47197 126 0
47198 127 127
47199 0 127
47200 126 127
47201 0 126
47202 0 127
47203 127 127
47204 126 127
47205 0 4
47206 0 126
47207 127 127
47208 0 127
47209 127 0
47210 0 3
47211 126 127
47212 0 4
47213 127 127
47214 126 0
47215 0 3
47216 0 126
47217 127 0
47218 0 0
47219 126 127
47220 127 127
47221 0 1
47222 0 0
47223 0 127
47224 126 0
47225 0 1
47226 0 4
47227 0 126
47228 0 0
47229 126 127
47230 127 0
47231 0 3
47232 0 2
47233 126 0
47234 127 127
47235 127 0
47236 0 3
47237 0 2
47238 1 0
47239 126 127
47240 127 127
47241 0 0
47242 126 127
47243 1 0
47244 127 127
47245 0 127
47246 0 126
47247 126 127
47248 127 127
47249 0 0
47250 126 127
47251 127 127
47252 126 127
47253 126 0
47254 0 3
47255 0 127
47256 0 1
47257 127 0
47258 0 4
47259 126 0
47260 0 126
47261 0 0
47262 127 127
47263 126 127
47264 0 1
47265 0 3
47266 127 0
47267 127 127
47268 0 0
47269 126 0
47270 0 127
47271 0 126
47272 0 2
47273 0 3
47274 0 1
47275 0 0
47276 126 127
47277 0 2
47278 0 3
47279 0 2
47280 0 3
47281 0 1
47282 0 127
47283 127 127
47284 127 0
47285 126 0
47286 0 4
47287 127 0
47288 126 0
47289 0 0
47290 0 3
47291 126 127
47292 0 2
47293 127 0
47294 1 0
47295 0 0
47296 126 0
47297 1 0
47298 0 1
47299 127 0
47300 0 2
47301 127 127
47302 0 0
47303 126 0
47304 0 3
47305 127 0
47306 0 1
47307 126 0
47308 126 127
47309 0 4
47310 127 0
47311 127 127
47312 0 126
47313 0 3
47314 126 0
47315 126 127
47316 127 127
47317 127 0
47318 0 0
47319 0 127
47320 0 1
47321 126 0
47322 0 126
47323 0 4
47324 0 0
47325 0 3
47326 126 127
47327 127 0
47328 0 1
47329 126 0
47330 0 127
47331 127 127
47332 126 127
47333 0 0
47334 0 1
47335 0 126
47336 127 0
47337 127 127
47338 0 127
47339 0 126
47340 126 127
47341 127 127
47342 0 4
47343 126 127
47344 127 127
47345 0 0
47346 0 127
47347 0 1
47348 126 0
47349 126 127
47350 0 0
47351 127 127
47352 0 3
47353 0 1
47354 0 126
47355 126 127
47356 127 0
47357 0 0
47358 126 0
47359 0 2
47360 127 127
47361 1 0
47362 0 0
47363 0 127
47364 1 0
47365 0 0
47366 127 0
47367 126 127
47368 127 127
47369 1 0
47370 0 0
47371 0 126
47372 126 0
47373 0 3
47374 0 2
47375 127 0
47376 0 127
47377 126 127
47378 127 127
47379 0 3
47380 0 1
47381 0 0
47382 0 1
47383 126 127
47384 0 0
47385 127 127
47386 0 2
47387 0 3
47388 126 127
47389 0 2
47390 0 3
47391 0 126
47392 126 0
47393 127 0
47394 0 2
47395 0 127
47396 126 0
47397 127 0
47398 1 0
47399 0 1
47400 0 2
47401 127 127
47402 0 0
47403 126 0
47404 127 0
47405 126 127
47406 126 0
47407 127 127
47408 0 3
47409 0 2
47410 1 0
47411 0 0
47412 0 126
47413 0 127
47414 126 127
47415 127 0
47416 1 0
47417 127 127
47418 126 0
47419 126 127
47420 127 127
47421 0 1
47422 127 0
47423 2 0
47424 126 127
47425 126 0
47426 127 127
47427 127 0
47428 126 127
47429 126 0
47430 127 127
47431 126 127
47432 127 0
47433 0 126
47434 1 0
47435 126 0
47436 2 0
47437 0 0
47438 0 1
47439 0 127
47440 127 127
47441 127 0
47442 126 127
47443 1 0
47444 2 0
47445 0 126
47446 0 0
47447 3 0
47448 2 0
47449 0 127
47450 0 126
47451 0 127
47452 126 0
47453 0 126
47454 127 127
47455 126 127
47456 127 0
47457 126 0
47458 0 127
47459 3 0
47460 127 0
47461 126 0
47462 127 127
47463 2 0
47464 0 1
47465 1 0
47466 2 0
47467 0 126
47468 126 127
47469 0 127
47470 127 127
47471 0 0
47472 127 0
47473 0 1
47474 126 127
47475 126 0
47476 0 0
47477 127 127
47478 0 1
47479 126 127
47480 127 127
47481 1 0
47482 2 0
47483 0 126
47484 126 127
47485 0 0
47486 127 127
47487 0 127
47488 0 126
47489 3 0
47490 0 1
47491 126 127
47492 127 0
47493 0 127
47494 126 0
47495 0 0
47496 0 126
47497 127 127
47498 127 0
47499 2 0
47500 126 127
47501 126 0
47502 3 0
47503 127 0
47504 126 0
47505 0 127
47506 127 127
47507 127 0
47508 0 126
47509 2 0
47510 126 127
47511 126 0
47512 3 0
47513 127 0
47514 0 1
47515 126 0
47516 2 0
47517 127 127
47518 1 0
47519 2 0
47520 0 127
47521 126 127
47522 127 127
47523 127 0
47524 0 0
47525 0 1
47526 126 127
47527 1 0
47528 0 126
47529 0 2
47530 126 0
47531 0 127
47532 127 127
47533 0 1
47534 0 2
47535 127 0
47536 0 1
47537 126 0
47538 127 0
47539 126 0
47540 126 127
47541 127 127
47542 0 2
47543 127 0
47544 0 126
47545 0 127
47546 126 0
47547 127 0
47548 0 126
47549 0 0
47550 126 0
47551 0 127
47552 126 127
47553 0 126
47554 0 3
47555 127 127
47556 0 2
47557 1 0
47558 126 127
47559 0 127
47560 0 1
47561 0 126
47562 0 2
47563 127 0
47564 0 0
47565 126 0
47566 127 0
47567 126 0
47568 1 0
47569 127 127
47570 0 1
47571 2 0
47572 127 0
47573 0 127
47574 0 126
47575 1 0
47576 0 127
47577 126 127
47578 0 2
47579 127 127
47580 0 126
47581 0 0
47582 1 0
47583 0 0
47584 0 3
47585 0 127
47586 0 126
47587 0 127
47588 126 0
47589 0 2
47590 0 126
47591 0 3
47592 0 127
47593 126 127
47594 127 0
47595 0 126
47596 0 2
47597 0 127
47598 0 3
47599 0 2
47600 126 0
47601 0 126
47602 0 127
47603 127 127
47604 0 3
47605 0 126
47606 0 2
47607 127 0
47608 1 0
47609 0 127
47610 126 0
47611 0 0
47612 0 3
47613 0 2
47614 0 126
47615 126 127
47616 127 0
47617 0 127
47618 0 126
47619 0 127
47620 126 0
47621 0 126
47622 1 0
47623 127 127
47624 0 127
47625 0 0
47626 0 3
47627 0 2
47628 126 127
47629 1 0
47630 0 0
47631 0 3
47632 127 0
47633 0 126
47634 0 127
47635 127 127
47636 0 1
47637 126 127
47638 127 127
47639 0 126
47640 126 0
47641 0 4
47642 127 0
47643 126 0
47644 127 0
47645 126 0
47646 0 3
47647 127 0
47648 126 127
47649 0 127
47650 0 0
47651 0 126
47652 127 127
47653 0 127
47654 0 1
47655 126 127
47656 126 0
47657 0 4
47658 0 126
47659 127 0
47660 126 0
47661 0 0
47662 0 127
47663 127 127
47664 0 126
47665 0 1
47666 127 0
47667 0 127
47668 126 0
47669 127 0
47670 0 0
47671 126 127
47672 127 127
47673 126 127
47674 0 126
47675 127 127
47676 0 1
47677 126 0
47678 0 3
47679 126 127
47680 0 127
47681 0 126
47682 127 127
47683 0 0
47684 0 2
47685 1 0
47686 127 0
47687 0 1
47688 0 2
47689 126 127
47690 127 127
47691 126 127
47692 0 1
47693 0 127
47694 127 127
47695 126 0
47696 127 0
47697 0 126
47698 2 0
47699 0 127
47700 126 127
47701 127 127
47702 126 127
47703 127 127
47704 1 0
47705 126 0
47706 0 2
47707 127 0
47708 0 126
47709 0 1
47710 126 0
47711 0 127
47712 0 126
47713 2 0
47714 127 0
47715 0 0
47716 126 127
47717 3 0
47718 126 0
47719 0 1
47720 2 0
47721 127 0
47722 1 0
47723 2 0
47724 1 0
47725 126 0
47726 127 127
47727 127 0
47728 2 0
47729 126 127
47730 0 127
47731 0 126
47732 127 127
47733 126 127
47734 127 127
47735 126 127
47736 0 127
47737 0 0
47738 3 0
47739 127 127
47740 0 1
47741 0 0
47742 126 0
47743 0 1
47744 127 0
47745 126 127
47746 127 127
47747 126 127
47748 0 0
47749 127 127
47750 0 126
47751 0 127
47752 0 1
47753 0 0
47754 0 1
47755 0 126
47756 126 127
47757 126 0
47758 0 0
47759 2 0
47760 0 127
47761 0 1
47762 0 0
47763 0 1
47764 127 0
47765 0 126
47766 126 0
47767 1 0
47768 2 0
47769 0 0
47770 127 0
47771 127 127
47772 126 0
47773 3 0
47774 2 0
47775 126 127
47776 0 127
47777 3 0
47778 127 127
47779 0 126
47780 0 1
47781 0 0
47782 126 127
47783 127 127
47784 127 0
47785 126 127
47786 0 127
47787 0 126
47788 2 0
47789 126 0
47790 127 0
47791 0 127
47792 0 126
47793 127 127
47794 126 127
47795 3 0
47796 0 1
47797 126 0
47798 127 0
47799 0 0
47800 0 127
47801 127 127
47802 0 126
47803 0 1
47804 126 127
47805 0 0
47806 127 127
47807 0 1
47808 126 127
47809 0 0
47810 126 0
47811 0 127
47812 0 126
47813 2 0
47814 127 127
47815 0 1
47816 1 0
47817 126 127
47818 0 2
47819 0 127
47820 127 127
47821 126 127
47822 127 127
47823 0 126
47824 0 1
47825 2 0
47826 126 127
47827 1 0
47828 2 0
47829 0 0
47830 127 0
47831 127 127
47832 0 1
47833 0 0
47834 0 127
47835 0 126
47836 126 0
47837 3 0
47838 0 127
47839 0 126
47840 2 0
47841 3 0
47842 126 127
47843 2 0
47844 3 0
47845 0 1
47846 127 127
47847 0 0
47848 0 127
47849 127 0
47850 0 1
47851 2 0
47852 126 0
47853 127 0
47854 126 127
47855 0 0
47856 126 0
47857 0 126
47858 3 0
47859 0 127
47860 2 0
47861 3 0
47862 127 0
47863 2 0
47864 0 126
47865 126 0
47866 0 127
47867 127 127
47868 3 0
47869 2 0
47870 3 0
47871 127 0
47872 126 0
47873 0 126
47874 0 127
47875 126 127
47876 127 0
47877 127 127
47878 2 0
47879 126 0
47880 0 126
47881 3 0
47882 0 127
47883 127 0
47884 126 0
47885 127 0
47886 126 0
47887 2 0
47888 127 0
47889 126 127
47890 127 127
47891 126 0
47892 0 126
47893 0 1
47894 126 127
47895 127 0
47896 126 0
47897 127 127
47898 0 0
47899 3 0
47900 0 127
47901 0 126
47902 0 1
47903 2 0
47904 127 0
47905 0 127
47906 126 127
47907 0 0
47908 127 127
47909 0 126
47910 3 0
47911 126 127
47912 126 0
47913 127 127
47914 0 127
47915 0 126
47916 126 127
47917 0 127
47918 0 126
47919 2 0
47920 0 1
47921 0 127
47922 1 0
47923 0 2
47924 0 0
47925 127 0
47926 0 3
47927 0 2
47928 126 0
47929 0 126
47930 0 3
47931 0 1
47932 0 4
47933 0 3
47934 127 0
47935 0 4
47936 127 127
47937 0 3
47938 0 0
47939 0 1
47940 126 0
47941 126 127
47942 0 0
47943 127 127
47944 127 0
47945 0 1
47946 0 4
47947 0 3
47948 0 0
47949 0 127
47950 0 126
47951 126 0
47952 126 127
47953 127 127
47954 0 1
47955 0 0
47956 127 0
47957 0 2
47958 126 0
47959 127 0
47960 0 127
47961 126 127
47962 127 127
47963 1 0
47964 0 0
47965 126 0
47966 0 126
47967 126 127
47968 0 127
47969 127 127
47970 127 0
47971 0 126
47972 0 3
47973 0 1
47974 126 127
47975 0 127
47976 127 127
47977 126 127
47978 0 4
47979 0 0
47980 0 3
47981 0 126
47982 0 127
47983 0 1
47984 0 126
47985 0 0
47986 127 127
47987 0 2
47988 1 0
47989 0 0
47990 1 0
47991 126 0
47992 0 127
47993 0 1
47994 126 127
47995 127 127
47996 0 2
47997 0 1
47998 126 127
47999 0 2
48000 127 127
48001 0 0
48002 0 126
48003 126 127
48004 0 127
48005 0 126
48006 127 0
48007 0 3
48008 0 2
48009 0 3
48010 0 127
48011 126 0
48012 0 126
48013 0 2
48014 1 0
48015 127 127
48016 0 1
48017 126 127
48018 127 127
48019 0 2
48020 126 127
48021 127 0
48022 0 1
48023 2 0
48024 1 0
48025 2 0
48026 0 0
48027 3 0
48028 126 0
48029 2 0
48030 0 127
48031 3 0
48032 0 126
48033 127 0
48034 0 1
48035 2 0
48036 0 0
48037 0 1
48038 0 0
48039 3 0
48040 127 127
48041 0 127
48042 126 0
48043 0 126
48044 2 0
48045 0 127
48046 126 127
48047 0 126
48048 127 127
48049 127 0
48050 0 1
48051 126 0
48052 126 127
48053 127 127
48054 1 0
48055 2 0
48056 127 0
48057 126 127
48058 127 127
48059 0 127
48060 0 0
48061 3 0
48062 0 1
48063 0 0
48064 0 1
48065 0 0
48066 126 127
48067 0 1
48068 0 0
48069 0 1
48070 127 127
48071 2 0
48072 0 126
48073 126 127
48074 0 0
48075 3 0
48076 0 1
48077 127 127
48078 126 127
48079 127 127
48080 0 127
48081 126 0
48082 2 0
48083 126 127
48084 0 0
48085 0 126
48086 0 127
48087 127 0
48088 126 0
48089 127 127
48090 127 0
48091 0 1
48092 126 0
48093 0 126
48094 127 0
48095 126 127
48096 0 127
48097 1 0
48098 0 2
48099 0 1
48100 0 126
48101 127 127
48102 126 127
48103 126 0
48104 0 2
48105 127 0
48106 0 1
48107 0 2
48108 0 0
48109 1 0
48110 0 1
48111 0 2
48112 0 0
48113 126 0
48114 127 127
48115 126 127
48116 1 0
48117 0 0
48118 0 127
48119 127 127
48120 0 126
48121 1 0
48122 127 0
48123 0 0
48124 126 127
48125 126 0
48126 127 0
48127 127 127
48128 126 127
48129 0 3
48130 126 0
48131 0 127
48132 0 2
48133 0 3
48134 0 1
48135 0 0
48136 127 127
48137 0 126
48138 0 1
48139 0 127
48140 127 0
48141 0 126
48142 0 127
48143 126 0
48144 127 0
48145 0 4
48146 0 3
48147 126 0
48148 0 4
48149 0 0
48150 0 3
48151 126 127
48152 0 2
48153 127 0
48154 0 3
48155 127 127
48156 0 1
48157 126 127
48158 0 126
48159 0 4
48160 0 0
48161 0 3
48162 127 127
48163 126 0
48164 0 2
48165 0 3
48166 127 0
48167 126 127
48168 0 1
48169 127 127
48170 126 0
48171 0 4
48172 127 0
48173 0 0
48174 0 3
48175 126 0
48176 126 127
48177 127 127
48178 127 0
48179 0 2
48180 1 0
48181 0 127
48182 0 126
48183 0 127
48184 0 0
48185 126 127
48186 0 3
48187 0 2
48188 0 3
48189 127 127
48190 0 2
48191 0 126
48192 0 3
48193 0 1
48194 126 0
48195 0 0
48196 0 2
48197 0 3
48198 0 127
48199 127 0
48200 126 127
48201 0 126
48202 0 1
48203 126 0
48204 0 0
48205 127 127
48206 0 1
48207 0 127
48208 0 4
48209 126 127
48210 127 127
48211 127 0
48212 126 0
48213 127 0
48214 0 126
48215 0 0
48216 0 127
48217 126 127
48218 0 1
48219 126 0
48220 127 127
48221 0 0
48222 0 126
48223 0 127
48224 126 127
48225 127 0
48226 0 126
48227 127 127
48228 0 3
48229 0 127
48230 0 2
48231 126 0
48232 0 3
48233 0 126
48234 0 2
48235 126 127
48236 1 0
48237 0 0
48238 127 127
48239 1 0
48240 126 127
48241 0 1
48242 127 127
48243 126 127
48244 0 2
48245 127 127
48246 0 0
48247 0 3
48248 127 0
48249 0 1
48250 0 4
48251 0 0
48252 126 0
48253 127 0
48254 0 3
48255 0 1
48256 0 4
48257 0 127
48258 126 127
48259 127 127
48260 126 127
48261 126 0
48262 0 3
48263 127 0
48264 0 0
48265 127 127
48266 126 127
48267 126 0
48268 127 127
48269 0 2
48270 0 3
48271 126 127
48272 0 2
48273 127 127
48274 126 127
48275 127 127
48276 0 3
48277 0 126
48278 0 127
48279 0 1
48280 127 0
48281 126 0
48282 126 127
48283 127 127
48284 0 4
48285 0 126
48286 126 127
48287 127 0
48288 0 0
48289 127 127
48290 126 127
48291 0 3
48292 127 127
48293 0 1
48294 0 0
48295 126 0
48296 0 1
48297 127 0
48298 126 0
48299 127 0
48300 0 0
48301 0 1
48302 126 0
48303 126 127
48304 0 127
48305 0 4
48306 0 126
48307 127 0
48308 126 0
48309 0 127
48310 0 126
48311 0 0
48312 127 127
48313 127 0
48314 0 3
48315 126 127
48316 0 1
48317 0 0
48318 0 127
48319 0 1
48320 126 0
48321 0 126
48322 0 0
48323 0 1
48324 127 0
48325 0 0
48326 0 2
48327 1 0
48328 0 0
48329 0 127
48330 1 0
48331 127 127
48332 126 127
48333 126 0
48334 0 126
48335 0 127
48336 0 0
48337 0 126
48338 1 0
48339 0 1
48340 127 127
48341 127 0
48342 126 0
48343 0 127
48344 126 127
48345 127 0
48346 2 0
48347 0 0
48348 127 127
48349 3 0
48350 0 126
48351 126 127
48352 127 127
48353 126 127
48354 0 1
48355 0 0
48356 0 1
48357 126 0
48358 0 127
48359 127 127
48360 127 0
48361 0 126
48362 126 0
48363 126 127
48364 2 0
48365 0 0
48366 127 127
48367 0 1
48368 1 0
48369 0 2
48370 127 0
48371 0 1
48372 2 0
48373 126 127
48374 0 127
48375 127 127
48376 0 0
48377 0 1
48378 0 126
48379 126 0
48380 0 127
48381 0 0
48382 0 126
48383 0 1
48384 1 0
48385 0 127
48386 0 2
48387 0 1
48388 126 127
48389 0 126
48390 127 127
48391 127 0
48392 0 127
48393 126 0
48394 127 0
48395 0 126
48396 0 2
48397 126 127
48398 0 1
48399 0 127
48400 126 0
48401 2 0
48402 127 0
48403 1 0
48404 126 0
48405 0 126
48406 2 0
48407 0 0
48408 127 0
48409 0 1
48410 127 127
48411 0 127
48412 126 0
48413 127 0
48414 126 127
48415 0 126
48416 127 127
48417 1 0
48418 0 2
48419 0 127
48420 0 1
48421 2 0
48422 126 0
48423 127 0
48424 0 0
48425 126 127
48426 3 0
48427 127 127
48428 0 126
48429 0 127
48430 2 0
48431 126 0
48432 3 0
48433 0 126
48434 0 127
48435 2 0
48436 3 0
48437 0 1
48438 0 126
48439 127 0
48440 2 0
48441 0 0
48442 0 127
48443 3 0
48444 0 1
48445 0 0
48446 0 126
48447 126 127
48448 127 127
48449 0 127
48450 0 1
48451 2 0
48452 126 0
48453 0 0
48454 126 127
48455 127 0
48456 0 126
48457 0 127
48458 0 126
48459 126 0
48460 0 127
48461 127 127
48462 127 0
48463 3 0
48464 2 0
48465 0 126
48466 0 127
48467 126 0
48468 126 127
48469 0 1
48470 127 0
48471 126 0
48472 0 0
48473 127 127
48474 0 1
48475 127 0
48476 1 0
48477 0 126
48478 126 127
48479 0 2
48480 127 127
48481 126 0
48482 0 1
48483 127 0
48484 2 0
48485 126 0
48486 0 127
48487 126 127
48488 1 0
48489 0 126
48490 127 127
48491 127 0
48492 126 0
48493 2 0
48494 0 0
48495 3 0
48496 0 1
48497 127 0
48498 0 127
48499 126 0
48500 2 0
48501 0 126
48502 1 0
48503 127 0
48504 2 0
48505 0 127
48506 1 0
48507 126 0
48508 126 127
48509 127 127
48510 0 126
48511 0 127
48512 0 126
48513 0 2
48514 0 1
48515 2 0
48516 127 0
48517 126 0
48518 126 127
48519 127 127
48520 126 127
48521 127 0
48522 0 0
48523 127 127
48524 126 0
48525 3 0
48526 0 1
48527 0 0
48528 0 127
48529 2 0
48530 127 0
48531 3 0
48532 0 1
48533 2 0
48534 1 0
48535 126 0
48536 126 127
48537 127 127
48538 0 126
48539 0 127
48540 126 127
48541 0 2
48542 0 0
48543 0 3
48544 127 127
48545 127 0
48546 0 1
48547 0 0
48548 126 0
48549 0 126
48550 127 0
48551 0 127
48552 0 1
48553 0 4
48554 0 3
48555 126 127
48556 126 0
48557 0 126
48558 127 0
48559 0 0
48560 127 127
48561 0 127
48562 0 2
48563 0 126
48564 1 0
48565 0 127
48566 126 0
48567 0 0
48568 126 127
48569 0 126
48570 127 0
48571 0 3
48572 0 127
48573 0 2
48574 127 127
48575 0 126
48576 126 0
48577 126 127
48578 127 0
48579 0 3
48580 126 0
48581 127 0
48582 0 1
48583 0 0
48584 126 0
48585 0 2
48586 0 127
48587 0 3
48588 127 127
48589 0 2
48590 0 126
48591 1 0
48592 126 127
48593 127 0
48594 0 1
48595 0 127
48596 0 126
48597 2 0
48598 0 127
48599 0 0
48600 0 1
48601 1 0
48602 2 0
48603 126 0
48604 0 0
48605 127 127
48606 0 1
48607 126 127
48608 127 0
48609 126 0
48610 0 126
48611 0 127
48612 0 0
48613 0 1
48614 127 127
48615 1 0
48616 126 127
48617 127 127
48618 126 127
48619 2 0
48620 0 0
48621 127 0
48622 126 0
48623 3 0
48624 0 126
48625 127 0
48626 126 0
48627 0 127
48628 2 0
48629 127 127
48630 0 1
48631 1 0
48632 0 2
48633 127 0
48634 0 0
48635 0 126
48636 1 0
48637 126 0
48638 0 0
48639 1 0
48640 127 0
48641 126 127
48642 0 1
48643 127 127
48644 126 0
48645 126 127
48646 127 127
48647 126 127
48648 0 127
48649 0 126
48650 127 0
48651 2 0
48652 127 127
48653 0 0
48654 0 127
48655 0 126
48656 0 1
48657 1 0
48658 126 127
48659 0 2
48660 0 1
48661 0 2
48662 0 1
48663 0 127
48664 126 0
48665 2 0
48666 127 127
48667 126 127
48668 0 0
48669 127 127
48670 0 1
48671 1 0
48672 0 126
48673 0 2
48674 0 0
48675 0 3
48676 0 2
48677 126 127
48678 127 127
48679 126 127
48680 127 127
48681 126 127
48682 0 127
48683 1 0
48684 0 1
48685 0 126
48686 0 2
48687 0 0
48688 127 127
48689 0 127
48690 0 126
48691 1 0
48692 126 127
48693 127 127
48694 126 127
48695 127 127
48696 126 127
48697 127 127
48698 0 0
48699 126 127
48700 127 0
48701 126 0
48702 0 127
48703 127 0
48704 127 127
48705 126 127
48706 126 0
48707 127 127
48708 127 0
48709 126 0
48710 1 0
48711 127 0
48712 126 127
48713 0 126
48714 0 1
48715 0 2
48716 0 1
48717 126 0
48718 2 0
48719 127 127
48720 0 0
48721 126 127
48722 0 1
48723 0 127
48724 0 126
48725 127 127
48726 126 127
48727 0 127
48728 127 127
48729 1 0
48730 126 127
48731 127 127
48732 127 0
48733 2 0
48734 1 0
48735 0 126
48736 126 127
48737 2 0
48738 1 0
48739 0 2
48740 0 1
48741 0 127
48742 126 0
48743 0 126
48744 127 0
48745 0 127
48746 0 2
48747 0 0
48748 0 3
48749 0 2
48750 127 127
48751 0 3
48752 0 1
48753 0 4
48754 126 0
48755 0 126
48756 0 3
48757 126 127
48758 127 0
48759 0 4
48760 127 127
48761 0 3
48762 0 127
48763 126 127
48764 126 0
48765 0 0
48766 0 2
48767 127 127
48768 0 3
48769 127 0
48770 0 2
48771 0 3
48772 0 1
48773 0 4
48774 126 127
48775 127 127
48776 0 3
48777 126 127
48778 0 0
48779 0 1
48780 0 126
48781 126 0
48782 0 4
48783 0 127
48784 127 0
48785 0 126
48786 127 127
48787 0 0
48788 0 127
48789 126 127
48790 127 127
48791 126 0
48792 126 127
48793 0 3
48794 0 126
48795 0 127
48796 0 126
48797 0 2
48798 0 127
48799 1 0
48800 0 1
48801 127 127
48802 2 0
48803 0 0
48804 126 127
48805 3 0
48806 127 127
48807 0 126
48808 126 127
48809 0 1
48810 127 0
48811 0 127
48812 0 126
48813 0 127
48814 126 0
48815 0 0
48816 127 127
48817 0 126
48818 0 127
48819 127 0
48820 2 0
48821 126 0
48822 0 126
48823 0 1
48824 0 0
48825 0 1
48826 0 0
48827 126 127
48828 0 1
48829 0 0
48830 0 127
48831 3 0
48832 127 0
48833 127 127
48834 0 1
48835 2 0
48836 0 126
48837 126 127
48838 0 0
48839 126 0
48840 3 0
48841 2 0
48842 127 0
48843 127 127
48844 0 127
48845 126 0
48846 3 0
48847 2 0
48848 127 0
48849 126 0
48850 0 126
48851 0 127
48852 0 1
48853 0 126
48854 126 127
48855 1 0
48856 127 127
48857 0 2
48858 127 0
48859 0 0
48860 126 0
48861 127 0
48862 126 0
48863 126 127
48864 0 127
48865 127 0
48866 126 0
48867 127 127
48868 0 126
48869 0 127
48870 126 127
48871 1 0
48872 0 0
48873 127 0
48874 0 126
48875 126 0
48876 127 127
48877 0 3
48878 127 0
48879 126 0
48880 0 2
48881 1 0
48882 0 1
48883 126 127
48884 2 0
48885 0 127
48886 127 127
48887 0 126
48888 1 0
48889 127 0
48890 126 0
48891 2 0
48892 0 0
48893 0 127
48894 0 1
48895 126 127
48896 0 126
48897 0 0
48898 127 127
48899 0 127
48900 0 126
48901 3 0
48902 127 0
48903 0 127
48904 126 127
48905 0 1
48906 2 0
48907 1 0
48908 2 0
48909 0 0
48910 126 0
48911 0 126
48912 3 0
48913 0 1
48914 127 127
48915 2 0
48916 127 0
48917 0 0
48918 0 1
48919 0 127
48920 1 0
48921 2 0
48922 0 126
48923 126 0
48924 127 0
48925 1 0
48926 0 127
48927 0 2
48928 0 0
48929 0 3
48930 0 2
48931 0 3
48932 0 1
48933 0 126
48934 126 0
48935 0 127
48936 0 126
48937 0 4
48938 126 127
48939 0 0
48940 0 127
48941 0 126
48942 127 127
48943 0 127
48944 0 3
48945 0 2
48946 1 0
48947 0 126
48948 0 0
48949 0 3
48950 0 2
48951 0 3
48952 0 2
48953 0 3
48954 126 127
48955 0 127
48956 127 127
48957 0 1
48958 127 0
48959 126 127
48960 0 4
48961 127 127
48962 0 3
48963 0 4
48964 126 127
48965 0 3
48966 0 4
48967 127 127
48968 0 126
48969 126 127
48970 127 127
48971 0 0
48972 126 127
48973 0 127
48974 0 1
48975 0 3
48976 126 0
48977 0 4
48978 127 127
48979 0 0
48980 0 126
48981 127 0
48982 126 127
48983 0 127
48984 0 3
48985 0 2
48986 0 3
48987 0 1
48988 0 126
48989 0 127
48990 0 0
48991 0 2
48992 0 126
48993 0 127
48994 127 127
48995 126 0
48996 0 3
48997 0 2
48998 127 0
48999 126 127
49000 126 0
49001 127 127
49002 0 3
49003 0 2
49004 0 3
49005 127 0
49006 126 127
49007 127 127
49008 0 1
49009 126 127
49010 0 0
49011 127 127
49012 0 2
49013 1 0
49014 0 0
49015 0 126
49016 126 0
49017 1 0
49018 0 1
49019 2 0
49020 0 127
49021 0 0
49022 0 1
49023 127 0
49024 0 126
49025 1 0
49026 0 127
49027 126 127
49028 2 0
49029 126 0
49030 127 0
49031 0 0
49032 126 0
49033 0 1
49034 127 127
49035 0 0
49036 126 127
49037 127 0
49038 126 0
49039 0 126
49040 127 0
49041 126 0
49042 127 127
49043 126 127
49044 0 127
49045 3 0
49046 0 1
49047 0 0
49048 2 0
49049 0 1
49050 127 127
49051 0 126
49052 127 0
49053 126 0
49054 0 0
49055 127 0
49056 0 1
49057 1 0
49058 126 0
49059 2 0
49060 0 127
49061 126 127
49062 0 0
49063 0 1
49064 127 0
49065 0 126
49066 127 127
49067 126 127
49068 127 127
49069 0 127
49070 1 0
49071 2 0
49072 126 0
49073 126 127
49074 1 0
49075 0 126
49076 0 2
49077 127 127
49078 0 127
49079 0 0
49080 127 0
49081 1 0
49082 0 1
49083 126 127
49084 0 126
49085 2 0
49086 0 0
49087 0 127
49088 126 0
49089 3 0
49090 127 127
49091 0 126
49092 0 1
49093 0 0
49094 127 0
49095 0 1
49096 0 127
49097 126 127
49098 0 0
49099 0 126
49100 2 0
49101 0 127
49102 0 126
49103 0 1
49104 1 0
49105 0 2
49106 127 127
49107 126 0
49108 0 0
49109 0 3
49110 126 127
49111 0 1
49112 127 127
49113 127 0
49114 0 0
49115 0 1
49116 126 127
49117 0 4
49118 0 0
49119 0 1
49120 127 127
49121 0 0
49122 126 127
49123 0 3
49124 0 127
49125 126 0
49126 0 1
49127 0 4
49128 0 0
49129 0 1
49130 0 3
49131 0 0
49132 127 0
49133 127 127
49134 0 1
49135 0 126
49136 126 0
49137 0 127
49138 0 4
49139 0 0
49140 0 1
49141 127 0
49142 126 127
49143 0 0
49144 0 1
49145 127 127
49146 126 127
49147 126 0
49148 0 126
49149 0 127
49150 127 0
49151 0 0
# colocadas=49152 ocupadas=5 mayor=50098
