0 0 0
1 0 127
2 127 0
3 127 127
4 0 2
5 0 4
6 0 6
7 0 8
8 0 10
9 0 12
10 0 14
11 0 16
12 0 18
13 0 20
14 0 22
15 0 24
16 0 26
17 0 28
18 0 30
19 126 0
20 0 32
21 0 33
22 0 31
23 0 35
24 0 37
25 0 39
26 0 41
27 0 43
28 0 45
29 1 26
30 0 47
31 0 49
32 1 14
33 0 51
34 0 14
35 0 53
36 0 55
37 1 37
38 0 57
39 1 10
40 0 59
41 0 61
42 0 63
43 0 65
44 0 67
45 0 69
46 126 127
47 0 71
48 0 38
49 0 73
50 1 33
51 0 75
52 0 77
53 0 33
54 0 79
55 0 81
56 0 83
57 1 61
58 0 9
59 0 7
60 0 85
61 0 87
62 1 2
63 0 89
64 1 57
65 0 91
66 0 93
67 0 95
68 0 97
69 0 99
70 0 101
71 1 83
72 1 33
73 0 103
74 0 58
75 0 126
76 0 60
77 0 105
78 0 107
79 0 109
80 0 111
81 0 113
82 1 97
83 0 115
84 0 117
85 0 27
86 1 62
87 0 39
88 0 83
89 127 0
90 1 113
91 1 71
92 0 29
93 0 119
94 0 62
95 0 70
96 0 2
97 1 18
98 0 18
99 0 121
100 1 45
101 1 107
102 1 60
103 1 77
104 0 123
105 0 107
106 0 26
107 1 127
108 1 63
109 1 89
110 1 85
111 2 0
112 3 127
113 1 72
114 0 56
115 0 37
116 0 85
117 4 0
118 1 14
119 5 127
120 0 72
121 6 0
122 0 90
123 7 127
124 1 81
125 0 14
126 126 0
127 0 46
128 0 34
129 127 0
130 8 0
131 9 127
132 1 117
133 9 0
134 0 28
135 11 0
136 0 60
137 11 127
138 0 97
139 0 5
140 13 0
141 1 44
142 1 105
143 0 73
144 1 99
145 0 11
146 13 127
147 0 125
148 0 29
149 0 113
150 14 0
151 0 1
152 0 76
153 8 0
154 0 92
155 11 126
156 1 85
157 1 113
158 3 126
159 15 127
160 0 12
161 0 35
162 0 113
163 16 0
164 17 127
165 1 22
166 0 59
167 1 113
168 0 118
169 1 14
170 1 116
171 0 106
172 0 23
173 1 117
174 18 0
175 1 78
176 0 104
177 19 127
178 0 15
179 0 3
180 17 126
181 1 21
182 1 45
183 0 107
184 0 16
185 0 114
186 0 15
187 1 112
188 10 0
189 0 116
190 1 64
191 12 0
192 1 77
193 1 71
194 0 110
195 1 106
196 0 58
197 0 59
198 0 33
199 1 72
200 8 1
201 0 16
202 0 111
203 7 126
204 20 0
205 0 110
206 1 18
207 21 127
208 0 11
209 3 127
210 0 18
211 1 35
212 126 0
213 0 13
214 1 51
215 3 126
216 0 47
217 22 0
218 0 120
219 1 71
220 23 127
221 0 8
222 0 85
223 0 121
224 0 45
225 0 88
226 0 100
227 0 55
228 23 0
229 18 1
230 2 117
231 18 127
232 0 126
233 0 22
234 18 0
235 0 125
236 0 24
237 0 82
238 0 127
239 0 72
240 1 5
241 1 39
242 1 80
243 2 89
244 0 74
245 1 15
246 0 0
247 16 1
248 4 127
249 22 0
250 0 34
251 0 102
252 0 27
253 0 51
254 0 23
255 15 0
256 127 0
257 16 127
258 1 29
259 20 1
260 0 39
261 2 1
262 0 30
263 1 39
264 1 117
265 0 75
266 2 71
267 0 115
268 0 105
269 1 72
270 12 127
271 1 43
272 1 81
273 21 0
274 1 125
275 9 0
276 126 0
277 19 127
278 0 6
279 0 72
280 0 69
281 0 28
282 0 125
283 0 10
284 0 1
285 0 25
286 10 126
287 1 127
288 7 1
289 0 84
290 8 0
291 17 0
292 0 93
293 1 63
294 16 2
295 10 125
296 0 103
297 0 27
298 1 74
299 0 32
300 11 0
301 22 0
302 0 120
303 0 91
304 1 71
305 0 22
306 0 73
307 1 95
308 0 36
309 0 76
310 1 80
311 0 4
312 0 61
313 0 43
314 1 78
315 1 60
316 2 126
317 1 67
318 18 0
319 2 60
320 0 29
321 7 2
322 1 43
323 18 127
324 0 96
325 1 77
326 1 28
327 0 112
328 9 125
329 3 0
330 15 2
331 0 90
332 11 127
333 0 92
334 1 9
335 0 108
336 1 90
337 0 26
338 1 60
339 1 75
340 20 127
341 0 101
342 127 0
343 0 38
344 0 122
345 0 91
346 0 37
347 0 11
348 0 75
349 0 87
350 0 97
351 22 127
352 0 23
353 1 49
354 0 89
355 2 5
356 0 88
357 17 125
358 0 78
359 0 56
360 1 114
361 1 113
362 1 18
363 0 50
364 0 114
365 20 126
366 0 7
367 0 3
368 0 4
369 0 93
370 2 113
371 0 9
372 0 63
373 0 89
374 4 0
375 0 72
376 0 19
377 1 11
378 20 0
379 0 127
380 20 127
381 0 52
382 20 1
383 18 126
384 10 0
385 1 63
386 0 100
387 0 17
388 0 30
389 0 11
390 2 127
391 1 74
392 1 73
393 1 7
394 0 81
395 1 116
396 0 86
397 18 127
398 1 58
399 1 109
400 14 0
401 18 126
402 18 127
403 1 113
404 0 33
405 6 2
406 7 127
407 16 125
408 12 127
409 2 109
410 0 22
411 126 0
412 0 44
413 0 28
414 1 42
415 6 127
416 20 126
417 127 0
418 8 125
419 0 34
420 8 127
421 0 104
422 8 1
423 19 127
424 0 94
425 0 15
426 8 0
427 15 125
428 0 102
429 0 16
430 1 74
431 1 91
432 0 116
433 1 32
434 0 5
435 0 46
436 2 88
437 0 124
438 0 106
439 0 20
440 2 21
441 1 98
442 0 27
443 14 125
444 0 87
445 17 0
446 1 118
447 126 0
448 0 55
449 0 23
450 0 63
451 0 6
452 1 122
453 11 0
454 1 110
455 1 15
456 0 96
457 1 8
458 0 38
459 1 88
460 1 104
461 0 98
462 18 127
463 2 26
464 19 127
465 0 54
466 0 123
467 6 126
468 2 88
469 1 26
470 2 0
471 0 79
472 0 49
473 6 127
474 13 125
475 1 98
476 0 24
477 0 126
478 0 32
479 1 11
480 0 124
481 0 105
482 5 0
483 1 88
484 0 17
485 10 0
486 0 111
487 6 126
488 0 110
489 4 1
490 0 93
491 0 78
492 1 73
493 0 62
494 0 19
495 0 26
496 0 43
497 0 98
498 2 35
499 1 90
500 0 7
501 5 2
502 0 92
503 0 83
504 12 125
505 0 20
506 0 16
507 1 48
508 1 94
509 5 3
510 0 50
511 0 25
512 0 12
513 0 68
514 4 3
515 0 107
516 1 52
517 1 57
518 0 104
519 0 0
520 0 26
521 1 79
522 0 109
523 0 57
524 20 125
525 0 90
526 1 98
527 0 71
528 0 119
529 0 22
530 5 127
531 0 112
532 0 74
533 0 69
534 6 125
535 1 22
536 18 127
537 0 3
538 2 113
539 1 40
540 1 127
541 1 39
542 0 77
543 0 18
544 1 5
545 15 127
546 11 127
547 13 0
548 0 106
549 1 76
550 0 52
551 0 123
552 1 91
553 0 55
554 0 75
555 0 78
556 2 127
557 20 0
558 0 73
559 11 125
560 0 80
561 1 117
562 0 10
563 1 77
564 0 48
565 0 54
566 0 86
567 1 40
568 7 127
569 1 92
570 0 66
571 1 9
572 0 107
573 0 82
574 0 23
575 1 103
576 0 124
577 1 25
578 1 68
579 19 125
580 0 64
581 0 58
582 0 101
583 2 11
584 1 11
585 0 39
586 0 76
587 0 6
588 0 111
589 1 95
590 0 37
591 1 18
592 11 0
593 0 83
594 2 92
595 0 77
596 0 8
597 0 113
598 16 0
599 0 85
600 7 0
601 18 125
602 0 59
603 0 82
604 0 13
605 0 68
606 0 61
607 0 12
608 0 84
609 17 125
610 0 102
611 1 24
612 2 103
613 0 98
614 0 95
615 0 19
616 0 7
617 2 60
618 0 45
619 10 0
620 23 0
621 21 127
622 8 0
623 0 5
624 0 46
625 1 35
626 127 0
627 1 111
628 0 62
629 0 4
630 0 70
631 0 123
632 0 55
633 8 127
634 0 38
635 7 0
636 1 6
637 2 20
638 20 127
639 0 88
640 1 121
641 1 48
642 0 33
643 14 2
644 21 127
645 2 93
646 1 82
647 1 118
648 3 1
649 0 97
650 0 13
651 1 12
652 0 53
653 1 11
654 8 0
655 1 67
656 12 0
657 22 0
658 0 8
659 0 98
660 0 87
661 3 3
662 0 112
663 1 39
664 0 17
665 0 52
666 2 42
667 0 1
668 14 127
669 0 39
670 0 11
671 4 127
672 1 21
673 13 127
674 0 49
675 1 25
676 1 102
677 1 72
678 0 103
679 13 2
680 1 12
681 8 124
682 1 42
683 0 96
684 1 110
685 0 75
686 0 21
687 0 95
688 0 60
689 1 47
690 0 108
691 0 25
692 0 58
693 0 104
694 16 125
695 0 44
696 5 125
697 12 2
698 0 78
699 0 110
700 1 38
701 1 10
702 15 125
703 2 59
704 127 127
705 0 97
706 1 48
707 0 121
708 2 104
709 1 0
710 1 110
711 13 0
712 15 0
713 1 76
714 0 124
715 2 12
716 11 0
717 0 82
718 20 127
719 0 54
720 1 113
721 0 57
722 3 0
723 1 21
724 0 99
725 0 106
726 0 14
727 0 72
728 1 59
729 0 51
730 0 56
731 0 115
732 7 124
733 14 125
734 10 127
735 1 12
736 0 47
737 1 97
738 2 38
739 6 124
740 4 125
741 1 32
742 11 127
743 11 2
744 2 92
745 1 9
746 0 0
747 126 127
748 1 38
749 10 125
750 1 16
751 0 26
752 0 31
753 2 103
754 5 127
755 127 127
756 0 98
757 1 62
758 1 94
759 0 110
760 21 127
761 1 24
762 0 123
763 19 0
764 0 36
765 2 94
766 1 109
767 0 22
768 0 38
769 0 118
770 0 29
771 0 77
772 2 76
773 0 28
774 0 73
775 0 52
776 0 5
777 0 127
778 3 125
779 0 92
780 0 63
781 1 58
782 1 54
783 2 67
784 0 20
785 16 0
786 13 125
787 1 43
788 1 13
789 0 15
790 5 124
791 1 61
792 0 19
793 0 40
794 1 75
795 0 46
796 7 127
797 0 14
798 1 62
799 2 18
800 0 126
801 1 96
802 0 102
803 0 107
804 0 114
805 0 29
806 1 127
807 2 0
808 21 0
809 0 74
810 0 76
811 0 24
812 9 125
813 0 43
814 0 10
815 0 111
816 2 127
817 0 127
818 1 42
819 0 4
820 3 0
821 1 37
822 8 125
823 14 0
824 1 18
825 0 89
826 0 44
827 0 71
828 2 0
829 1 74
830 0 39
831 0 50
832 1 103
833 0 11
834 0 10
835 1 90
836 10 2
837 0 15
838 4 127
839 22 0
840 0 69
841 0 28
842 10 0
843 0 124
844 0 5
845 5 127
846 2 19
847 1 82
848 14 127
849 3 127
850 0 97
851 2 75
852 17 127
853 1 78
854 2 103
855 0 126
856 1 104
857 0 14
858 2 32
859 4 124
860 1 20
861 1 15
862 0 58
863 2 76
864 13 0
865 1 1
866 1 91
867 1 94
868 13 127
869 20 127
870 0 94
871 2 96
872 0 61
873 0 48
874 19 127
875 1 17
876 0 96
877 18 0
878 1 108
879 0 123
880 0 1
881 0 115
882 0 120
883 0 109
884 0 38
885 0 54
886 1 50
887 0 127
888 20 127
889 0 4
890 1 2
891 0 43
892 16 127
893 1 90
894 0 64
895 2 75
896 1 12
897 0 39
898 0 45
899 0 50
900 2 91
901 1 73
902 12 125
903 126 0
904 0 46
905 0 41
906 1 18
907 2 108
908 0 6
909 0 126
910 0 29
911 2 125
912 0 59
913 1 24
914 1 117
915 10 127
916 1 116
917 1 4
918 0 57
919 0 34
920 0 63
921 0 28
922 0 79
923 19 0
924 0 117
925 126 127
926 0 73
927 0 113
928 0 60
929 0 75
930 0 127
931 1 93
932 0 0
933 1 52
934 0 24
935 1 16
936 0 13
937 9 2
938 2 9
939 0 37
940 0 65
941 1 77
942 4 0
943 3 19
944 0 91
945 1 67
946 5 0
947 0 74
948 0 5
949 2 74
950 0 92
951 2 75
952 0 114
953 0 56
954 0 118
955 1 15
956 11 125
957 0 76
958 0 57
959 11 0
960 4 0
961 2 73
962 10 0
963 2 102
964 1 78
965 2 127
966 1 11
967 0 104
968 8 127
969 0 44
970 12 0
971 1 125
972 0 43
973 0 1
974 1 48
975 1 75
976 2 101
977 0 29
978 0 66
979 5 0
980 0 56
981 1 32
982 0 36
983 1 0
984 19 127
985 1 24
986 0 90
987 1 109
988 0 15
989 2 42
990 0 80
991 0 86
992 0 79
993 18 0
994 12 127
995 2 19
996 4 0
997 0 122
998 7 125
999 0 33
1000 0 25
1001 3 0
1002 1 90
1003 0 21
1004 0 108
1005 0 49
1006 2 3
1007 0 18
1008 0 116
1009 1 116
1010 0 73
1011 19 0
1012 0 57
1013 0 6
1014 1 61
1015 18 127
1016 0 28
1017 1 38
1018 0 116
1019 127 0
1020 0 50
1021 10 126
1022 1 9
1023 0 70
1024 1 59
1025 0 48
1026 2 9
1027 10 1
1028 1 71
1029 1 9
1030 0 80
1031 2 93
1032 0 77
1033 0 4
1034 0 91
1035 1 5
1036 0 0
1037 1 93
1038 0 123
1039 0 7
1040 1 72
1041 3 19
1042 0 27
1043 1 15
1044 0 3
1045 0 92
1046 0 45
1047 0 82
1048 2 92
1049 0 34
1050 1 37
1051 2 107
1052 0 53
1053 0 47
1054 3 124
1055 0 24
1056 3 127
1057 2 91
1058 1 8
1059 0 97
1060 0 121
1061 0 107
1062 2 124
1063 0 96
1064 1 43
1065 0 54
1066 0 101
1067 0 22
1068 0 71
1069 1 33
1070 15 0
1071 0 26
1072 0 5
1073 1 9
1074 0 74
1075 2 100
1076 1 23
1077 0 72
1078 0 38
1079 0 109
1080 11 127
1081 14 0
1082 0 33
1083 1 62
1084 0 76
1085 1 114
1086 2 35
1087 0 112
1088 0 100
1089 2 23
1090 0 113
1091 2 19
1092 2 95
1093 0 91
1094 18 0
1095 2 0
1096 127 127
1097 1 12
1098 0 73
1099 0 65
1100 0 34
1101 0 2
1102 0 87
1103 2 1
1104 4 0
1105 2 4
1106 2 41
1107 6 127
1108 0 49
1109 0 30
1110 7 0
1111 21 0
1112 0 125
1113 0 16
1114 0 112
1115 0 14
1116 6 125
1117 0 93
1118 2 15
1119 0 21
1120 0 33
1121 2 40
1122 1 89
1123 0 53
1124 0 61
1125 9 127
1126 0 23
1127 0 108
1128 0 43
1129 0 29
1130 2 3
1131 1 92
1132 0 28
1133 0 59
1134 0 60
1135 1 108
1136 0 25
1137 1 8
1138 11 0
1139 2 72
1140 8 2
1141 1 47
1142 2 106
1143 2 90
1144 0 56
1145 1 16
1146 126 127
1147 1 17
1148 1 82
1149 1 71
1150 5 127
1151 2 99
1152 1 70
1153 2 37
1154 1 1
1155 0 103
1156 12 0
1157 1 37
1158 1 71
1159 127 127
1160 2 127
1161 0 13
1162 2 92
1163 1 61
1164 0 20
1165 0 113
1166 1 51
1167 3 0
1168 1 43
1169 0 17
1170 0 6
1171 0 48
1172 0 49
1173 0 26
1174 0 40
1175 4 0
1176 17 0
1177 0 86
1178 0 47
1179 4 127
1180 1 107
1181 2 73
1182 0 32
1183 0 9
1184 1 88
1185 1 0
1186 0 67
1187 1 11
1188 1 115
1189 2 126
1190 0 78
1191 0 75
1192 9 126
1193 15 0
1194 0 74
1195 126 127
1196 0 76
1197 1 87
1198 2 127
1199 0 3
1200 0 29
1201 2 0
1202 1 18
1203 0 4
1204 0 41
1205 0 55
1206 18 0
1207 0 58
1208 0 59
1209 2 37
1210 1 7
1211 1 70
1212 6 0
1213 0 51
1214 4 1
1215 0 56
1216 1 1
1217 3 0
1218 0 114
1219 0 16
1220 1 8
1221 1 78
1222 1 51
1223 0 35
1224 10 0
1225 0 62
1226 0 18
1227 2 2
1228 0 15
1229 1 123
1230 1 4
1231 1 19
1232 2 115
1233 0 1
1234 14 0
1235 17 0
1236 7 2
1237 1 73
1238 0 78
1239 1 7
1240 1 58
1241 2 3
1242 1 92
1243 0 126
1244 0 64
1245 0 127
1246 0 12
1247 0 8
1248 4 2
1249 0 102
1250 3 2
1251 0 50
1252 5 127
1253 0 9
1254 0 65
1255 4 127
1256 0 126
1257 2 5
1258 0 43
1259 0 5
1260 1 71
1261 0 0
1262 2 92
1263 12 1
1264 0 48
1265 1 21
1266 1 116
1267 2 0
1268 5 125
1269 5 127
1270 20 0
1271 1 52
1272 1 78
1273 16 0
1274 1 22
1275 0 77
1276 10 125
1277 1 40
1278 9 0
1279 1 70
1280 0 82
1281 0 6
1282 0 71
1283 1 99
1284 0 88
1285 0 76
1286 0 72
1287 0 64
1288 0 71
1289 8 127
1290 0 21
1291 0 25
1292 2 24
1293 15 127
1294 0 5
1295 0 95
1296 0 105
1297 2 22
1298 0 2
1299 0 103
1300 0 124
1301 2 6
1302 1 22
1303 0 40
1304 0 106
1305 2 14
1306 1 14
1307 1 13
1308 0 4
1309 2 34
1310 1 84
1311 9 127
1312 0 41
1313 1 2
1314 0 46
1315 1 98
1316 0 105
1317 2 22
1318 0 54
1319 2 5
1320 0 53
1321 6 2
1322 0 89
1323 0 51
1324 2 70
1325 2 75
1326 17 0
1327 0 50
1328 0 14
1329 1 93
1330 16 0
1331 12 127
1332 0 79
1333 1 60
1334 1 24
1335 0 80
1336 0 66
1337 1 3
1338 0 127
1339 2 4
1340 14 127
1341 1 48
1342 1 37
1343 0 15
1344 19 0
1345 0 3
1346 0 106
1347 0 79
1348 2 94
1349 2 95
1350 0 14
1351 1 57
1352 0 39
1353 0 44
1354 1 1
1355 1 4
1356 0 112
1357 2 94
1358 1 70
1359 2 95
1360 10 127
1361 0 1
1362 0 94
1363 0 92
1364 0 33
1365 0 55
1366 9 127
1367 1 2
1368 11 127
1369 0 126
1370 0 47
1371 1 20
1372 0 16
1373 0 7
1374 0 31
1375 17 0
1376 2 3
1377 17 127
1378 0 123
1379 0 99
1380 0 58
1381 0 11
1382 1 95
1383 2 105
1384 0 117
1385 13 0
1386 1 75
1387 5 2
1388 0 116
1389 2 70
1390 1 115
1391 2 40
1392 0 73
1393 0 81
1394 3 0
1395 1 7
1396 9 126
1397 0 19
1398 0 84
1399 10 127
1400 0 111
1401 2 13
1402 3 1
1403 2 0
1404 127 127
1405 2 2
1406 16 127
1407 4 2
1408 0 113
1409 126 127
1410 0 22
1411 1 88
1412 1 2
1413 0 43
1414 4 125
1415 1 64
1416 1 127
1417 1 72
1418 10 124
1419 0 60
1420 13 127
1421 15 127
1422 0 46
1423 0 118
1424 0 65
1425 1 105
1426 1 90
1427 0 66
1428 2 2
1429 0 114
1430 11 1
1431 0 18
1432 0 45
1433 0 78
1434 4 127
1435 0 0
1436 0 23
1437 3 125
1438 4 3
1439 0 80
1440 0 112
1441 0 36
1442 0 74
1443 0 49
1444 0 81
1445 0 56
1446 2 93
1447 1 108
1448 12 0
1449 0 19
1450 0 80
1451 7 127
1452 127 127
1453 1 51
1454 1 104
1455 0 59
1456 2 75
1457 0 124
1458 1 96
1459 1 38
1460 1 91
1461 0 64
1462 0 51
1463 1 22
1464 0 113
1465 1 13
1466 1 60
1467 3 92
1468 1 87
1469 0 111
1470 0 100
1471 13 0
1472 0 58
1473 0 2
1474 1 77
1475 0 1
1476 0 127
1477 0 46
1478 4 2
1479 2 22
1480 1 10
1481 0 83
1482 1 22
1483 0 85
1484 0 75
1485 0 54
1486 0 77
1487 0 73
1488 0 4
1489 0 61
1490 0 28
1491 0 20
1492 8 126
1493 0 52
1494 0 70
1495 0 114
1496 126 0
1497 0 55
1498 0 71
1499 1 47
1500 1 59
1501 1 0
1502 3 0
1503 126 127
1504 2 74
1505 0 79
1506 0 96
1507 2 72
1508 1 94
1509 0 88
1510 2 20
1511 0 44
1512 0 112
1513 3 127
1514 0 110
1515 0 21
1516 0 7
1517 0 57
1518 0 22
1519 1 12
1520 0 117
1521 0 86
1522 4 125
1523 1 1
1524 1 71
1525 1 116
1526 0 12
1527 5 0
1528 0 48
1529 1 112
1530 2 10
1531 6 127
1532 0 113
1533 0 85
1534 12 0
1535 127 127
1536 13 0
1537 0 42
1538 3 72
1539 0 40
1540 0 35
1541 3 91
1542 0 119
1543 9 127
1544 0 86
1545 0 114
1546 1 4
1547 10 127
1548 0 11
1549 2 125
1550 0 51
1551 126 127
1552 8 0
1553 2 1
1554 0 112
1555 0 60
1556 2 72
1557 0 76
1558 1 33
1559 0 30
1560 0 38
1561 2 35
1562 2 87
1563 0 93
1564 0 108
1565 0 3
1566 20 0
1567 3 90
1568 9 124
1569 0 34
1570 0 122
1571 0 120
1572 0 78
1573 1 35
1574 16 0
1575 0 39
1576 1 87
1577 0 50
1578 7 0
1579 3 72
1580 1 5
1581 1 2
1582 8 0
1583 0 2
1584 2 72
1585 1 76
1586 1 105
1587 5 127
1588 0 102
1589 16 127
1590 1 32
1591 0 72
1592 0 82
1593 0 126
1594 3 72
1595 0 74
1596 1 125
1597 0 91
1598 1 108
1599 0 76
1600 1 36
1601 2 92
1602 0 115
1603 3 125
1604 2 90
1605 0 58
1606 127 127
1607 1 4
1608 0 121
1609 0 23
1610 1 5
1611 0 108
1612 0 71
1613 0 95
1614 12 127
1615 1 13
1616 0 61
1617 1 122
1618 0 119
1619 2 116
1620 7 0
1621 2 87
1622 1 70
1623 2 94
1624 0 13
1625 15 127
1626 1 116
1627 0 105
1628 8 124
1629 1 9
1630 2 72
1631 1 44
1632 0 73
1633 0 26
1634 0 114
1635 0 31
1636 0 24
1637 13 127
1638 0 75
1639 8 127
1640 0 76
1641 1 74
1642 0 116
1643 0 107
1644 5 1
1645 0 8
1646 1 71
1647 1 92
1648 6 127
1649 1 33
1650 0 120
1651 3 124
1652 0 127
1653 0 104
1654 0 109
1655 1 56
1656 0 117
1657 0 116
1658 1 94
1659 2 22
1660 1 2
1661 126 127
1662 0 96
1663 11 127
1664 1 114
1665 2 0
1666 2 77
1667 0 63
1668 6 0
1669 1 126
1670 1 75
1671 1 90
1672 1 74
1673 7 124
1674 0 23
1675 0 89
1676 0 57
1677 0 29
1678 2 127
1679 1 0
1680 0 22
1681 0 64
1682 0 14
1683 10 127
1684 0 126
1685 0 90
1686 0 49
1687 0 111
1688 0 79
1689 0 91
1690 2 4
1691 2 11
1692 5 0
1693 1 48
1694 1 47
1695 0 18
1696 0 115
1697 0 63
1698 1 117
1699 0 58
1700 0 51
1701 0 1
1702 5 127
1703 0 10
1704 2 124
1705 127 127
1706 5 1
1707 0 60
1708 0 61
1709 11 127
1710 0 78
1711 0 48
1712 127 0
1713 0 60
1714 12 0
1715 2 23
1716 6 124
1717 2 3
1718 1 126
1719 0 41
1720 1 127
1721 0 35
1722 0 85
1723 1 109
1724 0 75
1725 1 73
1726 0 94
1727 3 2
1728 3 72
1729 0 77
1730 13 0
1731 13 126
1732 0 68
1733 0 4
1734 0 33
1735 0 122
1736 4 127
1737 1 33
1738 1 6
1739 0 61
1740 10 127
1741 0 6
1742 0 70
1743 0 65
1744 1 39
1745 1 57
1746 0 45
1747 3 127
1748 3 126
1749 0 46
1750 0 84
1751 4 2
1752 1 11
1753 19 0
1754 0 50
1755 0 19
1756 0 25
1757 11 127
1758 0 5
1759 0 18
1760 2 73
1761 0 127
1762 18 0
1763 1 102
1764 2 123
1765 0 13
1766 0 74
1767 1 95
1768 0 117
1769 0 24
1770 1 122
1771 1 23
1772 2 124
1773 0 92
1774 1 73
1775 2 11
1776 0 26
1777 0 102
1778 0 67
1779 1 117
1780 0 117
1781 2 73
1782 0 68
1783 2 95
1784 1 11
1785 0 53
1786 5 127
1787 14 127
1788 0 126
1789 1 125
1790 11 0
1791 1 75
1792 12 126
1793 10 127
1794 0 19
1795 7 0
1796 1 117
1797 3 71
1798 0 3
1799 0 117
1800 0 109
1801 0 11
1802 2 4
1803 19 0
1804 0 123
1805 0 98
1806 0 33
1807 2 11
1808 1 22
1809 0 4
1810 2 90
1811 1 109
1812 0 14
1813 0 17
1814 1 37
1815 1 31
1816 1 3
1817 0 23
1818 13 127
1819 1 12
1820 0 40
1821 0 0
1822 1 90
1823 1 113
1824 2 76
1825 1 119
1826 1 96
1827 0 51
1828 2 90
1829 0 121
1830 3 70
1831 2 47
1832 1 53
1833 0 37
1834 0 24
1835 1 91
1836 0 96
1837 0 32
1838 0 106
1839 5 0
1840 2 23
1841 1 13
1842 0 23
1843 0 50
1844 1 102
1845 0 81
1846 1 2
1847 18 0
1848 1 20
1849 0 33
1850 3 2
1851 0 44
1852 5 124
1853 1 73
1854 1 10
1855 0 2
1856 1 60
1857 0 88
1858 2 127
1859 1 1
1860 0 120
1861 0 39
1862 1 36
1863 2 70
1864 0 110
1865 0 15
1866 0 28
1867 0 14
1868 0 111
1869 0 71
1870 0 20
1871 0 24
1872 0 5
1873 3 125
1874 2 20
1875 7 127
1876 0 29
1877 19 0
1878 0 4
1879 1 118
1880 1 63
1881 0 38
1882 3 126
1883 0 43
1884 0 72
1885 0 5
1886 0 80
1887 0 75
1888 1 119
1889 0 69
1890 0 127
1891 0 62
1892 1 48
1893 0 7
1894 8 0
1895 1 3
1896 0 121
1897 0 118
1898 2 5
1899 2 39
1900 2 19
1901 0 45
1902 0 87
1903 0 86
1904 10 0
1905 9 127
1906 0 60
1907 0 67
1908 0 71
1909 2 123
1910 0 34
1911 0 91
1912 1 0
1913 15 0
1914 0 117
1915 1 76
1916 1 69
1917 0 8
1918 2 73
1919 1 7
1920 1 127
1921 2 18
1922 0 124
1923 0 57
1924 0 61
1925 0 4
1926 1 98
1927 1 12
1928 0 73
1929 2 38
1930 1 72
1931 2 74
1932 0 53
1933 1 55
1934 0 123
1935 1 58
1936 3 3
1937 0 64
1938 0 28
1939 1 94
1940 0 1
1941 16 0
1942 0 31
1943 1 90
1944 0 93
1945 0 23
1946 0 109
1947 0 0
1948 0 36
1949 0 13
1950 2 2
1951 0 5
1952 0 125
1953 1 121
1954 0 3
1955 1 0
1956 0 29
1957 0 56
1958 3 4
1959 10 127
1960 0 24
1961 0 119
1962 0 46
1963 1 62
1964 1 117
1965 3 11
1966 14 127
1967 0 90
1968 3 127
1969 1 33
1970 1 120
1971 0 79
1972 1 19
1973 0 19
1974 1 9
1975 7 0
1976 1 126
1977 0 112
1978 0 111
1979 2 105
1980 0 59
1981 1 127
1982 2 76
1983 0 21
1984 0 27
1985 4 124
1986 2 71
1987 15 0
1988 12 0
1989 14 0
1990 0 89
1991 12 127
1992 0 58
1993 0 15
1994 2 96
1995 2 70
1996 2 24
1997 0 23
1998 2 95
1999 0 113
2000 0 10
2001 126 127
2002 126 0
2003 0 92
2004 12 126
2005 5 1
2006 0 2
2007 2 46
2008 1 1
2009 0 37
2010 2 45
2011 1 0
2012 0 94
2013 1 6
2014 3 3
2015 2 72
2016 1 76
2017 127 0
2018 6 0
2019 1 36
2020 1 94
2021 7 0
2022 1 57
2023 0 60
2024 0 42
2025 2 4
2026 0 55
2027 0 12
2028 0 62
2029 2 122
2030 0 57
2031 0 78
2032 0 88
2033 2 96
2034 1 62
2035 12 127
2036 0 62
2037 4 0
2038 1 19
2039 1 32
2040 0 52
2041 0 45
2042 0 24
2043 0 122
2044 2 121
2045 126 0
2046 0 74
2047 0 124
2048 12 1
2049 0 30
2050 0 33
2051 8 127
2052 0 70
2053 1 58
2054 0 26
2055 0 18
2056 0 80
2057 1 62
2058 0 126
2059 1 59
2060 5 2
2061 0 81
2062 6 127
2063 6 0
2064 1 40
2065 1 105
2066 1 111
2067 1 72
2068 2 44
2069 0 49
2070 0 120
2071 2 1
2072 1 121
2073 0 98
2074 4 127
2075 1 44
2076 0 66
2077 0 27
2078 1 120
2079 8 126
2080 0 127
2081 0 80
2082 1 23
2083 9 127
2084 0 20
2085 0 46
2086 1 22
2087 1 29
2088 0 14
2089 0 17
2090 0 116
2091 10 127
2092 13 0
2093 0 75
2094 0 94
2095 0 115
2096 8 127
2097 1 4
2098 0 45
2099 2 95
2100 12 126
2101 12 127
2102 1 54
2103 1 47
2104 2 71
2105 1 96
2106 0 58
2107 2 3
2108 0 6
2109 10 126
2110 0 16
2111 0 7
2112 0 4
2113 2 120
2114 0 38
2115 0 125
2116 2 70
2117 0 9
2118 11 1
2119 1 53
2120 0 81
2121 2 94
2122 6 126
2123 7 0
2124 2 93
2125 0 71
2126 0 118
2127 0 83
2128 6 0
2129 0 80
2130 3 1
2131 2 72
2132 2 11
2133 0 101
2134 11 2
2135 0 23
2136 0 8
2137 1 28
2138 0 5
2139 2 127
2140 1 123
2141 0 67
2142 15 127
2143 1 54
2144 14 127
2145 2 37
2146 1 14
2147 0 7
2148 0 108
2149 0 111
2150 1 4
2151 0 21
2152 10 127
2153 0 110
2154 2 6
2155 1 24
2156 0 124
2157 5 127
2158 3 0
2159 1 87
2160 1 29
2161 2 38
2162 1 2
2163 0 100
2164 6 125
2165 0 1
2166 0 61
2167 0 77
2168 12 126
2169 1 11
2170 2 10
2171 0 126
2172 1 28
2173 1 7
2174 4 2
2175 0 74
2176 18 0
2177 127 0
2178 2 1
2179 0 20
2180 0 107
2181 12 0
2182 0 97
2183 0 112
2184 0 102
2185 1 21
2186 17 0
2187 10 2
2188 1 75
2189 11 127
2190 0 98
2191 9 2
2192 0 63
2193 1 25
2194 1 127
2195 0 46
2196 0 14
2197 0 64
2198 1 116
2199 1 76
2200 0 90
2201 1 73
2202 0 75
2203 0 96
2204 7 127
2205 0 78
2206 5 125
2207 0 45
2208 0 17
2209 0 22
2210 3 2
2211 126 0
2212 0 125
2213 0 39
2214 3 72
2215 1 93
2216 0 23
2217 1 29
2218 2 5
2219 0 106
2220 0 69
2221 0 15
2222 1 117
2223 2 75
2224 0 2
2225 1 98
2226 1 31
2227 0 4
2228 1 63
2229 1 3
2230 0 18
2231 0 36
2232 4 0
2233 0 25
2234 0 103
2235 0 119
2236 0 47
2237 1 110
2238 2 74
2239 0 127
2240 0 50
2241 2 0
2242 1 22
2243 10 127
2244 2 87
2245 9 0
2246 1 21
2247 0 35
2248 0 49
2249 8 0
2250 6 125
2251 1 70
2252 1 28
2253 2 93
2254 0 56
2255 0 17
2256 0 73
2257 1 102
2258 0 41
2259 0 74
2260 12 127
2261 0 13
2262 0 104
2263 3 124
2264 0 102
2265 0 54
2266 5 125
2267 0 72
2268 0 65
2269 1 124
2270 1 29
2271 2 72
2272 1 43
2273 0 51
2274 1 94
2275 0 121
2276 0 19
2277 8 127
2278 2 6
2279 3 10
2280 2 10
2281 12 126
2282 1 18
2283 2 105
2284 1 88
2285 127 0
2286 1 4
2287 2 71
2288 1 105
2289 0 29
2290 0 71
2291 4 127
2292 2 18
2293 0 8
2294 13 127
2295 0 88
2296 7 127
2297 0 3
2298 0 7
2299 3 123
2300 11 0
2301 0 114
2302 0 0
2303 0 77
2304 6 127
2305 3 10
2306 0 99
2307 0 9
2308 0 111
2309 11 126
2310 11 125
2311 2 72
2312 2 127
2313 2 105
2314 1 104
2315 1 37
2316 2 40
2317 1 18
2318 0 30
2319 126 0
2320 0 100
2321 7 127
2322 0 99
2323 0 78
2324 0 6
2325 9 127
2326 1 40
2327 0 117
2328 0 94
2329 1 56
2330 0 4
2331 2 1
2332 0 3
2333 0 104
2334 8 2
2335 0 68
2336 1 93
2337 1 90
2338 0 21
2339 10 0
2340 1 73
2341 4 2
2342 0 112
2343 0 95
2344 0 64
2345 7 2
2346 1 94
2347 0 115
2348 0 89
2349 0 5
2350 0 88
2351 1 104
2352 2 18
2353 0 43
2354 1 45
2355 0 114
2356 12 127
2357 11 0
2358 0 116
2359 0 82
2360 2 10
2361 2 40
2362 0 104
2363 0 85
2364 1 15
2365 127 0
2366 0 46
2367 0 52
2368 0 56
2369 0 77
2370 0 29
2371 1 2
2372 0 11
2373 0 97
2374 1 40
2375 11 127
2376 1 114
2377 0 87
2378 9 0
2379 1 20
2380 0 2
2381 0 69
2382 0 100
2383 2 75
2384 0 83
2385 1 99
2386 0 31
2387 0 75
2388 0 28
2389 0 94
2390 1 123
2391 0 91
2392 6 127
2393 1 98
2394 1 60
2395 3 0
2396 2 71
2397 1 59
2398 2 72
2399 0 48
2400 1 60
2401 0 72
2402 10 125
2403 1 23
2404 2 0
2405 0 123
2406 1 106
2407 0 126
2408 1 27
2409 0 37
2410 1 85
2411 1 9
2412 1 77
2413 2 1
2414 1 125
2415 0 66
2416 0 127
2417 0 42
2418 2 0
2419 1 33
2420 0 34
2421 0 125
2422 8 127
2423 126 0
2424 0 36
2425 127 127
2426 1 89
2427 0 10
2428 3 2
2429 0 4
2430 1 32
2431 0 67
2432 1 30
2433 0 23
2434 2 20
2435 0 111
2436 9 125
2437 1 121
2438 1 29
2439 0 74
2440 0 16
2441 0 44
2442 1 0
2443 10 127
2444 6 2
2445 5 2
2446 3 1
2447 2 1
2448 1 76
2449 2 11
2450 4 125
2451 0 26
2452 0 107
2453 0 105
2454 1 62
2455 2 74
2456 1 107
2457 0 115
2458 11 127
2459 0 90
2460 1 59
2461 2 126
2462 0 0
2463 0 103
2464 0 85
2465 9 127
2466 1 6
2467 1 11
2468 3 125
2469 1 38
2470 4 125
2471 1 109
2472 1 99
2473 0 60
2474 1 124
2475 0 62
2476 4 2
2477 0 82
2478 0 33
2479 2 71
2480 2 72
2481 4 0
2482 3 125
2483 0 122
2484 7 0
2485 0 68
2486 2 75
2487 0 3
2488 1 8
2489 0 78
2490 1 4
2491 2 27
2492 0 69
2493 0 30
2494 0 18
2495 0 38
2496 1 31
2497 0 84
2498 1 93
2499 2 4
2500 1 37
2501 1 4
2502 127 0
2503 1 88
2504 0 89
2505 0 75
2506 1 113
2507 0 77
2508 126 127
2509 4 3
2510 1 123
2511 0 104
2512 1 62
2513 1 56
2514 0 24
2515 0 86
2516 0 102
2517 0 55
2518 0 9
2519 0 61
2520 2 0
2521 0 114
2522 0 95
2523 1 0
2524 0 2
2525 2 2
2526 0 47
2527 0 4
2528 1 63
2529 127 127
2530 1 60
2531 0 99
2532 2 71
2533 0 15
2534 2 0
2535 0 109
2536 1 74
2537 0 101
2538 0 46
2539 1 4
2540 12 0
2541 0 74
2542 0 20
2543 126 127
2544 0 49
2545 2 45
2546 0 124
2547 1 3
2548 1 26
2549 0 6
2550 0 26
2551 0 87
2552 1 45
2553 4 125
2554 0 94
2555 7 127
2556 0 62
2557 2 45
2558 0 126
2559 0 31
2560 1 57
2561 1 98
2562 1 82
2563 3 3
2564 0 21
2565 0 61
2566 2 86
2567 0 90
2568 1 89
2569 0 23
2570 0 95
2571 0 59
2572 0 62
2573 0 118
2574 0 70
2575 1 86
2576 1 45
2577 1 73
2578 0 30
2579 2 8
2580 0 61
2581 0 7
2582 1 1
2583 3 125
2584 2 29
2585 0 93
2586 0 29
2587 2 119
2588 1 28
2589 0 16
2590 126 0
2591 0 127
2592 4 125
2593 0 32
2594 0 115
2595 1 106
2596 0 58
2597 1 85
2598 0 15
2599 0 11
2600 0 102
2601 0 28
2602 0 43
2603 0 1
2604 0 0
2605 0 96
2606 0 44
2607 1 124
2608 0 25
2609 0 39
2610 0 30
2611 0 48
2612 0 35
2613 127 127
2614 1 41
2615 0 49
2616 1 86
2617 0 4
2618 0 33
2619 0 1
2620 1 8
2621 8 125
2622 2 3
2623 1 14
2624 0 106
2625 0 112
2626 3 2
2627 1 95
2628 1 104
2629 2 73
2630 0 65
2631 1 0
2632 0 78
2633 1 29
2634 2 29
2635 1 85
2636 0 59
2637 0 5
2638 1 86
2639 1 114
2640 1 71
2641 0 27
2642 2 60
2643 6 127
2644 2 71
2645 2 45
2646 2 17
2647 1 67
2648 0 108
2649 2 2
2650 0 81
2651 8 127
2652 1 83
2653 10 0
2654 1 85
2655 0 0
2656 2 123
2657 0 101
2658 1 97
2659 0 76
2660 3 125
2661 0 51
2662 0 64
2663 0 105
2664 1 44
2665 1 82
2666 0 48
2667 2 14
2668 1 13
2669 0 4
2670 1 72
2671 1 75
2672 0 68
2673 1 120
2674 2 118
2675 0 13
2676 0 5
2677 13 0
2678 1 32
2679 3 127
2680 0 6
2681 0 57
2682 9 0
2683 0 77
2684 2 74
2685 0 17
2686 2 70
2687 0 1
2688 0 91
2689 0 83
2690 0 50
2691 1 62
2692 2 4
2693 0 107
2694 0 90
2695 1 59
2696 1 23
2697 0 29
2698 5 127
2699 0 36
2700 2 7
2701 0 30
2702 0 73
2703 3 1
2704 0 4
2705 0 116
2706 0 51
2707 1 63
2708 0 102
2709 127 0
2710 0 111
2711 0 54
2712 2 73
2713 12 0
2714 0 20
2715 126 0
2716 0 126
2717 0 0
2718 0 121
2719 2 0
2720 0 49
2721 0 119
2722 1 9
2723 0 23
2724 0 127
2725 0 38
2726 0 19
2727 0 43
2728 0 65
2729 0 91
2730 126 127
2731 0 64
2732 0 94
2733 0 8
2734 1 10
2735 1 118
2736 0 22
2737 1 6
2738 0 35
2739 127 0
2740 126 0
2741 1 103
2742 0 32
2743 0 7
2744 2 95
2745 0 20
2746 2 127
2747 0 67
2748 0 122
2749 0 44
2750 7 127
2751 1 15
2752 0 89
2753 6 0
2754 0 42
2755 2 74
2756 0 23
2757 3 2
2758 0 6
2759 0 118
2760 0 5
2761 1 36
2762 2 8
2763 127 127
2764 1 104
2765 0 7
2766 0 8
2767 0 114
2768 1 95
2769 2 2
2770 5 0
2771 0 101
2772 0 29
2773 2 122
2774 1 107
2775 4 3
2776 1 25
2777 0 19
2778 1 37
2779 4 0
2780 1 0
2781 1 7
2782 0 16
2783 2 95
2784 2 121
2785 0 34
2786 0 3
2787 0 119
2788 2 82
2789 0 125
2790 0 14
2791 0 84
2792 0 1
2793 0 7
2794 2 3
2795 3 124
2796 8 127
2797 11 0
2798 1 6
2799 0 4
2800 0 83
2801 0 53
2802 0 22
2803 7 127
2804 1 82
2805 0 59
2806 0 74
2807 1 95
2808 0 85
2809 0 12
2810 1 3
2811 0 13
2812 0 73
2813 127 0
2814 1 66
2815 0 31
2816 10 127
2817 1 33
2818 1 51
2819 0 124
2820 0 21
2821 3 2
2822 0 98
2823 1 60
2824 1 123
2825 0 32
2826 1 36
2827 0 31
2828 1 32
2829 0 126
2830 0 30
2831 1 44
2832 0 25
2833 0 93
2834 2 6
2835 2 73
2836 3 4
2837 1 94
2838 0 121
2839 7 0
2840 1 122
2841 1 65
2842 0 99
2843 2 26
2844 0 117
2845 0 24
2846 5 3
2847 1 127
2848 0 36
2849 2 82
2850 0 0
2851 0 45
2852 0 15
2853 1 13
2854 2 124
2855 0 127
2856 1 98
2857 2 28
2858 0 8
2859 0 43
2860 1 29
2861 2 3
2862 2 74
2863 126 127
2864 1 20
2865 0 32
2866 9 127
2867 0 11
2868 0 69
2869 2 9
2870 0 75
2871 0 22
2872 0 79
2873 1 83
2874 0 63
2875 1 36
2876 7 125
2877 3 121
2878 0 52
2879 2 60
2880 0 25
2881 0 123
2882 0 29
2883 1 3
2884 1 28
2885 1 59
2886 1 87
2887 6 125
2888 0 108
2889 0 36
2890 0 118
2891 1 5
2892 0 66
2893 2 106
2894 0 109
2895 0 41
2896 2 120
2897 0 14
2898 0 72
2899 1 74
2900 0 107
2901 1 43
2902 0 6
2903 0 84
2904 1 70
2905 1 119
2906 2 127
2907 1 50
2908 2 74
2909 0 18
2910 0 88
2911 0 26
2912 0 71
2913 1 74
2914 1 124
2915 0 7
2916 2 25
2917 0 98
2918 0 113
2919 2 2
2920 2 81
2921 2 74
2922 7 126
2923 1 106
2924 1 51
2925 2 7
2926 0 85
2927 0 28
2928 0 116
2929 0 24
2930 2 15
2931 0 92
2932 0 89
2933 1 73
2934 0 72
2935 1 15
2936 0 104
2937 2 3
2938 0 74
2939 0 103
2940 0 6
2941 0 39
2942 6 0
2943 0 17
2944 0 64
2945 1 41
2946 3 9
2947 1 120
2948 0 27
2949 0 106
2950 0 42
2951 0 48
2952 1 25
2953 0 84
2954 0 87
2955 0 63
2956 0 53
2957 1 82
2958 2 104
2959 12 0
2960 0 105
2961 2 122
2962 0 56
2963 1 62
2964 0 100
2965 0 9
2966 0 104
2967 1 125
2968 0 37
2969 5 125
2970 3 2
2971 0 1
2972 0 101
2973 0 125
2974 0 7
2975 1 44
2976 2 6
2977 0 43
2978 3 5
2979 0 59
2980 2 75
2981 0 60
2982 3 1
2983 0 6
2984 2 9
2985 4 127
2986 0 61
2987 0 12
2988 0 58
2989 2 0
2990 127 127
2991 0 126
2992 2 80
2993 0 0
2994 126 0
2995 0 106
2996 0 3
2997 11 0
2998 1 124
2999 2 13
3000 2 25
3001 0 83
3002 1 32
3003 0 32
3004 0 75
3005 0 55
3006 0 28
3007 0 1
3008 0 86
3009 1 127
3010 1 64
3011 1 27
3012 0 25
3013 2 2
3014 0 122
3015 2 119
3016 2 16
3017 0 107
3018 1 11
3019 0 27
3020 1 4
3021 2 127
3022 0 65
3023 2 123
3024 1 103
3025 2 121
3026 2 3
3027 0 127
3028 7 127
3029 3 4
3030 0 88
3031 8 0
3032 0 0
3033 0 19
3034 0 93
3035 0 105
3036 0 126
3037 0 127
3038 0 41
3039 0 68
3040 1 32
3041 0 74
3042 0 95
3043 0 85
3044 0 26
3045 0 80
3046 0 124
3047 1 81
3048 0 87
3049 0 56
3050 0 75
3051 1 122
3052 0 123
3053 1 82
3054 6 1
3055 1 21
3056 0 21
3057 1 85
3058 2 94
3059 2 62
3060 0 119
3061 1 109
3062 6 127
3063 0 52
3064 0 126
3065 0 23
3066 0 62
3067 1 10
3068 3 5
3069 0 86
3070 0 60
3071 1 77
3072 1 43
3073 6 0
3074 0 100
3075 1 58
3076 0 11
3077 3 2
3078 1 2
3079 0 104
3080 0 55
3081 1 127
3082 1 125
3083 2 7
3084 0 54
3085 7 127
3086 0 47
3087 0 74
3088 0 127
3089 0 101
3090 0 100
3091 0 105
3092 0 55
3093 4 1
3094 0 78
3095 1 19
3096 0 110
3097 0 118
3098 0 77
3099 4 3
3100 0 33
3101 1 7
3102 0 71
3103 3 127
3104 0 120
3105 0 2
3106 4 0
3107 0 72
3108 0 5
3109 0 108
3110 1 119
3111 1 94
3112 1 2
3113 0 7
3114 0 70
3115 3 0
3116 0 48
3117 0 122
3118 0 97
3119 1 42
3120 0 126
3121 2 17
3122 0 124
3123 0 104
3124 1 31
3125 2 105
3126 1 70
3127 0 67
3128 0 117
3129 2 4
3130 0 6
3131 1 102
3132 0 12
3133 2 16
3134 0 119
3135 1 117
3136 1 13
3137 0 24
3138 1 7
3139 0 8
3140 10 127
3141 0 68
3142 0 16
3143 1 99
3144 0 103
3145 4 4
3146 1 28
3147 0 101
3148 0 79
3149 0 29
3150 9 0
3151 1 22
3152 0 99
3153 0 75
3154 1 80
3155 1 39
3156 0 9
3157 1 84
3158 0 63
3159 1 97
3160 0 76
3161 0 121
3162 0 40
3163 7 0
3164 0 67
3165 0 90
3166 0 104
3167 0 59
3168 0 31
3169 1 120
3170 1 74
3171 0 118
3172 1 123
3173 0 34
3174 0 98
3175 12 0
3176 0 41
3177 0 115
3178 1 116
3179 0 30
3180 1 105
3181 0 78
3182 0 11
3183 0 23
3184 2 77
3185 2 64
3186 0 13
3187 0 12
3188 1 50
3189 1 5
3190 4 125
3191 0 51
3192 0 89
3193 3 75
3194 1 60
3195 2 13
3196 0 25
3197 0 71
3198 0 20
3199 0 72
3200 1 29
3201 0 21
3202 0 122
3203 2 123
3204 0 80
3205 2 0
3206 1 11
3207 4 3
3208 1 49
3209 3 125
3210 1 8
3211 0 107
3212 0 39
3213 0 121
3214 0 74
3215 2 12
3216 0 32
3217 0 103
3218 0 123
3219 0 100
3220 0 19
3221 0 5
3222 127 0
3223 5 0
3224 1 85
3225 1 81
3226 3 0
3227 1 124
3228 0 7
3229 2 24
3230 1 61
3231 11 0
3232 0 20
3233 0 62
3234 7 1
3235 2 75
3236 1 50
3237 6 0
3238 1 78
3239 0 60
3240 0 104
3241 1 117
3242 1 106
3243 2 118
3244 1 32
3245 1 116
3246 0 111
3247 3 6
3248 3 121
3249 0 97
3250 1 60
3251 2 2
3252 0 1
3253 0 102
3254 0 68
3255 0 10
3256 1 82
3257 0 71
3258 0 114
3259 0 87
3260 0 125
3261 0 0
3262 2 6
3263 1 64
3264 0 8
3265 1 24
3266 0 47
3267 1 49
3268 0 98
3269 0 44
3270 0 32
3271 1 7
3272 2 17
3273 1 32
3274 0 40
3275 0 120
3276 0 73
3277 1 125
3278 0 66
3279 0 72
3280 1 45
3281 1 105
3282 0 73
3283 1 10
3284 2 0
3285 2 8
3286 0 59
3287 0 69
3288 1 61
3289 0 54
3290 126 0
3291 0 86
3292 0 41
3293 0 109
3294 1 81
3295 1 84
3296 0 92
3297 0 49
3298 3 2
3299 0 1
3300 0 32
3301 8 0
3302 2 42
3303 1 82
3304 0 117
3305 0 17
3306 9 127
3307 0 75
3308 0 21
3309 1 41
3310 1 3
3311 1 113
3312 0 6
3313 0 103
3314 2 24
3315 0 24
3316 1 100
3317 2 63
3318 0 115
3319 0 15
3320 126 127
3321 10 0
3322 5 0
3323 0 46
3324 1 81
3325 0 104
3326 16 0
3327 0 103
3328 2 43
3329 0 28
3330 3 0
3331 2 45
3332 127 0
3333 2 70
3334 0 118
3335 0 0
3336 2 11
3337 0 9
3338 2 23
3339 2 42
3340 2 117
3341 1 44
3342 6 127
3343 2 12
3344 0 101
3345 0 20
3346 2 118
3347 0 1
3348 1 70
3349 2 24
3350 15 0
3351 1 82
3352 0 114
3353 0 45
3354 0 91
3355 0 72
3356 0 100
3357 2 29
3358 11 0
3359 0 115
3360 3 4
3361 0 5
3362 0 27
3363 1 11
3364 0 46
3365 0 76
3366 1 119
3367 2 43
3368 1 19
3369 2 117
3370 0 97
3371 2 62
3372 0 126
3373 0 41
3374 5 127
3375 0 117
3376 0 60
3377 0 42
3378 0 112
3379 0 35
3380 0 68
3381 0 34
3382 0 45
3383 0 53
3384 0 98
3385 1 0
3386 2 23
3387 0 111
3388 0 7
3389 0 10
3390 1 115
3391 0 118
3392 1 39
3393 0 8
3394 2 46
3395 1 96
3396 1 15
3397 0 122
3398 1 51
3399 0 113
3400 1 97
3401 6 0
3402 0 79
3403 0 101
3404 0 63
3405 2 127
3406 0 121
3407 0 39
3408 0 48
3409 2 4
3410 1 81
3411 2 121
3412 1 99
3413 3 127
3414 0 16
3415 0 74
3416 1 25
3417 126 0
3418 0 62
3419 0 80
3420 0 7
3421 0 9
3422 1 109
3423 1 93
3424 1 114
3425 0 88
3426 0 106
3427 0 51
3428 0 50
3429 0 107
3430 0 77
3431 2 114
3432 0 64
3433 7 2
3434 1 120
3435 0 76
3436 9 0
3437 4 0
3438 0 23
3439 0 89
3440 0 77
3441 0 10
3442 3 75
3443 2 76
3444 1 64
3445 7 0
3446 1 32
3447 0 75
3448 0 79
3449 0 8
3450 2 78
3451 0 71
3452 0 64
3453 0 109
3454 1 2
3455 0 81
3456 0 127
3457 0 58
3458 0 25
3459 9 1
3460 3 0
3461 0 14
3462 0 106
3463 1 39
3464 0 126
3465 1 3
3466 3 4
3467 1 18
3468 2 5
3469 0 85
3470 0 7
3471 0 39
3472 0 69
3473 0 104
3474 14 0
3475 0 8
3476 1 111
3477 0 52
3478 1 10
3479 2 42
3480 0 72
3481 2 11
3482 1 114
3483 1 9
3484 13 0
3485 10 0
3486 1 96
3487 0 111
3488 1 50
3489 2 15
3490 0 29
3491 0 123
3492 3 74
3493 0 2
3494 2 105
3495 2 84
3496 12 0
3497 0 107
3498 1 76
3499 0 112
3500 1 6
3501 0 36
3502 1 21
3503 2 127
3504 0 43
3505 0 18
3506 2 44
3507 2 124
3508 0 51
3509 2 76
3510 0 94
3511 1 76
3512 0 22
3513 0 106
3514 0 23
3515 1 81
3516 1 42
3517 0 124
3518 6 0
3519 3 126
3520 2 4
3521 1 46
3522 0 37
3523 4 4
3524 0 103
3525 0 71
3526 2 122
3527 1 117
3528 1 18
3529 0 68
3530 2 22
3531 6 2
3532 0 57
3533 8 1
3534 2 7
3535 0 88
3536 0 74
3537 5 0
3538 0 82
3539 0 127
3540 9 0
3541 0 0
3542 0 80
3543 0 30
3544 0 22
3545 1 84
3546 1 105
3547 0 40
3548 0 42
3549 0 90
3550 0 59
3551 3 5
3552 1 78
3553 0 1
3554 0 116
3555 1 47
3556 0 69
3557 0 123
3558 0 91
3559 2 76
3560 0 104
3561 127 0
3562 2 105
3563 0 72
3564 0 100
3565 2 63
3566 1 73
3567 1 63
3568 1 105
3569 0 101
3570 127 127
3571 1 76
3572 1 41
3573 1 92
3574 0 103
3575 0 6
3576 0 126
3577 1 111
3578 2 117
3579 0 4
3580 1 75
3581 1 110
3582 3 6
3583 1 12
3584 6 0
3585 0 71
3586 0 124
3587 1 60
3588 0 44
3589 1 122
3590 5 2
3591 1 61
3592 3 5
3593 3 17
3594 0 93
3595 0 123
3596 2 122
3597 0 56
3598 0 83
3599 1 39
3600 4 3
3601 0 2
3602 1 79
3603 2 3
3604 0 76
3605 0 49
3606 2 43
3607 0 125
3608 0 97
3609 0 87
3610 1 82
3611 2 41
3612 0 13
3613 1 72
3614 5 0
3615 1 7
3616 6 0
3617 0 52
3618 0 5
3619 2 9
3620 5 1
3621 0 15
3622 7 0
3623 0 68
3624 2 84
3625 2 23
3626 0 104
3627 0 51
3628 1 124
3629 1 69
3630 126 0
3631 0 16
3632 2 75
3633 0 120
3634 0 4
3635 0 114
3636 0 67
3637 0 32
3638 2 5
3639 1 2
3640 3 127
3641 3 11
3642 1 5
3643 1 118
3644 0 77
3645 11 0
3646 0 127
3647 1 42
3648 12 0
3649 126 127
3650 0 68
3651 0 117
3652 1 38
3653 5 0
3654 2 126
3655 2 7
3656 0 14
3657 6 127
3658 1 78
3659 1 39
3660 0 79
3661 1 85
3662 0 90
3663 2 40
3664 0 19
3665 127 0
3666 11 0
3667 0 119
3668 0 13
3669 1 70
3670 0 116
3671 0 47
3672 0 48
3673 0 52
3674 0 103
3675 2 124
3676 0 104
3677 0 50
3678 0 58
3679 1 121
3680 2 63
3681 2 5
3682 1 95
3683 1 75
3684 1 81
3685 3 1
3686 1 111
3687 0 1
3688 0 41
3689 1 8
3690 0 73
3691 8 127
3692 0 40
3693 0 59
3694 0 36
3695 0 122
3696 0 117
3697 5 127
3698 0 55
3699 0 8
3700 0 95
3701 2 17
3702 0 108
3703 10 0
3704 2 41
3705 1 23
3706 0 89
3707 0 54
3708 1 24
3709 0 20
3710 0 42
3711 1 66
3712 1 43
3713 0 81
3714 0 99
3715 2 1
3716 0 103
3717 1 126
3718 1 50
3719 1 63
3720 0 75
3721 0 84
3722 6 0
3723 12 0
3724 0 76
3725 2 43
3726 8 0
3727 0 61
3728 1 97
3729 4 2
3730 0 104
3731 2 83
3732 0 83
3733 0 11
3734 0 55
3735 1 120
3736 1 69
3737 13 0
3738 0 86
3739 0 70
3740 3 126
3741 1 77
3742 0 103
3743 2 11
3744 1 15
3745 2 121
3746 0 23
3747 126 0
3748 0 97
3749 0 105
3750 0 54
3751 1 29
3752 1 38
3753 0 9
3754 1 95
3755 0 46
3756 0 17
3757 1 43
3758 0 3
3759 0 67
3760 0 2
3761 1 104
3762 0 120
3763 2 127
3764 0 78
3765 1 34
3766 0 26
3767 2 74
3768 127 127
3769 6 1
3770 0 111
3771 1 7
3772 0 19
3773 2 8
3774 1 3
3775 1 19
3776 1 71
3777 0 55
3778 0 20
3779 0 19
3780 0 45
3781 1 124
3782 2 63
3783 0 88
3784 0 79
3785 1 99
3786 2 122
3787 0 110
3788 1 75
3789 3 125
3790 0 69
3791 0 100
3792 7 0
3793 1 5
3794 9 0
3795 1 98
3796 3 127
3797 0 15
3798 2 82
3799 12 0
3800 1 127
3801 0 25
3802 0 33
3803 0 116
3804 0 71
3805 0 8
3806 0 96
3807 0 35
3808 0 58
3809 0 84
3810 0 89
3811 2 126
3812 11 0
3813 0 57
3814 0 109
3815 0 14
3816 0 99
3817 1 71
3818 12 0
3819 0 106
3820 1 41
3821 0 70
3822 2 121
3823 2 10
3824 0 0
3825 1 13
3826 0 117
3827 0 110
3828 126 127
3829 0 68
3830 7 127
3831 0 1
3832 2 116
3833 0 87
3834 0 49
3835 0 83
3836 0 13
3837 0 47
3838 0 71
3839 3 2
3840 4 0
3841 0 94
3842 0 75
3843 2 24
3844 0 3
3845 1 116
3846 0 58
3847 0 9
3848 5 1
3849 0 51
3850 1 47
3851 0 109
3852 0 31
3853 1 44
3854 2 16
3855 127 0
3856 0 70
3857 1 63
3858 0 57
3859 0 7
3860 11 0
3861 0 72
3862 2 69
3863 0 28
3864 1 24
3865 0 22
3866 127 127
3867 0 43
3868 4 2
3869 1 60
3870 0 92
3871 0 127
3872 0 27
3873 0 5
3874 0 84
3875 0 69
3876 12 0
3877 0 73
3878 10 0
3879 0 86
3880 0 48
3881 0 83
3882 1 127
3883 0 123
3884 2 122
3885 0 113
3886 1 108
3887 1 23
3888 0 54
3889 1 10
3890 3 124
3891 0 84
3892 2 85
3893 0 30
3894 0 12
3895 3 2
3896 0 14
3897 0 116
3898 0 72
3899 0 56
3900 0 127
3901 4 2
3902 5 126
3903 1 123
3904 3 2
3905 0 97
3906 1 62
3907 0 2
3908 0 88
3909 0 110
3910 1 11
3911 0 31
3912 1 1
3913 0 46
3914 0 1
3915 1 85
3916 0 78
3917 0 80
3918 0 77
3919 0 42
3920 0 74
3921 2 73
3922 0 73
3923 0 93
3924 0 11
3925 0 30
3926 0 20
3927 0 71
3928 0 19
3929 1 1
3930 1 8
3931 126 0
3932 1 28
3933 2 34
3934 0 79
3935 2 0
3936 0 109
3937 0 76
3938 0 3
3939 1 29
3940 1 105
3941 3 0
3942 0 70
3943 0 112
3944 0 39
3945 0 52
3946 0 66
3947 1 66
3948 1 28
3949 1 115
3950 1 78
3951 0 1
3952 0 32
3953 0 49
3954 1 77
3955 0 66
3956 0 75
3957 5 127
3958 0 20
3959 1 63
3960 13 0
3961 0 94
3962 0 43
3963 0 118
3964 1 51
3965 5 126
3966 1 126
3967 1 37
3968 0 34
3969 0 48
3970 0 26
3971 0 37
3972 0 28
3973 0 124
3974 0 51
3975 2 85
3976 2 47
3977 1 104
3978 6 127
3979 0 76
3980 2 13
3981 1 82
3982 1 68
3983 2 4
3984 1 28
3985 0 24
3986 0 121
3987 0 115
3988 2 72
3989 4 126
3990 1 78
3991 0 117
3992 0 2
3993 2 127
3994 0 110
3995 0 89
3996 5 2
3997 2 73
3998 1 85
3999 1 114
4000 1 10
4001 0 18
4002 3 3
4003 5 0
4004 1 125
4005 5 127
4006 1 13
4007 2 8
4008 0 25
4009 0 88
4010 0 28
4011 8 0
4012 6 127
4013 4 127
4014 0 109
4015 0 110
4016 1 119
4017 0 63
4018 0 113
4019 0 80
4020 0 77
4021 1 126
4022 4 2
4023 2 85
4024 0 120
4025 2 19
4026 3 127
4027 0 65
4028 2 70
4029 1 72
4030 0 24
4031 0 35
4032 0 112
4033 0 125
4034 2 124
4035 0 12
4036 0 16
4037 0 76
4038 3 2
4039 2 21
4040 0 69
4041 1 70
4042 0 124
4043 1 62
4044 1 7
4045 0 4
4046 1 122
4047 0 57
4048 2 9
4049 3 3
4050 6 0
4051 0 118
4052 2 70
4053 1 105
4054 2 74
4055 1 86
4056 0 75
4057 0 41
4058 1 39
4059 0 100
4060 1 50
4061 1 49
4062 0 5
4063 1 67
4064 0 64
4065 1 19
4066 0 91
4067 0 25
4068 4 1
4069 0 34
4070 127 0
4071 2 19
4072 0 50
4073 0 77
4074 0 122
4075 2 15
4076 0 102
4077 2 2
4078 0 96
4079 0 74
4080 0 116
4081 1 59
4082 0 60
4083 0 3
4084 1 104
4085 4 2
4086 0 52
4087 1 30
4088 0 67
4089 4 1
4090 4 2
4091 4 126
4092 1 21
4093 0 29
4094 0 39
4095 0 11
4096 0 45
4097 0 28
4098 0 99
4099 1 97
4100 0 73
4101 0 24
4102 0 12
4103 0 82
4104 0 126
4105 0 63
4106 1 75
4107 1 39
4108 0 47
4109 0 15
4110 2 125
4111 0 2
4112 0 117
4113 2 5
4114 1 65
4115 0 75
4116 1 48
4117 0 19
4118 126 127
4119 0 86
4120 1 58
4121 1 121
4122 0 7
4123 4 1
4124 0 11
4125 4 125
4126 0 119
4127 2 46
4128 3 4
4129 0 56
4130 2 8
4131 1 54
4132 12 0
4133 1 6
4134 0 115
4135 0 31
4136 0 109
4137 2 44
4138 1 84
4139 1 46
4140 2 124
4141 0 49
4142 0 104
4143 0 76
4144 0 13
4145 0 46
4146 1 104
4147 1 110
4148 2 0
4149 1 26
4150 0 85
4151 0 21
4152 13 0
4153 0 32
4154 0 120
4155 2 48
4156 1 61
4157 1 20
4158 1 107
4159 1 83
4160 2 84
4161 0 26
4162 0 101
4163 0 8
4164 0 58
4165 0 79
4166 0 62
4167 0 29
4168 0 36
4169 1 77
4170 0 123
4171 1 113
4172 0 77
4173 0 121
4174 0 127
4175 3 3
4176 2 61
4177 1 70
4178 0 22
4179 0 114
4180 1 75
4181 0 93
4182 0 83
4183 0 7
4184 2 72
4185 0 86
4186 0 14
4187 1 47
4188 0 119
4189 0 125
4190 1 84
4191 0 51
4192 0 116
4193 0 68
4194 0 63
4195 0 81
4196 2 126
4197 0 55
4198 1 98
4199 2 18
4200 4 127
4201 1 72
4202 0 39
4203 1 111
4204 0 1
4205 1 61
4206 0 66
4207 1 8
4208 12 0
4209 0 12
4210 0 25
4211 10 1
4212 1 15
4213 1 125
4214 0 28
4215 0 111
4216 0 29
4217 4 0
4218 0 98
4219 0 17
4220 126 0
4221 2 4
4222 10 0
4223 3 125
4224 0 31
4225 0 16
4226 2 73
4227 0 4
4228 1 14
4229 3 0
4230 2 1
4231 0 17
4232 0 117
4233 0 105
4234 10 1
4235 2 49
4236 0 5
4237 0 6
4238 0 107
4239 0 116
4240 0 7
4241 0 65
4242 0 48
4243 1 43
4244 2 5
4245 1 109
4246 0 89
4247 0 85
4248 6 1
4249 3 2
4250 0 104
4251 2 2
4252 0 95
4253 2 8
4254 0 32
4255 1 91
4256 2 72
4257 0 76
4258 0 74
4259 2 15
4260 1 103
4261 10 0
4262 0 106
4263 0 96
4264 1 21
4265 7 127
4266 2 111
4267 0 95
4268 0 110
4269 1 94
4270 5 0
4271 1 31
4272 1 124
4273 2 127
4274 2 4
4275 0 91
4276 0 43
4277 0 100
4278 0 14
4279 1 64
4280 0 49
4281 0 107
4282 0 73
4283 1 102
4284 2 48
4285 0 111
4286 1 72
4287 0 20
4288 0 59
4289 0 92
4290 0 66
4291 1 78
4292 0 57
4293 1 2
4294 0 2
4295 0 31
4296 0 11
4297 2 84
4298 1 44
4299 0 12
4300 1 65
4301 2 33
4302 0 70
4303 2 44
4304 0 97
4305 2 110
4306 1 69
4307 1 30
4308 0 60
4309 1 74
4310 6 127
4311 0 1
4312 1 44
4313 3 124
4314 1 112
4315 1 24
4316 13 0
4317 0 96
4318 0 23
4319 0 42
4320 0 28
4321 1 3
4322 1 11
4323 0 33
4324 1 62
4325 0 102
4326 0 48
4327 2 24
4328 0 8
4329 0 65
4330 0 94
4331 127 0
4332 2 5
4333 1 118
4334 0 75
4335 0 19
4336 2 69
4337 0 88
4338 1 84
4339 1 18
4340 0 117
4341 1 77
4342 12 0
4343 3 3
4344 3 1
4345 3 0
4346 0 105
4347 0 38
4348 7 0
4349 0 110
4350 0 126
4351 0 113
4352 0 67
4353 8 0
4354 1 64
4355 4 0
4356 0 72
4357 3 4
4358 1 81
4359 0 111
4360 2 1
4361 0 68
4362 0 2
4363 0 3
4364 1 127
4365 0 59
4366 1 16
4367 1 69
4368 0 43
4369 1 29
4370 0 78
4371 10 1
4372 0 16
4373 0 66
4374 0 17
4375 0 65
4376 0 60
4377 0 103
4378 7 127
4379 3 123
4380 0 82
4381 0 66
4382 0 109
4383 0 59
4384 2 2
4385 0 127
4386 1 10
4387 0 67
4388 0 54
4389 0 16
4390 1 45
4391 2 14
4392 1 11
4393 1 80
4394 0 110
4395 1 53
4396 0 55
4397 1 65
4398 1 7
4399 2 44
4400 1 93
4401 2 32
4402 0 40
4403 127 127
4404 0 76
4405 2 93
4406 2 124
4407 5 0
4408 0 97
4409 1 57
4410 0 21
4411 1 71
4412 1 93
4413 7 0
4414 2 127
4415 1 4
4416 0 42
4417 1 2
4418 2 2
4419 2 43
4420 0 73
4421 0 87
4422 1 30
4423 1 121
4424 0 121
4425 126 0
4426 0 6
4427 2 9
4428 1 111
4429 0 75
4430 1 92
4431 0 124
4432 1 24
4433 1 105
4434 0 112
4435 0 2
4436 1 112
4437 1 44
4438 0 54
4439 1 61
4440 11 0
4441 1 52
4442 0 123
4443 1 32
4444 1 111
4445 12 0
4446 1 53
4447 1 121
4448 0 61
4449 2 109
4450 1 72
4451 0 49
4452 1 124
4453 0 79
4454 2 111
4455 0 78
4456 0 120
4457 0 121
4458 0 90
4459 2 108
4460 127 0
4461 1 26
4462 0 64
4463 2 18
4464 2 124
4465 1 119
4466 2 42
4467 0 102
4468 11 0
4469 1 40
4470 0 124
4471 0 41
4472 0 18
4473 2 6
4474 1 29
4475 0 47
4476 0 126
4477 1 30
4478 1 52
4479 1 66
4480 0 68
4481 1 111
4482 126 0
4483 2 24
4484 0 35
4485 0 113
4486 0 15
4487 4 0
4488 0 122
4489 127 0
4490 0 84
4491 1 83
4492 1 8
4493 0 37
4494 0 11
4495 0 86
4496 1 53
4497 1 112
4498 0 81
4499 2 17
4500 0 62
4501 0 3
4502 0 96
4503 0 2
4504 12 0
4505 0 30
4506 1 118
4507 0 106
4508 0 8
4509 0 111
4510 0 99
4511 1 127
4512 1 14
4513 1 8
4514 0 116
4515 0 44
4516 0 12
4517 1 42
4518 0 43
4519 1 104
4520 6 127
4521 0 127
4522 3 73
4523 0 119
4524 0 14
4525 0 4
4526 5 0
4527 0 76
4528 0 104
4529 0 40
4530 126 0
4531 0 125
4532 0 63
4533 0 44
4534 1 49
4535 0 115
4536 3 3
4537 8 0
4538 0 5
4539 0 107
4540 3 1
4541 1 79
4542 0 50
4543 1 82
4544 0 114
4545 1 52
4546 1 39
4547 1 35
4548 1 117
4549 0 8
4550 1 2
4551 10 0
4552 0 105
4553 0 79
4554 2 18
4555 0 89
4556 0 15
4557 0 49
4558 0 65
4559 1 27
4560 3 0
4561 2 69
4562 0 52
4563 0 20
4564 2 13
4565 1 108
4566 0 113
4567 3 1
4568 0 26
4569 1 80
4570 2 127
4571 2 0
4572 0 82
4573 0 78
4574 0 7
4575 4 1
4576 1 24
4577 127 0
4578 2 121
4579 0 79
4580 1 29
4581 1 25
4582 0 22
4583 0 57
4584 1 6
4585 0 75
4586 0 78
4587 1 49
4588 2 29
4589 0 101
4590 0 13
4591 0 67
4592 0 41
4593 2 93
4594 0 126
4595 2 12
4596 0 35
4597 0 93
4598 0 123
4599 0 117
4600 2 10
4601 0 81
4602 0 29
4603 4 126
4604 0 39
4605 0 87
4606 2 112
4607 0 9
4608 4 127
4609 126 0
4610 3 122
4611 0 83
4612 1 123
4613 0 76
4614 0 106
4615 2 82
4616 1 52
4617 126 127
4618 3 0
4619 1 10
4620 0 48
4621 1 112
4622 0 108
4623 1 20
4624 1 75
4625 2 112
4626 0 110
4627 1 127
4628 0 12
4629 1 1
4630 2 8
4631 13 0
4632 1 71
4633 2 94
4634 1 43
4635 2 1
4636 2 66
4637 0 79
4638 1 65
4639 0 61
4640 0 84
4641 1 72
4642 1 71
4643 1 37
4644 0 121
4645 7 127
4646 0 82
4647 0 95
4648 1 3
4649 1 1
4650 0 66
4651 127 0
4652 2 120
4653 0 42
4654 1 59
4655 0 78
4656 127 127
4657 0 16
4658 0 45
4659 0 98
4660 0 72
4661 3 127
4662 0 25
4663 0 38
4664 0 52
4665 1 4
4666 0 41
4667 7 0
4668 1 46
4669 0 44
4670 0 85
4671 0 127
4672 2 13
4673 1 115
4674 0 39
4675 2 0
4676 1 11
4677 0 115
4678 1 64
4679 2 47
4680 1 107
4681 9 0
4682 2 127
4683 0 65
4684 0 104
4685 0 28
4686 2 48
4687 0 111
4688 0 31
4689 1 52
4690 2 64
4691 0 36
4692 1 97
4693 0 20
4694 1 38
4695 1 20
4696 1 115
4697 1 37
4698 0 123
4699 0 52
4700 0 45
4701 1 120
4702 2 71
4703 0 51
4704 0 8
4705 0 109
4706 2 77
4707 0 122
4708 0 21
4709 1 71
4710 0 6
4711 3 0
4712 0 81
4713 0 66
4714 0 116
4715 1 114
4716 0 44
4717 0 30
4718 0 108
4719 2 12
4720 126 0
4721 127 0
4722 3 127
4723 1 42
4724 0 121
4725 1 64
4726 2 17
4727 1 69
4728 1 112
4729 0 35
4730 0 118
4731 4 0
4732 0 46
4733 0 59
4734 2 7
4735 1 3
4736 6 127
4737 12 0
4738 2 9
4739 1 79
4740 2 71
4741 1 43
4742 5 0
4743 0 27
4744 0 90
4745 2 1
4746 11 0
4747 0 28
4748 126 0
4749 12 0
4750 1 59
4751 2 27
4752 0 37
4753 0 105
4754 1 115
4755 2 18
4756 0 109
4757 3 7
4758 0 19
4759 0 22
4760 0 31
4761 1 96
4762 0 80
4763 0 94
4764 1 77
4765 1 91
4766 8 0
4767 0 10
4768 0 47
4769 4 2
4770 0 95
4771 0 106
4772 1 114
4773 1 9
4774 0 50
4775 0 100
4776 0 89
4777 0 69
4778 1 97
4779 2 122
4780 1 126
4781 1 21
4782 0 103
4783 0 124
4784 0 120
4785 2 14
4786 0 114
4787 1 20
4788 0 18
4789 2 127
4790 0 24
4791 0 84
4792 0 1
4793 0 90
4794 2 2
4795 0 125
4796 1 35
4797 0 105
4798 0 96
4799 0 102
4800 0 71
4801 3 127
4802 0 34
4803 0 72
4804 2 127
4805 7 0
4806 126 127
4807 1 36
4808 0 9
4809 0 20
4810 2 73
4811 0 71
4812 0 72
4813 0 71
4814 0 5
4815 0 60
4816 0 65
4817 11 0
4818 2 79
4819 0 66
4820 0 23
4821 1 14
4822 5 127
4823 0 56
4824 1 125
4825 1 54
4826 0 72
4827 1 116
4828 0 89
4829 1 119
4830 0 126
4831 0 127
4832 0 95
4833 0 49
4834 0 124
4835 2 0
4836 2 114
4837 0 10
4838 1 79
4839 1 2
4840 0 108
4841 0 25
4842 0 54
4843 1 48
4844 0 122
4845 12 0
4846 1 29
4847 4 1
4848 0 77
4849 0 117
4850 2 17
4851 127 0
4852 1 30
4853 1 46
4854 1 54
4855 1 118
4856 1 58
4857 0 36
4858 1 35
4859 2 65
4860 0 38
4861 1 18
4862 1 73
4863 1 119
4864 0 65
4865 1 113
4866 3 124
4867 2 121
4868 0 27
4869 8 0
4870 0 90
4871 0 7
4872 0 15
4873 2 26
4874 0 16
4875 11 0
4876 0 15
4877 0 9
4878 1 5
4879 2 2
4880 0 28
4881 1 126
4882 0 58
4883 0 40
4884 0 81
4885 0 71
4886 0 79
4887 0 18
4888 0 83
4889 0 54
4890 1 122
4891 2 120
4892 2 35
4893 0 68
4894 0 109
4895 2 75
4896 1 58
4897 1 54
4898 2 7
4899 0 92
4900 0 84
4901 0 118
4902 0 3
4903 0 62
4904 1 2
4905 0 45
4906 1 94
4907 1 38
4908 0 67
4909 0 122
4910 0 93
4911 2 8
4912 0 6
4913 2 115
4914 1 112
4915 0 97
4916 0 126
4917 9 1
4918 2 46
4919 0 38
4920 0 43
4921 1 29
4922 2 5
4923 126 0
4924 4 0
4925 2 14
4926 0 4
4927 3 1
4928 0 41
4929 3 4
4930 0 7
4931 0 107
4932 1 36
4933 2 18
4934 0 36
4935 0 63
4936 2 48
4937 1 36
4938 0 104
4939 0 127
4940 0 110
4941 1 47
4942 1 23
4943 0 92
4944 1 14
4945 1 96
4946 1 125
4947 0 6
4948 2 7
4949 1 122
4950 2 96
4951 0 36
4952 7 0
4953 0 3
4954 0 123
4955 0 99
4956 2 17
4957 0 53
4958 2 91
4959 0 52
4960 0 82
4961 0 62
4962 0 4
4963 0 30
4964 0 24
4965 0 100
4966 0 2
4967 3 3
4968 0 117
4969 1 75
4970 0 54
4971 0 121
4972 2 49
4973 0 80
4974 0 46
4975 2 1
4976 0 111
4977 0 94
4978 2 75
4979 1 6
4980 1 113
4981 0 48
4982 1 78
4983 0 112
4984 0 126
4985 0 120
4986 0 59
4987 2 8
4988 2 81
4989 1 20
4990 0 44
4991 2 29
4992 3 1
4993 2 45
4994 0 70
4995 1 50
4996 0 127
4997 5 0
4998 0 126
4999 0 85
5000 0 116
5001 0 78
5002 1 35
5003 0 32
5004 1 118
5005 0 57
5006 2 113
5007 1 96
5008 2 4
5009 0 106
5010 0 16
5011 2 35
5012 2 7
5013 0 50
5014 2 23
5015 0 25
5016 2 119
5017 6 2
5018 0 39
5019 0 118
5020 1 77
5021 2 77
5022 1 15
5023 0 99
5024 0 20
5025 1 45
5026 2 124
5027 1 35
5028 1 63
5029 0 55
5030 1 92
5031 0 88
5032 2 15
5033 2 45
5034 2 58
5035 0 14
5036 0 107
5037 1 115
5038 0 49
5039 2 48
5040 1 8
5041 0 91
5042 0 96
5043 8 0
5044 0 97
5045 1 127
5046 2 13
5047 0 27
5048 127 0
5049 1 5
5050 0 3
5051 0 75
5052 1 6
5053 2 90
5054 0 83
5055 0 42
5056 1 64
5057 0 106
5058 0 23
5059 127 127
5060 0 82
5061 0 6
5062 1 63
5063 2 49
5064 0 64
5065 1 119
5066 0 90
5067 0 33
5068 0 83
5069 0 1
5070 1 16
5071 0 101
5072 0 71
5073 126 127
5074 0 121
5075 0 7
5076 1 117
5077 1 45
5078 2 96
5079 5 2
5080 2 5
5081 2 18
5082 2 70
5083 1 96
5084 1 65
5085 0 108
5086 1 66
5087 0 103
5088 0 93
5089 3 15
5090 2 17
5091 0 53
5092 2 115
5093 0 29
5094 10 0
5095 2 123
5096 0 41
5097 0 115
5098 1 124
5099 0 109
5100 0 61
5101 1 34
5102 0 16
5103 0 92
5104 2 2
5105 1 16
5106 1 62
5107 2 74
5108 0 111
5109 0 68
5110 0 6
5111 0 112
5112 1 113
5113 1 1
5114 0 11
5115 0 10
5116 0 30
5117 2 45
5118 0 77
5119 126 0
5120 0 108
5121 0 109
5122 0 89
5123 0 116
5124 4 2
5125 0 96
5126 0 125
5127 0 70
5128 0 12
5129 0 67
5130 0 45
5131 1 91
5132 0 2
5133 0 43
5134 0 95
5135 1 120
5136 1 68
5137 2 75
5138 2 74
5139 5 2
5140 3 123
5141 0 15
5142 1 63
5143 0 91
5144 0 65
5145 0 22
5146 2 18
5147 2 11
5148 1 90
5149 2 3
5150 0 47
5151 1 81
5152 0 64
5153 0 66
5154 1 62
5155 1 35
5156 1 12
5157 4 1
5158 6 0
5159 0 108
5160 0 86
5161 2 17
5162 2 10
5163 0 69
5164 0 29
5165 1 6
5166 0 67
5167 0 34
5168 2 15
5169 11 0
5170 0 63
5171 0 51
5172 0 85
5173 0 109
5174 0 14
5175 2 35
5176 0 78
5177 0 77
5178 1 53
5179 0 24
5180 0 73
5181 0 3
5182 1 89
5183 0 38
5184 5 3
5185 0 111
5186 1 36
5187 0 35
5188 0 119
5189 0 126
5190 0 79
5191 0 70
5192 0 93
5193 2 48
5194 3 13
5195 2 2
5196 1 97
5197 1 125
5198 0 81
5199 0 92
5200 9 2
5201 1 2
5202 0 76
5203 1 20
5204 0 77
5205 0 44
5206 2 127
5207 2 13
5208 10 0
5209 1 23
5210 2 9
5211 0 30
5212 0 52
5213 0 12
5214 0 104
5215 0 64
5216 127 0
5217 0 124
5218 3 15
5219 126 0
5220 0 26
5221 2 23
5222 0 1
5223 0 33
5224 0 6
5225 0 90
5226 0 108
5227 1 37
5228 3 7
5229 1 43
5230 1 45
5231 1 83
5232 2 120
5233 0 54
5234 1 91
5235 0 96
5236 1 59
5237 1 23
5238 1 118
5239 0 55
5240 0 8
5241 1 42
5242 0 54
5243 2 125
5244 0 69
5245 0 109
5246 0 43
5247 127 127
5248 2 7
5249 127 0
5250 0 98
5251 2 42
5252 1 127
5253 0 93
5254 1 63
5255 8 2
5256 0 11
5257 1 3
5258 5 0
5259 0 99
5260 2 76
5261 0 70
5262 2 2
5263 1 95
5264 0 45
5265 7 0
5266 0 127
5267 0 56
5268 1 74
5269 1 29
5270 1 42
5271 0 3
5272 0 7
5273 1 76
5274 1 65
5275 0 63
5276 0 32
5277 0 39
5278 0 83
5279 0 34
5280 0 13
5281 0 55
5282 7 2
5283 1 28
5284 1 117
5285 0 113
5286 1 5
5287 0 44
5288 0 51
5289 1 48
5290 6 2
5291 1 3
5292 1 62
5293 0 28
5294 0 108
5295 1 35
5296 0 109
5297 0 37
5298 0 16
5299 0 15
5300 1 111
5301 0 108
5302 0 20
5303 2 6
5304 0 54
5305 0 123
5306 1 30
5307 4 0
5308 1 114
5309 126 0
5310 0 50
5311 2 76
5312 0 16
5313 0 76
5314 0 5
5315 1 18
5316 0 21
5317 0 60
5318 0 114
5319 1 118
5320 3 4
5321 0 3
5322 0 6
5323 0 8
5324 6 1
5325 2 7
5326 0 75
5327 4 3
5328 2 74
5329 2 4
5330 0 91
5331 5 0
5332 1 69
5333 0 87
5334 0 19
5335 0 102
5336 0 98
5337 0 15
5338 0 14
5339 1 120
5340 0 90
5341 0 99
5342 0 18
5343 0 29
5344 1 49
5345 1 19
5346 1 81
5347 4 0
5348 1 45
5349 2 120
5350 1 74
5351 3 2
5352 1 2
5353 2 57
5354 1 52
5355 2 71
5356 0 64
5357 1 1
5358 2 123
5359 0 71
5360 0 2
5361 0 117
5362 0 109
5363 1 36
5364 0 72
5365 1 4
5366 1 3
5367 0 73
5368 1 4
5369 1 125
5370 1 9
5371 1 10
5372 1 48
5373 0 92
5374 9 0
5375 0 16
5376 1 16
5377 0 111
5378 1 94
5379 0 72
5380 2 3
5381 0 35
5382 1 98
5383 0 116
5384 0 43
5385 0 10
5386 1 2
5387 0 66
5388 6 2
5389 1 120
5390 0 27
5391 1 85
5392 2 15
5393 1 76
5394 0 20
5395 0 40
5396 1 111
5397 10 0
5398 2 9
5399 127 0
5400 0 120
5401 0 4
5402 0 67
5403 0 86
5404 0 70
5405 5 2
5406 0 80
5407 0 61
5408 0 112
5409 0 21
5410 2 127
5411 1 57
5412 4 4
5413 1 82
5414 1 81
5415 0 3
5416 0 1
5417 1 20
5418 3 4
5419 2 120
5420 3 1
5421 0 55
5422 0 13
5423 3 9
5424 0 57
5425 0 94
5426 1 19
5427 0 101
5428 0 124
5429 1 110
5430 2 18
5431 1 97
5432 0 26
5433 0 38
5434 1 49
5435 2 119
5436 1 84
5437 2 76
5438 1 114
5439 1 6
5440 0 41
5441 0 46
5442 0 102
5443 4 127
5444 0 122
5445 1 71
5446 0 79
5447 0 123
5448 0 17
5449 1 55
5450 2 2
5451 1 111
5452 0 56
5453 0 118
5454 0 59
5455 5 0
5456 0 19
5457 1 122
5458 3 13
5459 2 9
5460 1 31
5461 2 124
5462 0 40
5463 4 0
5464 1 98
5465 5 0
5466 2 55
5467 2 120
5468 3 9
5469 0 121
5470 0 124
5471 1 37
5472 1 123
5473 2 9
5474 0 28
5475 9 0
5476 0 115
5477 0 16
5478 0 63
5479 3 124
5480 0 52
5481 0 41
5482 2 71
5483 0 25
5484 1 88
5485 1 51
5486 1 30
5487 2 3
5488 4 0
5489 0 23
5490 0 93
5491 0 6
5492 5 127
5493 0 44
5494 1 18
5495 3 127
5496 0 73
5497 1 97
5498 0 43
5499 1 5
5500 0 4
5501 2 51
5502 2 127
5503 1 76
5504 2 76
5505 0 107
5506 0 58
5507 1 22
5508 1 126
5509 0 59
5510 0 72
5511 4 2
5512 0 88
5513 1 110
5514 2 116
5515 0 44
5516 2 5
5517 0 82
5518 5 1
5519 0 73
5520 1 39
5521 1 122
5522 0 20
5523 1 0
5524 1 77
5525 1 48
5526 0 78
5527 0 105
5528 1 123
5529 1 68
5530 0 84
5531 4 4
5532 0 47
5533 0 34
5534 1 120
5535 126 127
5536 10 0
5537 0 66
5538 1 80
5539 0 125
5540 0 101
5541 0 21
5542 0 26
5543 3 2
5544 2 0
5545 3 4
5546 1 88
5547 0 102
5548 2 75
5549 0 31
5550 1 40
5551 0 104
5552 0 124
5553 0 60
5554 0 14
5555 2 76
5556 2 1
5557 1 117
5558 1 94
5559 1 36
5560 0 57
5561 0 79
5562 0 46
5563 0 2
5564 2 22
5565 0 36
5566 0 61
5567 1 84
5568 0 88
5569 1 39
5570 0 25
5571 1 113
5572 0 13
5573 2 124
5574 1 64
5575 1 3
5576 3 0
5577 2 75
5578 1 114
5579 0 60
5580 2 18
5581 1 23
5582 1 1
5583 1 40
5584 0 62
5585 1 18
5586 1 61
5587 0 22
5588 2 14
5589 1 4
5590 1 88
5591 3 9
5592 0 108
5593 127 127
5594 0 43
5595 0 55
5596 2 76
5597 0 126
5598 2 61
5599 2 54
5600 1 51
5601 0 106
5602 1 15
5603 0 53
5604 2 2
5605 0 88
5606 0 77
5607 0 68
5608 1 76
5609 0 110
5610 126 127
5611 0 78
5612 0 47
5613 0 119
5614 4 0
5615 0 89
5616 0 27
5617 1 7
5618 0 84
5619 0 80
5620 0 76
5621 0 95
5622 1 17
5623 0 3
5624 0 32
5625 0 2
5626 0 14
5627 0 52
5628 0 24
5629 0 127
5630 0 12
5631 0 3
5632 0 79
5633 1 9
5634 3 0
5635 1 34
5636 0 45
5637 0 5
5638 1 26
5639 3 12
5640 0 64
5641 1 12
5642 0 90
5643 6 0
5644 1 78
5645 1 86
5646 0 118
5647 2 15
5648 1 2
5649 1 104
5650 0 11
5651 1 113
5652 1 122
5653 1 92
5654 0 30
5655 1 71
5656 1 110
5657 1 6
5658 2 7
5659 0 105
5660 0 28
5661 1 66
5662 7 0
5663 0 106
5664 0 67
5665 1 125
5666 0 78
5667 0 4
5668 0 92
5669 2 21
5670 0 119
5671 1 126
5672 0 1
5673 0 109
5674 0 2
5675 1 62
5676 6 0
5677 2 115
5678 0 105
5679 1 21
5680 1 72
5681 0 81
5682 0 13
5683 0 6
5684 0 106
5685 1 11
5686 1 1
5687 127 127
5688 1 111
5689 0 75
5690 0 46
5691 2 42
5692 1 2
5693 0 9
5694 0 114
5695 0 72
5696 0 82
5697 1 6
5698 0 49
5699 0 80
5700 4 127
5701 2 8
5702 126 127
5703 4 4
5704 1 79
5705 1 47
5706 4 2
5707 0 48
5708 0 63
5709 0 101
5710 0 25
5711 0 93
5712 1 125
5713 1 1
5714 0 77
5715 2 94
5716 3 10
5717 1 57
5718 0 91
5719 0 122
5720 4 0
5721 0 68
5722 1 126
5723 0 79
5724 0 87
5725 2 7
5726 0 27
5727 3 0
5728 1 42
5729 0 118
5730 0 15
5731 0 121
5732 0 6
5733 1 50
5734 1 39
5735 1 119
5736 0 98
5737 0 3
5738 127 127
5739 2 60
5740 1 115
5741 1 120
5742 0 74
5743 0 57
5744 0 61
5745 1 10
5746 1 9
5747 0 24
5748 1 78
5749 1 71
5750 5 127
5751 0 2
5752 1 119
5753 2 23
5754 0 34
5755 1 45
5756 2 16
5757 0 126
5758 0 66
5759 0 54
5760 0 64
5761 1 120
5762 1 123
5763 0 56
5764 0 99
5765 0 29
5766 0 104
5767 2 12
5768 0 53
5769 4 0
5770 0 119
5771 1 13
5772 0 14
5773 0 75
5774 126 0
5775 0 17
5776 0 54
5777 0 7
5778 1 73
5779 0 69
5780 2 53
5781 3 127
5782 1 16
5783 1 23
5784 1 54
5785 0 55
5786 0 60
5787 2 42
5788 1 34
5789 0 12
5790 2 115
5791 1 115
5792 0 96
5793 1 2
5794 7 0
5795 0 34
5796 2 76
5797 0 58
5798 0 122
5799 2 125
5800 1 70
5801 0 107
5802 1 40
5803 1 39
5804 0 37
5805 0 95
5806 1 110
5807 2 78
5808 0 56
5809 1 74
5810 2 127
5811 0 55
5812 2 10
5813 1 25
5814 2 47
5815 2 123
5816 0 102
5817 1 15
5818 0 49
5819 0 8
5820 6 0
5821 2 113
5822 0 61
5823 3 127
5824 0 13
5825 127 0
5826 2 92
5827 0 81
5828 1 8
5829 0 21
5830 0 23
5831 1 94
5832 1 47
5833 3 0
5834 0 10
5835 0 9
5836 1 6
5837 0 15
5838 1 48
5839 7 0
5840 0 57
5841 0 26
5842 1 78
5843 1 73
5844 1 34
5845 0 118
5846 0 113
5847 1 10
5848 1 71
5849 2 52
5850 1 127
5851 1 123
5852 0 20
5853 0 40
5854 0 54
5855 6 127
5856 0 96
5857 0 38
5858 3 4
5859 0 70
5860 1 3
5861 0 106
5862 126 0
5863 0 95
5864 3 2
5865 2 21
5866 0 34
5867 0 41
5868 0 56
5869 1 111
5870 0 76
5871 0 119
5872 0 73
5873 4 4
5874 1 85
5875 4 0
5876 1 40
5877 1 4
5878 1 44
5879 0 57
5880 0 27
5881 0 1
5882 1 47
5883 1 74
5884 0 3
5885 0 82
5886 0 77
5887 1 34
5888 6 0
5889 0 121
5890 0 96
5891 2 8
5892 0 76
5893 0 55
5894 9 0
5895 126 127
5896 1 92
5897 3 0
5898 1 53
5899 3 14
5900 0 63
5901 0 65
5902 0 83
5903 2 74
5904 2 77
5905 0 98
5906 0 85
5907 0 22
5908 1 125
5909 1 14
5910 0 122
5911 0 99
5912 3 3
5913 1 17
5914 1 72
5915 1 110
5916 0 80
5917 2 4
5918 0 88
5919 4 2
5920 2 23
5921 0 108
5922 1 95
5923 2 1
5924 1 75
5925 0 4
5926 0 16
5927 2 3
5928 1 18
5929 0 114
5930 2 115
5931 1 115
5932 0 60
5933 1 51
5934 0 59
5935 1 11
5936 0 67
5937 0 127
5938 0 75
5939 0 14
5940 1 106
5941 0 105
5942 0 3
5943 1 17
5944 0 69
5945 8 0
5946 0 2
5947 0 4
5948 1 82
5949 0 15
5950 0 23
5951 3 3
5952 0 62
5953 0 104
5954 0 7
5955 0 110
5956 0 113
5957 0 106
5958 1 3
5959 0 31
5960 9 0
5961 7 0
5962 1 94
5963 1 61
5964 0 94
5965 1 127
5966 0 18
5967 0 79
5968 1 106
5969 0 80
5970 1 110
5971 0 25
5972 0 111
5973 0 117
5974 2 13
5975 1 42
5976 0 48
5977 0 39
5978 0 64
5979 0 32
5980 0 127
5981 1 95
5982 2 12
5983 0 61
5984 2 42
5985 1 8
5986 1 98
5987 1 1
5988 0 66
5989 1 10
5990 0 106
5991 0 10
5992 0 3
5993 2 11
5994 1 27
5995 1 62
5996 0 34
5997 0 116
5998 1 60
5999 0 58
6000 0 110
6001 0 125
6002 0 17
6003 0 101
6004 1 2
6005 0 124
6006 0 102
6007 3 13
6008 0 79
6009 0 111
6010 0 82
6011 127 127
6012 0 63
6013 1 93
6014 6 0
6015 7 0
6016 1 34
6017 1 71
6018 2 3
6019 0 27
6020 1 12
6021 0 80
6022 0 16
6023 0 117
6024 3 11
6025 1 15
6026 1 27
6027 0 65
6028 5 127
6029 1 97
6030 0 13
6031 0 6
6032 0 59
6033 0 87
6034 1 98
6035 0 90
6036 0 126
6037 1 45
6038 3 7
6039 1 18
6040 1 97
6041 0 35
6042 0 38
6043 0 89
6044 1 57
6045 1 75
6046 1 87
6047 0 127
6048 2 13
6049 2 125
6050 0 28
6051 0 29
6052 5 0
6053 127 0
6054 0 49
6055 1 127
6056 1 42
6057 0 14
6058 0 1
6059 0 19
6060 2 76
6061 126 127
6062 0 2
6063 0 72
6064 1 44
6065 1 48
6066 0 78
6067 2 123
6068 1 50
6069 2 51
6070 2 77
6071 0 93
6072 0 51
6073 0 54
6074 2 60
6075 0 48
6076 1 81
6077 2 52
6078 1 47
6079 0 13
6080 7 1
6081 0 101
6082 0 110
6083 0 36
6084 1 106
6085 1 49
6086 0 53
6087 1 52
6088 0 28
6089 0 75
6090 2 47
6091 0 87
6092 2 0
6093 0 111
6094 1 50
6095 1 39
6096 7 0
6097 0 9
6098 0 26
6099 0 102
6100 0 101
6101 1 98
6102 0 127
6103 0 74
6104 0 77
6105 2 76
6106 0 71
6107 0 75
6108 2 81
6109 0 31
6110 2 7
6111 1 53
6112 0 58
6113 2 127
6114 3 3
6115 0 20
6116 0 115
6117 2 73
6118 0 49
6119 2 95
6120 1 5
6121 2 10
6122 0 66
6123 10 0
6124 0 64
6125 2 42
6126 1 75
6127 127 127
6128 4 5
6129 1 40
6130 1 47
6131 2 53
6132 0 107
6133 1 105
6134 1 70
6135 1 117
6136 0 90
6137 0 121
6138 2 27
6139 1 39
6140 1 14
6141 0 12
6142 1 126
6143 0 126
6144 8 0
6145 1 81
6146 0 72
6147 126 127
6148 0 15
6149 1 40
6150 0 117
6151 1 11
6152 1 73
6153 1 95
6154 0 45
6155 0 47
6156 1 123
6157 2 95
6158 2 24
6159 0 63
6160 0 13
6161 0 92
6162 0 98
6163 2 54
6164 0 100
6165 0 97
6166 1 56
6167 0 48
6168 0 83
6169 4 0
6170 0 46
6171 11 0
6172 2 73
6173 1 49
6174 1 39
6175 1 115
6176 0 65
6177 0 49
6178 5 2
6179 0 122
6180 0 98
6181 1 6
6182 1 82
6183 3 2
6184 0 68
6185 1 3
6186 0 34
6187 0 103
6188 4 127
6189 0 5
6190 2 9
6191 0 10
6192 0 95
6193 0 57
6194 0 29
6195 0 70
6196 0 118
6197 0 67
6198 0 106
6199 0 101
6200 0 73
6201 1 40
6202 1 97
6203 1 1
6204 0 8
6205 1 42
6206 0 107
6207 7 0
6208 0 64
6209 5 1
6210 0 125
6211 5 2
6212 3 5
6213 1 127
6214 1 63
6215 1 12
6216 1 81
6217 0 22
6218 0 74
6219 0 48
6220 0 45
6221 3 13
6222 0 60
6223 0 3
6224 2 42
6225 0 6
6226 10 0
6227 0 58
6228 3 0
6229 0 68
6230 0 42
6231 0 115
6232 5 127
6233 1 43
6234 0 94
6235 1 124
6236 2 2
6237 1 95
6238 2 93
6239 2 6
6240 0 120
6241 1 62
6242 0 123
6243 1 36
6244 1 2
6245 9 0
6246 1 85
6247 1 93
6248 0 110
6249 1 7
6250 1 39
6251 1 72
6252 0 50
6253 10 0
6254 126 0
6255 1 44
6256 2 59
6257 4 5
6258 0 12
6259 1 118
6260 1 11
6261 0 62
6262 0 57
6263 2 93
6264 0 112
6265 0 36
6266 0 25
6267 1 27
6268 2 74
6269 3 10
6270 1 93
6271 1 47
6272 9 0
6273 3 11
6274 0 40
6275 0 75
6276 1 109
6277 2 13
6278 0 119
6279 0 52
6280 0 73
6281 0 72
6282 0 7
6283 0 106
6284 0 41
6285 0 107
6286 6 0
6287 4 2
6288 3 6
6289 2 118
6290 1 9
6291 0 55
6292 0 2
6293 2 6
6294 0 85
6295 0 122
6296 0 37
6297 0 54
6298 0 109
6299 1 76
6300 0 91
6301 1 117
6302 2 1
6303 0 1
6304 0 124
6305 2 41
6306 1 21
6307 3 5
6308 3 127
6309 0 13
6310 0 88
6311 1 59
6312 0 121
6313 0 67
6314 2 95
6315 1 58
6316 2 49
6317 1 36
6318 0 114
6319 0 74
6320 0 118
6321 3 126
6322 0 32
6323 0 119
6324 1 43
6325 0 122
6326 1 3
6327 1 90
6328 0 38
6329 0 104
6330 1 6
6331 1 2
6332 0 59
6333 0 2
6334 0 71
6335 0 9
6336 0 99
6337 1 65
6338 0 72
6339 0 123
6340 0 92
6341 7 0
6342 1 55
6343 1 50
6344 0 71
6345 0 69
6346 0 16
6347 0 125
6348 0 40
6349 2 39
6350 1 24
6351 1 44
6352 1 95
6353 1 123
6354 0 121
6355 1 69
6356 2 48
6357 1 12
6358 0 11
6359 127 0
6360 0 1
6361 2 3
6362 0 70
6363 0 53
6364 0 118
6365 2 6
6366 2 0
6367 0 66
6368 0 12
6369 0 126
6370 0 49
6371 0 14
6372 0 102
6373 0 82
6374 0 106
6375 0 54
6376 2 21
6377 0 28
6378 0 90
6379 0 67
6380 2 53
6381 0 120
6382 0 101
6383 0 56
6384 2 119
6385 0 2
6386 0 125
6387 0 103
6388 0 6
6389 1 66
6390 0 43
6391 1 5
6392 2 7
6393 10 0
6394 0 83
6395 2 73
6396 0 104
6397 0 41
6398 1 119
6399 5 0
6400 0 10
6401 2 44
6402 0 53
6403 0 126
6404 1 65
6405 3 0
6406 1 51
6407 1 66
6408 5 1
6409 0 71
6410 6 0
6411 2 95
6412 0 35
6413 5 0
6414 0 11
6415 0 121
6416 2 14
6417 1 39
6418 0 1
6419 1 15
6420 1 57
6421 0 13
6422 2 0
6423 9 0
6424 2 52
6425 0 97
6426 2 127
6427 0 70
6428 0 17
6429 0 79
6430 0 102
6431 0 47
6432 1 75
6433 7 0
6434 1 54
6435 1 90
6436 1 127
6437 1 108
6438 2 12
6439 0 117
6440 2 1
6441 0 2
6442 3 2
6443 0 61
6444 0 90
6445 0 23
6446 1 116
6447 1 21
6448 0 15
6449 3 127
6450 0 8
6451 4 2
6452 0 26
6453 0 124
6454 1 10
6455 0 73
6456 5 1
6457 0 91
6458 2 27
6459 0 51
6460 127 127
6461 1 115
6462 3 4
6463 0 75
6464 6 127
6465 0 72
6466 1 27
6467 2 53
6468 0 3
6469 0 58
6470 0 111
6471 10 0
6472 0 82
6473 0 96
6474 0 107
6475 0 98
6476 0 37
6477 3 2
6478 0 110
6479 1 47
6480 0 22
6481 2 21
6482 0 84
6483 2 57
6484 6 0
6485 1 109
6486 1 12
6487 0 14
6488 0 50
6489 1 122
6490 0 13
6491 126 127
6492 1 96
6493 0 112
6494 126 0
6495 0 92
6496 1 14
6497 2 36
6498 0 59
6499 0 91
6500 2 14
6501 2 94
6502 0 120
6503 1 65
6504 0 101
6505 0 14
6506 1 92
6507 0 24
6508 0 63
6509 0 81
6510 1 61
6511 1 93
6512 0 19
6513 0 34
6514 0 103
6515 0 123
6516 1 108
6517 0 29
6518 0 113
6519 0 2
6520 1 121
6521 0 16
6522 0 83
6523 0 62
6524 0 74
6525 0 58
6526 4 1
6527 2 0
6528 0 95
6529 0 47
6530 1 44
6531 0 51
6532 2 40
6533 1 71
6534 0 84
6535 0 10
6536 0 28
6537 2 6
6538 127 127
6539 2 15
6540 2 95
6541 0 55
6542 0 9
6543 0 8
6544 1 80
6545 1 97
6546 0 119
6547 1 3
6548 0 39
6549 1 24
6550 0 93
6551 2 3
6552 1 8
6553 0 42
6554 0 13
6555 0 116
6556 1 90
6557 126 127
6558 1 41
6559 0 30
6560 1 32
6561 1 36
6562 0 17
6563 0 114
6564 0 127
6565 0 104
6566 0 50
6567 0 20
6568 1 57
6569 0 99
6570 0 14
6571 1 127
6572 0 23
6573 0 7
6574 1 3
6575 5 1
6576 0 106
6577 0 122
6578 0 44
6579 1 73
6580 1 21
6581 0 102
6582 2 121
6583 0 33
6584 1 15
6585 4 1
6586 0 3
6587 4 127
6588 0 97
6589 3 127
6590 0 63
6591 0 100
6592 1 113
6593 0 16
6594 5 0
6595 2 7
6596 0 69
6597 2 113
6598 0 34
6599 0 22
6600 0 40
6601 4 0
6602 0 61
6603 1 118
6604 2 73
6605 0 87
6606 2 94
6607 0 39
6608 0 64
6609 0 6
6610 0 45
6611 0 52
6612 2 13
6613 2 2
6614 2 27
6615 0 12
6616 0 82
6617 2 52
6618 127 127
6619 0 33
6620 0 9
6621 2 71
6622 1 48
6623 1 50
6624 1 94
6625 0 60
6626 0 121
6627 0 25
6628 0 51
6629 2 94
6630 1 35
6631 2 5
6632 0 78
6633 2 15
6634 1 56
6635 0 23
6636 1 7
6637 0 31
6638 6 0
6639 126 127
6640 7 0
6641 0 81
6642 0 17
6643 1 79
6644 3 3
6645 1 11
6646 0 22
6647 1 57
6648 0 26
6649 1 13
6650 0 118
6651 0 70
6652 1 4
6653 0 98
6654 0 117
6655 0 11
6656 2 3
6657 2 50
6658 1 102
6659 2 53
6660 0 43
6661 1 9
6662 6 0
6663 0 63
6664 0 9
6665 2 11
6666 0 42
6667 0 62
6668 0 90
6669 1 119
6670 1 68
6671 0 43
6672 0 46
6673 0 76
6674 0 63
6675 0 102
6676 0 109
6677 0 15
6678 1 5
6679 1 80
6680 0 23
6681 0 103
6682 2 39
6683 0 13
6684 0 36
6685 0 7
6686 1 116
6687 1 71
6688 0 61
6689 0 96
6690 1 4
6691 1 69
6692 0 95
6693 0 104
6694 0 42
6695 1 50
6696 1 25
6697 3 2
6698 0 25
6699 0 120
6700 2 119
6701 0 54
6702 3 0
6703 1 79
6704 5 0
6705 1 24
6706 2 8
6707 0 103
6708 0 2
6709 2 24
6710 0 110
6711 127 0
6712 4 127
6713 1 121
6714 2 1
6715 1 122
6716 1 40
6717 0 115
6718 1 94
6719 2 6
6720 1 80
6721 2 10
6722 2 0
6723 3 10
6724 0 30
6725 2 4
6726 0 34
6727 1 89
6728 2 38
6729 0 27
6730 2 71
6731 0 83
6732 4 2
6733 1 73
6734 1 51
6735 1 25
6736 0 69
6737 1 12
6738 3 9
6739 0 70
6740 0 107
6741 3 6
6742 1 56
6743 1 19
6744 0 92
6745 1 102
6746 0 51
6747 0 41
6748 0 52
6749 0 56
6750 127 127
6751 1 76
6752 1 54
6753 2 51
6754 1 79
6755 1 10
6756 0 66
6757 0 80
6758 0 114
6759 0 76
6760 3 53
6761 1 93
6762 0 59
6763 126 0
6764 2 127
6765 0 115
6766 2 73
6767 1 76
6768 0 14
6769 1 101
6770 9 0
6771 0 19
6772 1 18
6773 2 14
6774 126 127
6775 1 47
6776 0 42
6777 0 48
6778 0 41
6779 8 0
6780 2 53
6781 0 106
6782 1 3
6783 2 2
6784 2 23
6785 0 82
6786 0 20
6787 1 5
6788 0 69
6789 0 122
6790 0 38
6791 1 94
6792 2 13
6793 0 25
6794 0 109
6795 2 6
6796 1 68
6797 3 10
6798 2 37
6799 0 3
6800 0 28
6801 1 37
6802 0 45
6803 6 0
6804 0 67
6805 0 107
6806 4 0
6807 0 97
6808 3 53
6809 3 0
6810 0 102
6811 0 46
6812 4 3
6813 0 106
6814 1 19
6815 0 64
6816 1 7
6817 2 52
6818 1 118
6819 3 11
6820 0 27
6821 1 22
6822 0 110
6823 0 108
6824 1 110
6825 0 77
6826 6 1
6827 0 83
6828 2 0
6829 0 45
6830 2 120
6831 3 0
6832 1 113
6833 3 3
6834 0 39
6835 0 42
6836 0 86
6837 1 57
6838 0 38
6839 0 54
6840 0 49
6841 127 0
6842 1 9
6843 1 54
6844 2 35
6845 0 58
6846 1 88
6847 0 47
6848 0 39
6849 127 127
6850 0 38
6851 126 127
6852 0 85
6853 3 54
6854 0 93
6855 1 15
6856 0 89
6857 0 111
6858 0 5
6859 2 48
6860 0 33
6861 0 86
6862 0 6
6863 0 51
6864 3 6
6865 0 98
6866 1 47
6867 3 53
6868 0 34
6869 0 71
6870 0 22
6871 0 40
6872 0 33
6873 0 78
6874 0 90
6875 0 4
6876 0 13
6877 0 24
6878 1 119
6879 0 103
6880 0 29
6881 2 1
6882 0 82
6883 0 60
6884 0 97
6885 3 2
6886 0 55
6887 2 50
6888 2 5
6889 0 105
6890 1 127
6891 0 10
6892 1 104
6893 0 43
6894 2 0
6895 2 1
6896 0 83
6897 7 0
6898 0 3
6899 1 109
6900 1 110
6901 2 0
6902 0 5
6903 2 94
6904 2 127
6905 1 10
6906 8 0
6907 0 19
6908 3 54
6909 0 82
6910 0 56
6911 0 76
6912 3 48
6913 0 88
6914 3 53
6915 1 31
6916 1 88
6917 3 9
6918 0 54
6919 5 0
6920 2 14
6921 0 7
6922 7 0
6923 3 4
6924 0 41
6925 2 44
6926 3 7
6927 0 47
6928 0 81
6929 1 43
6930 8 0
6931 4 2
6932 1 76
6933 0 83
6934 1 35
6935 2 13
6936 0 25
6937 1 34
6938 4 9
6939 0 70
6940 3 0
6941 0 98
6942 127 127
6943 0 21
6944 1 6
6945 0 22
6946 0 39
6947 0 66
6948 0 8
6949 1 118
6950 126 0
6951 0 11
6952 0 26
6953 0 44
6954 1 50
6955 1 35
6956 6 2
6957 1 73
6958 1 127
6959 1 18
6960 1 23
6961 0 72
6962 0 2
6963 1 109
6964 2 11
6965 0 77
6966 0 97
6967 0 79
6968 3 3
6969 1 9
6970 0 67
6971 0 3
6972 0 52
6973 2 48
6974 127 0
6975 2 7
6976 0 10
6977 0 61
6978 0 113
6979 1 75
6980 2 10
6981 3 9
6982 3 127
6983 0 60
6984 0 62
6985 0 85
6986 2 116
6987 0 92
6988 1 38
6989 126 0
6990 0 94
6991 0 75
6992 0 89
6993 1 27
6994 0 116
6995 1 4
6996 0 71
6997 1 66
6998 1 3
6999 0 96
7000 0 42
7001 1 4
7002 0 31
7003 1 125
7004 1 11
7005 0 90
7006 1 79
7007 0 23
7008 0 55
7009 2 70
7010 0 73
7011 0 57
7012 1 102
7013 1 54
7014 0 69
7015 0 34
7016 1 3
7017 0 97
7018 0 2
7019 1 110
7020 2 4
7021 1 62
7022 1 109
7023 0 102
7024 2 12
7025 2 119
7026 0 74
7027 4 127
7028 0 32
7029 1 37
7030 0 127
7031 0 103
7032 1 28
7033 2 93
7034 0 119
7035 0 46
7036 1 83
7037 1 113
7038 0 106
7039 6 0
7040 1 92
7041 1 73
7042 0 113
7043 0 59
7044 0 121
7045 1 117
7046 1 113
7047 1 42
7048 3 127
7049 0 60
7050 1 72
7051 2 43
7052 0 27
7053 0 16
7054 1 73
7055 1 56
7056 5 127
7057 0 96
7058 0 105
7059 1 14
7060 1 48
7061 0 106
7062 2 115
7063 9 0
7064 0 11
7065 2 114
7066 0 117
7067 4 0
7068 0 89
7069 2 115
7070 1 105
7071 3 126
7072 0 15
7073 1 104
7074 1 105
7075 2 56
7076 1 12
7077 0 59
7078 0 3
7079 1 22
7080 0 20
7081 0 104
7082 0 33
7083 4 127
7084 1 56
7085 0 113
7086 1 51
7087 8 0
7088 1 10
7089 0 16
7090 0 110
7091 0 31
7092 0 79
7093 1 21
7094 3 6
7095 0 21
7096 1 38
7097 3 0
7098 0 76
7099 5 127
7100 2 11
7101 0 70
7102 1 23
7103 2 5
7104 2 51
7105 0 125
7106 1 41
7107 1 17
7108 0 126
7109 0 73
7110 2 114
7111 0 15
7112 0 111
7113 1 31
7114 0 99
7115 2 94
7116 1 44
7117 9 0
7118 1 69
7119 0 31
7120 2 28
7121 2 50
7122 0 98
7123 1 53
7124 1 72
7125 0 107
7126 0 22
7127 0 21
7128 0 68
7129 0 116
7130 0 40
7131 0 43
7132 0 50
7133 0 92
7134 0 22
7135 4 127
7136 1 27
7137 0 28
7138 3 4
7139 0 62
7140 0 21
7141 2 105
7142 2 12
7143 0 49
7144 1 106
7145 2 2
7146 1 20
7147 2 72
7148 0 7
7149 0 58
7150 0 74
7151 0 69
7152 0 34
7153 0 24
7154 0 22
7155 0 102
7156 3 52
7157 2 35
7158 0 38
7159 0 4
7160 0 84
7161 2 8
7162 6 3
7163 5 0
7164 0 91
7165 0 117
7166 0 124
7167 1 116
7168 2 23
7169 3 11
7170 2 42
7171 0 18
7172 0 51
7173 0 2
7174 0 25
7175 0 122
7176 0 41
7177 1 42
7178 2 126
7179 1 96
7180 1 35
7181 0 54
7182 6 0
7183 0 61
7184 0 109
7185 8 0
7186 0 85
7187 2 1
7188 0 3
7189 0 48
7190 1 40
7191 0 50
7192 1 87
7193 0 118
7194 0 37
7195 2 7
7196 1 111
7197 0 51
7198 0 111
7199 2 104
7200 0 101
7201 0 93
7202 1 16
7203 2 2
7204 1 109
7205 1 45
7206 0 63
7207 0 20
7208 2 42
7209 0 23
7210 0 44
7211 0 117
7212 0 97
7213 0 87
7214 0 57
7215 0 94
7216 0 6
7217 0 47
7218 2 49
7219 4 1
7220 2 52
7221 0 118
7222 1 39
7223 0 12
7224 0 67
7225 1 89
7226 0 64
7227 1 72
7228 0 68
7229 0 117
7230 0 63
7231 0 53
7232 2 93
7233 0 56
7234 0 17
7235 1 8
7236 0 83
7237 0 5
7238 0 64
7239 1 73
7240 0 98
7241 0 46
7242 2 116
7243 2 0
7244 2 8
7245 0 110
7246 0 77
7247 1 116
7248 0 69
7249 0 111
7250 0 127
7251 2 29
7252 0 100
7253 0 22
7254 0 23
7255 0 118
7256 1 29
7257 2 13
7258 1 117
7259 0 13
7260 0 2
7261 5 3
7262 3 3
7263 1 76
7264 1 85
7265 3 0
7266 0 117
7267 0 125
7268 0 66
7269 1 30
7270 0 110
7271 0 120
7272 1 116
7273 9 0
7274 0 114
7275 1 53
7276 1 79
7277 2 103
7278 0 101
7279 0 90
7280 2 22
7281 0 26
7282 5 0
7283 0 96
7284 2 4
7285 0 68
7286 1 72
7287 0 62
7288 0 69
7289 1 69
7290 1 124
7291 0 53
7292 1 52
7293 4 9
7294 1 103
7295 8 0
7296 0 119
7297 2 127
7298 0 19
7299 1 47
7300 0 108
7301 0 85
7302 0 105
7303 1 88
7304 1 7
7305 0 112
7306 1 89
7307 0 4
7308 2 118
7309 2 16
7310 2 9
7311 0 3
7312 2 12
7313 1 53
7314 0 45
7315 0 99
7316 1 83
7317 2 1
7318 1 8
7319 0 29
7320 0 78
7321 0 104
7322 0 121
7323 1 40
7324 1 28
7325 0 53
7326 0 12
7327 0 39
7328 1 80
7329 1 64
7330 0 102
7331 1 17
7332 2 2
7333 1 49
7334 1 0
7335 0 88
7336 0 18
7337 0 65
7338 0 38
7339 2 30
7340 0 2
7341 0 25
7342 0 64
7343 0 19
7344 1 7
7345 0 18
7346 0 97
7347 0 93
7348 1 119
7349 0 54
7350 0 8
7351 1 39
7352 1 30
7353 2 47
7354 2 92
7355 1 123
7356 0 58
7357 0 3
7358 1 3
7359 2 113
7360 2 0
7361 0 46
7362 0 47
7363 1 115
7364 1 79
7365 2 8
7366 0 100
7367 1 40
7368 3 0
7369 2 14
7370 4 2
7371 0 59
7372 2 89
7373 126 127
7374 0 53
7375 0 48
7376 0 123
7377 3 16
7378 0 107
7379 1 6
7380 127 127
7381 0 87
7382 0 0
7383 0 73
7384 0 83
7385 1 22
7386 0 36
7387 0 76
7388 0 55
7389 0 67
7390 0 69
7391 1 39
7392 2 35
7393 1 70
7394 0 54
7395 1 63
7396 2 52
7397 3 9
7398 0 58
7399 0 96
7400 5 4
7401 0 95
7402 0 80
7403 0 32
7404 5 127
7405 3 5
7406 1 5
7407 0 37
7408 127 0
7409 1 47
7410 4 4
7411 2 49
7412 1 51
7413 0 101
7414 2 117
7415 1 102
7416 0 74
7417 1 112
7418 3 6
7419 0 68
7420 0 45
7421 0 77
7422 0 61
7423 1 49
7424 4 9
7425 1 42
7426 2 49
7427 1 65
7428 0 47
7429 1 54
7430 1 76
7431 1 73
7432 2 54
7433 1 62
7434 0 69
7435 0 113
7436 2 55
7437 1 6
7438 0 72
7439 2 53
7440 0 56
7441 0 82
7442 0 26
7443 0 52
7444 2 45
7445 0 92
7446 0 89
7447 0 48
7448 2 7
7449 0 60
7450 1 71
7451 2 5
7452 0 53
7453 1 46
7454 1 103
7455 3 10
7456 0 39
7457 1 111
7458 0 5
7459 0 19
7460 0 40
7461 0 105
7462 1 34
7463 0 119
7464 1 21
7465 126 127
7466 0 7
7467 1 52
7468 1 37
7469 1 112
7470 1 54
7471 2 11
7472 0 83
7473 0 43
7474 1 78
7475 0 82
7476 0 52
7477 0 21
7478 0 75
7479 2 114
7480 1 4
7481 0 44
7482 0 99
7483 0 126
7484 1 123
7485 0 11
7486 1 127
7487 4 1
7488 1 27
7489 1 38
7490 2 0
7491 0 53
7492 2 127
7493 0 63
7494 3 1
7495 1 119
7496 0 90
7497 2 8
7498 1 41
7499 1 8
7500 0 66
7501 1 31
7502 3 7
7503 0 51
7504 0 103
7505 0 16
7506 0 3
7507 0 54
7508 2 44
7509 0 68
7510 1 49
7511 0 114
7512 3 5
7513 0 83
7514 0 42
7515 0 93
7516 0 65
7517 0 45
7518 2 6
7519 0 47
7520 1 18
7521 127 127
7522 1 14
7523 0 120
7524 0 74
7525 1 89
7526 0 92
7527 0 34
7528 1 40
7529 2 40
7530 4 127
7531 0 116
7532 2 3
7533 126 127
7534 2 39
7535 1 118
7536 0 40
7537 1 88
7538 0 49
7539 0 25
7540 0 52
7541 1 21
7542 0 10
7543 2 5
7544 127 127
7545 1 54
7546 2 41
7547 0 66
7548 0 37
7549 0 44
7550 0 71
7551 0 64
7552 1 35
7553 0 124
7554 1 79
7555 1 101
7556 0 22
7557 1 127
7558 2 43
7559 3 0
7560 0 6
7561 0 78
7562 0 108
7563 1 20
7564 1 36
7565 2 56
7566 0 67
7567 0 62
7568 7 0
7569 2 12
7570 3 4
7571 0 123
7572 0 4
7573 0 66
7574 0 113
7575 2 8
7576 0 119
7577 0 12
7578 0 31
7579 1 21
7580 1 5
7581 1 43
7582 0 94
7583 0 82
7584 1 3
7585 0 84
7586 0 27
7587 2 91
7588 0 104
7589 0 111
7590 1 30
7591 0 50
7592 0 32
7593 1 31
7594 3 39
7595 0 35
7596 1 45
7597 2 73
7598 0 98
7599 3 127
7600 0 86
7601 1 41
7602 2 11
7603 0 33
7604 0 107
7605 0 105
7606 0 109
7607 0 39
7608 0 30
7609 2 16
7610 0 34
7611 2 10
7612 1 73
7613 1 11
7614 2 65
7615 1 51
7616 1 109
7617 0 28
7618 2 51
7619 1 58
7620 0 32
7621 0 27
7622 0 97
7623 0 20
7624 1 8
7625 0 24
7626 1 122
7627 0 88
7628 3 5
7629 0 41
7630 0 117
7631 0 59
7632 0 19
7633 1 7
7634 8 0
7635 0 60
7636 2 106
7637 0 35
7638 0 46
7639 0 53
7640 2 73
7641 1 86
7642 0 14
7643 0 36
7644 2 113
7645 1 119
7646 126 0
7647 0 58
7648 2 5
7649 0 47
7650 2 36
7651 1 105
7652 0 87
7653 2 55
7654 2 116
7655 1 85
7656 3 9
7657 0 125
7658 0 7
7659 0 29
7660 126 127
7661 1 60
7662 4 1
7663 2 43
7664 7 0
7665 1 37
7666 2 56
7667 2 114
7668 0 51
7669 1 17
7670 0 13
7671 1 40
7672 0 50
7673 0 59
7674 0 46
7675 1 65
7676 0 105
7677 0 76
7678 1 82
7679 4 2
7680 0 33
7681 0 5
7682 2 112
7683 0 96
7684 0 110
7685 2 65
7686 2 55
7687 1 73
7688 4 7
7689 0 97
7690 2 1
7691 1 4
7692 0 4
7693 1 61
7694 3 7
7695 0 120
7696 1 64
7697 2 56
7698 0 32
7699 2 35
7700 0 25
7701 0 18
7702 0 101
7703 0 121
7704 0 120
7705 0 38
7706 0 70
7707 2 45
7708 1 118
7709 4 127
7710 2 37
7711 0 77
7712 0 6
7713 1 55
7714 1 60
7715 1 103
7716 0 51
7717 0 50
7718 3 127
7719 1 112
7720 0 51
7721 1 86
7722 0 69
7723 0 30
7724 2 31
7725 2 34
7726 2 113
7727 0 83
7728 0 48
7729 0 126
7730 0 42
7731 4 7
7732 0 29
7733 0 57
7734 0 104
7735 0 34
7736 2 117
7737 1 44
7738 0 23
7739 8 0
7740 2 50
7741 7 0
7742 1 102
7743 2 6
7744 0 50
7745 0 103
7746 0 124
7747 127 127
7748 1 36
7749 2 114
7750 0 35
7751 0 19
7752 2 57
7753 2 15
7754 0 114
7755 1 85
7756 0 64
7757 1 12
7758 0 58
7759 4 127
7760 0 55
7761 0 5
7762 1 55
7763 2 127
7764 2 38
7765 0 3
7766 3 3
7767 1 6
7768 2 52
7769 3 8
7770 0 61
7771 0 62
7772 2 4
7773 3 6
7774 0 106
7775 0 40
7776 1 91
7777 2 73
7778 1 4
7779 0 52
7780 1 48
7781 4 1
7782 1 37
7783 0 112
7784 0 81
7785 8 0
7786 3 11
7787 0 43
7788 0 78
7789 1 112
7790 0 18
7791 0 71
7792 3 12
7793 0 22
7794 0 48
7795 0 30
7796 1 36
7797 3 40
7798 0 96
7799 0 104
7800 2 2
7801 0 85
7802 7 0
7803 1 73
7804 1 37
7805 4 3
7806 1 69
7807 1 31
7808 0 56
7809 0 80
7810 1 15
7811 2 91
7812 0 44
7813 1 72
7814 0 33
7815 0 8
7816 0 103
7817 0 88
7818 1 32
7819 1 46
7820 5 127
7821 2 17
7822 0 127
7823 2 9
7824 1 34
7825 1 70
7826 2 8
7827 0 42
7828 0 126
7829 0 7
7830 1 54
7831 1 7
7832 1 64
7833 0 123
7834 1 31
7835 2 5
7836 2 116
7837 1 3
7838 0 6
7839 1 81
7840 2 49
7841 1 121
7842 2 10
7843 0 61
7844 3 11
7845 2 79
7846 1 73
7847 1 127
7848 1 17
7849 0 97
7850 2 66
7851 1 122
7852 0 73
7853 0 53
7854 1 119
7855 1 32
7856 1 9
7857 0 4
7858 1 42
7859 1 55
7860 0 125
7861 0 122
7862 3 1
7863 0 47
7864 2 39
7865 1 6
7866 0 23
7867 1 121
7868 127 0
7869 2 3
7870 0 19
7871 0 21
7872 0 115
7873 3 41
7874 2 2
7875 0 7
7876 0 87
7877 1 4
7878 0 119
7879 0 43
7880 1 108
7881 2 121
7882 0 127
7883 0 113
7884 4 127
7885 0 112
7886 2 11
7887 1 52
7888 1 118
7889 1 116
7890 2 34
7891 2 3
7892 0 75
7893 1 21
7894 1 91
7895 0 32
7896 1 69
7897 4 2
7898 3 10
7899 2 15
7900 0 65
7901 0 79
7902 1 57
7903 3 9
7904 1 3
7905 1 51
7906 0 105
7907 2 4
7908 0 67
7909 0 37
7910 1 127
7911 0 34
7912 1 5
7913 0 3
7914 2 118
7915 0 93
7916 0 8
7917 0 72
7918 4 3
7919 0 64
7920 2 102
7921 1 39
7922 3 5
7923 2 78
7924 2 2
7925 0 77
7926 0 114
7927 0 121
7928 0 29
7929 3 2
7930 8 0
7931 1 15
7932 0 35
7933 1 59
7934 0 48
7935 1 41
7936 3 10
7937 0 88
7938 0 31
7939 0 122
7940 1 25
7941 0 108
7942 2 42
7943 0 26
7944 0 70
7945 1 63
7946 0 87
7947 1 34
7948 0 47
7949 0 124
7950 0 22
7951 0 95
7952 2 7
7953 1 95
7954 3 9
7955 0 89
7956 3 8
7957 0 90
7958 0 4
7959 0 49
7960 1 18
7961 0 121
7962 0 46
7963 1 111
7964 0 1
7965 2 15
7966 2 10
7967 3 127
7968 0 27
7969 0 51
7970 1 45
7971 1 92
7972 0 7
7973 0 42
7974 0 80
7975 2 39
7976 4 1
7977 0 122
7978 1 103
7979 0 115
7980 1 8
7981 0 43
7982 0 114
7983 0 30
7984 4 127
7985 1 17
7986 1 36
7987 1 68
7988 1 69
7989 0 5
7990 0 94
7991 2 3
7992 0 26
7993 0 109
7994 1 66
7995 1 121
7996 0 103
7997 2 11
7998 1 85
7999 1 44
8000 2 1
8001 1 14
8002 1 5
8003 1 78
8004 1 18
8005 0 23
8006 1 51
8007 0 68
8008 0 6
8009 2 6
8010 1 82
8011 0 115
8012 6 0
8013 0 3
8014 0 2
8015 2 43
8016 0 113
8017 0 107
8018 0 71
8019 126 127
8020 3 4
8021 0 55
8022 0 38
8023 3 5
8024 1 102
8025 0 31
8026 1 114
8027 0 21
8028 0 118
8029 0 117
8030 2 4
8031 0 8
8032 1 120
8033 1 79
8034 1 62
8035 0 24
8036 2 48
8037 9 0
8038 0 73
8039 1 45
8040 5 0
8041 1 54
8042 1 42
8043 0 30
8044 2 25
8045 1 73
8046 0 18
8047 0 73
8048 1 44
8049 0 12
8050 0 81
8051 0 52
8052 0 79
8053 0 45
8054 0 1
8055 2 0
8056 0 112
8057 3 127
8058 1 110
8059 3 43
8060 0 13
8061 0 121
8062 0 123
8063 0 2
8064 0 118
8065 0 119
8066 2 16
8067 8 0
8068 1 7
8069 1 48
8070 0 34
8071 0 53
8072 0 36
8073 1 2
8074 0 15
8075 4 127
8076 2 48
8077 1 70
8078 3 127
8079 127 127
8080 0 111
8081 7 0
8082 126 0
8083 0 104
8084 2 116
8085 3 0
8086 1 35
8087 0 70
8088 0 92
8089 1 41
8090 0 80
8091 0 32
8092 1 92
8093 0 114
8094 2 44
8095 0 37
8096 0 81
8097 0 12
8098 2 69
8099 0 112
8100 2 7
8101 1 47
8102 0 67
8103 0 23
8104 0 4
8105 0 60
8106 0 51
8107 0 5
8108 126 127
8109 0 96
8110 0 69
8111 1 51
8112 0 28
8113 1 3
8114 0 66
8115 0 61
8116 0 36
8117 1 38
8118 1 42
8119 0 11
8120 0 72
8121 2 0
8122 0 97
8123 1 63
8124 1 79
8125 2 68
8126 2 2
8127 0 108
8128 1 113
8129 0 20
8130 4 127
8131 0 110
8132 0 1
8133 1 108
8134 4 6
8135 0 3
8136 4 0
8137 1 2
8138 2 54
8139 1 56
8140 2 82
8141 1 16
8142 0 67
8143 0 52
8144 0 103
8145 0 60
8146 3 3
8147 0 47
8148 0 7
8149 4 2
8150 1 54
8151 1 57
8152 0 61
8153 1 44
8154 1 50
8155 6 0
8156 2 41
8157 1 47
8158 2 120
8159 2 14
8160 3 127
8161 0 124
8162 0 42
8163 0 109
8164 3 39
8165 0 65
8166 0 104
8167 0 46
8168 0 43
8169 0 74
8170 0 21
8171 4 5
8172 0 106
8173 0 56
8174 0 39
8175 7 0
8176 2 10
8177 2 105
8178 1 37
8179 3 4
8180 0 8
8181 0 37
8182 0 110
8183 0 84
8184 0 17
8185 1 118
8186 1 3
8187 0 123
8188 1 6
8189 5 5
8190 1 38
8191 1 45
8192 3 6
8193 0 79
8194 1 79
8195 1 13
8196 4 5
8197 1 28
8198 0 68
8199 1 32
8200 0 93
8201 1 60
8202 1 105
8203 0 71
8204 3 9
8205 2 11
8206 4 127
8207 0 14
8208 1 121
8209 0 100
8210 1 2
8211 0 89
8212 2 15
8213 0 29
8214 0 62
8215 0 103
8216 0 80
8217 6 0
8218 0 7
8219 1 3
8220 1 25
8221 1 101
8222 3 3
8223 1 116
8224 0 115
8225 0 36
8226 0 45
8227 0 37
8228 0 20
8229 0 9
8230 2 49
8231 0 95
8232 1 24
8233 1 78
8234 0 61
8235 0 31
8236 2 9
8237 1 104
8238 0 8
8239 127 127
8240 1 91
8241 1 79
8242 0 62
8243 2 70
8244 0 36
8245 0 116
8246 0 67
8247 2 35
8248 0 83
8249 2 66
8250 0 81
8251 1 33
8252 0 59
8253 0 121
8254 1 51
8255 0 32
8256 0 53
8257 0 55
8258 0 98
8259 3 4
8260 0 97
8261 1 69
8262 0 57
8263 0 69
8264 7 0
8265 0 61
8266 2 118
8267 1 57
8268 1 2
8269 0 37
8270 0 15
8271 1 82
8272 0 124
8273 0 76
8274 0 14
8275 2 14
8276 0 98
8277 0 73
8278 2 33
8279 0 102
8280 0 51
8281 0 84
8282 0 118
8283 0 120
8284 0 4
8285 0 62
8286 2 5
8287 2 43
8288 2 15
8289 127 0
8290 1 8
8291 0 109
8292 3 3
8293 2 117
8294 1 114
8295 1 118
8296 0 74
8297 0 72
8298 0 123
8299 0 64
8300 3 7
8301 2 48
8302 0 86
8303 0 7
8304 2 116
8305 2 106
8306 3 1
8307 0 40
8308 1 107
8309 2 115
8310 0 96
8311 0 111
8312 0 103
8313 0 3
8314 0 31
8315 1 61
8316 1 74
8317 2 2
8318 126 127
8319 0 32
8320 2 39
8321 0 112
8322 3 41
8323 1 108
8324 1 44
8325 0 66
8326 1 25
8327 5 0
8328 3 127
8329 1 24
8330 126 0
8331 3 6
8332 0 74
8333 0 42
8334 3 7
8335 3 115
8336 1 107
8337 0 10
8338 1 60
8339 0 61
8340 3 4
8341 0 11
8342 0 80
8343 2 54
8344 0 16
8345 0 57
8346 0 48
8347 0 95
8348 0 12
8349 1 70
8350 2 85
8351 3 0
8352 1 35
8353 0 58
8354 0 91
8355 1 27
8356 0 6
8357 0 2
8358 0 77
8359 0 39
8360 1 5
8361 0 4
8362 0 11
8363 0 75
8364 0 62
8365 0 65
8366 8 0
8367 0 3
8368 1 19
8369 2 7
8370 0 25
8371 1 18
8372 0 26
8373 0 12
8374 0 60
8375 0 127
8376 0 81
8377 1 64
8378 2 41
8379 1 15
8380 0 97
8381 2 115
8382 0 71
8383 0 1
8384 2 6
8385 0 114
8386 0 118
8387 0 19
8388 1 63
8389 1 118
8390 1 58
8391 2 7
8392 2 5
8393 0 11
8394 0 74
8395 3 115
8396 0 122
8397 0 49
8398 7 0
8399 1 17
8400 1 6
8401 0 76
8402 2 119
8403 1 2
8404 0 73
8405 2 65
8406 0 41
8407 1 108
8408 4 3
8409 0 46
8410 0 56
8411 1 93
8412 2 4
8413 1 4
8414 2 49
8415 2 48
8416 0 119
8417 1 28
8418 0 67
8419 1 10
8420 127 127
8421 0 40
8422 0 8
8423 4 2
8424 0 31
8425 0 72
8426 0 64
8427 3 41
8428 0 80
8429 4 3
8430 0 2
8431 3 43
8432 0 17
8433 2 115
8434 8 0
8435 0 1
8436 0 39
8437 1 36
8438 1 71
8439 0 110
8440 0 2
8441 0 121
8442 1 55
8443 2 42
8444 2 38
8445 2 127
8446 0 93
8447 2 53
8448 2 105
8449 2 12
8450 0 3
8451 1 112
8452 2 106
8453 1 93
8454 1 33
8455 0 118
8456 2 120
8457 0 74
8458 0 88
8459 1 8
8460 0 22
8461 0 16
8462 0 21
8463 0 44
8464 2 63
8465 1 62
8466 2 15
8467 7 0
8468 8 0
8469 1 68
8470 2 0
8471 0 113
8472 4 0
8473 0 12
8474 0 82
8475 0 2
8476 0 6
8477 2 6
8478 4 6
8479 1 74
8480 2 3
8481 1 119
8482 1 5
8483 1 85
8484 2 1
8485 2 68
8486 126 127
8487 0 32
8488 0 63
8489 0 90
8490 127 0
8491 2 52
8492 0 93
8493 2 5
8494 1 65
8495 1 54
8496 1 52
8497 1 95
8498 0 114
8499 2 11
8500 2 17
8501 0 1
8502 2 85
8503 0 79
8504 0 43
8505 1 70
8506 0 112
8507 2 40
8508 0 45
8509 0 58
8510 7 0
8511 0 75
8512 0 11
8513 1 117
8514 0 50
8515 2 105
8516 0 91
8517 1 61
8518 0 115
8519 0 62
8520 1 114
8521 0 18
8522 3 9
8523 3 127
8524 0 78
8525 0 126
8526 0 90
8527 2 106
8528 0 35
8529 1 71
8530 0 2
8531 0 30
8532 0 116
8533 0 95
8534 1 102
8535 2 2
8536 1 40
8537 1 70
8538 1 42
8539 0 120
8540 1 51
8541 0 46
8542 1 95
8543 0 91
8544 2 116
8545 1 73
8546 2 6
8547 0 12
8548 1 16
8549 0 44
8550 0 105
8551 0 4
8552 0 10
8553 1 111
8554 2 111
8555 0 24
8556 0 94
8557 0 68
8558 2 12
8559 126 0
8560 4 5
8561 6 0
8562 3 0
8563 0 113
8564 0 63
8565 2 49
8566 0 74
8567 2 4
8568 1 52
8569 3 17
8570 0 96
8571 1 3
8572 0 16
8573 0 38
8574 2 9
8575 1 106
8576 0 90
8577 0 71
8578 1 55
8579 127 0
8580 1 15
8581 3 7
8582 0 127
8583 0 112
8584 2 119
8585 0 27
8586 3 9
8587 0 72
8588 0 91
8589 2 11
8590 0 106
8591 0 121
8592 2 62
8593 0 89
8594 0 76
8595 0 40
8596 2 37
8597 0 99
8598 2 67
8599 0 126
8600 0 108
8601 0 17
8602 0 5
8603 0 16
8604 0 9
8605 127 127
8606 2 17
8607 0 75
8608 1 76
8609 2 66
8610 0 65
8611 1 74
8612 1 6
8613 0 62
8614 3 2
8615 2 16
8616 0 43
8617 0 77
8618 1 73
8619 0 79
8620 1 108
8621 1 66
8622 0 109
8623 0 13
8624 2 95
8625 0 88
8626 2 17
8627 1 85
8628 0 127
8629 5 3
8630 2 15
8631 1 48
8632 0 110
8633 0 83
8634 2 63
8635 2 66
8636 2 50
8637 0 71
8638 1 4
8639 5 0
8640 0 64
8641 0 90
8642 0 102
8643 0 15
8644 0 4
8645 0 113
8646 1 4
8647 0 36
8648 1 66
8649 126 0
8650 2 49
8651 0 1
8652 0 23
8653 1 58
8654 0 4
8655 2 6
8656 0 108
8657 0 45
8658 0 97
8659 3 5
8660 2 3
8661 1 63
8662 0 105
8663 2 12
8664 1 69
8665 0 29
8666 2 104
8667 0 20
8668 1 19
8669 0 91
8670 0 107
8671 0 51
8672 2 0
8673 0 26
8674 0 119
8675 0 104
8676 0 21
8677 0 11
8678 1 35
8679 0 74
8680 0 126
8681 0 118
8682 6 0
8683 2 9
8684 0 76
8685 0 115
8686 0 66
8687 2 63
8688 1 120
8689 0 81
8690 127 0
8691 0 67
8692 1 64
8693 0 57
8694 0 73
8695 1 105
8696 2 62
8697 0 103
8698 1 72
8699 0 96
8700 0 116
8701 3 8
8702 0 16
8703 0 105
8704 0 15
8705 126 0
8706 0 68
8707 0 30
8708 1 14
8709 1 105
8710 126 127
8711 0 67
8712 0 97
8713 2 41
8714 0 68
8715 0 54
8716 3 15
8717 0 122
8718 1 38
8719 0 34
8720 2 36
8721 2 1
8722 0 29
8723 2 127
8724 127 0
8725 1 2
8726 0 127
8727 2 37
8728 2 36
8729 1 56
8730 1 53
8731 1 95
8732 0 65
8733 1 60
8734 2 0
8735 4 1
8736 0 96
8737 1 70
8738 2 7
8739 1 63
8740 0 33
8741 0 35
8742 3 127
8743 1 20
8744 0 115
8745 0 6
8746 2 43
8747 0 61
8748 2 95
8749 0 55
8750 0 116
8751 1 118
8752 4 0
8753 1 27
8754 0 42
8755 2 4
8756 2 1
8757 1 69
8758 0 84
8759 0 74
8760 0 54
8761 2 85
8762 0 119
8763 1 85
8764 4 8
8765 0 5
8766 1 12
8767 0 73
8768 2 127
8769 126 0
8770 1 6
8771 0 118
8772 1 4
8773 3 41
8774 3 6
8775 0 70
8776 0 121
8777 127 0
8778 1 67
8779 2 69
8780 0 59
8781 1 66
8782 0 62
8783 0 60
8784 3 119
8785 0 24
8786 0 37
8787 3 5
8788 0 55
8789 1 35
8790 2 85
8791 2 14
8792 2 103
8793 0 67
8794 2 41
8795 0 105
8796 0 93
8797 1 14
8798 0 101
8799 1 115
8800 2 61
8801 0 112
8802 1 47
8803 0 59
8804 0 12
8805 1 75
8806 0 52
8807 0 35
8808 0 48
8809 0 64
8810 0 44
8811 1 114
8812 0 13
8813 1 43
8814 0 8
8815 1 35
8816 0 108
8817 0 115
8818 0 16
8819 2 10
8820 1 19
8821 1 117
8822 0 39
8823 0 17
8824 0 34
8825 0 20
8826 0 31
8827 127 127
8828 1 74
8829 1 28
8830 2 56
8831 3 127
8832 0 126
8833 0 72
8834 0 49
8835 0 90
8836 0 69
8837 2 15
8838 3 0
8839 0 27
8840 5 1
8841 2 48
8842 0 23
8843 0 56
8844 0 15
8845 2 3
8846 2 12
8847 3 15
8848 0 18
8849 0 92
8850 1 86
8851 0 83
8852 0 12
8853 4 3
8854 0 51
8855 2 63
8856 0 87
8857 4 2
8858 0 53
8859 1 8
8860 2 84
8861 2 4
8862 0 22
8863 2 13
8864 0 57
8865 2 3
8866 0 2
8867 2 49
8868 0 17
8869 1 101
8870 0 56
8871 0 36
8872 1 10
8873 2 12
8874 4 0
8875 2 48
8876 3 1
8877 3 7
8878 7 0
8879 0 65
8880 0 61
8881 1 95
8882 2 7
8883 3 2
8884 2 28
8885 0 100
8886 1 63
8887 0 19
8888 0 101
8889 0 74
8890 0 63
8891 1 63
8892 0 107
8893 2 2
8894 0 64
8895 1 32
8896 1 84
8897 1 34
8898 0 122
8899 1 111
8900 0 8
8901 0 108
8902 0 45
8903 2 16
8904 0 127
8905 0 26
8906 126 0
8907 3 8
8908 1 13
8909 0 116
8910 2 6
8911 0 62
8912 3 4
8913 2 86
8914 2 119
8915 2 11
8916 0 13
8917 0 100
8918 0 66
8919 1 8
8920 0 37
8921 1 17
8922 1 20
8923 0 126
8924 0 77
8925 126 127
8926 2 3
8927 0 12
8928 0 93
8929 1 53
8930 2 68
8931 1 85
8932 0 97
8933 0 60
8934 0 92
8935 2 1
8936 0 65
8937 1 44
8938 5 2
8939 3 5
8940 1 28
8941 1 99
8942 0 28
8943 3 1
8944 1 79
8945 0 36
8946 0 8
8947 0 30
8948 0 76
8949 0 47
8950 1 61
8951 0 52
8952 0 127
8953 2 35
8954 1 71
8955 0 17
8956 0 77
8957 0 54
8958 1 102
8959 0 101
8960 3 14
8961 0 27
8962 2 7
8963 1 21
8964 2 36
8965 1 16
8966 4 4
8967 2 6
8968 0 64
8969 0 106
8970 0 29
8971 0 120
8972 2 53
8973 0 109
8974 0 40
8975 1 27
8976 2 87
8977 0 123
8978 0 86
8979 0 119
8980 2 4
8981 2 63
8982 0 114
8983 0 84
8984 0 76
8985 4 3
8986 0 71
8987 0 121
8988 1 114
8989 1 60
8990 0 95
8991 0 61
8992 3 7
8993 0 104
8994 0 62
8995 2 127
8996 0 43
8997 1 14
8998 2 104
8999 1 54
9000 2 28
9001 2 35
9002 0 54
9003 1 1
9004 1 87
9005 0 13
9006 0 10
9007 0 113
9008 0 112
9009 0 27
9010 0 46
9011 1 110
9012 1 70
9013 0 72
9014 1 48
9015 2 60
9016 4 4
9017 0 77
9018 2 103
9019 127 127
9020 2 55
9021 3 3
9022 0 12
9023 0 87
9024 6 0
9025 2 12
9026 0 86
9027 1 64
9028 1 121
9029 0 122
9030 0 51
9031 7 0
9032 0 20
9033 0 93
9034 0 38
9035 0 65
9036 2 115
9037 1 41
9038 0 118
9039 0 102
9040 0 87
9041 1 55
9042 2 8
9043 0 18
9044 3 127
9045 6 0
9046 1 2
9047 1 68
9048 0 17
9049 1 104
9050 2 16
9051 1 33
9052 0 68
9053 2 66
9054 0 80
9055 0 110
9056 0 39
9057 2 116
9058 2 3
9059 2 115
9060 0 70
9061 2 5
9062 1 27
9063 0 42
9064 0 57
9065 0 119
9066 0 81
9067 1 36
9068 3 6
9069 2 21
9070 1 120
9071 0 13
9072 0 103
9073 2 0
9074 1 66
9075 0 19
9076 0 126
9077 1 13
9078 0 25
9079 0 64
9080 0 20
9081 0 36
9082 0 114
9083 2 118
9084 2 102
9085 0 60
9086 2 119
9087 4 7
9088 1 56
9089 0 43
9090 0 28
9091 1 8
9092 2 29
9093 0 66
9094 1 1
9095 1 88
9096 1 112
9097 0 59
9098 1 72
9099 0 72
9100 1 69
9101 0 32
9102 1 15
9103 0 75
9104 1 10
9105 2 17
9106 1 4
9107 2 7
9108 0 29
9109 0 100
9110 4 8
9111 0 71
9112 0 67
9113 0 50
9114 0 60
9115 1 105
9116 0 73
9117 2 127
9118 1 21
9119 1 73
9120 5 0
9121 1 35
9122 0 79
9123 1 2
9124 0 53
9125 2 59
9126 127 0
9127 0 69
9128 2 14
9129 0 89
9130 3 0
9131 1 108
9132 0 115
9133 2 88
9134 0 82
9135 0 4
9136 1 12
9137 1 102
9138 0 72
9139 2 33
9140 2 11
9141 0 58
9142 1 77
9143 126 127
9144 127 127
9145 0 108
9146 0 127
9147 0 23
9148 1 55
9149 1 88
9150 3 127
9151 0 70
9152 0 37
9153 1 33
9154 1 51
9155 0 98
9156 0 41
9157 1 86
9158 1 58
9159 0 77
9160 0 86
9161 0 48
9162 0 26
9163 1 64
9164 1 45
9165 3 4
9166 0 63
9167 1 22
9168 0 44
9169 0 69
9170 2 28
9171 0 101
9172 0 112
9173 0 65
9174 0 104
9175 0 91
9176 0 27
9177 0 42
9178 1 5
9179 2 62
9180 0 118
9181 0 70
9182 1 52
9183 0 15
9184 0 25
9185 1 114
9186 0 80
9187 1 91
9188 0 78
9189 0 6
9190 0 55
9191 0 121
9192 1 55
9193 1 14
9194 2 45
9195 2 16
9196 0 91
9197 0 68
9198 0 62
9199 2 12
9200 0 47
9201 2 54
9202 1 70
9203 126 0
9204 1 16
9205 2 8
9206 0 119
9207 2 33
9208 2 16
9209 0 40
9210 2 14
9211 1 39
9212 2 2
9213 7 0
9214 4 7
9215 0 107
9216 0 18
9217 0 103
9218 2 39
9219 1 100
9220 126 127
9221 3 11
9222 0 2
9223 1 39
9224 0 48
9225 0 109
9226 0 116
9227 0 1
9228 0 59
9229 2 63
9230 1 67
9231 2 102
9232 1 74
9233 0 118
9234 1 46
9235 0 66
9236 2 67
9237 0 41
9238 1 13
9239 1 102
9240 0 60
9241 0 21
9242 0 119
9243 0 56
9244 0 54
9245 1 33
9246 1 82
9247 2 0
9248 0 30
9249 1 1
9250 3 14
9251 1 12
9252 0 100
9253 1 91
9254 3 3
9255 0 63
9256 0 51
9257 0 50
9258 8 0
9259 0 31
9260 1 43
9261 1 32
9262 1 16
9263 1 118
9264 1 28
9265 2 7
9266 0 106
9267 0 1
9268 1 108
9269 2 8
9270 0 126
9271 0 33
9272 0 53
9273 0 29
9274 0 65
9275 0 81
9276 0 55
9277 2 44
9278 1 6
9279 1 104
9280 0 35
9281 2 60
9282 2 11
9283 0 96
9284 0 66
9285 0 62
9286 0 83
9287 1 67
9288 0 30
9289 3 119
9290 0 51
9291 0 118
9292 1 42
9293 2 116
9294 1 2
9295 0 108
9296 2 120
9297 0 12
9298 0 95
9299 2 62
9300 0 84
9301 0 115
9302 2 4
9303 0 8
9304 1 8
9305 0 50
9306 0 59
9307 1 117
9308 1 37
9309 0 69
9310 127 0
9311 0 6
9312 0 101
9313 2 115
9314 0 116
9315 2 117
9316 2 43
9317 0 36
9318 2 1
9319 0 45
9320 4 8
9321 0 14
9322 2 2
9323 1 120
9324 0 109
9325 1 3
9326 0 108
9327 1 99
9328 1 25
9329 1 2
9330 2 59
9331 2 1
9332 126 0
9333 0 91
9334 2 60
9335 4 3
9336 0 104
9337 0 83
9338 1 85
9339 0 25
9340 2 5
9341 3 7
9342 1 54
9343 0 7
9344 0 127
9345 0 64
9346 1 119
9347 0 26
9348 0 17
9349 0 84
9350 1 105
9351 2 46
9352 1 57
9353 0 5
9354 0 109
9355 7 0
9356 0 52
9357 3 115
9358 1 12
9359 0 111
9360 0 20
9361 1 58
9362 0 18
9363 2 2
9364 0 12
9365 1 4
9366 0 34
9367 0 43
9368 0 21
9369 2 37
9370 0 112
9371 0 65
9372 2 6
9373 0 2
9374 4 1
9375 2 115
9376 3 5
9377 2 44
9378 4 9
9379 0 100
9380 1 44
9381 0 46
9382 0 80
9383 0 103
9384 1 87
9385 0 24
9386 3 9
9387 1 6
9388 1 47
9389 1 91
9390 3 0
9391 1 73
9392 0 97
9393 0 92
9394 1 45
9395 1 50
9396 0 44
9397 0 83
9398 0 15
9399 0 93
9400 3 1
9401 0 57
9402 2 127
9403 3 3
9404 0 32
9405 0 108
9406 0 109
9407 4 2
9408 4 7
9409 1 88
9410 0 60
9411 0 20
9412 2 54
9413 1 40
9414 0 39
9415 0 108
9416 0 66
9417 0 115
9418 0 17
9419 0 56
9420 0 13
9421 0 19
9422 1 81
9423 0 101
9424 0 105
9425 1 48
9426 2 7
9427 1 53
9428 0 90
9429 0 99
9430 1 37
9431 1 34
9432 0 79
9433 0 33
9434 2 10
9435 0 104
9436 0 87
9437 0 35
9438 1 2
9439 0 61
9440 1 12
9441 2 4
9442 0 37
9443 1 107
9444 1 9
9445 4 6
9446 0 103
9447 3 11
9448 0 36
9449 2 8
9450 0 120
9451 0 111
9452 1 37
9453 4 9
9454 0 74
9455 0 8
9456 1 97
9457 0 59
9458 0 106
9459 2 40
9460 3 115
9461 0 51
9462 8 0
9463 1 118
9464 0 20
9465 3 127
9466 0 4
9467 0 6
9468 1 4
9469 2 14
9470 0 10
9471 2 47
9472 0 75
9473 0 23
9474 1 14
9475 1 43
9476 2 115
9477 127 127
9478 0 121
9479 0 109
9480 126 127
9481 1 6
9482 0 7
9483 127 0
9484 0 104
9485 1 61
9486 1 1
9487 0 49
9488 1 103
9489 0 14
9490 126 0
9491 2 110
9492 0 43
9493 2 16
9494 3 12
9495 1 119
9496 2 6
9497 0 9
9498 1 42
9499 0 52
9500 6 0
9501 0 60
9502 1 16
9503 1 71
9504 0 81
9505 1 6
9506 3 115
9507 5 2
9508 9 0
9509 4 0
9510 1 81
9511 0 31
9512 0 80
9513 2 1
9514 3 118
9515 2 11
9516 8 0
9517 0 38
9518 0 116
9519 2 55
9520 2 59
9521 1 108
9522 1 70
9523 2 16
9524 9 0
9525 0 5
9526 1 89
9527 1 110
9528 3 13
9529 0 108
9530 3 119
9531 1 51
9532 0 126
9533 1 120
9534 0 57
9535 2 37
9536 3 9
9537 0 12
9538 0 119
9539 1 54
9540 0 74
9541 2 46
9542 1 13
9543 0 15
9544 0 19
9545 0 71
9546 0 127
9547 0 96
9548 0 92
9549 127 127
9550 2 14
9551 1 88
9552 0 126
9553 0 103
9554 0 35
9555 2 115
9556 7 0
9557 2 34
9558 4 2
9559 0 112
9560 2 47
9561 5 0
9562 1 14
9563 1 98
9564 1 17
9565 1 34
9566 0 1
9567 1 8
9568 1 40
9569 0 75
9570 0 72
9571 0 127
9572 0 50
9573 0 86
9574 0 44
9575 2 105
9576 1 9
9577 1 21
9578 2 120
9579 1 60
9580 0 54
9581 0 77
9582 0 87
9583 3 115
9584 2 15
9585 0 89
9586 1 61
9587 0 82
9588 2 63
9589 1 101
9590 127 0
9591 10 0
9592 1 71
9593 0 93
9594 0 22
9595 0 114
9596 5 2
9597 1 20
9598 2 56
9599 3 118
9600 2 4
9601 0 95
9602 4 7
9603 1 74
9604 1 104
9605 0 90
9606 1 68
9607 1 89
9608 0 70
9609 0 48
9610 1 88
9611 2 127
9612 1 56
9613 0 68
9614 3 12
9615 0 27
9616 0 92
9617 0 83
9618 0 59
9619 2 60
9620 0 43
9621 3 127
9622 1 117
9623 0 53
9624 2 118
9625 0 100
9626 0 104
9627 2 28
9628 3 7
9629 0 122
9630 1 102
9631 1 52
9632 1 63
9633 0 111
9634 0 56
9635 0 121
9636 4 3
9637 1 48
9638 0 13
9639 2 115
9640 2 54
9641 0 32
9642 2 59
9643 1 21
9644 2 46
9645 0 115
9646 3 118
9647 1 29
9648 1 105
9649 2 16
9650 2 10
9651 0 52
9652 1 89
9653 2 0
9654 1 4
9655 1 101
9656 2 118
9657 1 120
9658 0 9
9659 1 39
9660 1 68
9661 0 102
9662 0 86
9663 2 12
9664 1 44
9665 2 105
9666 0 61
9667 0 40
9668 0 28
9669 2 127
9670 0 12
9671 0 13
9672 0 42
9673 0 87
9674 1 55
9675 0 37
9676 1 30
9677 0 94
9678 2 53
9679 126 0
9680 0 17
9681 0 2
9682 2 5
9683 0 38
9684 2 7
9685 1 106
9686 0 73
9687 0 12
9688 0 95
9689 2 4
9690 0 62
9691 1 29
9692 0 86
9693 0 61
9694 8 0
9695 0 78
9696 0 1
9697 3 2
9698 3 7
9699 0 4
9700 3 0
9701 1 51
9702 0 14
9703 0 106
9704 0 24
9705 2 3
9706 1 11
9707 2 27
9708 1 20
9709 2 13
9710 1 27
9711 2 39
9712 0 126
9713 1 106
9714 0 13
9715 2 119
9716 2 110
9717 2 60
9718 0 25
9719 2 8
9720 0 99
9721 1 33
9722 1 30
9723 1 82
9724 0 12
9725 2 74
9726 0 21
9727 2 20
9728 0 77
9729 0 16
9730 1 60
9731 0 58
9732 0 33
9733 0 94
9734 0 13
9735 0 17
9736 0 15
9737 2 59
9738 0 93
9739 1 97
9740 1 84
9741 0 36
9742 0 106
9743 0 101
9744 126 127
9745 0 72
9746 1 127
9747 0 69
9748 0 48
9749 0 35
9750 1 70
9751 3 1
9752 0 110
9753 0 89
9754 2 2
9755 127 0
9756 1 106
9757 2 114
9758 0 2
9759 2 4
9760 2 45
9761 1 1
9762 0 29
9763 1 71
9764 0 122
9765 0 79
9766 0 67
9767 3 12
9768 1 9
9769 0 1
9770 0 27
9771 1 39
9772 0 106
9773 4 1
9774 0 2
9775 0 98
9776 0 53
9777 0 73
9778 0 111
9779 1 121
9780 1 120
9781 3 6
9782 7 0
9783 0 113
9784 1 54
9785 1 114
9786 2 12
9787 0 16
9788 0 99
9789 2 46
9790 3 2
9791 2 7
9792 1 77
9793 0 72
9794 0 32
9795 0 37
9796 0 77
9797 0 95
9798 1 74
9799 2 2
9800 0 80
9801 0 28
9802 3 59
9803 0 55
9804 0 52
9805 1 70
9806 0 56
9807 1 73
9808 0 121
9809 2 52
9810 0 62
9811 3 3
9812 2 114
9813 3 5
9814 0 65
9815 1 71
9816 1 4
9817 0 12
9818 0 13
9819 2 4
9820 1 20
9821 2 55
9822 0 18
9823 0 66
9824 0 97
9825 0 54
9826 4 3
9827 0 125
9828 0 117
9829 0 79
9830 1 105
9831 1 19
9832 1 56
9833 126 0
9834 0 29
9835 1 15
9836 0 43
9837 0 60
9838 1 70
9839 0 67
9840 2 118
9841 1 64
9842 127 127
9843 0 92
9844 0 109
9845 0 74
9846 0 56
9847 0 124
9848 0 45
9849 0 102
9850 2 13
9851 1 100
9852 3 1
9853 2 68
9854 1 27
9855 0 94
9856 4 0
9857 1 68
9858 1 17
9859 3 16
9860 2 73
9861 1 88
9862 2 36
9863 1 71
9864 0 118
9865 1 12
9866 0 122
9867 0 28
9868 1 117
9869 3 11
9870 1 34
9871 1 114
9872 2 16
9873 0 1
9874 0 127
9875 0 91
9876 5 0
9877 0 119
9878 2 34
9879 2 14
9880 1 60
9881 1 85
9882 0 107
9883 0 110
9884 2 44
9885 2 68
9886 0 80
9887 1 41
9888 1 81
9889 0 31
9890 0 92
9891 1 109
9892 1 111
9893 1 44
9894 2 44
9895 0 24
9896 2 13
9897 127 0
9898 1 70
9899 0 101
9900 4 0
9901 0 68
9902 1 5
9903 0 6
9904 0 75
9905 0 71
9906 2 100
9907 1 26
9908 0 15
9909 126 127
9910 0 117
9911 0 17
9912 1 44
9913 1 17
9914 2 59
9915 0 61
9916 0 46
9917 0 103
9918 3 59
9919 3 6
9920 0 105
9921 2 60
9922 1 11
9923 3 2
9924 0 38
9925 1 117
9926 2 67
9927 0 116
9928 3 58
9929 1 8
9930 1 101
9931 0 74
9932 1 2
9933 2 45
9934 0 30
9935 0 45
9936 1 12
9937 0 41
9938 0 37
9939 0 17
9940 0 87
9941 0 32
9942 0 117
9943 0 96
9944 0 108
9945 1 17
9946 3 5
9947 0 72
9948 1 42
9949 1 34
9950 3 110
9951 2 0
9952 0 34
9953 0 9
9954 0 75
9955 2 110
9956 0 2
9957 0 27
9958 1 115
9959 0 40
9960 0 102
9961 1 6
9962 0 79
9963 0 23
9964 3 16
9965 0 126
9966 0 64
9967 1 5
9968 1 32
9969 3 8
9970 0 20
9971 1 55
9972 127 127
9973 0 53
9974 2 99
9975 1 114
9976 1 73
9977 0 36
9978 0 12
9979 0 69
9980 2 1
9981 1 74
9982 1 73
9983 2 66
9984 0 22
9985 0 71
9986 2 17
9987 2 46
9988 0 33
9989 0 23
9990 2 6
9991 0 42
9992 1 46
9993 126 0
9994 1 54
9995 2 7
9996 0 104
9997 0 118
9998 0 44
9999 1 124
10000 0 49
10001 0 60
10002 1 11
10003 2 3
10004 0 17
10005 2 88
10006 1 77
10007 2 98
10008 0 121
10009 0 66
10010 1 4
10011 0 45
10012 2 9
10013 1 38
10014 0 105
10015 3 10
10016 2 55
10017 0 35
10018 3 4
10019 0 36
10020 0 10
10021 0 86
10022 0 87
10023 2 53
10024 0 111
10025 1 57
10026 1 117
10027 0 63
10028 6 0
10029 2 59
10030 3 110
10031 0 22
10032 0 91
10033 0 85
10034 1 14
10035 4 1
10036 2 18
10037 2 109
10038 0 98
10039 1 1
10040 3 57
10041 0 81
10042 0 65
10043 1 115
10044 0 119
10045 0 124
10046 0 118
10047 1 87
10048 2 52
10049 1 110
10050 0 23
10051 2 108
10052 127 0
10053 0 44
10054 0 78
10055 0 72
10056 1 35
10057 0 47
10058 0 88
10059 2 107
10060 2 89
10061 1 41
10062 126 127
10063 1 96
10064 1 34
10065 1 66
10066 0 127
10067 0 122
10068 3 11
10069 0 93
10070 2 2
10071 0 19
10072 0 4
10073 1 83
10074 0 45
10075 1 71
10076 0 44
10077 1 107
10078 0 62
10079 0 83
10080 0 63
10081 2 119
10082 2 6
10083 3 5
10084 2 64
10085 0 115
10086 1 64
10087 3 4
10088 1 2
10089 0 52
10090 0 21
10091 1 100
10092 127 127
10093 3 10
10094 126 127
10095 0 104
10096 126 0
10097 0 96
10098 0 14
10099 2 97
10100 2 12
10101 0 100
10102 0 79
10103 1 4
10104 0 119
10105 0 118
10106 0 32
10107 1 13
10108 3 7
10109 1 70
10110 1 113
10111 0 53
10112 0 109
10113 2 1
10114 1 25
10115 0 77
10116 2 2
10117 1 77
10118 0 114
10119 1 71
10120 1 86
10121 0 119
10122 2 35
10123 1 1
10124 127 127
10125 2 5
10126 126 127
10127 0 112
10128 6 2
10129 0 29
10130 0 9
10131 0 115
10132 0 28
10133 0 114
10134 1 43
10135 3 11
10136 0 11
10137 1 7
10138 0 61
10139 2 32
10140 0 41
10141 0 35
10142 1 67
10143 0 46
10144 2 53
10145 1 5
10146 1 70
10147 0 78
10148 0 1
10149 1 98
10150 0 105
10151 0 47
10152 0 95
10153 2 113
10154 5 1
10155 0 96
10156 1 10
10157 2 115
10158 0 55
10159 1 74
10160 1 4
10161 3 109
10162 0 84
10163 0 62
10164 0 67
10165 1 115
10166 0 52
10167 0 126
10168 0 42
10169 0 121
10170 0 2
10171 1 50
10172 0 122
10173 0 25
10174 1 12
10175 2 56
10176 0 118
10177 0 39
10178 1 111
10179 3 58
10180 2 115
10181 2 13
10182 1 8
10183 0 41
10184 6 3
10185 0 76
10186 2 14
10187 1 37
10188 0 57
10189 0 64
10190 0 74
10191 0 111
10192 1 59
10193 4 1
10194 1 45
10195 0 38
10196 2 52
10197 0 79
10198 2 58
10199 0 85
10200 2 31
10201 3 58
10202 1 113
10203 1 87
10204 0 107
10205 1 57
10206 0 43
10207 2 6
10208 2 58
10209 0 121
10210 1 3
10211 0 119
10212 0 31
10213 0 66
10214 0 68
10215 0 118
10216 3 8
10217 1 36
10218 1 21
10219 1 110
10220 0 22
10221 0 78
10222 0 71
10223 5 0
10224 3 1
10225 2 3
10226 2 109
10227 1 20
10228 1 115
10229 1 111
10230 0 99
10231 0 13
10232 127 0
10233 2 2
10234 6 0
10235 1 66
10236 0 104
10237 0 40
10238 2 3
10239 2 32
10240 0 108
10241 3 5
10242 1 32
10243 0 127
10244 0 67
10245 0 113
10246 0 39
10247 0 45
10248 2 96
10249 2 16
10250 1 53
10251 1 109
10252 0 100
10253 0 18
10254 0 105
10255 0 94
10256 2 95
10257 1 0
10258 1 69
10259 0 16
10260 0 37
10261 0 14
10262 6 2
10263 0 98
10264 1 86
10265 5 2
10266 1 89
10267 1 62
10268 0 115
10269 0 84
10270 0 126
10271 1 1
10272 126 0
10273 3 58
10274 5 0
10275 2 19
10276 1 45
10277 1 116
10278 1 51
10279 2 58
10280 0 38
10281 127 127
10282 2 109
10283 1 0
10284 4 4
10285 3 58
10286 3 7
10287 0 20
10288 1 19
10289 0 90
10290 0 57
10291 0 50
10292 3 2
10293 0 8
10294 0 17
10295 1 117
10296 1 110
10297 1 7
10298 1 1
10299 1 18
10300 0 10
10301 1 5
10302 2 1
10303 0 45
10304 4 3
10305 2 13
10306 0 23
10307 1 100
10308 1 56
10309 0 29
10310 0 75
10311 2 4
10312 0 48
10313 0 116
10314 0 34
10315 0 5
10316 1 54
10317 1 95
10318 1 25
10319 0 54
10320 0 109
10321 2 34
10322 1 76
10323 0 112
10324 1 1
10325 0 1
10326 0 68
10327 1 83
10328 2 108
10329 1 82
10330 0 127
10331 0 91
10332 0 67
10333 1 92
10334 1 107
10335 3 8
10336 6 2
10337 2 14
10338 4 4
10339 0 53
10340 1 60
10341 2 11
10342 0 101
10343 1 77
10344 0 56
10345 0 46
10346 3 6
10347 2 33
10348 0 22
10349 1 57
10350 0 45
10351 2 17
10352 0 33
10353 1 44
10354 0 68
10355 0 18
10356 2 32
10357 0 13
10358 0 123
10359 1 20
10360 5 2
10361 2 3
10362 1 55
10363 1 93
10364 0 126
10365 2 58
10366 0 42
10367 0 67
10368 0 111
10369 1 92
10370 0 120
10371 0 60
10372 9 0
10373 0 107
10374 3 5
10375 0 83
10376 0 84
10377 4 0
10378 1 17
10379 2 34
10380 4 1
10381 0 15
10382 1 108
10383 2 95
10384 1 96
10385 0 104
10386 1 2
10387 2 57
10388 0 37
10389 1 14
10390 0 80
10391 1 93
10392 1 90
10393 2 59
10394 0 77
10395 1 8
10396 2 7
10397 2 55
10398 0 87
10399 0 28
10400 0 2
10401 1 85
10402 0 108
10403 1 89
10404 0 119
10405 1 40
10406 0 20
10407 0 79
10408 2 64
10409 0 97
10410 0 109
10411 0 17
10412 0 108
10413 0 83
10414 3 11
10415 0 38
10416 2 12
10417 1 56
10418 0 122
10419 1 43
10420 0 44
10421 0 62
10422 1 4
10423 2 14
10424 0 95
10425 2 54
10426 0 57
10427 0 18
10428 0 49
10429 2 10
10430 0 17
10431 2 63
10432 0 19
10433 2 110
10434 1 12
10435 0 70
10436 1 118
10437 1 62
10438 0 59
10439 0 26
10440 0 80
10441 0 55
10442 2 43
10443 2 12
10444 2 16
10445 3 52
10446 0 12
10447 1 2
10448 0 79
10449 0 102
10450 1 109
10451 0 60
10452 0 52
10453 0 7
10454 2 94
10455 3 9
10456 1 5
10457 3 3
10458 1 54
10459 0 45
10460 0 14
10461 2 64
10462 0 109
10463 0 123
10464 2 6
10465 0 50
10466 0 11
10467 126 127
10468 0 76
10469 2 4
10470 1 68
10471 1 65
10472 2 60
10473 3 14
10474 1 32
10475 3 8
10476 0 105
10477 1 107
10478 0 30
10479 1 117
10480 0 21
10481 1 53
10482 1 118
10483 3 7
10484 0 31
10485 0 104
10486 6 0
10487 0 118
10488 127 0
10489 4 5
10490 1 112
10491 0 77
10492 0 73
10493 2 59
10494 2 2
10495 0 16
10496 0 63
10497 0 69
10498 1 37
10499 2 63
10500 1 76
10501 0 61
10502 0 13
10503 3 5
10504 0 9
10505 1 108
10506 0 25
10507 2 37
10508 5 3
10509 1 12
10510 0 10
10511 2 32
10512 3 12
10513 0 70
10514 3 8
10515 0 53
10516 0 89
10517 1 121
10518 2 64
10519 0 110
10520 3 6
10521 0 107
10522 0 65
10523 1 122
10524 1 65
10525 1 117
10526 3 0
10527 0 49
10528 0 8
10529 0 41
10530 2 63
10531 2 109
10532 0 124
10533 0 12
10534 2 76
10535 1 75
10536 0 100
10537 0 24
10538 0 99
10539 0 51
10540 0 101
10541 0 111
10542 0 123
10543 0 106
10544 2 60
10545 0 54
10546 0 4
10547 1 52
10548 0 64
10549 3 2
10550 1 107
10551 0 27
10552 0 105
10553 0 85
10554 2 95
10555 0 80
10556 0 98
10557 1 11
10558 0 124
10559 2 58
10560 0 115
10561 0 9
10562 0 117
10563 1 116
10564 126 0
10565 0 92
10566 0 15
10567 0 17
10568 5 1
10569 1 60
10570 0 30
10571 0 118
10572 2 77
10573 2 7
10574 1 119
10575 1 51
10576 0 22
10577 0 108
10578 0 106
10579 0 102
10580 0 114
10581 2 76
10582 0 100
10583 0 113
10584 1 81
10585 0 62
10586 0 11
10587 1 34
10588 2 38
10589 0 10
10590 0 26
10591 2 6
10592 2 77
10593 1 63
10594 0 66
10595 2 34
10596 0 42
10597 7 0
10598 0 114
10599 2 76
10600 1 113
10601 1 1
10602 2 52
10603 0 94
10604 2 119
10605 1 102
10606 0 110
10607 0 72
10608 0 44
10609 0 105
10610 1 13
10611 1 43
10612 0 1
10613 127 127
10614 0 121
10615 0 2
10616 2 12
10617 2 3
10618 0 79
10619 2 9
10620 0 55
10621 0 80
10622 0 32
10623 1 109
10624 2 60
10625 2 7
10626 1 117
10627 0 45
10628 1 106
10629 1 123
10630 0 28
10631 2 5
10632 6 3
10633 0 8
10634 3 12
10635 0 41
10636 1 8
10637 1 53
10638 0 123
10639 5 0
10640 0 63
10641 126 127
10642 0 76
10643 1 74
10644 127 127
10645 1 112
10646 0 68
10647 1 122
10648 0 112
10649 0 23
10650 2 109
10651 1 85
10652 0 82
10653 2 122
10654 0 29
10655 127 0
10656 1 110
10657 0 96
10658 1 119
10659 0 73
10660 0 106
10661 0 91
10662 0 8
10663 1 24
10664 0 42
10665 0 127
10666 1 68
10667 0 110
10668 1 34
10669 0 53
10670 126 0
10671 0 44
10672 1 8
10673 2 75
10674 2 56
10675 0 14
10676 0 117
10677 1 105
10678 0 47
10679 0 68
10680 1 92
10681 2 0
10682 0 107
10683 5 1
10684 0 15
10685 0 126
10686 1 89
10687 0 25
10688 0 8
10689 2 4
10690 0 101
10691 2 43
10692 0 93
10693 1 2
10694 1 50
10695 2 63
10696 0 5
10697 1 106
10698 1 33
10699 0 118
10700 0 13
10701 0 95
10702 1 120
10703 2 76
10704 5 0
10705 5 1
10706 10 0
10707 1 31
10708 1 116
10709 1 62
10710 0 79
10711 127 0
10712 2 12
10713 0 90
10714 1 43
10715 0 100
10716 1 57
10717 0 58
10718 1 15
10719 0 9
10720 1 108
10721 2 14
10722 126 127
10723 0 78
10724 0 102
10725 2 10
10726 3 32
10727 2 50
10728 3 12
10729 0 64
10730 0 85
10731 2 37
10732 3 5
10733 0 97
10734 3 9
10735 2 75
10736 127 127
10737 0 57
10738 0 91
10739 0 109
10740 0 72
10741 1 68
10742 0 89
10743 0 73
10744 0 59
10745 0 21
10746 0 72
10747 2 24
10748 1 30
10749 3 14
10750 0 99
10751 0 37
10752 5 0
10753 1 35
10754 0 120
10755 0 30
10756 0 90
10757 1 4
10758 1 21
10759 1 80
10760 0 74
10761 1 119
10762 0 21
10763 0 31
10764 3 3
10765 1 56
10766 0 41
10767 5 3
10768 0 84
10769 4 5
10770 0 32
10771 2 3
10772 0 54
10773 0 26
10774 0 62
10775 8 0
10776 1 39
10777 0 111
10778 1 122
10779 0 79
10780 1 9
10781 1 36
10782 0 69
10783 3 8
10784 1 61
10785 0 14
10786 0 25
10787 3 9
10788 0 117
10789 11 0
10790 0 61
10791 126 0
10792 1 19
10793 2 110
10794 2 4
10795 1 5
10796 0 77
10797 0 92
10798 1 62
10799 1 115
10800 126 127
10801 2 108
10802 0 19
10803 2 13
10804 0 4
10805 1 81
10806 1 121
10807 1 67
10808 0 94
10809 0 96
10810 0 101
10811 1 53
10812 0 46
10813 0 55
10814 1 21
10815 1 110
10816 7 0
10817 1 59
10818 0 85
10819 0 60
10820 0 108
10821 2 1
10822 2 6
10823 0 21
10824 1 42
10825 0 39
10826 0 63
10827 10 0
10828 1 23
10829 3 6
10830 0 40
10831 0 22
10832 0 103
10833 127 0
10834 0 1
10835 0 91
10836 9 0
10837 2 7
10838 2 3
10839 4 2
10840 0 42
10841 0 112
10842 0 76
10843 0 34
10844 0 23
10845 127 127
10846 2 17
10847 3 4
10848 1 44
10849 1 4
10850 1 50
10851 0 109
10852 2 11
10853 0 119
10854 1 87
10855 0 59
10856 1 101
10857 126 127
10858 1 0
10859 0 16
10860 0 58
10861 2 64
10862 0 18
10863 2 115
10864 2 50
10865 0 2
10866 5 5
10867 3 2
10868 4 5
10869 0 78
10870 0 31
10871 2 6
10872 1 57
10873 126 0
10874 0 17
10875 0 108
10876 0 101
10877 1 75
10878 0 36
10879 1 90
10880 0 53
10881 0 45
10882 2 107
10883 0 92
10884 0 111
10885 0 106
10886 0 19
10887 1 24
10888 1 61
10889 0 68
10890 2 38
10891 0 98
10892 0 121
10893 1 62
10894 0 100
10895 2 8
10896 1 59
10897 1 53
10898 0 79
10899 0 4
10900 1 12
10901 2 32
10902 2 61
10903 0 9
10904 3 15
10905 1 121
10906 0 84
10907 3 14
10908 1 8
10909 0 16
10910 0 29
10911 0 61
10912 3 58
10913 2 67
10914 0 77
10915 0 80
10916 0 37
10917 1 17
10918 2 15
10919 0 60
10920 2 24
10921 1 95
10922 0 62
10923 1 109
10924 2 0
10925 2 81
10926 0 91
10927 2 31
10928 1 10
10929 4 3
10930 0 116
10931 2 32
10932 2 7
10933 0 33
10934 5 1
10935 0 87
10936 0 110
10937 1 43
10938 0 86
10939 0 27
10940 0 69
10941 0 8
10942 1 23
10943 5 0
10944 0 92
10945 0 18
10946 1 76
10947 2 109
10948 0 32
10949 7 1
10950 1 27
10951 6 0
10952 0 28
10953 0 87
10954 1 109
10955 0 29
10956 0 35
10957 1 9
10958 0 105
10959 0 93
10960 0 52
10961 0 13
10962 0 122
10963 2 58
10964 127 0
10965 2 31
10966 0 95
10967 1 94
10968 1 50
10969 0 101
10970 1 118
10971 1 38
10972 0 9
10973 0 97
10974 1 82
10975 0 107
10976 3 5
10977 0 44
10978 3 4
10979 1 8
10980 4 12
10981 0 79
10982 0 104
10983 0 67
10984 0 117
10985 8 0
10986 0 57
10987 2 90
10988 0 76
10989 3 11
10990 5 3
10991 2 118
10992 1 2
10993 1 105
10994 2 66
10995 2 80
10996 0 113
10997 0 31
10998 2 43
10999 0 120
11000 2 114
11001 0 77
11002 1 115
11003 2 63
11004 2 38
11005 0 106
11006 2 105
11007 0 127
11008 0 115
11009 7 2
11010 0 71
11011 0 54
11012 0 2
11013 0 21
11014 2 11
11015 0 96
11016 1 105
11017 1 90
11018 1 39
11019 1 61
11020 0 98
11021 2 5
11022 2 105
11023 0 38
11024 0 20
11025 0 76
11026 0 82
11027 5 0
11028 1 51
11029 7 0
11030 1 40
11031 0 23
11032 0 51
11033 0 91
11034 1 115
11035 2 67
11036 0 59
11037 0 8
11038 0 115
11039 1 15
11040 0 19
11041 2 37
11042 0 119
11043 0 66
11044 0 123
11045 1 2
11046 0 56
11047 0 111
11048 1 18
11049 1 62
11050 2 61
11051 0 53
11052 4 3
11053 0 109
11054 0 58
11055 0 77
11056 2 59
11057 0 10
11058 1 50
11059 0 32
11060 1 42
11061 0 17
11062 0 85
11063 0 52
11064 127 127
11065 2 92
11066 1 54
11067 0 28
11068 4 6
11069 0 30
11070 0 99
11071 1 9
11072 1 80
11073 0 59
11074 3 8
11075 1 95
11076 0 0
11077 1 5
11078 0 94
11079 1 113
11080 0 64
11081 0 22
11082 0 61
11083 1 39
11084 8 0
11085 0 1
11086 3 15
11087 3 12
11088 1 105
11089 1 24
11090 0 112
11091 3 6
11092 1 104
11093 2 10
11094 0 60
11095 0 72
11096 0 76
11097 0 68
11098 0 92
11099 0 91
11100 2 95
11101 7 0
11102 0 114
11103 0 93
11104 0 43
11105 126 127
11106 6 2
11107 0 115
11108 0 113
11109 0 14
11110 0 63
11111 5 1
11112 3 61
11113 6 3
11114 0 9
11115 0 111
11116 0 71
11117 0 108
11118 0 120
11119 0 78
11120 0 37
11121 2 64
11122 1 92
11123 0 105
11124 0 55
11125 1 106
11126 0 3
11127 2 14
11128 0 64
11129 0 90
11130 0 44
11131 2 18
11132 2 51
11133 2 2
11134 2 90
11135 0 0
11136 0 122
11137 0 94
11138 1 114
11139 2 58
11140 2 108
11141 1 38
11142 0 48
11143 0 81
11144 2 3
11145 0 47
11146 0 38
11147 2 114
11148 1 118
11149 0 50
11150 0 84
11151 6 2
11152 0 97
11153 0 116
11154 3 16
11155 1 30
11156 0 79
11157 2 63
11158 2 64
11159 1 20
11160 3 37
11161 1 114
11162 0 43
11163 3 5
11164 0 119
11165 0 96
11166 0 46
11167 1 13
11168 0 117
11169 0 123
11170 2 12
11171 2 104
11172 1 53
11173 1 75
11174 1 104
11175 4 0
11176 0 18
11177 3 12
11178 0 19
11179 1 89
11180 0 63
11181 0 86
11182 1 8
11183 0 10
11184 3 4
11185 2 16
11186 2 6
11187 2 1
11188 0 65
11189 0 1
11190 0 21
11191 1 33
11192 0 56
11193 0 120
11194 0 62
11195 3 9
11196 0 49
11197 0 54
11198 1 101
11199 0 93
11200 0 57
11201 1 95
11202 0 106
11203 2 75
11204 0 29
11205 0 122
11206 127 127
11207 2 80
11208 1 67
11209 2 37
11210 2 44
11211 1 80
11212 0 9
11213 0 0
11214 2 12
11215 3 16
11216 1 75
11217 0 123
11218 0 51
11219 0 77
11220 1 44
11221 0 22
11222 0 42
11223 0 52
11224 1 107
11225 0 37
11226 1 10
11227 0 5
11228 1 39
11229 0 55
11230 0 76
11231 0 30
11232 0 45
11233 0 12
11234 2 109
11235 0 91
11236 1 5
11237 0 82
11238 2 4
11239 1 56
11240 0 69
11241 0 122
11242 0 54
11243 1 4
11244 0 55
11245 0 38
11246 1 41
11247 0 109
11248 0 67
11249 4 4
11250 0 36
11251 0 81
11252 4 3
11253 0 21
11254 3 4
11255 6 0
11256 3 1
11257 2 108
11258 0 16
11259 0 78
11260 0 102
11261 0 22
11262 0 123
11263 0 82
11264 5 2
11265 0 28
11266 2 75
11267 1 21
11268 1 119
11269 0 64
11270 0 1
11271 2 41
11272 0 108
11273 0 112
11274 1 41
11275 126 127
11276 0 26
11277 3 7
11278 0 105
11279 1 37
11280 1 30
11281 1 75
11282 1 94
11283 0 113
11284 0 51
11285 0 90
11286 0 103
11287 1 20
11288 0 110
11289 1 88
11290 2 63
11291 0 89
11292 6 3
11293 0 102
11294 2 109
11295 0 111
11296 1 84
11297 1 43
11298 0 72
11299 0 58
11300 2 5
11301 1 95
11302 0 63
11303 0 10
11304 126 0
11305 1 44
11306 4 2
11307 2 37
11308 3 14
11309 0 30
11310 1 61
11311 2 14
11312 1 18
11313 1 43
11314 0 80
11315 2 0
11316 0 4
11317 2 27
11318 0 25
11319 0 53
11320 1 11
11321 1 31
11322 0 118
11323 0 34
11324 0 65
11325 1 6
11326 1 106
11327 0 43
11328 2 6
11329 1 87
11330 5 1
11331 0 88
11332 0 41
11333 1 16
11334 0 54
11335 1 59
11336 0 48
11337 2 15
11338 0 83
11339 2 9
11340 0 17
11341 0 46
11342 1 10
11343 0 44
11344 1 90
11345 0 16
11346 0 73
11347 1 21
11348 0 37
11349 0 107
11350 0 112
11351 0 26
11352 2 5
11353 0 82
11354 2 31
11355 0 38
11356 0 89
11357 1 74
11358 0 40
11359 1 30
11360 5 3
11361 0 64
11362 1 88
11363 0 75
11364 1 37
11365 2 74
11366 0 41
11367 5 4
11368 0 98
11369 1 113
11370 2 50
11371 2 11
11372 1 11
11373 1 27
11374 0 103
11375 1 53
11376 0 110
11377 2 106
11378 2 33
11379 2 37
11380 0 84
11381 1 5
11382 0 121
11383 0 55
11384 2 90
11385 1 15
11386 1 84
11387 2 15
11388 1 17
11389 0 94
11390 5 2
11391 1 64
11392 7 0
11393 2 7
11394 2 62
11395 1 57
11396 0 5
11397 0 15
11398 1 122
11399 0 109
11400 0 85
11401 2 14
11402 2 17
11403 1 73
11404 0 0
11405 0 126
11406 0 83
11407 0 97
11408 1 36
11409 1 20
11410 127 127
11411 1 114
11412 3 7
11413 0 57
11414 2 104
11415 1 50
11416 2 41
11417 5 5
11418 4 5
11419 0 81
11420 0 99
11421 0 124
11422 4 6
11423 1 17
11424 1 113
11425 0 6
11426 1 105
11427 0 30
11428 4 3
11429 0 2
11430 0 5
11431 0 114
11432 0 14
11433 1 67
11434 5 1
11435 1 1
11436 2 63
11437 0 102
11438 6 0
11439 0 63
11440 2 107
11441 3 0
11442 1 62
11443 0 59
11444 4 2
11445 1 9
11446 0 93
11447 1 4
11448 1 65
11449 0 120
11450 1 56
11451 0 122
11452 0 24
11453 2 84
11454 1 24
11455 1 2
11456 0 68
11457 2 17
11458 0 4
11459 1 61
11460 0 43
11461 1 30
11462 2 56
11463 2 40
11464 0 94
11465 0 9
11466 0 54
11467 1 122
11468 1 21
11469 1 4
11470 2 8
11471 0 45
11472 0 39
11473 0 36
11474 3 15
11475 3 60
11476 1 10
11477 0 10
11478 1 100
11479 0 117
11480 0 29
11481 4 3
11482 0 1
11483 0 56
11484 1 64
11485 1 38
11486 0 46
11487 2 36
11488 1 40
11489 2 60
11490 1 62
11491 0 106
11492 0 44
11493 0 38
11494 0 123
11495 0 107
11496 0 69
11497 1 118
11498 1 42
11499 1 20
11500 1 21
11501 2 35
11502 3 16
11503 0 40
11504 2 1
11505 0 96
11506 1 28
11507 4 2
11508 0 67
11509 0 61
11510 1 46
11511 1 121
11512 0 127
11513 0 23
11514 0 105
11515 1 8
11516 2 15
11517 0 37
11518 5 2
11519 0 93
11520 2 7
11521 0 53
11522 1 104
11523 0 97
11524 0 94
11525 0 62
11526 0 0
11527 0 64
11528 2 106
11529 1 9
11530 0 71
11531 1 27
11532 0 72
11533 1 15
11534 1 60
11535 0 119
11536 1 107
11537 3 1
11538 7 0
11539 0 121
11540 0 74
11541 0 107
11542 0 111
11543 0 54
11544 2 64
11545 2 108
11546 0 46
11547 2 75
11548 3 15
11549 0 28
11550 1 25
11551 1 67
11552 3 8
11553 0 3
11554 1 46
11555 0 92
11556 0 52
11557 1 16
11558 0 38
11559 0 96
11560 0 43
11561 1 36
11562 5 1
11563 0 86
11564 1 87
11565 2 10
11566 0 21
11567 0 126
11568 0 57
11569 0 50
11570 1 90
11571 3 10
11572 0 9
11573 6 0
11574 0 35
11575 0 44
11576 0 29
11577 1 21
11578 2 15
11579 0 18
11580 2 13
11581 0 46
11582 0 115
11583 0 120
11584 0 97
11585 0 112
11586 1 48
11587 0 124
11588 0 42
11589 0 123
11590 1 96
11591 1 28
11592 0 95
11593 7 0
11594 0 98
11595 0 10
11596 1 56
11597 0 124
11598 0 20
11599 0 31
11600 0 27
11601 1 44
11602 3 0
11603 2 60
11604 0 122
11605 2 28
11606 3 31
11607 0 67
11608 0 60
11609 1 84
11610 4 4
11611 3 3
11612 1 107
11613 1 18
11614 126 127
11615 0 56
11616 0 63
11617 0 127
11618 0 48
11619 127 127
11620 2 3
11621 6 0
11622 0 108
11623 3 35
11624 4 8
11625 0 88
11626 0 125
11627 3 4
11628 0 8
11629 4 4
11630 2 109
11631 127 0
11632 3 15
11633 0 111
11634 0 107
11635 3 17
11636 0 100
11637 2 35
11638 0 114
11639 0 61
11640 0 32
11641 0 37
11642 1 112
11643 1 61
11644 0 4
11645 0 43
11646 1 109
11647 0 25
11648 126 127
11649 2 53
11650 1 65
11651 0 94
11652 0 45
11653 0 18
11654 2 11
11655 0 75
11656 0 119
11657 1 107
11658 0 19
11659 1 98
11660 1 13
11661 0 113
11662 2 9
11663 1 9
11664 1 99
11665 0 107
11666 0 31
11667 1 52
11668 0 22
11669 2 15
11670 0 74
11671 0 103
11672 0 114
11673 3 8
11674 0 51
11675 3 5
11676 1 8
11677 0 75
11678 2 63
11679 1 127
11680 2 5
11681 0 102
11682 2 9
11683 2 30
11684 0 74
11685 0 116
11686 2 17
11687 0 32
11688 1 4
11689 127 127
11690 0 64
11691 3 6
11692 0 109
11693 0 66
11694 1 107
11695 0 8
11696 0 124
11697 0 77
11698 0 98
11699 2 14
11700 0 101
11701 3 5
11702 0 61
11703 0 1
11704 0 2
11705 0 120
11706 126 0
11707 0 75
11708 1 85
11709 3 1
11710 1 103
11711 1 100
11712 2 74
11713 5 4
11714 0 104
11715 4 3
11716 0 50
11717 0 34
11718 2 2
11719 3 3
11720 0 100
11721 0 84
11722 0 101
11723 1 55
11724 0 42
11725 1 58
11726 1 41
11727 1 2
11728 0 85
11729 2 15
11730 1 18
11731 1 39
11732 0 86
11733 0 83
11734 0 71
11735 5 2
11736 0 38
11737 0 90
11738 2 87
11739 0 30
11740 0 79
11741 1 79
11742 4 2
11743 0 72
11744 2 0
11745 1 30
11746 2 4
11747 0 24
11748 0 96
11749 2 1
11750 1 15
11751 0 110
11752 2 55
11753 1 90
11754 1 10
11755 1 84
11756 1 102
11757 2 14
11758 0 17
11759 2 39
11760 0 39
11761 0 79
11762 0 111
11763 1 110
11764 126 127
11765 4 6
11766 1 32
11767 1 122
11768 4 4
11769 1 96
11770 2 38
11771 0 58
11772 0 43
11773 0 108
11774 1 81
11775 2 64
11776 0 36
11777 0 67
11778 2 5
11779 5 2
11780 5 4
11781 2 37
11782 0 15
11783 1 85
11784 4 3
11785 1 55
11786 2 16
11787 0 74
11788 0 95
11789 0 46
11790 0 41
11791 2 0
11792 1 16
11793 127 0
11794 2 63
11795 0 25
11796 0 4
11797 2 55
11798 3 3
11799 0 32
11800 1 20
11801 0 52
11802 1 54
11803 1 99
11804 1 37
11805 0 29
11806 3 7
11807 0 80
11808 0 62
11809 0 71
11810 2 2
11811 0 35
11812 0 110
11813 1 69
11814 0 113
11815 4 10
11816 0 79
11817 0 89
11818 0 94
11819 0 96
11820 1 63
11821 0 66
11822 127 127
11823 0 45
11824 1 9
11825 4 4
11826 1 61
11827 2 65
11828 0 81
11829 1 109
11830 0 87
11831 0 97
11832 3 10
11833 126 127
11834 1 2
11835 2 1
11836 2 52
11837 7 0
11838 0 119
11839 0 70
11840 0 10
11841 0 115
11842 0 102
11843 127 127
11844 2 63
11845 0 120
11846 0 24
11847 0 31
11848 0 59
11849 0 33
11850 1 8
11851 0 25
11852 0 14
11853 1 81
11854 0 42
11855 2 86
11856 2 30
11857 0 122
11858 0 107
11859 0 88
11860 1 106
11861 1 41
11862 0 46
11863 0 16
11864 1 36
11865 1 65
11866 0 9
11867 1 37
11868 0 57
11869 0 71
11870 2 7
11871 0 105
11872 0 54
11873 0 112
11874 0 18
11875 4 8
11876 0 111
11877 0 61
11878 1 48
11879 3 2
11880 0 91
11881 2 32
11882 5 1
11883 0 0
11884 0 67
11885 2 17
11886 0 45
11887 0 36
11888 3 8
11889 1 56
11890 1 66
11891 1 32
11892 0 10
11893 0 21
11894 1 89
11895 1 96
11896 2 59
11897 1 19
11898 1 63
11899 0 34
11900 0 127
11901 0 51
11902 0 46
11903 6 0
11904 1 33
11905 1 110
11906 2 9
11907 0 76
11908 0 85
11909 0 109
11910 2 19
11911 2 58
11912 0 45
11913 0 73
11914 1 85
11915 7 0
11916 0 93
11917 0 108
11918 1 52
11919 1 30
11920 2 15
11921 0 104
11922 0 89
11923 0 19
11924 4 10
11925 3 17
11926 2 18
11927 0 28
11928 1 9
11929 0 48
11930 0 106
11931 0 29
11932 0 68
11933 1 3
11934 0 66
11935 1 53
11936 0 22
11937 2 110
11938 1 1
11939 126 0
11940 0 81
11941 0 56
11942 1 18
11943 0 47
11944 0 57
11945 0 88
11946 3 9
11947 0 21
11948 2 14
11949 0 101
11950 0 63
11951 1 52
11952 2 75
11953 0 114
11954 0 98
11955 1 81
11956 0 110
11957 1 27
11958 2 3
11959 0 70
11960 0 32
11961 0 118
11962 1 58
11963 0 15
11964 0 1
11965 0 117
11966 1 72
11967 3 8
11968 1 90
11969 0 35
11970 5 2
11971 3 4
11972 1 122
11973 0 123
11974 1 34
11975 6 0
11976 2 31
11977 0 64
11978 2 17
11979 3 1
11980 0 9
11981 3 7
11982 2 32
11983 0 78
11984 4 2
11985 0 111
11986 2 8
11987 2 7
11988 1 38
11989 0 79
11990 0 94
11991 2 31
11992 0 81
11993 2 99
11994 1 53
11995 0 93
11996 0 119
11997 0 67
11998 0 22
11999 3 0
12000 0 44
12001 2 2
12002 1 71
12003 2 60
12004 1 100
12005 0 40
12006 126 127
12007 2 59
12008 0 55
12009 0 103
12010 1 121
12011 1 60
12012 127 0
12013 3 3
12014 0 110
12015 0 0
12016 1 109
12017 0 27
12018 1 43
12019 0 126
12020 0 53
12021 0 24
12022 1 10
12023 2 15
12024 0 63
12025 0 64
12026 0 120
12027 0 31
12028 0 62
12029 1 53
12030 0 5
12031 1 81
12032 1 4
12033 0 81
12034 1 33
12035 0 46
12036 2 43
12037 2 63
12038 0 105
12039 2 41
12040 0 54
12041 2 32
12042 0 10
12043 3 9
12044 0 1
12045 0 94
12046 1 52
12047 1 9
12048 0 53
12049 0 85
12050 126 0
12051 0 33
12052 0 119
12053 1 61
12054 1 15
12055 1 111
12056 0 18
12057 1 89
12058 1 72
12059 3 8
12060 0 90
12061 1 32
12062 0 9
12063 2 54
12064 5 2
12065 3 17
12066 2 58
12067 0 4
12068 0 30
12069 0 104
12070 1 43
12071 0 127
12072 2 3
12073 1 63
12074 3 4
12075 2 43
12076 7 0
12077 0 96
12078 1 83
12079 2 98
12080 1 41
12081 0 37
12082 0 56
12083 0 68
12084 1 10
12085 0 82
12086 0 61
12087 1 96
12088 0 109
12089 0 5
12090 0 116
12091 1 14
12092 3 7
12093 0 63
12094 1 58
12095 0 60
12096 0 43
12097 0 118
12098 2 52
12099 127 0
12100 1 71
12101 0 26
12102 1 103
12103 0 39
12104 0 84
12105 0 31
12106 1 88
12107 5 0
12108 2 61
12109 2 0
12110 2 12
12111 3 110
12112 0 54
12113 2 83
12114 126 0
12115 3 10
12116 0 19
12117 0 28
12118 0 103
12119 0 53
12120 2 42
12121 0 126
12122 2 97
12123 0 67
12124 1 114
12125 3 59
12126 2 38
12127 0 61
12128 2 111
12129 4 0
12130 1 21
12131 1 111
12132 0 81
12133 1 36
12134 0 91
12135 0 110
12136 1 24
12137 0 106
12138 1 72
12139 2 98
12140 0 75
12141 0 122
12142 0 41
12143 0 20
12144 0 76
12145 0 23
12146 2 7
12147 0 19
12148 2 59
12149 1 55
12150 3 7
12151 1 17
12152 0 68
12153 0 104
12154 4 2
12155 1 8
12156 127 127
12157 2 111
12158 0 123
12159 0 25
12160 6 0
12161 0 65
12162 2 34
12163 0 21
12164 0 102
12165 0 111
12166 2 69
12167 3 59
12168 0 86
12169 2 8
12170 2 85
12171 0 88
12172 0 110
12173 0 57
12174 0 60
12175 0 83
12176 2 16
12177 127 0
12178 1 18
12179 0 93
12180 0 115
12181 1 90
12182 0 62
12183 0 61
12184 1 81
12185 1 41
12186 0 122
12187 2 60
12188 4 4
12189 0 4
12190 0 97
12191 0 78
12192 1 51
12193 0 81
12194 1 62
12195 0 74
12196 0 11
12197 1 111
12198 0 55
12199 0 0
12200 0 17
12201 1 4
12202 2 103
12203 1 21
12204 1 59
12205 1 76
12206 0 14
12207 126 127
12208 0 67
12209 1 2
12210 0 30
12211 2 74
12212 0 59
12213 0 73
12214 0 16
12215 0 17
12216 1 69
12217 1 103
12218 0 41
12219 2 32
12220 1 32
12221 4 8
12222 0 98
12223 0 123
12224 1 8
12225 7 0
12226 0 85
12227 5 6
12228 0 12
12229 0 117
12230 2 62
12231 0 114
12232 4 6
12233 0 4
12234 5 2
12235 2 18
12236 0 49
12237 0 77
12238 0 80
12239 0 1
12240 0 11
12241 0 48
12242 1 44
12243 0 32
12244 2 24
12245 1 58
12246 0 109
12247 1 39
12248 126 0
12249 1 89
12250 0 87
12251 0 39
12252 0 121
12253 0 79
12254 0 107
12255 2 36
12256 1 29
12257 2 1
12258 127 0
12259 0 89
12260 1 5
12261 1 16
12262 0 51
12263 1 34
12264 1 89
12265 1 36
12266 0 124
12267 0 71
12268 0 127
12269 0 20
12270 0 84
12271 3 4
12272 1 63
12273 1 38
12274 2 110
12275 0 26
12276 0 101
12277 4 5
12278 2 0
12279 2 97
12280 0 63
12281 0 89
12282 0 27
12283 0 111
12284 0 94
12285 0 102
12286 1 42
12287 1 108
12288 2 109
12289 0 86
12290 0 69
12291 2 110
12292 2 8
12293 2 103
12294 2 6
12295 0 120
12296 1 31
12297 0 50
12298 1 69
12299 1 8
12300 0 6
12301 1 104
12302 0 40
12303 0 112
12304 0 80
12305 2 98
12306 0 68
12307 1 84
12308 1 22
12309 1 45
12310 0 119
12311 0 105
12312 2 16
12313 4 6
12314 0 100
12315 1 74
12316 0 56
12317 4 17
12318 0 104
12319 0 111
12320 2 2
12321 2 76
12322 0 51
12323 0 82
12324 0 58
12325 1 103
12326 0 92
12327 1 21
12328 0 97
12329 1 4
12330 1 62
12331 1 55
12332 0 60
12333 0 55
12334 0 38
12335 0 12
12336 2 36
12337 2 72
12338 0 56
12339 0 19
12340 1 112
12341 0 106
12342 0 28
12343 6 0
12344 0 10
12345 0 29
12346 0 25
12347 2 82
12348 1 24
12349 0 5
12350 0 116
12351 0 9
12352 1 15
12353 0 30
12354 0 98
12355 0 55
12356 1 76
12357 0 79
12358 0 101
12359 0 26
12360 2 42
12361 0 57
12362 4 9
12363 0 45
12364 0 81
12365 1 100
12366 1 18
12367 2 97
12368 0 72
12369 1 115
12370 0 107
12371 0 67
12372 0 118
12373 0 50
12374 2 71
12375 0 85
12376 3 17
12377 1 6
12378 0 29
12379 2 11
12380 1 82
12381 0 76
12382 1 42
12383 1 99
12384 0 11
12385 1 65
12386 0 22
12387 2 42
12388 1 40
12389 0 16
12390 2 40
12391 0 113
12392 0 115
12393 1 52
12394 1 100
12395 1 59
12396 2 12
12397 2 15
12398 0 13
12399 0 33
12400 1 13
12401 2 82
12402 1 16
12403 0 97
12404 0 37
12405 0 20
12406 1 114
12407 1 1
12408 0 8
12409 3 11
12410 1 12
12411 2 10
12412 1 36
12413 1 2
12414 0 126
12415 0 40
12416 1 82
12417 2 112
12418 1 95
12419 0 91
12420 0 123
12421 3 58
12422 4 2
12423 2 53
12424 1 99
12425 1 9
12426 1 10
12427 0 117
12428 0 61
12429 1 110
12430 0 38
12431 3 8
12432 1 77
12433 0 127
12434 2 13
12435 2 108
12436 0 27
12437 0 31
12438 1 54
12439 0 37
12440 4 3
12441 1 105
12442 0 108
12443 126 0
12444 0 88
12445 0 17
12446 2 114
12447 1 39
12448 0 12
12449 2 34
12450 0 99
12451 0 109
12452 0 66
12453 1 31
12454 2 8
12455 0 108
12456 1 99
12457 1 113
12458 2 10
12459 0 24
12460 1 7
12461 3 8
12462 0 38
12463 0 16
12464 1 15
12465 1 38
12466 0 6
12467 0 67
12468 0 86
12469 0 80
12470 0 112
12471 0 126
12472 0 59
12473 0 99
12474 2 111
12475 2 7
12476 0 102
12477 0 90
12478 0 109
12479 0 13
12480 2 16
12481 2 21
12482 1 5
12483 1 51
12484 0 69
12485 0 64
12486 0 56
12487 2 39
12488 1 34
12489 0 113
12490 0 5
12491 0 37
12492 2 8
12493 1 106
12494 2 58
12495 0 49
12496 0 50
12497 0 84
12498 1 26
12499 0 110
12500 1 114
12501 0 31
12502 1 86
12503 2 4
12504 0 86
12505 4 5
12506 1 63
12507 0 75
12508 1 31
12509 1 66
12510 0 38
12511 1 12
12512 0 127
12513 1 69
12514 0 101
12515 1 108
12516 0 49
12517 1 59
12518 0 105
12519 0 102
12520 2 96
12521 3 7
12522 0 52
12523 2 61
12524 0 60
12525 0 53
12526 0 26
12527 0 0
12528 7 0
12529 0 31
12530 0 32
12531 1 25
12532 0 93
12533 2 108
12534 1 1
12535 0 50
12536 0 28
12537 3 0
12538 2 114
12539 2 0
12540 1 52
12541 0 55
12542 2 15
12543 0 33
12544 1 114
12545 3 0
12546 1 37
12547 6 0
12548 0 23
12549 0 19
12550 2 0
12551 127 0
12552 0 41
12553 0 56
12554 3 13
12555 0 100
12556 1 6
12557 0 39
12558 0 32
12559 1 3
12560 1 14
12561 0 25
12562 2 70
12563 0 61
12564 1 21
12565 1 88
12566 1 42
12567 7 0
12568 0 78
12569 2 97
12570 0 87
12571 1 23
12572 2 5
12573 4 6
12574 0 122
12575 4 5
12576 1 62
12577 0 126
12578 2 7
12579 1 108
12580 0 118
12581 2 114
12582 0 76
12583 0 95
12584 0 75
12585 0 14
12586 1 85
12587 1 51
12588 0 46
12589 1 111
12590 1 44
12591 1 52
12592 2 57
12593 0 9
12594 3 4
12595 0 45
12596 0 89
12597 2 4
12598 0 101
12599 2 108
12600 3 4
12601 2 111
12602 2 8
12603 1 109
12604 0 127
12605 2 38
12606 1 9
12607 0 126
12608 1 95
12609 0 30
12610 0 95
12611 2 56
12612 0 42
12613 1 26
12614 0 70
12615 2 39
12616 1 27
12617 0 40
12618 1 65
12619 1 40
12620 2 38
12621 0 99
12622 3 53
12623 2 55
12624 1 24
12625 2 40
12626 0 104
12627 2 53
12628 0 117
12629 0 121
12630 0 54
12631 0 63
12632 2 3
12633 0 83
12634 0 46
12635 3 6
12636 2 12
12637 0 4
12638 0 17
12639 0 37
12640 0 109
12641 0 23
12642 0 118
12643 1 73
12644 0 116
12645 1 5
12646 0 81
12647 2 88
12648 0 85
12649 2 17
12650 1 51
12651 1 13
12652 0 106
12653 0 60
12654 3 7
12655 0 5
12656 2 5
12657 3 0
12658 1 85
12659 0 1
12660 1 52
12661 2 0
12662 0 64
12663 0 58
12664 0 13
12665 0 96
12666 0 115
12667 1 74
12668 0 57
12669 1 26
12670 0 66
12671 1 97
12672 0 45
12673 2 36
12674 127 127
12675 0 0
12676 0 117
12677 0 33
12678 0 103
12679 0 92
12680 0 80
12681 2 2
12682 1 51
12683 0 47
12684 0 120
12685 0 81
12686 0 1
12687 0 27
12688 0 9
12689 0 63
12690 1 55
12691 0 104
12692 1 8
12693 1 111
12694 0 64
12695 0 62
12696 2 34
12697 1 110
12698 2 26
12699 1 36
12700 0 22
12701 0 85
12702 3 14
12703 4 2
12704 2 65
12705 0 90
12706 2 8
12707 0 58
12708 0 111
12709 0 119
12710 1 61
12711 0 84
12712 2 59
12713 3 0
12714 1 102
12715 2 3
12716 0 28
12717 0 32
12718 0 52
12719 1 68
12720 3 9
12721 1 41
12722 1 98
12723 1 103
12724 0 0
12725 0 98
12726 0 20
12727 1 12
12728 1 59
12729 2 110
12730 1 97
12731 2 6
12732 4 9
12733 1 10
12734 1 83
12735 0 110
12736 0 63
12737 1 26
12738 1 8
12739 0 40
12740 2 59
12741 0 59
12742 0 94
12743 3 40
12744 0 88
12745 1 105
12746 2 10
12747 0 43
12748 0 68
12749 0 61
12750 0 24
12751 0 103
12752 0 107
12753 1 92
12754 0 80
12755 0 83
12756 0 26
12757 4 6
12758 0 81
12759 0 34
12760 1 102
12761 1 112
12762 2 111
12763 1 117
12764 0 112
12765 1 26
12766 3 13
12767 2 12
12768 2 44
12769 1 44
12770 1 32
12771 2 51
12772 1 68
12773 0 86
12774 0 31
12775 0 117
12776 0 100
12777 0 57
12778 0 85
12779 0 53
12780 1 114
12781 0 4
12782 1 82
12783 0 79
12784 0 46
12785 1 112
12786 0 127
12787 0 25
12788 1 45
12789 1 58
12790 1 27
12791 1 19
12792 2 21
12793 1 57
12794 0 116
12795 0 99
12796 2 5
12797 0 54
12798 0 77
12799 4 3
12800 1 63
12801 0 6
12802 6 0
12803 1 15
12804 1 98
12805 1 51
12806 1 35
12807 126 0
12808 0 10
12809 0 86
12810 2 110
12811 0 53
12812 0 39
12813 2 82
12814 0 56
12815 2 1
12816 1 117
12817 0 84
12818 1 101
12819 1 11
12820 0 9
12821 1 79
12822 2 40
12823 0 55
12824 0 30
12825 0 26
12826 0 58
12827 0 40
12828 0 39
12829 0 59
12830 0 24
12831 1 73
12832 0 54
12833 4 5
12834 0 80
12835 0 53
12836 1 54
12837 1 82
12838 0 25
12839 1 62
12840 0 49
12841 2 4
12842 1 97
12843 2 0
12844 1 102
12845 0 63
12846 0 45
12847 0 57
12848 1 6
12849 2 58
12850 3 9
12851 0 71
12852 4 6
12853 0 65
12854 2 54
12855 0 15
12856 0 5
12857 0 101
12858 0 115
12859 0 32
12860 2 33
12861 1 32
12862 0 36
12863 0 68
12864 1 56
12865 2 56
12866 0 74
12867 1 58
12868 0 14
12869 2 102
12870 1 54
12871 1 1
12872 0 104
12873 1 98
12874 1 86
12875 0 86
12876 0 81
12877 0 106
12878 0 37
12879 0 15
12880 126 127
12881 1 14
12882 0 60
12883 2 16
12884 1 22
12885 0 111
12886 1 16
12887 0 10
12888 0 118
12889 2 6
12890 0 67
12891 0 31
12892 1 102
12893 2 2
12894 0 36
12895 1 38
12896 2 14
12897 3 3
12898 1 61
12899 3 0
12900 0 116
12901 1 6
12902 1 26
12903 0 110
12904 2 61
12905 0 111
12906 0 32
12907 0 126
12908 2 0
12909 0 26
12910 0 27
12911 4 5
12912 0 98
12913 0 51
12914 0 68
12915 1 59
12916 1 18
12917 0 83
12918 1 58
12919 2 6
12920 1 56
12921 0 107
12922 2 16
12923 127 127
12924 1 44
12925 1 32
12926 1 47
12927 0 47
12928 1 25
12929 4 11
12930 0 9
12931 1 106
12932 2 25
12933 2 69
12934 2 56
12935 0 37
12936 4 3
12937 3 2
12938 0 33
12939 0 28
12940 1 6
12941 4 6
12942 1 14
12943 0 41
12944 1 25
12945 0 62
12946 0 84
12947 1 69
12948 2 52
12949 0 93
12950 0 100
12951 1 59
12952 1 86
12953 2 69
12954 0 95
12955 1 47
12956 4 4
12957 2 6
12958 1 31
12959 126 127
12960 2 54
12961 3 5
12962 1 53
12963 0 47
12964 0 46
12965 0 127
12966 0 11
12967 2 32
12968 3 14
12969 1 49
12970 0 45
12971 2 13
12972 1 16
12973 1 110
12974 0 10
12975 0 34
12976 1 40
12977 0 86
12978 4 3
12979 2 110
12980 0 102
12981 0 42
12982 1 6
12983 0 59
12984 0 97
12985 0 96
12986 1 109
12987 0 60
12988 2 6
12989 2 111
12990 0 18
12991 0 12
12992 0 43
12993 0 67
12994 1 63
12995 0 48
12996 4 4
12997 0 58
12998 0 76
12999 1 50
13000 1 105
13001 0 77
13002 1 12
13003 0 53
13004 2 2
13005 0 115
13006 0 9
13007 0 30
13008 2 107
13009 0 22
13010 1 6
13011 1 64
13012 127 127
13013 1 72
13014 2 6
13015 2 38
13016 0 72
13017 0 31
13018 0 10
13019 0 80
13020 5 6
13021 0 17
13022 2 112
13023 4 9
13024 3 11
13025 1 36
13026 0 71
13027 1 78
13028 2 9
13029 0 14
13030 4 8
13031 127 0
13032 0 50
13033 0 56
13034 0 4
13035 1 69
13036 0 63
13037 0 19
13038 2 106
13039 2 66
13040 2 107
13041 0 82
13042 1 14
13043 1 30
13044 0 27
13045 1 54
13046 1 49
13047 2 55
13048 0 92
13049 0 76
13050 2 18
13051 2 56
13052 0 126
13053 4 5
13054 0 21
13055 0 99
13056 0 68
13057 0 8
13058 1 112
13059 2 59
13060 2 7
13061 2 16
13062 2 27
13063 1 6
13064 1 91
13065 1 86
13066 126 0
13067 1 26
13068 1 106
13069 0 26
13070 0 85
13071 1 66
13072 2 40
13073 2 28
13074 0 23
13075 0 20
13076 1 35
13077 2 108
13078 0 108
13079 2 30
13080 1 18
13081 2 55
13082 0 1
13083 1 87
13084 0 106
13085 1 104
13086 1 25
13087 1 15
13088 1 116
13089 0 52
13090 3 15
13091 0 127
13092 3 5
13093 0 25
13094 0 22
13095 0 33
13096 0 5
13097 0 79
13098 126 127
13099 0 126
13100 2 107
13101 2 51
13102 0 9
13103 1 5
13104 1 20
13105 0 97
13106 0 105
13107 1 8
13108 0 81
13109 0 96
13110 0 72
13111 2 112
13112 2 110
13113 2 89
13114 2 10
13115 3 8
13116 0 107
13117 3 9
13118 0 14
13119 0 20
13120 1 9
13121 1 77
13122 3 8
13123 0 84
13124 3 2
13125 0 71
13126 1 40
13127 0 34
13128 2 44
13129 0 55
13130 2 18
13131 0 12
13132 2 56
13133 3 9
13134 0 15
13135 0 117
13136 0 24
13137 0 4
13138 0 18
13139 2 2
13140 1 14
13141 1 112
13142 0 47
13143 0 104
13144 2 22
13145 0 83
13146 2 91
13147 0 106
13148 3 8
13149 1 53
13150 0 100
13151 0 26
13152 2 25
13153 2 64
13154 2 6
13155 3 0
13156 0 49
13157 0 61
13158 1 91
13159 0 109
13160 0 14
13161 0 38
13162 2 114
13163 127 127
13164 3 30
13165 0 75
13166 1 30
13167 127 0
13168 3 14
13169 0 94
13170 1 56
13171 1 8
13172 2 27
13173 1 26
13174 2 91
13175 3 29
13176 0 78
13177 0 114
13178 0 64
13179 1 19
13180 0 84
13181 126 0
13182 0 127
13183 0 39
13184 0 98
13185 1 29
13186 0 65
13187 1 20
13188 1 7
13189 1 8
13190 0 42
13191 4 6
13192 0 21
13193 4 3
13194 1 54
13195 0 16
13196 0 19
13197 3 4
13198 0 27
13199 2 4
13200 2 1
13201 1 70
13202 1 48
13203 1 67
13204 3 12
13205 1 7
13206 2 62
13207 0 51
13208 1 36
13209 0 52
13210 1 89
13211 3 3
13212 0 76
13213 1 53
13214 1 96
13215 3 11
13216 4 7
13217 0 54
13218 1 19
13219 2 53
13220 2 69
13221 1 43
13222 1 100
13223 1 107
13224 2 77
13225 0 19
13226 1 35
13227 0 28
13228 7 0
13229 0 38
13230 0 22
13231 0 57
13232 2 37
13233 0 105
13234 0 46
13235 0 58
13236 0 30
13237 2 45
13238 0 17
13239 1 113
13240 1 92
13241 0 113
13242 0 15
13243 0 18
13244 2 89
13245 1 111
13246 0 106
13247 0 57
13248 0 126
13249 1 76
13250 0 87
13251 0 114
13252 0 103
13253 0 10
13254 1 63
13255 0 92
13256 0 76
13257 2 12
13258 0 105
13259 127 0
13260 0 73
13261 2 19
13262 2 65
13263 0 27
13264 0 118
13265 0 100
13266 0 41
13267 2 115
13268 0 58
13269 0 25
13270 1 1
13271 0 16
13272 2 13
13273 0 36
13274 0 83
13275 0 28
13276 4 5
13277 3 6
13278 1 32
13279 0 117
13280 1 100
13281 0 51
13282 2 2
13283 0 33
13284 0 9
13285 1 39
13286 0 95
13287 1 15
13288 0 11
13289 0 31
13290 0 24
13291 0 107
13292 2 68
13293 1 37
13294 0 75
13295 1 9
13296 2 8
13297 0 97
13298 0 20
13299 0 127
13300 0 80
13301 2 44
13302 0 6
13303 2 21
13304 3 28
13305 2 5
13306 2 37
13307 0 30
13308 0 94
13309 0 13
13310 0 110
13311 0 70
13312 1 22
13313 2 17
13314 2 64
13315 2 24
13316 1 5
13317 3 10
13318 0 1
13319 0 21
13320 2 16
13321 1 1
13322 1 86
13323 0 43
13324 2 69
13325 0 100
13326 0 67
13327 1 45
13328 0 37
13329 0 31
13330 5 0
13331 0 48
13332 4 3
13333 2 0
13334 0 95
13335 2 50
13336 0 26
13337 0 23
13338 2 61
13339 2 72
13340 0 112
13341 0 116
13342 0 20
13343 2 109
13344 5 5
13345 2 113
13346 0 118
13347 0 77
13348 0 50
13349 126 0
13350 1 17
13351 3 12
13352 0 82
13353 0 10
13354 0 126
13355 2 65
13356 0 108
13357 126 127
13358 2 96
13359 1 116
13360 3 3
13361 4 8
13362 0 30
13363 0 47
13364 2 49
13365 0 27
13366 2 43
13367 0 107
13368 4 5
13369 0 35
13370 4 3
13371 2 10
13372 2 76
13373 2 64
13374 0 34
13375 2 50
13376 2 111
13377 3 2
13378 0 108
13379 0 83
13380 3 115
13381 2 115
13382 2 104
13383 0 40
13384 0 15
13385 0 42
13386 2 68
13387 0 60
13388 1 89
13389 1 24
13390 0 98
13391 0 16
13392 1 109
13393 0 115
13394 3 16
13395 3 4
13396 3 115
13397 3 11
13398 1 59
13399 3 12
13400 0 43
13401 3 29
13402 2 42
13403 0 72
13404 1 28
13405 0 73
13406 1 102
13407 1 53
13408 0 79
13409 2 7
13410 3 10
13411 0 80
13412 0 55
13413 8 0
13414 0 82
13415 1 57
13416 2 16
13417 2 36
13418 0 12
13419 0 78
13420 0 101
13421 0 7
13422 2 10
13423 0 57
13424 0 22
13425 1 96
13426 2 8
13427 0 111
13428 127 127
13429 0 104
13430 0 9
13431 0 48
13432 4 0
13433 0 107
13434 0 29
13435 0 1
13436 0 69
13437 1 113
13438 1 42
13439 1 103
13440 0 93
13441 1 117
13442 2 7
13443 0 83
13444 2 110
13445 0 77
13446 1 29
13447 0 97
13448 1 56
13449 1 102
13450 0 100
13451 0 82
13452 2 6
13453 0 109
13454 3 10
13455 0 28
13456 0 114
13457 0 94
13458 0 79
13459 2 8
13460 1 31
13461 0 81
13462 2 115
13463 1 111
13464 0 30
13465 1 76
13466 1 21
13467 0 111
13468 0 82
13469 1 25
13470 5 3
13471 1 38
13472 1 111
13473 1 41
13474 1 107
13475 2 65
13476 1 19
13477 0 111
13478 1 24
13479 1 72
13480 0 115
13481 7 0
13482 2 64
13483 1 14
13484 0 31
13485 1 116
13486 0 98
13487 2 103
13488 0 36
13489 1 88
13490 127 0
13491 0 37
13492 1 85
13493 0 92
13494 0 68
13495 4 12
13496 0 108
13497 0 61
13498 1 42
13499 0 72
13500 1 8
13501 1 25
13502 0 54
13503 6 0
13504 0 36
13505 1 92
13506 2 5
13507 2 2
13508 1 1
13509 0 13
13510 2 19
13511 0 19
13512 1 66
13513 1 110
13514 1 109
13515 0 25
13516 0 101
13517 0 102
13518 1 103
13519 0 89
13520 2 66
13521 2 15
13522 1 20
13523 3 3
13524 0 92
13525 0 52
13526 1 32
13527 1 66
13528 4 4
13529 5 2
13530 1 55
13531 2 3
13532 0 114
13533 2 9
13534 2 21
13535 126 127
13536 2 12
13537 0 90
13538 2 114
13539 2 8
13540 1 18
13541 3 28
13542 0 110
13543 0 20
13544 1 41
13545 1 42
13546 1 89
13547 2 65
13548 3 19
13549 0 96
13550 4 11
13551 0 116
13552 0 44
13553 0 59
13554 2 19
13555 1 104
13556 2 103
13557 2 10
13558 0 42
13559 1 30
13560 0 30
13561 1 34
13562 0 31
13563 0 70
13564 0 103
13565 3 10
13566 1 47
13567 2 53
13568 1 22
13569 0 35
13570 1 7
13571 0 62
13572 4 5
13573 1 116
13574 1 71
13575 0 37
13576 2 2
13577 1 92
13578 1 88
13579 1 67
13580 0 74
13581 3 19
13582 3 13
13583 2 10
13584 0 117
13585 0 56
13586 0 89
13587 2 20
13588 3 10
13589 0 64
13590 0 90
13591 0 10
13592 1 105
13593 1 89
13594 3 18
13595 3 6
13596 1 88
13597 0 30
13598 4 4
13599 1 12
13600 2 9
13601 1 89
13602 0 31
13603 0 61
13604 2 3
13605 0 85
13606 4 12
13607 3 2
13608 0 102
13609 0 36
13610 0 80
13611 3 4
13612 2 107
13613 1 88
13614 2 45
13615 3 11
13616 2 64
13617 1 42
13618 0 83
13619 1 52
13620 0 26
13621 2 32
13622 0 66
13623 2 60
13624 126 0
13625 1 21
13626 0 99
13627 2 69
13628 2 115
13629 2 19
13630 0 53
13631 0 93
13632 4 4
13633 0 127
13634 0 62
13635 1 29
13636 0 9
13637 0 75
13638 2 2
13639 0 18
13640 0 111
13641 0 39
13642 0 115
13643 0 92
13644 2 13
13645 0 114
13646 1 112
13647 1 45
13648 3 7
13649 3 10
13650 1 62
13651 2 35
13652 0 37
13653 1 91
13654 0 69
13655 3 3
13656 0 45
13657 0 47
13658 0 89
13659 0 14
13660 0 116
13661 3 11
13662 0 12
13663 0 17
13664 0 30
13665 0 57
13666 1 10
13667 0 74
13668 1 14
13669 2 63
13670 1 0
13671 0 98
13672 0 75
13673 3 9
13674 2 16
13675 1 33
13676 0 54
13677 0 126
13678 0 52
13679 2 38
13680 2 71
13681 0 40
13682 0 27
13683 0 46
13684 4 5
13685 3 29
13686 0 39
13687 0 82
13688 1 37
13689 0 107
13690 0 100
13691 0 68
13692 2 8
13693 0 22
13694 0 45
13695 2 64
13696 2 20
13697 1 100
13698 2 19
13699 2 76
13700 2 111
13701 1 104
13702 2 110
13703 1 48
13704 0 95
13705 3 17
13706 1 76
13707 0 109
13708 1 115
13709 0 14
13710 1 61
13711 0 104
13712 0 36
13713 1 34
13714 4 13
13715 2 36
13716 0 8
13717 2 67
13718 3 28
13719 1 70
13720 1 104
13721 5 8
13722 0 9
13723 0 32
13724 0 61
13725 2 21
13726 0 7
13727 3 18
13728 0 15
13729 1 46
13730 0 63
13731 4 2
13732 0 106
13733 4 4
13734 0 38
13735 2 72
13736 1 24
13737 0 127
13738 0 96
13739 0 65
13740 0 104
13741 1 64
13742 1 60
13743 0 79
13744 127 0
13745 1 113
13746 1 53
13747 4 9
13748 0 86
13749 0 87
13750 2 64
13751 0 99
13752 4 5
13753 1 6
13754 1 13
13755 0 25
13756 1 56
13757 0 58
13758 0 126
13759 1 64
13760 7 0
13761 0 16
13762 0 60
13763 0 35
13764 0 48
13765 2 46
13766 3 4
13767 0 118
13768 0 49
13769 2 35
13770 0 6
13771 0 7
13772 0 55
13773 0 95
13774 2 39
13775 2 115
13776 127 127
13777 0 70
13778 2 64
13779 0 51
13780 1 15
13781 1 58
13782 1 64
13783 0 5
13784 0 24
13785 0 29
13786 1 50
13787 0 108
13788 1 106
13789 1 61
13790 2 15
13791 2 76
13792 0 4
13793 2 71
13794 0 19
13795 1 115
13796 1 21
13797 0 113
13798 0 47
13799 1 70
13800 0 25
13801 0 53
13802 0 23
13803 2 20
13804 3 3
13805 1 101
13806 1 77
13807 0 86
13808 2 108
13809 3 9
13810 3 69
13811 1 46
13812 3 29
13813 0 39
13814 0 96
13815 126 0
13816 0 22
13817 2 69
13818 0 48
13819 2 31
13820 126 127
13821 4 9
13822 1 17
13823 2 19
13824 0 46
13825 0 54
13826 0 24
13827 1 31
13828 0 106
13829 1 18
13830 1 17
13831 0 103
13832 0 18
13833 1 100
13834 2 102
13835 0 42
13836 1 12
13837 0 114
13838 1 45
13839 0 8
13840 0 110
13841 0 66
13842 0 69
13843 0 65
13844 2 4
13845 3 16
13846 1 63
13847 0 59
13848 0 33
13849 0 30
13850 0 111
13851 0 49
13852 0 38
13853 1 87
13854 0 87
13855 0 104
13856 0 127
13857 1 14
13858 0 29
13859 0 91
13860 3 28
13861 2 11
13862 6 0
13863 2 75
13864 0 6
13865 2 101
13866 1 60
13867 2 107
13868 127 127
13869 0 90
13870 0 84
13871 0 74
13872 2 5
13873 2 64
13874 2 1
13875 0 81
13876 0 71
13877 1 28
13878 0 68
13879 1 75
13880 1 67
13881 1 86
13882 3 4
13883 7 0
13884 127 0
13885 4 16
13886 0 30
13887 0 73
13888 1 19
13889 0 52
13890 3 3
13891 0 109
13892 5 0
13893 1 55
13894 8 0
13895 0 86
13896 0 11
13897 0 14
13898 0 91
13899 7 0
13900 2 17
13901 2 68
13902 0 101
13903 2 36
13904 1 15
13905 2 58
13906 0 94
13907 0 5
13908 0 74
13909 0 61
13910 0 103
13911 3 0
13912 0 77
13913 0 126
13914 2 46
13915 1 110
13916 1 66
13917 0 13
13918 2 72
13919 0 105
13920 2 65
13921 4 4
13922 0 25
13923 0 56
13924 1 47
13925 126 127
13926 0 113
13927 0 57
13928 0 29
13929 0 76
13930 0 83
13931 0 30
13932 2 21
13933 5 7
13934 0 15
13935 2 35
13936 2 104
13937 2 4
13938 1 32
13939 1 67
13940 5 6
13941 2 14
13942 0 17
13943 0 77
13944 0 21
13945 0 114
13946 1 9
13947 4 6
13948 0 76
13949 0 19
13950 1 19
13951 0 112
13952 0 6
13953 0 88
13954 1 31
13955 8 0
13956 0 32
13957 0 85
13958 1 99
13959 1 104
13960 1 56
13961 0 24
13962 4 1
13963 2 20
13964 4 2
13965 1 83
13966 2 31
13967 1 58
13968 1 5
13969 3 9
13970 0 39
13971 127 127
13972 0 48
13973 0 100
13974 1 53
13975 0 55
13976 2 2
13977 0 83
13978 0 14
13979 5 4
13980 0 78
13981 0 29
13982 0 79
13983 2 58
13984 1 58
13985 126 127
13986 126 0
13987 3 46
13988 2 75
13989 7 0
13990 1 54
13991 0 43
13992 0 117
13993 0 93
13994 0 19
13995 0 94
13996 1 29
13997 2 5
13998 2 7
13999 0 98
14000 1 69
14001 3 6
14002 2 38
14003 1 90
14004 0 63
14005 1 75
14006 1 13
14007 0 44
14008 2 113
14009 0 16
14010 1 53
14011 2 10
14012 1 111
14013 0 67
14014 4 1
14015 0 108
14016 1 66
14017 1 96
14018 0 92
14019 2 60
14020 4 9
14021 0 41
14022 0 45
14023 3 4
14024 0 70
14025 0 69
14026 3 29
14027 1 87
14028 0 12
14029 1 61
14030 127 127
14031 0 107
14032 0 38
14033 2 104
14034 1 23
14035 2 36
14036 2 46
14037 0 68
14038 1 33
14039 0 43
14040 3 19
14041 0 18
14042 2 58
14043 3 9
14044 1 69
14045 1 72
14046 0 101
14047 1 67
14048 1 44
14049 1 31
14050 2 39
14051 1 28
14052 3 60
14053 126 127
14054 2 56
14055 1 16
14056 0 95
14057 2 100
14058 0 46
14059 1 22
14060 1 23
14061 2 45
14062 0 127
14063 1 104
14064 0 73
14065 0 71
14066 0 100
14067 0 19
14068 0 26
14069 2 106
14070 8 0
14071 0 40
14072 1 110
14073 0 91
14074 1 56
14075 0 42
14076 0 108
14077 0 51
14078 4 9
14079 4 6
14080 0 78
14081 0 7
14082 7 0
14083 2 15
14084 2 101
14085 1 101
14086 1 30
14087 0 79
14088 0 70
14089 1 71
14090 0 71
14091 2 4
14092 1 39
14093 0 60
14094 1 72
14095 2 11
14096 4 2
14097 2 46
14098 1 89
14099 0 102
14100 1 12
14101 0 12
14102 1 31
14103 0 59
14104 3 9
14105 0 52
14106 0 37
14107 1 6
14108 0 51
14109 1 97
14110 2 29
14111 127 127
14112 0 8
14113 0 53
14114 1 12
14115 3 8
14116 2 13
14117 1 22
14118 0 13
14119 1 70
14120 0 97
14121 1 96
14122 1 103
14123 1 81
14124 1 58
14125 0 6
14126 4 8
14127 0 38
14128 0 7
14129 2 14
14130 0 90
14131 0 81
14132 0 119
14133 0 44
14134 0 9
14135 0 8
14136 2 101
14137 0 28
14138 2 58
14139 0 120
14140 1 104
14141 2 96
14142 2 60
14143 3 6
14144 0 49
14145 2 45
14146 5 3
14147 1 113
14148 1 34
14149 4 6
14150 2 50
14151 127 0
14152 1 14
14153 0 37
14154 0 33
14155 0 116
14156 0 23
14157 1 20
14158 1 74
14159 0 31
14160 0 91
14161 126 127
14162 126 0
14163 0 32
14164 2 39
14165 1 96
14166 0 45
14167 0 62
14168 3 6
14169 1 31
14170 4 1
14171 1 8
14172 3 3
14173 2 72
14174 1 83
14175 0 64
14176 1 42
14177 2 5
14178 1 38
14179 0 103
14180 0 126
14181 2 115
14182 1 7
14183 2 10
14184 0 43
14185 0 102
14186 3 4
14187 3 16
14188 1 75
14189 0 111
14190 1 28
14191 0 14
14192 0 74
14193 3 7
14194 2 18
14195 0 106
14196 2 9
14197 2 40
14198 0 20
14199 2 6
14200 1 51
14201 1 112
14202 0 119
14203 0 33
14204 1 66
14205 1 101
14206 0 28
14207 1 18
14208 1 15
14209 0 60
14210 0 127
14211 127 127
14212 0 42
14213 0 72
14214 0 52
14215 2 105
14216 1 86
14217 0 8
14218 0 84
14219 1 27
14220 2 44
14221 2 49
14222 2 4
14223 2 39
14224 0 21
14225 0 36
14226 0 67
14227 0 85
14228 1 41
14229 0 53
14230 0 5
14231 1 14
14232 0 47
14233 2 75
14234 0 71
14235 2 28
14236 1 90
14237 0 105
14238 2 41
14239 2 96
14240 2 0
14241 0 78
14242 0 103
14243 3 4
14244 0 92
14245 0 91
14246 2 106
14247 0 94
14248 0 7
14249 2 14
14250 0 68
14251 1 98
14252 2 12
14253 127 0
14254 1 58
14255 0 50
14256 2 64
14257 0 113
14258 1 89
14259 3 39
14260 0 114
14261 0 35
14262 0 72
14263 4 9
14264 0 25
14265 1 59
14266 0 63
14267 2 71
14268 0 83
14269 0 96
14270 0 71
14271 0 110
14272 2 20
14273 1 26
14274 0 98
14275 1 87
14276 4 3
14277 1 0
14278 0 27
14279 0 28
14280 2 22
14281 0 72
14282 2 0
14283 1 21
14284 2 56
14285 0 20
14286 3 8
14287 0 12
14288 0 62
14289 2 104
14290 0 21
14291 0 36
14292 1 56
14293 1 44
14294 3 12
14295 3 6
14296 1 90
14297 0 32
14298 1 89
14299 0 43
14300 2 8
14301 0 18
14302 1 6
14303 0 95
14304 1 8
14305 1 62
14306 2 35
14307 2 44
14308 0 118
14309 0 6
14310 0 30
14311 1 109
14312 1 106
14313 0 120
14314 1 27
14315 2 39
14316 1 115
14317 0 93
14318 0 86
14319 1 41
14320 0 121
14321 0 54
14322 0 38
14323 0 39
14324 0 99
14325 1 104
14326 8 0
14327 0 40
14328 1 42
14329 4 8
14330 0 15
14331 0 97
14332 0 16
14333 0 49
14334 4 14
14335 1 22
14336 1 41
14337 0 66
14338 0 79
14339 1 97
14340 2 95
14341 0 101
14342 2 31
14343 3 7
14344 0 102
14345 1 38
14346 3 2
14347 1 103
14348 0 103
14349 0 8
14350 1 107
14351 0 98
14352 0 107
14353 2 12
14354 1 55
14355 0 59
14356 1 30
14357 2 5
14358 2 109
14359 0 56
14360 2 48
14361 1 8
14362 0 31
14363 0 102
14364 3 9
14365 0 78
14366 2 8
14367 1 109
14368 1 61
14369 1 104
14370 1 10
14371 0 42
14372 2 36
14373 0 39
14374 0 7
14375 2 1
14376 2 55
14377 0 40
14378 0 57
14379 1 48
14380 0 100
14381 126 0
14382 0 120
14383 0 8
14384 0 24
14385 2 72
14386 0 29
14387 2 16
14388 0 23
14389 2 17
14390 0 63
14391 0 104
14392 0 55
14393 6 0
14394 2 115
14395 2 11
14396 3 10
14397 1 102
14398 0 10
14399 0 103
14400 0 52
14401 2 21
14402 2 2
14403 0 44
14404 1 93
14405 2 9
14406 1 76
14407 1 115
14408 2 67
14409 0 97
14410 0 11
14411 1 58
14412 0 39
14413 0 61
14414 2 59
14415 0 94
14416 1 33
14417 4 9
14418 0 24
14419 1 18
14420 2 87
14421 0 106
14422 0 85
14423 127 0
14424 2 16
14425 0 111
14426 0 56
14427 1 113
14428 2 7
14429 0 64
14430 0 28
14431 0 37
14432 0 32
14433 0 70
14434 1 67
14435 2 48
14436 1 23
14437 1 26
14438 5 1
14439 2 32
14440 2 4
14441 2 115
14442 0 102
14443 0 96
14444 0 6
14445 2 60
14446 0 10
14447 1 95
14448 0 30
14449 0 90
14450 0 62
14451 2 59
14452 1 92
14453 0 41
14454 0 121
14455 0 42
14456 1 48
14457 2 27
14458 0 71
14459 0 17
14460 0 63
14461 0 26
14462 2 48
14463 2 60
14464 1 115
14465 0 41
14466 2 43
14467 1 70
14468 0 15
14469 1 34
14470 0 65
14471 1 10
14472 0 92
14473 0 34
14474 1 66
14475 0 87
14476 0 77
14477 0 105
14478 0 80
14479 4 1
14480 1 57
14481 1 36
14482 5 1
14483 0 61
14484 3 4
14485 0 14
14486 1 30
14487 0 36
14488 0 64
14489 0 43
14490 4 13
14491 2 63
14492 0 62
14493 1 72
14494 0 126
14495 9 0
14496 0 106
14497 0 38
14498 2 107
14499 1 19
14500 2 95
14501 1 38
14502 3 18
14503 0 37
14504 0 119
14505 1 7
14506 0 109
14507 2 59
14508 126 0
14509 2 38
14510 1 13
14511 0 103
14512 1 38
14513 1 60
14514 2 115
14515 0 44
14516 0 16
14517 4 8
14518 0 65
14519 2 12
14520 1 27
14521 1 88
14522 1 8
14523 0 15
14524 4 1
14525 2 40
14526 1 58
14527 5 3
14528 0 53
14529 0 36
14530 4 3
14531 0 112
14532 0 89
14533 0 43
14534 1 101
14535 0 40
14536 0 118
14537 0 58
14538 0 102
14539 2 74
14540 1 95
14541 2 18
14542 0 91
14543 2 38
14544 2 8
14545 2 54
14546 3 13
14547 4 7
14548 2 86
14549 1 25
14550 0 19
14551 1 22
14552 3 16
14553 0 42
14554 0 31
14555 1 32
14556 0 73
14557 0 17
14558 0 8
14559 5 1
14560 0 60
14561 1 86
14562 0 82
14563 0 104
14564 2 95
14565 1 17
14566 0 67
14567 3 2
14568 3 7
14569 0 23
14570 0 108
14571 0 127
14572 0 115
14573 0 78
14574 0 63
14575 0 84
14576 0 93
14577 2 11
14578 1 74
14579 4 1
14580 1 91
14581 0 91
14582 0 68
14583 0 103
14584 0 111
14585 1 6
14586 0 62
14587 0 33
14588 0 24
14589 2 15
14590 0 74
14591 3 12
14592 1 7
14593 1 54
14594 2 54
14595 2 6
14596 0 120
14597 1 23
14598 1 67
14599 0 7
14600 1 118
14601 3 13
14602 1 42
14603 0 43
14604 8 0
14605 0 9
14606 0 109
14607 0 114
14608 1 22
14609 1 91
14610 0 108
14611 3 9
14612 2 44
14613 2 14
14614 1 106
14615 2 19
14616 0 77
14617 0 95
14618 2 0
14619 0 90
14620 1 41
14621 0 34
14622 1 92
14623 1 44
14624 0 73
14625 0 85
14626 1 66
14627 2 86
14628 1 91
14629 2 18
14630 1 67
14631 4 7
14632 0 63
14633 3 40
14634 2 15
14635 2 76
14636 3 10
14637 0 33
14638 1 102
14639 2 19
14640 2 34
14641 1 101
14642 2 18
14643 0 83
14644 1 57
14645 0 35
14646 2 27
14647 2 58
14648 1 38
14649 0 79
14650 2 1
14651 0 117
14652 0 51
14653 126 127
14654 1 56
14655 1 53
14656 2 94
14657 0 41
14658 0 80
14659 2 55
14660 2 108
14661 2 32
14662 0 30
14663 1 102
14664 0 76
14665 3 12
14666 0 40
14667 1 27
14668 1 29
14669 0 6
14670 2 40
14671 0 107
14672 1 112
14673 0 38
14674 0 99
14675 1 108
14676 5 1
14677 0 22
14678 1 94
14679 1 92
14680 0 69
14681 2 20
14682 0 8
14683 1 34
14684 0 61
14685 2 34
14686 3 17
14687 0 46
14688 0 9
14689 3 16
14690 0 96
14691 0 23
14692 1 32
14693 0 7
14694 5 3
14695 2 62
14696 1 31
14697 0 105
14698 0 67
14699 2 27
14700 0 116
14701 0 75
14702 9 0
14703 0 102
14704 2 70
14705 0 59
14706 0 89
14707 0 104
14708 2 21
14709 0 82
14710 0 48
14711 0 45
14712 0 119
14713 0 62
14714 0 47
14715 0 101
14716 4 2
14717 0 50
14718 0 100
14719 2 74
14720 0 113
14721 1 48
14722 0 27
14723 0 8
14724 0 6
14725 0 29
14726 2 39
14727 1 28
14728 0 61
14729 1 74
14730 0 49
14731 0 14
14732 2 44
14733 1 70
14734 3 13
14735 3 17
14736 1 12
14737 0 79
14738 0 24
14739 0 126
14740 0 23
14741 1 109
14742 3 9
14743 0 13
14744 1 58
14745 0 127
14746 2 13
14747 0 115
14748 0 114
14749 3 10
14750 0 9
14751 5 4
14752 1 57
14753 2 26
14754 0 76
14755 5 3
14756 3 16
14757 0 81
14758 0 34
14759 1 37
14760 0 46
14761 2 54
14762 2 60
14763 0 42
14764 2 2
14765 3 9
14766 0 95
14767 0 39
14768 0 90
14769 0 82
14770 5 0
14771 2 55
14772 0 43
14773 1 61
14774 0 78
14775 1 20
14776 0 7
14777 2 1
14778 0 37
14779 8 0
14780 1 67
14781 0 79
14782 0 36
14783 2 63
14784 0 103
14785 0 89
14786 1 8
14787 1 44
14788 0 41
14789 3 17
14790 9 0
14791 1 86
14792 0 32
14793 1 91
14794 0 33
14795 0 25
14796 2 19
14797 0 35
14798 2 2
14799 2 1
14800 3 11
14801 2 28
14802 1 75
14803 0 53
14804 3 13
14805 3 3
14806 2 54
14807 0 98
14808 1 6
14809 2 77
14810 2 13
14811 0 17
14812 0 6
14813 0 126
14814 0 96
14815 0 84
14816 0 67
14817 0 24
14818 2 18
14819 3 4
14820 3 26
14821 1 7
14822 1 15
14823 1 33
14824 1 77
14825 0 113
14826 1 105
14827 0 42
14828 2 8
14829 0 81
14830 1 78
14831 1 28
14832 0 34
14833 0 21
14834 0 91
14835 0 16
14836 0 35
14837 0 38
14838 1 8
14839 2 35
14840 2 2
14841 2 11
14842 0 127
14843 3 16
14844 4 1
14845 2 59
14846 1 67
14847 2 14
14848 0 67
14849 0 3
14850 0 10
14851 0 116
14852 1 30
14853 3 3
14854 0 90
14855 0 36
14856 0 105
14857 0 8
14858 0 99
14859 0 109
14860 2 16
14861 2 112
14862 1 77
14863 0 43
14864 1 74
14865 1 89
14866 0 98
14867 2 60
14868 0 7
14869 0 78
14870 2 70
14871 0 47
14872 2 97
14873 0 79
14874 1 109
14875 2 44
14876 1 67
14877 0 89
14878 0 95
14879 2 34
14880 0 101
14881 0 75
14882 0 30
14883 1 31
14884 0 46
14885 0 34
14886 0 62
14887 3 6
14888 7 0
14889 0 77
14890 1 44
14891 7 1
14892 3 11
14893 2 102
14894 0 12
14895 2 1
14896 0 83
14897 2 2
14898 1 115
14899 0 57
14900 1 70
14901 1 54
14902 1 117
14903 0 96
14904 1 103
14905 0 115
14906 0 126
14907 0 108
14908 0 92
14909 0 52
14910 0 100
14911 1 63
14912 1 64
14913 1 53
14914 1 112
14915 0 31
14916 0 56
14917 127 127
14918 0 60
14919 0 116
14920 2 72
14921 0 33
14922 0 17
14923 0 58
14924 0 16
14925 2 13
14926 1 18
14927 0 6
14928 0 66
14929 2 57
14930 1 11
14931 0 64
14932 1 26
14933 0 47
14934 0 76
14935 0 94
14936 1 96
14937 0 50
14938 0 104
14939 0 84
14940 4 8
14941 0 9
14942 0 103
14943 1 102
14944 0 101
14945 2 1
14946 1 25
14947 0 32
14948 0 107
14949 1 29
14950 0 13
14951 2 33
14952 4 7
14953 2 9
14954 2 26
14955 0 23
14956 1 54
14957 1 92
14958 1 57
14959 2 59
14960 0 109
14961 2 102
14962 1 102
14963 0 54
14964 0 65
14965 0 63
14966 1 52
14967 2 2
14968 0 17
14969 1 62
14970 0 67
14971 2 20
14972 1 75
14973 0 40
14974 0 39
14975 0 106
14976 0 83
14977 1 103
14978 0 107
14979 0 61
14980 2 70
14981 3 10
14982 1 55
14983 0 28
14984 1 118
14985 2 29
14986 1 64
14987 0 117
14988 126 127
14989 1 71
14990 0 55
14991 2 55
14992 0 16
14993 1 32
14994 1 56
14995 0 57
14996 4 2
14997 1 74
14998 8 0
14999 2 62
15000 2 64
15001 4 1
15002 1 65
15003 2 12
15004 2 103
15005 0 32
15006 0 66
15007 0 102
15008 0 35
15009 0 72
15010 1 17
15011 1 81
15012 3 4
15013 1 77
15014 0 58
15015 2 69
15016 4 2
15017 2 8
15018 0 20
15019 0 110
15020 0 11
15021 0 88
15022 2 9
15023 1 85
15024 127 127
15025 1 59
15026 2 6
15027 1 34
15028 0 68
15029 0 120
15030 0 56
15031 0 105
15032 3 11
15033 0 127
15034 0 90
15035 4 1
15036 1 12
15037 1 78
15038 0 53
15039 0 126
15040 0 114
15041 0 65
15042 0 26
15043 0 36
15044 1 62
15045 6 1
15046 1 13
15047 2 19
15048 1 57
15049 0 66
15050 0 24
15051 0 116
15052 3 16
15053 2 31
15054 0 49
15055 3 10
15056 0 65
15057 2 38
15058 0 55
15059 6 0
15060 0 18
15061 0 97
15062 1 60
15063 2 115
15064 0 113
15065 6 2
15066 0 67
15067 2 44
15068 0 64
15069 1 70
15070 2 54
15071 1 66
15072 1 65
15073 0 119
15074 127 0
15075 1 77
15076 0 50
15077 0 127
15078 0 27
15079 5 0
15080 0 71
15081 0 98
15082 0 52
15083 0 93
15084 0 96
15085 2 89
15086 1 89
15087 1 59
15088 1 29
15089 1 117
15090 6 0
15091 2 8
15092 0 15
15093 2 16
15094 1 49
15095 0 72
15096 2 71
15097 1 111
15098 0 100
15099 1 32
15100 0 81
15101 0 71
15102 0 10
15103 1 97
15104 2 39
15105 0 26
15106 0 75
15107 0 2
15108 0 21
15109 1 38
15110 0 70
15111 1 54
15112 2 97
15113 1 66
15114 0 68
15115 3 33
15116 3 21
15117 1 45
15118 2 89
15119 1 112
15120 0 56
15121 2 9
15122 2 62
15123 0 35
15124 0 7
15125 0 55
15126 3 3
15127 2 8
15128 2 40
15129 0 49
15130 3 8
15131 0 50
15132 0 31
15133 1 111
15134 2 43
15135 2 0
15136 9 0
15137 0 45
15138 0 111
15139 2 34
15140 1 6
15141 0 19
15142 0 42
15143 0 85
15144 0 49
15145 2 18
15146 3 16
15147 3 4
15148 1 62
15149 3 2
15150 0 16
15151 0 27
15152 1 100
15153 1 81
15154 0 20
15155 0 43
15156 3 11
15157 4 0
15158 2 54
15159 3 10
15160 1 9
15161 0 23
15162 1 107
15163 0 28
15164 2 39
15165 1 54
15166 0 38
15167 0 126
15168 1 69
15169 0 66
15170 0 82
15171 126 127
15172 4 4
15173 0 95
15174 0 51
15175 7 0
15176 2 54
15177 2 7
15178 1 21
15179 3 20
15180 0 110
15181 1 112
15182 1 88
15183 1 12
15184 1 103
15185 0 17
15186 0 72
15187 0 15
15188 1 30
15189 0 127
15190 0 41
15191 0 57
15192 1 14
15193 1 73
15194 1 45
15195 6 0
15196 0 6
15197 0 59
15198 2 8
15199 1 56
15200 1 74
15201 0 73
15202 0 115
15203 0 36
15204 2 74
15205 1 59
15206 4 6
15207 2 9
15208 0 78
15209 1 34
15210 0 58
15211 126 0
15212 0 48
15213 0 21
15214 3 8
15215 1 80
15216 2 62
15217 0 96
15218 0 100
15219 1 71
15220 0 104
15221 0 71
15222 1 24
15223 0 12
15224 1 72
15225 0 40
15226 2 90
15227 2 40
15228 1 70
15229 0 60
15230 1 17
15231 1 50
15232 2 25
15233 2 114
15234 0 24
15235 0 116
15236 2 32
15237 1 8
15238 1 62
15239 1 76
15240 1 74
15241 127 127
15242 2 19
15243 0 20
15244 2 18
15245 2 2
15246 0 50
15247 0 17
15248 0 42
15249 0 101
15250 0 89
15251 0 111
15252 1 54
15253 1 66
15254 1 100
15255 1 11
15256 2 39
15257 0 76
15258 0 46
15259 0 62
15260 1 48
15261 2 13
15262 0 57
15263 2 40
15264 0 8
15265 1 58
15266 0 110
15267 0 9
15268 2 20
15269 0 49
15270 0 59
15271 0 111
15272 2 11
15273 0 115
15274 0 65
15275 0 37
15276 0 84
15277 0 22
15278 1 114
15279 2 88
15280 0 21
15281 1 11
15282 1 25
15283 2 16
15284 0 38
15285 3 2
15286 1 17
15287 1 29
15288 4 3
15289 0 99
15290 2 114
15291 1 8
15292 1 77
15293 1 37
15294 0 110
15295 0 98
15296 1 61
15297 0 7
15298 2 25
15299 0 108
15300 0 117
15301 0 47
15302 1 26
15303 0 14
15304 0 74
15305 3 11
15306 1 35
15307 126 127
15308 1 34
15309 1 67
15310 1 66
15311 0 79
15312 0 43
15313 1 102
15314 4 8
15315 0 103
15316 0 67
15317 0 16
15318 0 111
15319 1 69
15320 3 7
15321 0 69
15322 8 0
15323 0 15
15324 0 56
15325 4 9
15326 3 34
15327 0 20
15328 2 58
15329 0 126
15330 0 57
15331 0 11
15332 0 52
15333 2 12
15334 0 39
15335 3 20
15336 0 51
15337 0 18
15338 1 64
15339 0 68
15340 1 114
15341 1 91
15342 0 116
15343 1 38
15344 0 100
15345 1 115
15346 0 48
15347 1 67
15348 0 16
15349 2 19
15350 1 35
15351 1 88
15352 2 56
15353 2 2
15354 0 23
15355 2 39
15356 1 69
15357 1 57
15358 2 8
15359 9 0
15360 0 78
15361 3 3
15362 0 22
15363 1 66
15364 0 92
15365 0 64
15366 3 2
15367 2 59
15368 0 19
15369 0 42
15370 0 27
15371 1 12
15372 1 18
15373 2 112
15374 2 3
15375 1 97
15376 2 6
15377 0 120
15378 0 119
15379 2 24
15380 1 75
15381 0 52
15382 0 70
15383 2 89
15384 0 114
15385 0 72
15386 1 53
15387 0 99
15388 0 75
15389 3 21
15390 1 112
15391 1 32
15392 0 58
15393 0 49
15394 1 116
15395 1 72
15396 2 48
15397 0 98
15398 2 15
15399 0 29
15400 1 54
15401 1 106
15402 2 69
15403 1 16
15404 0 67
15405 3 0
15406 0 72
15407 0 73
15408 2 97
15409 0 80
15410 1 37
15411 0 61
15412 0 12
15413 1 90
15414 1 17
15415 1 59
15416 1 99
15417 0 127
15418 0 68
15419 1 25
15420 1 62
15421 1 11
15422 7 0
15423 1 74
15424 1 80
15425 1 33
15426 0 35
15427 0 21
15428 3 10
15429 5 6
15430 1 70
15431 127 0
15432 0 22
15433 0 26
15434 0 80
15435 0 110
15436 1 53
15437 3 89
15438 0 66
15439 4 2
15440 0 101
15441 2 13
15442 0 97
15443 1 60
15444 0 116
15445 0 85
15446 1 40
15447 2 0
15448 0 6
15449 4 8
15450 0 57
15451 0 36
15452 0 71
15453 0 99
15454 0 90
15455 0 106
15456 0 38
15457 0 54
15458 2 23
15459 0 51
15460 0 98
15461 3 4
15462 0 77
15463 0 56
15464 0 104
15465 0 69
15466 2 50
15467 2 88
15468 3 2
15469 2 115
15470 2 62
15471 1 6
15472 1 106
15473 0 76
15474 3 15
15475 2 25
15476 1 59
15477 0 60
15478 1 103
15479 4 6
15480 0 72
15481 0 117
15482 5 0
15483 1 97
15484 2 97
15485 0 113
15486 0 61
15487 2 34
15488 2 55
15489 0 21
15490 4 9
15491 1 56
15492 0 57
15493 1 111
15494 0 71
15495 1 97
15496 0 59
15497 0 35
15498 3 11
15499 1 88
15500 1 102
15501 0 68
15502 2 7
15503 1 43
15504 2 88
15505 1 23
15506 1 103
15507 3 0
15508 1 20
15509 1 66
15510 1 25
15511 2 43
15512 2 18
15513 1 32
15514 2 38
15515 0 7
15516 1 33
15517 1 52
15518 2 35
15519 0 105
15520 2 39
15521 2 10
15522 0 11
15523 2 12
15524 2 19
15525 0 116
15526 3 90
15527 1 98
15528 0 13
15529 4 11
15530 0 118
15531 0 41
15532 0 50
15533 2 15
15534 0 72
15535 0 17
15536 0 6
15537 1 112
15538 2 1
15539 0 51
15540 0 23
15541 0 14
15542 2 68
15543 0 84
15544 3 10
15545 0 45
15546 2 30
15547 0 16
15548 1 21
15549 0 56
15550 0 126
15551 1 50
15552 2 98
15553 0 40
15554 1 48
15555 4 4
15556 0 107
15557 0 97
15558 0 62
15559 0 39
15560 2 25
15561 0 44
15562 0 42
15563 1 42
15564 1 18
15565 2 54
15566 1 99
15567 1 82
15568 3 20
15569 0 34
15570 1 14
15571 1 63
15572 0 86
15573 2 9
15574 1 17
15575 0 87
15576 1 89
15577 1 32
15578 0 89
15579 0 99
15580 0 82
15581 1 64
15582 0 28
15583 2 32
15584 0 75
15585 3 7
15586 1 33
15587 2 8
15588 2 90
15589 0 48
15590 126 0
15591 2 16
15592 1 20
15593 2 53
15594 2 114
15595 1 21
15596 1 114
15597 0 115
15598 4 2
15599 5 1
15600 0 65
15601 1 88
15602 2 10
15603 1 35
15604 0 103
15605 2 48
15606 1 55
15607 1 87
15608 2 47
15609 10 0
15610 2 13
15611 1 82
15612 0 67
15613 1 30
15614 0 49
15615 0 38
15616 2 37
15617 0 7
15618 1 68
15619 1 111
15620 0 10
15621 0 41
15622 127 0
15623 2 18
15624 1 0
15625 3 2
15626 2 46
15627 0 52
15628 0 46
15629 0 70
15630 0 112
15631 2 106
15632 0 61
15633 1 103
15634 0 47
15635 3 88
15636 2 15
15637 0 78
15638 2 7
15639 1 99
15640 2 35
15641 0 62
15642 1 36
15643 0 68
15644 2 16
15645 0 73
15646 0 108
15647 2 20
15648 2 9
15649 2 44
15650 0 36
15651 2 68
15652 0 6
15653 2 67
15654 0 43
15655 2 97
15656 2 42
15657 1 18
15658 0 82
15659 6 0
15660 9 0
15661 0 76
15662 1 39
15663 0 72
15664 4 0
15665 0 66
15666 3 18
15667 0 91
15668 0 61
15669 1 80
15670 2 55
15671 0 75
15672 1 12
15673 3 13
15674 0 95
15675 2 13
15676 1 42
15677 3 8
15678 126 0
15679 0 117
15680 3 13
15681 0 92
15682 3 11
15683 2 111
15684 0 118
15685 0 0
15686 0 29
15687 0 91
15688 127 0
15689 3 7
15690 1 62
15691 2 62
15692 2 10
15693 1 5
15694 1 24
15695 0 46
15696 0 12
15697 1 66
15698 2 15
15699 0 67
15700 0 99
15701 2 16
15702 1 6
15703 0 22
15704 4 1
15705 3 3
15706 2 66
15707 1 73
15708 1 76
15709 1 52
15710 0 32
15711 126 0
15712 1 55
15713 0 8
15714 0 96
15715 0 44
15716 0 81
15717 0 23
15718 0 77
15719 0 97
15720 0 64
15721 1 9
15722 2 13
15723 1 0
15724 3 12
15725 0 102
15726 0 52
15727 7 0
15728 1 66
15729 1 36
15730 0 66
15731 1 22
15732 1 66
15733 1 86
15734 2 22
15735 0 47
15736 0 78
15737 0 25
15738 1 22
15739 0 36
15740 1 111
15741 0 107
15742 2 22
15743 127 127
15744 0 43
15745 0 31
15746 0 26
15747 1 35
15748 0 58
15749 0 94
15750 2 96
15751 0 25
15752 1 74
15753 6 0
15754 1 7
15755 0 15
15756 0 69
15757 1 20
15758 1 113
15759 0 68
15760 0 82
15761 0 101
15762 1 46
15763 2 30
15764 0 71
15765 3 32
15766 0 57
15767 2 32
15768 1 17
15769 0 56
15770 0 66
15771 2 2
15772 3 0
15773 0 13
15774 2 88
15775 3 8
15776 0 16
15777 2 15
15778 0 37
15779 0 28
15780 0 26
15781 1 73
15782 0 33
15783 0 73
15784 3 11
15785 2 9
15786 1 45
15787 3 2
15788 2 111
15789 0 74
15790 2 20
15791 1 40
15792 0 35
15793 1 63
15794 3 4
15795 0 11
15796 0 92
15797 1 20
15798 1 69
15799 0 114
15800 2 42
15801 0 116
15802 3 6
15803 2 36
15804 3 13
15805 0 75
15806 2 20
15807 0 111
15808 5 1
15809 7 0
15810 1 88
15811 0 10
15812 2 110
15813 1 6
15814 0 119
15815 1 99
15816 2 3
15817 0 85
15818 4 10
15819 1 34
15820 0 103
15821 2 26
15822 2 88
15823 3 44
15824 1 11
15825 1 77
15826 2 44
15827 0 96
15828 0 12
15829 1 73
15830 2 55
15831 0 108
15832 3 44
15833 0 73
15834 0 69
15835 1 103
15836 0 104
15837 0 60
15838 2 18
15839 0 46
15840 1 66
15841 4 6
15842 1 65
15843 3 7
15844 0 100
15845 0 117
15846 0 51
15847 4 2
15848 0 7
15849 0 25
15850 0 79
15851 2 10
15852 0 63
15853 0 22
15854 1 37
15855 1 20
15856 0 78
15857 2 66
15858 2 16
15859 2 20
15860 2 35
15861 0 112
15862 0 90
15863 2 44
15864 0 101
15865 5 0
15866 0 115
15867 1 68
15868 1 73
15869 0 32
15870 10 0
15871 2 9
15872 2 7
15873 1 92
15874 126 127
15875 1 106
15876 0 52
15877 0 79
15878 1 54
15879 0 36
15880 2 13
15881 1 88
15882 1 20
15883 1 62
15884 2 19
15885 0 65
15886 0 106
15887 1 114
15888 0 40
15889 1 39
15890 1 8
15891 3 6
15892 0 70
15893 0 93
15894 0 77
15895 1 108
15896 2 109
15897 0 23
15898 0 8
15899 0 14
15900 1 22
15901 1 51
15902 2 67
15903 0 109
15904 0 78
15905 1 7
15906 2 10
15907 0 111
15908 1 14
15909 3 44
15910 0 100
15911 1 44
15912 0 6
15913 2 18
15914 2 56
15915 1 117
15916 0 33
15917 0 45
15918 2 95
15919 2 7
15920 0 81
15921 2 20
15922 1 7
15923 0 55
15924 3 12
15925 1 95
15926 3 11
15927 0 94
15928 0 84
15929 0 34
15930 2 12
15931 0 26
15932 1 64
15933 0 18
15934 0 30
15935 0 56
15936 0 37
15937 1 34
15938 0 17
15939 2 13
15940 2 66
15941 2 9
15942 0 103
15943 0 116
15944 0 47
15945 1 85
15946 0 118
15947 0 83
15948 0 9
15949 2 52
15950 0 19
15951 0 112
15952 0 10
15953 0 46
15954 1 79
15955 0 31
15956 2 12
15957 0 11
15958 2 39
15959 0 79
15960 1 25
15961 4 4
15962 0 62
15963 0 29
15964 0 0
15965 1 69
15966 0 38
15967 0 63
15968 1 24
15969 0 48
15970 0 53
15971 0 86
15972 0 97
15973 0 102
15974 1 10
15975 3 18
15976 0 9
15977 0 25
15978 3 4
15979 4 9
15980 0 66
15981 1 65
15982 0 65
15983 0 34
15984 0 92
15985 0 51
15986 1 45
15987 0 35
15988 1 55
15989 0 74
15990 3 10
15991 2 117
15992 0 62
15993 0 49
15994 1 19
15995 1 58
15996 0 93
15997 1 84
15998 0 105
15999 0 99
16000 0 82
16001 1 33
16002 1 98
16003 0 20
16004 0 119
16005 1 42
16006 0 69
16007 2 18
16008 1 67
16009 0 33
16010 2 89
16011 0 111
16012 0 48
16013 1 61
16014 2 7
16015 0 36
16016 1 107
16017 2 24
16018 0 76
16019 8 0
16020 4 6
16021 0 73
16022 0 89
16023 2 37
16024 1 78
16025 1 13
16026 0 63
16027 0 45
16028 0 101
16029 0 68
16030 1 49
16031 2 8
16032 0 96
16033 3 6
16034 0 8
16035 0 67
16036 0 21
16037 0 59
16038 1 77
16039 0 60
16040 1 62
16041 1 35
16042 1 16
16043 0 97
16044 0 57
16045 1 14
16046 1 81
16047 11 0
16048 0 69
16049 0 56
16050 0 90
16051 0 64
16052 1 68
16053 5 9
16054 0 75
16055 2 44
16056 1 46
16057 0 83
16058 1 30
16059 0 19
16060 2 46
16061 1 0
16062 3 2
16063 0 41
16064 0 18
16065 0 81
16066 1 46
16067 1 72
16068 2 15
16069 1 81
16070 0 50
16071 0 70
16072 4 9
16073 1 39
16074 0 37
16075 1 71
16076 0 95
16077 0 62
16078 1 7
16079 0 81
16080 0 14
16081 0 16
16082 2 17
16083 4 4
16084 1 52
16085 0 65
16086 1 19
16087 1 36
16088 7 0
16089 0 36
16090 0 37
16091 0 19
16092 0 35
16093 1 44
16094 2 22
16095 0 58
16096 0 108
16097 1 24
16098 2 24
16099 0 78
16100 8 0
16101 0 38
16102 2 57
16103 0 10
16104 1 76
16105 0 36
16106 1 65
16107 2 10
16108 1 23
16109 3 4
16110 3 22
16111 4 6
16112 127 127
16113 1 117
16114 0 66
16115 0 96
16116 1 33
16117 1 17
16118 2 2
16119 4 4
16120 2 4
16121 2 46
16122 127 0
16123 2 71
16124 0 24
16125 4 3
16126 0 40
16127 0 114
16128 0 72
16129 1 85
16130 0 127
16131 3 3
16132 1 72
16133 0 33
16134 0 89
16135 0 15
16136 0 87
16137 2 70
16138 2 6
16139 0 28
16140 1 60
16141 0 126
16142 0 51
16143 0 16
16144 1 54
16145 2 7
16146 2 67
16147 0 127
16148 0 110
16149 0 91
16150 0 61
16151 0 74
16152 1 26
16153 0 35
16154 10 0
16155 2 16
16156 1 97
16157 1 22
16158 1 71
16159 1 33
16160 0 37
16161 0 111
16162 1 63
16163 3 2
16164 1 91
16165 0 41
16166 0 72
16167 1 57
16168 0 92
16169 0 77
16170 0 118
16171 4 5
16172 0 23
16173 1 98
16174 0 119
16175 0 46
16176 1 72
16177 1 13
16178 0 13
16179 2 8
16180 1 20
16181 1 19
16182 2 52
16183 126 0
16184 0 103
16185 5 2
16186 1 118
16187 2 65
16188 0 32
16189 1 45
16190 1 90
16191 1 47
16192 2 19
16193 2 7
16194 0 75
16195 2 18
16196 3 4
16197 126 127
16198 0 55
16199 3 46
16200 2 31
16201 0 26
16202 5 3
16203 0 15
16204 2 42
16205 0 19
16206 1 34
16207 0 40
16208 0 50
16209 1 42
16210 0 80
16211 1 91
16212 0 120
16213 3 10
16214 0 31
16215 1 44
16216 0 63
16217 1 90
16218 0 59
16219 4 0
16220 0 0
16221 2 34
16222 2 10
16223 1 14
16224 1 97
16225 2 8
16226 6 0
16227 0 78
16228 0 52
16229 0 64
16230 1 109
16231 0 126
16232 0 33
16233 3 3
16234 2 15
16235 11 0
16236 0 34
16237 0 53
16238 3 12
16239 2 12
16240 0 47
16241 0 7
16242 0 117
16243 1 52
16244 4 10
16245 9 0
16246 0 82
16247 0 9
16248 0 74
16249 0 51
16250 2 2
16251 1 103
16252 3 5
16253 0 50
16254 3 7
16255 0 67
16256 1 8
16257 0 66
16258 3 0
16259 0 110
16260 8 0
16261 0 69
16262 9 0
16263 4 2
16264 1 35
16265 0 104
16266 8 0
16267 1 62
16268 0 68
16269 0 76
16270 3 12
16271 0 29
16272 0 111
16273 0 10
16274 0 113
16275 1 0
16276 1 51
16277 0 18
16278 1 2
16279 2 14
16280 0 116
16281 0 9
16282 0 24
16283 1 71
16284 1 36
16285 1 110
16286 1 29
16287 2 12
16288 2 33
16289 0 115
16290 2 16
16291 1 102
16292 1 78
16293 0 118
16294 0 16
16295 0 23
16296 1 98
16297 4 9
16298 1 106
16299 0 56
16300 0 86
16301 1 24
16302 3 10
16303 1 63
16304 0 103
16305 2 69
16306 0 58
16307 0 116
16308 0 63
16309 2 70
16310 0 0
16311 0 41
16312 0 38
16313 1 68
16314 0 15
16315 0 60
16316 0 79
16317 1 19
16318 0 25
16319 0 37
16320 1 65
16321 1 74
16322 0 81
16323 1 59
16324 4 8
16325 0 49
16326 0 94
16327 127 0
16328 0 55
16329 0 73
16330 2 66
16331 2 42
16332 2 9
16333 10 0
16334 8 1
16335 0 115
16336 2 2
16337 4 1
16338 2 8
16339 2 10
16340 9 0
16341 0 91
16342 0 62
16343 0 45
16344 0 106
16345 0 38
16346 0 87
16347 0 86
16348 0 65
16349 1 46
16350 0 17
16351 0 75
16352 0 78
16353 2 34
16354 4 9
16355 1 109
16356 1 64
16357 2 24
16358 1 16
16359 3 9
16360 2 102
16361 3 2
16362 0 80
16363 1 15
16364 1 77
16365 5 2
16366 0 71
16367 0 35
16368 0 104
16369 0 110
16370 0 111
16371 0 8
16372 0 20
16373 0 6
16374 1 34
16375 0 97
16376 2 59
16377 0 102
16378 3 89
16379 1 104
16380 1 21
16381 0 32
16382 0 77
16383 1 11
16384 2 0
16385 1 47
16386 0 11
16387 1 28
16388 0 101
16389 5 3
16390 3 8
16391 0 116
16392 1 70
16393 0 33
16394 2 8
16395 2 90
16396 2 44
16397 1 84
16398 0 88
16399 0 85
16400 0 46
16401 2 47
16402 0 121
16403 4 5
16404 0 48
16405 0 57
16406 2 49
16407 3 5
16408 0 14
16409 0 40
16410 2 2
16411 3 16
16412 2 74
16413 1 45
16414 1 102
16415 3 14
16416 4 5
16417 1 11
16418 0 100
16419 0 42
16420 0 105
16421 0 96
16422 0 11
16423 0 98
16424 127 127
16425 0 12
16426 0 13
16427 126 127
16428 2 14
16429 0 26
16430 1 47
16431 0 114
16432 1 97
16433 3 2
16434 2 65
16435 2 104
16436 2 97
16437 2 46
16438 1 83
16439 0 37
16440 0 78
16441 0 49
16442 0 7
16443 1 11
16444 1 90
16445 1 38
16446 0 76
16447 2 22
16448 0 19
16449 4 7
16450 0 38
16451 3 5
16452 0 81
16453 1 63
16454 0 28
16455 1 48
16456 0 119
16457 2 50
16458 2 49
16459 0 20
16460 0 68
16461 0 58
16462 1 27
16463 2 16
16464 0 21
16465 1 47
16466 3 16
16467 4 5
16468 0 69
16469 0 36
16470 1 8
16471 0 57
16472 0 101
16473 0 30
16474 3 4
16475 1 48
16476 3 7
16477 0 61
16478 0 79
16479 4 6
16480 3 8
16481 1 110
16482 0 19
16483 3 0
16484 0 107
16485 1 67
16486 3 10
16487 1 35
16488 3 44
16489 0 117
16490 1 56
16491 0 64
16492 2 50
16493 4 9
16494 0 47
16495 2 44
16496 2 41
16497 1 22
16498 2 36
16499 126 0
16500 2 16
16501 3 5
16502 2 49
16503 0 54
16504 0 50
16505 2 34
16506 0 43
16507 7 1
16508 2 0
16509 1 62
16510 1 18
16511 4 3
16512 0 78
16513 0 45
16514 127 0
16515 1 46
16516 0 100
16517 1 87
16518 2 2
16519 0 15
16520 0 65
16521 3 4
16522 0 80
16523 0 127
16524 0 126
16525 1 119
16526 127 127
16527 0 101
16528 0 92
16529 0 104
16530 0 41
16531 2 70
16532 1 71
16533 0 112
16534 0 120
16535 0 62
16536 5 3
16537 0 6
16538 0 35
16539 0 121
16540 5 9
16541 1 103
16542 0 61
16543 3 2
16544 2 33
16545 0 62
16546 0 44
16547 0 110
16548 2 37
16549 0 11
16550 0 67
16551 126 127
16552 0 71
16553 0 31
16554 2 27
16555 0 91
16556 4 9
16557 8 0
16558 0 79
16559 0 16
16560 1 20
16561 4 3
16562 2 5
16563 1 39
16564 2 7
16565 0 105
16566 1 67
16567 0 116
16568 3 7
16569 1 15
16570 0 103
16571 0 7
16572 1 64
16573 0 58
16574 1 5
16575 2 8
16576 3 0
16577 0 56
16578 0 66
16579 1 104
16580 2 11
16581 2 9
16582 1 97
16583 0 106
16584 0 25
16585 0 95
16586 1 70
16587 0 78
16588 0 93
16589 1 60
16590 2 62
16591 0 100
16592 0 6
16593 1 68
16594 0 75
16595 0 15
16596 0 32
16597 3 5
16598 0 7
16599 0 97
16600 0 46
16601 3 4
16602 1 73
16603 0 98
16604 1 67
16605 0 49
16606 0 61
16607 2 70
16608 2 89
16609 0 74
16610 1 72
16611 9 0
16612 1 68
16613 3 8
16614 7 2
16615 0 40
16616 2 6
16617 8 0
16618 0 73
16619 1 96
16620 0 50
16621 2 58
16622 0 97
16623 1 0
16624 0 6
16625 0 42
16626 126 0
16627 1 33
16628 0 43
16629 0 33
16630 0 26
16631 2 66
16632 1 45
16633 3 5
16634 1 36
16635 1 55
16636 1 12
16637 0 81
16638 0 57
16639 0 52
16640 1 32
16641 4 7
16642 127 127
16643 0 127
16644 2 96
16645 2 13
16646 6 2
16647 1 70
16648 0 74
16649 2 39
16650 2 20
16651 0 17
16652 1 41
16653 0 62
16654 2 73
16655 0 39
16656 0 119
16657 0 49
16658 4 0
16659 2 8
16660 3 7
16661 4 5
16662 0 10
16663 2 2
16664 0 20
16665 2 17
16666 0 44
16667 0 83
16668 0 25
16669 0 12
16670 1 24
16671 3 8
16672 3 5
16673 2 61
16674 3 3
16675 2 24
16676 2 40
16677 2 8
16678 1 14
16679 0 105
16680 0 41
16681 5 2
16682 1 112
16683 0 89
16684 0 7
16685 0 87
16686 0 51
16687 0 52
16688 1 93
16689 0 61
16690 0 36
16691 1 24
16692 0 98
16693 0 26
16694 2 30
16695 0 72
16696 0 47
16697 1 25
16698 0 8
16699 2 43
16700 3 11
16701 0 51
16702 127 0
16703 1 56
16704 1 30
16705 6 1
16706 2 19
16707 1 83
16708 1 36
16709 2 32
16710 1 24
16711 2 20
16712 6 0
16713 0 24
16714 0 94
16715 1 27
16716 2 10
16717 1 40
16718 3 8
16719 0 101
16720 1 29
16721 1 73
16722 2 50
16723 1 11
16724 2 27
16725 5 3
16726 2 62
16727 2 73
16728 2 19
16729 0 14
16730 1 27
16731 0 62
16732 0 22
16733 0 117
16734 1 39
16735 4 5
16736 1 25
16737 0 88
16738 0 29
16739 1 55
16740 3 5
16741 0 52
16742 5 2
16743 0 80
16744 0 6
16745 1 72
16746 2 7
16747 0 9
16748 0 53
16749 2 38
16750 1 15
16751 0 11
16752 4 10
16753 0 90
16754 2 104
16755 0 108
16756 0 97
16757 1 67
16758 0 51
16759 6 1
16760 2 25
16761 3 0
16762 0 126
16763 0 34
16764 0 111
16765 2 6
16766 1 89
16767 0 60
16768 0 77
16769 2 57
16770 0 116
16771 1 10
16772 0 25
16773 0 26
16774 1 4
16775 2 40
16776 2 61
16777 0 68
16778 0 21
16779 4 3
16780 1 5
16781 1 88
16782 0 18
16783 0 83
16784 1 61
16785 1 69
16786 1 51
16787 0 55
16788 1 70
16789 1 16
16790 1 23
16791 0 117
16792 0 16
16793 0 51
16794 0 12
16795 1 69
16796 2 8
16797 0 107
16798 0 11
16799 0 63
16800 3 3
16801 2 74
16802 1 62
16803 0 70
16804 1 25
16805 0 27
16806 2 67
16807 2 56
16808 0 127
16809 2 27
16810 0 89
16811 3 8
16812 1 33
16813 0 36
16814 1 92
16815 0 50
16816 1 26
16817 126 0
16818 0 26
16819 7 0
16820 0 33
16821 1 96
16822 1 15
16823 2 88
16824 1 46
16825 1 113
16826 2 41
16827 2 49
16828 1 52
16829 2 40
16830 0 22
16831 2 73
16832 2 23
16833 2 50
16834 0 62
16835 0 7
16836 0 40
16837 5 3
16838 4 5
16839 2 74
16840 1 18
16841 2 9
16842 3 2
16843 0 100
16844 1 57
16845 1 105
16846 1 95
16847 1 49
16848 0 45
16849 2 8
16850 0 79
16851 1 119
16852 0 63
16853 0 27
16854 2 15
16855 0 8
16856 0 67
16857 0 99
16858 2 41
16859 1 40
16860 0 51
16861 0 57
16862 1 55
16863 1 6
16864 2 68
16865 3 13
16866 1 96
16867 0 90
16868 0 37
16869 0 38
16870 2 10
16871 2 103
16872 0 43
16873 1 112
16874 1 15
16875 1 33
16876 3 41
16877 0 9
16878 2 51
16879 2 48
16880 1 22
16881 0 28
16882 1 61
16883 0 29
16884 0 93
16885 0 126
16886 2 13
16887 2 15
16888 1 39
16889 0 12
16890 0 73
16891 3 9
16892 1 91
16893 0 22
16894 1 12
16895 3 6
16896 0 74
16897 0 19
16898 3 17
16899 1 10
16900 4 7
16901 0 127
16902 0 26
16903 0 12
16904 2 6
16905 0 49
16906 1 58
16907 0 44
16908 1 15
16909 0 76
16910 126 127
16911 0 116
16912 2 11
16913 0 32
16914 0 54
16915 0 110
16916 0 45
16917 0 56
16918 3 8
16919 0 73
16920 2 50
16921 1 40
16922 1 23
16923 0 20
16924 0 126
16925 0 27
16926 0 42
16927 1 88
16928 0 35
16929 0 109
16930 6 2
16931 0 78
16932 0 117
16933 1 62
16934 2 9
16935 2 17
16936 6 1
16937 0 58
16938 1 34
16939 2 23
16940 0 31
16941 0 17
16942 0 28
16943 0 6
16944 1 22
16945 1 53
16946 2 5
16947 8 0
16948 0 16
16949 1 5
16950 0 113
16951 1 95
16952 6 0
16953 3 6
16954 2 2
16955 0 39
16956 2 41
16957 127 127
16958 0 29
16959 1 74
16960 2 20
16961 1 58
16962 0 59
16963 0 92
16964 2 102
16965 0 71
16966 0 44
16967 0 93
16968 0 37
16969 1 28
16970 0 40
16971 0 13
16972 0 60
16973 2 14
16974 2 8
16975 0 110
16976 0 53
16977 0 57
16978 1 42
16979 2 57
16980 1 52
16981 1 49
16982 2 16
16983 0 8
16984 2 51
16985 0 14
16986 0 96
16987 3 68
16988 1 39
16989 0 120
16990 0 19
16991 1 94
16992 1 75
16993 2 77
16994 2 12
16995 1 36
16996 0 102
16997 1 59
16998 0 109
16999 0 50
17000 3 8
17001 2 8
17002 2 37
17003 0 75
17004 3 9
17005 4 4
17006 2 40
17007 2 87
17008 3 8
17009 0 43
17010 126 127
17011 0 52
17012 0 62
17013 2 38
17014 0 95
17015 0 56
17016 0 9
17017 0 114
17018 1 58
17019 0 110
17020 1 32
17021 1 25
17022 0 57
17023 2 72
17024 0 82
17025 1 26
17026 1 20
17027 2 24
17028 2 47
17029 0 109
17030 0 13
17031 1 89
17032 9 0
17033 0 55
17034 0 92
17035 1 93
17036 1 12
17037 1 61
17038 2 10
17039 2 91
17040 0 17
17041 1 51
17042 3 2
17043 0 69
17044 1 48
17045 0 112
17046 1 74
17047 127 0
17048 0 39
17049 0 15
17050 0 8
17051 1 94
17052 0 64
17053 3 27
17054 2 11
17055 0 16
17056 2 68
17057 5 7
17058 4 5
17059 1 41
17060 0 56
17061 0 121
17062 0 42
17063 0 120
17064 0 9
17065 2 51
17066 0 127
17067 2 6
17068 0 43
17069 1 68
17070 1 53
17071 1 13
17072 1 17
17073 0 38
17074 0 41
17075 3 10
17076 0 8
17077 3 6
17078 1 42
17079 5 0
17080 2 27
17081 1 14
17082 0 12
17083 1 39
17084 0 101
17085 1 77
17086 0 40
17087 2 7
17088 1 51
17089 0 23
17090 0 98
17091 0 100
17092 0 14
17093 2 44
17094 1 29
17095 0 7
17096 1 6
17097 1 37
17098 0 110
17099 0 24
17100 0 10
17101 1 28
17102 4 10
17103 0 49
17104 1 15
17105 0 126
17106 0 59
17107 0 37
17108 1 76
17109 1 93
17110 3 16
17111 1 29
17112 0 11
17113 3 4
17114 3 10
17115 0 22
17116 0 106
17117 2 8
17118 1 94
17119 0 115
17120 1 8
17121 0 96
17122 1 25
17123 1 102
17124 2 86
17125 1 44
17126 1 26
17127 1 28
17128 8 0
17129 0 113
17130 3 47
17131 3 14
17132 2 6
17133 0 109
17134 0 112
17135 2 47
17136 0 38
17137 2 32
17138 0 25
17139 3 6
17140 3 38
17141 0 60
17142 0 58
17143 2 2
17144 1 29
17145 0 77
17146 4 10
17147 4 7
17148 1 118
17149 2 10
17150 1 98
17151 2 41
17152 127 127
17153 0 37
17154 1 18
17155 0 72
17156 1 5
17157 1 54
17158 1 28
17159 5 5
17160 0 119
17161 2 76
17162 0 116
17163 1 58
17164 2 61
17165 0 78
17166 0 54
17167 0 59
17168 0 70
17169 1 50
17170 2 48
17171 2 39
17172 3 2
17173 2 2
17174 0 102
17175 1 64
17176 0 6
17177 1 10
17178 1 71
17179 1 76
17180 2 88
17181 4 3
17182 0 61
17183 1 12
17184 0 53
17185 0 93
17186 0 10
17187 0 39
17188 2 11
17189 0 42
17190 1 55
17191 1 117
17192 5 7
17193 2 6
17194 3 2
17195 0 40
17196 0 92
17197 2 2
17198 0 98
17199 4 7
17200 0 51
17201 0 114
17202 0 111
17203 1 73
17204 0 8
17205 3 2
17206 1 91
17207 0 74
17208 0 69
17209 3 9
17210 1 13
17211 5 3
17212 0 88
17213 0 38
17214 0 52
17215 7 0
17216 0 0
17217 0 87
17218 1 25
17219 0 17
17220 2 14
17221 0 24
17222 0 51
17223 3 8
17224 0 37
17225 2 5
17226 0 38
17227 1 33
17228 0 33
17229 1 36
17230 1 67
17231 1 86
17232 1 37
17233 0 65
17234 0 115
17235 4 4
17236 0 46
17237 0 89
17238 2 26
17239 0 107
17240 3 6
17241 0 88
17242 1 54
17243 2 65
17244 1 40
17245 2 50
17246 3 14
17247 3 37
17248 0 36
17249 0 94
17250 0 44
17251 2 16
17252 0 77
17253 1 43
17254 0 39
17255 1 50
17256 0 117
17257 2 17
17258 1 63
17259 2 14
17260 0 120
17261 0 38
17262 1 16
17263 0 52
17264 8 0
17265 1 5
17266 0 62
17267 3 10
17268 2 23
17269 0 55
17270 5 7
17271 1 36
17272 1 98
17273 3 47
17274 1 12
17275 0 127
17276 1 109
17277 0 56
17278 3 4
17279 0 34
17280 7 0
17281 0 99
17282 0 33
17283 2 37
17284 0 84
17285 2 6
17286 2 5
17287 0 7
17288 3 6
17289 0 109
17290 0 75
17291 0 91
17292 126 127
17293 1 21
17294 1 23
17295 4 6
17296 3 39
17297 0 113
17298 0 106
17299 5 8
17300 0 60
17301 2 42
17302 0 119
17303 1 115
17304 2 76
17305 0 101
17306 0 41
17307 2 2
17308 0 9
17309 0 85
17310 0 114
17311 0 8
17312 0 54
17313 3 2
17314 0 97
17315 0 25
17316 0 43
17317 0 44
17318 2 68
17319 0 47
17320 0 96
17321 0 78
17322 4 4
17323 0 112
17324 2 6
17325 2 27
17326 0 81
17327 127 127
17328 2 69
17329 3 4
17330 3 46
17331 0 93
17332 2 13
17333 1 61
17334 1 64
17335 0 12
17336 1 6
17337 5 7
17338 0 113
17339 1 35
17340 4 3
17341 1 12
17342 2 26
17343 1 8
17344 0 98
17345 8 0
17346 1 97
17347 0 108
17348 0 126
17349 1 10
17350 0 90
17351 1 24
17352 0 100
17353 0 68
17354 1 39
17355 0 95
17356 0 12
17357 2 66
17358 0 91
17359 0 20
17360 1 34
17361 0 109
17362 0 58
17363 0 66
17364 0 74
17365 1 69
17366 0 59
17367 0 84
17368 0 80
17369 1 60
17370 0 24
17371 0 45
17372 1 76
17373 0 1
17374 1 37
17375 0 32
17376 126 0
17377 2 31
17378 0 33
17379 0 48
17380 0 32
17381 3 11
17382 1 93
17383 0 44
17384 2 14
17385 5 3
17386 0 35
17387 0 115
17388 1 5
17389 0 45
17390 2 47
17391 0 71
17392 2 41
17393 0 21
17394 2 28
17395 0 108
17396 0 26
17397 0 43
17398 3 5
17399 0 86
17400 0 87
17401 0 73
17402 7 0
17403 2 91
17404 5 8
17405 0 22
17406 4 10
17407 1 33
17408 0 8
17409 4 9
17410 1 117
17411 1 19
17412 0 18
17413 0 0
17414 4 3
17415 0 105
17416 2 9
17417 2 67
17418 1 67
17419 0 104
17420 0 16
17421 1 28
17422 8 0
17423 5 4
17424 1 52
17425 1 106
17426 0 103
17427 0 94
17428 2 69
17429 1 8
17430 3 7
17431 1 13
17432 3 4
17433 0 106
17434 2 87
17435 0 6
17436 3 38
17437 2 65
17438 1 58
17439 0 105
17440 0 101
17441 127 0
17442 0 61
17443 2 8
17444 5 3
17445 0 100
17446 0 97
17447 3 9
17448 0 58
17449 2 11
17450 0 70
17451 1 34
17452 2 86
17453 1 27
17454 1 92
17455 0 71
17456 0 10
17457 1 69
17458 0 111
17459 0 33
17460 0 67
17461 0 17
17462 0 75
17463 0 32
17464 0 81
17465 1 12
17466 0 37
17467 0 21
17468 1 73
17469 4 7
17470 2 40
17471 4 3
17472 0 127
17473 1 77
17474 2 13
17475 2 56
17476 0 74
17477 2 16
17478 0 93
17479 3 6
17480 0 75
17481 0 64
17482 0 1
17483 2 15
17484 0 50
17485 1 11
17486 1 48
17487 3 5
17488 0 73
17489 0 19
17490 0 79
17491 2 90
17492 0 110
17493 0 48
17494 1 10
17495 0 90
17496 2 25
17497 0 55
17498 1 11
17499 0 99
17500 1 96
17501 0 88
17502 2 6
17503 0 106
17504 0 65
17505 0 126
17506 1 57
17507 3 7
17508 0 116
17509 1 13
17510 126 0
17511 0 23
17512 0 78
17513 0 112
17514 0 113
17515 0 15
17516 0 57
17517 0 96
17518 1 71
17519 1 88
17520 1 6
17521 127 0
17522 2 73
17523 2 72
17524 2 2
17525 1 48
17526 1 43
17527 4 8
17528 1 108
17529 0 102
17530 0 85
17531 0 14
17532 0 38
17533 2 13
17534 0 112
17535 0 39
17536 0 8
17537 1 40
17538 3 10
17539 0 98
17540 0 62
17541 0 36
17542 1 10
17543 0 101
17544 0 59
17545 2 30
17546 1 85
17547 2 87
17548 0 91
17549 1 11
17550 2 48
17551 2 7
17552 2 5
17553 0 48
17554 0 76
17555 7 0
17556 0 0
17557 2 21
17558 1 66
17559 1 17
17560 0 13
17561 5 5
17562 2 47
17563 6 0
17564 1 20
17565 0 35
17566 2 26
17567 3 7
17568 0 69
17569 1 55
17570 0 86
17571 3 9
17572 1 68
17573 2 12
17574 5 0
17575 2 64
17576 0 79
17577 0 105
17578 1 22
17579 0 51
17580 0 95
17581 0 113
17582 3 2
17583 1 118
17584 0 47
17585 0 50
17586 0 83
17587 2 6
17588 0 94
17589 3 21
17590 8 0
17591 2 68
17592 2 25
17593 0 15
17594 2 20
17595 0 75
17596 0 68
17597 4 7
17598 2 40
17599 0 55
17600 0 7
17601 2 2
17602 0 112
17603 1 93
17604 1 9
17605 1 55
17606 0 9
17607 0 24
17608 2 73
17609 0 58
17610 0 66
17611 1 40
17612 0 60
17613 3 2
17614 1 30
17615 0 23
17616 0 120
17617 1 65
17618 0 90
17619 1 28
17620 2 72
17621 2 89
17622 0 42
17623 0 109
17624 0 40
17625 1 9
17626 126 127
17627 0 92
17628 0 70
17629 2 14
17630 0 48
17631 0 17
17632 1 107
17633 2 50
17634 0 107
17635 2 93
17636 0 85
17637 3 12
17638 7 0
17639 1 39
17640 1 90
17641 0 24
17642 0 119
17643 0 27
17644 2 12
17645 0 100
17646 0 36
17647 2 15
17648 3 4
17649 1 93
17650 0 104
17651 2 93
17652 1 44
17653 1 25
17654 1 5
17655 0 69
17656 0 110
17657 1 6
17658 0 53
17659 0 9
17660 0 34
17661 1 8
17662 2 30
17663 1 34
17664 5 3
17665 0 33
17666 0 8
17667 0 30
17668 2 5
17669 0 12
17670 0 25
17671 2 63
17672 0 76
17673 1 51
17674 0 55
17675 0 75
17676 0 76
17677 2 39
17678 1 19
17679 0 19
17680 0 127
17681 0 29
17682 3 10
17683 0 120
17684 2 2
17685 1 62
17686 1 49
17687 3 2
17688 2 37
17689 0 126
17690 1 17
17691 0 97
17692 2 13
17693 0 78
17694 0 18
17695 1 31
17696 4 4
17697 0 16
17698 0 87
17699 3 9
17700 0 98
17701 0 61
17702 2 7
17703 0 30
17704 8 0
17705 6 0
17706 1 84
17707 1 55
17708 2 67
17709 0 6
17710 0 32
17711 127 127
17712 9 0
17713 1 39
17714 0 90
17715 0 24
17716 2 29
17717 0 29
17718 0 26
17719 0 33
17720 3 3
17721 1 43
17722 0 9
17723 2 90
17724 0 86
17725 1 93
17726 3 2
17727 3 39
17728 0 60
17729 1 67
17730 0 97
17731 6 5
17732 2 6
17733 2 64
17734 0 113
17735 0 32
17736 0 118
17737 1 68
17738 1 89
17739 2 25
17740 1 118
17741 1 37
17742 0 34
17743 0 115
17744 5 1
17745 1 6
17746 0 116
17747 0 72
17748 1 88
17749 1 89
17750 0 88
17751 0 1
17752 0 73
17753 2 91
17754 1 30
17755 0 6
17756 2 57
17757 2 65
17758 0 112
17759 3 7
17760 0 71
17761 1 40
17762 0 52
17763 2 7
17764 0 91
17765 0 28
17766 0 20
17767 4 1
17768 0 118
17769 0 13
17770 0 30
17771 0 80
17772 126 0
17773 0 85
17774 5 6
17775 1 14
17776 0 99
17777 1 39
17778 2 67
17779 3 7
17780 0 62
17781 1 24
17782 1 27
17783 0 74
17784 0 41
17785 0 25
17786 0 67
17787 1 44
17788 1 118
17789 2 48
17790 1 43
17791 0 73
17792 0 19
17793 3 3
17794 2 47
17795 0 26
17796 2 89
17797 1 12
17798 0 15
17799 1 40
17800 0 49
17801 0 92
17802 1 60
17803 2 9
17804 1 90
17805 0 81
17806 0 119
17807 3 2
17808 0 50
17809 0 86
17810 3 6
17811 3 22
17812 0 16
17813 1 72
17814 0 75
17815 0 11
17816 0 47
17817 0 22
17818 1 39
17819 1 44
17820 1 30
17821 0 8
17822 5 7
17823 0 15
17824 3 38
17825 1 21
17826 4 0
17827 0 113
17828 0 100
17829 0 80
17830 1 117
17831 0 77
17832 1 118
17833 0 91
17834 1 40
17835 0 70
17836 3 67
17837 0 24
17838 2 8
17839 1 6
17840 2 22
17841 0 10
17842 1 92
17843 8 0
17844 0 60
17845 0 49
17846 0 93
17847 5 2
17848 0 44
17849 2 27
17850 0 21
17851 0 53
17852 1 76
17853 1 9
17854 1 42
17855 4 6
17856 1 62
17857 1 65
17858 2 44
17859 3 29
17860 0 71
17861 2 48
17862 0 56
17863 0 52
17864 3 91
17865 0 112
17866 3 13
17867 1 24
17868 2 29
17869 0 31
17870 0 29
17871 0 55
17872 2 47
17873 2 72
17874 1 11
17875 1 73
17876 2 92
17877 2 10
17878 0 113
17879 0 50
17880 0 109
17881 0 90
17882 0 32
17883 0 62
17884 3 6
17885 0 106
17886 0 115
17887 2 38
17888 0 48
17889 2 19
17890 1 57
17891 1 95
17892 1 13
17893 1 39
17894 0 85
17895 0 28
17896 0 72
17897 0 6
17898 0 112
17899 1 62
17900 0 92
17901 0 16
17902 4 3
17903 2 18
17904 1 117
17905 3 38
17906 126 127
17907 5 6
17908 9 0
17909 0 53
17910 1 91
17911 127 0
17912 0 18
17913 0 103
17914 2 19
17915 1 40
17916 2 38
17917 0 9
17918 0 51
17919 2 67
17920 0 8
17921 0 86
17922 1 89
17923 3 4
17924 0 94
17925 1 15
17926 3 25
17927 0 47
17928 0 102
17929 2 17
17930 0 9
17931 0 49
17932 4 4
17933 3 90
17934 7 0
17935 1 5
17936 2 89
17937 0 8
17938 1 54
17939 2 25
17940 1 17
17941 0 71
17942 0 25
17943 1 88
17944 0 15
17945 0 63
17946 1 39
17947 0 70
17948 1 89
17949 2 7
17950 0 56
17951 0 55
17952 2 9
17953 2 21
17954 2 89
17955 4 9
17956 3 91
17957 1 69
17958 1 43
17959 0 89
17960 2 6
17961 127 127
17962 5 7
17963 5 5
17964 0 88
17965 126 127
17966 0 57
17967 3 25
17968 2 54
17969 3 10
17970 0 31
17971 1 88
17972 0 114
17973 2 22
17974 0 78
17975 2 21
17976 1 36
17977 1 77
17978 0 66
17979 0 17
17980 0 108
17981 2 22
17982 0 19
17983 1 21
17984 1 35
17985 0 9
17986 0 109
17987 1 20
17988 0 27
17989 0 91
17990 10 0
17991 1 21
17992 1 85
17993 1 68
17994 0 32
17995 0 23
17996 126 0
17997 0 77
17998 1 90
17999 1 12
18000 3 8
18001 0 37
18002 5 3
18003 1 36
18004 4 7
18005 0 88
18006 0 65
18007 0 115
18008 2 23
18009 0 40
18010 0 92
18011 0 103
18012 0 74
18013 0 91
18014 2 48
18015 1 42
18016 0 36
18017 3 89
18018 3 29
18019 0 28
18020 2 86
18021 0 21
18022 1 25
18023 1 55
18024 1 52
18025 2 87
18026 1 84
18027 2 8
18028 0 76
18029 1 9
18030 1 35
18031 1 48
18032 0 22
18033 0 117
18034 1 96
18035 6 0
18036 0 62
18037 1 6
18038 2 10
18039 0 18
18040 0 73
18041 0 37
18042 3 0
18043 0 38
18044 1 87
18045 0 19
18046 2 5
18047 0 63
18048 1 58
18049 0 108
18050 2 18
18051 2 37
18052 1 117
18053 1 65
18054 0 11
18055 2 39
18056 0 42
18057 127 0
18058 0 46
18059 2 86
18060 2 12
18061 5 7
18062 0 33
18063 0 56
18064 0 16
18065 0 54
18066 1 53
18067 1 95
18068 0 6
18069 1 71
18070 1 74
18071 1 61
18072 1 96
18073 3 10
18074 1 89
18075 1 11
18076 0 59
18077 1 27
18078 0 23
18079 1 39
18080 0 17
18081 0 53
18082 0 61
18083 2 73
18084 3 54
18085 0 99
18086 1 42
18087 3 14
18088 0 111
18089 5 0
18090 0 67
18091 1 21
18092 0 118
18093 0 29
18094 6 5
18095 0 100
18096 0 31
18097 0 12
18098 0 75
18099 0 65
18100 2 39
18101 3 8
18102 0 90
18103 1 65
18104 2 85
18105 0 64
18106 2 22
18107 1 57
18108 0 76
18109 5 2
18110 0 87
18111 1 75
18112 0 119
18113 2 43
18114 0 58
18115 2 9
18116 1 45
18117 0 60
18118 1 95
18119 0 22
18120 2 7
18121 0 32
18122 0 114
18123 1 9
18124 4 3
18125 0 28
18126 4 6
18127 1 50
18128 0 75
18129 2 44
18130 2 57
18131 0 96
18132 0 72
18133 0 99
18134 2 6
18135 2 27
18136 0 89
18137 126 0
18138 5 9
18139 1 73
18140 1 5
18141 0 24
18142 127 0
18143 0 66
18144 0 52
18145 2 11
18146 0 54
18147 0 21
18148 2 63
18149 2 2
18150 0 68
18151 1 57
18152 0 27
18153 3 2
18154 0 8
18155 1 63
18156 0 9
18157 0 69
18158 0 74
18159 1 38
18160 1 20
18161 6 2
18162 1 89
18163 2 19
18164 1 47
18165 1 18
18166 2 73
18167 1 70
18168 4 5
18169 0 118
18170 6 0
18171 2 86
18172 0 22
18173 4 91
18174 2 8
18175 0 119
18176 2 57
18177 0 13
18178 3 6
18179 0 102
18180 0 20
18181 0 51
18182 3 8
18183 2 95
18184 127 127
18185 0 113
18186 0 109
18187 0 8
18188 1 11
18189 9 0
18190 3 88
18191 2 21
18192 0 37
18193 2 89
18194 2 4
18195 1 68
18196 1 92
18197 6 4
18198 2 50
18199 0 38
18200 0 19
18201 2 85
18202 1 71
18203 0 21
18204 0 0
18205 5 2
18206 1 17
18207 0 85
18208 5 5
18209 1 48
18210 2 29
18211 2 18
18212 1 86
18213 0 98
18214 0 26
18215 0 67
18216 0 30
18217 4 7
18218 0 48
18219 0 114
18220 1 73
18221 126 0
18222 2 19
18223 0 71
18224 2 8
18225 3 8
18226 0 61
18227 0 14
18228 0 12
18229 2 6
18230 1 83
18231 2 84
18232 0 73
18233 2 2
18234 0 92
18235 0 70
18236 0 49
18237 0 74
18238 0 57
18239 1 69
18240 2 71
18241 2 54
18242 0 113
18243 0 117
18244 3 87
18245 1 6
18246 0 120
18247 3 24
18248 1 18
18249 0 77
18250 0 47
18251 4 6
18252 2 8
18253 0 76
18254 3 54
18255 2 56
18256 3 19
18257 0 59
18258 0 56
18259 0 34
18260 0 119
18261 127 0
18262 1 16
18263 1 15
18264 6 3
18265 0 18
18266 1 95
18267 2 57
18268 2 9
18269 2 70
18270 0 66
18271 2 95
18272 1 68
18273 2 22
18274 0 73
18275 5 0
18276 1 9
18277 1 89
18278 2 13
18279 2 86
18280 1 27
18281 2 11
18282 0 120
18283 4 9
18284 2 69
18285 3 84
18286 0 116
18287 6 2
18288 1 10
18289 1 22
18290 126 0
18291 0 42
18292 0 115
18293 0 99
18294 3 15
18295 0 105
18296 0 58
18297 3 9
18298 1 111
18299 2 20
18300 0 108
18301 0 88
18302 2 89
18303 1 38
18304 2 66
18305 2 67
18306 0 52
18307 0 127
18308 0 39
18309 2 66
18310 2 9
18311 0 68
18312 0 67
18313 0 27
18314 1 19
18315 1 72
18316 5 4
18317 3 91
18318 1 36
18319 2 91
18320 3 8
18321 0 35
18322 1 29
18323 0 38
18324 0 65
18325 0 104
18326 1 9
18327 8 0
18328 1 46
18329 0 34
18330 0 6
18331 3 14
18332 5 2
18333 0 119
18334 1 68
18335 3 2
18336 1 71
18337 1 6
18338 0 74
18339 0 118
18340 1 45
18341 0 101
18342 0 98
18343 0 69
18344 0 23
18345 1 35
18346 1 12
18347 2 8
18348 0 117
18349 0 6
18350 1 46
18351 1 66
18352 2 2
18353 0 82
18354 0 112
18355 2 40
18356 5 5
18357 1 36
18358 4 10
18359 2 55
18360 0 71
18361 3 53
18362 1 55
18363 1 96
18364 1 40
18365 3 88
18366 1 89
18367 0 63
18368 0 84
18369 0 45
18370 0 40
18371 0 62
18372 2 55
18373 2 66
18374 0 64
18375 0 66
18376 3 52
18377 6 4
18378 0 12
18379 7 0
18380 0 103
18381 0 77
18382 0 50
18383 0 49
18384 2 88
18385 1 10
18386 0 67
18387 0 85
18388 2 84
18389 2 52
18390 0 25
18391 1 110
18392 1 54
18393 0 1
18394 1 92
18395 0 111
18396 0 53
18397 3 88
18398 2 89
18399 0 16
18400 0 96
18401 0 87
18402 1 39
18403 6 3
18404 3 3
18405 3 55
18406 3 11
18407 1 67
18408 2 29
18409 0 43
18410 1 62
18411 1 109
18412 0 73
18413 1 25
18414 0 126
18415 2 21
18416 1 86
18417 3 6
18418 0 0
18419 0 99
18420 4 9
18421 0 83
18422 0 42
18423 1 13
18424 2 48
18425 1 38
18426 1 101
18427 0 107
18428 5 4
18429 0 89
18430 0 127
18431 0 25
18432 4 5
18433 0 90
18434 1 83
18435 1 20
18436 1 50
18437 0 54
18438 2 24
18439 0 19
18440 1 56
18441 0 101
18442 0 110
18443 0 57
18444 1 1
18445 3 37
18446 8 0
18447 0 114
18448 2 39
18449 1 48
18450 0 76
18451 2 58
18452 1 108
18453 0 84
18454 126 127
18455 0 38
18456 0 46
18457 0 85
18458 0 43
18459 4 10
18460 3 45
18461 0 77
18462 0 60
18463 1 6
18464 0 42
18465 0 126
18466 1 35
18467 0 33
18468 2 65
18469 0 66
18470 0 35
18471 0 51
18472 2 63
18473 3 91
18474 0 59
18475 3 46
18476 0 63
18477 1 53
18478 1 29
18479 0 116
18480 2 9
18481 3 2
18482 0 11
18483 0 113
18484 4 3
18485 1 12
18486 2 85
18487 1 95
18488 127 127
18489 1 89
18490 0 60
18491 2 48
18492 1 61
18493 1 101
18494 1 9
18495 2 11
18496 2 72
18497 0 53
18498 2 9
18499 0 76
18500 1 24
18501 126 127
18502 0 17
18503 1 13
18504 2 62
18505 0 77
18506 0 98
18507 3 5
18508 0 52
18509 2 2
18510 0 68
18511 0 112
18512 0 44
18513 0 93
18514 1 37
18515 0 18
18516 0 61
18517 3 36
18518 2 91
18519 1 45
18520 1 32
18521 0 88
18522 1 31
18523 3 2
18524 127 0
18525 1 58
18526 1 87
18527 0 56
18528 2 5
18529 0 26
18530 2 55
18531 0 25
18532 0 94
18533 1 84
18534 3 3
18535 0 74
18536 2 36
18537 0 113
18538 0 79
18539 0 69
18540 1 40
18541 0 106
18542 7 3
18543 0 58
18544 1 9
18545 0 86
18546 0 102
18547 0 112
18548 6 0
18549 2 68
18550 1 62
18551 1 57
18552 4 5
18553 0 105
18554 1 5
18555 2 88
18556 2 24
18557 0 39
18558 0 80
18559 0 36
18560 1 65
18561 0 24
18562 0 51
18563 1 23
18564 0 79
18565 0 76
18566 1 86
18567 4 8
18568 2 43
18569 3 85
18570 0 16
18571 0 52
18572 0 12
18573 2 7
18574 1 100
18575 0 68
18576 0 11
18577 1 26
18578 0 73
18579 0 92
18580 6 2
18581 0 87
18582 0 70
18583 0 85
18584 0 47
18585 1 19
18586 0 104
18587 1 28
18588 1 53
18589 0 89
18590 0 55
18591 1 48
18592 3 5
18593 0 90
18594 1 22
18595 7 4
18596 1 8
18597 2 35
18598 1 25
18599 2 69
18600 1 56
18601 2 14
18602 0 20
18603 0 46
18604 0 22
18605 0 64
18606 1 35
18607 0 41
18608 0 6
18609 0 13
18610 0 97
18611 2 67
18612 1 12
18613 5 2
18614 2 26
18615 1 47
18616 4 4
18617 4 5
18618 0 108
18619 2 0
18620 0 77
18621 0 100
18622 1 38
18623 0 62
18624 1 54
18625 0 96
18626 2 51
18627 0 105
18628 0 29
18629 0 50
18630 0 15
18631 1 92
18632 1 43
18633 0 113
18634 0 54
18635 0 14
18636 1 41
18637 0 97
18638 0 56
18639 0 55
18640 1 40
18641 2 2
18642 0 54
18643 3 18
18644 0 72
18645 2 53
18646 0 31
18647 2 27
18648 2 65
18649 0 73
18650 2 19
18651 0 93
18652 0 72
18653 0 115
18654 2 86
18655 0 61
18656 1 83
18657 0 84
18658 1 69
18659 0 16
18660 1 51
18661 0 112
18662 1 56
18663 2 13
18664 0 48
18665 1 67
18666 127 127
18667 1 26
18668 0 25
18669 1 18
18670 0 43
18671 0 62
18672 2 83
18673 2 67
18674 0 127
18675 3 0
18676 0 71
18677 126 127
18678 3 8
18679 0 92
18680 0 49
18681 1 54
18682 0 67
18683 0 18
18684 1 19
18685 2 46
18686 0 85
18687 1 57
18688 6 4
18689 0 89
18690 2 10
18691 0 80
18692 1 41
18693 1 25
18694 1 29
18695 0 69
18696 3 9
18697 0 17
18698 0 13
18699 1 110
18700 2 19
18701 0 114
18702 4 3
18703 0 107
18704 1 65
18705 0 103
18706 1 87
18707 1 86
18708 0 68
18709 0 53
18710 0 126
18711 2 52
18712 1 56
18713 0 56
18714 0 51
18715 2 14
18716 0 84
18717 4 4
18718 1 71
18719 0 79
18720 1 51
18721 2 0
18722 0 80
18723 0 63
18724 0 101
18725 0 45
18726 127 127
18727 0 99
18728 0 55
18729 0 9
18730 5 0
18731 1 18
18732 0 75
18733 0 52
18734 5 5
18735 0 108
18736 0 115
18737 0 40
18738 0 23
18739 0 48
18740 0 15
18741 0 19
18742 3 11
18743 1 101
18744 5 6
18745 1 26
18746 0 86
18747 2 89
18748 1 84
18749 0 20
18750 2 41
18751 0 74
18752 1 6
18753 1 88
18754 0 65
18755 0 70
18756 1 41
18757 1 31
18758 3 89
18759 3 2
18760 0 47
18761 0 107
18762 2 5
18763 126 0
18764 2 73
18765 1 19
18766 0 73
18767 3 55
18768 1 57
18769 0 53
18770 3 5
18771 1 37
18772 1 38
18773 7 0
18774 2 54
18775 4 6
18776 127 0
18777 1 61
18778 3 8
18779 0 52
18780 0 53
18781 2 61
18782 0 79
18783 0 75
18784 1 25
18785 1 28
18786 0 57
18787 1 15
18788 4 3
18789 0 31
18790 1 67
18791 1 55
18792 0 16
18793 1 34
18794 0 67
18795 0 24
18796 0 41
18797 0 101
18798 2 13
18799 0 108
18800 1 40
18801 1 75
18802 0 110
18803 1 9
18804 0 22
18805 0 23
18806 3 52
18807 1 52
18808 0 72
18809 0 25
18810 0 85
18811 1 64
18812 3 17
18813 1 103
18814 0 127
18815 0 17
18816 4 9
18817 4 4
18818 0 88
18819 0 44
18820 0 84
18821 2 85
18822 2 71
18823 1 83
18824 1 37
18825 1 63
18826 4 0
18827 0 49
18828 6 0
18829 0 107
18830 2 9
18831 0 75
18832 2 64
18833 0 32
18834 0 54
18835 0 87
18836 0 52
18837 1 8
18838 2 11
18839 1 41
18840 2 19
18841 2 83
18842 1 71
18843 0 109
18844 1 40
18845 3 0
18846 1 24
18847 0 103
18848 1 92
18849 0 42
18850 0 69
18851 0 74
18852 0 8
18853 0 14
18854 2 52
18855 2 38
18856 126 0
18857 0 81
18858 0 6
18859 2 3
18860 4 3
18861 1 105
18862 0 37
18863 1 99
18864 0 18
18865 1 37
18866 0 45
18867 0 38
18868 2 2
18869 0 95
18870 0 111
18871 1 20
18872 1 89
18873 5 4
18874 2 90
18875 1 48
18876 1 61
18877 2 43
18878 0 43
18879 0 12
18880 1 5
18881 0 40
18882 1 83
18883 1 11
18884 0 106
18885 0 59
18886 0 92
18887 2 53
18888 1 44
18889 1 70
18890 3 88
18891 0 35
18892 0 76
18893 0 78
18894 0 56
18895 0 68
18896 1 91
18897 2 17
18898 127 0
18899 2 65
18900 0 42
18901 0 37
18902 0 61
18903 0 33
18904 0 63
18905 0 86
18906 1 8
18907 0 44
18908 1 45
18909 0 88
18910 0 16
18911 0 126
18912 0 70
18913 1 63
18914 1 10
18915 0 104
18916 2 24
18917 3 3
18918 2 51
18919 1 11
18920 2 88
18921 0 19
18922 1 23
18923 0 114
18924 1 72
18925 0 107
18926 0 72
18927 0 24
18928 2 34
18929 0 13
18930 2 39
18931 7 0
18932 1 41
18933 0 83
18934 1 6
18935 0 26
18936 2 41
18937 3 19
18938 0 53
18939 2 10
18940 0 127
18941 0 17
18942 3 6
18943 2 64
18944 1 109
18945 1 66
18946 1 72
18947 0 43
18948 0 11
18949 1 60
18950 1 33
18951 1 9
18952 5 0
18953 0 126
18954 0 85
18955 1 51
18956 0 109
18957 1 41
18958 0 46
18959 2 8
18960 0 38
18961 2 74
18962 0 33
18963 3 5
18964 0 93
18965 1 42
18966 0 37
18967 1 50
18968 0 79
18969 3 54
18970 0 18
18971 2 22
18972 0 54
18973 0 28
18974 3 55
18975 1 53
18976 5 5
18977 0 98
18978 0 91
18979 3 6
18980 1 106
18981 1 36
18982 4 4
18983 0 127
18984 1 33
18985 0 113
18986 0 6
18987 2 44
18988 0 48
18989 0 82
18990 0 77
18991 0 87
18992 126 0
18993 2 21
18994 3 5
18995 2 73
18996 0 76
18997 2 55
18998 1 111
18999 1 39
19000 0 20
19001 0 58
19002 1 100
19003 2 57
19004 3 90
19005 0 78
19006 1 38
19007 1 12
19008 2 53
19009 0 84
19010 1 6
19011 6 5
19012 0 126
19013 4 7
19014 0 89
19015 5 4
19016 4 4
19017 2 41
19018 2 0
19019 0 73
19020 0 64
19021 0 39
19022 0 74
19023 2 19
19024 0 15
19025 3 6
19026 0 8
19027 2 43
19028 1 76
19029 3 9
19030 2 74
19031 1 68
19032 1 85
19033 0 45
19034 1 105
19035 1 19
19036 0 62
19037 0 72
19038 0 42
19039 0 59
19040 2 14
19041 1 16
19042 1 21
19043 3 11
19044 0 61
19045 1 72
19046 0 77
19047 2 25
19048 0 79
19049 1 5
19050 2 60
19051 2 44
19052 1 57
19053 2 38
19054 2 47
19055 5 3
19056 1 75
19057 1 53
19058 126 127
19059 0 34
19060 0 69
19061 0 96
19062 1 10
19063 0 1
19064 0 66
19065 0 94
19066 0 55
19067 1 26
19068 2 12
19069 1 1
19070 2 40
19071 1 62
19072 5 2
19073 0 25
19074 127 127
19075 0 32
19076 0 72
19077 0 31
19078 0 112
19079 1 18
19080 0 47
19081 1 24
19082 0 86
19083 2 43
19084 0 57
19085 0 50
19086 0 9
19087 0 113
19088 2 54
19089 0 56
19090 1 63
19091 0 41
19092 2 83
19093 0 62
19094 0 110
19095 2 46
19096 126 127
19097 0 57
19098 1 44
19099 2 10
19100 3 25
19101 1 10
19102 0 87
19103 0 49
19104 1 12
19105 1 38
19106 4 9
19107 3 43
19108 2 21
19109 0 109
19110 3 9
19111 1 56
19112 1 46
19113 0 76
19114 1 8
19115 0 24
19116 0 32
19117 0 14
19118 0 53
19119 2 35
19120 2 11
19121 0 54
19122 1 96
19123 0 67
19124 1 99
19125 0 112
19126 0 66
19127 1 13
19128 2 38
19129 1 23
19130 2 42
19131 1 100
19132 2 90
19133 1 43
19134 5 3
19135 0 44
19136 1 65
19137 3 17
19138 0 93
19139 1 88
19140 1 42
19141 127 0
19142 1 6
19143 4 0
19144 2 25
19145 0 83
19146 2 10
19147 0 31
19148 2 53
19149 2 18
19150 2 48
19151 0 21
19152 0 15
19153 0 10
19154 2 52
19155 2 12
19156 0 60
19157 4 8
19158 0 85
19159 0 127
19160 0 67
19161 0 27
19162 3 16
19163 0 90
19164 0 36
19165 1 66
19166 0 66
19167 0 32
19168 0 38
19169 1 110
19170 2 20
19171 2 15
19172 2 88
19173 3 2
19174 2 24
19175 0 12
19176 0 50
19177 2 55
19178 0 48
19179 2 14
19180 0 126
19181 0 71
19182 2 11
19183 3 15
19184 1 89
19185 1 99
19186 2 37
19187 0 9
19188 0 56
19189 126 0
19190 3 12
19191 2 38
19192 0 108
19193 0 18
19194 1 92
19195 0 19
19196 1 9
19197 1 5
19198 1 53
19199 2 51
19200 2 68
19201 0 40
19202 0 41
19203 0 58
19204 1 50
19205 1 40
19206 1 76
19207 0 94
19208 0 51
19209 2 47
19210 0 84
19211 2 65
19212 1 84
19213 0 97
19214 0 35
19215 1 55
19216 0 67
19217 0 59
19218 3 16
19219 0 65
19220 0 17
19221 4 5
19222 2 25
19223 1 18
19224 0 89
19225 2 55
19226 2 2
19227 0 109
19228 1 20
19229 0 34
19230 1 37
19231 2 42
19232 0 103
19233 0 26
19234 127 0
19235 1 69
19236 0 16
19237 0 61
19238 0 104
19239 1 21
19240 2 73
19241 3 15
19242 6 4
19243 1 36
19244 2 67
19245 0 108
19246 4 4
19247 1 26
19248 0 35
19249 2 16
19250 3 2
19251 0 39
19252 2 64
19253 2 48
19254 0 111
19255 3 10
19256 0 38
19257 0 106
19258 0 30
19259 1 88
19260 0 26
19261 2 82
19262 2 2
19263 5 0
19264 0 52
19265 0 107
19266 0 83
19267 3 2
19268 1 11
19269 2 34
19270 126 0
19271 0 86
19272 0 69
19273 1 95
19274 2 52
19275 2 89
19276 1 75
19277 0 88
19278 2 41
19279 0 92
19280 8 0
19281 1 6
19282 0 63
19283 2 9
19284 0 29
19285 1 54
19286 0 33
19287 1 109
19288 0 8
19289 0 110
19290 2 84
19291 4 15
19292 1 64
19293 4 5
19294 1 83
19295 1 60
19296 2 19
19297 1 108
19298 1 53
19299 2 11
19300 0 42
19301 2 51
19302 1 9
19303 1 86
19304 2 20
19305 2 9
19306 127 0
19307 3 42
19308 1 90
19309 0 50
19310 2 28
19311 2 19
19312 0 64
19313 0 83
19314 0 13
19315 1 15
19316 4 4
19317 0 111
19318 0 65
19319 1 28
19320 0 109
19321 0 51
19322 0 84
19323 1 10
19324 1 20
19325 2 75
19326 0 86
19327 1 58
19328 0 78
19329 1 50
19330 0 99
19331 126 0
19332 3 89
19333 0 23
19334 1 17
19335 2 89
19336 6 0
19337 0 64
19338 0 47
19339 0 30
19340 0 48
19341 1 96
19342 3 13
19343 1 55
19344 3 16
19345 3 43
19346 1 99
19347 9 0
19348 0 112
19349 0 111
19350 0 85
19351 0 29
19352 0 15
19353 0 45
19354 3 3
19355 1 13
19356 1 95
19357 1 33
19358 2 35
19359 2 18
19360 1 27
19361 0 34
19362 0 22
19363 2 42
19364 0 62
19365 1 73
19366 0 35
19367 0 37
19368 0 106
19369 0 65
19370 0 41
19371 0 91
19372 1 69
19373 1 34
19374 1 61
19375 0 30
19376 4 5
19377 0 100
19378 0 92
19379 0 89
19380 1 25
19381 2 23
19382 1 39
19383 0 34
19384 2 52
19385 0 101
19386 1 84
19387 4 10
19388 0 44
19389 0 93
19390 1 21
19391 0 47
19392 0 63
19393 0 88
19394 0 62
19395 0 95
19396 1 82
19397 0 17
19398 0 29
19399 5 0
19400 0 58
19401 8 0
19402 2 51
19403 0 36
19404 3 8
19405 0 24
19406 0 40
19407 2 12
19408 0 10
19409 1 48
19410 1 63
19411 1 10
19412 2 27
19413 2 48
19414 3 10
19415 0 61
19416 0 10
19417 1 9
19418 2 33
19419 3 2
19420 0 69
19421 1 5
19422 0 73
19423 1 85
19424 0 98
19425 0 107
19426 2 68
19427 0 84
19428 0 87
19429 0 30
19430 0 74
19431 127 0
19432 2 36
19433 0 20
19434 3 44
19435 1 35
19436 1 16
19437 2 1
19438 1 72
19439 1 34
19440 3 89
19441 0 57
19442 2 52
19443 1 45
19444 1 76
19445 0 28
19446 0 43
19447 1 35
19448 1 42
19449 0 41
19450 2 74
19451 0 39
19452 0 45
19453 0 89
19454 1 8
19455 1 37
19456 1 15
19457 0 18
19458 2 39
19459 0 23
19460 0 100
19461 0 106
19462 4 8
19463 0 127
19464 0 53
19465 0 62
19466 0 90
19467 0 126
19468 0 13
19469 3 8
19470 2 51
19471 1 86
19472 2 73
19473 2 16
19474 0 76
19475 1 52
19476 0 79
19477 0 108
19478 4 4
19479 126 0
19480 0 50
19481 1 107
19482 1 32
19483 0 48
19484 0 59
19485 1 41
19486 2 47
19487 2 86
19488 2 38
19489 1 27
19490 2 60
19491 0 17
19492 0 72
19493 0 55
19494 0 68
19495 0 61
19496 2 67
19497 0 77
19498 4 13
19499 1 14
19500 1 79
19501 1 93
19502 0 31
19503 3 0
19504 0 56
19505 1 18
19506 0 37
19507 127 0
19508 1 6
19509 0 30
19510 0 29
19511 2 9
19512 0 16
19513 1 94
19514 1 28
19515 0 110
19516 0 31
19517 0 79
19518 1 24
19519 0 105
19520 1 22
19521 2 17
19522 2 89
19523 1 91
19524 1 37
19525 3 13
19526 0 93
19527 0 58
19528 0 127
19529 0 101
19530 2 90
19531 3 3
19532 0 126
19533 0 19
19534 1 73
19535 1 47
19536 3 2
19537 2 82
19538 1 19
19539 0 66
19540 1 83
19541 0 96
19542 1 86
19543 1 9
19544 0 83
19545 2 25
19546 2 59
19547 2 43
19548 1 49
19549 1 21
19550 2 0
19551 2 60
19552 0 28
19553 1 60
19554 1 66
19555 1 79
19556 2 50
19557 0 79
19558 1 34
19559 0 89
19560 0 14
19561 0 18
19562 1 85
19563 1 56
19564 1 86
19565 6 5
19566 0 95
19567 2 2
19568 1 27
19569 1 46
19570 1 16
19571 0 57
19572 3 33
19573 2 11
19574 4 10
19575 5 2
19576 0 9
19577 0 96
19578 0 86
19579 2 27
19580 1 83
19581 2 19
19582 0 29
19583 1 27
19584 3 10
19585 1 79
19586 5 5
19587 1 0
19588 0 28
19589 2 68
19590 0 60
19591 1 95
19592 1 5
19593 0 83
19594 2 32
19595 2 51
19596 1 72
19597 0 17
19598 0 21
19599 0 29
19600 1 100
19601 6 0
19602 2 22
19603 0 52
19604 0 18
19605 1 33
19606 2 26
19607 2 42
19608 1 10
19609 1 28
19610 1 84
19611 1 51
19612 2 86
19613 1 6
19614 0 25
19615 0 35
19616 127 127
19617 0 63
19618 1 22
19619 2 49
19620 0 91
19621 1 94
19622 0 79
19623 1 49
19624 0 33
19625 2 73
19626 0 47
19627 0 102
19628 0 54
19629 2 51
19630 0 76
19631 1 85
19632 0 55
19633 0 101
19634 1 31
19635 1 99
19636 3 15
19637 3 16
19638 0 22
19639 1 13
19640 2 39
19641 2 15
19642 2 18
19643 0 84
19644 0 44
19645 2 14
19646 0 49
19647 1 91
19648 1 48
19649 0 40
19650 1 45
19651 0 15
19652 9 0
19653 0 38
19654 0 20
19655 0 90
19656 0 14
19657 5 3
19658 2 44
19659 0 50
19660 0 107
19661 1 26
19662 1 12
19663 0 77
19664 0 95
19665 1 59
19666 0 88
19667 0 54
19668 1 69
19669 0 8
19670 1 79
19671 0 72
19672 0 76
19673 1 9
19674 3 2
19675 0 55
19676 0 42
19677 1 49
19678 8 0
19679 5 2
19680 0 39
19681 1 63
19682 2 94
19683 1 73
19684 1 108
19685 2 0
19686 2 89
19687 1 106
19688 0 36
19689 0 62
19690 0 23
19691 1 21
19692 1 15
19693 0 61
19694 2 61
19695 3 5
19696 1 82
19697 1 40
19698 2 56
19699 2 24
19700 2 60
19701 1 46
19702 3 34
19703 1 67
19704 2 13
19705 1 83
19706 1 34
19707 0 89
19708 0 19
19709 0 32
19710 2 45
19711 2 33
19712 0 59
19713 1 88
19714 0 97
19715 0 9
19716 5 6
19717 1 72
19718 1 24
19719 9 0
19720 3 11
19721 2 24
19722 1 41
19723 0 16
19724 0 64
19725 4 3
19726 2 44
19727 0 22
19728 6 2
19729 5 0
19730 2 32
19731 1 58
19732 2 35
19733 2 28
19734 0 17
19735 1 52
19736 2 33
19737 0 98
19738 0 67
19739 1 27
19740 0 109
19741 2 37
19742 0 92
19743 1 90
19744 1 40
19745 1 55
19746 1 87
19747 2 57
19748 0 69
19749 0 23
19750 1 48
19751 1 59
19752 1 35
19753 0 33
19754 0 100
19755 1 13
19756 1 18
19757 0 28
19758 8 0
19759 0 16
19760 0 106
19761 0 49
19762 0 77
19763 0 91
19764 0 101
19765 0 58
19766 2 11
19767 0 59
19768 2 73
19769 1 24
19770 6 0
19771 0 45
19772 0 32
19773 1 88
19774 0 50
19775 0 26
19776 2 12
19777 2 85
19778 0 54
19779 1 22
19780 9 0
19781 0 97
19782 0 127
19783 0 21
19784 1 62
19785 0 92
19786 2 69
19787 3 11
19788 0 53
19789 3 89
19790 4 4
19791 0 66
19792 0 8
19793 0 29
19794 2 2
19795 2 87
19796 2 9
19797 4 0
19798 3 10
19799 1 41
19800 0 48
19801 0 55
19802 0 80
19803 3 2
19804 1 59
19805 2 40
19806 2 89
19807 1 5
19808 3 0
19809 0 126
19810 1 49
19811 1 85
19812 2 32
19813 2 33
19814 8 0
19815 0 59
19816 0 20
19817 0 17
19818 2 74
19819 126 127
19820 3 14
19821 0 81
19822 4 6
19823 0 15
19824 0 110
19825 0 40
19826 0 35
19827 1 59
19828 4 14
19829 0 91
19830 0 88
19831 1 6
19832 0 59
19833 0 51
19834 1 44
19835 0 34
19836 0 27
19837 2 85
19838 1 28
19839 1 85
19840 0 70
19841 1 55
19842 2 106
19843 0 80
19844 1 43
19845 0 41
19846 0 108
19847 0 107
19848 0 30
19849 0 25
19850 127 127
19851 3 11
19852 4 8
19853 2 24
19854 2 2
19855 2 20
19856 1 78
19857 0 87
19858 0 65
19859 0 83
19860 0 21
19861 1 24
19862 0 55
19863 2 5
19864 0 33
19865 1 58
19866 3 42
19867 0 26
19868 4 3
19869 1 20
19870 0 89
19871 0 79
19872 1 107
19873 1 91
19874 0 90
19875 0 16
19876 0 14
19877 5 0
19878 0 47
19879 0 54
19880 3 2
19881 0 44
19882 0 72
19883 0 56
19884 0 24
19885 1 82
19886 0 92
19887 0 17
19888 0 36
19889 1 55
19890 0 50
19891 1 60
19892 2 56
19893 3 5
19894 2 5
19895 0 62
19896 1 34
19897 2 91
19898 0 84
19899 0 67
19900 0 9
19901 1 41
19902 126 127
19903 2 18
19904 1 91
19905 1 45
19906 2 105
19907 0 35
19908 0 58
19909 4 4
19910 1 67
19911 0 66
19912 2 68
19913 1 29
19914 0 15
19915 2 43
19916 1 94
19917 2 86
19918 0 100
19919 1 48
19920 0 86
19921 1 57
19922 0 80
19923 5 2
19924 3 10
19925 1 70
19926 0 28
19927 0 103
19928 0 94
19929 2 1
19930 2 22
19931 2 32
19932 0 106
19933 0 46
19934 4 3
19935 0 76
19936 0 23
19937 0 109
19938 1 84
19939 2 11
19940 2 33
19941 1 25
19942 0 77
19943 0 108
19944 1 5
19945 2 107
19946 1 17
19947 3 41
19948 0 76
19949 2 16
19950 3 6
19951 2 0
19952 1 105
19953 2 45
19954 1 43
19955 126 0
19956 0 102
19957 0 87
19958 0 18
19959 3 8
19960 2 43
19961 0 71
19962 1 45
19963 2 50
19964 0 89
19965 0 127
19966 0 68
19967 0 72
19968 0 111
19969 0 14
19970 0 109
19971 6 2
19972 0 8
19973 0 43
19974 0 103
19975 1 86
19976 1 107
19977 0 102
19978 0 10
19979 2 73
19980 2 2
19981 0 71
19982 0 15
19983 0 61
19984 0 96
19985 1 58
19986 2 69
19987 0 20
19988 2 60
19989 1 90
19990 2 84
19991 3 42
19992 2 57
19993 2 29
19994 0 53
19995 1 63
19996 0 37
19997 127 0
19998 0 22
19999 1 19
20000 0 79
20001 1 98
20002 0 91
20003 0 36
20004 2 56
20005 2 36
20006 3 16
20007 0 83
20008 0 55
20009 127 127
20010 1 7
20011 2 32
20012 1 62
20013 4 10
20014 0 88
20015 2 16
20016 1 28
20017 0 39
20018 0 13
20019 1 77
20020 0 9
20021 3 16
20022 0 34
20023 3 11
20024 0 92
20025 0 17
20026 0 49
20027 0 75
20028 0 41
20029 2 34
20030 0 91
20031 1 39
20032 0 50
20033 1 73
20034 4 6
20035 1 10
20036 2 88
20037 1 63
20038 0 103
20039 2 44
20040 0 32
20041 126 0
20042 2 42
20043 2 17
20044 0 105
20045 2 49
20046 3 44
20047 0 21
20048 0 93
20049 0 12
20050 3 89
20051 1 8
20052 2 6
20053 0 33
20054 0 107
20055 0 35
20056 2 45
20057 2 7
20058 7 0
20059 0 89
20060 1 57
20061 3 90
20062 0 76
20063 0 69
20064 0 13
20065 3 6
20066 4 8
20067 1 43
20068 3 43
20069 0 39
20070 1 78
20071 3 9
20072 3 32
20073 0 56
20074 1 85
20075 2 9
20076 0 12
20077 2 6
20078 1 109
20079 0 80
20080 1 51
20081 0 72
20082 1 36
20083 1 42
20084 1 52
20085 127 0
20086 2 83
20087 1 71
20088 3 8
20089 0 54
20090 0 8
20091 1 60
20092 0 77
20093 3 89
20094 3 2
20095 2 12
20096 0 62
20097 0 20
20098 0 28
20099 0 65
20100 1 24
20101 0 92
20102 0 75
20103 1 74
20104 0 52
20105 3 15
20106 0 48
20107 0 14
20108 2 3
20109 1 18
20110 2 1
20111 1 40
20112 1 28
20113 0 84
20114 0 88
20115 2 19
20116 2 37
20117 2 0
20118 0 76
20119 1 49
20120 0 60
20121 1 54
20122 0 68
20123 2 7
20124 1 73
20125 0 94
20126 0 108
20127 2 6
20128 1 4
20129 2 49
20130 0 98
20131 4 4
20132 0 19
20133 0 101
20134 0 9
20135 0 38
20136 0 79
20137 0 90
20138 1 92
20139 0 61
20140 0 18
20141 0 77
20142 2 1
20143 1 60
20144 1 59
20145 1 45
20146 0 43
20147 0 32
20148 3 42
20149 0 63
20150 4 3
20151 0 20
20152 2 30
20153 0 110
20154 0 111
20155 1 20
20156 0 59
20157 0 36
20158 8 0
20159 1 3
20160 1 89
20161 0 29
20162 0 92
20163 0 80
20164 0 71
20165 2 67
20166 0 16
20167 1 67
20168 0 99
20169 3 16
20170 1 70
20171 1 79
20172 0 55
20173 4 9
20174 0 97
20175 6 0
20176 1 86
20177 0 33
20178 3 4
20179 0 19
20180 2 2
20181 2 45
20182 0 73
20183 2 87
20184 1 27
20185 1 104
20186 0 102
20187 2 67
20188 1 11
20189 1 110
20190 0 95
20191 2 29
20192 0 81
20193 1 48
20194 0 10
20195 1 60
20196 1 17
20197 1 73
20198 1 63
20199 0 79
20200 2 0
20201 3 2
20202 0 49
20203 1 36
20204 4 0
20205 1 39
20206 3 41
20207 0 70
20208 0 83
20209 2 13
20210 0 17
20211 1 88
20212 0 25
20213 2 32
20214 1 90
20215 0 72
20216 0 21
20217 9 0
20218 2 39
20219 0 18
20220 0 58
20221 126 127
20222 1 85
20223 1 67
20224 4 6
20225 3 32
20226 1 101
20227 0 22
20228 0 20
20229 4 10
20230 8 0
20231 1 69
20232 0 50
20233 1 20
20234 3 37
20235 1 53
20236 0 90
20237 4 5
20238 2 84
20239 0 13
20240 2 50
20241 0 74
20242 0 89
20243 0 62
20244 0 31
20245 1 79
20246 1 4
20247 1 89
20248 0 75
20249 1 44
20250 2 69
20251 3 0
20252 0 26
20253 0 112
20254 0 84
20255 0 88
20256 0 74
20257 1 54
20258 2 12
20259 0 48
20260 2 38
20261 5 2
20262 0 111
20263 1 83
20264 126 0
20265 1 13
20266 1 88
20267 2 32
20268 2 73
20269 0 83
20270 0 103
20271 0 102
20272 0 16
20273 0 13
20274 2 1
20275 2 41
20276 1 14
20277 0 57
20278 0 100
20279 0 61
20280 3 36
20281 1 37
20282 2 17
20283 2 21
20284 0 63
20285 1 0
20286 0 14
20287 3 32
20288 0 40
20289 2 53
20290 0 107
20291 0 86
20292 2 39
20293 3 41
20294 2 0
20295 1 109
20296 9 0
20297 3 14
20298 3 88
20299 3 0
20300 0 126
20301 0 127
20302 0 89
20303 3 7
20304 0 69
20305 0 103
20306 2 13
20307 0 37
20308 1 34
20309 0 80
20310 0 60
20311 4 9
20312 0 61
20313 4 16
20314 7 0
20315 0 39
20316 0 108
20317 2 38
20318 2 32
20319 3 8
20320 0 88
20321 0 102
20322 0 20
20323 0 9
20324 4 6
20325 127 0
20326 0 85
20327 0 90
20328 2 49
20329 0 82
20330 0 93
20331 0 106
20332 2 28
20333 10 0
20334 1 73
20335 0 36
20336 0 54
20337 1 2
20338 2 5
20339 0 105
20340 1 87
20341 1 49
20342 1 6
20343 2 46
20344 0 60
20345 0 67
20346 0 71
20347 0 25
20348 0 37
20349 2 0
20350 0 126
20351 1 18
20352 0 84
20353 2 42
20354 0 47
20355 1 37
20356 1 13
20357 0 106
20358 4 4
20359 2 45
20360 1 56
20361 6 0
20362 1 65
20363 2 89
20364 0 68
20365 1 30
20366 0 38
20367 3 6
20368 2 16
20369 7 0
20370 3 87
20371 1 32
20372 0 39
20373 0 107
20374 2 17
20375 1 58
20376 1 53
20377 0 58
20378 1 21
20379 0 103
20380 0 62
20381 1 105
20382 0 26
20383 5 0
20384 1 104
20385 1 69
20386 2 85
20387 0 44
20388 0 102
20389 2 21
20390 2 69
20391 0 13
20392 0 28
20393 3 7
20394 3 40
20395 0 37
20396 0 66
20397 1 46
20398 0 109
20399 2 10
20400 0 36
20401 1 48
20402 1 42
20403 0 35
20404 0 57
20405 0 24
20406 8 0
20407 0 81
20408 0 76
20409 4 6
20410 0 89
20411 1 14
20412 1 64
20413 1 24
20414 0 103
20415 2 88
20416 0 82
20417 0 49
20418 0 17
20419 6 0
20420 0 29
20421 3 0
20422 3 3
20423 3 19
20424 1 102
20425 0 87
20426 0 64
20427 3 9
20428 1 87
20429 3 16
20430 1 109
20431 2 32
20432 1 3
20433 0 88
20434 2 53
20435 0 32
20436 5 6
20437 1 36
20438 5 0
20439 0 92
20440 2 48
20441 2 44
20442 0 33
20443 2 6
20444 0 40
20445 1 55
20446 0 46
20447 0 3
20448 1 101
20449 0 56
20450 1 69
20451 0 85
20452 0 47
20453 0 81
20454 0 108
20455 1 72
20456 0 65
20457 2 29
20458 1 37
20459 4 6
20460 0 94
20461 5 6
20462 0 32
20463 0 46
20464 4 6
20465 1 10
20466 2 39
20467 0 72
20468 1 105
20469 0 36
20470 0 38
20471 1 86
20472 0 95
20473 2 31
20474 0 82
20475 0 93
20476 0 91
20477 1 35
20478 3 2
20479 1 45
20480 0 66
20481 0 71
20482 0 15
20483 2 83
20484 1 83
20485 1 61
20486 2 61
20487 0 90
20488 1 19
20489 2 43
20490 6 0
20491 3 3
20492 0 73
20493 1 11
20494 1 4
20495 3 86
20496 4 16
20497 1 15
20498 0 98
20499 0 51
20500 3 16
20501 1 39
20502 3 2
20503 0 102
20504 1 71
20505 0 58
20506 0 30
20507 0 103
20508 1 10
20509 0 96
20510 1 30
20511 2 40
20512 1 28
20513 2 84
20514 1 87
20515 0 25
20516 0 57
20517 1 110
20518 126 0
20519 2 41
20520 3 12
20521 1 48
20522 0 48
20523 0 95
20524 2 69
20525 127 127
20526 0 18
20527 4 0
20528 4 16
20529 0 28
20530 2 72
20531 1 44
20532 3 43
20533 0 27
20534 0 75
20535 2 43
20536 0 71
20537 1 62
20538 0 76
20539 0 14
20540 0 26
20541 0 44
20542 3 11
20543 3 16
20544 0 62
20545 1 62
20546 2 36
20547 0 56
20548 2 40
20549 1 18
20550 2 60
20551 0 96
20552 2 59
20553 0 102
20554 11 0
20555 1 57
20556 126 127
20557 1 44
20558 0 91
20559 1 11
20560 1 16
20561 1 47
20562 2 32
20563 3 29
20564 2 85
20565 1 10
20566 2 67
20567 0 61
20568 1 98
20569 2 8
20570 1 68
20571 127 127
20572 2 89
20573 2 57
20574 1 84
20575 5 6
20576 1 23
20577 1 78
20578 1 71
20579 0 30
20580 2 45
20581 0 112
20582 0 24
20583 0 44
20584 1 8
20585 0 0
20586 126 127
20587 0 72
20588 0 60
20589 0 25
20590 1 11
20591 0 67
20592 2 19
20593 3 17
20594 4 7
20595 0 111
20596 0 24
20597 2 0
20598 1 86
20599 3 87
20600 3 43
20601 0 84
20602 1 0
20603 0 94
20604 3 8
20605 0 10
20606 0 69
20607 3 36
20608 2 37
20609 2 38
20610 1 45
20611 5 5
20612 0 29
20613 0 93
20614 0 2
20615 0 75
20616 0 62
20617 2 0
20618 2 45
20619 2 101
20620 0 127
20621 6 1
20622 0 70
20623 2 55
20624 2 83
20625 0 66
20626 1 109
20627 3 9
20628 1 58
20629 0 9
20630 1 44
20631 1 34
20632 0 103
20633 1 62
20634 0 126
20635 0 87
20636 0 45
20637 0 95
20638 0 73
20639 2 8
20640 0 67
20641 0 127
20642 0 30
20643 3 19
20644 0 58
20645 0 41
20646 0 110
20647 0 71
20648 1 58
20649 0 49
20650 1 10
20651 0 88
20652 1 12
20653 2 23
20654 2 70
20655 1 71
20656 1 83
20657 1 21
20658 0 40
20659 1 35
20660 127 0
20661 1 41
20662 0 29
20663 2 10
20664 2 29
20665 3 40
20666 4 3
20667 2 69
20668 0 47
20669 1 47
20670 1 19
20671 1 104
20672 1 10
20673 7 0
20674 126 0
20675 3 7
20676 0 76
20677 2 70
20678 2 40
20679 0 30
20680 4 4
20681 0 48
20682 1 87
20683 5 0
20684 0 31
20685 2 109
20686 1 101
20687 0 29
20688 0 86
20689 3 1
20690 0 4
20691 0 34
20692 4 9
20693 5 6
20694 3 40
20695 1 27
20696 2 28
20697 0 63
20698 0 98
20699 0 69
20700 1 69
20701 2 21
20702 1 0
20703 1 93
20704 0 33
20705 4 16
20706 1 37
20707 1 24
20708 4 0
20709 2 83
20710 1 18
20711 3 23
20712 1 43
20713 1 53
20714 0 126
20715 2 17
20716 0 25
20717 0 93
20718 3 2
20719 2 36
20720 0 16
20721 2 40
20722 4 6
20723 0 96
20724 3 42
20725 127 127
20726 1 32
20727 2 73
20728 0 26
20729 0 105
20730 0 24
20731 1 83
20732 0 37
20733 0 102
20734 1 22
20735 0 41
20736 0 57
20737 0 22
20738 1 41
20739 0 34
20740 0 17
20741 0 95
20742 3 8
20743 0 96
20744 3 0
20745 5 3
20746 1 61
20747 0 107
20748 2 11
20749 0 35
20750 1 15
20751 2 83
20752 4 2
20753 2 19
20754 4 7
20755 0 70
20756 3 38
20757 3 86
20758 0 66
20759 0 72
20760 1 13
20761 0 104
20762 1 109
20763 1 55
20764 0 78
20765 1 84
20766 0 8
20767 4 10
20768 0 105
20769 1 12
20770 0 85
20771 0 62
20772 3 11
20773 0 94
20774 0 38
20775 1 96
20776 3 15
20777 0 103
20778 0 90
20779 0 73
20780 2 61
20781 0 63
20782 4 6
20783 1 44
20784 2 39
20785 1 39
20786 1 34
20787 1 24
20788 1 14
20789 0 69
20790 2 32
20791 2 82
20792 0 68
20793 0 69
20794 0 91
20795 0 58
20796 10 0
20797 1 59
20798 0 27
20799 0 23
20800 1 15
20801 0 41
20802 0 99
20803 0 25
20804 2 56
20805 0 32
20806 0 30
20807 1 83
20808 0 39
20809 1 9
20810 0 127
20811 1 10
20812 1 33
20813 1 34
20814 0 19
20815 1 84
20816 2 84
20817 4 7
20818 2 35
20819 0 40
20820 0 86
20821 0 83
20822 1 61
20823 2 42
20824 0 13
20825 0 71
20826 0 75
20827 2 23
20828 0 77
20829 0 37
20830 1 75
20831 0 14
20832 0 100
20833 2 16
20834 1 36
20835 1 68
20836 127 0
20837 0 68
20838 3 35
20839 2 5
20840 0 29
20841 0 31
20842 2 87
20843 0 61
20844 0 22
20845 0 60
20846 1 108
20847 0 9
20848 0 102
20849 9 0
20850 0 32
20851 2 14
20852 4 0
20853 2 13
20854 2 11
20855 0 38
20856 0 93
20857 1 62
20858 1 70
20859 3 0
20860 0 103
20861 1 13
20862 0 50
20863 1 82
20864 0 90
20865 4 6
20866 3 19
20867 0 1
20868 1 61
20869 2 31
20870 2 104
20871 0 85
20872 0 69
20873 0 55
20874 1 46
20875 2 66
20876 1 56
20877 0 24
20878 1 47
20879 6 3
20880 0 15
20881 0 37
20882 3 6
20883 0 65
20884 1 89
20885 0 30
20886 6 0
20887 1 57
20888 1 39
20889 0 96
20890 2 56
20891 0 56
20892 0 38
20893 0 86
20894 0 36
20895 0 74
20896 3 23
20897 0 102
20898 3 40
20899 1 28
20900 1 67
20901 0 26
20902 4 0
20903 1 85
20904 2 70
20905 3 10
20906 0 16
20907 2 40
20908 1 104
20909 2 65
20910 0 76
20911 0 126
20912 0 109
20913 0 85
20914 1 9
20915 1 43
20916 1 73
20917 1 17
20918 1 5
20919 0 92
20920 2 64
20921 0 110
20922 2 0
20923 2 89
20924 2 5
20925 0 73
20926 4 8
20927 126 0
20928 2 19
20929 0 68
20930 2 101
20931 0 42
20932 1 33
20933 1 103
20934 1 11
20935 7 1
20936 0 61
20937 1 90
20938 127 0
20939 0 86
20940 1 5
20941 0 37
20942 1 18
20943 1 38
20944 0 35
20945 0 38
20946 0 47
20947 5 3
20948 0 101
20949 0 48
20950 1 81
20951 0 8
20952 0 47
20953 2 12
20954 2 100
20955 0 2
20956 0 70
20957 0 13
20958 3 37
20959 2 69
20960 0 109
20961 0 28
20962 5 0
20963 0 90
20964 2 23
20965 4 5
20966 1 88
20967 0 93
20968 2 35
20969 0 60
20970 2 7
20971 0 99
20972 8 0
20973 3 19
20974 1 10
20975 2 5
20976 1 99
20977 1 44
20978 0 66
20979 1 87
20980 3 23
20981 1 37
20982 0 21
20983 2 67
20984 2 17
20985 3 14
20986 1 68
20987 6 1
20988 2 75
20989 2 15
20990 0 79
20991 0 31
20992 2 34
20993 0 95
20994 126 127
20995 1 62
20996 1 52
20997 0 85
20998 0 10
20999 0 68
21000 0 89
21001 0 104
21002 2 43
21003 3 0
21004 0 81
21005 1 23
21006 2 42
21007 1 4
21008 3 17
21009 1 26
21010 1 81
21011 3 8
21012 0 87
21013 2 101
21014 2 35
21015 0 14
21016 0 55
21017 4 0
21018 0 92
21019 1 17
21020 0 86
21021 0 33
21022 1 68
21023 0 56
21024 0 25
21025 0 55
21026 0 72
21027 2 9
21028 5 5
21029 0 74
21030 2 19
21031 1 18
21032 126 0
21033 1 75
21034 3 36
21035 3 5
21036 2 55
21037 2 37
21038 1 39
21039 0 17
21040 0 100
21041 7 0
21042 0 97
21043 127 0
21044 1 56
21045 1 64
21046 1 84
21047 8 0
21048 0 43
21049 0 42
21050 0 15
21051 5 6
21052 0 49
21053 1 36
21054 1 101
21055 1 17
21056 1 16
21057 2 86
21058 0 41
21059 4 36
21060 0 32
21061 1 9
21062 0 62
21063 0 87
21064 1 27
21065 0 71
21066 2 38
21067 0 3
21068 2 43
21069 2 34
21070 0 110
21071 2 70
21072 0 23
21073 4 15
21074 2 46
21075 2 59
21076 1 48
21077 5 4
21078 0 109
21079 2 103
21080 0 94
21081 6 2
21082 4 8
21083 0 52
21084 2 9
21085 0 27
21086 2 108
21087 1 37
21088 0 77
21089 1 76
21090 1 25
21091 0 82
21092 1 102
21093 0 26
21094 0 36
21095 3 36
21096 1 0
21097 1 80
21098 0 127
21099 1 59
21100 0 91
21101 2 48
21102 3 8
21103 2 54
21104 1 11
21105 0 96
21106 0 126
21107 0 68
21108 1 31
21109 1 41
21110 0 93
21111 1 68
21112 0 43
21113 2 59
21114 2 23
21115 0 42
21116 0 24
21117 0 53
21118 0 63
21119 3 0
21120 3 21
21121 127 127
21122 0 103
21123 0 35
21124 1 61
21125 4 8
21126 1 81
21127 1 57
21128 3 11
21129 0 51
21130 1 65
21131 1 8
21132 7 0
21133 1 53
21134 5 7
21135 1 91
21136 0 14
21137 0 75
21138 0 36
21139 1 36
21140 0 53
21141 0 86
21142 5 3
21143 0 44
21144 2 5
21145 1 35
21146 0 95
21147 0 29
21148 0 92
21149 1 49
21150 0 37
21151 0 1
21152 0 69
21153 0 31
21154 5 4
21155 1 101
21156 2 83
21157 1 90
21158 8 0
21159 1 14
21160 0 39
21161 1 13
21162 0 16
21163 5 3
21164 126 127
21165 0 110
21166 3 48
21167 0 59
21168 1 53
21169 0 106
21170 0 72
21171 1 17
21172 1 43
21173 0 68
21174 0 53
21175 3 40
21176 0 15
21177 1 98
21178 1 91
21179 3 5
21180 0 65
21181 7 0
21182 1 74
21183 0 109
21184 126 0
21185 1 87
21186 0 35
21187 8 0
21188 1 102
21189 6 1
21190 0 41
21191 0 9
21192 0 71
21193 3 13
21194 1 35
21195 0 104
21196 6 2
21197 2 36
21198 2 41
21199 2 0
21200 0 22
21201 0 84
21202 1 53
21203 1 73
21204 0 42
21205 0 99
21206 0 30
21207 2 48
21208 2 58
21209 0 10
21210 0 16
21211 0 15
21212 0 2
21213 0 102
21214 1 108
21215 0 66
21216 1 70
21217 1 64
21218 2 18
21219 3 14
21220 0 53
21221 0 107
21222 0 28
21223 0 25
21224 127 0
21225 126 0
21226 1 97
21227 0 80
21228 0 50
21229 0 87
21230 0 3
21231 3 48
21232 2 76
21233 0 97
21234 0 57
21235 1 68
21236 1 55
21237 0 106
21238 3 10
21239 1 9
21240 0 40
21241 1 14
21242 1 56
21243 1 107
21244 5 6
21245 2 9
21246 0 68
21247 1 9
21248 0 39
21249 0 35
21250 1 23
21251 0 18
21252 1 83
21253 1 46
21254 0 73
21255 2 21
21256 1 65
21257 0 55
21258 0 29
21259 6 1
21260 1 37
21261 0 105
21262 1 40
21263 1 104
21264 0 30
21265 2 102
21266 1 45
21267 0 36
21268 0 37
21269 1 16
21270 5 5
21271 6 3
21272 0 20
21273 1 85
21274 0 2
21275 1 69
21276 0 106
21277 1 37
21278 0 94
21279 1 20
21280 1 17
21281 0 101
21282 0 38
21283 2 16
21284 0 9
21285 2 39
21286 0 10
21287 0 62
21288 0 29
21289 0 39
21290 2 25
21291 0 86
21292 1 76
21293 2 23
21294 4 16
21295 1 108
21296 1 67
21297 1 107
21298 0 69
21299 0 108
21300 4 40
21301 0 74
21302 1 26
21303 127 0
21304 2 70
21305 2 83
21306 1 90
21307 2 9
21308 4 15
21309 2 88
21310 2 15
21311 0 9
21312 0 51
21313 1 91
21314 1 83
21315 1 60
21316 7 0
21317 126 0
21318 2 83
21319 0 35
21320 0 45
21321 0 41
21322 0 87
21323 0 91
21324 0 20
21325 1 20
21326 1 75
21327 1 16
21328 2 46
21329 0 61
21330 3 16
21331 1 10
21332 0 48
21333 2 56
21334 0 85
21335 2 48
21336 1 23
21337 0 16
21338 1 15
21339 5 15
21340 1 73
21341 1 54
21342 1 64
21343 0 86
21344 3 48
21345 0 0
21346 2 24
21347 5 4
21348 1 57
21349 0 85
21350 1 17
21351 1 22
21352 0 8
21353 0 64
21354 1 23
21355 2 47
21356 2 25
21357 2 33
21358 1 83
21359 3 40
21360 1 72
21361 4 40
21362 2 83
21363 1 76
21364 7 3
21365 0 42
21366 1 27
21367 1 68
21368 0 11
21369 2 15
21370 2 68
21371 3 36
21372 2 43
21373 1 24
21374 3 49
21375 0 10
21376 0 79
21377 2 54
21378 0 37
21379 0 70
21380 1 13
21381 0 58
21382 2 23
21383 0 32
21384 1 34
21385 3 23
21386 1 53
21387 0 67
21388 2 22
21389 3 86
21390 2 19
21391 127 127
21392 3 0
21393 6 2
21394 1 15
21395 0 57
21396 0 44
21397 1 56
21398 1 86
21399 0 9
21400 3 24
21401 1 46
21402 0 34
21403 2 17
21404 1 80
21405 0 46
21406 0 27
21407 1 33
21408 1 59
21409 0 127
21410 0 76
21411 1 34
21412 1 26
21413 0 31
21414 1 88
21415 0 86
21416 5 3
21417 3 8
21418 0 102
21419 3 23
21420 126 127
21421 1 85
21422 3 25
21423 0 104
21424 2 15
21425 4 15
21426 0 20
21427 1 29
21428 2 25
21429 1 104
21430 0 71
21431 1 81
21432 0 100
21433 2 57
21434 1 66
21435 3 25
21436 1 12
21437 0 126
21438 0 29
21439 1 65
21440 1 73
21441 4 23
21442 2 107
21443 0 56
21444 1 44
21445 0 127
21446 2 0
21447 0 23
21448 4 6
21449 3 2
21450 1 16
21451 0 83
21452 2 82
21453 1 69
21454 2 83
21455 0 92
21456 1 84
21457 0 91
21458 3 13
21459 0 69
21460 0 96
21461 3 48
21462 1 55
21463 1 75
21464 2 26
21465 1 47
21466 127 127
21467 3 23
21468 0 50
21469 1 70
21470 4 3
21471 2 5
21472 0 22
21473 0 23
21474 0 33
21475 3 43
21476 0 84
21477 1 8
21478 2 88
21479 0 30
21480 1 66
21481 2 14
21482 0 81
21483 0 109
21484 0 36
21485 0 32
21486 2 43
21487 4 13
21488 0 82
21489 127 0
21490 0 47
21491 0 88
21492 3 6
21493 0 22
21494 0 15
21495 2 38
21496 8 0
21497 0 68
21498 0 77
21499 2 101
21500 1 37
21501 0 53
21502 0 54
21503 1 23
21504 0 8
21505 2 39
21506 5 15
21507 4 25
21508 0 52
21509 0 63
21510 1 76
21511 0 99
21512 0 17
21513 1 75
21514 3 1
21515 7 0
21516 0 45
21517 4 15
21518 1 72
21519 2 11
21520 0 57
21521 1 107
21522 3 85
21523 3 24
21524 0 33
21525 0 21
21526 1 26
21527 126 127
21528 0 48
21529 0 70
21530 0 93
21531 2 36
21532 5 2
21533 1 15
21534 2 48
21535 1 83
21536 2 21
21537 0 94
21538 8 0
21539 2 35
21540 0 40
21541 0 66
21542 2 83
21543 0 9
21544 0 89
21545 1 65
21546 0 92
21547 0 98
21548 2 85
21549 1 76
21550 3 48
21551 2 48
21552 0 76
21553 2 67
21554 0 101
21555 4 4
21556 1 0
21557 6 3
21558 3 0
21559 0 31
21560 1 64
21561 0 60
21562 1 19
21563 1 88
21564 0 72
21565 1 74
21566 0 65
21567 7 0
21568 0 126
21569 0 62
21570 0 44
21571 1 67
21572 2 0
21573 2 20
21574 0 87
21575 1 69
21576 0 83
21577 1 18
21578 0 85
21579 0 38
21580 2 24
21581 0 30
21582 0 47
21583 2 86
21584 0 105
21585 0 19
21586 3 40
21587 5 15
21588 0 67
21589 1 1
21590 1 44
21591 0 91
21592 2 26
21593 0 61
21594 0 127
21595 0 74
21596 0 3
21597 0 106
21598 0 49
21599 2 69
21600 0 39
21601 1 96
21602 3 5
21603 0 80
21604 0 96
21605 0 81
21606 0 126
21607 2 5
21608 0 93
21609 2 12
21610 4 3
21611 0 22
21612 0 77
21613 0 104
21614 0 63
21615 1 75
21616 4 8
21617 6 4
21618 0 2
21619 2 16
21620 8 0
21621 3 11
21622 1 49
21623 0 8
21624 0 76
21625 0 99
21626 0 77
21627 0 62
21628 0 84
21629 0 105
21630 1 20
21631 3 24
21632 0 98
21633 0 49
21634 1 86
21635 0 82
21636 0 44
21637 3 10
21638 2 36
21639 0 14
21640 2 8
21641 4 40
21642 0 108
21643 0 24
21644 3 85
21645 6 0
21646 1 90
21647 126 0
21648 1 83
21649 2 35
21650 0 127
21651 0 16
21652 2 56
21653 1 38
21654 0 34
21655 0 3
21656 0 21
21657 4 15
21658 0 32
21659 0 37
21660 0 59
21661 1 85
21662 0 69
21663 2 20
21664 0 70
21665 0 36
21666 1 37
21667 5 0
21668 0 76
21669 2 57
21670 0 88
21671 2 75
21672 0 95
21673 4 26
21674 2 56
21675 0 38
21676 0 18
21677 0 39
21678 0 50
21679 2 31
21680 1 52
21681 0 55
21682 3 84
21683 2 9
21684 2 84
21685 0 51
21686 0 97
21687 0 35
21688 5 4
21689 0 64
21690 1 62
21691 2 8
21692 0 106
21693 1 29
21694 3 5
21695 0 86
21696 4 7
21697 3 17
21698 3 13
21699 1 56
21700 0 83
21701 3 3
21702 1 9
21703 0 60
21704 0 49
21705 4 6
21706 0 53
21707 1 54
21708 1 72
21709 1 40
21710 3 41
21711 0 98
21712 1 87
21713 3 8
21714 1 45
21715 2 56
21716 0 43
21717 1 69
21718 1 31
21719 127 0
21720 6 2
21721 2 31
21722 1 89
21723 0 50
21724 1 90
21725 0 20
21726 0 21
21727 0 51
21728 0 105
21729 0 85
21730 1 46
21731 0 61
21732 0 96
21733 0 20
21734 0 36
21735 0 84
21736 3 14
21737 1 106
21738 0 99
21739 2 42
21740 0 71
21741 5 6
21742 0 98
21743 0 103
21744 0 89
21745 0 56
21746 0 58
21747 0 77
21748 1 22
21749 0 99
21750 2 52
21751 2 100
21752 0 80
21753 1 101
21754 1 13
21755 1 17
21756 1 73
21757 0 101
21758 0 95
21759 0 44
21760 0 92
21761 0 9
21762 3 2
21763 6 6
21764 0 83
21765 7 0
21766 1 32
21767 3 18
21768 0 22
21769 0 26
21770 0 69
21771 1 28
21772 3 11
21773 1 0
21774 0 2
21775 0 98
21776 0 19
21777 0 29
21778 0 97
21779 2 46
21780 0 60
21781 1 72
21782 0 52
21783 0 73
21784 1 12
21785 1 107
21786 1 18
21787 3 9
21788 3 46
21789 2 85
21790 2 25
21791 1 20
21792 0 21
21793 0 38
21794 2 10
21795 0 84
21796 1 88
21797 127 127
21798 1 87
21799 0 62
21800 0 43
21801 1 75
21802 2 59
21803 0 23
21804 0 91
21805 2 43
21806 0 8
21807 0 39
21808 1 1
21809 0 24
21810 4 16
21811 1 100
21812 1 95
21813 5 3
21814 1 88
21815 0 41
21816 1 59
21817 2 81
21818 2 41
21819 0 17
21820 4 11
21821 0 100
21822 0 54
21823 0 106
21824 0 9
21825 1 62
21826 0 40
21827 0 18
21828 0 109
21829 0 99
21830 0 62
21831 2 83
21832 3 83
21833 1 63
21834 2 14
21835 0 32
21836 1 85
21837 0 76
21838 2 55
21839 4 6
21840 3 14
21841 1 66
21842 2 72
21843 0 74
21844 2 12
21845 0 8
21846 2 51
21847 2 46
21848 0 61
21849 0 88
21850 1 48
21851 4 3
21852 4 13
21853 3 12
21854 2 17
21855 1 56
21856 0 55
21857 1 27
21858 1 8
21859 0 77
21860 0 108
21861 3 23
21862 126 127
21863 3 26
21864 3 8
21865 3 41
21866 4 0
21867 2 50
21868 2 15
21869 3 27
21870 3 1
21871 0 53
21872 0 22
21873 4 39
21874 4 7
21875 0 72
21876 1 15
21877 3 16
21878 0 3
21879 2 14
21880 0 98
21881 0 76
21882 0 19
21883 3 9
21884 0 126
21885 1 65
21886 2 71
21887 3 8
21888 3 26
21889 0 2
21890 5 6
21891 1 82
21892 5 3
21893 1 9
21894 3 2
21895 1 35
21896 4 38
21897 2 48
21898 2 107
21899 3 14
21900 0 109
21901 0 33
21902 0 66
21903 1 57
21904 3 46
21905 4 6
21906 0 15
21907 0 60
21908 127 127
21909 0 63
21910 0 7
21911 4 3
21912 2 83
21913 126 0
21914 1 11
21915 0 105
21916 2 46
21917 5 13
21918 1 40
21919 1 25
21920 2 25
21921 0 87
21922 3 38
21923 0 59
21924 0 78
21925 0 99
21926 1 51
21927 0 61
21928 1 21
21929 4 13
21930 1 31
21931 2 15
21932 0 81
21933 0 12
21934 1 19
21935 0 71
21936 0 56
21937 1 18
21938 0 85
21939 2 65
21940 0 54
21941 2 5
21942 2 88
21943 0 84
21944 126 127
21945 0 58
21946 0 98
21947 1 89
21948 0 34
21949 0 72
21950 1 64
21951 3 0
21952 4 16
21953 0 127
21954 5 2
21955 2 84
21956 0 10
21957 0 71
21958 0 50
21959 0 45
21960 1 46
21961 2 23
21962 1 60
21963 1 0
21964 1 48
21965 3 27
21966 0 89
21967 2 70
21968 0 64
21969 4 10
21970 0 72
21971 0 20
21972 0 14
21973 0 48
21974 2 49
21975 1 55
21976 2 55
21977 2 75
21978 0 102
21979 3 9
21980 4 11
21981 1 30
21982 0 71
21983 0 33
21984 1 63
21985 3 6
21986 2 38
21987 0 31
21988 0 44
21989 2 50
21990 2 41
21991 2 80
21992 0 23
21993 3 26
21994 2 14
21995 4 10
21996 0 88
21997 0 42
21998 0 37
21999 1 76
22000 1 87
22001 2 63
22002 1 86
22003 0 8
22004 0 49
22005 2 0
22006 127 0
22007 0 108
22008 0 7
22009 0 68
22010 1 42
22011 0 46
22012 0 101
22013 2 16
22014 1 37
22015 2 22
22016 4 4
22017 0 3
22018 1 34
22019 0 102
22020 0 55
22021 0 87
22022 0 15
22023 1 35
22024 2 12
22025 6 0
22026 1 70
22027 0 43
22028 0 45
22029 127 127
22030 3 5
22031 0 100
22032 3 88
22033 2 23
22034 0 9
22035 1 85
22036 1 54
22037 2 22
22038 2 23
22039 0 34
22040 0 13
22041 1 62
22042 1 65
22043 4 3
22044 0 76
22045 1 75
22046 1 0
22047 2 30
22048 0 77
22049 1 47
22050 0 76
22051 0 47
22052 1 22
22053 2 5
22054 2 49
22055 1 98
22056 0 73
22057 0 37
22058 7 0
22059 0 28
22060 1 59
22061 0 52
22062 5 5
22063 5 0
22064 2 87
22065 0 44
22066 0 86
22067 1 99
22068 1 98
22069 0 46
22070 2 86
22071 0 2
22072 3 13
22073 0 42
22074 3 8
22075 0 88
22076 0 63
22077 3 12
22078 2 0
22079 1 21
22080 0 95
22081 0 96
22082 2 12
22083 1 45
22084 0 99
22085 1 60
22086 0 107
22087 2 62
22088 0 69
22089 0 47
22090 1 24
22091 0 90
22092 4 0
22093 1 19
22094 2 70
22095 0 56
22096 1 59
22097 1 50
22098 126 127
22099 0 24
22100 1 16
22101 3 27
22102 0 43
22103 1 22
22104 0 44
22105 0 75
22106 0 10
22107 1 62
22108 0 67
22109 0 29
22110 1 13
22111 0 28
22112 2 64
22113 0 101
22114 0 98
22115 1 74
22116 0 108
22117 1 80
22118 0 104
22119 2 45
22120 127 127
22121 0 51
22122 0 38
22123 0 76
22124 0 52
22125 0 4
22126 1 43
22127 4 9
22128 1 21
22129 0 64
22130 1 45
22131 2 56
22132 3 15
22133 0 46
22134 1 96
22135 0 100
22136 0 87
22137 126 0
22138 0 8
22139 0 22
22140 0 40
22141 0 43
22142 2 57
22143 0 55
22144 0 83
22145 0 126
22146 0 66
22147 0 51
22148 0 80
22149 0 85
22150 2 8
22151 0 3
22152 1 85
22153 5 0
22154 0 45
22155 2 35
22156 2 87
22157 2 43
22158 1 23
22159 0 25
22160 2 48
22161 1 107
22162 2 89
22163 0 18
22164 1 5
22165 0 127
22166 1 79
22167 0 2
22168 1 81
22169 2 18
22170 0 3
22171 0 47
22172 4 6
22173 3 1
22174 0 24
22175 3 8
22176 0 44
22177 0 21
22178 1 39
22179 0 9
22180 0 41
22181 1 53
22182 0 39
22183 6 2
22184 1 1
22185 0 75
22186 1 4
22187 4 13
22188 0 7
22189 4 0
22190 1 106
22191 0 102
22192 1 8
22193 0 4
22194 0 40
22195 0 85
22196 5 4
22197 1 9
22198 0 16
22199 5 5
22200 2 21
22201 1 100
22202 0 67
22203 1 63
22204 5 4
22205 0 76
22206 3 13
22207 0 101
22208 126 127
22209 0 15
22210 0 126
22211 127 0
22212 3 2
22213 0 46
22214 1 57
22215 1 0
22216 3 6
22217 0 10
22218 2 96
22219 1 62
22220 1 35
22221 6 0
22222 3 0
22223 0 60
22224 2 15
22225 0 47
22226 0 53
22227 0 82
22228 1 88
22229 0 29
22230 0 106
22231 1 70
22232 1 96
22233 0 22
22234 4 88
22235 2 17
22236 4 13
22237 2 19
22238 1 30
22239 0 45
22240 2 81
22241 0 110
22242 1 106
22243 127 127
22244 0 44
22245 0 32
22246 1 41
22247 2 39
22248 1 28
22249 1 19
22250 0 75
22251 2 90
22252 0 48
22253 2 70
22254 1 89
22255 4 6
22256 1 8
22257 0 16
22258 0 46
22259 0 61
22260 0 57
22261 1 81
22262 0 13
22263 1 40
22264 0 106
22265 1 84
22266 2 86
22267 0 92
22268 4 0
22269 1 17
22270 0 41
22271 0 9
22272 3 7
22273 1 14
22274 0 11
22275 2 23
22276 2 27
22277 3 88
22278 1 21
22279 0 10
22280 2 47
22281 0 38
22282 1 108
22283 5 5
22284 2 46
22285 1 86
22286 0 12
22287 2 86
22288 2 74
22289 0 94
22290 1 39
22291 0 109
22292 0 19
22293 1 16
22294 0 28
22295 1 71
22296 5 4
22297 0 110
22298 1 66
22299 0 16
22300 0 89
22301 1 28
22302 0 28
22303 0 102
22304 1 16
22305 0 14
22306 2 91
22307 1 57
22308 5 3
22309 1 24
22310 1 47
22311 2 55
22312 1 87
22313 0 91
22314 0 31
22315 0 70
22316 1 83
22317 1 56
22318 2 69
22319 0 107
22320 0 127
22321 7 0
22322 1 60
22323 6 1
22324 3 37
22325 1 69
22326 2 40
22327 1 36
22328 0 25
22329 1 9
22330 1 72
22331 8 0
22332 126 0
22333 5 0
22334 2 35
22335 0 101
22336 7 0
22337 0 24
22338 0 92
22339 4 0
22340 2 63
22341 1 109
22342 2 17
22343 2 88
22344 0 40
22345 1 1
22346 0 39
22347 1 43
22348 3 5
22349 0 79
22350 0 54
22351 2 79
22352 3 12
22353 0 13
22354 0 91
22355 2 18
22356 2 85
22357 1 80
22358 0 8
22359 0 62
22360 5 6
22361 0 41
22362 0 15
22363 2 84
22364 0 76
22365 4 3
22366 3 9
22367 0 75
22368 3 25
22369 4 4
22370 0 36
22371 1 74
22372 1 71
22373 0 97
22374 2 30
22375 4 14
22376 2 17
22377 2 13
22378 0 45
22379 0 65
22380 0 47
22381 0 81
22382 1 35
22383 1 38
22384 2 100
22385 0 60
22386 2 66
22387 1 12
22388 4 6
22389 2 19
22390 0 16
22391 3 15
22392 2 37
22393 2 4
22394 0 46
22395 1 17
22396 0 21
22397 1 49
22398 0 88
22399 1 40
22400 0 57
22401 1 66
22402 0 103
22403 1 15
22404 2 54
22405 3 8
22406 0 68
22407 1 95
22408 4 7
22409 0 63
22410 0 82
22411 0 20
22412 0 81
22413 5 3
22414 2 47
22415 2 8
22416 0 55
22417 1 14
22418 0 100
22419 0 126
22420 2 39
22421 4 13
22422 0 23
22423 3 8
22424 2 78
22425 1 86
22426 0 71
22427 1 90
22428 2 80
22429 1 8
22430 2 85
22431 1 89
22432 1 11
22433 1 41
22434 2 46
22435 2 43
22436 4 8
22437 0 59
22438 1 30
22439 0 70
22440 0 67
22441 0 33
22442 0 38
22443 0 12
22444 0 68
22445 1 34
22446 0 50
22447 0 52
22448 0 30
22449 2 84
22450 2 17
22451 2 40
22452 0 58
22453 5 2
22454 1 57
22455 0 71
22456 1 38
22457 0 22
22458 3 6
22459 2 39
22460 0 82
22461 0 57
22462 2 25
22463 0 24
22464 2 36
22465 6 0
22466 1 99
22467 3 0
22468 0 106
22469 0 8
22470 2 47
22471 1 37
22472 0 13
22473 2 45
22474 0 42
22475 1 35
22476 2 62
22477 1 34
22478 0 111
22479 1 3
22480 0 23
22481 0 53
22482 0 64
22483 0 22
22484 2 48
22485 0 70
22486 3 3
22487 4 17
22488 3 27
22489 0 90
22490 0 35
22491 0 105
22492 2 35
22493 1 0
22494 3 8
22495 1 56
22496 1 25
22497 0 49
22498 0 83
22499 1 43
22500 0 40
22501 0 67
22502 2 41
22503 4 9
22504 2 47
22505 0 80
22506 4 5
22507 1 68
22508 1 91
22509 1 83
22510 0 84
22511 2 89
22512 1 8
22513 0 85
22514 0 12
22515 126 127
22516 1 31
22517 3 9
22518 1 65
22519 0 127
22520 0 87
22521 5 3
22522 2 77
22523 1 17
22524 1 13
22525 1 1
22526 1 96
22527 1 61
22528 1 77
22529 0 66
22530 3 36
22531 1 22
22532 1 36
22533 2 79
22534 1 19
22535 2 101
22536 0 84
22537 0 81
22538 1 32
22539 0 76
22540 1 16
22541 1 0
22542 0 31
22543 0 93
22544 2 19
22545 1 72
22546 0 9
22547 1 27
22548 0 11
22549 0 30
22550 0 12
22551 0 27
22552 2 21
22553 1 26
22554 0 39
22555 2 27
22556 1 54
22557 2 16
22558 1 92
22559 2 63
22560 2 54
22561 1 101
22562 3 21
22563 4 0
22564 0 58
22565 0 34
22566 1 95
22567 2 13
22568 127 127
22569 1 1
22570 0 17
22571 0 21
22572 0 69
22573 1 25
22574 127 0
22575 0 110
22576 0 25
22577 3 0
22578 1 79
22579 5 2
22580 0 51
22581 0 70
22582 0 48
22583 0 99
22584 0 41
22585 0 36
22586 1 54
22587 0 24
22588 1 91
22589 2 26
22590 2 38
22591 0 100
22592 0 26
22593 2 34
22594 1 19
22595 126 0
22596 0 37
22597 0 36
22598 1 71
22599 0 35
22600 1 17
22601 0 32
22602 2 85
22603 2 24
22604 0 43
22605 2 62
22606 0 95
22607 0 75
22608 0 25
22609 1 102
22610 0 68
22611 0 57
22612 3 17
22613 0 106
22614 0 101
22615 5 7
22616 3 18
22617 0 54
22618 4 4
22619 1 80
22620 1 51
22621 2 63
22622 0 10
22623 4 14
22624 8 0
22625 2 56
22626 1 82
22627 0 89
22628 0 86
22629 1 38
22630 0 72
22631 1 42
22632 2 79
22633 5 3
22634 5 2
22635 0 33
22636 1 28
22637 2 78
22638 0 3
22639 1 45
22640 0 44
22641 0 51
22642 1 23
22643 1 9
22644 4 7
22645 0 37
22646 0 4
22647 0 56
22648 0 34
22649 0 40
22650 0 104
22651 0 107
22652 5 0
22653 0 126
22654 1 8
22655 126 127
22656 3 11
22657 1 51
22658 0 83
22659 0 36
22660 0 90
22661 1 31
22662 1 88
22663 0 103
22664 2 18
22665 3 24
22666 0 99
22667 127 127
22668 3 12
22669 2 90
22670 0 17
22671 0 111
22672 3 8
22673 0 13
22674 0 79
22675 4 5
22676 0 76
22677 0 23
22678 1 16
22679 2 36
22680 0 74
22681 0 85
22682 0 35
22683 1 47
22684 1 22
22685 0 29
22686 0 110
22687 127 0
22688 2 89
22689 2 55
22690 1 95
22691 1 17
22692 2 22
22693 2 80
22694 1 23
22695 2 56
22696 0 96
22697 0 43
22698 0 57
22699 7 0
22700 0 23
22701 1 25
22702 1 27
22703 1 24
22704 2 82
22705 0 97
22706 2 65
22707 0 20
22708 0 77
22709 2 49
22710 0 55
22711 0 105
22712 0 12
22713 0 89
22714 0 13
22715 0 39
22716 2 33
22717 0 50
22718 0 127
22719 1 80
22720 0 104
22721 1 103
22722 0 12
22723 1 49
22724 0 31
22725 2 28
22726 1 64
22727 0 8
22728 0 28
22729 0 108
22730 3 11
22731 2 38
22732 0 47
22733 2 84
22734 4 0
22735 5 3
22736 1 37
22737 1 25
22738 1 77
22739 2 71
22740 126 0
22741 1 84
22742 0 40
22743 0 30
22744 0 48
22745 2 39
22746 2 49
22747 1 20
22748 0 41
22749 0 14
22750 1 102
22751 3 41
22752 1 52
22753 0 27
22754 0 16
22755 1 27
22756 8 0
22757 0 64
22758 2 80
22759 3 0
22760 2 19
22761 2 29
22762 3 26
22763 1 80
22764 1 72
22765 0 52
22766 0 21
22767 0 13
22768 2 84
22769 1 51
22770 2 42
22771 1 84
22772 2 17
22773 0 107
22774 1 105
22775 0 78
22776 0 71
22777 0 95
22778 0 100
22779 0 80
22780 5 7
22781 0 45
22782 4 10
22783 1 97
22784 2 12
22785 0 12
22786 1 43
22787 3 9
22788 127 0
22789 0 103
22790 1 76
22791 3 40
22792 0 101
22793 0 86
22794 2 45
22795 0 49
22796 1 22
22797 0 111
22798 1 8
22799 2 48
22800 2 24
22801 0 3
22802 1 82
22803 0 43
22804 3 12
22805 0 62
22806 0 25
22807 1 0
22808 0 13
22809 1 24
22810 3 19
22811 2 26
22812 2 35
22813 0 75
22814 126 127
22815 0 8
22816 1 63
22817 1 46
22818 1 16
22819 1 87
22820 127 127
22821 0 98
22822 2 21
22823 1 42
22824 0 65
22825 0 37
22826 1 96
22827 1 88
22828 0 9
22829 0 50
22830 1 87
22831 2 5
22832 0 64
22833 2 18
22834 3 21
22835 4 0
22836 6 0
22837 1 9
22838 0 40
22839 0 49
22840 126 127
22841 1 79
22842 0 38
22843 0 44
22844 2 25
22845 0 47
22846 0 54
22847 0 17
22848 2 36
22849 1 56
22850 2 44
22851 0 46
22852 3 8
22853 4 9
22854 1 48
22855 0 110
22856 0 41
22857 0 18
22858 1 65
22859 0 69
22860 4 10
22861 0 24
22862 0 94
22863 2 63
22864 0 90
22865 0 106
22866 0 51
22867 0 67
22868 0 77
22869 9 0
22870 4 9
22871 0 48
22872 2 13
22873 5 2
22874 1 45
22875 0 7
22876 0 22
22877 0 40
22878 2 76
22879 0 50
22880 2 70
22881 0 29
22882 2 15
22883 0 36
22884 0 23
22885 0 97
22886 0 16
22887 1 53
22888 1 89
22889 0 12
22890 0 60
22891 1 73
22892 0 47
22893 0 8
22894 1 95
22895 0 79
22896 0 28
22897 0 55
22898 0 72
22899 2 4
22900 0 88
22901 0 35
22902 1 35
22903 3 11
22904 2 37
22905 1 8
22906 1 19
22907 7 0
22908 5 0
22909 0 100
22910 3 9
22911 3 41
22912 1 66
22913 0 36
22914 0 59
22915 1 79
22916 1 20
22917 2 87
22918 0 13
22919 0 52
22920 0 60
22921 0 104
22922 1 85
22923 0 84
22924 0 81
22925 2 43
22926 1 41
22927 2 17
22928 0 4
22929 0 9
22930 0 95
22931 1 16
22932 4 7
22933 2 42
22934 1 74
22935 0 39
22936 2 56
22937 1 92
22938 0 83
22939 0 87
22940 0 65
22941 0 32
22942 1 9
22943 1 63
22944 0 99
22945 2 21
22946 0 63
22947 3 12
22948 1 56
22949 1 70
22950 0 40
22951 0 53
22952 3 14
22953 2 2
22954 2 22
22955 1 22
22956 0 68
22957 0 42
22958 0 43
22959 0 84
22960 2 27
22961 1 91
22962 2 56
22963 0 12
22964 0 64
22965 0 49
22966 1 46
22967 0 107
22968 2 85
22969 2 88
22970 1 55
22971 0 46
22972 0 74
22973 2 73
22974 126 0
22975 0 92
22976 2 53
22977 3 11
22978 0 41
22979 1 33
22980 1 106
22981 1 83
22982 0 108
22983 0 24
22984 0 17
22985 0 13
22986 2 109
22987 2 35
22988 3 40
22989 1 12
22990 0 106
22991 0 70
22992 127 127
22993 2 19
22994 1 28
22995 1 25
22996 2 23
22997 2 26
22998 1 75
22999 0 22
23000 0 73
23001 1 38
23002 3 76
23003 2 48
23004 2 77
23005 0 20
23006 1 43
23007 0 29
23008 1 97
23009 5 3
23010 0 56
23011 3 12
23012 1 11
23013 0 43
23014 2 91
23015 0 102
23016 0 47
23017 5 7
23018 2 72
23019 0 57
23020 1 1
23021 127 0
23022 0 62
23023 0 37
23024 1 19
23025 2 78
23026 4 8
23027 2 76
23028 1 0
23029 0 97
23030 1 21
23031 1 70
23032 1 106
23033 126 127
23034 5 2
23035 0 56
23036 127 127
23037 1 109
23038 0 16
23039 1 42
23040 0 80
23041 0 70
23042 126 0
23043 4 3
23044 10 0
23045 0 106
23046 0 30
23047 0 59
23048 1 104
23049 1 41
23050 0 126
23051 0 18
23052 0 28
23053 6 2
23054 0 3
23055 3 76
23056 127 0
23057 1 30
23058 0 65
23059 0 29
23060 2 20
23061 2 12
23062 0 52
23063 1 94
23064 0 88
23065 2 22
23066 0 41
23067 0 31
23068 1 70
23069 1 50
23070 0 21
23071 0 22
23072 0 58
23073 1 85
23074 4 14
23075 2 28
23076 1 24
23077 2 13
23078 0 38
23079 0 87
23080 1 48
23081 0 71
23082 1 51
23083 3 26
23084 5 5
23085 0 127
23086 1 28
23087 0 61
23088 1 39
23089 0 8
23090 2 12
23091 1 40
23092 8 0
23093 6 7
23094 0 19
23095 5 2
23096 1 86
23097 0 75
23098 3 39
23099 0 44
23100 2 34
23101 3 2
23102 0 111
23103 6 0
23104 0 36
23105 3 15
23106 126 127
23107 2 66
23108 0 53
23109 2 15
23110 4 7
23111 0 104
23112 1 90
23113 0 55
23114 0 100
23115 1 37
23116 11 0
23117 0 15
23118 0 39
23119 2 92
23120 3 38
23121 2 52
23122 1 85
23123 10 0
23124 2 48
23125 1 82
23126 0 83
23127 0 37
23128 0 21
23129 1 54
23130 0 99
23131 4 5
23132 3 11
23133 1 81
23134 0 110
23135 6 2
23136 2 13
23137 1 73
23138 0 42
23139 1 82
23140 0 32
23141 2 54
23142 0 74
23143 2 46
23144 0 101
23145 0 50
23146 0 84
23147 0 103
23148 0 86
23149 0 83
23150 1 18
23151 1 4
23152 0 72
23153 2 76
23154 1 8
23155 0 69
23156 0 60
23157 0 68
23158 2 35
23159 2 91
23160 0 69
23161 1 101
23162 0 126
23163 0 101
23164 0 45
23165 0 56
23166 0 48
23167 3 14
23168 1 27
23169 2 49
23170 1 43
23171 0 64
23172 0 105
23173 0 17
23174 1 19
23175 0 68
23176 11 0
23177 0 75
23178 0 12
23179 3 78
23180 1 18
23181 3 12
23182 0 46
23183 0 93
23184 1 41
23185 0 55
23186 0 28
23187 1 97
23188 0 85
23189 0 8
23190 1 22
23191 126 0
23192 0 56
23193 1 54
23194 1 55
23195 2 71
23196 1 74
23197 1 103
23198 0 103
23199 2 92
23200 2 109
23201 0 31
23202 0 29
23203 0 40
23204 9 0
23205 1 89
23206 5 0
23207 1 76
23208 1 73
23209 3 8
23210 0 38
23211 1 81
23212 2 2
23213 2 57
23214 0 69
23215 8 0
23216 1 8
23217 1 36
23218 1 32
23219 2 34
23220 5 5
23221 2 63
23222 0 45
23223 1 78
23224 2 26
23225 0 59
23226 0 28
23227 1 82
23228 3 26
23229 0 41
23230 1 37
23231 0 20
23232 0 9
23233 1 9
23234 2 19
23235 2 38
23236 127 0
23237 0 96
23238 0 111
23239 1 79
23240 0 91
23241 0 49
23242 1 81
23243 1 1
23244 0 33
23245 3 3
23246 0 36
23247 2 76
23248 3 10
23249 0 47
23250 6 0
23251 1 92
23252 0 63
23253 0 71
23254 2 26
23255 0 35
23256 0 72
23257 0 25
23258 5 0
23259 1 28
23260 2 16
23261 0 22
23262 6 0
23263 0 8
23264 0 50
23265 2 9
23266 0 43
23267 1 98
23268 0 42
23269 0 86
23270 0 79
23271 2 21
23272 1 8
23273 1 45
23274 0 29
23275 2 30
23276 127 127
23277 0 23
23278 10 0
23279 1 95
23280 0 22
23281 0 23
23282 1 25
23283 4 10
23284 2 24
23285 2 78
23286 3 15
23287 0 127
23288 0 39
23289 0 19
23290 1 103
23291 2 23
23292 5 2
23293 2 47
23294 4 5
23295 0 9
23296 0 27
23297 4 8
23298 0 14
23299 1 58
23300 2 46
23301 0 97
23302 0 95
23303 0 102
23304 0 20
23305 1 43
23306 3 42
23307 1 10
23308 0 90
23309 1 91
23310 2 41
23311 0 126
23312 0 96
23313 0 100
23314 2 43
23315 3 10
23316 3 19
23317 0 40
23318 2 27
23319 0 11
23320 1 104
23321 0 12
23322 1 76
23323 0 85
23324 1 84
23325 0 43
23326 0 44
23327 2 24
23328 2 20
23329 0 43
23330 2 5
23331 1 109
23332 5 0
23333 1 30
23334 3 14
23335 2 72
23336 0 82
23337 0 127
23338 0 68
23339 0 8
23340 1 83
23341 3 17
23342 0 45
23343 0 41
23344 0 80
23345 0 19
23346 0 20
23347 0 44
23348 2 28
23349 1 15
23350 0 98
23351 3 1
23352 2 40
23353 0 36
23354 4 10
23355 5 7
23356 4 7
23357 2 89
23358 11 0
23359 2 62
23360 4 8
23361 1 103
23362 0 107
23363 1 34
23364 0 89
23365 2 3
23366 0 104
23367 0 48
23368 0 69
23369 2 71
23370 1 35
23371 2 22
23372 2 81
23373 0 46
23374 0 26
23375 0 60
23376 0 34
23377 4 0
23378 0 101
23379 1 0
23380 0 33
23381 4 4
23382 1 98
23383 2 77
23384 0 59
23385 2 53
23386 3 38
23387 0 13
23388 7 0
23389 3 15
23390 0 4
23391 3 11
23392 0 70
23393 2 56
23394 0 40
23395 4 2
23396 10 0
23397 2 11
23398 1 19
23399 1 8
23400 0 52
23401 1 43
23402 0 81
23403 1 57
23404 0 41
23405 2 21
23406 1 18
23407 0 90
23408 1 69
23409 1 75
23410 2 73
23411 1 54
23412 1 78
23413 1 66
23414 5 0
23415 1 48
23416 1 79
23417 0 83
23418 2 41
23419 0 11
23420 2 19
23421 2 2
23422 0 106
23423 5 2
23424 1 95
23425 3 10
23426 0 24
23427 1 92
23428 3 24
23429 1 78
23430 1 28
23431 0 39
23432 0 54
23433 1 42
23434 0 126
23435 0 74
23436 0 22
23437 0 61
23438 4 10
23439 2 25
23440 0 15
23441 1 34
23442 2 76
23443 2 23
23444 0 87
23445 1 65
23446 0 89
23447 1 53
23448 0 79
23449 3 19
23450 1 73
23451 0 3
23452 2 45
23453 2 32
23454 0 97
23455 1 45
23456 3 9
23457 0 65
23458 1 68
23459 2 19
23460 1 88
23461 4 7
23462 1 22
23463 0 22
23464 1 65
23465 4 6
23466 3 19
23467 4 17
23468 4 1
23469 0 99
23470 0 66
23471 0 4
23472 3 1
23473 0 55
23474 0 12
23475 0 68
23476 2 19
23477 1 85
23478 2 43
23479 0 19
23480 0 43
23481 0 109
23482 2 44
23483 1 54
23484 0 86
23485 0 27
23486 0 21
23487 2 51
23488 0 26
23489 0 32
23490 0 23
23491 0 64
23492 1 91
23493 2 78
23494 4 11
23495 126 127
23496 0 63
23497 2 98
23498 2 31
23499 4 8
23500 0 87
23501 4 2
23502 1 62
23503 0 49
23504 2 73
23505 0 64
23506 0 67
23507 4 5
23508 0 57
23509 2 8
23510 1 59
23511 1 40
23512 2 38
23513 0 60
23514 0 14
23515 1 8
23516 1 25
23517 127 127
23518 2 59
23519 1 51
23520 0 16
23521 0 15
23522 1 23
23523 1 102
23524 2 90
23525 0 100
23526 0 54
23527 3 19
23528 2 88
23529 0 18
23530 0 59
23531 1 99
23532 2 58
23533 0 108
23534 0 55
23535 1 88
23536 5 6
23537 4 0
23538 0 86
23539 0 63
23540 0 73
23541 1 87
23542 1 39
23543 1 53
23544 2 26
23545 1 56
23546 2 55
23547 0 95
23548 1 84
23549 1 50
23550 0 28
23551 5 5
23552 1 27
23553 3 76
23554 1 47
23555 2 3
23556 0 45
23557 1 43
23558 0 37
23559 2 97
23560 1 42
23561 126 0
23562 1 22
23563 0 30
23564 126 127
23565 2 9
23566 0 47
23567 1 54
23568 9 0
23569 1 71
23570 0 98
23571 1 40
23572 0 17
23573 5 7
23574 6 5
23575 0 74
23576 0 29
23577 2 48
23578 1 15
23579 0 30
23580 1 46
23581 2 76
23582 0 34
23583 5 5
23584 0 76
23585 1 88
23586 0 24
23587 0 80
23588 0 103
23589 0 23
23590 6 0
23591 0 20
23592 0 109
23593 1 37
23594 0 22
23595 0 37
23596 0 96
23597 0 65
23598 1 74
23599 0 90
23600 0 69
23601 1 13
23602 1 19
23603 0 58
23604 3 43
23605 1 29
23606 0 57
23607 3 41
23608 0 15
23609 0 27
23610 1 78
23611 0 92
23612 3 3
23613 0 70
23614 0 95
23615 0 94
23616 1 15
23617 1 77
23618 1 38
23619 5 2
23620 0 60
23621 0 8
23622 0 93
23623 0 82
23624 1 51
23625 0 95
23626 2 75
23627 2 29
23628 0 15
23629 0 10
23630 2 40
23631 0 58
23632 0 97
23633 0 40
23634 1 61
23635 2 13
23636 0 101
23637 2 71
23638 4 2
23639 1 57
23640 1 50
23641 0 14
23642 0 88
23643 4 10
23644 1 80
23645 0 28
23646 2 76
23647 0 48
23648 6 7
23649 0 24
23650 2 3
23651 0 29
23652 0 56
23653 1 68
23654 127 0
23655 0 3
23656 2 24
23657 5 2
23658 1 71
23659 3 10
23660 0 127
23661 1 39
23662 0 105
23663 1 11
23664 1 56
23665 0 59
23666 2 17
23667 4 16
23668 1 21
23669 2 57
23670 0 112
23671 1 65
23672 0 39
23673 0 98
23674 1 16
23675 1 28
23676 3 3
23677 1 32
23678 2 21
23679 0 96
23680 1 58
23681 1 37
23682 0 100
23683 0 55
23684 1 8
23685 1 15
23686 2 23
23687 0 56
23688 2 42
23689 4 2
23690 1 51
23691 127 127
23692 0 33
23693 2 47
23694 3 57
23695 2 99
23696 2 37
23697 1 1
23698 3 9
23699 1 75
23700 0 16
23701 3 29
23702 0 34
23703 2 27
23704 0 95
23705 2 71
23706 0 111
23707 0 13
23708 0 126
23709 2 25
23710 1 101
23711 3 14
23712 1 41
23713 1 78
23714 0 73
23715 0 127
23716 4 41
23717 7 0
23718 1 14
23719 2 12
23720 1 50
23721 5 2
23722 1 57
23723 2 15
23724 2 29
23725 0 74
23726 1 69
23727 0 112
23728 0 78
23729 0 57
23730 0 50
23731 0 49
23732 0 62
23733 5 0
23734 3 11
23735 2 82
23736 0 69
23737 3 41
23738 1 97
23739 0 12
23740 0 89
23741 0 91
23742 0 37
23743 1 51
23744 4 2
23745 4 6
23746 3 16
23747 2 56
23748 2 55
23749 0 84
23750 0 66
23751 0 56
23752 1 58
23753 3 13
23754 2 77
23755 4 11
23756 1 18
23757 0 111
23758 2 19
23759 3 4
23760 0 44
23761 3 7
23762 0 108
23763 3 27
23764 1 0
23765 3 29
23766 0 15
23767 2 3
23768 1 64
23769 1 57
23770 3 56
23771 0 40
23772 4 3
23773 2 7
23774 2 81
23775 0 71
23776 2 27
23777 1 88
23778 1 73
23779 0 50
23780 4 1
23781 2 30
23782 1 84
23783 0 64
23784 1 13
23785 0 39
23786 3 57
23787 0 47
23788 2 82
23789 0 32
23790 1 87
23791 1 58
23792 0 31
23793 3 27
23794 3 1
23795 2 48
23796 0 35
23797 1 14
23798 0 60
23799 2 76
23800 1 64
23801 5 4
23802 2 70
23803 2 11
23804 3 19
23805 0 59
23806 0 33
23807 3 5
23808 0 16
23809 1 77
23810 0 60
23811 1 96
23812 0 84
23813 1 48
23814 1 91
23815 0 106
23816 2 45
23817 0 88
23818 0 81
23819 0 65
23820 1 97
23821 0 58
23822 2 13
23823 1 25
23824 1 58
23825 4 1
23826 0 4
23827 4 29
23828 3 76
23829 1 35
23830 1 82
23831 3 29
23832 4 0
23833 3 4
23834 3 6
23835 1 102
23836 0 79
23837 0 85
23838 0 27
23839 0 72
23840 1 78
23841 0 23
23842 5 7
23843 0 66
23844 1 101
23845 0 92
23846 2 9
23847 2 36
23848 3 9
23849 5 6
23850 1 86
23851 0 109
23852 2 76
23853 0 54
23854 10 0
23855 0 108
23856 0 71
23857 1 21
23858 0 41
23859 0 57
23860 1 1
23861 2 27
23862 2 51
23863 0 11
23864 0 68
23865 2 22
23866 0 38
23867 1 51
23868 0 25
23869 1 72
23870 0 39
23871 1 77
23872 0 46
23873 1 49
23874 0 13
23875 0 48
23876 4 2
23877 0 69
23878 3 13
23879 2 8
23880 0 73
23881 2 57
23882 4 41
23883 0 18
23884 1 23
23885 2 26
23886 3 1
23887 1 41
23888 2 37
23889 2 39
23890 0 23
23891 1 70
23892 1 96
23893 0 30
23894 2 49
23895 4 7
23896 4 16
23897 0 26
23898 0 3
23899 126 127
23900 2 70
23901 0 41
23902 3 57
23903 0 35
23904 3 28
23905 9 0
23906 0 65
23907 2 72
23908 1 8
23909 0 94
23910 0 27
23911 0 12
23912 0 66
23913 127 127
23914 0 105
23915 5 3
23916 1 59
23917 0 14
23918 1 24
23919 1 69
23920 1 43
23921 0 91
23922 1 15
23923 1 12
23924 0 96
23925 1 99
23926 1 92
23927 1 72
23928 4 10
23929 6 0
23930 2 13
23931 1 102
23932 126 0
23933 1 48
23934 0 26
23935 0 4
23936 0 83
23937 2 8
23938 0 101
23939 126 127
23940 127 127
23941 0 100
23942 2 25
23943 1 78
23944 0 80
23945 1 38
23946 1 18
23947 4 3
23948 0 126
23949 1 74
23950 0 74
23951 0 22
23952 1 0
23953 5 0
23954 2 57
23955 3 11
23956 1 3
23957 2 15
23958 0 110
23959 0 28
23960 4 8
23961 1 96
23962 1 35
23963 0 96
23964 2 9
23965 126 127
23966 0 13
23967 1 14
23968 0 67
23969 0 47
23970 2 41
23971 0 70
23972 0 111
23973 0 40
23974 5 2
23975 127 127
23976 0 77
23977 2 29
23978 0 127
23979 2 58
23980 2 80
23981 0 59
23982 1 42
23983 0 63
23984 4 0
23985 2 99
23986 3 17
23987 2 43
23988 1 29
23989 0 65
23990 0 101
23991 0 60
23992 3 3
23993 2 56
23994 1 75
23995 2 40
23996 126 127
23997 0 99
23998 3 13
23999 1 68
24000 0 55
24001 1 93
24002 2 29
24003 2 19
24004 0 39
24005 0 90
24006 0 66
24007 2 36
24008 2 37
24009 0 14
24010 3 4
24011 2 16
24012 0 91
24013 2 98
24014 0 40
24015 3 3
24016 0 3
24017 5 0
24018 0 100
24019 1 1
24020 0 72
24021 0 58
24022 3 43
24023 1 43
24024 0 57
24025 1 0
24026 0 90
24027 0 12
24028 0 39
24029 1 20
24030 0 38
24031 1 29
24032 4 4
24033 1 69
24034 1 79
24035 0 107
24036 2 21
24037 4 0
24038 127 127
24039 3 41
24040 0 68
24041 1 92
24042 0 59
24043 126 127
24044 3 19
24045 2 22
24046 2 51
24047 2 13
24048 0 87
24049 2 15
24050 0 126
24051 127 127
24052 2 11
24053 1 11
24054 2 21
24055 1 31
24056 2 3
24057 2 26
24058 0 18
24059 2 19
24060 0 88
24061 1 40
24062 2 71
24063 0 101
24064 0 108
24065 2 102
24066 0 61
24067 0 110
24068 3 44
24069 2 16
24070 0 36
24071 0 92
24072 0 76
24073 1 57
24074 3 3
24075 0 46
24076 1 32
24077 4 5
24078 1 94
24079 0 24
24080 1 34
24081 8 0
24082 1 60
24083 0 77
24084 1 53
24085 0 71
24086 1 8
24087 9 0
24088 0 79
24089 1 18
24090 1 79
24091 0 27
24092 0 8
24093 1 3
24094 1 8
24095 2 89
24096 0 98
24097 3 19
24098 2 22
24099 0 21
24100 1 15
24101 0 107
24102 0 8
24103 1 65
24104 2 28
24105 0 67
24106 2 17
24107 0 81
24108 1 89
24109 0 99
24110 1 45
24111 0 91
24112 4 15
24113 0 42
24114 5 7
24115 1 22
24116 5 6
24117 0 11
24118 0 19
24119 1 102
24120 0 48
24121 2 59
24122 0 41
24123 0 65
24124 1 38
24125 0 28
24126 1 13
24127 0 127
24128 1 1
24129 0 108
24130 3 4
24131 1 35
24132 4 2
24133 2 78
24134 2 15
24135 1 49
24136 0 106
24137 1 42
24138 0 15
24139 5 0
24140 3 17
24141 2 49
24142 4 3
24143 0 27
24144 0 58
24145 0 3
24146 2 82
24147 0 13
24148 0 57
24149 2 44
24150 3 3
24151 3 39
24152 3 76
24153 2 102
24154 0 70
24155 0 87
24156 8 0
24157 0 17
24158 2 39
24159 0 23
24160 0 43
24161 2 86
24162 1 68
24163 2 25
24164 1 54
24165 4 2
24166 2 3
24167 3 80
24168 0 14
24169 0 93
24170 2 43
24171 1 82
24172 1 95
24173 1 48
24174 1 76
24175 2 80
24176 0 25
24177 1 69
24178 0 90
24179 1 64
24180 4 14
24181 2 81
24182 1 68
24183 1 8
24184 0 91
24185 0 37
24186 0 94
24187 2 26
24188 127 0
24189 4 4
24190 0 80
24191 0 16
24192 1 98
24193 0 59
24194 0 34
24195 1 108
24196 0 22
24197 0 54
24198 0 29
24199 0 55
24200 2 80
24201 4 5
24202 0 62
24203 0 44
24204 0 79
24205 0 75
24206 1 27
24207 0 93
24208 1 12
24209 1 69
24210 2 19
24211 0 105
24212 1 51
24213 0 17
24214 0 68
24215 0 49
24216 0 20
24217 0 27
24218 1 13
24219 1 0
24220 0 47
24221 1 47
24222 0 15
24223 0 94
24224 0 36
24225 1 97
24226 0 58
24227 1 102
24228 1 16
24229 0 33
24230 3 39
24231 0 50
24232 0 8
24233 0 90
24234 0 108
24235 0 106
24236 126 127
24237 4 0
24238 1 27
24239 0 60
24240 2 18
24241 0 71
24242 0 49
24243 2 25
24244 0 105
24245 126 0
24246 1 86
24247 0 74
24248 0 84
24249 0 82
24250 2 4
24251 127 0
24252 3 9
24253 1 98
24254 0 88
24255 3 75
24256 0 34
24257 1 79
24258 4 4
24259 2 14
24260 0 18
24261 2 75
24262 2 9
24263 0 79
24264 1 63
24265 1 79
24266 1 64
24267 2 22
24268 1 53
24269 1 54
24270 0 85
24271 0 42
24272 0 33
24273 0 31
24274 0 66
24275 2 95
24276 3 8
24277 0 13
24278 126 0
24279 1 57
24280 2 89
24281 1 23
24282 1 8
24283 0 107
24284 2 70
24285 2 3
24286 0 108
24287 6 1
24288 0 67
24289 3 9
24290 2 40
24291 2 55
24292 4 8
24293 0 79
24294 0 68
24295 0 69
24296 2 44
24297 0 75
24298 0 14
24299 0 41
24300 1 18
24301 0 111
24302 0 56
24303 0 110
24304 0 111
24305 2 24
24306 0 27
24307 0 34
24308 0 54
24309 3 11
24310 0 93
24311 0 59
24312 0 65
24313 1 40
24314 1 33
24315 2 102
24316 0 81
24317 1 50
24318 0 74
24319 1 29
24320 0 61
24321 0 48
24322 1 78
24323 1 61
24324 0 126
24325 4 5
24326 0 95
24327 6 0
24328 0 80
24329 1 1
24330 0 58
24331 2 25
24332 0 75
24333 0 83
24334 1 87
24335 2 94
24336 0 86
24337 0 59
24338 1 79
24339 1 32
24340 1 17
24341 2 43
24342 0 127
24343 0 50
24344 2 27
24345 2 39
24346 127 127
24347 0 29
24348 0 12
24349 3 39
24350 0 16
24351 1 70
24352 9 0
24353 2 13
24354 2 45
24355 3 4
24356 1 77
24357 0 126
24358 126 127
24359 1 0
24360 2 9
24361 1 102
24362 3 16
24363 0 42
24364 0 106
24365 4 3
24366 1 50
24367 2 14
24368 0 46
24369 3 43
24370 1 63
24371 0 21
24372 0 64
24373 2 40
24374 4 2
24375 1 21
24376 4 41
24377 0 60
24378 3 38
24379 1 60
24380 0 49
24381 0 105
24382 1 41
24383 1 24
24384 3 3
24385 3 9
24386 2 43
24387 0 84
24388 1 13
24389 1 51
24390 1 97
24391 0 61
24392 1 89
24393 0 82
24394 1 94
24395 1 45
24396 2 48
24397 4 7
24398 2 45
24399 0 15
24400 3 25
24401 7 0
24402 2 26
24403 2 15
24404 127 0
24405 2 94
24406 0 37
24407 127 127
24408 2 23
24409 0 110
24410 1 50
24411 6 6
24412 0 45
24413 1 43
24414 2 17
24415 1 58
24416 0 58
24417 0 78
24418 2 39
24419 1 84
24420 0 60
24421 0 46
24422 2 9
24423 0 24
24424 0 100
24425 1 17
24426 2 79
24427 126 0
24428 1 57
24429 0 41
24430 1 27
24431 6 0
24432 1 71
24433 0 59
24434 2 40
24435 1 45
24436 3 39
24437 0 62
24438 0 70
24439 1 101
24440 0 28
24441 2 45
24442 1 39
24443 0 67
24444 1 60
24445 0 73
24446 0 29
24447 2 3
24448 2 74
24449 0 60
24450 1 69
24451 0 85
24452 1 55
24453 1 26
24454 4 3
24455 0 72
24456 0 4
24457 2 11
24458 1 16
24459 0 17
24460 127 0
24461 0 107
24462 0 59
24463 1 33
24464 2 89
24465 0 66
24466 0 74
24467 1 68
24468 1 89
24469 5 0
24470 0 57
24471 1 105
24472 1 102
24473 1 23
24474 0 43
24475 0 36
24476 0 8
24477 1 76
24478 4 8
24479 0 28
24480 0 20
24481 3 9
24482 3 14
24483 0 3
24484 4 7
24485 1 86
24486 0 98
24487 0 87
24488 1 44
24489 1 61
24490 2 26
24491 1 38
24492 0 45
24493 1 96
24494 0 101
24495 0 94
24496 1 14
24497 1 81
24498 2 8
24499 1 79
24500 0 21
24501 2 55
24502 4 8
24503 0 106
24504 0 46
24505 1 82
24506 2 102
24507 0 69
24508 3 13
24509 1 26
24510 0 56
24511 0 83
24512 0 91
24513 0 48
24514 0 97
24515 0 30
24516 2 13
24517 2 61
24518 2 27
24519 1 46
24520 1 40
24521 2 9
24522 0 4
24523 2 58
24524 1 3
24525 1 20
24526 1 7
24527 2 21
24528 4 16
24529 0 6
24530 1 47
24531 0 14
24532 2 4
24533 1 6
24534 3 10
24535 1 95
24536 8 0
24537 1 70
24538 0 38
24539 1 32
24540 0 76
24541 3 19
24542 1 102
24543 2 49
24544 0 16
24545 0 81
24546 1 13
24547 0 42
24548 1 37
24549 0 15
24550 2 73
24551 0 89
24552 2 86
24553 4 0
24554 1 1
24555 4 10
24556 0 57
24557 1 56
24558 1 89
24559 0 11
24560 1 96
24561 0 67
24562 0 61
24563 0 82
24564 2 81
24565 1 59
24566 126 127
24567 0 99
24568 1 80
24569 1 73
24570 3 9
24571 2 19
24572 0 39
24573 2 35
24574 0 59
24575 2 48
24576 1 38
24577 0 3
24578 0 22
24579 2 14
24580 1 62
24581 0 27
24582 0 109
24583 5 0
24584 1 59
24585 2 25
24586 3 37
24587 3 16
24588 0 12
24589 0 14
24590 3 15
24591 1 7
24592 2 22
24593 0 37
24594 0 70
24595 1 93
24596 1 83
24597 5 6
24598 1 92
24599 1 93
24600 1 104
24601 4 11
24602 4 4
24603 2 13
24604 1 99
24605 2 15
24606 2 38
24607 1 105
24608 2 41
24609 1 86
24610 2 42
24611 4 2
24612 0 50
24613 1 41
24614 1 24
24615 2 60
24616 0 99
24617 0 11
24618 2 73
24619 0 107
24620 0 59
24621 3 13
24622 1 99
24623 1 72
24624 1 63
24625 0 23
24626 2 83
24627 1 92
24628 0 32
24629 2 74
24630 0 38
24631 3 41
24632 2 93
24633 3 10
24634 0 79
24635 0 92
24636 0 55
24637 0 54
24638 5 5
24639 0 29
24640 1 93
24641 0 73
24642 4 12
24643 0 13
24644 3 19
24645 2 28
24646 1 79
24647 0 44
24648 4 11
24649 1 46
24650 1 74
24651 1 27
24652 0 78
24653 3 36
24654 3 9
24655 2 18
24656 0 7
24657 1 26
24658 2 14
24659 9 0
24660 5 2
24661 5 6
24662 0 56
24663 0 84
24664 0 69
24665 1 28
24666 0 12
24667 0 88
24668 3 83
24669 0 105
24670 2 26
24671 0 18
24672 2 70
24673 0 87
24674 1 44
24675 2 43
24676 4 3
24677 0 75
24678 1 107
24679 1 0
24680 1 57
24681 1 12
24682 3 25
24683 1 1
24684 0 39
24685 2 10
24686 126 0
24687 3 12
24688 4 0
24689 1 50
24690 0 43
24691 2 80
24692 0 38
24693 0 65
24694 1 35
24695 0 45
24696 2 86
24697 3 24
24698 2 93
24699 2 47
24700 3 4
24701 2 102
24702 0 11
24703 0 17
24704 1 23
24705 0 24
24706 1 95
24707 0 40
24708 5 5
24709 0 77
24710 7 0
24711 1 36
24712 1 18
24713 1 24
24714 0 107
24715 0 39
24716 0 30
24717 1 38
24718 127 127
24719 1 86
24720 1 92
24721 1 21
24722 0 10
24723 0 92
24724 0 89
24725 0 76
24726 0 41
24727 2 11
24728 1 92
24729 1 20
24730 0 14
24731 0 51
24732 3 10
24733 0 46
24734 0 8
24735 0 52
24736 0 127
24737 0 93
24738 2 18
24739 3 23
24740 2 13
24741 2 81
24742 2 61
24743 0 64
24744 1 21
24745 0 85
24746 2 60
24747 1 11
24748 1 40
24749 1 89
24750 1 91
24751 0 44
24752 0 49
24753 0 89
24754 1 3
24755 0 94
24756 1 60
24757 3 7
24758 0 62
24759 3 45
24760 0 35
24761 1 4
24762 1 90
24763 3 58
24764 2 90
24765 1 93
24766 1 51
24767 1 90
24768 2 68
24769 5 0
24770 3 35
24771 1 29
24772 0 110
24773 1 23
24774 1 68
24775 1 75
24776 4 0
24777 0 100
24778 1 55
24779 0 66
24780 0 84
24781 0 85
24782 1 47
24783 0 51
24784 2 40
24785 0 57
24786 1 3
24787 3 20
24788 3 24
24789 4 9
24790 0 88
24791 2 35
24792 1 41
24793 1 40
24794 3 13
24795 2 40
24796 2 11
24797 2 24
24798 4 8
24799 5 1
24800 0 78
24801 1 74
24802 0 40
24803 1 80
24804 3 42
24805 2 82
24806 126 127
24807 2 90
24808 1 26
24809 5 0
24810 3 12
24811 1 0
24812 1 83
24813 0 92
24814 1 20
24815 5 2
24816 1 11
24817 1 79
24818 0 75
24819 10 0
24820 0 70
24821 0 126
24822 3 9
24823 5 8
24824 2 19
24825 2 39
24826 0 95
24827 0 98
24828 2 74
24829 1 15
24830 2 42
24831 0 61
24832 0 69
24833 127 127
24834 3 41
24835 1 96
24836 2 25
24837 2 3
24838 4 5
24839 0 83
24840 0 76
24841 3 38
24842 1 80
24843 4 10
24844 0 94
24845 1 24
24846 0 52
24847 4 2
24848 0 101
24849 2 11
24850 2 15
24851 0 91
24852 0 41
24853 0 34
24854 1 28
24855 0 56
24856 4 8
24857 1 92
24858 0 74
24859 0 67
24860 2 34
24861 1 100
24862 2 26
24863 1 59
24864 0 21
24865 0 58
24866 0 108
24867 0 23
24868 3 3
24869 1 45
24870 3 40
24871 1 62
24872 0 73
24873 0 13
24874 1 44
24875 3 25
24876 0 22
24877 1 21
24878 127 0
24879 126 127
24880 2 58
24881 9 0
24882 0 36
24883 5 8
24884 1 79
24885 0 97
24886 0 26
24887 0 55
24888 5 3
24889 2 33
24890 1 63
24891 0 57
24892 0 15
24893 1 50
24894 4 8
24895 2 61
24896 0 70
24897 0 45
24898 0 7
24899 1 90
24900 0 107
24901 1 80
24902 1 3
24903 1 89
24904 1 93
24905 3 44
24906 2 27
24907 0 65
24908 2 18
24909 126 0
24910 2 9
24911 4 1
24912 2 45
24913 7 1
24914 3 11
24915 1 87
24916 2 11
24917 0 74
24918 0 42
24919 0 43
24920 3 4
24921 0 56
24922 0 21
24923 0 64
24924 2 81
24925 2 55
24926 0 73
24927 3 10
24928 2 46
24929 1 99
24930 0 100
24931 0 65
24932 2 25
24933 0 92
24934 0 48
24935 1 21
24936 0 12
24937 3 27
24938 1 42
24939 4 10
24940 4 2
24941 1 105
24942 0 14
24943 4 12
24944 1 55
24945 0 98
24946 1 71
24947 0 86
24948 0 55
24949 0 89
24950 0 84
24951 0 82
24952 1 82
24953 1 13
24954 1 1
24955 5 4
24956 0 85
24957 0 39
24958 0 23
24959 0 127
24960 1 84
24961 3 37
24962 1 23
24963 3 81
24964 1 24
24965 0 86
24966 3 12
24967 0 79
24968 3 19
24969 1 12
24970 1 13
24971 1 35
24972 0 22
24973 0 28
24974 0 91
24975 127 127
24976 2 83
24977 0 66
24978 4 6
24979 0 8
24980 0 11
24981 0 67
24982 2 35
24983 1 0
24984 4 5
24985 2 89
24986 1 12
24987 5 8
24988 3 43
24989 3 11
24990 0 126
24991 2 20
24992 0 109
24993 2 55
24994 0 105
24995 1 23
24996 1 20
24997 0 95
24998 1 24
24999 1 18
25000 0 92
25001 127 0
25002 2 3
25003 2 19
25004 0 97
25005 4 12
25006 3 13
25007 5 3
25008 1 16
25009 0 49
25010 1 69
25011 0 64
25012 2 27
25013 1 62
25014 4 6
25015 0 63
25016 2 38
25017 3 9
25018 2 81
25019 3 81
25020 0 12
25021 0 58
25022 126 127
25023 0 91
25024 0 56
25025 0 64
25026 0 15
25027 3 36
25028 5 12
25029 1 33
25030 8 0
25031 2 23
25032 3 2
25033 1 56
25034 1 72
25035 2 22
25036 0 14
25037 1 60
25038 0 3
25039 1 26
25040 3 14
25041 2 45
25042 2 40
25043 0 16
25044 2 43
25045 3 13
25046 0 60
25047 0 74
25048 1 107
25049 0 38
25050 1 17
25051 2 88
25052 0 23
25053 0 18
25054 1 3
25055 127 127
25056 2 18
25057 0 127
25058 0 108
25059 1 15
25060 2 17
25061 0 94
25062 0 95
25063 0 78
25064 2 54
25065 0 17
25066 0 98
25067 1 40
25068 4 3
25069 0 94
25070 3 5
25071 1 81
25072 0 72
25073 2 46
25074 1 30
25075 1 16
25076 2 28
25077 0 79
25078 2 20
25079 1 18
25080 126 0
25081 0 84
25082 5 6
25083 1 84
25084 1 27
25085 2 23
25086 0 24
25087 0 16
25088 0 106
25089 3 17
25090 4 6
25091 4 0
25092 1 14
25093 2 13
25094 0 63
25095 3 4
25096 3 5
25097 126 127
25098 3 43
25099 0 48
25100 2 73
25101 0 95
25102 0 46
25103 0 87
25104 2 107
25105 5 0
25106 0 64
25107 0 20
25108 3 61
25109 1 73
25110 2 40
25111 1 22
25112 0 55
25113 0 69
25114 2 90
25115 0 85
25116 0 94
25117 2 26
25118 0 62
25119 0 30
25120 0 70
25121 0 22
25122 0 92
25123 0 17
25124 1 19
25125 0 77
25126 0 59
25127 0 84
25128 127 0
25129 2 43
25130 127 127
25131 0 18
25132 0 27
25133 1 25
25134 0 81
25135 1 28
25136 1 90
25137 0 86
25138 0 91
25139 126 127
25140 1 88
25141 1 41
25142 1 11
25143 0 96
25144 0 109
25145 0 3
25146 2 53
25147 3 16
25148 0 87
25149 1 54
25150 0 76
25151 0 60
25152 0 69
25153 4 4
25154 0 11
25155 2 11
25156 0 59
25157 0 31
25158 2 17
25159 4 0
25160 1 42
25161 0 126
25162 1 92
25163 2 73
25164 1 85
25165 0 60
25166 2 9
25167 1 29
25168 1 86
25169 3 10
25170 1 32
25171 1 68
25172 4 8
25173 1 74
25174 4 2
25175 1 62
25176 0 45
25177 1 59
25178 127 127
25179 1 41
25180 4 12
25181 0 17
25182 0 57
25183 1 107
25184 2 37
25185 0 97
25186 2 52
25187 0 47
25188 3 9
25189 0 105
25190 3 4
25191 0 21
25192 3 26
25193 0 51
25194 0 83
25195 0 66
25196 0 61
25197 0 10
25198 0 78
25199 2 90
25200 0 26
25201 1 46
25202 2 88
25203 1 42
25204 0 108
25205 3 3
25206 0 40
25207 1 67
25208 5 8
25209 1 52
25210 2 44
25211 5 0
25212 1 35
25213 5 6
25214 4 6
25215 2 24
25216 1 49
25217 2 54
25218 0 23
25219 1 53
25220 1 85
25221 0 53
25222 1 37
25223 1 47
25224 0 59
25225 0 33
25226 5 4
25227 4 9
25228 0 29
25229 5 2
25230 0 27
25231 4 4
25232 1 41
25233 2 26
25234 3 12
25235 1 82
25236 1 21
25237 0 54
25238 1 106
25239 3 2
25240 2 81
25241 1 70
25242 126 127
25243 0 25
25244 2 72
25245 2 61
25246 3 3
25247 0 11
25248 4 12
25249 3 9
25250 1 59
25251 3 12
25252 1 71
25253 1 30
25254 1 26
25255 1 63
25256 0 84
25257 1 44
25258 2 46
25259 2 42
25260 0 39
25261 2 18
25262 3 15
25263 0 75
25264 1 13
25265 1 12
25266 0 38
25267 1 24
25268 126 0
25269 1 5
25270 0 41
25271 2 60
25272 1 102
25273 1 93
25274 3 20
25275 2 36
25276 1 34
25277 1 3
25278 4 8
25279 6 1
25280 0 47
25281 0 65
25282 1 55
25283 4 10
25284 1 101
25285 0 60
25286 2 21
25287 3 2
25288 0 39
25289 1 96
25290 0 73
25291 7 1
25292 0 72
25293 2 24
25294 1 1
25295 5 3
25296 0 30
25297 4 2
25298 0 13
25299 0 107
25300 4 12
25301 0 22
25302 0 19
25303 1 24
25304 0 31
25305 2 30
25306 3 81
25307 2 39
25308 1 21
25309 0 10
25310 1 35
25311 0 49
25312 5 10
25313 0 16
25314 2 20
25315 1 89
25316 0 86
25317 127 0
25318 0 99
25319 1 15
25320 2 61
25321 0 90
25322 1 92
25323 2 26
25324 0 56
25325 1 41
25326 1 4
25327 0 77
25328 0 89
25329 1 34
25330 1 98
25331 0 108
25332 0 68
25333 0 12
25334 1 35
25335 0 17
25336 6 3
25337 0 66
25338 0 46
25339 0 127
25340 2 40
25341 2 67
25342 1 34
25343 0 87
25344 0 102
25345 3 12
25346 1 62
25347 2 10
25348 2 24
25349 0 92
25350 0 55
25351 2 81
25352 0 74
25353 1 48
25354 0 47
25355 5 6
25356 3 10
25357 1 22
25358 0 76
25359 0 41
25360 3 9
25361 126 0
25362 2 44
25363 4 6
25364 0 95
25365 2 73
25366 0 96
25367 127 0
25368 5 8
25369 0 91
25370 2 6
25371 0 63
25372 1 5
25373 0 73
25374 6 1
25375 1 30
25376 0 7
25377 0 93
25378 2 21
25379 0 104
25380 1 20
25381 1 89
25382 2 11
25383 0 90
25384 0 37
25385 0 74
25386 0 64
25387 1 86
25388 1 70
25389 0 70
25390 2 35
25391 0 80
25392 0 50
25393 0 54
25394 1 49
25395 2 38
25396 1 56
25397 1 18
25398 2 87
25399 127 127
25400 2 10
25401 2 96
25402 0 88
25403 2 57
25404 0 100
25405 0 63
25406 2 95
25407 0 61
25408 3 4
25409 0 105
25410 0 92
25411 0 94
25412 1 95
25413 0 91
25414 1 75
25415 0 40
25416 0 93
25417 0 77
25418 3 21
25419 0 8
25420 2 60
25421 2 53
25422 4 8
25423 2 62
25424 4 0
25425 0 98
25426 1 24
25427 3 11
25428 2 52
25429 0 60
25430 0 73
25431 0 3
25432 2 101
25433 1 92
25434 1 46
25435 2 22
25436 0 74
25437 0 62
25438 1 21
25439 0 103
25440 2 14
25441 3 81
25442 0 21
25443 1 55
25444 2 24
25445 2 32
25446 0 42
25447 1 0
25448 1 68
25449 5 8
25450 0 104
25451 2 11
25452 0 65
25453 2 46
25454 0 76
25455 1 32
25456 3 12
25457 1 23
25458 2 92
25459 0 20
25460 1 57
25461 0 79
25462 0 95
25463 1 94
25464 1 101
25465 0 43
25466 126 127
25467 0 99
25468 3 22
25469 2 30
25470 3 20
25471 2 63
25472 0 87
25473 126 0
25474 2 21
25475 1 38
25476 0 73
25477 0 22
25478 3 19
25479 0 42
25480 1 4
25481 2 72
25482 0 88
25483 1 28
25484 127 127
25485 3 90
25486 1 13
25487 2 71
25488 0 21
25489 4 8
25490 0 26
25491 0 57
25492 2 88
25493 0 16
25494 2 39
25495 0 30
25496 1 27
25497 0 11
25498 0 105
25499 1 53
25500 0 90
25501 0 28
25502 3 23
25503 0 83
25504 2 81
25505 2 90
25506 7 0
25507 0 19
25508 0 12
25509 1 37
25510 5 3
25511 1 71
25512 1 12
25513 0 7
25514 0 17
25515 1 3
25516 5 1
25517 0 69
25518 3 2
25519 1 5
25520 1 63
25521 2 94
25522 0 35
25523 0 97
25524 0 36
25525 0 38
25526 1 74
25527 3 10
25528 2 51
25529 1 97
25530 1 40
25531 1 31
25532 0 34
25533 3 5
25534 2 61
25535 6 1
25536 3 22
25537 0 24
25538 0 91
25539 1 48
25540 1 16
25541 1 1
25542 0 29
25543 2 66
25544 0 46
25545 1 93
25546 3 42
25547 2 95
25548 1 67
25549 1 38
25550 2 65
25551 1 0
25552 2 55
25553 0 20
25554 0 74
25555 0 71
25556 5 1
25557 4 9
25558 0 78
25559 0 44
25560 0 64
25561 2 29
25562 3 23
25563 2 28
25564 0 47
25565 3 4
25566 0 84
25567 3 5
25568 0 98
25569 0 94
25570 0 32
25571 0 82
25572 0 11
25573 0 126
25574 0 65
25575 1 46
25576 2 43
25577 1 55
25578 1 35
25579 0 33
25580 0 8
25581 0 53
25582 0 81
25583 3 41
25584 0 10
25585 0 90
25586 2 19
25587 3 9
25588 1 45
25589 0 54
25590 0 59
25591 0 99
25592 0 27
25593 0 18
25594 0 3
25595 0 87
25596 0 88
25597 0 102
25598 1 70
25599 1 73
25600 4 8
25601 0 89
25602 0 34
25603 5 8
25604 1 79
25605 0 15
25606 1 1
25607 0 93
25608 3 26
25609 0 56
25610 0 61
25611 2 87
25612 3 16
25613 0 38
25614 4 2
25615 0 86
25616 2 55
25617 1 17
25618 0 43
25619 2 64
25620 0 92
25621 1 22
25622 0 23
25623 0 95
25624 0 72
25625 0 71
25626 0 67
25627 3 13
25628 0 127
25629 0 40
25630 1 13
25631 2 38
25632 3 2
25633 0 93
25634 0 68
25635 1 72
25636 1 73
25637 0 22
25638 1 42
25639 3 21
25640 0 25
25641 1 49
25642 0 126
25643 0 80
25644 2 26
25645 0 83
25646 1 48
25647 1 0
25648 0 55
25649 0 44
25650 0 21
25651 5 6
25652 2 21
25653 1 100
25654 4 8
25655 4 6
25656 1 89
25657 0 58
25658 0 92
25659 0 85
25660 3 21
25661 1 46
25662 2 79
25663 2 94
25664 0 17
25665 4 3
25666 126 127
25667 0 60
25668 1 49
25669 1 48
25670 1 19
25671 2 17
25672 1 76
25673 1 81
25674 2 35
25675 1 69
25676 3 90
25677 1 26
25678 1 3
25679 5 0
25680 1 45
25681 0 49
25682 5 6
25683 2 91
25684 2 21
25685 3 4
25686 0 94
25687 2 18
25688 1 67
25689 3 5
25690 0 77
25691 0 104
25692 127 127
25693 2 20
25694 0 39
25695 1 91
25696 0 24
25697 0 89
25698 0 37
25699 3 40
25700 0 79
25701 0 70
25702 1 101
25703 0 38
25704 0 14
25705 1 52
25706 1 87
25707 0 3
25708 1 15
25709 1 56
25710 0 75
25711 2 78
25712 0 7
25713 0 43
25714 1 35
25715 3 10
25716 0 40
25717 0 105
25718 1 12
25719 1 4
25720 1 21
25721 2 37
25722 5 2
25723 0 78
25724 0 44
25725 0 25
25726 0 104
25727 0 73
25728 0 63
25729 1 61
25730 0 43
25731 4 9
25732 2 50
25733 2 77
25734 0 90
25735 2 12
25736 2 39
25737 0 28
25738 2 9
25739 1 39
25740 0 8
25741 0 50
25742 4 6
25743 1 64
25744 4 0
25745 0 82
25746 1 49
25747 2 2
25748 2 89
25749 1 100
25750 0 42
25751 2 11
25752 0 11
25753 0 30
25754 3 41
25755 1 86
25756 0 44
25757 3 22
25758 0 33
25759 0 22
25760 4 4
25761 0 93
25762 0 95
25763 6 0
25764 2 16
25765 0 62
25766 0 110
25767 1 80
25768 0 89
25769 7 0
25770 1 43
25771 0 127
25772 0 98
25773 3 20
25774 1 23
25775 0 92
25776 2 29
25777 0 99
25778 2 43
25779 0 80
25780 126 127
25781 1 66
25782 0 27
25783 0 37
25784 2 27
25785 127 127
25786 0 34
25787 0 43
25788 2 25
25789 1 46
25790 0 39
25791 0 38
25792 0 37
25793 1 83
25794 1 48
25795 0 15
25796 1 87
25797 3 40
25798 0 36
25799 2 8
25800 1 3
25801 0 81
25802 1 37
25803 0 74
25804 0 105
25805 0 104
25806 1 49
25807 0 13
25808 0 19
25809 3 91
25810 0 56
25811 0 67
25812 0 82
25813 0 53
25814 1 48
25815 2 59
25816 0 84
25817 0 37
25818 0 45
25819 1 68
25820 2 66
25821 2 20
25822 0 90
25823 0 63
25824 1 13
25825 0 93
25826 3 2
25827 0 98
25828 2 46
25829 3 3
25830 5 6
25831 3 41
25832 0 96
25833 0 12
25834 1 58
25835 0 21
25836 1 94
25837 1 66
25838 3 18
25839 0 81
25840 2 22
25841 1 69
25842 0 100
25843 1 21
25844 0 54
25845 1 92
25846 0 95
25847 126 127
25848 0 62
25849 0 82
25850 0 68
25851 1 5
25852 0 29
25853 2 49
25854 2 4
25855 4 8
25856 0 24
25857 0 46
25858 0 81
25859 0 63
25860 1 12
25861 1 82
25862 0 58
25863 0 66
25864 3 27
25865 0 65
25866 2 50
25867 0 26
25868 1 79
25869 0 38
25870 0 77
25871 0 48
25872 0 87
25873 1 18
25874 5 0
25875 1 102
25876 1 57
25877 1 53
25878 0 111
25879 2 42
25880 1 55
25881 0 30
25882 2 43
25883 1 16
25884 1 40
25885 1 91
25886 0 59
25887 0 11
25888 0 82
25889 0 107
25890 2 57
25891 2 64
25892 1 86
25893 0 81
25894 2 55
25895 4 9
25896 0 28
25897 0 88
25898 0 3
25899 2 27
25900 0 79
25901 0 76
25902 8 0
25903 0 52
25904 0 110
25905 1 78
25906 1 83
25907 2 12
25908 2 49
25909 1 14
25910 0 92
25911 1 93
25912 1 64
25913 4 2
25914 0 103
25915 127 127
25916 3 22
25917 1 96
25918 0 42
25919 2 16
25920 1 4
25921 1 57
25922 0 33
25923 0 43
25924 1 17
25925 0 25
25926 0 29
25927 0 104
25928 1 30
25929 1 50
25930 2 24
25931 0 101
25932 2 25
25933 4 6
25934 1 38
25935 0 47
25936 3 29
25937 0 109
25938 0 61
25939 0 38
25940 0 21
25941 0 30
25942 1 46
25943 4 0
25944 2 3
25945 2 5
25946 0 106
25947 2 69
25948 2 24
25949 3 5
25950 0 67
25951 0 24
25952 5 2
25953 3 39
25954 1 55
25955 0 34
25956 7 0
25957 1 5
25958 0 126
25959 3 11
25960 2 55
25961 1 94
25962 1 19
25963 0 94
25964 3 77
25965 0 55
25966 2 57
25967 127 0
25968 2 25
25969 3 14
25970 1 57
25971 0 12
25972 3 3
25973 2 13
25974 2 48
25975 0 89
25976 6 0
25977 0 62
25978 1 1
25979 2 47
25980 1 63
25981 1 69
25982 1 82
25983 5 0
25984 0 71
25985 2 39
25986 1 0
25987 2 48
25988 1 28
25989 126 127
25990 1 22
25991 0 33
25992 0 63
25993 1 4
25994 0 95
25995 2 3
25996 1 1
25997 2 88
25998 5 6
25999 0 87
26000 1 16
26001 2 11
26002 1 97
26003 0 86
26004 0 44
26005 126 0
26006 1 54
26007 2 12
26008 0 68
26009 2 29
26010 0 93
26011 1 61
26012 0 20
26013 1 85
26014 2 58
26015 3 39
26016 3 2
26017 1 45
26018 2 85
26019 127 127
26020 2 37
26021 0 50
26022 1 37
26023 0 107
26024 5 3
26025 0 67
26026 3 11
26027 0 54
26028 1 25
26029 1 75
26030 3 42
26031 1 73
26032 2 1
26033 1 17
26034 127 0
26035 0 34
26036 1 3
26037 2 66
26038 0 7
26039 4 5
26040 3 5
26041 3 21
26042 0 103
26043 0 127
26044 0 57
26045 2 94
26046 1 88
26047 0 91
26048 126 127
26049 0 23
26050 0 100
26051 0 40
26052 1 87
26053 0 101
26054 1 77
26055 0 39
26056 1 96
26057 0 19
26058 0 77
26059 0 49
26060 1 85
26061 1 11
26062 1 18
26063 0 68
26064 0 24
26065 2 10
26066 0 58
26067 0 70
26068 0 8
26069 1 88
26070 1 78
26071 0 73
26072 0 100
26073 0 40
26074 0 88
26075 1 16
26076 0 76
26077 2 44
26078 3 1
26079 0 57
26080 3 3
26081 1 49
26082 0 21
26083 2 13
26084 4 1
26085 0 23
26086 1 12
26087 0 42
26088 0 14
26089 3 0
26090 0 33
26091 2 23
26092 0 55
26093 2 24
26094 4 2
26095 4 5
26096 0 25
26097 1 34
26098 1 9
26099 2 0
26100 7 0
26101 2 56
26102 0 43
26103 0 104
26104 2 55
26105 3 15
26106 2 59
26107 2 42
26108 0 102
26109 3 12
26110 2 14
26111 0 89
26112 1 40
26113 2 41
26114 2 16
26115 0 83
26116 3 1
26117 2 22
26118 1 42
26119 1 105
26120 1 84
26121 1 100
26122 0 29
26123 1 39
26124 1 15
26125 0 28
26126 0 41
26127 1 91
26128 0 84
26129 2 3
26130 0 80
26131 0 49
26132 1 85
26133 0 62
26134 1 56
26135 4 4
26136 3 38
26137 0 35
26138 0 16
26139 2 58
26140 0 30
26141 0 106
26142 1 97
26143 0 46
26144 3 39
26145 0 61
26146 0 78
26147 1 60
26148 0 3
26149 1 66
26150 0 87
26151 0 77
26152 2 17
26153 1 58
26154 0 63
26155 1 21
26156 0 111
26157 3 55
26158 2 11
26159 0 15
26160 0 86
26161 4 7
26162 1 11
26163 3 90
26164 2 19
26165 1 31
26166 1 26
26167 2 31
26168 2 58
26169 1 24
26170 2 24
26171 0 62
26172 2 77
26173 0 56
26174 0 103
26175 0 96
26176 0 112
26177 2 16
26178 0 99
26179 1 58
26180 0 64
26181 2 13
26182 0 82
26183 0 17
26184 0 107
26185 0 47
26186 0 22
26187 0 65
26188 1 14
26189 1 63
26190 0 67
26191 1 12
26192 0 111
26193 127 127
26194 1 94
26195 1 64
26196 0 106
26197 0 64
26198 2 40
26199 3 2
26200 0 78
26201 1 104
26202 1 79
26203 0 104
26204 1 5
26205 0 24
26206 0 92
26207 0 40
26208 1 98
26209 1 72
26210 2 36
26211 1 74
26212 2 66
26213 0 11
26214 3 14
26215 1 71
26216 0 7
26217 4 0
26218 1 16
26219 1 101
26220 0 16
26221 6 0
26222 0 41
26223 0 37
26224 1 100
26225 1 20
26226 3 27
26227 2 10
26228 2 56
26229 0 65
26230 3 20
26231 3 17
26232 1 72
26233 5 11
26234 0 25
26235 1 29
26236 1 97
26237 1 27
26238 0 93
26239 0 50
26240 1 95
26241 1 31
26242 1 52
26243 0 18
26244 0 126
26245 0 4
26246 3 54
26247 3 53
26248 0 72
26249 0 91
26250 0 73
26251 1 68
26252 0 112
26253 0 94
26254 2 43
26255 0 69
26256 0 81
26257 4 2
26258 0 29
26259 1 77
26260 1 24
26261 1 36
26262 2 29
26263 1 82
26264 1 71
26265 0 44
26266 0 98
26267 3 6
26268 0 42
26269 0 38
26270 0 99
26271 0 97
26272 1 46
26273 1 11
26274 2 85
26275 1 17
26276 3 9
26277 0 64
26278 4 5
26279 0 27
26280 0 48
26281 0 111
26282 2 5
26283 0 112
26284 5 4
26285 4 3
26286 1 80
26287 0 98
26288 0 24
26289 1 16
26290 0 107
26291 0 75
26292 0 20
26293 1 85
26294 1 5
26295 1 30
26296 2 55
26297 2 47
26298 0 61
26299 126 0
26300 3 16
26301 0 106
26302 0 107
26303 2 60
26304 1 103
26305 4 2
26306 1 63
26307 2 18
26308 0 47
26309 1 42
26310 1 48
26311 1 87
26312 0 19
26313 0 8
26314 6 6
26315 0 17
26316 0 71
26317 0 105
26318 1 107
26319 1 62
26320 0 96
26321 0 31
26322 1 21
26323 0 20
26324 1 63
26325 0 66
26326 0 42
26327 0 46
26328 0 25
26329 0 53
26330 2 58
26331 2 35
26332 2 28
26333 0 104
26334 1 76
26335 3 38
26336 1 59
26337 1 88
26338 1 51
26339 0 107
26340 1 77
26341 2 23
26342 1 76
26343 1 44
26344 0 18
26345 2 74
26346 3 26
26347 126 127
26348 0 77
26349 1 83
26350 2 97
26351 2 61
26352 0 17
26353 2 65
26354 0 59
26355 2 16
26356 0 24
26357 3 5
26358 2 19
26359 0 55
26360 0 106
26361 0 39
26362 0 25
26363 0 93
26364 0 43
26365 1 74
26366 0 107
26367 2 76
26368 1 97
26369 1 59
26370 0 28
26371 1 94
26372 0 83
26373 0 88
26374 1 18
26375 0 42
26376 5 6
26377 0 12
26378 2 26
26379 7 0
26380 0 60
26381 0 44
26382 2 29
26383 0 99
26384 2 56
26385 3 47
26386 2 103
26387 0 7
26388 0 85
26389 0 59
26390 4 11
26391 1 65
26392 1 87
26393 1 16
26394 0 92
26395 1 103
26396 1 57
26397 1 98
26398 0 47
26399 0 101
26400 0 106
26401 0 98
26402 0 103
26403 0 86
26404 1 33
26405 2 90
26406 0 90
26407 1 42
26408 1 97
26409 1 32
26410 2 22
26411 5 0
26412 2 59
26413 0 37
26414 0 58
26415 0 18
26416 2 34
26417 2 25
26418 0 19
26419 1 40
26420 0 68
26421 1 61
26422 0 42
26423 2 65
26424 0 84
26425 0 8
26426 0 34
26427 1 59
26428 2 12
26429 3 21
26430 0 46
26431 2 44
26432 1 33
26433 1 43
26434 1 102
26435 0 93
26436 1 76
26437 2 97
26438 0 91
26439 0 104
26440 1 17
26441 2 54
26442 0 41
26443 0 32
26444 0 49
26445 0 11
26446 0 103
26447 0 20
26448 1 12
26449 1 19
26450 0 89
26451 0 108
26452 0 82
26453 0 56
26454 2 16
26455 1 15
26456 1 95
26457 2 28
26458 1 23
26459 1 11
26460 6 6
26461 1 94
26462 1 95
26463 1 26
26464 4 0
26465 0 63
26466 3 52
26467 0 87
26468 2 85
26469 1 54
26470 2 83
26471 0 65
26472 3 3
26473 2 38
26474 0 95
26475 0 97
26476 0 7
26477 0 23
26478 127 127
26479 0 51
26480 1 86
26481 0 38
26482 1 32
26483 1 94
26484 0 72
26485 0 55
26486 0 78
26487 1 33
26488 1 24
26489 1 90
26490 1 45
26491 0 109
26492 0 85
26493 1 27
26494 0 27
26495 2 14
26496 4 4
26497 0 104
26498 0 33
26499 3 13
26500 0 103
26501 2 94
26502 2 37
26503 0 57
26504 1 27
26505 0 34
26506 1 87
26507 0 86
26508 1 93
26509 6 0
26510 0 80
26511 0 52
26512 2 90
26513 1 51
26514 0 42
26515 0 33
26516 2 19
26517 2 29
26518 1 73
26519 5 3
26520 0 59
26521 1 47
26522 3 20
26523 2 52
26524 3 21
26525 1 48
26526 1 14
26527 0 31
26528 0 41
26529 0 36
26530 0 42
26531 1 12
26532 0 104
26533 1 32
26534 126 127
26535 2 96
26536 0 30
26537 2 26
26538 1 90
26539 0 41
26540 0 61
26541 5 6
26542 1 34
26543 1 88
26544 1 56
26545 0 77
26546 0 31
26547 5 0
26548 2 40
26549 1 87
26550 1 11
26551 0 26
26552 0 54
26553 0 30
26554 1 99
26555 0 93
26556 2 55
26557 0 66
26558 0 27
26559 0 127
26560 0 79
26561 3 12
26562 3 16
26563 0 107
26564 2 86
26565 0 32
26566 0 26
26567 0 103
26568 5 5
26569 1 37
26570 1 42
26571 0 22
26572 4 13
26573 4 1
26574 2 37
26575 0 33
26576 1 95
26577 1 67
26578 1 16
26579 0 14
26580 1 28
26581 2 25
26582 2 76
26583 2 34
26584 2 13
26585 0 47
26586 1 18
26587 0 64
26588 1 36
26589 0 74
26590 0 19
26591 4 9
26592 3 9
26593 0 58
26594 1 20
26595 0 63
26596 1 65
26597 2 26
26598 0 37
26599 2 97
26600 3 19
26601 1 76
26602 4 14
26603 0 60
26604 2 96
26605 2 2
26606 0 99
26607 0 62
26608 2 48
26609 1 35
26610 0 16
26611 0 43
26612 0 76
26613 4 3
26614 1 75
26615 4 9
26616 3 9
26617 2 59
26618 2 90
26619 2 36
26620 3 29
26621 0 106
26622 0 17
26623 3 11
26624 0 16
26625 5 2
26626 0 61
26627 3 2
26628 0 11
26629 127 0
26630 3 12
26631 0 21
26632 2 33
26633 0 32
26634 2 14
26635 2 32
26636 1 88
26637 0 126
26638 4 13
26639 1 33
26640 1 87
26641 1 4
26642 3 3
26643 4 9
26644 0 55
26645 0 84
26646 0 27
26647 2 11
26648 1 5
26649 0 45
26650 1 4
26651 0 28
26652 3 8
26653 7 0
26654 2 25
26655 2 67
26656 1 39
26657 0 77
26658 0 95
26659 0 80
26660 0 75
26661 4 0
26662 1 93
26663 0 78
26664 3 46
26665 0 38
26666 1 76
26667 0 37
26668 4 21
26669 0 27
26670 2 41
26671 2 28
26672 0 94
26673 1 82
26674 0 65
26675 0 70
26676 0 50
26677 0 49
26678 1 77
26679 0 108
26680 0 77
26681 0 92
26682 1 96
26683 1 23
26684 0 29
26685 0 88
26686 0 54
26687 4 4
26688 0 39
26689 2 37
26690 0 96
26691 1 60
26692 1 44
26693 2 31
26694 3 30
26695 0 105
26696 0 89
26697 2 53
26698 126 0
26699 1 67
26700 0 51
26701 0 63
26702 0 111
26703 2 13
26704 1 53
26705 0 98
26706 1 5
26707 1 64
26708 127 0
26709 1 95
26710 3 6
26711 0 8
26712 0 18
26713 3 55
26714 5 6
26715 0 34
26716 2 84
26717 1 88
26718 5 9
26719 0 36
26720 1 15
26721 0 53
26722 0 19
26723 4 3
26724 2 32
26725 0 67
26726 1 26
26727 1 90
26728 0 31
26729 0 55
26730 0 127
26731 0 37
26732 0 32
26733 126 0
26734 0 69
26735 0 46
26736 0 22
26737 0 28
26738 2 40
26739 2 10
26740 0 27
26741 0 126
26742 2 55
26743 0 71
26744 2 42
26745 1 57
26746 1 56
26747 0 83
26748 0 24
26749 1 14
26750 0 45
26751 1 42
26752 1 76
26753 0 72
26754 0 60
26755 0 71
26756 0 85
26757 0 86
26758 1 81
26759 0 73
26760 0 26
26761 5 1
26762 2 64
26763 3 3
26764 127 127
26765 0 82
26766 1 87
26767 1 57
26768 2 56
26769 0 91
26770 3 5
26771 1 61
26772 1 49
26773 0 52
26774 4 3
26775 0 83
26776 0 85
26777 1 25
26778 1 28
26779 1 11
26780 2 90
26781 2 51
26782 2 19
26783 0 74
26784 0 92
26785 1 40
26786 0 23
26787 0 107
26788 0 36
26789 1 84
26790 1 59
26791 2 44
26792 0 97
26793 2 35
26794 0 87
26795 3 11
26796 3 15
26797 0 99
26798 1 69
26799 2 42
26800 2 40
26801 0 7
26802 6 2
26803 1 42
26804 0 86
26805 0 25
26806 6 3
26807 0 8
26808 1 34
26809 0 24
26810 4 14
26811 0 11
26812 1 11
26813 0 50
26814 0 85
26815 0 91
26816 0 59
26817 0 86
26818 0 26
26819 3 12
26820 1 33
26821 0 75
26822 0 79
26823 127 0
26824 0 48
26825 1 37
26826 1 89
26827 1 66
26828 2 12
26829 1 40
26830 3 29
26831 1 64
26832 1 26
26833 0 18
26834 4 9
26835 2 47
26836 3 21
26837 0 78
26838 0 74
26839 3 11
26840 1 38
26841 1 73
26842 0 110
26843 3 45
26844 1 31
26845 2 49
26846 2 21
26847 1 44
26848 2 28
26849 126 127
26850 0 7
26851 1 49
26852 1 30
26853 0 76
26854 5 4
26855 3 30
26856 0 8
26857 3 94
26858 0 15
26859 0 12
26860 0 80
26861 1 72
26862 0 88
26863 1 1
26864 0 62
26865 2 59
26866 0 7
26867 1 53
26868 0 38
26869 1 92
26870 0 26
26871 2 102
26872 0 28
26873 1 63
26874 2 22
26875 1 54
26876 4 5
26877 3 29
26878 0 51
26879 0 16
26880 1 64
26881 1 82
26882 0 40
26883 1 60
26884 2 94
26885 4 10
26886 1 85
26887 0 68
26888 0 11
26889 3 3
26890 2 21
26891 0 23
26892 1 103
26893 3 20
26894 1 17
26895 0 109
26896 0 84
26897 3 13
26898 0 83
26899 0 96
26900 126 0
26901 2 45
26902 1 63
26903 1 12
26904 2 93
26905 2 101
26906 2 16
26907 2 91
26908 1 58
26909 1 34
26910 2 50
26911 1 73
26912 1 76
26913 0 19
26914 0 15
26915 0 110
26916 1 57
26917 0 50
26918 1 90
26919 3 45
26920 0 60
26921 0 53
26922 4 20
26923 1 67
26924 0 42
26925 2 13
26926 3 6
26927 2 54
26928 2 95
26929 0 104
26930 2 100
26931 0 90
26932 0 64
26933 0 65
26934 0 105
26935 0 92
26936 0 76
26937 3 30
26938 0 30
26939 0 17
26940 6 0
26941 1 54
26942 3 12
26943 1 17
26944 0 97
26945 0 84
26946 1 60
26947 3 0
26948 0 56
26949 4 0
26950 0 43
26951 3 0
26952 1 76
26953 2 17
26954 1 37
26955 2 8
26956 0 47
26957 1 99
26958 0 67
26959 1 89
26960 0 91
26961 0 9
26962 3 20
26963 5 2
26964 4 3
26965 2 54
26966 1 66
26967 0 127
26968 5 1
26969 0 60
26970 4 20
26971 0 17
26972 1 58
26973 4 8
26974 1 64
26975 4 13
26976 0 95
26977 2 60
26978 0 81
26979 2 101
26980 2 14
26981 1 93
26982 2 57
26983 0 51
26984 0 63
26985 0 64
26986 1 11
26987 0 70
26988 6 2
26989 0 11
26990 0 62
26991 4 14
26992 2 36
26993 1 62
26994 2 27
26995 0 24
26996 7 0
26997 0 8
26998 2 5
26999 0 109
27000 0 110
27001 0 126
27002 2 35
27003 0 76
27004 2 13
27005 6 0
27006 2 30
27007 4 0
27008 0 49
27009 2 46
27010 4 7
27011 3 4
27012 0 57
27013 1 11
27014 2 14
27015 0 87
27016 3 44
27017 0 18
27018 1 47
27019 0 27
27020 3 43
27021 1 5
27022 1 61
27023 3 20
27024 3 13
27025 3 8
27026 7 0
27027 0 20
27028 2 16
27029 0 86
27030 0 98
27031 2 13
27032 0 12
27033 0 29
27034 1 9
27035 1 90
27036 0 26
27037 2 66
27038 0 35
27039 1 12
27040 4 13
27041 0 48
27042 6 3
27043 0 127
27044 0 104
27045 0 41
27046 1 63
27047 6 2
27048 4 9
27049 0 11
27050 0 16
27051 2 17
27052 0 66
27053 1 89
27054 0 109
27055 2 36
27056 3 16
27057 6 0
27058 0 73
27059 1 21
27060 6 6
27061 3 14
27062 0 110
27063 0 106
27064 3 21
27065 2 43
27066 0 7
27067 1 26
27068 0 42
27069 2 65
27070 2 100
27071 0 37
27072 0 9
27073 2 90
27074 1 39
27075 0 99
27076 1 65
27077 1 8
27078 2 4
27079 1 72
27080 127 127
27081 0 74
27082 0 19
27083 4 16
27084 2 33
27085 0 26
27086 0 109
27087 1 17
27088 0 93
27089 0 56
27090 0 63
27091 0 64
27092 2 45
27093 1 102
27094 0 50
27095 1 100
27096 0 21
27097 0 22
27098 2 25
27099 2 65
27100 0 87
27101 1 20
27102 1 33
27103 1 103
27104 0 80
27105 0 72
27106 127 0
27107 1 9
27108 2 16
27109 0 40
27110 0 96
27111 1 102
27112 0 15
27113 2 87
27114 1 28
27115 1 95
27116 1 41
27117 0 28
27118 0 86
27119 1 92
27120 1 30
27121 1 87
27122 1 11
27123 2 56
27124 4 10
27125 2 87
27126 2 42
27127 0 12
27128 126 0
27129 0 9
27130 2 63
27131 0 52
27132 0 87
27133 5 6
27134 0 94
27135 1 18
27136 1 98
27137 0 54
27138 1 37
27139 1 15
27140 5 2
27141 0 15
27142 0 89
27143 1 103
27144 1 52
27145 0 97
27146 2 85
27147 1 31
27148 1 65
27149 2 53
27150 0 39
27151 1 72
27152 2 55
27153 0 41
27154 6 6
27155 2 88
27156 0 108
27157 0 20
27158 3 5
27159 1 26
27160 5 0
27161 2 15
27162 4 12
27163 0 52
27164 7 0
27165 0 46
27166 1 52
27167 1 41
27168 4 13
27169 0 43
27170 0 63
27171 0 71
27172 1 76
27173 2 100
27174 0 40
27175 2 16
27176 0 103
27177 127 0
27178 1 21
27179 1 85
27180 0 44
27181 0 61
27182 0 83
27183 8 0
27184 2 59
27185 0 52
27186 0 17
27187 0 49
27188 0 73
27189 0 16
27190 4 12
27191 2 12
27192 1 50
27193 0 17
27194 0 21
27195 0 70
27196 1 64
27197 1 20
27198 1 21
27199 1 9
27200 4 15
27201 1 44
27202 0 37
27203 0 18
27204 1 34
27205 2 6
27206 0 109
27207 1 33
27208 0 45
27209 0 11
27210 1 54
27211 5 6
27212 3 9
27213 1 35
27214 0 76
27215 1 46
27216 1 84
27217 0 47
27218 1 15
27219 1 93
27220 0 8
27221 1 100
27222 0 108
27223 0 104
27224 0 109
27225 1 38
27226 1 51
27227 0 75
27228 3 20
27229 0 81
27230 1 92
27231 0 60
27232 2 43
27233 0 72
27234 1 17
27235 0 15
27236 2 56
27237 7 0
27238 4 13
27239 0 42
27240 1 85
27241 2 41
27242 2 55
27243 1 87
27244 1 13
27245 1 12
27246 1 93
27247 2 60
27248 2 98
27249 1 98
27250 3 16
27251 0 44
27252 3 27
27253 0 103
27254 0 30
27255 0 69
27256 0 84
27257 0 80
27258 0 35
27259 2 13
27260 1 50
27261 1 102
27262 1 11
27263 1 29
27264 1 62
27265 2 15
27266 1 96
27267 2 29
27268 1 51
27269 0 55
27270 0 105
27271 0 61
27272 2 21
27273 2 7
27274 0 98
27275 2 38
27276 0 16
27277 0 71
27278 2 17
27279 4 8
27280 1 61
27281 0 68
27282 0 22
27283 0 15
27284 3 17
27285 2 32
27286 1 21
27287 1 6
27288 0 50
27289 0 16
27290 2 52
27291 0 77
27292 3 38
27293 1 5
27294 0 65
27295 0 104
27296 1 6
27297 0 38
27298 2 59
27299 4 7
27300 0 70
27301 0 27
27302 4 16
27303 0 58
27304 0 83
27305 3 32
27306 0 57
27307 0 99
27308 1 5
27309 2 60
27310 0 37
27311 4 12
27312 3 6
27313 1 14
27314 1 92
27315 1 15
27316 6 4
27317 5 10
27318 1 19
27319 5 5
27320 1 41
27321 0 15
27322 4 10
27323 2 33
27324 126 127
27325 1 6
27326 3 5
27327 1 38
27328 0 62
27329 3 45
27330 6 1
27331 2 56
27332 0 29
27333 1 81
27334 2 45
27335 0 98
27336 1 84
27337 0 72
27338 2 27
27339 1 90
27340 1 5
27341 1 16
27342 3 3
27343 0 43
27344 1 56
27345 0 58
27346 3 63
27347 1 103
27348 1 93
27349 0 26
27350 0 106
27351 2 21
27352 0 82
27353 6 2
27354 0 95
27355 3 8
27356 2 19
27357 0 94
27358 2 90
27359 4 0
27360 0 49
27361 0 28
27362 4 15
27363 3 37
27364 4 3
27365 1 27
27366 3 6
27367 1 6
27368 0 42
27369 2 100
27370 0 25
27371 0 48
27372 1 21
27373 3 21
27374 5 1
27375 4 13
27376 0 43
27377 2 56
27378 0 107
27379 0 39
27380 2 81
27381 3 88
27382 0 106
27383 0 16
27384 0 84
27385 1 35
27386 2 24
27387 0 126
27388 0 57
27389 1 88
27390 0 7
27391 1 36
27392 3 3
27393 0 41
27394 3 15
27395 4 3
27396 1 5
27397 2 37
27398 3 4
27399 1 30
27400 1 28
27401 3 20
27402 5 7
27403 7 2
27404 1 84
27405 1 53
27406 0 107
27407 0 50
27408 1 44
27409 0 84
27410 2 12
27411 0 99
27412 0 78
27413 1 33
27414 0 102
27415 2 13
27416 1 41
27417 0 74
27418 1 31
27419 2 32
27420 0 56
27421 5 2
27422 4 6
27423 4 9
27424 1 54
27425 0 35
27426 0 67
27427 0 41
27428 3 21
27429 0 106
27430 0 33
27431 3 45
27432 0 105
27433 2 25
27434 2 63
27435 1 15
27436 3 37
27437 3 63
27438 0 107
27439 126 0
27440 0 23
27441 127 0
27442 0 34
27443 0 64
27444 3 87
27445 2 62
27446 3 18
27447 1 107
27448 1 41
27449 0 12
27450 1 12
27451 1 63
27452 0 88
27453 4 5
27454 2 44
27455 0 15
27456 1 104
27457 6 0
27458 4 18
27459 5 8
27460 0 95
27461 3 18
27462 2 38
27463 0 12
27464 0 9
27465 0 61
27466 1 87
27467 0 96
27468 3 3
27469 1 9
27470 1 82
27471 0 35
27472 1 103
27473 1 30
27474 1 12
27475 0 17
27476 0 57
27477 127 127
27478 2 42
27479 7 0
27480 5 4
27481 0 54
27482 2 4
27483 2 27
27484 0 127
27485 0 55
27486 0 56
27487 1 16
27488 4 3
27489 0 24
27490 0 97
27491 0 58
27492 1 72
27493 0 65
27494 1 38
27495 0 100
27496 1 64
27497 0 42
27498 0 40
27499 1 90
27500 0 21
27501 0 9
27502 3 5
27503 1 31
27504 2 9
27505 0 28
27506 2 16
27507 1 30
27508 0 49
27509 0 18
27510 0 81
27511 2 36
27512 1 50
27513 2 51
27514 0 94
27515 1 44
27516 0 126
27517 4 10
27518 0 30
27519 2 43
27520 0 47
27521 0 96
27522 3 3
27523 1 104
27524 0 59
27525 0 98
27526 0 127
27527 2 14
27528 0 31
27529 1 33
27530 1 25
27531 1 21
27532 2 99
27533 3 6
27534 1 36
27535 3 5
27536 3 17
27537 1 29
27538 0 107
27539 0 92
27540 1 98
27541 0 77
27542 0 25
27543 0 126
27544 1 14
27545 2 36
27546 0 73
27547 0 80
27548 0 64
27549 0 48
27550 3 18
27551 0 127
27552 2 17
27553 3 6
27554 0 66
27555 4 9
27556 0 57
27557 0 71
27558 0 69
27559 1 53
27560 4 18
27561 0 36
27562 3 20
27563 0 63
27564 1 57
27565 0 103
27566 2 100
27567 4 4
27568 0 22
27569 0 49
27570 0 39
27571 0 16
27572 3 86
27573 3 64
27574 0 90
27575 3 5
27576 126 0
27577 5 7
27578 1 28
27579 0 85
27580 2 21
27581 2 86
27582 2 45
27583 5 4
27584 0 126
27585 1 60
27586 4 20
27587 0 51
27588 4 2
27589 1 47
27590 0 27
27591 1 21
27592 3 6
27593 0 52
27594 0 26
27595 5 8
27596 5 7
27597 3 63
27598 5 2
27599 0 40
27600 0 68
27601 2 23
27602 0 37
27603 2 21
27604 1 15
27605 0 8
27606 1 19
27607 1 65
27608 3 18
27609 4 3
27610 0 99
27611 0 82
27612 0 7
27613 2 85
27614 0 51
27615 0 100
27616 1 59
27617 2 84
27618 1 46
27619 1 82
27620 2 99
27621 0 74
27622 0 91
27623 5 0
27624 3 20
27625 4 0
27626 1 107
27627 0 106
27628 0 15
27629 0 92
27630 2 31
27631 0 43
27632 0 76
27633 0 67
27634 0 53
27635 1 21
27636 0 66
27637 1 39
27638 2 83
27639 1 23
27640 2 100
27641 0 44
27642 1 16
27643 0 105
27644 4 12
27645 0 56
27646 0 70
27647 2 80
27648 0 16
27649 0 34
27650 2 10
27651 0 48
27652 0 87
27653 127 0
27654 3 38
27655 5 1
27656 2 21
27657 1 47
27658 2 59
27659 0 77
27660 0 8
27661 2 65
27662 4 20
27663 2 99
27664 1 38
27665 6 0
27666 0 79
27667 1 64
27668 1 80
27669 3 5
27670 2 19
27671 0 50
27672 4 18
27673 0 51
27674 3 4
27675 3 0
27676 0 78
27677 1 19
27678 0 49
27679 2 93
27680 1 94
27681 2 104
27682 0 59
27683 3 20
27684 0 33
27685 3 64
27686 0 14
27687 0 106
27688 2 6
27689 0 39
27690 0 88
27691 0 98
27692 1 108
27693 126 127
27694 3 7
27695 1 61
27696 1 46
27697 5 8
27698 7 0
27699 2 32
27700 3 9
27701 0 79
27702 0 86
27703 2 84
27704 0 94
27705 0 41
27706 2 83
27707 0 85
27708 5 0
27709 0 76
27710 0 15
27711 4 1
27712 2 25
27713 0 101
27714 3 1
27715 0 78
27716 2 55
27717 0 48
27718 3 37
27719 0 12
27720 1 93
27721 0 87
27722 1 68
27723 2 12
27724 0 100
27725 2 15
27726 3 5
27727 0 80
27728 0 69
27729 5 5
27730 1 36
27731 3 45
27732 0 21
27733 2 22
27734 0 82
27735 2 45
27736 3 18
27737 0 105
27738 2 21
27739 0 89
27740 0 16
27741 2 52
27742 2 58
27743 0 65
27744 3 27
27745 8 0
27746 0 52
27747 2 66
27748 4 8
27749 2 51
27750 1 17
27751 0 110
27752 0 101
27753 2 37
27754 1 78
27755 0 109
27756 0 47
27757 0 106
27758 1 66
27759 0 105
27760 0 27
27761 2 13
27762 1 55
27763 1 15
27764 2 24
27765 0 48
27766 0 77
27767 1 14
27768 4 14
27769 0 110
27770 0 106
27771 0 28
27772 1 27
27773 0 24
27774 0 23
27775 1 82
27776 0 76
27777 0 14
27778 2 52
27779 1 44
27780 0 47
27781 2 51
27782 2 12
27783 0 91
27784 0 48
27785 0 36
27786 1 89
27787 1 32
27788 1 99
27789 0 29
27790 5 8
27791 0 77
27792 0 34
27793 4 8
27794 5 8
27795 3 0
27796 0 97
27797 0 62
27798 2 13
27799 0 90
27800 0 100
27801 2 63
27802 2 66
27803 0 7
27804 3 65
27805 0 28
27806 0 101
27807 1 85
27808 2 62
27809 7 0
27810 1 60
27811 0 40
27812 0 127
27813 2 42
27814 1 63
27815 1 39
27816 0 55
27817 2 61
27818 0 58
27819 5 12
27820 0 126
27821 0 56
27822 1 38
27823 1 26
27824 0 93
27825 1 30
27826 6 0
27827 2 19
27828 1 41
27829 1 12
27830 0 86
27831 0 24
27832 2 87
27833 0 38
27834 2 52
27835 0 98
27836 0 60
27837 2 84
27838 0 30
27839 1 92
27840 4 8
27841 0 41
27842 0 19
27843 0 127
27844 8 0
27845 1 28
27846 4 20
27847 1 104
27848 1 59
27849 0 49
27850 1 100
27851 0 70
27852 3 13
27853 0 95
27854 3 58
27855 0 126
27856 0 57
27857 2 14
27858 0 37
27859 1 39
27860 0 27
27861 0 11
27862 1 64
27863 0 18
27864 1 38
27865 1 91
27866 0 3
27867 0 76
27868 2 58
27869 2 35
27870 5 6
27871 3 4
27872 0 108
27873 0 38
27874 0 78
27875 1 42
27876 2 83
27877 1 39
27878 2 17
27879 2 25
27880 126 0
27881 0 42
27882 0 59
27883 1 54
27884 5 8
27885 0 44
27886 2 12
27887 0 4
27888 0 55
27889 1 18
27890 0 48
27891 0 97
27892 4 5
27893 1 37
27894 0 127
27895 1 40
27896 5 4
27897 2 16
27898 2 5
27899 0 19
27900 0 87
27901 3 20
27902 2 22
27903 2 44
27904 1 88
27905 3 58
27906 2 51
27907 2 4
27908 0 73
27909 0 15
27910 2 40
27911 0 47
27912 1 53
27913 4 7
27914 1 56
27915 2 24
27916 0 39
27917 2 52
27918 2 51
27919 1 66
27920 1 38
27921 1 61
27922 1 86
27923 0 74
27924 6 2
27925 6 4
27926 0 43
27927 1 92
27928 2 53
27929 2 30
27930 5 4
27931 0 72
27932 0 83
27933 1 89
27934 0 54
27935 2 46
27936 0 94
27937 9 0
27938 6 6
27939 1 63
27940 4 12
27941 2 65
27942 2 37
27943 1 81
27944 1 12
27945 1 46
27946 0 68
27947 1 11
27948 1 15
27949 2 29
27950 1 91
27951 1 53
27952 1 74
27953 0 88
27954 0 91
27955 3 37
27956 2 52
27957 0 58
27958 0 74
27959 2 82
27960 0 40
27961 1 76
27962 2 88
27963 2 30
27964 0 95
27965 1 57
27966 5 0
27967 2 64
27968 127 0
27969 127 127
27970 0 38
27971 0 60
27972 8 0
27973 0 22
27974 0 82
27975 1 92
27976 0 59
27977 1 36
27978 3 8
27979 1 56
27980 3 21
27981 6 0
27982 0 57
27983 1 72
27984 0 126
27985 5 6
27986 1 5
27987 5 0
27988 0 63
27989 0 33
27990 2 96
27991 2 39
27992 1 80
27993 126 0
27994 0 111
27995 0 71
27996 0 44
27997 2 43
27998 1 58
27999 0 20
28000 3 5
28001 126 127
28002 4 5
28003 0 19
28004 2 34
28005 1 67
28006 2 12
28007 1 60
28008 1 66
28009 6 0
28010 2 27
28011 1 14
28012 0 51
28013 1 79
28014 1 44
28015 2 17
28016 1 34
28017 3 57
28018 0 53
28019 2 7
28020 5 0
28021 0 87
28022 4 15
28023 1 105
28024 0 77
28025 1 40
28026 6 6
28027 0 100
28028 0 70
28029 1 64
28030 3 4
28031 0 17
28032 5 6
28033 3 5
28034 7 0
28035 0 11
28036 2 46
28037 8 0
28038 1 12
28039 0 16
28040 1 104
28041 6 0
28042 0 94
28043 0 40
28044 2 64
28045 0 93
28046 2 81
28047 0 99
28048 2 92
28049 5 0
28050 0 109
28051 0 17
28052 0 52
28053 2 37
28054 0 48
28055 1 31
28056 0 29
28057 1 11
28058 0 60
28059 0 127
28060 1 75
28061 0 25
28062 1 85
28063 1 53
28064 6 4
28065 3 37
28066 0 86
28067 0 102
28068 1 92
28069 0 98
28070 0 90
28071 0 24
28072 1 76
28073 0 87
28074 1 67
28075 2 37
28076 0 79
28077 2 25
28078 0 81
28079 0 91
28080 3 15
28081 0 31
28082 127 0
28083 2 4
28084 0 43
28085 0 18
28086 1 95
28087 0 86
28088 0 59
28089 1 61
28090 2 24
28091 0 108
28092 3 3
28093 0 72
28094 4 2
28095 5 9
28096 0 42
28097 1 6
28098 2 57
28099 0 15
28100 0 50
28101 0 44
28102 5 12
28103 1 84
28104 0 36
28105 0 37
28106 3 6
28107 0 38
28108 0 96
28109 2 12
28110 1 48
28111 1 63
28112 1 37
28113 2 9
28114 0 11
28115 0 61
28116 0 26
28117 1 11
28118 1 35
28119 2 44
28120 2 51
28121 5 4
28122 1 55
28123 2 5
28124 1 56
28125 4 12
28126 1 94
28127 1 46
28128 0 41
28129 1 66
28130 2 33
28131 2 16
28132 0 95
28133 1 18
28134 2 87
28135 0 35
28136 2 13
28137 3 57
28138 2 94
28139 2 43
28140 3 27
28141 0 48
28142 2 27
28143 0 21
28144 4 1
28145 2 58
28146 1 67
28147 0 11
28148 0 22
28149 1 60
28150 0 8
28151 0 28
28152 1 12
28153 0 126
28154 1 75
28155 2 36
28156 0 85
28157 2 21
28158 0 58
28159 0 20
28160 2 80
28161 0 90
28162 1 16
28163 0 62
28164 3 14
28165 1 39
28166 0 101
28167 0 73
28168 1 54
28169 3 36
28170 3 17
28171 127 127
28172 0 102
28173 1 40
28174 1 34
28175 1 36
28176 1 70
28177 4 4
28178 2 59
28179 1 11
28180 3 1
28181 2 4
28182 0 76
28183 0 100
28184 1 100
28185 0 18
28186 0 12
28187 2 65
28188 1 51
28189 0 92
28190 4 9
28191 2 58
28192 2 54
28193 2 59
28194 0 21
28195 2 10
28196 0 127
28197 3 15
28198 1 64
28199 0 109
28200 5 5
28201 1 61
28202 4 10
28203 3 0
28204 0 54
28205 0 93
28206 3 18
28207 1 31
28208 3 5
28209 1 96
28210 7 0
28211 1 37
28212 1 97
28213 2 32
28214 0 66
28215 1 60
28216 0 36
28217 2 37
28218 2 46
28219 2 57
28220 3 35
28221 0 101
28222 0 69
28223 0 99
28224 0 29
28225 2 12
28226 1 68
28227 1 17
28228 0 22
28229 3 1
28230 0 78
28231 0 74
28232 4 0
28233 0 73
28234 0 7
28235 1 61
28236 0 77
28237 0 17
28238 2 44
28239 0 68
28240 0 102
28241 0 112
28242 0 97
28243 0 46
28244 0 101
28245 2 100
28246 2 43
28247 126 0
28248 0 65
28249 126 127
28250 1 74
28251 2 45
28252 2 25
28253 1 30
28254 1 32
28255 0 102
28256 1 35
28257 0 105
28258 3 57
28259 3 17
28260 1 67
28261 1 19
28262 0 126
28263 0 19
28264 0 51
28265 0 74
28266 2 9
28267 0 108
28268 3 6
28269 5 7
28270 1 37
28271 0 80
28272 4 7
28273 1 10
28274 0 55
28275 1 94
28276 0 100
28277 2 58
28278 6 0
28279 0 28
28280 0 70
28281 0 60
28282 2 55
28283 1 70
28284 2 81
28285 1 66
28286 0 20
28287 2 51
28288 0 35
28289 1 5
28290 0 52
28291 3 9
28292 0 91
28293 0 57
28294 0 106
28295 2 37
28296 3 8
28297 1 83
28298 1 18
28299 0 84
28300 0 18
28301 0 37
28302 0 96
28303 0 21
28304 0 67
28305 2 99
28306 2 24
28307 3 5
28308 3 0
28309 0 99
28310 1 57
28311 0 94
28312 3 1
28313 2 6
28314 0 104
28315 1 11
28316 0 73
28317 1 47
28318 1 34
28319 1 50
28320 0 40
28321 0 101
28322 2 52
28323 1 7
28324 2 47
28325 2 98
28326 1 10
28327 0 70
28328 0 75
28329 1 56
28330 0 17
28331 0 63
28332 0 16
28333 0 49
28334 2 20
28335 1 11
28336 1 81
28337 1 73
28338 1 16
28339 1 67
28340 0 111
28341 0 38
28342 4 2
28343 2 51
28344 0 102
28345 0 68
28346 1 47
28347 0 42
28348 5 4
28349 2 34
28350 1 48
28351 2 81
28352 0 110
28353 3 27
28354 0 90
28355 1 62
28356 0 16
28357 1 15
28358 2 73
28359 4 13
28360 1 44
28361 0 78
28362 0 37
28363 0 73
28364 0 100
28365 2 72
28366 5 0
28367 2 66
28368 2 74
28369 1 74
28370 1 72
28371 0 98
28372 0 51
28373 0 34
28374 2 18
28375 1 104
28376 3 7
28377 0 7
28378 2 65
28379 4 4
28380 2 13
28381 2 10
28382 1 95
28383 0 19
28384 1 38
28385 2 33
28386 0 33
28387 1 6
28388 7 0
28389 0 52
28390 0 54
28391 2 9
28392 0 34
28393 0 36
28394 0 1
28395 0 72
28396 127 127
28397 0 32
28398 3 8
28399 4 6
28400 2 25
28401 1 1
28402 0 8
28403 1 32
28404 5 4
28405 0 29
28406 0 92
28407 0 89
28408 0 43
28409 0 67
28410 0 1
28411 1 66
28412 6 5
28413 127 0
28414 1 58
28415 1 67
28416 1 108
28417 2 52
28418 1 54
28419 0 88
28420 2 10
28421 0 91
28422 0 90
28423 4 7
28424 1 1
28425 0 97
28426 1 59
28427 1 12
28428 126 0
28429 3 55
28430 2 79
28431 2 97
28432 4 4
28433 4 0
28434 0 108
28435 0 14
28436 0 51
28437 2 42
28438 0 85
28439 0 91
28440 1 100
28441 0 7
28442 2 96
28443 2 27
28444 1 21
28445 0 81
28446 0 42
28447 0 28
28448 0 100
28449 0 37
28450 0 36
28451 0 80
28452 1 100
28453 2 55
28454 0 69
28455 0 82
28456 0 95
28457 0 71
28458 1 35
28459 1 95
28460 2 14
28461 0 127
28462 2 13
28463 2 7
28464 1 66
28465 2 36
28466 3 55
28467 1 34
28468 2 57
28469 0 30
28470 0 101
28471 0 95
28472 0 48
28473 1 25
28474 0 58
28475 0 104
28476 1 81
28477 0 43
28478 0 38
28479 1 69
28480 0 11
28481 0 69
28482 0 99
28483 0 35
28484 1 39
28485 0 56
28486 0 36
28487 0 42
28488 2 55
28489 1 67
28490 2 24
28491 1 14
28492 1 47
28493 2 46
28494 0 70
28495 2 64
28496 1 90
28497 1 17
28498 2 100
28499 2 74
28500 1 29
28501 3 33
28502 5 0
28503 0 29
28504 5 5
28505 1 87
28506 1 11
28507 0 102
28508 1 96
28509 1 86
28510 0 93
28511 2 66
28512 1 108
28513 0 98
28514 0 23
28515 0 15
28516 3 24
28517 0 61
28518 0 94
28519 2 24
28520 4 12
28521 0 37
28522 1 18
28523 0 90
28524 0 25
28525 2 37
28526 0 12
28527 127 0
28528 0 97
28529 0 83
28530 0 91
28531 5 4
28532 4 0
28533 0 72
28534 0 90
28535 1 35
28536 3 22
28537 1 5
28538 0 96
28539 1 12
28540 3 36
28541 0 97
28542 1 69
28543 0 27
28544 0 44
28545 126 127
28546 2 25
28547 0 24
28548 1 38
28549 0 96
28550 2 62
28551 1 100
28552 1 52
28553 0 92
28554 0 53
28555 0 55
28556 1 94
28557 1 101
28558 2 33
28559 1 39
28560 1 24
28561 2 31
28562 0 21
28563 0 12
28564 2 69
28565 0 60
28566 5 0
28567 1 57
28568 0 84
28569 0 61
28570 1 68
28571 0 95
28572 4 9
28573 0 79
28574 4 3
28575 0 60
28576 0 89
28577 0 24
28578 2 18
28579 1 28
28580 0 82
28581 1 25
28582 0 73
28583 0 90
28584 2 30
28585 2 54
28586 1 62
28587 0 41
28588 1 26
28589 4 13
28590 1 89
28591 0 80
28592 0 54
28593 3 9
28594 1 22
28595 1 36
28596 0 56
28597 1 53
28598 1 6
28599 3 35
28600 3 6
28601 0 36
28602 1 93
28603 4 17
28604 1 48
28605 0 16
28606 0 81
28607 2 45
28608 0 18
28609 0 94
28610 1 29
28611 0 69
28612 1 46
28613 2 83
28614 0 19
28615 3 17
28616 0 72
28617 1 38
28618 3 3
28619 0 15
28620 2 24
28621 0 66
28622 2 12
28623 0 71
28624 0 86
28625 1 79
28626 0 53
28627 4 17
28628 1 104
28629 0 91
28630 0 18
28631 2 5
28632 2 44
28633 0 67
28634 2 59
28635 3 0
28636 0 17
28637 0 59
28638 2 58
28639 1 16
28640 0 19
28641 3 4
28642 2 59
28643 0 72
28644 0 50
28645 1 42
28646 2 79
28647 1 20
28648 2 70
28649 1 65
28650 3 8
28651 0 33
28652 0 42
28653 0 104
28654 0 96
28655 0 82
28656 3 24
28657 0 77
28658 2 13
28659 2 68
28660 0 39
28661 0 65
28662 0 74
28663 2 20
28664 0 26
28665 2 43
28666 2 81
28667 1 65
28668 0 107
28669 5 7
28670 0 64
28671 1 20
28672 0 63
28673 0 64
28674 1 12
28675 1 34
28676 2 31
28677 0 87
28678 126 0
28679 127 0
28680 0 22
28681 0 106
28682 1 41
28683 1 58
28684 0 98
28685 0 65
28686 1 67
28687 1 100
28688 0 88
28689 1 4
28690 0 100
28691 0 32
28692 0 93
28693 2 9
28694 0 55
28695 2 73
28696 0 67
28697 0 70
28698 1 73
28699 0 38
28700 0 41
28701 1 21
28702 0 43
28703 2 19
28704 1 32
28705 1 91
28706 1 40
28707 1 84
28708 2 42
28709 2 48
28710 1 81
28711 0 56
28712 2 21
28713 2 60
28714 0 44
28715 4 7
28716 1 79
28717 1 18
28718 0 61
28719 0 42
28720 3 9
28721 0 52
28722 0 35
28723 0 76
28724 1 11
28725 0 58
28726 0 107
28727 2 10
28728 1 49
28729 0 53
28730 1 100
28731 2 25
28732 0 51
28733 1 65
28734 0 36
28735 3 33
28736 3 8
28737 0 99
28738 1 12
28739 0 65
28740 2 63
28741 2 14
28742 0 50
28743 2 71
28744 2 32
28745 1 32
28746 0 28
28747 1 78
28748 1 41
28749 4 22
28750 2 89
28751 2 64
28752 0 101
28753 0 75
28754 2 36
28755 2 63
28756 0 34
28757 2 64
28758 0 16
28759 0 102
28760 3 9
28761 0 109
28762 3 16
28763 1 54
28764 1 101
28765 0 106
28766 0 54
28767 1 14
28768 0 45
28769 0 51
28770 0 25
28771 0 95
28772 0 37
28773 3 22
28774 2 12
28775 0 85
28776 3 3
28777 0 27
28778 0 74
28779 2 56
28780 0 98
28781 1 60
28782 0 71
28783 0 107
28784 1 66
28785 0 97
28786 4 24
28787 2 28
28788 0 69
28789 2 24
28790 4 5
28791 0 72
28792 0 63
28793 0 11
28794 2 26
28795 2 55
28796 4 18
28797 4 23
28798 127 127
28799 0 33
28800 0 59
28801 2 108
28802 0 68
28803 6 1
28804 1 17
28805 2 91
28806 0 91
28807 3 1
28808 0 86
28809 2 16
28810 1 92
28811 1 40
28812 1 35
28813 0 71
28814 2 62
28815 0 94
28816 1 37
28817 0 57
28818 1 72
28819 1 73
28820 1 26
28821 0 67
28822 0 6
28823 0 73
28824 1 62
28825 0 56
28826 0 85
28827 2 37
28828 0 126
28829 1 68
28830 4 24
28831 1 27
28832 0 37
28833 0 20
28834 0 98
28835 1 53
28836 1 72
28837 0 34
28838 1 21
28839 1 57
28840 2 81
28841 1 36
28842 1 108
28843 2 66
28844 1 47
28845 0 17
28846 2 15
28847 0 58
28848 3 8
28849 1 33
28850 3 91
28851 3 18
28852 0 79
28853 1 11
28854 1 73
28855 0 105
28856 1 72
28857 0 96
28858 2 26
28859 3 9
28860 3 28
28861 1 77
28862 0 74
28863 1 55
28864 1 24
28865 2 25
28866 0 64
28867 0 12
28868 0 63
28869 2 26
28870 1 59
28871 0 36
28872 1 96
28873 0 106
28874 5 3
28875 0 44
28876 0 45
28877 4 11
28878 0 104
28879 0 11
28880 1 41
28881 2 30
28882 0 4
28883 0 59
28884 1 78
28885 4 4
28886 2 4
28887 4 5
28888 1 40
28889 1 89
28890 0 53
28891 0 60
28892 2 59
28893 1 52
28894 0 50
28895 126 0
28896 2 55
28897 2 58
28898 1 65
28899 1 55
28900 127 0
28901 0 110
28902 0 33
28903 1 100
28904 0 54
28905 0 16
28906 2 25
28907 0 96
28908 0 81
28909 1 41
28910 0 15
28911 0 58
28912 6 2
28913 1 40
28914 0 64
28915 0 108
28916 6 1
28917 0 12
28918 0 90
28919 1 77
28920 2 53
28921 2 26
28922 0 55
28923 0 26
28924 1 46
28925 0 82
28926 0 75
28927 1 108
28928 3 4
28929 2 91
28930 0 38
28931 0 63
28932 2 67
28933 0 53
28934 1 81
28935 2 5
28936 126 0
28937 0 127
28938 0 34
28939 1 6
28940 2 35
28941 2 34
28942 5 4
28943 0 70
28944 2 41
28945 0 25
28946 1 61
28947 3 24
28948 0 84
28949 3 36
28950 0 99
28951 1 62
28952 2 20
28953 0 24
28954 0 11
28955 2 25
28956 0 33
28957 0 27
28958 0 107
28959 2 28
28960 2 54
28961 3 17
28962 0 72
28963 0 66
28964 1 32
28965 0 65
28966 2 19
28967 1 101
28968 0 16
28969 3 28
28970 0 35
28971 3 7
28972 2 53
28973 0 41
28974 6 2
28975 0 29
28976 0 44
28977 0 67
28978 2 42
28979 1 72
28980 3 6
28981 127 0
28982 0 98
28983 1 109
28984 0 52
28985 1 12
28986 3 13
28987 2 66
28988 0 92
28989 126 0
28990 0 77
28991 1 83
28992 0 126
28993 0 87
28994 0 53
28995 1 88
28996 2 68
28997 0 89
28998 1 51
28999 3 8
29000 0 42
29001 0 36
29002 0 40
29003 2 26
29004 0 62
29005 1 24
29006 0 26
29007 0 56
29008 0 127
29009 0 73
29010 1 28
29011 0 59
29012 8 0
29013 0 27
29014 1 4
29015 0 105
29016 126 127
29017 0 63
29018 1 91
29019 1 94
29020 1 54
29021 0 52
29022 3 3
29023 0 37
29024 0 54
29025 0 23
29026 0 103
29027 0 55
29028 3 5
29029 0 108
29030 1 53
29031 1 61
29032 2 70
29033 1 11
29034 5 7
29035 0 41
29036 0 30
29037 0 81
29038 1 79
29039 0 43
29040 3 7
29041 2 81
29042 3 11
29043 5 6
29044 0 126
29045 2 80
29046 1 26
29047 0 83
29048 0 24
29049 5 3
29050 0 11
29051 4 11
29052 0 21
29053 2 32
29054 0 14
29055 3 16
29056 2 71
29057 0 102
29058 0 103
29059 3 4
29060 1 85
29061 0 47
29062 1 35
29063 2 36
29064 2 11
29065 1 13
29066 0 12
29067 127 127
29068 2 17
29069 1 42
29070 2 51
29071 2 109
29072 0 61
29073 1 64
29074 2 20
29075 0 15
29076 0 49
29077 1 60
29078 2 18
29079 1 39
29080 1 68
29081 0 95
29082 1 51
29083 3 20
29084 1 66
29085 0 72
29086 0 29
29087 0 50
29088 0 85
29089 1 54
29090 2 53
29091 2 52
29092 4 12
29093 0 57
29094 2 20
29095 3 6
29096 2 26
29097 0 54
29098 0 39
29099 0 56
29100 1 27
29101 0 14
29102 3 14
29103 1 17
29104 2 60
29105 0 11
29106 0 17
29107 2 66
29108 0 35
29109 0 12
29110 4 33
29111 3 35
29112 0 40
29113 0 20
29114 2 22
29115 0 11
29116 0 66
29117 1 60
29118 1 75
29119 0 62
29120 4 6
29121 0 111
29122 0 90
29123 2 12
29124 1 34
29125 1 29
29126 1 69
29127 2 81
29128 0 110
29129 1 36
29130 4 4
29131 1 37
29132 3 34
29133 2 69
29134 3 23
29135 1 25
29136 1 89
29137 2 39
29138 2 80
29139 1 65
29140 3 13
29141 0 38
29142 0 69
29143 1 12
29144 0 70
29145 0 39
29146 4 32
29147 1 53
29148 3 22
29149 0 127
29150 1 14
29151 0 93
29152 0 76
29153 4 0
29154 3 0
29155 1 17
29156 0 3
29157 3 1
29158 0 97
29159 3 14
29160 0 14
29161 0 82
29162 2 13
29163 0 61
29164 0 126
29165 2 35
29166 2 67
29167 3 8
29168 0 25
29169 0 88
29170 1 11
29171 1 24
29172 0 87
29173 4 14
29174 0 2
29175 0 36
29176 0 4
29177 2 24
29178 3 17
29179 0 57
29180 2 81
29181 1 12
29182 127 0
29183 5 0
29184 1 11
29185 0 29
29186 3 3
29187 0 51
29188 0 89
29189 0 21
29190 2 66
29191 5 4
29192 0 106
29193 0 38
29194 0 68
29195 2 60
29196 3 26
29197 5 3
29198 1 26
29199 0 53
29200 0 34
29201 1 33
29202 1 74
29203 1 21
29204 1 69
29205 2 80
29206 1 61
29207 2 19
29208 0 111
29209 5 4
29210 5 3
29211 1 41
29212 126 127
29213 0 18
29214 3 4
29215 3 25
29216 0 49
29217 0 39
29218 0 11
29219 3 16
29220 3 14
29221 0 80
29222 2 18
29223 0 75
29224 2 94
29225 0 76
29226 2 69
29227 2 53
29228 7 0
29229 4 31
29230 0 15
29231 0 61
29232 1 69
29233 0 22
29234 1 52
29235 4 23
29236 0 23
29237 0 35
29238 3 32
29239 3 17
29240 1 32
29241 3 6
29242 5 5
29243 3 0
29244 0 17
29245 1 72
29246 0 5
29247 2 36
29248 3 3
29249 0 4
29250 1 45
29251 1 59
29252 2 16
29253 1 31
29254 0 127
29255 3 20
29256 0 91
29257 1 87
29258 1 94
29259 4 30
29260 0 126
29261 2 20
29262 1 29
29263 0 52
29264 2 22
29265 2 15
29266 0 101
29267 0 45
29268 3 4
29269 2 38
29270 0 36
29271 1 64
29272 0 22
29273 0 41
29274 2 94
29275 0 37
29276 1 51
29277 4 29
29278 2 16
29279 0 21
29280 2 35
29281 1 39
29282 1 37
29283 0 53
29284 1 35
29285 2 12
29286 1 65
29287 1 93
29288 2 52
29289 0 72
29290 1 53
29291 2 57
29292 0 79
29293 0 73
29294 0 59
29295 4 4
29296 1 90
29297 0 88
29298 1 75
29299 0 100
29300 1 67
29301 3 20
29302 3 1
29303 1 109
29304 4 0
29305 1 60
29306 0 99
29307 2 32
29308 1 32
29309 2 13
29310 4 17
29311 2 33
29312 1 16
29313 1 40
29314 1 50
29315 0 107
29316 0 64
29317 2 32
29318 2 67
29319 2 51
29320 0 77
29321 0 58
29322 2 95
29323 0 71
29324 0 18
29325 0 67
29326 0 81
29327 0 83
29328 0 56
29329 3 15
29330 0 76
29331 0 63
29332 2 19
29333 1 97
29334 3 21
29335 1 39
29336 1 59
29337 0 110
29338 0 65
29339 0 78
29340 1 70
29341 1 47
29342 0 57
29343 0 75
29344 0 86
29345 1 40
29346 0 93
29347 0 102
29348 1 63
29349 1 108
29350 0 48
29351 1 89
29352 1 109
29353 0 96
29354 3 71
29355 0 60
29356 0 90
29357 0 17
29358 1 15
29359 2 89
29360 2 28
29361 2 17
29362 2 27
29363 3 26
29364 3 48
29365 127 127
29366 1 11
29367 6 3
29368 5 3
29369 2 33
29370 3 9
29371 6 0
29372 0 40
29373 3 23
29374 3 29
29375 1 98
29376 6 3
29377 1 58
29378 0 64
29379 2 12
29380 2 52
29381 0 12
29382 4 16
29383 1 39
29384 1 46
29385 1 74
29386 1 34
29387 1 62
29388 0 95
29389 1 47
29390 0 72
29391 0 41
29392 7 2
29393 0 39
29394 2 49
29395 1 43
29396 1 13
29397 0 58
29398 0 20
29399 2 21
29400 0 35
29401 3 38
29402 5 3
29403 0 62
29404 2 87
29405 0 16
29406 1 40
29407 1 20
29408 0 20
29409 1 46
29410 0 111
29411 0 110
29412 0 53
29413 0 34
29414 1 31
29415 0 54
29416 0 85
29417 0 127
29418 0 87
29419 2 72
29420 1 73
29421 3 4
29422 3 35
29423 3 28
29424 0 108
29425 3 20
29426 2 40
29427 1 25
29428 0 74
29429 1 85
29430 126 0
29431 1 40
29432 0 89
29433 2 25
29434 0 32
29435 2 51
29436 126 127
29437 2 81
29438 2 52
29439 2 109
29440 2 13
29441 7 0
29442 1 109
29443 2 51
29444 0 38
29445 1 66
29446 2 86
29447 2 4
29448 0 52
29449 4 4
29450 0 69
29451 1 20
29452 1 60
29453 2 87
29454 3 70
29455 0 24
29456 0 105
29457 4 17
29458 1 9
29459 127 127
29460 1 65
29461 3 47
29462 0 42
29463 2 53
29464 1 16
29465 0 44
29466 1 57
29467 0 80
29468 3 22
29469 2 56
29470 0 21
29471 2 90
29472 1 33
29473 126 127
29474 2 66
29475 3 5
29476 1 81
29477 0 23
29478 0 25
29479 0 66
29480 3 29
29481 0 55
29482 0 104
29483 0 11
29484 1 71
29485 0 40
29486 0 20
29487 0 22
29488 0 50
29489 6 3
29490 1 50
29491 2 12
29492 0 76
29493 0 51
29494 0 61
29495 0 45
29496 0 126
29497 1 19
29498 0 105
29499 2 55
29500 1 40
29501 1 59
29502 0 96
29503 2 48
29504 1 5
29505 5 3
29506 2 109
29507 3 23
29508 2 56
29509 0 24
29510 3 6
29511 0 44
29512 3 46
29513 6 0
29514 2 31
29515 4 5
29516 3 0
29517 1 25
29518 2 55
29519 4 11
29520 0 23
29521 0 30
29522 0 85
29523 5 0
29524 3 4
29525 3 45
29526 0 127
29527 3 12
29528 2 67
29529 6 3
29530 3 51
29531 7 0
29532 0 18
29533 1 26
29534 1 53
29535 2 65
29536 0 68
29537 5 3
29538 0 22
29539 4 16
29540 2 22
29541 0 71
29542 1 65
29543 1 69
29544 0 33
29545 0 17
29546 0 56
29547 2 51
29548 2 52
29549 2 21
29550 0 111
29551 2 51
29552 0 52
29553 3 19
29554 3 18
29555 2 33
29556 1 28
29557 3 19
29558 1 12
29559 2 28
29560 3 25
29561 1 90
29562 2 25
29563 127 0
29564 5 11
29565 2 6
29566 0 45
29567 1 20
29568 1 109
29569 2 22
29570 0 100
29571 3 24
29572 2 21
29573 0 18
29574 0 23
29575 0 98
29576 0 44
29577 0 60
29578 0 77
29579 2 45
29580 0 13
29581 0 110
29582 2 59
29583 1 11
29584 1 85
29585 2 37
29586 1 15
29587 0 92
29588 3 14
29589 0 17
29590 5 1
29591 1 98
29592 0 98
29593 2 57
29594 2 15
29595 6 3
29596 1 55
29597 0 29
29598 2 34
29599 126 0
29600 0 31
29601 2 44
29602 3 22
29603 127 127
29604 2 33
29605 0 79
29606 4 24
29607 1 22
29608 0 18
29609 1 18
29610 1 42
29611 3 6
29612 0 50
29613 1 14
29614 0 12
29615 1 51
29616 0 26
29617 1 76
29618 2 55
29619 8 2
29620 2 109
29621 0 76
29622 1 24
29623 2 70
29624 4 11
29625 126 127
29626 0 47
29627 0 91
29628 0 49
29629 0 15
29630 3 23
29631 0 63
29632 2 86
29633 6 0
29634 2 12
29635 3 3
29636 0 86
29637 0 11
29638 1 56
29639 1 64
29640 2 16
29641 0 70
29642 2 43
29643 3 13
29644 1 109
29645 2 87
29646 1 68
29647 0 107
29648 0 36
29649 0 88
29650 0 104
29651 5 0
29652 1 98
29653 0 34
29654 1 45
29655 0 99
29656 3 11
29657 1 17
29658 1 37
29659 5 3
29660 1 108
29661 1 13
29662 0 61
29663 1 84
29664 3 4
29665 2 19
29666 0 16
29667 127 0
29668 2 53
29669 3 34
29670 4 25
29671 1 87
29672 0 71
29673 4 24
29674 2 35
29675 0 73
29676 0 101
29677 3 17
29678 1 69
29679 1 65
29680 1 74
29681 2 15
29682 6 3
29683 0 95
29684 0 46
29685 0 51
29686 3 57
29687 2 44
29688 0 106
29689 0 60
29690 3 8
29691 0 92
29692 1 43
29693 0 62
29694 0 63
29695 2 37
29696 5 1
29697 0 32
29698 0 69
29699 0 78
29700 0 56
29701 1 35
29702 2 79
29703 0 15
29704 1 68
29705 4 3
29706 1 12
29707 0 85
29708 0 86
29709 1 56
29710 0 40
29711 0 31
29712 0 33
29713 3 31
29714 3 39
29715 6 2
29716 0 90
29717 0 108
29718 2 57
29719 3 25
29720 2 66
29721 0 111
29722 1 90
29723 126 0
29724 0 90
29725 0 94
29726 0 57
29727 4 29
29728 0 48
29729 2 32
29730 127 0
29731 8 1
29732 1 71
29733 1 77
29734 0 35
29735 2 87
29736 2 8
29737 0 13
29738 0 59
29739 1 97
29740 0 25
29741 4 2
29742 0 56
29743 0 109
29744 1 32
29745 0 70
29746 0 71
29747 2 12
29748 0 81
29749 0 112
29750 0 80
29751 7 0
29752 1 55
29753 1 7
29754 0 20
29755 5 4
29756 0 107
29757 0 49
29758 0 17
29759 3 8
29760 0 48
29761 0 50
29762 4 3
29763 0 16
29764 1 75
29765 3 32
29766 1 20
29767 0 67
29768 2 27
29769 3 3
29770 0 34
29771 0 18
29772 1 42
29773 2 16
29774 6 3
29775 0 37
29776 0 58
29777 1 59
29778 0 102
29779 0 111
29780 1 54
29781 1 88
29782 0 106
29783 1 74
29784 0 3
29785 4 2
29786 2 6
29787 2 23
29788 0 107
29789 0 26
29790 1 11
29791 1 60
29792 0 126
29793 0 69
29794 8 2
29795 2 77
29796 0 75
29797 1 33
29798 0 105
29799 0 33
29800 2 34
29801 2 8
29802 3 29
29803 0 19
29804 1 25
29805 3 23
29806 1 77
29807 0 59
29808 0 97
29809 0 25
29810 1 31
29811 0 32
29812 0 11
29813 1 4
29814 0 76
29815 0 12
29816 0 27
29817 0 18
29818 1 36
29819 6 0
29820 0 104
29821 0 39
29822 2 32
29823 0 89
29824 2 26
29825 3 5
29826 0 53
29827 1 18
29828 1 71
29829 0 38
29830 1 79
29831 0 22
29832 7 0
29833 0 31
29834 4 15
29835 3 9
29836 2 47
29837 0 47
29838 0 77
29839 1 64
29840 0 46
29841 0 72
29842 2 69
29843 0 81
29844 0 17
29845 1 26
29846 0 34
29847 1 95
29848 0 20
29849 1 20
29850 2 70
29851 0 106
29852 0 23
29853 2 86
29854 2 69
29855 0 6
29856 3 15
29857 6 2
29858 2 73
29859 1 67
29860 0 37
29861 3 32
29862 1 70
29863 0 112
29864 1 96
29865 1 57
29866 1 52
29867 1 46
29868 1 35
29869 0 100
29870 0 13
29871 0 108
29872 1 17
29873 6 3
29874 2 24
29875 1 95
29876 1 36
29877 0 33
29878 0 90
29879 0 68
29880 0 4
29881 1 32
29882 1 106
29883 3 18
29884 0 71
29885 0 45
29886 1 11
29887 4 0
29888 0 47
29889 2 56
29890 2 38
29891 0 20
29892 0 11
29893 0 62
29894 0 70
29895 0 24
29896 2 55
29897 1 33
29898 126 0
29899 2 77
29900 1 23
29901 3 0
29902 1 70
29903 0 25
29904 0 61
29905 1 58
29906 0 5
29907 5 0
29908 0 62
29909 0 23
29910 1 85
29911 0 111
29912 0 33
29913 0 105
29914 3 6
29915 1 33
29916 0 107
29917 3 17
29918 0 4
29919 1 84
29920 1 20
29921 0 75
29922 4 3
29923 2 56
29924 2 76
29925 0 80
29926 0 82
29927 1 13
29928 0 13
29929 0 110
29930 0 58
29931 4 9
29932 0 36
29933 0 20
29934 0 30
29935 0 64
29936 0 48
29937 5 1
29938 0 37
29939 6 2
29940 0 26
29941 3 26
29942 0 72
29943 0 51
29944 0 50
29945 2 106
29946 127 127
29947 2 55
29948 1 92
29949 3 21
29950 0 84
29951 3 3
29952 1 5
29953 3 18
29954 0 41
29955 1 12
29956 1 19
29957 1 16
29958 0 46
29959 0 78
29960 2 19
29961 6 0
29962 0 96
29963 0 108
29964 0 45
29965 1 39
29966 0 14
29967 0 16
29968 2 37
29969 127 0
29970 1 11
29971 1 19
29972 0 60
29973 0 54
29974 1 64
29975 0 47
29976 126 127
29977 1 60
29978 3 31
29979 4 5
29980 3 5
29981 1 45
29982 2 18
29983 1 24
29984 1 76
29985 0 92
29986 0 107
29987 0 52
29988 3 32
29989 0 97
29990 2 28
29991 0 99
29992 1 56
29993 1 12
29994 4 5
29995 0 104
29996 0 106
29997 2 21
29998 2 13
29999 2 43
30000 2 23
30001 0 70
30002 0 64
30003 1 96
30004 1 64
30005 2 72
30006 3 23
30007 2 65
30008 2 105
30009 0 77
30010 1 82
30011 0 64
30012 5 0
30013 1 69
30014 126 0
30015 0 78
30016 1 15
30017 2 24
30018 0 27
30019 2 71
30020 127 127
30021 2 69
30022 1 20
30023 0 107
30024 0 81
30025 3 53
30026 0 109
30027 0 46
30028 0 3
30029 1 28
30030 0 96
30031 7 0
30032 2 85
30033 0 98
30034 3 8
30035 1 69
30036 0 38
30037 2 54
30038 0 127
30039 0 71
30040 126 127
30041 0 106
30042 0 40
30043 0 49
30044 0 24
30045 3 28
30046 0 19
30047 2 12
30048 1 95
30049 3 52
30050 0 41
30051 0 50
30052 1 23
30053 3 21
30054 0 49
30055 4 25
30056 2 38
30057 0 23
30058 2 44
30059 0 55
30060 0 50
30061 4 1
30062 3 5
30063 1 70
30064 0 53
30065 1 73
30066 0 35
30067 3 51
30068 0 48
30069 2 56
30070 0 56
30071 2 43
30072 0 12
30073 1 80
30074 6 0
30075 0 101
30076 2 51
30077 0 5
30078 1 23
30079 0 37
30080 0 108
30081 0 88
30082 2 6
30083 0 25
30084 0 99
30085 0 73
30086 1 105
30087 0 54
30088 0 103
30089 1 90
30090 0 52
30091 2 26
30092 0 33
30093 0 104
30094 0 103
30095 4 0
30096 3 0
30097 0 55
30098 127 0
30099 1 31
30100 0 31
30101 0 1
30102 2 20
30103 0 89
30104 0 70
30105 0 65
30106 1 1
30107 0 91
30108 1 51
30109 3 18
30110 0 26
30111 1 64
30112 1 19
30113 0 40
30114 2 18
30115 2 27
30116 126 0
30117 0 97
30118 2 17
30119 0 126
30120 0 19
30121 4 21
30122 0 41
30123 0 109
30124 1 63
30125 0 4
30126 1 25
30127 1 17
30128 2 16
30129 4 3
30130 2 51
30131 0 57
30132 3 21
30133 0 108
30134 4 0
30135 0 92
30136 1 48
30137 0 59
30138 4 23
30139 3 1
30140 3 24
30141 0 3
30142 0 49
30143 1 77
30144 2 32
30145 0 24
30146 0 43
30147 0 87
30148 0 96
30149 1 51
30150 4 5
30151 8 1
30152 0 76
30153 0 4
30154 4 26
30155 0 69
30156 1 83
30157 0 40
30158 5 0
30159 3 40
30160 1 19
30161 1 44
30162 2 40
30163 0 88
30164 0 97
30165 0 104
30166 1 45
30167 3 12
30168 2 26
30169 0 96
30170 1 82
30171 0 107
30172 127 0
30173 1 44
30174 126 0
30175 3 5
30176 2 24
30177 3 14
30178 1 12
30179 4 10
30180 2 95
30181 5 2
30182 0 48
30183 0 106
30184 0 97
30185 0 103
30186 0 79
30187 0 66
30188 0 109
30189 0 23
30190 0 41
30191 1 56
30192 0 71
30193 127 127
30194 5 5
30195 2 64
30196 0 95
30197 0 78
30198 0 50
30199 1 104
30200 0 72
30201 0 64
30202 1 105
30203 0 65
30204 1 45
30205 0 19
30206 0 25
30207 0 13
30208 2 53
30209 0 111
30210 2 27
30211 1 55
30212 2 36
30213 0 108
30214 0 79
30215 2 72
30216 0 83
30217 1 25
30218 1 35
30219 0 91
30220 3 16
30221 0 49
30222 126 127
30223 3 34
30224 0 109
30225 0 27
30226 1 61
30227 0 89
30228 3 26
30229 2 94
30230 0 74
30231 4 0
30232 0 25
30233 1 78
30234 0 67
30235 1 47
30236 0 80
30237 2 47
30238 1 20
30239 0 45
30240 5 1
30241 8 2
30242 2 71
30243 6 1
30244 3 29
30245 1 77
30246 2 90
30247 3 4
30248 0 86
30249 1 11
30250 1 41
30251 1 99
30252 0 127
30253 0 108
30254 0 47
30255 2 16
30256 0 100
30257 0 60
30258 0 81
30259 2 21
30260 0 84
30261 127 0
30262 0 75
30263 1 59
30264 8 0
30265 0 24
30266 3 18
30267 2 46
30268 2 47
30269 0 6
30270 2 33
30271 0 101
30272 3 15
30273 4 12
30274 3 23
30275 0 71
30276 3 6
30277 4 2
30278 126 0
30279 1 53
30280 2 6
30281 0 55
30282 4 5
30283 3 40
30284 3 25
30285 0 63
30286 3 21
30287 2 53
30288 127 0
30289 0 53
30290 0 126
30291 1 44
30292 0 26
30293 2 12
30294 2 40
30295 2 42
30296 1 65
30297 3 38
30298 1 29
30299 1 26
30300 1 69
30301 1 42
30302 0 66
30303 3 26
30304 0 88
30305 1 62
30306 0 94
30307 1 78
30308 2 13
30309 0 65
30310 0 54
30311 0 18
30312 2 19
30313 1 28
30314 0 110
30315 0 111
30316 5 0
30317 0 52
30318 0 53
30319 4 3
30320 2 93
30321 1 64
30322 0 23
30323 2 56
30324 0 14
30325 0 26
30326 0 25
30327 1 86
30328 0 34
30329 1 77
30330 0 73
30331 4 9
30332 0 68
30333 0 105
30334 2 63
30335 7 0
30336 1 73
30337 4 1
30338 3 14
30339 0 39
30340 1 103
30341 1 106
30342 0 107
30343 0 55
30344 1 56
30345 2 8
30346 2 61
30347 0 103
30348 2 26
30349 0 90
30350 3 6
30351 1 93
30352 2 21
30353 1 83
30354 0 33
30355 0 87
30356 1 78
30357 0 110
30358 0 104
30359 3 15
30360 0 35
30361 0 92
30362 0 96
30363 1 35
30364 3 3
30365 0 24
30366 1 105
30367 1 65
30368 1 13
30369 0 73
30370 0 100
30371 1 75
30372 2 13
30373 2 52
30374 2 84
30375 0 36
30376 0 19
30377 1 74
30378 7 2
30379 2 64
30380 0 101
30381 0 66
30382 1 85
30383 2 28
30384 1 50
30385 3 84
30386 0 78
30387 0 109
30388 1 40
30389 0 48
30390 0 69
30391 0 46
30392 0 17
30393 7 3
30394 1 45
30395 1 75
30396 0 23
30397 0 105
30398 0 68
30399 1 104
30400 2 41
30401 1 86
30402 0 34
30403 1 77
30404 0 58
30405 0 97
30406 3 35
30407 0 70
30408 4 0
30409 0 72
30410 0 106
30411 0 18
30412 0 75
30413 0 44
30414 0 57
30415 0 67
30416 2 6
30417 1 32
30418 2 45
30419 0 62
30420 1 13
30421 1 105
30422 0 49
30423 1 28
30424 1 45
30425 0 24
30426 0 19
30427 0 18
30428 2 51
30429 4 2
30430 0 25
30431 2 84
30432 1 24
30433 0 95
30434 1 25
30435 2 56
30436 3 28
30437 2 52
30438 0 64
30439 0 94
30440 2 77
30441 5 2
30442 3 22
30443 1 24
30444 0 42
30445 8 0
30446 0 26
30447 2 37
30448 0 38
30449 0 48
30450 1 51
30451 6 0
30452 1 56
30453 1 25
30454 1 53
30455 1 48
30456 2 45
30457 0 24
30458 0 68
30459 0 91
30460 0 85
30461 0 89
30462 0 37
30463 0 30
30464 3 25
30465 0 40
30466 0 100
30467 2 67
30468 0 27
30469 1 38
30470 1 66
30471 3 23
30472 3 5
30473 0 96
30474 1 43
30475 126 0
30476 4 25
30477 0 54
30478 4 5
30479 2 23
30480 0 82
30481 0 15
30482 1 98
30483 127 0
30484 3 6
30485 2 24
30486 3 25
30487 0 26
30488 0 41
30489 2 86
30490 3 17
30491 0 73
30492 0 127
30493 1 92
30494 1 71
30495 1 87
30496 1 16
30497 127 127
30498 3 84
30499 126 0
30500 4 4
30501 3 9
30502 4 5
30503 0 50
30504 2 5
30505 3 39
30506 0 72
30507 0 1
30508 0 105
30509 1 93
30510 2 4
30511 0 25
30512 5 0
30513 0 36
30514 2 27
30515 2 18
30516 1 65
30517 6 3
30518 0 87
30519 0 67
30520 4 17
30521 0 59
30522 1 19
30523 0 37
30524 0 98
30525 0 104
30526 1 74
30527 0 33
30528 1 54
30529 1 39
30530 2 6
30531 2 66
30532 0 27
30533 0 73
30534 1 90
30535 3 8
30536 3 18
30537 0 34
30538 1 36
30539 126 127
30540 3 4
30541 2 8
30542 3 6
30543 0 105
30544 0 48
30545 2 13
30546 0 42
30547 127 0
30548 4 16
30549 0 31
30550 1 84
30551 3 38
30552 0 101
30553 3 26
30554 1 86
30555 0 49
30556 0 76
30557 2 5
30558 1 46
30559 6 0
30560 5 0
30561 0 14
30562 0 33
30563 0 34
30564 1 58
30565 0 99
30566 3 39
30567 6 4
30568 3 38
30569 126 0
30570 2 7
30571 0 33
30572 0 72
30573 0 92
30574 1 1
30575 2 8
30576 2 7
30577 2 36
30578 1 30
30579 0 41
30580 0 50
30581 1 50
30582 0 55
30583 1 20
30584 2 86
30585 3 21
30586 0 75
30587 3 7
30588 1 86
30589 1 19
30590 4 1
30591 1 35
30592 0 19
30593 3 83
30594 0 13
30595 2 26
30596 0 24
30597 7 0
30598 1 77
30599 0 56
30600 5 3
30601 3 2
30602 0 126
30603 0 53
30604 0 88
30605 2 37
30606 0 35
30607 2 54
30608 0 15
30609 0 25
30610 127 127
30611 0 98
30612 1 107
30613 1 38
30614 3 1
30615 0 69
30616 0 73
30617 2 63
30618 2 93
30619 1 94
30620 0 79
30621 0 14
30622 0 61
30623 0 87
30624 2 34
30625 0 70
30626 1 68
30627 0 26
30628 4 13
30629 1 91
30630 0 100
30631 0 34
30632 2 56
30633 0 81
30634 0 90
30635 0 32
30636 1 13
30637 2 60
30638 0 84
30639 6 5
30640 2 27
30641 1 55
30642 3 6
30643 1 49
30644 2 15
30645 0 89
30646 3 12
30647 2 8
30648 1 63
30649 4 2
30650 0 31
30651 0 127
30652 1 104
30653 0 82
30654 3 16
30655 0 107
30656 2 13
30657 3 3
30658 1 57
30659 127 0
30660 1 60
30661 0 90
30662 0 62
30663 5 4
30664 4 14
30665 2 33
30666 2 83
30667 1 27
30668 1 20
30669 1 61
30670 0 76
30671 0 106
30672 0 89
30673 3 4
30674 6 2
30675 0 47
30676 1 39
30677 3 29
30678 0 46
30679 0 85
30680 2 48
30681 2 92
30682 3 54
30683 3 0
30684 4 9
30685 0 88
30686 126 127
30687 0 39
30688 0 93
30689 1 60
30690 0 69
30691 0 81
30692 3 9
30693 0 51
30694 1 46
30695 2 27
30696 0 126
30697 1 27
30698 2 14
30699 2 29
30700 2 26
30701 2 22
30702 0 55
30703 0 58
30704 3 56
30705 2 57
30706 0 27
30707 127 127
30708 0 18
30709 0 90
30710 2 36
30711 0 87
30712 1 67
30713 0 13
30714 0 61
30715 1 107
30716 3 3
30717 2 34
30718 1 53
30719 2 65
30720 126 0
30721 126 127
30722 1 37
30723 0 42
30724 0 108
30725 2 44
30726 0 84
30727 4 35
30728 6 1
30729 127 0
30730 1 59
30731 0 26
30732 4 13
30733 2 80
30734 0 89
30735 3 15
30736 2 54
30737 1 98
30738 0 78
30739 0 5
30740 0 80
30741 0 17
30742 1 75
30743 0 32
30744 1 65
30745 1 6
30746 3 35
30747 1 22
30748 5 2
30749 0 49
30750 0 70
30751 1 105
30752 0 105
30753 0 54
30754 1 60
30755 0 24
30756 1 57
30757 0 6
30758 4 2
30759 1 13
30760 0 67
30761 1 40
30762 0 14
30763 0 98
30764 2 18
30765 2 20
30766 8 0
30767 0 91
30768 2 16
30769 1 49
30770 0 36
30771 0 27
30772 4 35
30773 0 86
30774 3 35
30775 127 127
30776 3 18
30777 0 35
30778 2 13
30779 7 0
30780 0 62
30781 1 19
30782 1 42
30783 2 56
30784 126 127
30785 0 26
30786 0 23
30787 3 4
30788 4 35
30789 1 91
30790 0 53
30791 2 7
30792 1 95
30793 0 109
30794 1 72
30795 0 36
30796 0 54
30797 1 15
30798 0 87
30799 4 15
30800 0 79
30801 1 33
30802 0 69
30803 0 41
30804 3 36
30805 1 104
30806 0 60
30807 0 57
30808 0 53
30809 0 81
30810 0 107
30811 0 35
30812 126 0
30813 1 45
30814 1 52
30815 2 82
30816 0 31
30817 4 23
30818 0 16
30819 1 83
30820 0 55
30821 2 43
30822 0 49
30823 0 82
30824 1 60
30825 1 51
30826 0 74
30827 0 90
30828 0 89
30829 0 5
30830 0 60
30831 1 38
30832 1 20
30833 0 92
30834 0 73
30835 0 46
30836 1 90
30837 0 34
30838 1 71
30839 1 74
30840 1 55
30841 1 85
30842 1 75
30843 1 107
30844 0 78
30845 2 77
30846 1 32
30847 0 70
30848 0 127
30849 1 58
30850 3 3
30851 2 65
30852 0 28
30853 5 13
30854 0 38
30855 2 18
30856 1 86
30857 0 50
30858 0 59
30859 1 74
30860 0 27
30861 0 24
30862 2 4
30863 0 108
30864 3 16
30865 3 54
30866 0 13
30867 4 13
30868 2 16
30869 1 98
30870 0 72
30871 5 3
30872 0 39
30873 2 54
30874 2 21
30875 0 26
30876 127 127
30877 0 47
30878 0 106
30879 3 54
30880 0 73
30881 0 68
30882 1 80
30883 0 42
30884 2 5
30885 0 19
30886 2 40
30887 3 7
30888 8 0
30889 0 55
30890 0 40
30891 0 14
30892 0 25
30893 5 13
30894 2 39
30895 4 13
30896 1 77
30897 3 14
30898 1 13
30899 0 88
30900 0 69
30901 2 81
30902 0 85
30903 0 98
30904 2 91
30905 3 6
30906 0 65
30907 126 127
30908 4 38
30909 6 4
30910 0 67
30911 3 8
30912 0 109
30913 0 6
30914 4 16
30915 1 108
30916 0 66
30917 7 0
30918 0 91
30919 1 105
30920 3 9
30921 2 28
30922 0 38
30923 0 72
30924 2 63
30925 1 37
30926 127 127
30927 0 33
30928 0 84
30929 0 95
30930 4 15
30931 6 2
30932 3 26
30933 0 110
30934 0 74
30935 1 43
30936 2 43
30937 0 108
30938 2 54
30939 1 40
30940 1 70
30941 1 64
30942 0 102
30943 0 85
30944 1 56
30945 1 84
30946 3 16
30947 0 52
30948 0 17
30949 5 13
30950 2 13
30951 0 70
30952 2 37
30953 2 77
30954 0 65
30955 0 29
30956 0 46
30957 6 5
30958 0 40
30959 1 71
30960 6 1
30961 1 41
30962 0 66
30963 1 83
30964 0 80
30965 2 19
30966 0 94
30967 0 93
30968 1 18
30969 2 36
30970 1 80
30971 1 39
30972 1 23
30973 6 4
30974 0 5
30975 1 48
30976 0 20
30977 3 4
30978 0 7
30979 4 13
30980 0 95
30981 8 0
30982 0 13
30983 3 29
30984 0 64
30985 4 0
30986 3 7
30987 0 16
30988 0 67
30989 2 41
30990 1 28
30991 2 26
30992 6 2
30993 6 0
30994 0 34
30995 4 9
30996 1 26
30997 0 96
30998 0 26
30999 0 23
31000 2 56
31001 1 66
31002 1 100
31003 2 39
31004 1 69
31005 0 33
31006 7 2
31007 0 27
31008 1 39
31009 2 23
31010 3 65
31011 3 38
31012 1 41
31013 0 81
31014 2 41
31015 3 35
31016 0 37
31017 1 20
31018 1 8
31019 1 42
31020 2 9
31021 2 66
31022 0 79
31023 1 37
31024 4 6
31025 0 25
31026 1 63
31027 5 0
31028 1 79
31029 2 45
31030 0 17
31031 2 25
31032 1 65
31033 2 29
31034 0 101
31035 126 127
31036 2 92
31037 1 87
31038 127 0
31039 1 104
31040 6 1
31041 1 47
31042 2 86
31043 0 89
31044 0 65
31045 1 56
31046 0 88
31047 4 35
31048 126 0
31049 1 64
31050 0 99
31051 2 63
31052 3 64
31053 0 82
31054 1 50
31055 5 13
31056 2 40
31057 0 15
31058 0 53
31059 4 3
31060 3 43
31061 2 10
31062 0 34
31063 1 77
31064 0 26
31065 0 45
31066 1 68
31067 0 102
31068 0 48
31069 2 8
31070 1 54
31071 0 81
31072 0 20
31073 1 49
31074 3 29
31075 1 101
31076 1 33
31077 2 62
31078 0 66
31079 0 75
31080 0 84
31081 0 82
31082 0 85
31083 2 7
31084 2 58
31085 6 0
31086 0 81
31087 5 15
31088 0 76
31089 2 41
31090 1 100
31091 1 52
31092 0 95
31093 0 16
31094 2 61
31095 3 19
31096 2 43
31097 2 24
31098 0 47
31099 1 89
31100 6 2
31101 0 87
31102 2 71
31103 1 80
31104 0 89
31105 0 25
31106 2 40
31107 2 28
31108 0 42
31109 1 43
31110 1 88
31111 1 12
31112 0 14
31113 0 68
31114 0 58
31115 2 88
31116 0 24
31117 1 68
31118 0 61
31119 4 15
31120 1 15
31121 1 57
31122 0 52
31123 3 11
31124 0 33
31125 2 8
31126 1 25
31127 1 28
31128 4 0
31129 5 3
31130 0 101
31131 1 59
31132 0 60
31133 0 13
31134 1 91
31135 0 78
31136 0 25
31137 1 23
31138 5 15
31139 1 86
31140 0 48
31141 1 63
31142 0 104
31143 0 32
31144 6 5
31145 0 28
31146 0 98
31147 0 51
31148 5 5
31149 2 52
31150 0 41
31151 0 34
31152 0 38
31153 0 31
31154 0 14
31155 4 15
31156 1 79
31157 0 64
31158 4 3
31159 5 15
31160 3 0
31161 0 22
31162 1 99
31163 2 28
31164 127 0
31165 0 84
31166 1 56
31167 2 51
31168 0 53
31169 2 44
31170 1 11
31171 0 68
31172 0 33
31173 6 3
31174 5 4
31175 1 17
31176 1 88
31177 0 39
31178 2 77
31179 0 90
31180 2 80
31181 4 13
31182 0 23
31183 0 80
31184 1 40
31185 1 72
31186 2 57
31187 1 76
31188 0 24
31189 0 103
31190 2 64
31191 3 25
31192 3 26
31193 3 25
31194 5 0
31195 1 38
31196 6 2
31197 0 96
31198 1 78
31199 2 45
31200 1 89
31201 3 23
31202 0 47
31203 0 37
31204 1 88
31205 1 20
31206 3 9
31207 6 3
31208 0 34
31209 1 25
31210 6 2
31211 1 12
31212 2 93
31213 2 7
31214 4 5
31215 3 3
31216 1 100
31217 0 18
31218 2 14
31219 2 27
31220 2 92
31221 0 56
31222 0 35
31223 1 37
31224 0 126
31225 1 82
31226 0 42
31227 0 27
31228 2 50
31229 0 25
31230 9 0
31231 2 67
31232 0 73
31233 3 6
31234 2 65
31235 2 8
31236 2 17
31237 0 36
31238 3 34
31239 0 72
31240 1 65
31241 0 24
31242 0 81
31243 2 35
31244 4 12
31245 2 23
31246 2 7
31247 0 86
31248 0 99
31249 0 37
31250 0 104
31251 0 36
31252 0 83
31253 2 82
31254 1 41
31255 3 33
31256 0 26
31257 4 13
31258 0 21
31259 1 108
31260 3 8
31261 2 38
31262 0 98
31263 0 32
31264 0 27
31265 0 26
31266 1 68
31267 0 38
31268 0 30
31269 0 102
31270 2 54
31271 3 9
31272 0 27
31273 4 3
31274 3 32
31275 0 26
31276 1 71
31277 0 50
31278 2 24
31279 3 22
31280 2 93
31281 2 19
31282 0 57
31283 3 26
31284 0 76
31285 3 7
31286 1 79
31287 2 65
31288 0 85
31289 3 1
31290 3 40
31291 1 54
31292 2 28
31293 1 40
31294 0 51
31295 0 67
31296 1 17
31297 4 12
31298 0 100
31299 0 80
31300 0 82
31301 0 92
31302 0 108
31303 4 6
31304 1 98
31305 2 16
31306 1 61
31307 0 55
31308 1 34
31309 4 9
31310 0 13
31311 2 44
31312 2 54
31313 0 98
31314 2 39
31315 1 55
31316 1 106
31317 0 34
31318 0 88
31319 0 95
31320 0 19
31321 0 39
31322 1 56
31323 1 27
31324 1 46
31325 3 13
31326 3 23
31327 0 65
31328 6 3
31329 2 45
31330 2 25
31331 2 34
31332 3 0
31333 3 30
31334 1 55
31335 1 69
31336 0 23
31337 3 8
31338 2 53
31339 2 43
31340 0 69
31341 0 25
31342 3 41
31343 3 3
31344 3 27
31345 2 41
31346 2 24
31347 0 94
31348 2 32
31349 2 61
31350 0 27
31351 0 15
31352 1 77
31353 0 127
31354 0 41
31355 2 64
31356 0 43
31357 1 38
31358 0 42
31359 5 1
31360 0 20
31361 2 22
31362 0 58
31363 4 10
31364 2 59
31365 0 81
31366 0 97
31367 2 52
31368 1 68
31369 2 25
31370 127 127
31371 126 127
31372 3 16
31373 0 24
31374 2 91
31375 3 35
31376 3 24
31377 0 48
31378 0 63
31379 4 3
31380 0 87
31381 7 0
31382 0 79
31383 1 35
31384 0 62
31385 3 6
31386 3 23
31387 1 60
31388 1 78
31389 2 66
31390 2 24
31391 0 17
31392 2 8
31393 2 12
31394 0 49
31395 4 15
31396 0 66
31397 3 26
31398 1 17
31399 2 7
31400 3 9
31401 2 86
31402 3 29
31403 2 78
31404 6 2
31405 1 81
31406 0 18
31407 3 45
31408 1 67
31409 1 26
31410 127 127
31411 0 44
31412 1 49
31413 0 40
31414 2 62
31415 0 99
31416 3 50
31417 0 38
31418 1 13
31419 0 50
31420 0 37
31421 2 27
31422 1 92
31423 5 12
31424 10 0
31425 126 0
31426 1 41
31427 1 21
31428 1 28
31429 1 86
31430 2 42
31431 3 80
31432 5 5
31433 127 0
31434 4 23
31435 2 4
31436 2 29
31437 126 127
31438 2 50
31439 2 90
31440 2 83
31441 2 80
31442 0 100
31443 3 23
31444 1 83
31445 0 41
31446 2 8
31447 0 52
31448 0 35
31449 0 19
31450 0 34
31451 0 111
31452 1 25
31453 1 48
31454 2 26
31455 0 22
31456 2 18
31457 3 8
31458 2 15
31459 0 99
31460 1 84
31461 6 3
31462 0 14
31463 0 67
31464 0 53
31465 1 83
31466 0 60
31467 0 13
31468 0 71
31469 1 20
31470 0 81
31471 0 63
31472 1 59
31473 2 45
31474 2 7
31475 2 44
31476 0 25
31477 1 36
31478 1 49
31479 4 12
31480 0 107
31481 0 105
31482 6 0
31483 4 23
31484 6 2
31485 0 104
31486 1 26
31487 3 14
31488 1 84
31489 1 25
31490 0 75
31491 0 56
31492 0 89
31493 0 39
31494 0 21
31495 0 35
31496 0 126
31497 0 46
31498 1 43
31499 0 90
31500 7 0
31501 0 17
31502 3 78
31503 2 38
31504 0 77
31505 0 38
31506 1 69
31507 6 3
31508 3 9
31509 3 13
31510 1 81
31511 0 23
31512 2 59
31513 1 77
31514 3 25
31515 2 17
31516 0 96
31517 6 2
31518 1 54
31519 2 14
31520 0 68
31521 1 11
31522 2 15
31523 1 64
31524 0 105
31525 0 28
31526 0 42
31527 0 67
31528 0 84
31529 2 94
31530 0 104
31531 4 0
31532 1 52
31533 0 25
31534 3 8
31535 0 70
31536 3 23
31537 1 62
31538 1 58
31539 2 56
31540 1 18
31541 3 0
31542 3 17
31543 2 89
31544 0 15
31545 2 9
31546 0 22
31547 1 66
31548 0 127
31549 5 12
31550 1 24
31551 1 21
31552 1 48
31553 2 26
31554 1 105
31555 0 77
31556 3 14
31557 0 16
31558 1 77
31559 2 14
31560 0 45
31561 0 18
31562 0 69
31563 0 34
31564 0 36
31565 3 42
31566 2 60
31567 0 88
31568 0 55
31569 1 67
31570 0 52
31571 127 127
31572 3 7
31573 0 62
31574 0 35
31575 3 13
31576 0 87
31577 0 49
31578 6 3
31579 2 28
31580 2 21
31581 0 58
31582 1 89
31583 0 50
31584 0 31
31585 0 72
31586 1 26
31587 0 14
31588 0 37
31589 0 38
31590 2 15
31591 1 14
31592 0 32
31593 0 106
31594 1 36
31595 1 51
31596 0 92
31597 2 22
31598 126 127
31599 4 23
31600 0 57
31601 0 21
31602 0 78
31603 3 4
31604 2 79
31605 0 54
31606 0 64
31607 0 73
31608 2 36
31609 2 14
31610 1 52
31611 0 76
31612 1 21
31613 0 20
31614 0 15
31615 0 79
31616 2 25
31617 1 55
31618 0 19
31619 3 22
31620 0 29
31621 0 70
31622 0 39
31623 2 31
31624 3 77
31625 1 66
31626 1 51
31627 1 37
31628 1 83
31629 0 53
31630 0 31
31631 0 89
31632 2 83
31633 2 49
31634 0 97
31635 0 61
31636 0 103
31637 4 13
31638 4 0
31639 2 57
31640 0 24
31641 1 80
31642 0 66
31643 1 83
31644 0 21
31645 6 2
31646 0 28
31647 1 85
31648 2 21
31649 2 32
31650 2 50
31651 0 54
31652 0 81
31653 2 31
31654 2 24
31655 1 52
31656 0 110
31657 2 40
31658 0 109
31659 3 38
31660 127 127
31661 2 32
31662 0 59
31663 0 104
31664 0 91
31665 0 16
31666 3 25
31667 2 38
31668 2 7
31669 6 0
31670 1 18
31671 0 17
31672 0 14
31673 2 20
31674 2 4
31675 2 49
31676 1 78
31677 3 38
31678 0 126
31679 3 15
31680 1 81
31681 4 35
31682 3 3
31683 2 18
31684 126 127
31685 0 18
31686 1 80
31687 0 78
31688 1 65
31689 2 50
31690 3 7
31691 1 13
31692 0 72
31693 1 18
31694 0 100
31695 3 26
31696 7 0
31697 0 80
31698 2 10
31699 0 77
31700 0 19
31701 0 26
31702 4 24
31703 0 53
31704 2 7
31705 3 14
31706 0 82
31707 0 73
31708 4 15
31709 1 22
31710 2 77
31711 2 76
31712 0 96
31713 0 97
31714 0 81
31715 4 23
31716 0 55
31717 2 27
31718 0 23
31719 0 34
31720 0 78
31721 0 40
31722 0 63
31723 0 20
31724 2 28
31725 1 82
31726 0 65
31727 0 88
31728 0 82
31729 1 47
31730 0 21
31731 4 24
31732 0 103
31733 0 24
31734 2 16
31735 0 60
31736 3 21
31737 5 11
31738 3 0
31739 0 35
31740 1 72
31741 0 37
31742 0 56
31743 6 0
31744 0 64
31745 0 49
31746 0 39
31747 2 14
31748 1 81
31749 0 86
31750 0 54
31751 7 0
31752 0 25
31753 9 0
31754 0 41
31755 6 0
31756 0 79
31757 0 43
31758 3 18
31759 8 0
31760 0 16
31761 0 127
31762 4 0
31763 3 22
31764 3 34
31765 0 61
31766 0 23
31767 1 104
31768 0 108
31769 2 34
31770 1 102
31771 1 90
31772 3 13
31773 1 57
31774 1 51
31775 3 21
31776 2 38
31777 3 15
31778 1 39
31779 1 105
31780 0 50
31781 1 77
31782 1 60
31783 3 9
31784 0 81
31785 2 45
31786 1 52
31787 3 25
31788 3 0
31789 5 12
31790 0 75
31791 0 82
31792 1 71
31793 1 17
31794 0 32
31795 0 49
31796 0 18
31797 2 41
31798 0 50
31799 5 0
31800 1 68
31801 0 69
31802 0 39
31803 2 39
31804 4 12
31805 1 41
31806 2 19
31807 0 70
31808 1 40
31809 0 92
31810 0 83
31811 0 27
31812 0 42
31813 1 54
31814 0 58
31815 0 99
31816 0 31
31817 0 65
31818 2 57
31819 7 0
31820 4 5
31821 1 19
31822 0 95
31823 0 126
31824 3 14
31825 2 14
31826 0 33
31827 1 56
31828 0 44
31829 2 49
31830 0 36
31831 0 41
31832 0 85
31833 3 26
31834 0 13
31835 2 47
31836 1 32
31837 3 4
31838 1 65
31839 0 42
31840 0 86
31841 1 46
31842 2 22
31843 0 45
31844 4 1
31845 4 2
31846 1 24
31847 5 1
31848 3 35
31849 1 50
31850 1 14
31851 2 20
31852 2 54
31853 0 80
31854 1 28
31855 0 94
31856 4 15
31857 1 35
31858 4 35
31859 0 15
31860 1 38
31861 0 50
31862 4 3
31863 2 8
31864 3 47
31865 0 77
31866 1 54
31867 3 16
31868 2 14
31869 1 50
31870 3 3
31871 0 79
31872 5 5
31873 0 28
31874 3 8
31875 0 72
31876 0 95
31877 4 14
31878 9 0
31879 2 28
31880 0 80
31881 3 4
31882 0 57
31883 1 78
31884 0 105
31885 2 17
31886 0 102
31887 0 69
31888 2 44
31889 1 9
31890 2 54
31891 1 37
31892 2 27
31893 0 26
31894 0 85
31895 0 54
31896 4 2
31897 3 24
31898 1 38
31899 0 101
31900 0 60
31901 2 81
31902 126 0
31903 0 70
31904 1 25
31905 1 55
31906 0 20
31907 1 37
31908 3 23
31909 5 12
31910 6 0
31911 2 7
31912 4 3
31913 5 0
31914 0 35
31915 1 28
31916 0 53
31917 1 34
31918 4 13
31919 0 65
31920 3 25
31921 0 50
31922 0 100
31923 0 87
31924 2 26
31925 1 104
31926 0 56
31927 1 47
31928 2 45
31929 2 71
31930 8 0
31931 1 59
31932 4 5
31933 0 107
31934 2 33
31935 0 21
31936 3 13
31937 127 0
31938 2 4
31939 0 17
31940 0 78
31941 3 4
31942 4 12
31943 1 57
31944 1 69
31945 0 14
31946 1 51
31947 2 32
31948 1 46
31949 2 24
31950 0 24
31951 0 101
31952 4 15
31953 3 9
31954 126 0
31955 3 35
31956 0 38
31957 1 32
31958 127 127
31959 0 23
31960 6 3
31961 3 3
31962 1 61
31963 0 100
31964 0 74
31965 0 101
31966 1 76
31967 3 19
31968 5 3
31969 1 84
31970 0 39
31971 4 25
31972 1 78
31973 1 82
31974 9 0
31975 1 41
31976 2 102
31977 3 33
31978 0 82
31979 0 28
31980 0 76
31981 0 47
31982 0 104
31983 5 12
31984 2 15
31985 0 69
31986 1 94
31987 1 74
31988 1 71
31989 3 79
31990 3 25
31991 0 78
31992 2 71
31993 0 91
31994 0 49
31995 0 64
31996 1 62
31997 2 44
31998 0 62
31999 2 57
32000 5 4
32001 2 84
32002 0 74
32003 127 0
32004 4 14
32005 0 102
32006 2 79
32007 2 34
32008 4 6
32009 0 57
32010 2 101
32011 2 47
32012 5 3
32013 0 25
32014 3 1
32015 1 93
32016 1 83
32017 0 100
32018 0 54
32019 4 23
32020 1 103
32021 0 89
32022 1 75
32023 5 10
32024 2 27
32025 0 1
32026 0 16
32027 1 101
32028 0 53
32029 1 50
32030 126 0
32031 4 12
32032 3 18
32033 8 0
32034 0 55
32035 0 26
32036 0 63
32037 0 36
32038 2 37
32039 0 64
32040 2 75
32041 0 88
32042 1 24
32043 1 80
32044 2 45
32045 0 44
32046 127 0
32047 2 78
32048 1 68
32049 2 103
32050 1 55
32051 126 0
32052 0 20
32053 1 89
32054 0 71
32055 3 49
32056 0 73
32057 0 40
32058 0 25
32059 2 36
32060 3 14
32061 3 0
32062 0 80
32063 0 106
32064 0 8
32065 0 93
32066 0 32
32067 0 29
32068 2 44
32069 2 24
32070 1 87
32071 3 8
32072 2 38
32073 3 36
32074 0 70
32075 4 16
32076 5 4
32077 0 55
32078 1 86
32079 1 93
32080 0 38
32081 1 104
32082 2 85
32083 2 102
32084 0 17
32085 2 68
32086 3 16
32087 3 32
32088 0 59
32089 1 71
32090 0 104
32091 3 1
32092 1 75
32093 4 0
32094 6 1
32095 1 53
32096 2 4
32097 0 72
32098 6 0
32099 1 34
32100 0 63
32101 0 27
32102 4 4
32103 1 36
32104 1 104
32105 0 93
32106 1 81
32107 0 61
32108 1 100
32109 0 51
32110 3 31
32111 1 24
32112 1 8
32113 1 18
32114 0 83
32115 0 52
32116 2 24
32117 2 81
32118 3 37
32119 0 31
32120 0 105
32121 0 58
32122 0 64
32123 0 19
32124 5 12
32125 2 48
32126 1 1
32127 1 51
32128 2 84
32129 5 4
32130 2 42
32131 0 46
32132 2 32
32133 0 35
32134 1 103
32135 1 87
32136 0 8
32137 1 40
32138 0 47
32139 2 56
32140 0 73
32141 2 8
32142 1 82
32143 4 5
32144 0 20
32145 2 34
32146 2 45
32147 0 37
32148 0 71
32149 9 0
32150 3 13
32151 1 39
32152 3 54
32153 3 19
32154 0 99
32155 2 101
32156 2 14
32157 0 19
32158 0 63
32159 1 74
32160 0 66
32161 0 64
32162 4 15
32163 2 77
32164 3 4
32165 0 75
32166 7 0
32167 0 41
32168 0 90
32169 4 11
32170 0 92
32171 0 67
32172 0 70
32173 2 15
32174 0 82
32175 1 22
32176 0 39
32177 2 7
32178 0 66
32179 0 68
32180 0 20
32181 0 94
32182 0 51
32183 3 14
32184 5 15
32185 1 38
32186 0 46
32187 0 47
32188 0 22
32189 1 80
32190 127 0
32191 0 104
32192 2 69
32193 1 48
32194 2 14
32195 6 0
32196 2 36
32197 0 105
32198 2 74
32199 1 33
32200 0 52
32201 1 68
32202 1 21
32203 2 23
32204 0 96
32205 1 84
32206 0 80
32207 8 0
32208 0 36
32209 0 68
32210 1 34
32211 0 16
32212 3 12
32213 1 94
32214 1 80
32215 2 102
32216 0 72
32217 1 50
32218 5 0
32219 9 0
32220 2 84
32221 3 9
32222 2 54
32223 0 51
32224 2 8
32225 1 83
32226 1 63
32227 0 52
32228 0 93
32229 0 74
32230 0 26
32231 2 82
32232 0 17
32233 0 53
32234 1 54
32235 0 33
32236 0 95
32237 2 7
32238 0 28
32239 0 96
32240 0 45
32241 1 104
32242 7 0
32243 0 84
32244 1 77
32245 0 73
32246 2 44
32247 1 103
32248 3 22
32249 1 68
32250 0 79
32251 1 101
32252 1 100
32253 0 78
32254 2 8
32255 0 19
32256 4 15
32257 0 15
32258 2 49
32259 0 14
32260 2 45
32261 2 85
32262 7 1
32263 0 60
32264 0 16
32265 0 29
32266 4 0
32267 0 67
32268 0 32
32269 2 67
32270 1 27
32271 1 101
32272 0 38
32273 0 37
32274 4 9
32275 0 127
32276 2 48
32277 0 31
32278 2 7
32279 0 85
32280 5 13
32281 0 72
32282 1 95
32283 0 56
32284 8 0
32285 3 13
32286 2 34
32287 3 49
32288 1 24
32289 3 38
32290 0 54
32291 1 66
32292 126 127
32293 0 48
32294 9 0
32295 5 3
32296 0 24
32297 0 28
32298 0 69
32299 0 55
32300 2 16
32301 1 58
32302 1 39
32303 3 15
32304 3 0
32305 0 70
32306 2 8
32307 1 86
32308 7 0
32309 3 17
32310 2 71
32311 4 19
32312 1 36
32313 0 43
32314 3 9
32315 0 80
32316 2 37
32317 1 33
32318 0 92
32319 0 87
32320 0 84
32321 0 23
32322 1 71
32323 0 56
32324 0 86
32325 0 47
32326 0 69
32327 2 27
32328 2 55
32329 2 18
32330 0 71
32331 2 25
32332 1 43
32333 4 13
32334 0 38
32335 2 13
32336 0 89
32337 3 1
32338 0 24
32339 4 14
32340 1 23
32341 3 21
32342 1 104
32343 0 77
32344 2 56
32345 2 55
32346 1 53
32347 2 4
32348 4 9
32349 1 48
32350 2 58
32351 0 1
32352 3 39
32353 0 79
32354 1 38
32355 1 76
32356 0 90
32357 3 14
32358 0 43
32359 0 25
32360 0 55
32361 1 42
32362 0 72
32363 2 48
32364 1 48
32365 5 0
32366 3 0
32367 1 85
32368 3 10
32369 3 19
32370 0 89
32371 0 34
32372 0 66
32373 4 15
32374 2 44
32375 0 103
32376 0 101
32377 2 83
32378 3 4
32379 2 46
32380 0 83
32381 2 48
32382 0 90
32383 0 32
32384 1 26
32385 2 28
32386 2 57
32387 0 30
32388 1 101
32389 1 62
32390 1 24
32391 2 39
32392 0 106
32393 1 27
32394 1 47
32395 4 13
32396 1 84
32397 2 70
32398 2 29
32399 2 12
32400 0 76
32401 0 37
32402 0 54
32403 1 18
32404 3 7
32405 3 36
32406 0 62
32407 1 88
32408 3 30
32409 3 3
32410 1 48
32411 6 10
32412 0 85
32413 0 70
32414 3 37
32415 0 86
32416 2 6
32417 5 10
32418 2 31
32419 2 40
32420 0 67
32421 4 17
32422 2 42
32423 2 37
32424 10 0
32425 0 98
32426 126 0
32427 1 29
32428 3 4
32429 2 9
32430 2 14
32431 0 47
32432 2 22
32433 2 5
32434 3 29
32435 0 26
32436 0 51
32437 1 55
32438 0 35
32439 1 58
32440 2 38
32441 8 0
32442 1 85
32443 2 55
32444 0 20
32445 1 1
32446 3 3
32447 1 41
32448 0 42
32449 3 18
32450 0 73
32451 7 0
32452 3 28
32453 0 34
32454 3 4
32455 3 14
32456 0 77
32457 0 105
32458 0 18
32459 2 23
32460 1 65
32461 1 52
32462 0 66
32463 0 43
32464 2 65
32465 2 14
32466 1 64
32467 3 1
32468 2 73
32469 0 72
32470 2 19
32471 2 13
32472 0 85
32473 0 1
32474 0 48
32475 8 0
32476 3 17
32477 0 50
32478 0 80
32479 0 39
32480 0 59
32481 2 49
32482 0 49
32483 3 65
32484 3 12
32485 1 17
32486 0 23
32487 0 41
32488 1 41
32489 1 47
32490 0 78
32491 0 46
32492 2 104
32493 0 36
32494 0 47
32495 0 46
32496 2 14
32497 1 1
32498 0 84
32499 1 94
32500 0 95
32501 0 58
32502 127 127
32503 2 6
32504 0 31
32505 0 22
32506 0 77
32507 5 13
32508 2 5
32509 0 65
32510 4 13
32511 3 3
32512 2 81
32513 2 65
32514 3 40
32515 0 52
32516 3 57
32517 7 0
32518 0 69
32519 0 37
32520 0 36
32521 0 78
32522 0 71
32523 2 29
32524 127 0
32525 0 41
32526 126 127
32527 1 55
32528 0 24
32529 1 63
32530 2 64
32531 1 83
32532 3 35
32533 9 0
32534 0 102
32535 2 57
32536 5 13
32537 1 18
32538 3 27
32539 0 97
32540 1 104
32541 2 56
32542 0 83
32543 2 40
32544 126 0
32545 0 63
32546 0 76
32547 0 94
32548 3 14
32549 0 19
32550 0 25
32551 0 26
32552 1 45
32553 1 70
32554 0 37
32555 3 4
32556 3 20
32557 2 4
32558 0 95
32559 0 32
32560 2 37
32561 1 100
32562 0 48
32563 1 71
32564 1 39
32565 4 13
32566 2 71
32567 0 57
32568 1 26
32569 1 89
32570 0 45
32571 1 35
32572 1 20
32573 0 35
32574 0 98
32575 3 71
32576 2 48
32577 0 34
32578 127 0
32579 3 18
32580 0 88
32581 3 3
32582 0 101
32583 4 22
32584 1 57
32585 0 57
32586 3 21
32587 2 89
32588 126 0
32589 0 49
32590 127 127
32591 2 17
32592 2 5
32593 3 36
32594 1 28
32595 2 83
32596 0 61
32597 10 0
32598 3 40
32599 0 68
32600 1 24
32601 1 73
32602 0 84
32603 2 58
32604 1 41
32605 2 49
32606 9 0
32607 1 63
32608 3 34
32609 3 25
32610 1 89
32611 0 17
32612 0 46
32613 0 42
32614 0 21
32615 2 4
32616 3 0
32617 3 5
32618 3 2
32619 127 0
32620 1 80
32621 0 40
32622 0 81
32623 1 102
32624 2 22
32625 0 75
32626 5 1
32627 3 19
32628 2 71
32629 0 83
32630 0 74
32631 2 27
32632 3 81
32633 2 40
32634 2 48
32635 2 25
32636 2 38
32637 0 96
32638 1 79
32639 1 17
32640 1 8
32641 2 81
32642 5 15
32643 1 59
32644 3 56
32645 0 86
32646 0 58
32647 1 60
32648 10 0
32649 0 67
32650 4 15
32651 1 99
32652 0 80
32653 0 93
32654 1 81
32655 1 22
32656 0 1
32657 2 82
32658 2 102
32659 0 28
32660 0 85
32661 0 77
32662 4 8
32663 0 9
32664 3 44
32665 2 89
32666 0 41
32667 126 0
32668 0 59
32669 0 100
32670 1 41
32671 2 37
32672 4 9
32673 0 82
32674 2 38
32675 0 47
32676 0 35
32677 0 53
32678 1 1
32679 1 51
32680 0 58
32681 2 37
32682 1 89
32683 3 40
32684 0 50
32685 0 48
32686 1 52
32687 1 31
32688 1 28
32689 4 0
32690 0 16
32691 0 28
32692 0 43
32693 2 43
32694 5 15
32695 2 83
32696 4 15
32697 0 42
32698 2 52
32699 0 84
32700 0 24
32701 4 5
32702 3 4
32703 1 29
32704 1 25
32705 127 0
32706 0 92
32707 5 13
32708 1 44
32709 0 66
32710 4 36
32711 2 89
32712 0 101
32713 0 126
32714 0 83
32715 0 49
32716 0 94
32717 0 50
32718 1 90
32719 2 16
32720 1 76
32721 0 78
32722 0 85
32723 0 1
32724 2 21
32725 2 82
32726 2 12
32727 2 41
32728 1 102
32729 3 1
32730 5 4
32731 5 0
32732 6 1
32733 5 3
32734 2 83
32735 6 2
32736 3 22
32737 2 82
32738 0 23
32739 0 76
32740 2 24
32741 3 39
32742 4 8
32743 1 100
32744 2 72
32745 0 20
32746 1 94
32747 1 76
32748 0 47
32749 0 43
32750 0 49
32751 4 9
32752 8 0
32753 0 77
32754 4 0
32755 5 15
32756 2 33
32757 2 31
32758 1 48
32759 2 8
32760 0 33
32761 3 21
32762 5 0
32763 0 52
32764 0 32
32765 2 29
32766 0 42
32767 0 95
32768 3 23
32769 3 35
32770 0 53
32771 1 47
32772 2 4
32773 0 48
32774 2 83
32775 1 82
32776 1 38
32777 1 81
32778 0 67
32779 0 52
32780 5 4
32781 0 44
32782 0 50
32783 1 29
32784 0 22
32785 3 0
32786 126 127
32787 5 3
32788 1 43
32789 4 1
32790 3 17
32791 2 65
32792 1 71
32793 4 19
32794 1 54
32795 4 23
32796 2 49
32797 2 14
32798 1 48
32799 2 50
32800 11 0
32801 126 0
32802 0 75
32803 6 0
32804 0 97
32805 2 49
32806 1 78
32807 0 87
32808 2 64
32809 0 45
32810 0 84
32811 4 3
32812 3 18
32813 0 24
32814 0 106
32815 0 59
32816 4 13
32817 4 8
32818 5 9
32819 2 88
32820 0 33
32821 0 54
32822 2 29
32823 0 94
32824 0 46
32825 4 15
32826 0 71
32827 1 29
32828 2 56
32829 1 23
32830 0 63
32831 3 16
32832 2 21
32833 1 86
32834 0 32
32835 2 11
32836 1 50
32837 0 19
32838 0 127
32839 1 27
32840 0 47
32841 0 82
32842 0 18
32843 0 79
32844 0 45
32845 1 93
32846 3 23
32847 0 95
32848 0 34
32849 1 41
32850 3 2
32851 0 51
32852 3 34
32853 4 20
32854 5 2
32855 1 32
32856 0 80
32857 0 88
32858 1 64
32859 0 66
32860 4 0
32861 0 68
32862 1 99
32863 4 1
32864 1 67
32865 0 91
32866 1 1
32867 1 39
32868 0 58
32869 2 64
32870 5 0
32871 2 44
32872 7 0
32873 2 25
32874 2 41
32875 10 0
32876 3 36
32877 3 5
32878 0 36
32879 0 43
32880 6 0
32881 0 83
32882 0 70
32883 127 0
32884 2 9
32885 0 126
32886 0 92
32887 0 73
32888 2 16
32889 2 24
32890 2 12
32891 0 72
32892 0 105
32893 2 27
32894 5 0
32895 1 18
32896 1 22
32897 0 27
32898 3 8
32899 0 69
32900 0 99
32901 0 87
32902 2 82
32903 2 1
32904 1 26
32905 2 67
32906 0 31
32907 4 0
32908 0 53
32909 0 74
32910 2 83
32911 1 79
32912 0 25
32913 1 45
32914 1 78
32915 2 104
32916 0 127
32917 1 38
32918 0 17
32919 4 8
32920 2 35
32921 0 94
32922 0 18
32923 2 8
32924 2 55
32925 3 0
32926 1 99
32927 0 19
32928 1 30
32929 1 64
32930 0 60
32931 3 22
32932 0 39
32933 1 79
32934 1 55
32935 3 14
32936 0 24
32937 1 59
32938 4 0
32939 1 17
32940 0 48
32941 0 25
32942 0 41
32943 2 82
32944 1 25
32945 1 66
32946 2 43
32947 0 75
32948 2 76
32949 3 31
32950 5 10
32951 0 78
32952 1 103
32953 3 23
32954 6 2
32955 1 26
32956 0 81
32957 2 83
32958 2 73
32959 0 21
32960 1 49
32961 1 44
32962 0 66
32963 127 127
32964 5 13
32965 2 48
32966 4 9
32967 0 32
32968 4 13
32969 3 0
32970 2 39
32971 2 31
32972 1 33
32973 4 8
32974 2 79
32975 0 22
32976 0 73
32977 1 24
32978 2 23
32979 1 29
32980 2 10
32981 1 45
32982 2 93
32983 0 44
32984 1 66
32985 1 80
32986 0 70
32987 0 69
32988 6 0
32989 4 36
32990 0 38
32991 0 61
32992 0 85
32993 5 13
32994 3 41
32995 0 99
32996 1 37
32997 0 42
32998 0 95
32999 4 9
33000 0 30
33001 1 35
33002 0 90
33003 3 23
33004 0 93
33005 4 13
33006 9 0
33007 2 29
33008 0 103
33009 2 57
33010 0 88
33011 1 103
33012 1 44
33013 1 57
33014 2 68
33015 0 62
33016 0 92
33017 0 59
33018 1 45
33019 3 10
33020 7 1
33021 2 87
33022 3 17
33023 0 45
33024 0 126
33025 2 35
33026 0 72
33027 126 127
33028 0 70
33029 4 16
33030 1 60
33031 2 11
33032 126 0
33033 1 30
33034 127 127
33035 0 63
33036 3 20
33037 2 88
33038 0 104
33039 2 67
33040 0 77
33041 0 105
33042 1 87
33043 1 44
33044 2 22
33045 0 73
33046 3 29
33047 1 18
33048 2 21
33049 2 32
33050 2 64
33051 2 14
33052 2 82
33053 0 35
33054 0 78
33055 0 17
33056 2 9
33057 0 24
33058 1 47
33059 4 14
33060 0 55
33061 2 31
33062 0 43
33063 2 8
33064 1 86
33065 3 13
33066 1 17
33067 2 38
33068 1 53
33069 3 48
33070 4 8
33071 2 42
33072 0 64
33073 0 72
33074 2 29
33075 0 47
33076 2 49
33077 2 23
33078 127 0
33079 2 43
33080 3 18
33081 0 65
33082 2 60
33083 1 21
33084 3 9
33085 2 39
33086 2 55
33087 0 94
33088 0 69
33089 1 60
33090 0 30
33091 0 48
33092 2 9
33093 4 0
33094 2 42
33095 0 54
33096 2 13
33097 1 43
33098 3 23
33099 2 68
33100 1 67
33101 5 8
33102 2 87
33103 1 23
33104 126 0
33105 1 76
33106 0 57
33107 2 88
33108 1 73
33109 1 70
33110 8 1
33111 7 1
33112 3 12
33113 2 87
33114 4 20
33115 2 36
33116 1 92
33117 1 5
33118 0 21
33119 1 83
33120 1 71
33121 0 96
33122 1 1
33123 0 93
33124 2 2
33125 127 0
33126 0 47
33127 0 86
33128 3 20
33129 0 94
33130 0 18
33131 0 97
33132 2 94
33133 0 84
33134 3 14
33135 3 40
33136 0 44
33137 126 127
33138 2 43
33139 1 6
33140 5 0
33141 0 37
33142 0 91
33143 4 8
33144 0 23
33145 1 70
33146 3 0
33147 0 102
33148 0 1
33149 1 22
33150 0 96
33151 0 70
33152 4 20
33153 0 83
33154 3 21
33155 2 38
33156 0 85
33157 1 84
33158 3 1
33159 7 0
33160 3 15
33161 3 27
33162 0 90
33163 0 104
33164 2 22
33165 0 69
33166 0 25
33167 0 98
33168 0 80
33169 2 17
33170 1 22
33171 0 53
33172 5 8
33173 1 71
33174 3 10
33175 1 1
33176 4 18
33177 1 70
33178 0 86
33179 4 35
33180 2 10
33181 2 12
33182 1 66
33183 0 105
33184 3 14
33185 0 1
33186 0 19
33187 0 82
33188 0 99
33189 3 18
33190 0 104
33191 0 85
33192 7 1
33193 0 18
33194 0 31
33195 1 102
33196 0 33
33197 1 67
33198 2 35
33199 2 69
33200 7 0
33201 1 10
33202 0 74
33203 0 70
33204 2 36
33205 0 24
33206 0 55
33207 1 49
33208 0 75
33209 0 91
33210 2 41
33211 0 32
33212 1 93
33213 1 34
33214 1 45
33215 3 3
33216 2 81
33217 0 67
33218 2 22
33219 0 101
33220 7 1
33221 0 87
33222 2 39
33223 0 36
33224 0 83
33225 1 57
33226 0 38
33227 1 29
33228 0 93
33229 3 16
33230 4 5
33231 3 24
33232 1 38
33233 1 33
33234 0 100
33235 0 94
33236 2 7
33237 126 0
33238 0 103
33239 2 82
33240 0 56
33241 0 104
33242 1 77
33243 0 97
33244 2 68
33245 2 24
33246 3 5
33247 0 33
33248 1 18
33249 1 76
33250 4 16
33251 0 49
33252 2 27
33253 1 22
33254 6 0
33255 0 90
33256 0 32
33257 0 68
33258 3 0
33259 1 31
33260 2 34
33261 2 86
33262 2 28
33263 1 1
33264 0 33
33265 4 2
33266 127 127
33267 0 37
33268 1 99
33269 0 74
33270 0 96
33271 126 127
33272 0 77
33273 0 66
33274 0 36
33275 1 25
33276 0 48
33277 0 32
33278 0 45
33279 0 62
33280 0 17
33281 1 37
33282 0 103
33283 2 27
33284 2 73
33285 0 65
33286 0 37
33287 0 61
33288 1 26
33289 1 46
33290 0 104
33291 2 69
33292 0 55
33293 2 54
33294 1 66
33295 5 0
33296 4 3
33297 0 69
33298 0 1
33299 1 47
33300 0 31
33301 1 71
33302 7 0
33303 1 64
33304 0 97
33305 0 66
33306 4 8
33307 0 25
33308 4 1
33309 2 30
33310 0 62
33311 4 40
33312 3 12
33313 127 127
33314 0 89
33315 2 22
33316 0 47
33317 1 86
33318 3 36
33319 0 95
33320 1 25
33321 2 10
33322 3 1
33323 0 24
33324 0 50
33325 0 101
33326 0 57
33327 0 65
33328 2 12
33329 1 73
33330 2 103
33331 0 90
33332 0 40
33333 1 40
33334 1 17
33335 1 61
33336 1 45
33337 1 28
33338 1 75
33339 0 67
33340 0 64
33341 2 14
33342 2 29
33343 3 0
33344 0 100
33345 1 70
33346 3 13
33347 2 36
33348 0 39
33349 1 10
33350 2 38
33351 3 35
33352 2 26
33353 1 23
33354 7 1
33355 1 43
33356 1 52
33357 1 76
33358 1 36
33359 8 0
33360 0 88
33361 4 35
33362 126 127
33363 127 127
33364 1 87
33365 0 16
33366 1 81
33367 1 51
33368 1 22
33369 1 55
33370 0 40
33371 0 93
33372 2 21
33373 0 86
33374 127 0
33375 3 20
33376 1 38
33377 1 48
33378 0 45
33379 1 98
33380 2 49
33381 126 127
33382 2 50
33383 1 49
33384 4 12
33385 1 40
33386 0 79
33387 0 36
33388 3 35
33389 2 15
33390 0 65
33391 2 16
33392 7 0
33393 1 18
33394 2 45
33395 0 22
33396 2 60
33397 0 25
33398 2 10
33399 0 60
33400 1 52
33401 3 40
33402 0 48
33403 3 8
33404 1 31
33405 9 0
33406 2 78
33407 0 26
33408 1 34
33409 0 56
33410 0 68
33411 2 68
33412 1 63
33413 0 29
33414 0 67
33415 0 68
33416 1 25
33417 2 22
33418 0 75
33419 0 92
33420 2 33
33421 0 33
33422 0 81
33423 0 59
33424 0 23
33425 0 47
33426 0 25
33427 2 104
33428 0 78
33429 2 34
33430 4 15
33431 1 82
33432 2 87
33433 2 37
33434 1 9
33435 0 58
33436 1 22
33437 1 90
33438 1 99
33439 0 34
33440 0 24
33441 3 6
33442 0 17
33443 1 94
33444 0 32
33445 0 38
33446 1 51
33447 2 9
33448 1 47
33449 4 14
33450 1 93
33451 1 27
33452 3 24
33453 2 24
33454 1 74
33455 0 74
33456 1 23
33457 7 1
33458 8 0
33459 2 17
33460 3 24
33461 0 85
33462 1 30
33463 7 0
33464 3 36
33465 0 48
33466 2 49
33467 2 11
33468 2 10
33469 0 77
33470 1 44
33471 2 38
33472 0 91
33473 0 80
33474 1 33
33475 1 16
33476 1 35
33477 1 81
33478 2 53
33479 6 0
33480 2 76
33481 2 67
33482 3 5
33483 0 75
33484 0 37
33485 3 34
33486 1 49
33487 1 79
33488 0 82
33489 0 46
33490 127 127
33491 2 9
33492 3 78
33493 1 98
33494 0 61
33495 2 103
33496 0 99
33497 2 52
33498 0 66
33499 0 39
33500 0 59
33501 0 30
33502 0 58
33503 1 76
33504 0 92
33505 1 78
33506 4 15
33507 0 103
33508 1 17
33509 0 94
33510 3 21
33511 0 55
33512 2 33
33513 2 59
33514 2 81
33515 5 2
33516 4 14
33517 4 11
33518 2 53
33519 7 1
33520 2 42
33521 0 96
33522 2 37
33523 4 34
33524 1 36
33525 1 33
33526 0 57
33527 1 18
33528 6 2
33529 3 20
33530 0 27
33531 2 24
33532 1 67
33533 1 79
33534 0 70
33535 1 81
33536 0 58
33537 3 17
33538 0 15
33539 1 97
33540 1 28
33541 0 98
33542 1 1
33543 3 21
33544 0 23
33545 1 14
33546 2 12
33547 2 33
33548 4 8
33549 1 54
33550 1 69
33551 1 73
33552 1 55
33553 3 15
33554 0 45
33555 0 71
33556 0 86
33557 3 35
33558 0 69
33559 2 104
33560 1 21
33561 0 36
33562 1 34
33563 3 39
33564 2 48
33565 2 13
33566 1 54
33567 0 91
33568 0 78
33569 0 83
33570 0 82
33571 3 29
33572 4 0
33573 2 39
33574 0 64
33575 0 84
33576 3 1
33577 3 7
33578 0 56
33579 0 52
33580 0 83
33581 2 79
33582 0 68
33583 0 60
33584 0 38
33585 3 20
33586 2 97
33587 3 3
33588 9 0
33589 2 35
33590 0 20
33591 3 35
33592 4 33
33593 2 35
33594 3 77
33595 0 82
33596 4 12
33597 1 87
33598 2 21
33599 0 19
33600 1 26
33601 1 37
33602 2 28
33603 0 63
33604 0 77
33605 4 32
33606 0 78
33607 126 0
33608 0 49
33609 3 24
33610 0 40
33611 2 77
33612 0 92
33613 2 52
33614 5 0
33615 0 53
33616 2 87
33617 1 64
33618 4 1
33619 3 35
33620 2 15
33621 0 91
33622 0 65
33623 2 35
33624 0 51
33625 1 104
33626 1 79
33627 1 21
33628 0 33
33629 1 87
33630 0 73
33631 8 0
33632 0 74
33633 0 72
33634 7 2
33635 0 44
33636 2 25
33637 1 24
33638 0 70
33639 0 85
33640 0 35
33641 0 67
33642 2 17
33643 9 0
33644 2 73
33645 3 37
33646 3 15
33647 0 68
33648 0 13
33649 1 28
33650 1 101
33651 2 12
33652 0 39
33653 1 59
33654 3 21
33655 0 37
33656 127 0
33657 3 50
33658 2 69
33659 2 50
33660 1 84
33661 0 89
33662 0 79
33663 3 1
33664 2 64
33665 0 61
33666 1 72
33667 7 1
33668 0 73
33669 2 26
33670 1 62
33671 1 36
33672 8 1
33673 1 10
33674 0 41
33675 3 50
33676 1 92
33677 0 87
33678 1 17
33679 2 79
33680 0 43
33681 1 42
33682 7 0
33683 0 64
33684 0 93
33685 1 23
33686 2 15
33687 0 71
33688 0 63
33689 1 105
33690 0 29
33691 2 28
33692 0 23
33693 1 83
33694 1 37
33695 0 81
33696 2 38
33697 0 74
33698 4 9
33699 1 51
33700 4 15
33701 1 13
33702 2 42
33703 0 127
33704 0 51
33705 3 17
33706 1 36
33707 2 23
33708 3 30
33709 0 38
33710 1 51
33711 1 55
33712 5 11
33713 1 66
33714 3 29
33715 0 82
33716 4 14
33717 1 14
33718 0 90
33719 0 64
33720 126 127
33721 4 3
33722 0 77
33723 2 39
33724 3 30
33725 3 32
33726 0 34
33727 1 69
33728 0 70
33729 0 12
33730 2 50
33731 1 87
33732 2 6
33733 1 63
33734 2 8
33735 0 87
33736 0 14
33737 3 50
33738 2 13
33739 0 67
33740 2 38
33741 0 105
33742 4 32
33743 3 32
33744 3 3
33745 1 43
33746 3 20
33747 1 13
33748 0 102
33749 8 2
33750 3 13
33751 0 24
33752 0 63
33753 0 60
33754 0 103
33755 3 35
33756 1 27
33757 0 84
33758 1 18
33759 3 21
33760 2 39
33761 0 101
33762 0 100
33763 126 0
33764 0 20
33765 1 46
33766 0 80
33767 4 8
33768 10 0
33769 2 14
33770 8 1
33771 2 53
33772 2 41
33773 2 11
33774 0 61
33775 1 68
33776 1 22
33777 0 47
33778 0 55
33779 0 91
33780 0 43
33781 0 62
33782 0 78
33783 0 1
33784 1 60
33785 0 101
33786 2 52
33787 0 19
33788 1 31
33789 8 2
33790 2 35
33791 2 17
33792 0 40
33793 2 37
33794 0 28
33795 1 9
33796 1 103
33797 2 50
33798 4 15
33799 0 51
33800 2 81
33801 1 51
33802 0 63
33803 0 94
33804 0 32
33805 1 62
33806 2 53
33807 0 104
33808 0 86
33809 0 76
33810 0 85
33811 1 49
33812 0 21
33813 1 97
33814 2 15
33815 0 72
33816 0 37
33817 1 78
33818 0 60
33819 0 92
33820 2 9
33821 2 12
33822 1 84
33823 2 11
33824 1 10
33825 2 62
33826 0 36
33827 1 25
33828 4 32
33829 2 12
33830 0 22
33831 0 64
33832 3 35
33833 0 39
33834 1 23
33835 2 35
33836 0 105
33837 1 22
33838 0 65
33839 0 44
33840 0 15
33841 0 57
33842 0 38
33843 1 59
33844 1 33
33845 0 22
33846 2 22
33847 4 14
33848 0 49
33849 0 68
33850 1 6
33851 3 39
33852 2 42
33853 9 0
33854 0 67
33855 1 62
33856 2 76
33857 7 1
33858 8 0
33859 127 127
33860 0 23
33861 1 30
33862 2 10
33863 2 33
33864 1 54
33865 1 39
33866 1 36
33867 3 17
33868 1 1
33869 0 100
33870 0 31
33871 2 40
33872 1 24
33873 0 101
33874 127 0
33875 2 11
33876 1 40
33877 1 21
33878 0 62
33879 5 2
33880 0 87
33881 0 103
33882 2 8
33883 0 100
33884 5 10
33885 1 42
33886 0 20
33887 0 21
33888 1 52
33889 0 59
33890 2 6
33891 1 87
33892 0 64
33893 0 52
33894 0 91
33895 1 73
33896 2 25
33897 4 11
33898 1 61
33899 4 0
33900 0 39
33901 1 65
33902 2 9
33903 1 51
33904 0 106
33905 2 23
33906 5 0
33907 126 0
33908 2 12
33909 0 69
33910 2 40
33911 3 29
33912 8 3
33913 2 68
33914 4 2
33915 1 40
33916 2 39
33917 0 19
33918 3 79
33919 4 15
33920 2 90
33921 1 43
33922 1 14
33923 4 14
33924 1 52
33925 3 30
33926 0 40
33927 0 70
33928 1 33
33929 0 36
33930 0 75
33931 2 63
33932 0 77
33933 0 99
33934 1 81
33935 0 46
33936 0 24
33937 0 79
33938 1 17
33939 1 57
33940 0 58
33941 0 26
33942 1 18
33943 4 24
33944 4 12
33945 1 90
33946 0 88
33947 0 53
33948 4 0
33949 2 17
33950 1 29
33951 0 56
33952 1 83
33953 3 24
33954 5 2
33955 3 15
33956 3 11
33957 5 14
33958 2 13
33959 6 1
33960 1 49
33961 1 68
33962 0 23
33963 1 74
33964 1 38
33965 2 47
33966 0 89
33967 0 84
33968 0 88
33969 7 3
33970 3 20
33971 1 17
33972 0 76
33973 0 105
33974 0 42
33975 0 74
33976 1 30
33977 2 79
33978 1 46
33979 6 3
33980 2 26
33981 0 89
33982 0 37
33983 3 13
33984 1 13
33985 126 127
33986 2 61
33987 3 21
33988 1 55
33989 2 41
33990 0 61
33991 2 10
33992 0 55
33993 3 14
33994 0 60
33995 2 83
33996 0 56
33997 0 92
33998 2 43
33999 5 13
34000 2 51
34001 0 35
34002 2 80
34003 0 77
34004 0 36
34005 0 14
34006 4 7
34007 2 7
34008 2 16
34009 0 20
34010 0 22
34011 2 78
34012 0 25
34013 3 41
34014 3 20
34015 0 63
34016 0 38
34017 0 98
34018 1 61
34019 0 33
34020 4 15
34021 0 101
34022 2 97
34023 1 14
34024 0 62
34025 5 14
34026 3 39
34027 0 76
34028 127 0
34029 2 21
34030 0 51
34031 4 16
34032 0 24
34033 0 49
34034 1 72
34035 1 36
34036 6 0
34037 3 80
34038 0 46
34039 2 25
34040 1 80
34041 1 43
34042 2 39
34043 5 13
34044 0 57
34045 1 29
34046 9 0
34047 0 73
34048 1 23
34049 0 54
34050 0 69
34051 8 0
34052 4 10
34053 0 55
34054 4 5
34055 0 45
34056 3 37
34057 2 34
34058 0 47
34059 0 46
34060 2 59
34061 9 0
34062 0 70
34063 1 46
34064 2 75
34065 2 15
34066 1 22
34067 0 48
34068 1 97
34069 0 66
34070 1 81
34071 1 44
34072 2 50
34073 0 75
34074 1 63
34075 0 34
34076 0 52
34077 2 41
34078 0 56
34079 0 67
34080 2 42
34081 1 25
34082 0 100
34083 3 13
34084 1 58
34085 2 38
34086 0 81
34087 3 6
34088 1 43
34089 1 30
34090 3 29
34091 2 61
34092 1 52
34093 1 6
34094 8 0
34095 0 83
34096 2 54
34097 0 46
34098 3 16
34099 0 30
34100 5 7
34101 0 72
34102 1 50
34103 2 41
34104 1 69
34105 0 39
34106 0 106
34107 4 20
34108 2 63
34109 0 74
34110 0 126
34111 2 42
34112 1 46
34113 2 40
34114 1 94
34115 2 13
34116 4 4
34117 0 84
34118 0 99
34119 2 17
34120 1 9
34121 2 92
34122 0 65
34123 3 15
34124 0 105
34125 1 74
34126 1 39
34127 4 1
34128 4 24
34129 2 5
34130 1 44
34131 3 8
34132 1 61
34133 127 127
34134 126 127
34135 0 74
34136 1 24
34137 0 76
34138 6 1
34139 6 4
34140 2 27
34141 0 63
34142 0 35
34143 3 32
34144 5 14
34145 2 91
34146 1 18
34147 1 65
34148 3 40
34149 0 59
34150 0 46
34151 126 0
34152 3 21
34153 1 8
34154 0 95
34155 0 61
34156 3 1
34157 0 19
34158 2 28
34159 1 21
34160 3 30
34161 1 9
34162 2 41
34163 4 5
34164 0 127
34165 0 20
34166 127 0
34167 127 127
34168 126 0
34169 0 44
34170 0 16
34171 1 53
34172 1 23
34173 1 46
34174 1 74
34175 0 88
34176 2 4
34177 0 74
34178 3 24
34179 0 126
34180 126 127
34181 4 2
34182 0 21
34183 3 22
34184 3 4
34185 0 23
34186 2 29
34187 1 34
34188 0 78
34189 0 19
34190 1 75
34191 5 5
34192 0 77
34193 0 18
34194 2 37
34195 0 64
34196 0 90
34197 0 73
34198 0 46
34199 2 36
34200 0 40
34201 0 75
34202 1 93
34203 1 22
34204 1 71
34205 1 68
34206 1 72
34207 1 77
34208 1 46
34209 0 36
34210 1 24
34211 3 39
34212 0 46
34213 0 24
34214 1 57
34215 3 21
34216 1 83
34217 1 46
34218 0 80
34219 1 8
34220 0 97
34221 0 23
34222 3 3
34223 0 66
34224 2 57
34225 0 102
34226 1 35
34227 0 52
34228 1 76
34229 3 40
34230 127 0
34231 2 34
34232 0 24
34233 0 31
34234 0 69
34235 0 34
34236 3 36
34237 6 0
34238 1 25
34239 1 37
34240 5 2
34241 3 54
34242 0 37
34243 0 23
34244 1 24
34245 2 16
34246 0 38
34247 127 127
34248 2 53
34249 126 127
34250 1 77
34251 2 17
34252 0 63
34253 2 12
34254 0 127
34255 3 39
34256 1 64
34257 0 47
34258 2 22
34259 1 51
34260 0 29
34261 2 26
34262 0 22
34263 4 3
34264 2 5
34265 0 20
34266 2 79
34267 0 28
34268 0 62
34269 1 86
34270 0 65
34271 2 83
34272 2 9
34273 2 37
34274 2 56
34275 0 58
34276 0 45
34277 0 63
34278 1 21
34279 4 16
34280 6 1
34281 2 25
34282 3 7
34283 3 40
34284 0 76
34285 0 79
34286 3 35
34287 2 7
34288 0 19
34289 1 94
34290 1 20
34291 0 75
34292 0 24
34293 1 83
34294 0 20
34295 2 4
34296 0 25
34297 0 29
34298 4 8
34299 2 26
34300 1 100
34301 0 66
34302 2 60
34303 0 70
34304 0 80
34305 1 65
34306 1 93
34307 0 76
34308 1 79
34309 0 53
34310 0 60
34311 4 18
34312 0 46
34313 6 3
34314 0 23
34315 0 37
34316 0 86
34317 3 38
34318 7 0
34319 5 10
34320 0 55
34321 0 126
34322 2 5
34323 0 21
34324 4 10
34325 1 23
34326 3 8
34327 2 36
34328 0 98
34329 6 0
34330 0 36
34331 1 86
34332 2 80
34333 4 40
34334 0 51
34335 3 7
34336 0 104
34337 0 127
34338 0 48
34339 0 22
34340 2 83
34341 4 30
34342 0 83
34343 2 59
34344 5 1
34345 6 2
34346 0 81
34347 3 18
34348 2 38
34349 3 0
34350 0 35
34351 0 86
34352 1 16
34353 1 57
34354 1 47
34355 4 9
34356 126 0
34357 4 8
34358 3 20
34359 2 33
34360 3 55
34361 0 105
34362 0 99
34363 5 0
34364 2 16
34365 0 107
34366 4 17
34367 2 47
34368 1 24
34369 2 82
34370 0 98
34371 4 16
34372 2 28
34373 1 36
34374 0 27
34375 0 75
34376 0 50
34377 2 57
34378 127 0
34379 3 30
34380 1 49
34381 0 101
34382 0 102
34383 0 57
34384 6 3
34385 1 29
34386 2 62
34387 4 17
34388 1 23
34389 4 15
34390 0 18
34391 1 37
34392 1 64
34393 1 47
34394 3 38
34395 5 12
34396 0 94
34397 0 77
34398 4 10
34399 5 17
34400 1 13
34401 2 10
34402 0 23
34403 1 26
34404 3 15
34405 0 52
34406 0 72
34407 0 74
34408 2 4
34409 1 59
34410 4 17
34411 3 3
34412 0 79
34413 1 62
34414 0 47
34415 0 100
34416 5 2
34417 0 69
34418 2 7
34419 0 65
34420 4 15
34421 0 44
34422 1 15
34423 1 54
34424 1 88
34425 1 73
34426 2 24
34427 2 83
34428 2 64
34429 2 39
34430 2 35
34431 0 48
34432 8 0
34433 0 22
34434 4 2
34435 1 61
34436 3 4
34437 0 88
34438 2 37
34439 1 41
34440 2 73
34441 1 39
34442 5 3
34443 0 108
34444 127 127
34445 6 7
34446 4 12
34447 0 1
34448 1 70
34449 1 30
34450 2 79
34451 2 5
34452 0 33
34453 0 126
34454 0 78
34455 4 19
34456 2 13
34457 2 39
34458 3 3
34459 2 51
34460 2 93
34461 1 73
34462 2 17
34463 0 19
34464 0 84
34465 3 22
34466 0 76
34467 3 4
34468 0 53
34469 0 32
34470 1 98
34471 0 47
34472 1 38
34473 0 52
34474 0 23
34475 0 49
34476 1 88
34477 7 0
34478 0 127
34479 0 71
34480 1 93
34481 2 26
34482 3 40
34483 1 67
34484 2 16
34485 0 16
34486 0 95
34487 0 96
34488 1 91
34489 126 0
34490 0 51
34491 5 1
34492 0 38
34493 2 77
34494 0 72
34495 0 45
34496 1 31
34497 2 59
34498 0 17
34499 0 88
34500 1 30
34501 1 88
34502 5 10
34503 4 32
34504 0 66
34505 0 99
34506 0 75
34507 0 65
34508 3 35
34509 1 83
34510 5 0
34511 1 36
34512 1 24
34513 0 93
34514 1 59
34515 0 68
34516 5 13
34517 0 26
34518 1 62
34519 0 83
34520 5 19
34521 6 3
34522 0 71
34523 1 46
34524 0 36
34525 5 3
34526 1 47
34527 0 24
34528 4 38
34529 1 84
34530 2 55
34531 0 69
34532 0 89
34533 4 19
34534 0 97
34535 0 18
34536 1 43
34537 0 54
34538 0 46
34539 2 41
34540 0 80
34541 1 27
34542 3 8
34543 2 8
34544 0 62
34545 4 40
34546 0 63
34547 126 127
34548 0 74
34549 5 19
34550 4 20
34551 1 72
34552 0 107
34553 0 126
34554 2 7
34555 1 77
34556 6 3
34557 1 31
34558 0 66
34559 3 15
34560 1 38
34561 0 85
34562 3 39
34563 0 19
34564 2 32
34565 1 23
34566 1 35
34567 2 20
34568 0 92
34569 0 127
34570 0 73
34571 0 86
34572 2 17
34573 0 100
34574 4 0
34575 1 41
34576 4 21
34577 0 25
34578 3 3
34579 1 82
34580 0 37
34581 127 0
34582 0 61
34583 1 24
34584 3 0
34585 2 43
34586 8 0
34587 4 16
34588 1 85
34589 0 20
34590 1 19
34591 1 84
34592 4 0
34593 5 3
34594 0 48
34595 0 103
34596 0 64
34597 0 108
34598 1 30
34599 3 4
34600 0 63
34601 0 102
34602 0 60
34603 1 23
34604 5 7
34605 0 27
34606 1 39
34607 0 90
34608 0 49
34609 6 3
34610 2 59
34611 5 14
34612 0 43
34613 3 34
34614 3 19
34615 0 70
34616 0 75
34617 0 52
34618 1 81
34619 0 89
34620 0 126
34621 4 31
34622 1 24
34623 2 47
34624 4 7
34625 2 39
34626 1 76
34627 1 77
34628 1 1
34629 3 29
34630 3 9
34631 3 30
34632 2 34
34633 1 79
34634 0 68
34635 6 0
34636 1 53
34637 0 99
34638 4 32
34639 0 48
34640 1 87
34641 0 65
34642 1 94
34643 3 38
34644 4 31
34645 1 69
34646 3 8
34647 2 25
34648 1 44
34649 0 56
34650 1 38
34651 0 88
34652 4 38
34653 1 93
34654 5 18
34655 3 40
34656 1 58
34657 3 9
34658 2 79
34659 0 36
34660 1 9
34661 0 31
34662 0 71
34663 1 82
34664 0 35
34665 0 1
34666 2 4
34667 2 9
34668 0 57
34669 2 22
34670 2 72
34671 9 0
34672 2 8
34673 2 60
34674 3 21
34675 0 96
34676 0 76
34677 0 47
34678 4 32
34679 1 97
34680 3 29
34681 4 5
34682 126 0
34683 1 85
34684 1 26
34685 0 66
34686 2 30
34687 1 34
34688 4 3
34689 1 79
34690 0 56
34691 1 64
34692 0 75
34693 0 59
34694 1 1
34695 1 18
34696 0 84
34697 3 38
34698 0 77
34699 1 23
34700 1 75
34701 0 65
34702 3 41
34703 0 98
34704 4 21
34705 1 55
34706 0 91
34707 0 62
34708 1 70
34709 1 35
34710 3 40
34711 0 107
34712 0 69
34713 2 70
34714 6 2
34715 0 23
34716 2 34
34717 0 76
34718 127 0
34719 1 59
34720 1 61
34721 1 39
34722 0 34
34723 0 38
34724 0 127
34725 2 40
34726 0 82
34727 0 89
34728 0 1
34729 2 16
34730 2 7
34731 0 83
34732 1 30
34733 3 3
34734 0 68
34735 0 60
34736 2 17
34737 1 82
34738 0 104
34739 3 4
34740 0 99
34741 1 24
34742 0 58
34743 0 51
34744 0 37
34745 1 8
34746 2 15
34747 0 84
34748 0 44
34749 0 82
34750 2 55
34751 1 66
34752 1 48
34753 3 17
34754 0 83
34755 1 32
34756 1 1
34757 3 60
34758 0 48
34759 0 16
34760 2 77
34761 5 2
34762 1 88
34763 0 74
34764 0 28
34765 3 8
34766 2 33
34767 2 59
34768 0 63
34769 1 67
34770 0 88
34771 0 26
34772 3 3
34773 0 25
34774 0 32
34775 2 50
34776 1 62
34777 5 1
34778 1 44
34779 0 1
34780 8 0
34781 0 66
34782 3 21
34783 1 50
34784 1 90
34785 3 4
34786 2 17
34787 2 90
34788 0 69
34789 0 19
34790 2 5
34791 3 61
34792 3 18
34793 1 7
34794 0 27
34795 0 65
34796 2 12
34797 3 30
34798 0 18
34799 1 33
34800 0 98
34801 1 23
34802 7 0
34803 3 40
34804 0 36
34805 1 78
34806 1 59
34807 1 47
34808 1 52
34809 0 28
34810 2 33
34811 1 46
34812 0 37
34813 2 4
34814 2 24
34815 4 21
34816 1 42
34817 5 0
34818 4 38
34819 0 67
34820 2 97
34821 0 72
34822 126 0
34823 2 76
34824 0 45
34825 0 42
34826 1 29
34827 2 64
34828 3 21
34829 7 1
34830 0 85
34831 0 57
34832 0 24
34833 0 47
34834 5 2
34835 0 105
34836 5 17
34837 1 1
34838 1 53
34839 0 94
34840 3 45
34841 1 90
34842 0 25
34843 0 99
34844 0 98
34845 0 58
34846 2 48
34847 0 104
34848 0 52
34849 2 40
34850 1 65
34851 2 36
34852 0 48
34853 2 77
34854 0 64
34855 2 37
34856 2 73
34857 1 82
34858 1 92
34859 1 87
34860 1 56
34861 0 43
34862 1 31
34863 2 31
34864 2 47
34865 0 41
34866 0 46
34867 4 0
34868 4 14
34869 5 14
34870 0 77
34871 1 31
34872 2 76
34873 0 45
34874 2 36
34875 1 79
34876 3 9
34877 2 44
34878 1 66
34879 0 57
34880 6 1
34881 1 70
34882 0 39
34883 0 51
34884 0 73
34885 2 11
34886 127 0
34887 0 20
34888 7 0
34889 2 31
34890 3 8
34891 1 49
34892 2 72
34893 0 61
34894 5 0
34895 1 71
34896 2 48
34897 1 39
34898 0 70
34899 2 50
34900 1 89
34901 2 47
34902 1 96
34903 8 0
34904 2 13
34905 3 14
34906 2 51
34907 0 39
34908 2 73
34909 1 30
34910 3 13
34911 3 14
34912 0 56
34913 2 71
34914 4 21
34915 1 50
34916 7 1
34917 0 17
34918 0 31
34919 0 76
34920 3 10
34921 0 24
34922 2 16
34923 3 3
34924 0 44
34925 1 74
34926 0 96
34927 0 47
34928 0 101
34929 0 93
34930 1 84
34931 1 75
34932 1 56
34933 0 60
34934 1 37
34935 127 127
34936 0 62
34937 1 52
34938 2 48
34939 0 94
34940 2 61
34941 3 36
34942 2 36
34943 4 8
34944 0 38
34945 0 100
34946 4 3
34947 3 29
34948 3 22
34949 1 71
34950 0 50
34951 0 45
34952 3 43
34953 3 36
34954 5 18
34955 2 63
34956 0 86
34957 2 25
34958 3 12
34959 3 19
34960 0 89
34961 2 87
34962 2 36
34963 3 3
34964 2 23
34965 1 48
34966 3 17
34967 9 0
34968 1 13
34969 2 46
34970 2 14
34971 1 78
34972 1 85
34973 1 46
34974 1 72
34975 0 39
34976 2 18
34977 4 3
34978 1 33
34979 1 84
34980 0 101
34981 5 9
34982 1 62
34983 4 18
34984 0 44
34985 1 88
34986 2 71
34987 4 14
34988 0 103
34989 0 18
34990 6 2
34991 0 93
34992 0 78
34993 0 27
34994 0 52
34995 3 32
34996 0 81
34997 4 13
34998 1 65
34999 126 127
35000 0 72
35001 0 55
35002 1 43
35003 0 56
35004 7 0
35005 0 85
35006 1 74
35007 5 18
35008 1 38
35009 2 60
35010 4 17
35011 0 45
35012 1 56
35013 1 23
35014 5 10
35015 0 1
35016 0 94
35017 2 30
35018 0 17
35019 1 29
35020 0 86
35021 1 66
35022 0 15
35023 0 43
35024 2 75
35025 127 127
35026 0 93
35027 5 5
35028 0 85
35029 0 88
35030 0 106
35031 0 53
35032 10 0
35033 2 17
35034 2 48
35035 1 97
35036 2 7
35037 2 24
35038 2 27
35039 3 42
35040 2 58
35041 2 37
35042 0 2
35043 1 15
35044 0 126
35045 3 14
35046 1 89
35047 0 16
35048 4 5
35049 3 9
35050 3 18
35051 2 25
35052 0 58
35053 5 19
35054 0 52
35055 1 72
35056 0 48
35057 3 28
35058 0 59
35059 0 86
35060 1 57
35061 2 9
35062 4 0
35063 0 85
35064 4 20
35065 2 22
35066 0 22
35067 0 69
35068 0 47
35069 0 17
35070 0 44
35071 2 12
35072 0 72
35073 5 9
35074 0 70
35075 3 41
35076 5 7
35077 3 3
35078 3 46
35079 3 8
35080 2 76
35081 0 80
35082 0 21
35083 0 99
35084 1 78
35085 0 38
35086 3 22
35087 4 15
35088 1 18
35089 1 90
35090 2 24
35091 5 15
35092 0 39
35093 0 25
35094 0 95
35095 3 16
35096 1 59
35097 3 38
35098 5 18
35099 2 35
35100 0 45
35101 126 0
35102 5 19
35103 0 38
35104 2 92
35105 0 87
35106 2 42
35107 0 96
35108 4 41
35109 5 17
35110 0 127
35111 1 36
35112 1 16
35113 0 104
35114 0 18
35115 0 107
35116 3 58
35117 4 8
35118 0 36
35119 1 48
35120 0 28
35121 1 44
35122 2 59
35123 0 39
35124 0 90
35125 0 27
35126 3 73
35127 0 78
35128 0 88
35129 6 19
35130 0 22
35131 0 103
35132 3 4
35133 2 64
35134 0 61
35135 0 63
35136 0 68
35137 1 70
35138 1 81
35139 0 28
35140 0 67
35141 2 25
35142 0 87
35143 5 19
35144 0 44
35145 4 15
35146 1 60
35147 1 49
35148 0 92
35149 4 21
35150 0 42
35151 2 54
35152 2 48
35153 0 71
35154 0 38
35155 3 19
35156 2 91
35157 0 104
35158 6 0
35159 0 79
35160 0 53
35161 0 126
35162 2 22
35163 1 28
35164 1 18
35165 0 98
35166 3 57
35167 0 27
35168 0 86
35169 0 23
35170 5 2
35171 2 92
35172 1 37
35173 2 62
35174 0 24
35175 1 32
35176 2 24
35177 0 25
35178 0 60
35179 0 33
35180 5 15
35181 2 37
35182 0 99
35183 0 51
35184 0 127
35185 5 13
35186 0 75
35187 0 93
35188 1 29
35189 2 73
35190 2 10
35191 2 47
35192 0 80
35193 4 15
35194 1 69
35195 1 43
35196 1 85
35197 1 98
35198 3 18
35199 2 50
35200 0 82
35201 0 24
35202 0 106
35203 1 65
35204 0 57
35205 0 58
35206 0 98
35207 1 76
35208 1 54
35209 4 13
35210 5 15
35211 1 31
35212 1 14
35213 4 2
35214 1 84
35215 0 72
35216 4 16
35217 0 92
35218 2 4
35219 2 58
35220 3 20
35221 2 9
35222 3 16
35223 1 89
35224 0 50
35225 0 95
35226 1 62
35227 0 22
35228 0 85
35229 0 51
35230 3 56
35231 0 70
35232 2 10
35233 0 16
35234 1 32
35235 0 48
35236 1 77
35237 1 31
35238 0 43
35239 0 61
35240 127 0
35241 0 23
35242 0 39
35243 0 126
35244 0 79
35245 0 73
35246 1 97
35247 4 17
35248 0 26
35249 0 38
35250 0 88
35251 0 71
35252 1 87
35253 2 59
35254 0 35
35255 2 89
35256 0 37
35257 0 99
35258 0 107
35259 0 70
35260 2 14
35261 0 21
35262 0 18
35263 9 0
35264 0 106
35265 0 107
35266 8 0
35267 1 33
35268 0 32
35269 9 0
35270 3 30
35271 0 47
35272 0 42
35273 0 77
35274 1 89
35275 0 106
35276 2 20
35277 1 25
35278 1 86
35279 0 102
35280 2 54
35281 3 15
35282 126 0
35283 0 98
35284 5 2
35285 2 34
35286 2 89
35287 5 0
35288 0 50
35289 3 21
35290 0 59
35291 1 71
35292 1 90
35293 1 104
35294 0 25
35295 3 39
35296 2 88
35297 0 104
35298 0 83
35299 2 9
35300 1 13
35301 0 72
35302 0 1
35303 4 2
35304 2 30
35305 1 1
35306 2 84
35307 3 38
35308 0 84
35309 0 101
35310 0 43
35311 3 19
35312 0 31
35313 0 107
35314 3 18
35315 1 41
35316 0 48
35317 0 64
35318 3 4
35319 3 16
35320 0 62
35321 1 31
35322 0 69
35323 0 70
35324 0 99
35325 0 76
35326 0 56
35327 3 8
35328 1 17
35329 2 32
35330 0 98
35331 0 60
35332 5 17
35333 0 94
35334 2 48
35335 0 74
35336 1 75
35337 1 58
35338 0 77
35339 2 11
35340 4 0
35341 0 76
35342 2 56
35343 0 28
35344 0 15
35345 2 57
35346 3 41
35347 2 56
35348 3 3
35349 0 49
35350 3 39
35351 5 2
35352 3 7
35353 2 75
35354 0 127
35355 0 52
35356 0 41
35357 0 87
35358 0 95
35359 0 27
35360 0 81
35361 0 29
35362 2 35
35363 0 30
35364 0 33
35365 0 69
35366 1 75
35367 1 23
35368 4 3
35369 1 39
35370 4 15
35371 1 61
35372 0 38
35373 2 57
35374 0 47
35375 0 26
35376 0 58
35377 0 46
35378 0 16
35379 0 27
35380 2 51
35381 0 99
35382 0 39
35383 4 10
35384 2 15
35385 0 66
35386 0 102
35387 1 40
35388 0 97
35389 2 18
35390 1 26
35391 3 32
35392 0 53
35393 0 55
35394 2 71
35395 0 17
35396 5 15
35397 127 0
35398 1 45
35399 0 90
35400 0 23
35401 0 42
35402 4 21
35403 1 71
35404 4 14
35405 4 19
35406 2 10
35407 2 41
35408 0 22
35409 1 34
35410 2 46
35411 1 9
35412 0 36
35413 0 21
35414 0 100
35415 0 43
35416 2 32
35417 1 59
35418 1 83
35419 1 68
35420 2 17
35421 0 77
35422 1 82
35423 1 73
35424 1 88
35425 2 75
35426 1 83
35427 1 58
35428 2 73
35429 1 54
35430 1 37
35431 2 43
35432 0 106
35433 2 40
35434 4 17
35435 0 107
35436 2 37
35437 7 0
35438 0 15
35439 0 44
35440 1 42
35441 1 75
35442 0 32
35443 5 1
35444 1 24
35445 5 2
35446 3 9
35447 0 86
35448 2 33
35449 0 83
35450 5 6
35451 0 22
35452 1 32
35453 3 2
35454 3 42
35455 126 127
35456 0 94
35457 0 96
35458 2 91
35459 2 41
35460 1 82
35461 1 31
35462 0 19
35463 1 39
35464 0 89
35465 0 106
35466 1 19
35467 2 63
35468 2 32
35469 1 51
35470 2 7
35471 1 70
35472 127 127
35473 4 11
35474 1 104
35475 3 38
35476 0 56
35477 0 97
35478 4 10
35479 1 91
35480 3 29
35481 4 42
35482 1 90
35483 3 1
35484 1 52
35485 3 15
35486 2 65
35487 3 21
35488 0 48
35489 2 88
35490 0 73
35491 0 88
35492 5 16
35493 1 84
35494 1 87
35495 0 42
35496 1 51
35497 0 91
35498 2 28
35499 3 35
35500 1 89
35501 0 126
35502 0 75
35503 1 23
35504 3 19
35505 3 88
35506 0 105
35507 2 8
35508 1 57
35509 2 61
35510 0 18
35511 3 10
35512 0 59
35513 0 47
35514 1 61
35515 0 52
35516 2 82
35517 2 14
35518 2 10
35519 1 64
35520 1 75
35521 5 1
35522 2 24
35523 1 78
35524 2 27
35525 0 68
35526 2 25
35527 1 24
35528 1 81
35529 0 37
35530 0 39
35531 1 43
35532 2 83
35533 1 67
35534 2 13
35535 0 29
35536 1 60
35537 3 7
35538 0 85
35539 3 3
35540 0 58
35541 0 80
35542 0 31
35543 2 35
35544 3 16
35545 0 79
35546 0 99
35547 1 37
35548 5 8
35549 2 15
35550 3 28
35551 2 78
35552 1 90
35553 1 103
35554 0 81
35555 0 35
35556 6 0
35557 0 86
35558 126 127
35559 0 100
35560 0 48
35561 2 38
35562 0 43
35563 0 82
35564 1 17
35565 0 59
35566 2 66
35567 0 23
35568 0 58
35569 0 47
35570 0 70
35571 8 0
35572 2 51
35573 0 75
35574 1 56
35575 0 93
35576 1 42
35577 4 8
35578 1 36
35579 1 13
35580 1 31
35581 0 55
35582 2 29
35583 1 89
35584 5 2
35585 0 17
35586 1 51
35587 1 72
35588 0 33
35589 0 99
35590 3 10
35591 0 38
35592 3 59
35593 3 41
35594 9 0
35595 3 15
35596 2 51
35597 1 17
35598 2 62
35599 2 33
35600 0 96
35601 5 7
35602 0 31
35603 0 104
35604 2 23
35605 3 13
35606 1 81
35607 2 10
35608 2 74
35609 2 12
35610 1 51
35611 8 0
35612 2 32
35613 1 31
35614 2 41
35615 0 17
35616 1 53
35617 3 17
35618 4 4
35619 3 46
35620 4 2
35621 0 80
35622 3 42
35623 0 89
35624 6 1
35625 0 79
35626 0 65
35627 3 12
35628 3 25
35629 2 43
35630 126 0
35631 0 83
35632 2 33
35633 1 74
35634 2 58
35635 2 88
35636 6 0
35637 3 4
35638 3 3
35639 5 0
35640 3 22
35641 3 21
35642 2 32
35643 2 46
35644 4 17
35645 0 30
35646 3 22
35647 3 21
35648 2 26
35649 2 103
35650 0 19
35651 1 103
35652 2 7
35653 0 31
35654 1 57
35655 2 22
35656 0 18
35657 2 11
35658 5 2
35659 3 17
35660 4 1
35661 2 27
35662 0 81
35663 4 21
35664 0 98
35665 1 32
35666 0 54
35667 3 60
35668 4 12
35669 2 51
35670 0 87
35671 0 85
35672 0 76
35673 2 32
35674 4 42
35675 2 82
35676 0 94
35677 2 14
35678 3 35
35679 1 63
35680 0 105
35681 1 31
35682 0 44
35683 0 42
35684 1 104
35685 0 106
35686 3 0
35687 0 55
35688 1 29
35689 4 0
35690 5 6
35691 2 34
35692 3 42
35693 2 26
35694 1 71
35695 2 27
35696 0 32
35697 2 31
35698 0 64
35699 0 99
35700 0 92
35701 2 8
35702 0 60
35703 4 17
35704 1 48
35705 3 32
35706 9 0
35707 3 5
35708 1 72
35709 0 57
35710 0 86
35711 2 6
35712 5 12
35713 5 14
35714 0 45
35715 3 16
35716 3 10
35717 3 1
35718 0 85
35719 0 24
35720 1 82
35721 0 54
35722 0 82
35723 1 77
35724 4 12
35725 2 24
35726 5 4
35727 3 26
35728 1 60
35729 2 44
35730 0 98
35731 0 99
35732 3 9
35733 0 127
35734 6 16
35735 1 56
35736 1 71
35737 2 7
35738 1 72
35739 3 59
35740 0 41
35741 1 94
35742 0 46
35743 0 49
35744 1 6
35745 0 83
35746 0 90
35747 0 34
35748 2 33
35749 7 0
35750 1 32
35751 4 14
35752 1 51
35753 0 78
35754 1 25
35755 2 5
35756 0 98
35757 0 88
35758 3 22
35759 4 4
35760 127 127
35761 4 32
35762 3 25
35763 1 0
35764 0 101
35765 2 84
35766 0 91
35767 0 51
35768 2 10
35769 3 32
35770 2 53
35771 1 43
35772 0 33
35773 0 43
35774 0 104
35775 0 79
35776 0 107
35777 0 42
35778 0 22
35779 1 47
35780 3 26
35781 0 106
35782 0 31
35783 1 58
35784 0 59
35785 4 20
35786 5 4
35787 6 0
35788 0 30
35789 0 100
35790 2 17
35791 0 77
35792 5 8
35793 126 127
35794 2 4
35795 2 18
35796 1 78
35797 0 75
35798 2 30
35799 2 15
35800 2 59
35801 0 34
35802 0 61
35803 1 5
35804 127 127
35805 0 43
35806 2 82
35807 0 48
35808 3 43
35809 0 107
35810 1 71
35811 1 55
35812 0 47
35813 4 15
35814 1 53
35815 4 3
35816 1 27
35817 1 48
35818 3 44
35819 0 76
35820 126 127
35821 2 61
35822 7 0
35823 0 106
35824 0 126
35825 5 10
35826 4 7
35827 0 67
35828 2 34
35829 1 83
35830 2 31
35831 2 33
35832 0 66
35833 2 87
35834 6 6
35835 0 107
35836 1 49
35837 2 23
35838 0 65
35839 2 49
35840 4 6
35841 3 18
35842 0 49
35843 3 4
35844 1 23
35845 2 74
35846 0 78
35847 2 11
35848 1 39
35849 6 0
35850 0 19
35851 2 10
35852 2 28
35853 1 90
35854 2 62
35855 0 63
35856 7 0
35857 1 56
35858 1 40
35859 1 39
35860 4 19
35861 1 55
35862 0 87
35863 1 72
35864 4 8
35865 0 88
35866 0 48
35867 5 16
35868 4 32
35869 2 53
35870 0 67
35871 2 35
35872 2 16
35873 1 49
35874 0 40
35875 127 0
35876 0 33
35877 0 84
35878 1 6
35879 6 0
35880 1 66
35881 0 69
35882 1 75
35883 2 22
35884 4 11
35885 3 17
35886 1 47
35887 0 74
35888 0 25
35889 0 95
35890 2 66
35891 2 5
35892 3 16
35893 0 93
35894 3 8
35895 0 92
35896 4 9
35897 0 37
35898 0 18
35899 0 106
35900 1 65
35901 0 58
35902 3 12
35903 0 47
35904 1 44
35905 3 22
35906 2 26
35907 1 42
35908 0 101
35909 1 26
35910 2 22
35911 3 6
35912 1 52
35913 1 30
35914 0 46
35915 0 32
35916 0 72
35917 1 77
35918 0 93
35919 0 90
35920 2 17
35921 0 66
35922 2 29
35923 2 27
35924 0 59
35925 4 6
35926 4 14
35927 126 0
35928 0 35
35929 1 56
35930 0 38
35931 8 0
35932 2 67
35933 2 45
35934 1 62
35935 1 67
35936 0 48
35937 0 56
35938 1 40
35939 3 41
35940 1 39
35941 0 23
35942 0 44
35943 0 100
35944 3 20
35945 1 29
35946 3 15
35947 2 85
35948 0 103
35949 5 15
35950 2 1
35951 0 17
35952 3 59
35953 0 49
35954 2 37
35955 2 38
35956 1 50
35957 4 1
35958 0 68
35959 1 85
35960 5 5
35961 3 6
35962 5 16
35963 0 18
35964 127 0
35965 0 127
35966 0 58
35967 0 34
35968 2 58
35969 1 40
35970 0 92
35971 2 73
35972 0 35
35973 1 93
35974 1 43
35975 3 9
35976 0 34
35977 2 4
35978 1 63
35979 3 17
35980 0 37
35981 0 60
35982 0 87
35983 2 63
35984 0 89
35985 4 13
35986 1 23
35987 0 101
35988 4 44
35989 4 16
35990 2 8
35991 5 0
35992 2 13
35993 0 35
35994 4 5
35995 2 40
35996 0 45
35997 4 18
35998 3 3
35999 1 91
36000 2 54
36001 0 53
36002 2 44
36003 0 43
36004 1 94
36005 4 19
36006 3 32
36007 1 31
36008 2 81
36009 3 11
36010 0 54
36011 2 20
36012 0 97
36013 1 93
36014 1 17
36015 3 31
36016 1 1
36017 0 62
36018 0 17
36019 1 53
36020 0 98
36021 0 23
36022 0 94
36023 4 45
36024 2 26
36025 0 97
36026 0 57
36027 0 22
36028 2 75
36029 2 67
36030 1 67
36031 0 86
36032 2 37
36033 0 105
36034 2 32
36035 0 96
36036 0 18
36037 4 3
36038 2 65
36039 3 60
36040 3 8
36041 2 42
36042 0 79
36043 0 31
36044 1 75
36045 6 0
36046 3 14
36047 3 7
36048 2 80
36049 0 78
36050 0 38
36051 3 27
36052 1 42
36053 4 43
36054 1 90
36055 2 50
36056 1 58
36057 1 28
36058 0 40
36059 0 36
36060 3 45
36061 1 62
36062 0 29
36063 0 69
36064 3 42
36065 0 16
36066 3 63
36067 0 23
36068 3 3
36069 1 30
36070 1 44
36071 1 38
36072 1 65
36073 2 93
36074 1 87
36075 1 13
36076 2 39
36077 0 8
36078 3 59
36079 1 37
36080 3 10
36081 3 37
36082 0 106
36083 2 14
36084 3 14
36085 0 68
36086 2 34
36087 0 15
36088 1 45
36089 9 0
36090 0 42
36091 1 73
36092 0 69
36093 1 93
36094 0 16
36095 0 15
36096 0 58
36097 1 31
36098 0 17
36099 5 6
36100 2 85
36101 0 16
36102 3 20
36103 4 15
36104 5 13
36105 4 44
36106 1 68
36107 0 62
36108 1 27
36109 1 39
36110 1 52
36111 3 28
36112 2 75
36113 0 55
36114 0 95
36115 0 59
36116 0 53
36117 1 17
36118 0 15
36119 2 12
36120 8 0
36121 1 80
36122 5 0
36123 1 24
36124 127 127
36125 5 3
36126 2 39
36127 1 44
36128 4 11
36129 2 77
36130 2 58
36131 1 94
36132 2 20
36133 4 43
36134 2 73
36135 7 0
36136 6 0
36137 0 57
36138 0 54
36139 1 36
36140 1 50
36141 1 30
36142 2 52
36143 3 16
36144 0 85
36145 1 41
36146 0 105
36147 0 58
36148 0 88
36149 0 100
36150 4 44
36151 1 28
36152 5 15
36153 1 27
36154 2 28
36155 0 60
36156 2 55
36157 0 43
36158 8 0
36159 1 39
36160 0 97
36161 3 60
36162 1 75
36163 2 54
36164 4 43
36165 2 10
36166 1 67
36167 2 55
36168 0 83
36169 0 94
36170 3 20
36171 2 0
36172 0 26
36173 0 89
36174 0 71
36175 4 4
36176 2 54
36177 0 16
36178 0 48
36179 2 24
36180 0 91
36181 4 18
36182 2 7
36183 3 2
36184 9 0
36185 4 17
36186 1 82
36187 1 49
36188 3 10
36189 3 13
36190 1 55
36191 2 8
36192 2 29
36193 0 47
36194 5 1
36195 0 72
36196 4 7
36197 2 14
36198 1 73
36199 1 60
36200 1 42
36201 0 41
36202 2 63
36203 0 77
36204 3 46
36205 1 63
36206 2 17
36207 0 37
36208 2 15
36209 1 46
36210 0 40
36211 0 92
36212 5 5
36213 0 24
36214 1 68
36215 1 34
36216 2 28
36217 0 17
36218 1 79
36219 1 76
36220 0 25
36221 0 48
36222 126 127
36223 2 29
36224 2 84
36225 1 80
36226 0 86
36227 0 79
36228 0 46
36229 1 91
36230 0 22
36231 3 22
36232 0 95
36233 0 126
36234 1 28
36235 6 10
36236 0 24
36237 1 75
36238 2 7
36239 0 71
36240 0 41
36241 0 32
36242 2 27
36243 0 23
36244 0 47
36245 1 56
36246 0 61
36247 1 22
36248 7 0
36249 0 45
36250 126 0
36251 0 76
36252 0 30
36253 1 47
36254 1 67
36255 0 48
36256 0 18
36257 1 46
36258 5 12
36259 3 18
36260 0 29
36261 0 55
36262 1 52
36263 2 80
36264 0 127
36265 0 106
36266 0 93
36267 0 54
36268 0 105
36269 3 14
36270 0 30
36271 0 39
36272 2 75
36273 0 29
36274 2 82
36275 0 68
36276 3 59
36277 0 15
36278 0 42
36279 0 85
36280 1 77
36281 3 41
36282 0 78
36283 2 30
36284 6 0
36285 4 16
36286 3 3
36287 7 0
36288 0 6
36289 2 52
36290 0 47
36291 0 31
36292 0 80
36293 0 69
36294 5 6
36295 1 59
36296 0 7
36297 127 0
36298 0 44
36299 1 72
36300 0 48
36301 0 102
36302 2 23
36303 1 62
36304 5 9
36305 3 2
36306 1 82
36307 0 59
36308 2 24
36309 0 50
36310 2 8
36311 2 21
36312 1 31
36313 4 5
36314 3 11
36315 126 0
36316 0 73
36317 0 99
36318 2 26
36319 2 27
36320 2 7
36321 1 14
36322 1 81
36323 1 39
36324 1 60
36325 0 91
36326 0 38
36327 0 126
36328 0 45
36329 3 13
36330 1 68
36331 3 60
36332 127 127
36333 3 23
36334 0 79
36335 3 43
36336 2 13
36337 2 8
36338 1 82
36339 3 16
36340 3 36
36341 4 12
36342 0 86
36343 0 30
36344 127 0
36345 0 44
36346 0 55
36347 0 70
36348 2 79
36349 4 4
36350 5 17
36351 1 78
36352 6 3
36353 3 5
36354 0 36
36355 2 10
36356 2 7
36357 3 59
36358 126 0
36359 0 54
36360 1 43
36361 2 18
36362 1 84
36363 0 78
36364 1 47
36365 0 56
36366 0 101
36367 126 127
36368 0 32
36369 2 46
36370 3 14
36371 4 17
36372 0 63
36373 3 10
36374 1 40
36375 0 24
36376 1 4
36377 3 46
36378 1 13
36379 0 52
36380 1 35
36381 0 46
36382 4 3
36383 4 43
36384 0 85
36385 1 81
36386 2 23
36387 2 37
36388 0 58
36389 3 9
36390 0 88
36391 2 84
36392 2 55
36393 1 84
36394 127 127
36395 3 8
36396 2 62
36397 1 42
36398 1 39
36399 3 43
36400 127 0
36401 4 14
36402 1 75
36403 3 29
36404 2 84
36405 3 1
36406 0 51
36407 2 94
36408 3 2
36409 1 84
36410 3 12
36411 2 47
36412 4 31
36413 0 34
36414 126 0
36415 0 47
36416 2 57
36417 127 0
36418 2 58
36419 2 25
36420 0 53
36421 0 71
36422 2 72
36423 0 103
36424 0 77
36425 2 80
36426 3 60
36427 4 6
36428 5 17
36429 0 78
36430 10 0
36431 1 30
36432 1 53
36433 0 43
36434 1 29
36435 4 18
36436 0 37
36437 3 11
36438 3 31
36439 0 33
36440 2 4
36441 2 42
36442 3 27
36443 1 77
36444 0 29
36445 0 67
36446 1 82
36447 2 77
36448 1 57
36449 1 94
36450 0 39
36451 1 31
36452 0 59
36453 1 78
36454 0 58
36455 1 74
36456 1 55
36457 2 12
36458 0 70
36459 1 71
36460 1 86
36461 2 55
36462 9 0
36463 2 51
36464 0 82
36465 1 17
36466 4 19
36467 2 48
36468 0 69
36469 126 0
36470 0 53
36471 2 14
36472 1 42
36473 4 43
36474 4 18
36475 0 90
36476 2 68
36477 0 16
36478 0 54
36479 1 62
36480 2 41
36481 1 27
36482 3 9
36483 0 70
36484 0 64
36485 0 83
36486 2 40
36487 6 0
36488 2 73
36489 3 59
36490 1 99
36491 0 91
36492 3 60
36493 4 31
36494 0 98
36495 3 35
36496 1 72
36497 0 92
36498 2 76
36499 6 17
36500 3 15
36501 1 93
36502 0 97
36503 2 75
36504 1 66
36505 0 87
36506 2 33
36507 0 75
36508 8 0
36509 2 50
36510 0 23
36511 0 53
36512 4 1
36513 0 76
36514 1 15
36515 3 31
36516 3 32
36517 0 75
36518 4 7
36519 126 127
36520 0 13
36521 0 34
36522 0 24
36523 1 29
36524 4 17
36525 3 34
36526 2 5
36527 2 79
36528 0 15
36529 3 26
36530 4 8
36531 0 127
36532 0 40
36533 3 35
36534 2 84
36535 2 41
36536 2 51
36537 0 55
36538 1 68
36539 0 21
36540 0 36
36541 0 60
36542 0 48
36543 1 71
36544 2 59
36545 1 13
36546 0 61
36547 1 69
36548 1 20
36549 0 22
36550 2 80
36551 2 4
36552 1 25
36553 1 72
36554 1 37
36555 1 19
36556 1 33
36557 2 33
36558 127 127
36559 1 34
36560 2 26
36561 1 94
36562 0 99
36563 0 60
36564 0 23
36565 3 31
36566 9 0
36567 0 88
36568 3 8
36569 5 0
36570 0 45
36571 2 50
36572 0 62
36573 6 2
36574 0 29
36575 4 4
36576 1 5
36577 0 33
36578 0 38
36579 3 19
36580 0 68
36581 0 37
36582 0 49
36583 3 22
36584 0 79
36585 0 66
36586 2 69
36587 3 9
36588 0 80
36589 1 66
36590 0 46
36591 5 16
36592 3 26
36593 0 14
36594 0 47
36595 3 17
36596 3 3
36597 0 24
36598 2 58
36599 4 16
36600 0 52
36601 1 97
36602 0 23
36603 0 38
36604 3 20
36605 1 81
36606 3 12
36607 0 59
36608 2 59
36609 1 69
36610 0 31
36611 0 71
36612 1 28
36613 1 32
36614 0 78
36615 2 37
36616 0 67
36617 2 76
36618 0 65
36619 0 44
36620 5 2
36621 1 93
36622 2 8
36623 0 76
36624 1 56
36625 1 84
36626 1 87
36627 3 19
36628 1 47
36629 1 35
36630 1 30
36631 2 75
36632 2 6
36633 0 68
36634 5 4
36635 0 48
36636 2 79
36637 1 50
36638 0 86
36639 1 82
36640 0 53
36641 4 4
36642 2 15
36643 2 29
36644 0 34
36645 0 43
36646 1 44
36647 2 16
36648 3 43
36649 1 46
36650 1 37
36651 2 28
36652 2 40
36653 3 29
36654 1 57
36655 3 8
36656 1 71
36657 0 56
36658 0 19
36659 5 17
36660 0 54
36661 2 13
36662 0 13
36663 1 67
36664 0 52
36665 1 101
36666 2 53
36667 0 102
36668 0 51
36669 0 89
36670 2 72
36671 3 42
36672 2 20
36673 4 15
36674 3 41
36675 2 24
36676 0 33
36677 8 0
36678 0 94
36679 0 104
36680 4 12
36681 0 42
36682 0 126
36683 1 100
36684 0 41
36685 1 49
36686 0 40
36687 2 69
36688 2 34
36689 0 81
36690 1 6
36691 0 88
36692 2 82
36693 126 127
36694 5 3
36695 3 45
36696 2 27
36697 2 93
36698 3 25
36699 1 22
36700 3 10
36701 0 37
36702 0 98
36703 2 30
36704 0 79
36705 127 0
36706 0 39
36707 0 17
36708 1 93
36709 2 93
36710 3 42
36711 6 11
36712 2 23
36713 1 53
36714 1 82
36715 4 2
36716 0 18
36717 3 12
36718 2 73
36719 2 21
36720 0 64
36721 0 75
36722 0 34
36723 2 14
36724 1 52
36725 2 12
36726 0 41
36727 3 32
36728 0 78
36729 2 87
36730 7 0
36731 1 53
36732 0 65
36733 3 31
36734 1 50
36735 5 10
36736 0 84
36737 1 20
36738 3 41
36739 3 36
36740 0 70
36741 0 25
36742 3 16
36743 2 9
36744 0 67
36745 3 24
36746 4 22
36747 3 2
36748 0 33
36749 3 46
36750 1 47
36751 3 61
36752 1 49
36753 3 21
36754 1 50
36755 1 85
36756 1 66
36757 1 87
36758 0 64
36759 127 127
36760 1 72
36761 1 65
36762 4 7
36763 2 16
36764 2 76
36765 0 15
36766 1 79
36767 4 13
36768 1 92
36769 0 69
36770 0 127
36771 1 29
36772 1 83
36773 0 40
36774 0 14
36775 2 85
36776 0 89
36777 0 34
36778 3 15
36779 2 26
36780 0 93
36781 0 63
36782 2 36
36783 0 41
36784 1 38
36785 2 94
36786 0 66
36787 6 12
36788 4 1
36789 0 80
36790 1 52
36791 3 26
36792 2 57
36793 3 7
36794 4 8
36795 5 12
36796 0 101
36797 1 24
36798 4 23
36799 0 103
36800 4 6
36801 0 44
36802 0 90
36803 0 94
36804 3 11
36805 5 6
36806 1 55
36807 4 15
36808 1 46
36809 0 85
36810 0 49
36811 4 9
36812 1 45
36813 3 13
36814 0 40
36815 0 57
36816 4 7
36817 5 2
36818 2 38
36819 3 38
36820 0 29
36821 0 92
36822 5 3
36823 1 17
36824 1 90
36825 1 56
36826 2 46
36827 2 79
36828 3 42
36829 0 11
36830 2 37
36831 0 52
36832 4 19
36833 1 12
36834 1 58
36835 0 99
36836 2 11
36837 1 30
36838 2 7
36839 2 61
36840 1 55
36841 1 13
36842 1 48
36843 2 36
36844 2 19
36845 3 15
36846 2 22
36847 3 3
36848 2 47
36849 1 82
36850 0 48
36851 2 24
36852 3 7
36853 3 11
36854 126 127
36855 0 83
36856 2 12
36857 126 0
36858 2 68
36859 3 73
36860 4 18
36861 3 8
36862 8 0
36863 2 26
36864 0 56
36865 1 81
36866 1 18
36867 0 22
36868 2 5
36869 0 13
36870 0 61
36871 0 62
36872 1 91
36873 0 64
36874 2 21
36875 0 27
36876 2 29
36877 1 71
36878 2 55
36879 2 37
36880 2 31
36881 1 47
36882 4 8
36883 0 79
36884 3 57
36885 1 5
36886 1 28
36887 1 14
36888 3 2
36889 3 3
36890 0 72
36891 0 32
36892 1 55
36893 0 81
36894 1 73
36895 4 15
36896 0 38
36897 1 53
36898 0 60
36899 2 100
36900 2 53
36901 3 6
36902 2 84
36903 1 26
36904 1 36
36905 3 39
36906 2 78
36907 0 68
36908 0 86
36909 1 33
36910 3 14
36911 2 67
36912 2 47
36913 3 19
36914 0 24
36915 1 48
36916 1 7
36917 0 63
36918 1 51
36919 2 38
36920 7 0
36921 127 0
36922 127 127
36923 0 126
36924 0 71
36925 126 127
36926 0 31
36927 3 29
36928 0 95
36929 0 77
36930 1 67
36931 5 2
36932 4 39
36933 0 51
36934 3 2
36935 2 19
36936 0 85
36937 0 93
36938 1 23
36939 0 70
36940 2 35
36941 2 15
36942 2 71
36943 3 72
36944 2 32
36945 5 5
36946 3 3
36947 1 13
36948 2 57
36949 0 92
36950 0 43
36951 2 16
36952 3 20
36953 2 46
36954 126 0
36955 0 65
36956 4 7
36957 0 37
36958 3 23
36959 0 97
36960 1 64
36961 3 2
36962 2 55
36963 3 39
36964 0 32
36965 5 6
36966 0 31
36967 0 28
36968 1 35
36969 3 3
36970 4 10
36971 4 16
36972 2 37
36973 2 11
36974 2 34
36975 0 47
36976 2 31
36977 2 13
36978 1 78
36979 4 20
36980 1 94
36981 3 1
36982 0 30
36983 1 11
36984 2 41
36985 0 46
36986 1 12
36987 0 86
36988 0 41
36989 0 40
36990 0 38
36991 0 57
36992 1 63
36993 2 43
36994 0 52
36995 2 78
36996 2 30
36997 0 127
36998 0 94
36999 0 71
37000 1 50
37001 0 25
37002 2 10
37003 2 40
37004 2 12
37005 0 104
37006 3 19
37007 1 81
37008 0 32
37009 0 29
37010 2 19
37011 127 0
37012 0 23
37013 0 48
37014 1 66
37015 3 38
37016 0 74
37017 2 26
37018 0 102
37019 0 70
37020 0 72
37021 3 12
37022 2 22
37023 4 1
37024 0 76
37025 2 25
37026 2 41
37027 0 64
37028 2 64
37029 3 5
37030 1 100
37031 6 17
37032 5 5
37033 4 15
37034 0 66
37035 1 36
37036 2 28
37037 0 82
37038 3 24
37039 1 27
37040 1 70
37041 3 25
37042 3 6
37043 1 22
37044 0 95
37045 1 62
37046 2 63
37047 4 9
37048 3 19
37049 3 23
37050 0 83
37051 0 31
37052 1 29
37053 8 0
37054 3 73
37055 1 44
37056 3 57
37057 4 42
37058 0 27
37059 0 22
37060 2 7
37061 7 0
37062 2 72
37063 1 101
37064 0 50
37065 2 35
37066 3 5
37067 3 6
37068 1 47
37069 2 19
37070 0 56
37071 0 77
37072 3 11
37073 1 35
37074 126 0
37075 3 13
37076 0 49
37077 1 66
37078 1 50
37079 127 127
37080 1 17
37081 0 67
37082 2 39
37083 0 33
37084 4 12
37085 0 41
37086 0 30
37087 4 10
37088 0 51
37089 4 23
37090 0 48
37091 0 20
37092 1 21
37093 8 0
37094 1 38
37095 0 61
37096 3 15
37097 1 26
37098 0 85
37099 1 11
37100 2 5
37101 2 64
37102 1 57
37103 1 76
37104 2 45
37105 4 38
37106 4 29
37107 1 84
37108 2 26
37109 0 38
37110 0 93
37111 1 23
37112 3 2
37113 127 0
37114 0 49
37115 1 32
37116 2 9
37117 3 5
37118 0 105
37119 6 0
37120 0 92
37121 3 9
37122 1 20
37123 3 39
37124 0 93
37125 0 45
37126 0 23
37127 0 40
37128 1 38
37129 2 13
37130 0 82
37131 3 8
37132 1 75
37133 2 15
37134 1 58
37135 1 34
37136 2 10
37137 1 57
37138 1 76
37139 0 91
37140 1 12
37141 2 9
37142 0 70
37143 1 11
37144 3 56
37145 2 5
37146 0 58
37147 0 62
37148 3 24
37149 1 12
37150 1 26
37151 5 7
37152 0 29
37153 0 86
37154 0 48
37155 2 12
37156 1 88
37157 1 13
37158 1 24
37159 1 7
37160 0 32
37161 126 0
37162 0 75
37163 1 11
37164 0 80
37165 0 44
37166 3 10
37167 2 76
37168 2 57
37169 2 8
37170 3 25
37171 3 29
37172 0 126
37173 0 35
37174 0 53
37175 9 0
37176 3 37
37177 1 18
37178 3 61
37179 1 44
37180 4 29
37181 0 68
37182 0 83
37183 0 36
37184 0 55
37185 1 70
37186 3 19
37187 0 35
37188 0 78
37189 5 0
37190 0 127
37191 0 31
37192 1 97
37193 1 30
37194 2 37
37195 0 22
37196 3 37
37197 3 23
37198 1 46
37199 0 74
37200 6 0
37201 1 60
37202 3 74
37203 126 127
37204 5 17
37205 1 82
37206 2 79
37207 2 36
37208 2 19
37209 0 50
37210 0 103
37211 2 63
37212 1 61
37213 0 126
37214 0 60
37215 0 70
37216 2 34
37217 0 56
37218 0 66
37219 0 44
37220 4 56
37221 1 23
37222 3 42
37223 5 38
37224 4 7
37225 2 52
37226 0 82
37227 0 97
37228 1 66
37229 4 42
37230 2 25
37231 1 52
37232 1 27
37233 0 54
37234 5 16
37235 1 44
37236 4 16
37237 3 24
37238 1 63
37239 3 19
37240 127 0
37241 3 60
37242 0 30
37243 1 37
37244 127 127
37245 3 14
37246 0 33
37247 0 17
37248 2 11
37249 2 74
37250 2 20
37251 3 43
37252 1 24
37253 0 77
37254 1 56
37255 2 44
37256 0 36
37257 0 67
37258 0 79
37259 1 16
37260 2 17
37261 1 23
37262 4 37
37263 1 38
37264 0 26
37265 0 34
37266 0 53
37267 3 22
37268 0 44
37269 3 61
37270 0 15
37271 1 97
37272 0 46
37273 1 81
37274 2 39
37275 0 83
37276 2 30
37277 0 65
37278 1 91
37279 0 31
37280 0 80
37281 3 13
37282 0 101
37283 0 76
37284 0 106
37285 3 5
37286 1 14
37287 0 68
37288 2 22
37289 0 97
37290 2 26
37291 1 46
37292 1 30
37293 2 30
37294 0 30
37295 5 7
37296 4 0
37297 1 20
37298 3 39
37299 2 54
37300 0 24
37301 5 16
37302 2 37
37303 2 25
37304 126 0
37305 1 29
37306 0 32
37307 127 0
37308 2 14
37309 0 56
37310 0 64
37311 1 70
37312 2 21
37313 4 16
37314 2 40
37315 0 75
37316 1 26
37317 4 6
37318 0 25
37319 0 65
37320 1 19
37321 2 6
37322 2 13
37323 2 19
37324 2 33
37325 1 5
37326 0 41
37327 1 85
37328 1 34
37329 0 127
37330 0 6
37331 1 84
37332 1 101
37333 1 58
37334 2 15
37335 8 0
37336 2 31
37337 2 56
37338 0 7
37339 0 73
37340 1 27
37341 0 13
37342 2 94
37343 4 41
37344 3 29
37345 1 26
37346 1 95
37347 0 95
37348 2 60
37349 0 70
37350 2 18
37351 1 24
37352 3 14
37353 0 34
37354 6 1
37355 2 57
37356 7 0
37357 3 4
37358 0 126
37359 1 43
37360 0 45
37361 3 23
37362 5 3
37363 0 101
37364 0 38
37365 0 104
37366 1 49
37367 3 62
37368 3 45
37369 1 37
37370 0 31
37371 1 7
37372 0 14
37373 0 51
37374 1 54
37375 2 59
37376 0 7
37377 3 19
37378 3 6
37379 0 40
37380 0 41
37381 3 20
37382 0 102
37383 3 19
37384 5 39
37385 1 75
37386 5 1
37387 126 0
37388 3 37
37389 1 20
37390 0 101
37391 4 8
37392 4 2
37393 1 94
37394 1 87
37395 1 18
37396 127 0
37397 0 77
37398 5 38
37399 0 88
37400 6 7
37401 0 59
37402 0 89
37403 0 92
37404 0 44
37405 0 75
37406 1 99
37407 2 19
37408 1 76
37409 4 7
37410 2 60
37411 2 30
37412 1 70
37413 1 40
37414 1 73
37415 3 25
37416 1 33
37417 1 55
37418 1 79
37419 3 3
37420 3 2
37421 1 64
37422 3 56
37423 0 74
37424 0 46
37425 3 42
37426 0 63
37427 0 24
37428 0 30
37429 0 62
37430 0 67
37431 0 85
37432 1 23
37433 0 71
37434 0 72
37435 0 68
37436 0 43
37437 3 16
37438 0 61
37439 0 35
37440 126 0
37441 4 9
37442 1 43
37443 2 84
37444 3 5
37445 2 62
37446 1 54
37447 3 12
37448 1 90
37449 0 12
37450 3 22
37451 0 25
37452 1 15
37453 0 82
37454 1 46
37455 0 88
37456 0 90
37457 3 36
37458 0 73
37459 0 84
37460 0 127
37461 3 23
37462 1 55
37463 2 71
37464 0 58
37465 4 29
37466 0 29
37467 0 23
37468 0 31
37469 1 50
37470 4 14
37471 1 54
37472 0 98
37473 0 60
37474 1 57
37475 0 107
37476 2 73
37477 0 93
37478 0 70
37479 0 63
37480 2 81
37481 1 81
37482 3 19
37483 0 106
37484 1 73
37485 1 22
37486 1 75
37487 5 0
37488 0 42
37489 0 24
37490 0 100
37491 2 74
37492 6 1
37493 2 52
37494 0 79
37495 1 72
37496 1 29
37497 1 86
37498 0 87
37499 0 107
37500 0 73
37501 2 99
37502 2 26
37503 0 106
37504 2 14
37505 0 59
37506 4 25
37507 2 18
37508 0 52
37509 1 85
37510 1 18
37511 0 19
37512 0 34
37513 3 29
37514 1 71
37515 5 9
37516 1 7
37517 1 23
37518 4 38
37519 3 3
37520 2 58
37521 2 25
37522 0 86
37523 0 81
37524 1 41
37525 0 54
37526 0 41
37527 0 43
37528 0 35
37529 3 46
37530 1 43
37531 2 94
37532 1 67
37533 1 78
37534 1 14
37535 0 66
37536 2 37
37537 1 99
37538 0 58
37539 0 29
37540 0 103
37541 6 2
37542 6 1
37543 126 127
37544 127 0
37545 0 23
37546 0 42
37547 0 26
37548 2 73
37549 3 6
37550 0 47
37551 0 87
37552 1 45
37553 1 86
37554 1 22
37555 3 60
37556 1 12
37557 1 26
37558 2 83
37559 1 62
37560 2 51
37561 0 82
37562 4 29
37563 4 40
37564 126 0
37565 0 55
37566 2 15
37567 6 2
37568 2 60
37569 3 21
37570 1 85
37571 0 46
37572 2 46
37573 0 61
37574 1 11
37575 0 60
37576 0 74
37577 0 43
37578 0 50
37579 2 18
37580 1 38
37581 127 0
37582 2 61
37583 1 31
37584 0 56
37585 6 3
37586 0 89
37587 2 59
37588 0 80
37589 4 41
37590 0 65
37591 0 41
37592 1 34
37593 1 52
37594 0 79
37595 5 1
37596 0 49
37597 2 47
37598 3 35
37599 4 16
37600 0 73
37601 0 53
37602 0 30
37603 1 42
37604 2 99
37605 4 24
37606 1 70
37607 2 10
37608 0 33
37609 2 36
37610 2 34
37611 0 24
37612 0 44
37613 3 17
37614 1 72
37615 2 23
37616 3 9
37617 2 64
37618 1 34
37619 1 35
37620 0 23
37621 0 7
37622 4 1
37623 0 97
37624 3 61
37625 0 42
37626 3 51
37627 2 57
37628 127 127
37629 0 47
37630 3 29
37631 1 27
37632 0 54
37633 0 43
37634 2 34
37635 0 29
37636 0 86
37637 0 25
37638 0 67
37639 1 69
37640 0 88
37641 0 24
37642 2 78
37643 0 35
37644 5 6
37645 0 46
37646 4 37
37647 1 13
37648 6 8
37649 1 37
37650 0 48
37651 0 45
37652 126 0
37653 0 26
37654 1 18
37655 2 18
37656 1 18
37657 3 37
37658 1 58
37659 6 0
37660 2 40
37661 1 78
37662 0 75
37663 1 75
37664 1 94
37665 0 58
37666 0 27
37667 1 14
37668 126 127
37669 1 32
37670 2 18
37671 0 102
37672 0 89
37673 2 7
37674 0 37
37675 1 57
37676 0 96
37677 0 105
37678 0 40
37679 4 40
37680 1 7
37681 1 31
37682 0 59
37683 2 51
37684 0 50
37685 4 8
37686 1 58
37687 1 83
37688 127 0
37689 5 0
37690 0 53
37691 0 98
37692 2 11
37693 1 100
37694 1 34
37695 0 80
37696 0 14
37697 2 31
37698 0 71
37699 1 29
37700 3 24
37701 0 38
37702 2 17
37703 0 5
37704 0 61
37705 3 14
37706 2 83
37707 0 29
37708 4 14
37709 6 7
37710 2 19
37711 2 21
37712 4 24
37713 1 57
37714 5 5
37715 3 16
37716 2 34
37717 3 19
37718 0 60
37719 0 15
37720 0 75
37721 0 31
37722 0 36
37723 0 99
37724 0 68
37725 2 81
37726 5 7
37727 2 43
37728 2 98
37729 1 64
37730 6 7
37731 3 5
37732 1 82
37733 2 70
37734 1 25
37735 1 101
37736 126 0
37737 0 104
37738 0 7
37739 1 38
37740 3 24
37741 4 35
37742 0 67
37743 1 30
37744 1 7
37745 3 21
37746 1 26
37747 3 2
37748 3 30
37749 2 14
37750 1 44
37751 2 13
37752 2 56
37753 5 6
37754 1 58
37755 4 3
37756 0 88
37757 0 51
37758 2 26
37759 0 25
37760 2 15
37761 3 29
37762 1 66
37763 3 15
37764 1 47
37765 0 79
37766 4 7
37767 0 37
37768 2 15
37769 1 27
37770 3 35
37771 2 66
37772 0 69
37773 2 41
37774 0 98
37775 1 57
37776 0 99
37777 5 1
37778 3 25
37779 1 98
37780 4 41
37781 0 126
37782 0 49
37783 1 34
37784 0 58
37785 2 74
37786 0 95
37787 0 92
37788 3 14
37789 3 15
37790 0 55
37791 3 1
37792 0 56
37793 1 66
37794 1 18
37795 0 32
37796 2 72
37797 2 19
37798 2 32
37799 3 8
37800 3 4
37801 2 84
37802 0 59
37803 0 83
37804 1 97
37805 4 39
37806 2 78
37807 2 50
37808 4 14
37809 3 2
37810 3 38
37811 0 4
37812 2 55
37813 0 98
37814 1 45
37815 4 0
37816 2 39
37817 1 75
37818 0 44
37819 1 71
37820 0 99
37821 4 16
37822 1 78
37823 0 46
37824 0 71
37825 5 41
37826 3 30
37827 2 78
37828 2 61
37829 2 9
37830 5 16
37831 7 0
37832 6 0
37833 2 24
37834 0 48
37835 0 127
37836 0 35
37837 1 93
37838 0 61
37839 1 26
37840 2 58
37841 0 38
37842 1 9
37843 1 69
37844 4 5
37845 0 34
37846 1 33
37847 0 101
37848 3 37
37849 0 80
37850 1 72
37851 1 100
37852 2 15
37853 2 73
37854 3 34
37855 0 54
37856 4 16
37857 0 97
37858 1 36
37859 0 68
37860 3 15
37861 1 35
37862 0 60
37863 0 53
37864 0 69
37865 1 29
37866 1 67
37867 1 55
37868 2 26
37869 0 62
37870 0 91
37871 2 10
37872 2 37
37873 2 36
37874 2 30
37875 2 15
37876 0 26
37877 2 80
37878 0 25
37879 3 5
37880 4 41
37881 3 10
37882 2 8
37883 2 10
37884 2 21
37885 3 9
37886 0 94
37887 0 85
37888 1 26
37889 2 4
37890 4 5
37891 0 35
37892 2 44
37893 0 79
37894 0 126
37895 1 30
37896 7 2
37897 3 4
37898 2 47
37899 2 18
37900 1 61
37901 1 34
37902 1 39
37903 3 33
37904 1 23
37905 1 69
37906 1 63
37907 1 36
37908 0 67
37909 1 18
37910 0 69
37911 1 22
37912 2 74
37913 5 18
37914 0 54
37915 1 47
37916 0 7
37917 0 50
37918 0 58
37919 7 0
37920 3 17
37921 2 45
37922 0 23
37923 3 1
37924 3 2
37925 1 31
37926 127 0
37927 2 39
37928 1 80
37929 6 8
37930 2 49
37931 3 7
37932 1 41
37933 2 82
37934 2 4
37935 3 4
37936 0 31
37937 2 100
37938 0 59
37939 0 27
37940 4 18
37941 0 96
37942 3 15
37943 2 11
37944 1 84
37945 0 76
37946 0 49
37947 0 43
37948 4 7
37949 2 55
37950 0 97
37951 4 13
37952 0 24
37953 0 52
37954 2 15
37955 5 10
37956 3 15
37957 3 21
37958 0 48
37959 3 1
37960 0 60
37961 5 41
37962 1 86
37963 2 21
37964 2 84
37965 1 49
37966 1 66
37967 2 26
37968 2 15
37969 0 18
37970 0 87
37971 1 55
37972 8 2
37973 2 7
37974 1 12
37975 0 127
37976 1 31
37977 3 8
37978 6 0
37979 1 43
37980 3 9
37981 1 11
37982 1 25
37983 0 23
37984 0 45
37985 3 30
37986 0 126
37987 3 15
37988 0 28
37989 1 37
37990 0 95
37991 0 46
37992 4 41
37993 1 45
37994 1 100
37995 0 19
37996 4 25
37997 2 66
37998 1 60
37999 0 82
38000 4 10
38001 1 78
38002 4 14
38003 4 11
38004 2 100
38005 4 8
38006 2 42
38007 3 26
38008 2 49
38009 0 25
38010 0 29
38011 3 5
38012 1 12
38013 3 2
38014 3 42
38015 3 1
38016 5 41
38017 0 55
38018 2 10
38019 5 2
38020 0 102
38021 2 72
38022 1 25
38023 1 52
38024 1 59
38025 126 0
38026 4 41
38027 2 8
38028 1 64
38029 4 10
38030 0 88
38031 0 56
38032 0 24
38033 0 78
38034 0 18
38035 127 127
38036 1 77
38037 2 23
38038 3 29
38039 0 61
38040 2 26
38041 3 44
38042 0 79
38043 0 41
38044 2 81
38045 0 28
38046 0 44
38047 0 105
38048 4 7
38049 1 7
38050 5 8
38051 1 60
38052 4 13
38053 2 55
38054 127 0
38055 2 36
38056 1 84
38057 0 80
38058 0 75
38059 0 19
38060 1 70
38061 3 19
38062 3 21
38063 1 87
38064 1 11
38065 1 39
38066 2 14
38067 1 80
38068 0 100
38069 1 59
38070 0 42
38071 0 93
38072 4 14
38073 0 33
38074 0 51
38075 1 49
38076 0 59
38077 0 30
38078 3 26
38079 1 60
38080 5 16
38081 1 50
38082 5 1
38083 0 86
38084 0 43
38085 0 55
38086 2 17
38087 7 2
38088 1 59
38089 2 24
38090 2 16
38091 3 2
38092 3 8
38093 0 58
38094 2 18
38095 2 54
38096 0 104
38097 2 99
38098 5 18
38099 1 73
38100 1 63
38101 0 77
38102 0 84
38103 4 5
38104 0 74
38105 2 19
38106 0 23
38107 5 2
38108 2 4
38109 0 44
38110 2 60
38111 1 53
38112 0 72
38113 0 85
38114 1 64
38115 0 98
38116 2 41
38117 4 1
38118 2 8
38119 1 76
38120 0 75
38121 126 127
38122 3 7
38123 0 52
38124 0 50
38125 0 41
38126 4 7
38127 1 84
38128 3 4
38129 2 39
38130 0 127
38131 2 23
38132 4 17
38133 1 39
38134 0 36
38135 2 11
38136 2 71
38137 0 80
38138 1 102
38139 1 42
38140 5 15
38141 0 57
38142 2 39
38143 0 25
38144 7 1
38145 4 13
38146 5 0
38147 1 35
38148 0 103
38149 3 11
38150 6 6
38151 2 4
38152 0 34
38153 1 39
38154 5 10
38155 2 39
38156 3 12
38157 5 14
38158 1 55
38159 2 76
38160 1 81
38161 1 34
38162 1 76
38163 4 15
38164 3 17
38165 2 44
38166 1 80
38167 0 55
38168 1 25
38169 1 101
38170 1 43
38171 3 3
38172 0 71
38173 3 1
38174 2 21
38175 0 29
38176 0 26
38177 3 5
38178 2 26
38179 2 47
38180 3 43
38181 0 73
38182 1 56
38183 2 55
38184 3 30
38185 0 63
38186 6 0
38187 0 90
38188 0 51
38189 0 53
38190 0 33
38191 1 73
38192 1 18
38193 2 56
38194 2 61
38195 2 76
38196 1 66
38197 1 69
38198 4 38
38199 5 6
38200 0 74
38201 0 126
38202 1 86
38203 1 42
38204 5 1
38205 0 75
38206 126 0
38207 1 30
38208 0 27
38209 5 2
38210 3 34
38211 1 83
38212 0 74
38213 1 43
38214 0 102
38215 0 92
38216 6 4
38217 0 28
38218 2 80
38219 2 54
38220 0 35
38221 0 60
38222 4 1
38223 0 61
38224 0 25
38225 1 84
38226 0 24
38227 0 83
38228 3 38
38229 0 5
38230 1 12
38231 1 50
38232 0 87
38233 1 26
38234 0 37
38235 3 20
38236 3 10
38237 1 49
38238 3 7
38239 1 56
38240 4 40
38241 127 127
38242 2 70
38243 126 127
38244 6 2
38245 0 80
38246 0 47
38247 1 33
38248 0 49
38249 1 38
38250 2 71
38251 1 68
38252 1 49
38253 3 2
38254 0 6
38255 1 76
38256 0 5
38257 3 18
38258 3 21
38259 4 12
38260 1 54
38261 3 4
38262 0 78
38263 0 33
38264 2 68
38265 2 79
38266 0 77
38267 127 0
38268 0 7
38269 0 29
38270 3 58
38271 1 46
38272 3 25
38273 3 29
38274 1 33
38275 2 66
38276 2 24
38277 1 45
38278 3 42
38279 1 31
38280 0 52
38281 1 75
38282 3 32
38283 1 68
38284 3 35
38285 4 7
38286 0 18
38287 0 89
38288 2 58
38289 0 103
38290 0 88
38291 2 4
38292 1 79
38293 0 38
38294 0 97
38295 3 8
38296 1 53
38297 0 66
38298 3 34
38299 1 7
38300 0 102
38301 2 21
38302 0 7
38303 0 98
38304 0 60
38305 0 34
38306 0 61
38307 2 101
38308 0 86
38309 0 28
38310 0 42
38311 1 72
38312 1 54
38313 1 19
38314 3 7
38315 0 53
38316 1 42
38317 3 3
38318 0 67
38319 2 34
38320 1 78
38321 4 7
38322 2 73
38323 1 23
38324 1 22
38325 0 91
38326 2 10
38327 0 26
38328 0 73
38329 4 4
38330 1 46
38331 3 6
38332 1 36
38333 0 48
38334 0 58
38335 1 41
38336 0 74
38337 0 19
38338 2 35
38339 0 60
38340 1 87
38341 1 25
38342 5 11
38343 0 62
38344 2 17
38345 0 79
38346 0 73
38347 0 27
38348 2 22
38349 2 9
38350 1 50
38351 2 70
38352 4 2
38353 2 16
38354 0 92
38355 5 10
38356 1 23
38357 0 61
38358 3 13
38359 2 13
38360 3 15
38361 0 63
38362 2 32
38363 2 10
38364 0 26
38365 0 18
38366 0 80
38367 1 45
38368 1 71
38369 0 70
38370 1 99
38371 1 69
38372 0 47
38373 2 41
38374 1 40
38375 0 40
38376 1 30
38377 0 90
38378 0 85
38379 1 72
38380 0 60
38381 3 40
38382 1 43
38383 1 46
38384 127 127
38385 4 11
38386 0 86
38387 0 85
38388 5 0
38389 0 27
38390 3 10
38391 4 14
38392 0 52
38393 6 5
38394 2 17
38395 1 86
38396 6 3
38397 0 53
38398 1 41
38399 1 39
38400 2 19
38401 2 21
38402 2 54
38403 0 11
38404 1 54
38405 2 55
38406 4 12
38407 2 74
38408 3 13
38409 2 84
38410 2 23
38411 1 57
38412 2 8
38413 2 99
38414 1 45
38415 1 87
38416 0 94
38417 5 11
38418 0 22
38419 4 1
38420 0 41
38421 0 127
38422 0 50
38423 0 57
38424 1 22
38425 1 79
38426 1 68
38427 1 27
38428 5 9
38429 2 11
38430 3 58
38431 1 53
38432 0 51
38433 0 43
38434 1 34
38435 2 46
38436 126 0
38437 0 27
38438 2 54
38439 4 11
38440 0 97
38441 2 73
38442 1 84
38443 4 5
38444 1 49
38445 2 59
38446 0 126
38447 0 45
38448 3 35
38449 1 38
38450 1 10
38451 5 12
38452 1 101
38453 1 28
38454 3 17
38455 2 13
38456 0 96
38457 5 3
38458 4 18
38459 0 127
38460 2 35
38461 0 62
38462 1 24
38463 1 90
38464 0 75
38465 0 126
38466 0 23
38467 0 9
38468 3 21
38469 0 91
38470 2 36
38471 4 10
38472 1 31
38473 0 93
38474 0 38
38475 0 79
38476 0 50
38477 3 9
38478 0 80
38479 6 4
38480 1 89
38481 0 87
38482 2 84
38483 0 95
38484 0 58
38485 1 52
38486 3 44
38487 1 25
38488 2 29
38489 1 71
38490 1 82
38491 0 96
38492 4 19
38493 2 9
38494 1 24
38495 1 19
38496 2 40
38497 4 13
38498 1 30
38499 2 42
38500 6 0
38501 1 38
38502 5 11
38503 1 99
38504 3 35
38505 3 18
38506 4 4
38507 1 98
38508 5 5
38509 1 66
38510 3 23
38511 3 17
38512 0 21
38513 2 23
38514 0 38
38515 0 99
38516 1 51
38517 1 44
38518 7 2
38519 1 61
38520 2 19
38521 0 69
38522 2 43
38523 1 81
38524 2 21
38525 3 45
38526 1 42
38527 0 78
38528 0 95
38529 4 8
38530 0 81
38531 1 27
38532 1 84
38533 1 45
38534 0 70
38535 2 44
38536 1 36
38537 0 25
38538 1 31
38539 0 68
38540 0 44
38541 4 11
38542 2 30
38543 2 33
38544 4 45
38545 2 36
38546 1 19
38547 4 18
38548 1 36
38549 2 84
38550 2 47
38551 1 43
38552 0 90
38553 0 72
38554 3 45
38555 7 4
38556 2 61
38557 1 46
38558 1 38
38559 1 85
38560 0 38
38561 0 67
38562 1 60
38563 1 69
38564 0 45
38565 0 52
38566 126 127
38567 4 5
38568 2 25
38569 0 85
38570 5 0
38571 3 4
38572 5 12
38573 127 0
38574 1 59
38575 1 44
38576 0 127
38577 1 68
38578 2 44
38579 2 38
38580 0 68
38581 1 7
38582 1 73
38583 0 6
38584 0 103
38585 0 57
38586 2 71
38587 0 49
38588 3 16
38589 0 69
38590 0 59
38591 0 100
38592 3 21
38593 1 8
38594 0 53
38595 2 26
38596 3 8
38597 0 126
38598 4 10
38599 6 0
38600 0 61
38601 0 127
38602 6 2
38603 126 0
38604 0 98
38605 1 45
38606 2 28
38607 2 41
38608 5 11
38609 2 68
38610 2 67
38611 127 127
38612 0 74
38613 0 77
38614 3 46
38615 0 51
38616 127 0
38617 1 51
38618 1 48
38619 7 2
38620 2 37
38621 0 8
38622 6 11
38623 4 14
38624 0 80
38625 3 45
38626 3 10
38627 0 22
38628 0 19
38629 5 0
38630 0 66
38631 1 8
38632 1 56
38633 1 68
38634 0 76
38635 1 82
38636 2 56
38637 0 42
38638 2 48
38639 4 2
38640 0 27
38641 4 10
38642 0 102
38643 1 7
38644 0 51
38645 2 40
38646 1 32
38647 0 81
38648 1 14
38649 2 72
38650 1 84
38651 3 72
38652 2 101
38653 5 13
38654 2 31
38655 0 86
38656 1 26
38657 1 85
38658 0 84
38659 2 85
38660 3 14
38661 0 77
38662 5 6
38663 0 36
38664 6 2
38665 1 54
38666 3 46
38667 0 126
38668 2 26
38669 0 24
38670 1 8
38671 0 75
38672 2 38
38673 126 127
38674 3 44
38675 1 46
38676 1 26
38677 2 7
38678 2 15
38679 0 85
38680 0 37
38681 2 72
38682 6 1
38683 3 9
38684 2 37
38685 2 6
38686 0 83
38687 4 16
38688 3 23
38689 1 71
38690 0 26
38691 0 18
38692 3 18
38693 2 34
38694 0 68
38695 4 0
38696 1 7
38697 0 27
38698 1 86
38699 2 84
38700 2 41
38701 2 30
38702 1 31
38703 5 8
38704 1 59
38705 0 19
38706 0 36
38707 2 24
38708 0 80
38709 1 25
38710 1 23
38711 0 81
38712 0 7
38713 0 84
38714 0 91
38715 4 1
38716 6 4
38717 1 57
38718 5 2
38719 5 11
38720 1 35
38721 0 89
38722 0 103
38723 0 127
38724 0 79
38725 0 97
38726 2 60
38727 1 50
38728 2 50
38729 4 12
38730 3 10
38731 0 70
38732 0 25
38733 6 6
38734 1 95
38735 2 58
38736 1 26
38737 1 51
38738 5 14
38739 3 13
38740 2 69
38741 3 7
38742 0 83
38743 1 60
38744 1 28
38745 1 32
38746 2 82
38747 0 37
38748 2 19
38749 6 0
38750 0 50
38751 0 64
38752 2 8
38753 1 91
38754 0 18
38755 0 96
38756 0 14
38757 4 23
38758 2 36
38759 2 37
38760 1 81
38761 3 1
38762 2 5
38763 3 15
38764 3 58
38765 0 41
38766 0 42
38767 2 36
38768 3 47
38769 0 43
38770 1 59
38771 0 81
38772 2 16
38773 2 44
38774 1 81
38775 3 12
38776 0 52
38777 3 14
38778 0 57
38779 1 69
38780 0 53
38781 2 21
38782 4 15
38783 0 48
38784 2 22
38785 1 52
38786 2 15
38787 0 80
38788 2 16
38789 0 69
38790 0 92
38791 1 90
38792 2 26
38793 4 1
38794 1 63
38795 1 91
38796 0 47
38797 1 42
38798 1 36
38799 4 3
38800 1 45
38801 0 23
38802 0 71
38803 2 4
38804 0 44
38805 0 126
38806 0 8
38807 1 43
38808 0 82
38809 0 49
38810 0 90
38811 0 73
38812 1 50
38813 1 31
38814 1 33
38815 2 52
38816 0 67
38817 0 62
38818 6 2
38819 5 4
38820 2 15
38821 2 58
38822 3 24
38823 4 35
38824 1 73
38825 1 57
38826 5 10
38827 1 14
38828 3 17
38829 3 82
38830 0 19
38831 0 61
38832 3 72
38833 2 86
38834 0 48
38835 1 29
38836 0 56
38837 1 24
38838 2 37
38839 4 8
38840 1 60
38841 0 62
38842 1 42
38843 2 9
38844 0 74
38845 3 21
38846 2 6
38847 2 73
38848 1 94
38849 4 16
38850 2 82
38851 0 38
38852 1 26
38853 2 31
38854 3 5
38855 1 46
38856 3 4
38857 0 36
38858 127 127
38859 1 68
38860 5 6
38861 1 45
38862 1 73
38863 7 0
38864 2 4
38865 4 6
38866 2 26
38867 0 88
38868 2 63
38869 3 82
38870 5 2
38871 3 1
38872 0 102
38873 0 58
38874 4 22
38875 2 7
38876 1 70
38877 2 28
38878 6 0
38879 0 93
38880 2 55
38881 0 99
38882 3 20
38883 0 33
38884 1 31
38885 1 56
38886 0 98
38887 3 7
38888 4 15
38889 1 66
38890 0 22
38891 3 4
38892 0 79
38893 0 99
38894 1 63
38895 0 95
38896 1 52
38897 2 40
38898 0 61
38899 2 18
38900 2 61
38901 0 66
38902 2 33
38903 2 52
38904 0 75
38905 0 18
38906 0 84
38907 4 10
38908 0 87
38909 3 10
38910 4 9
38911 2 94
38912 0 92
38913 2 21
38914 2 41
38915 2 16
38916 2 39
38917 0 14
38918 3 67
38919 1 43
38920 0 46
38921 0 43
38922 2 91
38923 4 11
38924 5 5
38925 5 4
38926 3 35
38927 0 85
38928 0 44
38929 2 8
38930 0 80
38931 0 16
38932 1 101
38933 2 49
38934 0 88
38935 3 55
38936 2 32
38937 0 29
38938 2 14
38939 0 17
38940 1 65
38941 0 49
38942 2 22
38943 2 57
38944 1 27
38945 3 2
38946 2 4
38947 0 127
38948 2 70
38949 3 13
38950 2 82
38951 0 78
38952 4 1
38953 1 52
38954 0 50
38955 1 67
38956 0 72
38957 3 23
38958 1 62
38959 3 12
38960 2 21
38961 2 46
38962 2 9
38963 2 42
38964 1 90
38965 0 84
38966 2 8
38967 1 39
38968 3 9
38969 0 68
38970 3 61
38971 3 82
38972 0 69
38973 3 3
38974 0 71
38975 0 31
38976 2 61
38977 0 48
38978 1 34
38979 2 41
38980 5 13
38981 5 9
38982 0 51
38983 0 79
38984 0 23
38985 0 90
38986 0 93
38987 0 43
38988 3 2
38989 0 85
38990 0 92
38991 2 9
38992 3 3
38993 0 74
38994 3 30
38995 0 98
38996 1 55
38997 2 82
38998 0 63
38999 2 25
39000 4 10
39001 0 22
39002 1 64
39003 1 94
39004 0 28
39005 0 37
39006 3 44
39007 1 38
39008 2 54
39009 0 16
39010 2 62
39011 0 65
39012 126 127
39013 0 67
39014 0 17
39015 0 103
39016 1 69
39017 1 62
39018 1 90
39019 1 8
39020 0 39
39021 3 10
39022 1 23
39023 2 34
39024 3 8
39025 3 13
39026 0 87
39027 0 91
39028 1 49
39029 0 19
39030 1 26
39031 2 71
39032 2 64
39033 5 8
39034 1 80
39035 3 15
39036 1 63
39037 0 45
39038 3 56
39039 4 8
39040 2 31
39041 1 81
39042 1 24
39043 0 96
39044 2 32
39045 1 50
39046 2 52
39047 2 31
39048 3 55
39049 3 1
39050 0 18
39051 5 11
39052 1 59
39053 6 2
39054 3 8
39055 0 95
39056 0 102
39057 4 2
39058 1 72
39059 4 4
39060 0 88
39061 1 19
39062 2 70
39063 1 65
39064 0 44
39065 2 60
39066 0 69
39067 1 54
39068 4 12
39069 0 55
39070 3 48
39071 1 23
39072 3 12
39073 4 8
39074 0 77
39075 0 66
39076 1 14
39077 0 52
39078 0 64
39079 4 21
39080 0 8
39081 2 36
39082 2 55
39083 3 8
39084 0 42
39085 1 93
39086 0 103
39087 0 73
39088 0 60
39089 2 13
39090 2 14
39091 2 32
39092 3 82
39093 1 24
39094 2 13
39095 2 67
39096 0 74
39097 0 68
39098 2 31
39099 2 22
39100 0 69
39101 2 82
39102 4 1
39103 1 23
39104 4 12
39105 0 84
39106 2 47
39107 1 8
39108 2 32
39109 0 94
39110 0 23
39111 1 86
39112 0 62
39113 0 95
39114 3 12
39115 0 81
39116 0 49
39117 3 71
39118 1 33
39119 0 67
39120 6 11
39121 3 82
39122 2 61
39123 4 8
39124 3 8
39125 2 24
39126 1 27
39127 0 22
39128 3 49
39129 0 34
39130 0 126
39131 4 9
39132 0 101
39133 1 69
39134 3 55
39135 2 8
39136 0 45
39137 6 3
39138 0 82
39139 0 44
39140 1 17
39141 2 51
39142 1 56
39143 4 17
39144 0 76
39145 3 8
39146 2 49
39147 2 44
39148 5 3
39149 0 92
39150 2 21
39151 5 1
39152 2 58
39153 0 7
39154 0 27
39155 3 2
39156 0 8
39157 1 57
39158 1 66
39159 1 9
39160 0 61
39161 0 17
39162 3 17
39163 2 92
39164 5 11
39165 5 0
39166 2 38
39167 3 22
39168 2 22
39169 0 28
39170 4 7
39171 4 10
39172 0 105
39173 1 65
39174 5 21
39175 6 8
39176 2 30
39177 2 14
39178 0 40
39179 0 85
39180 3 32
39181 0 50
39182 2 32
39183 4 6
39184 1 60
39185 5 4
39186 3 44
39187 4 21
39188 1 59
39189 0 35
39190 4 17
39191 5 9
39192 0 45
39193 1 38
39194 1 103
39195 0 46
39196 2 25
39197 0 69
39198 3 3
39199 3 13
39200 0 97
39201 2 13
39202 0 48
39203 1 70
39204 0 77
39205 0 56
39206 1 60
39207 5 1
39208 1 31
39209 0 127
39210 4 9
39211 0 98
39212 0 126
39213 0 90
39214 5 8
39215 2 38
39216 4 12
39217 2 44
39218 2 70
39219 3 72
39220 6 11
39221 5 7
39222 3 7
39223 0 47
39224 1 59
39225 3 13
39226 1 94
39227 1 69
39228 1 48
39229 0 33
39230 0 69
39231 3 16
39232 7 0
39233 0 19
39234 1 24
39235 0 96
39236 0 55
39237 1 19
39238 0 31
39239 0 9
39240 0 56
39241 1 26
39242 0 36
39243 3 18
39244 1 80
39245 1 70
39246 0 27
39247 3 25
39248 3 23
39249 2 66
39250 0 29
39251 1 14
39252 3 2
39253 0 127
39254 0 28
39255 1 84
39256 2 82
39257 2 16
39258 127 127
39259 3 9
39260 6 3
39261 0 35
39262 5 11
39263 0 43
39264 0 65
39265 1 66
39266 6 2
39267 0 6
39268 1 33
39269 0 55
39270 126 0
39271 3 10
39272 1 29
39273 1 39
39274 0 49
39275 0 76
39276 0 53
39277 0 95
39278 3 8
39279 2 18
39280 2 25
39281 1 93
39282 4 10
39283 3 38
39284 0 30
39285 0 87
39286 0 24
39287 2 86
39288 3 30
39289 2 21
39290 3 71
39291 0 18
39292 2 91
39293 3 12
39294 2 38
39295 0 56
39296 0 31
39297 2 14
39298 2 46
39299 0 72
39300 0 10
39301 2 81
39302 1 23
39303 0 39
39304 1 44
39305 1 65
39306 1 83
39307 1 40
39308 0 20
39309 1 60
39310 2 62
39311 4 35
39312 1 94
39313 2 9
39314 2 71
39315 0 126
39316 6 3
39317 0 41
39318 2 61
39319 2 43
39320 3 16
39321 5 8
39322 0 55
39323 0 127
39324 1 21
39325 0 26
39326 4 18
39327 3 22
39328 3 34
39329 0 104
39330 0 9
39331 0 42
39332 3 9
39333 3 71
39334 4 4
39335 1 34
39336 5 0
39337 0 46
39338 0 93
39339 0 41
39340 3 3
39341 3 7
39342 4 1
39343 2 17
39344 4 2
39345 0 38
39346 3 49
39347 2 62
39348 1 59
39349 0 57
39350 0 62
39351 3 41
39352 0 50
39353 0 59
39354 0 48
39355 3 2
39356 2 49
39357 2 55
39358 0 42
39359 1 91
39360 2 9
39361 0 47
39362 2 66
39363 0 44
39364 0 65
39365 3 8
39366 0 5
39367 0 56
39368 2 31
39369 2 82
39370 0 96
39371 0 61
39372 4 36
39373 0 6
39374 127 0
39375 1 102
39376 3 33
39377 0 48
39378 6 11
39379 1 92
39380 1 73
39381 5 3
39382 0 45
39383 1 66
39384 1 60
39385 6 3
39386 1 35
39387 0 40
39388 0 71
39389 0 81
39390 1 25
39391 1 72
39392 1 30
39393 2 41
39394 0 103
39395 2 22
39396 0 88
39397 0 83
39398 3 49
39399 0 29
39400 2 33
39401 3 3
39402 2 80
39403 1 14
39404 2 39
39405 1 91
39406 3 2
39407 1 28
39408 2 60
39409 0 57
39410 3 62
39411 2 19
39412 0 104
39413 2 13
39414 0 77
39415 3 9
39416 0 27
39417 0 52
39418 1 38
39419 1 53
39420 1 60
39421 5 3
39422 1 44
39423 0 25
39424 5 4
39425 2 14
39426 0 72
39427 2 21
39428 1 92
39429 1 21
39430 1 80
39431 4 8
39432 3 39
39433 0 100
39434 2 71
39435 0 26
39436 2 80
39437 0 56
39438 6 3
39439 1 79
39440 2 56
39441 2 32
39442 0 35
39443 3 3
39444 1 33
39445 1 14
39446 0 126
39447 126 127
39448 0 44
39449 1 31
39450 0 36
39451 3 32
39452 3 41
39453 2 59
39454 1 98
39455 0 79
39456 2 53
39457 1 47
39458 1 18
39459 1 51
39460 2 41
39461 0 30
39462 127 127
39463 2 49
39464 3 18
39465 2 66
39466 0 103
39467 4 35
39468 2 52
39469 0 76
39470 1 73
39471 2 39
39472 0 62
39473 1 62
39474 0 33
39475 0 99
39476 0 104
39477 0 49
39478 1 44
39479 2 14
39480 2 37
39481 1 97
39482 1 65
39483 4 32
39484 0 91
39485 1 50
39486 4 4
39487 0 98
39488 0 58
39489 2 21
39490 0 37
39491 0 24
39492 0 127
39493 0 61
39494 0 38
39495 2 20
39496 0 102
39497 0 43
39498 0 65
39499 3 13
39500 1 45
39501 1 81
39502 1 58
39503 3 35
39504 0 60
39505 2 30
39506 3 22
39507 0 71
39508 0 72
39509 0 10
39510 5 8
39511 2 72
39512 8 0
39513 1 86
39514 1 51
39515 2 7
39516 3 61
39517 0 23
39518 1 38
39519 2 23
39520 2 19
39521 2 61
39522 0 18
39523 1 59
39524 0 9
39525 0 105
39526 1 74
39527 2 92
39528 0 61
39529 0 50
39530 3 46
39531 0 49
39532 5 21
39533 0 54
39534 2 46
39535 1 22
39536 0 81
39537 0 126
39538 6 0
39539 0 36
39540 2 97
39541 0 55
39542 1 67
39543 2 24
39544 9 0
39545 1 21
39546 0 71
39547 0 27
39548 1 50
39549 5 3
39550 0 10
39551 2 29
39552 0 66
39553 0 22
39554 5 0
39555 0 53
39556 1 51
39557 0 77
39558 2 36
39559 0 63
39560 1 82
39561 126 0
39562 0 127
39563 2 32
39564 0 38
39565 5 12
39566 1 63
39567 3 66
39568 0 28
39569 6 0
39570 0 126
39571 8 0
39572 0 60
39573 1 87
39574 3 8
39575 0 25
39576 0 9
39577 2 21
39578 0 50
39579 0 84
39580 1 49
39581 1 44
39582 3 43
39583 2 70
39584 0 99
39585 9 0
39586 0 42
39587 4 13
39588 3 2
39589 0 68
39590 2 37
39591 0 17
39592 0 65
39593 0 107
39594 8 0
39595 3 10
39596 2 20
39597 1 83
39598 0 76
39599 2 54
39600 1 60
39601 0 61
39602 0 82
39603 2 42
39604 1 25
39605 2 45
39606 1 72
39607 0 57
39608 2 83
39609 0 18
39610 4 10
39611 0 101
39612 1 62
39613 2 51
39614 2 49
39615 0 90
39616 0 127
39617 0 8
39618 0 92
39619 2 23
39620 0 87
39621 0 70
39622 0 66
39623 4 21
39624 1 51
39625 1 33
39626 0 73
39627 0 75
39628 1 49
39629 3 52
39630 5 0
39631 1 56
39632 3 61
39633 1 83
39634 0 72
39635 0 43
39636 4 1
39637 0 41
39638 2 30
39639 2 52
39640 0 25
39641 4 3
39642 3 34
39643 1 53
39644 3 9
39645 0 42
39646 0 95
39647 0 29
39648 2 51
39649 4 7
39650 1 25
39651 1 46
39652 2 36
39653 0 88
39654 0 40
39655 4 11
39656 2 74
39657 0 24
39658 4 10
39659 0 93
39660 1 41
39661 0 53
39662 1 53
39663 0 60
39664 5 1
39665 2 41
39666 2 56
39667 0 98
39668 7 0
39669 2 29
39670 2 42
39671 1 14
39672 1 56
39673 1 64
39674 0 54
39675 2 67
39676 5 9
39677 1 23
39678 0 53
39679 5 4
39680 1 55
39681 0 86
39682 2 87
39683 1 47
39684 5 7
39685 3 52
39686 0 104
39687 2 33
39688 2 9
39689 0 25
39690 2 13
39691 1 71
39692 0 64
39693 0 92
39694 1 17
39695 0 55
39696 1 39
39697 2 6
39698 0 21
39699 1 52
39700 3 35
39701 1 97
39702 2 19
39703 1 87
39704 2 83
39705 2 37
39706 0 9
39707 6 10
39708 2 15
39709 3 1
39710 3 53
39711 2 91
39712 2 39
39713 1 34
39714 1 54
39715 1 39
39716 0 103
39717 1 96
39718 0 69
39719 0 78
39720 3 3
39721 0 17
39722 4 4
39723 6 7
39724 0 93
39725 2 35
39726 0 51
39727 0 91
39728 6 11
39729 0 73
39730 2 46
39731 5 2
39732 0 89
39733 0 52
39734 1 84
39735 1 80
39736 0 126
39737 1 50
39738 4 3
39739 0 50
39740 6 10
39741 4 0
39742 2 41
39743 5 21
39744 0 97
39745 0 127
39746 2 60
39747 0 26
39748 5 7
39749 1 43
39750 4 16
39751 2 82
39752 1 88
39753 6 11
39754 4 21
39755 0 27
39756 0 84
39757 0 126
39758 0 39
39759 0 77
39760 3 3
39761 0 28
39762 1 59
39763 1 75
39764 2 39
39765 2 30
39766 1 36
39767 0 29
39768 0 75
39769 3 32
39770 2 45
39771 3 23
39772 2 54
39773 0 58
39774 0 98
39775 0 87
39776 0 23
39777 3 9
39778 4 22
39779 1 33
39780 0 72
39781 2 31
39782 0 78
39783 1 74
39784 1 68
39785 0 92
39786 4 31
39787 0 94
39788 1 29
39789 0 81
39790 2 28
39791 0 28
39792 1 24
39793 0 127
39794 0 126
39795 1 82
39796 2 18
39797 1 44
39798 2 14
39799 2 19
39800 1 43
39801 1 53
39802 4 1
39803 1 92
39804 2 69
39805 2 27
39806 6 7
39807 0 26
39808 0 36
39809 0 57
39810 0 62
39811 3 33
39812 0 40
39813 0 7
39814 0 59
39815 1 44
39816 0 80
39817 0 82
39818 0 43
39819 3 35
39820 3 16
39821 1 32
39822 0 127
39823 1 61
39824 2 94
39825 127 0
39826 3 37
39827 4 21
39828 0 126
39829 0 53
39830 2 37
39831 1 54
39832 2 53
39833 5 8
39834 2 42
39835 5 0
39836 1 93
39837 1 63
39838 0 97
39839 0 68
39840 5 4
39841 3 62
39842 0 85
39843 0 98
39844 1 79
39845 3 30
39846 4 3
39847 2 88
39848 1 56
39849 4 11
39850 4 22
39851 0 83
39852 0 106
39853 5 5
39854 0 39
39855 0 81
39856 0 40
39857 1 89
39858 1 35
39859 1 39
39860 0 27
39861 6 0
39862 1 36
39863 1 35
39864 0 58
39865 2 70
39866 0 100
39867 1 49
39868 1 37
39869 1 31
39870 2 18
39871 2 90
39872 0 8
39873 0 105
39874 0 42
39875 1 32
39876 2 19
39877 3 53
39878 4 32
39879 0 22
39880 0 60
39881 5 0
39882 1 57
39883 0 71
39884 4 21
39885 0 89
39886 3 2
39887 0 6
39888 1 31
39889 0 95
39890 2 33
39891 0 93
39892 0 16
39893 2 2
39894 0 17
39895 2 53
39896 4 14
39897 3 32
39898 1 70
39899 3 53
39900 3 60
39901 1 52
39902 2 31
39903 2 50
39904 3 29
39905 2 23
39906 126 127
39907 0 18
39908 0 57
39909 0 43
39910 1 83
39911 3 13
39912 1 71
39913 4 7
39914 0 106
39915 1 17
39916 2 34
39917 0 97
39918 2 59
39919 2 46
39920 4 32
39921 0 37
39922 5 4
39923 1 42
39924 2 9
39925 1 66
39926 1 73
39927 0 51
39928 0 67
39929 3 23
39930 1 28
39931 2 29
39932 2 62
39933 0 29
39934 0 39
39935 2 39
39936 2 43
39937 3 2
39938 0 25
39939 1 56
39940 0 80
39941 0 42
39942 1 21
39943 0 26
39944 4 15
39945 4 5
39946 3 31
39947 6 0
39948 1 40
39949 2 42
39950 3 33
39951 2 41
39952 0 28
39953 1 43
39954 1 38
39955 1 91
39956 0 40
39957 0 127
39958 3 17
39959 126 0
39960 3 90
39961 3 61
39962 6 2
39963 0 77
39964 0 25
39965 2 52
39966 2 13
39967 2 23
39968 0 68
39969 0 70
39970 5 0
39971 0 26
39972 2 63
39973 127 0
39974 3 39
39975 3 50
39976 1 60
39977 0 9
39978 0 102
39979 1 36
39980 2 58
39981 3 7
39982 5 13
39983 2 54
39984 0 31
39985 1 74
39986 3 8
39987 1 28
39988 2 12
39989 126 0
39990 2 96
39991 0 98
39992 1 68
39993 0 33
39994 5 9
39995 2 30
39996 0 78
39997 1 96
39998 5 2
39999 1 100
40000 2 62
40001 0 39
40002 2 33
40003 1 58
40004 0 94
40005 0 17
40006 6 2
40007 2 22
40008 0 47
40009 0 101
40010 0 21
40011 2 23
40012 0 97
40013 3 16
40014 1 88
40015 3 60
40016 127 0
40017 0 22
40018 1 53
40019 1 69
40020 0 59
40021 1 99
40022 3 7
40023 2 50
40024 0 126
40025 0 92
40026 1 30
40027 0 53
40028 0 100
40029 2 31
40030 2 13
40031 1 90
40032 4 18
40033 1 68
40034 1 69
40035 0 16
40036 0 50
40037 3 36
40038 0 40
40039 0 28
40040 1 26
40041 0 101
40042 0 35
40043 8 0
40044 2 79
40045 0 44
40046 0 76
40047 3 35
40048 2 18
40049 0 41
40050 1 79
40051 0 51
40052 0 99
40053 0 86
40054 1 91
40055 1 54
40056 1 61
40057 7 0
40058 2 71
40059 3 32
40060 6 0
40061 0 61
40062 126 0
40063 1 90
40064 2 22
40065 2 24
40066 1 65
40067 0 32
40068 0 91
40069 5 1
40070 2 20
40071 6 6
40072 5 6
40073 0 93
40074 0 7
40075 127 127
40076 0 81
40077 3 8
40078 0 54
40079 0 27
40080 1 80
40081 0 66
40082 3 11
40083 2 54
40084 1 33
40085 0 50
40086 2 42
40087 2 28
40088 2 10
40089 2 9
40090 2 60
40091 0 87
40092 0 83
40093 1 67
40094 2 11
40095 3 22
40096 0 24
40097 4 1
40098 0 96
40099 1 52
40100 3 3
40101 0 55
40102 0 67
40103 2 22
40104 2 58
40105 1 60
40106 1 45
40107 2 30
40108 127 0
40109 0 63
40110 2 31
40111 0 6
40112 0 42
40113 0 34
40114 1 28
40115 0 25
40116 0 80
40117 2 69
40118 3 22
40119 5 1
40120 0 127
40121 5 3
40122 0 54
40123 0 7
40124 0 105
40125 0 95
40126 0 35
40127 1 32
40128 3 7
40129 0 46
40130 1 51
40131 0 62
40132 0 61
40133 126 0
40134 2 36
40135 7 2
40136 2 30
40137 8 0
40138 0 26
40139 1 35
40140 0 97
40141 0 17
40142 2 12
40143 6 2
40144 0 51
40145 0 126
40146 1 79
40147 1 52
40148 2 65
40149 2 45
40150 0 86
40151 0 39
40152 0 45
40153 0 55
40154 2 17
40155 2 37
40156 1 44
40157 0 46
40158 0 50
40159 0 24
40160 2 96
40161 2 14
40162 1 93
40163 0 127
40164 3 8
40165 0 77
40166 0 36
40167 3 4
40168 3 45
40169 1 96
40170 127 0
40171 0 35
40172 0 102
40173 0 73
40174 3 12
40175 0 58
40176 2 2
40177 2 22
40178 3 52
40179 6 10
40180 0 51
40181 0 66
40182 4 10
40183 0 6
40184 2 39
40185 1 51
40186 4 14
40187 6 6
40188 1 69
40189 0 98
40190 0 50
40191 3 10
40192 1 33
40193 0 37
40194 0 25
40195 0 52
40196 0 88
40197 0 27
40198 2 18
40199 2 47
40200 1 32
40201 0 71
40202 1 85
40203 1 24
40204 0 30
40205 3 6
40206 0 26
40207 0 19
40208 0 54
40209 0 27
40210 1 59
40211 0 43
40212 1 30
40213 1 97
40214 3 13
40215 1 45
40216 0 92
40217 0 57
40218 0 75
40219 2 23
40220 0 85
40221 5 6
40222 3 89
40223 0 8
40224 0 81
40225 2 7
40226 1 34
40227 4 1
40228 1 52
40229 2 89
40230 0 70
40231 126 0
40232 0 86
40233 9 0
40234 6 6
40235 127 0
40236 4 3
40237 2 6
40238 2 34
40239 3 39
40240 8 0
40241 3 12
40242 3 36
40243 0 72
40244 0 80
40245 1 63
40246 3 21
40247 0 126
40248 2 67
40249 2 15
40250 4 9
40251 1 65
40252 0 74
40253 2 22
40254 4 10
40255 3 51
40256 0 85
40257 1 68
40258 2 39
40259 3 65
40260 5 1
40261 2 66
40262 1 51
40263 3 17
40264 0 7
40265 0 87
40266 0 91
40267 1 78
40268 0 30
40269 1 52
40270 1 73
40271 0 45
40272 0 84
40273 1 51
40274 1 52
40275 0 93
40276 3 15
40277 0 56
40278 1 47
40279 3 35
40280 4 0
40281 1 35
40282 2 28
40283 1 55
40284 3 36
40285 3 31
40286 0 101
40287 2 73
40288 3 7
40289 1 28
40290 0 24
40291 0 76
40292 3 44
40293 0 82
40294 1 44
40295 0 90
40296 0 40
40297 0 21
40298 1 58
40299 4 2
40300 0 9
40301 0 41
40302 0 46
40303 0 79
40304 0 80
40305 3 9
40306 3 16
40307 2 15
40308 5 9
40309 126 0
40310 3 35
40311 3 32
40312 1 30
40313 0 127
40314 2 33
40315 0 68
40316 126 127
40317 2 49
40318 0 65
40319 0 83
40320 0 39
40321 4 8
40322 2 51
40323 0 88
40324 5 8
40325 0 91
40326 0 16
40327 2 26
40328 3 2
40329 1 65
40330 0 104
40331 1 60
40332 0 63
40333 3 6
40334 4 11
40335 0 30
40336 7 0
40337 1 22
40338 0 79
40339 9 0
40340 1 68
40341 2 36
40342 0 80
40343 2 2
40344 1 45
40345 1 71
40346 2 29
40347 2 10
40348 2 60
40349 0 36
40350 3 2
40351 2 34
40352 1 21
40353 0 85
40354 0 45
40355 2 23
40356 1 60
40357 1 31
40358 1 99
40359 2 44
40360 2 67
40361 2 37
40362 0 62
40363 127 0
40364 0 97
40365 1 93
40366 3 22
40367 3 7
40368 0 94
40369 0 22
40370 1 25
40371 0 103
40372 2 9
40373 3 10
40374 1 96
40375 0 65
40376 2 95
40377 0 23
40378 0 58
40379 0 26
40380 0 126
40381 1 65
40382 1 85
40383 2 66
40384 0 86
40385 1 53
40386 1 92
40387 5 11
40388 0 42
40389 1 27
40390 127 127
40391 2 24
40392 0 68
40393 2 47
40394 4 3
40395 3 44
40396 0 98
40397 2 11
40398 1 57
40399 0 25
40400 6 3
40401 2 57
40402 1 47
40403 0 26
40404 2 48
40405 0 57
40406 3 54
40407 126 127
40408 2 71
40409 3 13
40410 2 17
40411 4 9
40412 1 22
40413 0 85
40414 3 64
40415 3 39
40416 1 93
40417 0 47
40418 2 33
40419 1 100
40420 0 37
40421 2 56
40422 1 72
40423 1 50
40424 3 21
40425 3 56
40426 0 17
40427 2 13
40428 2 54
40429 0 55
40430 0 92
40431 5 2
40432 1 83
40433 0 28
40434 2 56
40435 0 79
40436 10 0
40437 1 43
40438 3 26
40439 0 24
40440 6 0
40441 3 8
40442 2 61
40443 2 62
40444 0 80
40445 1 57
40446 0 44
40447 2 93
40448 0 46
40449 0 25
40450 0 65
40451 1 19
40452 6 4
40453 0 79
40454 2 64
40455 0 51
40456 1 29
40457 2 45
40458 3 13
40459 0 60
40460 0 77
40461 9 0
40462 1 23
40463 0 95
40464 0 91
40465 0 49
40466 0 35
40467 2 41
40468 0 36
40469 0 52
40470 0 87
40471 0 57
40472 3 22
40473 0 51
40474 2 22
40475 2 31
40476 1 86
40477 2 30
40478 127 127
40479 126 127
40480 0 71
40481 2 26
40482 0 127
40483 2 52
40484 0 88
40485 2 67
40486 3 6
40487 0 94
40488 0 41
40489 3 24
40490 1 22
40491 5 1
40492 1 46
40493 0 66
40494 3 43
40495 1 54
40496 0 22
40497 2 61
40498 0 93
40499 0 90
40500 0 54
40501 0 81
40502 2 74
40503 8 0
40504 1 91
40505 3 7
40506 0 96
40507 0 42
40508 0 46
40509 2 2
40510 2 35
40511 2 24
40512 2 39
40513 3 3
40514 0 61
40515 1 67
40516 3 22
40517 0 80
40518 1 89
40519 5 7
40520 3 24
40521 1 49
40522 3 31
40523 3 42
40524 3 2
40525 2 67
40526 0 21
40527 0 83
40528 0 65
40529 0 59
40530 2 13
40531 0 67
40532 0 37
40533 0 45
40534 1 81
40535 0 73
40536 2 32
40537 0 68
40538 0 23
40539 1 82
40540 2 44
40541 1 92
40542 3 54
40543 2 47
40544 1 47
40545 0 87
40546 0 56
40547 0 91
40548 3 21
40549 0 53
40550 0 36
40551 0 50
40552 3 22
40553 0 43
40554 0 126
40555 0 90
40556 9 0
40557 1 43
40558 2 59
40559 0 79
40560 2 49
40561 3 11
40562 1 58
40563 2 29
40564 0 76
40565 1 95
40566 0 100
40567 0 88
40568 0 94
40569 0 24
40570 1 66
40571 0 93
40572 1 87
40573 1 91
40574 2 54
40575 2 6
40576 3 54
40577 2 65
40578 3 59
40579 0 52
40580 0 80
40581 2 89
40582 3 37
40583 0 67
40584 1 33
40585 1 51
40586 0 22
40587 3 26
40588 0 92
40589 1 37
40590 5 2
40591 2 25
40592 2 33
40593 1 50
40594 1 89
40595 1 98
40596 0 82
40597 2 54
40598 2 57
40599 1 74
40600 1 24
40601 2 89
40602 2 21
40603 3 13
40604 0 75
40605 2 12
40606 0 51
40607 2 38
40608 0 53
40609 1 101
40610 1 81
40611 2 10
40612 0 62
40613 0 52
40614 1 64
40615 0 99
40616 2 9
40617 1 89
40618 2 47
40619 2 68
40620 3 4
40621 0 79
40622 1 67
40623 1 54
40624 0 38
40625 2 19
40626 2 59
40627 5 4
40628 1 53
40629 4 22
40630 2 26
40631 0 29
40632 0 49
40633 2 70
40634 2 54
40635 4 1
40636 3 19
40637 3 20
40638 4 16
40639 2 51
40640 1 21
40641 3 8
40642 0 60
40643 2 55
40644 1 54
40645 0 50
40646 0 83
40647 1 61
40648 2 23
40649 3 0
40650 0 86
40651 3 68
40652 0 80
40653 2 39
40654 1 46
40655 2 52
40656 0 49
40657 6 5
40658 6 2
40659 4 7
40660 0 93
40661 2 0
40662 2 51
40663 2 19
40664 0 46
40665 3 16
40666 2 61
40667 1 92
40668 0 97
40669 4 10
40670 0 43
40671 1 70
40672 1 61
40673 2 10
40674 127 127
40675 5 3
40676 0 54
40677 3 57
40678 4 9
40679 3 27
40680 3 3
40681 0 100
40682 3 49
40683 1 36
40684 0 16
40685 5 0
40686 0 17
40687 6 4
40688 2 94
40689 4 10
40690 2 60
40691 0 40
40692 1 20
40693 1 19
40694 0 36
40695 0 53
40696 0 102
40697 2 87
40698 0 23
40699 4 20
40700 0 34
40701 3 20
40702 0 51
40703 0 87
40704 1 62
40705 2 74
40706 0 54
40707 3 43
40708 3 28
40709 0 85
40710 0 68
40711 1 39
40712 1 57
40713 0 69
40714 1 48
40715 1 74
40716 2 13
40717 0 91
40718 0 58
40719 0 94
40720 0 59
40721 0 90
40722 0 37
40723 3 6
40724 2 12
40725 2 66
40726 2 9
40727 8 0
40728 1 18
40729 5 7
40730 3 1
40731 2 74
40732 3 25
40733 1 41
40734 2 49
40735 2 65
40736 3 49
40737 1 74
40738 2 49
40739 1 60
40740 0 99
40741 7 0
40742 0 48
40743 2 86
40744 2 4
40745 0 82
40746 0 50
40747 2 46
40748 4 3
40749 3 0
40750 2 68
40751 0 16
40752 5 5
40753 4 20
40754 0 84
40755 126 127
40756 4 7
40757 5 12
40758 0 47
40759 2 47
40760 0 72
40761 1 42
40762 0 38
40763 1 51
40764 0 103
40765 0 76
40766 2 42
40767 1 35
40768 0 67
40769 0 75
40770 0 96
40771 2 13
40772 0 78
40773 3 36
40774 1 55
40775 2 11
40776 3 56
40777 0 41
40778 0 77
40779 7 4
40780 1 97
40781 0 64
40782 3 1
40783 1 42
40784 8 0
40785 1 46
40786 2 93
40787 2 94
40788 2 39
40789 0 66
40790 1 63
40791 1 86
40792 0 93
40793 3 5
40794 0 60
40795 0 78
40796 0 48
40797 0 98
40798 1 68
40799 1 91
40800 0 26
40801 0 44
40802 2 25
40803 0 92
40804 1 40
40805 2 62
40806 3 10
40807 1 67
40808 2 97
40809 2 81
40810 3 42
40811 1 29
40812 0 24
40813 5 2
40814 6 0
40815 0 65
40816 0 55
40817 1 49
40818 2 35
40819 1 64
40820 0 88
40821 2 70
40822 0 64
40823 0 46
40824 2 48
40825 0 95
40826 1 59
40827 1 80
40828 2 82
40829 2 57
40830 4 12
40831 0 73
40832 1 43
40833 3 23
40834 0 81
40835 1 35
40836 0 87
40837 1 57
40838 2 74
40839 3 26
40840 2 50
40841 126 0
40842 1 85
40843 0 127
40844 0 39
40845 0 37
40846 1 52
40847 1 74
40848 4 0
40849 2 56
40850 0 99
40851 2 74
40852 3 6
40853 1 82
40854 0 22
40855 0 67
40856 0 102
40857 2 42
40858 1 70
40859 3 5
40860 0 56
40861 3 18
40862 9 0
40863 4 4
40864 4 2
40865 0 83
40866 1 64
40867 2 57
40868 4 6
40869 0 52
40870 4 18
40871 1 24
40872 0 51
40873 0 50
40874 1 21
40875 0 38
40876 0 89
40877 2 21
40878 2 70
40879 0 98
40880 3 9
40881 0 61
40882 2 45
40883 0 35
40884 4 11
40885 3 12
40886 2 36
40887 1 42
40888 3 15
40889 3 6
40890 0 84
40891 3 0
40892 1 43
40893 0 99
40894 1 67
40895 3 1
40896 0 66
40897 0 68
40898 3 19
40899 0 76
40900 1 79
40901 1 88
40902 0 93
40903 2 51
40904 0 39
40905 1 34
40906 1 30
40907 0 97
40908 5 10
40909 0 51
40910 2 23
40911 0 53
40912 127 127
40913 1 63
40914 0 47
40915 0 42
40916 2 41
40917 3 23
40918 0 100
40919 1 25
40920 0 57
40921 0 36
40922 0 23
40923 2 29
40924 0 98
40925 1 70
40926 1 31
40927 126 127
40928 6 4
40929 2 23
40930 0 97
40931 0 55
40932 2 30
40933 2 29
40934 2 32
40935 0 92
40936 3 4
40937 1 30
40938 1 60
40939 1 74
40940 0 22
40941 0 86
40942 2 67
40943 2 35
40944 0 56
40945 1 6
40946 0 65
40947 1 90
40948 2 15
40949 0 33
40950 2 18
40951 1 94
40952 1 66
40953 2 96
40954 1 96
40955 0 17
40956 0 67
40957 4 7
40958 3 17
40959 2 64
40960 1 65
40961 3 16
40962 0 75
40963 0 38
40964 3 13
40965 0 57
40966 1 87
40967 2 74
40968 0 77
40969 2 38
40970 1 36
40971 1 53
40972 1 39
40973 2 17
40974 1 40
40975 4 28
40976 0 36
40977 0 64
40978 2 44
40979 0 34
40980 0 30
40981 1 42
40982 4 16
40983 0 52
40984 1 45
40985 1 33
40986 5 2
40987 0 50
40988 1 43
40989 2 28
40990 1 19
40991 0 39
40992 4 27
40993 1 42
40994 3 23
40995 2 9
40996 1 75
40997 2 101
40998 2 66
40999 0 65
41000 0 80
41001 0 98
41002 1 69
41003 0 74
41004 0 35
41005 0 68
41006 2 39
41007 2 47
41008 1 91
41009 3 30
41010 0 43
41011 1 78
41012 2 18
41013 5 20
41014 1 59
41015 2 34
41016 1 17
41017 4 2
41018 0 37
41019 0 34
41020 2 29
41021 3 64
41022 0 6
41023 1 70
41024 2 23
41025 3 22
41026 2 12
41027 1 64
41028 4 12
41029 1 29
41030 0 126
41031 1 101
41032 2 13
41033 5 7
41034 4 28
41035 3 28
41036 5 18
41037 0 25
41038 3 15
41039 2 101
41040 0 1
41041 0 76
41042 2 58
41043 0 48
41044 1 100
41045 1 35
41046 0 45
41047 6 13
41048 0 51
41049 0 38
41050 3 34
41051 0 63
41052 1 73
41053 0 73
41054 1 20
41055 5 14
41056 0 67
41057 3 63
41058 0 68
41059 7 0
41060 0 97
41061 0 88
41062 3 12
41063 1 52
41064 3 64
41065 4 5
41066 1 44
41067 0 17
41068 0 60
41069 1 6
41070 2 31
41071 2 26
41072 0 61
41073 1 90
41074 0 26
41075 3 58
41076 1 66
41077 2 15
41078 4 3
41079 1 46
41080 0 50
41081 0 79
41082 0 59
41083 0 127
41084 0 36
41085 0 67
41086 1 62
41087 2 49
41088 0 94
41089 4 22
41090 0 53
41091 1 49
41092 0 91
41093 0 35
41094 0 0
41095 2 37
41096 0 83
41097 2 5
41098 0 24
41099 3 26
41100 2 102
41101 0 52
41102 0 84
41103 127 127
41104 6 12
41105 3 9
41106 2 61
41107 3 16
41108 2 58
41109 1 77
41110 2 62
41111 1 17
41112 5 2
41113 0 46
41114 0 40
41115 0 83
41116 2 101
41117 2 42
41118 2 60
41119 6 11
41120 2 17
41121 2 28
41122 4 28
41123 10 0
41124 1 84
41125 5 5
41126 1 63
41127 3 74
41128 2 18
41129 0 89
41130 0 41
41131 0 47
41132 1 19
41133 1 30
41134 4 14
41135 6 12
41136 0 39
41137 4 7
41138 1 85
41139 5 7
41140 3 29
41141 1 20
41142 0 85
41143 0 29
41144 2 32
41145 1 22
41146 2 30
41147 2 50
41148 4 27
41149 2 9
41150 1 84
41151 2 25
41152 0 82
41153 2 34
41154 6 3
41155 0 64
41156 1 36
41157 1 62
41158 0 98
41159 2 64
41160 1 93
41161 127 0
41162 2 4
41163 3 20
41164 1 51
41165 1 92
41166 1 25
41167 3 60
41168 0 81
41169 1 93
41170 0 33
41171 2 65
41172 0 78
41173 4 7
41174 6 0
41175 0 92
41176 0 97
41177 0 53
41178 3 50
41179 2 75
41180 5 21
41181 0 42
41182 1 48
41183 1 95
41184 4 8
41185 5 1
41186 3 32
41187 1 69
41188 1 54
41189 1 19
41190 3 8
41191 0 68
41192 3 17
41193 0 43
41194 2 26
41195 6 2
41196 4 11
41197 0 36
41198 0 79
41199 0 35
41200 0 70
41201 4 12
41202 0 37
41203 2 32
41204 0 67
41205 1 91
41206 5 2
41207 3 41
41208 1 49
41209 0 21
41210 0 48
41211 1 75
41212 0 126
41213 126 127
41214 2 49
41215 2 35
41216 3 51
41217 3 22
41218 2 61
41219 0 49
41220 2 93
41221 0 88
41222 0 58
41223 0 96
41224 1 63
41225 2 44
41226 0 65
41227 1 57
41228 2 19
41229 3 37
41230 2 74
41231 1 42
41232 1 62
41233 1 33
41234 1 60
41235 3 15
41236 2 54
41237 2 59
41238 2 38
41239 3 13
41240 3 18
41241 3 27
41242 1 48
41243 0 72
41244 5 7
41245 3 4
41246 0 100
41247 4 22
41248 0 52
41249 0 20
41250 3 50
41251 1 29
41252 0 50
41253 6 3
41254 0 75
41255 3 36
41256 3 9
41257 1 24
41258 1 38
41259 0 60
41260 0 53
41261 2 40
41262 0 45
41263 2 84
41264 2 42
41265 3 28
41266 1 86
41267 5 17
41268 0 40
41269 1 68
41270 1 43
41271 3 12
41272 2 15
41273 126 0
41274 1 54
41275 0 44
41276 2 64
41277 0 80
41278 0 39
41279 1 93
41280 1 63
41281 0 68
41282 0 36
41283 1 90
41284 4 60
41285 0 40
41286 1 52
41287 4 5
41288 2 28
41289 2 62
41290 2 39
41291 0 25
41292 2 4
41293 2 61
41294 0 99
41295 1 62
41296 9 0
41297 0 97
41298 2 18
41299 0 78
41300 1 96
41301 0 45
41302 4 7
41303 2 40
41304 3 4
41305 3 74
41306 0 64
41307 2 17
41308 4 18
41309 2 4
41310 3 51
41311 3 13
41312 1 25
41313 2 77
41314 0 26
41315 2 19
41316 1 30
41317 1 87
41318 2 45
41319 0 77
41320 2 54
41321 2 51
41322 1 19
41323 0 46
41324 4 15
41325 0 79
41326 0 82
41327 0 21
41328 0 25
41329 0 42
41330 0 17
41331 5 1
41332 1 59
41333 0 74
41334 2 25
41335 2 12
41336 0 89
41337 0 75
41338 0 52
41339 0 53
41340 3 26
41341 4 41
41342 4 8
41343 3 56
41344 3 14
41345 0 44
41346 3 60
41347 3 11
41348 0 20
41349 1 76
41350 2 19
41351 0 14
41352 0 41
41353 8 0
41354 0 22
41355 1 5
41356 0 66
41357 0 100
41358 2 31
41359 0 52
41360 1 66
41361 0 38
41362 1 37
41363 4 13
41364 1 20
41365 3 49
41366 2 93
41367 0 81
41368 2 27
41369 3 59
41370 0 95
41371 5 2
41372 4 12
41373 2 28
41374 3 18
41375 0 87
41376 127 0
41377 2 63
41378 0 57
41379 1 23
41380 3 17
41381 1 79
41382 0 47
41383 2 78
41384 0 30
41385 0 78
41386 2 23
41387 1 53
41388 0 59
41389 2 55
41390 5 20
41391 1 36
41392 0 45
41393 0 66
41394 1 30
41395 0 20
41396 1 84
41397 3 2
41398 0 91
41399 2 24
41400 2 26
41401 126 0
41402 3 57
41403 2 49
41404 3 24
41405 3 47
41406 5 7
41407 2 60
41408 3 1
41409 1 56
41410 0 74
41411 0 36
41412 4 13
41413 5 1
41414 3 8
41415 2 29
41416 0 51
41417 3 2
41418 3 41
41419 0 48
41420 2 33
41421 0 23
41422 4 59
41423 6 2
41424 7 0
41425 3 59
41426 2 61
41427 0 43
41428 1 83
41429 1 21
41430 2 13
41431 1 19
41432 0 77
41433 0 84
41434 2 11
41435 6 3
41436 2 77
41437 4 16
41438 2 19
41439 0 99
41440 0 53
41441 3 26
41442 1 47
41443 127 0
41444 6 0
41445 0 62
41446 2 28
41447 126 0
41448 2 59
41449 1 41
41450 1 62
41451 3 61
41452 1 57
41453 4 8
41454 0 80
41455 3 4
41456 4 24
41457 0 75
41458 2 43
41459 1 64
41460 0 86
41461 0 71
41462 0 26
41463 5 5
41464 2 17
41465 0 46
41466 1 35
41467 1 101
41468 0 49
41469 3 11
41470 5 2
41471 2 21
41472 1 78
41473 3 8
41474 5 1
41475 1 56
41476 3 22
41477 4 12
41478 0 72
41479 2 58
41480 1 24
41481 5 2
41482 0 65
41483 1 61
41484 1 34
41485 1 19
41486 0 52
41487 1 25
41488 3 46
41489 1 75
41490 0 76
41491 0 67
41492 1 53
41493 0 62
41494 0 100
41495 0 69
41496 0 24
41497 1 82
41498 1 57
41499 5 19
41500 127 0
41501 4 6
41502 9 0
41503 2 11
41504 0 54
41505 4 18
41506 8 0
41507 2 62
41508 9 0
41509 0 29
41510 1 18
41511 2 42
41512 3 1
41513 3 60
41514 3 31
41515 1 60
41516 0 70
41517 1 51
41518 6 4
41519 0 35
41520 2 32
41521 2 90
41522 1 56
41523 0 103
41524 3 16
41525 0 58
41526 0 66
41527 2 51
41528 0 59
41529 1 51
41530 3 6
41531 3 3
41532 0 33
41533 0 23
41534 1 63
41535 0 48
41536 0 56
41537 2 61
41538 0 41
41539 0 92
41540 4 4
41541 2 96
41542 2 4
41543 2 73
41544 0 68
41545 1 68
41546 1 93
41547 3 75
41548 0 127
41549 1 14
41550 0 37
41551 6 3
41552 0 14
41553 3 13
41554 2 26
41555 3 59
41556 1 96
41557 0 18
41558 4 7
41559 7 0
41560 1 29
41561 3 26
41562 4 22
41563 2 76
41564 0 44
41565 0 69
41566 0 29
41567 0 55
41568 1 6
41569 1 56
41570 0 53
41571 2 5
41572 0 99
41573 0 67
41574 2 13
41575 1 58
41576 3 4
41577 5 6
41578 2 96
41579 1 73
41580 0 25
41581 0 74
41582 3 2
41583 2 59
41584 2 24
41585 0 70
41586 2 18
41587 5 1
41588 4 31
41589 2 30
41590 1 20
41591 0 77
41592 3 17
41593 1 69
41594 3 16
41595 1 49
41596 0 126
41597 0 54
41598 2 3
41599 0 51
41600 1 22
41601 6 0
41602 0 55
41603 0 5
41604 0 22
41605 0 64
41606 2 22
41607 0 6
41608 0 60
41609 3 13
41610 5 2
41611 4 25
41612 1 60
41613 2 73
41614 3 17
41615 1 94
41616 1 42
41617 4 8
41618 4 11
41619 1 36
41620 0 39
41621 1 54
41622 3 19
41623 8 0
41624 126 0
41625 5 1
41626 3 47
41627 0 83
41628 1 40
41629 2 49
41630 0 21
41631 0 91
41632 0 101
41633 0 45
41634 1 90
41635 1 5
41636 0 73
41637 1 72
41638 4 24
41639 0 76
41640 0 46
41641 0 93
41642 4 3
41643 1 46
41644 5 20
41645 0 38
41646 2 63
41647 1 24
41648 4 4
41649 1 53
41650 2 12
41651 0 127
41652 4 29
41653 2 26
41654 0 52
41655 0 78
41656 1 23
41657 0 75
41658 2 44
41659 1 71
41660 2 21
41661 5 2
41662 5 1
41663 2 11
41664 0 36
41665 0 77
41666 3 59
41667 0 54
41668 6 2
41669 1 43
41670 4 1
41671 1 49
41672 0 74
41673 0 66
41674 0 55
41675 2 2
41676 1 17
41677 0 126
41678 4 7
41679 2 33
41680 4 12
41681 1 19
41682 0 47
41683 1 20
41684 2 54
41685 1 19
41686 0 34
41687 3 5
41688 2 20
41689 3 29
41690 1 14
41691 3 26
41692 2 77
41693 3 2
41694 0 48
41695 1 68
41696 2 51
41697 3 74
41698 127 0
41699 2 72
41700 2 50
41701 2 59
41702 0 43
41703 1 76
41704 0 45
41705 0 44
41706 0 88
41707 5 0
41708 5 5
41709 4 14
41710 0 19
41711 5 3
41712 0 60
41713 0 69
41714 3 59
41715 0 42
41716 3 31
41717 0 85
41718 2 58
41719 2 56
41720 0 79
41721 1 31
41722 0 46
41723 0 72
41724 0 31
41725 1 97
41726 1 67
41727 0 33
41728 127 127
41729 1 58
41730 1 81
41731 0 45
41732 0 80
41733 0 53
41734 4 15
41735 0 87
41736 2 9
41737 1 52
41738 7 0
41739 126 0
41740 1 38
41741 1 62
41742 0 65
41743 0 43
41744 1 6
41745 0 35
41746 0 62
41747 127 0
41748 3 16
41749 4 3
41750 1 75
41751 4 17
41752 3 4
41753 0 68
41754 2 32
41755 1 64
41756 4 18
41757 0 16
41758 0 98
41759 126 127
41760 1 33
41761 2 2
41762 3 17
41763 0 69
41764 0 67
41765 3 37
41766 0 71
41767 2 25
41768 4 31
41769 0 79
41770 0 34
41771 4 8
41772 0 47
41773 0 36
41774 1 26
41775 0 37
41776 0 76
41777 0 42
41778 1 34
41779 1 30
41780 0 100
41781 3 6
41782 2 51
41783 0 127
41784 5 2
41785 3 31
41786 4 4
41787 0 78
41788 0 27
41789 0 28
41790 2 75
41791 1 53
41792 3 54
41793 1 41
41794 2 33
41795 3 3
41796 2 73
41797 1 29
41798 2 60
41799 0 73
41800 1 32
41801 2 40
41802 0 30
41803 2 58
41804 0 70
41805 0 48
41806 0 41
41807 1 77
41808 1 50
41809 0 79
41810 5 3
41811 4 59
41812 2 39
41813 3 63
41814 1 30
41815 2 16
41816 2 31
41817 5 2
41818 1 21
41819 1 78
41820 3 22
41821 2 13
41822 0 21
41823 3 31
41824 1 77
41825 2 27
41826 1 35
41827 1 19
41828 3 33
41829 3 40
41830 4 26
41831 4 19
41832 2 28
41833 0 97
41834 2 24
41835 1 22
41836 1 58
41837 0 88
41838 2 15
41839 2 72
41840 0 98
41841 1 16
41842 1 40
41843 4 18
41844 3 21
41845 2 34
41846 0 35
41847 1 17
41848 0 36
41849 2 58
41850 0 97
41851 0 126
41852 0 29
41853 3 26
41854 0 99
41855 4 23
41856 3 4
41857 2 54
41858 0 34
41859 0 24
41860 3 73
41861 0 71
41862 3 25
41863 1 69
41864 4 5
41865 1 78
41866 1 72
41867 0 87
41868 2 22
41869 2 61
41870 2 16
41871 2 73
41872 2 60
41873 2 52
41874 1 52
41875 1 22
41876 0 43
41877 1 56
41878 2 94
41879 0 75
41880 0 19
41881 0 61
41882 0 96
41883 0 97
41884 6 11
41885 3 12
41886 0 50
41887 1 58
41888 1 23
41889 1 48
41890 0 82
41891 3 2
41892 2 64
41893 0 100
41894 0 63
41895 3 41
41896 2 41
41897 0 83
41898 2 2
41899 1 43
41900 2 15
41901 1 54
41902 2 30
41903 5 5
41904 3 62
41905 3 16
41906 2 71
41907 1 28
41908 0 54
41909 0 22
41910 0 99
41911 5 3
41912 0 6
41913 3 2
41914 0 43
41915 126 0
41916 6 0
41917 127 127
41918 1 37
41919 6 1
41920 3 36
41921 126 127
41922 2 17
41923 1 44
41924 0 81
41925 3 59
41926 0 47
41927 1 6
41928 0 37
41929 0 76
41930 3 13
41931 2 18
41932 0 74
41933 0 100
41934 1 75
41935 2 1
41936 0 127
41937 2 33
41938 2 28
41939 1 25
41940 0 88
41941 1 16
41942 2 23
41943 0 98
41944 2 24
41945 0 35
41946 1 28
41947 0 97
41948 5 7
41949 0 42
41950 0 55
41951 0 5
41952 2 54
41953 2 75
41954 127 127
41955 1 31
41956 0 126
41957 0 31
41958 1 97
41959 2 32
41960 1 34
41961 3 73
41962 2 73
41963 6 7
41964 4 3
41965 0 52
41966 0 26
41967 4 31
41968 0 72
41969 2 13
41970 1 83
41971 1 43
41972 4 14
41973 0 36
41974 3 61
41975 0 82
41976 3 8
41977 0 96
41978 1 38
41979 3 17
41980 0 80
41981 1 27
41982 3 22
41983 2 48
41984 5 7
41985 2 23
41986 3 15
41987 0 32
41988 0 23
41989 1 30
41990 0 60
41991 0 70
41992 1 75
41993 3 39
41994 2 2
41995 4 12
41996 0 95
41997 0 101
41998 4 59
41999 0 68
42000 0 21
42001 0 67
42002 0 127
42003 0 35
42004 0 54
42005 0 51
42006 2 17
42007 1 21
42008 2 29
42009 4 8
42010 0 40
42011 0 97
42012 0 62
42013 1 59
42014 4 24
42015 2 58
42016 3 9
42017 0 87
42018 3 12
42019 2 61
42020 1 53
42021 3 17
42022 1 49
42023 0 52
42024 0 100
42025 1 71
42026 3 31
42027 0 69
42028 3 8
42029 1 24
42030 5 3
42031 2 30
42032 2 15
42033 0 33
42034 126 127
42035 4 19
42036 5 21
42037 0 41
42038 0 28
42039 1 63
42040 4 7
42041 0 53
42042 3 1
42043 0 51
42044 0 88
42045 0 22
42046 1 61
42047 2 61
42048 0 49
42049 0 29
42050 6 2
42051 3 34
42052 4 3
42053 4 12
42054 2 38
42055 0 24
42056 1 17
42057 1 30
42058 0 77
42059 4 8
42060 1 55
42061 1 16
42062 1 17
42063 1 53
42064 5 2
42065 4 6
42066 1 89
42067 2 57
42068 0 73
42069 2 71
42070 2 16
42071 1 98
42072 6 0
42073 0 42
42074 1 44
42075 0 84
42076 0 41
42077 3 5
42078 1 50
42079 1 37
42080 2 30
42081 1 90
42082 0 76
42083 0 23
42084 0 30
42085 1 56
42086 1 39
42087 0 71
42088 127 0
42089 1 33
42090 1 99
42091 3 14
42092 0 61
42093 2 5
42094 2 70
42095 0 22
42096 3 46
42097 3 2
42098 0 60
42099 4 23
42100 1 19
42101 1 47
42102 0 78
42103 1 40
42104 2 55
42105 2 28
42106 2 46
42107 2 36
42108 0 17
42109 4 4
42110 0 37
42111 0 53
42112 0 81
42113 4 18
42114 1 80
42115 1 38
42116 0 64
42117 2 39
42118 0 101
42119 0 126
42120 0 104
42121 0 74
42122 4 3
42123 0 43
42124 0 99
42125 7 0
42126 6 2
42127 2 50
42128 1 22
42129 1 73
42130 0 48
42131 3 21
42132 3 15
42133 5 4
42134 0 102
42135 0 73
42136 1 24
42137 3 5
42138 3 22
42139 0 40
42140 1 97
42141 1 93
42142 1 37
42143 1 34
42144 5 7
42145 0 85
42146 1 79
42147 0 75
42148 0 46
42149 0 127
42150 0 56
42151 1 17
42152 6 0
42153 0 93
42154 0 49
42155 0 84
42156 1 45
42157 2 5
42158 3 7
42159 1 33
42160 126 0
42161 1 38
42162 2 34
42163 7 0
42164 0 96
42165 0 28
42166 1 94
42167 0 87
42168 0 76
42169 0 22
42170 0 29
42171 1 55
42172 0 28
42173 0 61
42174 4 24
42175 0 24
42176 1 50
42177 2 27
42178 0 98
42179 3 5
42180 0 95
42181 0 99
42182 0 27
42183 2 1
42184 3 13
42185 1 34
42186 1 23
42187 2 29
42188 3 26
42189 127 0
42190 126 0
42191 2 60
42192 2 55
42193 2 9
42194 4 21
42195 0 48
42196 0 42
42197 1 41
42198 1 27
42199 2 94
42200 3 4
42201 0 66
42202 0 44
42203 0 62
42204 1 55
42205 0 65
42206 5 2
42207 0 50
42208 4 5
42209 0 61
42210 2 2
42211 0 85
42212 0 21
42213 0 36
42214 0 84
42215 1 82
42216 0 17
42217 1 52
42218 0 52
42219 0 68
42220 1 49
42221 0 35
42222 0 75
42223 0 43
42224 3 96
42225 2 41
42226 5 6
42227 1 29
42228 3 2
42229 3 46
42230 0 47
42231 4 9
42232 0 70
42233 1 42
42234 1 76
42235 0 64
42236 3 28
42237 0 42
42238 0 48
42239 1 51
42240 1 16
42241 0 72
42242 0 23
42243 127 0
42244 3 34
42245 1 33
42246 1 93
42247 2 47
42248 1 47
42249 1 80
42250 127 127
42251 0 53
42252 1 57
42253 0 97
42254 0 83
42255 5 3
42256 0 59
42257 1 35
42258 2 22
42259 0 92
42260 2 55
42261 0 74
42262 1 79
42263 2 33
42264 2 37
42265 1 66
42266 2 13
42267 2 16
42268 2 6
42269 3 30
42270 0 45
42271 1 42
42272 3 39
42273 1 97
42274 3 24
42275 0 76
42276 3 48
42277 3 13
42278 2 32
42279 2 95
42280 3 62
42281 0 52
42282 0 41
42283 3 32
42284 0 49
42285 4 8
42286 3 56
42287 1 76
42288 3 5
42289 2 4
42290 0 51
42291 2 49
42292 3 22
42293 0 35
42294 2 8
42295 0 55
42296 1 60
42297 1 50
42298 1 17
42299 1 35
42300 0 19
42301 126 127
42302 0 46
42303 0 71
42304 4 20
42305 0 53
42306 2 2
42307 0 40
42308 0 22
42309 0 94
42310 2 36
42311 0 44
42312 2 22
42313 1 95
42314 1 5
42315 0 41
42316 2 47
42317 4 11
42318 2 33
42319 0 24
42320 2 45
42321 0 17
42322 0 6
42323 0 65
42324 0 98
42325 2 60
42326 5 18
42327 0 35
42328 6 0
42329 3 1
42330 1 20
42331 2 13
42332 2 39
42333 0 80
42334 1 19
42335 1 21
42336 2 97
42337 1 16
42338 2 28
42339 3 3
42340 4 6
42341 0 19
42342 2 73
42343 0 76
42344 1 43
42345 1 53
42346 1 61
42347 1 48
42348 2 24
42349 1 37
42350 0 70
42351 3 13
42352 2 14
42353 0 28
42354 4 9
42355 127 127
42356 1 20
42357 1 45
42358 0 61
42359 0 14
42360 0 48
42361 3 12
42362 0 42
42363 0 36
42364 1 19
42365 1 38
42366 1 61
42367 4 4
42368 2 65
42369 1 73
42370 0 67
42371 0 75
42372 4 8
42373 4 18
42374 126 127
42375 2 50
42376 2 49
42377 0 43
42378 2 71
42379 1 41
42380 0 41
42381 3 2
42382 4 56
42383 1 6
42384 2 50
42385 3 28
42386 1 96
42387 1 68
42388 0 60
42389 0 32
42390 3 22
42391 1 47
42392 1 56
42393 2 59
42394 1 81
42395 0 45
42396 5 1
42397 0 97
42398 1 15
42399 0 98
42400 2 61
42401 0 46
42402 1 37
42403 0 40
42404 1 18
42405 4 32
42406 1 49
42407 0 42
42408 1 22
42409 0 74
42410 0 97
42411 2 73
42412 2 48
42413 1 82
42414 2 29
42415 1 81
42416 1 19
42417 2 66
42418 1 23
42419 1 61
42420 1 17
42421 1 2
42422 0 82
42423 2 5
42424 4 2
42425 1 64
42426 0 43
42427 5 18
42428 0 91
42429 0 79
42430 0 92
42431 0 63
42432 0 52
42433 2 51
42434 0 90
42435 2 38
42436 0 37
42437 0 59
42438 127 127
42439 0 80
42440 0 61
42441 1 33
42442 2 46
42443 3 31
42444 3 4
42445 1 29
42446 0 49
42447 0 45
42448 0 79
42449 1 69
42450 2 22
42451 4 58
42452 2 13
42453 2 35
42454 1 16
42455 1 34
42456 0 27
42457 3 2
42458 5 6
42459 0 68
42460 3 65
42461 0 41
42462 1 71
42463 2 27
42464 0 89
42465 2 60
42466 6 3
42467 2 58
42468 0 1
42469 1 59
42470 2 54
42471 3 5
42472 3 33
42473 2 36
42474 126 127
42475 0 33
42476 1 28
42477 3 9
42478 1 76
42479 0 101
42480 0 57
42481 3 30
42482 0 23
42483 0 47
42484 0 80
42485 2 69
42486 4 31
42487 0 90
42488 1 45
42489 3 25
42490 0 32
42491 1 33
42492 5 8
42493 2 52
42494 4 21
42495 4 2
42496 0 48
42497 2 14
42498 1 66
42499 2 43
42500 0 53
42501 0 67
42502 0 49
42503 2 26
42504 4 6
42505 0 59
42506 0 44
42507 1 59
42508 2 51
42509 3 4
42510 5 6
42511 1 95
42512 1 39
42513 0 60
42514 3 32
42515 0 54
42516 0 126
42517 1 44
42518 127 127
42519 2 71
42520 4 10
42521 126 127
42522 0 76
42523 3 22
42524 2 16
42525 4 20
42526 4 25
42527 4 8
42528 0 45
42529 7 0
42530 126 0
42531 1 46
42532 0 95
42533 3 2
42534 2 6
42535 1 74
42536 4 11
42537 2 53
42538 4 15
42539 1 71
42540 0 94
42541 0 61
42542 0 58
42543 1 34
42544 4 59
42545 2 32
42546 0 57
42547 0 60
42548 3 0
42549 1 48
42550 0 51
42551 2 35
42552 0 69
42553 2 33
42554 2 65
42555 2 48
42556 2 22
42557 0 68
42558 2 61
42559 3 15
42560 3 63
42561 3 65
42562 5 2
42563 0 29
42564 3 1
42565 0 52
42566 2 81
42567 1 70
42568 0 48
42569 0 70
42570 0 34
42571 0 62
42572 1 67
42573 3 56
42574 0 103
42575 3 10
42576 1 66
42577 3 6
42578 0 30
42579 3 9
42580 0 59
42581 0 40
42582 0 95
42583 3 3
42584 2 98
42585 6 0
42586 0 33
42587 0 38
42588 127 127
42589 3 59
42590 2 79
42591 1 43
42592 0 47
42593 2 37
42594 2 68
42595 0 34
42596 0 69
42597 0 67
42598 0 43
42599 0 71
42600 2 32
42601 0 64
42602 2 27
42603 0 22
42604 0 86
42605 0 50
42606 0 29
42607 1 58
42608 4 15
42609 2 66
42610 6 4
42611 1 98
42612 126 127
42613 0 23
42614 1 42
42615 4 5
42616 0 19
42617 127 0
42618 0 104
42619 1 79
42620 1 13
42621 2 30
42622 0 127
42623 4 18
42624 7 0
42625 4 4
42626 0 85
42627 1 60
42628 2 79
42629 127 127
42630 1 51
42631 1 22
42632 5 18
42633 2 96
42634 0 126
42635 4 2
42636 2 44
42637 0 37
42638 3 31
42639 4 18
42640 0 28
42641 126 127
42642 0 103
42643 0 16
42644 1 7
42645 2 63
42646 0 42
42647 0 7
42648 4 31
42649 3 63
42650 5 8
42651 1 78
42652 4 65
42653 5 18
42654 1 33
42655 2 70
42656 1 81
42657 3 10
42658 1 23
42659 1 38
42660 3 9
42661 0 38
42662 0 65
42663 1 19
42664 0 27
42665 2 93
42666 0 30
42667 0 17
42668 0 61
42669 1 55
42670 0 43
42671 1 17
42672 3 10
42673 6 0
42674 1 56
42675 3 37
42676 2 12
42677 2 59
42678 1 53
42679 1 6
42680 0 15
42681 0 127
42682 1 70
42683 3 65
42684 3 29
42685 2 9
42686 2 8
42687 0 16
42688 0 74
42689 3 15
42690 3 32
42691 2 2
42692 1 93
42693 0 35
42694 4 30
42695 2 29
42696 3 28
42697 4 1
42698 2 51
42699 0 100
42700 3 25
42701 3 22
42702 1 44
42703 1 99
42704 2 80
42705 1 41
42706 2 11
42707 1 63
42708 0 78
42709 1 42
42710 2 93
42711 2 54
42712 2 58
42713 0 29
42714 2 45
42715 1 76
42716 0 72
42717 1 50
42718 0 28
42719 0 94
42720 2 32
42721 0 34
42722 2 26
42723 1 5
42724 1 48
42725 5 1
42726 0 23
42727 0 58
42728 0 62
42729 1 93
42730 0 17
42731 2 46
42732 0 76
42733 3 9
42734 0 71
42735 0 59
42736 5 2
42737 3 21
42738 0 51
42739 0 101
42740 0 48
42741 3 32
42742 2 42
42743 1 28
42744 1 78
42745 5 1
42746 0 42
42747 3 59
42748 6 3
42749 2 37
42750 0 37
42751 0 15
42752 4 10
42753 0 83
42754 3 1
42755 3 13
42756 5 5
42757 1 43
42758 3 37
42759 5 2
42760 1 66
42761 1 2
42762 0 68
42763 1 27
42764 2 4
42765 0 82
42766 0 50
42767 1 73
42768 1 55
42769 2 44
42770 0 64
42771 0 43
42772 0 73
42773 7 0
42774 0 84
42775 2 56
42776 127 127
42777 1 52
42778 2 62
42779 1 72
42780 3 42
42781 0 78
42782 0 69
42783 0 83
42784 3 60
42785 1 61
42786 126 0
42787 2 70
42788 4 11
42789 1 30
42790 2 5
42791 0 74
42792 3 30
42793 0 60
42794 1 68
42795 5 6
42796 2 42
42797 1 44
42798 0 56
42799 3 5
42800 2 68
42801 2 37
42802 4 63
42803 5 4
42804 3 56
42805 0 95
42806 127 0
42807 2 22
42808 0 52
42809 2 23
42810 0 49
42811 0 85
42812 0 99
42813 1 97
42814 4 18
42815 1 82
42816 2 27
42817 0 31
42818 2 32
42819 2 53
42820 0 33
42821 0 27
42822 0 96
42823 0 35
42824 1 50
42825 2 24
42826 0 73
42827 1 23
42828 2 79
42829 1 65
42830 0 50
42831 126 0
42832 3 62
42833 1 46
42834 7 3
42835 0 36
42836 2 34
42837 2 62
42838 0 28
42839 1 5
42840 3 51
42841 1 17
42842 2 7
42843 0 37
42844 2 56
42845 2 60
42846 4 8
42847 3 0
42848 0 51
42849 0 86
42850 3 42
42851 1 35
42852 0 95
42853 3 31
42854 0 97
42855 0 49
42856 2 2
42857 1 70
42858 0 17
42859 2 42
42860 0 46
42861 0 52
42862 4 1
42863 0 57
42864 2 26
42865 1 99
42866 1 39
42867 3 24
42868 0 74
42869 2 27
42870 2 51
42871 1 12
42872 0 66
42873 2 26
42874 4 15
42875 0 55
42876 0 104
42877 0 23
42878 2 48
42879 1 13
42880 1 53
42881 6 2
42882 5 8
42883 0 58
42884 3 64
42885 1 95
42886 0 68
42887 0 5
42888 0 89
42889 2 9
42890 2 64
42891 1 54
42892 0 48
42893 2 45
42894 5 18
42895 0 103
42896 2 36
42897 0 47
42898 3 12
42899 4 5
42900 0 16
42901 1 81
42902 2 24
42903 1 82
42904 0 15
42905 3 63
42906 3 62
42907 3 15
42908 1 32
42909 2 43
42910 1 79
42911 6 6
42912 0 57
42913 4 8
42914 0 85
42915 1 76
42916 126 127
42917 3 22
42918 2 33
42919 0 77
42920 2 62
42921 3 62
42922 0 82
42923 1 66
42924 4 21
42925 0 63
42926 0 16
42927 0 95
42928 0 35
42929 1 27
42930 3 13
42931 1 5
42932 1 23
42933 0 88
42934 4 25
42935 4 2
42936 1 28
42937 0 53
42938 1 27
42939 1 36
42940 0 98
42941 2 47
42942 1 78
42943 0 100
42944 3 9
42945 1 17
42946 1 56
42947 4 18
42948 1 58
42949 0 39
42950 0 65
42951 0 19
42952 3 6
42953 4 12
42954 1 28
42955 3 24
42956 2 5
42957 2 52
42958 4 10
42959 5 6
42960 0 97
42961 2 51
42962 1 52
42963 0 98
42964 0 50
42965 127 127
42966 2 62
42967 5 3
42968 1 75
42969 3 12
42970 6 0
42971 4 26
42972 7 0
42973 0 40
42974 1 5
42975 2 5
42976 3 13
42977 0 66
42978 1 65
42979 0 52
42980 4 19
42981 0 59
42982 3 27
42983 4 18
42984 1 66
42985 1 76
42986 0 65
42987 2 48
42988 0 97
42989 2 9
42990 0 69
42991 6 1
42992 3 29
42993 0 60
42994 1 59
42995 2 32
42996 0 15
42997 1 53
42998 2 47
42999 2 70
43000 1 64
43001 0 61
43002 0 32
43003 2 29
43004 0 79
43005 0 39
43006 2 24
43007 2 53
43008 1 70
43009 3 64
43010 3 8
43011 0 34
43012 5 7
43013 0 23
43014 0 12
43015 0 81
43016 1 12
43017 0 46
43018 3 9
43019 0 101
43020 0 54
43021 0 16
43022 1 21
43023 1 38
43024 3 4
43025 1 96
43026 3 23
43027 0 58
43028 3 28
43029 0 57
43030 2 9
43031 0 27
43032 5 1
43033 0 17
43034 2 42
43035 0 68
43036 0 67
43037 1 33
43038 3 3
43039 3 51
43040 3 45
43041 2 66
43042 3 10
43043 0 36
43044 0 37
43045 0 5
43046 3 63
43047 2 51
43048 1 73
43049 1 67
43050 0 72
43051 2 38
43052 0 99
43053 2 27
43054 3 2
43055 6 0
43056 4 23
43057 3 7
43058 0 33
43059 0 36
43060 1 47
43061 0 59
43062 1 38
43063 1 17
43064 3 60
43065 0 12
43066 3 23
43067 0 17
43068 2 46
43069 0 32
43070 1 52
43071 0 33
43072 0 87
43073 4 15
43074 2 96
43075 0 49
43076 0 80
43077 1 58
43078 2 73
43079 0 76
43080 0 79
43081 0 69
43082 0 78
43083 2 69
43084 1 75
43085 127 0
43086 0 79
43087 3 21
43088 4 19
43089 126 127
43090 0 88
43091 1 83
43092 2 54
43093 0 15
43094 0 37
43095 1 62
43096 0 87
43097 2 44
43098 0 22
43099 2 12
43100 1 48
43101 0 78
43102 4 11
43103 0 42
43104 0 51
43105 0 48
43106 2 56
43107 1 17
43108 0 53
43109 0 23
43110 1 32
43111 1 97
43112 3 26
43113 0 36
43114 0 40
43115 0 104
43116 0 39
43117 3 15
43118 0 97
43119 0 22
43120 0 28
43121 1 71
43122 0 40
43123 0 21
43124 7 2
43125 4 1
43126 5 2
43127 2 58
43128 1 44
43129 1 95
43130 2 25
43131 3 44
43132 4 26
43133 2 30
43134 3 1
43135 1 61
43136 1 73
43137 0 73
43138 0 95
43139 2 29
43140 1 2
43141 1 35
43142 0 75
43143 2 31
43144 1 53
43145 1 40
43146 4 28
43147 4 4
43148 1 57
43149 2 60
43150 3 28
43151 0 58
43152 0 50
43153 126 0
43154 0 62
43155 0 23
43156 1 47
43157 0 126
43158 2 68
43159 1 49
43160 0 127
43161 2 49
43162 0 52
43163 2 73
43164 3 31
43165 1 28
43166 0 32
43167 3 64
43168 0 37
43169 4 18
43170 2 26
43171 0 91
43172 0 76
43173 0 80
43174 0 74
43175 0 77
43176 1 27
43177 3 43
43178 0 63
43179 3 2
43180 1 95
43181 2 65
43182 0 96
43183 2 45
43184 0 126
43185 0 60
43186 0 73
43187 2 32
43188 2 28
43189 1 70
43190 1 49
43191 3 5
43192 5 1
43193 0 81
43194 2 63
43195 3 27
43196 0 80
43197 1 41
43198 2 11
43199 1 51
43200 0 76
43201 3 30
43202 4 64
43203 2 51
43204 0 39
43205 3 58
43206 5 6
43207 0 67
43208 0 81
43209 1 51
43210 2 59
43211 2 46
43212 0 97
43213 0 59
43214 2 45
43215 2 72
43216 2 71
43217 1 22
43218 3 56
43219 0 79
43220 0 24
43221 0 23
43222 5 5
43223 0 54
43224 0 47
43225 0 70
43226 2 7
43227 4 15
43228 0 78
43229 0 57
43230 2 5
43231 1 67
43232 4 12
43233 1 56
43234 0 93
43235 0 95
43236 0 28
43237 1 70
43238 0 66
43239 0 44
43240 3 15
43241 2 23
43242 127 0
43243 0 71
43244 3 29
43245 1 97
43246 2 12
43247 1 69
43248 3 7
43249 1 74
43250 0 68
43251 4 19
43252 2 31
43253 3 26
43254 0 80
43255 5 6
43256 0 127
43257 0 41
43258 2 47
43259 4 5
43260 2 60
43261 2 11
43262 2 2
43263 2 59
43264 0 70
43265 1 71
43266 0 88
43267 0 84
43268 0 43
43269 2 55
43270 4 15
43271 0 81
43272 4 4
43273 4 3
43274 1 21
43275 1 82
43276 0 103
43277 1 36
43278 2 51
43279 0 40
43280 1 2
43281 2 32
43282 3 15
43283 3 30
43284 7 0
43285 1 72
43286 6 0
43287 0 126
43288 0 2
43289 0 71
43290 4 8
43291 3 5
43292 0 97
43293 1 101
43294 3 1
43295 1 75
43296 0 61
43297 0 21
43298 126 0
43299 4 11
43300 1 19
43301 2 24
43302 4 15
43303 4 9
43304 0 35
43305 2 8
43306 2 54
43307 2 66
43308 1 21
43309 0 44
43310 2 2
43311 0 39
43312 1 83
43313 3 28
43314 1 43
43315 2 72
43316 2 35
43317 4 28
43318 0 92
43319 0 16
43320 0 55
43321 0 65
43322 2 48
43323 0 67
43324 0 93
43325 1 97
43326 0 58
43327 0 15
43328 4 25
43329 2 34
43330 1 51
43331 0 68
43332 0 22
43333 0 54
43334 1 65
43335 0 75
43336 0 127
43337 3 68
43338 4 58
43339 0 21
43340 0 49
43341 2 26
43342 3 0
43343 4 27
43344 2 62
43345 1 62
43346 0 17
43347 3 25
43348 4 18
43349 2 53
43350 0 101
43351 3 24
43352 3 1
43353 2 47
43354 0 51
43355 3 2
43356 2 62
43357 0 98
43358 0 77
43359 1 64
43360 3 29
43361 3 26
43362 0 97
43363 2 64
43364 0 80
43365 2 48
43366 1 95
43367 2 1
43368 1 63
43369 1 53
43370 0 74
43371 4 28
43372 0 76
43373 4 24
43374 1 70
43375 2 27
43376 0 40
43377 2 61
43378 1 59
43379 3 15
43380 0 77
43381 2 9
43382 2 24
43383 0 96
43384 7 0
43385 0 104
43386 2 35
43387 4 12
43388 1 55
43389 0 52
43390 4 26
43391 3 22
43392 1 21
43393 0 79
43394 2 56
43395 1 76
43396 3 21
43397 1 34
43398 5 4
43399 6 0
43400 5 26
43401 4 19
43402 2 7
43403 127 127
43404 1 72
43405 0 76
43406 3 12
43407 1 92
43408 0 50
43409 3 26
43410 0 100
43411 2 47
43412 0 87
43413 3 30
43414 0 94
43415 1 60
43416 0 43
43417 2 48
43418 1 69
43419 0 21
43420 2 68
43421 4 10
43422 1 94
43423 0 86
43424 0 27
43425 5 11
43426 0 83
43427 1 95
43428 6 4
43429 0 39
43430 2 31
43431 1 23
43432 126 127
43433 0 26
43434 5 5
43435 2 5
43436 3 44
43437 1 70
43438 4 23
43439 3 54
43440 1 17
43441 0 59
43442 0 27
43443 3 1
43444 6 3
43445 1 27
43446 3 66
43447 3 23
43448 0 62
43449 2 72
43450 4 21
43451 0 16
43452 0 93
43453 3 0
43454 2 54
43455 1 98
43456 3 58
43457 0 64
43458 0 49
43459 0 15
43460 0 40
43461 0 98
43462 4 18
43463 1 22
43464 0 33
43465 1 74
43466 0 80
43467 1 33
43468 0 23
43469 2 51
43470 3 1
43471 3 5
43472 4 4
43473 2 43
43474 2 22
43475 1 98
43476 4 6
43477 2 42
43478 6 5
43479 0 78
43480 1 32
43481 1 66
43482 4 13
43483 0 103
43484 0 58
43485 3 29
43486 2 5
43487 1 78
43488 2 47
43489 0 56
43490 5 3
43491 0 17
43492 1 22
43493 6 3
43494 1 28
43495 0 48
43496 4 14
43497 2 74
43498 2 58
43499 1 16
43500 1 43
43501 0 38
43502 0 75
43503 7 0
43504 3 0
43505 0 98
43506 0 50
43507 1 94
43508 0 65
43509 1 98
43510 3 1
43511 5 25
43512 0 57
43513 1 69
43514 4 27
43515 3 3
43516 0 102
43517 5 5
43518 0 98
43519 4 13
43520 1 47
43521 0 70
43522 2 67
43523 1 51
43524 2 12
43525 3 22
43526 0 60
43527 4 20
43528 2 68
43529 1 100
43530 4 28
43531 3 7
43532 4 25
43533 0 42
43534 8 2
43535 4 27
43536 0 19
43537 4 63
43538 5 18
43539 3 56
43540 2 16
43541 0 34
43542 0 95
43543 3 30
43544 1 72
43545 3 12
43546 1 12
43547 2 94
43548 6 1
43549 2 32
43550 0 33
43551 6 0
43552 1 71
43553 3 2
43554 8 0
43555 2 23
43556 2 56
43557 0 28
43558 6 4
43559 2 21
43560 4 15
43561 0 39
43562 0 71
43563 3 11
43564 0 79
43565 0 40
43566 0 49
43567 0 34
43568 0 45
43569 0 50
43570 1 74
43571 1 33
43572 1 28
43573 2 51
43574 2 47
43575 0 63
43576 0 33
43577 0 69
43578 2 92
43579 3 5
43580 1 60
43581 0 80
43582 0 16
43583 1 26
43584 2 27
43585 2 5
43586 0 56
43587 0 36
43588 0 26
43589 0 82
43590 3 5
43591 4 3
43592 0 59
43593 1 33
43594 0 97
43595 3 23
43596 1 44
43597 0 76
43598 0 78
43599 0 90
43600 1 51
43601 2 26
43602 1 18
43603 4 21
43604 4 20
43605 2 2
43606 2 74
43607 0 33
43608 6 1
43609 1 40
43610 0 75
43611 0 32
43612 3 15
43613 2 27
43614 3 3
43615 3 12
43616 1 69
43617 3 29
43618 1 92
43619 0 58
43620 0 70
43621 3 43
43622 4 21
43623 1 32
43624 2 5
43625 4 24
43626 0 59
43627 0 101
43628 1 91
43629 5 6
43630 1 77
43631 3 11
43632 1 80
43633 127 0
43634 3 45
43635 2 62
43636 0 24
43637 2 1
43638 1 72
43639 127 127
43640 1 47
43641 0 44
43642 4 18
43643 0 32
43644 3 12
43645 2 28
43646 0 34
43647 2 49
43648 4 43
43649 1 63
43650 0 80
43651 0 126
43652 0 67
43653 3 65
43654 1 95
43655 4 22
43656 0 41
43657 4 19
43658 7 0
43659 2 93
43660 2 40
43661 2 92
43662 3 30
43663 1 34
43664 3 10
43665 1 74
43666 2 19
43667 2 7
43668 1 19
43669 126 127
43670 0 95
43671 7 2
43672 1 27
43673 1 43
43674 1 84
43675 0 72
43676 1 23
43677 0 12
43678 0 22
43679 1 80
43680 2 36
43681 0 15
43682 2 53
43683 0 39
43684 4 25
43685 2 2
43686 4 8
43687 2 31
43688 4 24
43689 3 42
43690 1 21
43691 2 21
43692 1 95
43693 3 63
43694 1 17
43695 0 25
43696 126 0
43697 3 18
43698 0 96
43699 1 40
43700 2 42
43701 0 85
43702 2 17
43703 1 61
43704 4 3
43705 0 102
43706 2 26
43707 4 63
43708 0 40
43709 0 80
43710 4 25
43711 3 8
43712 0 21
43713 4 14
43714 1 49
43715 2 66
43716 0 42
43717 0 26
43718 0 76
43719 5 22
43720 1 53
43721 6 3
43722 2 29
43723 127 0
43724 0 100
43725 3 54
43726 5 23
43727 5 22
43728 1 71
43729 0 39
43730 0 47
43731 5 19
43732 3 27
43733 0 41
43734 2 93
43735 2 28
43736 5 23
43737 0 127
43738 2 45
43739 0 42
43740 3 16
43741 4 65
43742 2 29
43743 1 83
43744 1 33
43745 0 45
43746 3 65
43747 0 23
43748 5 0
43749 2 54
43750 0 16
43751 2 71
43752 1 17
43753 2 35
43754 1 20
43755 4 65
43756 3 56
43757 3 68
43758 1 68
43759 3 7
43760 0 49
43761 0 51
43762 2 32
43763 2 1
43764 4 10
43765 0 48
43766 3 5
43767 1 36
43768 3 65
43769 0 50
43770 1 60
43771 8 0
43772 1 92
43773 0 66
43774 0 73
43775 0 40
43776 5 5
43777 3 54
43778 2 49
43779 2 12
43780 1 34
43781 1 71
43782 5 4
43783 3 26
43784 4 18
43785 1 58
43786 4 24
43787 4 25
43788 0 79
43789 2 38
43790 1 91
43791 0 52
43792 3 10
43793 2 31
43794 1 72
43795 0 99
43796 1 46
43797 6 0
43798 4 65
43799 2 61
43800 3 63
43801 0 46
43802 1 92
43803 1 78
43804 2 53
43805 4 8
43806 0 78
43807 0 28
43808 3 22
43809 3 18
43810 9 0
43811 1 32
43812 0 69
43813 1 57
43814 0 67
43815 2 2
43816 1 64
43817 4 24
43818 4 18
43819 2 7
43820 2 18
43821 2 11
43822 0 58
43823 0 63
43824 7 0
43825 1 39
43826 2 51
43827 0 22
43828 0 17
43829 0 60
43830 1 84
43831 2 23
43832 1 71
43833 3 67
43834 2 32
43835 0 71
43836 1 91
43837 3 13
43838 5 20
43839 0 49
43840 1 17
43841 6 5
43842 8 2
43843 0 97
43844 2 64
43845 7 2
43846 1 48
43847 0 15
43848 126 0
43849 0 33
43850 1 61
43851 2 97
43852 6 0
43853 3 7
43854 0 92
43855 2 96
43856 3 3
43857 0 59
43858 1 75
43859 0 70
43860 0 29
43861 2 6
43862 1 50
43863 2 44
43864 1 53
43865 0 24
43866 3 23
43867 0 83
43868 1 22
43869 2 12
43870 3 49
43871 2 84
43872 0 75
43873 0 93
43874 2 92
43875 2 55
43876 0 55
43877 2 26
43878 3 19
43879 3 28
43880 0 41
43881 2 31
43882 2 11
43883 0 37
43884 2 48
43885 3 53
43886 0 95
43887 2 41
43888 5 19
43889 0 81
43890 2 52
43891 2 37
43892 127 0
43893 0 47
43894 3 26
43895 0 69
43896 2 40
43897 2 26
43898 4 3
43899 3 12
43900 1 60
43901 0 51
43902 2 38
43903 1 6
43904 3 62
43905 0 77
43906 2 62
43907 3 26
43908 2 51
43909 0 74
43910 1 66
43911 0 64
43912 3 15
43913 3 3
43914 2 8
43915 0 80
43916 0 28
43917 0 17
43918 1 49
43919 0 44
43920 2 32
43921 3 50
43922 4 30
43923 0 53
43924 8 0
43925 4 9
43926 3 20
43927 1 29
43928 0 92
43929 4 8
43930 1 61
43931 2 5
43932 0 93
43933 2 52
43934 0 38
43935 127 127
43936 2 45
43937 4 22
43938 2 68
43939 0 45
43940 3 31
43941 1 71
43942 0 86
43943 1 68
43944 0 89
43945 2 44
43946 3 22
43947 0 43
43948 1 32
43949 3 0
43950 2 19
43951 0 79
43952 0 65
43953 3 65
43954 0 16
43955 1 96
43956 1 84
43957 1 51
43958 3 23
43959 1 85
43960 0 98
43961 2 50
43962 2 47
43963 3 57
43964 3 13
43965 2 48
43966 5 20
43967 0 97
43968 0 64
43969 1 84
43970 3 62
43971 2 31
43972 2 47
43973 0 100
43974 0 34
43975 2 28
43976 0 76
43977 3 28
43978 0 52
43979 3 5
43980 2 41
43981 126 127
43982 1 40
43983 0 82
43984 0 35
43985 0 39
43986 0 91
43987 0 50
43988 3 50
43989 4 21
43990 1 39
43991 4 25
43992 3 18
43993 1 43
43994 0 49
43995 127 127
43996 0 126
43997 2 27
43998 0 54
43999 3 16
44000 2 67
44001 2 12
44002 126 127
44003 1 93
44004 5 6
44005 0 60
44006 0 81
44007 5 22
44008 3 15
44009 0 66
44010 3 17
44011 1 56
44012 0 85
44013 2 48
44014 0 98
44015 2 9
44016 0 39
44017 9 0
44018 0 127
44019 0 86
44020 7 0
44021 3 11
44022 1 39
44023 0 34
44024 3 10
44025 0 71
44026 1 63
44027 3 11
44028 2 45
44029 5 19
44030 0 51
44031 0 48
44032 0 39
44033 3 1
44034 4 1
44035 0 49
44036 0 53
44037 0 77
44038 10 0
44039 1 58
44040 5 23
44041 0 93
44042 4 24
44043 1 55
44044 2 34
44045 2 50
44046 2 33
44047 3 29
44048 0 65
44049 0 85
44050 2 57
44051 2 11
44052 2 1
44053 0 15
44054 1 39
44055 0 32
44056 2 62
44057 0 68
44058 3 31
44059 0 44
44060 3 2
44061 3 3
44062 2 37
44063 1 68
44064 0 50
44065 0 67
44066 0 37
44067 4 25
44068 1 18
44069 0 82
44070 127 127
44071 0 16
44072 0 51
44073 1 48
44074 0 18
44075 0 17
44076 1 92
44077 0 35
44078 4 2
44079 0 34
44080 1 32
44081 0 97
44082 5 14
44083 4 15
44084 2 38
44085 0 46
44086 1 71
44087 0 75
44088 3 15
44089 0 81
44090 0 35
44091 2 54
44092 7 5
44093 0 57
44094 0 70
44095 0 86
44096 1 52
44097 1 21
44098 1 18
44099 0 43
44100 0 54
44101 0 103
44102 0 72
44103 3 52
44104 2 26
44105 2 30
44106 4 15
44107 0 94
44108 4 19
44109 0 63
44110 1 95
44111 2 42
44112 3 18
44113 3 9
44114 3 2
44115 5 30
44116 4 1
44117 0 64
44118 4 4
44119 2 40
44120 0 19
44121 1 27
44122 0 53
44123 0 54
44124 0 53
44125 0 65
44126 3 3
44127 6 5
44128 2 53
44129 1 24
44130 3 42
44131 0 73
44132 0 40
44133 2 47
44134 2 5
44135 0 88
44136 3 32
44137 2 31
44138 1 93
44139 4 44
44140 0 41
44141 2 7
44142 1 60
44143 0 38
44144 0 21
44145 2 95
44146 1 37
44147 4 32
44148 4 7
44149 2 56
44150 3 22
44151 1 92
44152 0 48
44153 126 0
44154 7 5
44155 1 74
44156 0 55
44157 1 30
44158 0 37
44159 2 78
44160 3 25
44161 0 32
44162 2 2
44163 2 94
44164 2 9
44165 0 69
44166 0 98
44167 8 2
44168 127 0
44169 3 67
44170 1 32
44171 3 51
44172 2 48
44173 6 5
44174 5 19
44175 8 0
44176 4 5
44177 0 72
44178 3 9
44179 3 17
44180 3 52
44181 4 19
44182 1 49
44183 7 2
44184 0 90
44185 1 70
44186 4 3
44187 2 9
44188 0 70
44189 0 102
44190 0 73
44191 0 56
44192 0 61
44193 2 24
44194 7 5
44195 0 24
44196 2 0
44197 2 55
44198 0 54
44199 3 5
44200 2 66
44201 0 49
44202 6 6
44203 3 23
44204 1 29
44205 3 22
44206 0 16
44207 3 51
44208 3 28
44209 0 72
44210 1 42
44211 3 32
44212 0 45
44213 1 63
44214 3 1
44215 0 96
44216 0 62
44217 0 32
44218 3 2
44219 0 66
44220 3 18
44221 2 27
44222 4 65
44223 0 20
44224 0 25
44225 0 64
44226 0 65
44227 7 0
44228 1 21
44229 1 47
44230 3 10
44231 0 126
44232 0 63
44233 0 92
44234 0 50
44235 3 3
44236 126 0
44237 1 100
44238 2 26
44239 1 20
44240 1 77
44241 3 12
44242 0 85
44243 4 4
44244 2 49
44245 4 32
44246 0 93
44247 1 30
44248 1 12
44249 0 52
44250 2 6
44251 0 53
44252 0 100
44253 0 52
44254 5 4
44255 0 38
44256 2 44
44257 4 43
44258 4 44
44259 0 12
44260 3 32
44261 9 0
44262 0 21
44263 3 17
44264 1 65
44265 2 61
44266 0 40
44267 0 82
44268 1 17
44269 5 13
44270 4 23
44271 1 62
44272 0 20
44273 1 55
44274 0 57
44275 0 65
44276 2 28
44277 8 2
44278 126 127
44279 4 10
44280 0 127
44281 0 47
44282 1 32
44283 1 66
44284 1 71
44285 0 86
44286 1 92
44287 5 21
44288 1 50
44289 0 29
44290 0 32
44291 4 3
44292 3 3
44293 4 3
44294 1 53
44295 0 51
44296 2 34
44297 1 36
44298 0 91
44299 4 1
44300 1 23
44301 0 76
44302 3 26
44303 0 52
44304 4 21
44305 0 81
44306 0 48
44307 0 34
44308 0 103
44309 0 102
44310 2 22
44311 0 42
44312 3 22
44313 4 0
44314 3 33
44315 0 17
44316 0 84
44317 3 48
44318 0 73
44319 2 79
44320 2 58
44321 1 94
44322 3 9
44323 1 46
44324 3 47
44325 0 27
44326 4 13
44327 2 47
44328 3 50
44329 2 9
44330 1 59
44331 0 53
44332 2 37
44333 0 51
44334 0 56
44335 0 90
44336 0 72
44337 3 9
44338 2 18
44339 2 67
44340 2 22
44341 7 3
44342 2 71
44343 2 7
44344 0 16
44345 1 27
44346 1 91
44347 1 98
44348 1 54
44349 0 67
44350 0 36
44351 1 37
44352 3 24
44353 2 41
44354 6 3
44355 1 43
44356 5 23
44357 1 49
44358 2 9
44359 0 50
44360 3 15
44361 2 39
44362 1 29
44363 2 60
44364 0 75
44365 0 126
44366 0 98
44367 3 22
44368 3 49
44369 1 92
44370 4 23
44371 0 68
44372 2 61
44373 7 4
44374 3 28
44375 5 21
44376 0 59
44377 3 18
44378 3 17
44379 4 21
44380 3 10
44381 0 43
44382 2 26
44383 2 78
44384 2 19
44385 2 2
44386 2 50
44387 0 76
44388 2 35
44389 0 62
44390 1 86
44391 2 23
44392 1 33
44393 1 32
44394 0 54
44395 2 51
44396 7 2
44397 0 39
44398 0 67
44399 0 82
44400 0 69
44401 1 42
44402 127 127
44403 1 91
44404 3 2
44405 0 24
44406 1 44
44407 1 58
44408 0 57
44409 1 48
44410 0 74
44411 0 1
44412 4 15
44413 3 3
44414 1 64
44415 4 1
44416 2 6
44417 3 67
44418 2 2
44419 0 71
44420 0 32
44421 2 49
44422 1 41
44423 1 95
44424 0 52
44425 1 21
44426 1 56
44427 0 55
44428 0 78
44429 4 25
44430 5 21
44431 0 38
44432 0 49
44433 2 66
44434 0 53
44435 3 65
44436 2 60
44437 2 12
44438 4 22
44439 0 18
44440 3 47
44441 3 26
44442 0 2
44443 8 2
44444 0 64
44445 3 11
44446 2 58
44447 2 56
44448 1 35
44449 4 3
44450 0 23
44451 1 61
44452 0 79
44453 0 17
44454 5 20
44455 0 16
44456 0 86
44457 1 84
44458 0 104
44459 2 41
44460 1 55
44461 1 66
44462 3 18
44463 0 81
44464 2 27
44465 0 42
44466 2 79
44467 3 29
44468 1 11
44469 2 35
44470 0 84
44471 0 27
44472 2 37
44473 3 22
44474 5 21
44475 3 0
44476 0 43
44477 0 70
44478 0 24
44479 2 44
44480 2 65
44481 1 78
44482 0 63
44483 1 69
44484 1 77
44485 3 17
44486 0 42
44487 1 32
44488 4 21
44489 0 46
44490 2 78
44491 2 46
44492 1 36
44493 3 37
44494 1 26
44495 0 92
44496 0 69
44497 0 47
44498 0 36
44499 0 19
44500 0 25
44501 3 60
44502 1 10
44503 3 27
44504 0 43
44505 0 32
44506 0 24
44507 3 7
44508 1 35
44509 7 2
44510 0 62
44511 3 3
44512 0 42
44513 1 32
44514 2 28
44515 0 66
44516 0 21
44517 1 100
44518 4 26
44519 2 70
44520 0 101
44521 4 30
44522 0 75
44523 1 67
44524 2 37
44525 127 0
44526 3 1
44527 3 25
44528 1 58
44529 1 38
44530 0 102
44531 4 3
44532 2 66
44533 0 127
44534 3 39
44535 1 68
44536 0 83
44537 0 38
44538 4 24
44539 4 43
44540 2 35
44541 1 59
44542 0 55
44543 1 47
44544 0 72
44545 3 51
44546 1 36
44547 0 77
44548 1 56
44549 2 38
44550 2 7
44551 2 11
44552 3 2
44553 1 70
44554 0 22
44555 1 23
44556 126 0
44557 2 30
44558 4 23
44559 3 15
44560 3 41
44561 3 3
44562 0 54
44563 0 48
44564 3 48
44565 10 0
44566 1 63
44567 2 60
44568 0 71
44569 0 67
44570 0 43
44571 2 23
44572 0 72
44573 0 35
44574 0 59
44575 1 77
44576 3 18
44577 4 10
44578 2 22
44579 0 85
44580 0 42
44581 0 20
44582 2 50
44583 0 52
44584 4 24
44585 2 6
44586 1 55
44587 0 99
44588 1 56
44589 2 91
44590 0 78
44591 5 19
44592 4 1
44593 2 32
44594 2 65
44595 4 29
44596 2 1
44597 4 9
44598 1 55
44599 1 48
44600 1 71
44601 8 2
44602 1 83
44603 1 101
44604 0 32
44605 3 43
44606 0 93
44607 2 59
44608 1 60
44609 7 5
44610 4 39
44611 1 40
44612 1 45
44613 3 13
44614 2 68
44615 1 19
44616 3 29
44617 2 63
44618 2 25
44619 1 65
44620 0 56
44621 4 0
44622 3 47
44623 4 15
44624 0 83
44625 3 8
44626 0 71
44627 4 43
44628 1 47
44629 0 37
44630 0 126
44631 4 1
44632 2 2
44633 0 58
44634 1 66
44635 7 2
44636 1 28
44637 0 72
44638 3 28
44639 0 63
44640 1 48
44641 3 66
44642 0 1
44643 3 10
44644 1 34
44645 7 4
44646 4 11
44647 3 16
44648 8 0
44649 1 70
44650 3 43
44651 1 23
44652 1 57
44653 1 30
44654 1 32
44655 0 97
44656 127 0
44657 11 0
44658 0 68
44659 2 79
44660 1 76
44661 2 19
44662 4 12
44663 2 67
44664 5 26
44665 0 96
44666 0 86
44667 0 45
44668 0 19
44669 2 68
44670 0 105
44671 1 20
44672 0 31
44673 2 61
44674 7 5
44675 3 65
44676 1 100
44677 1 79
44678 126 127
44679 2 24
44680 0 91
44681 2 57
44682 4 26
44683 2 90
44684 10 0
44685 126 0
44686 0 101
44687 2 49
44688 127 127
44689 0 98
44690 4 22
44691 0 20
44692 1 43
44693 0 70
44694 0 34
44695 1 2
44696 2 29
44697 2 55
44698 3 61
44699 4 19
44700 0 76
44701 2 2
44702 0 47
44703 3 7
44704 2 32
44705 2 12
44706 0 94
44707 0 84
44708 127 0
44709 1 55
44710 4 14
44711 0 40
44712 0 99
44713 0 80
44714 4 2
44715 1 90
44716 0 97
44717 11 0
44718 0 69
44719 0 44
44720 3 8
44721 2 18
44722 0 93
44723 2 50
44724 0 51
44725 2 55
44726 3 52
44727 4 28
44728 1 46
44729 2 7
44730 0 46
44731 126 127
44732 1 31
44733 0 53
44734 2 25
44735 5 26
44736 1 68
44737 2 27
44738 4 26
44739 2 68
44740 3 24
44741 2 46
44742 3 6
44743 3 39
44744 0 64
44745 0 65
44746 1 65
44747 0 55
44748 1 42
44749 0 38
44750 0 98
44751 0 89
44752 0 47
44753 3 35
44754 0 96
44755 2 0
44756 0 43
44757 0 32
44758 0 21
44759 0 30
44760 2 79
44761 2 66
44762 126 0
44763 1 33
44764 3 26
44765 127 0
44766 0 102
44767 2 31
44768 1 63
44769 0 36
44770 0 83
44771 0 85
44772 1 68
44773 3 27
44774 0 52
44775 4 15
44776 0 46
44777 5 9
44778 1 78
44779 2 5
44780 2 49
44781 0 15
44782 2 68
44783 0 48
44784 1 25
44785 2 37
44786 0 35
44787 0 60
44788 0 79
44789 0 82
44790 2 39
44791 0 101
44792 1 50
44793 3 0
44794 1 20
44795 0 53
44796 127 127
44797 1 38
44798 0 61
44799 0 28
44800 0 80
44801 3 32
44802 0 62
44803 4 26
44804 0 79
44805 3 49
44806 4 6
44807 0 61
44808 4 21
44809 4 9
44810 0 88
44811 1 89
44812 1 99
44813 1 59
44814 3 4
44815 1 44
44816 1 11
44817 2 27
44818 126 0
44819 1 30
44820 0 81
44821 3 30
44822 3 40
44823 0 44
44824 0 52
44825 4 47
44826 0 23
44827 0 78
44828 1 31
44829 1 94
44830 2 31
44831 1 57
44832 1 0
44833 1 95
44834 0 84
44835 0 95
44836 1 22
44837 3 18
44838 0 54
44839 0 20
44840 1 47
44841 1 69
44842 5 9
44843 4 22
44844 0 38
44845 1 75
44846 0 82
44847 0 62
44848 0 77
44849 0 22
44850 3 33
44851 0 73
44852 2 44
44853 2 59
44854 4 0
44855 1 52
44856 2 11
44857 1 37
44858 3 68
44859 1 41
44860 0 66
44861 1 39
44862 0 50
44863 1 10
44864 4 3
44865 0 39
44866 3 27
44867 1 55
44868 0 74
44869 2 78
44870 0 76
44871 4 11
44872 2 4
44873 2 12
44874 3 46
44875 0 61
44876 5 19
44877 3 0
44878 0 49
44879 127 0
44880 3 5
44881 0 87
44882 4 25
44883 1 20
44884 0 52
44885 1 60
44886 0 62
44887 2 37
44888 0 20
44889 0 100
44890 2 68
44891 2 17
44892 2 67
44893 1 34
44894 2 41
44895 2 75
44896 0 51
44897 1 33
44898 2 57
44899 1 37
44900 3 22
44901 1 75
44902 3 3
44903 0 60
44904 0 25
44905 1 43
44906 2 77
44907 0 127
44908 0 19
44909 0 89
44910 0 53
44911 4 8
44912 1 42
44913 1 41
44914 0 67
44915 0 61
44916 2 66
44917 2 24
44918 10 0
44919 2 5
44920 1 91
44921 2 16
44922 0 24
44923 0 66
44924 0 57
44925 2 67
44926 2 37
44927 3 68
44928 11 0
44929 1 28
44930 0 29
44931 3 51
44932 0 41
44933 1 43
44934 0 62
44935 7 0
44936 0 21
44937 2 51
44938 3 42
44939 8 0
44940 0 43
44941 4 48
44942 0 73
44943 1 67
44944 0 30
44945 4 2
44946 0 25
44947 0 45
44948 4 1
44949 0 90
44950 1 42
44951 0 54
44952 2 41
44953 1 53
44954 0 24
44955 4 2
44956 7 4
44957 0 61
44958 1 34
44959 0 55
44960 1 43
44961 1 2
44962 2 35
44963 1 42
44964 1 31
44965 0 92
44966 0 86
44967 0 75
44968 2 52
44969 0 47
44970 0 40
44971 1 36
44972 4 12
44973 2 33
44974 0 42
44975 4 1
44976 4 2
44977 4 19
44978 3 8
44979 0 59
44980 4 47
44981 4 1
44982 5 19
44983 2 31
44984 4 8
44985 4 4
44986 0 89
44987 3 2
44988 4 11
44989 0 76
44990 0 20
44991 0 94
44992 1 56
44993 2 27
44994 1 78
44995 3 7
44996 0 28
44997 0 44
44998 0 41
44999 0 37
45000 3 23
45001 2 49
45002 2 68
45003 0 0
45004 2 65
45005 0 58
45006 0 25
45007 1 38
45008 0 93
45009 0 88
45010 0 16
45011 0 39
45012 3 64
45013 1 30
45014 1 74
45015 3 35
45016 0 81
45017 3 57
45018 0 95
45019 3 63
45020 0 69
45021 0 2
45022 0 74
45023 0 46
45024 0 78
45025 1 54
45026 1 77
45027 1 25
45028 3 3
45029 1 57
45030 1 72
45031 0 96
45032 0 57
45033 0 59
45034 0 31
45035 2 48
45036 1 19
45037 4 13
45038 0 43
45039 0 82
45040 4 2
45041 1 51
45042 126 0
45043 10 0
45044 0 91
45045 2 11
45046 1 12
45047 0 32
45048 4 30
45049 3 22
45050 0 30
45051 0 25
45052 0 63
45053 0 15
45054 0 1
45055 127 0
45056 0 40
45057 1 39
45058 0 53
45059 1 75
45060 2 6
45061 1 28
45062 3 8
45063 7 1
45064 0 22
45065 4 1
45066 0 94
45067 0 33
45068 0 2
45069 0 67
45070 1 96
45071 0 21
45072 11 0
45073 0 58
45074 1 59
45075 3 2
45076 0 24
45077 3 15
45078 1 23
45079 1 67
45080 1 78
45081 1 57
45082 2 99
45083 1 84
45084 4 8
45085 126 127
45086 0 84
45087 7 5
45088 0 42
45089 0 32
45090 3 24
45091 0 90
45092 3 39
45093 0 67
45094 0 77
45095 0 25
45096 1 60
45097 0 13
45098 3 56
45099 2 75
45100 5 6
45101 0 104
45102 6 1
45103 1 99
45104 3 3
45105 0 16
45106 0 23
45107 4 6
45108 0 73
45109 2 2
45110 2 57
45111 2 1
45112 1 68
45113 1 31
45114 0 126
45115 1 88
45116 4 19
45117 0 48
45118 0 20
45119 1 30
45120 2 49
45121 0 44
45122 1 71
45123 4 22
45124 0 1
45125 127 127
45126 0 21
45127 0 57
45128 3 2
45129 2 78
45130 0 30
45131 0 28
45132 0 22
45133 1 62
45134 6 7
45135 3 30
45136 2 23
45137 0 64
45138 0 2
45139 1 63
45140 2 43
45141 3 38
45142 0 24
45143 3 28
45144 2 25
45145 4 3
45146 2 13
45147 0 62
45148 0 41
45149 2 58
45150 5 10
45151 3 9
45152 0 20
45153 0 72
45154 7 1
45155 1 58
45156 0 49
45157 3 22
45158 0 59
45159 5 8
45160 4 22
45161 1 75
45162 4 8
45163 1 65
45164 1 25
45165 4 28
45166 1 84
45167 2 32
45168 0 1
45169 4 48
45170 0 15
45171 0 93
45172 0 73
45173 2 46
45174 1 76
45175 2 45
45176 3 27
45177 4 26
45178 3 48
45179 2 58
45180 3 47
45181 1 45
45182 4 42
45183 3 39
45184 0 63
45185 9 0
45186 0 43
45187 1 18
45188 0 38
45189 0 26
45190 1 38
45191 0 84
45192 0 103
45193 2 39
45194 0 33
45195 1 78
45196 0 37
45197 0 38
45198 0 58
45199 1 20
45200 3 46
45201 1 72
45202 3 31
45203 1 57
45204 2 33
45205 0 36
45206 0 42
45207 7 0
45208 2 35
45209 3 14
45210 2 59
45211 2 56
45212 3 10
45213 4 29
45214 2 7
45215 2 61
45216 2 46
45217 0 76
45218 1 23
45219 2 53
45220 2 99
45221 3 62
45222 3 22
45223 0 59
45224 0 45
45225 0 0
45226 3 7
45227 2 63
45228 5 13
45229 0 47
45230 0 48
45231 0 34
45232 5 9
45233 0 97
45234 0 127
45235 4 22
45236 0 56
45237 1 47
45238 0 88
45239 0 46
45240 2 2
45241 0 80
45242 1 17
45243 0 16
45244 3 22
45245 0 20
45246 1 40
45247 3 41
45248 3 39
45249 0 126
45250 2 40
45251 1 64
45252 0 41
45253 4 25
45254 4 26
45255 126 0
45256 2 4
45257 6 5
45258 3 8
45259 0 77
45260 1 92
45261 2 23
45262 2 7
45263 3 46
45264 0 57
45265 4 22
45266 0 40
45267 3 15
45268 2 14
45269 0 102
45270 0 91
45271 2 52
45272 0 71
45273 0 74
45274 1 23
45275 0 23
45276 1 20
45277 1 44
45278 126 127
45279 3 3
45280 3 43
45281 12 0
45282 0 32
45283 4 8
45284 2 46
45285 0 25
45286 127 127
45287 10 0
45288 0 51
45289 0 64
45290 3 2
45291 0 35
45292 0 127
45293 2 48
45294 1 41
45295 1 39
45296 4 41
45297 0 103
45298 2 55
45299 3 8
45300 2 25
45301 4 13
45302 1 6
45303 1 86
45304 0 87
45305 0 63
45306 2 58
45307 3 41
45308 2 5
45309 1 65
45310 2 4
45311 2 2
45312 0 47
45313 1 42
45314 3 30
45315 2 92
45316 2 49
45317 2 75
45318 0 98
45319 0 41
45320 0 101
45321 0 24
45322 2 59
45323 4 3
45324 2 32
45325 2 12
45326 0 20
45327 4 7
45328 0 56
45329 0 73
45330 0 49
45331 4 25
45332 4 17
45333 1 21
45334 2 45
45335 3 23
45336 1 67
45337 2 11
45338 5 19
45339 1 58
45340 2 41
45341 6 2
45342 2 33
45343 3 2
45344 4 15
45345 2 12
45346 3 16
45347 3 24
45348 2 3
45349 0 44
45350 0 97
45351 0 1
45352 0 74
45353 0 15
45354 5 5
45355 3 38
45356 1 95
45357 1 47
45358 2 16
45359 4 26
45360 0 76
45361 0 65
45362 3 41
45363 3 16
45364 0 21
45365 0 57
45366 0 23
45367 2 2
45368 0 45
45369 0 16
45370 4 9
45371 1 64
45372 5 15
45373 1 30
45374 0 64
45375 1 20
45376 5 4
45377 4 25
45378 1 18
45379 2 48
45380 0 46
45381 0 56
45382 0 90
45383 5 2
45384 2 46
45385 0 58
45386 0 33
45387 1 63
45388 3 15
45389 4 28
45390 1 52
45391 0 52
45392 2 24
45393 0 54
45394 6 6
45395 0 53
45396 0 34
45397 4 29
45398 1 17
45399 0 61
45400 0 48
45401 2 64
45402 0 77
45403 4 28
45404 0 45
45405 0 46
45406 0 73
45407 0 85
45408 1 62
45409 2 52
45410 6 2
45411 0 96
45412 0 30
45413 2 68
45414 0 54
45415 0 63
45416 0 22
45417 3 22
45418 0 104
45419 2 5
45420 0 40
45421 4 29
45422 2 74
45423 2 51
45424 1 45
45425 2 41
45426 0 24
45427 3 16
45428 0 49
45429 0 64
45430 0 47
45431 3 63
45432 2 22
45433 0 68
45434 1 30
45435 3 15
45436 2 25
45437 2 69
45438 2 86
45439 1 94
45440 2 72
45441 0 84
45442 0 76
45443 3 41
45444 0 53
45445 0 66
45446 3 16
45447 0 45
45448 0 50
45449 2 11
45450 1 75
45451 0 15
45452 4 6
45453 1 47
45454 1 16
45455 0 78
45456 2 27
45457 2 39
45458 0 69
45459 0 86
45460 0 126
45461 6 5
45462 126 127
45463 0 27
45464 2 4
45465 0 63
45466 4 26
45467 1 64
45468 2 49
45469 3 74
45470 4 4
45471 2 74
45472 0 65
45473 0 36
45474 0 67
45475 3 6
45476 0 41
45477 1 95
45478 3 46
45479 1 52
45480 3 22
45481 5 11
45482 3 4
45483 0 127
45484 8 0
45485 1 40
45486 5 3
45487 0 40
45488 0 20
45489 0 74
45490 1 43
45491 1 40
45492 4 6
45493 1 72
45494 1 94
45495 0 43
45496 6 0
45497 3 6
45498 0 89
45499 1 78
45500 0 48
45501 1 95
45502 3 26
45503 0 88
45504 2 13
45505 1 42
45506 4 24
45507 0 85
45508 0 46
45509 2 23
45510 4 15
45511 0 66
45512 2 48
45513 4 22
45514 0 2
45515 0 52
45516 2 47
45517 0 100
45518 10 1
45519 1 65
45520 1 23
45521 2 32
45522 3 3
45523 1 24
45524 4 8
45525 0 92
45526 3 45
45527 0 23
45528 127 0
45529 3 24
45530 0 30
45531 127 127
45532 0 39
45533 2 4
45534 1 86
45535 0 77
45536 2 23
45537 5 42
45538 0 99
45539 0 97
45540 0 91
45541 0 65
45542 0 49
45543 3 25
45544 3 46
45545 3 7
45546 0 33
45547 2 68
45548 0 70
45549 10 0
45550 2 22
45551 3 11
45552 1 53
45553 0 72
45554 3 59
45555 0 55
45556 1 76
45557 1 72
45558 1 64
45559 0 87
45560 0 73
45561 2 56
45562 1 84
45563 3 45
45564 1 68
45565 1 75
45566 0 38
45567 1 1
45568 126 0
45569 127 0
45570 3 21
45571 2 28
45572 0 35
45573 2 68
45574 0 34
45575 1 39
45576 0 103
45577 7 2
45578 0 44
45579 2 11
45580 1 18
45581 126 0
45582 3 39
45583 1 67
45584 0 76
45585 0 68
45586 4 12
45587 0 35
45588 2 63
45589 2 49
45590 0 40
45591 2 73
45592 0 37
45593 0 16
45594 0 22
45595 3 49
45596 13 0
45597 4 42
45598 0 79
45599 0 51
45600 0 84
45601 3 11
45602 0 66
45603 0 102
45604 5 42
45605 0 56
45606 0 34
45607 0 60
45608 4 19
45609 1 65
45610 1 28
45611 2 74
45612 0 64
45613 2 69
45614 5 10
45615 2 20
45616 1 57
45617 5 11
45618 2 40
45619 0 26
45620 2 16
45621 0 88
45622 2 55
45623 4 42
45624 3 2
45625 5 10
45626 3 16
45627 2 15
45628 5 5
45629 6 2
45630 0 54
45631 0 101
45632 2 49
45633 0 50
45634 1 55
45635 2 98
45636 0 69
45637 2 33
45638 5 6
45639 0 35
45640 1 99
45641 1 15
45642 3 38
45643 0 10
45644 2 5
45645 2 52
45646 3 13
45647 5 11
45648 2 39
45649 5 1
45650 0 63
45651 0 43
45652 2 41
45653 5 5
45654 2 3
45655 0 32
45656 1 92
45657 2 4
45658 1 77
45659 126 127
45660 1 48
45661 0 33
45662 0 28
45663 11 0
45664 4 1
45665 127 0
45666 2 3
45667 4 6
45668 0 64
45669 2 57
45670 0 36
45671 1 10
45672 0 32
45673 0 41
45674 2 31
45675 1 40
45676 1 59
45677 0 57
45678 2 73
45679 0 74
45680 4 28
45681 1 14
45682 0 100
45683 0 86
45684 1 39
45685 2 12
45686 2 60
45687 0 77
45688 0 47
45689 0 73
45690 2 56
45691 0 53
45692 3 27
45693 1 86
45694 4 20
45695 0 96
45696 3 41
45697 0 75
45698 3 58
45699 0 85
45700 3 3
45701 4 30
45702 2 25
45703 1 28
45704 2 26
45705 1 76
45706 0 40
45707 0 61
45708 1 23
45709 0 63
45710 0 27
45711 0 37
45712 2 76
45713 5 10
45714 1 38
45715 0 90
45716 0 59
45717 2 68
45718 0 81
45719 1 52
45720 0 92
45721 1 12
45722 2 58
45723 2 46
45724 0 44
45725 5 28
45726 1 94
45727 0 34
45728 1 75
45729 126 0
45730 2 8
45731 0 126
45732 0 65
45733 1 58
45734 5 8
45735 2 6
45736 3 33
45737 9 0
45738 2 25
45739 0 49
45740 2 11
45741 1 32
45742 1 61
45743 4 11
45744 0 31
45745 5 42
45746 5 7
45747 1 19
45748 1 87
45749 2 47
45750 3 49
45751 0 68
45752 4 23
45753 2 62
45754 0 67
45755 0 69
45756 14 0
45757 0 33
45758 0 1
45759 2 74
45760 3 19
45761 0 86
45762 0 48
45763 4 22
45764 0 24
45765 2 13
45766 0 21
45767 0 71
45768 0 43
45769 2 28
45770 1 90
45771 2 73
45772 0 85
45773 4 2
45774 0 45
45775 0 49
45776 0 34
45777 0 6
45778 3 39
45779 1 25
45780 2 46
45781 2 9
45782 0 5
45783 0 26
45784 0 19
45785 3 35
45786 1 6
45787 1 68
45788 2 2
45789 0 20
45790 0 38
45791 3 31
45792 1 63
45793 0 28
45794 0 94
45795 3 18
45796 13 0
45797 3 26
45798 2 97
45799 2 58
45800 3 27
45801 2 31
45802 0 46
45803 1 45
45804 0 75
45805 2 8
45806 4 19
45807 1 37
45808 1 44
45809 0 15
45810 0 35
45811 0 127
45812 3 31
45813 1 57
45814 1 39
45815 1 2
45816 2 24
45817 0 101
45818 2 3
45819 0 74
45820 5 0
45821 0 48
45822 0 58
45823 2 9
45824 0 70
45825 0 91
45826 2 12
45827 0 36
45828 4 42
45829 2 49
45830 0 30
45831 0 42
45832 2 19
45833 1 28
45834 127 0
45835 4 28
45836 0 37
45837 0 92
45838 3 11
45839 0 71
45840 6 0
45841 7 2
45842 0 60
45843 0 89
45844 5 28
45845 1 53
45846 4 0
45847 0 27
45848 0 44
45849 1 38
45850 127 127
45851 1 97
45852 1 75
45853 126 0
45854 1 41
45855 0 19
45856 0 35
45857 1 20
45858 3 56
45859 5 8
45860 0 72
45861 0 59
45862 0 70
45863 0 95
45864 0 60
45865 7 0
45866 0 26
45867 2 34
45868 2 52
45869 3 3
45870 1 35
45871 0 53
45872 1 73
45873 0 96
45874 0 99
45875 1 98
45876 0 76
45877 3 1
45878 126 127
45879 0 43
45880 127 127
45881 1 16
45882 2 47
45883 2 31
45884 3 10
45885 0 87
45886 2 73
45887 0 23
45888 1 23
45889 1 52
45890 1 46
45891 3 49
45892 3 31
45893 3 20
45894 3 58
45895 4 29
45896 6 3
45897 0 23
45898 14 0
45899 3 62
45900 1 53
45901 1 87
45902 1 22
45903 1 69
45904 1 42
45905 0 88
45906 0 64
45907 0 39
45908 2 63
45909 2 21
45910 3 4
45911 4 14
45912 0 46
45913 2 7
45914 5 27
45915 3 36
45916 2 39
45917 5 7
45918 2 3
45919 0 90
45920 1 83
45921 1 90
45922 0 38
45923 2 46
45924 2 50
45925 1 97
45926 8 2
45927 5 3
45928 1 63
45929 0 16
45930 0 89
45931 3 14
45932 1 41
45933 1 66
45934 0 14
45935 1 27
45936 0 91
45937 2 53
45938 2 77
45939 1 39
45940 4 28
45941 13 0
45942 2 2
45943 0 33
45944 2 31
45945 2 63
45946 0 68
45947 0 20
45948 3 32
45949 1 1
45950 2 33
45951 1 71
45952 0 73
45953 0 78
45954 0 22
45955 2 54
45956 4 29
45957 2 72
45958 1 38
45959 2 58
45960 0 102
45961 2 55
45962 1 23
45963 0 59
45964 0 21
45965 3 57
45966 9 1
45967 0 63
45968 9 0
45969 0 65
45970 1 53
45971 0 83
45972 2 59
45973 3 54
45974 2 73
45975 5 8
45976 5 19
45977 1 77
45978 2 40
45979 1 98
45980 9 1
45981 0 93
45982 0 42
45983 3 53
45984 4 32
45985 1 58
45986 3 40
45987 4 45
45988 2 75
45989 0 58
45990 2 58
45991 1 14
45992 1 67
45993 0 75
45994 0 86
45995 0 66
45996 1 47
45997 2 72
45998 6 10
45999 0 39
46000 1 39
46001 1 29
46002 4 41
46003 126 127
46004 3 26
46005 1 76
46006 3 52
46007 3 56
46008 1 74
46009 3 75
46010 4 27
46011 1 88
46012 127 0
46013 2 69
46014 4 3
46015 0 62
46016 3 58
46017 4 14
46018 0 34
46019 2 22
46020 0 61
46021 5 2
46022 2 11
46023 0 95
46024 4 56
46025 0 1
46026 1 93
46027 0 25
46028 2 30
46029 4 21
46030 1 50
46031 1 21
46032 0 49
46033 4 42
46034 0 55
46035 0 14
46036 1 56
46037 2 35
46038 2 39
46039 3 15
46040 0 85
46041 0 41
46042 0 76
46043 2 45
46044 0 80
46045 0 26
46046 1 69
46047 2 75
46048 1 45
46049 2 52
46050 0 52
46051 1 59
46052 0 81
46053 0 22
46054 0 101
46055 3 24
46056 127 127
46057 2 24
46058 1 48
46059 4 41
46060 0 23
46061 3 75
46062 0 67
46063 0 75
46064 0 57
46065 1 83
46066 0 43
46067 4 36
46068 2 51
46069 0 33
46070 5 0
46071 0 36
46072 3 33
46073 2 73
46074 0 59
46075 2 52
46076 3 0
46077 5 7
46078 2 40
46079 2 31
46080 7 2
46081 0 10
46082 2 43
46083 126 127
46084 3 16
46085 1 63
46086 2 51
46087 2 49
46088 2 30
46089 0 38
46090 2 52
46091 3 56
46092 1 10
46093 126 0
46094 0 44
46095 5 27
46096 0 80
46097 1 64
46098 3 7
46099 1 72
46100 1 77
46101 2 75
46102 1 31
46103 0 92
46104 3 29
46105 1 42
46106 1 94
46107 3 5
46108 1 87
46109 0 65
46110 2 27
46111 4 12
46112 0 71
46113 0 51
46114 3 73
46115 14 0
46116 2 44
46117 0 58
46118 10 0
46119 0 64
46120 4 22
46121 0 43
46122 2 41
46123 0 76
46124 3 11
46125 3 25
46126 0 88
46127 2 10
46128 5 12
46129 2 73
46130 3 28
46131 2 62
46132 1 46
46133 0 65
46134 0 32
46135 11 0
46136 3 21
46137 1 61
46138 0 56
46139 0 35
46140 2 63
46141 3 39
46142 1 45
46143 0 96
46144 0 53
46145 9 0
46146 1 20
46147 13 0
46148 1 1
46149 0 61
46150 0 126
46151 0 98
46152 1 46
46153 2 62
46154 0 89
46155 2 40
46156 0 68
46157 0 79
46158 1 59
46159 0 40
46160 2 76
46161 0 127
46162 0 84
46163 2 7
46164 4 12
46165 3 20
46166 5 12
46167 0 81
46168 1 27
46169 3 45
46170 0 48
46171 0 37
46172 4 12
46173 0 94
46174 4 31
46175 0 63
46176 3 6
46177 3 73
46178 1 75
46179 0 78
46180 0 49
46181 0 79
46182 3 38
46183 11 1
46184 0 88
46185 0 29
46186 2 21
46187 3 26
46188 3 76
46189 0 91
46190 0 55
46191 3 2
46192 1 16
46193 2 11
46194 2 22
46195 0 45
46196 3 7
46197 2 28
46198 5 10
46199 4 21
46200 1 62
46201 1 89
46202 2 54
46203 0 85
46204 1 70
46205 4 6
46206 1 86
46207 4 19
46208 3 55
46209 3 30
46210 0 74
46211 3 49
46212 1 44
46213 2 27
46214 2 62
46215 0 33
46216 2 41
46217 5 8
46218 0 57
46219 4 22
46220 0 62
46221 0 84
46222 0 82
46223 3 10
46224 0 78
46225 0 58
46226 0 56
46227 2 2
46228 3 1
46229 2 45
46230 3 45
46231 1 69
46232 3 12
46233 0 70
46234 2 73
46235 1 21
46236 0 66
46237 3 56
46238 0 71
46239 0 90
46240 1 96
46241 4 7
46242 3 15
46243 4 1
46244 0 42
46245 1 14
46246 2 30
46247 4 40
46248 0 65
46249 3 40
46250 0 32
46251 2 89
46252 2 4
46253 2 34
46254 0 48
46255 2 6
46256 2 74
46257 0 44
46258 4 27
46259 3 60
46260 1 42
46261 3 3
46262 2 76
46263 2 45
46264 0 38
46265 0 97
46266 2 50
46267 1 66
46268 2 1
46269 3 21
46270 4 38
46271 0 14
46272 0 57
46273 4 6
46274 0 42
46275 2 2
46276 0 58
46277 1 70
46278 0 50
46279 1 42
46280 3 45
46281 4 28
46282 3 9
46283 4 20
46284 1 27
46285 0 16
46286 3 1
46287 0 55
46288 2 5
46289 0 126
46290 0 91
46291 0 60
46292 0 45
46293 3 30
46294 2 73
46295 0 1
46296 4 1
46297 1 67
46298 2 16
46299 4 32
46300 2 45
46301 2 30
46302 127 127
46303 3 76
46304 10 0
46305 0 90
46306 1 95
46307 0 30
46308 5 11
46309 7 3
46310 0 73
46311 2 76
46312 9 0
46313 1 78
46314 1 23
46315 3 10
46316 0 51
46317 3 48
46318 4 31
46319 0 50
46320 4 11
46321 2 20
46322 2 72
46323 0 66
46324 0 57
46325 0 64
46326 3 39
46327 0 87
46328 0 80
46329 0 46
46330 7 1
46331 1 38
46332 7 0
46333 0 69
46334 4 19
46335 10 0
46336 2 39
46337 2 8
46338 0 42
46339 6 0
46340 3 37
46341 1 42
46342 0 100
46343 3 30
46344 0 81
46345 0 15
46346 0 41
46347 0 52
46348 3 55
46349 12 0
46350 0 74
46351 2 1
46352 0 59
46353 1 80
46354 2 80
46355 2 19
46356 127 0
46357 2 20
46358 1 89
46359 0 79
46360 1 64
46361 0 68
46362 0 47
46363 1 72
46364 4 27
46365 0 65
46366 1 85
46367 4 35
46368 0 58
46369 0 49
46370 1 34
46371 0 66
46372 1 50
46373 0 99
46374 9 0
46375 0 21
46376 2 51
46377 2 42
46378 1 47
46379 13 0
46380 3 8
46381 4 23
46382 1 77
46383 3 2
46384 1 37
46385 4 39
46386 0 100
46387 2 36
46388 1 33
46389 1 80
46390 0 77
46391 0 75
46392 1 45
46393 1 21
46394 4 38
46395 2 10
46396 2 7
46397 2 46
46398 0 99
46399 2 74
46400 0 64
46401 0 73
46402 0 86
46403 1 64
46404 0 91
46405 0 56
46406 1 15
46407 3 7
46408 0 100
46409 3 76
46410 1 14
46411 0 127
46412 2 31
46413 1 96
46414 0 69
46415 2 61
46416 3 29
46417 1 60
46418 1 95
46419 0 61
46420 2 44
46421 4 5
46422 1 76
46423 1 74
46424 2 52
46425 2 8
46426 2 2
46427 0 34
46428 2 51
46429 2 52
46430 1 55
46431 4 28
46432 1 96
46433 126 0
46434 0 78
46435 3 14
46436 0 40
46437 126 127
46438 3 75
46439 2 53
46440 0 51
46441 12 0
46442 1 82
46443 4 0
46444 0 52
46445 10 0
46446 0 45
46447 3 54
46448 1 53
46449 0 35
46450 0 42
46451 1 51
46452 0 62
46453 1 46
46454 3 25
46455 4 60
46456 4 7
46457 0 65
46458 2 55
46459 6 8
46460 2 19
46461 6 3
46462 0 31
46463 2 20
46464 0 21
46465 0 126
46466 1 40
46467 4 1
46468 2 48
46469 2 62
46470 0 127
46471 3 26
46472 0 83
46473 0 87
46474 8 0
46475 3 42
46476 0 84
46477 0 61
46478 8 1
46479 0 126
46480 3 30
46481 3 53
46482 11 2
46483 2 60
46484 2 25
46485 2 51
46486 4 27
46487 0 33
46488 2 19
46489 1 48
46490 2 74
46491 1 45
46492 3 20
46493 3 15
46494 3 76
46495 6 4
46496 0 89
46497 1 77
46498 1 76
46499 2 21
46500 1 77
46501 2 32
46502 0 93
46503 0 82
46504 5 8
46505 0 45
46506 0 39
46507 1 33
46508 3 35
46509 2 38
46510 0 62
46511 2 30
46512 5 19
46513 3 31
46514 1 45
46515 3 30
46516 0 67
46517 1 58
46518 3 57
46519 1 91
46520 0 96
46521 4 0
46522 1 1
46523 3 10
46524 1 60
46525 0 127
46526 5 1
46527 0 58
46528 0 33
46529 3 52
46530 0 98
46531 0 86
46532 1 30
46533 2 61
46534 0 74
46535 2 49
46536 3 25
46537 0 36
46538 1 73
46539 5 2
46540 1 21
46541 2 1
46542 2 23
46543 3 53
46544 9 0
46545 0 60
46546 127 127
46547 0 25
46548 11 0
46549 0 77
46550 3 60
46551 2 52
46552 1 95
46553 4 22
46554 0 126
46555 1 60
46556 4 19
46557 1 57
46558 2 26
46559 3 56
46560 0 60
46561 0 30
46562 0 95
46563 5 1
46564 3 27
46565 3 43
46566 5 2
46567 3 57
46568 7 0
46569 2 80
46570 6 3
46571 0 73
46572 0 80
46573 0 16
46574 2 9
46575 0 72
46576 3 9
46577 0 34
46578 0 91
46579 1 94
46580 3 3
46581 0 88
46582 0 37
46583 2 17
46584 0 64
46585 0 51
46586 2 25
46587 0 81
46588 2 94
46589 1 38
46590 0 41
46591 4 31
46592 2 85
46593 5 11
46594 2 40
46595 3 42
46596 0 46
46597 3 2
46598 1 83
46599 2 51
46600 0 83
46601 4 27
46602 2 47
46603 6 4
46604 4 35
46605 0 59
46606 0 89
46607 0 66
46608 0 101
46609 1 20
46610 2 75
46611 1 30
46612 0 42
46613 1 16
46614 3 28
46615 2 74
46616 1 37
46617 0 21
46618 2 27
46619 3 47
46620 1 93
46621 1 27
46622 1 60
46623 3 43
46624 1 55
46625 6 3
46626 0 61
46627 0 16
46628 2 55
46629 2 35
46630 2 16
46631 1 85
46632 2 45
46633 2 75
46634 3 42
46635 0 41
46636 0 15
46637 5 1
46638 0 79
46639 0 20
46640 1 40
46641 3 56
46642 0 30
46643 1 6
46644 0 127
46645 3 77
46646 1 74
46647 1 16
46648 0 16
46649 1 1
46650 126 127
46651 0 100
46652 0 101
46653 0 53
46654 2 26
46655 0 67
46656 3 43
46657 4 25
46658 0 50
46659 4 4
46660 2 85
46661 1 58
46662 0 66
46663 1 22
46664 3 11
46665 2 1
46666 1 20
46667 3 8
46668 1 30
46669 3 59
46670 4 34
46671 4 32
46672 4 2
46673 0 47
46674 0 52
46675 2 2
46676 0 43
46677 12 0
46678 1 81
46679 127 0
46680 3 26
46681 1 73
46682 0 76
46683 1 84
46684 1 35
46685 0 38
46686 0 26
46687 2 27
46688 1 26
46689 3 25
46690 5 27
46691 0 100
46692 6 8
46693 0 81
46694 2 53
46695 0 77
46696 2 35
46697 0 26
46698 2 59
46699 1 53
46700 2 42
46701 0 82
46702 2 38
46703 0 97
46704 126 0
46705 10 0
46706 0 44
46707 0 74
46708 1 42
46709 4 13
46710 1 27
46711 9 0
46712 5 3
46713 2 6
46714 0 93
46715 0 76
46716 4 5
46717 1 43
46718 4 4
46719 4 31
46720 2 30
46721 0 78
46722 1 75
46723 1 78
46724 3 2
46725 0 46
46726 1 15
46727 3 42
46728 5 0
46729 0 25
46730 0 84
46731 0 98
46732 1 1
46733 3 59
46734 1 84
46735 6 3
46736 0 62
46737 5 8
46738 3 30
46739 1 91
46740 1 36
46741 0 77
46742 0 42
46743 4 32
46744 127 127
46745 0 68
46746 0 22
46747 0 58
46748 2 0
46749 2 47
46750 1 50
46751 0 20
46752 3 23
46753 1 46
46754 2 17
46755 0 83
46756 2 34
46757 3 0
46758 0 85
46759 0 26
46760 3 44
46761 4 0
46762 0 79
46763 4 2
46764 3 47
46765 0 46
46766 2 0
46767 4 24
46768 0 33
46769 4 39
46770 0 51
46771 1 6
46772 1 66
46773 1 57
46774 2 42
46775 2 62
46776 2 77
46777 1 94
46778 3 49
46779 0 59
46780 0 86
46781 2 11
46782 5 13
46783 1 55
46784 0 30
46785 0 58
46786 3 26
46787 3 39
46788 3 43
46789 8 2
46790 0 31
46791 2 41
46792 2 86
46793 2 25
46794 0 14
46795 4 26
46796 4 31
46797 1 63
46798 0 59
46799 4 5
46800 2 94
46801 1 20
46802 0 34
46803 2 56
46804 0 71
46805 6 0
46806 0 25
46807 0 41
46808 4 3
46809 3 42
46810 0 88
46811 1 23
46812 3 77
46813 3 43
46814 0 92
46815 2 16
46816 1 80
46817 0 61
46818 2 24
46819 7 2
46820 2 53
46821 0 93
46822 7 0
46823 0 20
46824 2 59
46825 3 26
46826 4 32
46827 4 2
46828 3 7
46829 1 85
46830 1 35
46831 0 66
46832 4 25
46833 2 58
46834 5 4
46835 4 14
46836 0 42
46837 1 36
46838 1 66
46839 0 72
46840 0 30
46841 1 84
46842 0 70
46843 4 27
46844 3 40
46845 3 56
46846 2 6
46847 2 73
46848 4 3
46849 2 35
46850 3 42
46851 2 17
46852 8 2
46853 3 51
46854 3 52
46855 1 22
46856 2 33
46857 0 57
46858 2 43
46859 11 0
46860 7 2
46861 0 89
46862 0 35
46863 0 66
46864 1 72
46865 0 97
46866 1 53
46867 8 2
46868 1 30
46869 3 34
46870 0 19
46871 3 0
46872 0 52
46873 1 76
46874 1 23
46875 0 73
46876 2 52
46877 1 46
46878 0 20
46879 0 37
46880 5 0
46881 1 21
46882 1 37
46883 4 42
46884 4 10
46885 1 6
46886 0 38
46887 1 95
46888 3 73
46889 3 45
46890 0 33
46891 3 39
46892 2 6
46893 126 127
46894 0 76
46895 1 66
46896 1 14
46897 0 41
46898 4 12
46899 3 21
46900 0 42
46901 0 75
46902 2 39
46903 1 85
46904 3 9
46905 0 87
46906 9 1
46907 4 2
46908 2 87
46909 3 42
46910 3 1
46911 0 66
46912 127 0
46913 0 46
46914 2 55
46915 5 2
46916 0 74
46917 3 5
46918 0 96
46919 2 50
46920 0 71
46921 2 78
46922 2 7
46923 0 41
46924 0 63
46925 1 56
46926 0 69
46927 1 50
46928 2 61
46929 4 3
46930 9 0
46931 3 3
46932 0 62
46933 4 24
46934 0 70
46935 3 57
46936 2 49
46937 1 71
46938 4 2
46939 0 30
46940 2 36
46941 0 65
46942 0 82
46943 0 39
46944 0 38
46945 2 93
46946 1 43
46947 4 6
46948 2 9
46949 2 86
46950 1 30
46951 2 54
46952 0 56
46953 2 55
46954 0 37
46955 0 60
46956 2 87
46957 3 10
46958 0 85
46959 0 66
46960 0 90
46961 2 54
46962 1 42
46963 0 50
46964 4 8
46965 4 20
46966 0 89
46967 3 8
46968 1 60
46969 0 53
46970 0 48
46971 5 6
46972 3 43
46973 0 26
46974 4 25
46975 0 40
46976 0 81
46977 4 7
46978 3 52
46979 6 6
46980 3 41
46981 127 127
46982 1 72
46983 5 2
46984 0 76
46985 2 6
46986 12 0
46987 0 92
46988 0 99
46989 1 39
46990 1 20
46991 0 45
46992 7 3
46993 1 90
46994 3 31
46995 1 38
46996 3 2
46997 1 25
46998 5 6
46999 1 78
47000 2 29
47001 1 16
47002 0 25
47003 4 3
47004 2 41
47005 0 30
47006 2 47
47007 5 27
47008 3 56
47009 0 86
47010 2 73
47011 1 94
47012 1 37
47013 4 33
47014 1 58
47015 0 41
47016 1 35
47017 0 46
47018 2 43
47019 0 45
47020 2 45
47021 4 24
47022 4 0
47023 4 32
47024 0 95
47025 5 1
47026 6 0
47027 3 55
47028 0 26
47029 2 23
47030 1 38
47031 3 7
47032 126 127
47033 0 36
47034 1 75
47035 5 2
47036 3 30
47037 2 74
47038 0 40
47039 0 96
47040 1 77
47041 2 73
47042 3 76
47043 2 75
47044 1 52
47045 0 65
47046 1 74
47047 0 91
47048 5 22
47049 5 10
47050 5 9
47051 1 15
47052 0 43
47053 126 0
47054 0 98
47055 4 27
47056 0 52
47057 1 53
47058 0 94
47059 0 41
47060 0 66
47061 3 40
47062 2 14
47063 4 31
47064 7 0
47065 4 19
47066 3 73
47067 2 73
47068 2 52
47069 4 9
47070 0 23
47071 0 92
47072 4 20
47073 0 15
47074 1 78
47075 3 73
47076 11 0
47077 0 71
47078 127 0
47079 1 31
47080 0 58
47081 0 61
47082 1 93
47083 4 23
47084 0 49
47085 0 64
47086 2 12
47087 3 43
47088 2 44
47089 2 7
47090 4 8
47091 4 24
47092 1 39
47093 0 40
47094 1 23
47095 0 91
47096 4 6
47097 10 2
47098 0 23
47099 1 44
47100 6 13
47101 0 74
47102 0 77
47103 1 13
47104 2 16
47105 5 5
47106 5 6
47107 10 1
47108 5 1
47109 2 78
47110 0 82
47111 0 29
47112 8 0
47113 0 30
47114 0 25
47115 2 11
47116 1 14
47117 4 6
47118 5 9
47119 6 3
47120 0 31
47121 2 22
47122 1 12
47123 0 16
47124 2 17
47125 7 2
47126 0 55
47127 3 0
47128 2 39
47129 5 4
47130 5 27
47131 0 70
47132 0 34
47133 2 27
47134 0 46
47135 2 43
47136 5 6
47137 0 57
47138 4 10
47139 0 42
47140 0 67
47141 3 77
47142 2 90
47143 2 1
47144 4 6
47145 2 5
47146 3 10
47147 4 27
47148 4 10
47149 0 51
47150 1 55
47151 3 4
47152 0 33
47153 1 78
47154 2 6
47155 5 13
47156 4 19
47157 1 27
47158 2 50
47159 0 21
47160 0 62
47161 2 63
47162 127 127
47163 0 87
47164 1 63
47165 3 10
47166 2 0
47167 1 37
47168 2 62
47169 5 5
47170 2 7
47171 3 56
47172 5 10
47173 0 56
47174 126 0
47175 1 83
47176 2 46
47177 2 27
47178 1 30
47179 0 65
47180 0 93
47181 1 15
47182 1 45
47183 2 73
47184 4 20
47185 0 30
47186 1 44
47187 2 49
47188 2 56
47189 6 4
47190 0 52
47191 0 47
47192 1 21
47193 3 6
47194 4 23
47195 5 2
47196 127 0
47197 126 0
47198 2 23
47199 0 20
47200 1 81
47201 3 52
47202 0 32
47203 0 10
47204 3 43
47205 1 69
47206 1 45
47207 1 90
47208 1 38
47209 1 20
47210 3 24
47211 0 35
47212 2 12
47213 0 84
47214 3 31
47215 2 58
47216 1 10
47217 0 45
47218 1 92
47219 0 94
47220 1 80
47221 0 26
47222 3 1
47223 2 11
47224 5 0
47225 2 21
47226 0 126
47227 2 16
47228 2 12
47229 1 16
47230 2 44
47231 2 3
47232 7 3
47233 0 14
47234 1 42
47235 0 75
47236 0 33
47237 1 23
47238 1 13
47239 1 71
47240 0 46
47241 2 52
47242 0 42
47243 4 0
47244 1 42
47245 1 68
47246 2 50
47247 0 88
47248 0 47
47249 1 12
47250 0 81
47251 0 60
47252 2 48
47253 2 80
47254 7 2
47255 0 37
47256 6 0
47257 2 11
47258 0 100
47259 3 52
47260 0 89
47261 2 2
47262 1 22
47263 0 92
47264 0 69
47265 0 86
47266 1 5
47267 1 3
47268 4 5
47269 1 23
47270 3 50
47271 3 21
47272 1 58
47273 3 7
47274 0 59
47275 5 1
47276 2 61
47277 6 2
47278 5 9
47279 0 44
47280 2 17
47281 3 23
47282 1 98
47283 0 46
47284 0 71
47285 1 13
47286 2 68
47287 0 10
47288 1 12
47289 0 48
47290 1 13
47291 1 27
47292 1 31
47293 1 12
47294 2 76
47295 7 2
47296 0 61
47297 0 45
47298 0 99
47299 2 72
47300 0 55
47301 1 72
47302 2 78
47303 2 53
47304 5 4
47305 2 49
47306 5 2
47307 4 40
47308 0 47
47309 0 100
47310 5 1
47311 3 41
47312 2 72
47313 1 34
47314 0 98
47315 0 88
47316 3 8
47317 2 3
47318 1 98
47319 4 7
47320 2 2
47321 0 39
47322 0 16
47323 0 25
47324 0 64
47325 0 91
47326 0 36
47327 6 13
47328 2 16
47329 4 8
47330 4 50
47331 1 57
47332 0 90
47333 1 44
47334 3 2
47335 2 21
47336 1 29
47337 0 57
47338 1 10
47339 1 62
47340 2 26
47341 126 127
47342 1 86
47343 0 93
47344 0 95
47345 0 60
47346 2 3
47347 1 63
47348 1 35
47349 0 59
47350 0 60
47351 1 68
47352 0 127
47353 9 1
47354 2 44
47355 1 71
47356 0 62
47357 0 51
47358 0 21
47359 1 47
47360 5 10
47361 1 56
47362 0 87
47363 0 20
47364 0 15
47365 1 44
47366 0 40
47367 2 40
47368 5 14
47369 1 49
47370 0 82
47371 3 9
47372 3 46
47373 3 1
47374 2 45
47375 3 5
47376 5 2
47377 2 68
47378 1 59
47379 3 12
47380 3 22
47381 2 39
47382 5 5
47383 2 43
47384 127 0
47385 0 26
47386 1 85
47387 0 34
47388 0 25
47389 3 30
47390 0 31
47391 10 0
47392 0 44
47393 1 80
47394 3 35
47395 2 2
47396 3 13
47397 2 40
47398 0 99
47399 2 86
47400 0 39
47401 3 12
47402 1 55
47403 0 46
47404 3 2
47405 1 78
47406 1 45
47407 9 2
47408 1 34
47409 0 81
47410 1 68
47411 126 0
47412 2 73
47413 3 42
47414 3 21
47415 0 86
47416 3 41
47417 9 1
47418 1 75
47419 0 58
47420 3 42
47421 0 61
47422 0 96
47423 3 22
47424 0 75
47425 4 32
47426 3 50
47427 1 60
47428 5 8
47429 0 32
47430 5 4
47431 2 92
47432 1 62
47433 1 40
47434 7 1
47435 0 70
47436 4 52
47437 0 42
47438 1 35
47439 2 72
47440 0 89
47441 0 55
47442 7 0
47443 2 24
47444 1 30
47445 0 26
47446 0 100
47447 0 72
47448 2 17
47449 3 41
47450 0 87
47451 2 49
47452 1 53
47453 3 61
47454 3 20
47455 2 62
47456 0 33
47457 0 66
47458 3 34
47459 9 2
47460 5 1
47461 2 80
47462 6 12
47463 3 24
47464 2 24
47465 0 30
47466 0 86
47467 3 78
47468 0 50
47469 1 31
47470 0 31
47471 2 27
47472 2 51
47473 1 13
47474 1 57
47475 9 0
47476 3 8
47477 1 27
47478 1 41
47479 2 30
47480 6 8
47481 1 32
47482 0 67
47483 3 16
47484 0 41
47485 0 69
47486 0 56
47487 0 25
47488 2 47
47489 3 23
47490 0 51
47491 7 2
47492 1 16
47493 10 0
47494 4 5
47495 6 2
47496 9 0
47497 0 37
47498 0 73
47499 2 22
47500 3 52
47501 4 39
47502 0 27
47503 0 47
47504 10 0
47505 3 54
47506 2 3
47507 3 1
47508 5 7
47509 2 27
47510 8 0
47511 2 54
47512 0 95
47513 2 38
47514 3 54
47515 0 92
47516 1 76
47517 4 26
47518 0 49
47519 0 62
47520 0 61
47521 1 47
47522 1 52
47523 4 2
47524 3 9
47525 2 2
47526 2 68
47527 0 53
47528 2 76
47529 0 88
47530 0 36
47531 0 87
47532 0 26
47533 1 80
47534 2 80
47535 1 68
47536 4 22
47537 3 7
47538 3 35
47539 1 31
47540 0 54
47541 4 14
47542 0 21
47543 6 3
47544 0 38
47545 0 65
47546 1 58
47547 3 60
47548 4 50
47549 2 15
47550 2 46
47551 0 98
47552 0 53
47553 0 31
47554 2 61
47555 0 71
47556 2 54
47557 0 64
47558 1 48
47559 0 45
47560 3 59
47561 0 126
47562 1 77
47563 1 72
47564 1 62
47565 5 2
47566 1 34
47567 2 7
47568 1 44
47569 4 21
47570 0 32
47571 0 35
47572 0 102
47573 1 75
47574 1 80
47575 1 78
47576 5 12
47577 4 23
47578 3 34
47579 0 50
47580 3 77
47581 2 14
47582 1 27
47583 0 89
47584 0 127
47585 0 46
47586 3 78
47587 0 63
47588 0 47
47589 0 55
47590 3 23
47591 1 45
47592 3 53
47593 3 13
47594 11 0
47595 9 0
47596 2 59
47597 0 94
47598 127 127
47599 1 35
47600 2 68
47601 0 126
47602 3 49
47603 2 4
47604 1 100
47605 6 9
47606 0 127
47607 1 56
47608 1 34
47609 4 31
47610 0 88
47611 0 89
47612 1 82
47613 0 66
47614 12 0
47615 1 68
47616 4 22
47617 0 91
47618 2 56
47619 2 42
47620 3 39
47621 4 39
47622 2 28
47623 1 15
47624 0 74
47625 5 0
47626 0 57
47627 3 40
47628 0 27
47629 7 3
47630 1 44
47631 1 83
47632 2 44
47633 3 32
47634 0 49
47635 3 35
47636 2 5
47637 0 26
47638 1 32
47639 0 58
47640 0 76
47641 0 59
47642 1 36
47643 3 4
47644 6 3
47645 0 37
47646 1 16
47647 3 52
47648 2 77
47649 0 46
47650 0 20
47651 0 6
47652 1 73
47653 4 0
47654 4 20
47655 127 0
47656 0 86
47657 2 90
47658 0 13
47659 1 53
47660 0 38
47661 4 7
47662 0 72
47663 2 34
47664 0 65
47665 4 3
47666 2 33
47667 1 5
47668 7 0
47669 0 27
47670 0 67
47671 8 2
47672 2 5
47673 5 7
47674 1 45
47675 0 21
47676 0 101
47677 1 90
47678 10 0
47679 13 0
47680 2 47
47681 5 22
47682 1 52
47683 1 99
47684 126 0
47685 3 26
47686 3 20
47687 2 3
47688 0 37
47689 0 87
47690 1 31
47691 1 5
47692 2 34
47693 4 12
47694 4 20
47695 126 127
47696 0 40
47697 12 0
47698 3 20
47699 3 30
47700 4 6
47701 4 51
47702 0 48
47703 4 37
47704 0 92
47705 5 0
47706 5 8
47707 3 44
47708 7 9
47709 9 0
47710 1 65
47711 11 0
47712 3 7
47713 2 7
47714 0 14
47715 0 77
47716 0 86
47717 0 88
47718 1 57
47719 0 58
47720 1 76
47721 0 70
47722 127 0
47723 1 75
47724 3 37
47725 4 50
47726 2 40
47727 5 5
47728 0 100
47729 0 59
47730 2 26
47731 0 41
47732 1 15
47733 0 69
47734 3 40
47735 2 91
47736 4 2
47737 1 16
47738 3 7
47739 9 1
47740 0 89
47741 4 38
47742 0 83
47743 2 46
47744 2 44
47745 1 15
47746 1 53
47747 0 71
47748 0 95
47749 0 13
47750 10 0
47751 0 52
47752 0 101
47753 1 26
47754 3 79
47755 3 54
47756 0 91
47757 4 11
47758 1 34
47759 0 94
47760 0 34
47761 1 33
47762 7 2
47763 0 20
47764 1 72
47765 0 38
47766 6 9
47767 0 87
47768 2 78
47769 0 50
47770 1 78
47771 0 65
47772 6 4
47773 2 68
47774 2 54
47775 2 47
47776 2 92
47777 1 67
47778 0 47
47779 0 86
47780 1 34
47781 0 36
47782 0 97
47783 2 35
47784 2 87
47785 0 99
47786 4 22
47787 2 9
47788 0 93
47789 0 35
47790 3 54
47791 0 57
47792 1 87
47793 2 30
47794 0 54
47795 3 44
47796 1 56
47797 1 42
47798 2 90
47799 1 44
47800 3 61
47801 0 102
47802 11 0
47803 2 40
47804 2 41
47805 3 26
47806 3 24
47807 3 9
47808 5 2
47809 0 76
47810 4 52
47811 0 68
47812 0 55
47813 3 2
47814 6 3
47815 0 21
47816 0 64
47817 2 69
47818 1 92
47819 0 78
47820 0 126
47821 0 70
47822 0 30
47823 0 42
47824 2 80
47825 2 49
47826 8 0
47827 0 63
47828 2 39
47829 3 23
47830 0 45
47831 1 27
47832 2 61
47833 0 36
47834 5 7
47835 1 32
47836 3 0
47837 0 85
47838 0 73
47839 1 40
47840 1 63
47841 0 62
47842 0 87
47843 3 28
47844 1 79
47845 7 0
47846 0 35
47847 2 13
47848 0 46
47849 3 33
47850 1 37
47851 0 96
47852 2 9
47853 8 2
47854 0 49
47855 0 26
47856 0 23
47857 2 0
47858 1 77
47859 0 80
47860 1 89
47861 3 0
47862 0 77
47863 2 92
47864 4 20
47865 1 31
47866 0 36
47867 1 32
47868 0 50
47869 3 5
47870 2 28
47871 0 95
47872 2 4
47873 1 22
47874 3 20
47875 6 8
47876 4 0
47877 2 46
47878 4 39
47879 0 81
47880 0 78
47881 5 1
47882 1 64
47883 1 45
47884 4 38
47885 2 14
47886 1 23
47887 1 93
47888 0 63
47889 0 48
47890 2 22
47891 3 24
47892 0 79
47893 0 58
47894 0 41
47895 9 0
47896 2 64
47897 0 89
47898 0 5
47899 1 69
47900 2 26
47901 0 47
47902 1 66
47903 0 127
47904 0 39
47905 1 54
47906 1 64
47907 0 40
47908 0 27
47909 4 21
47910 0 41
47911 0 78
47912 2 31
47913 9 1
47914 4 22
47915 0 74
47916 0 75
47917 3 9
47918 3 28
47919 0 67
47920 1 27
47921 2 75
47922 6 9
47923 2 62
47924 5 4
47925 3 53
47926 0 77
47927 2 74
47928 3 41
47929 2 27
47930 2 30
47931 2 2
47932 0 57
47933 3 92
47934 3 36
47935 2 47
47936 0 48
47937 1 61
47938 0 79
47939 2 53
47940 3 49
47941 0 23
47942 2 58
47943 2 9
47944 2 40
47945 4 12
47946 2 42
47947 3 52
47948 3 4
47949 1 49
47950 1 75
47951 5 2
47952 2 64
47953 1 33
47954 5 1
47955 1 31
47956 2 56
47957 3 26
47958 0 82
47959 1 38
47960 1 81
47961 3 9
47962 0 71
47963 4 30
47964 1 27
47965 1 44
47966 9 0
47967 0 98
47968 0 54
47969 1 51
47970 0 73
47971 5 5
47972 0 37
47973 6 8
47974 5 2
47975 0 24
47976 2 92
47977 6 0
47978 2 31
47979 127 127
47980 2 28
47981 1 53
47982 3 30
47983 3 38
47984 1 41
47985 5 8
47986 1 56
47987 0 31
47988 4 51
47989 1 87
47990 2 53
47991 4 21
47992 3 62
47993 7 0
47994 1 53
47995 2 4
47996 0 30
47997 6 0
47998 0 81
47999 5 1
48000 0 83
48001 0 36
48002 0 55
48003 1 37
48004 3 23
48005 5 2
48006 7 2
48007 2 54
48008 0 31
48009 0 35
48010 3 2
48011 2 2
48012 1 63
48013 0 69
48014 4 22
48015 0 94
48016 0 75
48017 1 38
48018 0 63
48019 2 85
48020 0 34
48021 0 86
48022 4 50
48023 4 21
48024 1 74
48025 3 15
48026 0 53
48027 1 40
48028 0 58
48029 3 48
48030 0 47
48031 1 16
48032 0 57
48033 3 34
48034 3 49
48035 2 9
48036 4 22
48037 3 4
48038 2 74
48039 4 32
48040 4 51
48041 0 101
48042 3 2
48043 0 37
48044 1 53
48045 0 60
48046 2 4
48047 2 43
48048 1 75
48049 4 50
48050 4 1
48051 2 27
48052 4 29
48053 3 92
48054 1 79
48055 3 78
48056 1 59
48057 2 42
48058 3 11
48059 2 7
48060 2 55
48061 2 62
48062 0 20
48063 0 59
48064 2 0
48065 3 62
48066 2 33
48067 0 92
48068 2 11
48069 4 4
48070 3 11
48071 1 5
48072 3 0
48073 0 21
48074 2 30
48075 1 85
48076 5 12
48077 0 62
48078 1 48
48079 2 10
48080 0 97
48081 0 20
48082 3 29
48083 4 12
48084 0 74
48085 0 27
48086 0 58
48087 0 49
48088 1 35
48089 0 60
48090 1 69
48091 0 5
48092 12 0
48093 0 75
48094 3 31
48095 0 126
48096 2 57
48097 0 88
48098 0 45
48099 0 80
48100 0 91
48101 2 40
48102 0 33
48103 0 64
48104 3 43
48105 2 62
48106 4 21
48107 2 54
48108 0 46
48109 1 50
48110 0 69
48111 2 32
48112 2 3
48113 6 5
48114 2 49
48115 4 31
48116 1 30
48117 0 100
48118 4 20
48119 5 5
48120 126 127
48121 0 65
48122 2 52
48123 0 73
48124 0 54
48125 0 34
48126 0 18
48127 0 26
48128 2 44
48129 2 4
48130 0 23
48131 5 14
48132 2 51
48133 2 58
48134 0 56
48135 0 41
48136 2 12
48137 3 16
48138 2 39
48139 0 63
48140 3 25
48141 0 68
48142 4 0
48143 1 23
48144 6 5
48145 4 14
48146 1 42
48147 0 90
48148 2 9
48149 5 7
48150 1 45
48151 0 99
48152 0 95
48153 2 52
48154 2 57
48155 1 5
48156 1 51
48157 2 55
48158 4 38
48159 0 55
48160 5 1
48161 0 64
48162 0 91
48163 2 0
48164 1 15
48165 3 62
48166 1 74
48167 0 36
48168 0 62
48169 3 52
48170 2 59
48171 1 13
48172 3 39
48173 2 54
48174 3 0
48175 1 50
48176 1 69
48177 2 1
48178 3 31
48179 8 0
48180 3 26
48181 0 93
48182 1 44
48183 0 48
48184 2 3
48185 0 33
48186 0 21
48187 0 49
48188 0 48
48189 2 63
48190 1 51
48191 7 0
48192 2 44
48193 1 56
48194 0 19
48195 0 66
48196 0 56
48197 1 37
48198 1 76
48199 2 74
48200 4 7
48201 1 97
48202 9 0
48203 2 78
48204 3 28
48205 5 0
48206 2 61
48207 2 40
48208 1 38
48209 0 81
48210 6 0
48211 0 37
48212 1 60
48213 4 28
48214 0 54
48215 4 27
48216 0 70
48217 0 23
48218 0 59
48219 2 0
48220 8 0
48221 7 1
48222 5 7
48223 1 90
48224 0 5
48225 0 36
48226 4 22
48227 0 89
48228 2 55
48229 1 5
48230 7 2
48231 0 92
48232 0 12
48233 0 11
48234 0 91
48235 4 7
48236 1 93
48237 2 69
48238 1 34
48239 1 82
48240 0 16
48241 3 7
48242 1 35
48243 2 39
48244 4 41
48245 3 38
48246 3 10
48247 0 37
48248 11 0
48249 4 0
48250 3 25
48251 2 52
48252 2 33
48253 7 0
48254 0 29
48255 4 3
48256 1 44
48257 1 31
48258 0 71
48259 0 101
48260 2 30
48261 1 69
48262 0 93
48263 126 0
48264 4 26
48265 2 32
48266 127 0
48267 0 102
48268 3 26
48269 6 0
48270 1 28
48271 2 82
48272 1 66
48273 0 70
48274 1 0
48275 7 0
48276 0 40
48277 3 50
48278 0 79
48279 3 1
48280 1 63
48281 1 88
48282 1 57
48283 0 13
48284 1 79
48285 1 82
48286 0 96
48287 2 41
48288 0 34
48289 1 49
48290 5 5
48291 1 47
48292 0 51
48293 0 45
48294 1 36
48295 0 98
48296 2 44
48297 2 81
48298 2 77
48299 0 79
48300 1 58
48301 2 40
48302 2 4
48303 3 42
48304 2 0
48305 0 5
48306 8 2
48307 1 22
48308 3 2
48309 1 44
48310 0 66
48311 7 2
48312 1 45
48313 0 88
48314 0 46
48315 0 60
48316 0 80
48317 4 31
48318 1 74
48319 0 41
48320 0 45
48321 0 101
48322 0 30
48323 3 43
48324 0 99
48325 4 25
48326 3 59
48327 2 92
48328 126 0
48329 1 79
48330 1 27
48331 0 74
48332 2 34
48333 3 63
48334 2 2
48335 0 40
48336 4 24
48337 3 20
48338 3 11
48339 3 62
48340 2 26
48341 2 23
48342 5 12
48343 2 29
48344 0 27
48345 4 40
48346 3 41
48347 5 2
48348 5 0
48349 1 26
48350 1 87
48351 0 58
48352 3 23
48353 0 50
48354 0 94
48355 0 61
48356 0 84
48357 1 46
48358 1 51
48359 0 82
48360 4 0
48361 4 12
48362 0 28
48363 0 78
48364 0 36
48365 0 75
48366 1 5
48367 0 71
48368 5 1
48369 2 27
48370 4 43
48371 2 39
48372 2 41
48373 0 77
48374 3 31
48375 0 37
48376 0 35
48377 0 62
48378 5 7
48379 2 49
48380 1 56
48381 3 40
48382 6 9
48383 6 0
48384 5 2
48385 0 89
48386 6 1
48387 3 63
48388 2 54
48389 2 33
48390 0 18
48391 0 47
48392 5 8
48393 3 10
48394 2 23
48395 2 76
48396 4 2
48397 8 2
48398 1 41
48399 1 44
48400 7 2
48401 0 61
48402 0 127
48403 0 92
48404 1 35
48405 5 11
48406 1 50
48407 3 22
48408 0 62
48409 1 36
48410 1 61
48411 0 59
48412 0 29
48413 1 70
48414 3 11
48415 1 48
48416 3 10
48417 127 0
48418 1 60
48419 5 10
48420 3 27
48421 0 49
48422 0 102
48423 0 33
48424 4 29
48425 2 72
48426 0 30
48427 1 72
48428 2 41
48429 3 4
48430 3 43
48431 0 60
48432 2 46
48433 0 15
48434 0 34
48435 0 32
48436 1 33
48437 0 22
48438 0 14
48439 1 66
48440 1 98
48441 2 74
48442 5 7
48443 0 79
48444 0 16
48445 2 72
48446 0 46
48447 4 38
48448 4 23
48449 5 8
48450 126 0
48451 3 11
48452 0 56
48453 0 51
48454 4 24
48455 0 91
48456 0 53
48457 5 0
48458 3 51
48459 4 28
48460 1 73
48461 0 67
48462 1 51
48463 1 88
48464 0 126
48465 2 27
48466 3 28
48467 0 26
48468 1 41
48469 7 0
48470 0 81
48471 1 23
48472 0 88
48473 2 35
48474 5 7
48475 4 28
48476 5 8
48477 4 1
48478 3 30
48479 0 36
48480 0 72
48481 1 22
48482 4 23
48483 2 7
48484 127 0
48485 5 7
48486 0 70
48487 1 45
48488 1 23
48489 2 78
48490 2 55
48491 0 55
48492 2 53
48493 0 35
48494 8 2
48495 5 4
48496 2 80
48497 1 57
48498 5 12
48499 126 0
48500 0 27
48501 3 50
48502 0 45
48503 2 34
48504 2 31
48505 3 28
48506 4 24
48507 0 92
48508 7 2
48509 3 0
48510 4 28
48511 0 37
48512 0 56
48513 1 0
48514 0 55
48515 1 62
48516 0 101
48517 4 23
48518 0 56
48519 0 48
48520 0 23
48521 2 43
48522 0 68
48523 1 97
48524 8 2
48525 2 81
48526 1 59
48527 0 12
48528 2 85
48529 4 13
48530 1 70
48531 3 41
48532 3 32
48533 4 30
48534 1 61
48535 6 12
48536 0 5
48537 3 74
48538 2 61
48539 1 77
48540 3 29
48541 7 2
48542 1 62
48543 0 61
48544 0 17
48545 0 41
48546 5 12
48547 3 24
48548 1 85
48549 0 83
48550 2 41
48551 1 54
48552 2 29
48553 0 67
48554 8 2
48555 0 42
48556 0 70
48557 1 80
48558 4 8
48559 3 9
48560 0 19
48561 2 9
48562 1 94
48563 2 24
48564 127 0
48565 3 51
48566 0 34
48567 1 65
48568 3 9
48569 2 56
48570 0 36
48571 3 23
48572 5 5
48573 2 4
48574 6 8
48575 4 20
48576 6 12
48577 0 37
48578 127 127
48579 1 40
48580 0 63
48581 0 102
48582 0 94
48583 3 33
48584 3 7
48585 0 59
48586 1 45
48587 0 91
48588 3 15
48589 5 4
48590 1 84
48591 2 47
48592 1 4
48593 1 55
48594 2 75
48595 2 16
48596 1 44
48597 0 127
48598 2 23
48599 126 127
48600 1 46
48601 2 26
48602 4 2
48603 0 66
48604 0 47
48605 2 9
48606 5 12
48607 3 4
48608 4 0
48609 1 63
48610 3 56
48611 127 127
48612 0 55
48613 1 26
48614 0 67
48615 0 126
48616 3 1
48617 6 12
48618 0 29
48619 2 35
48620 0 71
48621 0 101
48622 4 9
48623 2 56
48624 1 62
48625 2 34
48626 1 32
48627 0 58
48628 0 26
48629 0 74
48630 0 44
48631 1 23
48632 0 102
48633 3 10
48634 0 48
48635 2 4
48636 3 31
48637 1 4
48638 0 75
48639 5 2
48640 3 13
48641 0 52
48642 0 54
48643 2 60
48644 2 3
48645 5 30
48646 3 22
48647 0 77
48648 3 43
48649 1 53
48650 0 1
48651 3 35
48652 0 16
48653 1 85
48654 0 57
48655 1 77
48656 0 92
48657 0 31
48658 0 40
48659 3 20
48660 2 43
48661 2 61
48662 1 40
48663 3 2
48664 5 1
48665 2 11
48666 3 24
48667 0 69
48668 3 73
48669 4 16
48670 7 2
48671 6 9
48672 1 87
48673 1 33
48674 0 77
48675 0 18
48676 1 17
48677 4 20
48678 3 12
48679 0 2
48680 0 40
48681 0 13
48682 1 2
48683 0 28
48684 3 74
48685 0 19
48686 0 78
48687 1 79
48688 8 0
48689 2 71
48690 0 41
48691 0 72
48692 2 87
48693 2 79
48694 1 35
48695 1 49
48696 3 38
48697 2 49
48698 0 0
48699 2 27
48700 0 3
48701 0 74
48702 0 76
48703 0 79
48704 5 11
48705 2 40
48706 3 41
48707 0 60
48708 3 79
48709 0 14
48710 0 80
48711 2 30
48712 0 70
48713 2 8
48714 3 0
48715 0 53
48716 0 89
48717 0 98
48718 0 46
48719 1 45
48720 1 46
48721 0 91
48722 3 8
48723 6 0
48724 0 17
48725 0 69
48726 5 8
48727 7 1
48728 4 7
48729 1 41
48730 0 55
48731 3 73
48732 3 17
48733 0 62
48734 1 75
48735 1 49
48736 2 53
48737 2 45
48738 2 4
48739 0 92
48740 0 127
48741 0 45
48742 1 30
48743 0 22
48744 3 42
48745 0 81
48746 0 59
48747 0 93
48748 0 88
48749 1 12
48750 0 6
48751 6 13
48752 0 33
48753 0 60
48754 126 0
48755 2 24
48756 0 27
48757 0 13
48758 0 77
48759 0 64
48760 1 92
48761 3 20
48762 3 13
48763 0 41
48764 3 7
48765 4 20
48766 1 61
48767 1 71
48768 10 0
48769 126 127
48770 0 52
48771 3 21
48772 3 34
48773 3 9
48774 2 61
48775 1 54
48776 1 87
48777 3 72
48778 0 23
48779 0 99
48780 5 16
48781 0 29
48782 1 5
48783 2 49
48784 0 26
48785 0 98
48786 1 61
48787 2 31
48788 4 19
48789 4 5
48790 4 18
48791 2 39
48792 2 23
48793 2 79
48794 1 4
48795 0 101
48796 0 34
48797 0 1
48798 1 84
48799 0 40
48800 4 16
48801 0 126
48802 4 22
48803 0 53
48804 0 49
48805 1 49
48806 3 12
48807 4 1
48808 0 80
48809 3 37
48810 3 33
48811 1 5
48812 2 32
48813 0 99
48814 2 73
48815 3 41
48816 2 40
48817 2 3
48818 7 2
48819 2 52
48820 2 39
48821 3 40
48822 3 20
48823 1 4
48824 0 0
48825 7 1
48826 127 0
48827 5 16
48828 0 33
48829 2 9
48830 3 79
48831 2 30
48832 4 30
48833 4 19
48834 5 13
48835 1 30
48836 2 79
48837 3 45
48838 2 41
48839 3 50
48840 2 26
48841 4 11
48842 127 127
48843 3 30
48844 2 53
48845 3 21
48846 4 9
48847 5 1
48848 2 24
48849 4 8
48850 2 48
48851 1 70
48852 5 7
48853 1 31
48854 3 18
48855 0 35
48856 1 48
48857 5 12
48858 3 27
48859 9 0
48860 0 14
48861 2 27
48862 0 63
48863 2 23
48864 1 5
48865 0 32
48866 0 73
48867 2 24
48868 3 26
48869 4 1
48870 0 44
48871 126 127
48872 0 74
48873 0 94
48874 4 23
48875 0 8
48876 2 50
48877 4 40
48878 0 56
48879 5 13
48880 2 55
48881 3 39
48882 3 34
48883 1 23
48884 3 23
48885 0 58
48886 1 93
48887 127 127
48888 5 1
48889 0 45
48890 0 16
48891 1 71
48892 0 81
48893 3 1
48894 2 82
48895 0 44
48896 3 28
48897 0 70
48898 0 23
48899 0 89
48900 2 2
48901 5 9
48902 0 85
48903 4 2
48904 0 15
48905 3 32
48906 1 4
48907 2 39
48908 2 84
48909 0 86
48910 2 37
48911 0 39
48912 0 40
48913 1 24
48914 2 44
48915 2 71
48916 1 73
48917 1 71
48918 0 27
48919 7 2
48920 3 20
48921 1 5
48922 0 13
48923 0 84
48924 5 19
48925 0 83
48926 4 3
48927 3 46
48928 1 23
48929 0 1
48930 0 17
48931 126 127
48932 7 1
48933 1 88
48934 3 22
48935 0 65
48936 3 40
48937 1 98
48938 0 14
48939 0 127
48940 1 81
48941 1 45
48942 0 39
48943 2 26
48944 0 45
48945 1 18
48946 3 50
48947 0 0
48948 0 1
48949 4 2
48950 1 30
48951 1 31
48952 0 23
48953 4 3
48954 2 8
48955 1 60
48956 0 69
48957 0 80
48958 8 0
48959 2 47
48960 1 65
48961 7 2
48962 0 93
48963 1 79
48964 3 26
48965 2 33
48966 0 82
48967 4 19
48968 3 9
48969 3 17
48970 1 30
48971 3 35
48972 1 59
48973 2 46
48974 2 4
48975 4 18
48976 3 3
48977 1 55
48978 0 75
48979 0 55
48980 1 60
48981 1 87
48982 127 127
48983 4 32
48984 3 82
48985 1 16
48986 0 74
48987 1 55
48988 4 20
48989 2 38
48990 0 33
48991 11 0
48992 2 3
48993 3 5
48994 3 32
48995 4 3
48996 3 34
48997 0 83
48998 4 30
48999 1 33
49000 1 88
49001 1 70
49002 126 0
49003 0 95
49004 7 1
49005 0 0
49006 0 85
49007 0 13
49008 0 126
49009 3 39
49010 0 76
49011 2 57
49012 0 127
49013 1 46
49014 4 10
49015 0 86
49016 1 49
49017 0 102
49018 1 15
49019 2 73
49020 6 9
49021 2 54
49022 7 2
49023 0 101
49024 1 16
49025 1 45
49026 0 48
49027 0 54
49028 10 0
49029 0 50
49030 1 15
49031 0 79
49032 11 0
49033 3 29
49034 3 11
49035 3 12
49036 3 45
49037 2 33
49038 4 11
49039 5 18
49040 3 71
49041 4 4
49042 0 46
49043 2 40
49044 0 65
49045 0 68
49046 3 46
49047 0 66
49048 0 94
49049 1 23
49050 1 33
49051 2 32
49052 1 16
49053 1 8
49054 0 8
49055 0 81
49056 5 8
49057 0 82
49058 3 11
49059 0 73
49060 7 1
49061 5 9
49062 3 38
49063 5 0
49064 2 71
49065 1 78
49066 2 34
49067 10 0
49068 3 71
49069 0 34
49070 0 40
49071 3 32
49072 1 68
49073 0 85
49074 1 8
49075 0 45
49076 0 71
49077 0 93
49078 2 26
49079 0 62
49080 1 74
49081 0 16
49082 1 97
49083 0 26
49084 0 47
49085 2 0
49086 1 9
49087 2 20
49088 2 25
49089 0 22
49090 1 26
49091 2 53
49092 1 14
49093 127 0
49094 0 61
49095 0 26
49096 5 3
49097 0 97
49098 0 88
49099 3 37
49100 0 17
49101 0 39
49102 4 19
49103 0 70
49104 3 38
49105 0 10
49106 0 75
49107 1 44
49108 0 23
49109 0 12
49110 0 84
49111 0 35
49112 2 2
49113 2 38
49114 0 11
49115 5 4
49116 7 0
49117 3 34
49118 0 33
49119 0 14
49120 2 82
49121 0 32
49122 0 80
49123 0 51
49124 4 18
49125 0 28
49126 8 0
49127 0 38
49128 1 70
49129 0 63
49130 0 78
49131 3 30
49132 5 10
49133 0 100
49134 0 55
49135 0 98
49136 126 127
49137 0 22
49138 2 32
49139 0 57
49140 0 12
49141 1 6
49142 1 14
49143 2 3
49144 1 32
49145 0 34
49146 0 74
49147 2 9
49148 2 39
49149 0 42
49150 0 16
49151 0 30
# colocadas=49152 ocupadas=147 mayor=2953
