0 61 24
1 61 21
2 37 13
3 24 52
4 37 14
5 51 65
6 3 35
7 53 30
8 16 32
9 51 66
10 29 28
11 8 56
12 44 39
13 51 55
14 57 35
15 67 37
16 75 43
17 65 22
18 56 77
19 9 34
20 70 30
21 14 59
22 25 74
23 13 59
24 69 24
25 4 6
26 5 28
27 15 25
28 2 67
29 45 27
30 75 11
31 68 32
32 13 16
33 42 76
34 16 33
35 9 33
36 29 29
37 50 67
38 14 8
39 29 28
40 39 70
41 14 7
42 14 76
43 52 78
44 24 78
45 76 40
46 37 13
47 17 40
48 4 35
49 74 31
50 15 72
51 4 43
52 63 50
53 14 72
54 27 71
55 29 32
56 14 75
57 68 31
58 17 57
59 17 41
60 56 54
61 3 67
62 63 51
63 65 23
64 29 29
65 75 42
66 10 79
67 75 43
68 68 32
69 16 25
70 48 26
71 29 33
72 55 44
73 1 45
74 4 7
75 37 14
76 51 56
77 47 26
78 4 6
79 15 34
80 24 53
81 75 42
82 21 5
83 36 28
84 56 72
85 56 76
86 75 43
87 63 50
88 72 26
89 7 27
90 57 6
91 62 24
92 36 29
93 78 35
94 63 51
95 62 76
96 75 59
97 38 66
98 51 55
99 72 25
100 65 22
101 75 40
102 24 14
103 28 15
104 13 17
105 15 43
106 13 40
107 10 49
108 15 25
109 44 38
110 0 45
111 29 28
112 52 79
113 72 26
114 15 72
115 14 76
116 4 44
117 12 40
118 11 0
119 9 34
120 14 72
121 63 29
122 50 68
123 68 31
124 14 8
125 76 40
126 40 31
127 40 0
128 3 40
129 38 22
130 42 46
131 60 45
132 42 63
133 75 42
134 48 73
135 24 13
136 27 70
137 29 32
138 68 32
139 4 53
140 16 16
141 65 32
142 4 40
143 46 27
144 42 62
145 13 16
146 4 43
147 24 52
148 50 35
149 53 11
150 13 40
151 44 39
152 51 35
153 11 38
154 55 43
155 40 30
156 50 35
157 17 16
158 9 33
159 23 35
160 33 7
161 68 37
162 58 57
163 2 67
164 11 49
165 17 56
166 54 30
167 2 64
168 61 20
169 4 44
170 37 66
171 40 31
172 56 55
173 17 40
174 12 40
175 51 35
176 24 53
177 55 72
178 16 25
179 56 54
180 54 11
181 45 27
182 41 0
183 2 65
184 2 64
185 33 29
186 14 34
187 9 79
188 1 45
189 51 1
190 17 41
191 52 1
192 72 25
193 63 50
194 51 65
195 61 24
196 40 30
197 39 71
198 47 73
199 20 5
200 68 31
201 33 30
202 4 7
203 41 76
204 76 11
205 39 70
206 24 79
207 24 14
208 63 51
209 60 46
210 3 35
211 4 35
212 72 26
213 58 58
214 36 28
215 56 55
216 3 53
217 56 77
218 52 66
219 15 25
220 17 40
221 62 24
222 60 45
223 16 25
224 3 66
225 14 75
226 14 76
227 25 73
228 60 46
229 42 76
230 75 60
231 14 59
232 63 28
233 77 72
234 27 15
235 40 0
236 6 28
237 57 34
238 56 76
239 69 23
240 48 26
241 16 16
242 3 40
243 72 25
244 61 24
245 17 16
246 15 25
247 41 76
248 0 45
249 33 29
250 55 79
251 67 18
252 1 45
253 62 24
254 69 24
255 61 24
256 5 28
257 13 59
258 13 40
259 4 53
260 40 31
261 36 29
262 39 71
263 75 40
264 10 79
265 15 72
266 32 25
267 4 43
268 61 76
269 11 1
270 33 8
271 61 38
272 70 29
273 16 32
274 76 40
275 58 57
276 17 33
277 24 13
278 25 74
279 42 76
280 4 6
281 63 29
282 52 78
283 63 50
284 4 7
285 24 14
286 57 35
287 23 36
288 55 44
289 4 6
290 15 44
291 21 5
292 78 34
293 75 40
294 28 21
295 62 76
296 29 21
297 15 43
298 56 54
299 7 26
300 46 31
301 63 51
302 63 28
303 16 31
304 65 31
305 65 23
306 2 68
307 14 59
308 16 16
309 65 22
310 41 76
311 65 32
312 68 18
313 16 32
314 65 31
315 17 34
316 65 23
317 3 65
318 72 26
319 36 28
320 72 25
321 57 34
322 60 45
323 10 49
324 70 30
325 16 33
326 42 63
327 4 40
328 15 34
329 33 30
330 27 71
331 28 15
332 75 11
333 29 29
334 24 13
335 57 35
336 33 29
337 51 1
338 63 50
339 33 7
340 24 14
341 3 40
342 24 13
343 14 72
344 15 44
345 18 34
346 48 73
347 13 59
348 39 70
349 33 30
350 12 40
351 73 31
352 39 27
353 47 26
354 10 38
355 52 67
356 38 66
357 9 34
358 51 56
359 60 38
360 4 40
361 42 76
362 33 8
363 63 51
364 27 70
365 3 40
366 70 29
367 51 66
368 46 27
369 61 38
370 75 43
371 0 45
372 63 29
373 75 59
374 56 55
375 56 79
376 17 57
377 31 25
378 17 56
379 56 6
380 60 38
381 14 34
382 56 54
383 53 30
384 61 38
385 42 62
386 74 31
387 29 28
388 14 59
389 37 13
390 75 60
391 36 29
392 48 26
393 32 25
394 27 71
395 46 30
396 62 24
397 40 30
398 39 26
399 57 6
400 25 73
401 51 65
402 42 63
403 13 40
404 52 66
405 56 77
406 52 1
407 13 17
408 75 42
409 53 11
410 65 22
411 68 32
412 27 15
413 55 43
414 39 71
415 63 50
416 3 66
417 47 26
418 73 31
419 17 16
420 54 30
421 61 76
422 63 28
423 68 31
424 52 67
425 17 41
426 63 29
427 39 70
428 36 28
429 19 34
430 2 67
431 62 76
432 3 65
433 20 5
434 3 35
435 36 29
436 16 25
437 8 55
438 6 28
439 52 66
440 42 62
441 55 79
442 33 7
443 14 75
444 46 31
445 1 45
446 56 72
447 28 15
448 56 76
449 29 33
450 31 25
451 51 1
452 15 34
453 58 58
454 67 18
455 68 32
456 19 35
457 37 66
458 61 24
459 14 76
460 76 11
461 19 36
462 50 67
463 56 6
464 23 35
465 74 31
466 45 27
467 0 45
468 12 40
469 40 31
470 56 77
471 25 74
472 3 53
473 63 51
474 68 18
475 3 66
476 15 43
477 55 72
478 67 18
479 5 28
480 52 79
481 17 40
482 19 35
483 4 44
484 75 43
485 68 31
486 53 30
487 63 28
488 4 35
489 2 65
490 37 14
491 69 23
492 52 67
493 61 76
494 11 0
495 38 66
496 69 24
497 42 63
498 56 79
499 51 55
500 9 33
501 15 25
502 54 30
503 16 16
504 51 66
505 52 78
506 36 28
507 33 29
508 52 79
509 44 38
510 29 29
511 40 30
512 60 46
513 13 16
514 11 1
515 52 68
516 51 56
517 60 45
518 76 72
519 75 59
520 27 70
521 58 57
522 14 75
523 56 72
524 17 41
525 67 37
526 7 27
527 51 65
528 16 32
529 17 57
530 50 68
531 1 45
532 65 32
533 60 46
534 44 39
535 41 46
536 24 52
537 14 76
538 48 26
539 50 35
540 60 38
541 65 31
542 3 35
543 33 8
544 62 24
545 13 17
546 68 32
547 37 13
548 25 73
549 7 26
550 54 11
551 16 25
552 68 31
553 33 30
554 15 72
555 55 72
556 13 59
557 23 36
558 4 35
559 13 16
560 42 62
561 47 26
562 15 44
563 56 55
564 44 38
565 15 25
566 44 39
567 52 78
568 58 58
569 3 35
570 27 71
571 75 60
572 13 17
573 32 25
574 24 14
575 37 22
576 14 59
577 14 72
578 33 7
579 56 54
580 33 29
581 38 22
582 19 36
583 61 21
584 46 30
585 63 50
586 57 34
587 14 34
588 23 35
589 63 29
590 53 30
591 53 68
592 78 35
593 70 30
594 51 35
595 69 23
596 27 15
597 29 32
598 28 21
599 15 72
600 16 25
601 27 70
602 39 27
603 4 40
604 41 76
605 19 35
606 24 53
607 50 67
608 11 0
609 17 16
610 65 23
611 16 33
612 50 35
613 61 24
614 42 63
615 14 75
616 41 0
617 4 7
618 15 43
619 77 72
620 51 35
621 56 72
622 7 27
623 78 34
624 76 72
625 24 13
626 46 27
627 17 40
628 11 1
629 36 29
630 13 16
631 61 20
632 77 72
633 61 21
634 65 32
635 54 30
636 15 34
637 16 16
638 14 7
639 16 32
640 63 51
641 51 66
642 51 55
643 24 14
644 72 26
645 0 45
646 45 27
647 75 59
648 46 27
649 2 68
650 63 28
651 60 45
652 75 42
653 28 15
654 3 40
655 50 35
656 27 71
657 19 36
658 68 37
659 68 18
660 24 13
661 39 71
662 16 33
663 11 38
664 11 49
665 10 38
666 73 31
667 29 28
668 10 49
669 42 76
670 40 0
671 50 68
672 65 22
673 76 40
674 57 6
675 52 1
676 50 67
677 65 23
678 61 20
679 62 76
680 21 5
681 44 38
682 13 40
683 14 8
684 2 64
685 29 33
686 55 44
687 17 41
688 69 24
689 17 56
690 69 23
691 4 35
692 75 40
693 51 1
694 9 34
695 17 57
696 75 43
697 74 31
698 67 18
699 14 34
700 75 11
701 76 72
702 56 6
703 15 34
704 29 32
705 13 59
706 61 38
707 11 0
708 4 40
709 33 30
710 52 1
711 45 27
712 51 56
713 55 79
714 75 60
715 3 65
716 23 36
717 57 6
718 14 59
719 50 68
720 53 30
721 20 5
722 11 1
723 53 69
724 4 43
725 36 28
726 13 17
727 2 67
728 23 35
729 11 49
730 11 0
731 25 74
732 14 7
733 63 29
734 14 8
735 11 38
736 1 64
737 47 73
738 15 44
739 76 11
740 10 38
741 15 43
742 39 70
743 15 44
744 33 29
745 24 14
746 37 22
747 36 29
748 51 65
749 70 29
750 53 68
751 48 73
752 8 56
753 38 22
754 68 32
755 75 11
756 17 56
757 65 31
758 24 78
759 60 38
760 55 43
761 7 26
762 39 26
763 36 28
764 56 55
765 73 31
766 69 24
767 36 29
768 11 38
769 53 11
770 3 66
771 62 24
772 17 57
773 56 6
774 50 67
775 53 69
776 51 35
777 51 1
778 61 38
779 75 42
780 21 5
781 54 11
782 41 76
783 69 23
784 37 14
785 20 5
786 70 30
787 2 64
788 24 52
789 75 59
790 55 44
791 46 27
792 33 8
793 76 11
794 65 22
795 15 25
796 57 6
797 74 31
798 53 68
799 12 40
800 55 72
801 19 35
802 68 31
803 75 11
804 63 50
805 24 13
806 75 43
807 24 53
808 14 76
809 14 34
810 40 31
811 29 29
812 13 40
813 42 76
814 10 49
815 76 11
816 16 32
817 27 70
818 42 46
819 4 6
820 51 55
821 2 65
822 15 34
823 53 11
824 41 76
825 72 25
826 9 33
827 10 38
828 67 37
829 56 79
830 21 5
831 70 29
832 3 40
833 3 35
834 63 51
835 37 13
836 42 76
837 42 62
838 57 35
839 76 40
840 4 35
841 75 40
842 29 21
843 27 15
844 13 16
845 17 16
846 4 66
847 8 55
848 76 40
849 19 36
850 14 34
851 77 72
852 15 34
853 9 79
854 4 40
855 54 11
856 53 69
857 63 50
858 46 31
859 63 28
860 56 6
861 61 76
862 11 38
863 42 63
864 57 34
865 65 23
866 13 59
867 75 60
868 73 31
869 11 1
870 52 79
871 65 22
872 14 75
873 14 72
874 11 0
875 69 24
876 74 31
877 41 76
878 4 53
879 24 52
880 72 26
881 3 40
882 68 37
883 51 56
884 33 7
885 51 55
886 14 76
887 16 33
888 57 35
889 10 79
890 39 71
891 3 66
892 25 73
893 42 76
894 24 53
895 70 30
896 3 35
897 9 79
898 41 76
899 14 7
900 4 66
901 42 62
902 15 72
903 44 39
904 17 56
905 40 30
906 3 67
907 45 27
908 57 34
909 24 52
910 75 59
911 61 24
912 53 68
913 8 56
914 16 25
915 25 74
916 28 15
917 16 32
918 52 78
919 33 30
920 33 29
921 57 6
922 56 54
923 10 79
924 47 73
925 44 38
926 29 28
927 14 8
928 31 25
929 24 14
930 50 68
931 75 60
932 61 21
933 44 39
934 56 6
935 24 13
936 75 40
937 39 27
938 16 16
939 51 56
940 48 26
941 47 26
942 12 40
943 55 43
944 17 16
945 50 35
946 4 7
947 7 27
948 33 8
949 6 28
950 61 20
951 24 53
952 68 18
953 19 35
954 62 24
955 67 37
956 24 14
957 14 59
958 37 66
959 23 36
960 4 44
961 14 7
962 4 6
963 38 66
964 57 35
965 28 21
966 11 1
967 68 32
968 10 38
969 16 16
970 51 66
971 60 38
972 25 73
973 60 46
974 15 25
975 63 29
976 55 79
977 56 76
978 48 73
979 75 11
980 29 33
981 61 24
982 36 28
983 25 74
984 73 31
985 3 53
986 16 25
987 17 40
988 40 31
989 52 1
990 17 57
991 65 23
992 57 6
993 8 55
994 24 79
995 15 43
996 51 1
997 37 14
998 17 16
999 17 41
1000 74 31
1001 11 0
1002 51 65
1003 55 44
1004 9 34
1005 48 26
1006 72 25
1007 13 59
1008 5 28
1009 19 36
1010 63 51
1011 52 79
1012 61 21
1013 11 1
1014 68 37
1015 41 0
1016 39 26
1017 24 52
1018 23 35
1019 4 53
1020 47 26
1021 27 15
1022 2 67
1023 76 40
1024 4 40
1025 61 38
1026 53 11
1027 62 76
1028 51 55
1029 61 76
1030 75 42
1031 16 33
1032 29 21
1033 4 43
1034 15 44
1035 62 24
1036 63 28
1037 76 11
1038 3 53
1039 60 38
1040 14 75
1041 69 23
1042 24 53
1043 19 35
1044 2 64
1045 55 43
1046 70 29
1047 75 11
1048 24 13
1049 32 25
1050 7 26
1051 57 34
1052 63 50
1053 24 78
1054 9 33
1055 78 35
1056 4 53
1057 37 13
1058 33 30
1059 28 15
1060 56 77
1061 56 6
1062 51 35
1063 6 28
1064 37 14
1065 14 8
1066 62 76
1067 52 78
1068 33 7
1069 5 28
1070 24 79
1071 16 16
1072 75 40
1073 14 34
1074 13 17
1075 44 38
1076 56 55
1077 51 66
1078 42 76
1079 52 1
1080 16 32
1081 17 16
1082 46 27
1083 41 46
1084 58 57
1085 36 29
1086 45 27
1087 47 73
1088 20 5
1089 27 15
1090 17 56
1091 4 44
1092 61 76
1093 29 32
1094 17 40
1095 63 51
1096 31 25
1097 60 45
1098 42 46
1099 4 7
1100 78 34
1101 51 56
1102 63 50
1103 57 35
1104 3 40
1105 13 16
1106 48 73
1107 33 29
1108 50 35
1109 14 72
1110 23 36
1111 11 38
1112 60 46
1113 24 78
1114 41 76
1115 54 30
1116 15 43
1117 69 24
1118 61 20
1119 75 59
1120 44 39
1121 57 34
1122 14 59
1123 24 52
1124 58 58
1125 56 72
1126 16 33
1127 75 60
1128 61 24
1129 42 76
1130 28 15
1131 68 31
1132 24 79
1133 52 79
1134 58 57
1135 3 67
1136 56 76
1137 67 18
1138 11 0
1139 25 73
1140 4 43
1141 75 59
1142 78 35
1143 24 14
1144 13 40
1145 46 27
1146 60 45
1147 6 28
1148 75 43
1149 40 0
1150 33 8
1151 70 30
1152 4 40
1153 9 34
1154 28 21
1155 4 44
1156 3 40
1157 56 54
1158 52 78
1159 47 73
1160 44 38
1161 4 43
1162 75 60
1163 33 7
1164 29 29
1165 52 79
1166 24 53
1167 76 11
1168 7 27
1169 51 65
1170 62 24
1171 4 40
1172 15 72
1173 45 27
1174 53 69
1175 21 5
1176 51 66
1177 10 38
1178 42 63
1179 75 11
1180 51 65
1181 29 28
1182 55 44
1183 63 29
1184 8 56
1185 76 72
1186 29 21
1187 53 68
1188 76 11
1189 14 76
1190 2 65
1191 55 43
1192 68 18
1193 15 44
1194 65 22
1195 7 26
1196 76 40
1197 36 28
1198 27 71
1199 70 29
1200 55 72
1201 5 66
1202 11 1
1203 9 79
1204 36 29
1205 57 35
1206 27 70
1207 8 55
1208 23 35
1209 60 46
1210 15 34
1211 50 67
1212 8 56
1213 51 55
1214 54 11
1215 33 8
1216 53 30
1217 72 26
1218 56 72
1219 11 49
1220 42 62
1221 3 53
1222 55 72
1223 39 70
1224 17 41
1225 61 38
1226 65 32
1227 75 42
1228 15 43
1229 5 28
1230 14 75
1231 44 39
1232 50 68
1233 37 13
1234 51 1
1235 54 30
1236 78 34
1237 78 35
1238 44 38
1239 14 34
1240 32 25
1241 78 34
1242 60 45
1243 23 36
1244 48 73
1245 14 72
1246 75 11
1247 7 27
1248 61 21
1249 61 20
1250 20 5
1251 24 78
1252 10 79
1253 61 24
1254 4 6
1255 37 66
1256 65 31
1257 72 25
1258 55 44
1259 15 25
1260 19 36
1261 27 15
1262 75 43
1263 29 29
1264 58 58
1265 53 30
1266 5 65
1267 75 59
1268 9 79
1269 14 7
1270 10 49
1271 53 69
1272 56 72
1273 76 11
1274 27 71
1275 58 57
1276 77 72
1277 12 40
1278 78 35
1279 3 40
1280 42 63
1281 24 79
1282 42 62
1283 73 31
1284 48 26
1285 11 38
1286 17 40
1287 6 28
1288 63 51
1289 39 71
1290 28 21
1291 4 7
1292 36 28
1293 36 29
1294 41 0
1295 58 58
1296 74 31
1297 76 72
1298 57 6
1299 13 17
1300 4 6
1301 8 55
1302 4 7
1303 14 8
1304 67 37
1305 31 25
1306 24 78
1307 63 50
1308 13 59
1309 28 15
1310 29 21
1311 33 30
1312 39 70
1313 53 11
1314 56 55
1315 75 40
1316 37 22
1317 56 6
1318 65 23
1319 61 21
1320 27 70
1321 37 14
1322 19 35
1323 16 32
1324 60 46
1325 39 71
1326 51 66
1327 21 5
1328 10 38
1329 51 65
1330 52 78
1331 63 51
1332 11 49
1333 47 26
1334 27 15
1335 14 7
1336 10 79
1337 33 29
1338 5 66
1339 24 52
1340 16 25
1341 51 35
1342 68 32
1343 4 35
1344 60 38
1345 11 38
1346 16 33
1347 14 76
1348 4 53
1349 40 0
1350 33 7
1351 39 70
1352 7 26
1353 29 33
1354 3 35
1355 5 65
1356 54 30
1357 44 39
1358 1 45
1359 41 0
1360 14 75
1361 62 24
1362 73 31
1363 15 34
1364 10 49
1365 60 45
1366 23 35
1367 75 42
1368 46 27
1369 75 43
1370 9 33
1371 63 50
1372 2 67
1373 9 79
1374 75 42
1375 8 56
1376 72 26
1377 68 37
1378 75 11
1379 9 34
1380 69 23
1381 75 43
1382 51 56
1383 4 6
1384 58 57
1385 11 49
1386 56 79
1387 40 30
1388 27 71
1389 3 67
1390 11 0
1391 14 76
1392 17 41
1393 32 25
1394 54 11
1395 41 76
1396 15 44
1397 19 36
1398 78 34
1399 24 53
1400 7 27
1401 29 28
1402 78 35
1403 33 8
1404 63 28
1405 61 38
1406 9 33
1407 3 53
1408 38 66
1409 10 38
1410 14 8
1411 24 52
1412 4 44
1413 48 26
1414 31 25
1415 14 59
1416 53 11
1417 11 1
1418 25 74
1419 58 58
1420 54 11
1421 53 11
1422 28 15
1423 4 35
1424 27 70
1425 58 57
1426 19 35
1427 78 34
1428 17 40
1429 27 15
1430 65 32
1431 28 21
1432 25 73
1433 75 60
1434 68 31
1435 53 68
1436 39 71
1437 51 66
1438 75 42
1439 44 38
1440 74 31
1441 70 30
1442 53 30
1443 58 58
1444 4 53
1445 15 43
1446 20 5
1447 24 53
1448 19 36
1449 4 40
1450 29 29
1451 63 29
1452 58 57
1453 67 18
1454 54 11
1455 7 26
1456 14 34
1457 15 34
1458 45 27
1459 68 32
1460 72 25
1461 68 31
1462 42 76
1463 76 11
1464 57 6
1465 7 27
1466 40 0
1467 63 51
1468 19 35
1469 39 27
1470 68 32
1471 50 35
1472 55 43
1473 4 43
1474 75 43
1475 10 79
1476 37 13
1477 4 7
1478 14 75
1479 44 39
1480 56 77
1481 44 38
1482 41 76
1483 11 38
1484 46 30
1485 15 25
1486 38 22
1487 3 53
1488 13 59
1489 47 26
1490 75 59
1491 10 38
1492 60 38
1493 68 18
1494 48 26
1495 47 73
1496 39 70
1497 77 72
1498 73 31
1499 61 24
1500 62 76
1501 42 76
1502 70 29
1503 41 46
1504 74 31
1505 13 16
1506 48 73
1507 67 37
1508 47 26
1509 51 55
1510 21 5
1511 69 24
1512 16 25
1513 75 60
1514 41 0
1515 24 79
1516 62 24
1517 11 38
1518 29 28
1519 23 36
1520 33 30
1521 75 11
1522 29 21
1523 37 14
1524 15 44
1525 60 46
1526 0 45
1527 42 63
1528 63 28
1529 53 69
1530 4 53
1531 46 27
1532 28 15
1533 56 76
1534 33 29
1535 3 53
1536 55 72
1537 25 74
1538 75 59
1539 32 25
1540 37 66
1541 13 17
1542 51 35
1543 2 64
1544 56 6
1545 14 76
1546 51 65
1547 28 21
1548 14 7
1549 48 26
1550 33 7
1551 50 67
1552 41 76
1553 65 22
1554 56 54
1555 23 35
1556 73 31
1557 36 28
1558 14 75
1559 53 68
1560 54 30
1561 74 31
1562 56 72
1563 9 79
1564 10 38
1565 4 44
1566 47 26
1567 39 71
1568 10 49
1569 11 0
1570 61 20
1571 53 69
1572 20 5
1573 29 32
1574 29 21
1575 4 6
1576 78 35
1577 75 42
1578 57 34
1579 27 15
1580 65 31
1581 5 66
1582 15 43
1583 14 34
1584 61 21
1585 24 52
1586 52 1
1587 15 25
1588 1 45
1589 25 73
1590 42 46
1591 57 35
1592 31 25
1593 75 60
1594 52 79
1595 65 32
1596 60 45
1597 68 37
1598 50 35
1599 51 35
1600 15 34
1601 24 13
1602 11 49
1603 4 43
1604 61 38
1605 76 11
1606 75 43
1607 8 55
1608 67 18
1609 5 28
1610 29 29
1611 5 65
1612 53 30
1613 69 23
1614 6 28
1615 9 34
1616 51 1
1617 75 42
1618 23 36
1619 76 40
1620 78 34
1621 42 76
1622 52 78
1623 40 31
1624 39 70
1625 58 58
1626 60 46
1627 48 26
1628 14 59
1629 57 34
1630 19 36
1631 55 72
1632 24 53
1633 61 76
1634 56 77
1635 75 40
1636 37 13
1637 24 52
1638 13 16
1639 5 66
1640 28 21
1641 44 39
1642 51 66
1643 3 35
1644 17 41
1645 24 53
1646 47 73
1647 4 44
1648 11 38
1649 24 52
1650 68 18
1651 75 43
1652 13 17
1653 55 79
1654 56 55
1655 14 76
1656 65 31
1657 14 34
1658 72 26
1659 60 38
1660 51 56
1661 24 14
1662 47 26
1663 56 72
1664 52 1
1665 23 35
1666 16 32
1667 56 76
1668 40 0
1669 29 21
1670 16 25
1671 17 57
1672 51 1
1673 58 57
1674 17 40
1675 63 29
1676 2 67
1677 3 40
1678 15 34
1679 63 28
1680 5 28
1681 68 31
1682 63 50
1683 24 13
1684 54 30
1685 75 11
1686 4 35
1687 53 68
1688 11 1
1689 57 35
1690 36 29
1691 10 79
1692 70 30
1693 41 76
1694 48 26
1695 75 59
1696 16 33
1697 25 74
1698 14 34
1699 4 53
1700 69 24
1701 16 16
1702 16 32
1703 29 33
1704 9 33
1705 37 22
1706 41 46
1707 61 24
1708 17 56
1709 42 76
1710 28 15
1711 50 68
1712 4 40
1713 9 79
1714 73 31
1715 39 71
1716 37 14
1717 3 67
1718 57 6
1719 15 72
1720 10 79
1721 41 76
1722 29 32
1723 38 22
1724 63 51
1725 50 67
1726 69 23
1727 5 65
1728 51 65
1729 23 36
1730 3 40
1731 67 37
1732 45 27
1733 70 29
1734 29 28
1735 33 30
1736 75 60
1737 13 16
1738 56 6
1739 29 29
1740 57 34
1741 4 7
1742 56 54
1743 23 35
1744 27 71
1745 50 35
1746 56 55
1747 28 21
1748 61 20
1749 65 23
1750 36 28
1751 9 79
1752 41 0
1753 53 11
1754 10 49
1755 76 40
1756 78 35
1757 50 68
1758 74 31
1759 56 77
1760 33 8
1761 4 40
1762 23 36
1763 51 66
1764 10 79
1765 58 58
1766 17 41
1767 24 78
1768 33 7
1769 69 24
1770 19 35
1771 38 66
1772 23 35
1773 61 38
1774 37 13
1775 25 73
1776 62 24
1777 72 25
1778 7 26
1779 21 5
1780 75 42
1781 32 25
1782 51 35
1783 53 30
1784 72 26
1785 68 32
1786 13 40
1787 17 40
1788 14 72
1789 4 6
1790 53 69
1791 67 18
1792 37 66
1793 42 62
1794 61 21
1795 65 22
1796 12 40
1797 20 5
1798 61 24
1799 63 50
1800 13 17
1801 55 72
1802 56 76
1803 72 25
1804 40 0
1805 65 23
1806 0 45
1807 27 15
1808 21 5
1809 37 14
1810 36 29
1811 57 35
1812 73 31
1813 24 14
1814 7 27
1815 63 29
1816 8 56
1817 74 31
1818 40 30
1819 8 55
1820 13 16
1821 7 26
1822 8 56
1823 50 67
1824 50 68
1825 17 57
1826 63 28
1827 2 65
1828 16 33
1829 52 1
1830 56 79
1831 68 18
1832 65 32
1833 53 68
1834 57 34
1835 14 8
1836 1 45
1837 19 36
1838 76 72
1839 54 30
1840 55 79
1841 29 28
1842 7 27
1843 47 26
1844 14 75
1845 78 34
1846 62 76
1847 20 5
1848 15 34
1849 9 79
1850 29 29
1851 10 79
1852 21 5
1853 65 31
1854 57 35
1855 75 59
1856 57 34
1857 68 31
1858 15 72
1859 51 65
1860 2 67
1861 5 66
1862 42 63
1863 51 55
1864 50 35
1865 42 62
1866 57 6
1867 52 79
1868 7 26
1869 63 29
1870 24 53
1871 6 28
1872 14 7
1873 42 63
1874 42 76
1875 9 34
1876 72 26
1877 14 72
1878 15 25
1879 11 49
1880 52 78
1881 20 5
1882 60 45
1883 68 37
1884 29 28
1885 63 28
1886 75 40
1887 76 40
1888 46 31
1889 56 77
1890 38 66
1891 16 25
1892 14 76
1893 53 30
1894 56 76
1895 39 26
1896 63 51
1897 3 35
1898 55 44
1899 56 6
1900 37 66
1901 46 27
1902 76 11
1903 9 79
1904 13 59
1905 5 65
1906 57 6
1907 54 11
1908 23 36
1909 55 43
1910 48 73
1911 65 32
1912 39 70
1913 41 0
1914 56 54
1915 8 55
1916 40 0
1917 29 21
1918 42 46
1919 65 31
1920 4 43
1921 75 60
1922 21 5
1923 53 11
1924 77 72
1925 50 67
1926 3 40
1927 75 11
1928 4 40
1929 63 50
1930 47 73
1931 16 32
1932 39 27
1933 56 79
1934 5 28
1935 61 20
1936 45 27
1937 11 0
1938 33 29
1939 40 31
1940 14 34
1941 4 7
1942 4 44
1943 39 26
1944 37 13
1945 54 11
1946 57 35
1947 20 5
1948 15 44
1949 51 66
1950 51 35
1951 51 56
1952 65 22
1953 4 6
1954 51 65
1955 10 49
1956 5 66
1957 72 25
1958 33 30
1959 51 66
1960 11 49
1961 73 31
1962 75 43
1963 4 7
1964 29 33
1965 27 70
1966 42 62
1967 46 30
1968 72 26
1969 75 59
1970 17 56
1971 2 64
1972 33 29
1973 54 30
1974 4 35
1975 14 75
1976 46 27
1977 67 37
1978 29 29
1979 8 56
1980 10 49
1981 48 26
1982 4 6
1983 6 28
1984 57 34
1985 16 33
1986 74 31
1987 56 77
1988 68 37
1989 15 43
1990 23 35
1991 41 46
1992 75 40
1993 62 24
1994 63 29
1995 46 31
1996 14 59
1997 23 36
1998 9 33
1999 70 30
2000 19 35
2001 2 65
2002 21 5
2003 61 21
2004 60 38
2005 73 31
2006 16 32
2007 51 65
2008 15 34
2009 40 30
2010 58 57
2011 15 25
2012 20 5
2013 65 32
2014 38 66
2015 67 18
2016 65 31
2017 69 23
2018 61 76
2019 39 27
2020 2 64
2021 9 34
2022 36 28
2023 67 37
2024 75 60
2025 78 35
2026 76 72
2027 28 21
2028 56 55
2029 31 25
2030 33 30
2031 5 28
2032 13 17
2033 65 23
2034 68 32
2035 32 25
2036 31 25
2037 25 74
2038 53 69
2039 74 31
2040 4 43
2041 60 46
2042 27 71
2043 28 15
2044 10 79
2045 29 28
2046 3 53
2047 50 68
2048 44 38
2049 53 68
2050 14 34
2051 50 67
2052 36 29
2053 33 29
2054 41 0
2055 45 27
2056 62 76
2057 40 31
2058 10 38
2059 46 30
2060 32 25
2061 61 38
2062 51 66
2063 36 28
2064 17 16
2065 55 79
2066 77 72
2067 56 54
2068 37 66
2069 51 65
2070 0 45
2071 13 59
2072 29 21
2073 56 55
2074 56 54
2075 17 57
2076 56 76
2077 17 56
2078 69 24
2079 48 73
2080 4 44
2081 28 21
2082 36 29
2083 50 35
2084 15 72
2085 39 71
2086 53 69
2087 41 76
2088 56 77
2089 75 42
2090 11 1
2091 60 45
2092 42 63
2093 51 1
2094 57 35
2095 15 44
2096 11 0
2097 33 30
2098 1 45
2099 14 8
2100 72 25
2101 29 21
2102 51 35
2103 14 76
2104 46 27
2105 68 31
2106 53 30
2107 11 38
2108 24 79
2109 36 28
2110 53 11
2111 72 26
2112 3 40
2113 61 24
2114 27 70
2115 19 36
2116 62 24
2117 52 1
2118 24 78
2119 68 37
2120 23 35
2121 29 32
2122 11 1
2123 11 0
2124 27 15
2125 4 43
2126 56 6
2127 54 11
2128 72 25
2129 61 20
2130 2 65
2131 6 28
2132 8 55
2133 16 25
2134 4 44
2135 61 24
2136 58 58
2137 28 21
2138 13 16
2139 15 25
2140 33 29
2141 38 66
2142 51 66
2143 37 14
2144 76 11
2145 28 15
2146 10 38
2147 40 0
2148 61 21
2149 52 79
2150 60 38
2151 61 76
2152 11 38
2153 51 65
2154 76 40
2155 27 71
2156 4 7
2157 15 34
2158 46 31
2159 61 38
2160 62 24
2161 42 76
2162 75 11
2163 24 52
2164 65 32
2165 57 34
2166 17 41
2167 3 67
2168 78 34
2169 58 57
2170 4 53
2171 42 46
2172 11 1
2173 60 46
2174 63 51
2175 3 53
2176 62 76
2177 78 35
2178 24 53
2179 50 35
2180 21 5
2181 72 26
2182 14 75
2183 2 64
2184 7 27
2185 46 30
2186 72 25
2187 39 26
2188 27 15
2189 40 30
2190 11 49
2191 42 62
2192 45 27
2193 25 73
2194 16 25
2195 36 29
2196 10 49
2197 52 78
2198 61 76
2199 2 65
2200 51 55
2201 23 36
2202 29 29
2203 68 32
2204 53 68
2205 69 23
2206 15 25
2207 56 55
2208 25 74
2209 73 31
2210 61 20
2211 2 67
2212 76 72
2213 75 40
2214 58 58
2215 37 66
2216 54 30
2217 75 43
2218 17 40
2219 16 25
2220 25 73
2221 40 31
2222 68 18
2223 14 59
2224 52 79
2225 14 7
2226 62 76
2227 55 44
2228 53 30
2229 67 37
2230 29 33
2231 8 56
2232 37 22
2233 72 26
2234 65 31
2235 36 28
2236 16 16
2237 24 79
2238 46 31
2239 44 39
2240 7 26
2241 10 38
2242 58 57
2243 51 66
2244 52 78
2245 67 18
2246 14 34
2247 53 69
2248 46 27
2249 58 58
2250 9 79
2251 53 11
2252 56 72
2253 23 35
2254 4 6
2255 61 21
2256 4 40
2257 15 43
2258 24 13
2259 37 13
2260 4 53
2261 41 0
2262 24 78
2263 17 41
2264 40 0
2265 68 18
2266 29 32
2267 31 25
2268 27 70
2269 25 74
2270 36 29
2271 24 79
2272 15 44
2273 8 55
2274 45 27
2275 14 76
2276 76 40
2277 33 8
2278 38 22
2279 74 31
2280 78 34
2281 8 56
2282 57 35
2283 41 76
2284 13 17
2285 68 37
2286 77 72
2287 63 28
2288 10 79
2289 8 55
2290 50 68
2291 5 28
2292 61 24
2293 54 30
2294 13 16
2295 19 35
2296 76 11
2297 33 7
2298 51 1
2299 70 29
2300 15 43
2301 76 72
2302 11 49
2303 65 32
2304 15 34
2305 77 72
2306 7 27
2307 36 28
2308 51 35
2309 24 78
2310 11 38
2311 57 6
2312 6 28
2313 29 28
2314 28 15
2315 2 64
2316 61 20
2317 17 57
2318 29 21
2319 7 26
2320 41 46
2321 70 30
2322 9 33
2323 37 14
2324 56 6
2325 47 73
2326 37 13
2327 8 56
2328 24 52
2329 37 22
2330 46 30
2331 13 40
2332 7 27
2333 60 45
2334 69 24
2335 42 46
2336 53 68
2337 53 69
2338 8 55
2339 55 43
2340 14 8
2341 68 31
2342 17 56
2343 25 73
2344 38 22
2345 62 24
2346 14 7
2347 14 34
2348 42 76
2349 5 65
2350 16 33
2351 47 26
2352 72 25
2353 72 26
2354 38 66
2355 68 32
2356 61 24
2357 4 43
2358 3 40
2359 55 72
2360 48 26
2361 9 79
2362 37 66
2363 14 72
2364 61 21
2365 7 26
2366 17 40
2367 39 70
2368 48 73
2369 60 46
2370 60 38
2371 53 30
2372 3 35
2373 27 71
2374 8 56
2375 76 72
2376 33 30
2377 14 75
2378 65 31
2379 25 74
2380 12 40
2381 75 40
2382 27 15
2383 41 0
2384 40 0
2385 8 55
2386 52 1
2387 10 79
2388 10 38
2389 29 33
2390 23 36
2391 17 16
2392 65 32
2393 54 30
2394 11 0
2395 29 29
2396 0 45
2397 60 45
2398 51 56
2399 75 42
2400 63 50
2401 65 22
2402 16 16
2403 28 15
2404 16 32
2405 4 7
2406 39 71
2407 19 36
2408 55 44
2409 41 46
2410 23 35
2411 29 32
2412 40 30
2413 75 43
2414 41 0
2415 4 40
2416 15 72
2417 4 6
2418 41 76
2419 27 70
2420 72 25
2421 58 57
2422 9 79
2423 60 46
2424 29 33
2425 47 26
2426 4 35
2427 53 68
2428 1 45
2429 46 31
2430 11 38
2431 52 79
2432 13 59
2433 20 5
2434 19 35
2435 61 76
2436 27 15
2437 15 44
2438 54 11
2439 62 76
2440 56 72
2441 29 28
2442 70 29
2443 4 44
2444 65 31
2445 24 14
2446 28 21
2447 51 55
2448 56 54
2449 38 66
2450 42 46
2451 42 63
2452 7 27
2453 13 17
2454 13 40
2455 75 11
2456 21 5
2457 46 30
2458 56 79
2459 2 65
2460 58 58
2461 5 66
2462 52 78
2463 37 22
2464 65 32
2465 39 27
2466 55 43
2467 28 15
2468 51 56
2469 14 76
2470 3 35
2471 61 20
2472 14 59
2473 3 53
2474 50 67
2475 53 30
2476 36 29
2477 52 79
2478 29 29
2479 63 51
2480 2 64
2481 11 1
2482 24 13
2483 61 38
2484 48 26
2485 75 42
2486 5 28
2487 75 43
2488 4 53
2489 68 31
2490 55 79
2491 9 34
2492 37 66
2493 13 59
2494 15 43
2495 17 57
2496 27 71
2497 42 62
2498 25 73
2499 8 56
2500 52 78
2501 8 55
2502 72 26
2503 72 25
2504 46 27
2505 45 27
2506 17 41
2507 11 0
2508 25 74
2509 55 44
2510 3 53
2511 20 5
2512 4 43
2513 40 0
2514 68 32
2515 33 29
2516 41 46
2517 47 73
2518 67 18
2519 53 11
2520 14 59
2521 24 53
2522 40 31
2523 60 38
2524 3 67
2525 5 65
2526 27 15
2527 55 43
2528 53 69
2529 2 67
2530 68 31
2531 51 1
2532 56 55
2533 57 34
2534 52 79
2535 65 23
2536 24 52
2537 58 57
2538 51 65
2539 39 70
2540 15 34
2541 61 21
2542 70 30
2543 61 38
2544 68 18
2545 70 29
2546 0 45
2547 50 68
2548 63 29
2549 76 11
2550 12 40
2551 6 28
2552 33 8
2553 33 30
2554 39 26
2555 24 14
2556 3 40
2557 8 56
2558 29 28
2559 14 34
2560 10 49
2561 50 67
2562 5 28
2563 46 31
2564 10 38
2565 9 33
2566 67 37
2567 56 54
2568 55 44
2569 44 38
2570 25 73
2571 25 74
2572 16 33
2573 61 76
2574 57 35
2575 67 18
2576 14 75
2577 72 26
2578 15 34
2579 72 25
2580 62 76
2581 24 79
2582 11 1
2583 24 53
2584 4 53
2585 55 43
2586 40 30
2587 24 13
2588 77 72
2589 42 76
2590 7 26
2591 10 79
2592 42 63
2593 65 31
2594 17 40
2595 23 36
2596 42 46
2597 14 72
2598 61 20
2599 75 59
2600 29 21
2601 63 28
2602 38 66
2603 24 52
2604 4 44
2605 16 32
2606 4 35
2607 68 18
2608 3 35
2609 41 0
2610 16 33
2611 28 21
2612 33 7
2613 4 43
2614 4 7
2615 15 44
2616 62 24
2617 63 29
2618 50 35
2619 47 26
2620 73 31
2621 57 34
2622 3 67
2623 24 53
2624 48 73
2625 65 32
2626 65 31
2627 75 42
2628 23 35
2629 56 55
2630 14 8
2631 67 18
2632 46 27
2633 70 30
2634 75 43
2635 28 15
2636 57 35
2637 2 67
2638 68 37
2639 11 0
2640 17 16
2641 27 15
2642 8 55
2643 42 62
2644 45 27
2645 68 32
2646 65 22
2647 13 40
2648 6 28
2649 46 30
2650 75 60
2651 61 21
2652 56 76
2653 23 36
2654 51 35
2655 69 23
2656 16 32
2657 61 76
2658 29 32
2659 62 76
2660 3 53
2661 4 40
2662 75 11
2663 29 29
2664 76 72
2665 25 73
2666 74 31
2667 56 79
2668 33 8
2669 19 36
2670 14 7
2671 39 71
2672 48 26
2673 39 27
2674 28 15
2675 29 28
2676 23 35
2677 33 7
2678 65 32
2679 5 28
2680 9 34
2681 68 31
2682 60 38
2683 50 68
2684 29 21
2685 77 72
2686 17 41
2687 2 65
2688 47 73
2689 15 43
2690 44 39
2691 38 22
2692 57 6
2693 44 38
2694 55 79
2695 46 31
2696 52 1
2697 52 78
2698 29 33
2699 8 56
2700 41 46
2701 47 26
2702 63 28
2703 40 0
2704 51 1
2705 4 53
2706 9 79
2707 54 11
2708 52 1
2709 11 49
2710 48 73
2711 17 56
2712 14 34
2713 54 30
2714 19 35
2715 42 63
2716 39 70
2717 17 57
2718 50 67
2719 52 79
2720 65 23
2721 5 66
2722 68 32
2723 10 49
2724 11 49
2725 63 29
2726 58 58
2727 33 8
2728 2 64
2729 4 44
2730 23 36
2731 12 40
2732 73 31
2733 15 44
2734 58 57
2735 39 71
2736 75 42
2737 24 14
2738 21 5
2739 56 79
2740 53 11
2741 8 55
2742 24 78
2743 56 6
2744 32 25
2745 50 35
2746 15 25
2747 5 65
2748 6 28
2749 13 40
2750 51 35
2751 51 66
2752 16 16
2753 33 29
2754 58 58
2755 24 79
2756 5 28
2757 10 79
2758 51 65
2759 14 76
2760 47 73
2761 17 40
2762 75 43
2763 33 7
2764 41 76
2765 61 38
2766 24 13
2767 39 26
2768 65 31
2769 42 62
2770 53 30
2771 51 55
2772 54 30
2773 61 76
2774 4 6
2775 48 73
2776 27 70
2777 23 35
2778 75 59
2779 1 45
2780 40 31
2781 24 52
2782 40 30
2783 3 40
2784 24 78
2785 15 34
2786 16 25
2787 24 14
2788 17 56
2789 37 14
2790 63 28
2791 60 45
2792 56 54
2793 51 66
2794 55 79
2795 24 13
2796 76 72
2797 27 15
2798 29 29
2799 67 37
2800 10 49
2801 11 38
2802 77 72
2803 47 73
2804 27 71
2805 13 59
2806 23 36
2807 33 30
2808 50 68
2809 3 53
2810 56 77
2811 4 40
2812 50 35
2813 51 1
2814 72 26
2815 24 79
2816 13 16
2817 63 50
2818 46 27
2819 63 51
2820 57 34
2821 48 73
2822 37 13
2823 3 67
2824 46 30
2825 53 30
2826 54 11
2827 60 46
2828 33 8
2829 68 37
2830 29 28
2831 76 40
2832 2 67
2833 17 57
2834 17 41
2835 74 31
2836 60 38
2837 4 7
2838 55 72
2839 51 35
2840 51 65
2841 53 11
2842 17 56
2843 63 50
2844 72 25
2845 3 40
2846 14 75
2847 9 33
2848 4 40
2849 75 40
2850 50 35
2851 65 22
2852 75 60
2853 4 6
2854 16 33
2855 24 53
2856 41 0
2857 75 59
2858 14 34
2859 17 40
2860 24 78
2861 75 60
2862 52 78
2863 29 29
2864 57 6
2865 46 31
2866 47 73
2867 11 1
2868 37 66
2869 76 40
2870 42 63
2871 75 40
2872 2 65
2873 40 31
2874 73 31
2875 2 64
2876 54 30
2877 75 42
2878 57 35
2879 17 57
2880 4 53
2881 56 72
2882 61 24
2883 2 65
2884 31 25
2885 13 17
2886 67 37
2887 16 32
2888 56 79
2889 51 56
2890 75 59
2891 61 20
2892 24 14
2893 78 35
2894 62 24
2895 42 62
2896 10 38
2897 24 52
2898 3 40
2899 28 15
2900 42 63
2901 72 26
2902 42 46
2903 17 41
2904 60 45
2905 51 66
2906 23 35
2907 78 34
2908 32 25
2909 33 7
2910 65 32
2911 17 16
2912 69 24
2913 48 26
2914 41 46
2915 14 76
2916 60 46
2917 42 76
2918 3 53
2919 24 79
2920 58 57
2921 4 7
2922 42 62
2923 55 44
2924 53 30
2925 55 72
2926 51 65
2927 54 30
2928 15 34
2929 31 25
2930 62 76
2931 63 51
2932 54 11
2933 70 29
2934 51 35
2935 2 64
2936 63 50
2937 53 68
2938 38 66
2939 39 27
2940 65 23
2941 15 72
2942 56 6
2943 61 38
2944 0 45
2945 51 55
2946 48 73
2947 46 30
2948 27 15
2949 51 66
2950 68 31
2951 4 43
2952 28 15
2953 5 66
2954 7 27
2955 27 70
2956 9 34
2957 56 76
2958 33 8
2959 3 67
2960 58 58
2961 78 35
2962 11 49
2963 16 33
2964 72 25
2965 14 72
2966 39 26
2967 68 18
2968 4 6
2969 55 43
2970 65 31
2971 1 45
2972 33 7
2973 17 56
2974 17 57
2975 72 26
2976 17 56
2977 16 16
2978 75 43
2979 76 11
2980 29 28
2981 29 32
2982 69 23
2983 52 1
2984 5 65
2985 63 29
2986 9 33
2987 65 32
2988 33 29
2989 2 67
2990 69 24
2991 60 38
2992 23 36
2993 29 29
2994 28 21
2995 67 18
2996 61 24
2997 14 59
2998 65 22
2999 74 31
3000 20 5
3001 13 16
3002 51 56
3003 9 79
3004 14 8
3005 39 70
3006 0 45
3007 53 69
3008 45 27
3009 56 55
3010 75 11
3011 40 30
3012 55 44
3013 65 23
3014 50 35
3015 37 22
3016 38 22
3017 24 78
3018 33 30
3019 78 34
3020 4 40
3021 50 67
3022 19 36
3023 57 34
3024 11 0
3025 37 22
3026 53 68
3027 70 30
3028 36 28
3029 41 76
3030 5 66
3031 61 21
3032 76 72
3033 13 59
3034 60 45
3035 46 31
3036 46 27
3037 37 14
3038 42 46
3039 4 44
3040 14 34
3041 15 25
3042 27 15
3043 69 23
3044 8 56
3045 53 11
3046 47 73
3047 75 42
3048 41 46
3049 46 30
3050 29 21
3051 52 79
3052 61 20
3053 17 57
3054 56 54
3055 75 60
3056 57 6
3057 53 30
3058 11 38
3059 17 40
3060 70 29
3061 61 21
3062 40 31
3063 16 32
3064 76 11
3065 37 13
3066 1 45
3067 9 34
3068 56 72
3069 24 53
3070 56 77
3071 63 51
3072 62 24
3073 56 55
3074 8 55
3075 15 72
3076 14 59
3077 40 0
3078 10 49
3079 13 17
3080 41 0
3081 72 25
3082 21 5
3083 13 16
3084 55 72
3085 51 1
3086 20 5
3087 33 29
3088 24 13
3089 40 0
3090 40 30
3091 45 27
3092 15 34
3093 78 35
3094 46 31
3095 68 18
3096 11 1
3097 21 5
3098 56 6
3099 51 35
3100 42 63
3101 44 39
3102 57 35
3103 52 78
3104 40 31
3105 20 5
3106 65 22
3107 8 56
3108 36 29
3109 17 56
3110 61 38
3111 55 79
3112 14 75
3113 3 40
3114 72 26
3115 52 1
3116 11 0
3117 61 20
3118 15 43
3119 16 25
3120 52 79
3121 54 11
3122 42 46
3123 14 34
3124 46 30
3125 12 40
3126 7 26
3127 46 27
3128 40 30
3129 75 11
3130 19 35
3131 55 43
3132 61 76
3133 73 31
3134 17 57
3135 42 62
3136 15 44
3137 63 28
3138 8 55
3139 61 21
3140 33 30
3141 50 35
3142 53 69
3143 4 7
3144 42 76
3145 4 40
3146 13 59
3147 28 15
3148 27 71
3149 70 30
3150 32 25
3151 72 25
3152 14 7
3153 3 40
3154 29 28
3155 31 25
3156 14 76
3157 24 14
3158 75 43
3159 62 76
3160 15 25
3161 6 28
3162 4 43
3163 33 8
3164 14 59
3165 46 31
3166 4 44
3167 4 43
3168 36 28
3169 7 27
3170 9 33
3171 74 31
3172 77 72
3173 39 71
3174 9 34
3175 44 38
3176 44 39
3177 21 5
3178 17 16
3179 33 29
3180 52 78
3181 11 49
3182 55 44
3183 51 65
3184 33 7
3185 63 29
3186 75 59
3187 70 29
3188 37 14
3189 2 65
3190 44 38
3191 2 64
3192 17 41
3193 68 32
3194 60 46
3195 33 30
3196 11 1
3197 38 22
3198 16 33
3199 24 52
3200 50 68
3201 41 46
3202 14 75
3203 68 31
3204 68 37
3205 65 23
3206 4 44
3207 42 63
3208 13 17
3209 63 28
3210 24 79
3211 15 34
3212 73 31
3213 0 45
3214 23 35
3215 57 6
3216 45 27
3217 13 59
3218 5 65
3219 51 1
3220 14 76
3221 60 38
3222 63 50
3223 61 76
3224 4 35
3225 3 67
3226 4 53
3227 36 29
3228 13 16
3229 51 55
3230 2 65
3231 5 66
3232 41 0
3233 14 75
3234 13 17
3235 24 78
3236 42 46
3237 65 22
3238 53 68
3239 1 45
3240 0 45
3241 14 8
3242 54 30
3243 39 70
3244 56 72
3245 39 27
3246 53 69
3247 2 64
3248 44 39
3249 60 45
3250 76 11
3251 56 54
3252 46 30
3253 41 46
3254 51 35
3255 5 28
3256 36 28
3257 4 40
3258 67 18
3259 16 16
3260 23 36
3261 13 16
3262 51 66
3263 56 55
3264 46 27
3265 13 40
3266 29 29
3267 70 30
3268 19 36
3269 42 62
3270 76 72
3271 14 76
3272 14 59
3273 77 72
3274 76 72
3275 50 35
3276 42 46
3277 50 67
3278 56 79
3279 29 28
3280 4 43
3281 24 13
3282 14 7
3283 78 34
3284 68 18
3285 9 33
3286 40 0
3287 51 35
3288 8 56
3289 36 29
3290 15 43
3291 28 21
3292 10 49
3293 24 53
3294 57 34
3295 2 65
3296 11 0
3297 48 73
3298 50 68
3299 14 8
3300 11 49
3301 20 5
3302 17 56
3303 40 31
3304 13 59
3305 14 72
3306 29 33
3307 16 25
3308 10 38
3309 53 30
3310 29 21
3311 39 71
3312 9 34
3313 61 20
3314 41 76
3315 57 35
3316 41 0
3317 8 55
3318 28 21
3319 1 45
3320 17 16
3321 65 23
3322 78 35
3323 55 79
3324 58 57
3325 65 22
3326 19 35
3327 6 28
3328 4 44
3329 12 40
3330 50 67
3331 47 26
3332 55 72
3333 14 34
3334 32 25
3335 57 34
3336 0 45
3337 33 8
3338 15 34
3339 62 76
3340 21 5
3341 63 51
3342 15 44
3343 36 28
3344 78 34
3345 31 25
3346 48 26
3347 65 31
3348 70 29
3349 52 1
3350 8 56
3351 50 35
3352 40 0
3353 61 24
3354 40 30
3355 53 68
3356 16 16
3357 33 29
3358 40 31
3359 61 76
3360 76 40
3361 56 6
3362 55 43
3363 15 72
3364 4 6
3365 77 72
3366 63 50
3367 65 23
3368 4 43
3369 14 75
3370 27 70
3371 68 32
3372 75 40
3373 51 65
3374 54 30
3375 56 79
3376 39 70
3377 29 32
3378 39 26
3379 27 71
3380 72 26
3381 56 54
3382 3 53
3383 24 79
3384 55 44
3385 52 79
3386 15 25
3387 37 66
3388 37 22
3389 75 42
3390 16 32
3391 56 72
3392 75 60
3393 69 24
3394 14 59
3395 42 63
3396 47 26
3397 61 38
3398 61 21
3399 48 26
3400 33 7
3401 55 43
3402 16 33
3403 17 57
3404 55 79
3405 70 30
3406 14 34
3407 36 29
3408 13 59
3409 10 49
3410 62 24
3411 51 66
3412 50 68
3413 24 52
3414 51 56
3415 74 31
3416 51 55
3417 14 7
3418 72 25
3419 32 25
3420 17 16
3421 41 0
3422 9 33
3423 51 56
3424 52 78
3425 60 38
3426 8 55
3427 15 43
3428 3 40
3429 20 5
3430 56 79
3431 62 76
3432 27 70
3433 5 65
3434 14 72
3435 5 28
3436 10 79
3437 38 66
3438 29 33
3439 24 78
3440 11 1
3441 8 56
3442 16 16
3443 58 58
3444 70 29
3445 24 79
3446 47 73
3447 75 11
3448 53 69
3449 36 28
3450 45 27
3451 73 31
3452 52 79
3453 57 6
3454 17 56
3455 56 6
3456 14 8
3457 29 32
3458 53 68
3459 4 53
3460 55 79
3461 56 76
3462 61 20
3463 11 0
3464 53 69
3465 51 55
3466 51 35
3467 9 79
3468 23 35
3469 72 26
3470 24 53
3471 25 74
3472 42 62
3473 21 5
3474 4 7
3475 72 25
3476 33 30
3477 61 76
3478 46 27
3479 16 32
3480 55 44
3481 23 36
3482 8 55
3483 41 46
3484 61 38
3485 3 53
3486 55 43
3487 65 22
3488 2 67
3489 56 77
3490 52 78
3491 24 14
3492 13 17
3493 55 72
3494 13 40
3495 29 29
3496 42 76
3497 17 57
3498 33 29
3499 44 38
3500 4 6
3501 55 44
3502 53 30
3503 17 16
3504 47 26
3505 2 64
3506 8 56
3507 27 15
3508 24 52
3509 41 76
3510 3 67
3511 51 65
3512 8 55
3513 13 16
3514 53 68
3515 50 67
3516 40 30
3517 20 5
3518 74 31
3519 57 6
3520 73 31
3521 51 66
3522 75 59
3523 42 63
3524 2 65
3525 62 76
3526 58 57
3527 58 58
3528 3 35
3529 4 44
3530 17 40
3531 14 7
3532 17 56
3533 24 53
3534 17 57
3535 68 31
3536 61 21
3537 39 71
3538 53 11
3539 75 60
3540 16 25
3541 74 31
3542 15 25
3543 51 56
3544 6 28
3545 4 35
3546 61 76
3547 17 56
3548 72 26
3549 46 31
3550 62 76
3551 11 1
3552 4 7
3553 29 21
3554 57 35
3555 52 79
3556 16 33
3557 56 55
3558 7 26
3559 24 13
3560 69 23
3561 53 69
3562 15 72
3563 75 59
3564 38 22
3565 39 70
3566 56 54
3567 63 51
3568 14 76
3569 19 36
3570 31 25
3571 14 59
3572 73 31
3573 45 27
3574 5 28
3575 67 18
3576 11 38
3577 13 17
3578 36 29
3579 74 31
3580 42 46
3581 11 49
3582 56 72
3583 56 55
3584 54 11
3585 15 34
3586 6 28
3587 75 60
3588 39 27
3589 14 8
3590 75 59
3591 2 67
3592 3 35
3593 40 0
3594 52 78
3595 29 28
3596 37 13
3597 14 7
3598 65 23
3599 32 25
3600 5 66
3601 14 34
3602 63 50
3603 10 79
3604 51 65
3605 13 59
3606 19 35
3607 4 6
3608 9 79
3609 42 76
3610 12 40
3611 50 68
3612 48 26
3613 46 27
3614 8 56
3615 25 73
3616 37 66
3617 76 72
3618 68 18
3619 14 59
3620 67 37
3621 31 25
3622 60 38
3623 41 0
3624 2 64
3625 29 29
3626 23 35
3627 53 11
3628 16 25
3629 75 43
3630 73 31
3631 58 57
3632 15 34
3633 42 62
3634 24 52
3635 39 26
3636 17 41
3637 57 34
3638 55 43
3639 4 43
3640 4 7
3641 47 26
3642 5 28
3643 16 16
3644 28 15
3645 55 72
3646 11 0
3647 3 67
3648 48 26
3649 56 6
3650 4 6
3651 1 45
3652 4 35
3653 56 72
3654 61 24
3655 42 63
3656 47 26
3657 48 73
3658 4 44
3659 60 46
3660 2 65
3661 57 35
3662 72 25
3663 32 25
3664 38 66
3665 19 36
3666 21 5
3667 61 38
3668 23 36
3669 23 35
3670 4 43
3671 29 28
3672 14 75
3673 8 55
3674 65 22
3675 4 44
3676 41 46
3677 14 72
3678 20 5
3679 3 35
3680 7 27
3681 61 76
3682 13 16
3683 39 27
3684 39 26
3685 42 46
3686 24 53
3687 75 60
3688 60 38
3689 0 45
3690 65 32
3691 28 21
3692 41 46
3693 62 76
3694 24 78
3695 17 57
3696 75 59
3697 42 62
3698 17 16
3699 13 17
3700 61 76
3701 24 79
3702 54 11
3703 31 25
3704 17 40
3705 4 7
3706 27 71
3707 55 44
3708 6 28
3709 50 67
3710 16 16
3711 61 38
3712 48 26
3713 24 52
3714 17 16
3715 55 43
3716 24 53
3717 16 16
3718 2 67
3719 70 30
3720 47 73
3721 63 51
3722 60 45
3723 50 35
3724 7 26
3725 27 70
3726 75 42
3727 63 50
3728 51 35
3729 72 26
3730 68 32
3731 61 20
3732 25 74
3733 55 72
3734 60 38
3735 61 21
3736 14 8
3737 37 14
3738 15 44
3739 62 24
3740 10 79
3741 75 43
3742 29 21
3743 56 79
3744 17 56
3745 25 73
3746 46 30
3747 8 56
3748 32 25
3749 56 54
3750 4 40
3751 50 35
3752 56 76
3753 4 35
3754 77 72
3755 10 38
3756 17 16
3757 23 36
3758 29 29
3759 58 58
3760 33 8
3761 24 78
3762 21 5
3763 16 32
3764 70 29
3765 40 0
3766 67 18
3767 14 7
3768 62 76
3769 51 55
3770 56 77
3771 70 30
3772 47 26
3773 61 38
3774 7 27
3775 10 49
3776 53 11
3777 27 71
3778 13 16
3779 24 14
3780 78 35
3781 11 38
3782 31 25
3783 5 65
3784 46 31
3785 41 0
3786 69 24
3787 60 38
3788 55 79
3789 28 21
3790 68 37
3791 39 27
3792 15 25
3793 69 23
3794 8 55
3795 16 33
3796 42 63
3797 63 29
3798 48 26
3799 15 43
3800 32 25
3801 76 40
3802 5 66
3803 11 49
3804 33 7
3805 13 40
3806 3 40
3807 51 1
3808 54 11
3809 37 22
3810 42 62
3811 56 55
3812 45 27
3813 58 57
3814 2 64
3815 44 39
3816 65 23
3817 72 25
3818 27 15
3819 39 71
3820 10 38
3821 40 31
3822 75 60
3823 4 43
3824 61 38
3825 39 26
3826 61 24
3827 2 65
3828 44 38
3829 31 25
3830 65 31
3831 74 31
3832 10 49
3833 28 15
3834 13 59
3835 46 27
3836 24 52
3837 3 35
3838 29 28
3839 12 40
3840 8 56
3841 16 25
3842 75 59
3843 48 73
3844 73 31
3845 27 15
3846 16 32
3847 24 79
3848 39 27
3849 11 49
3850 42 46
3851 41 46
3852 14 34
3853 50 68
3854 61 20
3855 70 29
3856 3 67
3857 56 79
3858 15 34
3859 32 25
3860 56 76
3861 29 33
3862 75 42
3863 72 26
3864 75 60
3865 45 27
3866 63 28
3867 65 32
3868 17 41
3869 57 6
3870 29 21
3871 51 56
3872 47 73
3873 23 35
3874 75 40
3875 56 6
3876 60 46
3877 14 59
3878 2 64
3879 51 66
3880 63 51
3881 53 11
3882 39 26
3883 63 29
3884 28 15
3885 11 38
3886 5 28
3887 17 40
3888 29 29
3889 56 72
3890 29 32
3891 76 72
3892 70 30
3893 63 50
3894 7 26
3895 75 59
3896 39 27
3897 39 26
3898 75 43
3899 55 79
3900 44 39
3901 72 25
3902 37 13
3903 29 28
3904 60 45
3905 27 15
3906 42 46
3907 50 67
3908 61 21
3909 51 65
3910 67 37
3911 4 35
3912 54 30
3913 54 11
3914 13 59
3915 61 76
3916 57 6
3917 50 68
3918 24 13
3919 39 70
3920 70 29
3921 9 34
3922 52 79
3923 20 5
3924 1 45
3925 53 68
3926 28 21
3927 72 26
3928 52 1
3929 15 44
3930 44 38
3931 50 67
3932 37 14
3933 15 25
3934 13 40
3935 10 49
3936 14 59
3937 28 15
3938 70 30
3939 15 72
3940 51 35
3941 37 66
3942 52 78
3943 72 25
3944 38 66
3945 27 70
3946 76 40
3947 55 44
3948 9 79
3949 58 58
3950 39 27
3951 33 8
3952 57 34
3953 4 40
3954 53 11
3955 68 37
3956 65 22
3957 78 34
3958 27 15
3959 31 25
3960 44 39
3961 54 11
3962 46 27
3963 72 26
3964 14 34
3965 27 71
3966 33 30
3967 16 25
3968 78 35
3969 63 51
3970 56 77
3971 4 6
3972 60 46
3973 63 50
3974 75 60
3975 15 25
3976 41 46
3977 67 37
3978 15 43
3979 16 25
3980 60 38
3981 19 35
3982 46 30
3983 24 14
3984 75 42
3985 68 18
3986 9 33
3987 29 21
3988 74 31
3989 27 70
3990 52 79
3991 15 25
3992 40 0
3993 4 44
3994 53 11
3995 10 79
3996 14 72
3997 78 34
3998 57 35
3999 37 66
4000 19 36
4001 17 41
4002 56 54
4003 50 35
4004 6 28
4005 52 78
4006 75 43
4007 28 21
4008 55 72
4009 75 40
4010 23 36
4011 51 1
4012 4 53
4013 51 55
4014 76 40
4015 14 8
4016 9 34
4017 75 42
4018 50 68
4019 75 59
4020 68 37
4021 4 43
4022 13 17
4023 38 66
4024 21 5
4025 53 30
4026 3 40
4027 63 51
4028 17 40
4029 52 79
4030 75 43
4031 19 35
4032 29 29
4033 15 44
4034 37 66
4035 14 7
4036 63 50
4037 15 34
4038 16 33
4039 24 78
4040 65 31
4041 45 27
4042 75 42
4043 3 35
4044 63 51
4045 75 40
4046 67 37
4047 37 13
4048 56 72
4049 24 53
4050 75 60
4051 46 27
4052 76 40
4053 50 67
4054 4 35
4055 16 32
4056 5 65
4057 36 28
4058 63 50
4059 24 79
4060 56 55
4061 42 46
4062 56 6
4063 68 31
4064 51 56
4065 32 25
4066 24 52
4067 75 40
4068 11 49
4069 9 33
4070 16 25
4071 36 29
4072 15 25
4073 4 44
4074 63 28
4075 68 32
4076 33 7
4077 0 45
4078 51 35
4079 7 27
4080 68 37
4081 3 35
4082 69 24
4083 13 59
4084 58 57
4085 65 32
4086 69 23
4087 29 33
4088 75 59
4089 1 45
4090 58 58
4091 23 35
4092 53 69
4093 10 38
4094 5 28
4095 54 11
4096 8 55
4097 19 36
4098 14 59
4099 67 18
4100 61 38
4101 16 16
4102 37 14
4103 3 53
4104 57 34
4105 8 56
4106 72 25
4107 57 6
4108 76 40
4109 51 66
4110 60 45
4111 41 76
4112 15 43
4113 0 45
4114 53 11
4115 39 71
4116 65 23
4117 33 29
4118 2 67
4119 75 60
4120 31 25
4121 72 26
4122 51 65
4123 17 57
4124 24 13
4125 54 11
4126 67 37
4127 36 28
4128 53 68
4129 28 15
4130 63 51
4131 37 13
4132 29 28
4133 56 79
4134 47 26
4135 38 22
4136 17 56
4137 50 35
4138 7 26
4139 52 78
4140 42 63
4141 70 29
4142 62 24
4143 48 26
4144 14 8
4145 9 79
4146 14 76
4147 24 78
4148 24 14
4149 51 35
4150 4 7
4151 53 69
4152 11 38
4153 11 1
4154 10 49
4155 70 30
4156 20 5
4157 56 76
4158 9 34
4159 40 30
4160 41 46
4161 8 55
4162 55 72
4163 11 49
4164 21 5
4165 5 66
4166 61 24
4167 27 15
4168 2 65
4169 69 24
4170 4 6
4171 60 38
4172 60 46
4173 14 34
4174 55 79
4175 24 53
4176 28 15
4177 75 43
4178 37 14
4179 62 76
4180 53 68
4181 52 79
4182 37 22
4183 61 38
4184 55 43
4185 6 28
4186 11 0
4187 8 56
4188 56 72
4189 29 29
4190 57 35
4191 53 69
4192 13 16
4193 68 18
4194 50 68
4195 27 15
4196 53 68
4197 67 18
4198 73 31
4199 44 38
4200 75 59
4201 13 17
4202 7 27
4203 25 74
4204 4 7
4205 19 35
4206 20 5
4207 4 40
4208 63 29
4209 29 32
4210 10 49
4211 56 6
4212 44 39
4213 61 20
4214 38 22
4215 33 8
4216 32 25
4217 48 73
4218 33 30
4219 29 28
4220 77 72
4221 68 18
4222 74 31
4223 76 11
4224 31 25
4225 23 36
4226 61 76
4227 69 23
4228 37 22
4229 24 52
4230 46 31
4231 13 59
4232 44 38
4233 65 31
4234 63 28
4235 57 6
4236 42 76
4237 4 35
4238 23 35
4239 14 59
4240 44 39
4241 11 1
4242 68 31
4243 24 79
4244 56 54
4245 60 38
4246 60 45
4247 75 40
4248 75 11
4249 55 44
4250 33 7
4251 5 28
4252 3 40
4253 11 0
4254 50 67
4255 67 18
4256 14 7
4257 51 55
4258 55 43
4259 62 24
4260 38 66
4261 10 38
4262 4 43
4263 11 49
4264 32 25
4265 7 26
4266 29 21
4267 75 42
4268 39 26
4269 11 1
4270 24 53
4271 37 13
4272 27 71
4273 62 76
4274 9 33
4275 61 24
4276 68 37
4277 41 76
4278 57 34
4279 46 30
4280 4 53
4281 33 8
4282 45 27
4283 65 32
4284 29 29
4285 12 40
4286 4 44
4287 4 40
4288 44 38
4289 33 29
4290 62 24
4291 52 1
4292 46 31
4293 23 36
4294 50 35
4295 36 29
4296 28 15
4297 44 39
4298 51 1
4299 3 67
4300 15 34
4301 8 55
4302 61 24
4303 76 72
4304 44 38
4305 14 75
4306 2 64
4307 63 29
4308 50 68
4309 13 59
4310 50 67
4311 39 27
4312 41 0
4313 33 30
4314 24 52
4315 40 0
4316 16 33
4317 17 16
4318 40 31
4319 76 11
4320 51 56
4321 19 36
4322 73 31
4323 37 66
4324 23 35
4325 55 72
4326 40 30
4327 19 35
4328 24 13
4329 4 6
4330 75 60
4331 10 79
4332 56 72
4333 65 22
4334 23 36
4335 2 67
4336 38 22
4337 75 11
4338 9 34
4339 14 59
4340 55 72
4341 33 29
4342 17 57
4343 76 11
4344 16 25
4345 2 65
4346 63 50
4347 17 56
4348 16 16
4349 52 78
4350 1 45
4351 70 29
4352 53 11
4353 40 31
4354 50 68
4355 47 26
4356 6 28
4357 37 14
4358 25 73
4359 75 59
4360 15 72
4361 60 46
4362 39 70
4363 68 18
4364 69 24
4365 13 40
4366 12 40
4367 54 30
4368 13 40
4369 42 76
4370 56 72
4371 46 27
4372 8 56
4373 4 7
4374 17 41
4375 61 21
4376 2 64
4377 42 62
4378 11 38
4379 56 79
4380 14 76
4381 3 40
4382 55 44
4383 54 11
4384 70 30
4385 44 39
4386 72 25
4387 56 6
4388 28 21
4389 61 38
4390 7 27
4391 40 30
4392 51 55
4393 39 71
4394 47 73
4395 68 32
4396 78 35
4397 41 76
4398 55 79
4399 52 79
4400 29 33
4401 53 69
4402 12 40
4403 58 57
4404 69 23
4405 14 72
4406 9 33
4407 56 79
4408 24 14
4409 13 16
4410 24 53
4411 53 11
4412 65 31
4413 56 55
4414 0 45
4415 75 60
4416 44 38
4417 4 6
4418 24 52
4419 37 13
4420 10 49
4421 48 26
4422 8 55
4423 37 22
4424 5 28
4425 56 54
4426 51 56
4427 76 40
4428 50 67
4429 55 79
4430 56 55
4431 75 40
4432 58 58
4433 53 68
4434 1 45
4435 25 74
4436 65 23
4437 46 30
4438 58 57
4439 31 25
4440 17 57
4441 69 24
4442 63 51
4443 61 20
4444 69 23
4445 53 69
4446 78 34
4447 60 45
4448 69 24
4449 17 56
4450 8 56
4451 41 0
4452 72 26
4453 29 28
4454 63 28
4455 63 29
4456 56 77
4457 29 32
4458 75 11
4459 10 38
4460 60 46
4461 0 45
4462 3 67
4463 13 17
4464 55 72
4465 53 68
4466 69 23
4467 56 76
4468 62 24
4469 15 72
4470 4 40
4471 27 70
4472 42 46
4473 14 8
4474 56 79
4475 13 59
4476 72 25
4477 61 24
4478 50 68
4479 74 31
4480 46 31
4481 52 78
4482 61 21
4483 53 30
4484 56 54
4485 14 59
4486 52 1
4487 75 43
4488 69 24
4489 2 65
4490 37 14
4491 69 23
4492 27 15
4493 58 58
4494 78 35
4495 45 27
4496 68 31
4497 8 55
4498 42 63
4499 61 76
4500 38 22
4501 75 59
4502 60 38
4503 68 32
4504 29 29
4505 51 66
4506 3 53
4507 21 5
4508 9 34
4509 56 72
4510 3 40
4511 75 60
4512 37 22
4513 7 26
4514 76 11
4515 67 37
4516 17 16
4517 15 44
4518 63 28
4519 72 26
4520 29 28
4521 56 77
4522 28 15
4523 1 45
4524 48 73
4525 17 57
4526 29 21
4527 14 34
4528 7 27
4529 67 18
4530 11 0
4531 65 22
4532 4 43
4533 76 40
4534 2 64
4535 47 26
4536 9 33
4537 48 26
4538 4 44
4539 72 25
4540 32 25
4541 61 38
4542 20 5
4543 2 67
4544 65 32
4545 7 26
4546 39 26
4547 63 29
4548 38 22
4549 17 56
4550 62 76
4551 65 23
4552 7 27
4553 9 79
4554 46 30
4555 52 79
4556 39 70
4557 29 33
4558 13 59
4559 51 55
4560 27 71
4561 24 53
4562 5 65
4563 63 28
4564 54 30
4565 4 40
4566 75 40
4567 63 29
4568 41 46
4569 57 6
4570 3 67
4571 56 55
4572 28 21
4573 37 13
4574 46 31
4575 23 35
4576 73 31
4577 47 26
4578 53 30
4579 0 45
4580 56 76
4581 65 31
4582 33 30
4583 68 18
4584 17 40
4585 56 77
4586 4 7
4587 14 72
4588 58 57
4589 25 73
4590 2 67
4591 48 26
4592 46 30
4593 78 34
4594 70 29
4595 15 25
4596 29 32
4597 47 73
4598 4 43
4599 75 42
4600 60 38
4601 1 45
4602 65 32
4603 65 31
4604 3 67
4605 11 38
4606 55 43
4607 72 26
4608 11 1
4609 2 67
4610 10 38
4611 13 16
4612 55 79
4613 51 56
4614 16 25
4615 29 29
4616 55 44
4617 16 32
4618 29 33
4619 17 41
4620 4 6
4621 69 24
4622 24 78
4623 15 25
4624 6 28
4625 3 40
4626 10 79
4627 11 38
4628 57 35
4629 5 28
4630 53 69
4631 19 36
4632 56 54
4633 52 78
4634 56 76
4635 63 50
4636 46 27
4637 58 58
4638 52 79
4639 56 79
4640 55 79
4641 75 43
4642 60 45
4643 74 31
4644 3 35
4645 2 65
4646 75 59
4647 62 24
4648 29 28
4649 37 22
4650 50 67
4651 15 72
4652 38 66
4653 15 34
4654 52 78
4655 63 28
4656 61 76
4657 29 21
4658 4 7
4659 6 28
4660 14 72
4661 8 56
4662 46 31
4663 8 55
4664 75 11
4665 60 46
4666 78 35
4667 28 21
4668 48 73
4669 40 31
4670 4 6
4671 2 64
4672 51 55
4673 8 56
4674 57 34
4675 11 0
4676 52 79
4677 42 46
4678 4 40
4679 55 72
4680 13 40
4681 70 30
4682 40 30
4683 68 37
4684 12 40
4685 14 59
4686 27 70
4687 45 27
4688 52 78
4689 56 79
4690 13 59
4691 78 34
4692 19 35
4693 13 17
4694 44 39
4695 75 60
4696 13 40
4697 63 29
4698 14 7
4699 3 40
4700 56 55
4701 12 40
4702 70 29
4703 56 54
4704 47 73
4705 17 40
4706 2 65
4707 17 41
4708 54 30
4709 76 11
4710 72 25
4711 14 75
4712 51 35
4713 60 45
4714 46 27
4715 9 79
4716 65 32
4717 54 11
4718 75 11
4719 17 40
4720 24 52
4721 53 11
4722 4 53
4723 17 41
4724 14 34
4725 65 31
4726 69 23
4727 44 38
4728 8 55
4729 29 21
4730 55 79
4731 72 26
4732 4 44
4733 56 6
4734 9 34
4735 42 76
4736 61 24
4737 24 13
4738 77 72
4739 27 71
4740 10 38
4741 11 49
4742 2 64
4743 28 21
4744 50 68
4745 24 53
4746 5 28
4747 41 46
4748 37 66
4749 29 29
4750 63 28
4751 15 34
4752 38 66
4753 57 35
4754 4 43
4755 55 43
4756 51 56
4757 10 49
4758 42 62
4759 29 21
4760 51 1
4761 5 66
4762 62 76
4763 65 22
4764 47 26
4765 28 21
4766 45 27
4767 14 59
4768 51 55
4769 57 6
4770 16 16
4771 65 32
4772 24 52
4773 46 27
4774 11 38
4775 10 38
4776 63 29
4777 4 7
4778 50 35
4779 58 57
4780 48 26
4781 70 30
4782 62 24
4783 23 36
4784 40 31
4785 61 24
4786 9 33
4787 14 8
4788 4 44
4789 62 24
4790 17 57
4791 57 34
4792 60 46
4793 76 72
4794 42 63
4795 56 55
4796 61 20
4797 38 22
4798 17 16
4799 42 46
4800 75 42
4801 16 33
4802 72 25
4803 4 6
4804 37 14
4805 67 18
4806 16 32
4807 11 1
4808 31 25
4809 48 73
4810 11 49
4811 40 0
4812 37 13
4813 29 32
4814 15 43
4815 24 14
4816 75 43
4817 40 30
4818 55 44
4819 27 15
4820 21 5
4821 32 25
4822 68 18
4823 39 71
4824 14 34
4825 8 56
4826 37 14
4827 51 65
4828 11 38
4829 27 70
4830 10 79
4831 73 31
4832 24 79
4833 37 22
4834 61 21
4835 36 28
4836 3 53
4837 36 29
4838 70 29
4839 16 33
4840 13 16
4841 8 55
4842 31 25
4843 45 27
4844 53 30
4845 16 32
4846 74 31
4847 75 42
4848 60 45
4849 36 28
4850 14 7
4851 9 34
4852 39 27
4853 39 70
4854 61 20
4855 55 43
4856 42 62
4857 19 36
4858 13 40
4859 68 31
4860 15 72
4861 25 74
4862 23 35
4863 51 35
4864 57 35
4865 7 26
4866 77 72
4867 16 25
4868 40 31
4869 5 65
4870 50 67
4871 41 76
4872 2 65
4873 39 71
4874 47 26
4875 48 26
4876 39 26
4877 53 68
4878 29 28
4879 24 78
4880 47 26
4881 69 24
4882 38 22
4883 50 68
4884 39 27
4885 65 31
4886 27 71
4887 55 44
4888 12 40
4889 10 38
4890 16 16
4891 63 28
4892 37 66
4893 24 79
4894 75 43
4895 67 18
4896 7 27
4897 68 32
4898 4 7
4899 76 72
4900 36 29
4901 7 26
4902 17 40
4903 46 30
4904 40 30
4905 56 79
4906 65 32
4907 4 53
4908 37 22
4909 41 46
4910 8 56
4911 33 7
4912 3 53
4913 3 67
4914 14 8
4915 76 11
4916 69 23
4917 70 30
4918 5 66
4919 5 65
4920 60 46
4921 51 66
4922 9 33
4923 10 49
4924 37 13
4925 29 33
4926 78 35
4927 15 34
4928 24 13
4929 4 40
4930 16 33
4931 17 41
4932 72 26
4933 63 29
4934 17 56
4935 67 37
4936 14 76
4937 11 38
4938 76 40
4939 50 35
4940 14 75
4941 39 26
4942 39 27
4943 15 44
4944 65 23
4945 75 42
4946 17 16
4947 40 31
4948 6 28
4949 60 45
4950 55 43
4951 68 18
4952 10 38
4953 27 70
4954 46 27
4955 3 40
4956 17 57
4957 9 34
4958 19 35
4959 78 34
4960 4 43
4961 67 18
4962 24 14
4963 7 27
4964 11 49
4965 13 17
4966 38 22
4967 42 46
4968 33 8
4969 4 6
4970 41 0
4971 5 66
4972 57 34
4973 65 22
4974 29 32
4975 47 73
4976 44 39
4977 24 78
4978 63 28
4979 56 6
4980 42 63
4981 4 35
4982 5 28
4983 56 54
4984 39 26
4985 68 31
4986 65 31
4987 55 44
4988 48 26
4989 37 14
4990 14 7
4991 10 49
4992 68 32
4993 17 56
4994 2 64
4995 20 5
4996 14 34
4997 3 35
4998 75 43
4999 8 55
5000 47 26
5001 68 31
5002 42 76
5003 57 35
5004 51 65
5005 0 45
5006 7 26
5007 61 24
5008 73 31
5009 51 56
5010 51 66
5011 19 36
5012 56 77
5013 51 35
5014 56 55
5015 58 58
5016 4 44
5017 68 32
5018 33 7
5019 16 16
5020 61 76
5021 53 69
5022 40 0
5023 17 40
5024 52 79
5025 39 27
5026 4 35
5027 2 65
5028 7 27
5029 50 67
5030 3 35
5031 23 36
5032 55 43
5033 46 31
5034 77 72
5035 1 45
5036 13 40
5037 61 21
5038 69 24
5039 8 56
5040 52 1
5041 55 44
5042 38 66
5043 50 68
5044 74 31
5045 75 42
5046 48 73
5047 45 27
5048 54 30
5049 76 72
5050 0 45
5051 32 25
5052 46 27
5053 56 76
5054 41 0
5055 53 30
5056 4 40
5057 28 15
5058 5 65
5059 55 43
5060 37 22
5061 45 27
5062 14 76
5063 11 38
5064 75 59
5065 4 53
5066 73 31
5067 75 60
5068 4 7
5069 60 46
5070 17 57
5071 54 30
5072 33 29
5073 63 51
5074 29 21
5075 75 59
5076 16 32
5077 2 64
5078 63 50
5079 56 77
5080 75 43
5081 69 23
5082 38 22
5083 69 24
5084 19 35
5085 72 25
5086 10 38
5087 11 38
5088 12 40
5089 17 41
5090 44 38
5091 16 33
5092 61 20
5093 21 5
5094 41 46
5095 61 38
5096 37 13
5097 41 76
5098 50 35
5099 56 54
5100 51 35
5101 25 73
5102 9 33
5103 15 43
5104 63 51
5105 72 26
5106 75 11
5107 13 40
5108 13 59
5109 3 40
5110 56 72
5111 37 22
5112 65 23
5113 75 42
5114 55 72
5115 47 73
5116 6 28
5117 24 79
5118 16 32
5119 70 29
5120 74 31
5121 31 25
5122 50 35
5123 14 72
5124 4 35
5125 4 6
5126 33 8
5127 33 30
5128 9 34
5129 68 37
5130 19 36
5131 24 78
5132 51 55
5133 23 35
5134 36 28
5135 62 76
5136 70 30
5137 65 22
5138 57 34
5139 57 35
5140 75 60
5141 10 38
5142 16 33
5143 9 33
5144 73 31
5145 56 55
5146 8 55
5147 74 31
5148 60 45
5149 57 34
5150 72 25
5151 11 0
5152 32 25
5153 31 25
5154 5 28
5155 75 40
5156 4 7
5157 50 67
5158 39 70
5159 3 53
5160 60 38
5161 40 0
5162 1 45
5163 63 50
5164 12 40
5165 38 22
5166 2 67
5167 33 29
5168 11 38
5169 60 46
5170 15 34
5171 61 21
5172 78 35
5173 37 22
5174 61 20
5175 33 7
5176 76 40
5177 46 27
5178 17 40
5179 61 38
5180 44 39
5181 77 72
5182 55 44
5183 15 44
5184 57 35
5185 17 16
5186 51 65
5187 46 30
5188 39 71
5189 62 24
5190 32 25
5191 24 53
5192 11 1
5193 5 66
5194 51 56
5195 16 16
5196 29 29
5197 10 38
5198 42 62
5199 48 26
5200 23 36
5201 76 11
5202 8 56
5203 2 65
5204 27 15
5205 41 0
5206 68 18
5207 78 34
5208 4 40
5209 56 72
5210 50 68
5211 29 33
5212 63 51
5213 8 55
5214 16 32
5215 38 22
5216 42 46
5217 52 78
5218 33 30
5219 3 67
5220 28 15
5221 15 25
5222 56 76
5223 4 43
5224 37 14
5225 4 53
5226 56 77
5227 8 56
5228 78 35
5229 14 8
5230 48 73
5231 6 28
5232 0 45
5233 42 63
5234 14 7
5235 52 79
5236 29 32
5237 17 41
5238 75 11
5239 51 1
5240 56 76
5241 67 37
5242 40 0
5243 5 65
5244 55 79
5245 31 25
5246 73 31
5247 47 26
5248 17 16
5249 41 46
5250 61 76
5251 39 70
5252 14 8
5253 56 54
5254 55 43
5255 2 64
5256 75 59
5257 28 21
5258 75 60
5259 52 78
5260 3 40
5261 48 26
5262 27 71
5263 37 13
5264 68 31
5265 53 30
5266 44 38
5267 4 40
5268 14 7
5269 29 28
5270 65 23
5271 68 32
5272 17 40
5273 63 29
5274 75 59
5275 65 32
5276 68 31
5277 63 50
5278 36 29
5279 75 40
5280 76 11
5281 41 0
5282 9 34
5283 47 26
5284 46 31
5285 42 62
5286 5 28
5287 11 0
5288 68 32
5289 52 79
5290 46 30
5291 14 8
5292 53 68
5293 16 25
5294 54 30
5295 6 28
5296 52 78
5297 75 43
5298 23 35
5299 37 66
5300 8 55
5301 70 29
5302 42 46
5303 19 35
5304 29 29
5305 3 53
5306 61 24
5307 38 66
5308 5 28
5309 29 21
5310 40 30
5311 9 79
5312 62 76
5313 2 65
5314 32 25
5315 44 39
5316 13 40
5317 52 79
5318 53 69
5319 75 60
5320 5 66
5321 42 63
5322 13 16
5323 5 65
5324 36 28
5325 41 46
5326 14 75
5327 25 74
5328 40 31
5329 15 72
5330 24 79
5331 17 56
5332 33 8
5333 61 21
5334 29 28
5335 25 73
5336 42 62
5337 2 67
5338 39 71
5339 76 40
5340 47 73
5341 75 40
5342 58 57
5343 56 55
5344 40 0
5345 63 51
5346 14 7
5347 48 26
5348 14 34
5349 42 63
5350 48 73
5351 52 78
5352 37 14
5353 61 20
5354 25 74
5355 14 59
5356 4 53
5357 37 13
5358 15 34
5359 3 67
5360 65 22
5361 24 78
5362 15 25
5363 24 79
5364 4 44
5365 4 6
5366 13 59
5367 69 23
5368 14 76
5369 63 50
5370 51 35
5371 53 30
5372 67 18
5373 7 26
5374 56 77
5375 76 72
5376 16 33
5377 61 76
5378 57 6
5379 53 68
5380 11 38
5381 54 11
5382 60 45
5383 51 66
5384 10 38
5385 20 5
5386 62 76
5387 28 21
5388 54 30
5389 61 76
5390 29 29
5391 51 65
5392 75 11
5393 11 1
5394 37 66
5395 8 56
5396 8 55
5397 2 64
5398 53 11
5399 16 32
5400 21 5
5401 14 59
5402 76 40
5403 2 67
5404 42 46
5405 15 43
5406 63 51
5407 20 5
5408 36 29
5409 68 31
5410 1 45
5411 31 25
5412 65 31
5413 65 23
5414 16 33
5415 77 72
5416 14 34
5417 54 11
5418 23 36
5419 13 17
5420 53 30
5421 56 76
5422 38 66
5423 39 26
5424 46 31
5425 47 73
5426 72 26
5427 11 0
5428 76 11
5429 42 76
5430 50 35
5431 68 37
5432 14 75
5433 37 14
5434 78 34
5435 32 25
5436 56 6
5437 72 25
5438 70 30
5439 36 28
5440 63 28
5441 33 29
5442 53 11
5443 3 67
5444 58 58
5445 27 70
5446 68 18
5447 75 11
5448 29 21
5449 50 67
5450 61 21
5451 23 35
5452 8 56
5453 7 27
5454 15 44
5455 23 36
5456 37 66
5457 67 37
5458 11 49
5459 42 62
5460 2 67
5461 57 6
5462 17 57
5463 39 27
5464 78 35
5465 14 8
5466 14 72
5467 3 40
5468 56 6
5469 55 72
5470 25 73
5471 19 36
5472 51 35
5473 57 34
5474 46 30
5475 51 66
5476 17 41
5477 6 28
5478 40 30
5479 5 28
5480 41 46
5481 15 43
5482 76 72
5483 41 76
5484 39 70
5485 0 45
5486 56 72
5487 37 13
5488 19 35
5489 24 52
5490 10 49
5491 1 45
5492 61 20
5493 55 72
5494 9 33
5495 24 78
5496 77 72
5497 63 50
5498 60 46
5499 47 26
5500 54 11
5501 4 40
5502 76 11
5503 9 34
5504 13 59
5505 69 24
5506 3 53
5507 65 22
5508 19 36
5509 24 79
5510 70 29
5511 53 69
5512 70 30
5513 3 35
5514 65 23
5515 23 35
5516 3 40
5517 23 36
5518 41 0
5519 53 68
5520 58 57
5521 65 22
5522 4 53
5523 74 31
5524 5 66
5525 40 31
5526 55 44
5527 19 35
5528 5 65
5529 73 31
5530 14 59
5531 56 54
5532 2 65
5533 24 78
5534 36 29
5535 11 38
5536 39 71
5537 52 1
5538 78 34
5539 60 45
5540 28 21
5541 0 45
5542 27 15
5543 11 1
5544 10 38
5545 31 25
5546 2 64
5547 51 1
5548 10 79
5549 2 65
5550 52 79
5551 9 79
5552 3 53
5553 42 63
5554 24 53
5555 24 13
5556 4 53
5557 76 72
5558 24 52
5559 4 43
5560 48 73
5561 21 5
5562 29 21
5563 20 5
5564 28 15
5565 60 46
5566 15 72
5567 5 66
5568 3 53
5569 53 69
5570 39 26
5571 69 23
5572 24 14
5573 42 46
5574 33 7
5575 70 29
5576 8 55
5577 27 15
5578 45 27
5579 15 44
5580 53 11
5581 19 36
5582 8 56
5583 32 25
5584 3 67
5585 51 55
5586 48 26
5587 25 74
5588 57 6
5589 12 40
5590 75 59
5591 14 72
5592 21 5
5593 31 25
5594 29 33
5595 60 45
5596 50 35
5597 56 6
5598 54 30
5599 68 37
5600 42 76
5601 54 11
5602 41 76
5603 33 30
5604 67 37
5605 75 60
5606 16 25
5607 13 16
5608 2 64
5609 46 27
5610 62 24
5611 29 32
5612 51 56
5613 55 43
5614 24 53
5615 65 23
5616 4 44
5617 55 44
5618 16 16
5619 17 40
5620 40 0
5621 72 26
5622 13 17
5623 25 73
5624 15 34
5625 4 7
5626 6 28
5627 17 56
5628 15 72
5629 67 18
5630 56 55
5631 74 31
5632 63 51
5633 38 66
5634 41 46
5635 33 29
5636 51 55
5637 47 26
5638 13 40
5639 63 29
5640 75 11
5641 51 56
5642 28 21
5643 47 73
5644 14 7
5645 16 32
5646 61 24
5647 24 79
5648 17 57
5649 5 65
5650 14 72
5651 4 43
5652 62 24
5653 37 22
5654 24 13
5655 56 72
5656 40 30
5657 75 59
5658 57 6
5659 36 28
5660 12 40
5661 19 35
5662 15 43
5663 52 1
5664 63 28
5665 37 14
5666 53 11
5667 56 6
5668 28 15
5669 41 0
5670 4 53
5671 11 49
5672 4 40
5673 23 35
5674 39 27
5675 63 29
5676 56 77
5677 75 40
5678 51 65
5679 29 21
5680 56 76
5681 25 74
5682 65 32
5683 61 24
5684 54 11
5685 62 76
5686 39 26
5687 51 66
5688 55 72
5689 57 6
5690 53 68
5691 23 36
5692 5 66
5693 42 76
5694 60 46
5695 70 30
5696 8 55
5697 76 11
5698 19 36
5699 48 73
5700 46 31
5701 65 31
5702 39 70
5703 27 71
5704 37 66
5705 65 32
5706 39 71
5707 13 59
5708 5 28
5709 9 33
5710 63 28
5711 47 73
5712 63 50
5713 56 79
5714 23 35
5715 70 29
5716 61 21
5717 37 13
5718 33 30
5719 16 33
5720 40 0
5721 76 40
5722 6 28
5723 61 20
5724 57 35
5725 2 67
5726 13 16
5727 44 38
5728 27 15
5729 63 51
5730 23 36
5731 29 28
5732 53 30
5733 38 22
5734 10 79
5735 68 32
5736 13 40
5737 9 79
5738 17 56
5739 4 35
5740 2 65
5741 44 39
5742 17 57
5743 28 21
5744 60 45
5745 20 5
5746 51 55
5747 53 69
5748 5 65
5749 39 70
5750 24 14
5751 25 73
5752 3 67
5753 25 74
5754 51 1
5755 68 37
5756 17 56
5757 50 68
5758 17 41
5759 72 25
5760 33 29
5761 10 49
5762 28 15
5763 14 59
5764 40 31
5765 32 25
5766 3 40
5767 11 49
5768 51 56
5769 75 42
5770 24 13
5771 42 62
5772 56 77
5773 65 22
5774 4 40
5775 21 5
5776 16 32
5777 56 6
5778 10 49
5779 17 16
5780 36 29
5781 52 1
5782 73 31
5783 27 70
5784 11 38
5785 48 73
5786 47 73
5787 27 71
5788 7 26
5789 57 34
5790 77 72
5791 65 23
5792 27 15
5793 76 72
5794 56 54
5795 68 31
5796 48 73
5797 24 78
5798 41 0
5799 51 1
5800 15 72
5801 75 40
5802 65 22
5803 68 18
5804 3 35
5805 14 8
5806 77 72
5807 62 24
5808 3 40
5809 10 79
5810 13 59
5811 44 38
5812 65 23
5813 12 40
5814 76 72
5815 24 52
5816 4 35
5817 24 79
5818 13 17
5819 16 33
5820 15 44
5821 57 6
5822 40 0
5823 9 79
5824 16 16
5825 39 27
5826 65 31
5827 3 35
5828 5 66
5829 17 57
5830 14 7
5831 14 8
5832 63 29
5833 58 58
5834 17 40
5835 51 35
5836 39 71
5837 14 7
5838 20 5
5839 56 6
5840 58 57
5841 45 27
5842 48 26
5843 53 11
5844 29 21
5845 75 43
5846 56 76
5847 41 0
5848 70 30
5849 11 0
5850 1 45
5851 17 41
5852 60 46
5853 40 30
5854 17 56
5855 76 40
5856 40 0
5857 13 16
5858 69 24
5859 13 17
5860 39 70
5861 0 45
5862 38 66
5863 50 67
5864 58 58
5865 14 76
5866 57 35
5867 67 18
5868 28 15
5869 17 16
5870 75 40
5871 57 34
5872 55 79
5873 76 40
5874 55 43
5875 46 27
5876 60 38
5877 75 42
5878 63 28
5879 36 28
5880 21 5
5881 41 0
5882 8 56
5883 24 78
5884 13 40
5885 36 29
5886 7 27
5887 14 8
5888 15 25
5889 61 21
5890 14 72
5891 29 33
5892 53 68
5893 50 35
5894 27 15
5895 75 43
5896 15 43
5897 56 55
5898 9 34
5899 10 79
5900 4 6
5901 61 76
5902 78 35
5903 52 1
5904 51 65
5905 39 26
5906 75 40
5907 19 35
5908 61 20
5909 40 0
5910 9 33
5911 5 65
5912 56 72
5913 46 30
5914 42 46
5915 58 57
5916 68 18
5917 5 66
5918 42 63
5919 70 29
5920 74 31
5921 51 55
5922 47 26
5923 15 44
5924 14 34
5925 56 54
5926 77 72
5927 57 6
5928 56 6
5929 33 8
5930 52 78
5931 5 28
5932 37 14
5933 41 46
5934 42 46
5935 24 53
5936 53 69
5937 60 45
5938 9 34
5939 51 1
5940 8 55
5941 40 31
5942 31 25
5943 61 24
5944 14 7
5945 1 45
5946 15 43
5947 17 40
5948 48 26
5949 16 25
5950 39 71
5951 61 21
5952 3 53
5953 16 16
5954 2 67
5955 60 46
5956 14 59
5957 15 25
5958 25 73
5959 45 27
5960 47 26
5961 73 31
5962 47 73
5963 9 33
5964 39 27
5965 69 23
5966 70 30
5967 53 68
5968 74 31
5969 54 11
5970 12 40
5971 76 40
5972 46 31
5973 60 45
5974 46 30
5975 11 1
5976 4 53
5977 36 28
5978 73 31
5979 4 44
5980 4 43
5981 60 46
5982 56 55
5983 61 38
5984 0 45
5985 24 79
5986 33 7
5987 48 26
5988 52 79
5989 67 18
5990 23 35
5991 27 70
5992 7 26
5993 5 65
5994 55 44
5995 68 18
5996 39 70
5997 2 64
5998 58 58
5999 75 60
6000 56 79
6001 46 27
6002 56 77
6003 75 11
6004 24 14
6005 57 6
6006 3 53
6007 51 56
6008 57 35
6009 29 29
6010 33 8
6011 47 26
6012 44 39
6013 58 57
6014 78 34
6015 63 50
6016 67 37
6017 15 44
6018 70 29
6019 19 36
6020 68 37
6021 9 34
6022 28 15
6023 29 32
6024 4 53
6025 10 38
6026 33 30
6027 24 52
6028 36 29
6029 9 33
6030 14 75
6031 27 15
6032 29 33
6033 24 78
6034 53 11
6035 2 65
6036 25 74
6037 41 46
6038 15 34
6039 11 0
6040 37 22
6041 48 26
6042 62 76
6043 8 56
6044 4 40
6045 6 28
6046 39 71
6047 51 55
6048 20 5
6049 21 5
6050 57 34
6051 13 59
6052 17 16
6053 51 35
6054 38 22
6055 58 58
6056 4 7
6057 14 59
6058 56 6
6059 16 16
6060 54 11
6061 25 73
6062 60 38
6063 9 79
6064 72 26
6065 50 68
6066 14 34
6067 67 18
6068 13 59
6069 13 40
6070 45 27
6071 15 34
6072 14 8
6073 17 16
6074 17 41
6075 14 59
6076 15 43
6077 55 79
6078 75 59
6079 68 32
6080 3 67
6081 68 18
6082 17 57
6083 11 1
6084 23 36
6085 52 78
6086 1 45
6087 23 35
6088 53 69
6089 5 28
6090 6 28
6091 61 76
6092 62 76
6093 53 68
6094 15 72
6095 60 45
6096 37 13
6097 50 67
6098 11 38
6099 53 11
6100 61 20
6101 16 25
6102 52 79
6103 53 69
6104 5 66
6105 14 76
6106 37 66
6107 11 0
6108 47 26
6109 15 25
6110 15 44
6111 46 31
6112 37 14
6113 42 62
6114 67 37
6115 75 60
6116 25 74
6117 75 59
6118 0 45
6119 61 76
6120 23 36
6121 32 25
6122 27 71
6123 8 55
6124 38 66
6125 14 34
6126 23 35
6127 63 51
6128 4 44
6129 11 1
6130 33 7
6131 9 34
6132 56 54
6133 27 70
6134 58 57
6135 39 26
6136 63 50
6137 37 66
6138 12 40
6139 55 43
6140 74 31
6141 62 76
6142 3 53
6143 13 40
6144 76 11
6145 8 56
6146 42 46
6147 55 44
6148 37 13
6149 17 56
6150 15 43
6151 37 14
6152 57 35
6153 60 46
6154 4 43
6155 12 40
6156 29 32
6157 52 78
6158 1 45
6159 73 31
6160 74 31
6161 61 76
6162 78 35
6163 8 55
6164 13 59
6165 39 70
6166 24 79
6167 15 44
6168 40 30
6169 75 42
6170 75 40
6171 56 79
6172 65 32
6173 46 27
6174 67 18
6175 73 31
6176 28 15
6177 54 11
6178 4 6
6179 5 65
6180 57 6
6181 11 0
6182 60 45
6183 57 34
6184 29 33
6185 13 40
6186 48 26
6187 75 60
6188 2 67
6189 52 1
6190 74 31
6191 36 28
6192 13 16
6193 61 38
6194 47 26
6195 53 11
6196 51 66
6197 4 35
6198 3 40
6199 11 49
6200 54 11
6201 14 75
6202 7 27
6203 39 27
6204 4 44
6205 27 71
6206 33 8
6207 14 7
6208 37 22
6209 48 26
6210 4 43
6211 10 79
6212 57 35
6213 14 72
6214 58 58
6215 41 46
6216 54 30
6217 17 57
6218 62 76
6219 47 26
6220 17 56
6221 38 66
6222 53 68
6223 56 6
6224 2 64
6225 41 0
6226 73 31
6227 75 11
6228 39 71
6229 13 17
6230 51 1
6231 24 53
6232 37 13
6233 42 63
6234 25 73
6235 4 44
6236 52 1
6237 41 76
6238 4 43
6239 4 40
6240 33 29
6241 39 70
6242 37 14
6243 61 21
6244 24 13
6245 14 59
6246 17 57
6247 53 30
6248 39 26
6249 11 1
6250 76 11
6251 53 69
6252 15 34
6253 68 31
6254 56 76
6255 57 6
6256 42 46
6257 10 38
6258 12 40
6259 17 40
6260 38 22
6261 10 49
6262 62 24
6263 60 38
6264 74 31
6265 9 33
6266 13 40
6267 68 32
6268 9 34
6269 4 7
6270 39 27
6271 57 34
6272 42 62
6273 14 34
6274 48 26
6275 48 73
6276 33 7
6277 5 66
6278 55 72
6279 4 53
6280 41 46
6281 15 34
6282 70 30
6283 60 46
6284 51 56
6285 28 21
6286 65 22
6287 29 28
6288 24 52
6289 72 25
6290 65 23
6291 56 6
6292 51 1
6293 17 56
6294 0 45
6295 4 44
6296 5 28
6297 42 76
6298 68 18
6299 51 55
6300 27 15
6301 33 8
6302 41 76
6303 61 20
6304 12 40
6305 29 21
6306 45 27
6307 51 56
6308 52 1
6309 68 37
6310 58 57
6311 47 73
6312 27 70
6313 75 59
6314 36 29
6315 8 56
6316 3 40
6317 14 8
6318 4 43
6319 9 33
6320 3 67
6321 24 78
6322 51 1
6323 75 43
6324 8 55
6325 39 26
6326 75 11
6327 63 51
6328 17 41
6329 67 18
6330 47 26
6331 11 49
6332 29 29
6333 11 38
6334 52 79
6335 2 67
6336 69 24
6337 76 72
6338 15 43
6339 48 73
6340 44 38
6341 37 13
6342 67 37
6343 76 11
6344 9 34
6345 24 14
6346 61 38
6347 52 1
6348 29 32
6349 28 21
6350 37 14
6351 25 74
6352 15 72
6353 56 72
6354 14 72
6355 33 7
6356 37 66
6357 2 65
6358 6 28
6359 75 11
6360 4 6
6361 50 68
6362 33 30
6363 68 37
6364 40 0
6365 68 18
6366 63 29
6367 10 49
6368 67 18
6369 61 76
6370 65 22
6371 38 66
6372 70 29
6373 31 25
6374 53 11
6375 60 45
6376 53 68
6377 5 28
6378 63 50
6379 4 44
6380 28 15
6381 24 13
6382 37 13
6383 27 15
6384 56 55
6385 37 22
6386 4 7
6387 75 42
6388 76 40
6389 4 43
6390 29 21
6391 11 0
6392 14 76
6393 15 44
6394 53 69
6395 25 73
6396 16 16
6397 8 56
6398 16 32
6399 14 34
6400 24 14
6401 57 35
6402 24 79
6403 8 55
6404 54 11
6405 61 24
6406 57 34
6407 3 67
6408 15 43
6409 40 31
6410 51 1
6411 63 28
6412 7 26
6413 42 46
6414 15 72
6415 75 40
6416 41 46
6417 41 0
6418 72 26
6419 69 23
6420 38 22
6421 42 63
6422 52 78
6423 76 40
6424 69 24
6425 15 34
6426 28 21
6427 48 26
6428 55 43
6429 16 25
6430 39 71
6431 28 15
6432 15 25
6433 9 33
6434 46 30
6435 46 27
6436 16 33
6437 32 25
6438 2 67
6439 16 25
6440 60 38
6441 78 34
6442 50 67
6443 76 11
6444 44 39
6445 29 33
6446 63 51
6447 13 16
6448 62 76
6449 4 44
6450 10 38
6451 63 29
6452 14 72
6453 23 36
6454 19 35
6455 46 31
6456 40 30
6457 13 17
6458 14 34
6459 73 31
6460 67 37
6461 50 68
6462 68 18
6463 50 35
6464 77 72
6465 51 35
6466 24 53
6467 39 70
6468 17 57
6469 51 55
6470 74 31
6471 16 32
6472 7 27
6473 27 15
6474 39 71
6475 75 43
6476 70 30
6477 51 65
6478 31 25
6479 9 79
6480 45 27
6481 2 64
6482 13 40
6483 11 1
6484 14 75
6485 12 40
6486 17 56
6487 52 1
6488 37 14
6489 47 73
6490 4 40
6491 15 44
6492 11 0
6493 3 67
6494 42 76
6495 37 13
6496 24 78
6497 62 24
6498 47 26
6499 8 56
6500 8 55
6501 16 33
6502 37 14
6503 69 23
6504 68 31
6505 16 32
6506 15 25
6507 17 40
6508 75 42
6509 56 54
6510 61 21
6511 50 35
6512 5 65
6513 11 1
6514 15 34
6515 16 33
6516 14 76
6517 61 76
6518 11 0
6519 27 71
6520 40 0
6521 42 62
6522 61 20
6523 27 70
6524 70 29
6525 54 30
6526 56 77
6527 42 63
6528 24 79
6529 61 38
6530 48 26
6531 73 31
6532 13 16
6533 56 55
6534 14 34
6535 75 40
6536 4 6
6537 60 38
6538 55 44
6539 53 11
6540 75 43
6541 24 52
6542 63 28
6543 17 41
6544 56 76
6545 8 56
6546 13 17
6547 13 59
6548 4 43
6549 63 50
6550 15 34
6551 70 30
6552 15 43
6553 11 1
6554 41 76
6555 15 44
6556 7 26
6557 39 70
6558 74 31
6559 61 21
6560 23 35
6561 52 79
6562 53 30
6563 17 40
6564 11 0
6565 61 20
6566 48 73
6567 39 27
6568 37 66
6569 75 60
6570 40 31
6571 8 55
6572 36 28
6573 70 29
6574 44 38
6575 23 36
6576 39 26
6577 4 7
6578 17 57
6579 46 27
6580 44 39
6581 50 67
6582 16 32
6583 61 38
6584 44 38
6585 45 27
6586 69 24
6587 55 43
6588 29 21
6589 40 30
6590 6 28
6591 58 58
6592 36 29
6593 56 77
6594 75 59
6595 53 68
6596 42 46
6597 41 0
6598 55 79
6599 73 31
6600 63 51
6601 55 72
6602 39 27
6603 5 28
6604 17 16
6605 14 34
6606 56 54
6607 8 56
6608 3 40
6609 6 28
6610 51 1
6611 39 71
6612 54 30
6613 36 28
6614 67 18
6615 47 26
6616 27 71
6617 42 62
6618 36 29
6619 16 25
6620 14 7
6621 63 50
6622 68 37
6623 9 34
6624 13 40
6625 62 76
6626 2 67
6627 46 30
6628 33 29
6629 47 73
6630 3 53
6631 75 42
6632 4 40
6633 51 56
6634 51 66
6635 68 32
6636 46 27
6637 4 44
6638 58 57
6639 37 22
6640 54 11
6641 39 70
6642 40 31
6643 68 18
6644 52 78
6645 69 23
6646 50 68
6647 36 28
6648 67 18
6649 61 76
6650 53 69
6651 60 38
6652 8 55
6653 12 40
6654 17 56
6655 25 74
6656 36 29
6657 56 55
6658 74 31
6659 76 72
6660 53 11
6661 38 66
6662 42 76
6663 39 71
6664 11 38
6665 38 22
6666 63 51
6667 61 38
6668 7 27
6669 65 23
6670 75 43
6671 23 35
6672 23 36
6673 11 49
6674 8 56
6675 37 22
6676 37 66
6677 33 8
6678 36 28
6679 57 6
6680 39 70
6681 5 28
6682 10 79
6683 15 25
6684 4 43
6685 29 28
6686 51 55
6687 53 30
6688 70 30
6689 15 72
6690 52 1
6691 11 1
6692 3 35
6693 16 16
6694 67 37
6695 60 46
6696 61 21
6697 37 13
6698 61 20
6699 28 21
6700 68 37
6701 10 38
6702 54 30
6703 16 25
6704 65 22
6705 63 50
6706 53 30
6707 56 72
6708 19 36
6709 76 40
6710 2 65
6711 10 49
6712 63 29
6713 5 66
6714 17 57
6715 32 25
6716 60 45
6717 37 14
6718 3 40
6719 45 27
6720 75 42
6721 24 78
6722 27 70
6723 14 59
6724 50 67
6725 38 66
6726 52 79
6727 4 35
6728 57 35
6729 61 24
6730 58 58
6731 17 41
6732 15 43
6733 62 76
6734 52 78
6735 29 32
6736 46 27
6737 56 54
6738 45 27
6739 17 16
6740 42 63
6741 41 46
6742 51 56
6743 61 21
6744 65 31
6745 4 44
6746 68 18
6747 54 11
6748 61 20
6749 33 7
6750 51 35
6751 40 0
6752 75 60
6753 56 79
6754 23 35
6755 57 34
6756 55 44
6757 51 55
6758 14 75
6759 17 56
6760 15 25
6761 46 27
6762 36 29
6763 42 46
6764 15 44
6765 52 79
6766 65 32
6767 45 27
6768 67 18
6769 63 51
6770 4 43
6771 39 71
6772 65 23
6773 16 33
6774 8 55
6775 53 68
6776 65 31
6777 17 57
6778 50 68
6779 50 67
6780 51 56
6781 16 32
6782 63 50
6783 60 38
6784 20 5
6785 70 29
6786 13 40
6787 68 18
6788 51 1
6789 14 76
6790 41 76
6791 25 73
6792 61 38
6793 69 24
6794 42 76
6795 12 40
6796 33 30
6797 54 30
6798 1 45
6799 55 43
6800 48 26
6801 42 62
6802 62 24
6803 44 39
6804 60 38
6805 11 38
6806 36 28
6807 41 76
6808 57 35
6809 9 79
6810 14 8
6811 61 24
6812 48 73
6813 75 43
6814 13 59
6815 28 15
6816 56 76
6817 16 16
6818 57 34
6819 13 16
6820 47 26
6821 44 38
6822 39 70
6823 39 71
6824 14 75
6825 69 23
6826 65 22
6827 68 31
6828 77 72
6829 62 24
6830 4 6
6831 24 79
6832 27 15
6833 61 21
6834 44 39
6835 55 79
6836 10 79
6837 11 49
6838 75 59
6839 72 25
6840 4 44
6841 61 20
6842 4 40
6843 50 35
6844 4 43
6845 53 69
6846 17 16
6847 72 26
6848 41 46
6849 13 17
6850 78 35
6851 38 22
6852 55 44
6853 16 16
6854 24 53
6855 14 7
6856 10 38
6857 63 28
6858 29 29
6859 42 63
6860 14 72
6861 10 49
6862 70 30
6863 47 73
6864 13 16
6865 36 29
6866 15 72
6867 75 40
6868 42 62
6869 61 76
6870 42 76
6871 39 26
6872 4 44
6873 29 21
6874 63 51
6875 3 40
6876 62 76
6877 56 79
6878 36 28
6879 63 50
6880 53 68
6881 14 72
6882 14 76
6883 65 23
6884 68 32
6885 76 40
6886 75 60
6887 61 21
6888 28 15
6889 28 21
6890 13 40
6891 55 72
6892 41 76
6893 14 75
6894 55 79
6895 56 55
6896 9 33
6897 29 21
6898 42 46
6899 24 13
6900 15 43
6901 13 17
6902 14 59
6903 8 56
6904 40 30
6905 56 77
6906 0 45
6907 61 38
6908 40 31
6909 63 51
6910 4 40
6911 15 34
6912 75 42
6913 56 76
6914 76 72
6915 28 21
6916 41 46
6917 23 36
6918 51 35
6919 1 45
6920 17 16
6921 75 43
6922 24 14
6923 56 79
6924 65 32
6925 52 1
6926 48 73
6927 78 34
6928 17 40
6929 16 33
6930 14 76
6931 39 27
6932 8 55
6933 27 71
6934 24 52
6935 46 31
6936 27 70
6937 68 31
6938 60 38
6939 37 13
6940 39 26
6941 52 78
6942 56 54
6943 67 18
6944 0 45
6945 17 56
6946 61 38
6947 51 55
6948 48 26
6949 72 25
6950 58 57
6951 29 33
6952 14 8
6953 37 14
6954 63 50
6955 63 29
6956 3 35
6957 7 26
6958 4 7
6959 24 13
6960 6 28
6961 69 24
6962 25 74
6963 60 46
6964 56 72
6965 72 26
6966 24 14
6967 12 40
6968 11 49
6969 46 30
6970 4 35
6971 69 23
6972 75 11
6973 41 0
6974 76 11
6975 78 35
6976 67 37
6977 37 66
6978 47 26
6979 4 53
6980 65 22
6981 44 38
6982 46 27
6983 9 79
6984 58 58
6985 53 30
6986 57 35
6987 56 6
6988 33 8
6989 61 76
6990 29 32
6991 13 40
6992 27 15
6993 29 21
6994 14 7
6995 53 69
6996 61 24
6997 58 57
6998 5 28
6999 58 58
7000 56 55
7001 45 27
7002 1 45
7003 40 0
7004 16 25
7005 2 64
7006 56 77
7007 61 20
7008 21 5
7009 55 79
7010 4 6
7011 47 73
7012 77 72
7013 11 0
7014 29 33
7015 16 32
7016 57 34
7017 56 76
7018 63 28
7019 28 15
7020 10 79
7021 4 7
7022 48 73
7023 75 59
7024 69 24
7025 51 65
7026 40 30
7027 37 13
7028 60 45
7029 4 43
7030 20 5
7031 47 73
7032 75 11
7033 4 6
7034 27 15
7035 53 11
7036 42 63
7037 60 46
7038 63 51
7039 17 57
7040 72 25
7041 63 29
7042 57 35
7043 75 40
7044 48 26
7045 9 34
7046 24 53
7047 53 68
7048 8 56
7049 3 40
7050 3 53
7051 27 71
7052 4 7
7053 6 28
7054 40 31
7055 46 31
7056 78 34
7057 38 66
7058 65 31
7059 51 66
7060 17 56
7061 51 56
7062 60 45
7063 5 28
7064 68 37
7065 37 14
7066 50 68
7067 17 41
7068 68 32
7069 76 40
7070 3 67
7071 67 37
7072 23 35
7073 75 60
7074 56 77
7075 0 45
7076 73 31
7077 54 11
7078 15 44
7079 50 35
7080 62 24
7081 5 65
7082 61 21
7083 52 79
7084 51 65
7085 57 6
7086 50 67
7087 51 66
7088 28 21
7089 42 46
7090 42 76
7091 9 33
7092 75 59
7093 68 37
7094 76 72
7095 55 43
7096 29 28
7097 65 23
7098 51 35
7099 28 15
7100 42 62
7101 33 7
7102 11 38
7103 68 18
7104 33 29
7105 61 20
7106 50 35
7107 68 31
7108 36 29
7109 9 34
7110 44 39
7111 61 21
7112 10 38
7113 16 16
7114 37 22
7115 2 67
7116 15 25
7117 36 28
7118 6 28
7119 56 79
7120 21 5
7121 55 44
7122 14 34
7123 14 8
7124 1 45
7125 48 73
7126 9 79
7127 11 1
7128 4 53
7129 24 52
7130 42 63
7131 60 46
7132 8 55
7133 40 30
7134 17 40
7135 47 26
7136 53 69
7137 14 75
7138 15 43
7139 13 59
7140 27 15
7141 2 65
7142 3 35
7143 53 68
7144 51 1
7145 0 45
7146 67 18
7147 63 50
7148 75 60
7149 33 8
7150 65 22
7151 11 38
7152 61 20
7153 68 32
7154 58 57
7155 47 73
7156 67 37
7157 15 44
7158 4 40
7159 56 54
7160 24 53
7161 29 29
7162 20 5
7163 46 30
7164 21 5
7165 40 31
7166 42 62
7167 55 72
7168 19 35
7169 42 63
7170 28 15
7171 55 43
7172 63 28
7173 61 24
7174 60 45
7175 10 49
7176 15 34
7177 14 34
7178 15 72
7179 60 38
7180 68 31
7181 77 72
7182 68 18
7183 76 11
7184 56 72
7185 62 76
7186 39 70
7187 14 7
7188 37 66
7189 16 25
7190 52 78
7191 29 28
7192 24 78
7193 15 25
7194 46 27
7195 24 13
7196 24 14
7197 14 59
7198 4 44
7199 39 71
7200 60 46
7201 63 29
7202 10 38
7203 31 25
7204 24 52
7205 52 79
7206 52 1
7207 4 6
7208 45 27
7209 32 25
7210 16 25
7211 5 28
7212 75 40
7213 11 38
7214 41 0
7215 39 70
7216 41 76
7217 55 79
7218 33 30
7219 48 26
7220 75 11
7221 76 40
7222 53 69
7223 75 42
7224 47 26
7225 6 28
7226 38 66
7227 46 31
7228 38 22
7229 46 27
7230 24 53
7231 72 26
7232 65 32
7233 57 34
7234 54 30
7235 14 72
7236 67 18
7237 51 1
7238 76 11
7239 15 43
7240 56 6
7241 27 70
7242 15 34
7243 3 53
7244 53 11
7245 61 76
7246 40 30
7247 14 34
7248 42 76
7249 69 23
7250 55 44
7251 75 59
7252 51 35
7253 15 72
7254 27 15
7255 61 38
7256 29 29
7257 45 27
7258 46 27
7259 52 78
7260 13 59
7261 51 55
7262 33 7
7263 75 60
7264 29 32
7265 5 66
7266 48 26
7267 39 71
7268 9 33
7269 72 25
7270 78 35
7271 3 67
7272 20 5
7273 70 29
7274 15 34
7275 17 16
7276 4 35
7277 37 22
7278 52 79
7279 14 34
7280 12 40
7281 72 26
7282 68 32
7283 10 79
7284 62 24
7285 31 25
7286 55 72
7287 68 18
7288 75 11
7289 24 13
7290 7 27
7291 56 76
7292 53 30
7293 65 31
7294 53 68
7295 41 76
7296 13 16
7297 23 36
7298 38 22
7299 61 24
7300 27 71
7301 65 32
7302 39 70
7303 14 76
7304 15 44
7305 44 38
7306 53 69
7307 29 33
7308 62 24
7309 4 7
7310 37 22
7311 10 38
7312 75 43
7313 14 75
7314 55 43
7315 57 35
7316 36 29
7317 37 66
7318 60 38
7319 52 1
7320 24 14
7321 36 28
7322 56 55
7323 15 34
7324 67 18
7325 36 29
7326 40 31
7327 2 64
7328 8 56
7329 14 72
7330 39 71
7331 75 40
7332 32 25
7333 4 6
7334 40 30
7335 63 28
7336 38 66
7337 28 15
7338 56 72
7339 5 65
7340 44 39
7341 5 66
7342 45 27
7343 61 21
7344 3 40
7345 68 37
7346 69 24
7347 39 27
7348 29 32
7349 78 34
7350 52 78
7351 61 38
7352 33 8
7353 50 35
7354 37 66
7355 46 27
7356 29 28
7357 7 26
7358 4 7
7359 65 23
7360 16 33
7361 24 13
7362 53 68
7363 39 70
7364 7 27
7365 75 59
7366 76 40
7367 61 20
7368 5 65
7369 16 32
7370 56 77
7371 15 72
7372 36 28
7373 51 1
7374 14 59
7375 52 79
7376 27 70
7377 2 67
7378 36 29
7379 16 33
7380 4 40
7381 54 30
7382 3 35
7383 38 66
7384 74 31
7385 29 29
7386 21 5
7387 29 21
7388 58 58
7389 33 29
7390 41 46
7391 36 28
7392 51 56
7393 9 79
7394 28 21
7395 29 21
7396 27 71
7397 53 30
7398 11 38
7399 15 43
7400 15 44
7401 45 27
7402 16 16
7403 37 66
7404 14 76
7405 3 40
7406 44 38
7407 13 59
7408 10 79
7409 54 11
7410 16 32
7411 54 30
7412 39 71
7413 19 36
7414 23 35
7415 46 27
7416 60 38
7417 68 31
7418 75 60
7419 53 69
7420 40 31
7421 20 5
7422 4 53
7423 10 38
7424 36 29
7425 11 38
7426 46 30
7427 51 55
7428 75 42
7429 42 62
7430 63 29
7431 13 17
7432 25 73
7433 67 37
7434 13 16
7435 51 65
7436 40 30
7437 28 21
7438 63 51
7439 42 76
7440 61 24
7441 76 72
7442 56 76
7443 17 57
7444 63 28
7445 72 25
7446 36 28
7447 16 33
7448 13 40
7449 33 30
7450 53 30
7451 40 0
7452 3 67
7453 4 6
7454 15 43
7455 4 7
7456 29 28
7457 52 1
7458 27 15
7459 16 32
7460 60 45
7461 61 38
7462 5 28
7463 57 6
7464 1 45
7465 7 26
7466 28 15
7467 24 52
7468 4 6
7469 23 36
7470 60 46
7471 7 27
7472 46 31
7473 24 14
7474 63 29
7475 4 35
7476 46 30
7477 23 35
7478 17 41
7479 77 72
7480 10 38
7481 52 78
7482 16 33
7483 51 66
7484 75 43
7485 56 54
7486 39 26
7487 75 42
7488 60 38
7489 12 40
7490 56 77
7491 54 30
7492 42 46
7493 62 24
7494 15 44
7495 56 76
7496 63 28
7497 63 50
7498 39 70
7499 50 68
7500 50 67
7501 56 79
7502 24 13
7503 33 7
7504 38 22
7505 55 72
7506 53 68
7507 75 43
7508 57 34
7509 50 68
7510 8 55
7511 24 14
7512 4 7
7513 33 8
7514 44 39
7515 39 71
7516 31 25
7517 37 22
7518 61 38
7519 15 43
7520 14 59
7521 60 38
7522 24 53
7523 3 35
7524 27 70
7525 14 72
7526 55 79
7527 68 32
7528 13 40
7529 51 35
7530 29 29
7531 60 45
7532 60 46
7533 63 51
7534 42 63
7535 6 28
7536 5 28
7537 15 44
7538 38 22
7539 2 67
7540 68 37
7541 48 73
7542 9 34
7543 55 44
7544 14 75
7545 17 40
7546 56 79
7547 9 33
7548 11 0
7549 41 0
7550 19 35
7551 44 38
7552 73 31
7553 63 50
7554 51 56
7555 3 53
7556 14 8
7557 33 7
7558 41 46
7559 37 13
7560 9 79
7561 51 55
7562 75 40
7563 51 56
7564 50 35
7565 2 65
7566 67 37
7567 21 5
7568 53 69
7569 72 26
7570 4 53
7571 72 25
7572 55 43
7573 2 64
7574 4 6
7575 6 28
7576 3 67
7577 4 43
7578 40 0
7579 75 59
7580 70 30
7581 69 23
7582 10 79
7583 75 42
7584 75 43
7585 4 35
7586 25 74
7587 75 60
7588 61 21
7589 68 37
7590 33 8
7591 11 38
7592 50 67
7593 15 25
7594 0 45
7595 47 26
7596 48 26
7597 51 55
7598 50 68
7599 11 49
7600 5 66
7601 58 57
7602 63 29
7603 70 29
7604 13 59
7605 44 39
7606 14 76
7607 29 21
7608 63 51
7609 24 52
7610 63 28
7611 4 40
7612 65 31
7613 3 53
7614 9 34
7615 63 50
7616 4 7
7617 45 27
7618 14 34
7619 37 22
7620 33 7
7621 17 16
7622 55 79
7623 72 26
7624 51 1
7625 56 79
7626 9 33
7627 16 32
7628 4 53
7629 7 26
7630 38 22
7631 10 38
7632 53 11
7633 12 40
7634 56 55
7635 39 70
7636 63 29
7637 65 22
7638 2 67
7639 9 34
7640 38 66
7641 13 17
7642 39 71
7643 55 44
7644 61 38
7645 13 40
7646 8 56
7647 25 73
7648 10 49
7649 24 53
7650 28 21
7651 42 46
7652 29 33
7653 55 43
7654 36 29
7655 70 30
7656 76 40
7657 63 51
7658 16 25
7659 33 8
7660 29 21
7661 14 75
7662 3 67
7663 51 35
7664 9 79
7665 2 67
7666 57 35
7667 75 42
7668 32 25
7669 50 35
7670 58 58
7671 65 32
7672 72 25
7673 75 43
7674 44 38
7675 56 54
7676 75 42
7677 46 31
7678 72 26
7679 50 67
7680 63 50
7681 53 30
7682 70 29
7683 24 13
7684 14 76
7685 56 6
7686 24 52
7687 24 14
7688 25 74
7689 47 26
7690 63 28
7691 29 32
7692 68 31
7693 23 36
7694 27 71
7695 51 65
7696 8 55
7697 4 44
7698 53 68
7699 76 11
7700 55 44
7701 41 46
7702 52 1
7703 51 1
7704 70 30
7705 75 40
7706 5 65
7707 24 79
7708 17 41
7709 24 53
7710 56 55
7711 11 38
7712 27 70
7713 58 57
7714 74 31
7715 46 27
7716 51 66
7717 65 23
7718 37 66
7719 14 75
7720 19 36
7721 3 35
7722 42 62
7723 56 77
7724 61 24
7725 51 35
7726 8 56
7727 50 68
7728 52 79
7729 57 6
7730 53 69
7731 4 6
7732 33 29
7733 44 39
7734 3 53
7735 38 66
7736 31 25
7737 4 7
7738 50 67
7739 24 13
7740 60 45
7741 72 25
7742 16 16
7743 12 40
7744 56 6
7745 14 76
7746 32 25
7747 46 30
7748 14 75
7749 69 24
7750 10 79
7751 25 73
7752 65 31
7753 75 59
7754 24 14
7755 56 54
7756 63 51
7757 16 33
7758 68 18
7759 76 72
7760 15 34
7761 54 11
7762 75 11
7763 15 72
7764 3 67
7765 73 31
7766 48 26
7767 24 78
7768 7 27
7769 3 40
7770 50 35
7771 51 65
7772 39 27
7773 39 26
7774 14 76
7775 14 75
7776 44 38
7777 69 23
7778 15 25
7779 56 76
7780 14 59
7781 60 38
7782 55 79
7783 52 78
7784 24 13
7785 56 55
7786 29 33
7787 44 39
7788 37 66
7789 17 56
7790 53 68
7791 63 29
7792 24 52
7793 51 35
7794 16 25
7795 23 35
7796 9 79
7797 14 72
7798 42 46
7799 27 15
7800 31 25
7801 17 16
7802 24 14
7803 24 53
7804 67 18
7805 13 40
7806 29 32
7807 2 65
7808 61 20
7809 53 69
7810 67 37
7811 57 34
7812 74 31
7813 46 31
7814 24 13
7815 68 32
7816 39 70
7817 61 21
7818 75 43
7819 24 79
7820 76 11
7821 28 15
7822 52 1
7823 15 72
7824 14 76
7825 68 31
7826 68 32
7827 39 27
7828 23 36
7829 76 40
7830 14 75
7831 41 46
7832 24 52
7833 45 27
7834 27 15
7835 12 40
7836 61 20
7837 11 49
7838 39 71
7839 16 32
7840 56 77
7841 10 38
7842 10 79
7843 41 76
7844 56 72
7845 19 35
7846 9 33
7847 9 34
7848 60 46
7849 65 32
7850 20 5
7851 57 35
7852 28 15
7853 72 26
7854 33 7
7855 77 72
7856 73 31
7857 23 35
7858 17 40
7859 29 28
7860 63 28
7861 75 42
7862 42 46
7863 7 26
7864 58 58
7865 37 14
7866 51 66
7867 33 8
7868 54 30
7869 37 13
7870 14 7
7871 56 54
7872 36 28
7873 55 72
7874 14 72
7875 51 1
7876 37 14
7877 70 29
7878 51 56
7879 65 22
7880 23 36
7881 69 24
7882 8 55
7883 4 53
7884 14 8
7885 36 29
7886 75 60
7887 28 21
7888 9 33
7889 14 34
7890 13 16
7891 65 31
7892 32 25
7893 62 76
7894 14 76
7895 46 27
7896 29 33
7897 29 21
7898 4 6
7899 75 11
7900 17 41
7901 53 30
7902 4 35
7903 24 14
7904 28 21
7905 76 11
7906 61 21
7907 5 66
7908 78 35
7909 75 43
7910 69 23
7911 47 26
7912 72 25
7913 11 38
7914 70 30
7915 14 7
7916 24 78
7917 14 8
7918 2 67
7919 13 40
7920 56 55
7921 33 7
7922 37 22
7923 78 34
7924 75 11
7925 27 71
7926 51 65
7927 13 59
7928 70 29
7929 61 20
7930 54 30
7931 27 70
7932 55 43
7933 24 13
7934 23 35
7935 4 40
7936 70 30
7937 50 68
7938 61 38
7939 57 6
7940 5 65
7941 41 0
7942 19 36
7943 38 66
7944 70 29
7945 4 7
7946 51 55
7947 60 38
7948 42 76
7949 16 16
7950 53 68
7951 46 30
7952 2 64
7953 3 53
7954 38 22
7955 39 70
7956 69 24
7957 63 29
7958 74 31
7959 48 26
7960 15 72
7961 31 25
7962 57 34
7963 41 46
7964 65 32
7965 52 79
7966 5 66
7967 14 72
7968 3 67
7969 41 76
7970 12 40
7971 68 18
7972 23 36
7973 57 35
7974 63 50
7975 16 33
7976 24 79
7977 76 11
7978 10 38
7979 37 13
7980 63 51
7981 62 24
7982 42 76
7983 11 38
7984 29 21
7985 42 46
7986 44 38
7987 29 29
7988 50 67
7989 37 22
7990 45 27
7991 3 35
7992 14 7
7993 75 59
7994 19 35
7995 32 25
7996 53 11
7997 39 71
7998 29 28
7999 31 25
8000 55 44
8001 60 45
8002 5 65
8003 51 56
8004 46 31
8005 5 66
8006 25 74
8007 75 40
8008 63 50
8009 42 63
8010 68 31
8011 9 79
8012 17 40
8013 53 69
8014 33 30
8015 4 6
8016 56 6
8017 46 30
8018 76 72
8019 58 57
8020 61 38
8021 37 14
8022 24 53
8023 15 34
8024 9 34
8025 72 26
8026 52 78
8027 2 65
8028 13 17
8029 17 41
8030 25 73
8031 41 46
8032 77 72
8033 47 73
8034 51 55
8035 2 64
8036 29 29
8037 75 42
8038 42 62
8039 56 54
8040 14 75
8041 9 33
8042 3 40
8043 69 23
8044 37 13
8045 75 60
8046 1 45
8047 7 27
8048 65 31
8049 73 31
8050 53 68
8051 23 35
8052 17 16
8053 75 43
8054 14 34
8055 15 34
8056 39 26
8057 69 24
8058 36 28
8059 11 1
8060 14 76
8061 50 35
8062 48 73
8063 36 29
8064 53 69
8065 4 53
8066 33 8
8067 51 35
8068 42 46
8069 14 59
8070 47 73
8071 2 65
8072 16 16
8073 47 26
8074 69 23
8075 29 28
8076 17 16
8077 33 7
8078 41 76
8079 28 21
8080 15 25
8081 11 0
8082 17 40
8083 46 31
8084 65 32
8085 24 78
8086 27 15
8087 75 59
8088 61 76
8089 53 68
8090 56 76
8091 50 68
8092 4 40
8093 4 43
8094 57 6
8095 2 67
8096 29 32
8097 69 24
8098 44 39
8099 16 25
8100 46 30
8101 28 15
8102 19 36
8103 67 18
8104 63 51
8105 5 65
8106 5 28
8107 3 67
8108 61 24
8109 46 31
8110 76 40
8111 13 59
8112 2 67
8113 2 64
8114 57 34
8115 37 66
8116 56 6
8117 56 77
8118 4 35
8119 29 21
8120 19 35
8121 63 50
8122 57 35
8123 0 45
8124 6 28
8125 38 22
8126 51 66
8127 57 6
8128 29 33
8129 40 31
8130 52 79
8131 32 25
8132 37 22
8133 51 65
8134 42 76
8135 75 11
8136 48 73
8137 17 57
8138 24 79
8139 41 76
8140 38 22
8141 3 67
8142 52 78
8143 56 72
8144 42 76
8145 2 67
8146 7 26
8147 24 14
8148 3 67
8149 37 14
8150 56 55
8151 14 59
8152 13 16
8153 38 66
8154 75 42
8155 14 8
8156 13 17
8157 75 40
8158 55 72
8159 1 45
8160 16 16
8161 14 7
8162 14 75
8163 2 65
8164 55 43
8165 24 52
8166 50 35
8167 24 53
8168 9 34
8169 37 66
8170 27 71
8171 70 30
8172 24 13
8173 14 34
8174 53 69
8175 23 36
8176 76 11
8177 17 56
8178 13 16
8179 72 25
8180 15 43
8181 39 70
8182 24 52
8183 29 32
8184 10 49
8185 16 32
8186 0 45
8187 42 63
8188 2 67
8189 3 40
8190 40 0
8191 53 68
8192 58 58
8193 4 44
8194 68 37
8195 27 15
8196 33 8
8197 2 64
8198 4 43
8199 70 29
8200 44 38
8201 62 76
8202 33 7
8203 15 72
8204 11 49
8205 23 35
8206 39 71
8207 51 35
8208 29 29
8209 46 30
8210 33 8
8211 47 73
8212 55 44
8213 67 37
8214 51 56
8215 17 41
8216 56 76
8217 76 72
8218 28 15
8219 31 25
8220 3 35
8221 53 30
8222 10 38
8223 69 23
8224 3 53
8225 29 33
8226 60 46
8227 46 31
8228 39 27
8229 15 34
8230 48 26
8231 69 24
8232 47 26
8233 13 40
8234 13 59
8235 46 27
8236 32 25
8237 68 37
8238 62 24
8239 56 54
8240 9 33
8241 10 79
8242 4 53
8243 37 22
8244 2 65
8245 60 38
8246 42 62
8247 37 13
8248 75 43
8249 11 38
8250 65 31
8251 58 57
8252 13 17
8253 61 21
8254 24 78
8255 72 26
8256 2 64
8257 46 30
8258 56 79
8259 74 31
8260 33 7
8261 37 14
8262 72 25
8263 29 28
8264 58 58
8265 29 32
8266 69 23
8267 17 57
8268 50 67
8269 75 42
8270 76 40
8271 13 16
8272 14 59
8273 14 76
8274 24 53
8275 65 32
8276 45 27
8277 39 26
8278 55 43
8279 5 66
8280 56 77
8281 48 73
8282 38 22
8283 54 11
8284 56 6
8285 70 30
8286 73 31
8287 24 79
8288 10 38
8289 57 6
8290 9 34
8291 75 11
8292 4 7
8293 25 74
8294 39 27
8295 52 79
8296 19 36
8297 61 24
8298 50 68
8299 14 75
8300 9 79
8301 23 36
8302 13 59
8303 15 25
8304 65 23
8305 21 5
8306 24 52
8307 65 22
8308 47 73
8309 55 44
8310 56 55
8311 51 55
8312 44 39
8313 33 8
8314 14 59
8315 25 73
8316 42 63
8317 11 1
8318 46 31
8319 11 0
8320 11 1
8321 39 26
8322 50 67
8323 24 78
8324 74 31
8325 3 67
8326 37 22
8327 61 76
8328 33 7
8329 70 29
8330 38 22
8331 60 45
8332 33 29
8333 37 22
8334 14 76
8335 13 59
8336 41 76
8337 24 14
8338 2 67
8339 65 23
8340 38 22
8341 27 15
8342 14 72
8343 14 34
8344 65 31
8345 68 18
8346 11 38
8347 56 54
8348 67 37
8349 8 56
8350 25 74
8351 3 53
8352 62 24
8353 51 66
8354 10 49
8355 46 30
8356 4 6
8357 9 33
8358 28 21
8359 78 35
8360 2 65
8361 67 18
8362 29 21
8363 65 22
8364 55 79
8365 57 34
8366 13 17
8367 77 72
8368 41 0
8369 14 75
8370 10 79
8371 72 26
8372 44 38
8373 15 72
8374 57 35
8375 37 22
8376 17 16
8377 10 38
8378 5 65
8379 52 1
8380 17 56
8381 69 24
8382 75 40
8383 3 67
8384 63 28
8385 61 20
8386 46 31
8387 56 55
8388 61 24
8389 48 73
8390 51 65
8391 63 51
8392 15 44
8393 14 59
8394 24 53
8395 76 11
8396 40 0
8397 56 72
8398 16 16
8399 9 34
8400 56 79
8401 19 35
8402 76 72
8403 14 76
8404 31 25
8405 38 22
8406 56 54
8407 27 70
8408 15 34
8409 55 72
8410 20 5
8411 51 1
8412 65 23
8413 4 35
8414 1 45
8415 51 66
8416 7 27
8417 14 72
8418 32 25
8419 53 69
8420 21 5
8421 9 33
8422 50 68
8423 42 62
8424 61 38
8425 9 79
8426 60 46
8427 51 65
8428 42 76
8429 5 66
8430 15 43
8431 56 76
8432 50 35
8433 54 30
8434 77 72
8435 65 22
8436 72 25
8437 31 25
8438 65 23
8439 65 32
8440 28 21
8441 55 79
8442 11 38
8443 75 43
8444 47 73
8445 23 35
8446 5 65
8447 44 39
8448 17 40
8449 41 46
8450 61 21
8451 69 23
8452 68 18
8453 29 21
8454 51 66
8455 16 25
8456 40 30
8457 76 40
8458 40 31
8459 68 37
8460 56 79
8461 17 41
8462 32 25
8463 33 8
8464 52 1
8465 37 13
8466 5 28
8467 75 42
8468 48 26
8469 48 73
8470 10 38
8471 14 34
8472 65 22
8473 4 40
8474 53 68
8475 58 57
8476 15 44
8477 56 55
8478 31 25
8479 51 1
8480 38 66
8481 24 79
8482 37 66
8483 78 34
8484 39 27
8485 14 8
8486 27 71
8487 12 40
8488 11 38
8489 41 0
8490 53 30
8491 51 56
8492 20 5
8493 33 30
8494 63 29
8495 28 21
8496 53 69
8497 56 6
8498 46 30
8499 55 79
8500 14 7
8501 9 34
8502 11 0
8503 51 65
8504 73 31
8505 72 26
8506 51 55
8507 17 57
8508 29 21
8509 37 22
8510 3 40
8511 61 20
8512 75 60
8513 75 40
8514 40 0
8515 10 38
8516 11 1
8517 32 25
8518 68 32
8519 17 16
8520 62 76
8521 60 45
8522 33 7
8523 41 0
8524 39 26
8525 55 43
8526 14 75
8527 63 50
8528 4 7
8529 69 24
8530 17 56
8531 52 78
8532 28 21
8533 47 73
8534 78 35
8535 39 70
8536 51 66
8537 24 13
8538 65 31
8539 42 63
8540 57 6
8541 75 43
8542 54 30
8543 51 65
8544 56 79
8545 41 76
8546 50 67
8547 75 42
8548 42 46
8549 40 30
8550 0 45
8551 40 0
8552 63 51
8553 17 57
8554 15 72
8555 24 14
8556 5 66
8557 6 28
8558 14 76
8559 42 62
8560 29 33
8561 8 55
8562 51 35
8563 38 22
8564 11 49
8565 57 34
8566 65 23
8567 2 64
8568 5 65
8569 42 76
8570 46 31
8571 55 44
8572 4 53
8573 60 46
8574 2 67
8575 10 79
8576 25 73
8577 62 24
8578 50 35
8579 75 43
8580 14 75
8581 24 78
8582 16 33
8583 46 30
8584 75 11
8585 56 6
8586 29 29
8587 56 72
8588 41 46
8589 39 27
8590 55 79
8591 19 36
8592 60 45
8593 9 79
8594 10 79
8595 41 76
8596 5 28
8597 63 50
8598 40 31
8599 61 24
8600 19 35
8601 63 28
8602 11 0
8603 4 40
8604 52 1
8605 53 11
8606 24 79
8607 15 34
8608 9 33
8609 72 25
8610 65 32
8611 78 34
8612 4 6
8613 41 0
8614 40 30
8615 72 26
8616 14 72
8617 13 59
8618 40 0
8619 53 68
8620 14 8
8621 68 31
8622 24 52
8623 14 34
8624 50 68
8625 51 35
8626 76 72
8627 60 46
8628 50 35
8629 69 23
8630 29 32
8631 9 34
8632 65 31
8633 56 77
8634 76 40
8635 4 44
8636 55 72
8637 10 49
8638 25 74
8639 4 7
8640 11 1
8641 40 31
8642 24 53
8643 13 40
8644 3 35
8645 48 73
8646 46 27
8647 63 51
8648 14 76
8649 51 1
8650 17 40
8651 27 70
8652 4 43
8653 6 28
8654 56 79
8655 17 56
8656 21 5
8657 24 78
8658 70 30
8659 20 5
8660 29 21
8661 11 38
8662 25 73
8663 55 79
8664 2 65
8665 45 27
8666 41 0
8667 65 32
8668 52 1
8669 44 38
8670 36 28
8671 67 18
8672 4 44
8673 75 59
8674 17 57
8675 44 39
8676 60 45
8677 24 79
8678 39 26
8679 17 41
8680 2 64
8681 44 38
8682 52 79
8683 15 72
8684 77 72
8685 75 42
8686 14 75
8687 53 30
8688 3 40
8689 70 29
8690 11 49
8691 75 60
8692 61 76
8693 28 15
8694 54 11
8695 53 69
8696 25 74
8697 51 66
8698 58 58
8699 29 33
8700 72 25
8701 29 28
8702 4 40
8703 60 46
8704 23 36
8705 16 32
8706 16 16
8707 67 37
8708 12 40
8709 60 45
8710 58 57
8711 4 6
8712 19 36
8713 4 43
8714 54 30
8715 52 78
8716 27 15
8717 53 68
8718 11 0
8719 56 54
8720 78 35
8721 13 40
8722 14 76
8723 42 46
8724 7 26
8725 17 16
8726 56 72
8727 39 27
8728 3 53
8729 60 38
8730 4 44
8731 9 33
8732 53 11
8733 16 33
8734 14 75
8735 19 35
8736 55 43
8737 28 15
8738 16 32
8739 72 26
8740 21 5
8741 13 16
8742 13 17
8743 38 66
8744 65 31
8745 55 72
8746 52 79
8747 31 25
8748 32 25
8749 56 72
8750 9 79
8751 15 25
8752 24 13
8753 47 26
8754 33 8
8755 25 73
8756 14 59
8757 75 40
8758 76 72
8759 46 31
8760 14 76
8761 37 66
8762 24 52
8763 23 35
8764 53 30
8765 23 36
8766 44 39
8767 65 22
8768 36 29
8769 56 79
8770 14 75
8771 10 79
8772 68 32
8773 46 30
8774 65 23
8775 78 34
8776 27 15
8777 68 18
8778 13 16
8779 51 65
8780 51 35
8781 55 44
8782 68 31
8783 24 14
8784 28 15
8785 8 56
8786 55 79
8787 11 1
8788 17 40
8789 42 76
8790 25 74
8791 62 24
8792 37 14
8793 16 16
8794 76 40
8795 24 78
8796 2 65
8797 33 29
8798 38 66
8799 37 13
8800 74 31
8801 39 26
8802 2 64
8803 25 73
8804 14 7
8805 52 78
8806 8 55
8807 48 26
8808 55 72
8809 24 13
8810 27 15
8811 51 66
8812 14 72
8813 58 58
8814 7 27
8815 40 0
8816 3 40
8817 5 66
8818 36 28
8819 3 67
8820 10 49
8821 27 71
8822 67 18
8823 15 72
8824 31 25
8825 42 63
8826 54 11
8827 51 56
8828 44 38
8829 61 21
8830 37 22
8831 29 32
8832 78 35
8833 47 73
8834 61 20
8835 19 36
8836 38 22
8837 68 18
8838 5 28
8839 7 26
8840 27 70
8841 51 55
8842 12 40
8843 13 17
8844 56 79
8845 61 21
8846 73 31
8847 75 43
8848 37 22
8849 57 35
8850 17 16
8851 4 43
8852 76 11
8853 56 55
8854 62 76
8855 67 18
8856 6 28
8857 74 31
8858 4 35
8859 20 5
8860 39 27
8861 29 33
8862 73 31
8863 29 29
8864 4 44
8865 19 35
8866 47 26
8867 51 1
8868 17 56
8869 27 71
8870 24 79
8871 10 38
8872 8 56
8873 15 34
8874 29 28
8875 61 20
8876 21 5
8877 41 76
8878 51 56
8879 77 72
8880 51 65
8881 61 38
8882 60 46
8883 17 41
8884 2 65
8885 24 53
8886 15 43
8887 27 70
8888 5 28
8889 4 53
8890 56 54
8891 57 6
8892 52 1
8893 32 25
8894 4 7
8895 17 40
8896 78 34
8897 60 45
8898 75 11
8899 5 65
8900 75 40
8901 13 16
8902 31 25
8903 38 22
8904 24 52
8905 53 11
8906 4 6
8907 68 18
8908 20 5
8909 51 66
8910 70 30
8911 50 35
8912 54 11
8913 51 65
8914 37 14
8915 65 32
8916 61 24
8917 50 67
8918 42 76
8919 51 1
8920 13 59
8921 14 76
8922 4 43
8923 32 25
8924 76 40
8925 14 8
8926 16 33
8927 53 11
8928 17 41
8929 41 46
8930 68 32
8931 46 27
8932 78 35
8933 46 31
8934 45 27
8935 36 29
8936 69 24
8937 76 11
8938 3 35
8939 7 27
8940 37 66
8941 53 69
8942 16 16
8943 76 72
8944 17 57
8945 33 7
8946 75 40
8947 9 34
8948 1 45
8949 14 72
8950 11 0
8951 25 74
8952 56 76
8953 42 46
8954 53 68
8955 69 23
8956 17 56
8957 56 72
8958 62 24
8959 65 22
8960 69 24
8961 14 34
8962 2 64
8963 72 25
8964 76 40
8965 63 50
8966 16 32
8967 4 7
8968 11 49
8969 33 8
8970 16 33
8971 56 77
8972 55 72
8973 17 57
8974 9 33
8975 38 66
8976 14 7
8977 17 16
8978 51 66
8979 52 1
8980 14 75
8981 4 40
8982 5 66
8983 63 51
8984 60 38
8985 46 30
8986 37 66
8987 8 55
8988 56 55
8989 40 30
8990 63 50
8991 78 34
8992 39 71
8993 9 34
8994 37 13
8995 51 55
8996 15 72
8997 7 26
8998 7 27
8999 33 7
9000 50 68
9001 65 31
9002 29 32
9003 60 46
9004 46 31
9005 36 28
9006 24 53
9007 61 24
9008 15 44
9009 6 28
9010 4 6
9011 24 52
9012 28 21
9013 56 72
9014 67 18
9015 46 30
9016 2 65
9017 53 69
9018 14 59
9019 13 40
9020 14 72
9021 38 66
9022 16 16
9023 39 26
9024 54 11
9025 52 79
9026 65 32
9027 54 30
9028 41 46
9029 39 70
9030 29 21
9031 65 31
9032 0 45
9033 11 1
9034 63 51
9035 17 16
9036 31 25
9037 4 7
9038 14 76
9039 40 31
9040 7 26
9041 3 40
9042 11 0
9043 60 45
9044 8 56
9045 5 28
9046 51 56
9047 78 35
9048 53 68
9049 19 36
9050 37 66
9051 32 25
9052 46 31
9053 23 35
9054 77 72
9055 53 69
9056 29 29
9057 61 38
9058 3 53
9059 4 44
9060 51 35
9061 50 67
9062 69 23
9063 11 1
9064 19 35
9065 33 8
9066 6 28
9067 41 76
9068 23 36
9069 42 62
9070 9 79
9071 24 78
9072 39 71
9073 4 6
9074 42 63
9075 38 66
9076 63 29
9077 62 24
9078 57 34
9079 61 24
9080 33 30
9081 28 21
9082 50 68
9083 51 1
9084 19 36
9085 9 33
9086 56 6
9087 37 14
9088 13 59
9089 75 42
9090 10 49
9091 65 32
9092 16 16
9093 4 7
9094 53 11
9095 68 18
9096 24 53
9097 15 43
9098 52 1
9099 51 65
9100 37 13
9101 11 49
9102 23 35
9103 4 43
9104 48 26
9105 69 24
9106 46 30
9107 58 57
9108 4 53
9109 24 52
9110 39 70
9111 54 11
9112 24 14
9113 31 25
9114 60 38
9115 15 72
9116 33 7
9117 46 31
9118 55 72
9119 24 13
9120 17 56
9121 50 67
9122 55 43
9123 39 71
9124 37 22
9125 46 27
9126 2 64
9127 42 62
9128 14 72
9129 55 79
9130 33 29
9131 72 26
9132 65 23
9133 53 30
9134 37 14
9135 75 43
9136 51 1
9137 5 65
9138 78 34
9139 21 5
9140 24 53
9141 68 37
9142 4 35
9143 52 78
9144 24 14
9145 75 42
9146 14 59
9147 13 17
9148 41 0
9149 51 66
9150 40 0
9151 61 38
9152 29 33
9153 2 67
9154 37 13
9155 75 40
9156 51 55
9157 5 28
9158 62 24
9159 8 55
9160 23 36
9161 6 28
9162 67 18
9163 16 32
9164 13 59
9165 67 37
9166 4 44
9167 33 30
9168 51 56
9169 72 25
9170 5 66
9171 54 30
9172 3 53
9173 78 35
9174 45 27
9175 51 65
9176 37 66
9177 56 72
9178 29 28
9179 36 29
9180 4 43
9181 36 28
9182 23 35
9183 29 29
9184 74 31
9185 4 53
9186 52 79
9187 5 65
9188 70 29
9189 15 34
9190 57 35
9191 50 68
9192 24 52
9193 19 35
9194 39 27
9195 39 26
9196 75 11
9197 78 34
9198 17 57
9199 33 8
9200 11 38
9201 68 37
9202 25 73
9203 15 44
9204 76 72
9205 76 40
9206 61 21
9207 23 36
9208 55 44
9209 12 40
9210 11 0
9211 3 53
9212 75 40
9213 15 43
9214 52 1
9215 57 6
9216 65 22
9217 37 14
9218 46 27
9219 63 50
9220 10 79
9221 56 6
9222 11 1
9223 61 24
9224 53 11
9225 13 40
9226 10 38
9227 10 49
9228 48 73
9229 7 27
9230 4 40
9231 68 18
9232 37 13
9233 78 35
9234 61 20
9235 9 79
9236 69 23
9237 38 66
9238 37 66
9239 33 7
9240 62 24
9241 13 16
9242 14 75
9243 50 35
9244 3 67
9245 14 8
9246 70 30
9247 68 31
9248 67 37
9249 51 35
9250 5 28
9251 4 53
9252 28 15
9253 15 44
9254 23 35
9255 9 34
9256 73 31
9257 54 11
9258 11 0
9259 45 27
9260 17 16
9261 52 78
9262 13 17
9263 61 21
9264 14 34
9265 65 31
9266 47 73
9267 55 43
9268 76 11
9269 33 29
9270 50 67
9271 2 65
9272 72 26
9273 38 66
9274 38 22
9275 16 16
9276 24 79
9277 11 49
9278 15 72
9279 44 39
9280 42 76
9281 17 56
9282 52 79
9283 75 59
9284 63 51
9285 57 34
9286 2 64
9287 2 65
9288 7 26
9289 3 53
9290 58 58
9291 20 5
9292 33 8
9293 27 15
9294 56 76
9295 3 40
9296 12 40
9297 56 79
9298 36 29
9299 11 38
9300 25 74
9301 4 6
9302 10 38
9303 72 25
9304 4 7
9305 51 1
9306 74 31
9307 77 72
9308 37 14
9309 51 55
9310 13 16
9311 63 50
9312 16 25
9313 28 15
9314 44 38
9315 42 63
9316 1 45
9317 11 38
9318 13 17
9319 50 35
9320 16 33
9321 41 0
9322 37 66
9323 11 1
9324 73 31
9325 10 79
9326 9 33
9327 75 43
9328 15 34
9329 46 30
9330 76 72
9331 77 72
9332 42 46
9333 9 34
9334 52 1
9335 4 44
9336 69 24
9337 41 46
9338 70 29
9339 68 32
9340 76 40
9341 16 32
9342 44 39
9343 42 46
9344 44 38
9345 46 27
9346 24 13
9347 2 67
9348 37 22
9349 51 1
9350 46 31
9351 55 72
9352 76 72
9353 55 79
9354 51 35
9355 53 11
9356 75 11
9357 23 36
9358 53 68
9359 41 76
9360 63 51
9361 38 66
9362 69 23
9363 60 38
9364 25 73
9365 40 30
9366 13 16
9367 11 0
9368 24 14
9369 14 7
9370 29 32
9371 77 72
9372 27 71
9373 27 15
9374 24 78
9375 47 26
9376 24 13
9377 11 1
9378 14 72
9379 48 73
9380 76 11
9381 19 36
9382 32 25
9383 61 76
9384 74 31
9385 4 53
9386 13 40
9387 57 35
9388 42 62
9389 10 49
9390 63 50
9391 31 25
9392 33 30
9393 17 40
9394 17 41
9395 40 31
9396 14 59
9397 5 66
9398 16 33
9399 41 46
9400 32 25
9401 15 43
9402 57 6
9403 78 34
9404 50 35
9405 10 38
9406 61 24
9407 11 38
9408 61 38
9409 21 5
9410 75 60
9411 56 54
9412 23 35
9413 29 21
9414 33 7
9415 39 27
9416 14 34
9417 76 72
9418 15 44
9419 19 35
9420 17 57
9421 53 30
9422 15 72
9423 65 23
9424 5 65
9425 70 30
9426 28 21
9427 70 29
9428 73 31
9429 16 32
9430 0 45
9431 40 0
9432 42 76
9433 24 14
9434 24 13
9435 29 21
9436 62 76
9437 2 64
9438 75 11
9439 9 79
9440 51 66
9441 40 30
9442 14 72
9443 75 42
9444 33 8
9445 60 46
9446 4 6
9447 75 40
9448 75 43
9449 17 56
9450 23 36
9451 47 73
9452 76 40
9453 63 51
9454 11 0
9455 42 63
9456 15 72
9457 48 26
9458 41 76
9459 56 6
9460 10 79
9461 11 1
9462 33 29
9463 10 38
9464 53 69
9465 62 24
9466 11 49
9467 37 13
9468 52 78
9469 37 14
9470 40 31
9471 19 36
9472 46 30
9473 4 7
9474 37 13
9475 9 33
9476 47 26
9477 13 59
9478 46 31
9479 57 6
9480 4 43
9481 4 44
9482 33 7
9483 78 35
9484 24 79
9485 27 70
9486 40 30
9487 14 8
9488 24 14
9489 52 1
9490 55 44
9491 40 31
9492 60 45
9493 68 31
9494 7 27
9495 15 43
9496 28 15
9497 17 16
9498 12 40
9499 60 38
9500 14 7
9501 57 34
9502 16 16
9503 55 43
9504 51 65
9505 4 6
9506 60 46
9507 61 76
9508 39 26
9509 45 27
9510 65 32
9511 51 1
9512 65 22
9513 51 66
9514 11 0
9515 56 55
9516 65 23
9517 24 53
9518 20 5
9519 7 26
9520 37 66
9521 29 28
9522 7 27
9523 27 15
9524 13 40
9525 46 30
9526 3 67
9527 68 32
9528 14 72
9529 75 42
9530 36 28
9531 56 6
9532 65 22
9533 50 68
9534 57 35
9535 46 31
9536 15 25
9537 65 23
9538 2 67
9539 37 14
9540 9 79
9541 9 34
9542 42 46
9543 17 16
9544 61 38
9545 39 27
9546 24 13
9547 75 43
9548 56 77
9549 41 46
9550 28 15
9551 68 37
9552 10 79
9553 57 6
9554 52 79
9555 46 27
9556 3 53
9557 63 28
9558 48 73
9559 53 68
9560 48 26
9561 24 52
9562 37 13
9563 15 34
9564 31 25
9565 14 59
9566 23 35
9567 65 22
9568 28 21
9569 17 57
9570 69 24
9571 44 39
9572 77 72
9573 29 33
9574 1 45
9575 39 26
9576 56 76
9577 5 66
9578 32 25
9579 4 40
9580 75 59
9581 14 34
9582 29 29
9583 56 72
9584 76 72
9585 38 66
9586 27 71
9587 72 26
9588 12 40
9589 56 6
9590 11 38
9591 62 76
9592 19 35
9593 56 79
9594 44 38
9595 61 24
9596 27 15
9597 67 18
9598 72 25
9599 53 69
9600 47 73
9601 33 30
9602 15 34
9603 29 32
9604 6 28
9605 68 31
9606 75 40
9607 4 7
9608 37 14
9609 45 27
9610 4 6
9611 16 25
9612 16 33
9613 68 32
9614 29 33
9615 5 28
9616 29 21
9617 9 79
9618 65 23
9619 63 50
9620 65 22
9621 4 43
9622 17 40
9623 0 45
9624 72 26
9625 9 33
9626 69 23
9627 76 40
9628 31 25
9629 4 7
9630 69 24
9631 21 5
9632 19 36
9633 54 30
9634 52 1
9635 68 31
9636 63 29
9637 67 37
9638 1 45
9639 29 28
9640 54 11
9641 37 13
9642 50 67
9643 38 22
9644 16 32
9645 61 20
9646 15 72
9647 25 74
9648 23 36
9649 8 56
9650 53 11
9651 27 70
9652 7 26
9653 56 77
9654 10 38
9655 39 70
9656 42 46
9657 27 71
9658 46 30
9659 36 29
9660 78 34
9661 57 34
9662 6 28
9663 55 44
9664 14 34
9665 2 65
9666 75 40
9667 60 38
9668 5 65
9669 72 25
9670 10 49
9671 20 5
9672 11 38
9673 28 15
9674 57 6
9675 56 76
9676 37 22
9677 76 11
9678 4 6
9679 56 77
9680 14 76
9681 28 21
9682 55 43
9683 78 35
9684 27 15
9685 38 22
9686 5 28
9687 46 27
9688 29 21
9689 76 40
9690 37 14
9691 0 45
9692 33 29
9693 19 35
9694 2 64
9695 61 21
9696 56 54
9697 75 40
9698 76 40
9699 57 35
9700 4 7
9701 56 76
9702 10 79
9703 9 34
9704 29 29
9705 10 38
9706 29 28
9707 68 37
9708 3 40
9709 61 20
9710 61 76
9711 5 66
9712 37 66
9713 46 31
9714 75 42
9715 4 53
9716 72 26
9717 60 45
9718 63 28
9719 47 26
9720 33 8
9721 54 11
9722 68 32
9723 29 29
9724 45 27
9725 15 25
9726 3 67
9727 14 8
9728 63 29
9729 52 78
9730 5 65
9731 67 37
9732 78 34
9733 16 16
9734 29 32
9735 33 30
9736 68 31
9737 37 13
9738 5 66
9739 68 32
9740 51 1
9741 17 16
9742 19 36
9743 3 53
9744 75 11
9745 2 67
9746 7 27
9747 4 6
9748 68 18
9749 61 38
9750 4 40
9751 9 79
9752 48 26
9753 27 70
9754 75 60
9755 47 26
9756 16 25
9757 2 65
9758 16 16
9759 56 55
9760 48 26
9761 78 35
9762 14 72
9763 48 73
9764 15 34
9765 56 77
9766 51 35
9767 68 37
9768 9 33
9769 37 22
9770 5 65
9771 14 75
9772 17 56
9773 53 30
9774 40 30
9775 53 68
9776 15 72
9777 68 31
9778 70 30
9779 36 28
9780 11 1
9781 55 72
9782 51 56
9783 24 78
9784 4 53
9785 62 24
9786 1 45
9787 46 30
9788 13 17
9789 17 41
9790 51 65
9791 65 23
9792 24 14
9793 65 31
9794 11 49
9795 47 26
9796 14 34
9797 38 22
9798 32 25
9799 50 35
9800 54 30
9801 38 66
9802 74 31
9803 77 72
9804 36 29
9805 23 35
9806 53 30
9807 11 0
9808 36 28
9809 28 15
9810 39 27
9811 41 0
9812 17 57
9813 17 16
9814 53 11
9815 27 15
9816 46 27
9817 63 28
9818 69 23
9819 11 38
9820 3 35
9821 14 76
9822 69 24
9823 48 26
9824 72 25
9825 73 31
9826 16 16
9827 60 38
9828 24 53
9829 40 31
9830 44 39
9831 24 13
9832 56 72
9833 36 29
9834 4 44
9835 45 27
9836 36 28
9837 28 21
9838 70 29
9839 65 22
9840 14 72
9841 10 49
9842 9 34
9843 75 40
9844 4 43
9845 5 66
9846 37 66
9847 10 38
9848 57 34
9849 11 49
9850 57 35
9851 56 54
9852 78 34
9853 74 31
9854 70 30
9855 67 18
9856 68 18
9857 69 23
9858 39 26
9859 76 11
9860 4 35
9861 41 46
9862 62 76
9863 61 76
9864 11 38
9865 9 33
9866 11 1
9867 14 7
9868 42 76
9869 25 73
9870 46 27
9871 65 23
9872 67 18
9873 15 44
9874 21 5
9875 28 15
9876 63 29
9877 0 45
9878 53 69
9879 52 79
9880 36 29
9881 47 73
9882 56 76
9883 65 22
9884 53 68
9885 67 37
9886 37 22
9887 42 62
9888 24 52
9889 8 55
9890 40 0
9891 51 55
9892 75 11
9893 31 25
9894 14 75
9895 3 53
9896 54 11
9897 70 29
9898 65 23
9899 29 28
9900 62 76
9901 60 46
9902 60 45
9903 70 30
9904 25 74
9905 10 49
9906 52 78
9907 50 68
9908 39 71
9909 78 35
9910 17 56
9911 23 36
9912 38 22
9913 27 15
9914 76 40
9915 27 71
9916 37 22
9917 27 70
9918 24 14
9919 6 28
9920 24 79
9921 38 66
9922 55 79
9923 24 78
9924 53 69
9925 63 51
9926 1 45
9927 68 32
9928 20 5
9929 65 32
9930 10 79
9931 28 15
9932 39 70
9933 75 43
9934 5 65
9935 63 28
9936 61 76
9937 33 29
9938 53 11
9939 61 24
9940 46 31
9941 4 7
9942 5 28
9943 16 33
9944 21 5
9945 17 40
9946 3 40
9947 50 67
9948 60 46
9949 3 35
9950 53 68
9951 39 71
9952 61 38
9953 11 49
9954 7 26
9955 23 35
9956 56 79
9957 57 34
9958 47 26
9959 55 44
9960 27 71
9961 46 30
9962 27 15
9963 65 22
9964 42 63
9965 33 7
9966 36 28
9967 23 36
9968 17 57
9969 73 31
9970 13 40
9971 13 59
9972 52 79
9973 5 66
9974 8 56
9975 27 70
9976 57 35
9977 4 44
9978 39 70
9979 32 25
9980 70 29
9981 72 26
9982 29 21
9983 15 25
9984 14 8
9985 17 16
9986 65 23
9987 68 37
9988 17 41
9989 14 59
9990 55 72
9991 33 8
9992 58 57
9993 36 29
9994 51 66
9995 14 76
9996 39 71
9997 27 71
9998 65 22
9999 2 64
10000 38 22
10001 4 53
10002 53 69
10003 78 34
10004 33 30
10005 6 28
10006 52 1
10007 50 68
10008 29 29
10009 36 28
10010 63 29
10011 39 70
10012 57 34
10013 16 16
10014 20 5
10015 36 29
10016 13 16
10017 53 68
10018 28 21
10019 56 55
10020 45 27
10021 62 76
10022 75 42
10023 48 73
10024 8 55
10025 17 16
10026 13 59
10027 41 0
10028 31 25
10029 48 26
10030 55 79
10031 39 27
10032 4 43
10033 13 17
10034 41 76
10035 40 30
10036 62 24
10037 68 31
10038 24 79
10039 9 79
10040 42 46
10041 29 21
10042 72 25
10043 65 31
10044 57 35
10045 53 69
10046 4 40
10047 42 76
10048 56 79
10049 15 72
10050 3 53
10051 17 56
10052 78 35
10053 41 46
10054 25 73
10055 17 57
10056 23 35
10057 33 7
10058 76 72
10059 16 25
10060 53 68
10061 10 38
10062 40 31
10063 37 14
10064 7 27
10065 11 38
10066 75 43
10067 10 38
10068 61 24
10069 54 30
10070 75 40
10071 3 40
10072 24 53
10073 4 53
10074 53 69
10075 68 18
10076 42 46
10077 3 67
10078 62 24
10079 32 25
10080 41 76
10081 75 59
10082 78 34
10083 36 28
10084 25 74
10085 13 16
10086 3 53
10087 33 29
10088 55 43
10089 53 30
10090 77 72
10091 14 75
10092 78 35
10093 17 56
10094 56 6
10095 14 59
10096 70 30
10097 23 36
10098 11 0
10099 47 73
10100 21 5
10101 2 65
10102 4 35
10103 78 34
10104 56 77
10105 72 26
10106 5 28
10107 14 76
10108 37 22
10109 3 35
10110 4 40
10111 40 30
10112 70 29
10113 10 49
10114 4 44
10115 29 28
10116 40 0
10117 57 6
10118 55 44
10119 70 30
10120 2 67
10121 14 75
10122 39 26
10123 38 22
10124 65 32
10125 55 43
10126 76 72
10127 37 66
10128 72 25
10129 5 65
10130 13 59
10131 70 29
10132 65 23
10133 46 31
10134 39 27
10135 31 25
10136 29 33
10137 6 28
10138 47 26
10139 41 46
10140 72 26
10141 10 79
10142 24 78
10143 8 56
10144 3 40
10145 67 18
10146 69 24
10147 17 57
10148 2 64
10149 51 35
10150 14 7
10151 57 34
10152 9 34
10153 68 18
10154 11 1
10155 54 11
10156 55 44
10157 36 29
10158 46 30
10159 4 40
10160 20 5
10161 33 30
10162 11 49
10163 32 25
10164 16 16
10165 72 25
10166 36 28
10167 46 31
10168 28 15
10169 55 79
10170 53 68
10171 9 79
10172 4 53
10173 17 56
10174 56 79
10175 46 30
10176 57 35
10177 5 28
10178 77 72
10179 58 58
10180 65 22
10181 17 40
10182 50 67
10183 55 43
10184 65 31
10185 17 57
10186 55 44
10187 63 28
10188 46 27
10189 56 6
10190 19 35
10191 63 50
10192 52 78
10193 76 72
10194 77 72
10195 50 68
10196 57 6
10197 76 40
10198 54 30
10199 37 22
10200 8 55
10201 68 32
10202 53 30
10203 76 11
10204 17 56
10205 10 79
10206 9 79
10207 31 25
10208 27 70
10209 55 43
10210 58 57
10211 38 22
10212 42 76
10213 51 1
10214 24 79
10215 9 33
10216 56 54
10217 15 25
10218 14 8
10219 3 67
10220 48 26
10221 42 62
10222 2 65
10223 4 43
10224 42 46
10225 2 64
10226 52 1
10227 17 16
10228 61 21
10229 50 67
10230 70 30
10231 53 11
10232 16 25
10233 63 51
10234 61 24
10235 14 76
10236 16 32
10237 52 79
10238 3 53
10239 41 46
10240 74 31
10241 27 71
10242 65 23
10243 72 26
10244 10 79
10245 50 35
10246 63 50
10247 39 26
10248 7 26
10249 37 13
10250 37 14
10251 4 35
10252 75 60
10253 45 27
10254 21 5
10255 75 42
10256 75 43
10257 29 29
10258 54 11
10259 57 34
10260 29 28
10261 37 13
10262 51 1
10263 65 22
10264 37 22
10265 42 46
10266 42 63
10267 72 25
10268 15 25
10269 7 27
10270 28 21
10271 51 56
10272 13 17
10273 54 30
10274 46 31
10275 63 51
10276 55 44
10277 27 70
10278 56 76
10279 4 44
10280 56 6
10281 2 65
10282 72 26
10283 39 71
10284 14 7
10285 6 28
10286 23 35
10287 51 55
10288 38 66
10289 14 75
10290 73 31
10291 55 43
10292 61 76
10293 14 8
10294 11 0
10295 40 31
10296 14 76
10297 24 78
10298 3 35
10299 17 41
10300 11 1
10301 25 73
10302 39 27
10303 10 49
10304 27 15
10305 53 69
10306 51 35
10307 36 29
10308 33 8
10309 23 36
10310 28 15
10311 24 52
10312 29 21
10313 29 29
10314 24 13
10315 40 30
10316 0 45
10317 27 15
10318 33 29
10319 58 58
10320 52 78
10321 8 56
10322 36 28
10323 63 29
10324 39 26
10325 67 18
10326 50 68
10327 41 0
10328 1 45
10329 2 64
10330 5 28
10331 56 72
10332 55 79
10333 37 66
10334 57 35
10335 24 53
10336 14 7
10337 33 7
10338 68 31
10339 15 43
10340 28 21
10341 50 35
10342 56 77
10343 52 79
10344 40 31
10345 25 74
10346 4 35
10347 53 11
10348 56 76
10349 12 40
10350 57 6
10351 7 26
10352 65 32
10353 38 22
10354 53 68
10355 23 35
10356 16 16
10357 41 76
10358 23 36
10359 68 32
10360 53 30
10361 13 40
10362 24 79
10363 4 6
10364 48 73
10365 68 31
10366 56 77
10367 74 31
10368 67 37
10369 15 34
10370 46 30
10371 57 34
10372 25 73
10373 57 35
10374 52 1
10375 9 79
10376 38 66
10377 39 70
10378 15 44
10379 2 65
10380 15 43
10381 20 5
10382 33 30
10383 17 57
10384 4 43
10385 4 53
10386 28 15
10387 17 16
10388 0 45
10389 14 75
10390 21 5
10391 39 71
10392 36 29
10393 47 73
10394 44 38
10395 11 0
10396 68 18
10397 54 11
10398 9 34
10399 29 28
10400 48 73
10401 62 76
10402 4 44
10403 16 16
10404 40 0
10405 17 56
10406 2 64
10407 11 49
10408 76 72
10409 65 23
10410 25 74
10411 73 31
10412 75 42
10413 77 72
10414 29 29
10415 14 34
10416 57 34
10417 24 14
10418 27 15
10419 52 78
10420 7 27
10421 51 65
10422 70 29
10423 16 33
10424 19 36
10425 65 22
10426 60 45
10427 41 0
10428 2 67
10429 14 59
10430 75 59
10431 56 55
10432 54 30
10433 51 66
10434 68 32
10435 78 35
10436 70 30
10437 50 67
10438 41 46
10439 15 34
10440 14 72
10441 78 34
10442 16 25
10443 37 14
10444 14 8
10445 11 38
10446 61 76
10447 42 62
10448 32 25
10449 53 11
10450 2 65
10451 46 31
10452 27 71
10453 8 55
10454 14 76
10455 55 72
10456 50 68
10457 70 29
10458 63 28
10459 15 44
10460 23 35
10461 31 25
10462 12 40
10463 36 28
10464 62 24
10465 40 0
10466 68 37
10467 15 43
10468 40 30
10469 33 8
10470 63 29
10471 69 23
10472 33 7
10473 78 35
10474 60 38
10475 63 50
10476 10 79
10477 56 76
10478 56 6
10479 27 70
10480 63 51
10481 7 26
10482 3 35
10483 67 18
10484 46 27
10485 4 35
10486 65 31
10487 23 36
10488 10 38
10489 60 46
10490 17 57
10491 42 63
10492 47 73
10493 56 79
10494 42 76
10495 65 23
10496 28 15
10497 19 35
10498 51 65
10499 36 29
10500 69 24
10501 57 35
10502 32 25
10503 15 72
10504 23 35
10505 9 79
10506 24 78
10507 15 44
10508 41 76
10509 45 27
10510 47 26
10511 16 32
10512 42 76
10513 74 31
10514 62 76
10515 41 76
10516 6 28
10517 3 67
10518 37 22
10519 14 7
10520 51 35
10521 56 77
10522 46 27
10523 72 25
10524 48 26
10525 56 76
10526 44 39
10527 23 36
10528 61 76
10529 17 16
10530 65 22
10531 13 16
10532 72 26
10533 42 76
10534 15 25
10535 14 72
10536 76 72
10537 19 36
10538 68 18
10539 5 28
10540 75 40
10541 14 75
10542 50 67
10543 68 31
10544 2 67
10545 41 0
10546 27 71
10547 42 62
10548 63 50
10549 9 33
10550 29 28
10551 40 0
10552 56 54
10553 68 32
10554 2 64
10555 60 45
10556 33 8
10557 15 72
10558 53 69
10559 4 43
10560 13 59
10561 33 7
10562 16 33
10563 14 72
10564 65 32
10565 29 21
10566 67 18
10567 42 63
10568 10 79
10569 24 52
10570 24 13
10571 13 17
10572 63 28
10573 7 27
10574 16 16
10575 14 59
10576 61 24
10577 14 8
10578 13 16
10579 75 11
10580 11 38
10581 13 59
10582 69 23
10583 48 73
10584 15 43
10585 9 34
10586 40 31
10587 9 79
10588 27 70
10589 3 40
10590 52 79
10591 57 34
10592 58 57
10593 9 33
10594 65 23
10595 29 29
10596 76 11
10597 7 26
10598 51 1
10599 7 27
10600 20 5
10601 1 45
10602 62 24
10603 69 24
10604 47 26
10605 52 78
10606 31 25
10607 69 23
10608 6 28
10609 3 35
10610 50 68
10611 24 14
10612 14 7
10613 29 32
10614 54 11
10615 42 46
10616 69 24
10617 44 38
10618 33 8
10619 56 55
10620 39 27
10621 32 25
10622 19 35
10623 17 16
10624 19 36
10625 50 67
10626 11 1
10627 37 66
10628 56 77
10629 61 20
10630 15 44
10631 11 0
10632 73 31
10633 63 51
10634 7 26
10635 61 24
10636 51 66
10637 68 18
10638 52 1
10639 15 43
10640 9 34
10641 11 1
10642 16 25
10643 8 56
10644 39 26
10645 16 16
10646 42 62
10647 8 55
10648 27 15
10649 70 30
10650 51 56
10651 65 31
10652 29 33
10653 2 65
10654 50 68
10655 39 70
10656 38 66
10657 45 27
10658 8 56
10659 65 32
10660 8 55
10661 53 11
10662 28 15
10663 15 44
10664 15 25
10665 76 40
10666 50 67
10667 37 66
10668 10 49
10669 16 32
10670 46 27
10671 13 17
10672 41 46
10673 14 59
10674 61 38
10675 0 45
10676 31 25
10677 68 31
10678 46 30
10679 63 50
10680 11 49
10681 68 32
10682 75 60
10683 9 33
10684 69 23
10685 57 35
10686 11 0
10687 36 28
10688 62 76
10689 32 25
10690 75 40
10691 56 76
10692 50 35
10693 42 46
10694 13 40
10695 23 35
10696 31 25
10697 21 5
10698 41 46
10699 29 28
10700 37 13
10701 2 64
10702 4 35
10703 52 79
10704 16 25
10705 74 31
10706 51 1
10707 73 31
10708 3 53
10709 60 46
10710 15 43
10711 74 31
10712 75 43
10713 60 45
10714 37 14
10715 42 63
10716 29 32
10717 44 39
10718 53 68
10719 17 16
10720 63 51
10721 61 21
10722 38 22
10723 39 71
10724 24 79
10725 72 25
10726 42 62
10727 33 29
10728 75 11
10729 65 22
10730 14 34
10731 47 73
10732 45 27
10733 33 7
10734 60 46
10735 48 26
10736 62 24
10737 47 26
10738 10 49
10739 42 63
10740 13 59
10741 15 25
10742 63 50
10743 11 1
10744 23 36
10745 27 71
10746 48 26
10747 44 38
10748 17 56
10749 14 8
10750 14 7
10751 55 79
10752 17 57
10753 48 73
10754 65 23
10755 14 8
10756 68 31
10757 29 33
10758 68 32
10759 3 35
10760 76 11
10761 5 28
10762 61 20
10763 60 38
10764 33 8
10765 46 27
10766 75 42
10767 70 29
10768 20 5
10769 24 78
10770 57 34
10771 45 27
10772 47 26
10773 15 72
10774 42 46
10775 41 0
10776 46 27
10777 58 58
10778 65 31
10779 9 34
10780 57 6
10781 28 21
10782 76 40
10783 63 51
10784 37 22
10785 41 76
10786 10 79
10787 39 27
10788 32 25
10789 58 57
10790 54 11
10791 15 34
10792 56 54
10793 51 65
10794 29 32
10795 52 78
10796 36 29
10797 56 77
10798 55 44
10799 12 40
10800 46 31
10801 29 21
10802 29 29
10803 4 7
10804 10 38
10805 4 6
10806 6 28
10807 4 40
10808 42 76
10809 42 62
10810 11 0
10811 61 24
10812 3 67
10813 14 72
10814 45 27
10815 24 13
10816 53 30
10817 5 66
10818 44 39
10819 15 72
10820 2 65
10821 13 16
10822 40 0
10823 75 43
10824 65 22
10825 38 66
10826 63 50
10827 53 69
10828 14 34
10829 61 38
10830 5 28
10831 56 76
10832 27 70
10833 58 58
10834 54 30
10835 58 57
10836 19 35
10837 4 44
10838 41 0
10839 15 44
10840 56 77
10841 51 55
10842 78 34
10843 47 73
10844 14 72
10845 16 16
10846 52 79
10847 65 23
10848 53 11
10849 58 58
10850 1 45
10851 62 24
10852 63 29
10853 46 27
10854 48 73
10855 52 1
10856 31 25
10857 60 45
10858 27 71
10859 17 56
10860 36 28
10861 14 59
10862 9 33
10863 61 21
10864 24 79
10865 63 51
10866 75 59
10867 54 11
10868 15 34
10869 56 55
10870 55 43
10871 51 35
10872 39 26
10873 53 30
10874 60 38
10875 13 17
10876 53 68
10877 29 33
10878 56 79
10879 54 30
10880 41 76
10881 15 43
10882 47 73
10883 11 1
10884 52 78
10885 75 42
10886 61 76
10887 53 69
10888 40 0
10889 72 26
10890 27 70
10891 13 16
10892 53 68
10893 9 79
10894 13 40
10895 69 24
10896 56 54
10897 24 53
10898 46 30
10899 56 76
10900 9 34
10901 23 35
10902 23 36
10903 39 27
10904 21 5
10905 29 32
10906 32 25
10907 17 16
10908 56 55
10909 2 64
10910 51 66
10911 37 13
10912 67 37
10913 31 25
10914 41 0
10915 72 25
10916 45 27
10917 63 28
10918 51 65
10919 16 33
10920 2 65
10921 4 7
10922 11 0
10923 24 14
10924 63 29
10925 42 63
10926 20 5
10927 75 40
10928 39 70
10929 36 29
10930 33 7
10931 6 28
10932 36 28
10933 19 36
10934 8 56
10935 27 71
10936 53 11
10937 12 40
10938 4 35
10939 72 26
10940 68 31
10941 24 78
10942 54 11
10943 11 38
10944 32 25
10945 57 35
10946 5 28
10947 17 40
10948 13 59
10949 27 15
10950 56 6
10951 16 16
10952 14 34
10953 68 32
10954 40 0
10955 13 40
10956 56 77
10957 24 52
10958 53 11
10959 41 46
10960 17 16
10961 29 28
10962 69 23
10963 54 11
10964 61 38
10965 33 30
10966 16 16
10967 11 49
10968 41 0
10969 24 13
10970 38 22
10971 4 43
10972 10 49
10973 55 44
10974 21 5
10975 70 30
10976 33 8
10977 51 56
10978 55 43
10979 14 7
10980 4 6
10981 55 44
10982 70 29
10983 57 6
10984 42 76
10985 77 72
10986 10 38
10987 28 15
10988 65 32
10989 24 53
10990 25 73
10991 46 31
10992 27 15
10993 33 29
10994 37 14
10995 76 40
10996 73 31
10997 4 44
10998 70 30
10999 36 29
11000 68 31
11001 28 15
11002 68 32
11003 68 31
11004 56 6
11005 50 35
11006 42 46
11007 57 34
11008 11 1
11009 63 50
11010 75 43
11011 11 49
11012 16 25
11013 37 66
11014 57 6
11015 51 35
11016 2 67
11017 48 26
11018 63 28
11019 67 18
11020 10 49
11021 0 45
11022 15 44
11023 1 45
11024 41 46
11025 24 52
11026 56 72
11027 75 40
11028 46 27
11029 36 28
11030 41 76
11031 31 25
11032 9 33
11033 29 29
11034 46 30
11035 2 64
11036 17 16
11037 52 79
11038 37 22
11039 56 6
11040 72 25
11041 3 67
11042 10 79
11043 4 7
11044 65 31
11045 6 28
11046 75 11
11047 17 57
11048 57 6
11049 36 29
11050 15 34
11051 57 35
11052 62 76
11053 38 22
11054 8 55
11055 40 0
11056 24 79
11057 56 6
11058 78 35
11059 76 11
11060 3 35
11061 53 11
11062 14 8
11063 4 35
11064 37 22
11065 4 6
11066 57 6
11067 38 22
11068 56 76
11069 9 79
11070 68 37
11071 75 11
11072 17 56
11073 19 35
11074 36 28
11075 33 30
11076 5 28
11077 14 76
11078 16 32
11079 67 37
11080 78 34
11081 14 34
11082 50 35
11083 6 28
11084 56 77
11085 7 27
11086 11 0
11087 68 18
11088 16 33
11089 63 29
11090 11 1
11091 38 66
11092 40 30
11093 27 15
11094 0 45
11095 61 76
11096 75 42
11097 76 11
11098 62 76
11099 39 26
11100 39 71
11101 53 69
11102 16 32
11103 46 31
11104 46 30
11105 51 35
11106 40 31
11107 44 38
11108 74 31
11109 25 74
11110 15 43
11111 14 7
11112 60 38
11113 70 29
11114 46 31
11115 60 46
11116 13 17
11117 65 22
11118 56 76
11119 28 15
11120 63 28
11121 16 16
11122 55 72
11123 14 75
11124 37 22
11125 15 25
11126 50 35
11127 40 30
11128 15 34
11129 44 39
11130 68 32
11131 14 8
11132 41 0
11133 65 23
11134 78 35
11135 25 73
11136 15 44
11137 55 79
11138 5 65
11139 24 14
11140 11 0
11141 11 38
11142 3 35
11143 11 1
11144 51 55
11145 14 7
11146 12 40
11147 70 30
11148 11 0
11149 4 43
11150 45 27
11151 50 68
11152 10 38
11153 72 26
11154 4 44
11155 78 34
11156 2 67
11157 37 13
11158 61 38
11159 14 8
11160 24 78
11161 76 40
11162 56 72
11163 29 28
11164 48 73
11165 51 56
11166 42 62
11167 29 29
11168 56 79
11169 65 32
11170 33 29
11171 73 31
11172 27 15
11173 38 22
11174 53 30
11175 40 31
11176 17 41
11177 50 67
11178 4 53
11179 14 59
11180 74 31
11181 46 30
11182 75 11
11183 51 66
11184 42 63
11185 15 43
11186 24 13
11187 37 22
11188 55 43
11189 61 20
11190 51 1
11191 46 27
11192 54 30
11193 13 59
11194 5 66
11195 56 6
11196 56 54
11197 50 68
11198 60 38
11199 25 74
11200 16 25
11201 61 21
11202 46 31
11203 11 49
11204 25 73
11205 42 76
11206 58 57
11207 5 28
11208 61 38
11209 54 11
11210 24 14
11211 76 72
11212 40 0
11213 37 14
11214 47 26
11215 60 38
11216 29 28
11217 68 37
11218 72 25
11219 39 70
11220 33 30
11221 41 76
11222 3 40
11223 52 1
11224 13 16
11225 61 20
11226 2 65
11227 52 78
11228 42 46
11229 11 1
11230 24 79
11231 11 38
11232 47 73
11233 28 15
11234 25 74
11235 13 40
11236 39 71
11237 55 72
11238 10 38
11239 10 79
11240 46 30
11241 61 76
11242 61 21
11243 41 0
11244 46 31
11245 58 58
11246 46 30
11247 40 30
11248 65 31
11249 41 46
11250 46 31
11251 7 26
11252 67 37
11253 15 72
11254 56 72
11255 77 72
11256 29 29
11257 48 26
11258 63 51
11259 76 72
11260 14 7
11261 78 35
11262 57 34
11263 77 72
11264 20 5
11265 40 31
11266 24 78
11267 69 24
11268 42 76
11269 52 79
11270 62 76
11271 36 29
11272 55 72
11273 17 57
11274 51 65
11275 55 44
11276 61 76
11277 67 18
11278 51 55
11279 21 5
11280 63 29
11281 61 24
11282 46 30
11283 55 43
11284 75 40
11285 17 40
11286 72 26
11287 38 22
11288 52 78
11289 42 46
11290 56 72
11291 13 17
11292 27 70
11293 61 20
11294 58 57
11295 50 67
11296 3 67
11297 24 79
11298 57 35
11299 23 35
11300 65 22
11301 36 28
11302 61 21
11303 39 27
11304 61 38
11305 51 35
11306 63 50
11307 4 40
11308 11 38
11309 57 34
11310 14 59
11311 60 45
11312 15 44
11313 76 40
11314 25 73
11315 39 26
11316 39 27
11317 17 41
11318 37 22
11319 17 56
11320 25 74
11321 2 67
11322 70 29
11323 6 28
11324 53 11
11325 75 40
11326 55 79
11327 63 28
11328 29 28
11329 24 78
11330 25 73
11331 13 16
11332 37 13
11333 57 35
11334 3 53
11335 33 7
11336 25 74
11337 56 55
11338 70 30
11339 5 65
11340 17 16
11341 24 79
11342 48 73
11343 16 33
11344 65 23
11345 50 68
11346 47 26
11347 62 24
11348 51 56
11349 44 38
11350 63 29
11351 20 5
11352 17 40
11353 3 40
11354 33 8
11355 51 55
11356 63 51
11357 60 38
11358 54 11
11359 27 71
11360 1 45
11361 5 66
11362 13 59
11363 41 76
11364 58 58
11365 8 56
11366 57 6
11367 8 55
11368 42 62
11369 40 30
11370 55 44
11371 76 40
11372 68 31
11373 37 66
11374 68 32
11375 29 29
11376 16 32
11377 2 64
11378 36 29
11379 4 40
11380 14 8
11381 45 27
11382 65 22
11383 50 67
11384 2 65
11385 27 70
11386 42 63
11387 57 34
11388 68 31
11389 17 41
11390 53 11
11391 27 15
11392 21 5
11393 39 70
11394 17 57
11395 75 43
11396 2 64
11397 75 42
11398 73 31
11399 76 72
11400 72 25
11401 15 43
11402 55 72
11403 5 65
11404 62 76
11405 4 53
11406 39 26
11407 3 53
11408 56 79
11409 60 46
11410 50 68
11411 16 16
11412 9 34
11413 75 40
11414 74 31
11415 17 56
11416 46 31
11417 53 30
11418 4 7
11419 47 73
11420 77 72
11421 10 38
11422 61 24
11423 76 72
11424 33 29
11425 42 62
11426 24 78
11427 41 46
11428 12 40
11429 17 16
11430 39 71
11431 57 35
11432 19 36
11433 33 7
11434 19 35
11435 77 72
11436 65 23
11437 56 6
11438 65 32
11439 52 79
11440 11 38
11441 50 35
11442 19 36
11443 0 45
11444 48 26
11445 50 67
11446 47 26
11447 63 28
11448 51 35
11449 36 28
11450 4 53
11451 24 53
11452 69 23
11453 3 40
11454 8 56
11455 10 49
11456 58 57
11457 40 31
11458 61 76
11459 8 55
11460 55 79
11461 15 44
11462 11 0
11463 62 24
11464 56 54
11465 20 5
11466 8 56
11467 28 21
11468 76 72
11469 15 43
11470 44 39
11471 5 28
11472 57 6
11473 29 33
11474 27 71
11475 60 45
11476 56 77
11477 46 30
11478 51 56
11479 4 35
11480 65 22
11481 65 23
11482 63 29
11483 13 40
11484 13 17
11485 56 55
11486 62 76
11487 54 11
11488 42 63
11489 46 27
11490 9 79
11491 61 76
11492 10 79
11493 9 33
11494 51 66
11495 33 8
11496 51 55
11497 42 62
11498 15 44
11499 78 34
11500 21 5
11501 9 79
11502 36 29
11503 25 73
11504 24 13
11505 10 79
11506 57 34
11507 72 26
11508 48 26
11509 73 31
11510 42 76
11511 51 65
11512 61 38
11513 56 76
11514 63 28
11515 4 6
11516 24 79
11517 7 27
11518 1 45
11519 56 77
11520 14 34
11521 41 76
11522 10 38
11523 3 35
11524 60 46
11525 51 1
11526 11 49
11527 27 70
11528 11 38
11529 75 60
11530 5 66
11531 0 45
11532 32 25
11533 52 78
11534 29 32
11535 76 11
11536 29 28
11537 63 29
11538 31 25
11539 56 79
11540 45 27
11541 15 25
11542 60 38
11543 8 55
11544 42 63
11545 42 46
11546 40 30
11547 2 65
11548 1 45
11549 55 79
11550 15 34
11551 29 33
11552 50 68
11553 46 27
11554 56 54
11555 51 56
11556 56 72
11557 24 78
11558 38 66
11559 50 35
11560 16 16
11561 33 30
11562 39 27
11563 63 28
11564 15 43
11565 53 11
11566 24 79
11567 77 72
11568 20 5
11569 29 32
11570 51 55
11571 44 38
11572 12 40
11573 9 34
11574 0 45
11575 29 21
11576 37 14
11577 51 66
11578 68 37
11579 51 65
11580 51 56
11581 61 20
11582 76 40
11583 45 27
11584 11 1
11585 62 76
11586 69 24
11587 24 78
11588 70 29
11589 13 40
11590 3 53
11591 40 31
11592 29 29
11593 54 11
11594 58 58
11595 52 1
11596 29 28
11597 50 67
11598 51 55
11599 40 0
11600 46 27
11601 27 71
11602 33 7
11603 65 31
11604 7 26
11605 14 76
11606 53 68
11607 42 62
11608 5 65
11609 27 70
11610 33 8
11611 51 1
11612 75 40
11613 10 38
11614 5 66
11615 69 23
11616 29 29
11617 33 29
11618 12 40
11619 51 66
11620 39 70
11621 38 22
11622 61 24
11623 53 11
11624 65 22
11625 60 45
11626 57 35
11627 76 40
11628 15 44
11629 33 30
11630 33 29
11631 51 35
11632 3 67
11633 75 59
11634 32 25
11635 19 35
11636 50 68
11637 14 34
11638 50 67
11639 63 50
11640 2 64
11641 46 31
11642 37 13
11643 28 15
11644 56 6
11645 57 34
11646 56 79
11647 67 37
11648 76 72
11649 29 33
11650 75 60
11651 56 76
11652 45 27
11653 4 7
11654 5 65
11655 1 45
11656 17 57
11657 74 31
11658 73 31
11659 36 28
11660 16 25
11661 65 23
11662 24 52
11663 41 46
11664 33 7
11665 29 32
11666 5 66
11667 24 79
11668 68 32
11669 9 79
11670 13 16
11671 58 57
11672 62 24
11673 78 35
11674 14 75
11675 2 65
11676 51 56
11677 21 5
11678 54 11
11679 4 43
11680 68 37
11681 74 31
11682 47 26
11683 61 24
11684 14 76
11685 54 30
11686 6 28
11687 53 69
11688 73 31
11689 75 43
11690 17 40
11691 55 72
11692 65 22
11693 29 28
11694 60 46
11695 42 46
11696 16 33
11697 61 21
11698 57 35
11699 42 63
11700 17 56
11701 24 14
11702 62 24
11703 24 78
11704 77 72
11705 61 38
11706 14 59
11707 27 71
11708 5 65
11709 53 68
11710 37 66
11711 5 28
11712 14 72
11713 4 35
11714 24 53
11715 55 43
11716 15 25
11717 16 25
11718 29 29
11719 14 75
11720 23 36
11721 11 0
11722 57 6
11723 78 34
11724 27 70
11725 28 21
11726 29 28
11727 55 44
11728 14 76
11729 9 33
11730 24 52
11731 15 25
11732 63 51
11733 37 14
11734 4 6
11735 8 56
11736 65 32
11737 72 25
11738 53 11
11739 2 64
11740 15 43
11741 74 31
11742 53 30
11743 17 57
11744 27 15
11745 56 77
11746 55 79
11747 58 58
11748 15 44
11749 36 29
11750 46 30
11751 48 26
11752 56 6
11753 75 42
11754 19 36
11755 75 11
11756 24 53
11757 25 74
11758 14 75
11759 2 67
11760 14 7
11761 75 59
11762 9 34
11763 19 35
11764 9 33
11765 31 25
11766 4 40
11767 39 26
11768 48 73
11769 13 17
11770 65 23
11771 7 27
11772 54 11
11773 42 76
11774 4 44
11775 16 32
11776 37 13
11777 16 25
11778 41 46
11779 27 71
11780 75 60
11781 61 76
11782 73 31
11783 11 38
11784 68 18
11785 65 31
11786 15 43
11787 27 70
11788 54 30
11789 53 11
11790 69 24
11791 2 65
11792 75 40
11793 29 29
11794 16 33
11795 17 16
11796 14 76
11797 11 1
11798 44 39
11799 6 28
11800 29 33
11801 33 8
11802 60 45
11803 75 43
11804 15 25
11805 2 64
11806 41 0
11807 3 40
11808 15 72
11809 75 59
11810 65 32
11811 13 40
11812 3 35
11813 63 29
11814 42 46
11815 51 55
11816 27 71
11817 40 0
11818 37 22
11819 4 40
11820 63 28
11821 16 16
11822 56 79
11823 57 6
11824 4 7
11825 38 66
11826 16 32
11827 65 31
11828 24 79
11829 76 40
11830 60 46
11831 4 53
11832 10 79
11833 60 45
11834 75 40
11835 50 68
11836 51 65
11837 56 6
11838 74 31
11839 7 26
11840 53 69
11841 14 8
11842 39 71
11843 63 29
11844 40 30
11845 19 36
11846 75 60
11847 2 65
11848 37 14
11849 53 68
11850 61 20
11851 37 66
11852 11 0
11853 39 27
11854 60 46
11855 17 16
11856 24 13
11857 2 64
11858 27 70
11859 16 33
11860 28 15
11861 51 66
11862 5 28
11863 4 35
11864 40 31
11865 24 52
11866 0 45
11867 56 55
11868 67 37
11869 47 73
11870 16 25
11871 75 42
11872 63 50
11873 69 23
11874 6 28
11875 55 79
11876 75 59
11877 78 35
11878 63 51
11879 67 18
11880 10 38
11881 51 65
11882 38 66
11883 11 1
11884 76 72
11885 65 22
11886 63 28
11887 13 16
11888 7 27
11889 14 72
11890 44 38
11891 75 60
11892 52 1
11893 78 34
11894 16 16
11895 55 43
11896 53 69
11897 1 45
11898 76 40
11899 55 44
11900 25 73
11901 56 79
11902 29 21
11903 41 46
11904 29 28
11905 57 6
11906 39 70
11907 9 34
11908 50 67
11909 17 56
11910 44 39
11911 11 0
11912 68 31
11913 60 38
11914 7 26
11915 69 24
11916 39 71
11917 16 32
11918 14 75
11919 4 43
11920 62 76
11921 8 55
11922 68 32
11923 61 21
11924 48 73
11925 20 5
11926 24 14
11927 14 7
11928 29 32
11929 46 31
11930 51 1
11931 5 66
11932 61 76
11933 33 7
11934 50 68
11935 68 31
11936 52 1
11937 15 25
11938 42 62
11939 47 26
11940 3 53
11941 61 20
11942 4 44
11943 39 70
11944 39 26
11945 13 59
11946 76 11
11947 41 0
11948 78 35
11949 27 15
11950 37 66
11951 24 53
11952 4 6
11953 56 54
11954 14 76
11955 29 29
11956 65 32
11957 75 43
11958 62 76
11959 40 0
11960 48 26
11961 51 1
11962 75 40
11963 19 35
11964 52 79
11965 61 38
11966 57 34
11967 4 43
11968 2 65
11969 65 31
11970 51 56
11971 50 35
11972 28 21
11973 14 75
11974 47 73
11975 15 44
11976 15 43
11977 52 1
11978 15 72
11979 61 21
11980 46 30
11981 72 26
11982 5 65
11983 24 78
11984 57 35
11985 72 25
11986 17 41
11987 76 40
11988 5 28
11989 75 59
11990 68 18
11991 28 15
11992 15 44
11993 32 25
11994 70 30
11995 63 29
11996 38 22
11997 48 73
11998 3 35
11999 75 42
12000 14 72
12001 56 55
12002 60 45
12003 56 6
12004 14 8
12005 37 13
12006 15 72
12007 5 66
12008 38 66
12009 29 28
12010 27 15
12011 24 52
12012 73 31
12013 47 26
12014 2 64
12015 44 38
12016 15 43
12017 54 11
12018 19 36
12019 15 34
12020 47 73
12021 68 37
12022 57 6
12023 68 32
12024 46 27
12025 9 79
12026 55 43
12027 27 71
12028 60 38
12029 65 32
12030 14 59
12031 65 31
12032 0 45
12033 39 71
12034 5 65
12035 46 31
12036 56 72
12037 53 11
12038 24 79
12039 67 37
12040 63 50
12041 55 72
12042 17 40
12043 4 7
12044 21 5
12045 75 11
12046 24 13
12047 33 8
12048 33 30
12049 16 33
12050 74 31
12051 3 67
12052 65 32
12053 55 79
12054 48 73
12055 45 27
12056 75 43
12057 63 28
12058 63 29
12059 1 45
12060 77 72
12061 39 27
12062 63 28
12063 68 31
12064 78 34
12065 6 28
12066 14 34
12067 42 63
12068 24 53
12069 9 33
12070 68 37
12071 51 66
12072 5 66
12073 61 76
12074 28 15
12075 13 17
12076 29 29
12077 63 29
12078 76 11
12079 15 44
12080 53 30
12081 46 27
12082 46 30
12083 10 49
12084 54 30
12085 75 60
12086 75 42
12087 14 76
12088 70 29
12089 40 30
12090 53 68
12091 17 57
12092 13 59
12093 52 78
12094 41 0
12095 46 31
12096 7 27
12097 76 72
12098 4 44
12099 56 6
12100 23 35
12101 60 46
12102 67 18
12103 61 20
12104 77 72
12105 41 76
12106 11 38
12107 72 26
12108 15 43
12109 14 7
12110 23 36
12111 39 70
12112 65 31
12113 65 32
12114 24 52
12115 14 72
12116 17 16
12117 56 79
12118 50 67
12119 57 34
12120 2 67
12121 14 59
12122 70 30
12123 67 37
12124 65 23
12125 42 46
12126 61 24
12127 4 35
12128 53 30
12129 17 41
12130 53 69
12131 58 57
12132 45 27
12133 46 30
12134 53 68
12135 2 65
12136 46 31
12137 11 49
12138 42 62
12139 16 25
12140 12 40
12141 20 5
12142 61 21
12143 29 28
12144 48 26
12145 17 56
12146 9 34
12147 54 30
12148 24 53
12149 2 64
12150 23 35
12151 56 54
12152 4 53
12153 15 72
12154 44 39
12155 65 22
12156 47 73
12157 78 35
12158 44 38
12159 68 37
12160 40 31
12161 56 55
12162 51 1
12163 60 45
12164 53 69
12165 40 30
12166 48 73
12167 65 31
12168 40 0
12169 29 21
12170 75 59
12171 68 32
12172 15 44
12173 69 23
12174 42 63
12175 53 68
12176 39 26
12177 13 40
12178 51 65
12179 50 68
12180 33 7
12181 15 34
12182 54 11
12183 40 31
12184 63 28
12185 5 28
12186 63 51
12187 15 43
12188 0 45
12189 40 30
12190 41 46
12191 15 25
12192 65 32
12193 44 39
12194 42 76
12195 13 16
12196 75 60
12197 6 28
12198 29 29
12199 42 62
12200 75 11
12201 75 43
12202 28 21
12203 42 63
12204 56 76
12205 72 25
12206 29 33
12207 27 15
12208 7 26
12209 4 43
12210 16 16
12211 75 59
12212 17 40
12213 36 28
12214 14 34
12215 56 72
12216 60 46
12217 5 28
12218 4 6
12219 61 38
12220 62 24
12221 56 77
12222 10 79
12223 42 62
12224 55 79
12225 56 54
12226 47 26
12227 1 45
12228 65 23
12229 11 1
12230 12 40
12231 21 5
12232 39 27
12233 72 26
12234 53 30
12235 72 25
12236 39 71
12237 37 14
12238 19 35
12239 29 21
12240 56 79
12241 50 67
12242 14 8
12243 40 31
12244 24 14
12245 29 32
12246 0 45
12247 72 26
12248 69 24
12249 17 16
12250 62 76
12251 60 38
12252 72 25
12253 53 11
12254 55 79
12255 53 69
12256 16 32
12257 24 13
12258 13 59
12259 16 25
12260 76 11
12261 19 36
12262 60 45
12263 29 28
12264 29 29
12265 2 65
12266 57 6
12267 14 75
12268 39 26
12269 28 21
12270 24 14
12271 19 35
12272 46 27
12273 33 29
12274 3 35
12275 9 79
12276 65 31
12277 13 17
12278 76 72
12279 14 72
12280 65 22
12281 8 56
12282 56 6
12283 57 6
12284 15 44
12285 13 40
12286 33 30
12287 63 29
12288 4 35
12289 9 33
12290 75 11
12291 42 46
12292 60 46
12293 45 27
12294 27 70
12295 75 42
12296 56 76
12297 25 74
12298 29 21
12299 70 29
12300 60 45
12301 8 55
12302 69 23
12303 46 30
12304 54 11
12305 1 45
12306 7 27
12307 24 13
12308 40 30
12309 78 34
12310 15 43
12311 3 40
12312 16 33
12313 10 38
12314 67 37
12315 75 43
12316 72 26
12317 15 72
12318 4 7
12319 75 42
12320 77 72
12321 24 52
12322 7 26
12323 55 44
12324 0 45
12325 29 28
12326 20 5
12327 37 66
12328 63 28
12329 4 44
12330 25 73
12331 75 43
12332 15 44
12333 75 42
12334 27 71
12335 6 28
12336 5 65
12337 28 15
12338 46 31
12339 29 33
12340 21 5
12341 5 66
12342 2 64
12343 14 59
12344 33 29
12345 20 5
12346 14 7
12347 51 66
12348 51 55
12349 24 53
12350 11 0
12351 51 56
12352 75 43
12353 63 50
12354 38 66
12355 44 38
12356 52 79
12357 12 40
12358 68 18
12359 52 1
12360 14 72
12361 24 14
12362 33 8
12363 65 32
12364 48 26
12365 37 13
12366 2 65
12367 40 31
12368 24 13
12369 13 59
12370 24 78
12371 63 29
12372 7 27
12373 19 36
12374 41 76
12375 3 53
12376 54 30
12377 50 68
12378 53 11
12379 37 22
12380 56 6
12381 53 68
12382 51 55
12383 72 25
12384 24 14
12385 16 32
12386 3 67
12387 41 46
12388 4 40
12389 61 76
12390 42 76
12391 28 21
12392 46 27
12393 44 39
12394 57 6
12395 16 33
12396 68 31
12397 47 73
12398 38 22
12399 36 29
12400 51 65
12401 9 34
12402 61 20
12403 29 21
12404 44 38
12405 56 6
12406 27 15
12407 51 66
12408 10 49
12409 15 34
12410 70 30
12411 21 5
12412 15 43
12413 55 72
12414 73 31
12415 20 5
12416 51 1
12417 15 44
12418 63 51
12419 44 39
12420 24 52
12421 14 34
12422 37 14
12423 57 6
12424 17 57
12425 54 11
12426 14 8
12427 41 0
12428 44 38
12429 65 31
12430 24 53
12431 27 70
12432 47 26
12433 28 21
12434 53 11
12435 51 56
12436 10 79
12437 46 30
12438 27 71
12439 14 7
12440 51 65
12441 5 28
12442 14 8
12443 53 30
12444 54 30
12445 70 29
12446 37 13
12447 54 11
12448 76 72
12449 14 59
12450 53 69
12451 68 37
12452 37 66
12453 52 78
12454 53 11
12455 75 60
12456 2 67
12457 24 13
12458 68 32
12459 3 40
12460 4 53
12461 67 37
12462 15 72
12463 40 30
12464 62 76
12465 53 68
12466 61 38
12467 77 72
12468 37 14
12469 39 27
12470 74 31
12471 65 32
12472 56 79
12473 75 42
12474 78 35
12475 56 6
12476 61 76
12477 39 26
12478 40 0
12479 55 79
12480 21 5
12481 36 28
12482 27 70
12483 29 21
12484 13 40
12485 60 46
12486 56 72
12487 23 36
12488 58 58
12489 6 28
12490 23 35
12491 62 76
12492 41 76
12493 65 23
12494 76 11
12495 17 41
12496 58 57
12497 72 26
12498 4 6
12499 68 37
12500 56 79
12501 28 21
12502 11 49
12503 53 30
12504 48 73
12505 17 56
12506 24 14
12507 9 79
12508 45 27
12509 8 56
12510 19 35
12511 60 45
12512 78 34
12513 13 16
12514 60 38
12515 55 79
12516 47 73
12517 38 66
12518 42 63
12519 76 72
12520 51 55
12521 58 58
12522 3 67
12523 56 79
12524 10 79
12525 57 35
12526 51 56
12527 60 46
12528 15 43
12529 33 30
12530 50 67
12531 51 66
12532 52 79
12533 3 35
12534 14 72
12535 15 34
12536 57 6
12537 1 45
12538 63 50
12539 65 22
12540 13 17
12541 61 76
12542 16 16
12543 50 68
12544 11 38
12545 13 16
12546 68 31
12547 17 40
12548 68 32
12549 40 31
12550 29 32
12551 37 22
12552 52 78
12553 2 67
12554 14 76
12555 29 21
12556 3 67
12557 19 36
12558 8 55
12559 2 67
12560 17 41
12561 39 70
12562 4 43
12563 28 21
12564 10 38
12565 15 72
12566 63 28
12567 75 40
12568 57 34
12569 11 1
12570 44 39
12571 55 79
12572 15 44
12573 72 25
12574 75 11
12575 29 29
12576 56 79
12577 76 40
12578 33 7
12579 48 26
12580 3 67
12581 31 25
12582 24 79
12583 42 46
12584 17 57
12585 29 33
12586 54 11
12587 37 13
12588 19 35
12589 61 21
12590 9 79
12591 32 25
12592 2 67
12593 23 36
12594 61 24
12595 61 38
12596 37 14
12597 20 5
12598 17 16
12599 46 27
12600 54 30
12601 52 1
12602 4 7
12603 68 31
12604 3 67
12605 14 7
12606 48 73
12607 29 21
12608 3 53
12609 10 49
12610 33 8
12611 55 43
12612 67 18
12613 4 44
12614 28 15
12615 41 0
12616 16 32
12617 10 79
12618 70 30
12619 27 15
12620 29 32
12621 62 76
12622 25 74
12623 68 18
12624 57 35
12625 24 78
12626 63 29
12627 53 69
12628 53 30
12629 29 28
12630 55 72
12631 44 38
12632 75 40
12633 53 11
12634 51 65
12635 67 18
12636 37 13
12637 51 55
12638 15 43
12639 24 79
12640 45 27
12641 68 32
12642 67 37
12643 52 79
12644 75 43
12645 58 57
12646 38 22
12647 41 46
12648 4 43
12649 56 77
12650 56 55
12651 24 78
12652 33 29
12653 50 67
12654 13 17
12655 17 56
12656 62 24
12657 77 72
12658 24 79
12659 11 0
12660 4 6
12661 50 68
12662 51 66
12663 52 78
12664 27 71
12665 58 58
12666 75 59
12667 44 39
12668 27 70
12669 13 16
12670 54 30
12671 28 15
12672 50 67
12673 37 22
12674 57 34
12675 60 38
12676 60 45
12677 75 42
12678 40 0
12679 65 23
12680 53 68
12681 33 7
12682 42 76
12683 9 33
12684 65 22
12685 61 38
12686 47 73
12687 5 28
12688 4 53
12689 68 18
12690 6 28
12691 51 65
12692 40 30
12693 78 35
12694 40 31
12695 4 40
12696 63 28
12697 61 24
12698 50 68
12699 9 79
12700 29 29
12701 41 76
12702 12 40
12703 19 36
12704 4 7
12705 47 26
12706 2 64
12707 33 30
12708 61 20
12709 28 21
12710 42 46
12711 24 52
12712 55 79
12713 70 29
12714 68 37
12715 42 62
12716 36 29
12717 24 53
12718 2 67
12719 73 31
12720 68 31
12721 42 63
12722 63 51
12723 52 79
12724 13 59
12725 17 40
12726 51 1
12727 16 16
12728 37 66
12729 29 21
12730 9 34
12731 25 73
12732 51 35
12733 10 79
12734 17 57
12735 55 44
12736 39 27
12737 53 69
12738 14 34
12739 17 56
12740 23 35
12741 23 36
12742 15 34
12743 75 60
12744 56 72
12745 25 74
12746 13 40
12747 14 8
12748 50 35
12749 37 14
12750 53 30
12751 75 43
12752 67 18
12753 14 34
12754 51 66
12755 41 0
12756 39 26
12757 54 30
12758 40 0
12759 46 31
12760 17 41
12761 55 43
12762 11 1
12763 4 44
12764 39 71
12765 38 22
12766 4 35
12767 39 27
12768 19 35
12769 69 24
12770 37 22
12771 27 15
12772 62 24
12773 21 5
12774 5 65
12775 14 72
12776 3 40
12777 55 72
12778 56 76
12779 15 25
12780 39 70
12781 31 25
12782 39 26
12783 53 68
12784 44 38
12785 17 16
12786 32 25
12787 42 62
12788 27 71
12789 55 44
12790 24 13
12791 52 1
12792 60 38
12793 31 25
12794 28 21
12795 4 43
12796 0 45
12797 2 65
12798 56 54
12799 61 76
12800 11 49
12801 56 6
12802 9 33
12803 4 40
12804 55 43
12805 51 56
12806 56 77
12807 28 15
12808 8 56
12809 67 37
12810 3 67
12811 8 55
12812 5 28
12813 3 40
12814 65 31
12815 72 26
12816 51 35
12817 15 72
12818 27 15
12819 46 30
12820 76 40
12821 61 21
12822 24 14
12823 7 26
12824 75 40
12825 33 8
12826 4 40
12827 46 31
12828 33 29
12829 53 30
12830 68 18
12831 37 13
12832 14 7
12833 51 1
12834 29 21
12835 8 56
12836 24 13
12837 40 30
12838 14 75
12839 41 46
12840 6 28
12841 69 23
12842 25 73
12843 15 34
12844 25 74
12845 3 53
12846 67 18
12847 68 18
12848 29 28
12849 14 34
12850 41 0
12851 52 78
12852 76 11
12853 68 37
12854 14 76
12855 42 46
12856 14 59
12857 40 31
12858 27 70
12859 25 73
12860 39 71
12861 15 34
12862 5 28
12863 3 40
12864 29 33
12865 63 50
12866 4 53
12867 15 44
12868 24 78
12869 15 43
12870 63 29
12871 32 25
12872 75 11
12873 67 37
12874 42 63
12875 38 66
12876 56 72
12877 24 14
12878 56 79
12879 39 70
12880 12 40
12881 72 25
12882 51 55
12883 25 74
12884 1 45
12885 58 57
12886 61 20
12887 52 79
12888 17 40
12889 2 67
12890 17 57
12891 29 32
12892 2 64
12893 61 24
12894 14 75
12895 56 76
12896 37 14
12897 68 37
12898 61 38
12899 9 34
12900 55 44
12901 70 30
12902 44 39
12903 10 49
12904 11 38
12905 7 27
12906 75 59
12907 57 6
12908 17 56
12909 63 51
12910 3 35
12911 55 72
12912 36 28
12913 39 71
12914 69 24
12915 14 76
12916 5 66
12917 60 38
12918 31 25
12919 8 55
12920 61 38
12921 3 53
12922 62 76
12923 33 7
12924 46 30
12925 33 30
12926 16 16
12927 76 40
12928 52 1
12929 48 73
12930 53 69
12931 14 72
12932 42 62
12933 42 76
12934 29 33
12935 24 52
12936 58 58
12937 29 32
12938 29 29
12939 17 57
12940 4 40
12941 4 35
12942 65 23
12943 48 26
12944 14 34
12945 33 8
12946 40 0
12947 13 59
12948 14 75
12949 60 46
12950 61 76
12951 65 32
12952 62 76
12953 41 46
12954 5 65
12955 39 70
12956 61 21
12957 51 56
12958 5 66
12959 61 76
12960 55 43
12961 16 33
12962 46 31
12963 55 79
12964 65 31
12965 39 71
12966 47 73
12967 6 28
12968 14 8
12969 40 30
12970 56 77
12971 62 76
12972 76 11
12973 15 72
12974 46 27
12975 9 33
12976 54 30
12977 2 65
12978 51 55
12979 74 31
12980 32 25
12981 37 13
12982 50 35
12983 23 35
12984 46 30
12985 14 59
12986 16 25
12987 42 63
12988 65 32
12989 29 28
12990 23 36
12991 2 64
12992 39 27
12993 15 25
12994 56 6
12995 60 38
12996 52 78
12997 75 40
12998 58 57
12999 24 13
13000 42 46
13001 75 11
13002 9 79
13003 70 29
13004 37 66
13005 69 23
13006 41 0
13007 70 30
13008 25 73
13009 42 62
13010 17 41
13011 28 15
13012 41 46
13013 51 1
13014 24 53
13015 16 25
13016 68 32
13017 76 72
13018 65 22
13019 51 35
13020 39 26
13021 67 18
13022 42 63
13023 33 29
13024 63 50
13025 15 34
13026 37 14
13027 44 38
13028 17 40
13029 56 79
13030 17 41
13031 29 29
13032 52 1
13033 9 34
13034 3 40
13035 53 68
13036 57 6
13037 36 29
13038 52 79
13039 53 30
13040 42 46
13041 8 56
13042 28 21
13043 29 21
13044 20 5
13045 54 30
13046 55 44
13047 10 38
13048 29 33
13049 63 28
13050 56 55
13051 5 28
13052 13 40
13053 53 30
13054 55 79
13055 38 22
13056 8 55
13057 55 43
13058 3 67
13059 11 38
13060 29 32
13061 13 59
13062 7 26
13063 44 39
13064 27 15
13065 2 67
13066 14 59
13067 17 56
13068 36 28
13069 60 45
13070 23 35
13071 45 27
13072 3 35
13073 15 25
13074 56 76
13075 76 40
13076 0 45
13077 24 14
13078 41 46
13079 4 35
13080 23 36
13081 56 77
13082 23 35
13083 39 27
13084 23 36
13085 75 40
13086 72 26
13087 28 15
13088 40 31
13089 55 44
13090 4 44
13091 13 17
13092 42 46
13093 56 54
13094 38 66
13095 29 33
13096 9 33
13097 55 43
13098 52 78
13099 33 7
13100 36 29
13101 42 62
13102 27 71
13103 37 13
13104 53 69
13105 41 76
13106 40 30
13107 70 29
13108 5 65
13109 27 70
13110 4 40
13111 75 60
13112 2 65
13113 17 16
13114 50 35
13115 16 32
13116 61 76
13117 56 79
13118 40 0
13119 24 52
13120 69 24
13121 54 30
13122 11 49
13123 39 70
13124 42 63
13125 52 79
13126 51 35
13127 24 79
13128 27 15
13129 9 34
13130 68 18
13131 23 35
13132 51 1
13133 15 44
13134 56 72
13135 56 6
13136 41 46
13137 21 5
13138 37 14
13139 75 59
13140 24 13
13141 33 8
13142 50 35
13143 14 72
13144 29 32
13145 55 72
13146 12 40
13147 69 23
13148 75 60
13149 76 11
13150 55 79
13151 13 59
13152 24 78
13153 15 72
13154 77 72
13155 46 27
13156 14 76
13157 53 68
13158 4 6
13159 13 40
13160 44 38
13161 19 36
13162 10 79
13163 56 72
13164 65 31
13165 33 30
13166 57 35
13167 55 72
13168 57 34
13169 42 46
13170 8 56
13171 6 28
13172 3 40
13173 78 34
13174 42 76
13175 57 6
13176 78 35
13177 24 79
13178 65 23
13179 75 42
13180 58 58
13181 68 31
13182 1 45
13183 56 76
13184 70 30
13185 5 66
13186 16 16
13187 14 72
13188 75 11
13189 42 62
13190 37 66
13191 19 35
13192 39 71
13193 42 63
13194 56 72
13195 51 56
13196 33 7
13197 3 67
13198 16 25
13199 67 37
13200 7 27
13201 33 29
13202 68 37
13203 2 64
13204 4 53
13205 56 79
13206 20 5
13207 11 0
13208 36 28
13209 17 16
13210 10 49
13211 5 28
13212 16 16
13213 13 16
13214 58 57
13215 63 51
13216 62 76
13217 53 69
13218 39 26
13219 55 79
13220 70 29
13221 2 65
13222 39 27
13223 27 71
13224 29 33
13225 5 65
13226 46 31
13227 51 55
13228 45 27
13229 72 25
13230 62 24
13231 15 25
13232 68 32
13233 4 43
13234 78 34
13235 8 55
13236 33 8
13237 56 77
13238 39 70
13239 76 11
13240 3 35
13241 0 45
13242 16 25
13243 29 32
13244 14 34
13245 44 39
13246 58 58
13247 24 78
13248 8 56
13249 21 5
13250 63 29
13251 55 72
13252 17 40
13253 41 46
13254 4 7
13255 14 7
13256 24 79
13257 61 38
13258 5 66
13259 33 30
13260 76 72
13261 63 28
13262 56 6
13263 70 30
13264 56 76
13265 53 30
13266 56 77
13267 75 11
13268 23 36
13269 17 41
13270 14 59
13271 54 11
13272 67 37
13273 56 72
13274 61 76
13275 25 74
13276 14 75
13277 11 1
13278 46 27
13279 48 73
13280 42 62
13281 51 35
13282 50 35
13283 1 45
13284 17 40
13285 40 31
13286 57 35
13287 69 24
13288 39 26
13289 68 37
13290 4 6
13291 53 11
13292 41 76
13293 4 7
13294 56 55
13295 13 17
13296 46 30
13297 65 22
13298 75 59
13299 76 40
13300 39 71
13301 36 29
13302 8 55
13303 68 31
13304 54 11
13305 42 63
13306 69 23
13307 39 70
13308 28 21
13309 61 24
13310 42 46
13311 78 35
13312 17 41
13313 70 29
13314 78 34
13315 12 40
13316 15 72
13317 42 62
13318 36 28
13319 24 14
13320 17 16
13321 65 32
13322 55 44
13323 41 46
13324 61 20
13325 52 78
13326 0 45
13327 20 5
13328 9 79
13329 10 79
13330 55 72
13331 60 38
13332 56 76
13333 17 40
13334 24 78
13335 38 66
13336 28 15
13337 46 31
13338 19 36
13339 67 37
13340 51 56
13341 29 28
13342 9 79
13343 27 70
13344 56 79
13345 21 5
13346 13 16
13347 13 40
13348 44 38
13349 45 27
13350 11 0
13351 19 35
13352 15 25
13353 8 56
13354 56 54
13355 75 40
13356 46 27
13357 53 11
13358 55 43
13359 77 72
13360 37 66
13361 55 44
13362 8 55
13363 31 25
13364 20 5
13365 51 35
13366 53 68
13367 69 24
13368 39 71
13369 15 43
13370 2 64
13371 24 79
13372 60 46
13373 38 66
13374 13 17
13375 75 43
13376 27 15
13377 10 38
13378 63 50
13379 69 23
13380 73 31
13381 56 72
13382 65 31
13383 14 8
13384 4 44
13385 14 7
13386 55 79
13387 61 38
13388 37 66
13389 42 76
13390 38 66
13391 1 45
13392 2 65
13393 46 30
13394 63 29
13395 52 1
13396 39 27
13397 57 6
13398 45 27
13399 42 63
13400 65 23
13401 15 44
13402 51 1
13403 69 24
13404 41 0
13405 51 55
13406 56 77
13407 36 29
13408 40 30
13409 37 22
13410 39 70
13411 50 35
13412 41 76
13413 3 53
13414 50 67
13415 32 25
13416 13 16
13417 63 51
13418 65 22
13419 16 16
13420 4 43
13421 15 43
13422 68 37
13423 14 76
13424 54 30
13425 11 38
13426 46 27
13427 60 45
13428 11 1
13429 13 59
13430 75 60
13431 53 69
13432 52 1
13433 23 35
13434 4 44
13435 51 56
13436 47 26
13437 29 29
13438 75 42
13439 60 46
13440 67 37
13441 51 1
13442 10 79
13443 67 18
13444 56 76
13445 36 28
13446 10 38
13447 52 79
13448 14 59
13449 14 75
13450 51 65
13451 31 25
13452 65 32
13453 37 13
13454 75 43
13455 14 8
13456 13 17
13457 4 43
13458 17 41
13459 45 27
13460 65 23
13461 16 25
13462 15 34
13463 63 50
13464 72 26
13465 11 49
13466 32 25
13467 4 35
13468 56 55
13469 60 38
13470 24 53
13471 6 28
13472 13 16
13473 4 53
13474 51 35
13475 31 25
13476 24 13
13477 2 67
13478 8 56
13479 8 55
13480 32 25
13481 40 0
13482 50 68
13483 4 44
13484 27 71
13485 76 40
13486 56 77
13487 69 23
13488 62 76
13489 58 57
13490 4 43
13491 63 28
13492 75 42
13493 8 56
13494 56 54
13495 54 11
13496 15 25
13497 55 72
13498 55 43
13499 57 34
13500 14 76
13501 56 55
13502 14 72
13503 42 62
13504 37 14
13505 56 72
13506 11 0
13507 24 14
13508 14 34
13509 56 6
13510 37 66
13511 17 16
13512 5 28
13513 16 25
13514 55 72
13515 19 36
13516 74 31
13517 75 40
13518 3 67
13519 15 72
13520 3 35
13521 56 54
13522 73 31
13523 75 43
13524 33 29
13525 3 53
13526 7 26
13527 50 67
13528 74 31
13529 72 25
13530 19 35
13531 44 39
13532 56 55
13533 75 59
13534 24 52
13535 56 54
13536 42 76
13537 29 21
13538 78 35
13539 13 17
13540 68 18
13541 4 40
13542 13 59
13543 75 42
13544 52 78
13545 72 26
13546 0 45
13547 52 79
13548 15 25
13549 1 45
13550 56 55
13551 61 76
13552 4 53
13553 53 68
13554 14 59
13555 29 28
13556 29 33
13557 47 73
13558 75 43
13559 14 7
13560 78 34
13561 14 8
13562 75 42
13563 17 57
13564 31 25
13565 40 31
13566 23 36
13567 42 63
13568 57 35
13569 14 72
13570 10 49
13571 4 44
13572 68 32
13573 14 75
13574 56 54
13575 24 53
13576 40 30
13577 38 66
13578 76 40
13579 76 11
13580 65 31
13581 24 52
13582 46 27
13583 57 34
13584 4 43
13585 8 55
13586 11 1
13587 17 40
13588 55 44
13589 9 33
13590 16 16
13591 14 76
13592 29 32
13593 75 11
13594 41 76
13595 37 13
13596 6 28
13597 46 31
13598 55 43
13599 40 31
13600 70 30
13601 75 60
13602 33 7
13603 51 55
13604 53 11
13605 25 73
13606 28 15
13607 73 31
13608 72 25
13609 19 36
13610 42 76
13611 5 65
13612 56 55
13613 4 35
13614 21 5
13615 4 44
13616 37 66
13617 76 72
13618 32 25
13619 3 35
13620 56 79
13621 28 21
13622 5 66
13623 15 34
13624 3 53
13625 12 40
13626 51 66
13627 44 38
13628 4 6
13629 14 75
13630 4 43
13631 63 29
13632 0 45
13633 14 76
13634 44 39
13635 62 76
13636 50 35
13637 5 28
13638 27 70
13639 65 32
13640 75 40
13641 17 56
13642 65 31
13643 24 53
13644 56 54
13645 60 45
13646 16 33
13647 27 71
13648 38 22
13649 70 29
13650 76 11
13651 29 33
13652 29 21
13653 53 30
13654 27 70
13655 33 8
13656 75 11
13657 17 16
13658 62 24
13659 56 72
13660 52 78
13661 41 0
13662 3 40
13663 51 35
13664 25 74
13665 24 13
13666 17 41
13667 76 11
13668 65 32
13669 4 44
13670 13 40
13671 15 72
13672 39 71
13673 1 45
13674 56 55
13675 38 66
13676 69 24
13677 39 26
13678 60 46
13679 6 28
13680 44 38
13681 61 24
13682 15 44
13683 4 35
13684 57 6
13685 65 31
13686 7 27
13687 78 35
13688 16 25
13689 45 27
13690 41 76
13691 74 31
13692 33 30
13693 0 45
13694 14 7
13695 51 56
13696 23 35
13697 19 35
13698 29 29
13699 42 46
13700 55 72
13701 40 0
13702 14 75
13703 44 39
13704 52 1
13705 41 46
13706 2 67
13707 42 62
13708 16 32
13709 1 45
13710 40 30
13711 78 34
13712 14 34
13713 4 40
13714 72 26
13715 14 76
13716 16 16
13717 3 40
13718 14 8
13719 78 35
13720 8 56
13721 16 33
13722 11 38
13723 51 65
13724 65 32
13725 63 51
13726 50 35
13727 42 46
13728 7 26
13729 4 53
13730 14 72
13731 27 15
13732 25 73
13733 40 31
13734 17 40
13735 44 38
13736 13 16
13737 53 69
13738 4 7
13739 3 35
13740 42 76
13741 51 55
13742 54 11
13743 31 25
13744 73 31
13745 75 11
13746 25 74
13747 46 30
13748 50 68
13749 37 22
13750 24 78
13751 20 5
13752 32 25
13753 12 40
13754 68 37
13755 15 34
13756 3 53
13757 75 43
13758 39 27
13759 11 0
13760 57 35
13761 29 32
13762 14 7
13763 13 40
13764 67 37
13765 77 72
13766 19 36
13767 41 0
13768 14 75
13769 70 30
13770 78 34
13771 4 43
13772 42 63
13773 74 31
13774 28 15
13775 2 64
13776 3 67
13777 5 28
13778 13 59
13779 56 54
13780 12 40
13781 68 31
13782 2 65
13783 25 73
13784 13 17
13785 25 74
13786 44 39
13787 24 79
13788 37 14
13789 15 43
13790 13 40
13791 56 76
13792 2 67
13793 39 26
13794 76 11
13795 13 16
13796 23 36
13797 4 44
13798 24 14
13799 23 35
13800 5 65
13801 40 30
13802 70 29
13803 17 16
13804 76 40
13805 24 52
13806 14 76
13807 33 29
13808 37 13
13809 61 76
13810 44 38
13811 39 27
13812 51 56
13813 65 31
13814 23 36
13815 8 55
13816 70 30
13817 3 67
13818 9 79
13819 2 64
13820 14 75
13821 70 29
13822 29 28
13823 50 67
13824 4 53
13825 55 44
13826 27 15
13827 48 73
13828 25 73
13829 38 22
13830 40 0
13831 25 74
13832 75 40
13833 47 73
13834 46 31
13835 39 26
13836 0 45
13837 17 41
13838 4 6
13839 10 79
13840 29 29
13841 53 68
13842 72 25
13843 25 73
13844 54 30
13845 14 59
13846 52 79
13847 37 22
13848 51 35
13849 4 7
13850 15 72
13851 28 21
13852 76 40
13853 60 45
13854 56 77
13855 11 1
13856 51 55
13857 56 72
13858 38 22
13859 76 72
13860 33 30
13861 25 74
13862 75 11
13863 51 66
13864 50 35
13865 4 35
13866 56 55
13867 14 34
13868 78 35
13869 65 22
13870 3 53
13871 2 65
13872 63 50
13873 73 31
13874 55 79
13875 33 7
13876 19 35
13877 56 6
13878 37 66
13879 55 43
13880 52 78
13881 7 27
13882 76 11
13883 75 59
13884 15 34
13885 11 0
13886 70 30
13887 21 5
13888 5 66
13889 39 70
13890 24 13
13891 14 34
13892 75 11
13893 67 18
13894 55 72
13895 11 1
13896 53 11
13897 14 8
13898 62 76
13899 75 42
13900 13 59
13901 17 57
13902 31 25
13903 78 34
13904 17 40
13905 46 30
13906 15 44
13907 2 67
13908 23 35
13909 39 71
13910 11 49
13911 29 21
13912 24 14
13913 3 35
13914 10 49
13915 12 40
13916 41 46
13917 54 11
13918 33 8
13919 63 51
13920 58 58
13921 42 62
13922 48 73
13923 46 27
13924 69 23
13925 25 73
13926 28 15
13927 47 73
13928 10 38
13929 40 31
13930 11 0
13931 51 1
13932 19 36
13933 48 73
13934 24 13
13935 7 26
13936 55 44
13937 48 26
13938 15 43
13939 9 34
13940 2 64
13941 24 53
13942 61 76
13943 14 59
13944 15 25
13945 7 27
13946 78 35
13947 45 27
13948 36 29
13949 4 40
13950 9 33
13951 56 72
13952 78 34
13953 41 0
13954 11 38
13955 62 76
13956 40 30
13957 9 34
13958 69 24
13959 38 66
13960 8 56
13961 4 53
13962 56 79
13963 32 25
13964 15 34
13965 16 25
13966 37 66
13967 13 59
13968 23 36
13969 24 52
13970 28 21
13971 24 14
13972 10 38
13973 47 73
13974 44 39
13975 27 71
13976 29 33
13977 68 18
13978 24 53
13979 68 32
13980 65 32
13981 1 45
13982 63 50
13983 60 46
13984 51 65
13985 75 40
13986 7 26
13987 52 1
13988 50 68
13989 33 29
13990 55 43
13991 58 57
13992 50 67
13993 37 22
13994 14 72
13995 44 38
13996 76 40
13997 9 79
13998 38 66
13999 29 28
14000 42 63
14001 51 56
14002 24 78
14003 61 21
14004 13 40
14005 70 29
14006 12 40
14007 16 16
14008 2 65
14009 11 38
14010 57 6
14011 39 70
14012 42 46
14013 76 11
14014 8 55
14015 60 45
14016 74 31
14017 65 23
14018 4 35
14019 38 22
14020 61 38
14021 57 34
14022 37 14
14023 11 49
14024 58 58
14025 51 55
14026 14 59
14027 16 32
14028 17 56
14029 46 31
14030 41 76
14031 2 64
14032 78 35
14033 39 71
14034 60 46
14035 6 28
14036 51 66
14037 68 37
14038 29 32
14039 24 52
14040 14 7
14041 39 70
14042 52 79
14043 69 23
14044 39 27
14045 17 16
14046 23 35
14047 62 24
14048 19 35
14049 41 46
14050 5 65
14051 13 59
14052 39 71
14053 23 36
14054 17 41
14055 7 27
14056 8 56
14057 47 26
14058 44 39
14059 53 11
14060 14 59
14061 77 72
14062 37 13
14063 33 7
14064 24 53
14065 42 76
14066 53 69
14067 33 30
14068 51 65
14069 7 26
14070 55 79
14071 20 5
14072 40 0
14073 5 28
14074 37 22
14075 75 60
14076 23 35
14077 53 30
14078 5 66
14079 29 29
14080 24 13
14081 15 44
14082 52 78
14083 61 24
14084 15 43
14085 60 45
14086 42 62
14087 19 36
14088 42 63
14089 41 0
14090 65 22
14091 73 31
14092 15 72
14093 14 34
14094 72 26
14095 36 28
14096 50 68
14097 3 53
14098 56 79
14099 58 57
14100 67 37
14101 10 79
14102 10 38
14103 9 79
14104 4 43
14105 9 33
14106 4 44
14107 75 40
14108 4 6
14109 53 68
14110 50 67
14111 11 1
14112 29 28
14113 55 79
14114 74 31
14115 72 25
14116 65 31
14117 9 34
14118 56 6
14119 55 44
14120 4 7
14121 4 53
14122 38 22
14123 24 14
14124 24 79
14125 13 59
14126 40 0
14127 70 30
14128 57 35
14129 21 5
14130 41 0
14131 46 27
14132 17 57
14133 46 30
14134 16 16
14135 33 8
14136 75 59
14137 75 60
14138 63 51
14139 29 21
14140 68 37
14141 24 52
14142 37 22
14143 24 78
14144 3 40
14145 39 26
14146 17 56
14147 57 6
14148 3 35
14149 40 31
14150 10 79
14151 15 25
14152 41 76
14153 4 6
14154 24 53
14155 42 62
14156 76 72
14157 56 76
14158 65 32
14159 42 63
14160 65 23
14161 45 27
14162 9 79
14163 33 29
14164 56 77
14165 13 17
14166 75 43
14167 44 38
14168 65 31
14169 25 74
14170 53 69
14171 28 21
14172 14 72
14173 13 16
14174 46 27
14175 75 59
14176 17 16
14177 62 24
14178 40 0
14179 36 29
14180 33 30
14181 75 42
14182 57 34
14183 50 68
14184 73 31
14185 38 22
14186 15 34
14187 68 31
14188 55 72
14189 15 72
14190 53 68
14191 33 7
14192 63 50
14193 51 1
14194 23 36
14195 15 44
14196 6 28
14197 46 31
14198 56 6
14199 4 43
14200 11 0
14201 36 28
14202 61 24
14203 39 27
14204 37 14
14205 45 27
14206 51 66
14207 2 65
14208 44 39
14209 19 35
14210 51 35
14211 51 56
14212 52 1
14213 48 73
14214 11 1
14215 54 11
14216 5 28
14217 42 62
14218 16 16
14219 4 35
14220 14 34
14221 56 54
14222 69 24
14223 76 40
14224 67 37
14225 48 26
14226 50 35
14227 29 33
14228 54 30
14229 17 16
14230 42 63
14231 4 40
14232 42 62
14233 14 76
14234 14 72
14235 25 73
14236 74 31
14237 3 53
14238 24 79
14239 56 79
14240 72 26
14241 3 40
14242 63 51
14243 15 34
14244 24 13
14245 75 43
14246 29 21
14247 4 44
14248 40 30
14249 41 0
14250 56 72
14251 19 36
14252 37 13
14253 63 50
14254 24 14
14255 42 46
14256 51 55
14257 29 32
14258 3 67
14259 73 31
14260 46 27
14261 72 25
14262 60 46
14263 75 11
14264 11 0
14265 10 79
14266 24 52
14267 24 13
14268 25 74
14269 7 27
14270 53 69
14271 2 67
14272 17 40
14273 14 59
14274 7 26
14275 10 49
14276 20 5
14277 47 73
14278 24 14
14279 14 75
14280 5 65
14281 13 59
14282 53 68
14283 14 8
14284 27 15
14285 39 70
14286 4 7
14287 46 30
14288 33 8
14289 28 15
14290 37 14
14291 67 18
14292 14 34
14293 60 38
14294 68 32
14295 53 11
14296 75 42
14297 11 49
14298 51 35
14299 28 21
14300 72 26
14301 54 11
14302 14 59
14303 75 60
14304 52 79
14305 27 70
14306 42 63
14307 44 38
14308 46 31
14309 13 17
14310 51 56
14311 2 64
14312 62 24
14313 4 53
14314 13 59
14315 11 38
14316 42 76
14317 65 22
14318 53 30
14319 37 13
14320 15 43
14321 37 14
14322 55 43
14323 69 23
14324 46 30
14325 61 20
14326 2 65
14327 0 45
14328 50 35
14329 2 64
14330 61 21
14331 45 27
14332 44 39
14333 60 45
14334 55 79
14335 29 33
14336 13 40
14337 58 58
14338 10 49
14339 69 24
14340 61 76
14341 51 1
14342 61 20
14343 29 32
14344 37 66
14345 41 46
14346 6 28
14347 5 66
14348 53 69
14349 29 29
14350 29 28
14351 75 40
14352 41 76
14353 62 76
14354 68 18
14355 77 72
14356 11 49
14357 53 11
14358 27 15
14359 15 34
14360 12 40
14361 61 21
14362 54 11
14363 50 67
14364 54 30
14365 39 26
14366 15 44
14367 38 66
14368 29 29
14369 42 76
14370 14 7
14371 8 55
14372 10 38
14373 41 76
14374 53 11
14375 31 25
14376 7 27
14377 46 27
14378 19 35
14379 68 31
14380 40 0
14381 65 32
14382 56 79
14383 58 57
14384 33 29
14385 51 35
14386 37 22
14387 9 79
14388 16 25
14389 39 71
14390 75 43
14391 76 40
14392 72 25
14393 54 11
14394 14 76
14395 33 30
14396 55 79
14397 44 38
14398 10 79
14399 29 33
14400 50 68
14401 76 72
14402 24 53
14403 21 5
14404 52 1
14405 15 72
14406 37 13
14407 56 76
14408 55 44
14409 3 53
14410 36 29
14411 63 51
14412 52 78
14413 14 8
14414 4 43
14415 51 65
14416 58 58
14417 16 16
14418 50 67
14419 14 75
14420 36 28
14421 3 35
14422 65 31
14423 51 66
14424 51 55
14425 4 40
14426 53 68
14427 63 50
14428 61 20
14429 68 32
14430 57 35
14431 20 5
14432 4 6
14433 14 34
14434 63 28
14435 75 40
14436 38 22
14437 70 29
14438 60 46
14439 16 33
14440 56 79
14441 63 51
14442 32 25
14443 37 66
14444 24 13
14445 16 32
14446 56 55
14447 47 26
14448 11 1
14449 75 59
14450 55 72
14451 17 41
14452 53 30
14453 63 29
14454 9 79
14455 40 31
14456 17 40
14457 42 62
14458 15 43
14459 55 43
14460 13 40
14461 56 54
14462 28 15
14463 60 45
14464 37 14
14465 70 30
14466 3 40
14467 72 26
14468 37 13
14469 14 59
14470 29 21
14471 68 31
14472 54 30
14473 12 40
14474 8 56
14475 50 35
14476 9 33
14477 63 28
14478 36 29
14479 56 77
14480 14 7
14481 72 25
14482 17 57
14483 65 32
14484 23 35
14485 70 29
14486 58 57
14487 4 44
14488 52 79
14489 72 26
14490 15 44
14491 51 65
14492 36 28
14493 5 65
14494 75 42
14495 46 31
14496 69 23
14497 37 14
14498 10 49
14499 44 39
14500 57 6
14501 38 66
14502 24 78
14503 41 0
14504 15 34
14505 23 36
14506 48 73
14507 53 69
14508 25 73
14509 42 76
14510 33 7
14511 24 79
14512 29 28
14513 2 65
14514 11 49
14515 61 21
14516 50 68
14517 16 33
14518 13 59
14519 24 52
14520 4 7
14521 3 67
14522 53 11
14523 5 28
14524 55 44
14525 10 79
14526 19 36
14527 44 38
14528 19 35
14529 69 24
14530 42 46
14531 33 29
14532 41 46
14533 24 78
14534 21 5
14535 48 26
14536 74 31
14537 61 24
14538 17 16
14539 14 72
14540 51 35
14541 33 8
14542 76 40
14543 75 60
14544 75 59
14545 39 70
14546 53 68
14547 47 26
14548 56 55
14549 1 45
14550 51 1
14551 68 37
14552 29 32
14553 8 55
14554 37 22
14555 67 37
14556 4 35
14557 25 74
14558 39 27
14559 39 26
14560 40 30
14561 42 63
14562 15 43
14563 4 53
14564 52 78
14565 9 79
14566 3 35
14567 24 14
14568 14 8
14569 56 72
14570 14 76
14571 70 30
14572 51 56
14573 55 72
14574 16 32
14575 40 31
14576 62 24
14577 42 46
14578 46 30
14579 15 44
14580 51 66
14581 20 5
14582 15 43
14583 52 79
14584 6 28
14585 70 29
14586 39 71
14587 15 25
14588 9 34
14589 27 15
14590 56 72
14591 11 38
14592 5 66
14593 14 34
14594 4 6
14595 37 13
14596 42 62
14597 39 70
14598 28 21
14599 28 15
14600 39 71
14601 40 30
14602 9 33
14603 39 27
14604 4 43
14605 14 7
14606 48 26
14607 56 76
14608 61 38
14609 51 65
14610 36 29
14611 36 28
14612 27 15
14613 17 41
14614 75 40
14615 13 40
14616 68 32
14617 40 0
14618 61 24
14619 15 34
14620 55 72
14621 9 34
14622 52 78
14623 4 44
14624 60 38
14625 21 5
14626 39 26
14627 4 7
14628 62 24
14629 61 20
14630 61 24
14631 10 49
14632 15 72
14633 50 35
14634 36 29
14635 41 76
14636 17 56
14637 60 46
14638 14 59
14639 7 26
14640 13 59
14641 5 28
14642 3 53
14643 17 40
14644 47 26
14645 60 45
14646 29 21
14647 36 28
14648 78 34
14649 29 29
14650 37 66
14651 63 50
14652 46 31
14653 75 60
14654 14 75
14655 13 16
14656 68 37
14657 73 31
14658 11 0
14659 53 30
14660 2 64
14661 63 29
14662 16 33
14663 78 35
14664 4 6
14665 61 76
14666 16 32
14667 42 76
14668 11 1
14669 62 76
14670 4 53
14671 3 53
14672 4 40
14673 48 26
14674 10 38
14675 14 72
14676 17 57
14677 19 36
14678 56 72
14679 20 5
14680 55 72
14681 13 17
14682 63 28
14683 16 25
14684 41 76
14685 75 59
14686 37 14
14687 68 31
14688 15 72
14689 6 28
14690 4 53
14691 72 25
14692 78 34
14693 10 79
14694 2 65
14695 5 28
14696 33 30
14697 8 56
14698 16 16
14699 69 23
14700 42 63
14701 29 33
14702 42 62
14703 38 22
14704 17 41
14705 27 71
14706 31 25
14707 47 73
14708 9 79
14709 52 79
14710 47 26
14711 70 30
14712 41 0
14713 63 29
14714 52 1
14715 65 23
14716 75 43
14717 9 33
14718 6 28
14719 51 66
14720 75 60
14721 57 34
14722 2 67
14723 63 51
14724 0 45
14725 36 29
14726 10 79
14727 51 55
14728 76 11
14729 52 78
14730 21 5
14731 69 24
14732 63 50
14733 72 26
14734 20 5
14735 72 25
14736 44 39
14737 56 54
14738 57 35
14739 14 34
14740 3 53
14741 60 46
14742 56 77
14743 3 40
14744 14 8
14745 56 72
14746 15 25
14747 69 23
14748 4 40
14749 65 22
14750 63 51
14751 38 66
14752 61 21
14753 56 55
14754 11 0
14755 40 31
14756 45 27
14757 54 30
14758 24 13
14759 69 24
14760 77 72
14761 14 59
14762 65 31
14763 28 21
14764 67 18
14765 28 15
14766 56 6
14767 17 16
14768 75 11
14769 51 1
14770 36 28
14771 55 43
14772 42 76
14773 33 29
14774 19 35
14775 9 34
14776 56 76
14777 19 36
14778 74 31
14779 15 44
14780 5 65
14781 2 64
14782 21 5
14783 24 53
14784 33 30
14785 24 52
14786 16 25
14787 16 16
14788 70 29
14789 50 67
14790 15 25
14791 53 30
14792 69 23
14793 3 40
14794 25 73
14795 60 45
14796 4 7
14797 76 11
14798 7 27
14799 76 72
14800 63 50
14801 65 32
14802 41 46
14803 13 16
14804 52 79
14805 24 14
14806 42 46
14807 4 40
14808 75 59
14809 67 37
14810 63 51
14811 24 79
14812 32 25
14813 51 35
14814 27 15
14815 52 78
14816 68 37
14817 65 23
14818 24 13
14819 4 43
14820 73 31
14821 4 53
14822 14 72
14823 63 50
14824 68 18
14825 75 11
14826 42 63
14827 70 30
14828 27 70
14829 3 53
14830 41 46
14831 16 25
14832 72 26
14833 13 17
14834 24 78
14835 68 32
14836 1 45
14837 15 25
14838 40 30
14839 3 40
14840 65 22
14841 37 22
14842 52 1
14843 57 34
14844 28 15
14845 61 76
14846 48 73
14847 62 24
14848 41 76
14849 19 35
14850 63 28
14851 39 70
14852 40 31
14853 62 76
14854 12 40
14855 44 38
14856 11 1
14857 65 31
14858 33 7
14859 31 25
14860 46 27
14861 13 16
14862 39 27
14863 55 72
14864 29 32
14865 63 51
14866 37 66
14867 32 25
14868 9 33
14869 29 28
14870 38 66
14871 60 46
14872 67 37
14873 9 79
14874 50 68
14875 72 25
14876 52 79
14877 58 58
14878 78 35
14879 13 59
14880 55 44
14881 77 72
14882 17 40
14883 37 66
14884 17 41
14885 5 66
14886 61 20
14887 76 11
14888 42 46
14889 4 53
14890 57 6
14891 58 57
14892 33 8
14893 51 65
14894 5 28
14895 61 24
14896 11 49
14897 61 21
14898 54 11
14899 11 0
14900 15 72
14901 10 49
14902 14 72
14903 55 79
14904 61 76
14905 27 71
14906 69 24
14907 15 72
14908 24 14
14909 60 45
14910 37 13
14911 38 22
14912 11 38
14913 42 76
14914 75 60
14915 67 18
14916 51 1
14917 17 56
14918 65 23
14919 48 26
14920 13 17
14921 39 26
14922 40 0
14923 25 74
14924 41 76
14925 56 54
14926 41 46
14927 61 20
14928 39 71
14929 27 70
14930 13 40
14931 74 31
14932 7 26
14933 56 79
14934 61 38
14935 4 44
14936 44 39
14937 39 70
14938 13 16
14939 33 29
14940 68 31
14941 14 7
14942 36 29
14943 33 30
14944 4 43
14945 73 31
14946 42 62
14947 61 21
14948 56 72
14949 23 35
14950 37 14
14951 62 76
14952 68 32
14953 15 43
14954 25 73
14955 55 72
14956 50 35
14957 17 57
14958 9 34
14959 14 76
14960 65 22
14961 61 76
14962 53 69
14963 10 38
14964 68 18
14965 68 37
14966 24 79
14967 40 30
14968 6 28
14969 23 36
14970 47 26
14971 63 50
14972 29 33
14973 69 23
14974 76 40
14975 12 40
14976 60 46
14977 19 36
14978 11 1
14979 41 0
14980 69 24
14981 24 53
14982 17 40
14983 31 25
14984 56 72
14985 63 51
14986 33 29
14987 74 31
14988 17 56
14989 56 77
14990 29 21
14991 55 79
14992 62 24
14993 42 63
14994 40 0
14995 3 67
14996 29 29
14997 56 79
14998 72 26
14999 53 68
15000 14 72
15001 45 27
15002 11 38
15003 65 23
15004 55 72
15005 58 58
15006 8 55
15007 36 28
15008 54 30
15009 70 29
15010 13 40
15011 69 23
15012 44 38
15013 48 26
15014 56 72
15015 4 35
15016 17 41
15017 7 27
15018 78 34
15019 11 0
15020 40 31
15021 56 76
15022 7 26
15023 50 67
15024 24 78
15025 29 32
15026 17 57
15027 15 72
15028 53 11
15029 29 33
15030 28 21
15031 42 46
15032 47 26
15033 3 53
15034 44 39
15035 11 1
15036 46 27
15037 45 27
15038 53 30
15039 17 56
15040 65 32
15041 20 5
15042 60 38
15043 67 18
15044 55 43
15045 67 37
15046 40 30
15047 75 59
15048 16 33
15049 24 52
15050 54 11
15051 52 1
15052 56 77
15053 42 76
15054 62 76
15055 50 68
15056 63 50
15057 4 40
15058 4 44
15059 51 1
15060 27 15
15061 5 28
15062 75 11
15063 51 66
15064 16 32
15065 46 30
15066 53 69
15067 14 75
15068 4 43
15069 51 65
15070 46 27
15071 29 32
15072 65 31
15073 9 33
15074 4 44
15075 12 40
15076 42 62
15077 68 18
15078 14 76
15079 44 38
15080 70 30
15081 65 22
15082 19 35
15083 9 34
15084 42 63
15085 41 76
15086 41 46
15087 23 35
15088 73 31
15089 8 56
15090 57 35
15091 7 27
15092 0 45
15093 24 79
15094 60 45
15095 33 30
15096 10 79
15097 17 16
15098 21 5
15099 52 78
15100 45 27
15101 75 40
15102 14 8
15103 51 35
15104 20 5
15105 57 34
15106 19 36
15107 68 37
15108 42 76
15109 13 40
15110 16 33
15111 78 35
15112 53 68
15113 48 26
15114 28 15
15115 15 44
15116 29 33
15117 61 20
15118 67 18
15119 41 76
15120 6 28
15121 65 32
15122 74 31
15123 54 30
15124 42 76
15125 8 55
15126 76 72
15127 9 33
15128 50 67
15129 63 51
15130 52 79
15131 21 5
15132 65 31
15133 41 0
15134 56 76
15135 69 24
15136 75 42
15137 67 37
15138 52 78
15139 77 72
15140 51 66
15141 46 31
15142 68 18
15143 58 57
15144 11 49
15145 17 40
15146 38 66
15147 46 27
15148 53 11
15149 29 28
15150 61 24
15151 70 29
15152 32 25
15153 11 0
15154 7 26
15155 5 65
15156 73 31
15157 24 78
15158 74 31
15159 56 6
15160 17 57
15161 55 72
15162 53 30
15163 2 67
15164 14 59
15165 4 6
15166 63 29
15167 72 25
15168 44 39
15169 75 60
15170 60 46
15171 4 43
15172 37 66
15173 40 0
15174 27 15
15175 19 35
15176 50 68
15177 69 23
15178 39 27
15179 39 71
15180 15 34
15181 5 66
15182 29 32
15183 61 76
15184 63 50
15185 67 18
15186 16 32
15187 54 11
15188 73 31
15189 25 74
15190 53 69
15191 51 65
15192 41 0
15193 50 67
15194 3 40
15195 44 38
15196 4 7
15197 14 7
15198 9 79
15199 46 30
15200 76 11
15201 51 56
15202 33 7
15203 4 44
15204 16 16
15205 75 59
15206 51 66
15207 14 72
15208 72 26
15209 68 18
15210 14 34
15211 33 29
15212 17 16
15213 63 51
15214 76 72
15215 53 11
15216 29 29
15217 16 16
15218 46 31
15219 14 8
15220 40 0
15221 52 1
15222 51 1
15223 41 0
15224 5 28
15225 24 53
15226 57 6
15227 6 28
15228 40 0
15229 10 49
15230 27 71
15231 60 45
15232 77 72
15233 40 31
15234 31 25
15235 53 68
15236 24 13
15237 17 16
15238 10 38
15239 17 41
15240 17 56
15241 24 14
15242 16 33
15243 38 66
15244 72 25
15245 4 43
15246 15 72
15247 41 0
15248 10 79
15249 19 36
15250 75 11
15251 74 31
15252 40 0
15253 61 38
15254 62 24
15255 37 22
15256 42 46
15257 52 1
15258 70 30
15259 46 30
15260 51 55
15261 17 57
15262 75 60
15263 76 40
15264 55 79
15265 4 44
15266 68 31
15267 47 73
15268 24 13
15269 27 70
15270 41 76
15271 11 1
15272 7 27
15273 73 31
15274 11 0
15275 45 27
15276 1 45
15277 20 5
15278 56 55
15279 11 49
15280 53 69
15281 15 34
15282 51 56
15283 40 30
15284 33 8
15285 54 30
15286 3 35
15287 68 32
15288 27 71
15289 52 79
15290 42 76
15291 51 1
15292 46 31
15293 56 54
15294 57 35
15295 65 23
15296 36 29
15297 11 38
15298 4 43
15299 47 26
15300 75 43
15301 53 30
15302 0 45
15303 52 78
15304 50 68
15305 39 70
15306 67 18
15307 33 30
15308 15 43
15309 25 73
15310 57 34
15311 54 11
15312 15 44
15313 33 29
15314 50 35
15315 9 79
15316 65 22
15317 52 1
15318 36 28
15319 14 7
15320 75 40
15321 5 28
15322 76 72
15323 14 8
15324 10 38
15325 56 72
15326 56 79
15327 69 24
15328 25 74
15329 1 45
15330 24 79
15331 48 73
15332 24 78
15333 60 38
15334 19 35
15335 62 76
15336 29 28
15337 14 72
15338 68 18
15339 10 79
15340 76 40
15341 17 40
15342 72 26
15343 53 68
15344 53 69
15345 21 5
15346 16 32
15347 24 79
15348 63 28
15349 42 62
15350 41 76
15351 16 16
15352 24 78
15353 75 40
15354 63 50
15355 40 31
15356 67 18
15357 61 76
15358 42 76
15359 4 44
15360 53 68
15361 17 56
15362 47 73
15363 9 79
15364 2 65
15365 61 24
15366 41 0
15367 39 26
15368 51 55
15369 0 45
15370 55 44
15371 51 1
15372 37 13
15373 28 15
15374 38 22
15375 62 76
15376 4 40
15377 74 31
15378 48 26
15379 40 0
15380 33 7
15381 42 63
15382 46 30
15383 37 22
15384 62 24
15385 68 31
15386 14 7
15387 57 35
15388 9 34
15389 72 25
15390 16 33
15391 11 1
15392 51 56
15393 69 23
15394 36 29
15395 24 52
15396 75 59
15397 51 55
15398 29 29
15399 14 8
15400 13 59
15401 37 14
15402 53 11
15403 27 15
15404 13 17
15405 63 29
15406 24 79
15407 63 51
15408 52 1
15409 9 33
15410 3 67
15411 32 25
15412 69 24
15413 28 15
15414 14 34
15415 51 1
15416 47 26
15417 17 41
15418 51 65
15419 25 73
15420 33 30
15421 23 36
15422 61 21
15423 2 67
15424 76 40
15425 77 72
15426 70 29
15427 53 69
15428 27 70
15429 27 15
15430 75 40
15431 31 25
15432 60 46
15433 2 64
15434 61 20
15435 56 6
15436 28 15
15437 33 8
15438 16 32
15439 60 45
15440 76 72
15441 25 74
15442 41 76
15443 72 26
15444 3 67
15445 65 23
15446 14 7
15447 20 5
15448 75 60
15449 52 79
15450 56 55
15451 48 26
15452 63 28
15453 29 28
15454 2 67
15455 63 50
15456 19 36
15457 54 11
15458 70 30
15459 33 29
15460 17 40
15461 65 32
15462 55 72
15463 52 1
15464 69 23
15465 61 21
15466 55 79
15467 33 30
15468 69 24
15469 4 43
15470 16 25
15471 44 39
15472 53 68
15473 54 30
15474 41 46
15475 17 16
15476 14 8
15477 42 62
15478 33 7
15479 58 58
15480 68 37
15481 75 59
15482 42 63
15483 10 79
15484 46 31
15485 25 73
15486 63 29
15487 53 69
15488 33 8
15489 50 67
15490 33 29
15491 75 60
15492 24 14
15493 36 28
15494 6 28
15495 42 76
15496 8 56
15497 51 35
15498 25 74
15499 17 57
15500 5 28
15501 61 76
15502 29 29
15503 37 13
15504 29 33
15505 50 35
15506 39 71
15507 61 24
15508 41 0
15509 68 18
15510 8 55
15511 25 73
15512 51 1
15513 29 32
15514 57 6
15515 24 53
15516 15 34
15517 24 13
15518 1 45
15519 51 66
15520 14 7
15521 61 20
15522 16 16
15523 51 56
15524 16 33
15525 40 30
15526 11 0
15527 52 1
15528 14 59
15529 53 68
15530 68 32
15531 47 26
15532 65 31
15533 40 31
15534 2 65
15535 3 40
15536 11 38
15537 65 22
15538 75 42
15539 52 78
15540 10 38
15541 33 30
15542 4 35
15543 25 74
15544 40 0
15545 53 69
15546 56 54
15547 75 59
15548 15 43
15549 51 35
15550 53 68
15551 75 43
15552 21 5
15553 63 28
15554 56 72
15555 75 60
15556 29 21
15557 60 46
15558 4 44
15559 48 73
15560 51 55
15561 56 55
15562 58 57
15563 29 33
15564 61 38
15565 16 32
15566 41 76
15567 9 34
15568 56 54
15569 24 52
15570 17 41
15571 68 31
15572 56 6
15573 37 66
15574 55 72
15575 53 11
15576 58 58
15577 17 16
15578 29 32
15579 4 53
15580 51 65
15581 27 71
15582 13 59
15583 72 25
15584 50 35
15585 14 8
15586 4 6
15587 56 79
15588 0 45
15589 57 6
15590 78 34
15591 12 40
15592 19 35
15593 7 26
15594 73 31
15595 75 59
15596 28 21
15597 78 35
15598 39 27
15599 56 6
15600 24 14
15601 37 14
15602 58 57
15603 3 67
15604 5 65
15605 56 72
15606 57 6
15607 24 53
15608 6 28
15609 33 29
15610 65 32
15611 37 13
15612 48 26
15613 51 1
15614 68 32
15615 17 40
15616 42 46
15617 51 35
15618 7 27
15619 14 59
15620 5 66
15621 55 79
15622 29 21
15623 14 34
15624 38 66
15625 67 37
15626 70 29
15627 24 78
15628 3 35
15629 75 60
15630 4 7
15631 36 29
15632 32 25
15633 37 66
15634 68 37
15635 11 38
15636 20 5
15637 51 66
15638 24 79
15639 11 1
15640 37 14
15641 15 44
15642 24 13
15643 24 78
15644 65 31
15645 46 27
15646 31 25
15647 67 37
15648 62 24
15649 39 70
15650 55 72
15651 67 18
15652 68 18
15653 13 16
15654 14 75
15655 13 59
15656 55 43
15657 63 29
15658 70 30
15659 56 55
15660 2 64
15661 56 77
15662 13 17
15663 77 72
15664 56 76
15665 51 56
15666 52 1
15667 21 5
15668 24 52
15669 7 26
15670 23 35
15671 52 79
15672 15 43
15673 72 26
15674 65 32
15675 7 27
15676 56 79
15677 42 62
15678 27 15
15679 41 46
15680 65 23
15681 14 76
15682 56 6
15683 4 35
15684 41 0
15685 75 42
15686 14 7
15687 46 30
15688 9 33
15689 53 69
15690 20 5
15691 61 21
15692 13 40
15693 29 33
15694 16 16
15695 65 22
15696 21 5
15697 4 40
15698 50 35
15699 36 28
15700 45 27
15701 13 16
15702 9 79
15703 10 79
15704 4 6
15705 76 40
15706 29 32
15707 62 76
15708 13 17
15709 63 28
15710 9 34
15711 38 66
15712 76 11
15713 17 16
15714 25 73
15715 37 66
15716 39 26
15717 50 68
15718 65 31
15719 54 11
15720 78 34
15721 14 8
15722 16 16
15723 3 40
15724 75 43
15725 8 56
15726 67 18
15727 63 51
15728 39 71
15729 76 72
15730 52 78
15731 33 30
15732 19 36
15733 12 40
15734 44 38
15735 42 46
15736 33 29
15737 46 31
15738 58 58
15739 57 6
15740 4 7
15741 42 76
15742 14 7
15743 75 42
15744 4 6
15745 23 36
15746 40 0
15747 63 29
15748 33 30
15749 61 20
15750 72 25
15751 68 31
15752 61 21
15753 14 59
15754 24 53
15755 17 56
15756 41 46
15757 15 44
15758 2 65
15759 28 21
15760 68 32
15761 51 65
15762 51 66
15763 68 31
15764 36 29
15765 17 16
15766 3 53
15767 53 11
15768 42 63
15769 13 59
15770 68 32
15771 57 34
15772 56 6
15773 15 25
15774 65 23
15775 68 31
15776 7 26
15777 70 29
15778 2 67
15779 5 28
15780 77 72
15781 41 0
15782 56 54
15783 42 62
15784 15 34
15785 13 16
15786 46 30
15787 3 35
15788 11 0
15789 47 73
15790 10 49
15791 8 55
15792 13 17
15793 4 35
15794 4 40
15795 33 29
15796 69 23
15797 9 33
15798 3 40
15799 16 16
15800 38 66
15801 24 79
15802 75 43
15803 57 6
15804 42 63
15805 7 27
15806 29 28
15807 58 57
15808 8 56
15809 28 15
15810 33 7
15811 75 11
15812 38 22
15813 46 31
15814 29 33
15815 69 24
15816 75 42
15817 51 35
15818 13 40
15819 56 72
15820 11 49
15821 68 37
15822 53 68
15823 55 79
15824 16 33
15825 19 35
15826 63 50
15827 24 14
15828 58 58
15829 65 22
15830 44 39
15831 68 18
15832 37 13
15833 75 59
15834 37 22
15835 17 57
15836 46 27
15837 27 15
15838 33 8
15839 15 72
15840 14 59
15841 10 49
15842 11 1
15843 23 35
15844 51 1
15845 4 53
15846 51 55
15847 60 38
15848 27 70
15849 78 35
15850 14 8
15851 14 72
15852 51 65
15853 75 60
15854 17 56
15855 41 76
15856 37 14
15857 40 30
15858 42 76
15859 47 26
15860 17 16
15861 68 32
15862 74 31
15863 17 41
15864 56 77
15865 57 35
15866 6 28
15867 25 74
15868 14 75
15869 63 28
15870 78 34
15871 61 76
15872 24 78
15873 16 25
15874 12 40
15875 63 51
15876 9 79
15877 17 40
15878 4 43
15879 50 67
15880 24 52
15881 50 35
15882 73 31
15883 13 59
15884 20 5
15885 42 62
15886 29 21
15887 24 53
15888 11 49
15889 9 34
15890 28 15
15891 15 43
15892 11 0
15893 48 73
15894 37 13
15895 4 7
15896 5 28
15897 15 44
15898 56 79
15899 38 22
15900 10 38
15901 17 41
15902 17 57
15903 61 20
15904 67 18
15905 75 43
15906 76 11
15907 44 38
15908 14 7
15909 21 5
15910 65 23
15911 17 56
15912 9 33
15913 6 28
15914 51 56
15915 33 7
15916 56 55
15917 68 18
15918 15 72
15919 3 67
15920 54 11
15921 10 79
15922 51 66
15923 51 55
15924 75 40
15925 14 72
15926 2 67
15927 14 76
15928 25 73
15929 13 16
15930 61 24
15931 23 36
15932 1 45
15933 62 24
15934 5 28
15935 2 64
15936 9 79
15937 61 38
15938 76 40
15939 51 65
15940 14 59
15941 51 35
15942 23 35
15943 13 17
15944 56 76
15945 58 57
15946 74 31
15947 61 21
15948 76 72
15949 19 36
15950 53 11
15951 9 34
15952 0 45
15953 61 24
15954 46 30
15955 17 57
15956 52 1
15957 46 31
15958 33 8
15959 50 68
15960 52 79
15961 14 34
15962 3 53
15963 72 26
15964 75 40
15965 19 35
15966 56 54
15967 65 22
15968 5 65
15969 62 76
15970 55 44
15971 40 0
15972 67 37
15973 33 30
15974 15 34
15975 37 22
15976 37 14
15977 68 37
15978 29 29
15979 48 26
15980 50 35
15981 4 6
15982 52 78
15983 4 53
15984 3 35
15985 24 79
15986 24 78
15987 16 32
15988 72 25
15989 51 56
15990 58 58
15991 14 75
15992 40 31
15993 27 15
15994 14 76
15995 16 33
15996 23 36
15997 56 77
15998 8 55
15999 3 53
16000 55 43
16001 56 6
16002 4 53
16003 1 45
16004 4 40
16005 57 6
16006 56 6
16007 51 55
16008 55 44
16009 41 0
16010 15 72
16011 51 66
16012 28 21
16013 67 37
16014 51 65
16015 78 35
16016 33 29
16017 39 70
16018 60 38
16019 51 56
16020 40 0
16021 37 13
16022 37 66
16023 14 75
16024 72 26
16025 61 38
16026 24 79
16027 3 53
16028 36 28
16029 2 65
16030 78 34
16031 33 7
16032 2 64
16033 56 55
16034 9 33
16035 63 50
16036 33 30
16037 57 6
16038 68 31
16039 10 49
16040 38 22
16041 53 30
16042 55 43
16043 51 35
16044 56 54
16045 11 49
16046 36 29
16047 78 35
16048 55 79
16049 56 55
16050 70 30
16051 45 27
16052 14 76
16053 14 72
16054 16 16
16055 6 28
16056 27 71
16057 29 28
16058 62 24
16059 50 35
16060 63 51
16061 51 55
16062 13 40
16063 78 34
16064 3 67
16065 29 32
16066 36 28
16067 2 67
16068 68 37
16069 24 78
16070 56 76
16071 61 20
16072 52 79
16073 36 29
16074 15 43
16075 51 56
16076 67 37
16077 29 29
16078 47 73
16079 39 71
16080 10 49
16081 70 29
16082 29 33
16083 75 42
16084 37 22
16085 15 25
16086 77 72
16087 17 16
16088 76 40
16089 4 53
16090 56 6
16091 63 29
16092 55 72
16093 70 30
16094 69 23
16095 7 26
16096 14 75
16097 37 14
16098 61 21
16099 29 32
16100 33 8
16101 50 67
16102 54 11
16103 57 34
16104 38 66
16105 61 76
16106 2 65
16107 15 72
16108 24 13
16109 63 50
16110 17 56
16111 0 45
16112 56 54
16113 16 25
16114 63 28
16115 61 20
16116 42 46
16117 54 30
16118 27 70
16119 4 44
16120 24 79
16121 56 79
16122 14 8
16123 57 35
16124 29 21
16125 53 30
16126 41 46
16127 37 66
16128 53 11
16129 5 28
16130 61 21
16131 47 26
16132 39 27
16133 29 28
16134 48 26
16135 9 34
16136 56 55
16137 33 7
16138 61 20
16139 47 26
16140 14 34
16141 61 24
16142 51 55
16143 65 23
16144 4 7
16145 16 16
16146 75 59
16147 57 6
16148 73 31
16149 16 32
16150 75 40
16151 17 16
16152 60 38
16153 55 44
16154 56 77
16155 53 69
16156 28 21
16157 29 29
16158 15 25
16159 58 57
16160 24 78
16161 40 30
16162 12 40
16163 58 58
16164 16 33
16165 62 24
16166 51 56
16167 56 72
16168 55 72
16169 24 14
16170 41 0
16171 56 6
16172 75 43
16173 29 33
16174 41 76
16175 70 29
16176 2 64
16177 56 54
16178 46 30
16179 57 6
16180 68 32
16181 2 65
16182 14 7
16183 40 0
16184 39 26
16185 16 16
16186 13 16
16187 11 49
16188 3 40
16189 11 1
16190 63 51
16191 36 28
16192 56 76
16193 75 60
16194 51 55
16195 8 56
16196 75 11
16197 44 39
16198 56 77
16199 51 56
16200 9 33
16201 72 25
16202 76 40
16203 75 40
16204 51 1
16205 14 8
16206 39 27
16207 48 73
16208 47 73
16209 68 37
16210 17 16
16211 24 13
16212 46 31
16213 40 31
16214 56 72
16215 76 40
16216 53 68
16217 70 30
16218 54 30
16219 13 40
16220 10 79
16221 17 40
16222 16 16
16223 72 26
16224 63 29
16225 19 36
16226 14 72
16227 38 22
16228 23 35
16229 14 7
16230 7 27
16231 76 72
16232 11 0
16233 15 44
16234 56 76
16235 67 37
16236 46 27
16237 42 63
16238 19 35
16239 48 26
16240 69 24
16241 29 32
16242 40 30
16243 68 37
16244 56 77
16245 29 21
16246 29 33
16247 53 69
16248 28 15
16249 8 55
16250 56 6
16251 40 31
16252 33 8
16253 24 79
16254 77 72
16255 39 70
16256 65 32
16257 53 68
16258 58 57
16259 53 30
16260 33 29
16261 42 62
16262 12 40
16263 74 31
16264 13 59
16265 29 32
16266 70 29
16267 15 72
16268 7 26
16269 75 42
16270 56 55
16271 36 29
16272 53 69
16273 55 43
16274 39 26
16275 45 27
16276 65 31
16277 76 72
16278 55 44
16279 61 24
16280 75 40
16281 15 34
16282 67 18
16283 46 30
16284 50 68
16285 41 0
16286 51 66
16287 61 21
16288 54 11
16289 51 65
16290 61 20
16291 33 30
16292 56 54
16293 52 78
16294 2 64
16295 65 22
16296 16 25
16297 69 23
16298 14 59
16299 13 17
16300 53 11
16301 72 25
16302 32 25
16303 54 30
16304 73 31
16305 9 79
16306 23 36
16307 50 67
16308 55 72
16309 14 34
16310 19 36
16311 17 57
16312 56 55
16313 10 79
16314 50 68
16315 20 5
16316 52 79
16317 5 66
16318 40 30
16319 7 27
16320 78 35
16321 57 34
16322 42 76
16323 77 72
16324 56 54
16325 65 32
16326 39 71
16327 65 31
16328 37 22
16329 78 34
16330 9 79
16331 38 22
16332 38 66
16333 13 16
16334 51 55
16335 10 79
16336 57 35
16337 13 17
16338 75 43
16339 51 35
16340 67 37
16341 37 66
16342 50 35
16343 76 72
16344 39 70
16345 63 50
16346 40 0
16347 42 63
16348 9 79
16349 33 7
16350 39 27
16351 52 78
16352 19 35
16353 65 32
16354 40 31
16355 54 11
16356 15 34
16357 61 21
16358 60 45
16359 68 18
16360 37 22
16361 51 35
16362 13 40
16363 4 40
16364 44 38
16365 27 71
16366 65 23
16367 14 76
16368 2 65
16369 53 11
16370 62 24
16371 68 37
16372 10 79
16373 10 49
16374 9 79
16375 76 40
16376 51 66
16377 62 76
16378 8 56
16379 61 24
16380 14 75
16381 76 11
16382 33 29
16383 60 46
16384 50 35
16385 11 49
16386 58 58
16387 24 14
16388 39 26
16389 51 56
16390 15 25
16391 31 25
16392 68 31
16393 32 25
16394 60 45
16395 44 39
16396 51 35
16397 11 38
16398 17 41
16399 36 28
16400 24 52
16401 31 25
16402 67 18
16403 44 38
16404 53 30
16405 54 11
16406 39 27
16407 12 40
16408 63 28
16409 51 65
16410 29 33
16411 36 29
16412 11 1
16413 61 76
16414 19 36
16415 38 66
16416 17 40
16417 53 68
16418 50 35
16419 38 22
16420 6 28
16421 60 46
16422 13 40
16423 14 76
16424 39 26
16425 51 35
16426 16 25
16427 56 55
16428 13 59
16429 65 31
16430 13 16
16431 78 35
16432 41 76
16433 5 28
16434 2 64
16435 75 59
16436 14 75
16437 62 24
16438 42 76
16439 47 26
16440 2 65
16441 3 53
16442 37 22
16443 63 29
16444 14 59
16445 10 79
16446 24 13
16447 68 32
16448 62 76
16449 17 41
16450 15 25
16451 1 45
16452 55 43
16453 13 59
16454 27 70
16455 17 40
16456 57 6
16457 11 0
16458 32 25
16459 58 57
16460 39 71
16461 68 31
16462 4 6
16463 9 34
16464 67 37
16465 52 79
16466 56 72
16467 68 18
16468 14 59
16469 33 8
16470 55 44
16471 50 35
16472 24 14
16473 14 8
16474 61 24
16475 36 28
16476 31 25
16477 65 22
16478 65 23
16479 51 55
16480 56 76
16481 9 79
16482 37 66
16483 6 28
16484 8 55
16485 68 37
16486 41 76
16487 38 22
16488 28 21
16489 24 78
16490 32 25
16491 51 35
16492 9 33
16493 27 71
16494 51 56
16495 4 7
16496 13 17
16497 12 40
16498 2 64
16499 55 79
16500 58 58
16501 10 49
16502 70 30
16503 29 28
16504 65 32
16505 29 21
16506 17 41
16507 70 29
16508 5 65
16509 24 53
16510 29 32
16511 17 16
16512 56 6
16513 13 59
16514 27 15
16515 60 45
16516 37 13
16517 3 67
16518 53 11
16519 0 45
16520 28 21
16521 75 42
16522 13 16
16523 70 30
16524 61 20
16525 39 27
16526 24 79
16527 27 70
16528 75 60
16529 25 74
16530 3 40
16531 57 34
16532 16 16
16533 33 30
16534 77 72
16535 42 76
16536 65 31
16537 65 32
16538 11 49
16539 50 35
16540 14 34
16541 16 25
16542 17 40
16543 44 39
16544 29 21
16545 48 26
16546 4 40
16547 15 25
16548 38 66
16549 5 28
16550 24 78
16551 14 7
16552 14 59
16553 16 25
16554 7 26
16555 78 34
16556 10 79
16557 37 14
16558 75 43
16559 17 41
16560 58 57
16561 41 0
16562 4 53
16563 61 76
16564 11 1
16565 2 67
16566 3 67
16567 24 52
16568 55 72
16569 9 34
16570 5 66
16571 61 21
16572 17 56
16573 58 58
16574 33 29
16575 56 77
16576 56 54
16577 56 55
16578 40 30
16579 1 45
16580 75 40
16581 57 35
16582 44 38
16583 33 7
16584 56 54
16585 24 79
16586 2 65
16587 17 57
16588 6 28
16589 13 40
16590 62 24
16591 52 78
16592 5 65
16593 61 38
16594 24 13
16595 51 35
16596 48 73
16597 12 40
16598 56 72
16599 3 40
16600 13 40
16601 13 59
16602 69 24
16603 57 6
16604 13 17
16605 5 66
16606 63 51
16607 14 59
16608 14 8
16609 29 29
16610 29 33
16611 15 25
16612 4 40
16613 63 50
16614 16 25
16615 52 79
16616 70 29
16617 12 40
16618 46 27
16619 60 46
16620 21 5
16621 60 38
16622 14 7
16623 28 15
16624 40 0
16625 55 72
16626 67 37
16627 56 79
16628 10 49
16629 74 31
16630 5 65
16631 50 35
16632 20 5
16633 39 70
16634 24 53
16635 29 32
16636 51 66
16637 54 30
16638 27 71
16639 13 40
16640 41 0
16641 33 8
16642 37 22
16643 40 31
16644 11 49
16645 73 31
16646 58 57
16647 3 53
16648 33 30
16649 4 43
16650 69 23
16651 0 45
16652 63 51
16653 47 73
16654 36 29
16655 72 26
16656 14 72
16657 60 45
16658 46 31
16659 70 30
16660 42 62
16661 19 35
16662 65 22
16663 58 58
16664 29 33
16665 13 59
16666 56 55
16667 55 43
16668 67 18
16669 68 32
16670 69 24
16671 3 40
16672 27 70
16673 42 63
16674 74 31
16675 46 30
16676 27 71
16677 38 22
16678 17 40
16679 7 27
16680 52 1
16681 39 26
16682 69 23
16683 72 25
16684 68 37
16685 4 44
16686 55 44
16687 78 35
16688 46 31
16689 55 79
16690 61 24
16691 37 66
16692 36 28
16693 17 41
16694 12 40
16695 39 27
16696 57 34
16697 13 40
16698 62 76
16699 17 16
16700 40 0
16701 14 59
16702 61 20
16703 4 35
16704 68 31
16705 21 5
16706 55 43
16707 13 59
16708 33 29
16709 15 43
16710 12 40
16711 61 76
16712 2 64
16713 5 66
16714 10 49
16715 20 5
16716 76 40
16717 52 78
16718 5 28
16719 16 16
16720 52 79
16721 37 22
16722 4 6
16723 75 40
16724 69 24
16725 72 26
16726 9 79
16727 29 28
16728 41 0
16729 11 0
16730 40 30
16731 17 40
16732 15 25
16733 40 0
16734 67 37
16735 13 16
16736 51 1
16737 61 38
16738 5 65
16739 76 72
16740 56 76
16741 56 54
16742 24 78
16743 7 26
16744 51 65
16745 11 1
16746 57 35
16747 15 44
16748 6 28
16749 56 72
16750 8 56
16751 44 39
16752 61 21
16753 78 34
16754 17 16
16755 54 11
16756 69 23
16757 69 24
16758 23 35
16759 41 0
16760 14 76
16761 45 27
16762 55 44
16763 51 66
16764 27 15
16765 55 43
16766 31 25
16767 56 77
16768 11 49
16769 52 1
16770 4 40
16771 38 66
16772 75 11
16773 17 41
16774 25 73
16775 36 29
16776 40 31
16777 50 67
16778 16 32
16779 3 40
16780 46 27
16781 58 57
16782 19 36
16783 51 1
16784 65 31
16785 63 28
16786 52 1
16787 76 11
16788 55 72
16789 62 24
16790 69 23
16791 27 70
16792 10 49
16793 39 71
16794 21 5
16795 55 44
16796 33 30
16797 40 0
16798 29 32
16799 75 42
16800 75 59
16801 48 73
16802 11 49
16803 19 35
16804 16 33
16805 36 28
16806 65 23
16807 72 25
16808 24 52
16809 5 66
16810 73 31
16811 56 55
16812 44 38
16813 14 75
16814 39 70
16815 13 40
16816 33 7
16817 61 20
16818 16 25
16819 19 36
16820 5 65
16821 4 7
16822 51 65
16823 5 66
16824 46 30
16825 53 11
16826 51 55
16827 9 33
16828 56 76
16829 68 18
16830 14 76
16831 36 29
16832 33 8
16833 2 65
16834 5 28
16835 29 29
16836 76 40
16837 63 50
16838 39 26
16839 24 79
16840 2 67
16841 63 29
16842 51 66
16843 10 38
16844 47 26
16845 6 28
16846 72 26
16847 8 55
16848 44 39
16849 62 76
16850 14 75
16851 53 69
16852 20 5
16853 40 30
16854 56 6
16855 5 65
16856 28 21
16857 70 29
16858 15 72
16859 14 8
16860 2 64
16861 29 28
16862 78 35
16863 67 18
16864 56 72
16865 15 34
16866 55 43
16867 3 35
16868 24 14
16869 41 0
16870 39 71
16871 63 28
16872 72 25
16873 51 35
16874 12 40
16875 24 13
16876 50 35
16877 24 53
16878 14 76
16879 16 16
16880 37 13
16881 14 59
16882 60 38
16883 65 22
16884 57 34
16885 41 76
16886 37 14
16887 19 35
16888 3 67
16889 2 65
16890 75 11
16891 72 26
16892 58 58
16893 4 43
16894 17 56
16895 17 57
16896 51 35
16897 39 27
16898 65 32
16899 13 17
16900 61 38
16901 9 34
16902 14 72
16903 4 35
16904 70 30
16905 58 57
16906 40 31
16907 28 15
16908 16 32
16909 51 56
16910 51 1
16911 36 28
16912 53 68
16913 24 52
16914 65 23
16915 75 43
16916 13 40
16917 57 35
16918 40 0
16919 74 31
16920 36 29
16921 10 49
16922 15 43
16923 12 40
16924 4 53
16925 73 31
16926 53 69
16927 60 38
16928 42 62
16929 61 76
16930 8 56
16931 39 70
16932 15 44
16933 2 67
16934 25 74
16935 17 56
16936 7 27
16937 36 28
16938 56 54
16939 19 36
16940 48 26
16941 72 25
16942 68 18
16943 41 0
16944 42 46
16945 74 31
16946 29 29
16947 40 30
16948 24 78
16949 61 21
16950 23 36
16951 45 27
16952 17 16
16953 11 0
16954 47 26
16955 56 79
16956 17 57
16957 54 11
16958 46 31
16959 7 26
16960 23 35
16961 46 30
16962 53 11
16963 4 40
16964 47 73
16965 61 20
16966 60 46
16967 7 27
16968 3 53
16969 60 45
16970 50 35
16971 51 55
16972 24 53
16973 9 33
16974 14 75
16975 27 15
16976 15 25
16977 40 31
16978 48 26
16979 53 30
16980 72 26
16981 54 30
16982 46 27
16983 39 26
16984 4 53
16985 61 24
16986 17 56
16987 11 38
16988 14 34
16989 3 53
16990 17 57
16991 13 59
16992 24 79
16993 4 6
16994 36 29
16995 17 56
16996 15 43
16997 13 16
16998 53 30
16999 52 1
17000 33 29
17001 5 28
17002 6 28
17003 65 31
17004 52 78
17005 29 21
17006 5 28
17007 9 34
17008 24 52
17009 4 7
17010 10 38
17011 51 1
17012 52 1
17013 39 71
17014 51 35
17015 51 56
17016 62 24
17017 15 44
17018 57 34
17019 11 1
17020 14 76
17021 23 36
17022 39 70
17023 16 25
17024 53 68
17025 51 65
17026 75 40
17027 2 64
17028 15 25
17029 3 35
17030 75 60
17031 37 13
17032 17 57
17033 27 71
17034 28 15
17035 16 16
17036 17 56
17037 4 35
17038 14 7
17039 16 25
17040 72 25
17041 7 26
17042 42 76
17043 13 17
17044 33 30
17045 63 51
17046 63 29
17047 55 44
17048 4 53
17049 24 14
17050 50 35
17051 55 43
17052 24 78
17053 11 49
17054 37 14
17055 51 55
17056 2 65
17057 48 73
17058 23 35
17059 55 72
17060 51 66
17061 15 43
17062 40 0
17063 25 73
17064 76 40
17065 41 76
17066 15 72
17067 63 50
17068 68 32
17069 3 53
17070 65 32
17071 54 11
17072 51 56
17073 61 21
17074 67 18
17075 61 38
17076 47 73
17077 13 16
17078 60 38
17079 73 31
17080 74 31
17081 75 42
17082 39 71
17083 4 6
17084 68 18
17085 21 5
17086 16 33
17087 75 40
17088 42 76
17089 37 66
17090 70 29
17091 27 70
17092 29 28
17093 55 79
17094 19 35
17095 68 37
17096 3 40
17097 50 68
17098 55 44
17099 6 28
17100 24 79
17101 11 38
17102 27 15
17103 9 33
17104 5 28
17105 24 78
17106 4 40
17107 57 35
17108 60 46
17109 2 64
17110 1 45
17111 19 36
17112 0 45
17113 76 11
17114 1 45
17115 32 25
17116 3 35
17117 39 27
17118 75 11
17119 15 25
17120 2 65
17121 16 32
17122 14 59
17123 78 34
17124 76 40
17125 39 26
17126 62 76
17127 20 5
17128 13 17
17129 75 40
17130 33 29
17131 24 79
17132 61 20
17133 51 65
17134 77 72
17135 3 67
17136 61 24
17137 38 22
17138 51 35
17139 25 74
17140 31 25
17141 3 40
17142 57 34
17143 57 35
17144 37 22
17145 10 38
17146 41 46
17147 57 6
17148 29 33
17149 9 34
17150 17 40
17151 11 0
17152 67 18
17153 15 44
17154 33 7
17155 11 38
17156 75 43
17157 48 73
17158 28 15
17159 67 37
17160 65 22
17161 50 67
17162 65 23
17163 5 66
17164 4 44
17165 42 63
17166 51 55
17167 28 21
17168 47 26
17169 23 36
17170 65 31
17171 48 26
17172 11 1
17173 19 35
17174 29 32
17175 4 43
17176 13 40
17177 61 76
17178 17 41
17179 51 1
17180 16 25
17181 75 59
17182 68 18
17183 61 38
17184 57 34
17185 15 25
17186 56 6
17187 60 45
17188 6 28
17189 36 28
17190 27 71
17191 16 25
17192 24 53
17193 24 52
17194 4 44
17195 55 43
17196 75 42
17197 16 33
17198 68 31
17199 16 32
17200 13 16
17201 41 0
17202 65 22
17203 50 68
17204 4 53
17205 62 24
17206 29 29
17207 72 26
17208 12 40
17209 68 37
17210 4 35
17211 24 13
17212 15 25
17213 61 24
17214 13 17
17215 7 27
17216 53 69
17217 68 32
17218 0 45
17219 38 66
17220 68 31
17221 10 49
17222 3 35
17223 63 28
17224 37 13
17225 29 33
17226 36 29
17227 15 34
17228 78 35
17229 76 72
17230 69 24
17231 63 51
17232 19 36
17233 76 40
17234 13 40
17235 4 35
17236 78 34
17237 4 40
17238 39 70
17239 41 76
17240 29 28
17241 73 31
17242 13 59
17243 1 45
17244 74 31
17245 3 40
17246 7 26
17247 62 24
17248 65 32
17249 75 43
17250 42 46
17251 56 79
17252 11 0
17253 47 73
17254 10 38
17255 65 31
17256 11 38
17257 12 40
17258 32 25
17259 41 46
17260 48 73
17261 55 79
17262 56 79
17263 70 30
17264 47 26
17265 31 25
17266 47 73
17267 42 62
17268 16 33
17269 40 0
17270 62 76
17271 52 1
17272 46 31
17273 68 32
17274 21 5
17275 77 72
17276 70 29
17277 23 35
17278 3 53
17279 56 77
17280 55 79
17281 3 35
17282 15 43
17283 42 46
17284 53 11
17285 50 67
17286 42 63
17287 65 23
17288 29 21
17289 7 27
17290 39 27
17291 24 78
17292 57 6
17293 4 43
17294 50 68
17295 69 23
17296 2 67
17297 56 76
17298 67 18
17299 65 32
17300 56 55
17301 39 26
17302 50 35
17303 24 14
17304 42 62
17305 65 31
17306 48 26
17307 14 8
17308 76 11
17309 56 6
17310 61 21
17311 61 20
17312 75 40
17313 13 40
17314 76 72
17315 70 30
17316 2 64
17317 9 33
17318 69 24
17319 11 49
17320 25 73
17321 14 72
17322 41 0
17323 17 57
17324 58 58
17325 10 79
17326 17 40
17327 44 38
17328 57 6
17329 65 22
17330 42 63
17331 4 40
17332 51 56
17333 63 29
17334 57 35
17335 56 6
17336 47 26
17337 4 44
17338 0 45
17339 76 40
17340 50 67
17341 15 44
17342 58 57
17343 40 0
17344 10 38
17345 48 73
17346 68 18
17347 12 40
17348 51 66
17349 63 28
17350 9 34
17351 7 26
17352 39 71
17353 1 45
17354 27 70
17355 19 35
17356 72 25
17357 17 41
17358 69 23
17359 10 49
17360 3 67
17361 67 18
17362 77 72
17363 51 35
17364 78 35
17365 16 25
17366 17 56
17367 17 16
17368 14 34
17369 24 53
17370 39 27
17371 3 40
17372 70 29
17373 46 30
17374 56 79
17375 33 8
17376 24 79
17377 37 66
17378 72 26
17379 55 79
17380 16 16
17381 11 1
17382 24 78
17383 46 31
17384 15 34
17385 27 15
17386 14 75
17387 32 25
17388 53 68
17389 56 79
17390 42 76
17391 27 71
17392 50 35
17393 51 35
17394 70 30
17395 67 37
17396 51 1
17397 0 45
17398 4 35
17399 27 70
17400 17 16
17401 27 71
17402 11 0
17403 28 15
17404 33 7
17405 24 52
17406 61 21
17407 52 79
17408 11 38
17409 25 74
17410 10 38
17411 28 21
17412 25 73
17413 52 1
17414 24 53
17415 3 35
17416 37 14
17417 78 34
17418 53 69
17419 51 55
17420 13 16
17421 20 5
17422 13 40
17423 63 29
17424 47 73
17425 11 38
17426 33 30
17427 53 68
17428 27 70
17429 46 30
17430 56 77
17431 48 26
17432 53 69
17433 11 1
17434 61 24
17435 56 54
17436 4 43
17437 55 79
17438 56 79
17439 51 1
17440 75 11
17441 11 49
17442 38 22
17443 10 49
17444 40 30
17445 38 66
17446 75 42
17447 29 29
17448 50 68
17449 19 36
17450 12 40
17451 14 76
17452 29 32
17453 39 26
17454 19 35
17455 11 0
17456 42 62
17457 54 11
17458 52 1
17459 75 60
17460 61 76
17461 29 33
17462 4 44
17463 75 59
17464 61 20
17465 56 72
17466 27 71
17467 78 35
17468 2 65
17469 62 24
17470 8 55
17471 73 31
17472 27 15
17473 56 55
17474 78 34
17475 21 5
17476 15 25
17477 56 76
17478 17 40
17479 61 24
17480 58 58
17481 19 36
17482 9 79
17483 33 29
17484 4 7
17485 16 32
17486 68 37
17487 55 44
17488 57 34
17489 13 40
17490 28 15
17491 10 79
17492 4 40
17493 4 43
17494 20 5
17495 47 26
17496 55 43
17497 68 18
17498 76 72
17499 33 30
17500 52 78
17501 17 41
17502 24 13
17503 50 35
17504 65 32
17505 4 53
17506 17 40
17507 36 28
17508 14 7
17509 51 65
17510 14 8
17511 57 6
17512 67 18
17513 19 35
17514 41 46
17515 3 40
17516 51 1
17517 37 22
17518 16 25
17519 4 44
17520 67 37
17521 57 35
17522 40 31
17523 19 36
17524 15 43
17525 74 31
17526 63 28
17527 76 11
17528 16 33
17529 37 13
17530 41 0
17531 3 53
17532 51 35
17533 11 49
17534 17 41
17535 62 24
17536 68 18
17537 4 35
17538 50 35
17539 5 28
17540 10 38
17541 72 25
17542 14 75
17543 65 31
17544 25 74
17545 75 40
17546 24 79
17547 46 31
17548 15 44
17549 15 72
17550 38 22
17551 9 33
17552 21 5
17553 57 34
17554 37 22
17555 51 56
17556 63 29
17557 4 6
17558 63 28
17559 52 1
17560 75 60
17561 62 76
17562 51 66
17563 55 79
17564 56 54
17565 14 59
17566 46 30
17567 51 1
17568 16 32
17569 72 26
17570 2 67
17571 17 40
17572 3 35
17573 4 40
17574 72 25
17575 31 25
17576 24 78
17577 61 21
17578 16 33
17579 33 8
17580 13 17
17581 78 35
17582 36 29
17583 16 32
17584 75 59
17585 51 65
17586 27 70
17587 65 32
17588 60 46
17589 65 31
17590 54 30
17591 7 27
17592 1 45
17593 16 33
17594 61 76
17595 13 59
17596 55 44
17597 16 16
17598 3 40
17599 57 35
17600 50 67
17601 24 52
17602 63 29
17603 14 34
17604 62 76
17605 25 73
17606 53 68
17607 11 38
17608 38 22
17609 10 38
17610 51 35
17611 15 43
17612 4 7
17613 15 44
17614 61 24
17615 3 67
17616 37 66
17617 75 43
17618 19 35
17619 33 29
17620 17 57
17621 32 25
17622 31 25
17623 4 43
17624 67 18
17625 52 79
17626 15 43
17627 14 76
17628 4 35
17629 2 64
17630 77 72
17631 56 6
17632 51 55
17633 73 31
17634 39 27
17635 14 59
17636 24 14
17637 62 24
17638 39 26
17639 4 44
17640 78 34
17641 37 22
17642 41 76
17643 56 55
17644 32 25
17645 60 38
17646 16 32
17647 53 11
17648 19 36
17649 6 28
17650 2 67
17651 3 67
17652 61 20
17653 14 72
17654 63 28
17655 70 29
17656 3 35
17657 46 31
17658 68 18
17659 7 26
17660 58 57
17661 55 72
17662 38 66
17663 69 24
17664 14 75
17665 4 53
17666 48 73
17667 13 59
17668 17 56
17669 11 1
17670 23 36
17671 56 72
17672 24 79
17673 20 5
17674 38 22
17675 16 33
17676 10 49
17677 51 66
17678 36 28
17679 24 53
17680 0 45
17681 50 68
17682 68 31
17683 42 46
17684 47 73
17685 15 72
17686 57 34
17687 31 25
17688 37 22
17689 76 40
17690 41 46
17691 33 30
17692 53 69
17693 50 35
17694 14 59
17695 40 30
17696 4 43
17697 68 37
17698 40 31
17699 75 40
17700 61 76
17701 76 72
17702 75 42
17703 17 16
17704 29 32
17705 11 0
17706 27 15
17707 63 50
17708 14 76
17709 42 46
17710 39 70
17711 77 72
17712 15 34
17713 17 41
17714 78 35
17715 36 29
17716 4 44
17717 70 30
17718 78 34
17719 39 27
17720 52 78
17721 55 72
17722 51 35
17723 36 28
17724 67 37
17725 13 59
17726 65 23
17727 16 16
17728 4 43
17729 39 26
17730 11 1
17731 33 29
17732 12 40
17733 63 29
17734 52 1
17735 28 15
17736 58 58
17737 42 76
17738 46 30
17739 65 22
17740 57 6
17741 65 23
17742 56 54
17743 70 29
17744 11 49
17745 5 28
17746 13 16
17747 70 30
17748 37 66
17749 11 0
17750 65 32
17751 14 72
17752 44 39
17753 63 28
17754 23 35
17755 32 25
17756 38 66
17757 45 27
17758 68 32
17759 76 40
17760 36 29
17761 4 44
17762 4 35
17763 38 22
17764 36 28
17765 70 29
17766 27 15
17767 56 55
17768 51 56
17769 53 68
17770 74 31
17771 29 33
17772 37 14
17773 28 15
17774 5 65
17775 3 53
17776 3 35
17777 78 35
17778 25 74
17779 55 43
17780 17 57
17781 40 30
17782 75 43
17783 54 11
17784 63 29
17785 4 40
17786 10 49
17787 6 28
17788 14 7
17789 15 72
17790 5 28
17791 23 36
17792 40 31
17793 15 25
17794 36 29
17795 14 59
17796 3 40
17797 63 51
17798 40 30
17799 61 38
17800 37 22
17801 56 54
17802 46 27
17803 15 44
17804 53 30
17805 54 30
17806 29 21
17807 56 55
17808 29 32
17809 63 28
17810 68 31
17811 63 50
17812 57 35
17813 1 45
17814 14 72
17815 51 65
17816 78 34
17817 75 40
17818 23 35
17819 17 56
17820 15 72
17821 78 35
17822 37 66
17823 37 13
17824 13 59
17825 40 0
17826 68 32
17827 11 49
17828 75 11
17829 56 77
17830 61 24
17831 17 57
17832 4 40
17833 65 22
17834 50 35
17835 4 35
17836 68 37
17837 8 56
17838 75 60
17839 41 46
17840 62 76
17841 48 26
17842 60 38
17843 8 55
17844 55 44
17845 76 11
17846 24 13
17847 40 31
17848 14 75
17849 10 49
17850 56 6
17851 11 38
17852 7 27
17853 51 66
17854 76 72
17855 19 35
17856 16 25
17857 16 32
17858 39 71
17859 51 55
17860 6 28
17861 24 14
17862 56 54
17863 63 51
17864 11 49
17865 42 46
17866 70 30
17867 24 52
17868 51 35
17869 51 56
17870 53 11
17871 27 15
17872 29 33
17873 33 7
17874 75 59
17875 63 29
17876 68 31
17877 60 45
17878 56 55
17879 9 79
17880 2 65
17881 57 6
17882 69 23
17883 47 26
17884 45 27
17885 55 43
17886 4 53
17887 33 8
17888 25 73
17889 56 76
17890 37 14
17891 51 55
17892 27 71
17893 77 72
17894 56 54
17895 28 15
17896 53 69
17897 13 40
17898 16 33
17899 37 13
17900 63 28
17901 76 40
17902 29 28
17903 72 26
17904 54 11
17905 19 36
17906 2 67
17907 5 28
17908 56 72
17909 15 43
17910 14 76
17911 37 14
17912 65 23
17913 6 28
17914 25 74
17915 31 25
17916 11 1
17917 12 40
17918 13 40
17919 16 32
17920 51 1
17921 23 36
17922 23 35
17923 53 68
17924 53 11
17925 48 26
17926 55 44
17927 55 43
17928 61 76
17929 60 46
17930 17 40
17931 51 65
17932 10 79
17933 25 73
17934 17 16
17935 69 24
17936 68 32
17937 56 79
17938 29 29
17939 60 45
17940 50 67
17941 5 66
17942 27 15
17943 60 46
17944 65 22
17945 37 13
17946 51 56
17947 7 26
17948 53 69
17949 38 22
17950 52 1
17951 62 76
17952 51 55
17953 3 67
17954 41 46
17955 52 79
17956 5 65
17957 33 7
17958 8 56
17959 28 15
17960 76 72
17961 46 31
17962 53 68
17963 2 67
17964 75 11
17965 19 35
17966 15 25
17967 69 23
17968 3 35
17969 78 34
17970 14 8
17971 9 34
17972 29 32
17973 28 21
17974 14 59
17975 14 72
17976 53 69
17977 51 1
17978 25 74
17979 0 45
17980 42 46
17981 46 27
17982 13 59
17983 58 57
17984 16 33
17985 10 38
17986 50 35
17987 41 76
17988 70 29
17989 33 8
17990 8 55
17991 14 7
17992 32 25
17993 5 66
17994 15 72
17995 25 73
17996 24 78
17997 54 11
17998 47 26
17999 29 28
18000 77 72
18001 29 33
18002 53 30
18003 14 75
18004 56 77
18005 2 64
18006 75 60
18007 24 13
18008 24 14
18009 56 76
18010 14 76
18011 40 30
18012 2 65
18013 65 23
18014 53 68
18015 41 46
18016 60 45
18017 58 58
18018 27 15
18019 63 50
18020 14 75
18021 70 30
18022 56 6
18023 78 35
18024 14 76
18025 55 72
18026 7 27
18027 17 41
18028 76 11
18029 55 44
18030 51 56
18031 33 30
18032 16 25
18033 14 34
18034 46 30
18035 17 56
18036 55 79
18037 57 34
18038 68 31
18039 75 59
18040 31 25
18041 15 34
18042 4 43
18043 14 72
18044 67 37
18045 78 34
18046 37 22
18047 16 16
18048 15 25
18049 14 75
18050 37 14
18051 17 57
18052 9 79
18053 14 76
18054 75 42
18055 76 72
18056 73 31
18057 29 21
18058 27 70
18059 51 66
18060 53 69
18061 44 38
18062 75 43
18063 3 67
18064 75 40
18065 11 0
18066 68 37
18067 5 28
18068 5 65
18069 44 39
18070 67 37
18071 65 31
18072 65 22
18073 61 76
18074 40 31
18075 62 24
18076 24 53
18077 63 51
18078 29 29
18079 52 78
18080 15 72
18081 38 22
18082 72 25
18083 17 16
18084 3 53
18085 75 42
18086 9 33
18087 4 44
18088 2 67
18089 10 79
18090 51 55
18091 63 29
18092 56 55
18093 28 21
18094 16 32
18095 58 57
18096 50 68
18097 4 6
18098 61 38
18099 75 11
18100 2 64
18101 56 54
18102 24 79
18103 4 53
18104 14 59
18105 77 72
18106 19 36
18107 78 35
18108 11 38
18109 44 38
18110 16 33
18111 60 38
18112 12 40
18113 14 8
18114 39 70
18115 11 1
18116 58 58
18117 9 34
18118 48 73
18119 3 67
18120 70 29
18121 68 37
18122 23 36
18123 2 67
18124 51 65
18125 51 66
18126 4 35
18127 63 50
18128 63 51
18129 24 13
18130 62 76
18131 44 39
18132 75 60
18133 57 35
18134 76 11
18135 5 66
18136 52 1
18137 51 56
18138 37 13
18139 65 32
18140 65 23
18141 13 17
18142 44 38
18143 61 24
18144 42 46
18145 61 38
18146 33 29
18147 53 11
18148 29 28
18149 60 46
18150 3 67
18151 56 72
18152 3 35
18153 40 30
18154 28 15
18155 57 6
18156 46 31
18157 2 67
18158 4 7
18159 76 40
18160 51 65
18161 4 43
18162 2 65
18163 37 22
18164 42 63
18165 16 16
18166 6 28
18167 13 59
18168 57 34
18169 75 59
18170 63 50
18171 53 68
18172 56 79
18173 46 30
18174 39 71
18175 75 40
18176 55 72
18177 63 51
18178 16 32
18179 2 64
18180 61 21
18181 42 76
18182 56 6
18183 56 72
18184 32 25
18185 33 7
18186 33 8
18187 61 76
18188 62 76
18189 9 79
18190 29 32
18191 74 31
18192 41 46
18193 57 6
18194 51 1
18195 29 21
18196 38 66
18197 62 24
18198 40 31
18199 41 0
18200 61 24
18201 14 59
18202 41 76
18203 14 34
18204 51 55
18205 24 14
18206 33 7
18207 10 49
18208 67 18
18209 52 1
18210 5 65
18211 75 60
18212 60 38
18213 76 40
18214 31 25
18215 24 52
18216 8 56
18217 29 33
18218 65 31
18219 39 70
18220 67 37
18221 1 45
18222 33 8
18223 4 35
18224 40 30
18225 78 34
18226 39 71
18227 48 26
18228 70 30
18229 42 46
18230 14 7
18231 65 32
18232 56 77
18233 73 31
18234 33 7
18235 75 43
18236 3 40
18237 72 26
18238 3 67
18239 60 45
18240 61 20
18241 29 32
18242 42 76
18243 10 38
18244 13 40
18245 58 57
18246 65 31
18247 10 79
18248 11 38
18249 75 11
18250 7 26
18251 68 37
18252 63 50
18253 4 40
18254 65 32
18255 61 21
18256 54 30
18257 29 33
18258 29 29
18259 16 33
18260 51 56
18261 61 20
18262 11 0
18263 0 45
18264 36 28
18265 10 38
18266 61 21
18267 53 69
18268 39 70
18269 65 22
18270 12 40
18271 19 35
18272 3 40
18273 55 79
18274 51 66
18275 17 40
18276 46 31
18277 36 29
18278 74 31
18279 4 40
18280 65 31
18281 37 14
18282 63 28
18283 56 55
18284 15 34
18285 27 15
18286 11 49
18287 13 59
18288 2 67
18289 55 72
18290 9 33
18291 78 35
18292 38 22
18293 40 31
18294 23 35
18295 45 27
18296 13 16
18297 4 6
18298 14 75
18299 56 79
18300 14 72
18301 53 30
18302 47 73
18303 14 76
18304 60 46
18305 24 53
18306 56 72
18307 24 13
18308 4 44
18309 3 67
18310 21 5
18311 17 16
18312 15 72
18313 67 37
18314 37 66
18315 55 43
18316 33 30
18317 7 27
18318 76 72
18319 28 21
18320 25 74
18321 3 53
18322 39 27
18323 61 76
18324 14 34
18325 73 31
18326 55 79
18327 25 73
18328 63 29
18329 46 30
18330 40 0
18331 10 49
18332 16 32
18333 75 59
18334 33 8
18335 24 52
18336 39 71
18337 13 17
18338 53 68
18339 50 67
18340 16 16
18341 15 34
18342 17 41
18343 61 38
18344 69 24
18345 24 53
18346 63 51
18347 14 34
18348 55 44
18349 14 59
18350 14 8
18351 9 34
18352 63 50
18353 5 66
18354 37 13
18355 62 24
18356 68 18
18357 62 76
18358 44 39
18359 40 30
18360 46 31
18361 29 32
18362 75 42
18363 55 72
18364 44 38
18365 41 46
18366 61 24
18367 78 34
18368 46 27
18369 2 65
18370 17 16
18371 32 25
18372 29 21
18373 29 33
18374 75 40
18375 51 65
18376 8 55
18377 70 29
18378 38 66
18379 15 44
18380 70 30
18381 11 38
18382 17 56
18383 42 46
18384 56 76
18385 53 69
18386 51 55
18387 60 38
18388 54 30
18389 10 38
18390 53 30
18391 54 30
18392 78 35
18393 63 51
18394 27 71
18395 51 35
18396 53 68
18397 63 28
18398 63 50
18399 55 43
18400 14 75
18401 7 26
18402 20 5
18403 67 18
18404 72 25
18405 54 11
18406 11 1
18407 63 51
18408 53 69
18409 51 66
18410 11 38
18411 72 26
18412 24 14
18413 10 38
18414 13 16
18415 40 31
18416 5 28
18417 31 25
18418 68 32
18419 23 36
18420 62 24
18421 4 7
18422 47 26
18423 33 7
18424 70 29
18425 65 32
18426 61 76
18427 8 56
18428 16 16
18429 29 28
18430 78 34
18431 50 68
18432 4 6
18433 36 28
18434 41 76
18435 17 40
18436 74 31
18437 50 35
18438 28 15
18439 4 7
18440 4 43
18441 50 67
18442 42 62
18443 68 37
18444 14 72
18445 51 1
18446 28 21
18447 65 31
18448 65 32
18449 41 0
18450 21 5
18451 2 67
18452 4 6
18453 15 72
18454 55 44
18455 23 35
18456 20 5
18457 29 29
18458 62 76
18459 48 26
18460 55 43
18461 53 30
18462 15 43
18463 7 27
18464 25 74
18465 54 30
18466 27 70
18467 77 72
18468 27 71
18469 4 44
18470 53 30
18471 13 17
18472 61 20
18473 36 29
18474 29 32
18475 24 52
18476 51 35
18477 58 58
18478 13 40
18479 50 68
18480 65 31
18481 16 33
18482 33 8
18483 3 40
18484 11 49
18485 76 72
18486 17 41
18487 3 67
18488 9 33
18489 3 35
18490 17 57
18491 68 31
18492 24 78
18493 17 40
18494 2 64
18495 55 44
18496 56 77
18497 17 56
18498 76 40
18499 61 38
18500 65 32
18501 76 11
18502 75 43
18503 19 36
18504 52 79
18505 40 30
18506 5 65
18507 60 38
18508 9 79
18509 68 32
18510 37 14
18511 65 31
18512 53 11
18513 58 57
18514 24 13
18515 40 31
18516 12 40
18517 52 1
18518 21 5
18519 72 25
18520 14 7
18521 20 5
18522 16 25
18523 39 26
18524 27 70
18525 56 72
18526 52 78
18527 56 54
18528 55 43
18529 4 40
18530 29 28
18531 78 35
18532 3 40
18533 24 53
18534 51 1
18535 47 26
18536 21 5
18537 61 24
18538 40 30
18539 52 1
18540 61 76
18541 68 31
18542 24 79
18543 5 66
18544 51 65
18545 6 28
18546 8 55
18547 61 21
18548 65 32
18549 51 66
18550 39 70
18551 7 26
18552 56 55
18553 72 26
18554 37 66
18555 14 8
18556 10 79
18557 68 18
18558 78 34
18559 11 0
18560 75 60
18561 40 31
18562 11 38
18563 72 25
18564 24 78
18565 15 25
18566 17 16
18567 38 66
18568 42 76
18569 16 32
18570 16 33
18571 4 43
18572 11 1
18573 33 7
18574 4 40
18575 29 33
18576 54 30
18577 40 0
18578 61 20
18579 14 7
18580 67 37
18581 32 25
18582 19 35
18583 75 42
18584 20 5
18585 40 30
18586 68 37
18587 27 15
18588 50 67
18589 65 31
18590 65 23
18591 65 22
18592 14 72
18593 41 46
18594 23 36
18595 37 13
18596 36 28
18597 16 16
18598 33 8
18599 67 18
18600 56 76
18601 15 34
18602 53 30
18603 65 32
18604 37 22
18605 9 34
18606 17 57
18607 51 65
18608 37 66
18609 13 40
18610 4 7
18611 29 21
18612 39 27
18613 72 26
18614 28 15
18615 51 66
18616 42 63
18617 27 71
18618 24 14
18619 39 26
18620 38 66
18621 78 35
18622 4 6
18623 2 67
18624 4 53
18625 51 56
18626 48 73
18627 2 65
18628 28 21
18629 14 76
18630 61 38
18631 31 25
18632 33 7
18633 41 76
18634 56 54
18635 42 62
18636 60 45
18637 78 34
18638 29 21
18639 33 8
18640 47 73
18641 14 34
18642 72 25
18643 4 7
18644 9 79
18645 19 36
18646 56 6
18647 77 72
18648 17 56
18649 53 68
18650 75 59
18651 67 37
18652 46 30
18653 17 16
18654 55 44
18655 17 41
18656 65 23
18657 55 43
18658 23 35
18659 41 0
18660 38 22
18661 15 44
18662 76 72
18663 1 45
18664 65 31
18665 50 68
18666 78 35
18667 17 57
18668 68 32
18669 4 35
18670 11 0
18671 57 6
18672 68 18
18673 75 11
18674 21 5
18675 14 8
18676 51 1
18677 42 63
18678 3 40
18679 4 44
18680 70 30
18681 16 25
18682 44 39
18683 17 56
18684 61 21
18685 28 21
18686 40 0
18687 73 31
18688 15 25
18689 15 34
18690 44 38
18691 4 43
18692 75 60
18693 7 27
18694 56 55
18695 65 22
18696 37 14
18697 65 32
18698 56 77
18699 42 62
18700 7 26
18701 56 54
18702 41 0
18703 3 35
18704 54 11
18705 70 29
18706 24 13
18707 50 35
18708 56 55
18709 12 40
18710 52 1
18711 39 27
18712 75 59
18713 24 14
18714 29 29
18715 36 29
18716 51 1
18717 56 76
18718 58 58
18719 48 26
18720 15 72
18721 52 79
18722 27 15
18723 33 7
18724 55 44
18725 40 31
18726 4 6
18727 44 39
18728 46 31
18729 17 40
18730 16 32
18731 51 35
18732 0 45
18733 4 35
18734 37 13
18735 42 76
18736 24 52
18737 77 72
18738 16 33
18739 45 27
18740 72 26
18741 68 37
18742 17 41
18743 44 38
18744 29 28
18745 11 1
18746 55 43
18747 37 22
18748 17 57
18749 37 14
18750 62 76
18751 28 15
18752 57 35
18753 58 57
18754 7 27
18755 56 79
18756 53 11
18757 75 60
18758 13 16
18759 9 33
18760 4 40
18761 61 20
18762 67 37
18763 69 23
18764 29 29
18765 37 66
18766 78 34
18767 76 11
18768 13 59
18769 24 53
18770 60 38
18771 4 44
18772 38 66
18773 65 31
18774 24 52
18775 68 31
18776 7 26
18777 75 43
18778 8 56
18779 65 32
18780 50 67
18781 63 29
18782 44 39
18783 54 11
18784 51 65
18785 4 7
18786 46 30
18787 58 58
18788 65 23
18789 42 46
18790 40 30
18791 46 27
18792 29 21
18793 40 31
18794 3 35
18795 76 72
18796 10 38
18797 56 6
18798 14 7
18799 3 53
18800 2 64
18801 10 49
18802 11 49
18803 11 38
18804 40 30
18805 14 72
18806 45 27
18807 55 79
18808 2 65
18809 16 16
18810 8 55
18811 9 34
18812 74 31
18813 19 35
18814 51 66
18815 62 24
18816 65 22
18817 37 13
18818 39 26
18819 33 8
18820 39 71
18821 61 24
18822 3 67
18823 3 40
18824 57 6
18825 4 35
18826 75 11
18827 2 64
18828 15 72
18829 29 32
18830 27 15
18831 51 65
18832 9 33
18833 48 73
18834 32 25
18835 31 25
18836 14 8
18837 32 25
18838 10 79
18839 25 73
18840 60 46
18841 14 34
18842 10 38
18843 53 11
18844 77 72
18845 4 6
18846 76 11
18847 65 31
18848 5 28
18849 52 78
18850 33 29
18851 62 24
18852 29 28
18853 4 53
18854 11 38
18855 4 7
18856 5 65
18857 75 11
18858 46 31
18859 11 0
18860 17 16
18861 16 25
18862 61 21
18863 76 11
18864 69 24
18865 27 70
18866 28 15
18867 69 23
18868 50 68
18869 65 23
18870 13 40
18871 50 67
18872 17 40
18873 6 28
18874 39 70
18875 33 30
18876 24 79
18877 33 29
18878 58 57
18879 39 71
18880 39 70
18881 9 79
18882 75 11
18883 37 66
18884 3 53
18885 51 55
18886 24 78
18887 17 56
18888 41 46
18889 63 50
18890 14 75
18891 10 79
18892 56 6
18893 53 69
18894 19 36
18895 41 76
18896 24 53
18897 13 17
18898 56 79
18899 75 42
18900 67 18
18901 27 71
18902 17 57
18903 8 56
18904 65 32
18905 7 27
18906 29 29
18907 24 52
18908 65 31
18909 47 26
18910 10 38
18911 28 21
18912 76 72
18913 65 32
18914 14 76
18915 78 35
18916 31 25
18917 63 28
18918 9 79
18919 15 43
18920 29 28
18921 33 7
18922 53 68
18923 65 31
18924 10 49
18925 57 34
18926 38 22
18927 10 79
18928 68 32
18929 1 45
18930 11 1
18931 54 30
18932 29 21
18933 5 66
18934 61 38
18935 12 40
18936 4 6
18937 14 7
18938 15 44
18939 76 11
18940 68 31
18941 55 44
18942 9 79
18943 54 11
18944 14 72
18945 60 38
18946 33 8
18947 11 38
18948 37 14
18949 63 29
18950 15 43
18951 28 21
18952 5 65
18953 55 72
18954 32 25
18955 63 28
18956 63 29
18957 29 33
18958 24 53
18959 3 35
18960 48 26
18961 20 5
18962 57 6
18963 56 6
18964 42 76
18965 38 66
18966 72 25
18967 68 37
18968 15 44
18969 51 56
18970 42 46
18971 24 52
18972 14 8
18973 57 35
18974 17 56
18975 19 35
18976 21 5
18977 42 63
18978 14 7
18979 27 15
18980 47 73
18981 53 11
18982 33 7
18983 11 0
18984 55 79
18985 39 27
18986 11 1
18987 61 24
18988 24 53
18989 72 26
18990 33 30
18991 61 38
18992 10 38
18993 40 0
18994 68 18
18995 31 25
18996 15 34
18997 56 72
18998 20 5
18999 17 57
19000 15 72
19001 57 6
19002 48 73
19003 39 26
19004 24 52
19005 19 36
19006 11 0
19007 10 79
19008 33 29
19009 37 66
19010 51 66
19011 8 55
19012 52 79
19013 15 43
19014 51 65
19015 4 7
19016 33 8
19017 56 6
19018 9 79
19019 8 56
19020 29 29
19021 36 28
19022 38 66
19023 2 67
19024 77 72
19025 33 30
19026 56 77
19027 78 34
19028 54 11
19029 56 54
19030 60 45
19031 24 13
19032 69 24
19033 8 55
19034 61 76
19035 14 75
19036 42 62
19037 32 25
19038 73 31
19039 16 16
19040 37 13
19041 8 56
19042 15 44
19043 41 0
19044 13 16
19045 10 79
19046 72 25
19047 11 1
19048 53 11
19049 57 6
19050 5 28
19051 21 5
19052 24 79
19053 55 43
19054 33 7
19055 13 40
19056 36 29
19057 9 34
19058 65 32
19059 17 56
19060 37 66
19061 61 20
19062 55 72
19063 60 38
19064 14 34
19065 56 55
19066 15 43
19067 17 41
19068 13 17
19069 33 8
19070 67 18
19071 17 16
19072 15 25
19073 4 6
19074 36 28
19075 68 18
19076 63 51
19077 67 18
19078 72 26
19079 29 28
19080 53 30
19081 20 5
19082 41 46
19083 62 76
19084 4 43
19085 24 53
19086 4 53
19087 13 16
19088 29 32
19089 63 50
19090 40 31
19091 47 26
19092 54 30
19093 16 25
19094 5 66
19095 74 31
19096 44 38
19097 11 0
19098 4 35
19099 29 33
19100 42 63
19101 40 30
19102 36 29
19103 68 32
19104 3 35
19105 63 28
19106 54 11
19107 3 67
19108 23 36
19109 24 14
19110 29 32
19111 28 15
19112 40 0
19113 21 5
19114 15 44
19115 75 11
19116 61 38
19117 11 38
19118 56 72
19119 44 39
19120 57 34
19121 63 29
19122 53 11
19123 78 35
19124 50 35
19125 68 31
19126 78 34
19127 53 30
19128 24 78
19129 76 11
19130 4 40
19131 75 11
19132 56 54
19133 63 51
19134 57 35
19135 39 71
19136 9 33
19137 11 1
19138 69 23
19139 52 1
19140 40 31
19141 15 25
19142 75 43
19143 51 35
19144 10 38
19145 11 0
19146 68 18
19147 54 30
19148 6 28
19149 75 40
19150 76 40
19151 48 26
19152 33 7
19153 37 14
19154 50 68
19155 16 25
19156 3 53
19157 51 55
19158 17 40
19159 24 79
19160 60 46
19161 75 42
19162 53 69
19163 63 28
19164 7 26
19165 56 79
19166 11 1
19167 14 72
19168 55 72
19169 31 25
19170 37 13
19171 37 22
19172 65 22
19173 75 43
19174 69 24
19175 8 55
19176 75 59
19177 55 44
19178 7 27
19179 29 21
19180 15 34
19181 75 40
19182 56 55
19183 27 15
19184 76 11
19185 37 14
19186 51 56
19187 33 8
19188 62 24
19189 55 43
19190 13 17
19191 4 7
19192 15 25
19193 69 23
19194 42 62
19195 24 52
19196 12 40
19197 20 5
19198 72 25
19199 11 49
# colocadas=19200 ocupadas=100 mayor=1195
