0 43 76
1 20 79
2 35 24
3 43 7
4 58 75
5 28 19
6 1 37
7 20 45
8 43 1
9 12 25
10 55 55
11 63 27
12 69 79
13 58 5
14 73 11
15 77 77
16 37 76
17 63 26
18 30 40
19 3 51
20 16 1
21 16 0
22 23 28
23 57 40
24 29 64
25 21 56
26 73 47
27 5 16
28 34 64
29 50 40
30 19 78
31 67 18
32 52 39
33 42 14
34 70 79
35 33 33
36 20 46
37 56 45
38 30 39
39 77 70
40 49 56
41 39 3
42 35 44
43 77 76
44 52 40
45 38 3
46 57 45
47 73 48
48 76 68
49 63 79
50 44 76
51 55 54
52 55 47
53 23 14
54 2 51
55 18 78
56 43 76
57 33 64
58 44 76
59 73 47
60 19 78
61 21 79
62 75 74
63 29 60
64 43 0
65 48 62
66 17 54
67 32 46
68 24 63
69 20 78
70 49 66
71 70 8
72 28 4
73 56 45
74 39 3
75 26 62
76 63 31
77 40 16
78 62 18
79 45 0
80 47 70
81 59 31
82 31 46
83 57 45
84 30 40
85 75 68
86 62 31
87 49 40
88 58 3
89 3 51
90 42 7
91 48 63
92 36 24
93 23 9
94 16 1
95 19 78
96 34 64
97 24 56
98 20 79
99 39 16
100 43 7
101 67 17
102 23 15
103 60 57
104 23 63
105 4 16
106 16 0
107 36 76
108 15 52
109 23 27
110 46 70
111 63 27
112 14 47
113 23 8
114 66 27
115 78 43
116 73 61
117 33 68
118 70 38
119 57 41
120 27 19
121 15 51
122 73 48
123 32 46
124 77 71
125 59 11
126 38 3
127 55 46
128 15 52
129 39 3
130 53 13
131 59 30
132 35 30
133 69 79
134 21 57
135 9 31
136 63 26
137 38 3
138 64 4
139 64 79
140 31 61
141 27 69
142 2 51
143 28 69
144 42 7
145 23 33
146 77 70
147 35 56
148 79 43
149 63 27
150 53 12
151 20 45
152 59 10
153 23 9
154 43 1
155 5 11
156 6 11
157 56 45
158 27 69
159 5 16
160 25 64
161 27 62
162 59 3
163 28 19
164 23 56
165 73 15
166 16 6
167 74 74
168 55 47
169 48 62
170 24 63
171 34 44
172 12 24
173 73 12
174 64 29
175 48 71
176 15 51
177 31 46
178 33 64
179 43 7
180 4 16
181 35 44
182 50 64
183 28 64
184 70 79
185 20 46
186 26 64
187 16 54
188 28 69
189 30 33
190 67 18
191 42 7
192 34 44
193 73 47
194 59 58
195 29 64
196 67 27
197 49 64
198 16 78
199 64 37
200 73 11
201 50 40
202 15 52
203 50 64
204 74 61
205 78 43
206 23 63
207 48 56
208 67 17
209 57 45
210 74 8
211 5 11
212 16 1
213 69 79
214 28 64
215 69 8
216 56 45
217 14 48
218 23 14
219 39 7
220 23 8
221 52 39
222 63 26
223 77 71
224 73 16
225 43 7
226 30 34
227 14 10
228 70 79
229 61 57
230 28 3
231 69 79
232 73 48
233 66 27
234 33 34
235 2 59
236 14 9
237 6 11
238 34 64
239 24 56
240 65 37
241 58 58
242 49 40
243 32 46
244 16 0
245 27 69
246 60 57
247 9 52
248 39 3
249 11 56
250 77 77
251 31 46
252 43 76
253 64 30
254 73 47
255 64 37
256 23 56
257 23 9
258 35 24
259 12 25
260 70 79
261 33 64
262 16 79
263 55 55
264 5 16
265 37 76
266 63 79
267 23 28
268 3 51
269 10 56
270 26 62
271 49 64
272 67 18
273 27 19
274 1 51
275 23 15
276 67 27
277 43 0
278 28 69
279 73 15
280 41 14
281 5 11
282 23 27
283 58 4
284 63 27
285 70 8
286 42 14
287 73 61
288 74 7
289 30 39
290 25 64
291 48 72
292 61 18
293 73 48
294 16 76
295 15 51
296 1 59
297 42 7
298 57 40
299 43 7
300 76 68
301 18 78
302 74 61
303 75 68
304 35 55
305 15 6
306 75 74
307 12 24
308 48 63
309 32 46
310 76 68
311 11 56
312 27 69
313 57 45
314 48 71
315 21 56
316 66 27
317 50 64
318 36 24
319 24 63
320 59 31
321 47 70
322 21 57
323 24 33
324 73 16
325 28 69
326 23 8
327 42 7
328 14 47
329 64 3
330 63 26
331 33 69
332 75 68
333 30 33
334 36 76
335 6 11
336 77 76
337 3 52
338 48 72
339 30 34
340 48 71
341 31 46
342 55 46
343 37 76
344 43 1
345 8 31
346 48 72
347 19 78
348 69 79
349 30 33
350 9 51
351 76 68
352 34 64
353 52 40
354 16 1
355 61 57
356 73 15
357 16 75
358 75 68
359 16 6
360 48 62
361 65 37
362 15 52
363 15 51
364 55 54
365 73 12
366 67 17
367 57 41
368 60 3
369 68 10
370 63 27
371 23 14
372 79 43
373 27 69
374 35 56
375 9 52
376 2 51
377 60 4
378 48 71
379 17 54
380 15 6
381 50 66
382 46 70
383 16 78
384 23 28
385 55 47
386 9 51
387 2 59
388 30 40
389 32 46
390 34 30
391 14 48
392 23 9
393 68 9
394 16 79
395 71 38
396 57 40
397 63 31
398 73 61
399 21 56
400 1 51
401 0 37
402 45 55
403 59 30
404 69 8
405 62 18
406 77 70
407 28 19
408 12 25
409 23 15
410 32 61
411 38 3
412 35 24
413 58 74
414 64 4
415 55 46
416 1 59
417 28 12
418 74 8
419 16 76
420 44 76
421 67 27
422 20 45
423 12 24
424 57 41
425 33 64
426 28 4
427 78 43
428 4 16
429 20 46
430 16 78
431 67 18
432 14 10
433 36 76
434 33 33
435 10 56
436 40 16
437 21 57
438 73 11
439 37 76
440 77 77
441 62 31
442 3 51
443 1 37
444 23 8
445 28 69
446 58 5
447 79 43
448 64 3
449 66 27
450 45 1
451 39 8
452 30 34
453 35 44
454 49 64
455 16 0
456 15 52
457 16 1
458 31 46
459 27 19
460 34 44
461 16 54
462 67 17
463 63 26
464 29 59
465 50 40
466 2 59
467 36 76
468 30 33
469 35 55
470 29 64
471 35 56
472 48 72
473 39 7
474 0 37
475 49 66
476 16 0
477 61 18
478 77 76
479 28 64
480 55 47
481 58 75
482 47 70
483 73 47
484 5 11
485 16 1
486 63 27
487 76 68
488 16 79
489 70 8
490 34 64
491 68 10
492 45 54
493 52 39
494 33 68
495 37 76
496 5 16
497 70 38
498 39 8
499 59 11
500 29 60
501 33 34
502 50 64
503 73 48
504 26 64
505 18 78
506 27 62
507 46 70
508 45 55
509 20 78
510 67 18
511 30 34
512 32 46
513 49 64
514 48 63
515 33 69
516 23 9
517 30 33
518 31 46
519 1 37
520 4 16
521 25 64
522 69 8
523 71 38
524 35 44
525 60 57
526 33 33
527 12 25
528 70 79
529 33 68
530 55 55
531 41 14
532 27 69
533 33 69
534 63 26
535 6 11
536 55 46
537 18 77
538 33 64
539 73 47
540 39 16
541 68 9
542 77 77
543 5 16
544 28 3
545 57 40
546 52 40
547 0 51
548 64 29
549 26 64
550 40 16
551 23 8
552 17 54
553 59 31
554 77 76
555 36 24
556 11 56
557 35 30
558 14 9
559 34 30
560 64 37
561 28 11
562 14 47
563 14 48
564 50 64
565 1 59
566 15 51
567 74 7
568 30 39
569 74 61
570 73 16
571 20 79
572 25 64
573 49 64
574 12 24
575 58 74
576 70 8
577 28 12
578 2 51
579 74 8
580 50 64
581 49 40
582 5 11
583 64 4
584 35 24
585 28 11
586 33 34
587 69 79
588 20 78
589 78 43
590 36 76
591 43 0
592 37 76
593 50 40
594 2 59
595 36 76
596 55 54
597 16 0
598 9 31
599 49 56
600 16 54
601 49 40
602 39 7
603 73 61
604 56 45
605 74 61
606 1 59
607 8 31
608 23 9
609 17 54
610 55 55
611 77 71
612 74 7
613 64 30
614 50 66
615 62 18
616 23 33
617 70 79
618 16 6
619 35 55
620 55 54
621 6 11
622 24 56
623 34 44
624 28 4
625 26 62
626 2 59
627 57 41
628 23 27
629 69 79
630 29 59
631 23 8
632 61 57
633 39 16
634 16 78
635 61 4
636 64 79
637 64 3
638 30 40
639 55 55
640 43 1
641 52 39
642 69 8
643 33 68
644 39 3
645 29 64
646 23 14
647 75 68
648 20 45
649 48 71
650 3 51
651 57 40
652 5 11
653 28 12
654 9 52
655 16 54
656 9 31
657 15 6
658 34 64
659 28 11
660 48 62
661 10 56
662 59 58
663 23 28
664 1 59
665 50 40
666 58 58
667 14 10
668 70 8
669 73 12
670 68 10
671 48 63
672 16 6
673 48 56
674 16 79
675 77 70
676 60 4
677 45 0
678 31 61
679 16 75
680 67 27
681 48 62
682 37 76
683 39 8
684 39 7
685 23 9
686 65 37
687 30 34
688 47 70
689 70 38
690 1 51
691 42 14
692 36 76
693 33 69
694 29 60
695 36 24
696 73 61
697 28 69
698 46 70
699 28 64
700 70 79
701 64 29
702 8 31
703 49 66
704 0 37
705 63 79
706 64 37
707 73 15
708 55 54
709 33 33
710 32 46
711 38 3
712 14 9
713 23 63
714 27 69
715 49 40
716 59 10
717 73 11
718 32 61
719 48 72
720 33 34
721 43 7
722 28 19
723 20 46
724 52 40
725 61 18
726 16 78
727 4 16
728 43 0
729 17 54
730 79 43
731 48 63
732 64 79
733 24 63
734 23 56
735 23 8
736 23 15
737 45 1
738 39 8
739 64 4
740 29 59
741 77 77
742 28 69
743 29 64
744 11 56
745 74 61
746 64 3
747 31 61
748 52 39
749 27 62
750 58 75
751 5 16
752 35 56
753 16 1
754 43 76
755 63 79
756 30 39
757 73 61
758 69 79
759 23 27
760 30 33
761 43 1
762 0 51
763 63 31
764 42 7
765 20 45
766 74 8
767 50 40
768 23 28
769 45 54
770 2 51
771 45 55
772 24 56
773 28 64
774 57 41
775 66 27
776 71 38
777 73 48
778 55 47
779 62 18
780 14 47
781 47 70
782 23 56
783 70 38
784 49 56
785 63 27
786 63 26
787 43 7
788 71 38
789 69 8
790 46 70
791 14 48
792 35 30
793 37 76
794 4 16
795 48 71
796 32 61
797 47 70
798 27 19
799 30 34
800 14 47
801 55 46
802 40 16
803 35 24
804 28 19
805 35 55
806 28 3
807 45 54
808 35 56
809 16 79
810 33 33
811 46 70
812 57 45
813 2 59
814 23 63
815 9 31
816 10 56
817 49 40
818 59 11
819 53 13
820 68 9
821 29 64
822 45 0
823 52 40
824 58 74
825 28 4
826 26 64
827 35 55
828 67 27
829 35 56
830 39 16
831 74 74
832 20 79
833 6 11
834 60 57
835 64 79
836 43 0
837 50 40
838 1 37
839 47 70
840 76 68
841 0 37
842 18 76
843 61 18
844 8 31
845 9 31
846 1 59
847 44 76
848 52 39
849 2 59
850 24 56
851 63 27
852 24 63
853 57 40
854 9 51
855 63 26
856 73 16
857 16 76
858 20 78
859 31 46
860 55 55
861 48 56
862 49 56
863 16 75
864 73 15
865 8 31
866 49 40
867 70 79
868 35 55
869 11 56
870 39 7
871 36 76
872 28 64
873 36 24
874 20 79
875 67 17
876 64 30
877 25 64
878 30 40
879 64 4
880 16 76
881 12 25
882 56 45
883 50 40
884 33 64
885 23 9
886 33 68
887 20 46
888 26 62
889 27 62
890 68 10
891 49 64
892 24 33
893 28 3
894 0 52
895 37 76
896 45 55
897 23 33
898 67 18
899 61 4
900 23 63
901 27 19
902 39 8
903 35 44
904 43 76
905 50 66
906 66 27
907 5 16
908 70 8
909 34 44
910 26 62
911 46 70
912 28 4
913 9 31
914 48 56
915 44 76
916 78 43
917 73 12
918 59 30
919 49 66
920 34 30
921 40 16
922 79 43
923 15 52
924 69 79
925 68 9
926 77 76
927 28 12
928 34 64
929 24 33
930 23 27
931 59 58
932 77 71
933 9 52
934 30 39
935 75 74
936 15 6
937 35 44
938 30 33
939 26 64
940 63 79
941 43 76
942 49 56
943 27 69
944 34 44
945 25 64
946 74 74
947 4 16
948 32 46
949 47 70
950 42 7
951 14 10
952 70 79
953 58 58
954 8 31
955 0 51
956 35 30
957 57 41
958 33 34
959 57 40
960 43 7
961 70 38
962 58 75
963 78 43
964 45 1
965 41 14
966 75 68
967 64 29
968 39 7
969 23 28
970 42 7
971 57 45
972 27 62
973 62 31
974 33 33
975 31 46
976 69 79
977 24 63
978 28 69
979 32 46
980 46 70
981 27 69
982 48 56
983 0 52
984 50 64
985 39 16
986 5 11
987 26 62
988 67 27
989 9 51
990 0 51
991 58 74
992 74 7
993 39 8
994 33 64
995 59 10
996 68 10
997 53 12
998 28 69
999 14 48
1000 52 40
1001 58 75
1002 27 69
1003 9 31
1004 23 27
1005 8 31
1006 71 38
1007 23 28
1008 67 17
1009 23 14
1010 23 63
1011 70 38
1012 47 70
1013 34 30
1014 58 4
1015 3 51
1016 16 75
1017 50 66
1018 35 30
1019 23 56
1020 59 31
1021 45 54
1022 16 78
1023 49 64
1024 35 44
1025 40 16
1026 33 69
1027 36 76
1028 16 79
1029 1 59
1030 58 5
1031 63 31
1032 43 7
1033 65 37
1034 31 61
1035 30 34
1036 15 51
1037 35 24
1038 28 3
1039 64 3
1040 29 64
1041 46 70
1042 42 7
1043 59 30
1044 52 39
1045 64 79
1046 23 33
1047 73 11
1048 28 64
1049 23 8
1050 76 68
1051 61 57
1052 12 24
1053 33 68
1054 50 64
1055 10 56
1056 31 46
1057 28 4
1058 2 51
1059 73 47
1060 55 47
1061 5 16
1062 45 55
1063 33 34
1064 28 19
1065 75 68
1066 79 43
1067 39 7
1068 53 13
1069 27 19
1070 16 78
1071 74 8
1072 45 54
1073 9 31
1074 16 76
1075 75 74
1076 35 56
1077 36 24
1078 23 27
1079 57 41
1080 60 57
1081 55 46
1082 28 19
1083 71 38
1084 16 54
1085 23 28
1086 14 47
1087 23 9
1088 76 68
1089 20 78
1090 30 33
1091 55 54
1092 15 52
1093 16 75
1094 63 79
1095 33 33
1096 6 11
1097 24 56
1098 77 77
1099 73 48
1100 78 43
1101 45 55
1102 42 14
1103 23 27
1104 23 15
1105 67 18
1106 21 56
1107 63 27
1108 48 72
1109 59 58
1110 18 77
1111 64 4
1112 29 64
1113 34 44
1114 28 3
1115 55 47
1116 68 9
1117 1 37
1118 68 10
1119 3 51
1120 58 58
1121 27 19
1122 61 57
1123 60 4
1124 26 64
1125 49 66
1126 14 9
1127 28 64
1128 45 0
1129 70 79
1130 61 4
1131 60 4
1132 18 76
1133 28 69
1134 39 8
1135 25 64
1136 21 57
1137 23 8
1138 57 40
1139 73 12
1140 64 79
1141 16 79
1142 47 70
1143 30 34
1144 23 56
1145 48 71
1146 73 16
1147 58 4
1148 49 56
1149 63 26
1150 34 30
1151 23 28
1152 28 11
1153 46 70
1154 23 27
1155 79 43
1156 64 30
1157 29 60
1158 75 68
1159 52 40
1160 60 57
1161 50 66
1162 34 64
1163 18 77
1164 27 62
1165 17 54
1166 45 54
1167 30 33
1168 52 39
1169 28 12
1170 32 46
1171 23 28
1172 20 79
1173 63 27
1174 26 64
1175 23 14
1176 24 33
1177 24 63
1178 39 16
1179 47 70
1180 69 79
1181 58 74
1182 66 27
1183 61 57
1184 5 11
1185 64 37
1186 6 11
1187 48 56
1188 48 62
1189 28 19
1190 39 3
1191 15 51
1192 33 69
1193 65 37
1194 38 3
1195 2 59
1196 41 14
1197 49 40
1198 45 1
1199 77 70
1200 74 74
1201 33 34
1202 8 31
1203 21 56
1204 33 64
1205 23 63
1206 45 0
1207 14 10
1208 35 24
1209 29 64
1210 49 64
1211 45 55
1212 23 27
1213 76 68
1214 28 4
1215 1 59
1216 24 56
1217 16 0
1218 26 62
1219 39 7
1220 35 55
1221 73 47
1222 28 64
1223 16 1
1224 16 6
1225 35 44
1226 21 57
1227 55 55
1228 62 31
1229 68 9
1230 57 41
1231 50 64
1232 1 51
1233 16 0
1234 35 30
1235 43 7
1236 14 9
1237 39 3
1238 28 3
1239 23 56
1240 3 52
1241 68 10
1242 34 30
1243 63 31
1244 58 5
1245 9 52
1246 16 54
1247 3 51
1248 74 7
1249 59 31
1250 70 38
1251 20 45
1252 74 61
1253 16 78
1254 9 51
1255 34 44
1256 21 56
1257 2 59
1258 70 79
1259 28 4
1260 73 61
1261 60 57
1262 30 34
1263 42 7
1264 25 64
1265 30 33
1266 31 46
1267 58 4
1268 52 40
1269 69 8
1270 64 3
1271 74 8
1272 70 8
1273 71 38
1274 37 76
1275 23 33
1276 70 38
1277 59 30
1278 4 16
1279 64 37
1280 45 54
1281 55 54
1282 34 64
1283 77 76
1284 38 3
1285 55 55
1286 52 39
1287 57 40
1288 28 3
1289 20 78
1290 28 11
1291 73 48
1292 14 10
1293 23 15
1294 55 46
1295 28 4
1296 39 8
1297 27 19
1298 28 12
1299 58 75
1300 74 61
1301 23 14
1302 20 46
1303 23 15
1304 21 57
1305 9 52
1306 30 40
1307 23 9
1308 28 3
1309 59 58
1310 49 64
1311 74 7
1312 73 11
1313 36 76
1314 17 54
1315 50 40
1316 59 31
1317 64 29
1318 67 27
1319 27 69
1320 5 16
1321 30 39
1322 24 63
1323 9 51
1324 44 76
1325 46 70
1326 77 77
1327 59 11
1328 73 61
1329 58 58
1330 43 1
1331 45 55
1332 61 4
1333 64 4
1334 29 64
1335 35 56
1336 14 9
1337 28 64
1338 63 79
1339 62 18
1340 27 62
1341 15 52
1342 0 37
1343 33 68
1344 55 54
1345 64 79
1346 16 54
1347 20 79
1348 68 9
1349 74 8
1350 45 1
1351 40 16
1352 14 48
1353 35 44
1354 57 41
1355 5 11
1356 67 17
1357 74 61
1358 74 7
1359 26 62
1360 3 52
1361 28 69
1362 16 79
1363 73 47
1364 20 45
1365 28 4
1366 35 30
1367 57 40
1368 16 76
1369 16 1
1370 77 76
1371 56 45
1372 32 46
1373 60 4
1374 26 64
1375 43 0
1376 64 30
1377 39 7
1378 69 79
1379 12 25
1380 64 29
1381 9 31
1382 33 33
1383 17 54
1384 73 12
1385 63 79
1386 59 30
1387 64 79
1388 20 46
1389 66 27
1390 59 58
1391 43 1
1392 57 41
1393 49 40
1394 68 10
1395 53 12
1396 78 43
1397 36 24
1398 12 24
1399 24 33
1400 50 64
1401 20 45
1402 73 61
1403 14 10
1404 16 75
1405 33 34
1406 9 52
1407 14 47
1408 58 74
1409 45 0
1410 71 38
1411 20 46
1412 16 0
1413 42 14
1414 41 14
1415 20 78
1416 55 47
1417 34 30
1418 37 76
1419 43 76
1420 34 44
1421 36 76
1422 1 37
1423 0 37
1424 23 28
1425 23 14
1426 67 18
1427 27 69
1428 64 3
1429 47 70
1430 35 30
1431 64 30
1432 15 51
1433 57 45
1434 50 40
1435 15 6
1436 16 78
1437 69 8
1438 48 72
1439 18 76
1440 28 3
1441 63 26
1442 61 18
1443 32 61
1444 39 8
1445 9 51
1446 2 51
1447 45 1
1448 79 43
1449 12 25
1450 75 68
1451 75 74
1452 49 64
1453 61 57
1454 31 46
1455 67 27
1456 29 64
1457 42 14
1458 73 11
1459 28 69
1460 4 16
1461 35 44
1462 12 24
1463 37 76
1464 67 17
1465 1 59
1466 49 40
1467 50 40
1468 24 56
1469 33 64
1470 16 79
1471 28 64
1472 33 69
1473 28 4
1474 55 46
1475 14 48
1476 55 55
1477 30 34
1478 63 79
1479 25 64
1480 65 37
1481 62 31
1482 43 0
1483 23 33
1484 59 10
1485 3 53
1486 21 56
1487 45 0
1488 60 57
1489 29 64
1490 34 30
1491 31 61
1492 66 27
1493 68 9
1494 58 58
1495 77 71
1496 23 8
1497 35 30
1498 61 4
1499 76 68
1500 16 78
1501 14 9
1502 70 8
1503 23 15
1504 67 18
1505 2 59
1506 64 37
1507 67 27
1508 73 48
1509 12 25
1510 20 79
1511 33 68
1512 61 57
1513 73 12
1514 23 14
1515 16 1
1516 12 24
1517 55 47
1518 16 54
1519 69 8
1520 32 61
1521 73 15
1522 77 77
1523 59 58
1524 41 14
1525 23 27
1526 28 11
1527 70 8
1528 74 61
1529 26 64
1530 49 56
1531 59 31
1532 70 79
1533 23 15
1534 16 79
1535 58 75
1536 75 68
1537 28 19
1538 8 31
1539 55 46
1540 65 37
1541 63 31
1542 50 64
1543 32 46
1544 49 66
1545 60 4
1546 43 1
1547 23 63
1548 3 51
1549 70 38
1550 18 77
1551 64 29
1552 5 16
1553 34 64
1554 53 13
1555 33 64
1556 66 27
1557 25 64
1558 60 57
1559 2 51
1560 27 19
1561 9 52
1562 42 14
1563 77 70
1564 39 7
1565 77 71
1566 16 78
1567 6 11
1568 23 28
1569 27 69
1570 64 4
1571 14 47
1572 16 79
1573 64 3
1574 53 12
1575 55 54
1576 34 30
1577 78 43
1578 73 61
1579 23 56
1580 4 16
1581 48 56
1582 35 30
1583 35 24
1584 23 9
1585 14 10
1586 20 78
1587 77 76
1588 59 11
1589 34 44
1590 49 56
1591 31 46
1592 31 61
1593 55 55
1594 23 8
1595 30 40
1596 1 37
1597 23 27
1598 23 9
1599 76 68
1600 49 64
1601 14 9
1602 16 6
1603 39 3
1604 59 30
1605 34 30
1606 64 79
1607 61 4
1608 73 11
1609 28 19
1610 5 11
1611 35 44
1612 39 8
1613 48 63
1614 64 4
1615 29 59
1616 62 18
1617 3 51
1618 11 56
1619 74 61
1620 58 74
1621 52 40
1622 75 68
1623 59 31
1624 79 43
1625 59 30
1626 30 39
1627 61 18
1628 32 46
1629 24 33
1630 30 40
1631 58 58
1632 36 24
1633 15 52
1634 59 58
1635 28 12
1636 67 27
1637 20 45
1638 69 79
1639 9 51
1640 73 12
1641 69 8
1642 32 61
1643 73 61
1644 78 43
1645 27 62
1646 17 54
1647 9 52
1648 43 7
1649 20 79
1650 23 28
1651 39 16
1652 49 40
1653 18 76
1654 2 51
1655 41 14
1656 26 64
1657 45 54
1658 74 74
1659 61 57
1660 35 30
1661 63 79
1662 28 3
1663 15 51
1664 50 64
1665 63 27
1666 28 4
1667 50 66
1668 28 11
1669 48 71
1670 58 58
1671 6 11
1672 79 43
1673 42 7
1674 45 55
1675 52 39
1676 59 58
1677 28 69
1678 38 3
1679 71 38
1680 24 56
1681 14 48
1682 59 10
1683 58 5
1684 35 55
1685 64 30
1686 70 8
1687 64 3
1688 64 29
1689 35 56
1690 40 16
1691 16 78
1692 29 60
1693 28 3
1694 5 16
1695 52 40
1696 9 51
1697 30 33
1698 68 10
1699 1 59
1700 43 7
1701 50 40
1702 29 59
1703 23 56
1704 62 31
1705 76 68
1706 33 69
1707 53 13
1708 64 30
1709 56 45
1710 62 18
1711 27 69
1712 45 54
1713 64 4
1714 69 8
1715 20 46
1716 28 4
1717 34 64
1718 63 26
1719 15 52
1720 57 45
1721 77 77
1722 74 8
1723 20 45
1724 20 78
1725 53 12
1726 67 17
1727 55 54
1728 0 37
1729 18 77
1730 74 61
1731 39 16
1732 64 79
1733 49 66
1734 27 19
1735 23 33
1736 55 55
1737 33 33
1738 74 7
1739 25 64
1740 52 39
1741 49 40
1742 50 40
1743 78 43
1744 56 45
1745 48 56
1746 39 7
1747 40 16
1748 36 76
1749 24 33
1750 34 44
1751 15 6
1752 4 16
1753 23 33
1754 23 8
1755 48 62
1756 63 79
1757 35 44
1758 48 72
1759 60 57
1760 64 37
1761 73 47
1762 20 79
1763 16 54
1764 55 47
1765 42 7
1766 30 39
1767 14 10
1768 28 12
1769 42 14
1770 45 1
1771 28 64
1772 73 48
1773 14 9
1774 77 70
1775 45 0
1776 2 59
1777 43 7
1778 64 79
1779 52 40
1780 48 63
1781 73 47
1782 26 62
1783 28 19
1784 75 68
1785 48 62
1786 76 68
1787 29 64
1788 73 61
1789 39 16
1790 52 39
1791 31 61
1792 34 30
1793 33 64
1794 27 62
1795 39 3
1796 57 40
1797 23 9
1798 24 33
1799 24 56
1800 44 76
1801 35 55
1802 59 31
1803 48 63
1804 63 79
1805 53 13
1806 70 38
1807 1 59
1808 57 45
1809 16 0
1810 16 1
1811 77 76
1812 35 30
1813 16 0
1814 24 63
1815 79 43
1816 32 61
1817 75 74
1818 48 71
1819 37 76
1820 57 41
1821 71 38
1822 10 56
1823 27 19
1824 73 48
1825 12 25
1826 74 61
1827 28 11
1828 3 52
1829 73 16
1830 1 37
1831 63 27
1832 59 30
1833 63 26
1834 35 24
1835 23 33
1836 24 33
1837 74 8
1838 28 3
1839 58 58
1840 55 54
1841 43 0
1842 23 27
1843 61 57
1844 74 7
1845 45 55
1846 0 37
1847 45 54
1848 46 70
1849 36 76
1850 1 37
1851 59 31
1852 18 76
1853 64 29
1854 68 9
1855 61 18
1856 20 46
1857 20 45
1858 14 10
1859 20 78
1860 49 56
1861 28 69
1862 45 55
1863 78 43
1864 57 40
1865 62 18
1866 79 43
1867 48 72
1868 65 37
1869 23 8
1870 58 4
1871 61 18
1872 23 14
1873 21 57
1874 36 24
1875 9 31
1876 55 46
1877 74 8
1878 2 59
1879 9 52
1880 16 79
1881 49 64
1882 31 61
1883 11 56
1884 30 34
1885 58 5
1886 60 57
1887 47 70
1888 48 56
1889 55 55
1890 32 61
1891 70 79
1892 1 51
1893 34 44
1894 69 79
1895 55 47
1896 48 62
1897 58 4
1898 38 3
1899 3 51
1900 43 1
1901 66 27
1902 15 51
1903 45 54
1904 52 40
1905 16 78
1906 45 1
1907 67 18
1908 37 76
1909 10 56
1910 16 79
1911 46 70
1912 27 69
1913 45 0
1914 15 52
1915 61 57
1916 64 3
1917 8 31
1918 52 39
1919 75 68
1920 52 40
1921 39 3
1922 14 9
1923 34 30
1924 33 34
1925 23 33
1926 41 14
1927 35 44
1928 5 11
1929 43 76
1930 28 19
1931 49 40
1932 40 16
1933 63 31
1934 44 76
1935 73 11
1936 30 33
1937 28 64
1938 28 12
1939 23 9
1940 77 77
1941 38 3
1942 0 37
1943 62 18
1944 67 27
1945 34 64
1946 36 76
1947 33 68
1948 28 11
1949 28 4
1950 58 75
1951 37 76
1952 3 52
1953 27 19
1954 60 4
1955 50 40
1956 59 58
1957 16 1
1958 53 12
1959 70 79
1960 28 69
1961 69 79
1962 20 79
1963 18 77
1964 61 18
1965 73 15
1966 78 43
1967 20 46
1968 76 68
1969 79 43
1970 62 18
1971 50 64
1972 30 34
1973 70 79
1974 28 12
1975 11 56
1976 1 37
1977 33 64
1978 27 69
1979 73 61
1980 30 33
1981 55 46
1982 5 16
1983 35 30
1984 23 28
1985 35 24
1986 60 57
1987 31 46
1988 12 24
1989 43 0
1990 66 27
1991 42 14
1992 3 51
1993 61 4
1994 31 61
1995 3 52
1996 34 44
1997 32 61
1998 39 16
1999 28 69
2000 43 76
2001 77 71
2002 41 14
2003 23 56
2004 14 10
2005 77 70
2006 26 62
2007 4 16
2008 35 56
2009 16 78
2010 35 44
2011 9 51
2012 30 40
2013 78 43
2014 62 31
2015 69 79
2016 20 45
2017 55 54
2018 31 61
2019 15 51
2020 33 33
2021 27 69
2022 17 54
2023 45 1
2024 39 3
2025 14 9
2026 20 46
2027 29 60
2028 64 79
2029 29 59
2030 29 64
2031 55 47
2032 23 63
2033 32 61
2034 38 3
2035 75 68
2036 24 63
2037 12 25
2038 64 4
2039 35 55
2040 30 34
2041 60 4
2042 20 45
2043 49 64
2044 70 79
2045 42 7
2046 40 16
2047 69 79
2048 63 79
2049 49 56
2050 49 40
2051 74 7
2052 64 3
2053 24 56
2054 12 24
2055 29 60
2056 34 44
2057 64 30
2058 16 79
2059 56 45
2060 61 18
2061 57 41
2062 67 17
2063 27 62
2064 23 8
2065 26 64
2066 64 4
2067 30 39
2068 55 46
2069 25 64
2070 14 47
2071 57 45
2072 74 61
2073 55 55
2074 9 31
2075 12 25
2076 34 30
2077 33 34
2078 16 78
2079 26 64
2080 67 27
2081 64 79
2082 50 66
2083 6 11
2084 47 70
2085 9 52
2086 5 16
2087 28 11
2088 44 76
2089 70 79
2090 21 56
2091 29 59
2092 61 4
2093 35 30
2094 59 30
2095 45 55
2096 33 33
2097 74 74
2098 42 14
2099 30 40
2100 70 38
2101 73 12
2102 64 3
2103 39 8
2104 59 11
2105 53 13
2106 34 64
2107 58 58
2108 49 66
2109 77 76
2110 4 16
2111 73 61
2112 23 27
2113 59 58
2114 60 4
2115 28 3
2116 28 12
2117 63 27
2118 79 43
2119 73 16
2120 18 76
2121 20 46
2122 64 29
2123 20 78
2124 16 76
2125 23 9
2126 39 3
2127 45 54
2128 25 64
2129 35 56
2130 23 15
2131 61 57
2132 30 33
2133 36 24
2134 58 74
2135 63 79
2136 69 79
2137 48 63
2138 66 27
2139 23 14
2140 3 51
2141 58 58
2142 29 60
2143 28 11
2144 74 61
2145 68 10
2146 33 69
2147 38 3
2148 33 64
2149 3 52
2150 67 18
2151 33 68
2152 71 38
2153 64 30
2154 31 61
2155 16 75
2156 55 47
2157 1 59
2158 34 64
2159 50 64
2160 43 76
2161 56 45
2162 12 24
2163 14 48
2164 35 44
2165 59 10
2166 23 63
2167 45 0
2168 29 59
2169 61 4
2170 73 47
2171 33 34
2172 63 26
2173 28 12
2174 15 52
2175 23 15
2176 70 38
2177 75 74
2178 63 27
2179 68 9
2180 73 48
2181 35 24
2182 30 39
2183 76 68
2184 24 63
2185 39 3
2186 73 47
2187 77 77
2188 21 57
2189 12 25
2190 16 54
2191 2 51
2192 28 19
2193 3 53
2194 67 27
2195 59 58
2196 3 51
2197 68 10
2198 64 79
2199 55 46
2200 18 77
2201 28 64
2202 14 47
2203 59 31
2204 68 9
2205 4 53
2206 59 30
2207 57 45
2208 73 48
2209 60 4
2210 70 8
2211 45 55
2212 16 79
2213 64 4
2214 59 11
2215 64 29
2216 23 8
2217 63 26
2218 73 61
2219 45 1
2220 5 11
2221 73 15
2222 2 59
2223 28 11
2224 55 54
2225 30 40
2226 8 31
2227 77 76
2228 56 45
2229 35 55
2230 59 10
2231 63 79
2232 9 31
2233 10 56
2234 6 11
2235 34 30
2236 64 30
2237 33 64
2238 17 54
2239 73 47
2240 74 61
2241 43 7
2242 28 12
2243 48 62
2244 64 3
2245 53 12
2246 66 27
2247 14 10
2248 26 64
2249 64 4
2250 32 61
2251 48 56
2252 34 44
2253 59 11
2254 35 44
2255 44 76
2256 61 4
2257 24 33
2258 30 39
2259 57 40
2260 73 61
2261 78 43
2262 74 74
2263 48 63
2264 36 76
2265 55 47
2266 20 45
2267 16 6
2268 21 56
2269 5 11
2270 12 24
2271 16 54
2272 14 9
2273 59 10
2274 60 57
2275 61 57
2276 38 3
2277 11 56
2278 64 29
2279 67 17
2280 74 8
2281 34 64
2282 28 4
2283 55 46
2284 18 76
2285 52 39
2286 49 64
2287 25 64
2288 15 51
2289 2 51
2290 50 64
2291 41 14
2292 73 11
2293 29 64
2294 64 30
2295 20 46
2296 42 7
2297 75 74
2298 23 33
2299 28 69
2300 14 10
2301 74 7
2302 20 79
2303 37 76
2304 0 37
2305 77 77
2306 57 41
2307 58 5
2308 69 8
2309 39 16
2310 27 19
2311 3 51
2312 43 76
2313 77 76
2314 6 11
2315 73 48
2316 20 45
2317 43 7
2318 15 52
2319 16 76
2320 73 16
2321 35 30
2322 44 76
2323 75 68
2324 63 27
2325 1 37
2326 50 40
2327 32 46
2328 67 18
2329 74 8
2330 70 8
2331 28 64
2332 60 57
2333 48 62
2334 53 13
2335 49 64
2336 61 57
2337 16 0
2338 42 7
2339 31 46
2340 50 64
2341 28 19
2342 29 64
2343 49 56
2344 28 3
2345 64 79
2346 55 47
2347 10 56
2348 43 1
2349 32 46
2350 40 16
2351 49 40
2352 79 43
2353 39 7
2354 60 4
2355 20 46
2356 17 54
2357 74 61
2358 15 51
2359 58 75
2360 16 1
2361 26 62
2362 15 6
2363 58 58
2364 5 11
2365 23 56
2366 43 0
2367 16 78
2368 14 48
2369 16 54
2370 48 56
2371 59 31
2372 16 79
2373 48 71
2374 16 6
2375 43 76
2376 35 56
2377 28 64
2378 67 17
2379 30 34
2380 30 33
2381 14 9
2382 35 55
2383 59 11
2384 63 31
2385 23 63
2386 2 51
2387 26 64
2388 55 46
2389 53 12
2390 30 34
2391 0 37
2392 62 31
2393 73 15
2394 27 69
2395 15 6
2396 61 4
2397 11 56
2398 5 16
2399 64 3
2400 64 29
2401 10 56
2402 48 72
2403 62 18
2404 34 30
2405 14 10
2406 49 56
2407 15 52
2408 46 70
2409 57 40
2410 16 6
2411 29 60
2412 16 78
2413 43 7
2414 20 78
2415 36 76
2416 50 66
2417 4 54
2418 69 8
2419 74 74
2420 29 64
2421 3 51
2422 52 40
2423 33 64
2424 29 59
2425 68 10
2426 49 64
2427 74 7
2428 28 4
2429 39 3
2430 67 18
2431 35 30
2432 5 54
2433 43 1
2434 16 75
2435 50 64
2436 73 12
2437 71 38
2438 18 77
2439 52 39
2440 59 58
2441 37 76
2442 57 41
2443 1 59
2444 48 56
2445 12 25
2446 1 37
2447 63 31
2448 57 40
2449 58 58
2450 28 64
2451 59 10
2452 15 6
2453 24 63
2454 60 4
2455 24 56
2456 23 28
2457 34 30
2458 67 27
2459 62 31
2460 34 44
2461 73 16
2462 43 0
2463 60 57
2464 68 9
2465 59 58
2466 49 64
2467 55 55
2468 70 8
2469 15 51
2470 2 51
2471 0 37
2472 16 76
2473 23 14
2474 63 31
2475 73 61
2476 74 8
2477 55 47
2478 29 60
2479 61 4
2480 14 9
2481 23 27
2482 61 57
2483 77 71
2484 20 79
2485 50 64
2486 23 63
2487 57 45
2488 33 33
2489 12 24
2490 49 64
2491 35 56
2492 49 66
2493 63 26
2494 76 68
2495 58 4
2496 23 15
2497 70 79
2498 44 76
2499 35 44
2500 48 63
2501 63 79
2502 52 40
2503 62 31
2504 77 70
2505 59 30
2506 73 15
2507 75 68
2508 30 33
2509 77 77
2510 18 76
2511 45 54
2512 14 47
2513 16 75
2514 21 57
2515 77 71
2516 35 55
2517 16 79
2518 77 70
2519 77 76
2520 16 6
2521 34 44
2522 8 31
2523 58 74
2524 42 7
2525 39 16
2526 31 46
2527 73 16
2528 11 56
2529 23 56
2530 14 10
2531 28 11
2532 57 41
2533 50 66
2534 64 79
2535 25 64
2536 16 78
2537 14 48
2538 77 71
2539 32 46
2540 28 3
2541 33 34
2542 48 62
2543 61 18
2544 73 47
2545 75 74
2546 27 62
2547 16 0
2548 55 46
2549 6 11
2550 66 27
2551 50 64
2552 47 70
2553 27 19
2554 14 9
2555 14 47
2556 49 66
2557 33 33
2558 28 12
2559 34 64
2560 2 59
2561 14 10
2562 59 11
2563 60 4
2564 63 79
2565 20 78
2566 28 11
2567 61 4
2568 45 0
2569 67 17
2570 35 30
2571 14 9
2572 35 44
2573 5 11
2574 77 77
2575 78 43
2576 59 31
2577 69 79
2578 55 47
2579 45 55
2580 74 61
2581 33 34
2582 17 54
2583 3 51
2584 26 64
2585 60 4
2586 43 7
2587 70 79
2588 39 8
2589 74 7
2590 43 76
2591 59 10
2592 2 51
2593 25 64
2594 48 63
2595 35 56
2596 18 77
2597 48 62
2598 4 54
2599 44 76
2600 73 11
2601 73 12
2602 9 51
2603 16 1
2604 62 18
2605 12 25
2606 73 11
2607 69 8
2608 16 76
2609 15 6
2610 42 14
2611 69 79
2612 28 12
2613 16 75
2614 77 70
2615 70 79
2616 29 64
2617 15 52
2618 24 56
2619 70 8
2620 73 61
2621 67 27
2622 43 76
2623 42 7
2624 16 54
2625 43 7
2626 18 76
2627 3 51
2628 16 79
2629 23 28
2630 6 11
2631 30 34
2632 50 40
2633 17 54
2634 16 76
2635 38 3
2636 41 14
2637 10 56
2638 16 75
2639 59 11
2640 29 59
2641 1 37
2642 77 71
2643 26 62
2644 28 69
2645 74 74
2646 30 40
2647 28 11
2648 73 15
2649 33 69
2650 64 37
2651 58 75
2652 59 10
2653 24 63
2654 16 0
2655 70 38
2656 36 24
2657 14 10
2658 49 56
2659 49 40
2660 59 11
2661 61 18
2662 63 27
2663 58 74
2664 57 40
2665 60 57
2666 15 51
2667 1 59
2668 15 52
2669 52 39
2670 28 64
2671 71 38
2672 67 18
2673 27 62
2674 0 37
2675 23 56
2676 20 45
2677 44 76
2678 66 27
2679 24 33
2680 2 59
2681 46 70
2682 16 54
2683 28 12
2684 36 76
2685 65 37
2686 55 46
2687 33 64
2688 23 63
2689 59 30
2690 73 16
2691 28 4
2692 42 14
2693 16 1
2694 33 68
2695 31 61
2696 30 39
2697 35 24
2698 34 64
2699 9 52
2700 75 74
2701 39 7
2702 28 19
2703 29 60
2704 43 1
2705 62 18
2706 58 75
2707 50 66
2708 64 30
2709 59 10
2710 42 7
2711 63 31
2712 16 6
2713 59 31
2714 59 11
2715 49 64
2716 21 56
2717 35 55
2718 35 56
2719 47 70
2720 15 6
2721 58 58
2722 74 74
2723 5 11
2724 9 31
2725 29 59
2726 26 64
2727 33 69
2728 45 1
2729 29 64
2730 39 3
2731 36 24
2732 59 10
2733 5 54
2734 50 40
2735 77 70
2736 16 0
2737 23 14
2738 64 29
2739 67 17
2740 62 31
2741 56 45
2742 48 71
2743 33 33
2744 64 37
2745 15 51
2746 9 51
2747 55 54
2748 23 33
2749 55 55
2750 28 64
2751 20 46
2752 24 33
2753 16 1
2754 77 71
2755 34 44
2756 69 79
2757 59 30
2758 50 64
2759 14 9
2760 43 0
2761 59 31
2762 39 8
2763 75 74
2764 49 66
2765 17 54
2766 59 11
2767 16 0
2768 57 41
2769 24 56
2770 28 3
2771 4 16
2772 23 56
2773 33 64
2774 61 18
2775 35 55
2776 40 16
2777 64 79
2778 52 40
2779 30 40
2780 5 16
2781 55 47
2782 28 4
2783 23 33
2784 57 40
2785 8 31
2786 4 16
2787 43 76
2788 39 16
2789 35 44
2790 40 16
2791 5 16
2792 49 40
2793 16 1
2794 43 7
2795 73 48
2796 58 74
2797 61 57
2798 61 4
2799 35 56
2800 4 54
2801 60 57
2802 30 33
2803 48 63
2804 5 54
2805 35 55
2806 6 11
2807 24 63
2808 60 4
2809 63 26
2810 73 15
2811 46 70
2812 38 3
2813 23 9
2814 29 64
2815 28 3
2816 63 27
2817 59 10
2818 24 33
2819 20 45
2820 48 56
2821 59 11
2822 27 69
2823 44 76
2824 16 0
2825 11 56
2826 55 46
2827 23 33
2828 48 62
2829 12 24
2830 45 54
2831 23 63
2832 50 66
2833 50 40
2834 2 51
2835 35 56
2836 58 5
2837 43 1
2838 14 10
2839 59 58
2840 1 59
2841 58 58
2842 41 14
2843 59 10
2844 49 56
2845 34 44
2846 14 48
2847 42 7
2848 67 18
2849 70 79
2850 47 70
2851 63 79
2852 58 75
2853 63 31
2854 26 62
2855 73 16
2856 48 63
2857 35 44
2858 15 52
2859 43 0
2860 79 43
2861 14 47
2862 27 19
2863 28 19
2864 25 64
2865 58 4
2866 49 64
2867 73 47
2868 64 30
2869 27 62
2870 68 10
2871 58 5
2872 27 19
2873 67 27
2874 24 63
2875 49 40
2876 9 31
2877 73 12
2878 57 45
2879 28 64
2880 29 60
2881 30 39
2882 67 17
2883 3 51
2884 59 58
2885 73 48
2886 23 8
2887 50 64
2888 63 26
2889 61 57
2890 66 27
2891 74 74
2892 77 76
2893 48 72
2894 42 14
2895 4 54
2896 46 70
2897 16 78
2898 48 56
2899 49 66
2900 9 52
2901 23 63
2902 78 43
2903 67 27
2904 15 51
2905 15 52
2906 68 9
2907 14 48
2908 5 11
2909 20 46
2910 76 68
2911 58 4
2912 45 0
2913 24 56
2914 24 33
2915 28 69
2916 41 14
2917 75 74
2918 6 11
2919 67 18
2920 2 51
2921 60 57
2922 16 1
2923 14 47
2924 50 66
2925 30 34
2926 29 59
2927 1 37
2928 73 47
2929 16 76
2930 23 15
2931 73 15
2932 77 77
2933 28 19
2934 68 10
2935 10 56
2936 39 3
2937 35 24
2938 66 27
2939 74 8
2940 47 70
2941 48 62
2942 38 3
2943 31 46
2944 64 79
2945 15 51
2946 30 33
2947 42 14
2948 26 64
2949 75 68
2950 28 4
2951 77 70
2952 26 62
2953 49 56
2954 36 24
2955 48 56
2956 32 46
2957 79 43
2958 33 68
2959 21 57
2960 29 64
2961 29 60
2962 8 31
2963 3 51
2964 27 19
2965 35 24
2966 16 75
2967 74 61
2968 43 76
2969 20 79
2970 45 1
2971 69 8
2972 39 7
2973 70 8
2974 30 40
2975 49 66
2976 21 56
2977 32 61
2978 62 31
2979 27 62
2980 39 8
2981 30 34
2982 53 13
2983 25 64
2984 14 48
2985 67 17
2986 26 64
2987 52 39
2988 23 56
2989 39 3
2990 23 14
2991 69 79
2992 73 48
2993 67 27
2994 45 0
2995 16 54
2996 50 66
2997 57 41
2998 34 64
2999 70 38
3000 69 8
3001 9 51
3002 20 78
3003 31 46
3004 33 69
3005 14 9
3006 12 25
3007 38 3
3008 2 51
3009 68 9
3010 67 18
3011 28 19
3012 23 27
3013 56 45
3014 2 59
3015 73 16
3016 50 40
3017 63 79
3018 74 74
3019 61 4
3020 39 16
3021 28 11
3022 53 12
3023 29 59
3024 29 60
3025 63 27
3026 66 27
3027 0 37
3028 48 71
3029 15 52
3030 49 66
3031 48 72
3032 57 45
3033 33 64
3034 53 13
3035 60 4
3036 27 69
3037 16 76
3038 30 39
3039 61 4
3040 34 44
3041 40 16
3042 30 33
3043 32 46
3044 34 30
3045 29 59
3046 24 63
3047 25 64
3048 73 15
3049 11 56
3050 64 79
3051 59 30
3052 23 63
3053 70 79
3054 50 66
3055 29 60
3056 28 3
3057 61 57
3058 30 34
3059 23 28
3060 55 54
3061 45 1
3062 17 54
3063 23 9
3064 31 46
3065 63 31
3066 23 8
3067 59 31
3068 65 37
3069 30 40
3070 16 6
3071 58 74
3072 16 79
3073 49 40
3074 69 79
3075 67 17
3076 26 64
3077 75 74
3078 73 11
3079 57 40
3080 39 3
3081 16 0
3082 46 70
3083 5 54
3084 76 68
3085 16 75
3086 58 5
3087 16 54
3088 57 41
3089 9 31
3090 77 76
3091 36 24
3092 50 40
3093 57 40
3094 35 44
3095 77 71
3096 34 44
3097 62 31
3098 23 9
3099 35 44
3100 43 7
3101 23 8
3102 26 62
3103 55 47
3104 20 45
3105 47 70
3106 12 24
3107 60 4
3108 1 59
3109 28 12
3110 4 16
3111 63 31
3112 23 27
3113 35 30
3114 37 76
3115 4 54
3116 27 19
3117 70 8
3118 1 37
3119 31 61
3120 49 56
3121 28 19
3122 28 11
3123 38 3
3124 32 46
3125 71 38
3126 43 1
3127 59 11
3128 45 55
3129 5 16
3130 59 30
3131 39 7
3132 41 14
3133 4 16
3134 77 70
3135 16 1
3136 52 40
3137 2 59
3138 74 74
3139 64 29
3140 67 27
3141 27 62
3142 28 69
3143 33 34
3144 27 69
3145 23 15
3146 23 28
3147 28 4
3148 23 14
3149 23 9
3150 77 77
3151 39 16
3152 78 43
3153 79 43
3154 29 59
3155 15 51
3156 59 31
3157 24 56
3158 58 58
3159 66 27
3160 78 43
3161 35 55
3162 28 12
3163 55 46
3164 49 64
3165 28 64
3166 73 61
3167 33 33
3168 24 63
3169 23 27
3170 58 75
3171 49 66
3172 0 37
3173 5 54
3174 20 79
3175 34 64
3176 5 11
3177 33 34
3178 75 68
3179 63 26
3180 9 52
3181 49 40
3182 23 15
3183 68 10
3184 5 16
3185 77 76
3186 29 60
3187 59 30
3188 73 47
3189 6 11
3190 70 79
3191 14 10
3192 58 4
3193 61 4
3194 48 56
3195 25 64
3196 28 11
3197 40 16
3198 69 79
3199 70 79
3200 74 61
3201 57 41
3202 57 40
3203 16 78
3204 59 10
3205 20 46
3206 62 31
3207 52 39
3208 77 77
3209 33 33
3210 63 31
3211 45 54
3212 16 0
3213 23 28
3214 9 51
3215 10 56
3216 67 27
3217 43 0
3218 64 30
3219 73 61
3220 59 11
3221 14 9
3222 66 27
3223 23 14
3224 5 11
3225 68 9
3226 59 31
3227 23 27
3228 43 1
3229 57 41
3230 28 12
3231 77 76
3232 62 31
3233 3 51
3234 39 8
3235 17 54
3236 23 56
3237 28 3
3238 4 16
3239 73 48
3240 6 11
3241 44 76
3242 9 52
3243 45 55
3244 15 6
3245 69 79
3246 73 12
3247 59 10
3248 42 14
3249 33 34
3250 60 57
3251 55 55
3252 16 76
3253 16 54
3254 29 59
3255 74 61
3256 64 37
3257 35 56
3258 68 10
3259 39 3
3260 24 56
3261 45 54
3262 35 24
3263 43 0
3264 29 64
3265 50 64
3266 16 75
3267 21 57
3268 43 76
3269 62 18
3270 70 79
3271 23 56
3272 23 33
3273 73 61
3274 28 11
3275 17 54
3276 57 40
3277 11 56
3278 60 4
3279 30 39
3280 9 51
3281 15 52
3282 38 3
3283 5 16
3284 45 55
3285 63 79
3286 43 1
3287 42 7
3288 64 79
3289 45 0
3290 30 40
3291 9 52
3292 1 37
3293 70 38
3294 23 63
3295 33 33
3296 50 40
3297 39 7
3298 9 51
3299 26 62
3300 43 7
3301 39 3
3302 75 74
3303 28 69
3304 33 68
3305 74 61
3306 4 54
3307 63 79
3308 24 33
3309 29 60
3310 41 14
3311 53 12
3312 64 79
3313 34 30
3314 43 0
3315 30 39
3316 23 28
3317 79 43
3318 23 8
3319 33 34
3320 10 56
3321 71 38
3322 76 68
3323 15 51
3324 27 69
3325 20 45
3326 55 54
3327 52 40
3328 30 33
3329 14 47
3330 11 56
3331 59 30
3332 59 31
3333 63 27
3334 35 55
3335 55 47
3336 28 69
3337 69 8
3338 14 10
3339 23 33
3340 10 56
3341 59 30
3342 35 30
3343 23 27
3344 59 31
3345 58 74
3346 59 58
3347 14 48
3348 34 44
3349 73 11
3350 8 31
3351 48 63
3352 44 76
3353 73 12
3354 73 11
3355 49 40
3356 48 62
3357 73 16
3358 24 56
3359 30 34
3360 28 12
3361 30 33
3362 45 1
3363 77 71
3364 55 46
3365 30 40
3366 69 79
3367 27 19
3368 61 18
3369 23 9
3370 73 12
3371 67 18
3372 2 51
3373 27 62
3374 58 75
3375 61 4
3376 45 54
3377 30 34
3378 74 7
3379 14 9
3380 48 71
3381 26 62
3382 33 69
3383 15 52
3384 42 14
3385 28 11
3386 74 74
3387 33 33
3388 70 79
3389 60 4
3390 55 47
3391 50 66
3392 70 8
3393 62 18
3394 56 45
3395 45 0
3396 14 10
3397 16 76
3398 23 56
3399 63 31
3400 75 68
3401 41 14
3402 21 56
3403 24 33
3404 58 74
3405 33 68
3406 28 64
3407 76 68
3408 36 76
3409 34 30
3410 16 75
3411 46 70
3412 33 34
3413 78 43
3414 26 64
3415 20 78
3416 50 40
3417 24 56
3418 42 7
3419 38 3
3420 73 11
3421 43 7
3422 48 72
3423 27 69
3424 21 57
3425 9 52
3426 73 61
3427 23 8
3428 68 9
3429 45 55
3430 23 33
3431 74 61
3432 1 59
3433 59 30
3434 24 63
3435 59 11
3436 5 54
3437 16 79
3438 18 77
3439 31 46
3440 49 64
3441 45 54
3442 47 70
3443 45 1
3444 16 1
3445 33 69
3446 65 37
3447 39 8
3448 2 59
3449 29 59
3450 37 76
3451 58 75
3452 73 12
3453 30 33
3454 16 78
3455 0 37
3456 52 39
3457 4 54
3458 55 46
3459 25 64
3460 1 37
3461 39 16
3462 12 25
3463 39 3
3464 75 74
3465 9 31
3466 42 14
3467 69 8
3468 23 28
3469 43 76
3470 58 5
3471 52 40
3472 29 60
3473 23 15
3474 49 40
3475 33 64
3476 42 7
3477 50 64
3478 61 18
3479 14 9
3480 28 19
3481 58 4
3482 28 4
3483 46 70
3484 67 27
3485 43 7
3486 66 27
3487 23 9
3488 67 17
3489 34 64
3490 38 3
3491 58 5
3492 61 57
3493 33 68
3494 33 33
3495 29 59
3496 57 41
3497 14 10
3498 68 10
3499 29 60
3500 16 79
3501 77 70
3502 14 47
3503 62 31
3504 73 61
3505 12 24
3506 61 4
3507 14 9
3508 24 33
3509 36 24
3510 45 55
3511 39 3
3512 45 0
3513 4 16
3514 60 57
3515 35 44
3516 41 14
3517 27 19
3518 30 39
3519 59 31
3520 33 69
3521 9 51
3522 30 34
3523 23 27
3524 77 71
3525 35 24
3526 73 11
3527 43 1
3528 16 76
3529 33 34
3530 79 43
3531 45 1
3532 5 16
3533 29 64
3534 14 10
3535 49 64
3536 70 38
3537 49 66
3538 70 8
3539 64 37
3540 52 39
3541 55 47
3542 69 8
3543 16 0
3544 14 48
3545 57 40
3546 75 68
3547 45 0
3548 77 77
3549 73 47
3550 16 54
3551 23 33
3552 28 3
3553 1 59
3554 11 56
3555 36 76
3556 42 14
3557 26 64
3558 14 9
3559 16 75
3560 23 63
3561 37 76
3562 33 64
3563 4 16
3564 27 62
3565 69 79
3566 61 57
3567 23 28
3568 2 59
3569 5 11
3570 62 18
3571 34 44
3572 8 31
3573 68 9
3574 33 68
3575 16 76
3576 32 46
3577 57 45
3578 26 62
3579 63 26
3580 64 29
3581 59 30
3582 36 76
3583 28 4
3584 56 45
3585 58 4
3586 0 37
3587 25 64
3588 77 70
3589 21 56
3590 73 12
3591 20 79
3592 30 40
3593 58 58
3594 35 56
3595 78 43
3596 28 3
3597 35 44
3598 59 58
3599 14 10
3600 64 4
3601 48 63
3602 5 16
3603 58 5
3604 74 61
3605 50 40
3606 35 55
3607 28 12
3608 63 27
3609 57 41
3610 23 14
3611 63 31
3612 20 78
3613 18 76
3614 34 44
3615 49 40
3616 29 59
3617 37 76
3618 74 74
3619 17 54
3620 28 64
3621 73 61
3622 16 54
3623 73 48
3624 74 61
3625 23 15
3626 33 69
3627 47 70
3628 58 4
3629 58 5
3630 70 79
3631 16 1
3632 58 74
3633 58 58
3634 15 51
3635 68 10
3636 16 78
3637 16 79
3638 70 8
3639 3 51
3640 52 40
3641 28 11
3642 14 47
3643 30 39
3644 21 57
3645 58 4
3646 64 30
3647 58 5
3648 58 4
3649 38 3
3650 5 54
3651 40 16
3652 79 43
3653 58 75
3654 23 27
3655 4 54
3656 20 79
3657 10 56
3658 1 59
3659 73 15
3660 41 14
3661 39 3
3662 59 10
3663 48 71
3664 24 63
3665 39 7
3666 18 77
3667 35 44
3668 74 8
3669 21 56
3670 44 76
3671 23 8
3672 16 78
3673 55 55
3674 36 24
3675 60 4
3676 39 16
3677 45 1
3678 55 54
3679 53 13
3680 12 25
3681 20 46
3682 63 26
3683 48 72
3684 78 43
3685 30 33
3686 77 76
3687 30 40
3688 55 55
3689 30 39
3690 43 0
3691 43 1
3692 23 56
3693 23 28
3694 4 16
3695 9 52
3696 23 63
3697 16 6
3698 71 38
3699 61 4
3700 33 33
3701 27 62
3702 58 74
3703 30 40
3704 77 71
3705 53 12
3706 61 18
3707 64 29
3708 31 46
3709 29 64
3710 5 54
3711 16 75
3712 30 39
3713 59 11
3714 9 51
3715 16 76
3716 69 8
3717 26 64
3718 67 18
3719 45 0
3720 24 63
3721 28 69
3722 9 31
3723 33 68
3724 1 37
3725 30 40
3726 28 64
3727 45 1
3728 25 64
3729 70 38
3730 27 69
3731 15 6
3732 77 77
3733 48 62
3734 52 39
3735 30 34
3736 16 6
3737 14 48
3738 16 0
3739 60 4
3740 30 39
3741 0 37
3742 55 46
3743 75 74
3744 42 7
3745 77 76
3746 71 38
3747 30 33
3748 63 27
3749 2 59
3750 26 62
3751 6 11
3752 45 0
3753 35 24
3754 30 34
3755 30 40
3756 55 54
3757 9 52
3758 73 47
3759 43 7
3760 32 61
3761 50 40
3762 77 77
3763 67 17
3764 11 56
3765 1 59
3766 2 59
3767 36 76
3768 15 52
3769 36 24
3770 31 61
3771 18 76
3772 45 54
3773 73 61
3774 77 70
3775 28 19
3776 69 79
3777 9 51
3778 23 9
3779 43 0
3780 30 33
3781 48 71
3782 34 64
3783 58 75
3784 67 18
3785 1 37
3786 45 1
3787 23 8
3788 30 39
3789 26 64
3790 12 24
3791 0 37
3792 59 10
3793 38 3
3794 35 24
3795 33 69
3796 59 11
3797 73 11
3798 67 17
3799 25 64
3800 68 9
3801 24 56
3802 50 64
3803 70 38
3804 43 76
3805 43 1
3806 20 45
3807 33 64
3808 23 14
3809 16 1
3810 48 63
3811 59 31
3812 55 55
3813 48 72
3814 64 30
3815 59 10
3816 23 56
3817 34 64
3818 73 48
3819 24 56
3820 23 63
3821 26 64
3822 79 43
3823 57 40
3824 49 64
3825 24 33
3826 8 31
3827 73 16
3828 27 62
3829 39 8
3830 1 59
3831 29 64
3832 14 9
3833 64 3
3834 58 74
3835 42 14
3836 1 37
3837 64 29
3838 28 64
3839 36 24
3840 64 4
3841 29 60
3842 21 57
3843 46 70
3844 67 27
3845 55 54
3846 32 61
3847 52 40
3848 64 30
3849 64 29
3850 61 4
3851 65 37
3852 33 34
3853 0 37
3854 47 70
3855 20 78
3856 14 10
3857 15 51
3858 53 13
3859 5 16
3860 10 56
3861 74 74
3862 12 25
3863 77 71
3864 25 64
3865 37 76
3866 23 9
3867 23 27
3868 16 75
3869 21 56
3870 23 8
3871 24 63
3872 14 47
3873 67 18
3874 23 9
3875 39 3
3876 14 9
3877 34 44
3878 28 12
3879 23 8
3880 28 4
3881 33 33
3882 23 63
3883 49 56
3884 33 34
3885 68 10
3886 9 52
3887 29 59
3888 42 7
3889 57 41
3890 55 47
3891 11 56
3892 33 68
3893 35 44
3894 62 31
3895 50 66
3896 23 56
3897 27 19
3898 35 24
3899 39 7
3900 24 63
3901 30 34
3902 77 76
3903 45 55
3904 14 48
3905 60 57
3906 43 7
3907 4 16
3908 55 46
3909 16 79
3910 61 57
3911 34 44
3912 2 59
3913 9 31
3914 1 37
3915 23 28
3916 58 5
3917 58 75
3918 59 11
3919 48 71
3920 23 33
3921 28 11
3922 59 10
3923 64 30
3924 58 4
3925 23 27
3926 21 57
3927 57 45
3928 15 52
3929 46 70
3930 30 33
3931 15 6
3932 36 76
3933 9 51
3934 41 14
3935 70 79
3936 55 55
3937 8 31
3938 75 74
3939 26 64
3940 0 37
3941 56 45
3942 16 76
3943 35 56
3944 30 40
3945 67 17
3946 16 78
3947 67 18
3948 26 62
3949 20 46
3950 9 52
3951 67 17
3952 2 51
3953 30 34
3954 43 0
3955 31 61
3956 52 39
3957 40 16
3958 16 75
3959 63 79
3960 49 40
3961 66 27
3962 53 12
3963 58 5
3964 39 8
3965 60 4
3966 12 24
3967 23 63
3968 77 77
3969 25 64
3970 18 77
3971 57 45
3972 5 16
3973 1 37
3974 28 12
3975 55 54
3976 29 64
3977 58 74
3978 23 9
3979 47 70
3980 53 13
3981 78 43
3982 44 76
3983 64 3
3984 69 79
3985 26 64
3986 29 60
3987 14 10
3988 73 12
3989 25 64
3990 38 3
3991 76 68
3992 63 26
3993 73 11
3994 43 1
3995 4 54
3996 14 9
3997 53 12
3998 12 25
3999 14 47
4000 50 64
4001 28 64
4002 0 37
4003 48 62
4004 39 16
4005 33 33
4006 16 76
4007 14 48
4008 32 61
4009 48 63
4010 77 76
4011 46 70
4012 64 4
4013 55 47
4014 48 62
4015 32 46
4016 75 68
4017 79 43
4018 63 27
4019 76 68
4020 12 24
4021 1 37
4022 59 58
4023 64 3
4024 31 61
4025 59 30
4026 74 61
4027 49 64
4028 28 19
4029 12 25
4030 73 12
4031 9 51
4032 26 64
4033 60 57
4034 53 13
4035 15 51
4036 58 58
4037 3 51
4038 48 63
4039 16 79
4040 28 69
4041 15 52
4042 25 64
4043 48 56
4044 78 43
4045 59 31
4046 23 15
4047 67 18
4048 49 66
4049 23 14
4050 1 59
4051 58 4
4052 70 79
4053 16 78
4054 55 46
4055 26 64
4056 73 61
4057 75 68
4058 36 24
4059 40 16
4060 73 47
4061 64 37
4062 76 68
4063 12 24
4064 73 15
4065 39 3
4066 27 19
4067 20 45
4068 74 7
4069 30 33
4070 50 66
4071 50 64
4072 79 43
4073 33 69
4074 42 14
4075 49 64
4076 58 5
4077 28 11
4078 53 12
4079 61 57
4080 35 55
4081 16 6
4082 17 54
4083 60 57
4084 56 45
4085 16 79
4086 9 52
4087 16 75
4088 39 7
4089 24 63
4090 31 46
4091 27 62
4092 33 34
4093 38 3
4094 39 3
4095 38 3
4096 16 76
4097 16 75
4098 29 59
4099 9 31
4100 18 76
4101 35 30
4102 74 74
4103 74 61
4104 2 59
4105 75 74
4106 48 72
4107 4 16
4108 61 57
4109 69 79
4110 45 54
4111 73 11
4112 16 54
4113 60 57
4114 29 60
4115 30 39
4116 63 26
4117 35 56
4118 30 34
4119 39 3
4120 29 59
4121 26 62
4122 35 24
4123 21 56
4124 57 45
4125 29 60
4126 25 64
4127 74 8
4128 5 54
4129 9 51
4130 28 3
4131 16 78
4132 23 28
4133 35 55
4134 49 66
4135 47 70
4136 58 4
4137 58 5
4138 74 74
4139 9 52
4140 5 16
4141 61 57
4142 55 47
4143 43 76
4144 42 7
4145 57 40
4146 70 8
4147 73 12
4148 57 41
4149 69 8
4150 64 4
4151 32 46
4152 64 3
4153 48 62
4154 53 13
4155 71 38
4156 48 71
4157 43 7
4158 45 0
4159 12 25
4160 64 79
4161 73 48
4162 50 66
4163 18 77
4164 73 11
4165 35 56
4166 16 0
4167 75 68
4168 33 33
4169 52 40
4170 63 27
4171 52 39
4172 45 55
4173 73 61
4174 24 33
4175 27 62
4176 52 40
4177 43 0
4178 67 27
4179 60 57
4180 59 11
4181 49 66
4182 74 7
4183 16 1
4184 23 27
4185 33 68
4186 23 63
4187 61 57
4188 44 76
4189 17 54
4190 55 55
4191 28 12
4192 74 61
4193 1 59
4194 64 4
4195 42 7
4196 57 40
4197 33 34
4198 16 54
4199 31 46
4200 23 33
4201 65 37
4202 73 61
4203 4 16
4204 55 54
4205 41 14
4206 26 64
4207 42 14
4208 73 16
4209 36 24
4210 61 4
4211 30 40
4212 5 16
4213 24 33
4214 4 54
4215 25 64
4216 29 59
4217 43 7
4218 27 69
4219 46 70
4220 23 8
4221 35 24
4222 8 31
4223 77 70
4224 30 39
4225 43 76
4226 56 45
4227 24 56
4228 5 11
4229 28 19
4230 48 72
4231 68 9
4232 27 19
4233 76 68
4234 28 19
4235 10 56
4236 64 3
4237 75 74
4238 58 75
4239 38 3
4240 78 43
4241 2 59
4242 24 63
4243 74 74
4244 16 0
4245 60 4
4246 64 29
4247 75 68
4248 28 11
4249 55 55
4250 59 30
4251 76 68
4252 6 11
4253 50 40
4254 30 40
4255 68 10
4256 35 44
4257 26 62
4258 39 16
4259 59 10
4260 17 54
4261 4 16
4262 59 58
4263 5 54
4264 63 31
4265 15 51
4266 66 27
4267 28 4
4268 16 79
4269 15 52
4270 34 30
4271 32 61
4272 32 46
4273 12 24
4274 34 44
4275 15 6
4276 62 18
4277 48 63
4278 67 17
4279 5 11
4280 26 64
4281 57 41
4282 50 66
4283 49 40
4284 47 70
4285 73 12
4286 60 57
4287 27 19
4288 0 37
4289 48 62
4290 48 71
4291 16 54
4292 46 70
4293 21 57
4294 11 56
4295 17 54
4296 25 64
4297 77 71
4298 64 37
4299 31 46
4300 55 46
4301 45 54
4302 26 64
4303 42 7
4304 74 8
4305 50 40
4306 28 12
4307 41 14
4308 33 69
4309 23 56
4310 12 25
4311 27 62
4312 16 54
4313 73 15
4314 28 19
4315 45 55
4316 58 58
4317 6 11
4318 26 62
4319 23 33
4320 23 63
4321 53 12
4322 33 68
4323 5 11
4324 33 69
4325 10 56
4326 73 47
4327 33 33
4328 52 39
4329 73 16
4330 49 40
4331 23 28
4332 4 54
4333 64 4
4334 49 56
4335 2 51
4336 62 31
4337 74 7
4338 1 37
4339 16 76
4340 23 9
4341 74 8
4342 39 3
4343 15 51
4344 42 14
4345 73 48
4346 12 24
4347 30 39
4348 53 13
4349 73 47
4350 70 79
4351 67 27
4352 12 25
4353 16 1
4354 45 54
4355 9 51
4356 48 56
4357 35 30
4358 63 26
4359 50 64
4360 79 43
4361 64 30
4362 35 55
4363 77 70
4364 28 69
4365 57 45
4366 68 9
4367 75 74
4368 30 33
4369 33 64
4370 63 31
4371 52 40
4372 17 54
4373 16 0
4374 73 11
4375 78 43
4376 24 56
4377 3 51
4378 45 1
4379 48 72
4380 20 46
4381 35 56
4382 49 66
4383 59 58
4384 9 52
4385 36 24
4386 20 45
4387 35 44
4388 16 6
4389 18 76
4390 16 1
4391 73 48
4392 75 68
4393 58 4
4394 21 56
4395 49 64
4396 62 31
4397 0 37
4398 16 54
4399 33 34
4400 27 62
4401 25 64
4402 55 47
4403 35 55
4404 1 59
4405 24 33
4406 23 15
4407 37 76
4408 5 54
4409 44 76
4410 43 76
4411 48 63
4412 16 75
4413 43 1
4414 2 51
4415 61 18
4416 73 15
4417 47 70
4418 36 76
4419 3 51
4420 16 78
4421 27 69
4422 44 76
4423 55 54
4424 66 27
4425 34 44
4426 33 68
4427 74 7
4428 61 57
4429 33 33
4430 41 14
4431 26 64
4432 63 27
4433 73 16
4434 50 40
4435 55 46
4436 2 51
4437 24 63
4438 55 55
4439 76 68
4440 57 40
4441 29 64
4442 62 18
4443 67 18
4444 28 64
4445 23 8
4446 1 37
4447 23 27
4448 2 59
4449 50 64
4450 28 69
4451 45 0
4452 65 37
4453 67 27
4454 55 47
4455 9 51
4456 23 9
4457 79 43
4458 48 71
4459 61 18
4460 43 0
4461 70 8
4462 73 12
4463 74 74
4464 49 40
4465 55 54
4466 33 34
4467 17 54
4468 37 76
4469 69 8
4470 18 77
4471 15 52
4472 25 64
4473 4 54
4474 50 40
4475 43 7
4476 23 28
4477 62 18
4478 69 79
4479 6 11
4480 27 69
4481 33 69
4482 61 18
4483 45 55
4484 0 37
4485 23 27
4486 27 19
4487 49 56
4488 68 10
4489 20 46
4490 29 64
4491 50 66
4492 53 12
4493 52 39
4494 66 27
4495 70 79
4496 14 10
4497 63 31
4498 49 66
4499 64 3
4500 34 30
4501 1 59
4502 23 33
4503 59 11
4504 15 6
4505 77 77
4506 73 15
4507 23 8
4508 62 18
4509 48 62
4510 23 28
4511 5 16
4512 42 7
4513 33 33
4514 70 8
4515 15 51
4516 28 19
4517 75 68
4518 35 56
4519 38 3
4520 16 6
4521 67 27
4522 55 55
4523 45 54
4524 16 54
4525 15 6
4526 74 61
4527 16 79
4528 16 78
4529 24 33
4530 64 29
4531 28 69
4532 20 79
4533 62 31
4534 61 4
4535 64 30
4536 55 46
4537 63 26
4538 53 13
4539 42 14
4540 56 45
4541 29 60
4542 48 56
4543 28 11
4544 33 68
4545 23 27
4546 66 27
4547 63 27
4548 5 54
4549 60 57
4550 21 57
4551 4 54
4552 26 64
4553 34 64
4554 27 19
4555 77 76
4556 76 68
4557 73 16
4558 43 1
4559 25 64
4560 75 68
4561 55 54
4562 11 56
4563 4 16
4564 75 74
4565 1 37
4566 58 5
4567 77 71
4568 74 74
4569 52 40
4570 35 30
4571 2 59
4572 34 30
4573 69 79
4574 69 8
4575 48 63
4576 23 9
4577 57 41
4578 73 15
4579 5 11
4580 45 1
4581 64 37
4582 26 64
4583 58 4
4584 12 24
4585 9 31
4586 43 0
4587 61 18
4588 36 76
4589 16 0
4590 48 62
4591 59 31
4592 16 76
4593 73 16
4594 35 24
4595 23 63
4596 35 44
4597 77 77
4598 60 4
4599 23 33
4600 16 1
4601 28 3
4602 59 10
4603 8 31
4604 45 0
4605 5 54
4606 77 76
4607 70 79
4608 24 63
4609 63 26
4610 24 33
4611 0 37
4612 58 5
4613 63 79
4614 14 9
4615 28 64
4616 62 18
4617 37 76
4618 1 59
4619 28 19
4620 6 11
4621 75 74
4622 49 64
4623 58 4
4624 48 72
4625 35 30
4626 33 69
4627 39 3
4628 59 11
4629 74 74
4630 9 52
4631 23 63
4632 73 47
4633 27 69
4634 43 1
4635 64 29
4636 16 79
4637 68 9
4638 20 45
4639 70 38
4640 14 47
4641 28 12
4642 29 64
4643 64 30
4644 43 0
4645 73 61
4646 64 79
4647 55 47
4648 49 40
4649 31 61
4650 70 8
4651 55 55
4652 43 76
4653 9 51
4654 46 70
4655 29 59
4656 1 37
4657 52 39
4658 27 19
4659 32 46
4660 50 64
4661 63 31
4662 49 56
4663 9 31
4664 45 55
4665 14 10
4666 45 1
4667 64 4
4668 23 33
4669 76 68
4670 29 60
4671 49 64
4672 73 15
4673 50 40
4674 38 3
4675 34 44
4676 43 7
4677 47 70
4678 18 76
4679 45 0
4680 23 14
4681 24 33
4682 18 77
4683 62 31
4684 58 5
4685 35 44
4686 28 64
4687 42 7
4688 16 75
4689 71 38
4690 48 63
4691 77 77
4692 75 74
4693 48 71
4694 73 11
4695 77 70
4696 39 3
4697 12 25
4698 69 8
4699 77 71
4700 32 61
4701 16 6
4702 2 59
4703 61 18
4704 77 70
4705 44 76
4706 1 59
4707 43 7
4708 39 8
4709 62 18
4710 20 78
4711 23 56
4712 64 29
4713 10 56
4714 30 40
4715 74 8
4716 16 0
4717 61 57
4718 26 62
4719 52 40
4720 30 34
4721 57 45
4722 4 54
4723 14 9
4724 49 40
4725 73 16
4726 63 27
4727 59 30
4728 34 44
4729 56 45
4730 16 76
4731 24 56
4732 0 37
4733 23 8
4734 16 75
4735 63 79
4736 53 12
4737 70 38
4738 59 10
4739 5 11
4740 74 61
4741 3 51
4742 46 70
4743 30 33
4744 33 64
4745 69 79
4746 23 56
4747 27 62
4748 50 40
4749 26 62
4750 29 59
4751 1 37
4752 45 54
4753 65 37
4754 30 34
4755 23 9
4756 2 51
4757 16 78
4758 68 10
4759 25 64
4760 17 54
4761 28 69
4762 18 76
4763 53 13
4764 6 11
4765 16 1
4766 31 61
4767 36 76
4768 14 10
4769 73 61
4770 67 17
4771 42 7
4772 73 48
4773 30 33
4774 15 6
4775 16 54
4776 63 31
4777 43 1
4778 43 7
4779 48 62
4780 27 69
4781 20 79
4782 50 66
4783 48 72
4784 75 68
4785 32 61
4786 35 44
4787 43 76
4788 74 7
4789 76 68
4790 9 52
4791 55 46
4792 34 30
4793 17 54
4794 55 47
4795 39 7
4796 36 24
4797 55 46
4798 43 0
4799 5 54
4800 20 46
4801 5 11
4802 31 46
4803 49 66
4804 75 68
4805 16 79
4806 30 34
4807 58 74
4808 70 8
4809 9 51
4810 11 56
4811 60 57
4812 20 78
4813 61 57
4814 28 4
4815 23 15
4816 42 7
4817 74 8
4818 30 33
4819 23 28
4820 61 4
4821 16 6
4822 32 46
4823 67 18
4824 62 31
4825 31 46
4826 0 37
4827 71 38
4828 55 54
4829 57 45
4830 56 45
4831 49 40
4832 55 47
4833 61 18
4834 52 39
4835 67 17
4836 16 54
4837 18 77
4838 58 4
4839 24 63
4840 55 55
4841 23 63
4842 64 79
4843 20 79
4844 28 11
4845 73 12
4846 73 11
4847 28 12
4848 77 71
4849 16 78
4850 69 8
4851 29 60
4852 53 12
4853 53 13
4854 20 45
4855 35 30
4856 29 59
4857 70 38
4858 57 40
4859 52 40
4860 30 34
4861 45 1
4862 57 45
4863 20 46
4864 76 68
4865 63 31
4866 71 38
4867 56 45
4868 63 26
4869 41 14
4870 23 8
4871 62 18
4872 58 58
4873 42 14
4874 62 31
4875 28 69
4876 67 18
4877 60 57
4878 23 9
4879 61 18
4880 34 44
4881 1 37
4882 50 66
4883 78 43
4884 20 78
4885 43 7
4886 17 54
4887 41 14
4888 29 64
4889 74 74
4890 45 55
4891 28 11
4892 28 12
4893 18 76
4894 21 56
4895 30 33
4896 42 14
4897 52 39
4898 64 37
4899 39 8
4900 57 41
4901 28 64
4902 27 62
4903 23 33
4904 62 18
4905 8 31
4906 44 76
4907 23 8
4908 43 76
4909 0 37
4910 74 7
4911 70 79
4912 48 56
4913 16 54
4914 28 11
4915 64 3
4916 68 9
4917 61 18
4918 53 12
4919 14 9
4920 73 47
4921 14 10
4922 28 19
4923 74 61
4924 62 18
4925 70 38
4926 53 13
4927 5 16
4928 59 31
4929 9 52
4930 28 12
4931 77 70
4932 63 27
4933 2 59
4934 31 61
4935 79 43
4936 20 79
4937 42 7
4938 44 76
4939 75 74
4940 32 46
4941 61 57
4942 26 62
4943 29 60
4944 45 54
4945 23 14
4946 20 45
4947 59 11
4948 10 56
4949 26 64
4950 23 27
4951 24 56
4952 1 37
4953 63 31
4954 47 70
4955 1 59
4956 77 71
4957 71 38
4958 45 0
4959 27 62
4960 57 45
4961 60 57
4962 2 59
4963 63 79
4964 75 68
4965 67 27
4966 16 79
4967 24 63
4968 23 9
4969 62 31
4970 55 54
4971 16 76
4972 43 76
4973 66 27
4974 59 30
4975 63 26
4976 52 40
4977 12 24
4978 9 31
4979 60 4
4980 41 14
4981 44 76
4982 65 37
4983 67 27
4984 31 46
4985 63 31
4986 15 6
4987 11 56
4988 73 48
4989 74 8
4990 14 9
4991 27 19
4992 14 48
4993 17 54
4994 49 66
4995 21 57
4996 64 30
4997 74 7
4998 20 46
4999 35 44
5000 76 68
5001 23 28
5002 43 76
5003 20 78
5004 14 10
5005 10 56
5006 34 44
5007 20 45
5008 27 69
5009 18 77
5010 59 10
5011 3 51
5012 73 15
5013 16 75
5014 64 79
5015 21 56
5016 29 64
5017 67 17
5018 25 64
5019 77 76
5020 2 51
5021 32 46
5022 23 56
5023 35 24
5024 73 61
5025 24 33
5026 70 8
5027 43 1
5028 1 59
5029 4 16
5030 74 74
5031 39 7
5032 67 18
5033 23 27
5034 18 76
5035 73 16
5036 30 34
5037 34 30
5038 50 64
5039 45 1
5040 59 11
5041 16 78
5042 63 27
5043 62 31
5044 67 17
5045 49 56
5046 35 44
5047 28 3
5048 23 8
5049 44 76
5050 33 34
5051 61 4
5052 12 25
5053 23 28
5054 64 29
5055 63 31
5056 60 4
5057 20 46
5058 63 79
5059 68 10
5060 34 44
5061 49 64
5062 30 39
5063 62 31
5064 64 79
5065 24 56
5066 50 40
5067 53 12
5068 64 4
5069 4 54
5070 63 79
5071 20 79
5072 75 68
5073 29 59
5074 43 7
5075 73 47
5076 15 52
5077 23 33
5078 77 70
5079 33 33
5080 74 8
5081 74 7
5082 63 26
5083 78 43
5084 61 18
5085 23 15
5086 79 43
5087 30 40
5088 34 64
5089 30 39
5090 33 68
5091 33 64
5092 48 71
5093 42 7
5094 28 4
5095 36 24
5096 35 24
5097 55 55
5098 78 43
5099 79 43
5100 9 51
5101 38 3
5102 52 39
5103 30 40
5104 3 51
5105 29 60
5106 23 9
5107 50 66
5108 49 40
5109 21 57
5110 63 27
5111 58 5
5112 59 31
5113 53 13
5114 69 8
5115 77 77
5116 20 78
5117 20 45
5118 20 79
5119 18 77
5120 5 54
5121 23 14
5122 16 54
5123 12 24
5124 36 24
5125 73 12
5126 33 69
5127 58 75
5128 37 76
5129 42 14
5130 30 39
5131 73 11
5132 17 54
5133 45 0
5134 59 30
5135 74 8
5136 26 62
5137 68 9
5138 16 79
5139 48 56
5140 75 74
5141 20 78
5142 74 7
5143 62 18
5144 64 3
5145 2 51
5146 73 12
5147 26 64
5148 28 19
5149 46 70
5150 24 33
5151 61 57
5152 16 0
5153 33 34
5154 58 74
5155 49 66
5156 39 3
5157 74 61
5158 59 31
5159 30 33
5160 74 8
5161 34 64
5162 55 46
5163 23 56
5164 16 78
5165 45 55
5166 27 62
5167 50 40
5168 43 76
5169 28 3
5170 6 11
5171 43 7
5172 32 61
5173 24 56
5174 52 40
5175 23 33
5176 23 56
5177 16 1
5178 16 6
5179 61 4
5180 57 40
5181 14 9
5182 31 46
5183 4 54
5184 64 37
5185 32 46
5186 15 51
5187 26 62
5188 3 51
5189 78 43
5190 48 63
5191 59 10
5192 23 15
5193 18 76
5194 44 76
5195 41 14
5196 40 16
5197 31 61
5198 23 63
5199 61 18
5200 70 8
5201 64 4
5202 36 76
5203 35 24
5204 77 71
5205 49 40
5206 2 51
5207 65 37
5208 23 8
5209 59 11
5210 70 38
5211 60 57
5212 15 6
5213 55 54
5214 64 3
5215 39 8
5216 49 56
5217 59 58
5218 28 11
5219 24 56
5220 58 4
5221 35 30
5222 48 56
5223 33 64
5224 16 76
5225 74 74
5226 32 61
5227 67 18
5228 8 31
5229 58 75
5230 48 72
5231 20 79
5232 27 19
5233 52 39
5234 73 15
5235 33 68
5236 55 47
5237 16 54
5238 58 5
5239 42 7
5240 23 14
5241 50 66
5242 28 64
5243 27 62
5244 77 70
5245 73 48
5246 16 79
5247 24 63
5248 37 76
5249 14 47
5250 71 38
5251 20 46
5252 77 76
5253 60 4
5254 56 45
5255 74 7
5256 30 40
5257 15 52
5258 25 64
5259 38 3
5260 34 30
5261 17 54
5262 58 58
5263 59 58
5264 16 6
5265 58 74
5266 69 8
5267 28 69
5268 5 11
5269 58 58
5270 59 58
5271 53 12
5272 50 64
5273 57 41
5274 29 59
5275 63 26
5276 77 71
5277 68 10
5278 14 10
5279 53 13
5280 76 68
5281 63 31
5282 3 51
5283 23 63
5284 23 15
5285 48 62
5286 39 3
5287 61 4
5288 16 0
5289 73 47
5290 23 14
5291 33 69
5292 62 31
5293 33 68
5294 30 39
5295 23 56
5296 58 58
5297 57 40
5298 14 48
5299 64 79
5300 59 10
5301 16 78
5302 52 40
5303 36 24
5304 73 16
5305 49 64
5306 77 77
5307 45 54
5308 55 55
5309 31 61
5310 28 4
5311 63 31
5312 60 4
5313 31 46
5314 32 61
5315 63 27
5316 49 56
5317 58 4
5318 5 16
5319 69 79
5320 9 52
5321 35 30
5322 50 40
5323 32 46
5324 75 68
5325 16 79
5326 16 78
5327 33 69
5328 15 51
5329 59 30
5330 55 46
5331 4 16
5332 66 27
5333 30 40
5334 24 33
5335 15 6
5336 27 69
5337 14 47
5338 73 11
5339 34 64
5340 73 48
5341 5 54
5342 39 16
5343 16 54
5344 34 30
5345 63 26
5346 9 31
5347 23 9
5348 64 4
5349 30 39
5350 68 9
5351 49 66
5352 70 79
5353 45 55
5354 57 45
5355 64 3
5356 58 5
5357 33 64
5358 6 11
5359 31 46
5360 73 47
5361 26 62
5362 59 11
5363 28 12
5364 14 9
5365 36 76
5366 59 10
5367 16 1
5368 31 61
5369 59 11
5370 24 63
5371 32 61
5372 77 76
5373 33 68
5374 2 51
5375 45 54
5376 53 12
5377 5 16
5378 16 75
5379 4 54
5380 61 57
5381 9 51
5382 76 68
5383 14 48
5384 42 14
5385 43 7
5386 30 40
5387 52 39
5388 67 27
5389 63 27
5390 79 43
5391 31 61
5392 4 16
5393 59 10
5394 64 30
5395 57 41
5396 64 4
5397 63 79
5398 66 27
5399 14 10
5400 64 37
5401 73 48
5402 59 58
5403 2 59
5404 33 33
5405 64 29
5406 23 15
5407 59 31
5408 15 52
5409 75 74
5410 48 63
5411 30 34
5412 1 59
5413 30 39
5414 23 27
5415 78 43
5416 77 77
5417 28 69
5418 58 58
5419 74 8
5420 3 51
5421 9 52
5422 67 17
5423 70 8
5424 43 76
5425 14 47
5426 23 8
5427 26 64
5428 5 11
5429 27 69
5430 5 16
5431 39 7
5432 35 30
5433 29 64
5434 39 8
5435 32 46
5436 53 13
5437 23 63
5438 23 14
5439 49 40
5440 37 76
5441 61 4
5442 23 33
5443 52 40
5444 6 11
5445 73 15
5446 52 39
5447 28 19
5448 18 77
5449 56 45
5450 47 70
5451 28 69
5452 24 33
5453 24 56
5454 55 54
5455 44 76
5456 30 40
5457 64 79
5458 43 76
5459 63 79
5460 11 56
5461 77 70
5462 15 51
5463 64 3
5464 27 62
5465 55 55
5466 64 4
5467 48 71
5468 77 71
5469 59 58
5470 74 74
5471 65 37
5472 67 18
5473 77 70
5474 16 79
5475 21 56
5476 59 30
5477 5 11
5478 24 63
5479 14 9
5480 48 56
5481 79 43
5482 30 39
5483 36 76
5484 74 7
5485 28 64
5486 60 4
5487 52 40
5488 55 54
5489 21 57
5490 67 17
5491 33 34
5492 42 7
5493 34 64
5494 20 78
5495 60 57
5496 48 62
5497 52 39
5498 35 24
5499 31 46
5500 16 6
5501 15 52
5502 68 10
5503 20 79
5504 2 59
5505 17 54
5506 4 16
5507 16 54
5508 62 31
5509 23 9
5510 63 26
5511 16 78
5512 5 16
5513 45 55
5514 73 47
5515 34 30
5516 0 37
5517 35 44
5518 69 79
5519 58 4
5520 75 68
5521 33 64
5522 34 44
5523 67 27
5524 14 48
5525 43 0
5526 35 44
5527 28 3
5528 74 8
5529 35 55
5530 16 76
5531 33 69
5532 9 51
5533 77 71
5534 18 76
5535 21 56
5536 70 79
5537 28 4
5538 30 40
5539 9 52
5540 75 74
5541 43 7
5542 50 64
5543 2 51
5544 48 63
5545 45 54
5546 74 74
5547 23 63
5548 23 33
5549 64 30
5550 16 79
5551 45 1
5552 28 11
5553 77 76
5554 63 31
5555 74 7
5556 23 28
5557 45 0
5558 53 12
5559 69 8
5560 32 61
5561 18 77
5562 45 1
5563 23 15
5564 62 31
5565 14 47
5566 73 16
5567 4 16
5568 77 77
5569 50 66
5570 64 3
5571 1 59
5572 75 74
5573 70 38
5574 27 19
5575 45 0
5576 73 12
5577 69 79
5578 53 13
5579 49 56
5580 58 5
5581 17 54
5582 32 46
5583 46 70
5584 77 70
5585 55 47
5586 14 48
5587 15 6
5588 29 60
5589 58 75
5590 48 56
5591 64 79
5592 2 59
5593 28 3
5594 23 8
5595 73 15
5596 71 38
5597 23 56
5598 16 6
5599 34 64
5600 45 1
5601 39 7
5602 28 12
5603 37 76
5604 41 14
5605 52 40
5606 49 64
5607 45 0
5608 25 64
5609 28 19
5610 63 31
5611 34 44
5612 55 55
5613 48 72
5614 29 64
5615 29 59
5616 58 58
5617 24 56
5618 50 64
5619 23 9
5620 29 60
5621 26 62
5622 36 76
5623 3 51
5624 28 4
5625 73 11
5626 70 8
5627 57 45
5628 49 64
5629 70 38
5630 39 8
5631 18 76
5632 33 33
5633 14 47
5634 33 34
5635 52 39
5636 47 70
5637 77 71
5638 59 31
5639 5 54
5640 6 11
5641 24 33
5642 66 27
5643 1 59
5644 59 58
5645 73 16
5646 24 63
5647 58 4
5648 42 7
5649 27 69
5650 28 3
5651 28 11
5652 31 61
5653 68 9
5654 45 55
5655 64 29
5656 58 58
5657 4 54
5658 36 24
5659 74 8
5660 33 64
5661 63 27
5662 42 14
5663 53 12
5664 30 39
5665 35 30
5666 61 57
5667 69 8
5668 16 54
5669 23 56
5670 73 12
5671 14 48
5672 26 64
5673 74 7
5674 73 11
5675 64 30
5676 73 15
5677 14 10
5678 52 40
5679 53 13
5680 35 24
5681 50 40
5682 9 51
5683 48 62
5684 18 77
5685 1 37
5686 63 26
5687 5 54
5688 43 7
5689 74 8
5690 40 16
5691 73 61
5692 14 47
5693 77 76
5694 58 74
5695 35 44
5696 20 45
5697 70 79
5698 5 16
5699 4 54
5700 63 27
5701 41 14
5702 64 37
5703 58 5
5704 17 54
5705 49 66
5706 76 68
5707 64 4
5708 64 29
5709 34 30
5710 16 78
5711 2 51
5712 58 75
5713 73 48
5714 27 62
5715 58 4
5716 69 79
5717 65 37
5718 67 18
5719 60 57
5720 59 11
5721 70 79
5722 23 63
5723 14 9
5724 0 37
5725 23 14
5726 49 40
5727 1 37
5728 27 19
5729 69 79
5730 55 54
5731 28 19
5732 23 15
5733 64 37
5734 15 6
5735 58 74
5736 23 14
5737 21 57
5738 33 33
5739 28 12
5740 70 79
5741 21 56
5742 52 39
5743 23 33
5744 63 79
5745 23 15
5746 39 7
5747 28 69
5748 46 70
5749 78 43
5750 57 40
5751 39 16
5752 24 63
5753 71 38
5754 77 77
5755 35 30
5756 21 57
5757 74 74
5758 4 16
5759 50 40
5760 21 56
5761 62 18
5762 10 56
5763 27 19
5764 30 33
5765 33 34
5766 24 33
5767 15 51
5768 73 16
5769 3 51
5770 30 34
5771 47 70
5772 64 3
5773 33 33
5774 53 12
5775 55 55
5776 18 76
5777 59 30
5778 59 10
5779 28 64
5780 55 54
5781 29 59
5782 39 8
5783 5 16
5784 16 79
5785 5 54
5786 25 64
5787 12 25
5788 2 51
5789 24 56
5790 23 33
5791 30 40
5792 67 27
5793 4 54
5794 75 68
5795 61 57
5796 50 66
5797 44 76
5798 23 27
5799 45 1
5800 33 68
5801 26 62
5802 23 8
5803 76 68
5804 45 54
5805 77 76
5806 28 19
5807 43 76
5808 64 30
5809 50 64
5810 33 34
5811 28 11
5812 30 39
5813 33 33
5814 59 11
5815 23 9
5816 14 10
5817 12 24
5818 59 31
5819 64 79
5820 49 56
5821 37 76
5822 9 52
5823 45 0
5824 59 30
5825 33 69
5826 60 57
5827 43 1
5828 9 51
5829 77 70
5830 58 75
5831 63 26
5832 48 63
5833 45 1
5834 39 7
5835 75 74
5836 43 0
5837 77 77
5838 68 10
5839 70 38
5840 33 34
5841 48 62
5842 27 62
5843 34 44
5844 30 33
5845 2 59
5846 55 55
5847 1 59
5848 74 7
5849 23 8
5850 8 31
5851 62 31
5852 52 40
5853 63 79
5854 63 27
5855 63 31
5856 16 54
5857 14 9
5858 55 54
5859 77 71
5860 61 4
5861 44 76
5862 75 68
5863 34 64
5864 62 31
5865 26 64
5866 24 33
5867 38 3
5868 5 54
5869 23 28
5870 74 61
5871 77 76
5872 56 45
5873 23 9
5874 28 4
5875 20 46
5876 59 31
5877 16 6
5878 73 12
5879 63 31
5880 57 41
5881 32 61
5882 45 55
5883 18 77
5884 29 60
5885 36 76
5886 17 54
5887 73 15
5888 49 66
5889 34 30
5890 55 46
5891 43 1
5892 4 54
5893 18 76
5894 35 56
5895 55 47
5896 59 30
5897 58 5
5898 39 8
5899 20 78
5900 16 0
5901 15 52
5902 69 79
5903 15 6
5904 5 54
5905 15 51
5906 30 40
5907 52 39
5908 18 77
5909 66 27
5910 50 66
5911 37 76
5912 57 40
5913 67 17
5914 77 77
5915 58 74
5916 53 13
5917 48 71
5918 61 18
5919 62 31
5920 16 1
5921 23 27
5922 40 16
5923 16 75
5924 68 9
5925 64 4
5926 26 62
5927 20 79
5928 74 8
5929 70 8
5930 4 54
5931 33 33
5932 39 3
5933 68 10
5934 45 54
5935 21 57
5936 60 4
5937 63 26
5938 28 3
5939 73 61
5940 58 75
5941 39 7
5942 27 19
5943 61 57
5944 48 72
5945 0 37
5946 59 58
5947 65 37
5948 59 10
5949 73 11
5950 45 0
5951 49 64
5952 58 4
5953 28 4
5954 64 37
5955 27 62
5956 16 76
5957 23 63
5958 77 76
5959 20 78
5960 58 58
5961 20 79
5962 16 78
5963 50 64
5964 23 14
5965 74 61
5966 57 41
5967 9 31
5968 30 39
5969 11 56
5970 45 1
5971 79 43
5972 3 51
5973 69 8
5974 70 8
5975 35 30
5976 33 68
5977 23 56
5978 70 79
5979 57 40
5980 74 74
5981 23 15
5982 16 79
5983 62 18
5984 45 0
5985 64 79
5986 2 51
5987 25 64
5988 28 12
5989 45 55
5990 42 14
5991 48 56
5992 34 30
5993 39 16
5994 43 76
5995 16 54
5996 68 9
5997 67 27
5998 31 61
5999 64 29
6000 4 16
6001 20 45
6002 61 18
6003 73 61
6004 28 11
6005 35 55
6006 44 76
6007 38 3
6008 33 69
6009 57 41
6010 16 6
6011 75 74
6012 35 44
6013 5 54
6014 64 30
6015 73 47
6016 26 64
6017 32 61
6018 15 6
6019 53 12
6020 58 74
6021 23 33
6022 39 8
6023 57 45
6024 43 76
6025 2 59
6026 1 59
6027 27 69
6028 58 5
6029 56 45
6030 29 59
6031 3 51
6032 73 12
6033 2 51
6034 59 31
6035 71 38
6036 17 54
6037 15 52
6038 33 68
6039 59 11
6040 5 11
6041 46 70
6042 65 37
6043 77 77
6044 8 31
6045 64 3
6046 23 8
6047 30 40
6048 48 63
6049 16 6
6050 74 61
6051 33 64
6052 73 16
6053 77 76
6054 20 46
6055 14 48
6056 28 19
6057 68 10
6058 16 0
6059 29 60
6060 44 76
6061 1 37
6062 3 51
6063 33 69
6064 25 64
6065 53 13
6066 31 46
6067 49 40
6068 78 43
6069 76 68
6070 73 15
6071 40 16
6072 35 56
6073 20 45
6074 39 3
6075 15 51
6076 53 12
6077 52 40
6078 10 56
6079 55 46
6080 67 18
6081 64 4
6082 38 3
6083 35 55
6084 26 62
6085 59 30
6086 43 0
6087 43 76
6088 63 31
6089 57 40
6090 59 10
6091 0 37
6092 77 70
6093 68 9
6094 69 79
6095 20 46
6096 63 27
6097 73 11
6098 53 13
6099 57 45
6100 58 75
6101 64 29
6102 14 10
6103 35 56
6104 20 45
6105 15 6
6106 45 1
6107 14 9
6108 67 17
6109 39 3
6110 28 3
6111 23 9
6112 64 30
6113 59 58
6114 66 27
6115 68 10
6116 33 34
6117 45 54
6118 23 28
6119 30 39
6120 38 3
6121 23 14
6122 67 18
6123 73 48
6124 12 25
6125 67 27
6126 9 52
6127 61 4
6128 33 68
6129 73 61
6130 69 8
6131 30 40
6132 20 78
6133 59 31
6134 77 77
6135 70 8
6136 48 62
6137 27 62
6138 27 19
6139 64 3
6140 28 19
6141 5 16
6142 55 55
6143 36 76
6144 9 51
6145 4 54
6146 58 4
6147 43 1
6148 43 0
6149 39 7
6150 34 44
6151 42 7
6152 69 8
6153 16 78
6154 9 52
6155 16 79
6156 23 27
6157 20 46
6158 73 16
6159 35 55
6160 41 14
6161 74 7
6162 12 24
6163 45 0
6164 29 64
6165 49 64
6166 35 44
6167 44 76
6168 50 64
6169 18 76
6170 20 79
6171 63 79
6172 62 31
6173 75 68
6174 43 1
6175 55 47
6176 77 71
6177 74 8
6178 70 79
6179 52 39
6180 32 46
6181 59 11
6182 21 56
6183 21 57
6184 31 61
6185 59 30
6186 23 8
6187 14 10
6188 24 63
6189 70 38
6190 55 46
6191 74 7
6192 9 51
6193 12 25
6194 21 56
6195 12 24
6196 12 25
6197 49 66
6198 16 54
6199 2 51
6200 47 70
6201 16 75
6202 12 24
6203 60 4
6204 64 4
6205 9 52
6206 56 45
6207 39 3
6208 62 18
6209 16 76
6210 39 16
6211 11 56
6212 64 29
6213 64 3
6214 23 63
6215 43 7
6216 42 7
6217 2 59
6218 52 40
6219 50 40
6220 43 7
6221 18 77
6222 23 28
6223 15 52
6224 35 30
6225 77 70
6226 3 51
6227 70 8
6228 43 0
6229 1 37
6230 16 75
6231 23 15
6232 64 79
6233 58 58
6234 57 45
6235 31 46
6236 37 76
6237 9 51
6238 38 3
6239 49 56
6240 32 46
6241 63 79
6242 21 57
6243 39 8
6244 24 33
6245 16 78
6246 53 12
6247 45 1
6248 49 64
6249 63 31
6250 30 34
6251 32 61
6252 57 41
6253 39 7
6254 50 66
6255 52 39
6256 26 62
6257 24 63
6258 23 9
6259 59 10
6260 59 11
6261 73 12
6262 10 56
6263 9 52
6264 59 58
6265 64 37
6266 74 8
6267 50 64
6268 58 5
6269 42 7
6270 65 37
6271 1 59
6272 42 14
6273 16 76
6274 0 37
6275 11 56
6276 33 69
6277 77 76
6278 26 64
6279 33 68
6280 73 15
6281 28 4
6282 46 70
6283 56 45
6284 77 71
6285 18 76
6286 33 69
6287 59 10
6288 33 68
6289 23 27
6290 77 77
6291 23 8
6292 24 56
6293 67 17
6294 18 77
6295 5 54
6296 35 56
6297 63 26
6298 52 40
6299 58 58
6300 67 18
6301 71 38
6302 29 59
6303 74 74
6304 45 55
6305 2 59
6306 18 76
6307 52 39
6308 59 11
6309 34 64
6310 33 33
6311 36 76
6312 74 7
6313 68 9
6314 29 60
6315 39 8
6316 33 34
6317 23 28
6318 23 63
6319 1 59
6320 1 37
6321 69 79
6322 31 61
6323 32 61
6324 43 76
6325 33 69
6326 64 4
6327 14 9
6328 60 57
6329 12 25
6330 9 31
6331 31 46
6332 34 30
6333 44 76
6334 15 51
6335 16 79
6336 43 1
6337 16 1
6338 47 70
6339 43 7
6340 73 11
6341 12 24
6342 70 79
6343 48 56
6344 49 56
6345 48 71
6346 12 25
6347 23 56
6348 73 12
6349 39 3
6350 6 11
6351 16 75
6352 21 56
6353 20 45
6354 33 64
6355 16 76
6356 24 56
6357 27 19
6358 27 62
6359 48 56
6360 14 10
6361 33 33
6362 28 64
6363 4 54
6364 37 76
6365 41 14
6366 55 47
6367 68 10
6368 59 10
6369 30 33
6370 55 46
6371 23 9
6372 57 45
6373 20 46
6374 46 70
6375 2 59
6376 23 8
6377 49 66
6378 69 79
6379 32 46
6380 55 47
6381 1 59
6382 9 51
6383 73 16
6384 17 54
6385 64 37
6386 68 9
6387 4 16
6388 79 43
6389 8 31
6390 14 47
6391 40 16
6392 25 64
6393 73 47
6394 34 64
6395 61 18
6396 21 57
6397 14 48
6398 16 75
6399 35 30
6400 31 61
6401 61 57
6402 29 64
6403 55 46
6404 23 27
6405 5 16
6406 30 34
6407 49 40
6408 24 63
6409 39 16
6410 78 43
6411 9 31
6412 28 64
6413 20 78
6414 0 37
6415 21 56
6416 36 24
6417 4 16
6418 77 76
6419 23 28
6420 23 27
6421 34 44
6422 16 78
6423 16 0
6424 34 30
6425 42 14
6426 70 38
6427 23 33
6428 59 31
6429 23 56
6430 61 4
6431 74 8
6432 59 58
6433 9 52
6434 26 64
6435 64 30
6436 28 3
6437 10 56
6438 73 11
6439 23 9
6440 12 24
6441 35 24
6442 8 31
6443 35 30
6444 32 61
6445 24 56
6446 23 14
6447 73 48
6448 30 33
6449 73 47
6450 35 55
6451 74 7
6452 49 64
6453 29 64
6454 29 59
6455 73 15
6456 41 14
6457 56 45
6458 68 10
6459 14 47
6460 73 12
6461 36 24
6462 30 39
6463 64 3
6464 28 4
6465 33 68
6466 58 74
6467 33 64
6468 28 3
6469 42 14
6470 63 27
6471 28 64
6472 2 51
6473 63 26
6474 77 77
6475 50 64
6476 60 57
6477 45 0
6478 63 27
6479 65 37
6480 29 60
6481 50 40
6482 64 29
6483 29 59
6484 74 61
6485 20 79
6486 16 1
6487 45 1
6488 18 77
6489 77 70
6490 12 25
6491 16 54
6492 11 56
6493 55 54
6494 64 4
6495 30 34
6496 24 33
6497 71 38
6498 20 45
6499 16 0
6500 36 76
6501 28 19
6502 73 11
6503 62 31
6504 34 30
6505 23 15
6506 67 17
6507 31 61
6508 73 16
6509 5 16
6510 5 54
6511 69 8
6512 58 4
6513 5 11
6514 17 54
6515 28 12
6516 70 38
6517 71 38
6518 16 76
6519 35 24
6520 74 8
6521 42 7
6522 25 64
6523 67 18
6524 64 30
6525 68 9
6526 59 11
6527 16 79
6528 9 31
6529 4 54
6530 30 40
6531 70 8
6532 63 26
6533 75 74
6534 48 63
6535 28 11
6536 26 62
6537 73 61
6538 50 66
6539 64 37
6540 45 54
6541 16 75
6542 28 12
6543 23 33
6544 23 14
6545 60 4
6546 70 38
6547 53 13
6548 67 17
6549 14 9
6550 35 30
6551 40 16
6552 28 11
6553 77 71
6554 23 63
6555 68 10
6556 76 68
6557 55 55
6558 61 57
6559 43 7
6560 71 38
6561 28 69
6562 30 33
6563 65 37
6564 29 60
6565 64 37
6566 38 3
6567 77 70
6568 23 28
6569 64 3
6570 9 51
6571 49 56
6572 42 7
6573 64 79
6574 39 7
6575 8 31
6576 33 69
6577 4 16
6578 5 54
6579 58 5
6580 12 24
6581 49 40
6582 26 64
6583 52 40
6584 65 37
6585 4 54
6586 29 64
6587 64 29
6588 68 9
6589 73 12
6590 73 11
6591 14 48
6592 31 46
6593 53 12
6594 20 78
6595 16 6
6596 3 51
6597 2 51
6598 49 64
6599 69 8
6600 50 40
6601 79 43
6602 43 76
6603 73 15
6604 23 56
6605 9 31
6606 14 47
6607 27 62
6608 3 51
6609 26 62
6610 27 19
6611 23 27
6612 34 64
6613 48 62
6614 60 57
6615 73 12
6616 63 79
6617 27 62
6618 68 10
6619 27 69
6620 50 64
6621 64 30
6622 15 52
6623 33 34
6624 67 18
6625 24 63
6626 73 11
6627 49 40
6628 64 4
6629 29 59
6630 24 33
6631 33 64
6632 14 10
6633 41 14
6634 43 7
6635 24 56
6636 58 75
6637 64 3
6638 34 30
6639 16 1
6640 39 16
6641 35 44
6642 67 17
6643 40 16
6644 35 30
6645 70 79
6646 26 62
6647 2 51
6648 45 0
6649 27 62
6650 28 12
6651 15 6
6652 6 11
6653 74 7
6654 48 72
6655 28 69
6656 49 66
6657 36 24
6658 57 40
6659 25 64
6660 28 64
6661 47 70
6662 57 41
6663 69 79
6664 12 25
6665 16 0
6666 62 18
6667 28 19
6668 27 19
6669 8 31
6670 18 76
6671 23 56
6672 57 40
6673 29 60
6674 64 4
6675 42 7
6676 14 9
6677 34 30
6678 28 19
6679 5 54
6680 57 41
6681 35 30
6682 16 54
6683 44 76
6684 49 64
6685 50 66
6686 26 62
6687 75 68
6688 58 74
6689 23 15
6690 20 79
6691 32 61
6692 48 63
6693 23 63
6694 67 18
6695 58 4
6696 70 79
6697 39 3
6698 43 76
6699 73 12
6700 23 33
6701 20 78
6702 61 18
6703 12 24
6704 73 16
6705 35 24
6706 64 3
6707 9 52
6708 49 66
6709 15 51
6710 20 79
6711 29 59
6712 16 76
6713 55 47
6714 29 60
6715 42 14
6716 16 6
6717 73 11
6718 45 1
6719 44 76
6720 3 51
6721 43 76
6722 30 34
6723 2 59
6724 50 66
6725 31 61
6726 73 15
6727 24 63
6728 41 14
6729 50 40
6730 49 66
6731 5 11
6732 74 8
6733 73 48
6734 66 27
6735 26 64
6736 74 7
6737 55 54
6738 18 77
6739 15 52
6740 29 64
6741 77 71
6742 28 4
6743 77 76
6744 10 56
6745 34 64
6746 27 19
6747 24 33
6748 42 14
6749 55 55
6750 67 27
6751 28 19
6752 9 31
6753 9 51
6754 14 48
6755 23 14
6756 33 68
6757 64 79
6758 73 47
6759 66 27
6760 63 79
6761 16 75
6762 73 12
6763 68 9
6764 1 59
6765 8 31
6766 74 61
6767 32 61
6768 61 4
6769 63 31
6770 28 3
6771 48 71
6772 70 38
6773 16 1
6774 60 4
6775 61 57
6776 31 61
6777 55 46
6778 32 46
6779 58 75
6780 50 66
6781 58 5
6782 78 43
6783 48 72
6784 16 78
6785 50 64
6786 73 48
6787 70 8
6788 48 71
6789 53 13
6790 9 52
6791 73 61
6792 57 40
6793 63 27
6794 39 8
6795 24 56
6796 49 40
6797 43 7
6798 1 37
6799 63 26
6800 52 39
6801 25 64
6802 37 76
6803 49 64
6804 59 30
6805 17 54
6806 58 4
6807 0 37
6808 28 64
6809 16 76
6810 74 8
6811 67 27
6812 52 40
6813 23 8
6814 30 39
6815 11 56
6816 50 40
6817 64 29
6818 58 5
6819 64 79
6820 2 59
6821 74 74
6822 9 51
6823 32 61
6824 59 10
6825 64 30
6826 53 12
6827 5 16
6828 33 64
6829 29 64
6830 34 64
6831 69 8
6832 28 4
6833 1 37
6834 28 64
6835 49 66
6836 15 51
6837 62 31
6838 16 54
6839 28 3
6840 33 33
6841 41 14
6842 39 7
6843 29 59
6844 31 61
6845 23 56
6846 62 18
6847 23 28
6848 58 4
6849 61 4
6850 59 11
6851 20 46
6852 55 54
6853 44 76
6854 45 55
6855 6 11
6856 15 52
6857 63 79
6858 61 18
6859 2 51
6860 5 11
6861 74 61
6862 39 8
6863 64 29
6864 24 56
6865 79 43
6866 69 79
6867 1 59
6868 60 4
6869 14 10
6870 0 37
6871 15 6
6872 32 61
6873 23 9
6874 27 62
6875 63 31
6876 14 9
6877 26 64
6878 33 34
6879 14 10
6880 16 0
6881 45 54
6882 57 45
6883 48 62
6884 27 69
6885 16 1
6886 28 4
6887 67 17
6888 49 40
6889 10 56
6890 48 56
6891 73 11
6892 6 11
6893 26 62
6894 29 64
6895 9 31
6896 34 44
6897 14 9
6898 59 10
6899 58 5
6900 11 56
6901 43 0
6902 45 55
6903 35 56
6904 75 74
6905 14 47
6906 74 74
6907 73 47
6908 33 69
6909 58 74
6910 23 15
6911 23 14
6912 30 33
6913 21 57
6914 45 54
6915 77 70
6916 18 76
6917 68 10
6918 68 9
6919 50 40
6920 60 57
6921 50 66
6922 3 51
6923 70 8
6924 35 55
6925 53 13
6926 55 47
6927 64 37
6928 46 70
6929 55 46
6930 77 71
6931 14 10
6932 10 56
6933 23 27
6934 28 64
6935 73 12
6936 47 70
6937 33 68
6938 28 3
6939 4 16
6940 15 51
6941 56 45
6942 5 16
6943 20 45
6944 59 11
6945 16 79
6946 49 56
6947 16 75
6948 43 76
6949 18 77
6950 38 3
6951 73 48
6952 52 39
6953 39 7
6954 70 79
6955 62 31
6956 55 55
6957 12 25
6958 48 56
6959 2 51
6960 69 79
6961 66 27
6962 23 15
6963 55 47
6964 61 57
6965 4 54
6966 60 57
6967 77 77
6968 8 31
6969 61 4
6970 55 46
6971 34 30
6972 77 76
6973 49 40
6974 23 56
6975 11 56
6976 75 74
6977 36 76
6978 42 14
6979 59 10
6980 49 66
6981 73 11
6982 67 27
6983 1 37
6984 43 1
6985 4 16
6986 30 34
6987 36 24
6988 9 52
6989 48 72
6990 30 40
6991 23 33
6992 45 0
6993 27 62
6994 64 4
6995 21 56
6996 67 18
6997 42 7
6998 50 40
6999 35 56
7000 73 16
7001 55 47
7002 63 27
7003 5 54
7004 28 11
7005 63 26
7006 44 76
7007 67 17
7008 2 59
7009 33 69
7010 74 74
7011 64 30
7012 21 57
7013 16 6
7014 25 64
7015 70 79
7016 43 7
7017 1 59
7018 58 4
7019 12 24
7020 23 63
7021 37 76
7022 57 41
7023 35 30
7024 28 4
7025 64 79
7026 33 33
7027 50 66
7028 63 31
7029 59 31
7030 43 0
7031 30 33
7032 57 40
7033 34 30
7034 48 71
7035 28 12
7036 24 63
7037 73 61
7038 15 6
7039 35 30
7040 36 76
7041 66 27
7042 2 59
7043 37 76
7044 75 74
7045 62 31
7046 58 58
7047 35 24
7048 34 30
7049 14 48
7050 78 43
7051 74 7
7052 77 77
7053 5 16
7054 39 16
7055 35 30
7056 35 55
7057 64 3
7058 46 70
7059 10 56
7060 63 27
7061 26 64
7062 14 47
7063 74 8
7064 39 8
7065 35 56
7066 48 63
7067 23 8
7068 14 48
7069 14 9
7070 16 0
7071 25 64
7072 3 51
7073 68 10
7074 24 33
7075 73 12
7076 33 64
7077 64 4
7078 50 64
7079 49 66
7080 2 51
7081 9 51
7082 21 56
7083 48 62
7084 42 7
7085 62 18
7086 23 14
7087 59 58
7088 11 56
7089 35 55
7090 23 9
7091 12 25
7092 43 7
7093 12 24
7094 31 46
7095 3 51
7096 74 7
7097 49 64
7098 43 76
7099 60 4
7100 9 52
7101 16 1
7102 73 11
7103 45 1
7104 39 3
7105 23 28
7106 61 18
7107 15 52
7108 69 79
7109 50 64
7110 41 14
7111 77 70
7112 32 46
7113 20 78
7114 45 0
7115 23 15
7116 31 61
7117 5 11
7118 42 7
7119 59 30
7120 38 3
7121 68 9
7122 9 31
7123 55 46
7124 28 69
7125 59 11
7126 62 18
7127 42 14
7128 23 14
7129 28 3
7130 12 25
7131 73 12
7132 50 66
7133 48 63
7134 68 10
7135 14 47
7136 21 57
7137 1 59
7138 16 0
7139 43 1
7140 58 5
7141 68 9
7142 0 37
7143 68 10
7144 16 76
7145 30 39
7146 14 10
7147 29 60
7148 73 47
7149 36 76
7150 16 6
7151 73 11
7152 2 59
7153 67 27
7154 15 51
7155 40 16
7156 35 44
7157 1 59
7158 64 29
7159 16 1
7160 76 68
7161 18 76
7162 63 31
7163 61 4
7164 64 3
7165 58 58
7166 55 54
7167 1 37
7168 39 16
7169 43 0
7170 23 27
7171 9 51
7172 23 63
7173 2 59
7174 49 40
7175 31 46
7176 70 79
7177 48 62
7178 41 14
7179 48 72
7180 26 62
7181 59 58
7182 23 28
7183 35 56
7184 58 58
7185 12 24
7186 50 40
7187 77 76
7188 28 4
7189 74 74
7190 64 30
7191 67 18
7192 39 3
7193 49 56
7194 27 62
7195 16 78
7196 55 55
7197 0 37
7198 32 46
7199 48 63
7200 59 31
7201 14 48
7202 53 12
7203 10 56
7204 62 31
7205 18 77
7206 39 7
7207 52 40
7208 71 38
7209 12 25
7210 74 8
7211 4 54
7212 48 71
7213 23 15
7214 59 10
7215 57 41
7216 14 9
7217 45 1
7218 40 16
7219 16 75
7220 58 75
7221 59 58
7222 48 62
7223 18 76
7224 49 66
7225 59 30
7226 30 40
7227 48 63
7228 64 4
7229 77 77
7230 48 56
7231 1 59
7232 57 40
7233 50 66
7234 58 4
7235 75 68
7236 12 24
7237 73 48
7238 45 0
7239 57 45
7240 38 3
7241 68 9
7242 43 7
7243 64 3
7244 20 46
7245 24 63
7246 34 44
7247 9 52
7248 63 79
7249 56 45
7250 48 62
7251 28 11
7252 30 39
7253 44 76
7254 65 37
7255 6 11
7256 58 74
7257 36 24
7258 59 11
7259 57 45
7260 12 25
7261 27 19
7262 43 1
7263 20 45
7264 5 54
7265 28 3
7266 64 29
7267 29 64
7268 20 79
7269 58 75
7270 34 64
7271 27 69
7272 48 72
7273 14 10
7274 32 61
7275 61 57
7276 11 56
7277 39 16
7278 35 55
7279 35 56
7280 69 79
7281 28 12
7282 28 64
7283 23 33
7284 53 13
7285 33 64
7286 34 30
7287 63 26
7288 5 11
7289 16 76
7290 63 31
7291 42 14
7292 20 78
7293 16 0
7294 20 79
7295 75 74
7296 63 27
7297 42 7
7298 10 56
7299 73 15
7300 28 19
7301 4 16
7302 31 46
7303 73 47
7304 77 71
7305 61 18
7306 63 26
7307 70 38
7308 2 51
7309 49 66
7310 77 70
7311 35 24
7312 74 61
7313 76 68
7314 64 30
7315 62 31
7316 3 51
7317 73 16
7318 66 27
7319 41 14
7320 67 17
7321 2 59
7322 58 5
7323 39 3
7324 58 58
7325 77 71
7326 18 77
7327 63 31
7328 24 33
7329 43 7
7330 30 40
7331 69 8
7332 35 44
7333 49 64
7334 50 64
7335 59 10
7336 75 68
7337 34 64
7338 23 14
7339 28 4
7340 67 18
7341 67 17
7342 26 64
7343 25 64
7344 57 41
7345 64 79
7346 8 31
7347 42 7
7348 9 51
7349 16 1
7350 28 69
7351 56 45
7352 17 54
7353 33 34
7354 48 63
7355 55 54
7356 64 37
7357 38 3
7358 33 33
7359 53 12
7360 52 39
7361 55 47
7362 16 0
7363 47 70
7364 26 64
7365 73 61
7366 57 45
7367 9 52
7368 68 10
7369 74 74
7370 14 9
7371 9 51
7372 14 10
7373 1 59
7374 60 57
7375 33 68
7376 23 15
7377 64 29
7378 4 54
7379 61 57
7380 30 34
7381 16 79
7382 16 78
7383 56 45
7384 67 18
7385 74 7
7386 49 40
7387 39 3
7388 34 44
7389 30 33
7390 20 46
7391 62 31
7392 35 44
7393 67 17
7394 75 74
7395 67 27
7396 67 18
7397 14 9
7398 31 61
7399 23 27
7400 18 76
7401 71 38
7402 55 55
7403 64 30
7404 34 44
7405 65 37
7406 32 46
7407 60 4
7408 43 76
7409 6 11
7410 66 27
7411 2 59
7412 37 76
7413 31 46
7414 20 45
7415 16 54
7416 11 56
7417 5 16
7418 16 79
7419 16 78
7420 57 45
7421 64 4
7422 58 4
7423 33 64
7424 33 34
7425 33 33
7426 16 79
7427 35 55
7428 24 56
7429 9 52
7430 73 15
7431 33 69
7432 38 3
7433 18 77
7434 60 57
7435 59 58
7436 14 10
7437 64 37
7438 32 46
7439 48 62
7440 1 37
7441 21 56
7442 77 70
7443 68 9
7444 48 63
7445 23 28
7446 70 79
7447 15 52
7448 61 4
7449 0 37
7450 35 56
7451 10 56
7452 23 56
7453 29 59
7454 14 47
7455 5 54
7456 73 48
7457 61 57
7458 63 27
7459 63 79
7460 70 8
7461 21 57
7462 36 76
7463 16 75
7464 27 19
7465 2 51
7466 49 64
7467 77 76
7468 11 56
7469 49 56
7470 36 24
7471 4 16
7472 29 60
7473 53 13
7474 52 40
7475 64 29
7476 4 54
7477 29 64
7478 37 76
7479 33 68
7480 48 62
7481 3 51
7482 67 17
7483 32 61
7484 55 46
7485 26 62
7486 63 26
7487 50 64
7488 60 57
7489 34 64
7490 43 7
7491 67 18
7492 59 11
7493 21 56
7494 5 54
7495 50 40
7496 52 39
7497 59 10
7498 42 14
7499 73 12
7500 39 8
7501 77 71
7502 65 37
7503 52 40
7504 41 14
7505 23 33
7506 15 6
7507 64 37
7508 44 76
7509 62 18
7510 36 76
7511 27 62
7512 46 70
7513 58 74
7514 77 77
7515 39 7
7516 2 51
7517 16 78
7518 18 76
7519 73 11
7520 17 54
7521 58 5
7522 29 59
7523 45 55
7524 42 14
7525 25 64
7526 45 1
7527 58 58
7528 73 47
7529 61 57
7530 27 69
7531 39 3
7532 69 8
7533 23 14
7534 42 7
7535 60 57
7536 73 16
7537 30 34
7538 28 69
7539 9 31
7540 64 79
7541 5 16
7542 4 16
7543 61 57
7544 70 38
7545 18 77
7546 14 48
7547 65 37
7548 35 44
7549 55 47
7550 57 40
7551 23 27
7552 30 33
7553 71 38
7554 45 0
7555 77 70
7556 64 3
7557 67 27
7558 14 47
7559 1 37
7560 10 56
7561 38 3
7562 26 64
7563 31 46
7564 35 30
7565 33 69
7566 52 39
7567 77 71
7568 1 59
7569 16 79
7570 34 30
7571 33 34
7572 48 56
7573 41 14
7574 63 31
7575 33 33
7576 32 46
7577 52 40
7578 55 46
7579 24 33
7580 48 71
7581 74 61
7582 20 78
7583 3 51
7584 63 27
7585 8 31
7586 35 55
7587 23 33
7588 59 58
7589 42 14
7590 39 8
7591 35 56
7592 52 39
7593 45 1
7594 25 64
7595 16 76
7596 0 37
7597 52 40
7598 18 76
7599 64 4
7600 31 61
7601 16 1
7602 24 56
7603 11 56
7604 68 10
7605 31 46
7606 63 79
7607 73 61
7608 2 51
7609 69 79
7610 16 6
7611 20 46
7612 3 51
7613 77 76
7614 16 78
7615 58 58
7616 74 8
7617 50 66
7618 37 76
7619 34 44
7620 45 0
7621 10 56
7622 28 64
7623 26 64
7624 58 75
7625 39 7
7626 64 3
7627 18 77
7628 12 24
7629 43 0
7630 60 4
7631 73 12
7632 55 47
7633 16 54
7634 49 66
7635 29 64
7636 35 44
7637 59 58
7638 62 31
7639 23 56
7640 45 1
7641 21 57
7642 14 9
7643 45 54
7644 55 46
7645 35 55
7646 41 14
7647 48 63
7648 23 28
7649 67 17
7650 4 54
7651 73 48
7652 28 64
7653 28 3
7654 42 14
7655 30 34
7656 30 33
7657 16 75
7658 49 40
7659 47 70
7660 79 43
7661 23 27
7662 39 3
7663 48 62
7664 73 15
7665 33 34
7666 30 39
7667 25 64
7668 45 55
7669 16 79
7670 40 16
7671 53 12
7672 61 4
7673 57 41
7674 46 70
7675 20 45
7676 67 18
7677 30 34
7678 33 33
7679 30 40
7680 76 68
7681 56 45
7682 45 0
7683 2 59
7684 5 54
7685 70 38
7686 26 64
7687 35 24
7688 1 37
7689 18 76
7690 77 77
7691 18 77
7692 73 11
7693 23 28
7694 14 10
7695 16 0
7696 11 56
7697 14 9
7698 23 27
7699 21 56
7700 64 79
7701 49 64
7702 32 46
7703 4 54
7704 50 64
7705 63 26
7706 10 56
7707 16 76
7708 28 11
7709 33 34
7710 29 64
7711 24 56
7712 49 64
7713 52 39
7714 50 66
7715 14 10
7716 21 57
7717 59 31
7718 41 14
7719 66 27
7720 16 78
7721 9 31
7722 68 9
7723 71 38
7724 23 56
7725 55 47
7726 68 10
7727 53 13
7728 49 56
7729 77 70
7730 43 76
7731 20 79
7732 64 37
7733 64 4
7734 60 57
7735 28 4
7736 73 47
7737 25 64
7738 0 37
7739 16 75
7740 53 12
7741 33 64
7742 58 74
7743 1 37
7744 12 25
7745 48 56
7746 31 46
7747 58 58
7748 15 51
7749 23 15
7750 30 33
7751 78 43
7752 48 63
7753 23 28
7754 70 79
7755 30 39
7756 55 54
7757 23 14
7758 32 61
7759 60 4
7760 32 46
7761 34 64
7762 43 1
7763 11 56
7764 44 76
7765 45 1
7766 49 56
7767 63 31
7768 61 4
7769 74 74
7770 28 3
7771 16 79
7772 43 0
7773 63 79
7774 33 68
7775 58 4
7776 18 76
7777 70 38
7778 52 40
7779 16 1
7780 70 8
7781 9 51
7782 16 78
7783 73 48
7784 45 54
7785 34 44
7786 23 63
7787 64 3
7788 45 55
7789 33 33
7790 74 7
7791 28 4
7792 48 72
7793 77 76
7794 50 64
7795 23 8
7796 30 40
7797 58 75
7798 35 56
7799 73 47
7800 65 37
7801 48 71
7802 48 62
7803 45 0
7804 48 63
7805 58 5
7806 50 40
7807 28 19
7808 73 48
7809 73 12
7810 75 74
7811 57 40
7812 27 69
7813 64 4
7814 33 34
7815 33 33
7816 47 70
7817 20 46
7818 16 0
7819 61 57
7820 74 61
7821 5 54
7822 64 37
7823 45 1
7824 39 16
7825 21 56
7826 24 63
7827 28 12
7828 28 3
7829 33 64
7830 45 0
7831 45 54
7832 8 31
7833 16 1
7834 71 38
7835 31 46
7836 67 17
7837 53 13
7838 68 9
7839 23 63
7840 55 46
7841 31 61
7842 34 64
7843 61 18
7844 40 16
7845 21 57
7846 77 77
7847 64 79
7848 73 47
7849 73 16
7850 26 64
7851 64 30
7852 2 51
7853 16 79
7854 16 0
7855 16 1
7856 70 38
7857 15 52
7858 73 11
7859 24 56
7860 69 8
7861 73 61
7862 15 6
7863 74 74
7864 57 41
7865 79 43
7866 0 37
7867 57 40
7868 28 11
7869 73 15
7870 26 62
7871 30 34
7872 27 62
7873 57 45
7874 60 57
7875 70 8
7876 53 12
7877 20 45
7878 73 48
7879 3 51
7880 38 3
7881 59 58
7882 23 9
7883 1 37
7884 23 27
7885 74 61
7886 20 46
7887 49 64
7888 14 9
7889 60 4
7890 64 29
7891 17 54
7892 20 78
7893 73 61
7894 58 74
7895 61 4
7896 59 11
7897 36 76
7898 32 46
7899 23 8
7900 61 57
7901 57 41
7902 62 31
7903 39 8
7904 25 64
7905 65 37
7906 30 33
7907 55 55
7908 33 69
7909 12 24
7910 27 19
7911 23 9
7912 23 28
7913 78 43
7914 79 43
7915 43 7
7916 64 30
7917 14 10
7918 31 46
7919 60 4
7920 28 19
7921 5 16
7922 55 54
7923 39 16
7924 9 31
7925 33 64
7926 2 51
7927 1 59
7928 35 55
7929 62 18
7930 37 76
7931 32 61
7932 39 7
7933 3 51
7934 39 8
7935 23 27
7936 16 6
7937 63 79
7938 63 27
7939 59 30
7940 16 0
7941 63 26
7942 34 64
7943 59 31
7944 23 15
7945 48 62
7946 61 18
7947 69 79
7948 48 56
7949 64 37
7950 23 14
7951 59 10
7952 58 75
7953 0 37
7954 2 59
7955 14 48
7956 36 76
7957 9 52
7958 23 15
7959 55 47
7960 64 79
7961 63 79
7962 63 27
7963 64 3
7964 43 1
7965 35 30
7966 16 1
7967 64 29
7968 27 19
7969 5 11
7970 63 26
7971 43 0
7972 45 55
7973 20 79
7974 49 66
7975 23 28
7976 62 18
7977 6 11
7978 58 74
7979 18 77
7980 1 59
7981 43 1
7982 20 78
7983 30 39
7984 40 16
7985 45 1
7986 78 43
7987 63 31
7988 59 11
7989 18 76
7990 15 6
7991 16 76
7992 29 60
7993 4 54
7994 28 4
7995 65 37
7996 35 44
7997 61 18
7998 46 70
7999 75 68
8000 50 66
8001 63 27
8002 64 30
8003 64 4
8004 73 47
8005 18 77
8006 33 64
8007 42 14
8008 49 56
8009 62 31
8010 67 18
8011 49 40
8012 20 45
8013 75 74
8014 28 19
8015 67 27
8016 43 0
8017 14 47
8018 23 14
8019 52 39
8020 73 16
8021 36 24
8022 68 10
8023 73 12
8024 4 16
8025 56 45
8026 34 30
8027 77 76
8028 30 34
8029 67 17
8030 35 24
8031 55 55
8032 28 12
8033 42 7
8034 67 18
8035 67 17
8036 39 16
8037 58 75
8038 5 11
8039 33 34
8040 58 58
8041 58 4
8042 55 46
8043 30 40
8044 23 15
8045 1 37
8046 33 33
8047 58 74
8048 5 16
8049 70 79
8050 23 8
8051 16 6
8052 24 63
8053 79 43
8054 6 11
8055 77 71
8056 47 70
8057 67 18
8058 46 70
8059 48 56
8060 4 16
8061 73 15
8062 20 79
8063 14 48
8064 33 34
8065 74 74
8066 35 30
8067 60 57
8068 24 33
8069 29 59
8070 41 14
8071 21 56
8072 55 47
8073 34 44
8074 59 30
8075 21 57
8076 26 62
8077 2 51
8078 43 1
8079 5 54
8080 10 56
8081 8 31
8082 55 54
8083 23 14
8084 58 75
8085 28 64
8086 20 46
8087 39 7
8088 29 60
8089 5 11
8090 64 3
8091 28 69
8092 58 5
8093 39 3
8094 35 44
8095 58 74
8096 12 25
8097 73 11
8098 67 17
8099 9 51
8100 34 44
8101 40 16
8102 73 48
8103 47 70
8104 29 64
8105 14 47
8106 16 54
8107 27 62
8108 68 9
8109 26 64
8110 2 59
8111 77 70
8112 33 33
8113 20 78
8114 50 40
8115 69 8
8116 16 0
8117 6 11
8118 23 15
8119 9 52
8120 30 33
8121 55 46
8122 39 8
8123 23 27
8124 77 71
8125 73 16
8126 20 79
8127 23 9
8128 73 15
8129 23 33
8130 37 76
8131 48 63
8132 34 64
8133 45 0
8134 78 43
8135 61 57
8136 21 56
8137 70 8
8138 36 24
8139 59 10
8140 14 9
8141 14 10
8142 27 19
8143 15 51
8144 18 76
8145 79 43
8146 17 54
8147 1 59
8148 28 11
8149 0 37
8150 61 4
8151 15 52
8152 25 64
8153 45 1
8154 49 40
8155 59 11
8156 23 14
8157 12 24
8158 66 27
8159 16 54
8160 39 16
8161 48 72
8162 3 51
8163 68 10
8164 33 68
8165 29 59
8166 33 34
8167 55 47
8168 9 31
8169 43 76
8170 27 69
8171 64 4
8172 67 27
8173 23 28
8174 59 58
8175 24 33
8176 58 75
8177 26 62
8178 12 25
8179 1 37
8180 33 69
8181 75 74
8182 28 19
8183 64 29
8184 12 24
8185 15 6
8186 34 30
8187 12 25
8188 44 76
8189 43 0
8190 59 31
8191 53 13
8192 68 9
8193 28 12
8194 53 12
8195 17 54
8196 9 51
8197 77 77
8198 20 78
8199 50 64
8200 78 43
8201 23 63
8202 16 1
8203 60 57
8204 64 30
8205 29 60
8206 57 45
8207 49 66
8208 77 70
8209 28 64
8210 63 26
8211 35 44
8212 14 48
8213 43 7
8214 79 43
8215 43 76
8216 38 3
8217 64 37
8218 16 75
8219 69 79
8220 27 62
8221 20 45
8222 49 56
8223 28 11
8224 35 56
8225 35 30
8226 20 79
8227 28 3
8228 70 79
8229 55 46
8230 58 4
8231 33 33
8232 44 76
8233 34 44
8234 69 8
8235 73 12
8236 68 10
8237 14 47
8238 16 54
8239 35 24
8240 21 57
8241 50 66
8242 29 59
8243 14 48
8244 56 45
8245 24 63
8246 49 66
8247 64 3
8248 29 60
8249 16 78
8250 35 44
8251 0 37
8252 53 13
8253 14 9
8254 26 64
8255 57 40
8256 20 46
8257 53 12
8258 64 4
8259 39 3
8260 16 6
8261 77 76
8262 17 54
8263 59 30
8264 57 45
8265 57 41
8266 73 16
8267 56 45
8268 29 59
8269 78 43
8270 4 54
8271 33 34
8272 16 79
8273 26 62
8274 59 31
8275 58 74
8276 16 54
8277 34 44
8278 40 16
8279 27 19
8280 45 0
8281 16 0
8282 14 47
8283 23 56
8284 23 8
8285 28 4
8286 79 43
8287 16 78
8288 28 12
8289 55 55
8290 28 11
8291 32 46
8292 9 52
8293 63 27
8294 43 76
8295 77 77
8296 49 64
8297 59 30
8298 36 24
8299 78 43
8300 29 60
8301 45 1
8302 18 77
8303 23 27
8304 15 51
8305 39 7
8306 14 10
8307 48 71
8308 15 52
8309 31 46
8310 73 11
8311 23 28
8312 69 79
8313 5 16
8314 50 40
8315 42 14
8316 65 37
8317 20 78
8318 8 31
8319 16 76
8320 39 8
8321 23 9
8322 4 16
8323 64 79
8324 66 27
8325 32 46
8326 35 44
8327 49 40
8328 48 72
8329 50 64
8330 52 40
8331 48 56
8332 42 7
8333 68 9
8334 53 13
8335 23 8
8336 58 75
8337 20 79
8338 77 76
8339 55 54
8340 31 46
8341 33 68
8342 79 43
8343 71 38
8344 29 64
8345 46 70
8346 50 40
8347 28 12
8348 64 3
8349 28 11
8350 64 37
8351 63 26
8352 28 12
8353 47 70
8354 28 3
8355 9 51
8356 2 51
8357 28 11
8358 45 54
8359 74 74
8360 30 34
8361 64 29
8362 43 7
8363 57 40
8364 33 33
8365 52 39
8366 48 71
8367 9 52
8368 50 66
8369 59 31
8370 59 30
8371 76 68
8372 55 55
8373 20 45
8374 31 61
8375 48 62
8376 77 71
8377 57 41
8378 53 12
8379 78 43
8380 30 39
8381 63 31
8382 77 70
8383 29 59
8384 49 56
8385 62 18
8386 42 7
8387 9 51
8388 49 40
8389 75 74
8390 67 18
8391 61 18
8392 17 54
8393 33 69
8394 74 8
8395 24 56
8396 33 34
8397 74 74
8398 58 74
8399 55 47
8400 21 56
8401 30 40
8402 23 15
8403 44 76
8404 39 16
8405 55 54
8406 58 5
8407 1 37
8408 49 66
8409 74 7
8410 27 62
8411 14 9
8412 25 64
8413 43 1
8414 14 10
8415 9 31
8416 20 78
8417 30 33
8418 3 51
8419 64 30
8420 35 24
8421 16 1
8422 9 52
8423 58 75
8424 12 24
8425 73 15
8426 73 12
8427 5 54
8428 15 51
8429 46 70
8430 48 63
8431 40 16
8432 28 12
8433 30 39
8434 12 25
8435 63 79
8436 59 31
8437 74 8
8438 23 56
8439 64 29
8440 9 51
8441 33 64
8442 59 30
8443 5 16
8444 55 46
8445 48 72
8446 55 47
8447 4 16
8448 62 18
8449 43 7
8450 42 7
8451 53 13
8452 55 46
8453 64 4
8454 59 10
8455 61 18
8456 62 31
8457 21 57
8458 18 76
8459 12 24
8460 73 47
8461 5 11
8462 16 54
8463 20 46
8464 34 44
8465 65 37
8466 75 68
8467 59 11
8468 28 11
8469 15 52
8470 17 54
8471 49 64
8472 48 56
8473 73 11
8474 57 40
8475 41 14
8476 36 76
8477 60 4
8478 16 0
8479 49 56
8480 30 34
8481 48 71
8482 59 10
8483 24 56
8484 58 4
8485 73 48
8486 34 30
8487 32 46
8488 75 74
8489 18 77
8490 59 11
8491 20 45
8492 45 0
8493 16 75
8494 64 3
8495 2 59
8496 57 41
8497 12 25
8498 26 64
8499 15 51
8500 35 30
8501 35 55
8502 18 76
8503 28 12
8504 43 76
8505 77 71
8506 33 33
8507 1 59
8508 52 40
8509 42 14
8510 79 43
8511 50 66
8512 25 64
8513 23 9
8514 48 72
8515 16 76
8516 28 64
8517 5 16
8518 11 56
8519 52 39
8520 70 8
8521 31 46
8522 63 27
8523 32 46
8524 64 4
8525 0 37
8526 30 33
8527 57 45
8528 56 45
8529 50 40
8530 16 54
8531 64 3
8532 30 34
8533 23 56
8534 16 75
8535 23 14
8536 8 31
8537 21 56
8538 45 1
8539 17 54
8540 59 10
8541 15 6
8542 12 24
8543 47 70
8544 48 71
8545 16 1
8546 35 56
8547 49 66
8548 43 0
8549 50 64
8550 61 4
8551 73 12
8552 57 40
8553 45 0
8554 20 79
8555 64 79
8556 24 56
8557 28 19
8558 48 56
8559 49 56
8560 18 77
8561 33 68
8562 70 38
8563 10 56
8564 74 74
8565 29 64
8566 14 9
8567 23 56
8568 20 78
8569 4 54
8570 55 55
8571 55 47
8572 30 33
8573 27 19
8574 63 26
8575 23 33
8576 16 0
8577 68 10
8578 16 54
8579 14 10
8580 73 16
8581 23 63
8582 41 14
8583 28 19
8584 34 30
8585 32 61
8586 50 66
8587 69 8
8588 42 14
8589 55 46
8590 16 1
8591 48 72
8592 35 55
8593 5 54
8594 15 52
8595 75 74
8596 1 37
8597 18 76
8598 2 59
8599 20 79
8600 30 34
8601 58 74
8602 17 54
8603 0 37
8604 4 54
8605 60 4
8606 58 5
8607 52 40
8608 26 62
8609 74 61
8610 63 31
8611 16 6
8612 20 78
8613 27 62
8614 28 4
8615 6 11
8616 35 30
8617 16 54
8618 17 54
8619 1 37
8620 15 6
8621 26 62
8622 64 37
8623 57 41
8624 4 16
8625 41 14
8626 73 15
8627 31 46
8628 31 61
8629 9 52
8630 33 69
8631 5 11
8632 9 31
8633 33 34
8634 59 11
8635 76 68
8636 16 6
8637 55 47
8638 8 31
8639 65 37
8640 23 15
8641 9 51
8642 11 56
8643 12 25
8644 23 8
8645 39 7
8646 10 56
8647 67 17
8648 37 76
8649 27 19
8650 62 31
8651 49 66
8652 5 16
8653 62 18
8654 64 30
8655 24 63
8656 68 9
8657 73 47
8658 24 56
8659 67 18
8660 77 70
8661 32 61
8662 34 64
8663 70 79
8664 48 62
8665 33 64
8666 23 14
8667 64 29
8668 1 59
8669 30 33
8670 73 11
8671 35 44
8672 28 11
8673 69 79
8674 32 46
8675 29 60
8676 55 46
8677 73 61
8678 0 37
8679 28 69
8680 2 51
8681 3 51
8682 45 1
8683 18 77
8684 70 8
8685 58 75
8686 71 38
8687 23 27
8688 15 51
8689 14 9
8690 55 47
8691 1 37
8692 14 10
8693 63 31
8694 34 44
8695 16 79
8696 9 31
8697 23 56
8698 12 24
8699 23 15
8700 64 4
8701 48 63
8702 23 28
8703 63 27
8704 30 34
8705 55 54
8706 57 40
8707 70 79
8708 77 77
8709 28 3
8710 45 55
8711 16 54
8712 33 33
8713 45 0
8714 44 76
8715 6 11
8716 68 10
8717 55 55
8718 45 54
8719 43 76
8720 48 71
8721 28 64
8722 15 6
8723 33 68
8724 74 61
8725 73 12
8726 57 45
8727 27 62
8728 67 27
8729 24 56
8730 50 66
8731 12 25
8732 5 54
8733 52 39
8734 21 57
8735 26 62
8736 20 79
8737 49 66
8738 59 10
8739 68 9
8740 43 1
8741 69 79
8742 36 24
8743 77 76
8744 70 79
8745 43 7
8746 70 38
8747 4 16
8748 74 74
8749 48 62
8750 48 72
8751 2 59
8752 77 71
8753 64 37
8754 2 51
8755 50 66
8756 16 0
8757 31 46
8758 14 9
8759 61 4
8760 73 61
8761 73 11
8762 4 54
8763 62 31
8764 14 10
8765 28 19
8766 57 41
8767 16 1
8768 5 54
8769 45 1
8770 16 6
8771 33 69
8772 29 64
8773 57 40
8774 20 46
8775 58 58
8776 12 24
8777 73 12
8778 21 56
8779 28 4
8780 71 38
8781 49 40
8782 70 38
8783 67 17
8784 3 51
8785 1 59
8786 44 76
8787 34 30
8788 23 27
8789 58 74
8790 67 18
8791 63 31
8792 28 3
8793 27 69
8794 39 16
8795 2 51
8796 32 46
8797 30 40
8798 20 78
8799 64 30
8800 58 4
8801 14 48
8802 73 11
8803 5 16
8804 30 33
8805 73 12
8806 64 29
8807 48 56
8808 52 40
8809 15 6
8810 61 57
8811 33 34
8812 67 17
8813 58 5
8814 3 51
8815 75 68
8816 59 31
8817 39 8
8818 65 37
8819 20 45
8820 34 64
8821 48 71
8822 18 76
8823 48 72
8824 23 63
8825 55 46
8826 30 34
8827 40 16
8828 52 39
8829 8 31
8830 69 8
8831 57 41
8832 15 52
8833 28 64
8834 62 31
8835 56 45
8836 24 33
8837 30 33
8838 58 75
8839 64 30
8840 55 54
8841 74 7
8842 39 16
8843 50 40
8844 78 43
8845 45 0
8846 0 37
8847 16 76
8848 9 52
8849 33 33
8850 55 47
8851 11 56
8852 74 61
8853 4 16
8854 49 40
8855 27 19
8856 24 63
8857 58 4
8858 15 51
8859 29 64
8860 59 58
8861 58 58
8862 36 76
8863 33 64
8864 10 56
8865 64 37
8866 11 56
8867 20 46
8868 23 14
8869 23 33
8870 59 58
8871 75 74
8872 35 30
8873 57 45
8874 56 45
8875 37 76
8876 18 77
8877 42 7
8878 49 66
8879 63 79
8880 50 40
8881 45 1
8882 16 78
8883 30 39
8884 71 38
8885 34 64
8886 23 63
8887 57 40
8888 53 12
8889 16 6
8890 28 19
8891 73 61
8892 64 29
8893 64 79
8894 17 54
8895 27 62
8896 57 41
8897 16 79
8898 55 55
8899 30 34
8900 55 46
8901 61 18
8902 2 59
8903 2 51
8904 28 69
8905 74 61
8906 53 13
8907 49 64
8908 34 30
8909 62 18
8910 29 59
8911 4 54
8912 20 45
8913 15 52
8914 33 34
8915 45 55
8916 76 68
8917 79 43
8918 59 30
8919 35 24
8920 39 7
8921 9 51
8922 73 11
8923 23 56
8924 12 25
8925 23 9
8926 57 45
8927 58 74
8928 70 38
8929 21 57
8930 57 40
8931 31 46
8932 56 45
8933 9 52
8934 57 45
8935 29 60
8936 60 57
8937 50 66
8938 20 79
8939 68 10
8940 77 70
8941 63 26
8942 59 11
8943 23 15
8944 65 37
8945 55 54
8946 20 78
8947 35 44
8948 35 56
8949 36 24
8950 27 19
8951 63 31
8952 24 63
8953 28 64
8954 16 54
8955 61 18
8956 73 61
8957 73 12
8958 30 40
8959 58 75
8960 20 46
8961 29 64
8962 70 8
8963 66 27
8964 14 47
8965 20 79
8966 46 70
8967 1 37
8968 3 51
8969 33 68
8970 74 74
8971 20 78
8972 63 27
8973 30 33
8974 59 10
8975 43 7
8976 16 78
8977 58 5
8978 48 71
8979 43 0
8980 15 6
8981 26 64
8982 5 54
8983 42 7
8984 64 37
8985 28 64
8986 59 31
8987 73 16
8988 74 61
8989 49 66
8990 18 76
8991 35 24
8992 65 37
8993 29 64
8994 0 37
8995 28 12
8996 9 51
8997 25 64
8998 35 55
8999 64 3
9000 33 64
9001 28 64
9002 5 16
9003 15 51
9004 14 48
9005 24 56
9006 16 6
9007 1 59
9008 28 19
9009 2 51
9010 53 12
9011 68 9
9012 53 13
9013 33 33
9014 34 44
9015 73 15
9016 33 34
9017 58 74
9018 28 4
9019 48 72
9020 9 31
9021 58 4
9022 52 40
9023 60 4
9024 59 30
9025 17 54
9026 9 52
9027 45 54
9028 8 31
9029 16 54
9030 16 0
9031 40 16
9032 61 57
9033 64 30
9034 75 74
9035 26 62
9036 45 55
9037 43 7
9038 28 3
9039 20 45
9040 77 77
9041 33 69
9042 33 68
9043 59 11
9044 26 64
9045 32 46
9046 14 47
9047 67 18
9048 57 41
9049 58 5
9050 48 63
9051 69 79
9052 15 6
9053 35 56
9054 20 79
9055 30 39
9056 33 33
9057 10 56
9058 53 12
9059 62 18
9060 56 45
9061 36 24
9062 33 34
9063 16 6
9064 27 19
9065 59 31
9066 4 54
9067 9 51
9068 64 4
9069 16 79
9070 64 37
9071 28 11
9072 75 68
9073 55 55
9074 16 75
9075 64 29
9076 64 3
9077 58 75
9078 28 4
9079 74 74
9080 63 79
9081 58 4
9082 16 78
9083 35 55
9084 43 1
9085 60 57
9086 42 7
9087 73 11
9088 20 46
9089 50 66
9090 43 7
9091 77 76
9092 45 54
9093 49 66
9094 18 77
9095 35 24
9096 77 71
9097 16 79
9098 77 77
9099 16 76
9100 28 19
9101 65 37
9102 49 56
9103 47 70
9104 39 16
9105 63 26
9106 9 52
9107 20 78
9108 16 1
9109 67 27
9110 9 51
9111 35 44
9112 40 16
9113 78 43
9114 53 13
9115 2 59
9116 64 79
9117 23 14
9118 5 54
9119 73 48
9120 16 0
9121 59 30
9122 31 46
9123 33 69
9124 1 59
9125 25 64
9126 9 31
9127 42 7
9128 30 34
9129 39 8
9130 33 68
9131 48 62
9132 61 4
9133 39 16
9134 15 52
9135 31 61
9136 42 14
9137 69 8
9138 49 40
9139 63 27
9140 12 24
9141 32 61
9142 73 16
9143 30 40
9144 17 54
9145 70 8
9146 76 68
9147 60 4
9148 74 8
9149 9 52
9150 48 56
9151 73 47
9152 68 10
9153 64 30
9154 20 45
9155 20 46
9156 75 74
9157 71 38
9158 64 37
9159 21 56
9160 14 48
9161 67 17
9162 39 7
9163 43 7
9164 61 18
9165 5 11
9166 53 12
9167 49 56
9168 61 4
9169 24 33
9170 55 47
9171 34 64
9172 23 56
9173 74 7
9174 69 8
9175 74 74
9176 30 39
9177 29 59
9178 33 64
9179 31 61
9180 4 54
9181 48 56
9182 20 45
9183 24 56
9184 12 25
9185 30 40
9186 33 69
9187 42 7
9188 55 46
9189 16 54
9190 9 51
9191 75 68
9192 53 13
9193 21 57
9194 23 15
9195 33 68
9196 23 28
9197 48 71
9198 50 66
9199 58 74
9200 5 54
9201 58 75
9202 3 51
9203 36 24
9204 57 40
9205 17 54
9206 4 16
9207 35 56
9208 64 4
9209 35 24
9210 73 48
9211 70 8
9212 16 78
9213 28 3
9214 15 6
9215 65 37
9216 73 12
9217 27 19
9218 48 72
9219 15 51
9220 23 27
9221 48 71
9222 30 39
9223 2 59
9224 33 33
9225 43 7
9226 63 26
9227 23 8
9228 36 24
9229 36 76
9230 70 38
9231 27 62
9232 16 79
9233 76 68
9234 52 39
9235 42 7
9236 69 8
9237 55 47
9238 21 56
9239 23 63
9240 34 64
9241 33 69
9242 58 5
9243 30 40
9244 50 64
9245 11 56
9246 40 16
9247 43 7
9248 29 64
9249 53 12
9250 50 40
9251 8 31
9252 30 39
9253 30 33
9254 70 8
9255 24 63
9256 9 31
9257 38 3
9258 28 4
9259 69 8
9260 28 19
9261 15 52
9262 71 38
9263 1 37
9264 8 31
9265 28 3
9266 57 41
9267 23 56
9268 57 40
9269 64 37
9270 20 79
9271 60 4
9272 16 54
9273 77 76
9274 64 29
9275 17 54
9276 20 46
9277 73 11
9278 10 56
9279 58 74
9280 24 56
9281 77 70
9282 30 40
9283 62 31
9284 20 78
9285 45 55
9286 27 69
9287 30 39
9288 79 43
9289 6 11
9290 42 7
9291 35 55
9292 32 46
9293 75 68
9294 23 9
9295 28 64
9296 74 8
9297 33 68
9298 15 51
9299 15 52
9300 23 8
9301 23 63
9302 49 56
9303 32 61
9304 46 70
9305 16 78
9306 41 14
9307 45 0
9308 18 76
9309 28 12
9310 73 61
9311 73 15
9312 39 16
9313 1 59
9314 47 70
9315 23 14
9316 29 64
9317 43 76
9318 43 0
9319 55 54
9320 58 58
9321 70 79
9322 70 8
9323 63 31
9324 28 64
9325 64 3
9326 16 1
9327 48 72
9328 53 13
9329 30 34
9330 16 0
9331 66 27
9332 26 62
9333 48 71
9334 16 75
9335 45 54
9336 16 76
9337 23 28
9338 16 75
9339 16 6
9340 68 9
9341 59 31
9342 29 64
9343 35 30
9344 55 46
9345 62 31
9346 14 47
9347 14 9
9348 48 56
9349 16 76
9350 68 10
9351 57 41
9352 48 72
9353 12 24
9354 48 71
9355 37 76
9356 9 31
9357 34 30
9358 23 15
9359 30 40
9360 63 79
9361 76 68
9362 4 54
9363 62 18
9364 75 68
9365 63 27
9366 20 79
9367 61 18
9368 61 57
9369 24 63
9370 59 30
9371 2 51
9372 39 3
9373 16 75
9374 74 61
9375 21 57
9376 31 61
9377 42 14
9378 69 79
9379 5 11
9380 60 57
9381 33 64
9382 57 40
9383 20 45
9384 45 1
9385 28 64
9386 45 0
9387 64 79
9388 38 3
9389 28 11
9390 69 8
9391 14 10
9392 35 30
9393 57 41
9394 15 6
9395 73 16
9396 64 30
9397 68 9
9398 16 79
9399 33 69
9400 2 59
9401 59 31
9402 76 68
9403 70 79
9404 58 4
9405 23 27
9406 62 18
9407 28 12
9408 55 55
9409 3 51
9410 44 76
9411 63 26
9412 16 54
9413 6 11
9414 30 33
9415 49 56
9416 75 74
9417 16 76
9418 52 40
9419 53 12
9420 23 14
9421 74 7
9422 64 4
9423 59 10
9424 33 68
9425 43 76
9426 20 46
9427 49 64
9428 8 31
9429 1 59
9430 61 18
9431 31 46
9432 73 47
9433 64 29
9434 33 69
9435 34 64
9436 63 27
9437 49 66
9438 23 28
9439 78 43
9440 5 16
9441 63 31
9442 58 5
9443 59 11
9444 21 56
9445 36 76
9446 69 79
9447 67 18
9448 5 54
9449 39 3
9450 0 37
9451 34 44
9452 14 9
9453 23 56
9454 34 30
9455 50 66
9456 59 30
9457 1 37
9458 21 57
9459 43 7
9460 75 68
9461 48 72
9462 61 57
9463 77 77
9464 9 31
9465 16 6
9466 21 56
9467 59 10
9468 4 16
9469 70 79
9470 5 16
9471 4 54
9472 32 61
9473 2 59
9474 74 8
9475 17 54
9476 18 77
9477 16 1
9478 23 27
9479 49 66
9480 29 60
9481 38 3
9482 35 24
9483 62 18
9484 64 3
9485 31 61
9486 55 54
9487 58 4
9488 32 46
9489 15 51
9490 73 61
9491 55 47
9492 48 56
9493 40 16
9494 58 75
9495 35 44
9496 23 28
9497 58 74
9498 59 31
9499 18 76
9500 9 52
9501 24 56
9502 39 3
9503 43 1
9504 23 56
9505 73 12
9506 43 0
9507 15 6
9508 0 37
9509 58 5
9510 39 16
9511 14 10
9512 5 11
9513 53 13
9514 29 59
9515 70 38
9516 76 68
9517 48 63
9518 18 77
9519 61 18
9520 2 51
9521 31 46
9522 74 74
9523 69 79
9524 73 15
9525 74 7
9526 45 55
9527 28 69
9528 30 34
9529 8 31
9530 75 68
9531 67 27
9532 1 37
9533 59 58
9534 34 44
9535 5 54
9536 23 33
9537 9 51
9538 70 8
9539 6 11
9540 43 1
9541 74 8
9542 35 56
9543 73 11
9544 59 30
9545 4 16
9546 16 54
9547 52 39
9548 32 46
9549 36 24
9550 60 57
9551 62 18
9552 55 46
9553 50 64
9554 16 6
9555 35 30
9556 3 51
9557 46 70
9558 73 12
9559 23 9
9560 30 33
9561 65 37
9562 37 76
9563 34 30
9564 0 37
9565 39 8
9566 76 68
9567 30 34
9568 49 40
9569 45 1
9570 23 8
9571 24 33
9572 14 9
9573 27 69
9574 35 30
9575 41 14
9576 30 33
9577 64 30
9578 39 7
9579 77 71
9580 32 61
9581 33 68
9582 27 62
9583 57 40
9584 53 12
9585 4 54
9586 55 55
9587 73 48
9588 16 0
9589 9 52
9590 9 31
9591 26 64
9592 58 4
9593 5 11
9594 30 34
9595 73 11
9596 2 51
9597 40 16
9598 34 30
9599 5 16
9600 62 31
9601 29 60
9602 33 64
9603 17 54
9604 14 48
9605 64 37
9606 79 43
9607 15 6
9608 1 59
9609 14 47
9610 29 59
9611 55 47
9612 58 58
9613 34 64
9614 63 26
9615 64 4
9616 73 12
9617 29 64
9618 61 57
9619 52 40
9620 29 60
9621 18 76
9622 3 51
9623 68 10
9624 63 79
9625 21 57
9626 29 59
9627 66 27
9628 33 34
9629 63 27
9630 57 45
9631 9 51
9632 57 41
9633 4 16
9634 27 19
9635 23 9
9636 39 8
9637 29 60
9638 67 17
9639 77 70
9640 2 59
9641 35 24
9642 28 11
9643 49 56
9644 35 44
9645 9 52
9646 1 59
9647 14 10
9648 73 11
9649 74 61
9650 73 16
9651 53 13
9652 64 79
9653 2 51
9654 68 9
9655 28 12
9656 14 9
9657 20 78
9658 33 64
9659 47 70
9660 78 43
9661 57 40
9662 42 14
9663 71 38
9664 11 56
9665 34 44
9666 74 7
9667 55 46
9668 3 51
9669 38 3
9670 23 63
9671 6 11
9672 33 33
9673 53 12
9674 57 41
9675 63 31
9676 34 64
9677 14 10
9678 64 3
9679 20 45
9680 23 27
9681 28 64
9682 16 75
9683 36 76
9684 10 56
9685 43 0
9686 29 64
9687 48 56
9688 30 33
9689 35 55
9690 68 10
9691 64 29
9692 28 69
9693 5 54
9694 48 62
9695 70 38
9696 23 33
9697 18 77
9698 79 43
9699 37 76
9700 60 57
9701 59 58
9702 73 12
9703 65 37
9704 25 64
9705 45 54
9706 50 40
9707 71 38
9708 29 59
9709 78 43
9710 36 76
9711 43 1
9712 64 4
9713 70 38
9714 58 5
9715 61 57
9716 48 71
9717 45 55
9718 23 8
9719 67 27
9720 50 66
9721 24 63
9722 35 44
9723 75 74
9724 20 79
9725 16 1
9726 48 72
9727 18 76
9728 4 54
9729 16 0
9730 12 25
9731 16 6
9732 73 47
9733 63 26
9734 5 16
9735 41 14
9736 39 3
9737 45 54
9738 28 4
9739 73 15
9740 24 33
9741 15 52
9742 23 15
9743 2 51
9744 49 66
9745 20 46
9746 69 8
9747 5 54
9748 31 61
9749 59 31
9750 61 18
9751 70 8
9752 55 47
9753 49 56
9754 58 58
9755 48 56
9756 23 9
9757 57 40
9758 28 19
9759 49 64
9760 59 11
9761 14 9
9762 23 28
9763 23 33
9764 56 45
9765 52 39
9766 33 34
9767 5 11
9768 50 64
9769 50 66
9770 48 63
9771 77 71
9772 42 7
9773 39 16
9774 30 34
9775 45 0
9776 14 10
9777 30 33
9778 49 64
9779 61 4
9780 23 27
9781 52 40
9782 34 44
9783 60 57
9784 30 39
9785 16 1
9786 46 70
9787 58 75
9788 40 16
9789 55 46
9790 29 60
9791 39 7
9792 28 11
9793 8 31
9794 31 46
9795 61 57
9796 55 54
9797 16 76
9798 59 10
9799 18 77
9800 28 3
9801 59 11
9802 49 66
9803 42 14
9804 14 48
9805 48 71
9806 73 48
9807 16 78
9808 60 57
9809 59 10
9810 23 63
9811 24 33
9812 63 79
9813 28 64
9814 79 43
9815 3 51
9816 75 68
9817 55 47
9818 50 66
9819 62 31
9820 59 11
9821 50 64
9822 77 70
9823 2 51
9824 64 30
9825 78 43
9826 35 44
9827 23 33
9828 49 64
9829 32 46
9830 32 61
9831 4 54
9832 14 9
9833 23 14
9834 14 47
9835 34 44
9836 27 19
9837 45 1
9838 2 59
9839 55 55
9840 11 56
9841 31 46
9842 23 28
9843 64 29
9844 57 45
9845 15 51
9846 64 79
9847 28 12
9848 23 8
9849 59 58
9850 28 19
9851 14 10
9852 4 16
9853 16 54
9854 20 45
9855 58 58
9856 5 54
9857 15 6
9858 45 55
9859 57 41
9860 47 70
9861 60 4
9862 44 76
9863 48 62
9864 24 63
9865 48 72
9866 1 59
9867 55 46
9868 63 27
9869 77 76
9870 68 9
9871 64 37
9872 73 16
9873 23 27
9874 62 18
9875 76 68
9876 79 43
9877 23 9
9878 38 3
9879 30 40
9880 55 54
9881 56 45
9882 23 28
9883 16 6
9884 41 14
9885 37 76
9886 61 18
9887 35 56
9888 23 27
9889 48 63
9890 55 55
9891 78 43
9892 15 52
9893 59 58
9894 45 54
9895 48 71
9896 15 6
9897 39 16
9898 64 3
9899 73 15
9900 23 15
9901 49 56
9902 9 51
9903 24 56
9904 55 54
9905 18 76
9906 49 66
9907 17 54
9908 63 79
9909 28 4
9910 15 51
9911 79 43
9912 33 64
9913 58 74
9914 59 30
9915 16 75
9916 6 11
9917 73 47
9918 23 63
9919 16 79
9920 23 28
9921 52 39
9922 23 8
9923 23 56
9924 58 75
9925 36 76
9926 69 8
9927 57 45
9928 16 76
9929 75 68
9930 48 56
9931 21 56
9932 28 11
9933 16 6
9934 76 68
9935 64 30
9936 4 54
9937 73 61
9938 73 11
9939 26 62
9940 30 39
9941 58 58
9942 31 61
9943 63 26
9944 65 37
9945 33 33
9946 75 68
9947 40 16
9948 33 69
9949 70 79
9950 34 64
9951 23 9
9952 66 27
9953 9 52
9954 73 16
9955 70 8
9956 39 8
9957 16 75
9958 10 56
9959 59 31
9960 77 77
9961 45 55
9962 77 71
9963 28 3
9964 1 37
9965 58 4
9966 55 47
9967 39 3
9968 16 54
9969 27 69
9970 43 76
9971 50 64
9972 77 70
9973 2 59
9974 0 37
9975 1 37
9976 12 24
9977 62 18
9978 32 46
9979 29 64
9980 64 37
9981 48 62
9982 30 40
9983 11 56
9984 49 64
9985 18 77
9986 50 64
9987 59 10
9988 10 56
9989 38 3
9990 26 64
9991 27 62
9992 18 76
9993 69 79
9994 24 63
9995 3 51
9996 64 29
9997 16 78
9998 28 64
9999 20 46
10000 59 30
10001 18 77
10002 59 11
10003 39 7
10004 23 14
10005 61 18
10006 59 10
10007 35 44
10008 57 40
10009 62 18
10010 30 39
10011 5 16
10012 9 51
10013 52 40
10014 73 48
10015 24 56
10016 16 76
10017 58 5
10018 29 59
10019 24 33
10020 58 4
10021 23 8
10022 9 31
10023 77 71
10024 31 46
10025 73 12
10026 45 0
10027 16 0
10028 76 68
10029 64 4
10030 23 27
10031 17 54
10032 36 24
10033 32 61
10034 48 72
10035 30 40
10036 1 59
10037 35 55
10038 59 58
10039 58 5
10040 37 76
10041 8 31
10042 32 46
10043 75 68
10044 5 54
10045 53 13
10046 33 68
10047 52 39
10048 55 46
10049 45 54
10050 58 74
10051 68 10
10052 16 75
10053 78 43
10054 9 31
10055 35 56
10056 71 38
10057 69 8
10058 14 48
10059 9 52
10060 43 0
10061 46 70
10062 45 1
10063 70 38
10064 2 59
10065 58 58
10066 59 58
10067 59 11
10068 9 51
10069 49 64
10070 4 54
10071 14 47
10072 79 43
10073 68 9
10074 16 79
10075 28 12
10076 58 58
10077 26 62
10078 21 57
10079 35 30
10080 33 64
10081 15 6
10082 50 66
10083 21 56
10084 23 63
10085 53 12
10086 67 18
10087 55 55
10088 35 55
10089 55 47
10090 25 64
10091 67 27
10092 58 75
10093 44 76
10094 39 16
10095 78 43
10096 29 60
10097 63 27
10098 58 4
10099 28 4
10100 74 74
10101 40 16
10102 23 15
10103 47 70
10104 33 69
10105 23 14
10106 79 43
10107 61 57
10108 63 31
10109 23 33
10110 60 57
10111 16 76
10112 57 41
10113 4 16
10114 28 3
10115 30 39
10116 31 61
10117 18 76
10118 39 16
10119 14 9
10120 23 28
10121 74 8
10122 34 44
10123 26 64
10124 27 62
10125 16 1
10126 23 15
10127 33 34
10128 77 70
10129 5 16
10130 48 63
10131 16 0
10132 4 16
10133 32 61
10134 39 3
10135 43 76
10136 74 7
10137 49 66
10138 0 37
10139 58 5
10140 14 48
10141 16 6
10142 14 10
10143 42 14
10144 5 16
10145 35 24
10146 2 51
10147 1 59
10148 67 17
10149 64 3
10150 58 4
10151 50 64
10152 14 47
10153 57 40
10154 48 62
10155 71 38
10156 49 40
10157 18 77
10158 78 43
10159 61 4
10160 12 25
10161 39 8
10162 15 6
10163 64 79
10164 52 40
10165 57 41
10166 14 9
10167 58 5
10168 11 56
10169 74 8
10170 27 19
10171 5 54
10172 4 54
10173 16 6
10174 26 62
10175 30 34
10176 29 64
10177 76 68
10178 74 61
10179 62 31
10180 57 40
10181 15 6
10182 55 54
10183 57 41
10184 28 69
10185 4 16
10186 73 11
10187 43 7
10188 35 44
10189 25 64
10190 48 71
10191 44 76
10192 15 52
10193 23 14
10194 16 1
10195 68 10
10196 39 7
10197 18 76
10198 23 27
10199 46 70
10200 70 79
10201 16 6
10202 23 28
10203 27 62
10204 23 15
10205 35 56
10206 31 46
10207 20 45
10208 42 7
10209 73 61
10210 58 4
10211 34 30
10212 52 39
10213 31 61
10214 16 54
10215 75 74
10216 36 24
10217 53 13
10218 64 30
10219 73 15
10220 57 40
10221 27 69
10222 45 0
10223 5 11
10224 16 78
10225 29 59
10226 23 14
10227 8 31
10228 70 38
10229 43 7
10230 3 51
10231 15 51
10232 28 4
10233 55 55
10234 59 31
10235 66 27
10236 64 4
10237 49 64
10238 38 3
10239 58 74
10240 73 16
10241 10 56
10242 48 63
10243 52 40
10244 35 55
10245 40 16
10246 30 33
10247 63 31
10248 20 46
10249 52 39
10250 43 76
10251 14 48
10252 21 57
10253 35 56
10254 20 45
10255 50 40
10256 65 37
10257 20 46
10258 45 55
10259 74 74
10260 73 12
10261 28 3
10262 35 24
10263 77 71
10264 59 30
10265 39 8
10266 30 34
10267 14 10
10268 57 41
10269 30 33
10270 44 76
10271 77 76
10272 26 64
10273 9 31
10274 16 75
10275 60 4
10276 79 43
10277 35 30
10278 77 77
10279 36 76
10280 23 15
10281 9 52
10282 32 46
10283 52 40
10284 59 58
10285 18 77
10286 5 54
10287 39 16
10288 23 56
10289 9 51
10290 70 8
10291 49 40
10292 48 62
10293 11 56
10294 45 1
10295 20 78
10296 73 47
10297 37 76
10298 29 60
10299 73 11
10300 12 24
10301 28 4
10302 33 68
10303 28 19
10304 14 9
10305 25 64
10306 34 64
10307 59 31
10308 50 66
10309 49 66
10310 28 3
10311 15 52
10312 40 16
10313 74 61
10314 24 33
10315 59 10
10316 15 6
10317 58 75
10318 50 66
10319 20 45
10320 26 62
10321 36 24
10322 67 18
10323 34 30
10324 39 16
10325 31 46
10326 49 56
10327 16 79
10328 63 79
10329 20 79
10330 58 58
10331 55 46
10332 71 38
10333 57 40
10334 24 63
10335 28 69
10336 35 55
10337 29 59
10338 78 43
10339 67 17
10340 48 63
10341 77 76
10342 73 12
10343 62 31
10344 70 38
10345 59 58
10346 27 19
10347 58 74
10348 28 19
10349 71 38
10350 32 46
10351 59 11
10352 67 18
10353 5 16
10354 74 7
10355 20 78
10356 48 62
10357 16 76
10358 64 29
10359 17 54
10360 27 62
10361 59 30
10362 59 31
10363 29 60
10364 16 78
10365 23 9
10366 2 59
10367 67 17
10368 8 31
10369 58 5
10370 31 46
10371 1 59
10372 52 39
10373 2 59
10374 16 75
10375 48 56
10376 23 33
10377 59 30
10378 23 14
10379 59 31
10380 64 37
10381 21 56
10382 53 12
10383 61 57
10384 18 76
10385 18 77
10386 50 64
10387 73 61
10388 45 54
10389 73 15
10390 28 4
10391 14 10
10392 55 54
10393 23 8
10394 12 25
10395 28 3
10396 28 64
10397 2 51
10398 64 30
10399 27 19
10400 59 10
10401 26 62
10402 43 76
10403 20 46
10404 20 79
10405 74 61
10406 50 40
10407 35 24
10408 23 27
10409 64 79
10410 48 63
10411 34 44
10412 33 64
10413 68 9
10414 16 76
10415 48 62
10416 28 11
10417 30 34
10418 33 33
10419 23 63
10420 16 54
10421 16 79
10422 49 56
10423 4 16
10424 49 40
10425 10 56
10426 63 79
10427 14 9
10428 23 15
10429 32 46
10430 53 13
10431 23 14
10432 64 29
10433 67 27
10434 39 7
10435 34 64
10436 42 7
10437 64 30
10438 63 31
10439 32 61
10440 33 34
10441 44 76
10442 73 48
10443 14 10
10444 36 24
10445 35 44
10446 5 16
10447 43 1
10448 6 11
10449 30 33
10450 65 37
10451 58 4
10452 14 9
10453 26 64
10454 58 58
10455 49 66
10456 28 19
10457 60 57
10458 41 14
10459 55 55
10460 5 11
10461 48 56
10462 30 34
10463 3 51
10464 64 29
10465 50 66
10466 33 64
10467 1 37
10468 47 70
10469 9 52
10470 31 46
10471 35 24
10472 34 44
10473 20 45
10474 52 40
10475 35 44
10476 1 59
10477 70 38
10478 73 61
10479 69 8
10480 11 56
10481 43 0
10482 55 54
10483 55 55
10484 61 4
10485 67 18
10486 48 63
10487 0 37
10488 48 62
10489 30 40
10490 58 5
10491 36 24
10492 27 62
10493 50 40
10494 2 59
10495 55 47
10496 23 28
10497 30 33
10498 30 34
10499 4 16
10500 43 76
10501 45 0
10502 48 63
10503 31 61
10504 36 76
10505 23 15
10506 73 16
10507 24 63
10508 16 78
10509 62 31
10510 32 46
10511 73 15
10512 58 75
10513 24 33
10514 74 8
10515 58 74
10516 63 31
10517 23 27
10518 59 11
10519 14 47
10520 45 55
10521 14 48
10522 67 17
10523 75 68
10524 28 12
10525 20 78
10526 62 31
10527 48 72
10528 9 51
10529 43 7
10530 10 56
10531 11 56
10532 39 3
10533 48 62
10534 23 9
10535 67 18
10536 67 17
10537 10 56
10538 38 3
10539 1 59
10540 76 68
10541 15 51
10542 39 3
10543 64 30
10544 9 31
10545 46 70
10546 20 79
10547 73 47
10548 49 66
10549 28 11
10550 26 62
10551 63 31
10552 23 33
10553 24 33
10554 75 68
10555 45 1
10556 61 18
10557 75 74
10558 23 8
10559 52 39
10560 73 48
10561 11 56
10562 69 79
10563 43 1
10564 58 75
10565 20 78
10566 27 69
10567 35 30
10568 1 37
10569 23 14
10570 77 77
10571 23 63
10572 33 33
10573 73 47
10574 70 79
10575 58 4
10576 59 10
10577 18 76
10578 23 15
10579 27 62
10580 45 0
10581 32 61
10582 59 11
10583 42 7
10584 14 10
10585 42 14
10586 58 74
10587 61 57
10588 43 7
10589 55 54
10590 29 59
10591 74 7
10592 28 4
10593 59 30
10594 79 43
10595 23 33
10596 6 11
10597 16 6
10598 24 63
10599 2 51
10600 53 12
10601 26 62
10602 59 31
10603 15 6
10604 15 52
10605 30 33
10606 77 76
10607 58 75
10608 64 3
10609 21 57
10610 74 61
10611 48 63
10612 16 79
10613 55 46
10614 8 31
10615 29 60
10616 52 40
10617 16 78
10618 29 59
10619 16 6
10620 73 16
10621 49 40
10622 23 9
10623 23 14
10624 63 26
10625 67 18
10626 60 57
10627 64 79
10628 27 19
10629 9 52
10630 49 64
10631 73 61
10632 56 45
10633 62 18
10634 77 77
10635 57 45
10636 61 57
10637 0 37
10638 66 27
10639 77 76
10640 57 41
10641 60 4
10642 5 16
10643 52 39
10644 37 76
10645 62 31
10646 36 76
10647 73 48
10648 29 64
10649 74 61
10650 70 8
10651 58 74
10652 69 8
10653 34 44
10654 20 79
10655 78 43
10656 63 31
10657 23 28
10658 16 75
10659 45 1
10660 63 27
10661 3 51
10662 64 29
10663 48 62
10664 18 77
10665 47 70
10666 30 34
10667 44 76
10668 2 51
10669 43 76
10670 71 38
10671 73 61
10672 34 30
10673 45 0
10674 40 16
10675 9 51
10676 16 79
10677 63 79
10678 12 24
10679 34 64
10680 60 57
10681 2 59
10682 50 40
10683 29 60
10684 25 64
10685 74 61
10686 28 3
10687 50 64
10688 30 39
10689 3 51
10690 74 8
10691 5 11
10692 29 59
10693 67 27
10694 9 52
10695 24 33
10696 6 11
10697 31 61
10698 23 8
10699 38 3
10700 73 47
10701 64 30
10702 45 54
10703 61 4
10704 73 15
10705 60 4
10706 21 56
10707 44 76
10708 30 33
10709 42 7
10710 30 34
10711 41 14
10712 49 40
10713 68 10
10714 43 0
10715 14 9
10716 45 55
10717 67 17
10718 56 45
10719 28 19
10720 14 10
10721 28 69
10722 23 63
10723 66 27
10724 18 76
10725 55 47
10726 23 27
10727 46 70
10728 45 1
10729 43 1
10730 39 8
10731 21 57
10732 30 33
10733 45 54
10734 30 40
10735 64 4
10736 29 60
10737 67 18
10738 55 46
10739 68 9
10740 73 16
10741 39 3
10742 21 56
10743 55 47
10744 52 40
10745 58 5
10746 77 70
10747 35 24
10748 14 47
10749 79 43
10750 17 54
10751 33 69
10752 73 48
10753 49 56
10754 10 56
10755 30 39
10756 1 59
10757 26 64
10758 76 68
10759 78 43
10760 5 11
10761 73 47
10762 35 44
10763 9 31
10764 39 16
10765 28 64
10766 24 63
10767 32 61
10768 75 68
10769 16 78
10770 16 0
10771 25 64
10772 77 77
10773 77 71
10774 23 9
10775 64 79
10776 74 7
10777 68 10
10778 79 43
10779 37 76
10780 31 46
10781 11 56
10782 15 6
10783 49 64
10784 73 48
10785 9 51
10786 4 16
10787 50 64
10788 4 54
10789 57 40
10790 43 7
10791 15 51
10792 52 39
10793 18 77
10794 78 43
10795 9 52
10796 23 33
10797 64 29
10798 27 69
10799 59 30
10800 6 11
10801 58 75
10802 47 70
10803 77 70
10804 24 33
10805 23 33
10806 5 11
10807 36 76
10808 63 26
10809 58 74
10810 61 18
10811 16 6
10812 57 41
10813 16 1
10814 43 0
10815 1 37
10816 28 69
10817 55 55
10818 73 15
10819 48 71
10820 27 69
10821 14 9
10822 59 10
10823 28 69
10824 33 34
10825 59 11
10826 40 16
10827 15 52
10828 20 46
10829 16 54
10830 33 64
10831 15 6
10832 48 63
10833 5 16
10834 46 70
10835 27 19
10836 68 9
10837 0 37
10838 59 31
10839 70 38
10840 55 46
10841 32 46
10842 1 37
10843 27 62
10844 23 63
10845 33 68
10846 39 16
10847 67 27
10848 71 38
10849 47 70
10850 59 58
10851 12 25
10852 20 45
10853 73 61
10854 38 3
10855 5 54
10856 50 40
10857 53 13
10858 14 48
10859 31 61
10860 8 31
10861 53 12
10862 23 15
10863 28 12
10864 57 40
10865 49 40
10866 28 4
10867 57 41
10868 45 55
10869 2 59
10870 45 0
10871 28 19
10872 55 54
10873 63 79
10874 45 1
10875 30 34
10876 0 37
10877 23 14
10878 58 4
10879 20 78
10880 30 33
10881 55 47
10882 35 56
10883 33 69
10884 26 62
10885 48 56
10886 9 31
10887 74 61
10888 39 3
10889 33 33
10890 62 31
10891 73 11
10892 27 62
10893 21 57
10894 46 70
10895 14 47
10896 48 62
10897 26 64
10898 33 68
10899 59 30
10900 6 11
10901 1 37
10902 57 45
10903 70 8
10904 42 7
10905 5 11
10906 24 33
10907 43 1
10908 55 46
10909 28 11
10910 52 40
10911 1 59
10912 6 11
10913 10 56
10914 18 76
10915 26 62
10916 0 37
10917 29 64
10918 73 47
10919 49 56
10920 20 46
10921 23 28
10922 38 3
10923 8 31
10924 58 75
10925 58 5
10926 27 62
10927 79 43
10928 4 54
10929 48 63
10930 1 37
10931 58 74
10932 35 55
10933 37 76
10934 45 54
10935 61 4
10936 48 56
10937 77 71
10938 77 70
10939 62 18
10940 50 40
10941 55 47
10942 30 34
10943 77 71
10944 21 56
10945 49 64
10946 74 8
10947 23 15
10948 34 64
10949 73 48
10950 45 0
10951 58 75
10952 78 43
10953 27 69
10954 76 68
10955 63 31
10956 33 69
10957 61 57
10958 68 10
10959 60 4
10960 23 8
10961 58 4
10962 61 4
10963 75 68
10964 58 74
10965 11 56
10966 50 66
10967 28 3
10968 2 51
10969 52 39
10970 20 79
10971 28 69
10972 58 5
10973 55 46
10974 16 0
10975 28 12
10976 26 62
10977 62 31
10978 10 56
10979 5 54
10980 32 61
10981 53 13
10982 31 61
10983 59 10
10984 58 75
10985 55 55
10986 59 31
10987 48 62
10988 56 45
10989 36 24
10990 21 57
10991 64 3
10992 20 45
10993 23 14
10994 59 11
10995 28 64
10996 53 12
10997 16 1
10998 16 6
10999 35 56
11000 43 7
11001 23 9
11002 30 33
11003 57 45
11004 15 51
11005 15 6
11006 48 63
11007 32 61
11008 52 40
11009 29 64
11010 25 64
11011 60 4
11012 56 45
11013 73 12
11014 50 64
11015 26 64
11016 39 3
11017 58 58
11018 17 54
11019 59 58
11020 43 76
11021 45 55
11022 57 40
11023 3 51
11024 9 31
11025 55 54
11026 23 27
11027 24 63
11028 77 76
11029 47 70
11030 23 15
11031 27 62
11032 63 31
11033 39 7
11034 16 76
11035 14 10
11036 38 3
11037 61 18
11038 76 68
11039 35 55
11040 39 3
11041 64 79
11042 12 24
11043 45 54
11044 73 61
11045 9 51
11046 18 77
11047 55 55
11048 20 78
11049 23 33
11050 30 40
11051 20 79
11052 38 3
11053 30 39
11054 24 56
11055 39 8
11056 33 34
11057 42 14
11058 49 40
11059 23 8
11060 74 74
11061 27 69
11062 0 37
11063 52 39
11064 49 56
11065 55 47
11066 20 78
11067 16 79
11068 28 4
11069 35 24
11070 39 7
11071 63 27
11072 12 25
11073 34 44
11074 58 58
11075 31 46
11076 33 68
11077 64 4
11078 64 37
11079 31 61
11080 64 3
11081 40 16
11082 75 68
11083 44 76
11084 73 11
11085 5 11
11086 65 37
11087 16 6
11088 59 30
11089 45 55
11090 55 46
11091 39 3
11092 49 66
11093 48 62
11094 27 19
11095 35 56
11096 23 63
11097 64 30
11098 73 16
11099 6 11
11100 4 54
11101 73 12
11102 20 46
11103 28 64
11104 35 55
11105 15 52
11106 1 37
11107 5 11
11108 42 7
11109 12 24
11110 20 79
11111 16 78
11112 12 25
11113 23 14
11114 14 48
11115 33 69
11116 64 4
11117 43 7
11118 57 41
11119 52 40
11120 15 51
11121 16 75
11122 76 68
11123 67 17
11124 58 74
11125 64 3
11126 39 8
11127 58 75
11128 79 43
11129 23 28
11130 2 59
11131 4 16
11132 1 59
11133 16 76
11134 14 9
11135 28 3
11136 16 75
11137 14 47
11138 60 57
11139 23 15
11140 59 31
11141 61 57
11142 67 18
11143 16 79
11144 15 6
11145 60 57
11146 24 33
11147 23 33
11148 62 31
11149 52 39
11150 63 79
11151 0 37
11152 2 51
11153 78 43
11154 58 74
11155 46 70
11156 47 70
11157 2 59
11158 58 75
11159 69 8
11160 33 68
11161 39 16
11162 61 4
11163 77 70
11164 33 33
11165 41 14
11166 40 16
11167 42 14
11168 62 18
11169 43 0
11170 73 47
11171 16 0
11172 41 14
11173 58 4
11174 33 64
11175 5 54
11176 24 33
11177 30 34
11178 69 79
11179 6 11
11180 58 74
11181 43 1
11182 43 0
11183 28 19
11184 63 26
11185 3 51
11186 30 40
11187 39 7
11188 77 71
11189 35 30
11190 64 29
11191 39 8
11192 70 79
11193 24 63
11194 70 8
11195 23 33
11196 36 24
11197 42 7
11198 77 70
11199 73 11
11200 50 66
11201 49 66
11202 48 63
11203 64 37
11204 4 54
11205 50 40
11206 28 11
11207 66 27
11208 59 30
11209 42 14
11210 70 38
11211 20 78
11212 73 12
11213 5 16
11214 28 12
11215 11 56
11216 4 16
11217 48 72
11218 58 5
11219 63 27
11220 28 4
11221 14 10
11222 55 47
11223 74 61
11224 10 56
11225 67 17
11226 11 56
11227 43 76
11228 23 27
11229 73 15
11230 69 79
11231 61 57
11232 68 9
11233 29 64
11234 23 28
11235 9 52
11236 12 24
11237 30 33
11238 57 40
11239 59 10
11240 58 4
11241 34 64
11242 27 19
11243 45 54
11244 77 77
11245 23 14
11246 23 9
11247 23 27
11248 43 1
11249 73 48
11250 28 19
11251 33 64
11252 16 54
11253 74 7
11254 46 70
11255 43 7
11256 16 76
11257 45 1
11258 77 76
11259 32 61
11260 36 76
11261 38 3
11262 73 61
11263 17 54
11264 33 34
11265 69 8
11266 42 7
11267 23 15
11268 55 46
11269 64 79
11270 60 57
11271 75 68
11272 24 33
11273 26 62
11274 35 24
11275 8 31
11276 15 52
11277 61 18
11278 43 7
11279 79 43
11280 63 79
11281 16 54
11282 16 1
11283 59 31
11284 49 64
11285 50 66
11286 16 6
11287 48 71
11288 23 56
11289 21 56
11290 45 55
11291 48 72
11292 71 38
11293 77 77
11294 45 54
11295 32 46
11296 20 45
11297 48 62
11298 23 28
11299 20 79
11300 49 40
11301 39 3
11302 61 57
11303 45 0
11304 28 3
11305 43 0
11306 55 47
11307 30 34
11308 33 69
11309 59 58
11310 41 14
11311 21 57
11312 10 56
11313 28 64
11314 31 61
11315 55 54
11316 47 70
11317 14 9
11318 5 54
11319 33 68
11320 15 51
11321 23 8
11322 14 48
11323 55 46
11324 70 38
11325 1 37
11326 27 19
11327 35 56
11328 63 31
11329 48 71
11330 59 30
11331 16 75
11332 34 64
11333 23 9
11334 0 37
11335 30 33
11336 50 40
11337 35 44
11338 60 57
11339 28 69
11340 70 79
11341 9 31
11342 42 7
11343 37 76
11344 14 10
11345 33 33
11346 42 14
11347 58 5
11348 46 70
11349 71 38
11350 73 47
11351 57 41
11352 1 37
11353 39 7
11354 47 70
11355 73 48
11356 29 59
11357 44 76
11358 57 45
11359 58 4
11360 45 55
11361 32 61
11362 34 30
11363 60 4
11364 75 74
11365 55 47
11366 21 56
11367 62 31
11368 33 34
11369 52 40
11370 56 45
11371 23 14
11372 5 11
11373 2 51
11374 61 57
11375 35 55
11376 39 8
11377 61 4
11378 23 8
11379 21 57
11380 24 56
11381 8 31
11382 45 1
11383 64 30
11384 31 46
11385 21 56
11386 43 76
11387 78 43
11388 39 16
11389 39 7
11390 48 63
11391 9 31
11392 73 47
11393 8 31
11394 50 64
11395 64 79
11396 45 0
11397 30 39
11398 39 8
11399 3 51
11400 73 16
11401 63 79
11402 2 51
11403 55 55
11404 36 24
11405 3 51
11406 49 40
11407 20 46
11408 23 27
11409 16 78
11410 23 15
11411 73 11
11412 73 15
11413 27 62
11414 38 3
11415 43 7
11416 23 9
11417 35 24
11418 1 59
11419 58 75
11420 31 61
11421 33 64
11422 4 54
11423 23 28
11424 23 8
11425 21 57
11426 58 58
11427 35 30
11428 77 71
11429 35 56
11430 63 26
11431 26 62
11432 36 76
11433 63 27
11434 74 74
11435 59 58
11436 12 25
11437 53 13
11438 60 57
11439 55 46
11440 70 8
11441 14 47
11442 55 47
11443 48 72
11444 73 12
11445 33 33
11446 23 33
11447 49 66
11448 55 54
11449 50 40
11450 74 8
11451 23 63
11452 33 34
11453 34 30
11454 11 56
11455 27 69
11456 44 76
11457 23 27
11458 28 4
11459 61 57
11460 49 64
11461 63 26
11462 16 79
11463 67 18
11464 20 45
11465 67 17
11466 58 74
11467 32 46
11468 34 64
11469 79 43
11470 59 11
11471 0 37
11472 15 52
11473 24 63
11474 40 16
11475 52 39
11476 60 4
11477 23 63
11478 45 1
11479 9 31
11480 50 64
11481 58 5
11482 31 46
11483 48 71
11484 29 60
11485 55 46
11486 32 46
11487 50 66
11488 49 40
11489 6 11
11490 2 59
11491 8 31
11492 57 40
11493 59 31
11494 29 59
11495 36 24
11496 35 30
11497 59 10
11498 46 70
11499 75 74
11500 35 24
11501 65 37
11502 18 76
11503 23 56
11504 18 77
11505 16 76
11506 24 56
11507 18 76
11508 42 7
11509 43 7
11510 57 41
11511 28 19
11512 48 62
11513 64 4
11514 2 51
11515 33 64
11516 32 61
11517 23 9
11518 77 70
11519 23 28
11520 24 33
11521 23 8
11522 5 11
11523 37 76
11524 58 4
11525 69 8
11526 62 18
11527 59 30
11528 23 56
11529 27 19
11530 27 62
11531 58 58
11532 28 3
11533 26 62
11534 59 11
11535 58 75
11536 59 58
11537 49 66
11538 35 55
11539 55 47
11540 9 31
11541 67 27
11542 64 37
11543 67 18
11544 34 44
11545 29 64
11546 10 56
11547 12 24
11548 23 27
11549 45 0
11550 58 5
11551 61 4
11552 30 34
11553 59 10
11554 58 74
11555 70 38
11556 67 17
11557 45 54
11558 61 18
11559 43 76
11560 34 30
11561 70 8
11562 5 16
11563 49 64
11564 76 68
11565 28 19
11566 16 78
11567 16 0
11568 27 62
11569 28 4
11570 77 76
11571 47 70
11572 62 18
11573 74 74
11574 25 64
11575 1 59
11576 60 4
11577 64 79
11578 16 79
11579 31 61
11580 20 46
11581 8 31
11582 57 45
11583 14 9
11584 59 31
11585 69 79
11586 5 54
11587 24 56
11588 4 16
11589 1 37
11590 71 38
11591 23 14
11592 65 37
11593 20 45
11594 56 45
11595 34 64
11596 20 78
11597 18 77
11598 61 4
11599 70 38
11600 20 46
11601 71 38
11602 77 77
11603 70 79
11604 14 48
11605 26 62
11606 67 18
11607 16 78
11608 36 24
11609 9 31
11610 23 56
11611 28 64
11612 73 16
11613 55 46
11614 16 1
11615 32 61
11616 58 75
11617 23 33
11618 41 14
11619 35 44
11620 77 71
11621 61 18
11622 27 62
11623 70 38
11624 53 12
11625 48 56
11626 64 3
11627 9 51
11628 48 63
11629 14 47
11630 69 79
11631 21 56
11632 77 76
11633 36 76
11634 9 52
11635 15 6
11636 39 3
11637 58 4
11638 9 51
11639 48 72
11640 11 56
11641 58 58
11642 38 3
11643 60 57
11644 74 7
11645 57 40
11646 16 75
11647 57 45
11648 45 55
11649 56 45
11650 29 64
11651 64 37
11652 78 43
11653 64 29
11654 23 9
11655 64 4
11656 73 11
11657 26 62
11658 35 56
11659 50 66
11660 2 59
11661 8 31
11662 9 31
11663 6 11
11664 60 4
11665 24 63
11666 50 64
11667 10 56
11668 46 70
11669 65 37
11670 58 74
11671 23 15
11672 42 7
11673 48 62
11674 63 31
11675 35 30
11676 44 76
11677 71 38
11678 43 76
11679 34 30
11680 20 45
11681 73 15
11682 31 46
11683 68 10
11684 73 16
11685 61 57
11686 17 54
11687 16 79
11688 24 56
11689 33 69
11690 35 30
11691 73 12
11692 77 77
11693 1 59
11694 29 60
11695 39 16
11696 48 63
11697 44 76
11698 33 33
11699 0 37
11700 35 55
11701 49 64
11702 70 38
11703 33 34
11704 43 1
11705 53 13
11706 26 64
11707 4 54
11708 61 4
11709 30 40
11710 28 64
11711 66 27
11712 11 56
11713 48 71
11714 70 79
11715 35 56
11716 50 64
11717 34 44
11718 29 59
11719 43 0
11720 23 56
11721 23 28
11722 15 51
11723 45 1
11724 47 70
11725 42 14
11726 57 45
11727 49 64
11728 77 76
11729 67 17
11730 67 27
11731 77 70
11732 60 57
11733 64 30
11734 24 56
11735 29 60
11736 16 78
11737 40 16
11738 63 27
11739 55 55
11740 53 12
11741 62 18
11742 79 43
11743 24 33
11744 5 54
11745 28 69
11746 15 52
11747 55 47
11748 52 40
11749 43 7
11750 77 77
11751 30 33
11752 52 39
11753 5 16
11754 63 79
11755 27 69
11756 12 25
11757 63 26
11758 77 76
11759 49 56
11760 68 9
11761 39 16
11762 23 27
11763 78 43
11764 64 79
11765 53 13
11766 33 68
11767 18 76
11768 35 55
11769 33 69
11770 77 71
11771 35 24
11772 53 12
11773 1 37
11774 28 3
11775 50 40
11776 16 54
11777 58 75
11778 25 64
11779 59 58
11780 15 51
11781 79 43
11782 8 31
11783 56 45
11784 61 57
11785 66 27
11786 2 59
11787 12 24
11788 10 56
11789 48 56
11790 57 45
11791 33 68
11792 73 48
11793 23 14
11794 32 46
11795 0 37
11796 52 40
11797 33 64
11798 71 38
11799 67 27
11800 45 54
11801 50 64
11802 63 79
11803 41 14
11804 39 7
11805 23 33
11806 59 30
11807 30 34
11808 11 56
11809 49 66
11810 30 39
11811 60 57
11812 73 11
11813 26 64
11814 28 11
11815 53 13
11816 67 18
11817 28 12
11818 23 28
11819 67 17
11820 69 79
11821 20 79
11822 78 43
11823 28 69
11824 4 16
11825 29 64
11826 23 27
11827 29 59
11828 67 18
11829 40 16
11830 27 19
11831 28 4
11832 42 7
11833 58 74
11834 16 76
11835 16 79
11836 12 25
11837 23 28
11838 23 8
11839 35 56
11840 24 33
11841 63 27
11842 60 4
11843 56 45
11844 63 26
11845 31 61
11846 3 51
11847 5 16
11848 35 44
11849 58 5
11850 18 77
11851 45 0
11852 73 12
11853 34 44
11854 32 61
11855 9 52
11856 16 6
11857 21 57
11858 57 45
11859 69 8
11860 52 39
11861 59 31
11862 31 46
11863 59 30
11864 79 43
11865 42 14
11866 20 78
11867 9 31
11868 16 78
11869 23 15
11870 33 33
11871 55 46
11872 28 19
11873 16 0
11874 28 11
11875 58 58
11876 73 47
11877 45 55
11878 28 12
11879 77 77
11880 17 54
11881 41 14
11882 12 24
11883 68 10
11884 35 44
11885 30 33
11886 45 1
11887 77 76
11888 70 38
11889 58 4
11890 78 43
11891 49 56
11892 48 72
11893 20 46
11894 73 48
11895 1 59
11896 64 37
11897 64 3
11898 61 4
11899 64 4
11900 65 37
11901 75 68
11902 52 40
11903 62 31
11904 18 76
11905 30 40
11906 77 70
11907 27 19
11908 15 6
11909 73 47
11910 10 56
11911 28 19
11912 48 62
11913 77 77
11914 55 54
11915 23 27
11916 16 79
11917 39 3
11918 58 5
11919 20 79
11920 2 59
11921 70 8
11922 68 9
11923 49 64
11924 58 75
11925 70 79
11926 23 63
11927 16 54
11928 56 45
11929 49 40
11930 16 1
11931 29 60
11932 50 66
11933 34 64
11934 64 29
11935 16 75
11936 74 8
11937 11 56
11938 48 71
11939 49 66
11940 33 69
11941 42 14
11942 69 79
11943 60 4
11944 27 69
11945 64 30
11946 43 1
11947 59 31
11948 41 14
11949 28 69
11950 23 14
11951 39 16
11952 12 25
11953 37 76
11954 48 72
11955 48 71
11956 15 52
11957 55 47
11958 25 64
11959 64 37
11960 55 55
11961 23 15
11962 53 12
11963 40 16
11964 76 68
11965 30 34
11966 58 74
11967 64 3
11968 4 54
11969 29 59
11970 74 7
11971 77 76
11972 59 11
11973 1 59
11974 74 8
11975 20 45
11976 39 8
11977 63 31
11978 16 76
11979 33 34
11980 45 0
11981 15 51
11982 23 9
11983 2 51
11984 16 78
11985 66 27
11986 43 76
11987 33 33
11988 3 51
11989 44 76
11990 55 46
11991 59 10
11992 75 68
11993 16 79
11994 17 54
11995 62 31
11996 1 37
11997 35 55
11998 30 33
11999 59 30
12000 73 48
12001 21 56
12002 28 11
12003 70 79
12004 26 64
12005 23 33
12006 16 54
12007 57 45
12008 43 7
12009 75 74
12010 67 27
12011 33 64
12012 48 63
12013 65 37
12014 59 11
12015 30 39
12016 18 77
12017 73 15
12018 35 56
12019 14 10
12020 36 24
12021 64 4
12022 33 68
12023 77 71
12024 63 27
12025 34 64
12026 23 28
12027 73 47
12028 45 1
12029 43 0
12030 16 78
12031 50 40
12032 35 24
12033 55 54
12034 14 9
12035 21 57
12036 57 41
12037 16 79
12038 42 7
12039 50 66
12040 33 64
12041 17 54
12042 16 75
12043 14 10
12044 42 14
12045 55 55
12046 4 16
12047 74 7
12048 14 9
12049 68 10
12050 16 54
12051 16 78
12052 21 56
12053 25 64
12054 39 16
12055 48 62
12056 38 3
12057 16 6
12058 48 72
12059 45 0
12060 66 27
12061 45 54
12062 0 37
12063 27 69
12064 21 57
12065 5 54
12066 52 39
12067 26 64
12068 77 70
12069 46 70
12070 15 6
12071 58 4
12072 28 64
12073 2 51
12074 63 31
12075 23 14
12076 45 1
12077 27 19
12078 74 74
12079 71 38
12080 3 51
12081 24 33
12082 14 10
12083 1 37
12084 23 56
12085 58 5
12086 31 61
12087 34 64
12088 35 55
12089 23 8
12090 16 76
12091 28 12
12092 40 16
12093 32 46
12094 43 7
12095 45 55
12096 49 66
12097 39 3
12098 63 26
12099 33 34
12100 15 52
12101 73 16
12102 61 57
12103 61 4
12104 27 62
12105 5 16
12106 2 51
12107 9 51
12108 33 33
12109 56 45
12110 28 3
12111 4 16
12112 10 56
12113 64 37
12114 77 71
12115 9 52
12116 17 54
12117 69 79
12118 29 60
12119 47 70
12120 20 46
12121 41 14
12122 20 78
12123 59 10
12124 34 44
12125 21 56
12126 16 75
12127 8 31
12128 42 7
12129 74 8
12130 58 75
12131 50 66
12132 60 57
12133 29 64
12134 21 57
12135 58 74
12136 59 58
12137 50 64
12138 28 64
12139 74 7
12140 70 79
12141 45 0
12142 77 77
12143 46 70
12144 61 57
12145 47 70
12146 58 58
12147 45 54
12148 21 56
12149 3 51
12150 31 46
12151 33 69
12152 67 27
12153 59 31
12154 15 51
12155 11 56
12156 18 76
12157 67 17
12158 57 45
12159 18 77
12160 75 74
12161 39 16
12162 74 74
12163 59 30
12164 28 19
12165 28 69
12166 59 31
12167 48 56
12168 5 11
12169 38 3
12170 29 64
12171 73 48
12172 43 1
12173 34 30
12174 58 75
12175 36 76
12176 27 19
12177 55 47
12178 43 76
12179 46 70
12180 21 57
12181 69 79
12182 42 14
12183 20 79
12184 4 54
12185 64 79
12186 16 54
12187 48 71
12188 73 15
12189 24 56
12190 55 46
12191 74 8
12192 27 69
12193 23 27
12194 36 24
12195 12 24
12196 61 18
12197 28 64
12198 23 33
12199 55 54
12200 10 56
12201 68 9
12202 60 4
12203 63 79
12204 73 47
12205 45 55
12206 65 37
12207 30 40
12208 49 64
12209 59 58
12210 2 51
12211 2 59
12212 60 57
12213 29 64
12214 35 30
12215 77 76
12216 43 7
12217 16 79
12218 66 27
12219 73 11
12220 35 44
12221 1 59
12222 21 56
12223 20 78
12224 28 69
12225 16 0
12226 32 46
12227 30 34
12228 69 8
12229 26 62
12230 70 38
12231 23 15
12232 37 76
12233 58 58
12234 57 40
12235 23 28
12236 34 44
12237 21 57
12238 73 12
12239 41 14
12240 48 63
12241 2 59
12242 49 56
12243 31 46
12244 16 76
12245 73 11
12246 55 47
12247 16 6
12248 53 13
12249 25 64
12250 56 45
12251 50 64
12252 39 3
12253 6 11
12254 61 57
12255 23 27
12256 9 51
12257 14 48
12258 64 79
12259 48 62
12260 27 62
12261 74 7
12262 24 63
12263 55 55
12264 61 4
12265 23 56
12266 55 54
12267 28 19
12268 42 7
12269 53 12
12270 58 74
12271 33 68
12272 67 18
12273 35 56
12274 76 68
12275 12 25
12276 73 48
12277 35 24
12278 59 30
12279 30 33
12280 23 14
12281 59 58
12282 17 54
12283 26 64
12284 49 64
12285 55 46
12286 44 76
12287 30 34
12288 73 16
12289 49 66
12290 77 77
12291 60 4
12292 23 9
12293 74 61
12294 25 64
12295 73 12
12296 45 1
12297 60 57
12298 5 11
12299 12 24
12300 58 4
12301 70 79
12302 20 79
12303 23 28
12304 62 18
12305 16 54
12306 53 13
12307 34 30
12308 30 39
12309 11 56
12310 50 66
12311 35 44
12312 64 3
12313 5 54
12314 16 78
12315 64 4
12316 3 51
12317 64 3
12318 30 40
12319 57 41
12320 59 31
12321 70 8
12322 9 31
12323 50 64
12324 16 79
12325 8 31
12326 47 70
12327 38 3
12328 69 8
12329 67 17
12330 46 70
12331 53 12
12332 30 33
12333 64 37
12334 2 51
12335 52 40
12336 43 0
12337 26 62
12338 65 37
12339 67 18
12340 21 56
12341 24 33
12342 33 69
12343 73 61
12344 39 7
12345 64 29
12346 23 63
12347 15 6
12348 67 27
12349 17 54
12350 79 43
12351 27 62
12352 58 75
12353 78 43
12354 58 58
12355 23 8
12356 16 78
12357 64 30
12358 23 15
12359 48 72
12360 69 79
12361 73 47
12362 30 34
12363 75 74
12364 3 51
12365 29 59
12366 24 56
12367 6 11
12368 47 70
12369 5 16
12370 48 63
12371 0 37
12372 73 48
12373 39 3
12374 24 63
12375 23 56
12376 4 16
12377 74 74
12378 58 5
12379 61 57
12380 70 8
12381 34 44
12382 74 8
12383 28 11
12384 4 54
12385 16 6
12386 79 43
12387 48 62
12388 49 66
12389 68 10
12390 23 63
12391 55 55
12392 9 31
12393 24 56
12394 59 58
12395 71 38
12396 43 1
12397 38 3
12398 30 33
12399 69 8
12400 28 4
12401 70 8
12402 30 39
12403 74 7
12404 59 30
12405 48 71
12406 55 47
12407 36 76
12408 68 9
12409 48 72
12410 53 13
12411 64 29
12412 69 8
12413 37 76
12414 23 9
12415 64 37
12416 10 56
12417 20 78
12418 70 8
12419 23 14
12420 28 64
12421 70 79
12422 61 4
12423 62 31
12424 39 8
12425 36 76
12426 33 68
12427 69 8
12428 11 56
12429 46 70
12430 14 47
12431 1 37
12432 42 14
12433 75 74
12434 23 27
12435 58 74
12436 53 12
12437 35 30
12438 58 58
12439 16 79
12440 1 59
12441 23 15
12442 60 4
12443 35 44
12444 49 64
12445 49 40
12446 27 69
12447 34 30
12448 15 52
12449 34 44
12450 28 3
12451 14 9
12452 35 55
12453 39 7
12454 23 56
12455 16 54
12456 33 69
12457 43 76
12458 23 8
12459 28 4
12460 43 7
12461 45 0
12462 65 37
12463 37 76
12464 23 14
12465 53 13
12466 23 15
12467 15 51
12468 33 64
12469 75 68
12470 59 58
12471 42 7
12472 41 14
12473 73 47
12474 63 27
12475 55 46
12476 14 10
12477 36 24
12478 16 78
12479 40 16
12480 24 63
12481 23 33
12482 20 45
12483 39 8
12484 33 34
12485 73 48
12486 33 68
12487 5 54
12488 15 52
12489 57 40
12490 23 63
12491 58 75
12492 48 71
12493 39 3
12494 12 25
12495 9 52
12496 27 19
12497 26 64
12498 38 3
12499 64 37
12500 69 79
12501 64 4
12502 43 0
12503 67 17
12504 64 3
12505 74 74
12506 23 9
12507 24 33
12508 35 56
12509 33 33
12510 77 70
12511 42 14
12512 61 18
12513 57 45
12514 4 54
12515 34 64
12516 32 61
12517 10 56
12518 50 64
12519 48 63
12520 15 6
12521 32 46
12522 77 71
12523 29 60
12524 30 40
12525 58 58
12526 21 57
12527 2 59
12528 35 24
12529 28 19
12530 5 11
12531 30 34
12532 24 56
12533 73 11
12534 53 12
12535 18 76
12536 58 4
12537 77 76
12538 55 47
12539 39 16
12540 5 16
12541 47 70
12542 76 68
12543 56 45
12544 28 3
12545 25 64
12546 26 64
12547 29 59
12548 45 54
12549 39 3
12550 30 33
12551 58 74
12552 65 37
12553 23 8
12554 36 24
12555 12 24
12556 49 64
12557 78 43
12558 20 79
12559 70 38
12560 63 31
12561 28 12
12562 30 39
12563 12 25
12564 70 79
12565 35 30
12566 55 46
12567 45 55
12568 9 51
12569 52 39
12570 45 1
12571 36 76
12572 11 56
12573 16 75
12574 33 64
12575 23 14
12576 30 40
12577 18 77
12578 23 33
12579 61 4
12580 25 64
12581 50 66
12582 48 56
12583 24 33
12584 35 44
12585 38 3
12586 10 56
12587 16 76
12588 39 7
12589 16 6
12590 0 37
12591 39 3
12592 77 70
12593 18 76
12594 40 16
12595 58 5
12596 52 40
12597 52 39
12598 33 34
12599 9 52
12600 16 1
12601 1 37
12602 46 70
12603 23 9
12604 50 64
12605 38 3
12606 74 61
12607 14 48
12608 17 54
12609 30 39
12610 20 46
12611 59 58
12612 4 16
12613 74 8
12614 2 51
12615 28 69
12616 66 27
12617 64 4
12618 67 27
12619 58 4
12620 9 51
12621 47 70
12622 21 56
12623 21 57
12624 55 54
12625 31 46
12626 14 47
12627 73 47
12628 31 61
12629 18 77
12630 75 68
12631 73 48
12632 26 64
12633 23 8
12634 39 16
12635 20 78
12636 63 26
12637 18 76
12638 32 61
12639 14 48
12640 73 47
12641 44 76
12642 58 75
12643 64 30
12644 16 0
12645 23 15
12646 57 41
12647 23 56
12648 20 45
12649 1 59
12650 15 6
12651 64 3
12652 46 70
12653 29 64
12654 30 40
12655 16 6
12656 45 54
12657 48 62
12658 23 9
12659 73 12
12660 45 0
12661 9 52
12662 28 4
12663 39 8
12664 58 5
12665 29 60
12666 76 68
12667 6 11
12668 68 10
12669 79 43
12670 12 24
12671 59 11
12672 41 14
12673 28 11
12674 33 33
12675 12 25
12676 16 79
12677 77 77
12678 29 59
12679 58 4
12680 15 51
12681 23 33
12682 33 34
12683 34 64
12684 31 61
12685 39 7
12686 57 45
12687 77 71
12688 8 31
12689 27 19
12690 69 79
12691 73 48
12692 59 31
12693 33 33
12694 20 46
12695 71 38
12696 63 79
12697 59 30
12698 62 31
12699 58 58
12700 30 34
12701 73 11
12702 5 54
12703 16 75
12704 40 16
12705 23 28
12706 28 19
12707 20 45
12708 23 27
12709 33 69
12710 42 14
12711 0 37
12712 27 19
12713 59 31
12714 32 61
12715 41 14
12716 34 30
12717 45 1
12718 55 47
12719 1 37
12720 35 55
12721 59 10
12722 9 31
12723 28 12
12724 64 79
12725 28 64
12726 59 11
12727 63 27
12728 14 9
12729 21 56
12730 43 76
12731 77 76
12732 15 52
12733 37 76
12734 67 18
12735 28 11
12736 78 43
12737 4 54
12738 16 78
12739 39 8
12740 55 55
12741 35 24
12742 5 11
12743 28 19
12744 29 64
12745 59 10
12746 66 27
12747 55 54
12748 45 0
12749 28 12
12750 28 11
12751 5 16
12752 45 1
12753 60 57
12754 49 66
12755 23 28
12756 73 12
12757 70 8
12758 55 55
12759 20 79
12760 9 51
12761 49 64
12762 29 60
12763 36 76
12764 37 76
12765 69 8
12766 35 56
12767 24 33
12768 11 56
12769 50 64
12770 60 4
12771 16 79
12772 64 4
12773 9 52
12774 33 68
12775 15 51
12776 59 30
12777 25 64
12778 67 27
12779 70 8
12780 47 70
12781 39 7
12782 75 74
12783 49 64
12784 70 79
12785 23 8
12786 2 59
12787 77 70
12788 23 27
12789 0 37
12790 8 31
12791 63 26
12792 39 3
12793 39 8
12794 59 58
12795 14 47
12796 15 52
12797 28 3
12798 23 28
12799 26 64
12800 39 16
12801 1 37
12802 74 74
12803 75 74
12804 43 7
12805 23 14
12806 58 58
12807 30 33
12808 74 7
12809 12 24
12810 63 31
12811 50 66
12812 27 19
12813 61 57
12814 16 54
12815 25 64
12816 74 74
12817 15 51
12818 70 38
12819 9 51
12820 58 5
12821 36 24
12822 77 77
12823 73 47
12824 62 18
12825 33 69
12826 33 68
12827 35 24
12828 40 16
12829 64 29
12830 53 13
12831 77 71
12832 73 11
12833 45 0
12834 69 79
12835 27 69
12836 45 1
12837 28 19
12838 33 69
12839 64 30
12840 20 46
12841 23 33
12842 46 70
12843 45 55
12844 52 40
12845 43 1
12846 43 0
12847 16 78
12848 45 0
12849 10 56
12850 28 69
12851 26 64
12852 45 54
12853 21 57
12854 14 48
12855 28 4
12856 20 78
12857 20 79
12858 62 31
12859 64 37
12860 44 76
12861 33 64
12862 68 9
12863 75 74
12864 49 66
12865 52 39
12866 27 69
12867 5 54
12868 73 48
12869 52 40
12870 59 58
12871 25 64
12872 30 39
12873 28 3
12874 35 30
12875 36 76
12876 73 47
12877 57 40
12878 32 46
12879 69 8
12880 24 33
12881 63 27
12882 38 3
12883 64 29
12884 26 62
12885 15 6
12886 59 31
12887 74 8
12888 11 56
12889 58 74
12890 27 19
12891 50 64
12892 52 39
12893 55 54
12894 50 66
12895 77 70
12896 50 40
12897 34 64
12898 58 75
12899 31 46
12900 10 56
12901 73 48
12902 43 76
12903 61 18
12904 73 15
12905 12 25
12906 23 27
12907 4 54
12908 57 41
12909 44 76
12910 33 64
12911 33 68
12912 57 40
12913 24 63
12914 23 63
12915 36 24
12916 39 16
12917 58 4
12918 73 61
12919 35 55
12920 27 62
12921 73 16
12922 65 37
12923 18 77
12924 45 1
12925 42 14
12926 30 40
12927 48 63
12928 57 41
12929 33 34
12930 28 64
12931 17 54
12932 42 7
12933 29 64
12934 23 28
12935 58 5
12936 70 8
12937 6 11
12938 73 15
12939 48 62
12940 64 3
12941 28 69
12942 64 4
12943 59 30
12944 68 10
12945 23 27
12946 1 59
12947 28 64
12948 4 16
12949 34 64
12950 26 64
12951 64 3
12952 25 64
12953 57 40
12954 73 12
12955 49 40
12956 20 45
12957 77 76
12958 61 4
12959 34 30
12960 29 64
12961 69 8
12962 43 76
12963 15 52
12964 35 24
12965 77 77
12966 28 12
12967 29 59
12968 16 54
12969 33 33
12970 23 9
12971 12 24
12972 71 38
12973 16 6
12974 64 37
12975 43 1
12976 57 41
12977 28 19
12978 16 1
12979 49 56
12980 60 57
12981 28 4
12982 39 3
12983 23 15
12984 5 16
12985 48 72
12986 30 34
12987 18 76
12988 79 43
12989 74 61
12990 59 11
12991 60 4
12992 36 24
12993 30 39
12994 61 57
12995 40 16
12996 45 55
12997 68 9
12998 43 7
12999 29 60
13000 28 3
13001 68 10
13002 29 59
13003 50 40
13004 9 31
13005 31 61
13006 20 46
13007 67 17
13008 37 76
13009 2 59
13010 16 76
13011 8 31
13012 44 76
13013 74 7
13014 70 8
13015 62 18
13016 35 30
13017 16 79
13018 28 4
13019 59 10
13020 49 40
13021 58 58
13022 11 56
13023 67 18
13024 33 69
13025 74 8
13026 57 40
13027 9 31
13028 74 74
13029 24 56
13030 66 27
13031 30 40
13032 65 37
13033 18 77
13034 63 31
13035 23 28
13036 63 79
13037 12 25
13038 20 78
13039 50 40
13040 16 75
13041 23 56
13042 68 9
13043 59 58
13044 1 59
13045 39 16
13046 29 60
13047 10 56
13048 63 26
13049 53 12
13050 74 7
13051 70 79
13052 36 76
13053 23 33
13054 62 31
13055 18 76
13056 4 16
13057 77 71
13058 64 4
13059 28 3
13060 24 33
13061 45 0
13062 18 77
13063 73 11
13064 5 11
13065 64 3
13066 28 11
13067 9 52
13068 14 47
13069 33 34
13070 47 70
13071 29 59
13072 29 60
13073 23 8
13074 29 59
13075 27 69
13076 32 46
13077 48 71
13078 58 58
13079 15 51
13080 45 1
13081 64 37
13082 35 56
13083 53 13
13084 21 56
13085 21 57
13086 56 45
13087 40 16
13088 37 76
13089 59 31
13090 32 61
13091 74 8
13092 42 7
13093 24 56
13094 68 10
13095 33 68
13096 12 24
13097 9 51
13098 23 27
13099 73 12
13100 24 63
13101 75 74
13102 68 9
13103 41 14
13104 35 24
13105 33 69
13106 55 46
13107 64 79
13108 74 7
13109 18 76
13110 15 52
13111 9 52
13112 49 40
13113 27 19
13114 60 57
13115 78 43
13116 28 64
13117 73 11
13118 23 63
13119 36 76
13120 73 61
13121 63 31
13122 68 10
13123 34 44
13124 28 19
13125 70 38
13126 74 74
13127 58 4
13128 61 4
13129 48 72
13130 28 4
13131 52 40
13132 50 40
13133 60 4
13134 16 78
13135 43 0
13136 6 11
13137 17 54
13138 52 39
13139 2 59
13140 29 60
13141 43 7
13142 73 12
13143 23 9
13144 1 59
13145 65 37
13146 73 47
13147 27 19
13148 33 33
13149 23 28
13150 48 71
13151 59 30
13152 42 7
13153 52 40
13154 14 48
13155 31 61
13156 36 24
13157 23 27
13158 67 17
13159 34 30
13160 30 33
13161 74 8
13162 43 7
13163 55 47
13164 5 54
13165 61 57
13166 55 55
13167 28 69
13168 20 45
13169 15 6
13170 45 54
13171 28 3
13172 61 4
13173 73 48
13174 63 79
13175 58 5
13176 73 11
13177 48 56
13178 23 8
13179 57 45
13180 77 76
13181 43 1
13182 68 9
13183 37 76
13184 33 34
13185 68 10
13186 43 76
13187 58 4
13188 14 47
13189 21 56
13190 75 68
13191 58 5
13192 26 64
13193 16 76
13194 27 69
13195 57 41
13196 9 51
13197 59 58
13198 3 51
13199 67 18
13200 35 30
13201 9 52
13202 76 68
13203 38 3
13204 67 17
13205 64 4
13206 59 31
13207 53 12
13208 58 4
13209 16 6
13210 35 24
13211 74 7
13212 33 64
13213 42 14
13214 60 4
13215 14 48
13216 45 0
13217 36 76
13218 52 39
13219 49 66
13220 42 7
13221 75 68
13222 67 27
13223 64 3
13224 58 5
13225 11 56
13226 58 58
13227 50 66
13228 73 47
13229 12 25
13230 2 51
13231 14 10
13232 64 4
13233 73 12
13234 48 72
13235 28 69
13236 31 46
13237 25 64
13238 23 9
13239 23 28
13240 33 33
13241 79 43
13242 45 1
13243 68 9
13244 71 38
13245 15 6
13246 15 51
13247 61 18
13248 56 45
13249 57 40
13250 49 56
13251 3 51
13252 69 79
13253 34 30
13254 46 70
13255 32 46
13256 74 8
13257 5 11
13258 41 14
13259 31 46
13260 62 18
13261 58 4
13262 8 31
13263 45 0
13264 2 51
13265 73 48
13266 12 24
13267 42 14
13268 24 63
13269 35 30
13270 73 16
13271 74 61
13272 73 11
13273 49 64
13274 16 6
13275 10 56
13276 23 8
13277 59 30
13278 49 66
13279 6 11
13280 43 7
13281 77 70
13282 59 31
13283 48 63
13284 73 47
13285 20 46
13286 23 27
13287 20 45
13288 57 45
13289 3 51
13290 23 14
13291 26 62
13292 39 16
13293 23 63
13294 35 55
13295 69 8
13296 67 18
13297 23 15
13298 55 46
13299 49 40
13300 0 37
13301 14 9
13302 23 56
13303 9 31
13304 30 39
13305 45 1
13306 32 46
13307 55 54
13308 28 19
13309 4 54
13310 34 30
13311 40 16
13312 73 15
13313 50 66
13314 75 74
13315 73 48
13316 78 43
13317 31 46
13318 20 46
13319 67 17
13320 49 66
13321 16 54
13322 14 47
13323 64 79
13324 55 47
13325 50 66
13326 55 46
13327 73 12
13328 35 30
13329 37 76
13330 30 40
13331 79 43
13332 26 64
13333 15 52
13334 2 51
13335 70 38
13336 33 68
13337 24 63
13338 68 10
13339 8 31
13340 71 38
13341 74 74
13342 1 37
13343 58 74
13344 44 76
13345 43 76
13346 30 39
13347 59 30
13348 35 56
13349 48 56
13350 68 9
13351 57 41
13352 76 68
13353 0 37
13354 28 12
13355 60 57
13356 45 55
13357 16 0
13358 57 40
13359 14 10
13360 64 37
13361 42 7
13362 28 11
13363 20 45
13364 5 11
13365 24 56
13366 63 27
13367 23 56
13368 14 9
13369 73 47
13370 27 19
13371 55 55
13372 68 10
13373 34 30
13374 53 13
13375 50 40
13376 48 62
13377 73 61
13378 30 40
13379 59 11
13380 2 59
13381 34 64
13382 33 34
13383 30 34
13384 28 19
13385 57 41
13386 5 16
13387 49 66
13388 25 64
13389 23 9
13390 16 75
13391 11 56
13392 23 28
13393 68 9
13394 52 40
13395 73 48
13396 64 3
13397 70 79
13398 78 43
13399 20 79
13400 28 12
13401 59 31
13402 16 76
13403 57 40
13404 26 64
13405 15 51
13406 49 56
13407 21 57
13408 9 31
13409 12 25
13410 32 46
13411 77 71
13412 33 64
13413 15 52
13414 31 46
13415 63 79
13416 66 27
13417 24 56
13418 61 57
13419 15 6
13420 49 40
13421 53 12
13422 65 37
13423 53 13
13424 50 66
13425 61 18
13426 67 18
13427 28 11
13428 74 7
13429 3 51
13430 55 47
13431 79 43
13432 33 69
13433 4 16
13434 14 10
13435 73 47
13436 6 11
13437 64 30
13438 8 31
13439 1 59
13440 52 39
13441 73 48
13442 27 62
13443 64 37
13444 15 51
13445 68 10
13446 48 71
13447 23 33
13448 39 3
13449 28 12
13450 33 33
13451 15 52
13452 62 31
13453 39 16
13454 16 1
13455 17 54
13456 67 17
13457 23 56
13458 45 54
13459 35 30
13460 59 30
13461 35 55
13462 65 37
13463 77 70
13464 74 61
13465 59 10
13466 24 56
13467 30 39
13468 55 54
13469 43 0
13470 63 31
13471 25 64
13472 75 68
13473 36 76
13474 29 59
13475 18 77
13476 39 7
13477 75 74
13478 30 33
13479 53 12
13480 34 30
13481 2 51
13482 3 51
13483 47 70
13484 20 46
13485 40 16
13486 16 75
13487 53 13
13488 37 76
13489 39 8
13490 70 8
13491 64 37
13492 1 37
13493 45 55
13494 73 16
13495 57 41
13496 34 64
13497 14 48
13498 30 34
13499 45 54
13500 50 64
13501 69 8
13502 64 79
13503 12 24
13504 74 74
13505 20 45
13506 27 19
13507 33 68
13508 14 47
13509 5 54
13510 73 47
13511 16 54
13512 5 16
13513 45 0
13514 20 78
13515 28 11
13516 48 63
13517 12 25
13518 58 75
13519 58 74
13520 30 33
13521 52 40
13522 30 34
13523 58 75
13524 30 33
13525 52 39
13526 23 56
13527 14 48
13528 67 18
13529 73 48
13530 35 30
13531 43 7
13532 18 76
13533 28 12
13534 33 69
13535 33 64
13536 0 37
13537 55 46
13538 20 79
13539 70 8
13540 30 40
13541 69 79
13542 16 0
13543 36 24
13544 43 1
13545 9 31
13546 14 9
13547 49 66
13548 58 74
13549 23 27
13550 69 8
13551 27 69
13552 73 11
13553 65 37
13554 50 40
13555 58 75
13556 76 68
13557 12 24
13558 23 28
13559 43 0
13560 2 59
13561 33 68
13562 4 54
13563 30 39
13564 48 56
13565 59 31
13566 55 47
13567 74 8
13568 38 3
13569 59 11
13570 39 7
13571 73 12
13572 41 14
13573 30 34
13574 42 14
13575 23 14
13576 77 71
13577 17 54
13578 15 51
13579 34 30
13580 62 18
13581 33 34
13582 64 29
13583 20 78
13584 45 55
13585 4 16
13586 5 11
13587 16 6
13588 42 7
13589 78 43
13590 16 54
13591 58 5
13592 64 37
13593 24 33
13594 68 9
13595 55 46
13596 39 3
13597 73 47
13598 58 4
13599 17 54
13600 56 45
13601 2 51
13602 34 64
13603 59 10
13604 75 74
13605 18 77
13606 24 56
13607 35 30
13608 73 11
13609 68 10
13610 45 54
13611 28 69
13612 23 8
13613 6 11
13614 57 40
13615 48 72
13616 1 59
13617 23 63
13618 15 6
13619 36 76
13620 70 79
13621 32 46
13622 23 27
13623 67 27
13624 9 51
13625 9 52
13626 58 5
13627 73 12
13628 45 1
13629 67 17
13630 29 60
13631 23 56
13632 73 11
13633 43 1
13634 29 64
13635 73 48
13636 5 16
13637 65 37
13638 14 10
13639 35 24
13640 73 12
13641 61 4
13642 31 46
13643 70 8
13644 73 61
13645 74 74
13646 45 55
13647 74 61
13648 73 47
13649 50 66
13650 2 59
13651 75 74
13652 49 64
13653 28 19
13654 5 11
13655 28 11
13656 60 57
13657 66 27
13658 63 79
13659 73 15
13660 20 79
13661 75 68
13662 20 46
13663 64 37
13664 30 40
13665 46 70
13666 33 33
13667 49 56
13668 30 33
13669 24 63
13670 77 77
13671 33 64
13672 48 71
13673 57 45
13674 73 16
13675 30 39
13676 67 18
13677 65 37
13678 16 1
13679 1 37
13680 77 70
13681 1 59
13682 23 9
13683 74 7
13684 39 16
13685 21 56
13686 5 54
13687 39 8
13688 70 38
13689 27 69
13690 4 16
13691 48 56
13692 23 15
13693 10 56
13694 69 79
13695 9 51
13696 68 9
13697 28 69
13698 76 68
13699 28 12
13700 28 64
13701 62 31
13702 55 55
13703 18 76
13704 16 6
13705 26 62
13706 73 11
13707 79 43
13708 63 26
13709 64 30
13710 50 64
13711 23 33
13712 15 6
13713 64 4
13714 36 24
13715 38 3
13716 33 34
13717 57 41
13718 4 54
13719 16 0
13720 59 30
13721 29 59
13722 3 51
13723 59 31
13724 40 16
13725 24 56
13726 39 7
13727 74 8
13728 73 12
13729 64 37
13730 60 4
13731 35 24
13732 55 54
13733 77 76
13734 48 72
13735 55 55
13736 33 69
13737 49 64
13738 34 30
13739 41 14
13740 0 37
13741 73 48
13742 77 77
13743 70 79
13744 21 57
13745 30 40
13746 50 64
13747 23 56
13748 71 38
13749 8 31
13750 35 44
13751 69 79
13752 1 37
13753 39 8
13754 23 8
13755 39 3
13756 5 54
13757 57 40
13758 47 70
13759 58 74
13760 9 52
13761 45 0
13762 63 27
13763 24 56
13764 65 37
13765 14 9
13766 55 47
13767 35 56
13768 44 76
13769 59 11
13770 2 59
13771 43 76
13772 16 1
13773 49 40
13774 23 9
13775 15 52
13776 68 10
13777 14 10
13778 73 61
13779 30 39
13780 52 40
13781 64 37
13782 46 70
13783 6 11
13784 68 9
13785 21 56
13786 44 76
13787 61 18
13788 32 46
13789 63 26
13790 48 62
13791 29 64
13792 12 25
13793 16 79
13794 59 58
13795 27 62
13796 50 40
13797 16 54
13798 4 54
13799 28 4
13800 43 7
13801 26 62
13802 78 43
13803 39 16
13804 47 70
13805 20 45
13806 14 9
13807 49 40
13808 65 37
13809 48 63
13810 5 11
13811 12 24
13812 20 78
13813 38 3
13814 23 63
13815 56 45
13816 73 11
13817 45 54
13818 18 77
13819 5 54
13820 64 37
13821 37 76
13822 45 1
13823 46 70
13824 73 47
13825 49 64
13826 69 8
13827 35 55
13828 61 57
13829 60 57
13830 61 4
13831 27 19
13832 23 8
13833 67 17
13834 34 64
13835 53 12
13836 79 43
13837 45 0
13838 65 37
13839 39 7
13840 77 76
13841 21 57
13842 40 16
13843 73 15
13844 16 76
13845 49 56
13846 16 78
13847 6 11
13848 16 6
13849 9 51
13850 23 56
13851 23 14
13852 45 1
13853 34 44
13854 70 79
13855 28 64
13856 5 11
13857 26 64
13858 48 71
13859 30 34
13860 77 77
13861 58 75
13862 12 25
13863 15 51
13864 11 56
13865 23 9
13866 64 37
13867 74 74
13868 21 56
13869 75 74
13870 35 56
13871 68 10
13872 23 8
13873 20 79
13874 65 37
13875 16 0
13876 57 45
13877 33 64
13878 23 9
13879 57 41
13880 60 4
13881 45 0
13882 58 58
13883 75 68
13884 21 57
13885 9 31
13886 64 29
13887 59 30
13888 34 64
13889 49 66
13890 59 31
13891 70 38
13892 53 13
13893 20 46
13894 57 40
13895 15 52
13896 42 14
13897 31 46
13898 29 60
13899 52 39
13900 71 38
13901 74 61
13902 39 3
13903 29 59
13904 50 40
13905 25 64
13906 27 62
13907 42 7
13908 57 41
13909 18 76
13910 62 18
13911 73 16
13912 43 0
13913 28 19
13914 23 15
13915 43 76
13916 43 1
13917 15 6
13918 56 45
13919 6 11
13920 16 6
13921 44 76
13922 73 48
13923 77 71
13924 24 56
13925 4 54
13926 30 33
13927 48 62
13928 29 64
13929 73 61
13930 35 44
13931 50 64
13932 67 18
13933 77 70
13934 30 40
13935 61 18
13936 33 33
13937 59 30
13938 33 34
13939 2 51
13940 62 18
13941 55 46
13942 16 79
13943 14 47
13944 27 19
13945 23 8
13946 18 77
13947 68 9
13948 5 16
13949 74 74
13950 63 31
13951 77 76
13952 15 6
13953 16 78
13954 43 76
13955 28 64
13956 23 28
13957 48 72
13958 55 47
13959 43 7
13960 38 3
13961 14 10
13962 24 33
13963 15 51
13964 58 4
13965 73 47
13966 24 63
13967 16 79
13968 14 9
13969 64 3
13970 77 77
13971 64 4
13972 29 60
13973 33 64
13974 73 15
13975 41 14
13976 23 33
13977 34 44
13978 16 1
13979 16 6
13980 49 40
13981 26 64
13982 12 24
13983 67 17
13984 24 33
13985 18 76
13986 76 68
13987 1 59
13988 9 52
13989 23 27
13990 32 61
13991 35 55
13992 45 1
13993 75 68
13994 26 62
13995 23 14
13996 30 34
13997 63 27
13998 17 54
13999 59 31
14000 35 30
14001 58 5
14002 5 54
14003 64 3
14004 16 0
14005 74 7
14006 69 79
14007 77 76
14008 14 10
14009 42 7
14010 73 48
14011 28 3
14012 30 33
14013 70 38
14014 63 26
14015 28 19
14016 59 58
14017 33 68
14018 48 56
14019 74 61
14020 23 33
14021 55 46
14022 73 12
14023 34 64
14024 9 51
14025 48 71
14026 28 4
14027 31 61
14028 2 59
14029 23 15
14030 77 77
14031 30 39
14032 73 61
14033 71 38
14034 29 64
14035 45 0
14036 16 78
14037 57 40
14038 23 63
14039 20 78
14040 61 57
14041 12 25
14042 77 76
14043 60 57
14044 73 11
14045 30 34
14046 32 61
14047 35 44
14048 23 9
14049 59 30
14050 24 63
14051 62 31
14052 23 14
14053 57 45
14054 68 10
14055 35 56
14056 58 74
14057 36 76
14058 33 64
14059 24 33
14060 20 45
14061 33 69
14062 73 47
14063 34 44
14064 29 59
14065 27 19
14066 28 19
14067 78 43
14068 35 55
14069 50 66
14070 64 4
14071 58 75
14072 49 56
14073 75 74
14074 28 11
14075 48 56
14076 35 44
14077 14 48
14078 25 64
14079 27 62
14080 58 4
14081 70 79
14082 50 40
14083 14 47
14084 14 9
14085 64 3
14086 32 46
14087 36 24
14088 58 58
14089 59 10
14090 45 1
14091 59 11
14092 33 68
14093 73 12
14094 69 79
14095 23 56
14096 56 45
14097 58 74
14098 15 6
14099 23 33
14100 34 44
14101 39 3
14102 73 16
14103 15 52
14104 30 33
14105 45 0
14106 52 40
14107 16 79
14108 64 37
14109 77 77
14110 39 8
14111 63 31
14112 42 14
14113 79 43
14114 27 69
14115 12 24
14116 37 76
14117 73 48
14118 61 4
14119 16 54
14120 61 18
14121 8 31
14122 64 30
14123 29 60
14124 58 75
14125 27 19
14126 58 5
14127 4 16
14128 74 8
14129 16 78
14130 48 72
14131 28 12
14132 57 41
14133 65 37
14134 23 15
14135 9 52
14136 59 58
14137 60 4
14138 49 56
14139 16 75
14140 74 61
14141 55 47
14142 62 18
14143 26 62
14144 48 71
14145 55 54
14146 74 7
14147 68 9
14148 34 64
14149 61 57
14150 63 27
14151 53 12
14152 0 37
14153 43 0
14154 73 11
14155 41 14
14156 35 56
14157 28 19
14158 43 1
14159 43 7
14160 73 61
14161 34 30
14162 16 79
14163 24 56
14164 64 79
14165 74 74
14166 15 51
14167 28 69
14168 52 39
14169 16 76
14170 39 7
14171 48 72
14172 14 48
14173 48 56
14174 42 7
14175 64 4
14176 14 47
14177 70 8
14178 44 76
14179 1 37
14180 67 27
14181 60 57
14182 62 31
14183 35 44
14184 1 59
14185 33 69
14186 73 12
14187 58 74
14188 61 57
14189 5 16
14190 52 40
14191 43 7
14192 70 38
14193 52 39
14194 63 31
14195 76 68
14196 16 6
14197 48 63
14198 63 79
14199 9 31
14200 31 46
14201 61 4
14202 35 24
14203 23 14
14204 39 16
14205 27 62
14206 49 66
14207 70 79
14208 61 18
14209 35 30
14210 57 45
14211 48 71
14212 0 37
14213 23 63
14214 56 45
14215 45 55
14216 20 79
14217 33 64
14218 40 16
14219 74 8
14220 2 59
14221 43 0
14222 36 76
14223 23 8
14224 66 27
14225 37 76
14226 77 76
14227 57 40
14228 59 10
14229 48 62
14230 43 76
14231 49 40
14232 4 16
14233 33 33
14234 16 75
14235 16 76
14236 30 34
14237 68 10
14238 15 6
14239 74 61
14240 55 46
14241 29 59
14242 49 56
14243 23 56
14244 60 4
14245 45 54
14246 75 74
14247 55 47
14248 34 64
14249 21 56
14250 42 7
14251 60 57
14252 10 56
14253 14 10
14254 30 40
14255 57 45
14256 5 16
14257 8 31
14258 77 71
14259 48 56
14260 35 55
14261 28 64
14262 38 3
14263 77 70
14264 20 46
14265 26 62
14266 69 8
14267 58 58
14268 63 26
14269 4 54
14270 9 51
14271 58 75
14272 20 45
14273 18 77
14274 12 25
14275 1 59
14276 42 14
14277 75 68
14278 36 76
14279 26 64
14280 23 15
14281 20 78
14282 61 57
14283 45 55
14284 16 6
14285 41 14
14286 39 8
14287 39 7
14288 73 11
14289 25 64
14290 39 8
14291 35 56
14292 24 56
14293 59 58
14294 77 77
14295 62 31
14296 37 76
14297 64 79
14298 56 45
14299 15 52
14300 43 1
14301 71 38
14302 33 68
14303 23 9
14304 73 15
14305 12 24
14306 67 18
14307 45 1
14308 4 16
14309 30 33
14310 53 13
14311 45 0
14312 55 55
14313 17 54
14314 63 31
14315 23 8
14316 63 27
14317 32 46
14318 60 57
14319 27 62
14320 73 12
14321 16 1
14322 3 51
14323 2 59
14324 61 4
14325 34 44
14326 74 7
14327 27 69
14328 73 61
14329 73 47
14330 20 46
14331 64 37
14332 24 33
14333 15 6
14334 69 79
14335 34 30
14336 1 59
14337 39 3
14338 49 64
14339 21 57
14340 63 79
14341 28 3
14342 33 69
14343 73 16
14344 55 46
14345 64 3
14346 29 64
14347 74 8
14348 58 74
14349 57 45
14350 55 54
14351 67 27
14352 48 63
14353 59 11
14354 45 54
14355 52 40
14356 5 54
14357 35 44
14358 26 64
14359 12 25
14360 29 60
14361 58 4
14362 74 74
14363 57 41
14364 18 76
14365 24 63
14366 14 48
14367 58 5
14368 18 77
14369 28 64
14370 25 64
14371 14 47
14372 16 6
14373 39 16
14374 4 54
14375 26 64
14376 31 61
14377 2 51
14378 47 70
14379 14 9
14380 23 14
14381 12 24
14382 23 33
14383 77 76
14384 78 43
14385 79 43
14386 35 30
14387 50 66
14388 43 7
14389 68 9
14390 70 38
14391 3 51
14392 15 6
14393 78 43
14394 44 76
14395 5 16
14396 56 45
14397 5 11
14398 9 31
14399 59 31
14400 52 39
14401 23 28
14402 68 10
14403 29 59
14404 33 68
14405 55 55
14406 21 56
14407 16 54
14408 28 69
14409 20 45
14410 20 46
14411 15 51
14412 45 55
14413 33 64
14414 11 56
14415 70 79
14416 73 48
14417 29 64
14418 12 25
14419 50 40
14420 2 59
14421 23 27
14422 69 79
14423 65 37
14424 49 66
14425 68 9
14426 23 28
14427 1 59
14428 1 37
14429 8 31
14430 14 48
14431 46 70
14432 21 57
14433 73 11
14434 64 37
14435 12 24
14436 28 4
14437 28 64
14438 33 34
14439 39 7
14440 58 75
14441 21 56
14442 0 37
14443 14 10
14444 61 57
14445 59 10
14446 55 54
14447 42 14
14448 43 0
14449 31 46
14450 29 60
14451 53 12
14452 68 10
14453 60 57
14454 50 64
14455 63 26
14456 48 72
14457 29 59
14458 73 47
14459 30 34
14460 47 70
14461 38 3
14462 2 59
14463 43 1
14464 58 4
14465 23 63
14466 55 47
14467 10 56
14468 27 19
14469 73 12
14470 20 79
14471 1 37
14472 11 56
14473 67 17
14474 73 15
14475 21 57
14476 25 64
14477 63 27
14478 24 33
14479 36 24
14480 60 4
14481 53 13
14482 55 46
14483 58 74
14484 15 52
14485 59 11
14486 24 63
14487 23 27
14488 42 7
14489 12 25
14490 16 6
14491 23 9
14492 20 45
14493 36 76
14494 10 56
14495 34 64
14496 4 16
14497 14 47
14498 20 46
14499 9 31
14500 14 48
14501 23 15
14502 30 33
14503 67 18
14504 1 59
14505 16 75
14506 6 11
14507 23 8
14508 67 17
14509 17 54
14510 23 14
14511 33 69
14512 26 64
14513 61 57
14514 20 78
14515 62 18
14516 37 76
14517 16 54
14518 48 71
14519 36 76
14520 73 48
14521 15 6
14522 2 59
14523 64 79
14524 5 54
14525 2 51
14526 63 79
14527 41 14
14528 23 63
14529 1 59
14530 63 26
14531 20 79
14532 27 69
14533 58 75
14534 65 37
14535 0 37
14536 77 77
14537 73 47
14538 23 33
14539 45 54
14540 53 12
14541 59 30
14542 33 33
14543 59 31
14544 9 52
14545 50 66
14546 64 79
14547 71 38
14548 63 27
14549 33 64
14550 43 76
14551 60 57
14552 11 56
14553 30 34
14554 9 51
14555 5 16
14556 67 18
14557 48 62
14558 33 34
14559 62 31
14560 45 1
14561 23 56
14562 55 55
14563 61 4
14564 34 44
14565 70 8
14566 28 11
14567 20 45
14568 23 9
14569 24 63
14570 59 30
14571 23 15
14572 67 17
14573 15 51
14574 33 33
14575 23 63
14576 16 78
14577 64 29
14578 61 57
14579 28 12
14580 26 62
14581 61 18
14582 39 8
14583 8 31
14584 73 16
14585 14 47
14586 77 71
14587 29 60
14588 16 6
14589 28 19
14590 49 40
14591 74 7
14592 59 31
14593 9 31
14594 9 52
14595 76 68
14596 45 0
14597 58 74
14598 73 15
14599 55 54
14600 49 66
14601 43 7
14602 49 64
14603 23 8
14604 59 10
14605 28 3
14606 46 70
14607 45 55
14608 35 55
14609 43 0
14610 58 75
14611 59 30
14612 16 0
14613 33 68
14614 21 56
14615 64 37
14616 74 8
14617 67 18
14618 53 13
14619 47 70
14620 44 76
14621 8 31
14622 24 63
14623 18 76
14624 52 40
14625 48 63
14626 20 46
14627 67 17
14628 24 33
14629 15 6
14630 16 76
14631 4 54
14632 5 11
14633 32 61
14634 45 1
14635 50 40
14636 55 55
14637 29 64
14638 57 40
14639 60 57
14640 23 33
14641 58 58
14642 2 59
14643 32 46
14644 35 56
14645 12 24
14646 50 66
14647 73 48
14648 16 75
14649 29 59
14650 3 51
14651 73 16
14652 15 52
14653 67 18
14654 70 38
14655 75 68
14656 16 76
14657 42 7
14658 55 54
14659 65 37
14660 23 14
14661 57 45
14662 23 9
14663 59 58
14664 70 79
14665 40 16
14666 68 9
14667 63 31
14668 24 33
14669 73 47
14670 33 69
14671 74 61
14672 79 43
14673 48 72
14674 10 56
14675 57 41
14676 75 74
14677 12 25
14678 73 11
14679 69 8
14680 18 77
14681 9 31
14682 71 38
14683 9 51
14684 29 60
14685 43 1
14686 76 68
14687 39 16
14688 12 24
14689 64 4
14690 28 64
14691 21 57
14692 35 44
14693 64 3
14694 16 79
14695 15 51
14696 35 55
14697 20 78
14698 14 9
14699 23 8
14700 34 30
14701 24 56
14702 16 1
14703 61 57
14704 23 63
14705 63 79
14706 64 37
14707 25 64
14708 11 56
14709 42 14
14710 16 78
14711 26 64
14712 27 19
14713 55 47
14714 1 59
14715 45 54
14716 64 4
14717 70 38
14718 31 61
14719 59 11
14720 30 33
14721 29 59
14722 64 30
14723 74 7
14724 60 57
14725 39 7
14726 43 76
14727 23 9
14728 49 56
14729 63 26
14730 49 66
14731 16 6
14732 8 31
14733 48 56
14734 77 76
14735 66 27
14736 32 61
14737 40 16
14738 39 16
14739 58 5
14740 33 68
14741 53 12
14742 68 10
14743 4 16
14744 49 56
14745 21 56
14746 63 27
14747 73 48
14748 12 25
14749 57 40
14750 69 79
14751 12 24
14752 65 37
14753 67 27
14754 77 77
14755 31 46
14756 70 79
14757 41 14
14758 9 31
14759 60 4
14760 34 64
14761 15 52
14762 44 76
14763 35 30
14764 63 26
14765 6 11
14766 61 57
14767 49 40
14768 25 64
14769 40 16
14770 77 70
14771 43 76
14772 29 64
14773 23 56
14774 28 4
14775 50 40
14776 62 31
14777 23 33
14778 59 10
14779 53 13
14780 28 11
14781 20 45
14782 5 11
14783 20 46
14784 17 54
14785 63 31
14786 24 63
14787 48 71
14788 59 31
14789 28 12
14790 56 45
14791 59 11
14792 34 44
14793 45 55
14794 58 4
14795 33 64
14796 35 24
14797 26 64
14798 16 79
14799 15 51
14800 73 47
14801 16 0
14802 73 15
14803 28 11
14804 58 74
14805 12 25
14806 23 8
14807 71 38
14808 12 24
14809 53 12
14810 29 60
14811 36 24
14812 50 64
14813 73 16
14814 75 68
14815 15 6
14816 14 10
14817 20 79
14818 16 6
14819 20 45
14820 59 30
14821 48 62
14822 58 58
14823 48 63
14824 27 62
14825 52 39
14826 67 17
14827 2 51
14828 26 62
14829 76 68
14830 45 54
14831 73 12
14832 57 45
14833 34 30
14834 77 76
14835 28 69
14836 74 8
14837 56 45
14838 20 78
14839 23 15
14840 66 27
14841 35 24
14842 16 75
14843 31 61
14844 5 16
14845 27 62
14846 75 68
14847 9 52
14848 16 1
14849 35 30
14850 24 33
14851 42 14
14852 67 27
14853 23 63
14854 4 16
14855 49 40
14856 34 64
14857 48 62
14858 48 56
14859 78 43
14860 77 77
14861 61 4
14862 28 19
14863 20 46
14864 52 40
14865 33 34
14866 43 7
14867 48 63
14868 64 37
14869 16 78
14870 48 62
14871 14 48
14872 42 7
14873 32 61
14874 15 6
14875 63 27
14876 76 68
14877 35 56
14878 64 79
14879 20 45
14880 5 54
14881 25 64
14882 73 48
14883 39 16
14884 29 59
14885 18 76
14886 70 38
14887 9 51
14888 27 19
14889 14 9
14890 55 55
14891 73 11
14892 73 15
14893 63 79
14894 62 18
14895 30 39
14896 6 11
14897 33 64
14898 58 75
14899 39 8
14900 58 5
14901 70 8
14902 69 79
14903 26 64
14904 48 72
14905 16 6
14906 77 76
14907 31 61
14908 23 9
14909 5 16
14910 39 7
14911 25 64
14912 3 51
14913 23 8
14914 20 79
14915 24 56
14916 20 78
14917 77 77
14918 73 16
14919 74 74
14920 59 31
14921 5 11
14922 50 40
14923 28 3
14924 33 33
14925 6 11
14926 61 18
14927 33 69
14928 16 0
14929 28 12
14930 62 31
14931 23 56
14932 30 34
14933 37 76
14934 70 79
14935 75 68
14936 23 28
14937 73 47
14938 59 58
14939 49 40
14940 65 37
14941 30 40
14942 77 71
14943 28 11
14944 58 58
14945 2 51
14946 1 37
14947 35 44
14948 20 79
14949 75 74
14950 33 34
14951 23 33
14952 32 46
14953 14 10
14954 29 60
14955 39 8
14956 28 19
14957 53 13
14958 16 54
14959 36 24
14960 58 4
14961 23 9
14962 20 78
14963 0 37
14964 57 41
14965 26 62
14966 74 7
14967 55 54
14968 26 64
14969 77 70
14970 77 76
14971 24 63
14972 59 58
14973 21 57
14974 58 74
14975 64 79
14976 4 54
14977 45 0
14978 14 47
14979 17 54
14980 39 3
14981 24 33
14982 31 46
14983 40 16
14984 36 76
14985 34 30
14986 63 79
14987 68 9
14988 64 3
14989 60 57
14990 38 3
14991 23 27
14992 44 76
14993 74 74
14994 37 76
14995 79 43
14996 61 57
14997 33 68
14998 14 9
14999 59 30
15000 36 76
15001 53 12
15002 28 12
15003 78 43
15004 53 13
15005 16 54
15006 66 27
15007 16 79
15008 9 52
15009 37 76
15010 68 10
15011 43 7
15012 43 76
15013 39 3
15014 68 9
15015 46 70
15016 28 64
15017 44 76
15018 57 45
15019 9 51
15020 62 18
15021 5 11
15022 67 18
15023 49 64
15024 45 55
15025 4 16
15026 77 71
15027 64 37
15028 50 66
15029 73 12
15030 35 30
15031 67 17
15032 67 18
15033 34 44
15034 58 5
15035 49 66
15036 56 45
15037 55 55
15038 41 14
15039 15 6
15040 73 48
15041 73 61
15042 35 24
15043 35 44
15044 58 75
15045 9 52
15046 64 29
15047 53 12
15048 73 47
15049 32 46
15050 58 4
15051 14 48
15052 48 63
15053 77 70
15054 28 4
15055 45 54
15056 24 56
15057 5 16
15058 67 17
15059 64 30
15060 55 46
15061 16 78
15062 74 8
15063 43 0
15064 74 61
15065 27 62
15066 53 13
15067 75 74
15068 77 71
15069 73 11
15070 59 10
15071 29 64
15072 48 62
15073 27 69
15074 60 4
15075 6 11
15076 63 31
15077 28 3
15078 21 56
15079 23 56
15080 14 47
15081 20 79
15082 61 18
15083 48 63
15084 5 11
15085 30 39
15086 14 48
15087 30 33
15088 14 10
15089 5 54
15090 59 11
15091 76 68
15092 58 5
15093 17 54
15094 43 76
15095 18 77
15096 64 79
15097 65 37
15098 67 18
15099 6 11
15100 45 1
15101 42 14
15102 77 70
15103 16 79
15104 67 27
15105 50 40
15106 31 46
15107 5 11
15108 75 68
15109 73 15
15110 50 64
15111 49 40
15112 23 63
15113 77 71
15114 73 61
15115 3 51
15116 48 71
15117 16 6
15118 48 62
15119 12 25
15120 27 19
15121 16 54
15122 74 61
15123 76 68
15124 29 59
15125 73 16
15126 64 4
15127 30 34
15128 4 16
15129 24 56
15130 38 3
15131 32 61
15132 43 1
15133 60 57
15134 23 33
15135 10 56
15136 74 74
15137 25 64
15138 24 33
15139 58 74
15140 79 43
15141 57 45
15142 18 76
15143 24 63
15144 30 40
15145 33 33
15146 44 76
15147 23 28
15148 73 12
15149 73 61
15150 59 10
15151 1 37
15152 43 76
15153 43 0
15154 12 24
15155 68 10
15156 28 4
15157 42 7
15158 36 24
15159 23 56
15160 4 54
15161 15 52
15162 33 34
15163 18 77
15164 35 24
15165 52 39
15166 50 40
15167 14 9
15168 45 55
15169 73 15
15170 75 68
15171 28 11
15172 15 51
15173 39 16
15174 36 24
15175 14 47
15176 31 61
15177 30 39
15178 50 66
15179 73 11
15180 15 52
15181 35 24
15182 15 51
15183 45 0
15184 48 63
15185 69 8
15186 49 66
15187 26 64
15188 14 10
15189 49 64
15190 48 62
15191 48 63
15192 28 3
15193 59 11
15194 78 43
15195 69 79
15196 12 25
15197 16 78
15198 52 40
15199 23 27
15200 23 63
15201 58 75
15202 52 39
15203 55 47
15204 28 12
15205 23 8
15206 2 51
15207 33 69
15208 66 27
15209 39 7
15210 39 8
15211 6 11
15212 64 29
15213 34 44
15214 77 70
15215 49 40
15216 18 76
15217 32 46
15218 77 77
15219 0 37
15220 75 74
15221 25 64
15222 20 46
15223 43 7
15224 12 24
15225 23 33
15226 77 71
15227 53 12
15228 26 62
15229 73 16
15230 68 9
15231 9 51
15232 35 55
15233 34 64
15234 39 3
15235 35 56
15236 64 3
15237 16 1
15238 61 4
15239 15 52
15240 61 57
15241 64 37
15242 59 10
15243 33 64
15244 42 7
15245 52 40
15246 58 74
15247 8 31
15248 40 16
15249 28 11
15250 28 12
15251 23 14
15252 73 15
15253 24 33
15254 30 40
15255 67 17
15256 20 45
15257 53 13
15258 64 30
15259 53 12
15260 39 16
15261 5 11
15262 17 54
15263 77 70
15264 20 78
15265 38 3
15266 59 31
15267 30 33
15268 14 48
15269 59 11
15270 44 76
15271 50 66
15272 49 56
15273 63 79
15274 15 6
15275 34 30
15276 67 18
15277 52 39
15278 45 1
15279 67 27
15280 14 47
15281 50 64
15282 12 25
15283 2 59
15284 16 0
15285 36 76
15286 29 60
15287 64 4
15288 5 54
15289 50 40
15290 77 76
15291 62 18
15292 58 4
15293 43 7
15294 43 1
15295 74 7
15296 23 33
15297 74 8
15298 55 54
15299 79 43
15300 78 43
15301 74 74
15302 59 30
15303 55 46
15304 27 62
15305 74 7
15306 41 14
15307 23 9
15308 16 54
15309 77 77
15310 56 45
15311 16 6
15312 37 76
15313 6 11
15314 55 47
15315 16 1
15316 15 6
15317 76 68
15318 28 64
15319 20 46
15320 21 57
15321 64 79
15322 74 8
15323 75 74
15324 58 58
15325 47 70
15326 14 9
15327 28 11
15328 73 12
15329 24 56
15330 52 40
15331 79 43
15332 11 56
15333 53 13
15334 28 4
15335 49 66
15336 16 76
15337 23 15
15338 15 51
15339 57 45
15340 58 75
15341 33 68
15342 30 39
15343 42 7
15344 59 31
15345 45 54
15346 31 46
15347 29 59
15348 16 75
15349 20 45
15350 67 17
15351 43 7
15352 12 24
15353 35 30
15354 58 5
15355 1 59
15356 53 12
15357 56 45
15358 62 31
15359 73 48
15360 17 54
15361 20 46
15362 73 47
15363 55 46
15364 28 3
15365 28 4
15366 74 61
15367 48 56
15368 64 3
15369 55 55
15370 40 16
15371 43 0
15372 15 52
15373 63 79
15374 23 56
15375 64 29
15376 42 7
15377 9 31
15378 45 0
15379 32 46
15380 43 1
15381 16 79
15382 39 7
15383 14 48
15384 61 18
15385 77 76
15386 24 63
15387 43 7
15388 1 37
15389 15 51
15390 59 10
15391 77 77
15392 15 52
15393 23 28
15394 24 33
15395 23 27
15396 12 25
15397 60 4
15398 49 40
15399 34 64
15400 30 40
15401 39 3
15402 67 18
15403 23 63
15404 2 59
15405 55 47
15406 68 10
15407 33 33
15408 48 62
15409 30 39
15410 33 69
15411 36 76
15412 39 16
15413 5 11
15414 32 61
15415 26 64
15416 5 16
15417 53 13
15418 64 4
15419 23 14
15420 45 1
15421 28 12
15422 31 46
15423 65 37
15424 64 3
15425 62 18
15426 73 61
15427 23 28
15428 37 76
15429 45 0
15430 52 39
15431 63 26
15432 36 24
15433 31 61
15434 20 79
15435 64 30
15436 14 10
15437 35 44
15438 61 4
15439 24 56
15440 18 77
15441 28 69
15442 59 11
15443 57 40
15444 33 34
15445 73 11
15446 27 69
15447 59 10
15448 18 76
15449 40 16
15450 55 46
15451 1 59
15452 0 37
15453 64 37
15454 23 8
15455 68 9
15456 12 24
15457 42 14
15458 30 40
15459 15 51
15460 23 15
15461 32 61
15462 9 52
15463 59 11
15464 32 46
15465 41 14
15466 74 61
15467 28 11
15468 3 51
15469 57 41
15470 21 56
15471 23 27
15472 26 62
15473 33 64
15474 33 68
15475 33 69
15476 28 12
15477 27 62
15478 73 61
15479 49 56
15480 64 29
15481 30 34
15482 36 76
15483 34 64
15484 31 46
15485 75 68
15486 37 76
15487 25 64
15488 2 59
15489 21 57
15490 73 12
15491 73 48
15492 50 40
15493 23 33
15494 52 40
15495 59 10
15496 8 31
15497 28 69
15498 78 43
15499 57 40
15500 42 14
15501 33 68
15502 16 76
15503 12 25
15504 63 31
15505 16 54
15506 30 33
15507 59 11
15508 49 40
15509 45 1
15510 57 45
15511 21 56
15512 38 3
15513 17 54
15514 28 11
15515 70 8
15516 74 7
15517 59 10
15518 39 8
15519 34 44
15520 58 74
15521 32 46
15522 35 24
15523 60 57
15524 66 27
15525 73 16
15526 79 43
15527 73 15
15528 78 43
15529 76 68
15530 52 39
15531 33 33
15532 16 0
15533 31 46
15534 30 34
15535 73 47
15536 16 78
15537 57 41
15538 31 61
15539 33 34
15540 62 31
15541 2 51
15542 10 56
15543 4 54
15544 58 4
15545 58 5
15546 60 4
15547 16 79
15548 33 64
15549 16 78
15550 28 12
15551 63 27
15552 73 48
15553 23 28
15554 14 9
15555 43 76
15556 26 64
15557 24 63
15558 73 11
15559 42 7
15560 63 26
15561 63 31
15562 11 56
15563 68 10
15564 1 59
15565 25 64
15566 33 33
15567 28 3
15568 16 75
15569 26 62
15570 55 47
15571 50 66
15572 20 45
15573 74 74
15574 21 57
15575 77 71
15576 63 27
15577 16 54
15578 23 56
15579 14 10
15580 61 57
15581 67 27
15582 35 44
15583 23 27
15584 69 8
15585 70 79
15586 63 26
15587 9 31
15588 28 4
15589 50 40
15590 55 46
15591 23 9
15592 49 66
15593 48 72
15594 14 47
15595 3 51
15596 29 64
15597 8 31
15598 2 59
15599 23 63
15600 39 3
15601 50 66
15602 43 0
15603 10 56
15604 77 70
15605 48 56
15606 24 33
15607 35 55
15608 16 79
15609 33 69
15610 1 37
15611 6 11
15612 23 28
15613 2 51
15614 18 77
15615 14 48
15616 49 66
15617 45 55
15618 14 47
15619 23 14
15620 32 61
15621 59 11
15622 26 64
15623 49 40
15624 27 62
15625 1 59
15626 9 31
15627 27 69
15628 34 44
15629 3 51
15630 28 69
15631 34 64
15632 35 56
15633 20 46
15634 61 4
15635 59 10
15636 33 64
15637 23 27
15638 43 1
15639 48 63
15640 31 61
15641 39 16
15642 25 64
15643 24 56
15644 28 19
15645 23 56
15646 28 11
15647 34 64
15648 27 69
15649 46 70
15650 35 44
15651 33 64
15652 49 64
15653 20 78
15654 59 30
15655 12 24
15656 16 78
15657 75 68
15658 27 19
15659 71 38
15660 20 45
15661 63 27
15662 57 40
15663 43 0
15664 79 43
15665 9 51
15666 48 62
15667 17 54
15668 50 64
15669 70 8
15670 52 40
15671 77 76
15672 52 39
15673 28 64
15674 45 0
15675 24 63
15676 45 54
15677 61 18
15678 33 34
15679 20 46
15680 73 16
15681 67 17
15682 59 31
15683 21 56
15684 12 25
15685 20 45
15686 55 47
15687 14 9
15688 47 70
15689 32 61
15690 0 37
15691 67 18
15692 60 57
15693 28 3
15694 74 8
15695 73 47
15696 48 63
15697 46 70
15698 50 40
15699 64 4
15700 28 19
15701 1 37
15702 39 7
15703 67 17
15704 76 68
15705 16 76
15706 43 7
15707 9 52
15708 20 79
15709 55 46
15710 34 44
15711 42 7
15712 57 41
15713 47 70
15714 55 54
15715 48 62
15716 21 57
15717 59 30
15718 24 56
15719 23 63
15720 34 64
15721 14 10
15722 49 64
15723 55 55
15724 33 64
15725 16 79
15726 49 56
15727 68 9
15728 50 64
15729 16 6
15730 2 59
15731 48 56
15732 2 51
15733 64 79
15734 8 31
15735 77 77
15736 1 59
15737 36 76
15738 48 71
15739 36 24
15740 30 39
15741 31 61
15742 9 51
15743 59 11
15744 63 79
15745 35 24
15746 33 33
15747 24 63
15748 30 33
15749 28 4
15750 73 15
15751 64 3
15752 12 24
15753 43 7
15754 29 60
15755 50 66
15756 9 31
15757 21 56
15758 73 48
15759 9 52
15760 15 6
15761 35 55
15762 61 57
15763 74 61
15764 37 76
15765 23 63
15766 63 26
15767 52 40
15768 36 24
15769 64 4
15770 69 79
15771 53 12
15772 16 75
15773 5 11
15774 20 78
15775 62 31
15776 64 30
15777 52 39
15778 73 61
15779 59 31
15780 77 71
15781 35 56
15782 42 7
15783 70 38
15784 69 8
15785 11 56
15786 29 59
15787 59 10
15788 66 27
15789 0 37
15790 78 43
15791 59 58
15792 18 76
15793 57 40
15794 26 62
15795 49 66
15796 20 79
15797 74 61
15798 16 6
15799 33 68
15800 45 55
15801 10 56
15802 64 79
15803 77 76
15804 14 48
15805 39 8
15806 16 76
15807 9 51
15808 39 7
15809 11 56
15810 67 27
15811 1 37
15812 16 1
15813 27 19
15814 58 58
15815 60 4
15816 32 61
15817 36 76
15818 60 57
15819 52 40
15820 45 1
15821 15 52
15822 38 3
15823 28 69
15824 53 13
15825 39 8
15826 65 37
15827 37 76
15828 39 7
15829 0 37
15830 48 72
15831 31 61
15832 41 14
15833 75 74
15834 73 47
15835 52 39
15836 27 69
15837 48 71
15838 64 3
15839 3 51
15840 28 19
15841 1 37
15842 16 75
15843 8 31
15844 46 70
15845 27 19
15846 43 7
15847 5 54
15848 10 56
15849 30 34
15850 29 60
15851 55 47
15852 30 33
15853 24 63
15854 59 30
15855 64 4
15856 9 52
15857 52 40
15858 23 8
15859 29 64
15860 63 31
15861 39 3
15862 18 77
15863 29 59
15864 73 12
15865 56 45
15866 73 11
15867 30 40
15868 66 27
15869 32 61
15870 52 39
15871 16 54
15872 33 69
15873 62 18
15874 52 40
15875 49 64
15876 49 40
15877 45 54
15878 28 3
15879 12 25
15880 61 57
15881 75 68
15882 47 70
15883 55 46
15884 55 47
15885 62 31
15886 74 74
15887 31 61
15888 16 0
15889 59 58
15890 28 64
15891 18 76
15892 6 11
15893 9 31
15894 45 0
15895 44 76
15896 55 46
15897 16 78
15898 45 55
15899 4 54
15900 35 44
15901 23 28
15902 43 76
15903 5 54
15904 61 18
15905 67 18
15906 14 47
15907 34 44
15908 29 60
15909 15 51
15910 29 59
15911 48 63
15912 2 59
15913 32 46
15914 15 52
15915 57 41
15916 38 3
15917 68 10
15918 20 46
15919 23 9
15920 39 8
15921 73 61
15922 73 48
15923 26 64
15924 45 54
15925 68 9
15926 39 3
15927 46 70
15928 74 61
15929 18 77
15930 63 27
15931 36 76
15932 20 45
15933 1 59
15934 38 3
15935 68 10
15936 61 4
15937 63 31
15938 28 69
15939 15 6
15940 64 29
15941 20 46
15942 64 30
15943 4 16
15944 39 3
15945 60 57
15946 16 79
15947 42 14
15948 37 76
15949 45 1
15950 4 54
15951 59 31
15952 5 11
15953 76 68
15954 14 48
15955 23 8
15956 14 47
15957 23 9
15958 34 30
15959 2 59
15960 58 75
15961 29 60
15962 73 61
15963 23 15
15964 35 44
15965 23 8
15966 32 61
15967 23 27
15968 18 76
15969 55 47
15970 16 6
15971 61 57
15972 28 12
15973 57 45
15974 29 64
15975 58 58
15976 9 51
15977 48 72
15978 68 9
15979 39 7
15980 45 0
15981 18 77
15982 35 24
15983 23 14
15984 62 18
15985 70 8
15986 31 61
15987 23 15
15988 75 68
15989 40 16
15990 70 79
15991 11 56
15992 27 62
15993 28 11
15994 50 40
15995 48 62
15996 60 57
15997 53 12
15998 15 51
15999 76 68
16000 28 4
16001 20 45
16002 41 14
16003 79 43
16004 61 18
16005 39 16
16006 1 59
16007 59 11
16008 73 16
16009 59 58
16010 49 40
16011 30 39
16012 23 14
16013 23 15
16014 77 77
16015 56 45
16016 14 48
16017 78 43
16018 2 59
16019 45 55
16020 1 59
16021 79 43
16022 5 54
16023 73 47
16024 25 64
16025 15 52
16026 28 3
16027 58 58
16028 59 58
16029 50 40
16030 74 61
16031 73 48
16032 21 57
16033 52 39
16034 23 9
16035 20 46
16036 75 68
16037 68 10
16038 28 19
16039 14 9
16040 32 61
16041 63 79
16042 48 71
16043 61 57
16044 6 11
16045 23 63
16046 34 64
16047 76 68
16048 9 52
16049 68 9
16050 35 30
16051 57 40
16052 18 76
16053 18 77
16054 49 40
16055 42 14
16056 24 63
16057 15 51
16058 69 79
16059 43 1
16060 50 64
16061 33 34
16062 75 68
16063 67 27
16064 23 56
16065 53 13
16066 28 64
16067 2 51
16068 53 12
16069 36 76
16070 73 12
16071 57 45
16072 37 76
16073 16 78
16074 74 7
16075 73 15
16076 45 54
16077 49 56
16078 18 76
16079 28 4
16080 34 30
16081 33 64
16082 60 4
16083 33 68
16084 62 18
16085 8 31
16086 14 10
16087 16 79
16088 30 40
16089 48 72
16090 55 46
16091 77 70
16092 10 56
16093 59 30
16094 62 31
16095 39 8
16096 67 17
16097 23 8
16098 30 34
16099 63 26
16100 48 71
16101 27 69
16102 78 43
16103 3 51
16104 15 52
16105 61 18
16106 28 69
16107 55 47
16108 14 9
16109 31 61
16110 55 46
16111 27 19
16112 30 39
16113 23 33
16114 12 24
16115 20 78
16116 73 11
16117 28 3
16118 53 13
16119 36 76
16120 55 47
16121 28 4
16122 9 51
16123 35 30
16124 63 27
16125 5 16
16126 14 47
16127 59 31
16128 75 74
16129 9 31
16130 37 76
16131 32 61
16132 77 76
16133 59 30
16134 9 52
16135 16 76
16136 31 61
16137 23 14
16138 12 25
16139 70 79
16140 73 12
16141 69 8
16142 74 8
16143 58 74
16144 9 51
16145 41 14
16146 8 31
16147 38 3
16148 57 41
16149 67 18
16150 56 45
16151 42 14
16152 76 68
16153 23 15
16154 0 37
16155 74 7
16156 14 10
16157 74 8
16158 77 71
16159 21 56
16160 16 75
16161 15 6
16162 31 46
16163 30 33
16164 20 79
16165 74 74
16166 15 51
16167 33 69
16168 16 1
16169 24 33
16170 9 52
16171 11 56
16172 50 66
16173 60 57
16174 73 16
16175 1 37
16176 73 47
16177 47 70
16178 46 70
16179 15 52
16180 32 46
16181 2 59
16182 26 62
16183 47 70
16184 55 54
16185 16 6
16186 34 30
16187 33 33
16188 24 56
16189 9 31
16190 34 64
16191 64 3
16192 43 0
16193 66 27
16194 33 68
16195 14 48
16196 58 4
16197 61 4
16198 14 9
16199 20 78
16200 75 68
16201 49 66
16202 29 59
16203 79 43
16204 29 64
16205 64 37
16206 23 56
16207 53 12
16208 50 66
16209 42 7
16210 69 79
16211 16 78
16212 1 59
16213 57 40
16214 43 7
16215 73 11
16216 28 64
16217 28 19
16218 4 54
16219 53 13
16220 67 17
16221 35 30
16222 73 12
16223 64 4
16224 29 64
16225 42 7
16226 20 45
16227 67 18
16228 50 40
16229 29 60
16230 20 79
16231 78 43
16232 14 10
16233 27 19
16234 0 37
16235 28 64
16236 20 78
16237 10 56
16238 63 31
16239 59 10
16240 30 40
16241 24 56
16242 79 43
16243 70 8
16244 31 46
16245 55 55
16246 40 16
16247 55 54
16248 15 51
16249 21 57
16250 29 59
16251 17 54
16252 20 79
16253 36 24
16254 30 34
16255 58 58
16256 77 70
16257 23 63
16258 33 64
16259 36 76
16260 23 14
16261 33 69
16262 27 62
16263 32 61
16264 73 15
16265 37 76
16266 48 63
16267 9 51
16268 4 16
16269 21 56
16270 60 4
16271 12 24
16272 49 66
16273 18 77
16274 32 46
16275 11 56
16276 14 9
16277 65 37
16278 64 3
16279 1 37
16280 15 52
16281 24 63
16282 33 68
16283 57 41
16284 50 66
16285 57 45
16286 43 1
16287 45 55
16288 74 7
16289 15 51
16290 48 62
16291 29 60
16292 5 11
16293 41 14
16294 73 61
16295 74 8
16296 49 64
16297 28 3
16298 50 64
16299 62 31
16300 21 57
16301 33 69
16302 16 76
16303 29 64
16304 73 16
16305 63 31
16306 42 14
16307 55 46
16308 59 11
16309 28 12
16310 43 0
16311 56 45
16312 23 63
16313 34 64
16314 33 34
16315 28 19
16316 2 51
16317 14 10
16318 57 40
16319 75 74
16320 48 56
16321 77 77
16322 35 24
16323 31 61
16324 69 8
16325 43 7
16326 64 79
16327 43 1
16328 23 9
16329 46 70
16330 49 56
16331 49 64
16332 23 28
16333 73 11
16334 62 31
16335 23 33
16336 57 45
16337 73 48
16338 63 26
16339 33 68
16340 16 79
16341 28 11
16342 58 75
16343 63 27
16344 33 33
16345 59 10
16346 57 41
16347 30 39
16348 67 17
16349 45 1
16350 15 6
16351 77 71
16352 5 16
16353 16 78
16354 58 5
16355 71 38
16356 23 8
16357 3 51
16358 30 40
16359 14 9
16360 45 54
16361 41 14
16362 63 79
16363 50 64
16364 55 55
16365 73 15
16366 59 31
16367 10 56
16368 14 47
16369 45 0
16370 23 27
16371 12 25
16372 23 9
16373 73 16
16374 42 14
16375 23 8
16376 9 52
16377 24 33
16378 23 15
16379 59 58
16380 74 7
16381 55 54
16382 67 27
16383 0 37
16384 52 40
16385 33 64
16386 61 4
16387 2 51
16388 29 59
16389 45 55
16390 27 69
16391 64 79
16392 53 12
16393 14 10
16394 23 33
16395 45 1
16396 26 64
16397 2 59
16398 11 56
16399 33 69
16400 66 27
16401 27 19
16402 48 63
16403 55 47
16404 73 12
16405 49 64
16406 6 11
16407 73 15
16408 16 0
16409 31 46
16410 28 4
16411 48 62
16412 55 46
16413 28 64
16414 67 27
16415 55 47
16416 32 46
16417 64 37
16418 26 62
16419 21 56
16420 55 46
16421 63 79
16422 21 57
16423 28 3
16424 23 9
16425 20 78
16426 52 39
16427 1 59
16428 63 31
16429 61 57
16430 48 56
16431 48 72
16432 45 54
16433 68 10
16434 58 74
16435 34 30
16436 2 59
16437 73 47
16438 56 45
16439 23 28
16440 49 66
16441 30 33
16442 24 63
16443 16 6
16444 23 56
16445 48 63
16446 39 7
16447 16 75
16448 24 56
16449 44 76
16450 23 63
16451 65 37
16452 28 69
16453 74 8
16454 48 62
16455 64 37
16456 58 58
16457 64 79
16458 74 7
16459 49 40
16460 4 16
16461 35 30
16462 9 51
16463 14 48
16464 23 14
16465 59 11
16466 45 0
16467 74 8
16468 70 79
16469 60 57
16470 9 52
16471 29 60
16472 16 79
16473 62 31
16474 24 33
16475 10 56
16476 47 70
16477 28 19
16478 50 40
16479 16 1
16480 49 40
16481 33 68
16482 66 27
16483 35 55
16484 63 26
16485 18 76
16486 43 76
16487 15 6
16488 27 19
16489 1 37
16490 16 78
16491 29 64
16492 16 76
16493 45 55
16494 16 0
16495 23 33
16496 24 63
16497 11 56
16498 50 64
16499 46 70
16500 33 69
16501 21 56
16502 73 11
16503 74 7
16504 45 54
16505 49 64
16506 47 70
16507 34 44
16508 33 34
16509 59 58
16510 48 63
16511 62 18
16512 57 45
16513 15 52
16514 1 59
16515 67 27
16516 8 31
16517 5 11
16518 70 38
16519 12 24
16520 0 37
16521 61 18
16522 33 68
16523 58 75
16524 48 71
16525 69 79
16526 23 15
16527 45 1
16528 70 8
16529 5 54
16530 30 34
16531 9 51
16532 42 7
16533 62 18
16534 61 57
16535 74 8
16536 64 29
16537 20 46
16538 66 27
16539 63 27
16540 6 11
16541 50 64
16542 39 16
16543 32 61
16544 28 12
16545 56 45
16546 35 56
16547 71 38
16548 50 40
16549 14 9
16550 2 59
16551 39 8
16552 59 10
16553 31 46
16554 1 59
16555 23 14
16556 59 30
16557 48 72
16558 43 7
16559 78 43
16560 79 43
16561 35 55
16562 10 56
16563 29 59
16564 16 1
16565 32 46
16566 57 40
16567 65 37
16568 64 37
16569 59 11
16570 49 64
16571 67 18
16572 43 0
16573 74 7
16574 69 8
16575 12 25
16576 49 56
16577 64 4
16578 35 44
16579 70 38
16580 28 19
16581 53 13
16582 77 70
16583 16 54
16584 23 63
16585 2 59
16586 73 48
16587 9 52
16588 77 76
16589 27 62
16590 36 24
16591 77 77
16592 34 30
16593 23 15
16594 63 26
16595 55 55
16596 68 9
16597 34 44
16598 42 7
16599 41 14
16600 33 33
16601 63 79
16602 77 71
16603 43 7
16604 57 41
16605 33 34
16606 64 3
16607 45 0
16608 52 40
16609 29 60
16610 24 33
16611 77 70
16612 53 12
16613 35 24
16614 67 27
16615 50 66
16616 24 63
16617 23 14
16618 23 27
16619 58 4
16620 1 59
16621 23 28
16622 16 6
16623 11 56
16624 3 51
16625 73 47
16626 77 71
16627 55 54
16628 53 13
16629 67 17
16630 44 76
16631 64 79
16632 74 74
16633 15 51
16634 14 47
16635 64 4
16636 31 61
16637 23 15
16638 45 55
16639 17 54
16640 39 3
16641 68 10
16642 70 79
16643 9 31
16644 23 8
16645 30 33
16646 2 59
16647 57 45
16648 48 56
16649 74 8
16650 45 1
16651 27 69
16652 60 4
16653 75 74
16654 21 57
16655 26 62
16656 45 54
16657 28 64
16658 63 27
16659 28 4
16660 64 30
16661 32 61
16662 30 34
16663 2 51
16664 33 33
16665 73 48
16666 71 38
16667 55 55
16668 5 16
16669 46 70
16670 64 29
16671 15 6
16672 29 59
16673 59 10
16674 59 31
16675 16 79
16676 73 12
16677 60 57
16678 59 11
16679 58 58
16680 20 79
16681 35 56
16682 9 51
16683 63 31
16684 27 19
16685 43 76
16686 14 10
16687 70 38
16688 78 43
16689 50 64
16690 16 78
16691 70 8
16692 23 33
16693 77 76
16694 23 14
16695 38 3
16696 59 10
16697 44 76
16698 49 64
16699 74 7
16700 5 11
16701 10 56
16702 23 56
16703 35 30
16704 4 16
16705 16 75
16706 74 74
16707 48 62
16708 6 11
16709 45 0
16710 45 55
16711 77 70
16712 63 79
16713 47 70
16714 11 56
16715 59 11
16716 43 76
16717 46 70
16718 23 9
16719 74 8
16720 34 30
16721 42 14
16722 14 48
16723 18 77
16724 24 56
16725 23 63
16726 16 76
16727 10 56
16728 21 56
16729 71 38
16730 35 30
16731 31 61
16732 42 7
16733 21 57
16734 67 18
16735 12 24
16736 36 76
16737 74 61
16738 33 69
16739 24 63
16740 16 79
16741 23 63
16742 55 47
16743 77 71
16744 16 0
16745 52 39
16746 41 14
16747 30 39
16748 43 7
16749 42 14
16750 9 52
16751 58 5
16752 33 68
16753 59 58
16754 31 46
16755 58 58
16756 23 8
16757 69 8
16758 52 40
16759 62 31
16760 23 9
16761 30 40
16762 68 9
16763 33 69
16764 11 56
16765 5 11
16766 50 64
16767 4 54
16768 42 7
16769 59 58
16770 73 11
16771 73 16
16772 24 33
16773 16 1
16774 30 39
16775 16 0
16776 23 56
16777 8 31
16778 3 51
16779 73 61
16780 70 8
16781 69 79
16782 39 7
16783 64 3
16784 15 52
16785 16 1
16786 29 60
16787 39 3
16788 64 4
16789 18 76
16790 66 27
16791 61 18
16792 18 77
16793 55 54
16794 34 64
16795 49 66
16796 29 64
16797 14 47
16798 48 63
16799 1 37
16800 6 11
16801 35 55
16802 49 64
16803 28 19
16804 33 34
16805 75 74
16806 63 31
16807 23 33
16808 5 11
16809 28 64
16810 35 56
16811 6 11
16812 74 74
16813 29 64
16814 77 70
16815 24 33
16816 16 0
16817 24 56
16818 30 40
16819 10 56
16820 76 68
16821 23 33
16822 63 26
16823 15 51
16824 67 17
16825 58 74
16826 29 59
16827 37 76
16828 16 54
16829 45 54
16830 52 39
16831 59 30
16832 50 66
16833 64 3
16834 21 56
16835 23 8
16836 64 4
16837 28 69
16838 21 57
16839 43 1
16840 44 76
16841 75 74
16842 33 68
16843 67 27
16844 28 64
16845 33 33
16846 30 33
16847 75 68
16848 21 56
16849 76 68
16850 39 8
16851 16 75
16852 59 10
16853 58 58
16854 33 69
16855 20 78
16856 35 44
16857 73 15
16858 64 79
16859 58 75
16860 61 4
16861 11 56
16862 27 62
16863 53 12
16864 24 63
16865 66 27
16866 55 46
16867 56 45
16868 52 40
16869 0 37
16870 1 59
16871 28 3
16872 23 9
16873 20 79
16874 77 77
16875 21 57
16876 68 10
16877 60 4
16878 18 76
16879 69 8
16880 9 51
16881 73 47
16882 15 52
16883 62 31
16884 18 77
16885 28 4
16886 77 71
16887 34 30
16888 65 37
16889 30 39
16890 5 11
16891 32 46
16892 62 18
16893 63 27
16894 5 16
16895 55 55
16896 61 4
16897 74 7
16898 73 16
16899 18 76
16900 25 64
16901 34 44
16902 15 51
16903 39 7
16904 1 37
16905 29 60
16906 64 30
16907 6 11
16908 33 68
16909 64 29
16910 68 9
16911 17 54
16912 5 54
16913 70 79
16914 64 30
16915 27 69
16916 67 27
16917 33 34
16918 23 15
16919 63 79
16920 20 78
16921 67 18
16922 73 15
16923 64 37
16924 47 70
16925 64 29
16926 59 58
16927 16 54
16928 40 16
16929 9 31
16930 45 1
16931 43 76
16932 64 79
16933 2 59
16934 57 45
16935 39 16
16936 14 48
16937 56 45
16938 38 3
16939 55 47
16940 60 4
16941 70 38
16942 28 11
16943 21 56
16944 57 40
16945 63 79
16946 2 51
16947 39 3
16948 28 12
16949 44 76
16950 35 30
16951 36 24
16952 39 8
16953 38 3
16954 77 76
16955 15 52
16956 33 33
16957 23 8
16958 33 34
16959 64 3
16960 31 46
16961 33 64
16962 52 39
16963 45 0
16964 52 40
16965 74 61
16966 69 79
16967 64 4
16968 59 31
16969 57 41
16970 33 69
16971 23 63
16972 70 8
16973 36 76
16974 58 74
16975 33 33
16976 73 12
16977 73 11
16978 35 44
16979 59 30
16980 67 17
16981 61 57
16982 4 54
16983 28 3
16984 26 62
16985 26 64
16986 63 31
16987 9 52
16988 16 1
16989 62 31
16990 29 64
16991 34 44
16992 1 59
16993 39 7
16994 59 11
16995 12 25
16996 16 6
16997 79 43
16998 37 76
16999 65 37
17000 41 14
17001 49 56
17002 64 3
17003 34 64
17004 20 79
17005 14 47
17006 23 14
17007 39 8
17008 36 76
17009 49 40
17010 20 45
17011 2 59
17012 61 18
17013 68 10
17014 5 54
17015 12 24
17016 45 55
17017 70 79
17018 39 7
17019 43 0
17020 0 37
17021 63 26
17022 60 57
17023 16 78
17024 20 78
17025 37 76
17026 15 6
17027 21 57
17028 78 43
17029 42 14
17030 64 37
17031 14 48
17032 40 16
17033 74 74
17034 20 46
17035 35 55
17036 35 24
17037 33 68
17038 77 70
17039 33 64
17040 50 40
17041 16 76
17042 64 79
17043 49 66
17044 16 79
17045 45 54
17046 28 64
17047 50 66
17048 25 64
17049 30 40
17050 55 46
17051 17 54
17052 16 75
17053 16 76
17054 48 71
17055 23 27
17056 39 3
17057 9 51
17058 9 52
17059 61 57
17060 16 54
17061 69 8
17062 70 8
17063 66 27
17064 48 56
17065 1 37
17066 0 37
17067 18 77
17068 71 38
17069 3 51
17070 34 30
17071 8 31
17072 77 77
17073 5 11
17074 36 24
17075 4 16
17076 59 31
17077 35 30
17078 59 30
17079 23 28
17080 34 30
17081 35 24
17082 64 4
17083 57 40
17084 63 27
17085 4 54
17086 23 9
17087 58 58
17088 41 14
17089 17 54
17090 73 48
17091 14 47
17092 30 34
17093 16 54
17094 20 79
17095 73 47
17096 24 33
17097 55 47
17098 23 15
17099 77 71
17100 15 51
17101 58 75
17102 62 18
17103 16 75
17104 23 56
17105 5 54
17106 35 30
17107 16 76
17108 21 56
17109 4 54
17110 24 63
17111 49 40
17112 26 64
17113 32 61
17114 32 46
17115 31 61
17116 46 70
17117 28 69
17118 52 39
17119 27 62
17120 53 13
17121 16 6
17122 67 27
17123 59 10
17124 61 18
17125 50 64
17126 34 64
17127 21 57
17128 2 51
17129 58 4
17130 28 4
17131 55 46
17132 77 76
17133 23 27
17134 59 58
17135 50 40
17136 9 51
17137 29 64
17138 43 76
17139 73 12
17140 63 79
17141 36 76
17142 32 61
17143 16 78
17144 67 18
17145 23 14
17146 33 64
17147 30 33
17148 17 54
17149 34 64
17150 35 44
17151 75 74
17152 16 75
17153 49 64
17154 34 44
17155 37 76
17156 1 37
17157 60 57
17158 16 54
17159 58 74
17160 63 31
17161 33 69
17162 67 17
17163 29 59
17164 31 46
17165 59 11
17166 30 34
17167 74 74
17168 79 43
17169 24 56
17170 34 30
17171 61 4
17172 59 31
17173 74 8
17174 73 61
17175 32 46
17176 66 27
17177 43 1
17178 10 56
17179 58 58
17180 26 62
17181 28 11
17182 28 64
17183 38 3
17184 65 37
17185 25 64
17186 3 51
17187 27 62
17188 48 62
17189 62 18
17190 23 8
17191 28 3
17192 23 63
17193 28 4
17194 27 19
17195 48 63
17196 23 15
17197 55 47
17198 30 33
17199 28 19
17200 59 30
17201 49 56
17202 67 18
17203 61 57
17204 59 31
17205 24 63
17206 0 37
17207 63 26
17208 30 34
17209 59 30
17210 36 76
17211 48 56
17212 50 64
17213 60 4
17214 64 37
17215 15 52
17216 74 7
17217 6 11
17218 29 64
17219 16 0
17220 9 52
17221 70 38
17222 58 5
17223 1 59
17224 9 31
17225 64 30
17226 23 28
17227 20 45
17228 21 56
17229 67 27
17230 75 74
17231 57 45
17232 23 63
17233 29 60
17234 27 69
17235 78 43
17236 16 79
17237 69 79
17238 15 51
17239 33 68
17240 39 3
17241 43 7
17242 65 37
17243 74 61
17244 59 10
17245 11 56
17246 27 19
17247 69 8
17248 16 78
17249 48 62
17250 62 31
17251 56 45
17252 63 27
17253 59 31
17254 39 16
17255 45 55
17256 64 3
17257 9 51
17258 42 7
17259 39 8
17260 5 16
17261 57 45
17262 43 0
17263 39 7
17264 30 33
17265 1 37
17266 42 14
17267 55 54
17268 23 27
17269 23 33
17270 75 68
17271 21 57
17272 4 16
17273 60 57
17274 38 3
17275 2 51
17276 28 12
17277 8 31
17278 74 74
17279 48 72
17280 16 79
17281 15 52
17282 33 69
17283 5 54
17284 16 78
17285 73 16
17286 79 43
17287 71 38
17288 33 68
17289 64 29
17290 58 4
17291 23 56
17292 36 24
17293 58 75
17294 74 8
17295 28 11
17296 49 66
17297 20 78
17298 40 16
17299 29 59
17300 45 54
17301 28 3
17302 23 9
17303 18 76
17304 29 60
17305 39 8
17306 12 25
17307 14 48
17308 74 7
17309 24 33
17310 58 5
17311 45 55
17312 33 64
17313 55 46
17314 14 47
17315 45 1
17316 0 37
17317 28 12
17318 48 71
17319 3 51
17320 23 14
17321 58 4
17322 23 15
17323 49 64
17324 24 63
17325 73 11
17326 74 8
17327 70 38
17328 47 70
17329 23 14
17330 59 11
17331 9 31
17332 28 69
17333 16 1
17334 28 19
17335 64 37
17336 29 59
17337 5 11
17338 48 72
17339 56 45
17340 23 33
17341 29 60
17342 67 17
17343 48 71
17344 73 61
17345 28 4
17346 45 0
17347 73 12
17348 64 79
17349 65 37
17350 48 63
17351 63 79
17352 35 30
17353 55 55
17354 52 40
17355 55 54
17356 16 79
17357 39 3
17358 14 9
17359 23 63
17360 55 47
17361 21 56
17362 74 61
17363 33 69
17364 14 48
17365 66 27
17366 23 15
17367 34 64
17368 67 27
17369 33 34
17370 61 18
17371 73 15
17372 16 78
17373 38 3
17374 45 54
17375 46 70
17376 73 16
17377 63 26
17378 44 76
17379 43 76
17380 16 0
17381 67 18
17382 17 54
17383 45 1
17384 16 76
17385 45 0
17386 39 3
17387 77 70
17388 61 57
17389 28 3
17390 62 18
17391 16 79
17392 59 58
17393 9 52
17394 61 4
17395 63 31
17396 24 56
17397 58 58
17398 27 69
17399 57 45
17400 28 4
17401 14 10
17402 63 27
17403 48 72
17404 71 38
17405 55 55
17406 20 46
17407 52 39
17408 14 9
17409 67 17
17410 45 55
17411 23 8
17412 58 5
17413 55 46
17414 39 16
17415 33 68
17416 31 61
17417 35 44
17418 33 64
17419 70 79
17420 68 9
17421 30 34
17422 62 31
17423 43 7
17424 16 1
17425 73 48
17426 55 54
17427 1 37
17428 70 38
17429 67 18
17430 34 30
17431 10 56
17432 20 79
17433 33 69
17434 11 56
17435 42 7
17436 67 17
17437 38 3
17438 35 30
17439 64 30
17440 23 14
17441 76 68
17442 33 68
17443 16 78
17444 39 3
17445 50 66
17446 61 18
17447 59 10
17448 60 57
17449 14 47
17450 64 4
17451 33 69
17452 52 40
17453 39 7
17454 10 56
17455 23 15
17456 38 3
17457 32 61
17458 56 45
17459 40 16
17460 24 63
17461 77 77
17462 26 64
17463 15 6
17464 45 1
17465 47 70
17466 49 40
17467 25 64
17468 70 8
17469 49 66
17470 9 51
17471 43 7
17472 30 39
17473 24 33
17474 64 3
17475 64 79
17476 67 18
17477 69 79
17478 73 15
17479 4 54
17480 45 0
17481 73 16
17482 26 64
17483 16 6
17484 8 31
17485 78 43
17486 64 29
17487 14 10
17488 16 54
17489 48 71
17490 41 14
17491 58 74
17492 9 52
17493 21 57
17494 59 30
17495 35 24
17496 15 51
17497 28 11
17498 18 77
17499 39 3
17500 71 38
17501 23 9
17502 21 56
17503 77 76
17504 36 24
17505 42 7
17506 48 62
17507 44 76
17508 63 26
17509 70 79
17510 48 72
17511 39 8
17512 23 14
17513 75 74
17514 45 1
17515 67 17
17516 14 48
17517 62 18
17518 45 54
17519 39 16
17520 63 27
17521 33 33
17522 0 37
17523 50 66
17524 14 47
17525 68 10
17526 27 19
17527 6 11
17528 63 31
17529 55 55
17530 43 7
17531 28 69
17532 64 30
17533 29 59
17534 77 71
17535 68 9
17536 34 64
17537 14 48
17538 23 33
17539 68 10
17540 74 7
17541 20 78
17542 33 64
17543 18 76
17544 16 75
17545 70 38
17546 20 45
17547 64 29
17548 17 54
17549 53 12
17550 57 45
17551 48 63
17552 60 4
17553 64 37
17554 35 24
17555 66 27
17556 36 24
17557 79 43
17558 58 75
17559 26 62
17560 28 3
17561 25 64
17562 9 51
17563 42 7
17564 15 6
17565 27 69
17566 55 47
17567 58 4
17568 26 64
17569 50 64
17570 57 41
17571 67 18
17572 34 64
17573 77 70
17574 28 12
17575 23 28
17576 45 55
17577 39 7
17578 25 64
17579 23 8
17580 75 68
17581 26 64
17582 71 38
17583 70 38
17584 25 64
17585 67 27
17586 49 66
17587 18 77
17588 15 52
17589 33 68
17590 48 71
17591 73 61
17592 49 64
17593 35 56
17594 48 72
17595 61 57
17596 27 62
17597 23 56
17598 69 79
17599 5 16
17600 20 46
17601 76 68
17602 14 9
17603 53 13
17604 40 16
17605 18 76
17606 23 63
17607 63 26
17608 74 61
17609 26 62
17610 27 62
17611 16 6
17612 24 33
17613 29 60
17614 35 24
17615 12 24
17616 26 64
17617 55 54
17618 73 15
17619 55 46
17620 69 8
17621 14 10
17622 48 71
17623 63 27
17624 63 26
17625 73 61
17626 23 15
17627 42 14
17628 62 31
17629 5 11
17630 20 79
17631 56 45
17632 33 69
17633 61 18
17634 38 3
17635 63 79
17636 24 63
17637 33 64
17638 14 47
17639 74 74
17640 64 79
17641 9 31
17642 34 64
17643 30 33
17644 23 27
17645 57 45
17646 58 74
17647 23 14
17648 48 62
17649 5 54
17650 49 56
17651 59 31
17652 28 69
17653 63 27
17654 63 79
17655 21 57
17656 48 63
17657 23 33
17658 77 71
17659 11 56
17660 28 4
17661 27 69
17662 73 11
17663 65 37
17664 64 4
17665 43 7
17666 73 16
17667 26 62
17668 28 11
17669 33 34
17670 67 17
17671 43 1
17672 23 28
17673 64 79
17674 75 74
17675 45 0
17676 1 37
17677 68 9
17678 50 40
17679 30 40
17680 24 33
17681 59 11
17682 28 3
17683 35 55
17684 78 43
17685 59 30
17686 37 76
17687 75 68
17688 74 8
17689 57 40
17690 14 48
17691 76 68
17692 73 47
17693 74 74
17694 58 5
17695 71 38
17696 59 58
17697 41 14
17698 75 68
17699 39 16
17700 21 56
17701 57 41
17702 4 16
17703 16 76
17704 76 68
17705 36 24
17706 68 10
17707 23 27
17708 43 76
17709 48 62
17710 33 68
17711 2 59
17712 28 12
17713 73 15
17714 23 63
17715 59 10
17716 73 16
17717 56 45
17718 73 15
17719 28 4
17720 45 54
17721 74 7
17722 46 70
17723 68 9
17724 74 8
17725 64 30
17726 40 16
17727 15 6
17728 52 39
17729 53 12
17730 42 7
17731 48 72
17732 43 7
17733 12 25
17734 62 18
17735 27 62
17736 74 7
17737 43 0
17738 24 56
17739 50 64
17740 60 57
17741 59 31
17742 21 57
17743 31 61
17744 59 30
17745 48 63
17746 0 37
17747 55 47
17748 64 3
17749 64 29
17750 70 38
17751 28 3
17752 61 18
17753 23 28
17754 75 74
17755 45 55
17756 64 4
17757 6 11
17758 42 14
17759 58 58
17760 74 8
17761 34 30
17762 64 3
17763 16 54
17764 55 46
17765 18 77
17766 48 56
17767 58 75
17768 49 56
17769 4 54
17770 23 15
17771 16 75
17772 36 76
17773 10 56
17774 41 14
17775 31 46
17776 57 40
17777 23 14
17778 23 27
17779 17 54
17780 35 30
17781 64 30
17782 30 34
17783 79 43
17784 64 29
17785 16 0
17786 14 47
17787 58 74
17788 71 38
17789 14 48
17790 16 6
17791 33 33
17792 5 54
17793 34 44
17794 68 10
17795 16 76
17796 48 71
17797 52 40
17798 48 56
17799 62 18
17800 16 75
17801 33 64
17802 61 4
17803 74 74
17804 49 64
17805 42 14
17806 35 24
17807 35 56
17808 77 70
17809 4 54
17810 28 19
17811 49 56
17812 64 30
17813 18 76
17814 50 64
17815 16 79
17816 26 62
17817 64 29
17818 20 78
17819 70 8
17820 42 7
17821 25 64
17822 77 77
17823 77 76
17824 60 4
17825 58 75
17826 23 28
17827 64 4
17828 75 74
17829 77 77
17830 27 62
17831 26 62
17832 5 11
17833 77 76
17834 73 12
17835 50 66
17836 18 77
17837 66 27
17838 39 8
17839 15 51
17840 23 56
17841 61 57
17842 63 31
17843 1 59
17844 64 37
17845 18 76
17846 45 1
17847 74 61
17848 2 59
17849 14 47
17850 58 74
17851 65 37
17852 2 51
17853 12 24
17854 61 4
17855 69 8
17856 26 64
17857 49 64
17858 11 56
17859 12 25
17860 39 3
17861 14 48
17862 70 38
17863 24 63
17864 55 55
17865 21 56
17866 58 4
17867 73 61
17868 33 69
17869 21 57
17870 74 74
17871 78 43
17872 43 7
17873 25 64
17874 37 76
17875 42 7
17876 59 11
17877 28 4
17878 57 45
17879 55 54
17880 55 55
17881 30 33
17882 62 31
17883 45 0
17884 15 52
17885 48 62
17886 67 18
17887 26 64
17888 32 61
17889 34 64
17890 28 69
17891 70 79
17892 63 79
17893 35 55
17894 59 58
17895 5 54
17896 58 75
17897 1 59
17898 16 1
17899 33 68
17900 16 54
17901 30 39
17902 50 64
17903 49 66
17904 12 24
17905 74 61
17906 59 10
17907 55 47
17908 17 54
17909 41 14
17910 18 77
17911 55 46
17912 30 34
17913 59 31
17914 58 58
17915 4 54
17916 30 33
17917 45 1
17918 16 76
17919 55 47
17920 59 11
17921 23 27
17922 39 7
17923 71 38
17924 33 34
17925 73 61
17926 64 79
17927 55 54
17928 33 33
17929 1 37
17930 63 79
17931 45 0
17932 39 16
17933 74 7
17934 60 57
17935 43 1
17936 25 64
17937 77 77
17938 42 14
17939 64 79
17940 0 37
17941 70 38
17942 26 64
17943 10 56
17944 21 56
17945 34 30
17946 20 79
17947 70 8
17948 16 75
17949 56 45
17950 74 61
17951 39 8
17952 31 61
17953 35 30
17954 58 74
17955 27 62
17956 73 48
17957 21 57
17958 48 72
17959 45 54
17960 57 41
17961 74 8
17962 16 78
17963 2 59
17964 23 15
17965 59 58
17966 47 70
17967 48 63
17968 24 56
17969 79 43
17970 11 56
17971 48 71
17972 67 17
17973 59 30
17974 6 11
17975 59 31
17976 57 40
17977 36 24
17978 64 30
17979 32 61
17980 18 76
17981 33 64
17982 40 16
17983 59 10
17984 16 79
17985 20 45
17986 57 41
17987 25 64
17988 73 16
17989 34 64
17990 75 74
17991 28 11
17992 31 61
17993 33 69
17994 8 31
17995 35 44
17996 27 69
17997 10 56
17998 3 51
17999 1 59
18000 16 54
18001 16 78
18002 64 3
18003 34 44
18004 49 64
18005 63 26
18006 35 44
18007 1 37
18008 58 58
18009 5 16
18010 64 37
18011 75 68
18012 32 61
18013 61 57
18014 21 56
18015 60 4
18016 48 56
18017 35 24
18018 9 52
18019 78 43
18020 69 79
18021 43 0
18022 30 40
18023 32 46
18024 55 46
18025 55 47
18026 14 47
18027 34 30
18028 21 57
18029 39 16
18030 79 43
18031 4 16
18032 70 79
18033 73 15
18034 15 6
18035 14 9
18036 58 75
18037 59 58
18038 74 74
18039 34 44
18040 69 79
18041 67 27
18042 23 33
18043 14 10
18044 14 48
18045 28 64
18046 49 56
18047 9 51
18048 2 51
18049 33 34
18050 48 56
18051 64 4
18052 52 39
18053 24 33
18054 33 33
18055 5 11
18056 38 3
18057 76 68
18058 17 54
18059 44 76
18060 36 24
18061 14 9
18062 75 68
18063 73 47
18064 16 79
18065 73 61
18066 43 1
18067 39 3
18068 9 31
18069 74 7
18070 3 51
18071 67 18
18072 35 30
18073 43 76
18074 21 56
18075 45 1
18076 78 43
18077 15 51
18078 23 14
18079 66 27
18080 16 78
18081 48 62
18082 69 8
18083 11 56
18084 60 57
18085 31 46
18086 65 37
18087 64 37
18088 2 51
18089 70 8
18090 15 52
18091 23 56
18092 23 63
18093 24 56
18094 23 33
18095 71 38
18096 14 10
18097 61 4
18098 55 46
18099 43 0
18100 74 8
18101 35 44
18102 0 37
18103 61 57
18104 74 61
18105 14 47
18106 58 58
18107 65 37
18108 23 56
18109 3 51
18110 69 8
18111 58 74
18112 35 56
18113 73 48
18114 26 62
18115 46 70
18116 43 7
18117 23 9
18118 43 1
18119 14 48
18120 8 31
18121 24 63
18122 45 0
18123 50 66
18124 23 8
18125 5 16
18126 34 30
18127 61 18
18128 27 62
18129 75 74
18130 23 15
18131 42 7
18132 2 51
18133 33 34
18134 5 54
18135 52 40
18136 29 59
18137 77 76
18138 35 55
18139 29 64
18140 26 62
18141 30 34
18142 28 12
18143 47 70
18144 1 37
18145 43 0
18146 27 19
18147 30 33
18148 67 27
18149 29 60
18150 74 7
18151 4 54
18152 20 78
18153 35 24
18154 57 40
18155 73 61
18156 58 75
18157 49 40
18158 50 64
18159 70 38
18160 70 8
18161 36 24
18162 6 11
18163 4 16
18164 33 64
18165 32 46
18166 20 46
18167 76 68
18168 26 64
18169 46 70
18170 48 72
18171 74 74
18172 68 9
18173 33 68
18174 60 4
18175 75 68
18176 21 57
18177 3 51
18178 28 11
18179 45 1
18180 35 30
18181 38 3
18182 2 51
18183 57 45
18184 5 11
18185 64 29
18186 23 14
18187 24 56
18188 59 30
18189 48 63
18190 25 64
18191 23 9
18192 6 11
18193 66 27
18194 77 77
18195 67 27
18196 43 7
18197 34 64
18198 3 51
18199 9 52
18200 55 47
18201 67 17
18202 29 59
18203 28 19
18204 41 14
18205 73 16
18206 23 8
18207 10 56
18208 12 25
18209 15 51
18210 61 4
18211 16 76
18212 52 39
18213 18 77
18214 71 38
18215 59 31
18216 48 62
18217 39 3
18218 50 40
18219 49 56
18220 69 8
18221 28 64
18222 24 33
18223 30 39
18224 68 10
18225 64 37
18226 9 51
18227 76 68
18228 27 19
18229 62 18
18230 23 9
18231 5 54
18232 52 40
18233 16 6
18234 14 9
18235 9 52
18236 55 46
18237 9 51
18238 23 28
18239 33 33
18240 33 64
18241 59 58
18242 16 54
18243 20 79
18244 57 41
18245 16 79
18246 20 45
18247 63 79
18248 58 74
18249 5 16
18250 73 15
18251 31 46
18252 28 12
18253 16 75
18254 4 16
18255 39 7
18256 42 7
18257 14 10
18258 35 56
18259 28 11
18260 29 64
18261 23 56
18262 16 78
18263 30 34
18264 23 63
18265 67 18
18266 20 78
18267 55 47
18268 11 56
18269 35 24
18270 65 37
18271 66 27
18272 9 31
18273 2 51
18274 73 47
18275 23 8
18276 79 43
18277 45 55
18278 20 79
18279 63 27
18280 61 18
18281 23 27
18282 48 71
18283 28 64
18284 74 8
18285 49 40
18286 52 39
18287 55 55
18288 47 70
18289 59 11
18290 16 0
18291 23 15
18292 30 40
18293 43 7
18294 58 58
18295 17 54
18296 73 16
18297 38 3
18298 36 24
18299 5 16
18300 39 3
18301 34 64
18302 42 7
18303 50 40
18304 70 38
18305 16 79
18306 28 3
18307 58 5
18308 75 68
18309 33 34
18310 59 10
18311 23 14
18312 43 7
18313 76 68
18314 28 12
18315 55 46
18316 3 51
18317 27 62
18318 16 54
18319 77 71
18320 62 18
18321 67 17
18322 21 56
18323 75 68
18324 55 47
18325 59 11
18326 75 74
18327 78 43
18328 33 64
18329 29 64
18330 68 9
18331 74 61
18332 34 30
18333 29 60
18334 49 40
18335 67 27
18336 15 6
18337 28 11
18338 43 1
18339 49 66
18340 58 75
18341 30 39
18342 26 64
18343 48 72
18344 32 46
18345 63 31
18346 35 55
18347 16 6
18348 20 46
18349 31 46
18350 66 27
18351 35 24
18352 9 52
18353 48 63
18354 0 37
18355 45 54
18356 10 56
18357 34 44
18358 15 52
18359 23 9
18360 58 4
18361 26 62
18362 34 64
18363 39 8
18364 67 27
18365 61 18
18366 64 79
18367 45 0
18368 77 76
18369 73 48
18370 43 0
18371 2 51
18372 42 7
18373 5 11
18374 56 45
18375 16 1
18376 46 70
18377 59 30
18378 48 71
18379 16 78
18380 28 19
18381 23 28
18382 27 62
18383 45 1
18384 27 19
18385 73 47
18386 24 63
18387 15 6
18388 43 1
18389 43 7
18390 33 64
18391 25 64
18392 66 27
18393 28 4
18394 16 0
18395 63 79
18396 28 64
18397 36 24
18398 16 6
18399 62 31
18400 30 33
18401 44 76
18402 50 66
18403 20 78
18404 73 61
18405 16 76
18406 59 31
18407 3 51
18408 59 10
18409 70 79
18410 39 7
18411 23 63
18412 12 24
18413 48 72
18414 17 54
18415 48 71
18416 14 9
18417 6 11
18418 49 66
18419 20 79
18420 49 64
18421 15 51
18422 64 37
18423 68 10
18424 62 18
18425 33 33
18426 20 78
18427 60 4
18428 65 37
18429 23 15
18430 18 76
18431 28 12
18432 64 79
18433 69 79
18434 35 24
18435 79 43
18436 36 24
18437 63 26
18438 71 38
18439 26 62
18440 23 27
18441 27 62
18442 73 48
18443 32 46
18444 34 64
18445 48 62
18446 24 63
18447 35 24
18448 29 59
18449 43 0
18450 26 64
18451 42 14
18452 74 7
18453 52 40
18454 50 40
18455 33 64
18456 63 31
18457 76 68
18458 64 37
18459 5 11
18460 64 30
18461 33 34
18462 28 11
18463 14 47
18464 59 30
18465 16 79
18466 73 47
18467 12 25
18468 64 3
18469 55 54
18470 23 14
18471 21 57
18472 73 11
18473 60 57
18474 29 64
18475 28 64
18476 29 64
18477 61 57
18478 75 68
18479 74 8
18480 73 12
18481 59 58
18482 12 24
18483 2 59
18484 58 5
18485 50 66
18486 59 11
18487 53 13
18488 23 8
18489 39 8
18490 4 16
18491 60 57
18492 15 6
18493 40 16
18494 35 56
18495 42 7
18496 39 7
18497 43 7
18498 21 56
18499 14 48
18500 23 9
18501 47 70
18502 67 18
18503 4 54
18504 76 68
18505 20 79
18506 31 61
18507 62 31
18508 77 70
18509 35 55
18510 23 28
18511 26 62
18512 36 24
18513 39 16
18514 58 58
18515 16 54
18516 35 56
18517 31 46
18518 23 15
18519 20 78
18520 70 8
18521 59 31
18522 28 64
18523 70 79
18524 28 69
18525 40 16
18526 28 19
18527 35 55
18528 61 18
18529 23 14
18530 63 31
18531 65 37
18532 16 75
18533 74 74
18534 58 74
18535 50 64
18536 59 10
18537 67 27
18538 5 16
18539 9 51
18540 20 45
18541 77 77
18542 15 52
18543 8 31
18544 68 9
18545 27 69
18546 77 71
18547 48 72
18548 14 47
18549 36 76
18550 12 25
18551 15 51
18552 45 55
18553 35 30
18554 1 37
18555 49 66
18556 48 56
18557 70 38
18558 25 64
18559 21 57
18560 57 40
18561 64 37
18562 23 15
18563 28 12
18564 14 10
18565 59 11
18566 21 56
18567 23 33
18568 45 54
18569 2 51
18570 16 6
18571 55 46
18572 77 76
18573 55 55
18574 28 3
18575 38 3
18576 23 63
18577 43 1
18578 32 46
18579 59 30
18580 59 58
18581 45 55
18582 16 76
18583 65 37
18584 33 33
18585 35 24
18586 34 64
18587 48 71
18588 33 34
18589 39 3
18590 55 54
18591 43 0
18592 20 79
18593 23 14
18594 4 16
18595 62 18
18596 67 17
18597 45 54
18598 17 54
18599 28 11
18600 69 8
18601 32 61
18602 48 63
18603 64 4
18604 73 48
18605 5 16
18606 14 48
18607 74 7
18608 23 8
18609 14 9
18610 66 27
18611 18 77
18612 27 62
18613 77 70
18614 75 74
18615 61 18
18616 33 69
18617 49 64
18618 74 8
18619 77 77
18620 24 56
18621 3 51
18622 77 76
18623 62 18
18624 61 4
18625 49 40
18626 21 57
18627 63 27
18628 31 61
18629 55 47
18630 73 15
18631 23 15
18632 32 61
18633 63 79
18634 9 31
18635 24 63
18636 74 74
18637 16 75
18638 73 16
18639 64 3
18640 49 56
18641 68 10
18642 20 78
18643 28 12
18644 23 27
18645 28 4
18646 60 4
18647 58 75
18648 33 64
18649 11 56
18650 73 11
18651 21 56
18652 31 61
18653 1 59
18654 57 41
18655 35 56
18656 50 66
18657 62 31
18658 5 54
18659 73 47
18660 6 11
18661 8 31
18662 23 14
18663 63 26
18664 71 38
18665 23 9
18666 34 64
18667 0 37
18668 61 57
18669 58 58
18670 59 10
18671 53 12
18672 18 76
18673 75 68
18674 33 64
18675 48 72
18676 36 24
18677 9 31
18678 2 59
18679 2 51
18680 8 31
18681 26 64
18682 67 27
18683 59 58
18684 53 13
18685 29 60
18686 70 8
18687 46 70
18688 34 64
18689 57 40
18690 57 41
18691 48 71
18692 9 52
18693 69 8
18694 47 70
18695 28 3
18696 12 24
18697 21 57
18698 3 51
18699 50 64
18700 35 44
18701 1 37
18702 23 28
18703 21 56
18704 77 71
18705 60 57
18706 61 57
18707 53 12
18708 12 25
18709 35 24
18710 43 76
18711 42 7
18712 77 70
18713 76 68
18714 2 51
18715 4 16
18716 32 61
18717 52 39
18718 23 15
18719 16 76
18720 41 14
18721 1 59
18722 4 54
18723 23 63
18724 57 40
18725 59 31
18726 12 24
18727 29 64
18728 31 61
18729 21 57
18730 55 55
18731 16 75
18732 20 79
18733 64 29
18734 2 59
18735 73 12
18736 43 7
18737 16 78
18738 15 52
18739 10 56
18740 77 71
18741 16 54
18742 42 7
18743 60 57
18744 17 54
18745 53 13
18746 43 7
18747 23 8
18748 58 4
18749 63 27
18750 23 14
18751 30 34
18752 20 78
18753 75 74
18754 16 79
18755 77 70
18756 30 40
18757 48 62
18758 38 3
18759 28 69
18760 44 76
18761 32 61
18762 31 61
18763 67 18
18764 59 30
18765 23 27
18766 42 7
18767 33 64
18768 23 9
18769 74 74
18770 39 3
18771 27 19
18772 20 46
18773 64 4
18774 78 43
18775 20 45
18776 57 41
18777 39 16
18778 23 28
18779 14 47
18780 57 45
18781 23 8
18782 1 59
18783 49 64
18784 58 58
18785 59 58
18786 21 56
18787 77 71
18788 36 24
18789 18 77
18790 77 70
18791 58 5
18792 32 61
18793 14 10
18794 28 19
18795 16 1
18796 34 64
18797 50 40
18798 68 9
18799 73 15
18800 35 24
18801 55 46
18802 64 37
18803 73 48
18804 55 54
18805 38 3
18806 5 16
18807 74 7
18808 16 0
18809 14 9
18810 21 57
18811 16 76
18812 29 59
18813 15 6
18814 64 30
18815 45 0
18816 58 4
18817 45 55
18818 57 40
18819 59 31
18820 50 64
18821 70 38
18822 27 19
18823 11 56
18824 49 40
18825 23 56
18826 34 44
18827 0 37
18828 9 51
18829 24 56
18830 48 56
18831 74 61
18832 75 74
18833 52 40
18834 16 78
18835 55 47
18836 25 64
18837 66 27
18838 50 40
18839 70 8
18840 24 33
18841 49 40
18842 31 61
18843 30 33
18844 30 39
18845 65 37
18846 52 39
18847 73 61
18848 57 41
18849 43 76
18850 30 34
18851 27 69
18852 18 76
18853 16 75
18854 23 33
18855 18 77
18856 32 61
18857 16 6
18858 59 30
18859 16 79
18860 64 29
18861 53 12
18862 26 62
18863 35 55
18864 40 16
18865 59 31
18866 16 1
18867 43 7
18868 36 24
18869 16 54
18870 4 16
18871 14 10
18872 61 18
18873 35 56
18874 24 63
18875 5 54
18876 64 79
18877 61 4
18878 23 63
18879 55 46
18880 33 64
18881 69 79
18882 77 77
18883 35 44
18884 3 51
18885 23 9
18886 73 47
18887 26 64
18888 24 63
18889 2 51
18890 31 61
18891 73 48
18892 52 40
18893 14 9
18894 67 27
18895 33 68
18896 68 10
18897 29 60
18898 5 11
18899 23 15
18900 73 11
18901 17 54
18902 49 56
18903 48 63
18904 42 14
18905 23 8
18906 53 13
18907 34 64
18908 9 31
18909 69 8
18910 42 7
18911 33 33
18912 50 40
18913 48 62
18914 28 64
18915 55 55
18916 5 16
18917 32 61
18918 39 3
18919 66 27
18920 63 31
18921 23 9
18922 23 8
18923 74 8
18924 37 76
18925 12 25
18926 38 3
18927 53 12
18928 15 51
18929 30 33
18930 20 46
18931 25 64
18932 53 13
18933 4 16
18934 34 44
18935 14 10
18936 24 33
18937 10 56
18938 2 59
18939 46 70
18940 59 30
18941 12 24
18942 63 79
18943 74 7
18944 33 34
18945 74 61
18946 4 54
18947 18 76
18948 64 3
18949 18 77
18950 5 16
18951 5 54
18952 29 64
18953 33 69
18954 14 9
18955 44 76
18956 26 64
18957 64 37
18958 6 11
18959 30 34
18960 11 56
18961 59 11
18962 59 10
18963 49 66
18964 75 68
18965 33 33
18966 23 63
18967 64 30
18968 23 14
18969 31 61
18970 77 71
18971 62 18
18972 74 74
18973 23 27
18974 59 31
18975 21 56
18976 55 54
18977 61 57
18978 70 8
18979 57 40
18980 39 16
18981 35 24
18982 1 37
18983 77 70
18984 77 71
18985 20 79
18986 41 14
18987 23 15
18988 60 4
18989 15 52
18990 64 79
18991 36 76
18992 4 54
18993 71 38
18994 37 76
18995 16 54
18996 79 43
18997 67 17
18998 15 51
18999 49 40
19000 53 12
19001 15 52
19002 15 6
19003 28 64
19004 20 78
19005 52 39
19006 28 4
19007 23 14
19008 43 76
19009 52 40
19010 70 38
19011 74 8
19012 47 70
19013 75 74
19014 27 62
19015 39 8
19016 63 26
19017 50 66
19018 61 4
19019 59 11
19020 70 79
19021 68 9
19022 74 7
19023 73 16
19024 67 18
19025 55 55
19026 74 8
19027 68 10
19028 73 12
19029 45 1
19030 64 4
19031 77 70
19032 48 56
19033 67 27
19034 4 16
19035 65 37
19036 28 11
19037 31 46
19038 73 11
19039 58 58
19040 20 79
19041 73 15
19042 23 15
19043 43 1
19044 28 69
19045 33 64
19046 20 45
19047 62 31
19048 5 16
19049 50 40
19050 36 76
19051 60 57
19052 56 45
19053 18 76
19054 74 74
19055 16 0
19056 61 57
19057 63 31
19058 43 7
19059 1 59
19060 39 3
19061 20 46
19062 73 12
19063 44 76
19064 73 16
19065 35 55
19066 39 7
19067 69 79
19068 30 40
19069 57 45
19070 30 33
19071 16 6
19072 3 51
19073 46 70
19074 23 14
19075 69 8
19076 33 34
19077 34 64
19078 49 56
19079 68 9
19080 23 9
19081 2 59
19082 45 54
19083 76 68
19084 75 68
19085 29 64
19086 43 76
19087 78 43
19088 30 39
19089 5 54
19090 48 63
19091 44 76
19092 32 61
19093 16 1
19094 42 14
19095 24 63
19096 68 10
19097 20 78
19098 48 56
19099 30 40
19100 23 56
19101 0 37
19102 71 38
19103 79 43
19104 59 58
19105 28 3
19106 35 56
19107 24 56
19108 59 10
19109 70 79
19110 59 11
19111 43 76
19112 58 5
19113 63 79
19114 21 57
19115 36 24
19116 30 34
19117 64 79
19118 4 54
19119 33 68
19120 45 0
19121 70 8
19122 57 41
19123 1 59
19124 56 45
19125 67 17
19126 35 24
19127 8 31
19128 76 68
19129 28 19
19130 73 47
19131 68 9
19132 47 70
19133 2 51
19134 33 69
19135 37 76
19136 57 45
19137 23 33
19138 29 59
19139 73 61
19140 18 77
19141 16 76
19142 16 0
19143 25 64
19144 48 62
19145 26 64
19146 49 66
19147 26 62
19148 40 16
19149 75 68
19150 66 27
19151 5 11
19152 23 15
19153 39 16
19154 9 31
19155 23 14
19156 76 68
19157 60 4
19158 67 27
19159 53 13
19160 12 25
19161 78 43
19162 66 27
19163 1 37
19164 55 54
19165 75 74
19166 69 79
19167 36 76
19168 60 57
19169 30 33
19170 23 28
19171 32 46
19172 20 45
19173 28 4
19174 41 14
19175 63 27
19176 33 68
19177 49 64
19178 16 78
19179 20 79
19180 58 58
19181 63 79
19182 20 78
19183 75 68
19184 43 0
19185 35 55
19186 56 45
19187 62 31
19188 64 37
19189 55 47
19190 2 59
19191 16 79
19192 74 7
19193 8 31
19194 30 39
19195 23 8
19196 16 1
19197 36 24
19198 73 11
19199 9 52
# colocadas=19200 ocupadas=100 mayor=1209
