0 14 12
1 17 60
2 29 74
3 28 74
4 13 12
5 29 74
6 28 74
7 6 36
8 29 74
9 14 12
10 18 60
11 60 46
12 6 35
13 28 74
14 29 74
15 6 36
16 28 74
17 6 35
18 17 60
19 13 12
20 18 60
21 29 74
22 60 45
23 17 60
24 18 60
25 28 74
26 14 12
27 17 60
28 6 36
29 6 35
30 29 74
31 28 74
32 13 12
33 6 36
34 60 46
35 6 35
36 14 12
37 29 74
38 28 74
39 29 74
40 18 60
41 13 12
42 6 36
43 60 45
44 6 35
45 14 12
46 6 36
47 6 35
48 28 74
49 6 36
50 29 74
51 13 12
52 6 35
53 28 74
54 29 74
55 6 36
56 14 12
57 28 74
58 17 60
59 18 60
60 6 35
61 6 36
62 29 74
63 13 12
64 6 35
65 60 46
66 17 60
67 60 45
68 60 46
69 60 45
70 14 12
71 60 46
72 18 60
73 60 45
74 13 12
75 6 36
76 17 60
77 28 74
78 29 74
79 60 46
80 18 60
81 17 60
82 14 12
83 60 45
84 6 35
85 6 36
86 60 46
87 60 45
88 13 12
89 14 12
90 6 35
91 6 36
92 6 35
93 13 12
94 60 46
95 6 36
96 28 74
97 18 60
98 14 12
99 17 60
100 60 45
101 18 60
102 29 74
103 13 12
104 6 35
105 6 36
106 6 35
107 14 12
108 60 46
109 13 12
110 60 45
111 6 36
112 6 35
113 28 74
114 29 74
115 6 36
116 60 46
117 6 35
118 17 60
119 14 12
120 18 60
121 17 60
122 13 12
123 60 45
124 6 36
125 6 35
126 6 36
127 60 46
128 60 45
129 14 12
130 6 35
131 18 60
132 6 36
133 17 60
134 18 60
135 60 46
136 13 12
137 14 12
138 60 45
139 60 46
140 60 45
141 13 12
142 17 60
143 6 35
144 60 46
145 14 12
146 18 60
147 17 60
148 60 45
149 18 60
150 60 46
151 60 45
152 60 46
153 60 45
154 13 12
155 6 36
156 14 12
157 28 74
158 13 12
159 60 46
160 29 74
161 17 60
162 18 60
163 17 60
164 14 12
165 60 45
166 60 46
167 6 35
168 28 74
169 18 60
170 60 45
171 17 60
172 60 46
173 13 12
174 29 74
175 18 60
176 6 36
177 17 60
178 14 12
179 60 45
180 60 46
181 60 45
182 13 12
183 18 60
184 17 60
185 18 60
186 14 12
187 60 46
188 6 35
189 13 12
190 60 45
191 28 74
192 17 60
193 60 46
194 60 45
195 18 60
196 29 74
197 14 12
198 6 36
199 60 46
200 13 12
201 14 12
202 17 60
203 60 45
204 6 35
205 13 12
206 14 12
207 60 46
208 6 36
209 13 12
210 18 60
211 6 35
212 60 45
213 17 60
214 28 74
215 6 36
216 6 35
217 6 36
218 60 46
219 18 60
220 17 60
221 60 45
222 6 35
223 60 46
224 6 36
225 6 35
226 14 12
227 18 60
228 6 36
229 13 12
230 14 12
231 60 45
232 6 35
233 6 36
234 13 12
235 17 60
236 29 74
237 28 74
238 6 35
239 14 12
240 60 46
241 18 60
242 6 36
243 17 60
244 18 60
245 17 60
246 29 74
247 60 45
248 6 35
249 13 12
250 18 60
251 14 12
252 28 74
253 17 60
254 6 36
255 6 35
256 6 36
257 18 60
258 17 60
259 13 12
260 29 74
261 28 74
262 29 74
263 18 60
264 14 12
265 13 12
266 28 74
267 29 74
268 17 60
269 14 12
270 6 35
271 13 12
272 28 74
273 60 46
274 18 60
275 14 12
276 13 12
277 14 12
278 17 60
279 29 74
280 6 36
281 28 74
282 60 45
283 6 35
284 13 12
285 60 46
286 60 45
287 6 36
288 14 12
289 6 35
290 6 36
291 29 74
292 18 60
293 17 60
294 60 46
295 28 74
296 18 60
297 29 74
298 6 35
299 60 45
300 28 74
301 6 36
302 17 60
303 13 12
304 6 35
305 29 74
306 14 12
307 6 36
308 13 12
309 6 35
310 28 74
311 29 74
312 6 36
313 28 74
314 18 60
315 29 74
316 28 74
317 14 12
318 6 35
319 17 60
320 29 74
321 18 60
322 28 74
323 29 74
324 28 74
325 60 46
326 6 36
327 6 35
328 60 45
329 60 46
330 60 45
331 6 36
332 60 46
333 17 60
334 13 12
335 14 12
336 18 60
337 60 45
338 6 35
339 29 74
340 6 36
341 13 12
342 6 35
343 17 60
344 28 74
345 29 74
346 28 74
347 6 36
348 14 12
349 6 35
350 60 46
351 18 60
352 13 12
353 14 12
354 13 12
355 6 36
356 6 35
357 29 74
358 14 12
359 13 12
360 17 60
361 28 74
362 60 45
363 18 60
364 60 46
365 29 74
366 28 74
367 14 12
368 60 45
369 13 12
370 29 74
371 6 36
372 17 60
373 60 46
374 60 45
375 28 74
376 29 74
377 28 74
378 14 12
379 18 60
380 6 35
381 13 12
382 17 60
383 29 74
384 14 12
385 60 46
386 60 45
387 18 60
388 6 36
389 13 12
390 14 12
391 60 46
392 28 74
393 6 35
394 6 36
395 17 60
396 60 45
397 18 60
398 60 46
399 60 45
400 13 12
401 17 60
402 29 74
403 14 12
404 28 74
405 18 60
406 29 74
407 17 60
408 18 60
409 13 12
410 6 35
411 17 60
412 6 36
413 6 35
414 18 60
415 28 74
416 14 12
417 29 74
418 17 60
419 18 60
420 60 46
421 60 45
422 28 74
423 60 46
424 6 36
425 6 35
426 60 45
427 60 46
428 6 36
429 29 74
430 28 74
431 60 45
432 17 60
433 18 60
434 60 46
435 60 45
436 60 46
437 17 60
438 18 60
439 60 45
440 60 46
441 13 12
442 6 35
443 17 60
444 6 36
445 6 35
446 60 45
447 29 74
448 6 36
449 6 35
450 18 60
451 14 12
452 28 74
453 17 60
454 29 74
455 13 12
456 60 46
457 6 36
458 28 74
459 18 60
460 17 60
461 6 35
462 60 45
463 60 46
464 18 60
465 17 60
466 29 74
467 28 74
468 18 60
469 60 45
470 14 12
471 6 36
472 6 35
473 13 12
474 17 60
475 29 74
476 28 74
477 6 36
478 14 12
479 13 12
480 14 12
481 60 46
482 29 74
483 60 45
484 18 60
485 13 12
486 60 46
487 60 45
488 14 12
489 6 35
490 60 46
491 28 74
492 13 12
493 6 36
494 14 12
495 29 74
496 6 35
497 28 74
498 17 60
499 13 12
500 6 36
501 6 35
502 60 45
503 6 36
504 6 35
505 60 46
506 29 74
507 14 12
508 60 45
509 60 46
510 6 36
511 6 35
512 18 60
513 28 74
514 6 36
515 6 35
516 29 74
517 13 12
518 28 74
519 6 36
520 17 60
521 29 74
522 18 60
523 28 74
524 60 45
525 60 46
526 29 74
527 28 74
528 17 60
529 18 60
530 29 74
531 28 74
532 14 12
533 13 12
534 14 12
535 17 60
536 6 35
537 29 74
538 6 36
539 28 74
540 29 74
541 28 74
542 29 74
543 28 74
544 60 45
545 13 12
546 14 12
547 60 46
548 13 12
549 60 45
550 14 12
551 60 46
552 6 35
553 6 36
554 6 35
555 18 60
556 60 45
557 29 74
558 17 60
559 13 12
560 60 46
561 60 45
562 60 46
563 18 60
564 28 74
565 60 45
566 60 46
567 29 74
568 14 12
569 17 60
570 6 36
571 28 74
572 13 12
573 29 74
574 60 45
575 18 60
576 6 35
577 17 60
578 14 12
579 18 60
580 13 12
581 14 12
582 17 60
583 28 74
584 6 36
585 6 35
586 13 12
587 18 60
588 29 74
589 17 60
590 14 12
591 18 60
592 13 12
593 14 12
594 6 36
595 6 35
596 60 46
597 17 60
598 13 12
599 18 60
600 28 74
601 60 45
602 14 12
603 13 12
604 6 36
605 6 35
606 60 46
607 6 36
608 6 35
609 29 74
610 60 45
611 17 60
612 60 46
613 18 60
614 17 60
615 28 74
616 60 45
617 18 60
618 60 46
619 14 12
620 17 60
621 60 45
622 18 60
623 13 12
624 6 36
625 17 60
626 60 46
627 29 74
628 14 12
629 18 60
630 60 45
631 17 60
632 18 60
633 6 35
634 28 74
635 6 36
636 29 74
637 6 35
638 17 60
639 18 60
640 13 12
641 6 36
642 60 46
643 14 12
644 28 74
645 6 35
646 17 60
647 18 60
648 17 60
649 13 12
650 60 45
651 60 46
652 18 60
653 6 36
654 6 35
655 6 36
656 29 74
657 14 12
658 6 35
659 13 12
660 17 60
661 18 60
662 14 12
663 28 74
664 60 45
665 17 60
666 6 36
667 6 35
668 13 12
669 6 36
670 29 74
671 28 74
672 18 60
673 29 74
674 6 35
675 60 46
676 28 74
677 60 45
678 60 46
679 6 36
680 17 60
681 18 60
682 29 74
683 6 35
684 60 45
685 17 60
686 60 46
687 18 60
688 17 60
689 60 45
690 28 74
691 18 60
692 17 60
693 14 12
694 13 12
695 18 60
696 6 36
697 6 35
698 17 60
699 6 36
700 29 74
701 28 74
702 29 74
703 60 46
704 18 60
705 14 12
706 28 74
707 29 74
708 28 74
709 29 74
710 60 45
711 17 60
712 13 12
713 28 74
714 60 46
715 60 45
716 29 74
717 6 35
718 14 12
719 6 36
720 18 60
721 28 74
722 13 12
723 29 74
724 6 35
725 28 74
726 14 12
727 13 12
728 6 36
729 14 12
730 29 74
731 6 35
732 28 74
733 60 46
734 13 12
735 6 36
736 60 45
737 29 74
738 60 46
739 28 74
740 6 35
741 29 74
742 6 36
743 60 45
744 17 60
745 18 60
746 14 12
747 6 35
748 6 36
749 6 35
750 6 36
751 28 74
752 13 12
753 17 60
754 14 12
755 6 35
756 13 12
757 18 60
758 14 12
759 17 60
760 18 60
761 17 60
762 60 46
763 13 12
764 14 12
765 60 45
766 6 36
767 6 35
768 13 12
769 6 36
770 29 74
771 60 46
772 14 12
773 60 45
774 28 74
775 13 12
776 6 35
777 60 46
778 29 74
779 18 60
780 28 74
781 14 12
782 17 60
783 18 60
784 6 36
785 60 45
786 17 60
787 29 74
788 18 60
789 6 35
790 28 74
791 6 36
792 60 46
793 13 12
794 60 45
795 29 74
796 14 12
797 6 35
798 60 46
799 28 74
800 13 12
801 60 45
802 14 12
803 29 74
804 6 36
805 17 60
806 13 12
807 6 35
808 28 74
809 29 74
810 18 60
811 60 46
812 14 12
813 60 45
814 60 46
815 13 12
816 6 36
817 14 12
818 60 45
819 28 74
820 13 12
821 6 35
822 14 12
823 29 74
824 17 60
825 13 12
826 6 36
827 18 60
828 28 74
829 6 35
830 14 12
831 29 74
832 6 36
833 60 46
834 60 45
835 6 35
836 28 74
837 17 60
838 60 46
839 29 74
840 28 74
841 6 36
842 13 12
843 18 60
844 6 35
845 29 74
846 6 36
847 6 35
848 60 45
849 60 46
850 17 60
851 18 60
852 60 45
853 6 36
854 28 74
855 6 35
856 17 60
857 6 36
858 14 12
859 18 60
860 13 12
861 6 35
862 29 74
863 6 36
864 17 60
865 18 60
866 60 46
867 14 12
868 28 74
869 17 60
870 60 45
871 18 60
872 60 46
873 17 60
874 18 60
875 13 12
876 17 60
877 60 45
878 18 60
879 6 35
880 6 36
881 17 60
882 6 35
883 60 46
884 18 60
885 60 45
886 29 74
887 6 36
888 6 35
889 28 74
890 14 12
891 60 46
892 6 36
893 60 45
894 29 74
895 60 46
896 28 74
897 6 35
898 13 12
899 60 45
900 60 46
901 17 60
902 60 45
903 14 12
904 6 36
905 60 46
906 13 12
907 29 74
908 14 12
909 6 35
910 18 60
911 60 45
912 6 36
913 13 12
914 6 35
915 6 36
916 17 60
917 28 74
918 60 46
919 6 35
920 18 60
921 29 74
922 6 36
923 6 35
924 6 36
925 6 35
926 6 36
927 14 12
928 6 35
929 6 36
930 6 35
931 17 60
932 18 60
933 6 36
934 28 74
935 17 60
936 6 35
937 13 12
938 18 60
939 29 74
940 60 45
941 17 60
942 18 60
943 60 46
944 28 74
945 17 60
946 18 60
947 14 12
948 17 60
949 60 45
950 18 60
951 6 36
952 13 12
953 14 12
954 6 35
955 17 60
956 29 74
957 6 36
958 60 46
959 28 74
960 6 35
961 6 36
962 13 12
963 29 74
964 14 12
965 18 60
966 60 45
967 28 74
968 13 12
969 60 46
970 29 74
971 17 60
972 28 74
973 6 35
974 6 36
975 6 35
976 29 74
977 18 60
978 28 74
979 6 36
980 6 35
981 29 74
982 14 12
983 60 45
984 6 36
985 13 12
986 17 60
987 60 46
988 60 45
989 28 74
990 60 46
991 60 45
992 6 35
993 18 60
994 6 36
995 6 35
996 29 74
997 17 60
998 6 36
999 6 35
1000 14 12
1001 13 12
1002 60 46
1003 6 36
1004 60 45
1005 18 60
1006 60 46
1007 6 35
1008 6 36
1009 14 12
1010 13 12
1011 17 60
1012 60 45
1013 14 12
1014 28 74
1015 13 12
1016 18 60
1017 60 46
1018 29 74
1019 14 12
1020 60 45
1021 13 12
1022 60 46
1023 14 12
1024 17 60
1025 28 74
1026 60 45
1027 13 12
1028 18 60
1029 29 74
1030 28 74
1031 29 74
1032 28 74
1033 14 12
1034 13 12
1035 29 74
1036 6 35
1037 17 60
1038 28 74
1039 18 60
1040 17 60
1041 29 74
1042 60 46
1043 14 12
1044 13 12
1045 6 36
1046 6 35
1047 14 12
1048 13 12
1049 14 12
1050 6 36
1051 13 12
1052 18 60
1053 17 60
1054 18 60
1055 28 74
1056 6 35
1057 29 74
1058 14 12
1059 60 45
1060 28 74
1061 60 46
1062 13 12
1063 17 60
1064 18 60
1065 17 60
1066 60 45
1067 29 74
1068 18 60
1069 60 46
1070 17 60
1071 6 36
1072 14 12
1073 60 45
1074 18 60
1075 13 12
1076 14 12
1077 17 60
1078 18 60
1079 13 12
1080 60 46
1081 6 35
1082 6 36
1083 6 35
1084 28 74
1085 6 36
1086 29 74
1087 6 35
1088 14 12
1089 60 45
1090 13 12
1091 14 12
1092 13 12
1093 14 12
1094 17 60
1095 60 46
1096 60 45
1097 13 12
1098 28 74
1099 6 36
1100 14 12
1101 13 12
1102 29 74
1103 60 46
1104 18 60
1105 6 35
1106 14 12
1107 60 45
1108 17 60
1109 6 36
1110 6 35
1111 28 74
1112 29 74
1113 18 60
1114 17 60
1115 13 12
1116 14 12
1117 18 60
1118 17 60
1119 28 74
1120 18 60
1121 17 60
1122 60 46
1123 29 74
1124 18 60
1125 6 36
1126 6 35
1127 6 36
1128 13 12
1129 14 12
1130 60 45
1131 17 60
1132 6 35
1133 28 74
1134 13 12
1135 14 12
1136 13 12
1137 60 46
1138 6 36
1139 29 74
1140 18 60
1141 14 12
1142 28 74
1143 29 74
1144 6 35
1145 13 12
1146 60 45
1147 17 60
1148 14 12
1149 18 60
1150 28 74
1151 13 12
1152 14 12
1153 60 46
1154 6 36
1155 13 12
1156 29 74
1157 6 35
1158 6 36
1159 28 74
1160 6 35
1161 29 74
1162 60 45
1163 17 60
1164 14 12
1165 13 12
1166 6 36
1167 18 60
1168 6 35
1169 28 74
1170 6 36
1171 17 60
1172 6 35
1173 18 60
1174 17 60
1175 60 46
1176 60 45
1177 29 74
1178 14 12
1179 28 74
1180 29 74
1181 13 12
1182 60 46
1183 60 45
1184 28 74
1185 29 74
1186 14 12
1187 28 74
1188 6 36
1189 6 35
1190 6 36
1191 29 74
1192 18 60
1193 13 12
1194 14 12
1195 6 35
1196 60 46
1197 13 12
1198 17 60
1199 18 60
1200 28 74
1201 29 74
1202 28 74
1203 17 60
1204 60 45
1205 29 74
1206 28 74
1207 6 36
1208 18 60
1209 17 60
1210 6 35
1211 14 12
1212 29 74
1213 60 46
1214 28 74
1215 29 74
1216 18 60
1217 17 60
1218 28 74
1219 29 74
1220 28 74
1221 18 60
1222 17 60
1223 13 12
1224 29 74
1225 28 74
1226 29 74
1227 6 36
1228 6 35
1229 18 60
1230 6 36
1231 6 35
1232 6 36
1233 17 60
1234 28 74
1235 14 12
1236 13 12
1237 14 12
1238 60 45
1239 6 35
1240 18 60
1241 60 46
1242 17 60
1243 6 36
1244 13 12
1245 14 12
1246 29 74
1247 13 12
1248 28 74
1249 6 35
1250 14 12
1251 6 36
1252 29 74
1253 18 60
1254 28 74
1255 17 60
1256 29 74
1257 60 45
1258 13 12
1259 14 12
1260 28 74
1261 6 35
1262 18 60
1263 13 12
1264 14 12
1265 13 12
1266 60 46
1267 6 36
1268 14 12
1269 13 12
1270 6 35
1271 6 36
1272 60 45
1273 14 12
1274 13 12
1275 6 35
1276 60 46
1277 14 12
1278 29 74
1279 13 12
1280 14 12
1281 17 60
1282 28 74
1283 60 45
1284 29 74
1285 13 12
1286 60 46
1287 60 45
1288 6 36
1289 60 46
1290 60 45
1291 18 60
1292 28 74
1293 29 74
1294 14 12
1295 17 60
1296 28 74
1297 29 74
1298 6 35
1299 13 12
1300 14 12
1301 13 12
1302 14 12
1303 28 74
1304 6 36
1305 60 46
1306 6 35
1307 60 45
1308 18 60
1309 13 12
1310 17 60
1311 18 60
1312 6 36
1313 14 12
1314 17 60
1315 18 60
1316 13 12
1317 29 74
1318 60 46
1319 14 12
1320 17 60
1321 28 74
1322 29 74
1323 6 35
1324 60 45
1325 6 36
1326 60 46
1327 6 35
1328 6 36
1329 28 74
1330 6 35
1331 29 74
1332 28 74
1333 60 45
1334 6 36
1335 60 46
1336 18 60
1337 13 12
1338 6 35
1339 60 45
1340 29 74
1341 60 46
1342 28 74
1343 6 36
1344 6 35
1345 29 74
1346 6 36
1347 17 60
1348 28 74
1349 18 60
1350 29 74
1351 6 35
1352 17 60
1353 14 12
1354 28 74
1355 6 36
1356 18 60
1357 29 74
1358 6 35
1359 28 74
1360 17 60
1361 60 45
1362 29 74
1363 18 60
1364 17 60
1365 18 60
1366 60 46
1367 13 12
1368 60 45
1369 28 74
1370 6 36
1371 14 12
1372 6 35
1373 17 60
1374 29 74
1375 60 46
1376 6 36
1377 6 35
1378 60 45
1379 18 60
1380 60 46
1381 6 36
1382 6 35
1383 13 12
1384 60 45
1385 60 46
1386 6 36
1387 17 60
1388 14 12
1389 13 12
1390 14 12
1391 6 35
1392 6 36
1393 18 60
1394 17 60
1395 60 45
1396 60 46
1397 28 74
1398 29 74
1399 28 74
1400 13 12
1401 60 45
1402 29 74
1403 18 60
1404 14 12
1405 13 12
1406 60 46
1407 60 45
1408 17 60
1409 14 12
1410 13 12
1411 28 74
1412 29 74
1413 28 74
1414 18 60
1415 14 12
1416 29 74
1417 28 74
1418 6 35
1419 13 12
1420 29 74
1421 17 60
1422 14 12
1423 18 60
1424 13 12
1425 28 74
1426 14 12
1427 17 60
1428 29 74
1429 28 74
1430 29 74
1431 28 74
1432 60 46
1433 29 74
1434 60 45
1435 6 36
1436 28 74
1437 18 60
1438 60 46
1439 13 12
1440 6 35
1441 60 45
1442 60 46
1443 29 74
1444 60 45
1445 14 12
1446 28 74
1447 60 46
1448 6 36
1449 6 35
1450 29 74
1451 6 36
1452 28 74
1453 29 74
1454 13 12
1455 28 74
1456 17 60
1457 18 60
1458 60 45
1459 60 46
1460 17 60
1461 60 45
1462 29 74
1463 18 60
1464 17 60
1465 14 12
1466 6 35
1467 13 12
1468 18 60
1469 6 36
1470 17 60
1471 28 74
1472 14 12
1473 13 12
1474 60 46
1475 29 74
1476 14 12
1477 6 35
1478 18 60
1479 13 12
1480 60 45
1481 14 12
1482 60 46
1483 13 12
1484 6 36
1485 17 60
1486 60 45
1487 14 12
1488 6 35
1489 6 36
1490 60 46
1491 28 74
1492 6 35
1493 13 12
1494 14 12
1495 13 12
1496 6 36
1497 18 60
1498 17 60
1499 18 60
1500 60 45
1501 29 74
1502 14 12
1503 17 60
1504 18 60
1505 13 12
1506 14 12
1507 13 12
1508 6 35
1509 28 74
1510 6 36
1511 29 74
1512 6 35
1513 14 12
1514 60 46
1515 13 12
1516 6 36
1517 6 35
1518 17 60
1519 28 74
1520 6 36
1521 18 60
1522 6 35
1523 29 74
1524 6 36
1525 28 74
1526 60 45
1527 29 74
1528 14 12
1529 6 35
1530 6 36
1531 17 60
1532 13 12
1533 28 74
1534 29 74
1535 6 35
1536 60 46
1537 6 36
1538 6 35
1539 6 36
1540 6 35
1541 14 12
1542 18 60
1543 17 60
1544 60 45
1545 13 12
1546 6 36
1547 14 12
1548 60 46
1549 28 74
1550 60 45
1551 18 60
1552 13 12
1553 60 46
1554 29 74
1555 14 12
1556 60 45
1557 13 12
1558 14 12
1559 6 35
1560 28 74
1561 17 60
1562 6 36
1563 29 74
1564 28 74
1565 29 74
1566 28 74
1567 13 12
1568 60 46
1569 29 74
1570 60 45
1571 60 46
1572 28 74
1573 6 35
1574 18 60
1575 17 60
1576 6 36
1577 14 12
1578 29 74
1579 28 74
1580 29 74
1581 60 45
1582 18 60
1583 17 60
1584 60 46
1585 18 60
1586 13 12
1587 17 60
1588 14 12
1589 18 60
1590 28 74
1591 60 45
1592 6 35
1593 60 46
1594 60 45
1595 60 46
1596 17 60
1597 6 36
1598 6 35
1599 60 45
1600 18 60
1601 13 12
1602 60 46
1603 29 74
1604 14 12
1605 13 12
1606 14 12
1607 28 74
1608 13 12
1609 60 45
1610 6 36
1611 14 12
1612 29 74
1613 17 60
1614 28 74
1615 60 46
1616 29 74
1617 6 35
1618 18 60
1619 17 60
1620 60 45
1621 28 74
1622 29 74
1623 6 36
1624 6 35
1625 6 36
1626 18 60
1627 28 74
1628 17 60
1629 29 74
1630 28 74
1631 13 12
1632 6 35
1633 6 36
1634 18 60
1635 60 46
1636 29 74
1637 17 60
1638 28 74
1639 14 12
1640 60 45
1641 13 12
1642 29 74
1643 14 12
1644 60 46
1645 6 35
1646 60 45
1647 18 60
1648 6 36
1649 13 12
1650 6 35
1651 60 46
1652 17 60
1653 28 74
1654 60 45
1655 29 74
1656 18 60
1657 28 74
1658 6 36
1659 14 12
1660 60 46
1661 17 60
1662 60 45
1663 6 35
1664 13 12
1665 6 36
1666 29 74
1667 18 60
1668 14 12
1669 17 60
1670 13 12
1671 28 74
1672 18 60
1673 6 35
1674 60 46
1675 14 12
1676 13 12
1677 29 74
1678 6 36
1679 28 74
1680 29 74
1681 60 45
1682 14 12
1683 28 74
1684 60 46
1685 60 45
1686 13 12
1687 14 12
1688 29 74
1689 6 35
1690 17 60
1691 28 74
1692 29 74
1693 13 12
1694 18 60
1695 6 36
1696 28 74
1697 17 60
1698 60 46
1699 18 60
1700 6 35
1701 29 74
1702 6 36
1703 60 45
1704 28 74
1705 6 35
1706 60 46
1707 6 36
1708 17 60
1709 29 74
1710 14 12
1711 6 35
1712 13 12
1713 18 60
1714 60 45
1715 6 36
1716 14 12
1717 13 12
1718 28 74
1719 14 12
1720 60 46
1721 17 60
1722 29 74
1723 18 60
1724 17 60
1725 18 60
1726 17 60
1727 60 45
1728 28 74
1729 29 74
1730 13 12
1731 14 12
1732 60 46
1733 60 45
1734 60 46
1735 28 74
1736 18 60
1737 60 45
1738 6 35
1739 13 12
1740 6 36
1741 14 12
1742 6 35
1743 6 36
1744 17 60
1745 60 46
1746 60 45
1747 60 46
1748 60 45
1749 60 46
1750 6 35
1751 6 36
1752 29 74
1753 60 45
1754 18 60
1755 6 35
1756 60 46
1757 28 74
1758 29 74
1759 17 60
1760 18 60
1761 13 12
1762 6 36
1763 6 35
1764 6 36
1765 14 12
1766 17 60
1767 28 74
1768 29 74
1769 60 45
1770 60 46
1771 18 60
1772 17 60
1773 13 12
1774 14 12
1775 18 60
1776 60 45
1777 6 35
1778 28 74
1779 60 46
1780 17 60
1781 13 12
1782 29 74
1783 14 12
1784 28 74
1785 13 12
1786 14 12
1787 18 60
1788 17 60
1789 6 36
1790 60 45
1791 18 60
1792 6 35
1793 60 46
1794 60 45
1795 13 12
1796 14 12
1797 29 74
1798 17 60
1799 60 46
1800 28 74
1801 6 36
1802 29 74
1803 6 35
1804 28 74
1805 18 60
1806 29 74
1807 6 36
1808 17 60
1809 60 45
1810 6 35
1811 60 46
1812 6 36
1813 6 35
1814 18 60
1815 28 74
1816 60 45
1817 13 12
1818 29 74
1819 28 74
1820 29 74
1821 28 74
1822 17 60
1823 60 46
1824 18 60
1825 17 60
1826 18 60
1827 14 12
1828 17 60
1829 18 60
1830 17 60
1831 18 60
1832 6 36
1833 29 74
1834 17 60
1835 18 60
1836 17 60
1837 18 60
1838 28 74
1839 13 12
1840 60 45
1841 6 35
1842 17 60
1843 6 36
1844 60 46
1845 60 45
1846 14 12
1847 18 60
1848 6 35
1849 6 36
1850 13 12
1851 60 46
1852 17 60
1853 29 74
1854 14 12
1855 6 35
1856 28 74
1857 13 12
1858 60 45
1859 29 74
1860 60 46
1861 18 60
1862 60 45
1863 17 60
1864 6 36
1865 6 35
1866 6 36
1867 60 46
1868 28 74
1869 14 12
1870 29 74
1871 28 74
1872 13 12
1873 60 45
1874 60 46
1875 60 45
1876 6 35
1877 29 74
1878 18 60
1879 17 60
1880 28 74
1881 18 60
1882 14 12
1883 60 46
1884 6 36
1885 6 35
1886 17 60
1887 29 74
1888 60 45
1889 13 12
1890 60 46
1891 6 36
1892 6 35
1893 14 12
1894 60 45
1895 6 36
1896 6 35
1897 60 46
1898 28 74
1899 13 12
1900 60 45
1901 6 36
1902 18 60
1903 14 12
1904 6 35
1905 29 74
1906 17 60
1907 13 12
1908 18 60
1909 6 36
1910 14 12
1911 60 46
1912 13 12
1913 14 12
1914 13 12
1915 60 45
1916 28 74
1917 17 60
1918 18 60
1919 60 46
1920 14 12
1921 29 74
1922 17 60
1923 18 60
1924 17 60
1925 18 60
1926 6 35
1927 6 36
1928 13 12
1929 60 45
1930 17 60
1931 28 74
1932 29 74
1933 60 46
1934 18 60
1935 6 35
1936 28 74
1937 29 74
1938 6 36
1939 14 12
1940 28 74
1941 60 45
1942 13 12
1943 17 60
1944 29 74
1945 28 74
1946 29 74
1947 60 46
1948 28 74
1949 14 12
1950 13 12
1951 18 60
1952 6 35
1953 14 12
1954 29 74
1955 60 45
1956 13 12
1957 14 12
1958 17 60
1959 60 46
1960 18 60
1961 13 12
1962 17 60
1963 14 12
1964 13 12
1965 18 60
1966 60 45
1967 14 12
1968 13 12
1969 6 36
1970 14 12
1971 28 74
1972 13 12
1973 14 12
1974 13 12
1975 6 35
1976 60 46
1977 60 45
1978 6 36
1979 14 12
1980 29 74
1981 6 35
1982 13 12
1983 6 36
1984 28 74
1985 17 60
1986 29 74
1987 28 74
1988 6 35
1989 60 46
1990 18 60
1991 14 12
1992 6 36
1993 17 60
1994 29 74
1995 6 35
1996 6 36
1997 6 35
1998 13 12
1999 18 60
2000 60 45
2001 28 74
2002 14 12
2003 29 74
2004 28 74
2005 60 46
2006 17 60
2007 29 74
2008 28 74
2009 29 74
2010 60 45
2011 6 36
2012 28 74
2013 60 46
2014 29 74
2015 18 60
2016 28 74
2017 6 35
2018 29 74
2019 6 36
2020 6 35
2021 13 12
2022 60 45
2023 28 74
2024 29 74
2025 14 12
2026 6 36
2027 60 46
2028 60 45
2029 28 74
2030 17 60
2031 60 46
2032 29 74
2033 28 74
2034 13 12
2035 14 12
2036 18 60
2037 29 74
2038 13 12
2039 17 60
2040 6 35
2041 60 45
2042 60 46
2043 14 12
2044 6 36
2045 28 74
2046 6 35
2047 13 12
2048 18 60
2049 14 12
2050 29 74
2051 28 74
2052 60 45
2053 13 12
2054 17 60
2055 60 46
2056 29 74
2057 14 12
2058 13 12
2059 18 60
2060 60 45
2061 60 46
2062 6 36
2063 17 60
2064 18 60
2065 17 60
2066 14 12
2067 13 12
2068 18 60
2069 28 74
2070 29 74
2071 17 60
2072 14 12
2073 6 35
2074 6 36
2075 60 45
2076 13 12
2077 14 12
2078 60 46
2079 6 35
2080 13 12
2081 28 74
2082 6 36
2083 14 12
2084 13 12
2085 14 12
2086 6 35
2087 18 60
2088 60 45
2089 60 46
2090 29 74
2091 28 74
2092 13 12
2093 29 74
2094 28 74
2095 17 60
2096 14 12
2097 60 45
2098 13 12
2099 29 74
2100 60 46
2101 6 36
2102 60 45
2103 14 12
2104 6 35
2105 13 12
2106 14 12
2107 13 12
2108 18 60
2109 60 46
2110 6 36
2111 14 12
2112 6 35
2113 28 74
2114 29 74
2115 13 12
2116 6 36
2117 17 60
2118 28 74
2119 29 74
2120 14 12
2121 60 45
2122 18 60
2123 17 60
2124 28 74
2125 6 35
2126 13 12
2127 18 60
2128 29 74
2129 60 46
2130 17 60
2131 14 12
2132 28 74
2133 13 12
2134 6 36
2135 14 12
2136 60 45
2137 18 60
2138 13 12
2139 29 74
2140 28 74
2141 60 46
2142 29 74
2143 6 35
2144 28 74
2145 6 36
2146 14 12
2147 13 12
2148 29 74
2149 6 35
2150 6 36
2151 14 12
2152 13 12
2153 60 45
2154 14 12
2155 6 35
2156 28 74
2157 29 74
2158 13 12
2159 14 12
2160 6 36
2161 13 12
2162 60 46
2163 14 12
2164 17 60
2165 18 60
2166 13 12
2167 17 60
2168 18 60
2169 6 35
2170 28 74
2171 17 60
2172 18 60
2173 17 60
2174 29 74
2175 60 45
2176 60 46
2177 60 45
2178 60 46
2179 14 12
2180 60 45
2181 18 60
2182 17 60
2183 28 74
2184 6 36
2185 13 12
2186 29 74
2187 60 46
2188 18 60
2189 14 12
2190 28 74
2191 6 35
2192 29 74
2193 13 12
2194 28 74
2195 17 60
2196 29 74
2197 18 60
2198 6 36
2199 14 12
2200 28 74
2201 29 74
2202 13 12
2203 28 74
2204 6 35
2205 60 45
2206 14 12
2207 6 36
2208 6 35
2209 29 74
2210 17 60
2211 13 12
2212 28 74
2213 6 36
2214 29 74
2215 14 12
2216 13 12
2217 6 35
2218 18 60
2219 17 60
2220 28 74
2221 60 46
2222 29 74
2223 6 36
2224 6 35
2225 14 12
2226 13 12
2227 14 12
2228 60 45
2229 28 74
2230 13 12
2231 60 46
2232 29 74
2233 14 12
2234 6 36
2235 18 60
2236 17 60
2237 60 45
2238 18 60
2239 28 74
2240 60 46
2241 60 45
2242 6 35
2243 29 74
2244 60 46
2245 17 60
2246 60 45
2247 28 74
2248 18 60
2249 6 36
2250 17 60
2251 13 12
2252 6 35
2253 6 36
2254 60 46
2255 14 12
2256 18 60
2257 29 74
2258 17 60
2259 18 60
2260 6 35
2261 28 74
2262 29 74
2263 6 36
2264 28 74
2265 60 45
2266 29 74
2267 28 74
2268 17 60
2269 29 74
2270 6 35
2271 13 12
2272 14 12
2273 28 74
2274 29 74
2275 60 46
2276 28 74
2277 6 36
2278 60 45
2279 29 74
2280 18 60
2281 60 46
2282 17 60
2283 6 35
2284 60 45
2285 6 36
2286 13 12
2287 18 60
2288 14 12
2289 6 35
2290 28 74
2291 6 36
2292 29 74
2293 6 35
2294 28 74
2295 13 12
2296 14 12
2297 13 12
2298 14 12
2299 13 12
2300 14 12
2301 29 74
2302 6 36
2303 28 74
2304 6 35
2305 29 74
2306 17 60
2307 13 12
2308 28 74
2309 18 60
2310 29 74
2311 14 12
2312 28 74
2313 17 60
2314 13 12
2315 6 36
2316 18 60
2317 6 35
2318 6 36
2319 60 46
2320 60 45
2321 60 46
2322 14 12
2323 17 60
2324 13 12
2325 18 60
2326 17 60
2327 14 12
2328 60 45
2329 60 46
2330 29 74
2331 6 35
2332 60 45
2333 13 12
2334 6 36
2335 14 12
2336 13 12
2337 6 35
2338 18 60
2339 17 60
2340 28 74
2341 60 46
2342 14 12
2343 6 36
2344 60 45
2345 18 60
2346 13 12
2347 6 35
2348 29 74
2349 60 46
2350 17 60
2351 14 12
2352 13 12
2353 6 36
2354 60 45
2355 14 12
2356 13 12
2357 60 46
2358 18 60
2359 28 74
2360 6 35
2361 17 60
2362 18 60
2363 60 45
2364 6 36
2365 14 12
2366 29 74
2367 60 46
2368 28 74
2369 17 60
2370 29 74
2371 13 12
2372 28 74
2373 14 12
2374 6 35
2375 13 12
2376 14 12
2377 29 74
2378 60 45
2379 60 46
2380 60 45
2381 13 12
2382 18 60
2383 28 74
2384 29 74
2385 17 60
2386 14 12
2387 13 12
2388 60 46
2389 14 12
2390 60 45
2391 13 12
2392 28 74
2393 18 60
2394 17 60
2395 60 46
2396 6 36
2397 18 60
2398 60 45
2399 17 60
2400 6 35
2401 29 74
2402 60 46
2403 6 36
2404 60 45
2405 14 12
2406 13 12
2407 14 12
2408 28 74
2409 60 46
2410 6 35
2411 6 36
2412 18 60
2413 17 60
2414 60 45
2415 29 74
2416 18 60
2417 6 35
2418 17 60
2419 28 74
2420 29 74
2421 6 36
2422 6 35
2423 13 12
2424 60 46
2425 18 60
2426 17 60
2427 60 45
2428 28 74
2429 6 36
2430 6 35
2431 60 46
2432 14 12
2433 6 36
2434 29 74
2435 60 45
2436 18 60
2437 13 12
2438 28 74
2439 29 74
2440 28 74
2441 60 46
2442 60 45
2443 29 74
2444 60 46
2445 28 74
2446 60 45
2447 6 35
2448 17 60
2449 18 60
2450 60 46
2451 6 36
2452 14 12
2453 60 45
2454 17 60
2455 6 35
2456 60 46
2457 29 74
2458 60 45
2459 18 60
2460 28 74
2461 6 36
2462 17 60
2463 6 35
2464 6 36
2465 60 46
2466 13 12
2467 29 74
2468 14 12
2469 13 12
2470 60 45
2471 18 60
2472 17 60
2473 18 60
2474 28 74
2475 29 74
2476 17 60
2477 6 35
2478 14 12
2479 28 74
2480 18 60
2481 6 36
2482 6 35
2483 17 60
2484 29 74
2485 28 74
2486 29 74
2487 28 74
2488 13 12
2489 60 46
2490 6 36
2491 14 12
2492 29 74
2493 18 60
2494 6 35
2495 28 74
2496 60 45
2497 29 74
2498 28 74
2499 29 74
2500 28 74
2501 13 12
2502 14 12
2503 29 74
2504 60 46
2505 13 12
2506 6 36
2507 6 35
2508 28 74
2509 60 45
2510 29 74
2511 17 60
2512 18 60
2513 28 74
2514 14 12
2515 6 36
2516 29 74
2517 13 12
2518 28 74
2519 29 74
2520 17 60
2521 18 60
2522 17 60
2523 6 35
2524 6 36
2525 60 46
2526 18 60
2527 28 74
2528 17 60
2529 18 60
2530 14 12
2531 60 45
2532 29 74
2533 17 60
2534 28 74
2535 13 12
2536 14 12
2537 29 74
2538 18 60
2539 13 12
2540 6 35
2541 6 36
2542 17 60
2543 28 74
2544 18 60
2545 29 74
2546 14 12
2547 60 46
2548 60 45
2549 6 35
2550 17 60
2551 13 12
2552 18 60
2553 28 74
2554 17 60
2555 6 36
2556 29 74
2557 6 35
2558 6 36
2559 28 74
2560 14 12
2561 60 46
2562 6 35
2563 13 12
2564 6 36
2565 60 45
2566 18 60
2567 6 35
2568 17 60
2569 29 74
2570 28 74
2571 18 60
2572 29 74
2573 6 36
2574 6 35
2575 28 74
2576 29 74
2577 17 60
2578 14 12
2579 60 46
2580 13 12
2581 60 45
2582 18 60
2583 14 12
2584 28 74
2585 29 74
2586 6 36
2587 60 46
2588 60 45
2589 13 12
2590 6 35
2591 28 74
2592 14 12
2593 6 36
2594 6 35
2595 6 36
2596 13 12
2597 14 12
2598 13 12
2599 6 35
2600 17 60
2601 29 74
2602 60 46
2603 14 12
2604 18 60
2605 6 36
2606 60 45
2607 13 12
2608 17 60
2609 6 35
2610 6 36
2611 18 60
2612 60 46
2613 17 60
2614 28 74
2615 29 74
2616 28 74
2617 29 74
2618 60 45
2619 28 74
2620 14 12
2621 60 46
2622 60 45
2623 29 74
2624 13 12
2625 28 74
2626 14 12
2627 29 74
2628 13 12
2629 60 46
2630 28 74
2631 6 35
2632 6 36
2633 14 12
2634 18 60
2635 13 12
2636 14 12
2637 17 60
2638 18 60
2639 29 74
2640 13 12
2641 28 74
2642 17 60
2643 14 12
2644 6 35
2645 29 74
2646 18 60
2647 13 12
2648 17 60
2649 60 45
2650 14 12
2651 13 12
2652 60 46
2653 28 74
2654 14 12
2655 60 45
2656 6 36
2657 13 12
2658 60 46
2659 14 12
2660 29 74
2661 60 45
2662 6 35
2663 18 60
2664 6 36
2665 6 35
2666 60 46
2667 60 45
2668 28 74
2669 6 36
2670 60 46
2671 13 12
2672 29 74
2673 60 45
2674 60 46
2675 6 35
2676 60 45
2677 14 12
2678 60 46
2679 17 60
2680 60 45
2681 28 74
2682 18 60
2683 13 12
2684 17 60
2685 18 60
2686 17 60
2687 29 74
2688 28 74
2689 6 36
2690 14 12
2691 60 46
2692 60 45
2693 6 35
2694 60 46
2695 6 36
2696 13 12
2697 18 60
2698 60 45
2699 29 74
2700 28 74
2701 14 12
2702 29 74
2703 28 74
2704 6 35
2705 17 60
2706 6 36
2707 6 35
2708 29 74
2709 60 46
2710 28 74
2711 29 74
2712 6 36
2713 13 12
2714 18 60
2715 6 35
2716 28 74
2717 17 60
2718 14 12
2719 18 60
2720 17 60
2721 60 45
2722 13 12
2723 29 74
2724 14 12
2725 18 60
2726 17 60
2727 18 60
2728 17 60
2729 13 12
2730 28 74
2731 29 74
2732 6 36
2733 60 46
2734 60 45
2735 14 12
2736 18 60
2737 28 74
2738 60 46
2739 13 12
2740 29 74
2741 28 74
2742 17 60
2743 60 45
2744 6 35
2745 60 46
2746 6 36
2747 14 12
2748 6 35
2749 60 45
2750 60 46
2751 29 74
2752 28 74
2753 6 36
2754 13 12
2755 29 74
2756 18 60
2757 14 12
2758 13 12
2759 28 74
2760 14 12
2761 6 35
2762 6 36
2763 13 12
2764 14 12
2765 60 45
2766 17 60
2767 18 60
2768 29 74
2769 17 60
2770 60 46
2771 28 74
2772 18 60
2773 60 45
2774 6 35
2775 29 74
2776 60 46
2777 28 74
2778 17 60
2779 6 36
2780 29 74
2781 18 60
2782 17 60
2783 6 35
2784 13 12
2785 60 45
2786 18 60
2787 14 12
2788 28 74
2789 17 60
2790 13 12
2791 6 36
2792 18 60
2793 6 35
2794 17 60
2795 18 60
2796 60 46
2797 60 45
2798 17 60
2799 14 12
2800 6 36
2801 13 12
2802 60 46
2803 29 74
2804 18 60
2805 6 35
2806 60 45
2807 14 12
2808 28 74
2809 6 36
2810 6 35
2811 60 46
2812 60 45
2813 13 12
2814 60 46
2815 60 45
2816 14 12
2817 29 74
2818 60 46
2819 28 74
2820 29 74
2821 28 74
2822 60 45
2823 6 36
2824 6 35
2825 6 36
2826 6 35
2827 60 46
2828 6 36
2829 13 12
2830 29 74
2831 14 12
2832 28 74
2833 60 45
2834 17 60
2835 13 12
2836 29 74
2837 28 74
2838 60 46
2839 18 60
2840 6 35
2841 60 45
2842 60 46
2843 14 12
2844 29 74
2845 28 74
2846 17 60
2847 60 45
2848 29 74
2849 6 36
2850 13 12
2851 60 46
2852 18 60
2853 60 45
2854 6 35
2855 14 12
2856 17 60
2857 28 74
2858 6 36
2859 6 35
2860 29 74
2861 60 46
2862 6 36
2863 13 12
2864 28 74
2865 60 45
2866 60 46
2867 18 60
2868 14 12
2869 13 12
2870 60 45
2871 14 12
2872 17 60
2873 6 35
2874 18 60
2875 17 60
2876 60 46
2877 13 12
2878 29 74
2879 14 12
2880 18 60
2881 13 12
2882 14 12
2883 28 74
2884 29 74
2885 60 45
2886 6 36
2887 13 12
2888 60 46
2889 14 12
2890 28 74
2891 13 12
2892 14 12
2893 13 12
2894 60 45
2895 14 12
2896 17 60
2897 29 74
2898 6 35
2899 13 12
2900 18 60
2901 28 74
2902 14 12
2903 29 74
2904 13 12
2905 6 36
2906 17 60
2907 14 12
2908 6 35
2909 28 74
2910 6 36
2911 29 74
2912 6 35
2913 6 36
2914 60 46
2915 60 45
2916 13 12
2917 14 12
2918 6 35
2919 6 36
2920 6 35
2921 18 60
2922 28 74
2923 6 36
2924 17 60
2925 29 74
2926 13 12
2927 60 46
2928 60 45
2929 28 74
2930 29 74
2931 60 46
2932 18 60
2933 28 74
2934 14 12
2935 17 60
2936 13 12
2937 18 60
2938 17 60
2939 29 74
2940 18 60
2941 17 60
2942 28 74
2943 18 60
2944 6 35
2945 60 45
2946 14 12
2947 13 12
2948 29 74
2949 17 60
2950 28 74
2951 14 12
2952 60 46
2953 29 74
2954 28 74
2955 6 36
2956 29 74
2957 60 45
2958 28 74
2959 29 74
2960 6 35
2961 28 74
2962 6 36
2963 13 12
2964 18 60
2965 6 35
2966 14 12
2967 29 74
2968 13 12
2969 17 60
2970 28 74
2971 14 12
2972 29 74
2973 6 36
2974 60 46
2975 13 12
2976 18 60
2977 60 45
2978 60 46
2979 17 60
2980 14 12
2981 13 12
2982 18 60
2983 14 12
2984 28 74
2985 6 35
2986 60 45
2987 6 36
2988 17 60
2989 29 74
2990 28 74
2991 13 12
2992 14 12
2993 18 60
2994 60 46
2995 29 74
2996 17 60
2997 6 35
2998 6 36
2999 6 35
3000 13 12
3001 60 45
3002 18 60
3003 6 36
3004 17 60
3005 60 46
3006 28 74
3007 60 45
3008 29 74
3009 18 60
3010 28 74
3011 6 35
3012 60 46
3013 29 74
3014 17 60
3015 18 60
3016 60 45
3017 17 60
3018 14 12
3019 18 60
3020 13 12
3021 60 46
3022 28 74
3023 29 74
3024 14 12
3025 13 12
3026 14 12
3027 17 60
3028 60 45
3029 13 12
3030 18 60
3031 17 60
3032 60 46
3033 14 12
3034 18 60
3035 6 36
3036 17 60
3037 18 60
3038 17 60
3039 6 35
3040 13 12
3041 18 60
3042 60 45
3043 28 74
3044 17 60
3045 14 12
3046 18 60
3047 17 60
3048 13 12
3049 29 74
3050 14 12
3051 28 74
3052 6 36
3053 6 35
3054 60 46
3055 60 45
3056 13 12
3057 29 74
3058 60 46
3059 6 36
3060 28 74
3061 14 12
3062 60 45
3063 18 60
3064 6 35
3065 17 60
3066 6 36
3067 6 35
3068 6 36
3069 13 12
3070 14 12
3071 18 60
3072 13 12
3073 6 35
3074 17 60
3075 60 46
3076 29 74
3077 14 12
3078 6 36
3079 6 35
3080 60 45
3081 18 60
3082 60 46
3083 6 36
3084 6 35
3085 13 12
3086 6 36
3087 14 12
3088 13 12
3089 14 12
3090 60 45
3091 28 74
3092 29 74
3093 13 12
3094 28 74
3095 14 12
3096 29 74
3097 17 60
3098 6 35
3099 28 74
3100 60 46
3101 29 74
3102 28 74
3103 29 74
3104 60 45
3105 6 36
3106 60 46
3107 6 35
3108 13 12
3109 28 74
3110 18 60
3111 60 45
3112 6 36
3113 6 35
3114 14 12
3115 13 12
3116 29 74
3117 17 60
3118 18 60
3119 17 60
3120 28 74
3121 60 46
3122 60 45
3123 18 60
3124 60 46
3125 14 12
3126 13 12
3127 14 12
3128 29 74
3129 28 74
3130 13 12
3131 6 36
3132 29 74
3133 6 35
3134 60 45
3135 14 12
3136 17 60
3137 13 12
3138 60 46
3139 6 36
3140 28 74
3141 29 74
3142 28 74
3143 6 35
3144 6 36
3145 60 45
3146 14 12
3147 13 12
3148 14 12
3149 29 74
3150 13 12
3151 6 35
3152 28 74
3153 60 46
3154 29 74
3155 60 45
3156 28 74
3157 14 12
3158 13 12
3159 6 36
3160 60 46
3161 60 45
3162 6 35
3163 14 12
3164 60 46
3165 60 45
3166 6 36
3167 13 12
3168 6 35
3169 60 46
3170 60 45
3171 18 60
3172 60 46
3173 6 36
3174 29 74
3175 6 35
3176 17 60
3177 28 74
3178 18 60
3179 14 12
3180 6 36
3181 6 35
3182 13 12
3183 14 12
3184 60 45
3185 6 36
3186 6 35
3187 6 36
3188 13 12
3189 17 60
3190 18 60
3191 6 35
3192 6 36
3193 6 35
3194 6 36
3195 29 74
3196 6 35
3197 6 36
3198 6 35
3199 17 60
3200 60 46
3201 60 45
3202 14 12
3203 6 36
3204 18 60
3205 6 35
3206 28 74
3207 13 12
3208 6 36
3209 29 74
3210 17 60
3211 18 60
3212 17 60
3213 18 60
3214 60 46
3215 14 12
3216 17 60
3217 28 74
3218 6 35
3219 60 45
3220 13 12
3221 6 36
3222 6 35
3223 14 12
3224 60 46
3225 60 45
3226 60 46
3227 6 36
3228 18 60
3229 13 12
3230 6 35
3231 14 12
3232 17 60
3233 18 60
3234 13 12
3235 60 45
3236 60 46
3237 6 36
3238 6 35
3239 14 12
3240 29 74
3241 28 74
3242 6 36
3243 60 45
3244 6 35
3245 6 36
3246 6 35
3247 29 74
3248 60 46
3249 28 74
3250 6 36
3251 17 60
3252 18 60
3253 13 12
3254 14 12
3255 6 35
3256 60 45
3257 17 60
3258 6 36
3259 60 46
3260 29 74
3261 18 60
3262 60 45
3263 6 35
3264 60 46
3265 28 74
3266 13 12
3267 60 45
3268 29 74
3269 28 74
3270 60 46
3271 6 36
3272 60 45
3273 29 74
3274 60 46
3275 14 12
3276 28 74
3277 60 45
3278 60 46
3279 29 74
3280 13 12
3281 14 12
3282 28 74
3283 60 45
3284 60 46
3285 13 12
3286 14 12
3287 60 45
3288 6 35
3289 60 46
3290 17 60
3291 60 45
3292 60 46
3293 6 36
3294 29 74
3295 28 74
3296 29 74
3297 18 60
3298 17 60
3299 18 60
3300 13 12
3301 60 45
3302 60 46
3303 17 60
3304 28 74
3305 60 45
3306 6 35
3307 29 74
3308 6 36
3309 6 35
3310 28 74
3311 29 74
3312 6 36
3313 6 35
3314 18 60
3315 28 74
3316 14 12
3317 29 74
3318 60 46
3319 17 60
3320 18 60
3321 28 74
3322 13 12
3323 14 12
3324 60 45
3325 17 60
3326 6 36
3327 13 12
3328 14 12
3329 60 46
3330 18 60
3331 6 35
3332 17 60
3333 29 74
3334 28 74
3335 13 12
3336 29 74
3337 18 60
3338 17 60
3339 18 60
3340 17 60
3341 28 74
3342 18 60
3343 17 60
3344 60 45
3345 6 36
3346 60 46
3347 6 35
3348 29 74
3349 60 45
3350 6 36
3351 28 74
3352 14 12
3353 60 46
3354 13 12
3355 14 12
3356 6 35
3357 6 36
3358 29 74
3359 18 60
3360 60 45
3361 60 46
3362 13 12
3363 14 12
3364 60 45
3365 6 35
3366 60 46
3367 60 45
3368 13 12
3369 17 60
3370 18 60
3371 6 36
3372 60 46
3373 17 60
3374 28 74
3375 14 12
3376 60 45
3377 18 60
3378 13 12
3379 60 46
3380 6 35
3381 14 12
3382 6 36
3383 6 35
3384 60 45
3385 13 12
3386 60 46
3387 14 12
3388 13 12
3389 6 36
3390 14 12
3391 17 60
3392 6 35
3393 29 74
3394 13 12
3395 18 60
3396 14 12
3397 6 36
3398 60 45
3399 60 46
3400 17 60
3401 13 12
3402 28 74
3403 6 35
3404 6 36
3405 6 35
3406 60 45
3407 29 74
3408 14 12
3409 60 46
3410 28 74
3411 6 36
3412 13 12
3413 60 45
3414 14 12
3415 6 35
3416 60 46
3417 29 74
3418 13 12
3419 18 60
3420 6 36
3421 28 74
3422 14 12
3423 60 45
3424 6 35
3425 29 74
3426 60 46
3427 17 60
3428 13 12
3429 6 36
3430 28 74
3431 6 35
3432 60 45
3433 18 60
3434 14 12
3435 17 60
3436 6 36
3437 60 46
3438 29 74
3439 28 74
3440 29 74
3441 60 45
3442 6 35
3443 6 36
3444 60 46
3445 60 45
3446 28 74
3447 13 12
3448 6 35
3449 6 36
3450 6 35
3451 60 46
3452 14 12
3453 29 74
3454 6 36
3455 60 45
3456 28 74
3457 60 46
3458 18 60
3459 13 12
3460 6 35
3461 14 12
3462 29 74
3463 13 12
3464 6 36
3465 6 35
3466 6 36
3467 60 45
3468 28 74
3469 17 60
3470 6 35
3471 14 12
3472 6 36
3473 13 12
3474 60 46
3475 6 35
3476 14 12
3477 6 36
3478 29 74
3479 28 74
3480 60 45
3481 18 60
3482 17 60
3483 6 35
3484 13 12
3485 14 12
3486 29 74
3487 28 74
3488 6 36
3489 18 60
3490 29 74
3491 17 60
3492 18 60
3493 6 35
3494 6 36
3495 28 74
3496 17 60
3497 6 35
3498 13 12
3499 18 60
3500 29 74
3501 60 46
3502 6 36
3503 60 45
3504 60 46
3505 14 12
3506 13 12
3507 6 35
3508 60 45
3509 28 74
3510 6 36
3511 6 35
3512 60 46
3513 29 74
3514 60 45
3515 6 36
3516 17 60
3517 60 46
3518 18 60
3519 28 74
3520 29 74
3521 14 12
3522 60 45
3523 17 60
3524 6 35
3525 60 46
3526 13 12
3527 14 12
3528 6 36
3529 13 12
3530 6 35
3531 6 36
3532 28 74
3533 6 35
3534 14 12
3535 6 36
3536 60 45
3537 29 74
3538 13 12
3539 28 74
3540 14 12
3541 29 74
3542 60 46
3543 13 12
3544 18 60
3545 28 74
3546 29 74
3547 6 35
3548 14 12
3549 6 36
3550 60 45
3551 28 74
3552 13 12
3553 60 46
3554 29 74
3555 6 35
3556 6 36
3557 14 12
3558 13 12
3559 17 60
3560 60 45
3561 60 46
3562 60 45
3563 28 74
3564 6 35
3565 60 46
3566 18 60
3567 6 36
3568 29 74
3569 17 60
3570 60 45
3571 18 60
3572 60 46
3573 60 45
3574 28 74
3575 60 46
3576 17 60
3577 6 35
3578 6 36
3579 29 74
3580 28 74
3581 29 74
3582 14 12
3583 6 35
3584 13 12
3585 60 45
3586 60 46
3587 28 74
3588 14 12
3589 6 36
3590 13 12
3591 14 12
3592 60 45
3593 13 12
3594 14 12
3595 29 74
3596 18 60
3597 6 35
3598 28 74
3599 60 46
3600 13 12
3601 60 45
3602 14 12
3603 29 74
3604 6 36
3605 13 12
3606 6 35
3607 28 74
3608 17 60
3609 14 12
3610 6 36
3611 60 46
3612 18 60
3613 17 60
3614 60 45
3615 60 46
3616 18 60
3617 60 45
3618 29 74
3619 60 46
3620 6 35
3621 17 60
3622 13 12
3623 28 74
3624 60 45
3625 29 74
3626 28 74
3627 6 36
3628 29 74
3629 14 12
3630 6 35
3631 6 36
3632 28 74
3633 13 12
3634 60 46
3635 29 74
3636 18 60
3637 17 60
3638 18 60
3639 60 45
3640 28 74
3641 17 60
3642 60 46
3643 18 60
3644 14 12
3645 6 35
3646 6 36
3647 60 45
3648 6 35
3649 13 12
3650 14 12
3651 13 12
3652 60 46
3653 17 60
3654 60 45
3655 6 36
3656 60 46
3657 60 45
3658 14 12
3659 60 46
3660 6 35
3661 18 60
3662 17 60
3663 6 36
3664 18 60
3665 6 35
3666 13 12
3667 60 45
3668 14 12
3669 17 60
3670 6 36
3671 6 35
3672 60 46
3673 60 45
3674 29 74
3675 6 36
3676 6 35
3677 18 60
3678 17 60
3679 6 36
3680 18 60
3681 13 12
3682 60 46
3683 14 12
3684 28 74
3685 17 60
3686 6 35
3687 18 60
3688 29 74
3689 28 74
3690 29 74
3691 6 36
3692 17 60
3693 13 12
3694 60 45
3695 18 60
3696 17 60
3697 14 12
3698 60 46
3699 28 74
3700 6 35
3701 18 60
3702 60 45
3703 13 12
3704 29 74
3705 60 46
3706 60 45
3707 60 46
3708 60 45
3709 14 12
3710 13 12
3711 6 36
3712 14 12
3713 13 12
3714 60 46
3715 60 45
3716 28 74
3717 60 46
3718 14 12
3719 17 60
3720 60 45
3721 60 46
3722 13 12
3723 6 35
3724 6 36
3725 14 12
3726 6 35
3727 29 74
3728 18 60
3729 6 36
3730 17 60
3731 13 12
3732 18 60
3733 17 60
3734 6 35
3735 18 60
3736 14 12
3737 6 36
3738 6 35
3739 6 36
3740 60 45
3741 6 35
3742 17 60
3743 18 60
3744 28 74
3745 29 74
3746 28 74
3747 60 46
3748 13 12
3749 14 12
3750 6 36
3751 6 35
3752 13 12
3753 29 74
3754 60 45
3755 6 36
3756 6 35
3757 60 46
3758 17 60
3759 18 60
3760 28 74
3761 14 12
3762 29 74
3763 60 45
3764 13 12
3765 14 12
3766 6 36
3767 60 46
3768 28 74
3769 60 45
3770 17 60
3771 13 12
3772 60 46
3773 14 12
3774 13 12
3775 14 12
3776 29 74
3777 18 60
3778 13 12
3779 60 45
3780 17 60
3781 60 46
3782 28 74
3783 6 35
3784 14 12
3785 18 60
3786 60 45
3787 13 12
3788 17 60
3789 6 36
3790 29 74
3791 6 35
3792 14 12
3793 60 46
3794 18 60
3795 60 45
3796 60 46
3797 6 36
3798 28 74
3799 6 35
3800 17 60
3801 29 74
3802 13 12
3803 6 36
3804 6 35
3805 14 12
3806 18 60
3807 6 36
3808 28 74
3809 29 74
3810 28 74
3811 17 60
3812 18 60
3813 13 12
3814 17 60
3815 60 45
3816 18 60
3817 14 12
3818 60 46
3819 60 45
3820 13 12
3821 14 12
3822 60 46
3823 6 35
3824 6 36
3825 17 60
3826 13 12
3827 6 35
3828 14 12
3829 6 36
3830 60 45
3831 18 60
3832 17 60
3833 13 12
3834 60 46
3835 60 45
3836 60 46
3837 29 74
3838 28 74
3839 6 35
3840 14 12
3841 29 74
3842 60 45
3843 28 74
3844 13 12
3845 14 12
3846 13 12
3847 14 12
3848 29 74
3849 28 74
3850 18 60
3851 13 12
3852 17 60
3853 18 60
3854 17 60
3855 14 12
3856 60 46
3857 29 74
3858 13 12
3859 6 36
3860 28 74
3861 18 60
3862 29 74
3863 28 74
3864 60 45
3865 60 46
3866 29 74
3867 17 60
3868 6 35
3869 60 45
3870 14 12
3871 60 46
3872 28 74
3873 6 36
3874 60 45
3875 60 46
3876 13 12
3877 60 45
3878 6 35
3879 14 12
3880 60 46
3881 60 45
3882 6 36
3883 6 35
3884 60 46
3885 18 60
3886 13 12
3887 14 12
3888 13 12
3889 17 60
3890 60 45
3891 14 12
3892 29 74
3893 18 60
3894 13 12
3895 6 36
3896 28 74
3897 17 60
3898 6 35
3899 60 46
3900 60 45
3901 60 46
3902 6 36
3903 29 74
3904 6 35
3905 18 60
3906 6 36
3907 6 35
3908 14 12
3909 17 60
3910 6 36
3911 6 35
3912 60 45
3913 60 46
3914 18 60
3915 28 74
3916 17 60
3917 13 12
3918 6 36
3919 6 35
3920 14 12
3921 18 60
3922 17 60
3923 13 12
3924 60 45
3925 29 74
3926 28 74
3927 18 60
3928 17 60
3929 60 46
3930 6 36
3931 29 74
3932 60 45
3933 18 60
3934 17 60
3935 60 46
3936 14 12
3937 13 12
3938 18 60
3939 14 12
3940 60 45
3941 17 60
3942 6 35
3943 18 60
3944 60 46
3945 60 45
3946 17 60
3947 18 60
3948 13 12
3949 28 74
3950 14 12
3951 13 12
3952 14 12
3953 6 36
3954 13 12
3955 6 35
3956 14 12
3957 13 12
3958 60 46
3959 14 12
3960 29 74
3961 17 60
3962 13 12
3963 14 12
3964 6 36
3965 13 12
3966 18 60
3967 17 60
3968 6 35
3969 14 12
3970 60 45
3971 28 74
3972 60 46
3973 60 45
3974 60 46
3975 18 60
3976 29 74
3977 60 45
3978 17 60
3979 6 36
3980 13 12
3981 18 60
3982 14 12
3983 6 35
3984 17 60
3985 6 36
3986 28 74
3987 6 35
3988 60 46
3989 29 74
3990 6 36
3991 18 60
3992 13 12
3993 60 45
3994 17 60
3995 60 46
3996 60 45
3997 28 74
3998 6 35
3999 18 60
4000 17 60
4001 29 74
4002 60 46
4003 60 45
4004 6 36
4005 60 46
4006 60 45
4007 6 35
4008 60 46
4009 60 45
4010 14 12
4011 28 74
4012 18 60
4013 13 12
4014 14 12
4015 6 36
4016 13 12
4017 6 35
4018 60 46
4019 29 74
4020 60 45
4021 6 36
4022 14 12
4023 28 74
4024 13 12
4025 60 46
4026 29 74
4027 14 12
4028 28 74
4029 13 12
4030 17 60
4031 18 60
4032 14 12
4033 6 35
4034 13 12
4035 60 45
4036 60 46
4037 17 60
4038 18 60
4039 14 12
4040 60 45
4041 60 46
4042 6 36
4043 60 45
4044 6 35
4045 60 46
4046 6 36
4047 29 74
4048 17 60
4049 28 74
4050 29 74
4051 60 45
4052 18 60
4053 60 46
4054 28 74
4055 60 45
4056 29 74
4057 6 35
4058 60 46
4059 6 36
4060 28 74
4061 13 12
4062 17 60
4063 60 45
4064 6 35
4065 29 74
4066 28 74
4067 29 74
4068 6 36
4069 6 35
4070 14 12
4071 6 36
4072 18 60
4073 28 74
4074 17 60
4075 60 46
4076 6 35
4077 60 45
4078 60 46
4079 60 45
4080 29 74
4081 28 74
4082 18 60
4083 17 60
4084 13 12
4085 6 36
4086 6 35
4087 60 46
4088 18 60
4089 14 12
4090 13 12
4091 6 36
4092 6 35
4093 6 36
4094 14 12
4095 29 74
4096 6 35
4097 60 45
4098 60 46
4099 13 12
4100 17 60
4101 6 36
4102 28 74
4103 18 60
4104 14 12
4105 17 60
4106 6 35
4107 6 36
4108 29 74
4109 13 12
4110 6 35
4111 28 74
4112 29 74
4113 60 45
4114 60 46
4115 6 36
4116 6 35
4117 28 74
4118 29 74
4119 18 60
4120 28 74
4121 60 45
4122 17 60
4123 29 74
4124 14 12
4125 13 12
4126 18 60
4127 60 46
4128 17 60
4129 14 12
4130 18 60
4131 60 45
4132 13 12
4133 14 12
4134 60 46
4135 6 36
4136 13 12
4137 6 35
4138 28 74
4139 17 60
4140 18 60
4141 60 45
4142 60 46
4143 14 12
4144 60 45
4145 13 12
4146 17 60
4147 60 46
4148 6 36
4149 60 45
4150 60 46
4151 14 12
4152 13 12
4153 14 12
4154 18 60
4155 17 60
4156 29 74
4157 60 45
4158 13 12
4159 28 74
4160 18 60
4161 14 12
4162 29 74
4163 60 46
4164 17 60
4165 18 60
4166 28 74
4167 6 35
4168 29 74
4169 60 45
4170 28 74
4171 60 46
4172 13 12
4173 14 12
4174 13 12
4175 17 60
4176 60 45
4177 6 36
4178 60 46
4179 18 60
4180 17 60
4181 29 74
4182 6 35
4183 60 45
4184 28 74
4185 29 74
4186 18 60
4187 6 36
4188 17 60
4189 6 35
4190 28 74
4191 29 74
4192 14 12
4193 28 74
4194 60 46
4195 60 45
4196 13 12
4197 14 12
4198 60 46
4199 13 12
4200 14 12
4201 60 45
4202 18 60
4203 13 12
4204 6 36
4205 6 35
4206 17 60
4207 14 12
4208 60 46
4209 13 12
4210 18 60
4211 14 12
4212 6 36
4213 60 45
4214 6 35
4215 13 12
4216 29 74
4217 60 46
4218 17 60
4219 60 45
4220 18 60
4221 6 36
4222 14 12
4223 60 46
4224 17 60
4225 6 35
4226 60 45
4227 18 60
4228 13 12
4229 6 36
4230 28 74
4231 29 74
4232 60 46
4233 60 45
4234 17 60
4235 60 46
4236 18 60
4237 60 45
4238 6 35
4239 60 46
4240 60 45
4241 60 46
4242 6 36
4243 60 45
4244 17 60
4245 14 12
4246 6 35
4247 28 74
4248 29 74
4249 60 46
4250 18 60
4251 17 60
4252 60 45
4253 18 60
4254 60 46
4255 17 60
4256 13 12
4257 14 12
4258 28 74
4259 6 36
4260 6 35
4261 18 60
4262 13 12
4263 29 74
4264 60 45
4265 14 12
4266 60 46
4267 28 74
4268 6 36
4269 13 12
4270 6 35
4271 14 12
4272 29 74
4273 28 74
4274 60 45
4275 17 60
4276 13 12
4277 14 12
4278 29 74
4279 13 12
4280 6 36
4281 18 60
4282 14 12
4283 13 12
4284 60 46
4285 14 12
4286 6 35
4287 60 45
4288 17 60
4289 6 36
4290 13 12
4291 60 46
4292 14 12
4293 6 35
4294 28 74
4295 29 74
4296 6 36
4297 60 45
4298 13 12
4299 28 74
4300 29 74
4301 6 35
4302 28 74
4303 60 46
4304 14 12
4305 29 74
4306 28 74
4307 29 74
4308 13 12
4309 28 74
4310 18 60
4311 6 36
4312 60 45
4313 60 46
4314 60 45
4315 6 35
4316 14 12
4317 6 36
4318 29 74
4319 13 12
4320 17 60
4321 60 46
4322 14 12
4323 28 74
4324 6 35
4325 60 45
4326 60 46
4327 13 12
4328 18 60
4329 17 60
4330 6 36
4331 29 74
4332 60 45
4333 6 35
4334 14 12
4335 6 36
4336 18 60
4337 13 12
4338 60 46
4339 17 60
4340 14 12
4341 28 74
4342 18 60
4343 6 35
4344 60 45
4345 13 12
4346 6 36
4347 6 35
4348 6 36
4349 17 60
4350 60 46
4351 18 60
4352 14 12
4353 6 35
4354 29 74
4355 28 74
4356 13 12
4357 29 74
4358 6 36
4359 17 60
4360 14 12
4361 18 60
4362 60 45
4363 60 46
4364 60 45
4365 28 74
4366 60 46
4367 6 35
4368 13 12
4369 29 74
4370 14 12
4371 28 74
4372 6 36
4373 6 35
4374 6 36
4375 29 74
4376 13 12
4377 14 12
4378 13 12
4379 14 12
4380 6 35
4381 6 36
4382 13 12
4383 17 60
4384 6 35
4385 14 12
4386 13 12
4387 14 12
4388 13 12
4389 14 12
4390 6 36
4391 13 12
4392 28 74
4393 14 12
4394 60 45
4395 60 46
4396 29 74
4397 60 45
4398 6 35
4399 18 60
4400 13 12
4401 14 12
4402 17 60
4403 18 60
4404 60 46
4405 13 12
4406 28 74
4407 14 12
4408 29 74
4409 28 74
4410 17 60
4411 6 36
4412 18 60
4413 60 45
4414 29 74
4415 28 74
4416 17 60
4417 6 35
4418 18 60
4419 29 74
4420 28 74
4421 29 74
4422 6 36
4423 17 60
4424 6 35
4425 13 12
4426 6 36
4427 14 12
4428 18 60
4429 28 74
4430 60 46
4431 60 45
4432 60 46
4433 13 12
4434 60 45
4435 6 35
4436 14 12
4437 13 12
4438 29 74
4439 17 60
4440 14 12
4441 60 46
4442 6 36
4443 18 60
4444 28 74
4445 29 74
4446 13 12
4447 28 74
4448 17 60
4449 6 35
4450 14 12
4451 6 36
4452 18 60
4453 17 60
4454 6 35
4455 18 60
4456 60 45
4457 13 12
4458 6 36
4459 14 12
4460 29 74
4461 60 46
4462 17 60
4463 6 35
4464 60 45
4465 6 36
4466 18 60
4467 28 74
4468 6 35
4469 17 60
4470 13 12
4471 6 36
4472 6 35
4473 60 46
4474 29 74
4475 18 60
4476 14 12
4477 28 74
4478 60 45
4479 29 74
4480 13 12
4481 17 60
4482 28 74
4483 29 74
4484 28 74
4485 6 36
4486 14 12
4487 29 74
4488 13 12
4489 28 74
4490 6 35
4491 14 12
4492 13 12
4493 18 60
4494 14 12
4495 60 46
4496 6 36
4497 29 74
4498 17 60
4499 60 45
4500 60 46
4501 13 12
4502 14 12
4503 6 35
4504 18 60
4505 28 74
4506 60 45
4507 17 60
4508 18 60
4509 17 60
4510 29 74
4511 60 46
4512 60 45
4513 28 74
4514 29 74
4515 13 12
4516 18 60
4517 6 36
4518 6 35
4519 28 74
4520 60 46
4521 17 60
4522 29 74
4523 28 74
4524 14 12
4525 13 12
4526 60 45
4527 29 74
4528 18 60
4529 60 46
4530 6 36
4531 14 12
4532 13 12
4533 6 35
4534 6 36
4535 17 60
4536 18 60
4537 6 35
4538 6 36
4539 17 60
4540 6 35
4541 14 12
4542 13 12
4543 18 60
4544 60 45
4545 28 74
4546 60 46
4547 29 74
4548 6 36
4549 6 35
4550 28 74
4551 17 60
4552 60 45
4553 14 12
4554 60 46
4555 60 45
4556 29 74
4557 13 12
4558 28 74
4559 18 60
4560 60 46
4561 14 12
4562 29 74
4563 28 74
4564 29 74
4565 17 60
4566 28 74
4567 29 74
4568 28 74
4569 6 36
4570 29 74
4571 13 12
4572 6 35
4573 6 36
4574 60 45
4575 60 46
4576 60 45
4577 60 46
4578 60 45
4579 6 35
4580 14 12
4581 18 60
4582 13 12
4583 14 12
4584 13 12
4585 28 74
4586 60 46
4587 17 60
4588 60 45
4589 29 74
4590 60 46
4591 18 60
4592 17 60
4593 6 36
4594 14 12
4595 28 74
4596 6 35
4597 60 45
4598 29 74
4599 28 74
4600 13 12
4601 29 74
4602 14 12
4603 18 60
4604 6 36
4605 13 12
4606 17 60
4607 60 46
4608 14 12
4609 6 35
4610 60 45
4611 13 12
4612 18 60
4613 28 74
4614 60 46
4615 14 12
4616 60 45
4617 60 46
4618 17 60
4619 13 12
4620 60 45
4621 60 46
4622 60 45
4623 6 36
4624 29 74
4625 14 12
4626 6 35
4627 6 36
4628 18 60
4629 28 74
4630 13 12
4631 6 35
4632 14 12
4633 60 46
4634 13 12
4635 60 45
4636 60 46
4637 60 45
4638 14 12
4639 60 46
4640 13 12
4641 6 36
4642 14 12
4643 6 35
4644 29 74
4645 13 12
4646 17 60
4647 6 36
4648 6 35
4649 6 36
4650 28 74
4651 18 60
4652 29 74
4653 60 45
4654 17 60
4655 60 46
4656 28 74
4657 14 12
4658 6 35
4659 29 74
4660 13 12
4661 6 36
4662 6 35
4663 28 74
4664 6 36
4665 18 60
4666 6 35
4667 14 12
4668 13 12
4669 17 60
4670 6 36
4671 6 35
4672 18 60
4673 6 36
4674 29 74
4675 17 60
4676 6 35
4677 6 36
4678 28 74
4679 18 60
4680 60 45
4681 6 35
4682 14 12
4683 17 60
4684 6 36
4685 6 35
4686 13 12
4687 14 12
4688 13 12
4689 60 46
4690 14 12
4691 29 74
4692 60 45
4693 13 12
4694 14 12
4695 6 36
4696 13 12
4697 60 46
4698 6 35
4699 60 45
4700 14 12
4701 6 36
4702 13 12
4703 28 74
4704 14 12
4705 29 74
4706 28 74
4707 29 74
4708 60 46
4709 18 60
4710 28 74
4711 17 60
4712 18 60
4713 17 60
4714 18 60
4715 13 12
4716 14 12
4717 60 45
4718 29 74
4719 17 60
4720 6 35
4721 13 12
4722 60 46
4723 18 60
4724 60 45
4725 14 12
4726 60 46
4727 6 36
4728 17 60
4729 60 45
4730 6 35
4731 13 12
4732 28 74
4733 6 36
4734 29 74
4735 28 74
4736 29 74
4737 60 46
4738 14 12
4739 13 12
4740 18 60
4741 28 74
4742 14 12
4743 17 60
4744 13 12
4745 18 60
4746 14 12
4747 17 60
4748 18 60
4749 60 45
4750 13 12
4751 6 35
4752 17 60
4753 29 74
4754 6 36
4755 14 12
4756 13 12
4757 18 60
4758 6 35
4759 60 46
4760 14 12
4761 13 12
4762 6 36
4763 14 12
4764 6 35
4765 13 12
4766 28 74
4767 14 12
4768 29 74
4769 13 12
4770 6 36
4771 14 12
4772 13 12
4773 28 74
4774 29 74
4775 17 60
4776 28 74
4777 29 74
4778 6 35
4779 28 74
4780 60 45
4781 14 12
4782 6 36
4783 18 60
4784 17 60
4785 60 46
4786 29 74
4787 28 74
4788 29 74
4789 6 35
4790 60 45
4791 60 46
4792 13 12
4793 28 74
4794 14 12
4795 13 12
4796 18 60
4797 6 36
4798 29 74
4799 6 35
4800 17 60
4801 18 60
4802 14 12
4803 60 45
4804 13 12
4805 6 36
4806 28 74
4807 6 35
4808 14 12
4809 13 12
4810 29 74
4811 14 12
4812 17 60
4813 6 36
4814 18 60
4815 13 12
4816 28 74
4817 29 74
4818 14 12
4819 13 12
4820 60 46
4821 60 45
4822 14 12
4823 13 12
4824 6 35
4825 17 60
4826 6 36
4827 18 60
4828 28 74
4829 60 46
4830 17 60
4831 29 74
4832 60 45
4833 6 35
4834 60 46
4835 60 45
4836 28 74
4837 29 74
4838 28 74
4839 29 74
4840 14 12
4841 13 12
4842 14 12
4843 28 74
4844 29 74
4845 18 60
4846 60 46
4847 17 60
4848 6 36
4849 28 74
4850 6 35
4851 60 45
4852 18 60
4853 6 36
4854 6 35
4855 13 12
4856 14 12
4857 60 46
4858 13 12
4859 6 36
4860 29 74
4861 28 74
4862 14 12
4863 60 45
4864 6 35
4865 29 74
4866 17 60
4867 13 12
4868 6 36
4869 14 12
4870 18 60
4871 17 60
4872 60 46
4873 6 35
4874 6 36
4875 6 35
4876 6 36
4877 13 12
4878 18 60
4879 60 45
4880 14 12
4881 60 46
4882 60 45
4883 60 46
4884 13 12
4885 14 12
4886 13 12
4887 17 60
4888 6 35
4889 18 60
4890 60 45
4891 14 12
4892 60 46
4893 60 45
4894 13 12
4895 60 46
4896 28 74
4897 29 74
4898 60 45
4899 60 46
4900 60 45
4901 28 74
4902 17 60
4903 6 36
4904 6 35
4905 6 36
4906 14 12
4907 6 35
4908 29 74
4909 18 60
4910 28 74
4911 29 74
4912 13 12
4913 60 46
4914 14 12
4915 60 45
4916 17 60
4917 6 36
4918 6 35
4919 13 12
4920 6 36
4921 18 60
4922 17 60
4923 28 74
4924 14 12
4925 18 60
4926 17 60
4927 13 12
4928 60 46
4929 6 35
4930 6 36
4931 18 60
4932 6 35
4933 17 60
4934 14 12
4935 13 12
4936 18 60
4937 17 60
4938 18 60
4939 60 45
4940 6 36
4941 29 74
4942 17 60
4943 14 12
4944 60 46
4945 60 45
4946 13 12
4947 60 46
4948 18 60
4949 28 74
4950 17 60
4951 29 74
4952 6 35
4953 28 74
4954 60 45
4955 6 36
4956 18 60
4957 17 60
4958 29 74
4959 28 74
4960 29 74
4961 14 12
4962 6 35
4963 28 74
4964 6 36
4965 60 46
4966 6 35
4967 60 45
4968 60 46
4969 18 60
4970 29 74
4971 6 36
4972 13 12
4973 17 60
4974 60 45
4975 60 46
4976 14 12
4977 18 60
4978 60 45
4979 17 60
4980 6 35
4981 6 36
4982 18 60
4983 17 60
4984 6 35
4985 60 46
4986 28 74
4987 6 36
4988 6 35
4989 13 12
4990 6 36
4991 18 60
4992 60 45
4993 17 60
4994 29 74
4995 28 74
4996 6 35
4997 18 60
4998 60 46
4999 29 74
5000 17 60
5001 28 74
5002 29 74
5003 28 74
5004 60 45
5005 29 74
5006 28 74
5007 14 12
5008 60 46
5009 29 74
5010 18 60
5011 60 45
5012 6 36
5013 13 12
5014 6 35
5015 6 36
5016 28 74
5017 14 12
5018 17 60
5019 13 12
5020 60 46
5021 14 12
5022 18 60
5023 6 35
5024 6 36
5025 29 74
5026 17 60
5027 60 45
5028 28 74
5029 60 46
5030 29 74
5031 18 60
5032 17 60
5033 13 12
5034 60 45
5035 28 74
5036 18 60
5037 6 35
5038 60 46
5039 14 12
5040 29 74
5041 13 12
5042 6 36
5043 17 60
5044 18 60
5045 14 12
5046 17 60
5047 13 12
5048 60 45
5049 18 60
5050 17 60
5051 18 60
5052 17 60
5053 18 60
5054 28 74
5055 17 60
5056 14 12
5057 13 12
5058 29 74
5059 60 46
5060 60 45
5061 28 74
5062 14 12
5063 60 46
5064 6 35
5065 18 60
5066 17 60
5067 6 36
5068 60 45
5069 18 60
5070 29 74
5071 60 46
5072 6 35
5073 60 45
5074 13 12
5075 60 46
5076 14 12
5077 28 74
5078 29 74
5079 60 45
5080 6 36
5081 13 12
5082 28 74
5083 60 46
5084 6 35
5085 17 60
5086 18 60
5087 14 12
5088 29 74
5089 28 74
5090 60 45
5091 29 74
5092 6 36
5093 17 60
5094 18 60
5095 13 12
5096 60 46
5097 60 45
5098 6 35
5099 6 36
5100 28 74
5101 17 60
5102 29 74
5103 18 60
5104 6 35
5105 28 74
5106 29 74
5107 60 46
5108 6 36
5109 14 12
5110 28 74
5111 60 45
5112 60 46
5113 17 60
5114 13 12
5115 29 74
5116 6 35
5117 60 45
5118 60 46
5119 14 12
5120 6 36
5121 18 60
5122 6 35
5123 60 45
5124 60 46
5125 6 36
5126 13 12
5127 60 45
5128 60 46
5129 17 60
5130 6 35
5131 14 12
5132 28 74
5133 6 36
5134 29 74
5135 60 45
5136 13 12
5137 14 12
5138 18 60
5139 6 35
5140 60 46
5141 6 36
5142 28 74
5143 6 35
5144 13 12
5145 29 74
5146 17 60
5147 60 45
5148 6 36
5149 6 35
5150 14 12
5151 60 46
5152 18 60
5153 6 36
5154 17 60
5155 6 35
5156 60 45
5157 13 12
5158 28 74
5159 6 36
5160 18 60
5161 14 12
5162 13 12
5163 14 12
5164 17 60
5165 60 46
5166 13 12
5167 6 35
5168 14 12
5169 13 12
5170 29 74
5171 6 36
5172 14 12
5173 28 74
5174 13 12
5175 60 45
5176 14 12
5177 13 12
5178 6 35
5179 6 36
5180 60 46
5181 29 74
5182 14 12
5183 28 74
5184 60 45
5185 18 60
5186 13 12
5187 17 60
5188 29 74
5189 60 46
5190 18 60
5191 6 35
5192 28 74
5193 17 60
5194 29 74
5195 60 45
5196 6 36
5197 18 60
5198 17 60
5199 60 46
5200 18 60
5201 17 60
5202 6 35
5203 60 45
5204 60 46
5205 18 60
5206 6 36
5207 17 60
5208 18 60
5209 17 60
5210 28 74
5211 6 35
5212 60 45
5213 60 46
5214 6 36
5215 18 60
5216 29 74
5217 14 12
5218 28 74
5219 29 74
5220 6 35
5221 6 36
5222 28 74
5223 60 45
5224 13 12
5225 60 46
5226 17 60
5227 14 12
5228 6 35
5229 29 74
5230 18 60
5231 13 12
5232 6 36
5233 14 12
5234 17 60
5235 60 45
5236 13 12
5237 60 46
5238 6 35
5239 14 12
5240 13 12
5241 60 45
5242 18 60
5243 28 74
5244 29 74
5245 28 74
5246 6 36
5247 60 46
5248 29 74
5249 28 74
5250 17 60
5251 6 35
5252 29 74
5253 28 74
5254 14 12
5255 13 12
5256 60 45
5257 14 12
5258 13 12
5259 6 36
5260 14 12
5261 29 74
5262 6 35
5263 60 46
5264 18 60
5265 28 74
5266 13 12
5267 17 60
5268 14 12
5269 60 45
5270 18 60
5271 13 12
5272 6 36
5273 6 35
5274 6 36
5275 60 46
5276 17 60
5277 18 60
5278 14 12
5279 13 12
5280 14 12
5281 29 74
5282 17 60
5283 6 35
5284 28 74
5285 18 60
5286 17 60
5287 60 45
5288 18 60
5289 60 46
5290 13 12
5291 29 74
5292 17 60
5293 14 12
5294 18 60
5295 17 60
5296 28 74
5297 29 74
5298 6 36
5299 13 12
5300 6 35
5301 28 74
5302 60 45
5303 14 12
5304 6 36
5305 60 46
5306 6 35
5307 6 36
5308 29 74
5309 28 74
5310 18 60
5311 13 12
5312 6 35
5313 14 12
5314 13 12
5315 60 45
5316 29 74
5317 60 46
5318 17 60
5319 6 36
5320 14 12
5321 60 45
5322 28 74
5323 29 74
5324 6 35
5325 13 12
5326 14 12
5327 18 60
5328 13 12
5329 17 60
5330 6 36
5331 14 12
5332 13 12
5333 18 60
5334 6 35
5335 60 46
5336 6 36
5337 6 35
5338 14 12
5339 17 60
5340 28 74
5341 29 74
5342 18 60
5343 6 36
5344 60 45
5345 17 60
5346 60 46
5347 6 35
5348 18 60
5349 60 45
5350 28 74
5351 6 36
5352 13 12
5353 17 60
5354 60 46
5355 14 12
5356 60 45
5357 13 12
5358 6 35
5359 18 60
5360 17 60
5361 14 12
5362 29 74
5363 6 36
5364 60 46
5365 28 74
5366 6 35
5367 13 12
5368 14 12
5369 18 60
5370 29 74
5371 17 60
5372 60 45
5373 60 46
5374 60 45
5375 28 74
5376 29 74
5377 60 46
5378 13 12
5379 18 60
5380 17 60
5381 18 60
5382 60 45
5383 28 74
5384 17 60
5385 29 74
5386 28 74
5387 18 60
5388 17 60
5389 18 60
5390 6 36
5391 60 46
5392 14 12
5393 13 12
5394 60 45
5395 17 60
5396 18 60
5397 6 35
5398 60 46
5399 60 45
5400 6 36
5401 17 60
5402 18 60
5403 14 12
5404 13 12
5405 17 60
5406 14 12
5407 13 12
5408 29 74
5409 18 60
5410 14 12
5411 17 60
5412 13 12
5413 60 46
5414 60 45
5415 6 35
5416 18 60
5417 14 12
5418 13 12
5419 60 46
5420 6 36
5421 60 45
5422 6 35
5423 6 36
5424 17 60
5425 60 46
5426 18 60
5427 14 12
5428 60 45
5429 13 12
5430 28 74
5431 60 46
5432 6 35
5433 60 45
5434 14 12
5435 6 36
5436 17 60
5437 13 12
5438 29 74
5439 14 12
5440 6 35
5441 6 36
5442 60 46
5443 13 12
5444 18 60
5445 17 60
5446 60 45
5447 6 35
5448 6 36
5449 60 46
5450 14 12
5451 6 35
5452 18 60
5453 13 12
5454 17 60
5455 14 12
5456 18 60
5457 6 36
5458 6 35
5459 17 60
5460 18 60
5461 17 60
5462 60 45
5463 18 60
5464 28 74
5465 29 74
5466 28 74
5467 60 46
5468 13 12
5469 29 74
5470 60 45
5471 28 74
5472 29 74
5473 17 60
5474 60 46
5475 6 36
5476 18 60
5477 28 74
5478 6 35
5479 60 45
5480 6 36
5481 17 60
5482 29 74
5483 28 74
5484 29 74
5485 14 12
5486 60 46
5487 60 45
5488 6 35
5489 18 60
5490 60 46
5491 60 45
5492 60 46
5493 17 60
5494 6 36
5495 6 35
5496 60 45
5497 18 60
5498 6 36
5499 60 46
5500 6 35
5501 28 74
5502 29 74
5503 6 36
5504 28 74
5505 60 45
5506 6 35
5507 6 36
5508 6 35
5509 13 12
5510 6 36
5511 14 12
5512 13 12
5513 6 35
5514 60 46
5515 17 60
5516 29 74
5517 60 45
5518 60 46
5519 6 36
5520 6 35
5521 60 45
5522 14 12
5523 18 60
5524 13 12
5525 60 46
5526 14 12
5527 13 12
5528 14 12
5529 13 12
5530 28 74
5531 29 74
5532 60 45
5533 60 46
5534 17 60
5535 28 74
5536 18 60
5537 17 60
5538 18 60
5539 60 45
5540 14 12
5541 60 46
5542 17 60
5543 13 12
5544 6 36
5545 60 45
5546 6 35
5547 60 46
5548 18 60
5549 17 60
5550 29 74
5551 60 45
5552 28 74
5553 29 74
5554 6 36
5555 60 46
5556 14 12
5557 60 45
5558 28 74
5559 18 60
5560 13 12
5561 6 35
5562 60 46
5563 60 45
5564 29 74
5565 17 60
5566 18 60
5567 14 12
5568 6 36
5569 6 35
5570 60 46
5571 28 74
5572 17 60
5573 18 60
5574 17 60
5575 6 36
5576 6 35
5577 60 45
5578 6 36
5579 29 74
5580 6 35
5581 60 46
5582 60 45
5583 13 12
5584 14 12
5585 28 74
5586 13 12
5587 14 12
5588 29 74
5589 28 74
5590 29 74
5591 18 60
5592 28 74
5593 17 60
5594 6 36
5595 60 46
5596 13 12
5597 14 12
5598 18 60
5599 13 12
5600 17 60
5601 6 35
5602 60 45
5603 29 74
5604 14 12
5605 28 74
5606 6 36
5607 60 46
5608 29 74
5609 6 35
5610 28 74
5611 29 74
5612 60 45
5613 18 60
5614 17 60
5615 18 60
5616 60 46
5617 17 60
5618 6 36
5619 28 74
5620 29 74
5621 13 12
5622 28 74
5623 14 12
5624 18 60
5625 60 45
5626 29 74
5627 28 74
5628 17 60
5629 6 35
5630 13 12
5631 6 36
5632 6 35
5633 29 74
5634 14 12
5635 13 12
5636 14 12
5637 13 12
5638 18 60
5639 60 46
5640 60 45
5641 6 36
5642 14 12
5643 13 12
5644 6 35
5645 14 12
5646 17 60
5647 13 12
5648 18 60
5649 6 36
5650 6 35
5651 17 60
5652 14 12
5653 60 46
5654 28 74
5655 13 12
5656 60 45
5657 18 60
5658 14 12
5659 60 46
5660 29 74
5661 28 74
5662 60 45
5663 13 12
5664 29 74
5665 6 36
5666 28 74
5667 14 12
5668 60 46
5669 13 12
5670 60 45
5671 17 60
5672 60 46
5673 60 45
5674 14 12
5675 18 60
5676 17 60
5677 13 12
5678 6 35
5679 6 36
5680 14 12
5681 6 35
5682 18 60
5683 29 74
5684 13 12
5685 14 12
5686 28 74
5687 17 60
5688 6 36
5689 18 60
5690 60 46
5691 6 35
5692 13 12
5693 17 60
5694 6 36
5695 60 45
5696 29 74
5697 60 46
5698 6 35
5699 60 45
5700 6 36
5701 18 60
5702 14 12
5703 60 46
5704 6 35
5705 60 45
5706 13 12
5707 60 46
5708 14 12
5709 60 45
5710 28 74
5711 29 74
5712 6 36
5713 17 60
5714 13 12
5715 14 12
5716 13 12
5717 18 60
5718 28 74
5719 17 60
5720 18 60
5721 14 12
5722 17 60
5723 6 35
5724 60 46
5725 13 12
5726 18 60
5727 14 12
5728 13 12
5729 14 12
5730 6 36
5731 17 60
5732 60 45
5733 29 74
5734 28 74
5735 6 35
5736 18 60
5737 29 74
5738 17 60
5739 28 74
5740 6 36
5741 29 74
5742 13 12
5743 28 74
5744 14 12
5745 6 35
5746 60 46
5747 6 36
5748 13 12
5749 29 74
5750 18 60
5751 14 12
5752 60 45
5753 17 60
5754 18 60
5755 17 60
5756 28 74
5757 18 60
5758 17 60
5759 29 74
5760 28 74
5761 60 46
5762 29 74
5763 18 60
5764 17 60
5765 18 60
5766 60 45
5767 13 12
5768 6 35
5769 14 12
5770 17 60
5771 6 36
5772 6 35
5773 60 46
5774 18 60
5775 17 60
5776 6 36
5777 60 45
5778 18 60
5779 60 46
5780 6 35
5781 60 45
5782 17 60
5783 6 36
5784 28 74
5785 13 12
5786 60 46
5787 18 60
5788 6 35
5789 17 60
5790 29 74
5791 6 36
5792 14 12
5793 13 12
5794 60 45
5795 60 46
5796 18 60
5797 14 12
5798 13 12
5799 14 12
5800 60 45
5801 17 60
5802 28 74
5803 18 60
5804 60 46
5805 17 60
5806 29 74
5807 13 12
5808 6 35
5809 28 74
5810 29 74
5811 60 45
5812 60 46
5813 60 45
5814 14 12
5815 18 60
5816 13 12
5817 14 12
5818 28 74
5819 6 36
5820 6 35
5821 29 74
5822 17 60
5823 18 60
5824 60 46
5825 13 12
5826 17 60
5827 6 36
5828 18 60
5829 14 12
5830 60 45
5831 60 46
5832 6 35
5833 6 36
5834 60 45
5835 60 46
5836 17 60
5837 13 12
5838 28 74
5839 14 12
5840 60 45
5841 29 74
5842 13 12
5843 6 35
5844 60 46
5845 6 36
5846 18 60
5847 6 35
5848 17 60
5849 60 45
5850 14 12
5851 13 12
5852 6 36
5853 6 35
5854 6 36
5855 14 12
5856 18 60
5857 13 12
5858 28 74
5859 6 35
5860 14 12
5861 6 36
5862 6 35
5863 17 60
5864 60 46
5865 29 74
5866 28 74
5867 6 36
5868 13 12
5869 18 60
5870 6 35
5871 60 45
5872 29 74
5873 28 74
5874 60 46
5875 29 74
5876 28 74
5877 29 74
5878 17 60
5879 14 12
5880 60 45
5881 60 46
5882 6 36
5883 60 45
5884 60 46
5885 18 60
5886 60 45
5887 60 46
5888 6 35
5889 28 74
5890 13 12
5891 14 12
5892 13 12
5893 17 60
5894 60 45
5895 60 46
5896 14 12
5897 13 12
5898 14 12
5899 18 60
5900 60 45
5901 17 60
5902 60 46
5903 29 74
5904 60 45
5905 60 46
5906 28 74
5907 60 45
5908 60 46
5909 29 74
5910 60 45
5911 60 46
5912 60 45
5913 60 46
5914 18 60
5915 17 60
5916 60 45
5917 18 60
5918 13 12
5919 6 36
5920 60 46
5921 17 60
5922 6 35
5923 28 74
5924 60 45
5925 60 46
5926 60 45
5927 14 12
5928 18 60
5929 6 36
5930 17 60
5931 6 35
5932 6 36
5933 6 35
5934 29 74
5935 6 36
5936 28 74
5937 13 12
5938 18 60
5939 14 12
5940 6 35
5941 29 74
5942 6 36
5943 6 35
5944 28 74
5945 17 60
5946 29 74
5947 60 46
5948 60 45
5949 13 12
5950 28 74
5951 60 46
5952 18 60
5953 14 12
5954 17 60
5955 18 60
5956 6 36
5957 60 45
5958 29 74
5959 60 46
5960 13 12
5961 6 35
5962 28 74
5963 17 60
5964 18 60
5965 60 45
5966 6 36
5967 29 74
5968 14 12
5969 28 74
5970 13 12
5971 29 74
5972 28 74
5973 6 35
5974 29 74
5975 14 12
5976 6 36
5977 13 12
5978 60 46
5979 6 35
5980 14 12
5981 60 45
5982 60 46
5983 28 74
5984 13 12
5985 6 36
5986 29 74
5987 60 45
5988 28 74
5989 6 35
5990 29 74
5991 17 60
5992 6 36
5993 14 12
5994 18 60
5995 17 60
5996 18 60
5997 60 46
5998 17 60
5999 60 45
6000 18 60
6001 28 74
6002 13 12
6003 17 60
6004 60 46
6005 18 60
6006 6 35
6007 29 74
6008 6 36
6009 17 60
6010 28 74
6011 6 35
6012 60 45
6013 29 74
6014 18 60
6015 60 46
6016 17 60
6017 28 74
6018 60 45
6019 14 12
6020 60 46
6021 6 36
6022 60 45
6023 60 46
6024 60 45
6025 6 35
6026 29 74
6027 28 74
6028 29 74
6029 13 12
6030 60 46
6031 6 36
6032 14 12
6033 13 12
6034 28 74
6035 14 12
6036 29 74
6037 6 35
6038 13 12
6039 18 60
6040 17 60
6041 14 12
6042 60 45
6043 18 60
6044 60 46
6045 17 60
6046 28 74
6047 60 45
6048 13 12
6049 14 12
6050 13 12
6051 6 36
6052 60 46
6053 14 12
6054 13 12
6055 6 35
6056 18 60
6057 60 45
6058 60 46
6059 29 74
6060 28 74
6061 29 74
6062 28 74
6063 17 60
6064 18 60
6065 14 12
6066 13 12
6067 29 74
6068 60 45
6069 28 74
6070 6 36
6071 6 35
6072 60 46
6073 14 12
6074 6 36
6075 29 74
6076 28 74
6077 6 35
6078 13 12
6079 17 60
6080 14 12
6081 60 45
6082 18 60
6083 6 36
6084 17 60
6085 18 60
6086 60 46
6087 60 45
6088 29 74
6089 6 35
6090 60 46
6091 13 12
6092 14 12
6093 17 60
6094 18 60
6095 60 45
6096 6 36
6097 17 60
6098 13 12
6099 28 74
6100 29 74
6101 18 60
6102 28 74
6103 17 60
6104 14 12
6105 60 46
6106 29 74
6107 13 12
6108 18 60
6109 28 74
6110 17 60
6111 14 12
6112 13 12
6113 60 45
6114 6 35
6115 6 36
6116 29 74
6117 28 74
6118 6 35
6119 6 36
6120 6 35
6121 60 46
6122 18 60
6123 14 12
6124 29 74
6125 13 12
6126 14 12
6127 6 36
6128 28 74
6129 13 12
6130 14 12
6131 60 45
6132 17 60
6133 29 74
6134 18 60
6135 13 12
6136 28 74
6137 14 12
6138 60 46
6139 13 12
6140 6 35
6141 14 12
6142 29 74
6143 28 74
6144 60 45
6145 60 46
6146 29 74
6147 13 12
6148 60 45
6149 28 74
6150 60 46
6151 6 36
6152 14 12
6153 29 74
6154 17 60
6155 28 74
6156 18 60
6157 6 35
6158 17 60
6159 60 45
6160 6 36
6161 29 74
6162 13 12
6163 18 60
6164 17 60
6165 18 60
6166 6 35
6167 28 74
6168 29 74
6169 28 74
6170 29 74
6171 60 46
6172 60 45
6173 14 12
6174 17 60
6175 60 46
6176 28 74
6177 18 60
6178 6 36
6179 13 12
6180 29 74
6181 6 35
6182 14 12
6183 13 12
6184 28 74
6185 6 36
6186 60 45
6187 60 46
6188 60 45
6189 17 60
6190 29 74
6191 14 12
6192 60 46
6193 6 35
6194 6 36
6195 6 35
6196 60 45
6197 60 46
6198 28 74
6199 13 12
6200 14 12
6201 13 12
6202 14 12
6203 18 60
6204 13 12
6205 6 36
6206 29 74
6207 60 45
6208 14 12
6209 6 35
6210 28 74
6211 17 60
6212 29 74
6213 18 60
6214 13 12
6215 17 60
6216 6 36
6217 60 46
6218 28 74
6219 6 35
6220 6 36
6221 29 74
6222 6 35
6223 18 60
6224 17 60
6225 28 74
6226 18 60
6227 29 74
6228 17 60
6229 6 36
6230 6 35
6231 18 60
6232 6 36
6233 17 60
6234 28 74
6235 60 45
6236 29 74
6237 18 60
6238 60 46
6239 14 12
6240 60 45
6241 28 74
6242 17 60
6243 60 46
6244 60 45
6245 29 74
6246 60 46
6247 18 60
6248 60 45
6249 13 12
6250 60 46
6251 60 45
6252 60 46
6253 6 35
6254 14 12
6255 17 60
6256 6 36
6257 6 35
6258 60 45
6259 6 36
6260 28 74
6261 13 12
6262 14 12
6263 6 35
6264 6 36
6265 60 46
6266 29 74
6267 18 60
6268 17 60
6269 6 35
6270 13 12
6271 6 36
6272 14 12
6273 13 12
6274 28 74
6275 14 12
6276 60 45
6277 6 35
6278 6 36
6279 13 12
6280 29 74
6281 6 35
6282 6 36
6283 14 12
6284 13 12
6285 60 46
6286 18 60
6287 6 35
6288 17 60
6289 6 36
6290 60 45
6291 60 46
6292 28 74
6293 14 12
6294 13 12
6295 14 12
6296 29 74
6297 18 60
6298 28 74
6299 29 74
6300 13 12
6301 6 35
6302 28 74
6303 6 36
6304 14 12
6305 6 35
6306 60 45
6307 60 46
6308 29 74
6309 6 36
6310 28 74
6311 60 45
6312 29 74
6313 6 35
6314 13 12
6315 17 60
6316 14 12
6317 28 74
6318 60 46
6319 29 74
6320 60 45
6321 18 60
6322 13 12
6323 60 46
6324 17 60
6325 6 36
6326 18 60
6327 28 74
6328 6 35
6329 6 36
6330 14 12
6331 60 45
6332 17 60
6333 60 46
6334 13 12
6335 14 12
6336 6 35
6337 13 12
6338 6 36
6339 18 60
6340 60 45
6341 29 74
6342 17 60
6343 28 74
6344 29 74
6345 60 46
6346 18 60
6347 17 60
6348 14 12
6349 18 60
6350 28 74
6351 17 60
6352 29 74
6353 6 35
6354 6 36
6355 28 74
6356 13 12
6357 18 60
6358 14 12
6359 13 12
6360 17 60
6361 60 45
6362 18 60
6363 17 60
6364 60 46
6365 60 45
6366 60 46
6367 60 45
6368 18 60
6369 60 46
6370 14 12
6371 13 12
6372 29 74
6373 14 12
6374 13 12
6375 6 35
6376 17 60
6377 60 45
6378 18 60
6379 60 46
6380 6 36
6381 14 12
6382 13 12
6383 14 12
6384 6 35
6385 60 45
6386 28 74
6387 17 60
6388 6 36
6389 18 60
6390 17 60
6391 13 12
6392 60 46
6393 60 45
6394 18 60
6395 6 35
6396 17 60
6397 14 12
6398 60 46
6399 6 36
6400 6 35
6401 18 60
6402 6 36
6403 17 60
6404 60 45
6405 18 60
6406 29 74
6407 28 74
6408 6 35
6409 6 36
6410 17 60
6411 13 12
6412 18 60
6413 14 12
6414 13 12
6415 17 60
6416 14 12
6417 60 46
6418 18 60
6419 29 74
6420 28 74
6421 6 35
6422 29 74
6423 13 12
6424 28 74
6425 60 45
6426 29 74
6427 60 46
6428 28 74
6429 6 36
6430 60 45
6431 60 46
6432 14 12
6433 17 60
6434 6 35
6435 6 36
6436 18 60
6437 6 35
6438 13 12
6439 17 60
6440 14 12
6441 18 60
6442 13 12
6443 14 12
6444 60 45
6445 6 36
6446 60 46
6447 17 60
6448 13 12
6449 18 60
6450 29 74
6451 14 12
6452 60 45
6453 13 12
6454 6 35
6455 60 46
6456 17 60
6457 14 12
6458 28 74
6459 6 36
6460 29 74
6461 28 74
6462 6 35
6463 6 36
6464 18 60
6465 17 60
6466 6 35
6467 13 12
6468 14 12
6469 13 12
6470 6 36
6471 18 60
6472 17 60
6473 29 74
6474 6 35
6475 6 36
6476 14 12
6477 18 60
6478 13 12
6479 14 12
6480 17 60
6481 13 12
6482 60 45
6483 6 35
6484 14 12
6485 13 12
6486 18 60
6487 6 36
6488 28 74
6489 60 46
6490 17 60
6491 60 45
6492 14 12
6493 18 60
6494 17 60
6495 6 35
6496 29 74
6497 6 36
6498 6 35
6499 18 60
6500 60 46
6501 60 45
6502 17 60
6503 28 74
6504 6 36
6505 13 12
6506 18 60
6507 17 60
6508 14 12
6509 60 46
6510 6 35
6511 13 12
6512 6 36
6513 60 45
6514 14 12
6515 60 46
6516 29 74
6517 6 35
6518 28 74
6519 13 12
6520 29 74
6521 6 36
6522 60 45
6523 28 74
6524 60 46
6525 14 12
6526 60 45
6527 13 12
6528 60 46
6529 29 74
6530 14 12
6531 60 45
6532 18 60
6533 60 46
6534 13 12
6535 17 60
6536 18 60
6537 14 12
6538 17 60
6539 18 60
6540 60 45
6541 17 60
6542 28 74
6543 29 74
6544 13 12
6545 18 60
6546 17 60
6547 28 74
6548 6 35
6549 18 60
6550 60 46
6551 60 45
6552 60 46
6553 14 12
6554 6 36
6555 60 45
6556 60 46
6557 17 60
6558 6 35
6559 6 36
6560 13 12
6561 14 12
6562 29 74
6563 18 60
6564 6 35
6565 13 12
6566 14 12
6567 17 60
6568 13 12
6569 6 36
6570 6 35
6571 60 45
6572 18 60
6573 28 74
6574 6 36
6575 14 12
6576 6 35
6577 6 36
6578 29 74
6579 17 60
6580 60 46
6581 28 74
6582 6 35
6583 60 45
6584 18 60
6585 60 46
6586 17 60
6587 60 45
6588 6 36
6589 6 35
6590 60 46
6591 13 12
6592 14 12
6593 29 74
6594 60 45
6595 6 36
6596 6 35
6597 13 12
6598 14 12
6599 28 74
6600 18 60
6601 29 74
6602 13 12
6603 17 60
6604 28 74
6605 60 46
6606 60 45
6607 60 46
6608 14 12
6609 60 45
6610 60 46
6611 18 60
6612 6 36
6613 6 35
6614 29 74
6615 6 36
6616 60 45
6617 60 46
6618 60 45
6619 28 74
6620 17 60
6621 18 60
6622 6 35
6623 6 36
6624 6 35
6625 17 60
6626 29 74
6627 6 36
6628 13 12
6629 60 46
6630 28 74
6631 18 60
6632 60 45
6633 14 12
6634 17 60
6635 29 74
6636 28 74
6637 60 46
6638 6 35
6639 13 12
6640 60 45
6641 18 60
6642 6 36
6643 6 35
6644 17 60
6645 6 36
6646 18 60
6647 29 74
6648 6 35
6649 17 60
6650 18 60
6651 14 12
6652 17 60
6653 18 60
6654 6 36
6655 17 60
6656 28 74
6657 6 35
6658 6 36
6659 6 35
6660 13 12
6661 6 36
6662 6 35
6663 14 12
6664 29 74
6665 13 12
6666 6 36
6667 18 60
6668 14 12
6669 6 35
6670 13 12
6671 28 74
6672 14 12
6673 60 46
6674 13 12
6675 29 74
6676 6 36
6677 60 45
6678 14 12
6679 60 46
6680 6 35
6681 28 74
6682 17 60
6683 29 74
6684 28 74
6685 6 36
6686 6 35
6687 18 60
6688 17 60
6689 29 74
6690 28 74
6691 18 60
6692 60 45
6693 60 46
6694 13 12
6695 6 36
6696 29 74
6697 17 60
6698 28 74
6699 29 74
6700 6 35
6701 6 36
6702 60 45
6703 28 74
6704 60 46
6705 60 45
6706 18 60
6707 6 35
6708 14 12
6709 60 46
6710 17 60
6711 60 45
6712 6 36
6713 13 12
6714 14 12
6715 29 74
6716 6 35
6717 6 36
6718 18 60
6719 17 60
6720 13 12
6721 6 35
6722 18 60
6723 17 60
6724 18 60
6725 6 36
6726 60 46
6727 60 45
6728 28 74
6729 60 46
6730 29 74
6731 17 60
6732 6 35
6733 28 74
6734 60 45
6735 14 12
6736 6 36
6737 18 60
6738 29 74
6739 60 46
6740 28 74
6741 17 60
6742 18 60
6743 17 60
6744 18 60
6745 13 12
6746 17 60
6747 18 60
6748 17 60
6749 60 45
6750 6 35
6751 29 74
6752 6 36
6753 6 35
6754 6 36
6755 6 35
6756 14 12
6757 13 12
6758 60 46
6759 14 12
6760 13 12
6761 6 36
6762 60 45
6763 18 60
6764 14 12
6765 6 35
6766 60 46
6767 6 36
6768 13 12
6769 14 12
6770 28 74
6771 60 45
6772 60 46
6773 6 35
6774 60 45
6775 6 36
6776 6 35
6777 17 60
6778 29 74
6779 18 60
6780 6 36
6781 60 46
6782 28 74
6783 13 12
6784 6 35
6785 17 60
6786 6 36
6787 18 60
6788 14 12
6789 6 35
6790 6 36
6791 6 35
6792 17 60
6793 18 60
6794 6 36
6795 29 74
6796 13 12
6797 17 60
6798 28 74
6799 6 35
6800 6 36
6801 6 35
6802 29 74
6803 6 36
6804 28 74
6805 6 35
6806 29 74
6807 60 45
6808 6 36
6809 14 12
6810 6 35
6811 60 46
6812 6 36
6813 6 35
6814 6 36
6815 6 35
6816 18 60
6817 6 36
6818 28 74
6819 13 12
6820 60 45
6821 6 35
6822 17 60
6823 14 12
6824 6 36
6825 13 12
6826 14 12
6827 29 74
6828 60 46
6829 6 35
6830 13 12
6831 14 12
6832 13 12
6833 28 74
6834 14 12
6835 29 74
6836 28 74
6837 60 45
6838 13 12
6839 60 46
6840 29 74
6841 28 74
6842 14 12
6843 13 12
6844 14 12
6845 6 36
6846 6 35
6847 60 45
6848 18 60
6849 60 46
6850 29 74
6851 17 60
6852 13 12
6853 60 45
6854 6 36
6855 6 35
6856 18 60
6857 17 60
6858 14 12
6859 18 60
6860 60 46
6861 13 12
6862 14 12
6863 13 12
6864 6 36
6865 28 74
6866 6 35
6867 60 45
6868 17 60
6869 14 12
6870 13 12
6871 29 74
6872 28 74
6873 14 12
6874 13 12
6875 14 12
6876 18 60
6877 13 12
6878 14 12
6879 17 60
6880 6 36
6881 6 35
6882 18 60
6883 60 46
6884 17 60
6885 13 12
6886 6 36
6887 14 12
6888 18 60
6889 17 60
6890 18 60
6891 29 74
6892 60 45
6893 17 60
6894 28 74
6895 13 12
6896 18 60
6897 29 74
6898 28 74
6899 29 74
6900 60 46
6901 28 74
6902 14 12
6903 6 35
6904 60 45
6905 13 12
6906 29 74
6907 17 60
6908 14 12
6909 18 60
6910 13 12
6911 14 12
6912 28 74
6913 29 74
6914 28 74
6915 13 12
6916 14 12
6917 6 36
6918 29 74
6919 13 12
6920 28 74
6921 17 60
6922 6 35
6923 29 74
6924 18 60
6925 6 36
6926 60 46
6927 6 35
6928 60 45
6929 14 12
6930 60 46
6931 17 60
6932 18 60
6933 28 74
6934 13 12
6935 29 74
6936 28 74
6937 60 45
6938 6 36
6939 29 74
6940 6 35
6941 28 74
6942 14 12
6943 29 74
6944 60 46
6945 28 74
6946 6 36
6947 17 60
6948 60 45
6949 18 60
6950 60 46
6951 6 35
6952 29 74
6953 6 36
6954 17 60
6955 6 35
6956 6 36
6957 13 12
6958 28 74
6959 60 45
6960 29 74
6961 18 60
6962 28 74
6963 6 35
6964 29 74
6965 14 12
6966 28 74
6967 60 46
6968 29 74
6969 13 12
6970 14 12
6971 13 12
6972 17 60
6973 28 74
6974 6 36
6975 6 35
6976 18 60
6977 14 12
6978 17 60
6979 29 74
6980 60 45
6981 18 60
6982 6 36
6983 6 35
6984 28 74
6985 29 74
6986 17 60
6987 13 12
6988 14 12
6989 28 74
6990 18 60
6991 13 12
6992 6 36
6993 17 60
6994 29 74
6995 28 74
6996 18 60
6997 17 60
6998 18 60
6999 17 60
7000 60 46
7001 60 45
7002 60 46
7003 29 74
7004 14 12
7005 13 12
7006 6 35
7007 60 45
7008 14 12
7009 13 12
7010 14 12
7011 60 46
7012 6 36
7013 6 35
7014 60 45
7015 13 12
7016 14 12
7017 28 74
7018 18 60
7019 29 74
7020 6 36
7021 28 74
7022 13 12
7023 14 12
7024 6 35
7025 60 46
7026 29 74
7027 17 60
7028 13 12
7029 60 45
7030 60 46
7031 18 60
7032 6 36
7033 28 74
7034 14 12
7035 60 45
7036 13 12
7037 29 74
7038 14 12
7039 13 12
7040 6 35
7041 60 46
7042 60 45
7043 17 60
7044 6 36
7045 6 35
7046 28 74
7047 60 46
7048 6 36
7049 29 74
7050 6 35
7051 14 12
7052 13 12
7053 18 60
7054 60 45
7055 28 74
7056 60 46
7057 6 36
7058 60 45
7059 14 12
7060 60 46
7061 60 45
7062 6 35
7063 17 60
7064 60 46
7065 6 36
7066 13 12
7067 18 60
7068 29 74
7069 14 12
7070 17 60
7071 28 74
7072 13 12
7073 14 12
7074 13 12
7075 60 45
7076 18 60
7077 14 12
7078 29 74
7079 17 60
7080 60 46
7081 6 35
7082 18 60
7083 6 36
7084 13 12
7085 6 35
7086 14 12
7087 13 12
7088 60 45
7089 14 12
7090 17 60
7091 13 12
7092 60 46
7093 18 60
7094 6 36
7095 17 60
7096 6 35
7097 14 12
7098 13 12
7099 60 45
7100 28 74
7101 60 46
7102 60 45
7103 18 60
7104 29 74
7105 6 36
7106 6 35
7107 28 74
7108 17 60
7109 14 12
7110 6 36
7111 29 74
7112 28 74
7113 18 60
7114 29 74
7115 6 35
7116 17 60
7117 6 36
7118 60 46
7119 6 35
7120 18 60
7121 13 12
7122 6 36
7123 28 74
7124 29 74
7125 28 74
7126 17 60
7127 6 35
7128 14 12
7129 60 45
7130 60 46
7131 13 12
7132 60 45
7133 6 36
7134 18 60
7135 60 46
7136 60 45
7137 29 74
7138 6 35
7139 28 74
7140 17 60
7141 18 60
7142 14 12
7143 60 46
7144 29 74
7145 17 60
7146 6 36
7147 60 45
7148 18 60
7149 17 60
7150 18 60
7151 13 12
7152 6 35
7153 28 74
7154 17 60
7155 29 74
7156 28 74
7157 60 46
7158 29 74
7159 6 36
7160 14 12
7161 28 74
7162 29 74
7163 28 74
7164 18 60
7165 60 45
7166 29 74
7167 13 12
7168 17 60
7169 28 74
7170 6 35
7171 18 60
7172 17 60
7173 60 46
7174 14 12
7175 6 36
7176 18 60
7177 29 74
7178 60 45
7179 6 35
7180 13 12
7181 60 46
7182 14 12
7183 6 36
7184 6 35
7185 13 12
7186 17 60
7187 60 45
7188 6 36
7189 14 12
7190 13 12
7191 18 60
7192 17 60
7193 60 46
7194 6 35
7195 14 12
7196 18 60
7197 13 12
7198 28 74
7199 60 45
7200 29 74
7201 17 60
7202 60 46
7203 18 60
7204 6 36
7205 60 45
7206 14 12
7207 13 12
7208 14 12
7209 28 74
7210 17 60
7211 60 46
7212 6 35
7213 6 36
7214 29 74
7215 18 60
7216 17 60
7217 60 45
7218 13 12
7219 28 74
7220 18 60
7221 60 46
7222 17 60
7223 14 12
7224 29 74
7225 60 45
7226 18 60
7227 6 35
7228 13 12
7229 14 12
7230 28 74
7231 60 46
7232 60 45
7233 17 60
7234 60 46
7235 13 12
7236 60 45
7237 29 74
7238 14 12
7239 60 46
7240 6 36
7241 18 60
7242 60 45
7243 17 60
7244 60 46
7245 60 45
7246 60 46
7247 6 35
7248 60 45
7249 6 36
7250 13 12
7251 6 35
7252 28 74
7253 60 46
7254 18 60
7255 6 36
7256 14 12
7257 29 74
7258 28 74
7259 6 35
7260 6 36
7261 29 74
7262 6 35
7263 13 12
7264 28 74
7265 14 12
7266 6 36
7267 29 74
7268 17 60
7269 6 35
7270 60 45
7271 60 46
7272 13 12
7273 6 36
7274 28 74
7275 14 12
7276 6 35
7277 6 36
7278 13 12
7279 14 12
7280 18 60
7281 13 12
7282 60 45
7283 17 60
7284 29 74
7285 14 12
7286 13 12
7287 14 12
7288 28 74
7289 6 35
7290 13 12
7291 14 12
7292 6 36
7293 60 46
7294 13 12
7295 60 45
7296 60 46
7297 18 60
7298 17 60
7299 60 45
7300 6 35
7301 18 60
7302 6 36
7303 60 46
7304 60 45
7305 29 74
7306 60 46
7307 28 74
7308 6 35
7309 29 74
7310 60 45
7311 60 46
7312 60 45
7313 60 46
7314 14 12
7315 6 36
7316 17 60
7317 18 60
7318 6 35
7319 13 12
7320 17 60
7321 18 60
7322 60 45
7323 14 12
7324 13 12
7325 17 60
7326 14 12
7327 18 60
7328 28 74
7329 17 60
7330 13 12
7331 14 12
7332 29 74
7333 6 36
7334 28 74
7335 29 74
7336 18 60
7337 60 46
7338 6 35
7339 28 74
7340 13 12
7341 60 45
7342 14 12
7343 13 12
7344 6 36
7345 6 35
7346 60 46
7347 60 45
7348 17 60
7349 6 36
7350 6 35
7351 18 60
7352 60 46
7353 60 45
7354 6 36
7355 29 74
7356 28 74
7357 60 46
7358 14 12
7359 17 60
7360 6 35
7361 6 36
7362 13 12
7363 18 60
7364 14 12
7365 17 60
7366 29 74
7367 28 74
7368 13 12
7369 14 12
7370 60 45
7371 18 60
7372 60 46
7373 29 74
7374 13 12
7375 14 12
7376 13 12
7377 17 60
7378 60 45
7379 60 46
7380 14 12
7381 6 35
7382 18 60
7383 6 36
7384 6 35
7385 28 74
7386 17 60
7387 6 36
7388 13 12
7389 60 45
7390 6 35
7391 60 46
7392 60 45
7393 14 12
7394 60 46
7395 13 12
7396 29 74
7397 6 36
7398 6 35
7399 28 74
7400 60 45
7401 18 60
7402 17 60
7403 6 36
7404 18 60
7405 60 46
7406 29 74
7407 17 60
7408 28 74
7409 18 60
7410 29 74
7411 60 45
7412 6 35
7413 28 74
7414 14 12
7415 17 60
7416 60 46
7417 60 45
7418 6 36
7419 13 12
7420 18 60
7421 17 60
7422 18 60
7423 60 46
7424 17 60
7425 6 35
7426 18 60
7427 14 12
7428 17 60
7429 60 45
7430 29 74
7431 13 12
7432 14 12
7433 6 36
7434 13 12
7435 14 12
7436 6 35
7437 6 36
7438 13 12
7439 6 35
7440 14 12
7441 18 60
7442 60 46
7443 6 36
7444 6 35
7445 60 45
7446 17 60
7447 6 36
7448 28 74
7449 18 60
7450 6 35
7451 6 36
7452 29 74
7453 13 12
7454 6 35
7455 17 60
7456 60 46
7457 60 45
7458 14 12
7459 28 74
7460 60 46
7461 13 12
7462 60 45
7463 14 12
7464 13 12
7465 18 60
7466 60 46
7467 17 60
7468 14 12
7469 18 60
7470 60 45
7471 17 60
7472 29 74
7473 60 46
7474 28 74
7475 60 45
7476 13 12
7477 6 36
7478 29 74
7479 14 12
7480 13 12
7481 6 35
7482 6 36
7483 14 12
7484 28 74
7485 29 74
7486 6 35
7487 13 12
7488 28 74
7489 14 12
7490 13 12
7491 6 36
7492 14 12
7493 29 74
7494 13 12
7495 14 12
7496 13 12
7497 6 35
7498 60 46
7499 6 36
7500 18 60
7501 14 12
7502 6 35
7503 6 36
7504 6 35
7505 17 60
7506 6 36
7507 28 74
7508 29 74
7509 28 74
7510 29 74
7511 60 45
7512 6 35
7513 18 60
7514 13 12
7515 60 46
7516 6 36
7517 6 35
7518 14 12
7519 13 12
7520 60 45
7521 17 60
7522 14 12
7523 60 46
7524 28 74
7525 18 60
7526 29 74
7527 6 36
7528 6 35
7529 17 60
7530 28 74
7531 18 60
7532 60 45
7533 29 74
7534 28 74
7535 13 12
7536 60 46
7537 29 74
7538 17 60
7539 14 12
7540 13 12
7541 14 12
7542 13 12
7543 6 36
7544 28 74
7545 6 35
7546 18 60
7547 29 74
7548 28 74
7549 6 36
7550 60 45
7551 17 60
7552 6 35
7553 60 46
7554 6 36
7555 60 45
7556 60 46
7557 29 74
7558 6 35
7559 18 60
7560 17 60
7561 6 36
7562 14 12
7563 18 60
7564 17 60
7565 6 35
7566 18 60
7567 6 36
7568 13 12
7569 60 45
7570 28 74
7571 14 12
7572 6 35
7573 13 12
7574 60 46
7575 60 45
7576 29 74
7577 6 36
7578 28 74
7579 60 46
7580 6 35
7581 60 45
7582 14 12
7583 17 60
7584 6 36
7585 18 60
7586 60 46
7587 13 12
7588 60 45
7589 29 74
7590 6 35
7591 17 60
7592 14 12
7593 13 12
7594 28 74
7595 18 60
7596 29 74
7597 28 74
7598 29 74
7599 60 46
7600 6 36
7601 28 74
7602 29 74
7603 14 12
7604 28 74
7605 29 74
7606 28 74
7607 29 74
7608 6 35
7609 6 36
7610 17 60
7611 60 45
7612 18 60
7613 13 12
7614 14 12
7615 17 60
7616 6 35
7617 18 60
7618 60 46
7619 60 45
7620 6 36
7621 13 12
7622 14 12
7623 13 12
7624 17 60
7625 18 60
7626 17 60
7627 6 35
7628 18 60
7629 28 74
7630 17 60
7631 18 60
7632 60 46
7633 6 36
7634 60 45
7635 6 35
7636 14 12
7637 6 36
7638 29 74
7639 60 46
7640 60 45
7641 13 12
7642 6 35
7643 60 46
7644 28 74
7645 17 60
7646 6 36
7647 29 74
7648 6 35
7649 18 60
7650 28 74
7651 29 74
7652 6 36
7653 6 35
7654 14 12
7655 28 74
7656 13 12
7657 6 36
7658 17 60
7659 29 74
7660 18 60
7661 14 12
7662 6 35
7663 13 12
7664 6 36
7665 28 74
7666 14 12
7667 13 12
7668 60 45
7669 14 12
7670 60 46
7671 13 12
7672 14 12
7673 60 45
7674 29 74
7675 28 74
7676 6 35
7677 6 36
7678 17 60
7679 13 12
7680 14 12
7681 18 60
7682 13 12
7683 29 74
7684 6 35
7685 14 12
7686 60 46
7687 28 74
7688 60 45
7689 60 46
7690 60 45
7691 6 36
7692 6 35
7693 17 60
7694 29 74
7695 13 12
7696 28 74
7697 6 36
7698 14 12
7699 6 35
7700 29 74
7701 60 46
7702 28 74
7703 29 74
7704 18 60
7705 60 45
7706 28 74
7707 6 36
7708 13 12
7709 29 74
7710 17 60
7711 14 12
7712 18 60
7713 60 46
7714 17 60
7715 60 45
7716 60 46
7717 13 12
7718 60 45
7719 14 12
7720 18 60
7721 28 74
7722 6 35
7723 6 36
7724 60 46
7725 6 35
7726 13 12
7727 17 60
7728 60 45
7729 60 46
7730 14 12
7731 18 60
7732 29 74
7733 6 36
7734 17 60
7735 28 74
7736 60 45
7737 13 12
7738 60 46
7739 29 74
7740 28 74
7741 60 45
7742 14 12
7743 60 46
7744 29 74
7745 6 35
7746 18 60
7747 13 12
7748 60 45
7749 60 46
7750 14 12
7751 60 45
7752 17 60
7753 6 36
7754 13 12
7755 18 60
7756 6 35
7757 60 46
7758 60 45
7759 28 74
7760 60 46
7761 14 12
7762 60 45
7763 13 12
7764 17 60
7765 29 74
7766 28 74
7767 14 12
7768 18 60
7769 60 46
7770 29 74
7771 13 12
7772 14 12
7773 60 45
7774 60 46
7775 17 60
7776 18 60
7777 17 60
7778 13 12
7779 14 12
7780 6 36
7781 13 12
7782 60 45
7783 60 46
7784 28 74
7785 6 35
7786 60 45
7787 6 36
7788 14 12
7789 29 74
7790 28 74
7791 18 60
7792 29 74
7793 60 46
7794 17 60
7795 60 45
7796 6 35
7797 60 46
7798 60 45
7799 13 12
7800 6 36
7801 14 12
7802 6 35
7803 13 12
7804 18 60
7805 17 60
7806 18 60
7807 17 60
7808 18 60
7809 60 46
7810 17 60
7811 60 45
7812 28 74
7813 18 60
7814 17 60
7815 14 12
7816 60 46
7817 18 60
7818 29 74
7819 28 74
7820 17 60
7821 18 60
7822 60 45
7823 29 74
7824 28 74
7825 13 12
7826 60 46
7827 6 36
7828 29 74
7829 6 35
7830 6 36
7831 60 45
7832 6 35
7833 17 60
7834 6 36
7835 28 74
7836 6 35
7837 29 74
7838 60 46
7839 60 45
7840 6 36
7841 18 60
7842 6 35
7843 17 60
7844 6 36
7845 18 60
7846 14 12
7847 17 60
7848 60 46
7849 13 12
7850 18 60
7851 60 45
7852 17 60
7853 14 12
7854 60 46
7855 28 74
7856 18 60
7857 6 35
7858 60 45
7859 6 36
7860 17 60
7861 29 74
7862 60 46
7863 60 45
7864 28 74
7865 13 12
7866 14 12
7867 13 12
7868 14 12
7869 60 46
7870 29 74
7871 18 60
7872 13 12
7873 17 60
7874 18 60
7875 14 12
7876 6 35
7877 28 74
7878 29 74
7879 17 60
7880 13 12
7881 28 74
7882 14 12
7883 18 60
7884 29 74
7885 17 60
7886 13 12
7887 18 60
7888 28 74
7889 14 12
7890 6 36
7891 13 12
7892 6 35
7893 6 36
7894 29 74
7895 6 35
7896 6 36
7897 6 35
7898 17 60
7899 14 12
7900 13 12
7901 14 12
7902 28 74
7903 29 74
7904 13 12
7905 18 60
7906 6 36
7907 60 45
7908 28 74
7909 60 46
7910 17 60
7911 14 12
7912 29 74
7913 13 12
7914 14 12
7915 28 74
7916 60 45
7917 60 46
7918 29 74
7919 18 60
7920 17 60
7921 28 74
7922 29 74
7923 28 74
7924 18 60
7925 29 74
7926 17 60
7927 18 60
7928 13 12
7929 28 74
7930 6 35
7931 6 36
7932 29 74
7933 60 45
7934 28 74
7935 29 74
7936 28 74
7937 17 60
7938 60 46
7939 29 74
7940 28 74
7941 14 12
7942 18 60
7943 29 74
7944 6 35
7945 6 36
7946 13 12
7947 60 45
7948 60 46
7949 14 12
7950 60 45
7951 13 12
7952 28 74
7953 29 74
7954 17 60
7955 18 60
7956 28 74
7957 60 46
7958 29 74
7959 14 12
7960 6 35
7961 17 60
7962 18 60
7963 6 36
7964 28 74
7965 17 60
7966 18 60
7967 6 35
7968 29 74
7969 13 12
7970 6 36
7971 6 35
7972 28 74
7973 60 45
7974 29 74
7975 6 36
7976 6 35
7977 17 60
7978 18 60
7979 60 46
7980 14 12
7981 13 12
7982 14 12
7983 6 36
7984 28 74
7985 60 45
7986 29 74
7987 13 12
7988 14 12
7989 13 12
7990 28 74
7991 14 12
7992 60 46
7993 17 60
7994 6 35
7995 13 12
7996 6 36
7997 14 12
7998 6 35
7999 60 45
8000 29 74
8001 6 36
8002 18 60
8003 6 35
8004 6 36
8005 13 12
8006 28 74
8007 14 12
8008 17 60
8009 60 46
8010 60 45
8011 6 35
8012 60 46
8013 6 36
8014 18 60
8015 29 74
8016 17 60
8017 60 45
8018 28 74
8019 29 74
8020 18 60
8021 13 12
8022 60 46
8023 6 35
8024 28 74
8025 60 45
8026 29 74
8027 60 46
8028 17 60
8029 60 45
8030 6 36
8031 60 46
8032 18 60
8033 60 45
8034 17 60
8035 60 46
8036 28 74
8037 18 60
8038 6 35
8039 6 36
8040 6 35
8041 6 36
8042 14 12
8043 17 60
8044 18 60
8045 6 35
8046 13 12
8047 60 45
8048 60 46
8049 6 36
8050 14 12
8051 17 60
8052 18 60
8053 13 12
8054 60 45
8055 6 35
8056 14 12
8057 60 46
8058 60 45
8059 60 46
8060 17 60
8061 29 74
8062 28 74
8063 13 12
8064 6 36
8065 18 60
8066 60 45
8067 29 74
8068 60 46
8069 6 35
8070 14 12
8071 13 12
8072 6 36
8073 14 12
8074 28 74
8075 13 12
8076 17 60
8077 14 12
8078 6 35
8079 6 36
8080 6 35
8081 29 74
8082 60 45
8083 60 46
8084 18 60
8085 28 74
8086 29 74
8087 28 74
8088 17 60
8089 60 45
8090 60 46
8091 29 74
8092 18 60
8093 6 36
8094 60 45
8095 28 74
8096 13 12
8097 14 12
8098 6 35
8099 13 12
8100 14 12
8101 29 74
8102 28 74
8103 29 74
8104 28 74
8105 13 12
8106 6 36
8107 14 12
8108 13 12
8109 6 35
8110 6 36
8111 29 74
8112 6 35
8113 14 12
8114 28 74
8115 6 36
8116 60 46
8117 13 12
8118 29 74
8119 17 60
8120 18 60
8121 28 74
8122 17 60
8123 6 35
8124 29 74
8125 28 74
8126 29 74
8127 6 36
8128 6 35
8129 28 74
8130 18 60
8131 29 74
8132 14 12
8133 28 74
8134 17 60
8135 6 36
8136 29 74
8137 18 60
8138 28 74
8139 29 74
8140 17 60
8141 18 60
8142 6 35
8143 28 74
8144 6 36
8145 13 12
8146 29 74
8147 6 35
8148 28 74
8149 29 74
8150 60 45
8151 28 74
8152 17 60
8153 6 36
8154 18 60
8155 6 35
8156 17 60
8157 29 74
8158 18 60
8159 28 74
8160 6 36
8161 17 60
8162 6 35
8163 29 74
8164 6 36
8165 60 46
8166 18 60
8167 17 60
8168 14 12
8169 18 60
8170 6 35
8171 60 45
8172 60 46
8173 28 74
8174 13 12
8175 17 60
8176 14 12
8177 60 45
8178 13 12
8179 6 36
8180 14 12
8181 29 74
8182 18 60
8183 17 60
8184 28 74
8185 29 74
8186 18 60
8187 17 60
8188 6 35
8189 6 36
8190 28 74
8191 13 12
8192 29 74
8193 14 12
8194 13 12
8195 6 35
8196 6 36
8197 14 12
8198 60 46
8199 6 35
8200 6 36
8201 6 35
8202 6 36
8203 6 35
8204 13 12
8205 60 45
8206 6 36
8207 18 60
8208 6 35
8209 28 74
8210 29 74
8211 17 60
8212 60 46
8213 6 36
8214 14 12
8215 18 60
8216 13 12
8217 6 35
8218 14 12
8219 6 36
8220 28 74
8221 13 12
8222 14 12
8223 17 60
8224 60 45
8225 60 46
8226 6 35
8227 18 60
8228 6 36
8229 29 74
8230 13 12
8231 28 74
8232 29 74
8233 28 74
8234 17 60
8235 60 45
8236 6 35
8237 18 60
8238 6 36
8239 14 12
8240 13 12
8241 29 74
8242 6 35
8243 6 36
8244 60 46
8245 28 74
8246 60 45
8247 14 12
8248 6 35
8249 29 74
8250 6 36
8251 6 35
8252 13 12
8253 28 74
8254 17 60
8255 14 12
8256 29 74
8257 6 36
8258 13 12
8259 60 46
8260 28 74
8261 6 35
8262 14 12
8263 13 12
8264 29 74
8265 28 74
8266 14 12
8267 18 60
8268 17 60
8269 29 74
8270 18 60
8271 13 12
8272 60 45
8273 17 60
8274 6 36
8275 18 60
8276 28 74
8277 6 35
8278 60 46
8279 14 12
8280 13 12
8281 17 60
8282 14 12
8283 13 12
8284 29 74
8285 18 60
8286 60 45
8287 17 60
8288 14 12
8289 18 60
8290 60 46
8291 28 74
8292 60 45
8293 17 60
8294 60 46
8295 29 74
8296 28 74
8297 60 45
8298 18 60
8299 29 74
8300 17 60
8301 6 36
8302 6 35
8303 60 46
8304 60 45
8305 6 36
8306 28 74
8307 29 74
8308 28 74
8309 60 46
8310 29 74
8311 60 45
8312 13 12
8313 60 46
8314 6 35
8315 14 12
8316 18 60
8317 6 36
8318 6 35
8319 28 74
8320 6 36
8321 6 35
8322 29 74
8323 6 36
8324 6 35
8325 28 74
8326 6 36
8327 17 60
8328 29 74
8329 60 45
8330 28 74
8331 13 12
8332 18 60
8333 29 74
8334 60 46
8335 17 60
8336 18 60
8337 28 74
8338 6 35
8339 17 60
8340 18 60
8341 29 74
8342 60 45
8343 28 74
8344 29 74
8345 14 12
8346 17 60
8347 28 74
8348 18 60
8349 13 12
8350 6 36
8351 14 12
8352 29 74
8353 13 12
8354 60 46
8355 17 60
8356 18 60
8357 60 45
8358 6 35
8359 28 74
8360 60 46
8361 17 60
8362 60 45
8363 18 60
8364 17 60
8365 6 36
8366 29 74
8367 60 46
8368 6 35
8369 6 36
8370 18 60
8371 14 12
8372 13 12
8373 60 45
8374 60 46
8375 28 74
8376 60 45
8377 17 60
8378 6 35
8379 60 46
8380 14 12
8381 29 74
8382 13 12
8383 18 60
8384 60 45
8385 14 12
8386 17 60
8387 18 60
8388 60 46
8389 28 74
8390 6 36
8391 6 35
8392 6 36
8393 13 12
8394 29 74
8395 17 60
8396 6 35
8397 14 12
8398 6 36
8399 28 74
8400 29 74
8401 6 35
8402 28 74
8403 6 36
8404 29 74
8405 60 45
8406 18 60
8407 13 12
8408 14 12
8409 13 12
8410 60 46
8411 6 35
8412 17 60
8413 60 45
8414 14 12
8415 18 60
8416 13 12
8417 6 36
8418 60 46
8419 17 60
8420 28 74
8421 60 45
8422 60 46
8423 60 45
8424 14 12
8425 13 12
8426 18 60
8427 17 60
8428 14 12
8429 6 35
8430 18 60
8431 13 12
8432 6 36
8433 17 60
8434 18 60
8435 60 46
8436 29 74
8437 14 12
8438 17 60
8439 6 35
8440 6 36
8441 18 60
8442 17 60
8443 6 35
8444 60 45
8445 28 74
8446 18 60
8447 17 60
8448 6 36
8449 18 60
8450 6 35
8451 13 12
8452 60 46
8453 60 45
8454 29 74
8455 28 74
8456 29 74
8457 60 46
8458 6 36
8459 17 60
8460 28 74
8461 18 60
8462 14 12
8463 60 45
8464 17 60
8465 13 12
8466 14 12
8467 18 60
8468 17 60
8469 18 60
8470 13 12
8471 60 46
8472 60 45
8473 14 12
8474 17 60
8475 13 12
8476 6 35
8477 6 36
8478 6 35
8479 60 46
8480 18 60
8481 6 36
8482 29 74
8483 6 35
8484 14 12
8485 17 60
8486 60 45
8487 6 36
8488 6 35
8489 18 60
8490 13 12
8491 17 60
8492 14 12
8493 60 46
8494 6 36
8495 18 60
8496 17 60
8497 13 12
8498 60 45
8499 60 46
8500 60 45
8501 18 60
8502 6 35
8503 14 12
8504 13 12
8505 17 60
8506 14 12
8507 13 12
8508 28 74
8509 14 12
8510 60 46
8511 6 36
8512 18 60
8513 17 60
8514 60 45
8515 18 60
8516 6 35
8517 60 46
8518 13 12
8519 60 45
8520 6 36
8521 17 60
8522 60 46
8523 6 35
8524 18 60
8525 17 60
8526 18 60
8527 17 60
8528 29 74
8529 18 60
8530 28 74
8531 14 12
8532 29 74
8533 13 12
8534 60 45
8535 14 12
8536 13 12
8537 28 74
8538 6 36
8539 29 74
8540 14 12
8541 28 74
8542 6 35
8543 17 60
8544 60 46
8545 60 45
8546 6 36
8547 13 12
8548 60 46
8549 29 74
8550 14 12
8551 13 12
8552 6 35
8553 14 12
8554 6 36
8555 13 12
8556 6 35
8557 28 74
8558 60 45
8559 60 46
8560 6 36
8561 14 12
8562 60 45
8563 13 12
8564 29 74
8565 6 35
8566 60 46
8567 60 45
8568 6 36
8569 14 12
8570 18 60
8571 13 12
8572 28 74
8573 60 46
8574 17 60
8575 14 12
8576 60 45
8577 60 46
8578 18 60
8579 17 60
8580 6 35
8581 60 45
8582 13 12
8583 18 60
8584 14 12
8585 29 74
8586 28 74
8587 60 46
8588 6 36
8589 13 12
8590 60 45
8591 14 12
8592 6 35
8593 29 74
8594 17 60
8595 18 60
8596 28 74
8597 29 74
8598 13 12
8599 14 12
8600 60 46
8601 60 45
8602 28 74
8603 29 74
8604 28 74
8605 6 36
8606 17 60
8607 29 74
8608 18 60
8609 28 74
8610 29 74
8611 60 46
8612 13 12
8613 6 35
8614 28 74
8615 17 60
8616 29 74
8617 60 45
8618 28 74
8619 14 12
8620 6 36
8621 6 35
8622 18 60
8623 6 36
8624 6 35
8625 60 46
8626 60 45
8627 17 60
8628 29 74
8629 6 36
8630 18 60
8631 28 74
8632 60 46
8633 13 12
8634 29 74
8635 6 35
8636 60 45
8637 6 36
8638 28 74
8639 60 46
8640 14 12
8641 17 60
8642 13 12
8643 6 35
8644 6 36
8645 60 45
8646 29 74
8647 18 60
8648 14 12
8649 17 60
8650 60 46
8651 13 12
8652 6 35
8653 18 60
8654 17 60
8655 6 36
8656 6 35
8657 6 36
8658 6 35
8659 14 12
8660 18 60
8661 60 45
8662 6 36
8663 17 60
8664 13 12
8665 60 46
8666 14 12
8667 60 45
8668 6 35
8669 60 46
8670 13 12
8671 28 74
8672 6 36
8673 6 35
8674 14 12
8675 60 45
8676 18 60
8677 17 60
8678 18 60
8679 60 46
8680 13 12
8681 60 45
8682 29 74
8683 60 46
8684 6 36
8685 28 74
8686 29 74
8687 14 12
8688 60 45
8689 17 60
8690 18 60
8691 60 46
8692 13 12
8693 28 74
8694 17 60
8695 6 35
8696 29 74
8697 14 12
8698 6 36
8699 28 74
8700 6 35
8701 13 12
8702 14 12
8703 29 74
8704 6 36
8705 28 74
8706 18 60
8707 60 45
8708 13 12
8709 17 60
8710 18 60
8711 17 60
8712 60 46
8713 60 45
8714 14 12
8715 18 60
8716 13 12
8717 60 46
8718 29 74
8719 17 60
8720 6 35
8721 28 74
8722 60 45
8723 14 12
8724 18 60
8725 13 12
8726 60 46
8727 60 45
8728 60 46
8729 6 36
8730 17 60
8731 60 45
8732 29 74
8733 60 46
8734 60 45
8735 18 60
8736 14 12
8737 17 60
8738 60 46
8739 13 12
8740 60 45
8741 60 46
8742 60 45
8743 18 60
8744 14 12
8745 28 74
8746 6 35
8747 6 36
8748 6 35
8749 6 36
8750 17 60
8751 60 46
8752 6 35
8753 6 36
8754 6 35
8755 18 60
8756 29 74
8757 17 60
8758 6 36
8759 18 60
8760 60 45
8761 6 35
8762 17 60
8763 28 74
8764 13 12
8765 18 60
8766 60 46
8767 6 36
8768 60 45
8769 6 35
8770 29 74
8771 28 74
8772 6 36
8773 6 35
8774 17 60
8775 29 74
8776 60 46
8777 18 60
8778 17 60
8779 14 12
8780 18 60
8781 6 36
8782 17 60
8783 6 35
8784 60 45
8785 28 74
8786 6 36
8787 18 60
8788 13 12
8789 17 60
8790 18 60
8791 29 74
8792 14 12
8793 17 60
8794 6 35
8795 18 60
8796 13 12
8797 14 12
8798 28 74
8799 29 74
8800 60 46
8801 6 36
8802 17 60
8803 28 74
8804 6 35
8805 18 60
8806 60 45
8807 29 74
8808 17 60
8809 13 12
8810 18 60
8811 28 74
8812 60 46
8813 29 74
8814 14 12
8815 28 74
8816 29 74
8817 60 45
8818 13 12
8819 28 74
8820 6 36
8821 14 12
8822 17 60
8823 60 46
8824 13 12
8825 6 35
8826 6 36
8827 29 74
8828 18 60
8829 60 45
8830 17 60
8831 28 74
8832 14 12
8833 60 46
8834 29 74
8835 6 35
8836 28 74
8837 13 12
8838 14 12
8839 13 12
8840 60 45
8841 18 60
8842 60 46
8843 6 36
8844 14 12
8845 29 74
8846 6 35
8847 17 60
8848 13 12
8849 60 45
8850 28 74
8851 29 74
8852 60 46
8853 18 60
8854 17 60
8855 28 74
8856 18 60
8857 29 74
8858 17 60
8859 6 36
8860 28 74
8861 14 12
8862 29 74
8863 18 60
8864 6 35
8865 60 45
8866 13 12
8867 17 60
8868 28 74
8869 6 36
8870 14 12
8871 6 35
8872 29 74
8873 18 60
8874 13 12
8875 14 12
8876 60 46
8877 17 60
8878 6 36
8879 28 74
8880 60 45
8881 6 35
8882 6 36
8883 13 12
8884 60 46
8885 29 74
8886 14 12
8887 28 74
8888 6 35
8889 29 74
8890 60 45
8891 28 74
8892 18 60
8893 29 74
8894 28 74
8895 13 12
8896 17 60
8897 60 46
8898 60 45
8899 18 60
8900 14 12
8901 29 74
8902 28 74
8903 17 60
8904 13 12
8905 29 74
8906 6 36
8907 18 60
8908 6 35
8909 6 36
8910 17 60
8911 6 35
8912 28 74
8913 14 12
8914 6 36
8915 29 74
8916 6 35
8917 60 46
8918 6 36
8919 28 74
8920 60 45
8921 29 74
8922 13 12
8923 28 74
8924 29 74
8925 60 46
8926 14 12
8927 13 12
8928 28 74
8929 6 35
8930 29 74
8931 18 60
8932 28 74
8933 29 74
8934 14 12
8935 28 74
8936 17 60
8937 18 60
8938 29 74
8939 13 12
8940 17 60
8941 14 12
8942 6 36
8943 28 74
8944 60 45
8945 60 46
8946 6 35
8947 13 12
8948 60 45
8949 14 12
8950 60 46
8951 29 74
8952 60 45
8953 13 12
8954 18 60
8955 17 60
8956 60 46
8957 14 12
8958 28 74
8959 18 60
8960 60 45
8961 6 36
8962 17 60
8963 60 46
8964 60 45
8965 60 46
8966 29 74
8967 18 60
8968 17 60
8969 60 45
8970 18 60
8971 13 12
8972 60 46
8973 60 45
8974 6 35
8975 14 12
8976 6 36
8977 13 12
8978 17 60
8979 60 46
8980 14 12
8981 28 74
8982 6 35
8983 18 60
8984 60 45
8985 29 74
8986 28 74
8987 13 12
8988 17 60
8989 60 46
8990 29 74
8991 60 45
8992 18 60
8993 14 12
8994 17 60
8995 28 74
8996 13 12
8997 29 74
8998 60 46
8999 6 36
9000 18 60
9001 60 45
9002 14 12
9003 60 46
9004 13 12
9005 6 35
9006 17 60
9007 60 45
9008 14 12
9009 6 36
9010 13 12
9011 14 12
9012 13 12
9013 60 46
9014 6 35
9015 18 60
9016 60 45
9017 60 46
9018 14 12
9019 6 36
9020 6 35
9021 60 45
9022 13 12
9023 28 74
9024 60 46
9025 6 36
9026 60 45
9027 60 46
9028 6 35
9029 17 60
9030 14 12
9031 6 36
9032 29 74
9033 13 12
9034 6 35
9035 60 45
9036 6 36
9037 28 74
9038 18 60
9039 60 46
9040 60 45
9041 6 35
9042 17 60
9043 14 12
9044 60 46
9045 18 60
9046 13 12
9047 29 74
9048 17 60
9049 14 12
9050 13 12
9051 14 12
9052 18 60
9053 6 36
9054 6 35
9055 6 36
9056 17 60
9057 6 35
9058 18 60
9059 60 45
9060 60 46
9061 13 12
9062 6 36
9063 28 74
9064 17 60
9065 18 60
9066 6 35
9067 6 36
9068 14 12
9069 17 60
9070 18 60
9071 60 45
9072 29 74
9073 28 74
9074 13 12
9075 60 46
9076 17 60
9077 29 74
9078 18 60
9079 28 74
9080 60 45
9081 29 74
9082 14 12
9083 17 60
9084 13 12
9085 18 60
9086 60 46
9087 28 74
9088 14 12
9089 6 35
9090 60 45
9091 6 36
9092 6 35
9093 60 46
9094 29 74
9095 60 45
9096 13 12
9097 28 74
9098 14 12
9099 60 46
9100 13 12
9101 60 45
9102 14 12
9103 60 46
9104 13 12
9105 6 36
9106 60 45
9107 17 60
9108 6 35
9109 18 60
9110 29 74
9111 17 60
9112 14 12
9113 60 46
9114 13 12
9115 6 36
9116 60 45
9117 18 60
9118 28 74
9119 17 60
9120 60 46
9121 29 74
9122 6 35
9123 14 12
9124 6 36
9125 6 35
9126 28 74
9127 60 45
9128 6 36
9129 29 74
9130 6 35
9131 6 36
9132 18 60
9133 28 74
9134 60 46
9135 6 35
9136 29 74
9137 13 12
9138 28 74
9139 14 12
9140 6 36
9141 6 35
9142 17 60
9143 13 12
9144 29 74
9145 28 74
9146 29 74
9147 60 45
9148 60 46
9149 14 12
9150 60 45
9151 60 46
9152 28 74
9153 29 74
9154 18 60
9155 17 60
9156 60 45
9157 28 74
9158 60 46
9159 60 45
9160 6 36
9161 18 60
9162 6 35
9163 60 46
9164 29 74
9165 6 36
9166 60 45
9167 60 46
9168 6 35
9169 13 12
9170 28 74
9171 14 12
9172 29 74
9173 13 12
9174 17 60
9175 6 36
9176 28 74
9177 14 12
9178 29 74
9179 28 74
9180 6 35
9181 6 36
9182 29 74
9183 6 35
9184 13 12
9185 14 12
9186 28 74
9187 6 36
9188 29 74
9189 18 60
9190 28 74
9191 6 35
9192 29 74
9193 13 12
9194 14 12
9195 17 60
9196 28 74
9197 6 36
9198 29 74
9199 13 12
9200 28 74
9201 6 35
9202 18 60
9203 14 12
9204 13 12
9205 29 74
9206 17 60
9207 28 74
9208 18 60
9209 60 45
9210 29 74
9211 14 12
9212 17 60
9213 28 74
9214 60 46
9215 6 36
9216 6 35
9217 18 60
9218 29 74
9219 13 12
9220 17 60
9221 28 74
9222 14 12
9223 18 60
9224 29 74
9225 13 12
9226 17 60
9227 18 60
9228 14 12
9229 28 74
9230 60 45
9231 6 36
9232 29 74
9233 28 74
9234 13 12
9235 17 60
9236 18 60
9237 60 46
9238 14 12
9239 6 35
9240 6 36
9241 60 45
9242 29 74
9243 6 35
9244 13 12
9245 6 36
9246 28 74
9247 14 12
9248 6 35
9249 13 12
9250 6 36
9251 14 12
9252 17 60
9253 18 60
9254 60 46
9255 17 60
9256 6 35
9257 6 36
9258 6 35
9259 29 74
9260 60 45
9261 13 12
9262 28 74
9263 60 46
9264 14 12
9265 18 60
9266 17 60
9267 13 12
9268 29 74
9269 60 45
9270 6 36
9271 18 60
9272 60 46
9273 6 35
9274 60 45
9275 6 36
9276 28 74
9277 6 35
9278 60 46
9279 6 36
9280 60 45
9281 17 60
9282 6 35
9283 6 36
9284 6 35
9285 18 60
9286 17 60
9287 60 46
9288 6 36
9289 18 60
9290 17 60
9291 18 60
9292 14 12
9293 6 35
9294 13 12
9295 14 12
9296 17 60
9297 60 45
9298 29 74
9299 6 36
9300 60 46
9301 28 74
9302 60 45
9303 60 46
9304 29 74
9305 6 35
9306 60 45
9307 60 46
9308 13 12
9309 28 74
9310 6 36
9311 6 35
9312 60 45
9313 6 36
9314 6 35
9315 6 36
9316 14 12
9317 29 74
9318 60 46
9319 6 35
9320 18 60
9321 13 12
9322 60 45
9323 28 74
9324 14 12
9325 60 46
9326 17 60
9327 18 60
9328 29 74
9329 6 36
9330 60 45
9331 13 12
9332 6 35
9333 60 46
9334 60 45
9335 6 36
9336 28 74
9337 6 35
9338 6 36
9339 14 12
9340 29 74
9341 6 35
9342 60 46
9343 13 12
9344 60 45
9345 60 46
9346 14 12
9347 6 36
9348 6 35
9349 28 74
9350 6 36
9351 13 12
9352 6 35
9353 6 36
9354 17 60
9355 60 45
9356 14 12
9357 13 12
9358 6 35
9359 14 12
9360 13 12
9361 29 74
9362 60 46
9363 60 45
9364 6 36
9365 18 60
9366 14 12
9367 17 60
9368 6 35
9369 18 60
9370 6 36
9371 6 35
9372 28 74
9373 29 74
9374 60 46
9375 60 45
9376 13 12
9377 14 12
9378 13 12
9379 17 60
9380 6 36
9381 18 60
9382 14 12
9383 17 60
9384 18 60
9385 17 60
9386 60 46
9387 60 45
9388 60 46
9389 6 35
9390 6 36
9391 18 60
9392 17 60
9393 13 12
9394 14 12
9395 13 12
9396 6 35
9397 18 60
9398 60 45
9399 17 60
9400 60 46
9401 28 74
9402 6 36
9403 60 45
9404 6 35
9405 6 36
9406 29 74
9407 18 60
9408 6 35
9409 60 46
9410 14 12
9411 13 12
9412 28 74
9413 17 60
9414 6 36
9415 18 60
9416 60 45
9417 6 35
9418 29 74
9419 28 74
9420 29 74
9421 60 46
9422 60 45
9423 6 36
9424 14 12
9425 17 60
9426 6 35
9427 18 60
9428 6 36
9429 6 35
9430 17 60
9431 18 60
9432 6 36
9433 17 60
9434 13 12
9435 60 46
9436 14 12
9437 6 35
9438 6 36
9439 6 35
9440 13 12
9441 14 12
9442 6 36
9443 60 45
9444 60 46
9445 28 74
9446 13 12
9447 14 12
9448 18 60
9449 29 74
9450 17 60
9451 60 45
9452 6 35
9453 13 12
9454 6 36
9455 18 60
9456 14 12
9457 60 46
9458 17 60
9459 6 35
9460 13 12
9461 60 45
9462 18 60
9463 14 12
9464 17 60
9465 18 60
9466 17 60
9467 6 36
9468 28 74
9469 13 12
9470 6 35
9471 60 46
9472 29 74
9473 6 36
9474 6 35
9475 28 74
9476 29 74
9477 60 45
9478 18 60
9479 28 74
9480 60 46
9481 14 12
9482 6 36
9483 29 74
9484 13 12
9485 17 60
9486 60 45
9487 6 35
9488 60 46
9489 60 45
9490 6 36
9491 28 74
9492 60 46
9493 6 35
9494 18 60
9495 17 60
9496 6 36
9497 6 35
9498 14 12
9499 29 74
9500 60 45
9501 18 60
9502 60 46
9503 13 12
9504 28 74
9505 60 45
9506 29 74
9507 17 60
9508 18 60
9509 28 74
9510 14 12
9511 60 46
9512 29 74
9513 6 36
9514 13 12
9515 28 74
9516 17 60
9517 18 60
9518 29 74
9519 14 12
9520 60 45
9521 13 12
9522 28 74
9523 17 60
9524 18 60
9525 17 60
9526 14 12
9527 60 46
9528 18 60
9529 60 45
9530 29 74
9531 13 12
9532 60 46
9533 17 60
9534 18 60
9535 14 12
9536 60 45
9537 17 60
9538 28 74
9539 13 12
9540 29 74
9541 14 12
9542 18 60
9543 6 35
9544 13 12
9545 28 74
9546 60 46
9547 60 45
9548 14 12
9549 13 12
9550 17 60
9551 18 60
9552 14 12
9553 17 60
9554 18 60
9555 6 36
9556 60 46
9557 6 35
9558 13 12
9559 60 45
9560 29 74
9561 17 60
9562 14 12
9563 28 74
9564 18 60
9565 17 60
9566 13 12
9567 60 46
9568 60 45
9569 6 36
9570 60 46
9571 60 45
9572 14 12
9573 18 60
9574 60 46
9575 17 60
9576 60 45
9577 29 74
9578 6 35
9579 28 74
9580 13 12
9581 60 46
9582 18 60
9583 60 45
9584 14 12
9585 13 12
9586 17 60
9587 29 74
9588 60 46
9589 6 36
9590 6 35
9591 18 60
9592 14 12
9593 13 12
9594 6 36
9595 28 74
9596 60 45
9597 6 35
9598 17 60
9599 18 60
9600 29 74
9601 14 12
9602 28 74
9603 13 12
9604 17 60
9605 6 36
9606 29 74
9607 14 12
9608 28 74
9609 13 12
9610 6 35
9611 6 36
9612 18 60
9613 17 60
9614 29 74
9615 18 60
9616 6 35
9617 17 60
9618 18 60
9619 17 60
9620 6 36
9621 6 35
9622 60 46
9623 14 12
9624 28 74
9625 29 74
9626 18 60
9627 60 45
9628 6 36
9629 13 12
9630 60 46
9631 28 74
9632 29 74
9633 28 74
9634 14 12
9635 60 45
9636 60 46
9637 13 12
9638 29 74
9639 28 74
9640 29 74
9641 17 60
9642 6 35
9643 14 12
9644 13 12
9645 14 12
9646 60 45
9647 60 46
9648 13 12
9649 60 45
9650 28 74
9651 6 36
9652 6 35
9653 60 46
9654 14 12
9655 6 36
9656 60 45
9657 6 35
9658 6 36
9659 60 46
9660 60 45
9661 6 35
9662 18 60
9663 60 46
9664 60 45
9665 6 36
9666 6 35
9667 60 46
9668 6 36
9669 60 45
9670 60 46
9671 6 35
9672 17 60
9673 6 36
9674 6 35
9675 29 74
9676 13 12
9677 14 12
9678 28 74
9679 29 74
9680 28 74
9681 6 36
9682 29 74
9683 18 60
9684 60 45
9685 6 35
9686 6 36
9687 6 35
9688 17 60
9689 28 74
9690 18 60
9691 29 74
9692 60 46
9693 60 45
9694 28 74
9695 29 74
9696 13 12
9697 60 46
9698 17 60
9699 14 12
9700 18 60
9701 28 74
9702 29 74
9703 60 45
9704 6 36
9705 28 74
9706 6 35
9707 29 74
9708 17 60
9709 6 36
9710 28 74
9711 29 74
9712 60 46
9713 13 12
9714 18 60
9715 14 12
9716 13 12
9717 60 45
9718 6 35
9719 28 74
9720 60 46
9721 60 45
9722 29 74
9723 14 12
9724 17 60
9725 18 60
9726 60 46
9727 28 74
9728 6 36
9729 6 35
9730 29 74
9731 60 45
9732 6 36
9733 13 12
9734 17 60
9735 14 12
9736 60 46
9737 13 12
9738 6 35
9739 28 74
9740 60 45
9741 14 12
9742 6 36
9743 60 46
9744 6 35
9745 60 45
9746 6 36
9747 13 12
9748 29 74
9749 28 74
9750 6 35
9751 14 12
9752 60 46
9753 60 45
9754 6 36
9755 6 35
9756 6 36
9757 6 35
9758 13 12
9759 60 46
9760 60 45
9761 6 36
9762 29 74
9763 14 12
9764 6 35
9765 60 46
9766 18 60
9767 6 36
9768 6 35
9769 17 60
9770 18 60
9771 28 74
9772 17 60
9773 13 12
9774 29 74
9775 28 74
9776 60 45
9777 29 74
9778 6 36
9779 6 35
9780 6 36
9781 18 60
9782 14 12
9783 17 60
9784 28 74
9785 18 60
9786 13 12
9787 14 12
9788 6 35
9789 60 46
9790 13 12
9791 6 36
9792 60 45
9793 60 46
9794 6 35
9795 6 36
9796 60 45
9797 29 74
9798 28 74
9799 6 35
9800 60 46
9801 60 45
9802 60 46
9803 6 36
9804 14 12
9805 29 74
9806 17 60
9807 13 12
9808 6 35
9809 14 12
9810 6 36
9811 60 45
9812 60 46
9813 28 74
9814 60 45
9815 60 46
9816 13 12
9817 6 35
9818 14 12
9819 60 45
9820 13 12
9821 29 74
9822 28 74
9823 14 12
9824 60 46
9825 60 45
9826 18 60
9827 60 46
9828 29 74
9829 28 74
9830 13 12
9831 17 60
9832 18 60
9833 6 36
9834 29 74
9835 60 45
9836 60 46
9837 17 60
9838 6 35
9839 6 36
9840 18 60
9841 17 60
9842 18 60
9843 28 74
9844 60 45
9845 29 74
9846 60 46
9847 17 60
9848 14 12
9849 60 45
9850 28 74
9851 18 60
9852 17 60
9853 60 46
9854 13 12
9855 18 60
9856 14 12
9857 17 60
9858 29 74
9859 13 12
9860 18 60
9861 17 60
9862 28 74
9863 18 60
9864 14 12
9865 60 45
9866 17 60
9867 13 12
9868 18 60
9869 60 46
9870 6 35
9871 60 45
9872 17 60
9873 14 12
9874 29 74
9875 13 12
9876 14 12
9877 6 36
9878 18 60
9879 60 46
9880 28 74
9881 13 12
9882 29 74
9883 6 35
9884 28 74
9885 6 36
9886 6 35
9887 60 45
9888 14 12
9889 6 36
9890 29 74
9891 13 12
9892 17 60
9893 14 12
9894 28 74
9895 29 74
9896 13 12
9897 6 35
9898 18 60
9899 14 12
9900 60 46
9901 28 74
9902 60 45
9903 60 46
9904 13 12
9905 14 12
9906 29 74
9907 6 36
9908 60 45
9909 6 35
9910 13 12
9911 14 12
9912 17 60
9913 18 60
9914 60 46
9915 13 12
9916 60 45
9917 17 60
9918 60 46
9919 28 74
9920 6 36
9921 6 35
9922 29 74
9923 18 60
9924 14 12
9925 17 60
9926 6 36
9927 28 74
9928 6 35
9929 18 60
9930 29 74
9931 17 60
9932 28 74
9933 6 36
9934 13 12
9935 29 74
9936 60 45
9937 60 46
9938 14 12
9939 6 35
9940 60 45
9941 60 46
9942 60 45
9943 18 60
9944 28 74
9945 60 46
9946 6 36
9947 29 74
9948 28 74
9949 17 60
9950 6 35
9951 13 12
9952 29 74
9953 6 36
9954 18 60
9955 6 35
9956 60 45
9957 60 46
9958 28 74
9959 60 45
9960 60 46
9961 60 45
9962 6 36
9963 6 35
9964 60 46
9965 6 36
9966 29 74
9967 28 74
9968 17 60
9969 60 45
9970 60 46
9971 29 74
9972 6 35
9973 6 36
9974 28 74
9975 6 35
9976 14 12
9977 18 60
9978 13 12
9979 14 12
9980 17 60
9981 60 45
9982 60 46
9983 6 36
9984 18 60
9985 13 12
9986 17 60
9987 14 12
9988 18 60
9989 60 45
9990 6 35
9991 60 46
9992 6 36
9993 17 60
9994 13 12
9995 6 35
9996 14 12
9997 13 12
9998 60 45
9999 60 46
10000 60 45
10001 14 12
10002 29 74
10003 18 60
10004 13 12
10005 60 46
10006 60 45
10007 6 36
10008 28 74
10009 14 12
10010 60 46
10011 17 60
10012 6 35
10013 18 60
10014 60 45
10015 60 46
10016 60 45
10017 17 60
10018 6 36
10019 29 74
10020 28 74
10021 60 46
10022 29 74
10023 13 12
10024 14 12
10025 28 74
10026 60 45
10027 29 74
10028 28 74
10029 29 74
10030 13 12
10031 6 35
10032 6 36
10033 14 12
10034 13 12
10035 28 74
10036 18 60
10037 60 46
10038 60 45
10039 6 35
10040 29 74
10041 17 60
10042 6 36
10043 60 46
10044 28 74
10045 60 45
10046 6 35
10047 6 36
10048 6 35
10049 29 74
10050 28 74
10051 29 74
10052 60 46
10053 18 60
10054 17 60
10055 28 74
10056 60 45
10057 60 46
10058 18 60
10059 14 12
10060 13 12
10061 14 12
10062 60 45
10063 17 60
10064 29 74
10065 6 36
10066 28 74
10067 6 35
10068 18 60
10069 6 36
10070 17 60
10071 6 35
10072 29 74
10073 60 46
10074 18 60
10075 17 60
10076 18 60
10077 17 60
10078 28 74
10079 18 60
10080 29 74
10081 13 12
10082 14 12
10083 60 45
10084 28 74
10085 17 60
10086 29 74
10087 60 46
10088 28 74
10089 29 74
10090 6 36
10091 60 45
10092 60 46
10093 6 35
10094 18 60
10095 13 12
10096 28 74
10097 60 45
10098 60 46
10099 6 36
10100 29 74
10101 60 45
10102 60 46
10103 28 74
10104 6 35
10105 14 12
10106 13 12
10107 17 60
10108 60 45
10109 6 36
10110 6 35
10111 60 46
10112 60 45
10113 60 46
10114 6 36
10115 60 45
10116 6 35
10117 6 36
10118 29 74
10119 18 60
10120 17 60
10121 18 60
10122 17 60
10123 14 12
10124 18 60
10125 60 46
10126 17 60
10127 18 60
10128 28 74
10129 13 12
10130 6 35
10131 29 74
10132 28 74
10133 29 74
10134 60 45
10135 6 36
10136 17 60
10137 6 35
10138 14 12
10139 28 74
10140 29 74
10141 18 60
10142 60 46
10143 60 45
10144 17 60
10145 18 60
10146 28 74
10147 29 74
10148 6 36
10149 17 60
10150 18 60
10151 28 74
10152 6 35
10153 29 74
10154 17 60
10155 13 12
10156 6 36
10157 6 35
10158 6 36
10159 60 46
10160 18 60
10161 28 74
10162 60 45
10163 60 46
10164 17 60
10165 29 74
10166 18 60
10167 14 12
10168 6 35
10169 60 45
10170 60 46
10171 60 45
10172 6 36
10173 60 46
10174 6 35
10175 28 74
10176 60 45
10177 29 74
10178 28 74
10179 17 60
10180 6 36
10181 18 60
10182 13 12
10183 6 35
10184 60 46
10185 17 60
10186 14 12
10187 60 45
10188 6 36
10189 29 74
10190 6 35
10191 18 60
10192 60 46
10193 17 60
10194 60 45
10195 13 12
10196 14 12
10197 13 12
10198 6 36
10199 6 35
10200 60 46
10201 18 60
10202 17 60
10203 6 36
10204 60 45
10205 28 74
10206 29 74
10207 28 74
10208 14 12
10209 13 12
10210 60 46
10211 18 60
10212 17 60
10213 14 12
10214 18 60
10215 6 35
10216 17 60
10217 18 60
10218 17 60
10219 60 45
10220 60 46
10221 18 60
10222 17 60
10223 6 36
10224 60 45
10225 18 60
10226 6 35
10227 29 74
10228 6 36
10229 6 35
10230 13 12
10231 6 36
10232 28 74
10233 29 74
10234 60 46
10235 28 74
10236 60 45
10237 14 12
10238 17 60
10239 29 74
10240 60 46
10241 60 45
10242 60 46
10243 13 12
10244 6 35
10245 14 12
10246 13 12
10247 18 60
10248 28 74
10249 6 36
10250 6 35
10251 17 60
10252 29 74
10253 28 74
10254 6 36
10255 6 35
10256 14 12
10257 29 74
10258 28 74
10259 29 74
10260 6 36
10261 6 35
10262 18 60
10263 6 36
10264 28 74
10265 29 74
10266 17 60
10267 28 74
10268 29 74
10269 28 74
10270 18 60
10271 6 35
10272 60 45
10273 17 60
10274 18 60
10275 13 12
10276 6 36
10277 29 74
10278 17 60
10279 28 74
10280 18 60
10281 6 35
10282 17 60
10283 6 36
10284 14 12
10285 60 46
10286 18 60
10287 29 74
10288 60 45
10289 60 46
10290 6 35
10291 13 12
10292 6 36
10293 14 12
10294 17 60
10295 13 12
10296 28 74
10297 29 74
10298 28 74
10299 29 74
10300 18 60
10301 14 12
10302 17 60
10303 18 60
10304 60 45
10305 28 74
10306 6 35
10307 17 60
10308 13 12
10309 60 46
10310 6 36
10311 60 45
10312 60 46
10313 29 74
10314 6 35
10315 18 60
10316 14 12
10317 28 74
10318 13 12
10319 6 36
10320 60 45
10321 60 46
10322 14 12
10323 29 74
10324 6 35
10325 13 12
10326 28 74
10327 29 74
10328 60 45
10329 14 12
10330 13 12
10331 6 36
10332 14 12
10333 28 74
10334 60 46
10335 29 74
10336 60 45
10337 28 74
10338 60 46
10339 6 35
10340 60 45
10341 13 12
10342 6 36
10343 29 74
10344 60 46
10345 60 45
10346 60 46
10347 28 74
10348 17 60
10349 29 74
10350 18 60
10351 17 60
10352 28 74
10353 60 45
10354 29 74
10355 14 12
10356 18 60
10357 6 35
10358 6 36
10359 13 12
10360 17 60
10361 28 74
10362 14 12
10363 29 74
10364 6 35
10365 6 36
10366 13 12
10367 6 35
10368 18 60
10369 28 74
10370 17 60
10371 29 74
10372 28 74
10373 60 46
10374 29 74
10375 60 45
10376 18 60
10377 60 46
10378 6 36
10379 6 35
10380 28 74
10381 29 74
10382 28 74
10383 6 36
10384 6 35
10385 60 45
10386 14 12
10387 60 46
10388 60 45
10389 17 60
10390 60 46
10391 29 74
10392 60 45
10393 13 12
10394 28 74
10395 18 60
10396 17 60
10397 29 74
10398 60 46
10399 14 12
10400 18 60
10401 60 45
10402 6 36
10403 28 74
10404 6 35
10405 29 74
10406 17 60
10407 13 12
10408 14 12
10409 18 60
10410 17 60
10411 13 12
10412 18 60
10413 60 46
10414 60 45
10415 28 74
10416 17 60
10417 6 36
10418 6 35
10419 29 74
10420 14 12
10421 6 36
10422 13 12
10423 28 74
10424 29 74
10425 14 12
10426 18 60
10427 13 12
10428 17 60
10429 28 74
10430 18 60
10431 29 74
10432 60 46
10433 6 35
10434 6 36
10435 28 74
10436 17 60
10437 6 35
10438 18 60
10439 29 74
10440 28 74
10441 14 12
10442 17 60
10443 18 60
10444 13 12
10445 6 36
10446 17 60
10447 60 45
10448 6 35
10449 6 36
10450 6 35
10451 29 74
10452 18 60
10453 28 74
10454 6 36
10455 14 12
10456 60 46
10457 17 60
10458 18 60
10459 60 45
10460 29 74
10461 28 74
10462 60 46
10463 29 74
10464 28 74
10465 6 35
10466 29 74
10467 60 45
10468 28 74
10469 60 46
10470 60 45
10471 29 74
10472 6 36
10473 28 74
10474 29 74
10475 60 46
10476 17 60
10477 18 60
10478 6 35
10479 28 74
10480 6 36
10481 6 35
10482 60 45
10483 13 12
10484 29 74
10485 6 36
10486 6 35
10487 17 60
10488 6 36
10489 18 60
10490 17 60
10491 14 12
10492 6 35
10493 6 36
10494 60 46
10495 18 60
10496 13 12
10497 6 35
10498 14 12
10499 60 45
10500 13 12
10501 6 36
10502 17 60
10503 14 12
10504 6 35
10505 18 60
10506 6 36
10507 13 12
10508 60 46
10509 17 60
10510 18 60
10511 17 60
10512 18 60
10513 14 12
10514 60 45
10515 60 46
10516 60 45
10517 6 35
10518 60 46
10519 60 45
10520 60 46
10521 28 74
10522 17 60
10523 13 12
10524 14 12
10525 60 45
10526 18 60
10527 13 12
10528 17 60
10529 18 60
10530 17 60
10531 29 74
10532 28 74
10533 18 60
10534 60 46
10535 14 12
10536 29 74
10537 28 74
10538 17 60
10539 13 12
10540 60 45
10541 14 12
10542 18 60
10543 17 60
10544 60 46
10545 6 36
10546 60 45
10547 18 60
10548 6 35
10549 29 74
10550 60 46
10551 60 45
10552 13 12
10553 17 60
10554 28 74
10555 6 36
10556 6 35
10557 6 36
10558 29 74
10559 6 35
10560 6 36
10561 14 12
10562 13 12
10563 18 60
10564 14 12
10565 17 60
10566 13 12
10567 28 74
10568 6 35
10569 18 60
10570 14 12
10571 29 74
10572 6 36
10573 17 60
10574 60 46
10575 28 74
10576 13 12
10577 6 35
10578 14 12
10579 13 12
10580 29 74
10581 28 74
10582 14 12
10583 60 45
10584 13 12
10585 14 12
10586 6 36
10587 60 46
10588 29 74
10589 18 60
10590 28 74
10591 6 35
10592 17 60
10593 6 36
10594 6 35
10595 6 36
10596 29 74
10597 6 35
10598 13 12
10599 60 45
10600 18 60
10601 17 60
10602 28 74
10603 60 46
10604 60 45
10605 60 46
10606 60 45
10607 60 46
10608 60 45
10609 60 46
10610 60 45
10611 60 46
10612 60 45
10613 14 12
10614 18 60
10615 29 74
10616 13 12
10617 14 12
10618 60 46
10619 17 60
10620 6 36
10621 13 12
10622 6 35
10623 14 12
10624 18 60
10625 28 74
10626 6 36
10627 13 12
10628 60 45
10629 29 74
10630 14 12
10631 17 60
10632 13 12
10633 60 46
10634 18 60
10635 28 74
10636 6 35
10637 60 45
10638 29 74
10639 28 74
10640 60 46
10641 6 36
10642 29 74
10643 6 35
10644 14 12
10645 13 12
10646 60 45
10647 60 46
10648 6 36
10649 28 74
10650 6 35
10651 29 74
10652 14 12
10653 6 36
10654 17 60
10655 60 45
10656 60 46
10657 28 74
10658 13 12
10659 18 60
10660 60 45
10661 14 12
10662 17 60
10663 60 46
10664 13 12
10665 6 35
10666 14 12
10667 60 45
10668 6 36
10669 6 35
10670 60 46
10671 29 74
10672 18 60
10673 28 74
10674 60 45
10675 6 36
10676 17 60
10677 6 35
10678 29 74
10679 18 60
10680 17 60
10681 6 36
10682 6 35
10683 28 74
10684 6 36
10685 18 60
10686 29 74
10687 28 74
10688 17 60
10689 13 12
10690 60 46
10691 14 12
10692 13 12
10693 29 74
10694 6 35
10695 18 60
10696 6 36
10697 60 45
10698 28 74
10699 29 74
10700 28 74
10701 60 46
10702 29 74
10703 14 12
10704 13 12
10705 28 74
10706 60 45
10707 60 46
10708 6 35
10709 14 12
10710 17 60
10711 18 60
10712 6 36
10713 29 74
10714 17 60
10715 28 74
10716 29 74
10717 28 74
10718 13 12
10719 6 35
10720 14 12
10721 29 74
10722 6 36
10723 6 35
10724 60 45
10725 18 60
10726 6 36
10727 13 12
10728 28 74
10729 60 46
10730 29 74
10731 17 60
10732 14 12
10733 6 35
10734 18 60
10735 17 60
10736 60 45
10737 60 46
10738 28 74
10739 13 12
10740 6 36
10741 60 45
10742 29 74
10743 18 60
10744 6 35
10745 28 74
10746 14 12
10747 17 60
10748 6 36
10749 13 12
10750 29 74
10751 60 46
10752 60 45
10753 28 74
10754 60 46
10755 29 74
10756 6 35
10757 18 60
10758 28 74
10759 29 74
10760 60 45
10761 14 12
10762 17 60
10763 60 46
10764 18 60
10765 13 12
10766 60 45
10767 60 46
10768 14 12
10769 60 45
10770 17 60
10771 18 60
10772 28 74
10773 17 60
10774 18 60
10775 17 60
10776 13 12
10777 29 74
10778 18 60
10779 6 36
10780 14 12
10781 60 46
10782 6 35
10783 17 60
10784 6 36
10785 13 12
10786 6 35
10787 18 60
10788 60 45
10789 60 46
10790 28 74
10791 6 36
10792 60 45
10793 60 46
10794 60 45
10795 60 46
10796 60 45
10797 60 46
10798 14 12
10799 13 12
10800 60 45
10801 6 35
10802 17 60
10803 6 36
10804 18 60
10805 6 35
10806 60 46
10807 60 45
10808 17 60
10809 14 12
10810 13 12
10811 14 12
10812 60 46
10813 18 60
10814 13 12
10815 6 36
10816 6 35
10817 29 74
10818 14 12
10819 17 60
10820 18 60
10821 6 36
10822 60 45
10823 13 12
10824 17 60
10825 18 60
10826 14 12
10827 17 60
10828 18 60
10829 28 74
10830 17 60
10831 29 74
10832 13 12
10833 18 60
10834 60 46
10835 6 35
10836 14 12
10837 60 45
10838 6 36
10839 6 35
10840 28 74
10841 17 60
10842 29 74
10843 13 12
10844 6 36
10845 14 12
10846 28 74
10847 60 46
10848 6 35
10849 6 36
10850 29 74
10851 18 60
10852 60 45
10853 60 46
10854 60 45
10855 13 12
10856 17 60
10857 18 60
10858 60 46
10859 14 12
10860 13 12
10861 6 35
10862 28 74
10863 60 45
10864 6 36
10865 17 60
10866 60 46
10867 14 12
10868 18 60
10869 60 45
10870 13 12
10871 29 74
10872 28 74
10873 17 60
10874 6 35
10875 18 60
10876 17 60
10877 29 74
10878 14 12
10879 6 36
10880 13 12
10881 6 35
10882 6 36
10883 6 35
10884 6 36
10885 14 12
10886 13 12
10887 18 60
10888 17 60
10889 60 46
10890 28 74
10891 29 74
10892 28 74
10893 6 35
10894 29 74
10895 60 45
10896 6 36
10897 6 35
10898 14 12
10899 6 36
10900 28 74
10901 13 12
10902 14 12
10903 13 12
10904 14 12
10905 60 46
10906 18 60
10907 6 35
10908 17 60
10909 18 60
10910 13 12
10911 60 45
10912 6 36
10913 6 35
10914 29 74
10915 28 74
10916 17 60
10917 6 36
10918 60 46
10919 6 35
10920 29 74
10921 6 36
10922 28 74
10923 18 60
10924 29 74
10925 6 35
10926 17 60
10927 14 12
10928 6 36
10929 13 12
10930 60 45
10931 28 74
10932 6 35
10933 6 36
10934 18 60
10935 6 35
10936 6 36
10937 29 74
10938 14 12
10939 13 12
10940 6 35
10941 28 74
10942 29 74
10943 6 36
10944 60 46
10945 60 45
10946 28 74
10947 17 60
10948 6 35
10949 6 36
10950 60 46
10951 14 12
10952 18 60
10953 60 45
10954 60 46
10955 17 60
10956 13 12
10957 14 12
10958 18 60
10959 17 60
10960 29 74
10961 6 35
10962 18 60
10963 13 12
10964 14 12
10965 28 74
10966 17 60
10967 18 60
10968 13 12
10969 14 12
10970 17 60
10971 6 36
10972 6 35
10973 6 36
10974 29 74
10975 60 45
10976 13 12
10977 14 12
10978 18 60
10979 17 60
10980 60 46
10981 60 45
10982 6 35
10983 13 12
10984 14 12
10985 60 46
10986 60 45
10987 18 60
10988 6 36
10989 13 12
10990 14 12
10991 28 74
10992 6 35
10993 17 60
10994 13 12
10995 60 46
10996 14 12
10997 29 74
10998 60 45
10999 6 36
11000 13 12
11001 6 35
11002 18 60
11003 60 46
11004 14 12
11005 17 60
11006 28 74
11007 6 36
11008 6 35
11009 6 36
11010 13 12
11011 60 45
11012 6 35
11013 29 74
11014 6 36
11015 60 46
11016 60 45
11017 6 35
11018 60 46
11019 60 45
11020 14 12
11021 28 74
11022 13 12
11023 14 12
11024 6 36
11025 6 35
11026 29 74
11027 60 46
11028 60 45
11029 18 60
11030 17 60
11031 6 36
11032 18 60
11033 28 74
11034 13 12
11035 14 12
11036 60 46
11037 6 35
11038 13 12
11039 29 74
11040 14 12
11041 28 74
11042 29 74
11043 17 60
11044 28 74
11045 18 60
11046 13 12
11047 14 12
11048 29 74
11049 28 74
11050 17 60
11051 29 74
11052 18 60
11053 17 60
11054 18 60
11055 6 36
11056 60 45
11057 6 35
11058 6 36
11059 6 35
11060 17 60
11061 28 74
11062 18 60
11063 6 36
11064 6 35
11065 29 74
11066 28 74
11067 29 74
11068 60 46
11069 28 74
11070 6 36
11071 60 45
11072 6 35
11073 13 12
11074 14 12
11075 29 74
11076 6 36
11077 60 46
11078 6 35
11079 60 45
11080 60 46
11081 13 12
11082 17 60
11083 6 36
11084 6 35
11085 28 74
11086 29 74
11087 18 60
11088 28 74
11089 17 60
11090 6 36
11091 14 12
11092 13 12
11093 18 60
11094 17 60
11095 14 12
11096 13 12
11097 60 45
11098 29 74
11099 14 12
11100 18 60
11101 17 60
11102 13 12
11103 60 46
11104 60 45
11105 28 74
11106 29 74
11107 60 46
11108 6 35
11109 6 36
11110 6 35
11111 6 36
11112 28 74
11113 29 74
11114 18 60
11115 60 45
11116 28 74
11117 6 35
11118 14 12
11119 29 74
11120 28 74
11121 29 74
11122 60 46
11123 13 12
11124 6 36
11125 14 12
11126 28 74
11127 6 35
11128 13 12
11129 60 45
11130 60 46
11131 14 12
11132 17 60
11133 6 36
11134 60 45
11135 6 35
11136 6 36
11137 18 60
11138 60 46
11139 60 45
11140 17 60
11141 60 46
11142 18 60
11143 13 12
11144 60 45
11145 14 12
11146 60 46
11147 29 74
11148 13 12
11149 60 45
11150 60 46
11151 6 35
11152 17 60
11153 60 45
11154 28 74
11155 29 74
11156 28 74
11157 29 74
11158 14 12
11159 60 46
11160 28 74
11161 13 12
11162 6 36
11163 14 12
11164 29 74
11165 28 74
11166 18 60
11167 29 74
11168 13 12
11169 28 74
11170 6 35
11171 6 36
11172 29 74
11173 60 45
11174 14 12
11175 60 46
11176 28 74
11177 60 45
11178 6 35
11179 13 12
11180 17 60
11181 60 46
11182 29 74
11183 14 12
11184 18 60
11185 28 74
11186 13 12
11187 60 45
11188 29 74
11189 14 12
11190 6 36
11191 60 46
11192 13 12
11193 6 35
11194 6 36
11195 14 12
11196 28 74
11197 6 35
11198 29 74
11199 17 60
11200 60 45
11201 60 46
11202 18 60
11203 60 45
11204 28 74
11205 60 46
11206 29 74
11207 60 45
11208 6 36
11209 17 60
11210 13 12
11211 60 46
11212 28 74
11213 6 35
11214 29 74
11215 14 12
11216 6 36
11217 18 60
11218 6 35
11219 13 12
11220 6 36
11221 6 35
11222 60 45
11223 17 60
11224 28 74
11225 6 36
11226 29 74
11227 14 12
11228 13 12
11229 60 46
11230 18 60
11231 60 45
11232 60 46
11233 17 60
11234 6 35
11235 60 45
11236 28 74
11237 60 46
11238 18 60
11239 14 12
11240 60 45
11241 60 46
11242 13 12
11243 29 74
11244 28 74
11245 60 45
11246 60 46
11247 6 36
11248 60 45
11249 17 60
11250 6 35
11251 18 60
11252 14 12
11253 60 46
11254 29 74
11255 17 60
11256 13 12
11257 6 36
11258 14 12
11259 18 60
11260 60 45
11261 13 12
11262 17 60
11263 60 46
11264 28 74
11265 6 35
11266 14 12
11267 13 12
11268 60 45
11269 14 12
11270 13 12
11271 6 36
11272 29 74
11273 60 46
11274 6 35
11275 18 60
11276 14 12
11277 28 74
11278 29 74
11279 13 12
11280 28 74
11281 14 12
11282 29 74
11283 6 36
11284 17 60
11285 18 60
11286 60 45
11287 13 12
11288 60 46
11289 14 12
11290 60 45
11291 6 35
11292 28 74
11293 29 74
11294 60 46
11295 17 60
11296 18 60
11297 60 45
11298 60 46
11299 28 74
11300 60 45
11301 17 60
11302 13 12
11303 6 36
11304 6 35
11305 29 74
11306 6 36
11307 14 12
11308 6 35
11309 6 36
11310 6 35
11311 6 36
11312 6 35
11313 18 60
11314 6 36
11315 13 12
11316 14 12
11317 28 74
11318 6 35
11319 17 60
11320 29 74
11321 28 74
11322 6 36
11323 6 35
11324 6 36
11325 29 74
11326 13 12
11327 28 74
11328 14 12
11329 29 74
11330 18 60
11331 17 60
11332 6 35
11333 13 12
11334 14 12
11335 28 74
11336 18 60
11337 13 12
11338 14 12
11339 29 74
11340 13 12
11341 6 36
11342 6 35
11343 6 36
11344 28 74
11345 29 74
11346 14 12
11347 28 74
11348 29 74
11349 60 46
11350 6 35
11351 60 45
11352 28 74
11353 13 12
11354 29 74
11355 14 12
11356 13 12
11357 17 60
11358 18 60
11359 14 12
11360 28 74
11361 17 60
11362 13 12
11363 14 12
11364 18 60
11365 60 46
11366 6 36
11367 13 12
11368 14 12
11369 6 35
11370 60 45
11371 29 74
11372 6 36
11373 13 12
11374 60 46
11375 17 60
11376 18 60
11377 60 45
11378 60 46
11379 14 12
11380 60 45
11381 60 46
11382 17 60
11383 28 74
11384 6 35
11385 60 45
11386 60 46
11387 18 60
11388 6 36
11389 29 74
11390 60 45
11391 17 60
11392 18 60
11393 13 12
11394 60 46
11395 60 45
11396 28 74
11397 14 12
11398 6 35
11399 17 60
11400 6 36
11401 13 12
11402 29 74
11403 14 12
11404 28 74
11405 29 74
11406 18 60
11407 13 12
11408 60 46
11409 28 74
11410 17 60
11411 29 74
11412 60 45
11413 18 60
11414 14 12
11415 17 60
11416 28 74
11417 60 46
11418 29 74
11419 18 60
11420 60 45
11421 13 12
11422 60 46
11423 17 60
11424 60 45
11425 14 12
11426 13 12
11427 18 60
11428 28 74
11429 17 60
11430 29 74
11431 6 35
11432 18 60
11433 6 36
11434 28 74
11435 14 12
11436 17 60
11437 13 12
11438 18 60
11439 60 46
11440 60 45
11441 14 12
11442 17 60
11443 60 46
11444 29 74
11445 60 45
11446 18 60
11447 6 35
11448 28 74
11449 6 36
11450 17 60
11451 29 74
11452 28 74
11453 60 46
11454 13 12
11455 6 35
11456 14 12
11457 29 74
11458 6 36
11459 6 35
11460 6 36
11461 13 12
11462 14 12
11463 18 60
11464 13 12
11465 14 12
11466 28 74
11467 13 12
11468 29 74
11469 6 35
11470 14 12
11471 28 74
11472 6 36
11473 29 74
11474 60 45
11475 6 35
11476 60 46
11477 28 74
11478 60 45
11479 29 74
11480 60 46
11481 6 36
11482 60 45
11483 13 12
11484 28 74
11485 60 46
11486 60 45
11487 17 60
11488 18 60
11489 29 74
11490 6 35
11491 6 36
11492 17 60
11493 60 46
11494 14 12
11495 60 45
11496 28 74
11497 29 74
11498 18 60
11499 6 35
11500 17 60
11501 6 36
11502 28 74
11503 6 35
11504 18 60
11505 6 36
11506 13 12
11507 60 46
11508 14 12
11509 6 35
11510 29 74
11511 60 45
11512 13 12
11513 28 74
11514 6 36
11515 17 60
11516 29 74
11517 60 46
11518 6 35
11519 6 36
11520 14 12
11521 6 35
11522 28 74
11523 29 74
11524 28 74
11525 6 36
11526 6 35
11527 18 60
11528 6 36
11529 13 12
11530 29 74
11531 28 74
11532 6 35
11533 6 36
11534 14 12
11535 17 60
11536 29 74
11537 6 35
11538 18 60
11539 13 12
11540 28 74
11541 6 36
11542 6 35
11543 60 45
11544 60 46
11545 6 36
11546 6 35
11547 17 60
11548 6 36
11549 29 74
11550 6 35
11551 18 60
11552 6 36
11553 14 12
11554 13 12
11555 60 45
11556 14 12
11557 17 60
11558 28 74
11559 29 74
11560 60 46
11561 6 35
11562 6 36
11563 60 45
11564 28 74
11565 18 60
11566 17 60
11567 29 74
11568 60 46
11569 18 60
11570 60 45
11571 13 12
11572 6 35
11573 28 74
11574 17 60
11575 18 60
11576 60 46
11577 60 45
11578 6 36
11579 14 12
11580 60 46
11581 60 45
11582 13 12
11583 60 46
11584 17 60
11585 18 60
11586 17 60
11587 6 35
11588 60 45
11589 18 60
11590 14 12
11591 60 46
11592 13 12
11593 6 36
11594 60 45
11595 60 46
11596 60 45
11597 29 74
11598 6 35
11599 17 60
11600 18 60
11601 14 12
11602 13 12
11603 60 46
11604 14 12
11605 6 36
11606 60 45
11607 6 35
11608 17 60
11609 60 46
11610 28 74
11611 13 12
11612 6 36
11613 29 74
11614 28 74
11615 6 35
11616 14 12
11617 6 36
11618 13 12
11619 6 35
11620 18 60
11621 60 45
11622 6 36
11623 14 12
11624 17 60
11625 60 46
11626 6 35
11627 18 60
11628 29 74
11629 6 36
11630 17 60
11631 13 12
11632 28 74
11633 29 74
11634 14 12
11635 6 35
11636 28 74
11637 60 45
11638 13 12
11639 6 36
11640 14 12
11641 18 60
11642 6 35
11643 6 36
11644 6 35
11645 17 60
11646 13 12
11647 14 12
11648 29 74
11649 6 36
11650 28 74
11651 29 74
11652 60 46
11653 60 45
11654 13 12
11655 6 35
11656 6 36
11657 6 35
11658 18 60
11659 17 60
11660 6 36
11661 60 46
11662 60 45
11663 28 74
11664 29 74
11665 18 60
11666 17 60
11667 6 35
11668 18 60
11669 14 12
11670 60 46
11671 13 12
11672 14 12
11673 28 74
11674 6 36
11675 60 45
11676 6 35
11677 6 36
11678 6 35
11679 6 36
11680 17 60
11681 18 60
11682 13 12
11683 14 12
11684 60 46
11685 29 74
11686 60 45
11687 6 35
11688 13 12
11689 6 36
11690 14 12
11691 17 60
11692 6 35
11693 18 60
11694 6 36
11695 28 74
11696 60 46
11697 29 74
11698 60 45
11699 28 74
11700 13 12
11701 6 35
11702 14 12
11703 13 12
11704 29 74
11705 14 12
11706 6 36
11707 60 46
11708 6 35
11709 60 45
11710 6 36
11711 17 60
11712 18 60
11713 60 46
11714 60 45
11715 60 46
11716 6 35
11717 60 45
11718 13 12
11719 17 60
11720 18 60
11721 14 12
11722 13 12
11723 17 60
11724 60 46
11725 14 12
11726 60 45
11727 28 74
11728 13 12
11729 29 74
11730 60 46
11731 14 12
11732 28 74
11733 60 45
11734 60 46
11735 60 45
11736 29 74
11737 6 36
11738 13 12
11739 18 60
11740 6 35
11741 60 46
11742 14 12
11743 17 60
11744 6 36
11745 6 35
11746 18 60
11747 17 60
11748 18 60
11749 28 74
11750 13 12
11751 60 45
11752 17 60
11753 14 12
11754 6 36
11755 60 46
11756 13 12
11757 29 74
11758 18 60
11759 14 12
11760 6 35
11761 60 45
11762 6 36
11763 60 46
11764 13 12
11765 6 35
11766 60 45
11767 28 74
11768 60 46
11769 17 60
11770 60 45
11771 14 12
11772 18 60
11773 17 60
11774 29 74
11775 60 46
11776 13 12
11777 60 45
11778 14 12
11779 60 46
11780 60 45
11781 60 46
11782 6 36
11783 13 12
11784 14 12
11785 13 12
11786 14 12
11787 13 12
11788 18 60
11789 28 74
11790 14 12
11791 17 60
11792 18 60
11793 6 35
11794 60 45
11795 13 12
11796 14 12
11797 17 60
11798 6 36
11799 13 12
11800 6 35
11801 18 60
11802 60 46
11803 60 45
11804 6 36
11805 29 74
11806 28 74
11807 14 12
11808 29 74
11809 6 35
11810 28 74
11811 13 12
11812 6 36
11813 29 74
11814 6 35
11815 14 12
11816 28 74
11817 60 46
11818 60 45
11819 29 74
11820 17 60
11821 6 36
11822 60 46
11823 6 35
11824 13 12
11825 14 12
11826 60 45
11827 6 36
11828 18 60
11829 6 35
11830 6 36
11831 60 46
11832 28 74
11833 60 45
11834 29 74
11835 28 74
11836 60 46
11837 17 60
11838 29 74
11839 13 12
11840 6 35
11841 14 12
11842 6 36
11843 6 35
11844 60 45
11845 28 74
11846 29 74
11847 18 60
11848 60 46
11849 28 74
11850 13 12
11851 17 60
11852 18 60
11853 29 74
11854 60 45
11855 14 12
11856 17 60
11857 28 74
11858 13 12
11859 6 36
11860 60 46
11861 29 74
11862 60 45
11863 28 74
11864 6 35
11865 14 12
11866 18 60
11867 6 36
11868 13 12
11869 6 35
11870 17 60
11871 18 60
11872 6 36
11873 17 60
11874 18 60
11875 14 12
11876 60 46
11877 13 12
11878 29 74
11879 60 45
11880 14 12
11881 60 46
11882 60 45
11883 60 46
11884 60 45
11885 28 74
11886 17 60
11887 6 35
11888 60 46
11889 60 45
11890 29 74
11891 13 12
11892 18 60
11893 28 74
11894 29 74
11895 60 46
11896 28 74
11897 14 12
11898 60 45
11899 6 36
11900 17 60
11901 18 60
11902 60 46
11903 6 35
11904 6 36
11905 60 45
11906 17 60
11907 60 46
11908 18 60
11909 17 60
11910 18 60
11911 17 60
11912 18 60
11913 17 60
11914 29 74
11915 13 12
11916 14 12
11917 18 60
11918 13 12
11919 17 60
11920 6 35
11921 14 12
11922 13 12
11923 28 74
11924 14 12
11925 13 12
11926 18 60
11927 17 60
11928 60 45
11929 18 60
11930 6 36
11931 60 46
11932 6 35
11933 17 60
11934 18 60
11935 60 45
11936 17 60
11937 14 12
11938 13 12
11939 6 36
11940 18 60
11941 17 60
11942 60 46
11943 6 35
11944 18 60
11945 6 36
11946 29 74
11947 17 60
11948 28 74
11949 29 74
11950 18 60
11951 6 35
11952 28 74
11953 6 36
11954 29 74
11955 60 45
11956 28 74
11957 60 46
11958 17 60
11959 6 35
11960 14 12
11961 6 36
11962 18 60
11963 6 35
11964 60 45
11965 17 60
11966 13 12
11967 29 74
11968 14 12
11969 28 74
11970 6 36
11971 18 60
11972 29 74
11973 60 46
11974 28 74
11975 29 74
11976 60 45
11977 28 74
11978 6 35
11979 13 12
11980 29 74
11981 6 36
11982 6 35
11983 28 74
11984 17 60
11985 60 46
11986 29 74
11987 14 12
11988 60 45
11989 28 74
11990 29 74
11991 18 60
11992 6 36
11993 6 35
11994 17 60
11995 60 46
11996 13 12
11997 6 36
11998 6 35
11999 60 45
12000 18 60
12001 14 12
12002 60 46
12003 13 12
12004 6 36
12005 28 74
12006 6 35
12007 60 45
12008 60 46
12009 6 36
12010 6 35
12011 6 36
12012 29 74
12013 6 35
12014 14 12
12015 6 36
12016 6 35
12017 6 36
12018 13 12
12019 60 45
12020 60 46
12021 17 60
12022 60 45
12023 6 35
12024 14 12
12025 60 46
12026 13 12
12027 28 74
12028 18 60
12029 60 45
12030 29 74
12031 60 46
12032 14 12
12033 60 45
12034 17 60
12035 60 46
12036 60 45
12037 28 74
12038 13 12
12039 18 60
12040 14 12
12041 6 36
12042 29 74
12043 60 46
12044 13 12
12045 60 45
12046 60 46
12047 6 35
12048 60 45
12049 60 46
12050 6 36
12051 60 45
12052 6 35
12053 6 36
12054 14 12
12055 13 12
12056 17 60
12057 28 74
12058 18 60
12059 6 35
12060 17 60
12061 14 12
12062 29 74
12063 6 36
12064 18 60
12065 6 35
12066 17 60
12067 18 60
12068 17 60
12069 6 36
12070 28 74
12071 29 74
12072 6 35
12073 6 36
12074 28 74
12075 13 12
12076 6 35
12077 18 60
12078 17 60
12079 6 36
12080 60 46
12081 6 35
12082 60 45
12083 14 12
12084 18 60
12085 29 74
12086 13 12
12087 60 46
12088 6 36
12089 6 35
12090 17 60
12091 60 45
12092 18 60
12093 14 12
12094 17 60
12095 13 12
12096 14 12
12097 13 12
12098 60 46
12099 14 12
12100 13 12
12101 6 36
12102 60 45
12103 14 12
12104 18 60
12105 60 46
12106 13 12
12107 14 12
12108 17 60
12109 18 60
12110 17 60
12111 13 12
12112 18 60
12113 60 45
12114 60 46
12115 14 12
12116 13 12
12117 28 74
12118 14 12
12119 60 45
12120 17 60
12121 13 12
12122 6 35
12123 29 74
12124 6 36
12125 6 35
12126 18 60
12127 17 60
12128 28 74
12129 6 36
12130 18 60
12131 14 12
12132 17 60
12133 29 74
12134 28 74
12135 6 35
12136 6 36
12137 29 74
12138 28 74
12139 60 46
12140 60 45
12141 60 46
12142 29 74
12143 18 60
12144 28 74
12145 13 12
12146 17 60
12147 6 35
12148 60 45
12149 14 12
12150 60 46
12151 60 45
12152 29 74
12153 28 74
12154 6 36
12155 6 35
12156 18 60
12157 17 60
12158 18 60
12159 6 36
12160 13 12
12161 60 46
12162 29 74
12163 6 35
12164 6 36
12165 14 12
12166 60 45
12167 60 46
12168 13 12
12169 60 45
12170 14 12
12171 13 12
12172 14 12
12173 60 46
12174 13 12
12175 14 12
12176 6 35
12177 13 12
12178 14 12
12179 17 60
12180 60 45
12181 18 60
12182 6 36
12183 60 46
12184 6 35
12185 6 36
12186 28 74
12187 29 74
12188 28 74
12189 60 45
12190 6 35
12191 6 36
12192 17 60
12193 18 60
12194 6 35
12195 17 60
12196 13 12
12197 60 46
12198 6 36
12199 14 12
12200 60 45
12201 29 74
12202 6 35
12203 13 12
12204 6 36
12205 18 60
12206 6 35
12207 14 12
12208 13 12
12209 17 60
12210 14 12
12211 28 74
12212 60 46
12213 18 60
12214 13 12
12215 29 74
12216 14 12
12217 17 60
12218 13 12
12219 28 74
12220 14 12
12221 60 45
12222 6 36
12223 18 60
12224 60 46
12225 60 45
12226 6 35
12227 29 74
12228 60 46
12229 6 36
12230 60 45
12231 13 12
12232 60 46
12233 14 12
12234 17 60
12235 60 45
12236 28 74
12237 13 12
12238 60 46
12239 14 12
12240 6 35
12241 6 36
12242 18 60
12243 13 12
12244 14 12
12245 17 60
12246 29 74
12247 13 12
12248 60 45
12249 6 35
12250 18 60
12251 14 12
12252 60 46
12253 13 12
12254 14 12
12255 17 60
12256 28 74
12257 60 45
12258 13 12
12259 18 60
12260 6 36
12261 14 12
12262 6 35
12263 60 46
12264 17 60
12265 13 12
12266 60 45
12267 18 60
12268 60 46
12269 17 60
12270 29 74
12271 6 36
12272 28 74
12273 60 45
12274 29 74
12275 18 60
12276 28 74
12277 29 74
12278 28 74
12279 60 46
12280 14 12
12281 6 35
12282 60 45
12283 29 74
12284 17 60
12285 60 46
12286 13 12
12287 18 60
12288 60 45
12289 14 12
12290 60 46
12291 17 60
12292 18 60
12293 60 45
12294 13 12
12295 17 60
12296 14 12
12297 13 12
12298 14 12
12299 6 36
12300 60 46
12301 28 74
12302 13 12
12303 14 12
12304 18 60
12305 6 35
12306 29 74
12307 28 74
12308 29 74
12309 13 12
12310 28 74
12311 29 74
12312 17 60
12313 18 60
12314 6 36
12315 28 74
12316 29 74
12317 6 35
12318 28 74
12319 29 74
12320 28 74
12321 60 45
12322 17 60
12323 18 60
12324 17 60
12325 18 60
12326 29 74
12327 17 60
12328 6 36
12329 14 12
12330 18 60
12331 60 46
12332 17 60
12333 13 12
12334 6 35
12335 14 12
12336 28 74
12337 6 36
12338 13 12
12339 18 60
12340 6 35
12341 29 74
12342 60 45
12343 6 36
12344 14 12
12345 28 74
12346 6 35
12347 17 60
12348 60 46
12349 18 60
12350 29 74
12351 6 36
12352 17 60
12353 28 74
12354 18 60
12355 29 74
12356 17 60
12357 60 45
12358 6 35
12359 13 12
12360 28 74
12361 14 12
12362 13 12
12363 18 60
12364 17 60
12365 14 12
12366 13 12
12367 14 12
12368 18 60
12369 60 46
12370 60 45
12371 13 12
12372 60 46
12373 17 60
12374 29 74
12375 6 36
12376 28 74
12377 14 12
12378 13 12
12379 18 60
12380 17 60
12381 14 12
12382 13 12
12383 14 12
12384 6 35
12385 60 45
12386 18 60
12387 13 12
12388 14 12
12389 17 60
12390 13 12
12391 18 60
12392 17 60
12393 14 12
12394 18 60
12395 6 36
12396 13 12
12397 29 74
12398 60 46
12399 6 35
12400 14 12
12401 60 45
12402 28 74
12403 29 74
12404 28 74
12405 17 60
12406 29 74
12407 13 12
12408 60 46
12409 14 12
12410 60 45
12411 60 46
12412 60 45
12413 60 46
12414 6 36
12415 28 74
12416 18 60
12417 6 35
12418 6 36
12419 17 60
12420 60 45
12421 60 46
12422 18 60
12423 60 45
12424 6 35
12425 17 60
12426 29 74
12427 60 46
12428 6 36
12429 6 35
12430 13 12
12431 18 60
12432 14 12
12433 17 60
12434 60 45
12435 6 36
12436 13 12
12437 28 74
12438 18 60
12439 17 60
12440 60 46
12441 6 35
12442 18 60
12443 14 12
12444 17 60
12445 6 36
12446 29 74
12447 28 74
12448 18 60
12449 29 74
12450 13 12
12451 28 74
12452 17 60
12453 60 45
12454 18 60
12455 14 12
12456 29 74
12457 28 74
12458 29 74
12459 13 12
12460 14 12
12461 6 35
12462 60 46
12463 17 60
12464 28 74
12465 60 45
12466 60 46
12467 60 45
12468 29 74
12469 6 36
12470 18 60
12471 6 35
12472 60 46
12473 17 60
12474 28 74
12475 13 12
12476 6 36
12477 18 60
12478 14 12
12479 6 35
12480 6 36
12481 6 35
12482 13 12
12483 17 60
12484 18 60
12485 29 74
12486 60 45
12487 14 12
12488 60 46
12489 60 45
12490 17 60
12491 60 46
12492 28 74
12493 60 45
12494 6 36
12495 6 35
12496 6 36
12497 60 46
12498 60 45
12499 18 60
12500 60 46
12501 17 60
12502 6 35
12503 18 60
12504 6 36
12505 6 35
12506 17 60
12507 13 12
12508 60 45
12509 6 36
12510 29 74
12511 60 46
12512 60 45
12513 14 12
12514 13 12
12515 60 46
12516 6 35
12517 6 36
12518 18 60
12519 14 12
12520 28 74
12521 13 12
12522 6 35
12523 60 45
12524 17 60
12525 60 46
12526 6 36
12527 18 60
12528 6 35
12529 6 36
12530 14 12
12531 13 12
12532 14 12
12533 29 74
12534 13 12
12535 60 45
12536 60 46
12537 14 12
12538 6 35
12539 28 74
12540 17 60
12541 18 60
12542 13 12
12543 6 36
12544 17 60
12545 29 74
12546 18 60
12547 14 12
12548 6 35
12549 60 45
12550 28 74
12551 6 36
12552 13 12
12553 14 12
12554 17 60
12555 18 60
12556 13 12
12557 60 46
12558 29 74
12559 28 74
12560 6 35
12561 17 60
12562 14 12
12563 29 74
12564 28 74
12565 18 60
12566 6 36
12567 6 35
12568 6 36
12569 13 12
12570 29 74
12571 28 74
12572 60 45
12573 17 60
12574 14 12
12575 18 60
12576 17 60
12577 6 35
12578 6 36
12579 13 12
12580 29 74
12581 60 46
12582 14 12
12583 60 45
12584 13 12
12585 14 12
12586 28 74
12587 6 35
12588 18 60
12589 13 12
12590 29 74
12591 6 36
12592 17 60
12593 14 12
12594 60 46
12595 60 45
12596 60 46
12597 28 74
12598 60 45
12599 13 12
12600 6 35
12601 6 36
12602 18 60
12603 17 60
12604 6 35
12605 29 74
12606 28 74
12607 18 60
12608 14 12
12609 13 12
12610 17 60
12611 14 12
12612 60 46
12613 29 74
12614 28 74
12615 13 12
12616 18 60
12617 29 74
12618 14 12
12619 17 60
12620 13 12
12621 28 74
12622 14 12
12623 13 12
12624 6 36
12625 29 74
12626 18 60
12627 17 60
12628 14 12
12629 13 12
12630 6 35
12631 14 12
12632 60 45
12633 6 36
12634 28 74
12635 60 46
12636 6 35
12637 29 74
12638 13 12
12639 60 45
12640 60 46
12641 14 12
12642 18 60
12643 6 36
12644 13 12
12645 60 45
12646 60 46
12647 6 35
12648 6 36
12649 6 35
12650 60 45
12651 28 74
12652 29 74
12653 28 74
12654 14 12
12655 17 60
12656 18 60
12657 6 36
12658 6 35
12659 13 12
12660 29 74
12661 6 36
12662 6 35
12663 14 12
12664 6 36
12665 60 46
12666 13 12
12667 14 12
12668 60 45
12669 60 46
12670 60 45
12671 6 35
12672 13 12
12673 6 36
12674 28 74
12675 60 46
12676 60 45
12677 17 60
12678 6 35
12679 18 60
12680 6 36
12681 60 46
12682 14 12
12683 17 60
12684 18 60
12685 6 35
12686 6 36
12687 17 60
12688 6 35
12689 13 12
12690 18 60
12691 60 45
12692 14 12
12693 17 60
12694 6 36
12695 6 35
12696 6 36
12697 13 12
12698 6 35
12699 60 46
12700 6 36
12701 29 74
12702 6 35
12703 18 60
12704 28 74
12705 6 36
12706 60 45
12707 6 35
12708 17 60
12709 14 12
12710 60 46
12711 60 45
12712 18 60
12713 6 36
12714 13 12
12715 6 35
12716 60 46
12717 29 74
12718 28 74
12719 14 12
12720 17 60
12721 13 12
12722 6 36
12723 60 45
12724 6 35
12725 18 60
12726 60 46
12727 29 74
12728 14 12
12729 13 12
12730 6 36
12731 17 60
12732 60 45
12733 14 12
12734 18 60
12735 6 35
12736 17 60
12737 6 36
12738 60 46
12739 28 74
12740 18 60
12741 6 35
12742 17 60
12743 60 45
12744 13 12
12745 6 36
12746 14 12
12747 29 74
12748 13 12
12749 28 74
12750 6 35
12751 29 74
12752 18 60
12753 28 74
12754 17 60
12755 6 36
12756 14 12
12757 29 74
12758 13 12
12759 28 74
12760 14 12
12761 18 60
12762 13 12
12763 60 46
12764 14 12
12765 13 12
12766 29 74
12767 17 60
12768 14 12
12769 13 12
12770 6 35
12771 18 60
12772 28 74
12773 60 45
12774 29 74
12775 60 46
12776 28 74
12777 29 74
12778 6 36
12779 60 45
12780 6 35
12781 6 36
12782 60 46
12783 60 45
12784 14 12
12785 13 12
12786 6 35
12787 28 74
12788 60 46
12789 29 74
12790 60 45
12791 28 74
12792 14 12
12793 29 74
12794 6 36
12795 60 46
12796 17 60
12797 28 74
12798 18 60
12799 6 35
12800 6 36
12801 60 45
12802 6 35
12803 60 46
12804 13 12
12805 60 45
12806 17 60
12807 18 60
12808 6 36
12809 6 35
12810 29 74
12811 28 74
12812 29 74
12813 14 12
12814 6 36
12815 6 35
12816 28 74
12817 17 60
12818 6 36
12819 13 12
12820 29 74
12821 60 46
12822 28 74
12823 29 74
12824 6 35
12825 6 36
12826 6 35
12827 18 60
12828 17 60
12829 6 36
12830 18 60
12831 14 12
12832 28 74
12833 17 60
12834 6 35
12835 60 45
12836 18 60
12837 6 36
12838 29 74
12839 60 46
12840 17 60
12841 60 45
12842 13 12
12843 14 12
12844 18 60
12845 6 35
12846 17 60
12847 18 60
12848 60 46
12849 6 36
12850 13 12
12851 28 74
12852 14 12
12853 17 60
12854 60 45
12855 29 74
12856 13 12
12857 28 74
12858 14 12
12859 29 74
12860 60 46
12861 6 35
12862 13 12
12863 18 60
12864 28 74
12865 17 60
12866 60 45
12867 29 74
12868 6 36
12869 60 46
12870 18 60
12871 6 35
12872 14 12
12873 17 60
12874 6 36
12875 6 35
12876 18 60
12877 28 74
12878 17 60
12879 13 12
12880 14 12
12881 18 60
12882 6 36
12883 29 74
12884 17 60
12885 13 12
12886 60 45
12887 28 74
12888 14 12
12889 18 60
12890 13 12
12891 17 60
12892 60 46
12893 6 35
12894 60 45
12895 29 74
12896 18 60
12897 6 36
12898 28 74
12899 17 60
12900 18 60
12901 17 60
12902 29 74
12903 6 35
12904 6 36
12905 60 46
12906 28 74
12907 14 12
12908 6 35
12909 18 60
12910 13 12
12911 17 60
12912 60 45
12913 29 74
12914 28 74
12915 6 36
12916 29 74
12917 18 60
12918 28 74
12919 29 74
12920 6 35
12921 28 74
12922 14 12
12923 29 74
12924 6 36
12925 28 74
12926 13 12
12927 60 46
12928 60 45
12929 29 74
12930 28 74
12931 17 60
12932 14 12
12933 29 74
12934 6 35
12935 13 12
12936 60 46
12937 60 45
12938 6 36
12939 6 35
12940 6 36
12941 14 12
12942 18 60
12943 28 74
12944 60 46
12945 6 35
12946 6 36
12947 60 45
12948 13 12
12949 29 74
12950 6 35
12951 60 46
12952 17 60
12953 60 45
12954 28 74
12955 60 46
12956 18 60
12957 17 60
12958 60 45
12959 14 12
12960 6 36
12961 29 74
12962 6 35
12963 6 36
12964 18 60
12965 6 35
12966 28 74
12967 17 60
12968 29 74
12969 28 74
12970 18 60
12971 60 46
12972 29 74
12973 13 12
12974 6 36
12975 60 45
12976 60 46
12977 28 74
12978 17 60
12979 6 35
12980 14 12
12981 13 12
12982 18 60
12983 29 74
12984 28 74
12985 29 74
12986 6 36
12987 6 35
12988 17 60
12989 18 60
12990 28 74
12991 29 74
12992 17 60
12993 18 60
12994 6 36
12995 28 74
12996 17 60
12997 6 35
12998 14 12
12999 29 74
13000 13 12
13001 28 74
13002 18 60
13003 29 74
13004 28 74
13005 17 60
13006 14 12
13007 60 45
13008 60 46
13009 13 12
13010 60 45
13011 14 12
13012 29 74
13013 60 46
13014 13 12
13015 60 45
13016 28 74
13017 6 36
13018 60 46
13019 18 60
13020 60 45
13021 6 35
13022 60 46
13023 6 36
13024 17 60
13025 18 60
13026 29 74
13027 17 60
13028 14 12
13029 18 60
13030 6 35
13031 60 45
13032 13 12
13033 17 60
13034 6 36
13035 6 35
13036 60 46
13037 60 45
13038 18 60
13039 14 12
13040 13 12
13041 60 46
13042 14 12
13043 60 45
13044 17 60
13045 6 36
13046 60 46
13047 18 60
13048 13 12
13049 17 60
13050 18 60
13051 14 12
13052 60 45
13053 28 74
13054 17 60
13055 13 12
13056 60 46
13057 14 12
13058 29 74
13059 18 60
13060 6 35
13061 17 60
13062 60 45
13063 60 46
13064 6 36
13065 60 45
13066 60 46
13067 13 12
13068 60 45
13069 14 12
13070 60 46
13071 18 60
13072 17 60
13073 6 35
13074 6 36
13075 6 35
13076 6 36
13077 6 35
13078 6 36
13079 28 74
13080 6 35
13081 60 45
13082 6 36
13083 29 74
13084 28 74
13085 13 12
13086 6 35
13087 14 12
13088 60 46
13089 13 12
13090 18 60
13091 14 12
13092 17 60
13093 29 74
13094 6 36
13095 60 45
13096 28 74
13097 60 46
13098 29 74
13099 60 45
13100 28 74
13101 13 12
13102 18 60
13103 14 12
13104 17 60
13105 18 60
13106 6 35
13107 13 12
13108 29 74
13109 60 46
13110 28 74
13111 17 60
13112 6 36
13113 29 74
13114 14 12
13115 13 12
13116 60 45
13117 28 74
13118 14 12
13119 29 74
13120 28 74
13121 13 12
13122 60 46
13123 29 74
13124 60 45
13125 60 46
13126 60 45
13127 28 74
13128 60 46
13129 6 35
13130 6 36
13131 18 60
13132 17 60
13133 14 12
13134 60 45
13135 29 74
13136 18 60
13137 13 12
13138 14 12
13139 6 35
13140 17 60
13141 18 60
13142 6 36
13143 13 12
13144 60 46
13145 17 60
13146 18 60
13147 17 60
13148 18 60
13149 17 60
13150 60 45
13151 28 74
13152 18 60
13153 29 74
13154 60 46
13155 14 12
13156 28 74
13157 13 12
13158 17 60
13159 6 35
13160 14 12
13161 60 45
13162 6 36
13163 29 74
13164 13 12
13165 14 12
13166 60 46
13167 60 45
13168 13 12
13169 14 12
13170 28 74
13171 60 46
13172 18 60
13173 60 45
13174 29 74
13175 28 74
13176 29 74
13177 17 60
13178 6 35
13179 13 12
13180 6 36
13181 14 12
13182 13 12
13183 6 35
13184 28 74
13185 14 12
13186 60 46
13187 18 60
13188 13 12
13189 60 45
13190 17 60
13191 18 60
13192 60 46
13193 6 36
13194 17 60
13195 18 60
13196 29 74
13197 14 12
13198 6 35
13199 28 74
13200 29 74
13201 60 45
13202 17 60
13203 6 36
13204 28 74
13205 13 12
13206 18 60
13207 17 60
13208 60 46
13209 60 45
13210 18 60
13211 29 74
13212 6 35
13213 14 12
13214 17 60
13215 13 12
13216 18 60
13217 14 12
13218 17 60
13219 6 36
13220 28 74
13221 29 74
13222 18 60
13223 28 74
13224 17 60
13225 6 35
13226 6 36
13227 13 12
13228 60 46
13229 60 45
13230 18 60
13231 17 60
13232 60 46
13233 18 60
13234 6 35
13235 60 45
13236 6 36
13237 29 74
13238 60 46
13239 14 12
13240 13 12
13241 28 74
13242 29 74
13243 60 45
13244 28 74
13245 6 35
13246 60 46
13247 60 45
13248 60 46
13249 29 74
13250 17 60
13251 6 36
13252 60 45
13253 14 12
13254 13 12
13255 6 35
13256 60 46
13257 18 60
13258 17 60
13259 60 45
13260 6 36
13261 60 46
13262 60 45
13263 6 35
13264 6 36
13265 14 12
13266 6 35
13267 28 74
13268 18 60
13269 29 74
13270 60 46
13271 60 45
13272 17 60
13273 18 60
13274 60 46
13275 6 36
13276 60 45
13277 60 46
13278 6 35
13279 13 12
13280 60 45
13281 14 12
13282 17 60
13283 6 36
13284 60 46
13285 28 74
13286 18 60
13287 6 35
13288 29 74
13289 28 74
13290 60 45
13291 60 46
13292 13 12
13293 14 12
13294 6 36
13295 17 60
13296 13 12
13297 18 60
13298 60 45
13299 14 12
13300 29 74
13301 60 46
13302 28 74
13303 60 45
13304 17 60
13305 18 60
13306 60 46
13307 6 35
13308 60 45
13309 17 60
13310 29 74
13311 18 60
13312 60 46
13313 28 74
13314 6 36
13315 17 60
13316 29 74
13317 60 45
13318 18 60
13319 13 12
13320 60 46
13321 6 35
13322 28 74
13323 6 36
13324 17 60
13325 60 45
13326 6 35
13327 60 46
13328 6 36
13329 60 45
13330 18 60
13331 60 46
13332 17 60
13333 60 45
13334 18 60
13335 29 74
13336 6 35
13337 17 60
13338 14 12
13339 6 36
13340 6 35
13341 13 12
13342 28 74
13343 29 74
13344 14 12
13345 6 36
13346 18 60
13347 13 12
13348 60 46
13349 6 35
13350 6 36
13351 60 45
13352 17 60
13353 28 74
13354 6 35
13355 6 36
13356 14 12
13357 6 35
13358 6 36
13359 13 12
13360 14 12
13361 18 60
13362 6 35
13363 60 46
13364 13 12
13365 60 45
13366 6 36
13367 14 12
13368 6 35
13369 29 74
13370 6 36
13371 13 12
13372 14 12
13373 17 60
13374 13 12
13375 18 60
13376 6 35
13377 60 46
13378 14 12
13379 13 12
13380 60 45
13381 14 12
13382 28 74
13383 17 60
13384 18 60
13385 60 46
13386 29 74
13387 60 45
13388 6 36
13389 13 12
13390 60 46
13391 60 45
13392 6 35
13393 28 74
13394 29 74
13395 6 36
13396 6 35
13397 6 36
13398 17 60
13399 6 35
13400 6 36
13401 6 35
13402 18 60
13403 14 12
13404 60 46
13405 6 36
13406 17 60
13407 13 12
13408 60 45
13409 14 12
13410 13 12
13411 28 74
13412 18 60
13413 29 74
13414 28 74
13415 6 35
13416 60 46
13417 29 74
13418 60 45
13419 6 36
13420 6 35
13421 17 60
13422 6 36
13423 60 46
13424 28 74
13425 6 35
13426 29 74
13427 6 36
13428 18 60
13429 60 45
13430 14 12
13431 17 60
13432 28 74
13433 60 46
13434 13 12
13435 60 45
13436 14 12
13437 13 12
13438 14 12
13439 29 74
13440 6 35
13441 18 60
13442 17 60
13443 28 74
13444 29 74
13445 13 12
13446 14 12
13447 60 46
13448 60 45
13449 28 74
13450 6 36
13451 6 35
13452 29 74
13453 28 74
13454 6 36
13455 6 35
13456 60 46
13457 18 60
13458 13 12
13459 60 45
13460 60 46
13461 14 12
13462 6 36
13463 17 60
13464 18 60
13465 13 12
13466 14 12
13467 6 35
13468 6 36
13469 6 35
13470 13 12
13471 17 60
13472 29 74
13473 14 12
13474 13 12
13475 60 45
13476 18 60
13477 6 36
13478 60 46
13479 60 45
13480 17 60
13481 28 74
13482 29 74
13483 14 12
13484 28 74
13485 18 60
13486 13 12
13487 60 46
13488 6 35
13489 29 74
13490 28 74
13491 6 36
13492 6 35
13493 17 60
13494 29 74
13495 6 36
13496 14 12
13497 28 74
13498 60 45
13499 18 60
13500 29 74
13501 6 35
13502 28 74
13503 17 60
13504 29 74
13505 18 60
13506 13 12
13507 28 74
13508 29 74
13509 6 36
13510 60 46
13511 14 12
13512 60 45
13513 28 74
13514 60 46
13515 17 60
13516 60 45
13517 60 46
13518 60 45
13519 29 74
13520 18 60
13521 60 46
13522 60 45
13523 60 46
13524 13 12
13525 14 12
13526 6 35
13527 13 12
13528 14 12
13529 28 74
13530 60 45
13531 6 36
13532 29 74
13533 60 46
13534 28 74
13535 17 60
13536 6 35
13537 18 60
13538 6 36
13539 29 74
13540 60 45
13541 60 46
13542 28 74
13543 17 60
13544 6 35
13545 6 36
13546 13 12
13547 18 60
13548 17 60
13549 6 35
13550 29 74
13551 28 74
13552 6 36
13553 29 74
13554 6 35
13555 6 36
13556 28 74
13557 18 60
13558 60 45
13559 17 60
13560 60 46
13561 18 60
13562 17 60
13563 60 45
13564 60 46
13565 18 60
13566 60 45
13567 6 35
13568 6 36
13569 14 12
13570 60 46
13571 17 60
13572 13 12
13573 60 45
13574 18 60
13575 60 46
13576 60 45
13577 14 12
13578 29 74
13579 60 46
13580 28 74
13581 60 45
13582 13 12
13583 60 46
13584 17 60
13585 6 35
13586 14 12
13587 6 36
13588 60 45
13589 6 35
13590 13 12
13591 29 74
13592 60 46
13593 60 45
13594 18 60
13595 28 74
13596 60 46
13597 6 36
13598 29 74
13599 17 60
13600 28 74
13601 14 12
13602 29 74
13603 18 60
13604 60 45
13605 6 35
13606 28 74
13607 6 36
13608 29 74
13609 28 74
13610 17 60
13611 29 74
13612 6 35
13613 28 74
13614 29 74
13615 13 12
13616 18 60
13617 6 36
13618 28 74
13619 29 74
13620 6 35
13621 6 36
13622 17 60
13623 28 74
13624 14 12
13625 13 12
13626 18 60
13627 14 12
13628 29 74
13629 17 60
13630 13 12
13631 28 74
13632 60 46
13633 14 12
13634 29 74
13635 13 12
13636 18 60
13637 17 60
13638 18 60
13639 60 45
13640 17 60
13641 6 35
13642 14 12
13643 13 12
13644 18 60
13645 17 60
13646 6 36
13647 18 60
13648 6 35
13649 14 12
13650 28 74
13651 13 12
13652 14 12
13653 6 36
13654 13 12
13655 6 35
13656 6 36
13657 14 12
13658 29 74
13659 28 74
13660 13 12
13661 6 35
13662 6 36
13663 17 60
13664 14 12
13665 13 12
13666 29 74
13667 6 35
13668 60 46
13669 14 12
13670 60 45
13671 28 74
13672 13 12
13673 6 36
13674 6 35
13675 14 12
13676 6 36
13677 18 60
13678 29 74
13679 13 12
13680 17 60
13681 6 35
13682 28 74
13683 18 60
13684 14 12
13685 17 60
13686 6 36
13687 13 12
13688 14 12
13689 13 12
13690 14 12
13691 29 74
13692 6 35
13693 28 74
13694 29 74
13695 6 36
13696 28 74
13697 6 35
13698 18 60
13699 6 36
13700 17 60
13701 18 60
13702 17 60
13703 18 60
13704 13 12
13705 60 46
13706 29 74
13707 28 74
13708 14 12
13709 13 12
13710 29 74
13711 6 35
13712 6 36
13713 17 60
13714 14 12
13715 13 12
13716 28 74
13717 29 74
13718 14 12
13719 28 74
13720 60 45
13721 6 35
13722 18 60
13723 6 36
13724 17 60
13725 6 35
13726 18 60
13727 13 12
13728 6 36
13729 29 74
13730 6 35
13731 14 12
13732 28 74
13733 13 12
13734 14 12
13735 60 46
13736 29 74
13737 60 45
13738 6 36
13739 6 35
13740 28 74
13741 60 46
13742 29 74
13743 17 60
13744 60 45
13745 60 46
13746 6 36
13747 60 45
13748 18 60
13749 17 60
13750 28 74
13751 13 12
13752 60 46
13753 14 12
13754 13 12
13755 29 74
13756 60 45
13757 28 74
13758 6 35
13759 14 12
13760 18 60
13761 6 36
13762 60 46
13763 6 35
13764 17 60
13765 13 12
13766 14 12
13767 13 12
13768 60 45
13769 60 46
13770 29 74
13771 28 74
13772 14 12
13773 6 36
13774 29 74
13775 6 35
13776 6 36
13777 60 45
13778 28 74
13779 13 12
13780 60 46
13781 14 12
13782 60 45
13783 18 60
13784 60 46
13785 6 35
13786 17 60
13787 60 45
13788 18 60
13789 6 36
13790 6 35
13791 13 12
13792 6 36
13793 14 12
13794 17 60
13795 13 12
13796 6 35
13797 6 36
13798 18 60
13799 6 35
13800 17 60
13801 14 12
13802 60 46
13803 6 36
13804 60 45
13805 29 74
13806 18 60
13807 13 12
13808 60 46
13809 14 12
13810 60 45
13811 60 46
13812 17 60
13813 6 35
13814 60 45
13815 18 60
13816 13 12
13817 17 60
13818 6 36
13819 60 46
13820 18 60
13821 28 74
13822 17 60
13823 18 60
13824 60 45
13825 60 46
13826 29 74
13827 60 45
13828 14 12
13829 28 74
13830 13 12
13831 29 74
13832 60 46
13833 6 35
13834 28 74
13835 60 45
13836 29 74
13837 60 46
13838 14 12
13839 17 60
13840 60 45
13841 18 60
13842 60 46
13843 6 36
13844 28 74
13845 17 60
13846 6 35
13847 13 12
13848 29 74
13849 28 74
13850 29 74
13851 14 12
13852 13 12
13853 18 60
13854 14 12
13855 13 12
13856 60 45
13857 17 60
13858 6 36
13859 28 74
13860 14 12
13861 60 46
13862 18 60
13863 6 35
13864 6 36
13865 60 45
13866 17 60
13867 60 46
13868 18 60
13869 29 74
13870 6 35
13871 28 74
13872 13 12
13873 17 60
13874 6 36
13875 18 60
13876 14 12
13877 13 12
13878 6 35
13879 14 12
13880 6 36
13881 17 60
13882 6 35
13883 18 60
13884 29 74
13885 13 12
13886 14 12
13887 6 36
13888 17 60
13889 13 12
13890 18 60
13891 17 60
13892 18 60
13893 28 74
13894 6 35
13895 17 60
13896 60 45
13897 14 12
13898 6 36
13899 29 74
13900 28 74
13901 29 74
13902 6 35
13903 60 46
13904 6 36
13905 28 74
13906 18 60
13907 17 60
13908 29 74
13909 28 74
13910 60 45
13911 13 12
13912 60 46
13913 14 12
13914 13 12
13915 18 60
13916 17 60
13917 6 35
13918 29 74
13919 14 12
13920 13 12
13921 14 12
13922 60 45
13923 18 60
13924 60 46
13925 60 45
13926 13 12
13927 17 60
13928 60 46
13929 60 45
13930 14 12
13931 6 36
13932 28 74
13933 18 60
13934 13 12
13935 17 60
13936 60 46
13937 6 35
13938 18 60
13939 60 45
13940 17 60
13941 18 60
13942 29 74
13943 17 60
13944 28 74
13945 14 12
13946 29 74
13947 60 46
13948 13 12
13949 18 60
13950 6 36
13951 14 12
13952 60 45
13953 17 60
13954 6 35
13955 28 74
13956 13 12
13957 14 12
13958 29 74
13959 13 12
13960 18 60
13961 17 60
13962 60 46
13963 18 60
13964 60 45
13965 6 36
13966 28 74
13967 29 74
13968 17 60
13969 6 35
13970 6 36
13971 18 60
13972 6 35
13973 28 74
13974 29 74
13975 6 36
13976 28 74
13977 6 35
13978 17 60
13979 6 36
13980 14 12
13981 29 74
13982 28 74
13983 6 35
13984 18 60
13985 6 36
13986 29 74
13987 17 60
13988 18 60
13989 13 12
13990 14 12
13991 6 35
13992 60 46
13993 17 60
13994 18 60
13995 13 12
13996 60 45
13997 28 74
13998 6 36
13999 14 12
14000 60 46
14001 17 60
14002 60 45
14003 60 46
14004 60 45
14005 18 60
14006 13 12
14007 14 12
14008 60 46
14009 13 12
14010 29 74
14011 6 35
14012 6 36
14013 17 60
14014 60 45
14015 28 74
14016 60 46
14017 6 35
14018 29 74
14019 18 60
14020 28 74
14021 29 74
14022 6 36
14023 28 74
14024 60 45
14025 17 60
14026 29 74
14027 14 12
14028 6 35
14029 28 74
14030 60 46
14031 60 45
14032 18 60
14033 13 12
14034 29 74
14035 14 12
14036 60 46
14037 60 45
14038 17 60
14039 6 36
14040 60 46
14041 28 74
14042 13 12
14043 18 60
14044 60 45
14045 6 35
14046 29 74
14047 60 46
14048 60 45
14049 60 46
14050 17 60
14051 14 12
14052 13 12
14053 14 12
14054 28 74
14055 18 60
14056 29 74
14057 60 45
14058 60 46
14059 6 36
14060 13 12
14061 17 60
14062 6 35
14063 60 45
14064 60 46
14065 18 60
14066 17 60
14067 14 12
14068 28 74
14069 60 45
14070 18 60
14071 60 46
14072 60 45
14073 6 36
14074 60 46
14075 29 74
14076 28 74
14077 29 74
14078 13 12
14079 14 12
14080 17 60
14081 13 12
14082 28 74
14083 29 74
14084 14 12
14085 28 74
14086 6 35
14087 60 45
14088 13 12
14089 29 74
14090 18 60
14091 14 12
14092 28 74
14093 60 46
14094 13 12
14095 29 74
14096 14 12
14097 13 12
14098 60 45
14099 14 12
14100 28 74
14101 13 12
14102 14 12
14103 13 12
14104 6 36
14105 17 60
14106 29 74
14107 6 35
14108 18 60
14109 14 12
14110 28 74
14111 29 74
14112 17 60
14113 18 60
14114 13 12
14115 14 12
14116 60 46
14117 60 45
14118 28 74
14119 6 36
14120 17 60
14121 13 12
14122 6 35
14123 18 60
14124 14 12
14125 6 36
14126 17 60
14127 6 35
14128 60 46
14129 18 60
14130 17 60
14131 29 74
14132 13 12
14133 60 45
14134 28 74
14135 14 12
14136 13 12
14137 18 60
14138 6 36
14139 6 35
14140 60 46
14141 14 12
14142 6 36
14143 60 45
14144 17 60
14145 29 74
14146 18 60
14147 17 60
14148 60 46
14149 28 74
14150 60 45
14151 6 35
14152 13 12
14153 6 36
14154 14 12
14155 29 74
14156 6 35
14157 13 12
14158 14 12
14159 28 74
14160 18 60
14161 29 74
14162 13 12
14163 60 46
14164 17 60
14165 14 12
14166 60 45
14167 18 60
14168 17 60
14169 28 74
14170 60 46
14171 13 12
14172 14 12
14173 18 60
14174 29 74
14175 60 45
14176 17 60
14177 13 12
14178 60 46
14179 60 45
14180 14 12
14181 6 36
14182 18 60
14183 6 35
14184 60 46
14185 17 60
14186 28 74
14187 60 45
14188 60 46
14189 29 74
14190 28 74
14191 6 36
14192 29 74
14193 18 60
14194 6 35
14195 6 36
14196 28 74
14197 6 35
14198 60 45
14199 60 46
14200 13 12
14201 60 45
14202 14 12
14203 60 46
14204 6 36
14205 13 12
14206 29 74
14207 6 35
14208 60 45
14209 14 12
14210 13 12
14211 6 36
14212 28 74
14213 14 12
14214 17 60
14215 13 12
14216 60 46
14217 18 60
14218 29 74
14219 14 12
14220 13 12
14221 60 45
14222 17 60
14223 60 46
14224 6 35
14225 14 12
14226 6 36
14227 18 60
14228 60 45
14229 28 74
14230 29 74
14231 13 12
14232 60 46
14233 60 45
14234 14 12
14235 28 74
14236 29 74
14237 60 46
14238 17 60
14239 28 74
14240 13 12
14241 29 74
14242 6 35
14243 60 45
14244 14 12
14245 28 74
14246 29 74
14247 6 36
14248 6 35
14249 13 12
14250 14 12
14251 28 74
14252 13 12
14253 29 74
14254 28 74
14255 18 60
14256 60 46
14257 17 60
14258 6 36
14259 18 60
14260 14 12
14261 13 12
14262 17 60
14263 18 60
14264 29 74
14265 60 45
14266 60 46
14267 60 45
14268 6 35
14269 28 74
14270 17 60
14271 6 36
14272 6 35
14273 18 60
14274 29 74
14275 6 36
14276 60 46
14277 6 35
14278 14 12
14279 60 45
14280 60 46
14281 60 45
14282 13 12
14283 14 12
14284 60 46
14285 60 45
14286 28 74
14287 60 46
14288 6 36
14289 6 35
14290 29 74
14291 60 45
14292 28 74
14293 17 60
14294 29 74
14295 18 60
14296 6 36
14297 60 46
14298 28 74
14299 60 45
14300 6 35
14301 29 74
14302 28 74
14303 13 12
14304 17 60
14305 14 12
14306 29 74
14307 6 36
14308 13 12
14309 60 46
14310 18 60
14311 28 74
14312 17 60
14313 6 35
14314 60 45
14315 18 60
14316 29 74
14317 14 12
14318 17 60
14319 28 74
14320 60 46
14321 60 45
14322 18 60
14323 6 36
14324 6 35
14325 29 74
14326 6 36
14327 28 74
14328 17 60
14329 6 35
14330 29 74
14331 18 60
14332 60 46
14333 6 36
14334 13 12
14335 28 74
14336 14 12
14337 60 45
14338 13 12
14339 29 74
14340 17 60
14341 6 35
14342 18 60
14343 28 74
14344 17 60
14345 18 60
14346 29 74
14347 28 74
14348 6 36
14349 14 12
14350 29 74
14351 17 60
14352 18 60
14353 60 46
14354 13 12
14355 14 12
14356 28 74
14357 29 74
14358 6 35
14359 17 60
14360 18 60
14361 60 45
14362 6 36
14363 13 12
14364 6 35
14365 14 12
14366 6 36
14367 28 74
14368 6 35
14369 6 36
14370 6 35
14371 6 36
14372 13 12
14373 17 60
14374 14 12
14375 60 46
14376 60 45
14377 6 35
14378 13 12
14379 6 36
14380 6 35
14381 14 12
14382 13 12
14383 14 12
14384 18 60
14385 29 74
14386 13 12
14387 17 60
14388 28 74
14389 14 12
14390 18 60
14391 60 46
14392 60 45
14393 60 46
14394 13 12
14395 60 45
14396 29 74
14397 60 46
14398 6 36
14399 6 35
14400 28 74
14401 14 12
14402 17 60
14403 29 74
14404 18 60
14405 28 74
14406 13 12
14407 29 74
14408 17 60
14409 6 36
14410 18 60
14411 14 12
14412 13 12
14413 17 60
14414 6 35
14415 18 60
14416 60 45
14417 6 36
14418 14 12
14419 28 74
14420 13 12
14421 6 35
14422 17 60
14423 18 60
14424 17 60
14425 14 12
14426 29 74
14427 60 46
14428 6 36
14429 60 45
14430 6 35
14431 13 12
14432 60 46
14433 14 12
14434 28 74
14435 29 74
14436 13 12
14437 60 45
14438 18 60
14439 60 46
14440 6 36
14441 60 45
14442 60 46
14443 14 12
14444 13 12
14445 28 74
14446 14 12
14447 6 35
14448 60 45
14449 60 46
14450 60 45
14451 60 46
14452 6 36
14453 17 60
14454 60 45
14455 29 74
14456 18 60
14457 6 35
14458 60 46
14459 13 12
14460 60 45
14461 17 60
14462 18 60
14463 6 36
14464 60 46
14465 17 60
14466 6 35
14467 6 36
14468 6 35
14469 60 45
14470 14 12
14471 6 36
14472 6 35
14473 28 74
14474 18 60
14475 29 74
14476 60 46
14477 13 12
14478 28 74
14479 14 12
14480 13 12
14481 60 45
14482 60 46
14483 60 45
14484 17 60
14485 29 74
14486 60 46
14487 18 60
14488 17 60
14489 14 12
14490 28 74
14491 13 12
14492 29 74
14493 14 12
14494 60 45
14495 6 36
14496 13 12
14497 60 46
14498 6 35
14499 60 45
14500 18 60
14501 60 46
14502 6 36
14503 14 12
14504 13 12
14505 17 60
14506 18 60
14507 14 12
14508 6 35
14509 28 74
14510 29 74
14511 6 36
14512 13 12
14513 60 45
14514 60 46
14515 17 60
14516 60 45
14517 14 12
14518 13 12
14519 6 35
14520 60 46
14521 60 45
14522 14 12
14523 6 36
14524 13 12
14525 14 12
14526 18 60
14527 13 12
14528 6 35
14529 17 60
14530 18 60
14531 6 36
14532 28 74
14533 6 35
14534 17 60
14535 18 60
14536 17 60
14537 14 12
14538 60 46
14539 60 45
14540 60 46
14541 60 45
14542 13 12
14543 6 36
14544 14 12
14545 6 35
14546 6 36
14547 18 60
14548 6 35
14549 29 74
14550 13 12
14551 60 46
14552 60 45
14553 17 60
14554 28 74
14555 6 36
14556 18 60
14557 17 60
14558 6 35
14559 6 36
14560 18 60
14561 6 35
14562 6 36
14563 60 46
14564 60 45
14565 60 46
14566 17 60
14567 6 35
14568 14 12
14569 29 74
14570 6 36
14571 60 45
14572 60 46
14573 13 12
14574 28 74
14575 29 74
14576 60 45
14577 60 46
14578 60 45
14579 28 74
14580 18 60
14581 17 60
14582 14 12
14583 6 35
14584 60 46
14585 60 45
14586 13 12
14587 29 74
14588 6 36
14589 18 60
14590 28 74
14591 29 74
14592 28 74
14593 6 35
14594 29 74
14595 17 60
14596 14 12
14597 60 46
14598 60 45
14599 6 36
14600 6 35
14601 28 74
14602 60 46
14603 29 74
14604 60 45
14605 18 60
14606 17 60
14607 13 12
14608 60 46
14609 6 36
14610 28 74
14611 60 45
14612 29 74
14613 6 35
14614 18 60
14615 17 60
14616 6 36
14617 14 12
14618 6 35
14619 28 74
14620 60 46
14621 13 12
14622 29 74
14623 18 60
14624 17 60
14625 6 36
14626 60 45
14627 18 60
14628 17 60
14629 18 60
14630 14 12
14631 13 12
14632 14 12
14633 28 74
14634 6 35
14635 29 74
14636 17 60
14637 28 74
14638 29 74
14639 28 74
14640 60 46
14641 18 60
14642 17 60
14643 6 36
14644 29 74
14645 6 35
14646 13 12
14647 14 12
14648 60 45
14649 18 60
14650 13 12
14651 28 74
14652 17 60
14653 29 74
14654 6 36
14655 28 74
14656 18 60
14657 60 46
14658 17 60
14659 18 60
14660 60 45
14661 60 46
14662 14 12
14663 29 74
14664 17 60
14665 6 35
14666 28 74
14667 6 36
14668 13 12
14669 60 45
14670 60 46
14671 14 12
14672 13 12
14673 18 60
14674 17 60
14675 29 74
14676 14 12
14677 18 60
14678 6 35
14679 13 12
14680 14 12
14681 13 12
14682 14 12
14683 60 45
14684 17 60
14685 6 36
14686 6 35
14687 28 74
14688 18 60
14689 13 12
14690 60 46
14691 6 36
14692 29 74
14693 6 35
14694 28 74
14695 17 60
14696 29 74
14697 14 12
14698 6 36
14699 6 35
14700 18 60
14701 60 45
14702 17 60
14703 6 36
14704 18 60
14705 60 46
14706 28 74
14707 60 45
14708 17 60
14709 29 74
14710 18 60
14711 13 12
14712 14 12
14713 60 46
14714 17 60
14715 28 74
14716 18 60
14717 29 74
14718 60 45
14719 6 35
14720 17 60
14721 28 74
14722 60 46
14723 29 74
14724 13 12
14725 28 74
14726 18 60
14727 6 36
14728 6 35
14729 6 36
14730 60 45
14731 14 12
14732 6 35
14733 29 74
14734 17 60
14735 13 12
14736 14 12
14737 13 12
14738 14 12
14739 60 46
14740 6 36
14741 28 74
14742 29 74
14743 6 35
14744 13 12
14745 18 60
14746 14 12
14747 60 45
14748 6 36
14749 13 12
14750 28 74
14751 60 46
14752 29 74
14753 14 12
14754 13 12
14755 6 35
14756 6 36
14757 60 45
14758 60 46
14759 17 60
14760 18 60
14761 6 35
14762 6 36
14763 60 45
14764 6 35
14765 14 12
14766 60 46
14767 6 36
14768 6 35
14769 17 60
14770 6 36
14771 60 45
14772 13 12
14773 60 46
14774 28 74
14775 18 60
14776 60 45
14777 6 35
14778 6 36
14779 29 74
14780 6 35
14781 14 12
14782 17 60
14783 60 46
14784 6 36
14785 28 74
14786 29 74
14787 60 45
14788 60 46
14789 13 12
14790 6 35
14791 60 45
14792 18 60
14793 6 36
14794 14 12
14795 6 35
14796 6 36
14797 17 60
14798 28 74
14799 60 46
14800 29 74
14801 18 60
14802 17 60
14803 28 74
14804 6 35
14805 60 45
14806 13 12
14807 18 60
14808 14 12
14809 60 46
14810 6 36
14811 17 60
14812 29 74
14813 13 12
14814 60 45
14815 28 74
14816 6 35
14817 18 60
14818 14 12
14819 13 12
14820 29 74
14821 6 36
14822 6 35
14823 14 12
14824 28 74
14825 13 12
14826 6 36
14827 6 35
14828 60 46
14829 6 36
14830 17 60
14831 60 45
14832 60 46
14833 14 12
14834 13 12
14835 29 74
14836 60 45
14837 14 12
14838 18 60
14839 13 12
14840 14 12
14841 6 35
14842 6 36
14843 13 12
14844 6 35
14845 17 60
14846 18 60
14847 6 36
14848 14 12
14849 6 35
14850 28 74
14851 17 60
14852 13 12
14853 18 60
14854 29 74
14855 14 12
14856 60 46
14857 13 12
14858 6 36
14859 28 74
14860 60 45
14861 14 12
14862 17 60
14863 60 46
14864 29 74
14865 60 45
14866 60 46
14867 60 45
14868 60 46
14869 13 12
14870 60 45
14871 28 74
14872 60 46
14873 18 60
14874 6 35
14875 14 12
14876 29 74
14877 60 45
14878 17 60
14879 18 60
14880 60 46
14881 28 74
14882 6 36
14883 60 45
14884 6 35
14885 60 46
14886 13 12
14887 60 45
14888 14 12
14889 29 74
14890 60 46
14891 60 45
14892 60 46
14893 17 60
14894 13 12
14895 60 45
14896 6 36
14897 6 35
14898 14 12
14899 18 60
14900 17 60
14901 28 74
14902 6 36
14903 13 12
14904 29 74
14905 6 35
14906 14 12
14907 60 46
14908 6 36
14909 18 60
14910 17 60
14911 13 12
14912 18 60
14913 6 35
14914 14 12
14915 60 45
14916 6 36
14917 28 74
14918 6 35
14919 6 36
14920 29 74
14921 60 46
14922 17 60
14923 18 60
14924 17 60
14925 6 35
14926 13 12
14927 14 12
14928 28 74
14929 13 12
14930 6 36
14931 60 45
14932 29 74
14933 18 60
14934 28 74
14935 17 60
14936 60 46
14937 18 60
14938 14 12
14939 17 60
14940 18 60
14941 60 45
14942 13 12
14943 17 60
14944 60 46
14945 14 12
14946 18 60
14947 6 35
14948 13 12
14949 29 74
14950 14 12
14951 60 45
14952 60 46
14953 13 12
14954 17 60
14955 60 45
14956 60 46
14957 28 74
14958 18 60
14959 6 36
14960 14 12
14961 6 35
14962 29 74
14963 13 12
14964 6 36
14965 14 12
14966 60 45
14967 6 35
14968 13 12
14969 60 46
14970 6 36
14971 17 60
14972 18 60
14973 17 60
14974 6 35
14975 18 60
14976 28 74
14977 14 12
14978 6 36
14979 13 12
14980 17 60
14981 14 12
14982 18 60
14983 13 12
14984 14 12
14985 13 12
14986 29 74
14987 28 74
14988 17 60
14989 14 12
14990 29 74
14991 13 12
14992 18 60
14993 60 45
14994 17 60
14995 14 12
14996 28 74
14997 60 46
14998 29 74
14999 13 12
15000 28 74
15001 18 60
15002 6 35
15003 14 12
15004 13 12
15005 60 45
15006 17 60
15007 6 36
15008 18 60
15009 17 60
15010 60 46
15011 6 35
15012 29 74
15013 18 60
15014 14 12
15015 6 36
15016 17 60
15017 28 74
15018 13 12
15019 29 74
15020 14 12
15021 6 35
15022 6 36
15023 6 35
15024 28 74
15025 13 12
15026 60 45
15027 29 74
15028 60 46
15029 6 36
15030 18 60
15031 6 35
15032 6 36
15033 14 12
15034 17 60
15035 13 12
15036 6 35
15037 60 45
15038 6 36
15039 14 12
15040 18 60
15041 17 60
15042 18 60
15043 17 60
15044 6 35
15045 60 46
15046 6 36
15047 28 74
15048 29 74
15049 18 60
15050 17 60
15051 6 35
15052 60 45
15053 60 46
15054 13 12
15055 60 45
15056 28 74
15057 6 36
15058 18 60
15059 6 35
15060 6 36
15061 14 12
15062 29 74
15063 28 74
15064 29 74
15065 17 60
15066 28 74
15067 29 74
15068 28 74
15069 13 12
15070 6 35
15071 60 46
15072 60 45
15073 60 46
15074 6 36
15075 60 45
15076 60 46
15077 6 35
15078 60 45
15079 14 12
15080 13 12
15081 6 36
15082 60 46
15083 18 60
15084 17 60
15085 29 74
15086 14 12
15087 13 12
15088 60 45
15089 6 35
15090 18 60
15091 17 60
15092 28 74
15093 60 46
15094 18 60
15095 29 74
15096 6 36
15097 60 45
15098 28 74
15099 6 35
15100 14 12
15101 6 36
15102 29 74
15103 60 46
15104 6 35
15105 13 12
15106 28 74
15107 17 60
15108 6 36
15109 60 45
15110 14 12
15111 13 12
15112 60 46
15113 14 12
15114 6 35
15115 60 45
15116 60 46
15117 6 36
15118 29 74
15119 28 74
15120 60 45
15121 6 35
15122 18 60
15123 17 60
15124 18 60
15125 29 74
15126 17 60
15127 6 36
15128 60 46
15129 13 12
15130 60 45
15131 18 60
15132 17 60
15133 28 74
15134 29 74
15135 14 12
15136 6 35
15137 6 36
15138 60 46
15139 18 60
15140 28 74
15141 6 35
15142 6 36
15143 29 74
15144 6 35
15145 6 36
15146 60 45
15147 17 60
15148 18 60
15149 28 74
15150 6 35
15151 17 60
15152 13 12
15153 14 12
15154 6 36
15155 60 46
15156 60 45
15157 29 74
15158 18 60
15159 60 46
15160 13 12
15161 28 74
15162 29 74
15163 28 74
15164 60 45
15165 29 74
15166 6 35
15167 6 36
15168 60 46
15169 6 35
15170 6 36
15171 6 35
15172 17 60
15173 14 12
15174 18 60
15175 60 45
15176 60 46
15177 28 74
15178 6 36
15179 17 60
15180 13 12
15181 18 60
15182 6 35
15183 6 36
15184 29 74
15185 60 45
15186 28 74
15187 14 12
15188 6 35
15189 60 46
15190 17 60
15191 60 45
15192 6 36
15193 13 12
15194 29 74
15195 14 12
15196 6 35
15197 60 46
15198 13 12
15199 18 60
15200 14 12
15201 6 36
15202 28 74
15203 60 45
15204 6 35
15205 6 36
15206 29 74
15207 6 35
15208 6 36
15209 28 74
15210 6 35
15211 13 12
15212 60 46
15213 29 74
15214 60 45
15215 28 74
15216 14 12
15217 13 12
15218 6 36
15219 29 74
15220 6 35
15221 6 36
15222 14 12
15223 17 60
15224 13 12
15225 18 60
15226 60 46
15227 60 45
15228 17 60
15229 60 46
15230 18 60
15231 28 74
15232 17 60
15233 60 45
15234 29 74
15235 14 12
15236 18 60
15237 60 46
15238 13 12
15239 28 74
15240 14 12
15241 29 74
15242 17 60
15243 60 45
15244 60 46
15245 28 74
15246 60 45
15247 6 35
15248 29 74
15249 6 36
15250 28 74
15251 29 74
15252 60 46
15253 18 60
15254 6 35
15255 60 45
15256 6 36
15257 17 60
15258 18 60
15259 13 12
15260 6 35
15261 17 60
15262 6 36
15263 18 60
15264 60 46
15265 60 45
15266 6 35
15267 17 60
15268 60 46
15269 14 12
15270 18 60
15271 6 36
15272 28 74
15273 17 60
15274 18 60
15275 29 74
15276 60 45
15277 17 60
15278 18 60
15279 28 74
15280 29 74
15281 17 60
15282 18 60
15283 6 35
15284 13 12
15285 60 46
15286 14 12
15287 28 74
15288 6 36
15289 13 12
15290 17 60
15291 6 35
15292 14 12
15293 6 36
15294 60 45
15295 6 35
15296 6 36
15297 29 74
15298 18 60
15299 28 74
15300 6 35
15301 29 74
15302 6 36
15303 17 60
15304 60 46
15305 18 60
15306 13 12
15307 6 35
15308 17 60
15309 60 45
15310 14 12
15311 6 36
15312 6 35
15313 13 12
15314 6 36
15315 14 12
15316 28 74
15317 29 74
15318 6 35
15319 28 74
15320 13 12
15321 60 46
15322 29 74
15323 18 60
15324 28 74
15325 29 74
15326 14 12
15327 6 36
15328 28 74
15329 17 60
15330 60 45
15331 6 35
15332 60 46
15333 13 12
15334 6 36
15335 18 60
15336 29 74
15337 6 35
15338 6 36
15339 17 60
15340 6 35
15341 14 12
15342 28 74
15343 13 12
15344 14 12
15345 6 36
15346 13 12
15347 29 74
15348 14 12
15349 28 74
15350 18 60
15351 29 74
15352 28 74
15353 13 12
15354 14 12
15355 17 60
15356 29 74
15357 18 60
15358 6 35
15359 17 60
15360 60 45
15361 6 36
15362 60 46
15363 13 12
15364 6 35
15365 6 36
15366 14 12
15367 28 74
15368 60 45
15369 60 46
15370 29 74
15371 18 60
15372 60 45
15373 28 74
15374 6 35
15375 13 12
15376 17 60
15377 60 46
15378 60 45
15379 60 46
15380 14 12
15381 29 74
15382 13 12
15383 28 74
15384 6 36
15385 29 74
15386 14 12
15387 13 12
15388 28 74
15389 29 74
15390 60 45
15391 14 12
15392 13 12
15393 6 35
15394 28 74
15395 18 60
15396 29 74
15397 14 12
15398 60 46
15399 60 45
15400 6 36
15401 13 12
15402 28 74
15403 6 35
15404 17 60
15405 14 12
15406 13 12
15407 14 12
15408 18 60
15409 60 46
15410 29 74
15411 13 12
15412 6 36
15413 6 35
15414 60 45
15415 60 46
15416 17 60
15417 28 74
15418 6 36
15419 6 35
15420 14 12
15421 29 74
15422 28 74
15423 6 36
15424 13 12
15425 6 35
15426 18 60
15427 17 60
15428 29 74
15429 6 36
15430 14 12
15431 13 12
15432 60 45
15433 60 46
15434 14 12
15435 18 60
15436 13 12
15437 28 74
15438 60 45
15439 29 74
15440 6 35
15441 6 36
15442 14 12
15443 13 12
15444 6 35
15445 60 46
15446 28 74
15447 17 60
15448 60 45
15449 29 74
15450 6 36
15451 18 60
15452 60 46
15453 60 45
15454 60 46
15455 17 60
15456 28 74
15457 60 45
15458 18 60
15459 6 35
15460 29 74
15461 14 12
15462 17 60
15463 18 60
15464 17 60
15465 28 74
15466 6 36
15467 13 12
15468 29 74
15469 28 74
15470 14 12
15471 6 35
15472 60 46
15473 18 60
15474 17 60
15475 29 74
15476 60 45
15477 13 12
15478 14 12
15479 6 36
15480 13 12
15481 14 12
15482 28 74
15483 29 74
15484 60 46
15485 18 60
15486 28 74
15487 6 35
15488 60 45
15489 6 36
15490 6 35
15491 6 36
15492 29 74
15493 28 74
15494 17 60
15495 18 60
15496 6 35
15497 13 12
15498 6 36
15499 60 46
15500 29 74
15501 28 74
15502 17 60
15503 29 74
15504 14 12
15505 13 12
15506 6 35
15507 6 36
15508 6 35
15509 6 36
15510 60 45
15511 14 12
15512 6 35
15513 28 74
15514 6 36
15515 29 74
15516 18 60
15517 17 60
15518 18 60
15519 28 74
15520 60 46
15521 60 45
15522 6 35
15523 6 36
15524 6 35
15525 29 74
15526 60 46
15527 17 60
15528 60 45
15529 60 46
15530 60 45
15531 6 36
15532 28 74
15533 13 12
15534 29 74
15535 60 46
15536 60 45
15537 28 74
15538 6 35
15539 18 60
15540 29 74
15541 28 74
15542 29 74
15543 17 60
15544 14 12
15545 6 36
15546 18 60
15547 17 60
15548 13 12
15549 60 46
15550 6 35
15551 14 12
15552 28 74
15553 60 45
15554 18 60
15555 60 46
15556 60 45
15557 17 60
15558 6 36
15559 13 12
15560 18 60
15561 60 46
15562 60 45
15563 17 60
15564 6 35
15565 60 46
15566 29 74
15567 28 74
15568 14 12
15569 6 36
15570 6 35
15571 13 12
15572 14 12
15573 13 12
15574 6 36
15575 29 74
15576 28 74
15577 14 12
15578 60 45
15579 18 60
15580 29 74
15581 13 12
15582 17 60
15583 60 46
15584 14 12
15585 6 35
15586 6 36
15587 60 45
15588 13 12
15589 18 60
15590 60 46
15591 17 60
15592 60 45
15593 6 35
15594 6 36
15595 28 74
15596 29 74
15597 6 35
15598 60 46
15599 28 74
15600 14 12
15601 6 36
15602 13 12
15603 6 35
15604 18 60
15605 6 36
15606 6 35
15607 29 74
15608 17 60
15609 18 60
15610 60 45
15611 28 74
15612 29 74
15613 17 60
15614 60 46
15615 28 74
15616 6 36
15617 14 12
15618 29 74
15619 6 35
15620 13 12
15621 6 36
15622 60 45
15623 60 46
15624 14 12
15625 6 35
15626 6 36
15627 18 60
15628 13 12
15629 17 60
15630 60 45
15631 14 12
15632 18 60
15633 13 12
15634 17 60
15635 6 35
15636 28 74
15637 6 36
15638 6 35
15639 18 60
15640 17 60
15641 60 46
15642 6 36
15643 18 60
15644 29 74
15645 6 35
15646 60 45
15647 60 46
15648 60 45
15649 6 36
15650 28 74
15651 29 74
15652 17 60
15653 28 74
15654 14 12
15655 13 12
15656 6 35
15657 29 74
15658 14 12
15659 13 12
15660 18 60
15661 17 60
15662 14 12
15663 28 74
15664 18 60
15665 17 60
15666 60 46
15667 6 36
15668 60 45
15669 18 60
15670 6 35
15671 17 60
15672 60 46
15673 6 36
15674 18 60
15675 60 45
15676 6 35
15677 17 60
15678 29 74
15679 6 36
15680 28 74
15681 60 46
15682 13 12
15683 14 12
15684 29 74
15685 18 60
15686 6 35
15687 13 12
15688 28 74
15689 14 12
15690 6 36
15691 13 12
15692 60 45
15693 14 12
15694 6 35
15695 17 60
15696 18 60
15697 13 12
15698 14 12
15699 29 74
15700 28 74
15701 13 12
15702 17 60
15703 18 60
15704 17 60
15705 29 74
15706 14 12
15707 13 12
15708 6 36
15709 6 35
15710 14 12
15711 28 74
15712 60 46
15713 13 12
15714 29 74
15715 6 36
15716 18 60
15717 6 35
15718 17 60
15719 28 74
15720 6 36
15721 14 12
15722 6 35
15723 29 74
15724 60 45
15725 60 46
15726 13 12
15727 18 60
15728 17 60
15729 14 12
15730 18 60
15731 13 12
15732 17 60
15733 60 45
15734 28 74
15735 6 36
15736 6 35
15737 29 74
15738 18 60
15739 60 46
15740 14 12
15741 17 60
15742 6 36
15743 6 35
15744 6 36
15745 60 45
15746 28 74
15747 29 74
15748 18 60
15749 17 60
15750 13 12
15751 14 12
15752 60 46
15753 6 35
15754 18 60
15755 17 60
15756 18 60
15757 17 60
15758 6 36
15759 28 74
15760 6 35
15761 60 45
15762 18 60
15763 60 46
15764 29 74
15765 6 36
15766 60 45
15767 13 12
15768 14 12
15769 17 60
15770 60 46
15771 60 45
15772 60 46
15773 18 60
15774 13 12
15775 14 12
15776 17 60
15777 28 74
15778 6 35
15779 13 12
15780 60 45
15781 29 74
15782 18 60
15783 17 60
15784 60 46
15785 28 74
15786 29 74
15787 6 36
15788 60 45
15789 18 60
15790 60 46
15791 60 45
15792 6 35
15793 6 36
15794 14 12
15795 28 74
15796 60 46
15797 13 12
15798 6 35
15799 17 60
15800 6 36
15801 29 74
15802 18 60
15803 6 35
15804 6 36
15805 60 45
15806 28 74
15807 14 12
15808 60 46
15809 13 12
15810 14 12
15811 17 60
15812 29 74
15813 6 35
15814 13 12
15815 18 60
15816 17 60
15817 60 45
15818 60 46
15819 18 60
15820 60 45
15821 60 46
15822 6 36
15823 17 60
15824 28 74
15825 18 60
15826 6 35
15827 17 60
15828 14 12
15829 18 60
15830 17 60
15831 29 74
15832 28 74
15833 13 12
15834 29 74
15835 6 36
15836 28 74
15837 14 12
15838 18 60
15839 17 60
15840 13 12
15841 6 35
15842 6 36
15843 60 45
15844 14 12
15845 18 60
15846 6 35
15847 17 60
15848 13 12
15849 14 12
15850 13 12
15851 29 74
15852 6 36
15853 28 74
15854 18 60
15855 29 74
15856 60 46
15857 17 60
15858 60 45
15859 60 46
15860 18 60
15861 28 74
15862 29 74
15863 14 12
15864 17 60
15865 13 12
15866 60 45
15867 18 60
15868 28 74
15869 60 46
15870 60 45
15871 29 74
15872 60 46
15873 60 45
15874 6 35
15875 17 60
15876 28 74
15877 60 46
15878 60 45
15879 18 60
15880 60 46
15881 60 45
15882 14 12
15883 60 46
15884 6 36
15885 60 45
15886 29 74
15887 17 60
15888 13 12
15889 14 12
15890 18 60
15891 28 74
15892 29 74
15893 60 46
15894 13 12
15895 60 45
15896 60 46
15897 6 35
15898 28 74
15899 14 12
15900 6 36
15901 13 12
15902 29 74
15903 60 45
15904 14 12
15905 60 46
15906 6 35
15907 28 74
15908 13 12
15909 17 60
15910 18 60
15911 29 74
15912 17 60
15913 28 74
15914 29 74
15915 14 12
15916 18 60
15917 17 60
15918 18 60
15919 60 45
15920 17 60
15921 13 12
15922 6 36
15923 28 74
15924 6 35
15925 6 36
15926 18 60
15927 6 35
15928 14 12
15929 17 60
15930 29 74
15931 60 46
15932 18 60
15933 6 36
15934 17 60
15935 18 60
15936 60 45
15937 28 74
15938 60 46
15939 60 45
15940 13 12
15941 17 60
15942 14 12
15943 18 60
15944 17 60
15945 29 74
15946 13 12
15947 60 46
15948 6 35
15949 18 60
15950 28 74
15951 6 36
15952 29 74
15953 60 45
15954 14 12
15955 28 74
15956 29 74
15957 60 46
15958 28 74
15959 6 35
15960 13 12
15961 17 60
15962 18 60
15963 29 74
15964 6 36
15965 6 35
15966 14 12
15967 60 45
15968 28 74
15969 17 60
15970 13 12
15971 18 60
15972 14 12
15973 29 74
15974 28 74
15975 6 36
15976 17 60
15977 18 60
15978 6 35
15979 17 60
15980 6 36
15981 6 35
15982 6 36
15983 18 60
15984 13 12
15985 29 74
15986 6 35
15987 28 74
15988 17 60
15989 60 46
15990 6 36
15991 18 60
15992 14 12
15993 17 60
15994 29 74
15995 6 35
15996 18 60
15997 60 45
15998 60 46
15999 13 12
16000 60 45
16001 28 74
16002 6 36
16003 17 60
16004 14 12
16005 29 74
16006 13 12
16007 6 35
16008 28 74
16009 6 36
16010 29 74
16011 14 12
16012 28 74
16013 6 35
16014 18 60
16015 13 12
16016 6 36
16017 60 46
16018 60 45
16019 29 74
16020 14 12
16021 60 46
16022 13 12
16023 17 60
16024 28 74
16025 29 74
16026 6 35
16027 28 74
16028 60 45
16029 6 36
16030 18 60
16031 14 12
16032 17 60
16033 60 46
16034 6 35
16035 18 60
16036 29 74
16037 13 12
16038 14 12
16039 28 74
16040 60 45
16041 6 36
16042 60 46
16043 13 12
16044 6 35
16045 6 36
16046 60 45
16047 6 35
16048 29 74
16049 60 46
16050 17 60
16051 28 74
16052 18 60
16053 6 36
16054 6 35
16055 29 74
16056 14 12
16057 60 45
16058 17 60
16059 13 12
16060 18 60
16061 14 12
16062 60 46
16063 60 45
16064 17 60
16065 13 12
16066 18 60
16067 14 12
16068 60 46
16069 6 36
16070 17 60
16071 13 12
16072 6 35
16073 18 60
16074 60 45
16075 14 12
16076 6 36
16077 6 35
16078 13 12
16079 6 36
16080 17 60
16081 6 35
16082 6 36
16083 28 74
16084 60 46
16085 60 45
16086 60 46
16087 29 74
16088 60 45
16089 14 12
16090 13 12
16091 14 12
16092 18 60
16093 60 46
16094 6 35
16095 6 36
16096 28 74
16097 13 12
16098 14 12
16099 13 12
16100 17 60
16101 18 60
16102 17 60
16103 18 60
16104 6 35
16105 60 45
16106 6 36
16107 60 46
16108 17 60
16109 6 35
16110 14 12
16111 29 74
16112 28 74
16113 60 45
16114 18 60
16115 60 46
16116 13 12
16117 6 36
16118 6 35
16119 14 12
16120 6 36
16121 6 35
16122 60 45
16123 17 60
16124 29 74
16125 13 12
16126 6 36
16127 14 12
16128 6 35
16129 28 74
16130 18 60
16131 6 36
16132 17 60
16133 18 60
16134 17 60
16135 13 12
16136 60 46
16137 29 74
16138 18 60
16139 17 60
16140 18 60
16141 28 74
16142 17 60
16143 14 12
16144 13 12
16145 60 45
16146 14 12
16147 6 35
16148 60 46
16149 18 60
16150 60 45
16151 29 74
16152 60 46
16153 6 36
16154 17 60
16155 60 45
16156 28 74
16157 29 74
16158 18 60
16159 28 74
16160 6 35
16161 60 46
16162 60 45
16163 17 60
16164 13 12
16165 6 36
16166 14 12
16167 6 35
16168 13 12
16169 18 60
16170 6 36
16171 17 60
16172 14 12
16173 29 74
16174 13 12
16175 18 60
16176 14 12
16177 28 74
16178 13 12
16179 29 74
16180 60 46
16181 17 60
16182 60 45
16183 60 46
16184 6 35
16185 28 74
16186 6 36
16187 60 45
16188 14 12
16189 18 60
16190 29 74
16191 13 12
16192 17 60
16193 60 46
16194 14 12
16195 28 74
16196 6 35
16197 60 45
16198 6 36
16199 18 60
16200 17 60
16201 60 46
16202 13 12
16203 6 35
16204 14 12
16205 60 45
16206 60 46
16207 29 74
16208 60 45
16209 6 36
16210 6 35
16211 60 46
16212 13 12
16213 28 74
16214 29 74
16215 6 36
16216 6 35
16217 28 74
16218 6 36
16219 6 35
16220 60 45
16221 29 74
16222 14 12
16223 60 46
16224 13 12
16225 28 74
16226 14 12
16227 13 12
16228 18 60
16229 60 45
16230 6 36
16231 17 60
16232 18 60
16233 17 60
16234 29 74
16235 18 60
16236 14 12
16237 6 35
16238 6 36
16239 60 46
16240 6 35
16241 60 45
16242 60 46
16243 17 60
16244 6 36
16245 13 12
16246 28 74
16247 6 35
16248 60 45
16249 29 74
16250 18 60
16251 17 60
16252 18 60
16253 60 46
16254 14 12
16255 17 60
16256 28 74
16257 13 12
16258 18 60
16259 17 60
16260 29 74
16261 18 60
16262 28 74
16263 17 60
16264 18 60
16265 6 36
16266 14 12
16267 60 45
16268 13 12
16269 17 60
16270 14 12
16271 29 74
16272 13 12
16273 28 74
16274 18 60
16275 6 35
16276 17 60
16277 6 36
16278 29 74
16279 60 46
16280 14 12
16281 6 35
16282 6 36
16283 13 12
16284 6 35
16285 18 60
16286 28 74
16287 29 74
16288 60 45
16289 6 36
16290 17 60
16291 18 60
16292 14 12
16293 6 35
16294 13 12
16295 60 46
16296 14 12
16297 6 36
16298 28 74
16299 17 60
16300 6 35
16301 29 74
16302 28 74
16303 18 60
16304 60 45
16305 13 12
16306 6 36
16307 60 46
16308 29 74
16309 14 12
16310 17 60
16311 18 60
16312 6 35
16313 13 12
16314 14 12
16315 17 60
16316 6 36
16317 13 12
16318 28 74
16319 60 45
16320 29 74
16321 18 60
16322 6 35
16323 14 12
16324 60 46
16325 60 45
16326 6 36
16327 28 74
16328 13 12
16329 6 35
16330 60 46
16331 60 45
16332 14 12
16333 13 12
16334 6 36
16335 6 35
16336 60 46
16337 29 74
16338 28 74
16339 60 45
16340 17 60
16341 6 36
16342 29 74
16343 6 35
16344 18 60
16345 28 74
16346 29 74
16347 28 74
16348 60 46
16349 29 74
16350 6 36
16351 17 60
16352 6 35
16353 60 45
16354 14 12
16355 13 12
16356 28 74
16357 29 74
16358 6 36
16359 60 46
16360 18 60
16361 28 74
16362 14 12
16363 6 35
16364 13 12
16365 29 74
16366 17 60
16367 14 12
16368 28 74
16369 60 45
16370 29 74
16371 28 74
16372 13 12
16373 29 74
16374 60 46
16375 18 60
16376 14 12
16377 17 60
16378 13 12
16379 14 12
16380 13 12
16381 28 74
16382 6 36
16383 18 60
16384 60 45
16385 60 46
16386 60 45
16387 29 74
16388 14 12
16389 6 35
16390 6 36
16391 28 74
16392 60 46
16393 6 35
16394 17 60
16395 29 74
16396 28 74
16397 60 45
16398 60 46
16399 13 12
16400 6 36
16401 18 60
16402 29 74
16403 17 60
16404 14 12
16405 18 60
16406 17 60
16407 13 12
16408 6 35
16409 6 36
16410 14 12
16411 13 12
16412 6 35
16413 18 60
16414 14 12
16415 60 45
16416 13 12
16417 17 60
16418 28 74
16419 60 46
16420 18 60
16421 6 36
16422 14 12
16423 6 35
16424 13 12
16425 6 36
16426 14 12
16427 29 74
16428 13 12
16429 14 12
16430 28 74
16431 60 45
16432 60 46
16433 6 35
16434 13 12
16435 29 74
16436 6 36
16437 60 45
16438 14 12
16439 28 74
16440 60 46
16441 17 60
16442 29 74
16443 28 74
16444 29 74
16445 6 35
16446 60 45
16447 13 12
16448 6 36
16449 14 12
16450 6 35
16451 6 36
16452 13 12
16453 28 74
16454 29 74
16455 18 60
16456 14 12
16457 13 12
16458 28 74
16459 29 74
16460 28 74
16461 29 74
16462 17 60
16463 14 12
16464 60 46
16465 18 60
16466 6 35
16467 6 36
16468 6 35
16469 60 45
16470 60 46
16471 13 12
16472 28 74
16473 14 12
16474 29 74
16475 17 60
16476 6 36
16477 6 35
16478 13 12
16479 6 36
16480 14 12
16481 18 60
16482 60 45
16483 28 74
16484 17 60
16485 18 60
16486 6 35
16487 60 46
16488 13 12
16489 17 60
16490 60 45
16491 18 60
16492 60 46
16493 60 45
16494 14 12
16495 29 74
16496 6 36
16497 13 12
16498 17 60
16499 6 35
16500 28 74
16501 6 36
16502 18 60
16503 60 46
16504 6 35
16505 14 12
16506 29 74
16507 28 74
16508 17 60
16509 18 60
16510 6 36
16511 60 45
16512 60 46
16513 29 74
16514 17 60
16515 6 35
16516 18 60
16517 13 12
16518 28 74
16519 29 74
16520 6 36
16521 60 45
16522 60 46
16523 14 12
16524 13 12
16525 6 35
16526 17 60
16527 28 74
16528 6 36
16529 60 45
16530 29 74
16531 28 74
16532 60 46
16533 29 74
16534 18 60
16535 28 74
16536 17 60
16537 6 35
16538 29 74
16539 6 36
16540 18 60
16541 6 35
16542 17 60
16543 60 45
16544 60 46
16545 6 36
16546 18 60
16547 17 60
16548 18 60
16549 14 12
16550 17 60
16551 6 35
16552 28 74
16553 18 60
16554 60 45
16555 17 60
16556 18 60
16557 13 12
16558 29 74
16559 60 46
16560 60 45
16561 28 74
16562 14 12
16563 17 60
16564 60 46
16565 60 45
16566 6 36
16567 13 12
16568 18 60
16569 6 35
16570 17 60
16571 14 12
16572 29 74
16573 6 36
16574 13 12
16575 14 12
16576 6 35
16577 28 74
16578 60 46
16579 18 60
16580 13 12
16581 17 60
16582 60 45
16583 14 12
16584 60 46
16585 18 60
16586 29 74
16587 17 60
16588 18 60
16589 6 36
16590 28 74
16591 13 12
16592 14 12
16593 29 74
16594 60 45
16595 13 12
16596 60 46
16597 28 74
16598 17 60
16599 14 12
16600 13 12
16601 6 35
16602 6 36
16603 14 12
16604 13 12
16605 29 74
16606 14 12
16607 18 60
16608 60 45
16609 28 74
16610 60 46
16611 6 35
16612 17 60
16613 18 60
16614 29 74
16615 6 36
16616 6 35
16617 28 74
16618 6 36
16619 29 74
16620 13 12
16621 6 35
16622 17 60
16623 28 74
16624 14 12
16625 13 12
16626 29 74
16627 60 45
16628 6 36
16629 14 12
16630 13 12
16631 6 35
16632 28 74
16633 29 74
16634 6 36
16635 18 60
16636 17 60
16637 14 12
16638 28 74
16639 13 12
16640 14 12
16641 29 74
16642 6 35
16643 60 46
16644 18 60
16645 60 45
16646 17 60
16647 60 46
16648 18 60
16649 6 36
16650 13 12
16651 14 12
16652 13 12
16653 28 74
16654 6 35
16655 14 12
16656 17 60
16657 18 60
16658 6 36
16659 6 35
16660 6 36
16661 17 60
16662 60 45
16663 60 46
16664 13 12
16665 18 60
16666 29 74
16667 60 45
16668 14 12
16669 60 46
16670 60 45
16671 17 60
16672 6 35
16673 6 36
16674 18 60
16675 28 74
16676 17 60
16677 18 60
16678 29 74
16679 28 74
16680 17 60
16681 13 12
16682 60 46
16683 60 45
16684 14 12
16685 6 35
16686 60 46
16687 13 12
16688 60 45
16689 18 60
16690 29 74
16691 6 36
16692 60 46
16693 28 74
16694 29 74
16695 17 60
16696 28 74
16697 18 60
16698 29 74
16699 60 45
16700 14 12
16701 6 35
16702 13 12
16703 6 36
16704 60 46
16705 60 45
16706 60 46
16707 17 60
16708 28 74
16709 29 74
16710 14 12
16711 60 45
16712 18 60
16713 17 60
16714 60 46
16715 28 74
16716 6 35
16717 13 12
16718 14 12
16719 13 12
16720 60 45
16721 14 12
16722 18 60
16723 17 60
16724 13 12
16725 60 46
16726 6 36
16727 29 74
16728 6 35
16729 6 36
16730 28 74
16731 29 74
16732 6 35
16733 60 45
16734 14 12
16735 13 12
16736 18 60
16737 60 46
16738 14 12
16739 28 74
16740 60 45
16741 29 74
16742 6 36
16743 60 46
16744 13 12
16745 17 60
16746 14 12
16747 13 12
16748 28 74
16749 6 35
16750 6 36
16751 60 45
16752 18 60
16753 29 74
16754 28 74
16755 29 74
16756 6 35
16757 60 46
16758 28 74
16759 29 74
16760 14 12
16761 13 12
16762 28 74
16763 60 45
16764 29 74
16765 6 36
16766 60 46
16767 14 12
16768 17 60
16769 28 74
16770 60 45
16771 18 60
16772 13 12
16773 17 60
16774 18 60
16775 14 12
16776 17 60
16777 29 74
16778 6 35
16779 18 60
16780 17 60
16781 13 12
16782 28 74
16783 60 46
16784 14 12
16785 18 60
16786 17 60
16787 60 45
16788 6 36
16789 18 60
16790 17 60
16791 29 74
16792 13 12
16793 28 74
16794 14 12
16795 13 12
16796 6 35
16797 29 74
16798 28 74
16799 18 60
16800 60 46
16801 6 36
16802 6 35
16803 17 60
16804 60 45
16805 6 36
16806 29 74
16807 14 12
16808 18 60
16809 17 60
16810 60 46
16811 28 74
16812 60 45
16813 18 60
16814 60 46
16815 6 35
16816 6 36
16817 6 35
16818 60 45
16819 13 12
16820 60 46
16821 17 60
16822 18 60
16823 17 60
16824 14 12
16825 18 60
16826 29 74
16827 60 45
16828 60 46
16829 28 74
16830 6 36
16831 17 60
16832 6 35
16833 6 36
16834 60 45
16835 18 60
16836 13 12
16837 6 35
16838 60 46
16839 60 45
16840 60 46
16841 6 36
16842 29 74
16843 60 45
16844 28 74
16845 17 60
16846 60 46
16847 14 12
16848 18 60
16849 17 60
16850 18 60
16851 13 12
16852 6 35
16853 6 36
16854 14 12
16855 6 35
16856 13 12
16857 60 45
16858 60 46
16859 29 74
16860 60 45
16861 60 46
16862 60 45
16863 60 46
16864 60 45
16865 14 12
16866 28 74
16867 13 12
16868 29 74
16869 14 12
16870 28 74
16871 60 46
16872 60 45
16873 29 74
16874 13 12
16875 60 46
16876 6 36
16877 14 12
16878 60 45
16879 17 60
16880 28 74
16881 13 12
16882 14 12
16883 60 46
16884 13 12
16885 60 45
16886 18 60
16887 6 35
16888 29 74
16889 60 46
16890 6 36
16891 17 60
16892 28 74
16893 18 60
16894 17 60
16895 18 60
16896 29 74
16897 28 74
16898 6 35
16899 60 45
16900 29 74
16901 60 46
16902 6 36
16903 17 60
16904 6 35
16905 28 74
16906 6 36
16907 60 45
16908 14 12
16909 18 60
16910 60 46
16911 60 45
16912 29 74
16913 13 12
16914 17 60
16915 60 46
16916 14 12
16917 6 35
16918 18 60
16919 17 60
16920 13 12
16921 28 74
16922 60 45
16923 29 74
16924 28 74
16925 60 46
16926 60 45
16927 18 60
16928 29 74
16929 60 46
16930 17 60
16931 6 36
16932 18 60
16933 14 12
16934 6 35
16935 6 36
16936 28 74
16937 13 12
16938 29 74
16939 60 45
16940 6 35
16941 14 12
16942 6 36
16943 60 46
16944 28 74
16945 17 60
16946 18 60
16947 13 12
16948 14 12
16949 6 35
16950 17 60
16951 18 60
16952 6 36
16953 6 35
16954 29 74
16955 6 36
16956 13 12
16957 60 45
16958 14 12
16959 28 74
16960 6 35
16961 60 46
16962 6 36
16963 17 60
16964 13 12
16965 60 45
16966 6 35
16967 18 60
16968 60 46
16969 60 45
16970 29 74
16971 14 12
16972 17 60
16973 28 74
16974 13 12
16975 18 60
16976 60 46
16977 60 45
16978 14 12
16979 17 60
16980 60 46
16981 13 12
16982 29 74
16983 28 74
16984 29 74
16985 6 36
16986 60 45
16987 18 60
16988 28 74
16989 29 74
16990 14 12
16991 60 46
16992 60 45
16993 28 74
16994 6 35
16995 17 60
16996 29 74
16997 13 12
16998 18 60
16999 28 74
17000 29 74
17001 6 36
17002 60 46
17003 17 60
17004 14 12
17005 60 45
17006 18 60
17007 6 35
17008 17 60
17009 28 74
17010 29 74
17011 60 46
17012 13 12
17013 60 45
17014 6 36
17015 6 35
17016 14 12
17017 18 60
17018 6 36
17019 13 12
17020 6 35
17021 6 36
17022 14 12
17023 28 74
17024 60 46
17025 29 74
17026 13 12
17027 14 12
17028 17 60
17029 28 74
17030 29 74
17031 60 45
17032 6 35
17033 6 36
17034 13 12
17035 14 12
17036 18 60
17037 60 46
17038 28 74
17039 13 12
17040 6 35
17041 17 60
17042 6 36
17043 29 74
17044 6 35
17045 28 74
17046 14 12
17047 29 74
17048 28 74
17049 18 60
17050 13 12
17051 6 36
17052 14 12
17053 29 74
17054 17 60
17055 60 45
17056 28 74
17057 18 60
17058 60 46
17059 6 35
17060 29 74
17061 60 45
17062 13 12
17063 60 46
17064 14 12
17065 28 74
17066 13 12
17067 60 45
17068 6 36
17069 60 46
17070 17 60
17071 60 45
17072 14 12
17073 29 74
17074 60 46
17075 6 35
17076 13 12
17077 18 60
17078 60 45
17079 14 12
17080 13 12
17081 28 74
17082 14 12
17083 60 46
17084 29 74
17085 28 74
17086 13 12
17087 17 60
17088 60 45
17089 14 12
17090 18 60
17091 29 74
17092 6 36
17093 60 46
17094 6 35
17095 28 74
17096 13 12
17097 60 45
17098 60 46
17099 14 12
17100 13 12
17101 60 45
17102 60 46
17103 6 36
17104 14 12
17105 13 12
17106 60 45
17107 60 46
17108 60 45
17109 29 74
17110 17 60
17111 28 74
17112 29 74
17113 60 46
17114 14 12
17115 60 45
17116 28 74
17117 60 46
17118 6 35
17119 6 36
17120 6 35
17121 60 45
17122 29 74
17123 6 36
17124 60 46
17125 60 45
17126 6 35
17127 18 60
17128 60 46
17129 6 36
17130 28 74
17131 60 45
17132 6 35
17133 17 60
17134 18 60
17135 13 12
17136 6 36
17137 29 74
17138 14 12
17139 28 74
17140 17 60
17141 6 35
17142 18 60
17143 13 12
17144 6 36
17145 60 46
17146 6 35
17147 14 12
17148 29 74
17149 60 45
17150 6 36
17151 13 12
17152 6 35
17153 6 36
17154 17 60
17155 60 46
17156 14 12
17157 60 45
17158 60 46
17159 60 45
17160 60 46
17161 18 60
17162 60 45
17163 17 60
17164 28 74
17165 29 74
17166 6 35
17167 6 36
17168 28 74
17169 18 60
17170 29 74
17171 60 46
17172 60 45
17173 17 60
17174 18 60
17175 13 12
17176 14 12
17177 6 35
17178 60 46
17179 28 74
17180 17 60
17181 29 74
17182 6 36
17183 18 60
17184 6 35
17185 17 60
17186 13 12
17187 60 45
17188 6 36
17189 14 12
17190 18 60
17191 13 12
17192 60 46
17193 60 45
17194 17 60
17195 60 46
17196 60 45
17197 6 35
17198 14 12
17199 18 60
17200 28 74
17201 17 60
17202 18 60
17203 13 12
17204 29 74
17205 28 74
17206 6 36
17207 14 12
17208 17 60
17209 18 60
17210 29 74
17211 60 46
17212 13 12
17213 60 45
17214 60 46
17215 6 35
17216 28 74
17217 60 45
17218 6 36
17219 60 46
17220 6 35
17221 29 74
17222 28 74
17223 6 36
17224 6 35
17225 17 60
17226 60 45
17227 60 46
17228 14 12
17229 13 12
17230 14 12
17231 29 74
17232 60 45
17233 13 12
17234 6 36
17235 28 74
17236 6 35
17237 18 60
17238 17 60
17239 29 74
17240 18 60
17241 6 36
17242 60 46
17243 14 12
17244 28 74
17245 13 12
17246 6 35
17247 60 45
17248 29 74
17249 6 36
17250 14 12
17251 28 74
17252 29 74
17253 17 60
17254 18 60
17255 60 46
17256 13 12
17257 6 35
17258 60 45
17259 6 36
17260 28 74
17261 14 12
17262 29 74
17263 13 12
17264 14 12
17265 28 74
17266 29 74
17267 28 74
17268 29 74
17269 13 12
17270 17 60
17271 60 46
17272 6 35
17273 28 74
17274 29 74
17275 60 45
17276 28 74
17277 29 74
17278 14 12
17279 13 12
17280 60 46
17281 18 60
17282 28 74
17283 29 74
17284 28 74
17285 14 12
17286 17 60
17287 13 12
17288 18 60
17289 14 12
17290 13 12
17291 17 60
17292 60 45
17293 6 36
17294 60 46
17295 6 35
17296 60 45
17297 18 60
17298 14 12
17299 17 60
17300 29 74
17301 6 36
17302 60 46
17303 6 35
17304 28 74
17305 60 45
17306 60 46
17307 13 12
17308 18 60
17309 6 36
17310 60 45
17311 6 35
17312 14 12
17313 6 36
17314 17 60
17315 13 12
17316 60 46
17317 29 74
17318 6 35
17319 60 45
17320 60 46
17321 14 12
17322 60 45
17323 60 46
17324 13 12
17325 14 12
17326 13 12
17327 60 45
17328 6 36
17329 28 74
17330 6 35
17331 29 74
17332 60 46
17333 28 74
17334 18 60
17335 29 74
17336 14 12
17337 60 45
17338 28 74
17339 60 46
17340 17 60
17341 18 60
17342 6 36
17343 17 60
17344 13 12
17345 6 35
17346 18 60
17347 17 60
17348 14 12
17349 60 45
17350 29 74
17351 18 60
17352 17 60
17353 28 74
17354 13 12
17355 14 12
17356 60 46
17357 60 45
17358 60 46
17359 6 36
17360 13 12
17361 60 45
17362 29 74
17363 60 46
17364 18 60
17365 60 45
17366 6 35
17367 14 12
17368 13 12
17369 60 46
17370 28 74
17371 6 36
17372 6 35
17373 17 60
17374 6 36
17375 14 12
17376 6 35
17377 29 74
17378 6 36
17379 13 12
17380 6 35
17381 60 45
17382 18 60
17383 17 60
17384 28 74
17385 29 74
17386 14 12
17387 28 74
17388 29 74
17389 28 74
17390 60 46
17391 13 12
17392 14 12
17393 29 74
17394 28 74
17395 6 36
17396 18 60
17397 6 35
17398 6 36
17399 6 35
17400 60 45
17401 13 12
17402 6 36
17403 6 35
17404 14 12
17405 17 60
17406 13 12
17407 60 46
17408 60 45
17409 14 12
17410 18 60
17411 17 60
17412 29 74
17413 13 12
17414 18 60
17415 17 60
17416 6 36
17417 14 12
17418 60 46
17419 18 60
17420 28 74
17421 60 45
17422 13 12
17423 14 12
17424 60 46
17425 29 74
17426 60 45
17427 28 74
17428 6 35
17429 29 74
17430 17 60
17431 18 60
17432 17 60
17433 60 46
17434 6 36
17435 60 45
17436 60 46
17437 6 35
17438 13 12
17439 6 36
17440 60 45
17441 28 74
17442 60 46
17443 60 45
17444 60 46
17445 29 74
17446 14 12
17447 6 35
17448 18 60
17449 13 12
17450 14 12
17451 60 45
17452 6 36
17453 60 46
17454 13 12
17455 60 45
17456 6 35
17457 14 12
17458 28 74
17459 17 60
17460 6 36
17461 29 74
17462 13 12
17463 28 74
17464 60 46
17465 14 12
17466 29 74
17467 28 74
17468 29 74
17469 6 35
17470 18 60
17471 28 74
17472 17 60
17473 18 60
17474 29 74
17475 6 36
17476 13 12
17477 60 45
17478 14 12
17479 17 60
17480 13 12
17481 28 74
17482 6 35
17483 6 36
17484 18 60
17485 14 12
17486 17 60
17487 18 60
17488 13 12
17489 14 12
17490 60 46
17491 17 60
17492 29 74
17493 60 45
17494 18 60
17495 17 60
17496 18 60
17497 17 60
17498 13 12
17499 14 12
17500 13 12
17501 6 35
17502 28 74
17503 18 60
17504 60 46
17505 14 12
17506 6 36
17507 60 45
17508 13 12
17509 6 35
17510 29 74
17511 60 46
17512 17 60
17513 6 36
17514 18 60
17515 6 35
17516 60 45
17517 6 36
17518 60 46
17519 17 60
17520 28 74
17521 60 45
17522 14 12
17523 29 74
17524 28 74
17525 6 35
17526 18 60
17527 17 60
17528 29 74
17529 60 46
17530 13 12
17531 60 45
17532 28 74
17533 14 12
17534 60 46
17535 6 36
17536 29 74
17537 60 45
17538 6 35
17539 18 60
17540 28 74
17541 60 46
17542 6 36
17543 13 12
17544 29 74
17545 6 35
17546 14 12
17547 28 74
17548 29 74
17549 28 74
17550 60 45
17551 13 12
17552 60 46
17553 60 45
17554 17 60
17555 6 36
17556 60 46
17557 60 45
17558 18 60
17559 14 12
17560 13 12
17561 14 12
17562 60 46
17563 13 12
17564 60 45
17565 6 35
17566 14 12
17567 13 12
17568 29 74
17569 6 36
17570 6 35
17571 28 74
17572 17 60
17573 29 74
17574 6 36
17575 18 60
17576 17 60
17577 14 12
17578 18 60
17579 17 60
17580 28 74
17581 13 12
17582 6 35
17583 29 74
17584 6 36
17585 18 60
17586 28 74
17587 14 12
17588 13 12
17589 14 12
17590 6 35
17591 6 36
17592 60 46
17593 29 74
17594 17 60
17595 60 45
17596 28 74
17597 60 46
17598 13 12
17599 6 35
17600 18 60
17601 6 36
17602 60 45
17603 14 12
17604 6 35
17605 17 60
17606 60 46
17607 13 12
17608 14 12
17609 60 45
17610 29 74
17611 13 12
17612 28 74
17613 14 12
17614 6 36
17615 13 12
17616 18 60
17617 14 12
17618 13 12
17619 14 12
17620 29 74
17621 17 60
17622 13 12
17623 18 60
17624 17 60
17625 28 74
17626 6 35
17627 29 74
17628 28 74
17629 14 12
17630 29 74
17631 60 46
17632 18 60
17633 28 74
17634 60 45
17635 60 46
17636 6 36
17637 13 12
17638 6 35
17639 29 74
17640 60 45
17641 17 60
17642 18 60
17643 14 12
17644 13 12
17645 17 60
17646 28 74
17647 14 12
17648 29 74
17649 13 12
17650 60 46
17651 60 45
17652 18 60
17653 6 36
17654 60 46
17655 17 60
17656 18 60
17657 28 74
17658 17 60
17659 6 35
17660 29 74
17661 6 36
17662 60 45
17663 18 60
17664 17 60
17665 60 46
17666 60 45
17667 60 46
17668 6 35
17669 60 45
17670 14 12
17671 60 46
17672 13 12
17673 28 74
17674 29 74
17675 18 60
17676 14 12
17677 17 60
17678 28 74
17679 13 12
17680 6 36
17681 18 60
17682 14 12
17683 29 74
17684 28 74
17685 60 45
17686 13 12
17687 60 46
17688 6 35
17689 6 36
17690 60 45
17691 29 74
17692 14 12
17693 28 74
17694 17 60
17695 13 12
17696 18 60
17697 6 35
17698 29 74
17699 6 36
17700 17 60
17701 14 12
17702 6 35
17703 60 46
17704 28 74
17705 18 60
17706 29 74
17707 6 36
17708 60 45
17709 60 46
17710 13 12
17711 28 74
17712 29 74
17713 17 60
17714 28 74
17715 14 12
17716 29 74
17717 6 35
17718 18 60
17719 28 74
17720 60 45
17721 29 74
17722 6 36
17723 6 35
17724 6 36
17725 17 60
17726 60 46
17727 18 60
17728 28 74
17729 13 12
17730 17 60
17731 6 35
17732 14 12
17733 60 45
17734 60 46
17735 13 12
17736 18 60
17737 6 36
17738 17 60
17739 18 60
17740 29 74
17741 6 35
17742 60 45
17743 6 36
17744 17 60
17745 28 74
17746 6 35
17747 60 46
17748 14 12
17749 29 74
17750 60 45
17751 60 46
17752 6 36
17753 18 60
17754 6 35
17755 6 36
17756 28 74
17757 17 60
17758 18 60
17759 29 74
17760 28 74
17761 6 35
17762 29 74
17763 13 12
17764 60 45
17765 14 12
17766 17 60
17767 13 12
17768 28 74
17769 18 60
17770 29 74
17771 28 74
17772 14 12
17773 17 60
17774 6 36
17775 6 35
17776 29 74
17777 13 12
17778 18 60
17779 17 60
17780 18 60
17781 6 36
17782 28 74
17783 14 12
17784 13 12
17785 60 46
17786 6 35
17787 29 74
17788 17 60
17789 60 45
17790 28 74
17791 18 60
17792 29 74
17793 17 60
17794 28 74
17795 6 36
17796 6 35
17797 60 46
17798 29 74
17799 6 36
17800 14 12
17801 28 74
17802 29 74
17803 18 60
17804 17 60
17805 6 35
17806 28 74
17807 60 45
17808 6 36
17809 6 35
17810 60 46
17811 18 60
17812 17 60
17813 60 45
17814 18 60
17815 13 12
17816 14 12
17817 6 36
17818 6 35
17819 29 74
17820 17 60
17821 60 46
17822 6 36
17823 13 12
17824 18 60
17825 28 74
17826 29 74
17827 14 12
17828 60 45
17829 17 60
17830 28 74
17831 18 60
17832 60 46
17833 13 12
17834 17 60
17835 60 45
17836 60 46
17837 14 12
17838 18 60
17839 6 35
17840 17 60
17841 13 12
17842 29 74
17843 18 60
17844 6 36
17845 17 60
17846 14 12
17847 60 45
17848 28 74
17849 13 12
17850 18 60
17851 6 35
17852 14 12
17853 13 12
17854 6 36
17855 6 35
17856 60 46
17857 60 45
17858 14 12
17859 60 46
17860 13 12
17861 60 45
17862 17 60
17863 29 74
17864 6 36
17865 60 46
17866 60 45
17867 18 60
17868 60 46
17869 60 45
17870 14 12
17871 6 35
17872 17 60
17873 28 74
17874 6 36
17875 60 46
17876 29 74
17877 18 60
17878 17 60
17879 6 35
17880 28 74
17881 29 74
17882 18 60
17883 60 45
17884 17 60
17885 18 60
17886 60 46
17887 13 12
17888 28 74
17889 17 60
17890 6 36
17891 18 60
17892 6 35
17893 17 60
17894 14 12
17895 29 74
17896 13 12
17897 14 12
17898 13 12
17899 6 36
17900 6 35
17901 14 12
17902 60 45
17903 28 74
17904 29 74
17905 6 36
17906 6 35
17907 13 12
17908 18 60
17909 14 12
17910 17 60
17911 28 74
17912 6 36
17913 60 46
17914 29 74
17915 6 35
17916 13 12
17917 18 60
17918 60 45
17919 60 46
17920 14 12
17921 60 45
17922 13 12
17923 60 46
17924 28 74
17925 14 12
17926 60 45
17927 6 36
17928 17 60
17929 13 12
17930 60 46
17931 60 45
17932 18 60
17933 6 35
17934 60 46
17935 17 60
17936 29 74
17937 60 45
17938 14 12
17939 28 74
17940 13 12
17941 14 12
17942 6 36
17943 13 12
17944 60 46
17945 60 45
17946 29 74
17947 28 74
17948 18 60
17949 60 46
17950 60 45
17951 29 74
17952 60 46
17953 6 35
17954 6 36
17955 6 35
17956 60 45
17957 17 60
17958 6 36
17959 28 74
17960 14 12
17961 60 46
17962 13 12
17963 60 45
17964 60 46
17965 6 35
17966 18 60
17967 17 60
17968 60 45
17969 18 60
17970 6 36
17971 60 46
17972 29 74
17973 28 74
17974 17 60
17975 29 74
17976 60 45
17977 60 46
17978 18 60
17979 17 60
17980 18 60
17981 17 60
17982 18 60
17983 60 45
17984 14 12
17985 28 74
17986 60 46
17987 17 60
17988 60 45
17989 6 35
17990 18 60
17991 60 46
17992 29 74
17993 60 45
17994 13 12
17995 17 60
17996 60 46
17997 6 36
17998 28 74
17999 29 74
18000 14 12
18001 18 60
18002 28 74
18003 6 35
18004 60 45
18005 60 46
18006 13 12
18007 6 36
18008 29 74
18009 14 12
18010 13 12
18011 60 45
18012 6 35
18013 60 46
18014 6 36
18015 60 45
18016 14 12
18017 28 74
18018 17 60
18019 13 12
18020 18 60
18021 29 74
18022 6 35
18023 28 74
18024 14 12
18025 29 74
18026 17 60
18027 13 12
18028 18 60
18029 28 74
18030 60 46
18031 6 36
18032 14 12
18033 29 74
18034 13 12
18035 14 12
18036 60 45
18037 6 35
18038 13 12
18039 60 46
18040 60 45
18041 6 36
18042 17 60
18043 6 35
18044 18 60
18045 28 74
18046 29 74
18047 6 36
18048 60 46
18049 6 35
18050 17 60
18051 14 12
18052 18 60
18053 6 36
18054 60 45
18055 13 12
18056 17 60
18057 14 12
18058 13 12
18059 6 35
18060 18 60
18061 14 12
18062 60 46
18063 13 12
18064 6 36
18065 28 74
18066 17 60
18067 29 74
18068 14 12
18069 13 12
18070 6 35
18071 6 36
18072 18 60
18073 17 60
18074 14 12
18075 60 45
18076 18 60
18077 13 12
18078 60 46
18079 28 74
18080 29 74
18081 17 60
18082 28 74
18083 14 12
18084 60 45
18085 18 60
18086 6 35
18087 17 60
18088 13 12
18089 6 36
18090 29 74
18091 14 12
18092 18 60
18093 13 12
18094 17 60
18095 6 35
18096 60 46
18097 60 45
18098 6 36
18099 28 74
18100 60 46
18101 18 60
18102 29 74
18103 60 45
18104 28 74
18105 6 35
18106 6 36
18107 14 12
18108 6 35
18109 60 46
18110 17 60
18111 29 74
18112 18 60
18113 6 36
18114 6 35
18115 13 12
18116 28 74
18117 29 74
18118 14 12
18119 28 74
18120 13 12
18121 14 12
18122 6 36
18123 6 35
18124 29 74
18125 13 12
18126 28 74
18127 17 60
18128 6 36
18129 6 35
18130 18 60
18131 29 74
18132 6 36
18133 28 74
18134 6 35
18135 29 74
18136 28 74
18137 6 36
18138 29 74
18139 60 45
18140 60 46
18141 17 60
18142 6 35
18143 18 60
18144 28 74
18145 60 45
18146 60 46
18147 17 60
18148 29 74
18149 18 60
18150 28 74
18151 60 45
18152 6 36
18153 17 60
18154 6 35
18155 6 36
18156 29 74
18157 60 46
18158 28 74
18159 6 35
18160 29 74
18161 28 74
18162 60 45
18163 14 12
18164 60 46
18165 18 60
18166 17 60
18167 13 12
18168 29 74
18169 18 60
18170 28 74
18171 17 60
18172 14 12
18173 18 60
18174 6 36
18175 17 60
18176 60 45
18177 13 12
18178 14 12
18179 6 35
18180 29 74
18181 18 60
18182 17 60
18183 18 60
18184 6 36
18185 17 60
18186 13 12
18187 18 60
18188 14 12
18189 60 46
18190 13 12
18191 28 74
18192 6 35
18193 60 45
18194 14 12
18195 29 74
18196 28 74
18197 13 12
18198 6 36
18199 29 74
18200 6 35
18201 14 12
18202 17 60
18203 28 74
18204 13 12
18205 29 74
18206 14 12
18207 60 46
18208 18 60
18209 6 36
18210 6 35
18211 60 45
18212 6 36
18213 17 60
18214 13 12
18215 14 12
18216 60 46
18217 18 60
18218 60 45
18219 60 46
18220 60 45
18221 28 74
18222 13 12
18223 6 35
18224 14 12
18225 17 60
18226 29 74
18227 60 46
18228 13 12
18229 28 74
18230 60 45
18231 60 46
18232 29 74
18233 6 36
18234 18 60
18235 6 35
18236 6 36
18237 17 60
18238 6 35
18239 6 36
18240 28 74
18241 60 45
18242 14 12
18243 13 12
18244 29 74
18245 28 74
18246 14 12
18247 60 46
18248 29 74
18249 13 12
18250 28 74
18251 18 60
18252 14 12
18253 17 60
18254 18 60
18255 13 12
18256 6 35
18257 60 45
18258 6 36
18259 17 60
18260 6 35
18261 18 60
18262 14 12
18263 29 74
18264 17 60
18265 18 60
18266 28 74
18267 13 12
18268 14 12
18269 60 46
18270 60 45
18271 17 60
18272 60 46
18273 29 74
18274 60 45
18275 6 36
18276 6 35
18277 6 36
18278 6 35
18279 13 12
18280 28 74
18281 6 36
18282 6 35
18283 29 74
18284 28 74
18285 29 74
18286 60 46
18287 18 60
18288 60 45
18289 14 12
18290 28 74
18291 29 74
18292 60 46
18293 17 60
18294 18 60
18295 17 60
18296 6 36
18297 60 45
18298 13 12
18299 28 74
18300 60 46
18301 29 74
18302 6 35
18303 6 36
18304 6 35
18305 28 74
18306 29 74
18307 14 12
18308 18 60
18309 6 36
18310 28 74
18311 13 12
18312 17 60
18313 6 35
18314 6 36
18315 14 12
18316 6 35
18317 13 12
18318 60 45
18319 6 36
18320 18 60
18321 29 74
18322 17 60
18323 6 35
18324 60 46
18325 28 74
18326 18 60
18327 29 74
18328 17 60
18329 6 36
18330 60 45
18331 14 12
18332 6 35
18333 6 36
18334 28 74
18335 6 35
18336 60 46
18337 29 74
18338 6 36
18339 6 35
18340 28 74
18341 29 74
18342 18 60
18343 13 12
18344 60 45
18345 28 74
18346 14 12
18347 17 60
18348 6 36
18349 18 60
18350 60 46
18351 17 60
18352 13 12
18353 14 12
18354 13 12
18355 29 74
18356 28 74
18357 14 12
18358 29 74
18359 18 60
18360 6 35
18361 6 36
18362 13 12
18363 17 60
18364 28 74
18365 29 74
18366 28 74
18367 29 74
18368 6 35
18369 28 74
18370 29 74
18371 18 60
18372 28 74
18373 17 60
18374 14 12
18375 18 60
18376 13 12
18377 29 74
18378 14 12
18379 17 60
18380 18 60
18381 13 12
18382 60 45
18383 17 60
18384 18 60
18385 28 74
18386 14 12
18387 17 60
18388 6 36
18389 29 74
18390 13 12
18391 6 35
18392 18 60
18393 60 46
18394 14 12
18395 13 12
18396 60 45
18397 28 74
18398 17 60
18399 6 36
18400 18 60
18401 6 35
18402 6 36
18403 60 46
18404 6 35
18405 60 45
18406 14 12
18407 13 12
18408 60 46
18409 29 74
18410 28 74
18411 14 12
18412 17 60
18413 13 12
18414 14 12
18415 60 45
18416 60 46
18417 18 60
18418 17 60
18419 6 36
18420 13 12
18421 18 60
18422 17 60
18423 18 60
18424 29 74
18425 17 60
18426 14 12
18427 13 12
18428 18 60
18429 14 12
18430 17 60
18431 28 74
18432 13 12
18433 60 45
18434 18 60
18435 17 60
18436 6 35
18437 60 46
18438 14 12
18439 60 45
18440 29 74
18441 18 60
18442 60 46
18443 17 60
18444 18 60
18445 28 74
18446 17 60
18447 29 74
18448 18 60
18449 13 12
18450 17 60
18451 6 36
18452 18 60
18453 60 45
18454 17 60
18455 28 74
18456 29 74
18457 28 74
18458 18 60
18459 60 46
18460 14 12
18461 13 12
18462 17 60
18463 60 45
18464 14 12
18465 18 60
18466 6 35
18467 13 12
18468 60 46
18469 60 45
18470 17 60
18471 6 36
18472 29 74
18473 6 35
18474 60 46
18475 18 60
18476 6 36
18477 28 74
18478 60 45
18479 6 35
18480 14 12
18481 6 36
18482 60 46
18483 29 74
18484 28 74
18485 6 35
18486 6 36
18487 6 35
18488 6 36
18489 17 60
18490 60 45
18491 6 35
18492 18 60
18493 13 12
18494 14 12
18495 60 46
18496 17 60
18497 6 36
18498 18 60
18499 29 74
18500 13 12
18501 14 12
18502 17 60
18503 13 12
18504 60 45
18505 14 12
18506 28 74
18507 29 74
18508 18 60
18509 28 74
18510 29 74
18511 6 35
18512 13 12
18513 60 46
18514 6 36
18515 17 60
18516 60 45
18517 6 35
18518 28 74
18519 60 46
18520 14 12
18521 60 45
18522 60 46
18523 13 12
18524 14 12
18525 60 45
18526 60 46
18527 29 74
18528 60 45
18529 28 74
18530 18 60
18531 60 46
18532 60 45
18533 60 46
18534 6 36
18535 60 45
18536 6 35
18537 29 74
18538 13 12
18539 60 46
18540 14 12
18541 6 36
18542 28 74
18543 6 35
18544 17 60
18545 29 74
18546 13 12
18547 14 12
18548 28 74
18549 6 36
18550 18 60
18551 17 60
18552 6 35
18553 13 12
18554 14 12
18555 18 60
18556 13 12
18557 17 60
18558 29 74
18559 28 74
18560 14 12
18561 6 36
18562 60 45
18563 29 74
18564 60 46
18565 13 12
18566 28 74
18567 6 35
18568 60 45
18569 60 46
18570 14 12
18571 6 36
18572 6 35
18573 29 74
18574 60 45
18575 18 60
18576 13 12
18577 6 36
18578 14 12
18579 60 46
18580 60 45
18581 60 46
18582 28 74
18583 6 35
18584 29 74
18585 17 60
18586 28 74
18587 60 45
18588 18 60
18589 6 36
18590 6 35
18591 13 12
18592 17 60
18593 29 74
18594 18 60
18595 17 60
18596 18 60
18597 17 60
18598 14 12
18599 18 60
18600 60 46
18601 6 36
18602 28 74
18603 17 60
18604 18 60
18605 17 60
18606 60 45
18607 29 74
18608 6 35
18609 60 46
18610 18 60
18611 6 36
18612 60 45
18613 28 74
18614 17 60
18615 18 60
18616 60 46
18617 60 45
18618 6 35
18619 17 60
18620 18 60
18621 17 60
18622 29 74
18623 6 36
18624 28 74
18625 18 60
18626 29 74
18627 60 46
18628 6 35
18629 17 60
18630 13 12
18631 6 36
18632 60 45
18633 14 12
18634 13 12
18635 60 46
18636 28 74
18637 29 74
18638 14 12
18639 18 60
18640 28 74
18641 13 12
18642 6 35
18643 17 60
18644 29 74
18645 14 12
18646 18 60
18647 17 60
18648 28 74
18649 60 45
18650 6 36
18651 6 35
18652 29 74
18653 60 46
18654 6 36
18655 6 35
18656 28 74
18657 60 45
18658 18 60
18659 29 74
18660 6 36
18661 17 60
18662 18 60
18663 28 74
18664 29 74
18665 13 12
18666 60 46
18667 14 12
18668 28 74
18669 17 60
18670 6 35
18671 18 60
18672 29 74
18673 13 12
18674 17 60
18675 28 74
18676 6 36
18677 60 45
18678 60 46
18679 60 45
18680 29 74
18681 18 60
18682 60 46
18683 60 45
18684 6 35
18685 28 74
18686 60 46
18687 14 12
18688 60 45
18689 60 46
18690 17 60
18691 29 74
18692 28 74
18693 29 74
18694 6 36
18695 18 60
18696 6 35
18697 13 12
18698 6 36
18699 14 12
18700 28 74
18701 6 35
18702 29 74
18703 13 12
18704 60 45
18705 60 46
18706 28 74
18707 17 60
18708 14 12
18709 13 12
18710 18 60
18711 14 12
18712 17 60
18713 6 36
18714 29 74
18715 18 60
18716 13 12
18717 17 60
18718 28 74
18719 14 12
18720 13 12
18721 14 12
18722 18 60
18723 13 12
18724 14 12
18725 13 12
18726 60 45
18727 29 74
18728 17 60
18729 14 12
18730 6 35
18731 13 12
18732 18 60
18733 6 36
18734 14 12
18735 17 60
18736 18 60
18737 17 60
18738 28 74
18739 13 12
18740 6 35
18741 29 74
18742 60 46
18743 18 60
18744 60 45
18745 14 12
18746 6 36
18747 6 35
18748 6 36
18749 60 46
18750 28 74
18751 17 60
18752 6 35
18753 29 74
18754 60 45
18755 6 36
18756 28 74
18757 13 12
18758 60 46
18759 14 12
18760 60 45
18761 60 46
18762 13 12
18763 18 60
18764 6 35
18765 14 12
18766 29 74
18767 6 36
18768 13 12
18769 6 35
18770 17 60
18771 14 12
18772 60 45
18773 18 60
18774 28 74
18775 29 74
18776 28 74
18777 6 36
18778 60 46
18779 13 12
18780 29 74
18781 14 12
18782 60 45
18783 17 60
18784 13 12
18785 18 60
18786 60 46
18787 14 12
18788 13 12
18789 17 60
18790 18 60
18791 6 35
18792 28 74
18793 17 60
18794 14 12
18795 18 60
18796 29 74
18797 60 45
18798 17 60
18799 28 74
18800 13 12
18801 6 36
18802 14 12
18803 18 60
18804 6 35
18805 6 36
18806 60 46
18807 17 60
18808 13 12
18809 60 45
18810 18 60
18811 60 46
18812 14 12
18813 17 60
18814 18 60
18815 17 60
18816 6 35
18817 18 60
18818 13 12
18819 29 74
18820 14 12
18821 17 60
18822 13 12
18823 60 45
18824 14 12
18825 28 74
18826 6 36
18827 6 35
18828 29 74
18829 60 46
18830 18 60
18831 17 60
18832 6 36
18833 13 12
18834 18 60
18835 28 74
18836 60 45
18837 6 35
18838 60 46
18839 6 36
18840 6 35
18841 60 45
18842 14 12
18843 6 36
18844 13 12
18845 6 35
18846 17 60
18847 6 36
18848 29 74
18849 6 35
18850 18 60
18851 28 74
18852 14 12
18853 17 60
18854 18 60
18855 60 46
18856 6 36
18857 17 60
18858 60 45
18859 6 35
18860 60 46
18861 18 60
18862 29 74
18863 13 12
18864 60 45
18865 14 12
18866 17 60
18867 18 60
18868 28 74
18869 17 60
18870 29 74
18871 60 46
18872 28 74
18873 6 36
18874 18 60
18875 6 35
18876 60 45
18877 29 74
18878 60 46
18879 6 36
18880 28 74
18881 13 12
18882 29 74
18883 6 35
18884 17 60
18885 18 60
18886 17 60
18887 14 12
18888 28 74
18889 13 12
18890 6 36
18891 14 12
18892 60 45
18893 60 46
18894 29 74
18895 13 12
18896 18 60
18897 6 35
18898 6 36
18899 28 74
18900 60 45
18901 29 74
18902 17 60
18903 28 74
18904 6 35
18905 18 60
18906 29 74
18907 28 74
18908 60 46
18909 17 60
18910 18 60
18911 29 74
18912 28 74
18913 60 45
18914 29 74
18915 14 12
18916 28 74
18917 17 60
18918 29 74
18919 6 36
18920 18 60
18921 6 35
18922 60 46
18923 60 45
18924 17 60
18925 60 46
18926 18 60
18927 13 12
18928 28 74
18929 17 60
18930 6 36
18931 29 74
18932 6 35
18933 14 12
18934 6 36
18935 60 45
18936 13 12
18937 28 74
18938 6 35
18939 29 74
18940 28 74
18941 29 74
18942 28 74
18943 14 12
18944 60 46
18945 13 12
18946 14 12
18947 29 74
18948 6 36
18949 13 12
18950 14 12
18951 18 60
18952 60 45
18953 28 74
18954 17 60
18955 29 74
18956 6 35
18957 6 36
18958 28 74
18959 29 74
18960 28 74
18961 18 60
18962 13 12
18963 60 46
18964 14 12
18965 29 74
18966 6 35
18967 17 60
18968 28 74
18969 29 74
18970 6 36
18971 60 45
18972 18 60
18973 28 74
18974 60 46
18975 13 12
18976 14 12
18977 13 12
18978 14 12
18979 6 35
18980 29 74
18981 28 74
18982 13 12
18983 14 12
18984 60 45
18985 6 36
18986 17 60
18987 13 12
18988 18 60
18989 14 12
18990 6 35
18991 17 60
18992 29 74
18993 18 60
18994 17 60
18995 13 12
18996 14 12
18997 6 36
18998 6 35
18999 6 36
19000 6 35
19001 13 12
19002 60 46
19003 6 36
19004 60 45
19005 28 74
19006 60 46
19007 18 60
19008 6 35
19009 17 60
19010 6 36
19011 14 12
19012 60 45
19013 6 35
19014 60 46
19015 60 45
19016 29 74
19017 28 74
19018 6 36
19019 18 60
19020 60 46
19021 29 74
19022 60 45
19023 28 74
19024 13 12
19025 14 12
19026 60 46
19027 6 35
19028 17 60
19029 60 45
19030 18 60
19031 13 12
19032 6 36
19033 29 74
19034 14 12
19035 17 60
19036 13 12
19037 28 74
19038 60 46
19039 14 12
19040 6 35
19041 18 60
19042 17 60
19043 18 60
19044 29 74
19045 60 45
19046 60 46
19047 60 45
19048 13 12
19049 14 12
19050 13 12
19051 28 74
19052 60 46
19053 14 12
19054 60 45
19055 17 60
19056 6 36
19057 6 35
19058 60 46
19059 13 12
19060 6 36
19061 18 60
19062 14 12
19063 13 12
19064 60 45
19065 60 46
19066 60 45
19067 60 46
19068 29 74
19069 17 60
19070 28 74
19071 29 74
19072 6 35
19073 28 74
19074 29 74
19075 18 60
19076 28 74
19077 14 12
19078 13 12
19079 17 60
19080 6 36
19081 60 45
19082 18 60
19083 14 12
19084 6 35
19085 29 74
19086 13 12
19087 6 36
19088 6 35
19089 14 12
19090 13 12
19091 28 74
19092 14 12
19093 60 46
19094 13 12
19095 17 60
19096 14 12
19097 29 74
19098 13 12
19099 18 60
19100 60 45
19101 14 12
19102 28 74
19103 13 12
19104 6 36
19105 60 46
19106 60 45
19107 17 60
19108 60 46
19109 14 12
19110 6 35
19111 13 12
19112 6 36
19113 29 74
19114 28 74
19115 29 74
19116 14 12
19117 6 35
19118 13 12
19119 60 45
19120 28 74
19121 60 46
19122 6 36
19123 29 74
19124 14 12
19125 28 74
19126 60 45
19127 60 46
19128 6 35
19129 18 60
19130 60 45
19131 13 12
19132 14 12
19133 60 46
19134 60 45
19135 13 12
19136 29 74
19137 17 60
19138 6 36
19139 6 35
19140 6 36
19141 60 46
19142 6 35
19143 6 36
19144 14 12
19145 6 35
19146 18 60
19147 13 12
19148 17 60
19149 60 45
19150 6 36
19151 18 60
19152 6 35
19153 6 36
19154 6 35
19155 60 46
19156 14 12
19157 13 12
19158 6 36
19159 6 35
19160 6 36
19161 17 60
19162 60 45
19163 28 74
19164 14 12
19165 18 60
19166 60 46
19167 13 12
19168 60 45
19169 6 35
19170 17 60
19171 14 12
19172 29 74
19173 13 12
19174 18 60
19175 28 74
19176 29 74
19177 60 46
19178 17 60
19179 28 74
19180 60 45
19181 60 46
19182 18 60
19183 6 36
19184 14 12
19185 17 60
19186 60 45
19187 60 46
19188 29 74
19189 18 60
19190 60 45
19191 28 74
19192 13 12
19193 60 46
19194 60 45
19195 60 46
19196 6 35
19197 29 74
19198 14 12
19199 28 74
# colocadas=19200 ocupadas=5 mayor=19865
