0 0 0
1 0 1
2 0 79
3 79 0
4 79 79
5 78 79
6 0 3
7 79 79
8 78 79
9 79 79
10 0 0
11 78 0
12 79 0
13 0 2
14 0 78
15 0 79
16 0 78
17 0 79
18 0 78
19 78 79
20 78 0
21 79 79
22 0 3
23 78 79
24 79 79
25 79 0
26 0 79
27 0 2
28 0 78
29 78 0
30 78 79
31 79 0
32 0 3
33 79 79
34 0 2
35 0 79
36 0 78
37 0 3
38 78 0
39 78 79
40 79 79
41 79 0
42 0 2
43 78 0
44 79 0
45 0 79
46 1 0
47 78 0
48 0 0
49 0 78
50 0 79
51 1 0
52 0 0
53 79 0
54 0 78
55 1 0
56 0 0
57 1 0
58 0 0
59 78 0
60 0 79
61 78 79
62 0 3
63 0 78
64 0 1
65 79 0
66 78 0
67 0 4
68 79 0
69 79 79
70 78 0
71 78 79
72 0 3
73 0 0
74 0 1
75 0 4
76 79 79
77 0 3
78 79 0
79 78 0
80 79 0
81 0 0
82 0 79
83 78 0
84 0 78
85 0 79
86 0 2
87 78 79
88 0 78
89 0 3
90 79 0
91 79 79
92 78 79
93 78 0
94 79 0
95 0 1
96 0 0
97 0 2
98 1 0
99 0 0
100 1 0
101 0 0
102 0 79
103 0 78
104 79 79
105 0 3
106 78 79
107 0 79
108 0 2
109 79 79
110 78 79
111 0 3
112 79 79
113 0 1
114 78 0
115 78 79
116 79 79
117 79 0
118 78 0
119 0 4
120 0 0
121 0 78
122 0 3
123 0 2
124 0 3
125 78 79
126 0 1
127 0 0
128 79 0
129 0 79
130 0 78
131 79 79
132 0 2
133 0 79
134 0 3
135 78 0
136 0 1
137 78 79
138 0 4
139 0 0
140 79 79
141 0 1
142 79 0
143 0 3
144 78 0
145 0 4
146 0 3
147 0 4
148 0 3
149 0 78
150 78 79
151 79 79
152 0 0
153 0 1
154 0 79
155 0 78
156 0 0
157 0 1
158 79 0
159 0 79
160 0 4
161 78 79
162 0 0
163 79 79
164 0 1
165 78 79
166 79 79
167 0 78
168 0 3
169 0 4
170 78 79
171 0 3
172 0 0
173 0 79
174 79 79
175 0 2
176 0 3
177 0 2
178 78 0
179 79 0
180 0 78
181 78 79
182 0 3
183 0 1
184 0 4
185 0 3
186 0 0
187 0 2
188 79 79
189 0 79
190 0 3
191 0 78
192 78 79
193 0 2
194 1 0
195 0 1
196 79 79
197 0 2
198 0 0
199 1 0
200 78 79
201 79 79
202 78 0
203 79 0
204 0 1
205 2 0
206 0 79
207 78 0
208 1 0
209 0 2
210 0 1
211 0 78
212 79 0
213 0 2
214 78 0
215 78 79
216 79 79
217 0 79
218 0 1
219 0 2
220 79 0
221 78 0
222 79 0
223 78 0
224 78 79
225 79 79
226 0 1
227 0 78
228 2 0
229 1 0
230 0 2
231 0 79
232 79 0
233 0 0
234 0 3
235 0 78
236 78 0
237 79 0
238 78 0
239 0 2
240 79 0
241 0 79
242 0 78
243 78 0
244 1 0
245 0 1
246 79 0
247 78 0
248 0 79
249 79 0
250 0 2
251 78 0
252 78 79
253 79 79
254 0 1
255 78 79
256 79 0
257 0 2
258 0 78
259 78 0
260 0 1
261 0 79
262 0 2
263 0 0
264 79 0
265 78 0
266 0 3
267 79 79
268 0 78
269 78 79
270 0 2
271 79 0
272 0 79
273 1 0
274 0 78
275 78 0
276 0 1
277 79 0
278 78 0
279 0 79
280 79 79
281 79 0
282 78 79
283 0 78
284 2 0
285 0 0
286 0 79
287 79 79
288 78 0
289 0 78
290 0 1
291 0 0
292 78 79
293 79 79
294 78 79
295 0 1
296 0 79
297 0 0
298 0 1
299 1 0
300 79 79
301 2 0
302 0 78
303 0 0
304 0 1
305 79 0
306 78 0
307 0 79
308 0 78
309 1 0
310 0 2
311 0 1
312 2 0
313 0 79
314 1 0
315 78 79
316 2 0
317 0 78
318 1 0
319 79 0
320 0 79
321 78 0
322 2 0
323 79 79
324 0 78
325 0 0
326 3 0
327 0 1
328 78 79
329 79 79
330 0 79
331 2 0
332 0 78
333 0 0
334 79 0
335 0 1
336 0 0
337 0 1
338 78 0
339 78 79
340 0 0
341 79 0
342 0 1
343 0 79
344 0 78
345 1 0
346 79 79
347 0 79
348 0 78
349 78 79
350 0 79
351 78 0
352 79 79
353 0 78
354 78 79
355 2 0
356 1 0
357 79 79
358 2 0
359 79 0
360 0 79
361 78 0
362 78 79
363 0 0
364 3 0
365 79 0
366 78 0
367 0 78
368 79 0
369 79 79
370 78 79
371 0 79
372 0 78
373 0 1
374 78 0
375 0 0
376 79 79
377 78 79
378 0 1
379 0 0
380 79 0
381 0 79
382 79 79
383 0 78
384 78 0
385 78 79
386 2 0
387 3 0
388 79 0
389 78 0
390 79 0
391 0 1
392 0 0
393 2 0
394 79 79
395 0 79
396 0 78
397 3 0
398 78 0
399 0 1
400 0 79
401 78 79
402 0 78
403 79 79
404 78 79
405 79 79
406 0 79
407 78 79
408 79 0
409 0 78
410 0 0
411 0 1
412 0 0
413 0 1
414 0 79
415 0 78
416 79 79
417 2 0
418 1 0
419 0 2
420 0 1
421 78 79
422 2 0
423 79 79
424 78 79
425 79 79
426 0 0
427 78 0
428 3 0
429 2 0
430 0 79
431 79 0
432 78 79
433 79 79
434 78 0
435 78 79
436 3 0
437 0 1
438 2 0
439 79 79
440 0 0
441 78 79
442 79 0
443 79 79
444 3 0
445 78 0
446 0 1
447 78 79
448 2 0
449 79 0
450 1 0
451 79 79
452 2 0
453 78 79
454 0 0
455 0 78
456 0 79
457 3 0
458 0 78
459 2 0
460 0 79
461 0 1
462 78 0
463 79 79
464 0 78
465 78 79
466 1 0
467 0 2
468 79 79
469 78 79
470 0 0
471 79 79
472 0 3
473 0 79
474 0 2
475 0 3
476 0 1
477 78 79
478 0 4
479 0 78
480 79 79
481 79 0
482 0 0
483 0 79
484 0 3
485 0 2
486 0 3
487 0 2
488 78 0
489 79 0
490 0 3
491 0 2
492 1 0
493 0 1
494 78 0
495 0 2
496 79 0
497 78 79
498 0 78
499 79 79
500 0 1
501 78 0
502 2 0
503 0 79
504 1 0
505 78 79
506 79 79
507 0 2
508 0 1
509 78 79
510 79 79
511 0 78
512 0 79
513 0 2
514 0 1
515 0 2
516 79 0
517 78 0
518 79 0
519 0 1
520 0 78
521 2 0
522 1 0
523 78 0
524 0 2
525 79 0
526 78 79
527 0 1
528 0 2
529 79 79
530 78 0
531 79 0
532 0 79
533 0 0
534 0 3
535 78 79
536 0 2
537 0 78
538 0 79
539 78 0
540 79 79
541 0 3
542 0 1
543 0 78
544 0 79
545 79 0
546 0 78
547 78 79
548 0 79
549 0 78
550 78 0
551 79 79
552 0 0
553 0 2
554 0 79
555 78 79
556 0 3
557 0 78
558 0 79
559 79 79
560 0 2
561 0 78
562 0 3
563 0 1
564 0 0
565 0 1
566 0 4
567 0 0
568 0 3
569 0 79
570 0 1
571 0 78
572 78 79
573 79 79
574 79 0
575 78 79
576 0 79
577 0 4
578 0 78
579 0 3
580 0 0
581 0 2
582 0 79
583 79 79
584 78 0
585 0 78
586 0 79
587 79 0
588 78 0
589 79 0
590 78 79
591 78 0
592 0 3
593 79 0
594 0 1
595 78 0
596 0 0
597 0 1
598 0 4
599 79 0
600 78 0
601 0 0
602 0 1
603 0 0
604 79 0
605 78 0
606 0 78
607 0 79
608 79 0
609 0 78
610 0 79
611 0 1
612 0 3
613 79 79
614 0 78
615 0 0
616 0 79
617 0 78
618 0 79
619 78 79
620 0 1
621 79 79
622 0 78
623 78 79
624 0 79
625 0 78
626 0 4
627 0 3
628 78 0
629 0 0
630 0 1
631 0 0
632 79 0
633 79 79
634 78 0
635 0 79
636 0 78
637 0 79
638 0 2
639 1 0
640 0 1
641 2 0
642 0 0
643 3 0
644 0 78
645 2 0
646 0 1
647 0 79
648 79 0
649 78 0
650 78 79
651 79 0
652 0 0
653 0 1
654 0 0
655 0 1
656 79 79
657 78 79
658 79 79
659 78 79
660 79 79
661 78 0
662 78 79
663 1 0
664 79 79
665 78 79
666 0 78
667 79 0
668 0 79
669 0 2
670 79 79
671 78 79
672 0 78
673 78 0
674 0 79
675 0 0
676 0 78
677 79 79
678 0 3
679 0 1
680 78 79
681 0 79
682 0 4
683 0 78
684 79 79
685 78 79
686 79 79
687 0 79
688 78 79
689 79 79
690 0 0
691 0 78
692 79 0
693 0 1
694 78 0
695 0 3
696 0 79
697 79 0
698 78 0
699 79 0
700 78 0
701 0 4
702 0 78
703 0 3
704 0 4
705 0 0
706 0 1
707 0 0
708 78 79
709 0 1
710 79 0
711 79 79
712 0 3
713 78 79
714 0 0
715 0 1
716 0 0
717 79 79
718 0 79
719 78 0
720 0 1
721 78 79
722 79 0
723 0 0
724 0 78
725 0 1
726 0 79
727 79 79
728 78 79
729 79 79
730 0 0
731 78 79
732 0 1
733 0 78
734 79 79
735 0 79
736 78 79
737 0 78
738 78 0
739 0 79
740 79 79
741 0 0
742 0 2
743 0 78
744 0 3
745 0 1
746 0 79
747 79 0
748 78 79
749 0 0
750 0 1
751 79 79
752 78 79
753 78 0
754 79 79
755 0 0
756 0 78
757 78 79
758 0 1
759 0 0
760 0 2
761 0 79
762 0 78
763 79 0
764 0 79
765 0 78
766 78 0
767 79 0
768 0 79
769 79 79
770 0 3
771 0 1
772 0 0
773 0 78
774 0 1
775 78 79
776 0 79
777 0 0
778 0 1
779 0 4
780 0 3
781 79 79
782 0 0
783 0 1
784 0 78
785 78 0
786 78 79
787 0 0
788 79 79
789 0 79
790 0 78
791 0 1
792 0 4
793 0 0
794 0 79
795 0 1
796 79 0
797 0 78
798 0 0
799 78 0
800 0 1
801 78 79
802 79 0
803 0 79
804 0 78
805 0 3
806 0 4
807 78 0
808 0 3
809 0 4
810 0 79
811 0 3
812 0 0
813 0 2
814 1 0
815 79 0
816 0 1
817 0 78
818 2 0
819 78 0
820 0 79
821 0 0
822 0 78
823 3 0
824 2 0
825 79 79
826 0 79
827 79 0
828 0 1
829 78 79
830 1 0
831 78 0
832 2 0
833 79 0
834 0 78
835 0 0
836 0 1
837 1 0
838 78 0
839 79 79
840 0 79
841 2 0
842 0 0
843 0 78
844 0 79
845 78 79
846 79 79
847 78 79
848 3 0
849 2 0
850 0 1
851 79 79
852 1 0
853 0 78
854 79 0
855 0 79
856 0 78
857 2 0
858 0 0
859 78 79
860 3 0
861 2 0
862 0 79
863 79 79
864 3 0
865 78 0
866 0 1
867 0 0
868 79 0
869 2 0
870 78 79
871 0 1
872 0 0
873 79 79
874 0 1
875 78 0
876 1 0
877 78 79
878 0 78
879 2 0
880 79 0
881 78 0
882 1 0
883 79 0
884 0 79
885 78 0
886 79 79
887 78 79
888 79 0
889 79 79
890 0 2
891 0 1
892 0 2
893 78 79
894 0 0
895 0 3
896 79 79
897 0 2
898 0 3
899 0 2
900 78 79
901 79 79
902 0 3
903 78 79
904 0 1
905 78 0
906 79 0
907 0 4
908 0 3
909 0 4
910 78 0
911 0 3
912 0 0
913 0 78
914 0 1
915 0 0
916 0 79
917 79 0
918 78 0
919 79 79
920 0 1
921 0 0
922 0 2
923 0 3
924 0 78
925 0 79
926 0 1
927 0 4
928 0 0
929 0 3
930 78 79
931 0 2
932 79 0
933 0 3
934 0 78
935 78 0
936 0 2
937 1 0
938 79 79
939 79 0
940 0 79
941 0 0
942 1 0
943 0 78
944 78 0
945 0 79
946 0 0
947 78 79
948 79 79
949 79 0
950 0 78
951 0 79
952 78 0
953 0 3
954 0 2
955 79 0
956 0 78
957 0 3
958 0 2
959 0 3
960 0 79
961 78 79
962 78 0
963 0 78
964 79 0
965 0 1
966 78 0
967 79 79
968 78 79
969 79 0
970 0 79
971 0 78
972 79 79
973 78 79
974 0 0
975 0 2
976 79 79
977 1 0
978 78 79
979 0 79
980 0 78
981 0 1
982 0 79
983 79 79
984 2 0
985 0 78
986 0 79
987 0 0
988 78 0
989 3 0
990 2 0
991 79 0
992 3 0
993 0 78
994 0 79
995 78 79
996 0 1
997 2 0
998 79 79
999 78 0
1000 0 78
1001 0 0
1002 79 0
1003 0 1
1004 78 0
1005 78 79
1006 1 0
1007 79 79
1008 79 0
1009 0 79
1010 0 78
1011 0 2
1012 78 0
1013 79 0
1014 0 1
1015 0 2
1016 78 0
1017 78 79
1018 0 79
1019 0 1
1020 2 0
1021 0 0
1022 3 0
1023 0 1
1024 0 0
1025 0 78
1026 79 0
1027 78 0
1028 79 79
1029 78 79
1030 0 1
1031 0 0
1032 79 79
1033 0 79
1034 0 78
1035 2 0
1036 0 1
1037 0 0
1038 0 1
1039 79 0
1040 0 79
1041 1 0
1042 0 2
1043 0 78
1044 78 0
1045 0 0
1046 0 79
1047 0 78
1048 1 0
1049 0 0
1050 79 0
1051 78 79
1052 0 79
1053 1 0
1054 78 0
1055 0 78
1056 0 79
1057 0 1
1058 79 79
1059 0 2
1060 0 1
1061 2 0
1062 78 79
1063 1 0
1064 2 0
1065 79 79
1066 0 0
1067 0 78
1068 79 0
1069 3 0
1070 0 1
1071 78 79
1072 79 79
1073 0 79
1074 0 0
1075 78 0
1076 0 1
1077 79 0
1078 78 79
1079 79 79
1080 78 0
1081 2 0
1082 0 0
1083 79 0
1084 78 0
1085 0 78
1086 79 0
1087 0 79
1088 78 0
1089 3 0
1090 78 79
1091 2 0
1092 79 79
1093 3 0
1094 79 0
1095 78 0
1096 0 1
1097 78 79
1098 0 78
1099 79 0
1100 0 79
1101 78 0
1102 79 0
1103 0 78
1104 2 0
1105 79 79
1106 78 79
1107 0 79
1108 78 0
1109 0 0
1110 3 0
1111 79 79
1112 78 79
1113 79 0
1114 78 0
1115 2 0
1116 0 78
1117 0 1
1118 79 79
1119 0 0
1120 79 0
1121 0 1
1122 78 0
1123 79 0
1124 1 0
1125 0 79
1126 2 0
1127 78 79
1128 79 79
1129 1 0
1130 2 0
1131 0 78
1132 0 79
1133 0 0
1134 0 78
1135 0 79
1136 3 0
1137 78 79
1138 0 78
1139 0 1
1140 78 0
1141 2 0
1142 0 0
1143 0 79
1144 79 0
1145 3 0
1146 79 79
1147 0 1
1148 78 79
1149 78 0
1150 0 78
1151 2 0
1152 79 0
1153 1 0
1154 0 79
1155 2 0
1156 1 0
1157 0 2
1158 0 78
1159 78 0
1160 79 79
1161 79 0
1162 78 79
1163 0 1
1164 2 0
1165 78 0
1166 79 79
1167 78 79
1168 0 79
1169 0 78
1170 79 79
1171 79 0
1172 0 0
1173 78 79
1174 0 1
1175 1 0
1176 79 79
1177 78 0
1178 78 79
1179 79 79
1180 78 79
1181 2 0
1182 79 79
1183 0 79
1184 0 78
1185 78 79
1186 0 0
1187 79 0
1188 78 0
1189 79 79
1190 0 1
1191 0 0
1192 78 79
1193 79 79
1194 3 0
1195 78 79
1196 0 1
1197 0 79
1198 79 0
1199 0 0
1200 78 0
1201 79 0
1202 0 78
1203 78 0
1204 2 0
1205 79 0
1206 78 0
1207 0 1
1208 0 79
1209 79 79
1210 78 79
1211 79 79
1212 0 78
1213 0 0
1214 78 79
1215 3 0
1216 2 0
1217 79 0
1218 78 0
1219 79 79
1220 78 79
1221 3 0
1222 0 79
1223 0 1
1224 0 0
1225 79 79
1226 79 0
1227 78 79
1228 79 79
1229 78 0
1230 0 78
1231 0 1
1232 2 0
1233 78 79
1234 0 0
1235 0 1
1236 0 79
1237 79 0
1238 0 0
1239 0 1
1240 0 78
1241 79 79
1242 78 79
1243 0 0
1244 79 79
1245 78 0
1246 79 0
1247 3 0
1248 78 79
1249 0 1
1250 0 0
1251 2 0
1252 3 0
1253 79 79
1254 78 0
1255 0 79
1256 79 0
1257 0 78
1258 0 1
1259 78 79
1260 78 0
1261 79 0
1262 0 0
1263 0 1
1264 78 0
1265 79 79
1266 0 79
1267 0 0
1268 2 0
1269 0 1
1270 79 0
1271 0 0
1272 0 78
1273 78 79
1274 3 0
1275 79 79
1276 2 0
1277 3 0
1278 0 79
1279 2 0
1280 78 79
1281 3 0
1282 0 1
1283 0 0
1284 0 78
1285 2 0
1286 78 0
1287 79 0
1288 0 1
1289 0 79
1290 0 0
1291 78 0
1292 0 1
1293 0 78
1294 1 0
1295 0 2
1296 0 0
1297 1 0
1298 0 1
1299 0 79
1300 79 0
1301 78 0
1302 79 79
1303 0 78
1304 79 0
1305 2 0
1306 0 0
1307 78 79
1308 0 79
1309 0 78
1310 3 0
1311 0 1
1312 2 0
1313 0 79
1314 79 79
1315 0 0
1316 0 78
1317 78 79
1318 79 79
1319 0 79
1320 0 78
1321 78 0
1322 78 79
1323 0 79
1324 79 0
1325 79 79
1326 0 78
1327 78 0
1328 0 79
1329 78 79
1330 3 0
1331 0 1
1332 2 0
1333 79 0
1334 78 0
1335 79 0
1336 79 79
1337 1 0
1338 0 78
1339 78 79
1340 78 0
1341 79 0
1342 78 0
1343 2 0
1344 79 0
1345 0 79
1346 79 79
1347 1 0
1348 0 78
1349 0 79
1350 0 2
1351 78 79
1352 0 1
1353 2 0
1354 0 0
1355 0 1
1356 79 79
1357 0 0
1358 0 1
1359 78 0
1360 78 79
1361 79 0
1362 0 78
1363 78 0
1364 79 79
1365 79 0
1366 0 0
1367 3 0
1368 0 1
1369 0 79
1370 78 79
1371 0 78
1372 79 79
1373 0 0
1374 78 79
1375 78 0
1376 79 79
1377 0 79
1378 78 79
1379 79 0
1380 78 0
1381 0 78
1382 79 0
1383 78 0
1384 79 79
1385 78 79
1386 79 79
1387 78 79
1388 0 79
1389 79 79
1390 78 79
1391 79 0
1392 79 79
1393 2 0
1394 0 1
1395 1 0
1396 0 78
1397 2 0
1398 0 79
1399 0 0
1400 78 0
1401 0 1
1402 78 79
1403 0 78
1404 79 0
1405 0 79
1406 0 78
1407 78 0
1408 79 79
1409 78 79
1410 0 79
1411 0 0
1412 79 79
1413 79 0
1414 78 79
1415 78 0
1416 79 79
1417 0 1
1418 0 78
1419 0 0
1420 0 79
1421 0 78
1422 0 79
1423 79 0
1424 0 78
1425 78 0
1426 0 1
1427 1 0
1428 0 79
1429 0 2
1430 0 1
1431 2 0
1432 0 78
1433 0 0
1434 0 1
1435 0 79
1436 0 78
1437 1 0
1438 0 79
1439 79 0
1440 0 2
1441 78 0
1442 0 1
1443 0 78
1444 0 2
1445 79 0
1446 0 1
1447 0 2
1448 0 79
1449 78 0
1450 0 1
1451 0 2
1452 0 78
1453 0 79
1454 79 0
1455 0 1
1456 0 2
1457 0 78
1458 0 79
1459 0 0
1460 0 3
1461 78 0
1462 79 0
1463 78 79
1464 79 79
1465 78 0
1466 0 2
1467 0 78
1468 0 3
1469 79 0
1470 0 2
1471 78 79
1472 1 0
1473 78 0
1474 79 0
1475 0 79
1476 0 0
1477 78 0
1478 79 0
1479 79 79
1480 78 79
1481 0 3
1482 0 1
1483 79 79
1484 78 0
1485 0 0
1486 79 0
1487 78 0
1488 0 2
1489 79 0
1490 78 79
1491 0 78
1492 79 79
1493 0 3
1494 0 2
1495 78 0
1496 78 79
1497 79 0
1498 78 0
1499 79 0
1500 0 3
1501 0 2
1502 79 79
1503 1 0
1504 0 1
1505 2 0
1506 78 0
1507 1 0
1508 79 0
1509 78 79
1510 78 0
1511 0 2
1512 0 79
1513 79 0
1514 79 79
1515 78 79
1516 78 0
1517 0 1
1518 79 0
1519 2 0
1520 1 0
1521 79 79
1522 78 0
1523 0 2
1524 0 1
1525 79 0
1526 78 79
1527 0 78
1528 2 0
1529 0 0
1530 0 1
1531 79 79
1532 1 0
1533 78 0
1534 0 79
1535 2 0
1536 1 0
1537 2 0
1538 78 79
1539 1 0
1540 2 0
1541 79 0
1542 78 0
1543 0 0
1544 0 78
1545 3 0
1546 0 79
1547 79 79
1548 0 1
1549 2 0
1550 0 0
1551 3 0
1552 79 0
1553 2 0
1554 0 1
1555 0 78
1556 0 0
1557 0 1
1558 0 79
1559 1 0
1560 2 0
1561 78 79
1562 78 0
1563 0 0
1564 0 78
1565 79 79
1566 0 79
1567 3 0
1568 78 79
1569 2 0
1570 79 0
1571 79 79
1572 3 0
1573 78 79
1574 79 79
1575 0 1
1576 0 78
1577 0 0
1578 2 0
1579 78 79
1580 0 79
1581 3 0
1582 78 0
1583 0 78
1584 2 0
1585 0 79
1586 79 79
1587 0 78
1588 0 79
1589 0 1
1590 0 78
1591 0 79
1592 79 0
1593 78 0
1594 0 0
1595 0 78
1596 3 0
1597 0 1
1598 0 0
1599 2 0
1600 79 0
1601 0 1
1602 78 0
1603 0 0
1604 78 79
1605 3 0
1606 0 79
1607 79 0
1608 0 78
1609 79 79
1610 0 79
1611 78 0
1612 78 79
1613 79 79
1614 79 0
1615 0 78
1616 78 0
1617 2 0
1618 78 79
1619 79 79
1620 78 79
1621 0 1
1622 79 79
1623 78 79
1624 79 0
1625 0 0
1626 0 1
1627 1 0
1628 2 0
1629 1 0
1630 2 0
1631 0 79
1632 78 0
1633 1 0
1634 2 0
1635 0 78
1636 0 0
1637 79 79
1638 78 79
1639 79 79
1640 0 1
1641 78 79
1642 0 0
1643 0 79
1644 79 79
1645 3 0
1646 78 79
1647 0 78
1648 0 1
1649 2 0
1650 0 79
1651 79 79
1652 79 0
1653 0 0
1654 78 0
1655 3 0
1656 2 0
1657 3 0
1658 0 78
1659 79 0
1660 78 0
1661 78 79
1662 0 79
1663 0 1
1664 2 0
1665 0 0
1666 3 0
1667 2 0
1668 0 1
1669 79 79
1670 79 0
1671 78 0
1672 0 78
1673 0 0
1674 0 1
1675 1 0
1676 2 0
1677 0 0
1678 79 0
1679 3 0
1680 78 0
1681 0 1
1682 0 0
1683 0 1
1684 2 0
1685 0 79
1686 79 0
1687 0 78
1688 0 0
1689 0 1
1690 0 79
1691 78 79
1692 78 0
1693 0 0
1694 0 1
1695 0 0
1696 79 0
1697 0 78
1698 3 0
1699 79 79
1700 78 0
1701 2 0
1702 79 0
1703 3 0
1704 0 79
1705 2 0
1706 0 1
1707 0 78
1708 1 0
1709 78 79
1710 2 0
1711 0 0
1712 0 1
1713 0 0
1714 79 79
1715 3 0
1716 0 79
1717 78 0
1718 0 1
1719 79 0
1720 78 0
1721 78 79
1722 79 0
1723 78 0
1724 2 0
1725 79 0
1726 0 78
1727 0 79
1728 0 78
1729 78 0
1730 79 0
1731 0 79
1732 0 78
1733 0 79
1734 78 0
1735 79 79
1736 78 79
1737 79 0
1738 79 79
1739 78 0
1740 0 0
1741 0 1
1742 78 79
1743 1 0
1744 79 0
1745 2 0
1746 79 79
1747 0 78
1748 78 79
1749 78 0
1750 1 0
1751 79 79
1752 2 0
1753 0 0
1754 0 1
1755 79 0
1756 1 0
1757 0 79
1758 0 2
1759 0 78
1760 0 79
1761 0 78
1762 0 1
1763 78 0
1764 79 0
1765 78 79
1766 0 79
1767 0 78
1768 79 79
1769 78 0
1770 79 0
1771 78 79
1772 2 0
1773 78 0
1774 79 79
1775 0 0
1776 3 0
1777 0 79
1778 0 1
1779 0 78
1780 0 79
1781 78 79
1782 79 0
1783 0 78
1784 0 0
1785 0 1
1786 2 0
1787 0 0
1788 78 0
1789 0 79
1790 0 1
1791 1 0
1792 2 0
1793 1 0
1794 2 0
1795 79 0
1796 0 78
1797 79 79
1798 0 79
1799 0 78
1800 78 79
1801 0 0
1802 78 0
1803 79 79
1804 79 0
1805 0 79
1806 3 0
1807 0 78
1808 0 79
1809 78 79
1810 0 1
1811 2 0
1812 79 79
1813 78 0
1814 1 0
1815 0 2
1816 78 79
1817 79 79
1818 0 78
1819 0 79
1820 0 0
1821 79 0
1822 0 78
1823 78 0
1824 0 3
1825 0 2
1826 1 0
1827 0 0
1828 78 79
1829 0 3
1830 0 2
1831 79 79
1832 79 0
1833 0 3
1834 0 1
1835 78 0
1836 78 79
1837 0 0
1838 0 1
1839 0 4
1840 79 79
1841 79 0
1842 78 0
1843 0 3
1844 0 4
1845 0 79
1846 0 0
1847 0 3
1848 78 79
1849 0 2
1850 0 3
1851 79 0
1852 79 79
1853 0 2
1854 0 78
1855 78 79
1856 1 0
1857 0 79
1858 0 0
1859 0 3
1860 0 1
1861 0 78
1862 0 0
1863 0 2
1864 0 3
1865 0 2
1866 78 0
1867 79 79
1868 0 3
1869 78 79
1870 0 79
1871 79 0
1872 0 1
1873 0 0
1874 0 78
1875 78 0
1876 0 1
1877 0 4
1878 0 3
1879 79 79
1880 79 0
1881 78 79
1882 0 79
1883 0 0
1884 0 2
1885 1 0
1886 78 0
1887 0 1
1888 0 78
1889 0 79
1890 2 0
1891 1 0
1892 79 79
1893 79 0
1894 78 0
1895 78 79
1896 2 0
1897 79 0
1898 78 0
1899 1 0
1900 79 79
1901 0 78
1902 0 2
1903 0 0
1904 78 79
1905 79 0
1906 1 0
1907 79 79
1908 0 79
1909 0 0
1910 0 3
1911 78 0
1912 79 0
1913 78 0
1914 0 1
1915 0 78
1916 0 79
1917 0 78
1918 78 79
1919 79 0
1920 0 0
1921 79 79
1922 0 2
1923 78 0
1924 0 3
1925 0 2
1926 0 79
1927 1 0
1928 0 78
1929 78 79
1930 0 79
1931 0 1
1932 0 78
1933 79 79
1934 2 0
1935 79 0
1936 1 0
1937 0 79
1938 78 0
1939 0 78
1940 2 0
1941 0 0
1942 0 79
1943 79 0
1944 0 1
1945 1 0
1946 2 0
1947 78 79
1948 0 78
1949 79 79
1950 0 79
1951 0 78
1952 78 0
1953 78 79
1954 0 0
1955 0 1
1956 0 0
1957 79 0
1958 0 1
1959 1 0
1960 2 0
1961 78 0
1962 1 0
1963 2 0
1964 79 0
1965 1 0
1966 0 2
1967 0 0
1968 78 0
1969 0 79
1970 79 0
1971 0 78
1972 78 0
1973 79 0
1974 0 3
1975 78 0
1976 79 0
1977 79 79
1978 78 79
1979 0 2
1980 1 0
1981 79 79
1982 0 79
1983 78 79
1984 78 0
1985 0 1
1986 0 78
1987 0 2
1988 79 0
1989 0 1
1990 78 0
1991 0 79
1992 0 2
1993 0 1
1994 79 0
1995 78 0
1996 0 2
1997 0 78
1998 0 0
1999 0 79
2000 0 3
2001 0 2
2002 0 78
2003 1 0
2004 0 1
2005 0 79
2006 0 78
2007 79 0
2008 78 0
2009 79 0
2010 2 0
2011 79 79
2012 0 0
2013 3 0
2014 0 1
2015 2 0
2016 0 0
2017 78 0
2018 3 0
2019 2 0
2020 78 79
2021 79 0
2022 0 79
2023 78 0
2024 79 0
2025 0 78
2026 0 79
2027 3 0
2028 0 1
2029 78 0
2030 0 78
2031 79 79
2032 2 0
2033 79 0
2034 0 0
2035 0 1
2036 1 0
2037 78 0
2038 0 2
2039 0 1
2040 0 2
2041 0 1
2042 79 0
2043 78 79
2044 0 79
2045 0 78
2046 79 79
2047 0 2
2048 0 1
2049 78 0
2050 2 0
2051 0 79
2052 0 78
2053 79 0
2054 0 0
2055 3 0
2056 78 0
2057 0 1
2058 0 0
2059 79 0
2060 78 79
2061 78 0
2062 79 79
2063 0 1
2064 78 79
2065 2 0
2066 79 79
2067 78 79
2068 79 0
2069 79 79
2070 78 79
2071 79 79
2072 78 0
2073 1 0
2074 2 0
2075 0 0
2076 0 1
2077 1 0
2078 2 0
2079 0 79
2080 0 0
2081 78 79
2082 0 1
2083 0 0
2084 79 0
2085 79 79
2086 78 79
2087 78 0
2088 0 78
2089 0 1
2090 79 79
2091 0 79
2092 79 0
2093 1 0
2094 0 78
2095 0 79
2096 0 2
2097 0 0
2098 78 0
2099 1 0
2100 0 1
2101 0 2
2102 0 78
2103 78 79
2104 79 79
2105 0 79
2106 0 78
2107 0 79
2108 79 0
2109 0 78
2110 0 0
2111 78 0
2112 79 0
2113 0 3
2114 0 2
2115 0 79
2116 78 0
2117 0 78
2118 79 0
2119 0 3
2120 0 1
2121 0 0
2122 78 0
2123 79 0
2124 0 1
2125 0 79
2126 0 0
2127 78 79
2128 79 79
2129 78 79
2130 0 78
2131 78 0
2132 0 2
2133 1 0
2134 79 0
2135 0 79
2136 79 79
2137 0 1
2138 78 0
2139 79 0
2140 0 2
2141 0 78
2142 0 0
2143 78 79
2144 1 0
2145 0 0
2146 0 3
2147 78 0
2148 79 0
2149 79 79
2150 0 2
2151 78 79
2152 79 79
2153 1 0
2154 0 0
2155 0 3
2156 78 0
2157 0 79
2158 0 2
2159 0 78
2160 78 79
2161 0 79
2162 0 78
2163 0 79
2164 1 0
2165 0 78
2166 79 79
2167 0 1
2168 0 2
2169 0 1
2170 2 0
2171 79 0
2172 1 0
2173 0 2
2174 0 1
2175 78 0
2176 79 0
2177 2 0
2178 0 79
2179 1 0
2180 0 78
2181 78 0
2182 2 0
2183 0 0
2184 78 79
2185 3 0
2186 0 79
2187 0 1
2188 2 0
2189 79 0
2190 78 0
2191 79 0
2192 0 0
2193 0 78
2194 78 0
2195 0 79
2196 0 1
2197 79 79
2198 1 0
2199 0 78
2200 78 79
2201 79 0
2202 0 79
2203 0 2
2204 0 78
2205 0 0
2206 79 79
2207 1 0
2208 78 79
2209 0 1
2210 78 0
2211 0 79
2212 0 2
2213 0 1
2214 2 0
2215 1 0
2216 0 78
2217 0 2
2218 79 79
2219 79 0
2220 78 0
2221 79 0
2222 78 79
2223 0 79
2224 0 0
2225 79 79
2226 0 3
2227 78 0
2228 79 0
2229 0 1
2230 78 0
2231 79 0
2232 0 0
2233 78 0
2234 0 78
2235 79 0
2236 0 1
2237 0 79
2238 78 0
2239 0 78
2240 78 79
2241 79 79
2242 0 0
2243 0 2
2244 0 3
2245 0 2
2246 78 79
2247 0 3
2248 0 2
2249 0 79
2250 0 3
2251 79 0
2252 78 0
2253 0 2
2254 0 3
2255 0 1
2256 0 4
2257 79 79
2258 0 0
2259 78 79
2260 79 0
2261 79 79
2262 0 3
2263 0 78
2264 78 0
2265 0 1
2266 78 79
2267 0 79
2268 79 0
2269 0 78
2270 79 79
2271 78 79
2272 79 79
2273 78 79
2274 79 79
2275 0 79
2276 0 4
2277 0 3
2278 78 0
2279 78 79
2280 79 79
2281 0 78
2282 0 79
2283 0 0
2284 0 2
2285 79 0
2286 0 3
2287 0 1
2288 0 78
2289 78 79
2290 78 0
2291 79 79
2292 78 79
2293 79 0
2294 79 79
2295 0 79
2296 0 4
2297 78 0
2298 0 0
2299 78 79
2300 79 79
2301 0 3
2302 0 78
2303 79 0
2304 0 1
2305 78 79
2306 0 4
2307 78 0
2308 0 79
2309 79 0
2310 0 78
2311 0 79
2312 0 3
2313 78 0
2314 0 78
2315 0 0
2316 79 0
2317 0 79
2318 78 0
2319 79 79
2320 0 2
2321 0 3
2322 0 1
2323 79 0
2324 0 4
2325 0 78
2326 78 0
2327 0 3
2328 0 4
2329 78 79
2330 0 3
2331 79 79
2332 0 4
2333 0 3
2334 0 4
2335 0 0
2336 0 1
2337 79 0
2338 78 0
2339 0 79
2340 0 78
2341 79 0
2342 78 79
2343 0 79
2344 0 0
2345 79 79
2346 78 79
2347 0 78
2348 79 79
2349 0 3
2350 0 2
2351 78 79
2352 78 0
2353 0 79
2354 0 78
2355 79 0
2356 0 3
2357 78 0
2358 0 79
2359 79 79
2360 0 2
2361 0 3
2362 0 2
2363 79 0
2364 0 78
2365 78 79
2366 1 0
2367 78 0
2368 79 0
2369 0 79
2370 0 1
2371 0 2
2372 0 1
2373 2 0
2374 1 0
2375 0 78
2376 2 0
2377 0 79
2378 1 0
2379 0 2
2380 0 0
2381 1 0
2382 78 0
2383 79 79
2384 78 79
2385 79 79
2386 0 1
2387 2 0
2388 79 0
2389 78 0
2390 0 78
2391 0 0
2392 79 0
2393 78 79
2394 78 0
2395 0 1
2396 79 79
2397 1 0
2398 0 79
2399 0 2
2400 0 0
2401 79 0
2402 0 3
2403 0 1
2404 78 79
2405 0 4
2406 0 78
2407 0 0
2408 0 79
2409 0 1
2410 79 79
2411 78 79
2412 78 0
2413 79 0
2414 0 78
2415 79 79
2416 0 79
2417 0 0
2418 78 79
2419 0 1
2420 0 78
2421 0 0
2422 79 79
2423 78 0
2424 0 79
2425 79 0
2426 0 78
2427 0 3
2428 0 2
2429 0 79
2430 78 0
2431 79 0
2432 78 79
2433 0 3
2434 79 79
2435 78 0
2436 0 78
2437 0 79
2438 0 1
2439 0 4
2440 0 0
2441 79 0
2442 0 3
2443 78 79
2444 0 1
2445 0 0
2446 78 0
2447 79 0
2448 78 0
2449 0 78
2450 0 2
2451 79 0
2452 0 3
2453 79 79
2454 0 1
2455 0 0
2456 0 79
2457 78 0
2458 0 1
2459 0 4
2460 0 0
2461 0 1
2462 78 79
2463 0 3
2464 0 0
2465 79 79
2466 0 2
2467 79 0
2468 0 78
2469 78 79
2470 0 3
2471 79 79
2472 78 0
2473 0 79
2474 0 1
2475 0 4
2476 0 78
2477 0 3
2478 79 0
2479 0 0
2480 78 79
2481 78 0
2482 0 1
2483 79 0
2484 0 4
2485 0 0
2486 79 79
2487 78 79
2488 0 1
2489 0 3
2490 0 0
2491 78 0
2492 0 79
2493 0 2
2494 0 78
2495 1 0
2496 0 0
2497 79 79
2498 79 0
2499 78 79
2500 0 3
2501 0 1
2502 78 0
2503 0 79
2504 0 0
2505 79 79
2506 0 1
2507 78 79
2508 0 78
2509 79 79
2510 79 0
2511 0 79
2512 0 0
2513 0 1
2514 78 79
2515 0 4
2516 0 0
2517 0 78
2518 0 1
2519 79 79
2520 78 79
2521 0 79
2522 78 0
2523 0 3
2524 79 79
2525 79 0
2526 78 79
2527 0 78
2528 79 79
2529 78 0
2530 0 79
2531 78 79
2532 79 0
2533 79 79
2534 0 4
2535 0 3
2536 0 4
2537 0 78
2538 78 0
2539 79 0
2540 0 79
2541 0 3
2542 0 4
2543 78 0
2544 0 0
2545 79 0
2546 0 1
2547 0 0
2548 78 0
2549 0 3
2550 0 1
2551 78 79
2552 0 78
2553 0 4
2554 79 0
2555 0 0
2556 0 79
2557 0 3
2558 0 1
2559 0 4
2560 78 0
2561 0 3
2562 0 0
2563 0 1
2564 0 0
2565 0 78
2566 0 1
2567 0 4
2568 0 79
2569 0 0
2570 79 0
2571 78 0
2572 0 3
2573 0 1
2574 0 78
2575 79 79
2576 79 0
2577 78 79
2578 0 79
2579 0 78
2580 79 79
2581 0 79
2582 0 0
2583 0 2
2584 78 79
2585 79 79
2586 78 79
2587 0 3
2588 0 2
2589 78 0
2590 1 0
2591 79 79
2592 0 78
2593 79 0
2594 78 79
2595 0 1
2596 78 0
2597 0 79
2598 79 79
2599 0 2
2600 78 79
2601 0 0
2602 79 0
2603 78 0
2604 0 78
2605 1 0
2606 79 0
2607 78 0
2608 0 79
2609 0 0
2610 0 78
2611 0 79
2612 0 78
2613 79 0
2614 0 3
2615 0 1
2616 0 0
2617 0 2
2618 0 3
2619 0 1
2620 0 4
2621 0 79
2622 79 79
2623 0 0
2624 0 1
2625 0 0
2626 0 3
2627 78 79
2628 78 0
2629 0 2
2630 1 0
2631 0 0
2632 1 0
2633 0 1
2634 79 0
2635 2 0
2636 0 0
2637 78 0
2638 0 1
2639 79 0
2640 0 0
2641 3 0
2642 2 0
2643 3 0
2644 0 1
2645 78 0
2646 0 78
2647 2 0
2648 79 79
2649 1 0
2650 79 0
2651 0 2
2652 0 0
2653 0 3
2654 0 79
2655 78 79
2656 0 1
2657 0 78
2658 78 0
2659 79 79
2660 0 79
2661 0 0
2662 0 1
2663 79 0
2664 78 79
2665 78 0
2666 79 0
2667 79 79
2668 78 79
2669 79 79
2670 78 0
2671 78 79
2672 0 78
2673 0 4
2674 79 79
2675 79 0
2676 0 0
2677 0 79
2678 78 79
2679 0 78
2680 0 79
2681 0 1
2682 0 3
2683 79 79
2684 0 78
2685 0 4
2686 78 0
2687 79 0
2688 0 0
2689 78 79
2690 79 79
2691 78 0
2692 78 79
2693 79 79
2694 0 1
2695 0 79
2696 0 3
2697 0 78
2698 78 79
2699 0 0
2700 79 0
2701 79 79
2702 0 79
2703 78 0
2704 0 78
2705 0 1
2706 0 0
2707 0 2
2708 78 79
2709 79 79
2710 79 0
2711 1 0
2712 0 0
2713 78 79
2714 79 79
2715 0 3
2716 0 2
2717 78 0
2718 1 0
2719 79 0
2720 78 79
2721 0 79
2722 0 1
2723 0 78
2724 0 79
2725 79 79
2726 0 78
2727 2 0
2728 0 0
2729 78 0
2730 3 0
2731 2 0
2732 0 79
2733 0 1
2734 0 0
2735 0 1
2736 1 0
2737 79 0
2738 0 2
2739 78 0
2740 0 78
2741 79 0
2742 0 1
2743 0 79
2744 78 0
2745 0 2
2746 78 79
2747 0 0
2748 79 79
2749 0 3
2750 0 1
2751 0 4
2752 78 79
2753 0 78
2754 0 79
2755 0 78
2756 0 3
2757 0 4
2758 0 3
2759 0 0
2760 0 1
2761 79 0
2762 0 79
2763 0 0
2764 0 78
2765 78 0
2766 0 1
2767 0 4
2768 0 3
2769 79 79
2770 79 0
2771 0 4
2772 0 3
2773 78 0
2774 79 0
2775 0 79
2776 78 79
2777 78 0
2778 0 4
2779 79 0
2780 79 79
2781 0 0
2782 78 79
2783 0 3
2784 78 0
2785 79 79
2786 0 1
2787 0 78
2788 79 0
2789 0 79
2790 0 4
2791 78 79
2792 0 3
2793 0 0
2794 79 79
2795 0 78
2796 0 2
2797 1 0
2798 78 79
2799 79 79
2800 78 0
2801 78 79
2802 79 0
2803 0 1
2804 79 79
2805 78 79
2806 2 0
2807 79 79
2808 0 0
2809 0 79
2810 78 0
2811 0 78
2812 79 0
2813 0 79
2814 0 1
2815 0 78
2816 0 79
2817 78 79
2818 78 0
2819 0 0
2820 79 79
2821 0 78
2822 79 0
2823 78 0
2824 78 79
2825 3 0
2826 79 0
2827 78 0
2828 79 0
2829 79 79
2830 2 0
2831 78 0
2832 0 79
2833 78 79
2834 79 79
2835 78 79
2836 0 78
2837 3 0
2838 2 0
2839 79 79
2840 78 79
2841 0 1
2842 79 79
2843 0 0
2844 0 79
2845 0 1
2846 79 0
2847 0 0
2848 78 79
2849 79 79
2850 0 78
2851 0 79
2852 3 0
2853 2 0
2854 0 1
2855 1 0
2856 78 0
2857 78 79
2858 0 78
2859 2 0
2860 0 0
2861 0 1
2862 0 0
2863 79 79
2864 0 1
2865 0 79
2866 78 79
2867 1 0
2868 0 2
2869 0 78
2870 0 0
2871 0 3
2872 0 2
2873 79 0
2874 1 0
2875 79 79
2876 0 79
2877 0 78
2878 78 79
2879 0 0
2880 0 3
2881 78 0
2882 0 2
2883 0 3
2884 0 2
2885 0 3
2886 0 79
2887 79 79
2888 79 0
2889 78 79
2890 0 2
2891 0 3
2892 0 78
2893 0 1
2894 0 0
2895 78 0
2896 0 79
2897 0 1
2898 79 0
2899 0 78
2900 78 0
2901 0 0
2902 0 1
2903 0 79
2904 0 78
2905 79 79
2906 79 0
2907 0 0
2908 78 79
2909 78 0
2910 0 2
2911 79 79
2912 0 79
2913 1 0
2914 0 1
2915 0 78
2916 79 0
2917 0 2
2918 78 0
2919 78 79
2920 79 0
2921 79 79
2922 0 1
2923 0 79
2924 2 0
2925 78 79
2926 0 0
2927 79 79
2928 3 0
2929 78 0
2930 0 78
2931 0 1
2932 78 79
2933 79 0
2934 78 0
2935 79 79
2936 0 79
2937 79 0
2938 0 78
2939 2 0
2940 78 0
2941 79 0
2942 0 79
2943 78 0
2944 1 0
2945 0 2
2946 0 0
2947 79 0
2948 0 3
2949 0 78
2950 78 79
2951 0 1
2952 0 4
2953 0 3
2954 0 0
2955 0 1
2956 0 0
2957 0 79
2958 0 2
2959 0 78
2960 0 3
2961 0 79
2962 0 1
2963 78 0
2964 0 78
2965 79 0
2966 0 0
2967 0 2
2968 79 79
2969 1 0
2970 78 79
2971 0 79
2972 0 1
2973 2 0
2974 0 0
2975 79 79
2976 0 78
2977 78 79
2978 79 79
2979 78 0
2980 0 1
2981 79 0
2982 0 79
2983 78 0
2984 0 78
2985 0 79
2986 1 0
2987 2 0
2988 79 0
2989 1 0
2990 0 78
2991 2 0
2992 0 0
2993 78 79
2994 0 79
2995 0 78
2996 0 1
2997 79 79
2998 0 79
2999 1 0
3000 78 0
3001 2 0
3002 0 0
3003 0 78
3004 0 1
3005 79 0
3006 0 79
3007 0 78
3008 0 0
3009 0 1
3010 1 0
3011 2 0
3012 0 0
3013 78 0
3014 0 1
3015 1 0
3016 0 79
3017 0 2
3018 0 1
3019 0 78
3020 0 2
3021 78 79
3022 79 0
3023 79 79
3024 0 1
3025 78 0
3026 0 2
3027 78 79
3028 0 79
3029 79 0
3030 0 0
3031 0 78
3032 0 79
3033 1 0
3034 0 0
3035 78 0
3036 1 0
3037 0 0
3038 79 79
3039 1 0
3040 0 78
3041 79 0
3042 0 1
3043 0 2
3044 78 79
3045 78 0
3046 0 79
3047 0 0
3048 79 0
3049 1 0
3050 0 0
3051 0 3
3052 79 79
3053 78 79
3054 0 2
3055 1 0
3056 78 0
3057 79 0
3058 0 0
3059 79 79
3060 0 3
3061 78 0
3062 0 1
3063 79 0
3064 0 4
3065 0 3
3066 0 0
3067 0 2
3068 0 78
3069 1 0
3070 78 0
3071 79 0
3072 78 0
3073 78 79
3074 0 0
3075 79 79
3076 0 3
3077 78 79
3078 79 0
3079 0 79
3080 0 2
3081 0 78
3082 1 0
3083 79 79
3084 0 79
3085 78 79
3086 0 0
3087 78 0
3088 79 79
3089 79 0
3090 1 0
3091 0 0
3092 0 78
3093 1 0
3094 0 79
3095 0 1
3096 0 2
3097 78 79
3098 0 0
3099 0 78
3100 78 0
3101 79 79
3102 0 3
3103 79 0
3104 0 79
3105 0 78
3106 0 79
3107 78 0
3108 0 1
3109 0 0
3110 0 1
3111 78 79
3112 0 4
3113 79 0
3114 79 79
3115 0 78
3116 0 0
3117 0 79
3118 78 79
3119 79 79
3120 0 1
3121 0 0
3122 78 79
3123 79 79
3124 0 78
3125 78 0
3126 0 3
3127 78 79
3128 0 2
3129 79 0
3130 1 0
3131 0 0
3132 78 0
3133 79 0
3134 0 79
3135 1 0
3136 0 1
3137 79 79
3138 2 0
3139 0 0
3140 78 79
3141 78 0
3142 0 1
3143 0 0
3144 0 1
3145 79 79
3146 0 0
3147 79 0
3148 3 0
3149 78 79
3150 78 0
3151 79 79
3152 0 1
3153 79 0
3154 0 0
3155 0 1
3156 0 0
3157 2 0
3158 78 79
3159 3 0
3160 0 1
3161 0 0
3162 2 0
3163 79 79
3164 78 79
3165 79 79
3166 78 0
3167 79 0
3168 78 0
3169 0 1
3170 1 0
3171 0 78
3172 79 0
3173 0 79
3174 0 78
3175 2 0
3176 0 0
3177 78 0
3178 78 79
3179 79 0
3180 0 1
3181 0 0
3182 0 1
3183 79 79
3184 0 0
3185 0 79
3186 78 79
3187 78 0
3188 0 78
3189 79 79
3190 0 79
3191 3 0
3192 0 78
3193 79 0
3194 0 1
3195 2 0
3196 78 0
3197 0 79
3198 78 79
3199 79 0
3200 79 79
3201 0 0
3202 78 0
3203 3 0
3204 0 1
3205 79 0
3206 2 0
3207 78 79
3208 78 0
3209 0 78
3210 79 0
3211 79 79
3212 0 0
3213 0 79
3214 78 79
3215 78 0
3216 79 79
3217 0 1
3218 0 78
3219 0 0
3220 0 79
3221 3 0
3222 2 0
3223 0 78
3224 78 79
3225 0 79
3226 0 78
3227 0 79
3228 0 1
3229 0 0
3230 0 1
3231 1 0
3232 0 2
3233 0 78
3234 79 79
3235 0 1
3236 78 79
3237 2 0
3238 1 0
3239 0 2
3240 0 79
3241 79 0
3242 0 1
3243 0 2
3244 0 1
3245 79 79
3246 78 79
3247 79 79
3248 78 79
3249 2 0
3250 78 0
3251 79 0
3252 78 0
3253 1 0
3254 0 78
3255 79 0
3256 0 2
3257 0 79
3258 0 78
3259 0 79
3260 0 1
3261 0 78
3262 0 79
3263 79 79
3264 2 0
3265 0 0
3266 3 0
3267 0 1
3268 78 79
3269 0 78
3270 78 0
3271 2 0
3272 0 79
3273 1 0
3274 79 0
3275 79 79
3276 0 78
3277 0 79
3278 78 79
3279 0 2
3280 79 79
3281 0 1
3282 0 2
3283 0 1
3284 78 79
3285 79 79
3286 78 0
3287 2 0
3288 79 0
3289 78 0
3290 1 0
3291 78 79
3292 79 0
3293 2 0
3294 1 0
3295 0 2
3296 0 0
3297 0 3
3298 0 2
3299 78 0
3300 0 78
3301 79 79
3302 0 79
3303 78 79
3304 0 78
3305 0 79
3306 1 0
3307 0 78
3308 0 79
3309 0 78
3310 79 0
3311 78 0
3312 79 0
3313 79 79
3314 0 1
3315 78 79
3316 0 79
3317 0 78
3318 0 79
3319 2 0
3320 0 0
3321 79 79
3322 78 0
3323 0 78
3324 3 0
3325 2 0
3326 79 0
3327 3 0
3328 0 79
3329 2 0
3330 78 79
3331 0 78
3332 3 0
3333 79 79
3334 78 0
3335 79 0
3336 78 0
3337 79 0
3338 78 0
3339 2 0
3340 0 79
3341 0 78
3342 79 0
3343 3 0
3344 78 0
3345 0 79
3346 78 79
3347 79 79
3348 78 79
3349 79 0
3350 79 79
3351 78 79
3352 78 0
3353 2 0
3354 79 0
3355 0 78
3356 0 79
3357 78 0
3358 79 0
3359 0 78
3360 78 0
3361 79 79
3362 79 0
3363 3 0
3364 0 1
3365 0 0
3366 2 0
3367 0 1
3368 0 0
3369 78 0
3370 3 0
3371 79 0
3372 2 0
3373 0 1
3374 0 79
3375 78 79
3376 0 78
3377 79 79
3378 1 0
3379 0 79
3380 2 0
3381 0 78
3382 78 0
3383 0 0
3384 78 79
3385 79 79
3386 79 0
3387 78 79
3388 3 0
3389 2 0
3390 3 0
3391 0 79
3392 79 79
3393 0 1
3394 2 0
3395 0 78
3396 1 0
3397 78 0
3398 79 0
3399 0 2
3400 78 0
3401 0 0
3402 0 3
3403 78 79
3404 79 0
3405 0 79
3406 0 78
3407 0 79
3408 0 78
3409 0 1
3410 0 79
3411 79 79
3412 0 78
3413 0 79
3414 78 79
3415 79 79
3416 0 4
3417 78 0
3418 78 79
3419 79 79
3420 0 0
3421 79 0
3422 78 79
3423 78 0
3424 0 3
3425 0 1
3426 0 4
3427 79 0
3428 79 79
3429 0 3
3430 0 4
3431 78 0
3432 79 0
3433 0 78
3434 0 3
3435 78 0
3436 78 79
3437 79 0
3438 79 79
3439 0 4
3440 78 0
3441 78 79
3442 0 0
3443 0 1
3444 79 0
3445 0 0
3446 0 1
3447 79 79
3448 0 79
3449 0 3
3450 78 0
3451 78 79
3452 0 0
3453 79 0
3454 0 1
3455 0 78
3456 79 79
3457 0 4
3458 78 79
3459 79 79
3460 0 79
3461 0 3
3462 0 4
3463 0 0
3464 0 1
3465 0 78
3466 78 79
3467 0 0
3468 0 79
3469 0 3
3470 0 78
3471 79 79
3472 78 0
3473 0 2
3474 1 0
3475 78 79
3476 79 79
3477 0 79
3478 0 0
3479 78 79
3480 1 0
3481 79 79
3482 79 0
3483 78 79
3484 79 79
3485 0 0
3486 1 0
3487 0 78
3488 78 79
3489 0 1
3490 2 0
3491 1 0
3492 0 2
3493 0 0
3494 78 0
3495 79 79
3496 0 3
3497 79 0
3498 0 2
3499 78 79
3500 0 79
3501 0 3
3502 0 78
3503 0 79
3504 79 79
3505 0 2
3506 0 3
3507 0 78
3508 0 79
3509 78 0
3510 79 0
3511 0 78
3512 78 0
3513 0 2
3514 79 0
3515 78 79
3516 0 3
3517 0 2
3518 79 79
3519 1 0
3520 78 0
3521 0 1
3522 79 0
3523 78 79
3524 79 79
3525 78 79
3526 78 0
3527 2 0
3528 1 0
3529 79 79
3530 0 79
3531 79 0
3532 2 0
3533 0 0
3534 78 79
3535 3 0
3536 0 78
3537 0 79
3538 79 79
3539 78 79
3540 0 78
3541 2 0
3542 0 79
3543 79 79
3544 0 1
3545 0 78
3546 0 0
3547 78 79
3548 78 0
3549 79 79
3550 3 0
3551 79 0
3552 78 0
3553 2 0
3554 0 1
3555 0 79
3556 78 79
3557 0 0
3558 3 0
3559 2 0
3560 3 0
3561 0 78
3562 0 79
3563 79 0
3564 78 0
3565 0 1
3566 0 0
3567 2 0
3568 0 78
3569 0 1
3570 0 0
3571 0 79
3572 3 0
3573 79 0
3574 0 78
3575 78 0
3576 79 79
3577 0 1
3578 79 0
3579 0 79
3580 0 78
3581 0 0
3582 78 79
3583 79 79
3584 0 79
3585 0 78
3586 0 79
3587 78 0
3588 0 1
3589 79 0
3590 0 0
3591 0 1
3592 78 79
3593 79 79
3594 0 78
3595 0 0
3596 0 79
3597 0 1
3598 78 0
3599 79 0
3600 78 79
3601 79 79
3602 0 0
3603 2 0
3604 3 0
3605 78 79
3606 2 0
3607 0 78
3608 0 1
3609 79 79
3610 1 0
3611 0 2
3612 78 79
3613 79 79
3614 78 0
3615 79 0
3616 0 0
3617 78 79
3618 78 0
3619 0 79
3620 0 3
3621 79 79
3622 0 2
3623 1 0
3624 0 0
3625 0 3
3626 0 78
3627 78 79
3628 79 79
3629 0 79
3630 0 78
3631 0 79
3632 78 79
3633 0 1
3634 0 78
3635 79 0
3636 79 79
3637 78 79
3638 78 0
3639 0 79
3640 0 0
3641 79 0
3642 0 2
3643 0 3
3644 78 0
3645 0 78
3646 79 79
3647 0 2
3648 0 3
3649 0 79
3650 0 2
3651 78 79
3652 0 3
3653 0 78
3654 0 2
3655 79 79
3656 0 79
3657 0 78
3658 1 0
3659 0 79
3660 79 0
3661 0 0
3662 0 78
3663 0 79
3664 78 0
3665 1 0
3666 0 78
3667 0 1
3668 0 2
3669 0 79
3670 0 0
3671 1 0
3672 78 79
3673 79 0
3674 78 0
3675 79 0
3676 78 0
3677 0 1
3678 0 78
3679 79 0
3680 79 79
3681 2 0
3682 78 79
3683 1 0
3684 2 0
3685 0 0
3686 0 79
3687 0 1
3688 78 0
3689 0 0
3690 0 1
3691 79 0
3692 78 0
3693 0 78
3694 0 79
3695 79 79
3696 78 79
3697 0 0
3698 3 0
3699 0 78
3700 79 79
3701 0 1
3702 78 79
3703 79 79
3704 78 79
3705 79 0
3706 78 0
3707 79 0
3708 0 79
3709 0 78
3710 2 0
3711 1 0
3712 0 79
3713 0 2
3714 0 0
3715 79 79
3716 0 78
3717 78 79
3718 79 79
3719 0 79
3720 0 78
3721 0 3
3722 78 79
3723 79 79
3724 0 2
3725 78 79
3726 79 79
3727 0 79
3728 0 78
3729 1 0
3730 78 0
3731 0 0
3732 78 79
3733 0 79
3734 79 79
3735 0 3
3736 0 1
3737 78 79
3738 0 0
3739 0 78
3740 0 2
3741 79 0
3742 0 79
3743 1 0
3744 0 78
3745 78 0
3746 79 0
3747 78 0
3748 0 0
3749 0 79
3750 0 78
3751 0 79
3752 0 78
3753 79 0
3754 78 0
3755 0 3
3756 0 2
3757 0 3
3758 79 79
3759 0 79
3760 78 79
3761 0 78
3762 0 79
3763 0 78
3764 0 1
3765 79 0
3766 0 79
3767 0 0
3768 0 1
3769 78 0
3770 0 78
3771 79 0
3772 79 79
3773 78 79
3774 0 0
3775 79 79
3776 78 79
3777 79 79
3778 78 79
3779 0 1
3780 79 79
3781 0 79
3782 0 0
3783 78 79
3784 79 79
3785 78 0
3786 78 79
3787 0 78
3788 79 0
3789 0 1
3790 0 0
3791 79 79
3792 0 79
3793 0 2
3794 0 3
3795 0 78
3796 0 1
3797 0 0
3798 78 0
3799 0 79
3800 0 78
3801 0 79
3802 79 0
3803 0 2
3804 78 79
3805 78 0
3806 79 0
3807 78 0
3808 79 0
3809 0 78
3810 78 0
3811 79 0
3812 79 79
3813 78 0
3814 0 79
3815 0 78
3816 0 79
3817 1 0
3818 79 0
3819 0 1
3820 78 0
3821 2 0
3822 79 0
3823 0 0
3824 3 0
3825 0 1
3826 0 78
3827 2 0
3828 78 79
3829 78 0
3830 1 0
3831 0 2
3832 0 0
3833 0 3
3834 79 79
3835 78 79
3836 0 79
3837 79 0
3838 79 79
3839 0 78
3840 0 79
3841 0 1
3842 78 79
3843 78 0
3844 0 78
3845 0 79
3846 0 4
3847 0 0
3848 79 79
3849 79 0
3850 0 1
3851 0 78
3852 78 0
3853 0 79
3854 0 3
3855 0 4
3856 79 0
3857 78 0
3858 0 3
3859 78 79
3860 79 79
3861 79 0
3862 78 0
3863 79 0
3864 0 4
3865 0 0
3866 78 0
3867 79 0
3868 0 3
3869 0 1
3870 0 0
3871 0 2
3872 78 79
3873 79 79
3874 0 3
3875 0 1
3876 78 79
3877 0 4
3878 78 0
3879 0 3
3880 79 0
3881 0 4
3882 0 0
3883 0 3
3884 78 0
3885 0 78
3886 79 79
3887 78 79
3888 0 2
3889 0 79
3890 79 79
3891 0 3
3892 0 1
3893 0 78
3894 0 0
3895 78 79
3896 79 0
3897 79 79
3898 0 2
3899 78 79
3900 78 0
3901 1 0
3902 0 1
3903 0 79
3904 2 0
3905 79 79
3906 1 0
3907 0 2
3908 78 79
3909 0 1
3910 79 79
3911 78 79
3912 0 2
3913 0 1
3914 0 2
3915 79 79
3916 0 0
3917 0 3
3918 0 78
3919 0 1
3920 78 79
3921 79 79
3922 0 79
3923 79 0
3924 78 79
3925 79 79
3926 0 78
3927 78 79
3928 0 79
3929 0 78
3930 0 79
3931 78 0
3932 79 0
3933 0 0
3934 0 2
3935 0 78
3936 0 3
3937 0 1
3938 78 0
3939 0 0
3940 79 0
3941 78 0
3942 0 2
3943 79 0
3944 78 0
3945 0 3
3946 0 1
3947 79 79
3948 0 0
3949 79 0
3950 0 1
3951 0 4
3952 0 0
3953 0 3
3954 0 79
3955 0 1
3956 0 4
3957 0 3
3958 0 4
3959 0 78
3960 78 0
3961 78 79
3962 79 0
3963 79 79
3964 78 0
3965 0 0
3966 0 79
3967 0 3
3968 79 0
3969 0 1
3970 78 79
3971 0 78
3972 0 0
3973 78 0
3974 0 2
3975 79 79
3976 0 79
3977 0 78
3978 0 79
3979 78 79
3980 79 0
3981 78 0
3982 0 3
3983 79 79
3984 0 2
3985 79 0
3986 0 3
3987 78 0
3988 78 79
3989 79 79
3990 78 79
3991 0 78
3992 0 1
3993 0 4
3994 79 0
3995 79 79
3996 78 0
3997 79 0
3998 78 79
3999 79 79
4000 78 0
4001 0 0
4002 79 0
4003 78 0
4004 79 0
4005 78 0
4006 0 79
4007 0 1
4008 79 0
4009 78 79
4010 79 79
4011 0 3
4012 0 0
4013 0 2
4014 78 0
4015 79 0
4016 78 79
4017 1 0
4018 0 78
4019 79 79
4020 0 79
4021 0 1
4022 78 0
4023 79 0
4024 0 2
4025 0 1
4026 2 0
4027 78 0
4028 0 0
4029 0 1
4030 0 78
4031 0 79
4032 0 0
4033 0 1
4034 1 0
4035 79 0
4036 78 79
4037 2 0
4038 0 0
4039 0 78
4040 79 79
4041 0 1
4042 78 0
4043 79 0
4044 78 79
4045 1 0
4046 79 79
4047 78 0
4048 79 0
4049 0 2
4050 0 1
4051 78 0
4052 2 0
4053 0 79
4054 78 79
4055 1 0
4056 79 0
4057 2 0
4058 0 78
4059 0 79
4060 1 0
4061 0 78
4062 79 79
4063 0 2
4064 0 79
4065 78 79
4066 0 0
4067 79 79
4068 1 0
4069 0 0
4070 78 79
4071 1 0
4072 0 78
4073 0 1
4074 0 79
4075 79 79
4076 78 79
4077 0 2
4078 79 79
4079 0 0
4080 78 0
4081 0 78
4082 78 79
4083 0 79
4084 0 3
4085 0 2
4086 0 78
4087 0 79
4088 0 78
4089 79 0
4090 79 79
4091 78 0
4092 1 0
4093 78 79
4094 79 0
4095 0 0
4096 1 0
4097 0 0
4098 0 79
4099 1 0
4100 0 0
4101 0 3
4102 0 1
4103 0 0
4104 0 1
4105 0 4
4106 0 0
4107 78 0
4108 0 1
4109 0 78
4110 0 0
4111 0 1
4112 0 3
4113 79 79
4114 0 0
4115 79 0
4116 0 2
4117 0 79
4118 78 79
4119 1 0
4120 0 78
4121 0 79
4122 79 79
4123 0 78
4124 78 79
4125 0 79
4126 79 79
4127 78 0
4128 0 78
4129 79 0
4130 78 79
4131 78 0
4132 79 0
4133 0 79
4134 0 78
4135 0 0
4136 0 3
4137 0 2
4138 79 79
4139 1 0
4140 78 79
4141 0 1
4142 0 79
4143 0 2
4144 0 1
4145 78 0
4146 0 78
4147 0 2
4148 0 1
4149 0 79
4150 0 2
4151 0 0
4152 79 0
4153 79 79
4154 0 3
4155 0 2
4156 1 0
4157 78 0
4158 0 1
4159 0 78
4160 78 79
4161 0 79
4162 0 2
4163 0 78
4164 0 79
4165 0 78
4166 0 1
4167 79 0
4168 0 2
4169 0 0
4170 79 79
4171 78 0
4172 79 0
4173 1 0
4174 0 0
4175 0 79
4176 78 79
4177 0 3
4178 0 2
4179 1 0
4180 0 0
4181 0 3
4182 0 2
4183 0 78
4184 0 3
4185 0 1
4186 0 79
4187 0 78
4188 79 79
4189 78 79
4190 0 4
4191 0 0
4192 0 3
4193 0 2
4194 79 79
4195 0 3
4196 0 2
4197 78 0
4198 79 0
4199 1 0
4200 0 0
4201 0 79
4202 78 0
4203 79 0
4204 0 3
4205 0 78
4206 78 0
4207 0 1
4208 0 0
4209 0 2
4210 1 0
4211 79 0
4212 0 1
4213 78 79
4214 79 79
4215 78 79
4216 78 0
4217 79 0
4218 2 0
4219 0 79
4220 79 79
4221 0 0
4222 78 79
4223 79 79
4224 78 79
4225 79 79
4226 0 1
4227 78 0
4228 0 78
4229 0 79
4230 0 0
4231 3 0
4232 0 78
4233 2 0
4234 79 0
4235 3 0
4236 0 1
4237 0 79
4238 0 0
4239 78 79
4240 78 0
4241 2 0
4242 0 78
4243 3 0
4244 0 1
4245 79 0
4246 78 0
4247 2 0
4248 1 0
4249 2 0
4250 0 0
4251 0 1
4252 0 0
4253 79 79
4254 78 79
4255 3 0
4256 79 79
4257 78 79
4258 79 79
4259 79 0
4260 0 1
4261 78 0
4262 78 79
4263 79 79
4264 0 79
4265 0 78
4266 0 0
4267 78 79
4268 2 0
4269 0 79
4270 79 0
4271 0 78
4272 79 79
4273 78 0
4274 0 79
4275 79 0
4276 3 0
4277 2 0
4278 3 0
4279 78 79
4280 0 78
4281 79 79
4282 78 79
4283 2 0
4284 0 1
4285 0 79
4286 0 0
4287 78 0
4288 0 78
4289 0 79
4290 79 0
4291 0 1
4292 0 78
4293 1 0
4294 0 2
4295 0 1
4296 0 79
4297 0 78
4298 0 79
4299 78 0
4300 0 2
4301 0 78
4302 0 79
4303 79 0
4304 0 78
4305 0 1
4306 2 0
4307 79 79
4308 0 0
4309 3 0
4310 0 1
4311 78 0
4312 79 0
4313 2 0
4314 0 0
4315 78 0
4316 78 79
4317 79 79
4318 0 1
4319 0 79
4320 79 0
4321 0 0
4322 78 79
4323 79 79
4324 0 78
4325 0 1
4326 78 79
4327 1 0
4328 0 2
4329 0 1
4330 2 0
4331 79 79
4332 78 0
4333 79 0
4334 78 0
4335 0 79
4336 0 0
4337 3 0
4338 2 0
4339 78 79
4340 79 0
4341 79 79
4342 0 78
4343 0 79
4344 78 0
4345 78 79
4346 79 79
4347 0 1
4348 0 78
4349 78 79
4350 0 79
4351 0 78
4352 0 0
4353 79 79
4354 0 1
4355 78 79
4356 1 0
4357 79 0
4358 0 79
4359 79 79
4360 78 79
4361 78 0
4362 0 78
4363 79 79
4364 78 79
4365 79 0
4366 2 0
4367 1 0
4368 78 0
4369 2 0
4370 1 0
4371 0 79
4372 0 78
4373 2 0
4374 79 0
4375 0 0
4376 0 1
4377 79 79
4378 1 0
4379 0 79
4380 78 79
4381 0 2
4382 0 1
4383 79 79
4384 78 79
4385 0 78
4386 0 79
4387 79 79
4388 0 78
4389 0 2
4390 0 1
4391 78 0
4392 0 2
4393 0 79
4394 0 0
4395 79 0
4396 78 79
4397 79 79
4398 78 0
4399 78 79
4400 79 0
4401 0 3
4402 0 1
4403 0 4
4404 0 3
4405 0 0
4406 0 1
4407 0 4
4408 79 79
4409 0 0
4410 0 1
4411 0 3
4412 78 0
4413 0 4
4414 0 0
4415 78 79
4416 0 3
4417 0 1
4418 79 0
4419 0 78
4420 0 79
4421 0 4
4422 78 0
4423 79 0
4424 78 0
4425 0 78
4426 0 79
4427 79 79
4428 0 78
4429 0 3
4430 0 0
4431 0 79
4432 0 1
4433 79 0
4434 0 4
4435 0 78
4436 0 0
4437 78 0
4438 0 3
4439 0 79
4440 0 1
4441 0 0
4442 79 0
4443 78 79
4444 78 0
4445 79 79
4446 0 78
4447 78 79
4448 0 1
4449 0 4
4450 0 0
4451 0 1
4452 0 3
4453 0 0
4454 0 2
4455 1 0
4456 0 1
4457 0 79
4458 79 0
4459 0 78
4460 0 79
4461 0 2
4462 0 1
4463 78 0
4464 0 2
4465 79 79
4466 0 1
4467 0 2
4468 79 0
4469 0 78
4470 0 1
4471 0 79
4472 78 79
4473 2 0
4474 0 78
4475 79 79
4476 0 79
4477 1 0
4478 78 0
4479 2 0
4480 1 0
4481 78 79
4482 0 78
4483 79 79
4484 2 0
4485 0 79
4486 78 79
4487 79 0
4488 78 0
4489 0 78
4490 1 0
4491 0 2
4492 79 0
4493 0 0
4494 0 79
4495 79 79
4496 1 0
4497 0 0
4498 78 79
4499 0 3
4500 0 78
4501 0 79
4502 0 78
4503 78 0
4504 79 79
4505 0 2
4506 79 0
4507 78 79
4508 79 79
4509 1 0
4510 78 0
4511 79 0
4512 0 79
4513 0 1
4514 0 2
4515 0 78
4516 78 0
4517 0 0
4518 79 0
4519 1 0
4520 78 0
4521 78 79
4522 79 79
4523 79 0
4524 0 79
4525 0 78
4526 78 0
4527 0 0
4528 0 3
4529 78 79
4530 0 2
4531 1 0
4532 79 79
4533 0 0
4534 1 0
4535 0 0
4536 79 0
4537 0 79
4538 1 0
4539 0 0
4540 0 3
4541 0 78
4542 0 79
4543 0 2
4544 0 78
4545 78 0
4546 79 0
4547 78 79
4548 0 79
4549 0 78
4550 79 79
4551 78 0
4552 78 79
4553 79 79
4554 78 79
4555 79 79
4556 1 0
4557 0 79
4558 0 78
4559 78 79
4560 79 0
4561 78 0
4562 0 79
4563 0 78
4564 0 0
4565 79 79
4566 0 79
4567 1 0
4568 0 78
4569 78 79
4570 0 0
4571 0 3
4572 0 2
4573 1 0
4574 79 0
4575 0 79
4576 78 0
4577 0 0
4578 0 78
4579 79 0
4580 0 3
4581 0 1
4582 0 0
4583 0 79
4584 0 2
4585 0 3
4586 0 1
4587 0 4
4588 78 0
4589 0 3
4590 0 0
4591 0 2
4592 79 0
4593 78 0
4594 0 78
4595 0 79
4596 0 78
4597 79 0
4598 0 79
4599 78 0
4600 0 78
4601 1 0
4602 79 0
4603 0 0
4604 78 0
4605 0 79
4606 79 79
4607 78 79
4608 1 0
4609 0 0
4610 1 0
4611 0 78
4612 0 1
4613 0 79
4614 2 0
4615 0 0
4616 79 0
4617 0 1
4618 78 0
4619 79 0
4620 0 78
4621 1 0
4622 0 79
4623 0 2
4624 79 79
4625 0 78
4626 0 79
4627 78 79
4628 0 78
4629 0 1
4630 2 0
4631 1 0
4632 0 2
4633 0 0
4634 79 79
4635 78 79
4636 1 0
4637 0 1
4638 0 2
4639 0 79
4640 0 0
4641 79 79
4642 1 0
4643 0 0
4644 0 78
4645 0 79
4646 1 0
4647 0 1
4648 0 78
4649 78 79
4650 0 2
4651 79 79
4652 0 79
4653 78 0
4654 79 0
4655 78 79
4656 0 78
4657 0 0
4658 0 3
4659 79 79
4660 78 0
4661 0 2
4662 1 0
4663 0 0
4664 1 0
4665 0 1
4666 0 79
4667 0 2
4668 0 78
4669 78 79
4670 0 0
4671 1 0
4672 0 79
4673 79 79
4674 78 79
4675 79 79
4676 0 0
4677 79 0
4678 0 78
4679 0 3
4680 78 0
4681 0 79
4682 78 79
4683 0 1
4684 79 0
4685 79 79
4686 0 0
4687 78 0
4688 0 78
4689 0 2
4690 78 79
4691 79 79
4692 1 0
4693 78 79
4694 0 0
4695 1 0
4696 79 79
4697 0 79
4698 0 1
4699 0 2
4700 0 78
4701 0 1
4702 0 79
4703 0 2
4704 0 1
4705 2 0
4706 0 0
4707 0 78
4708 0 79
4709 79 0
4710 0 1
4711 0 0
4712 78 79
4713 78 0
4714 79 79
4715 78 79
4716 0 1
4717 0 0
4718 79 0
4719 0 78
4720 0 79
4721 0 78
4722 79 79
4723 0 1
4724 78 0
4725 0 0
4726 79 0
4727 3 0
4728 0 79
4729 0 78
4730 78 0
4731 0 79
4732 79 0
4733 78 0
4734 79 0
4735 2 0
4736 0 1
4737 0 0
4738 0 1
4739 0 78
4740 1 0
4741 78 79
4742 78 0
4743 2 0
4744 79 79
4745 78 79
4746 1 0
4747 79 79
4748 78 79
4749 0 79
4750 0 2
4751 0 78
4752 0 1
4753 79 0
4754 79 79
4755 0 2
4756 78 79
4757 79 79
4758 78 0
4759 0 79
4760 79 0
4761 0 78
4762 0 0
4763 1 0
4764 0 0
4765 0 3
4766 0 1
4767 78 0
4768 0 0
4769 78 79
4770 79 0
4771 0 2
4772 78 0
4773 79 0
4774 78 0
4775 79 0
4776 78 0
4777 0 3
4778 0 2
4779 79 0
4780 78 0
4781 1 0
4782 0 79
4783 79 79
4784 0 0
4785 1 0
4786 78 79
4787 0 78
4788 0 0
4789 79 0
4790 78 0
4791 0 79
4792 0 78
4793 0 79
4794 79 0
4795 0 3
4796 0 2
4797 0 78
4798 0 3
4799 78 0
4800 0 2
4801 79 0
4802 1 0
4803 78 0
4804 0 1
4805 0 79
4806 2 0
4807 79 0
4808 79 79
4809 0 78
4810 0 79
4811 0 0
4812 78 79
4813 0 78
4814 79 79
4815 78 0
4816 79 0
4817 0 79
4818 0 1
4819 1 0
4820 0 78
4821 78 0
4822 2 0
4823 1 0
4824 0 2
4825 78 79
4826 79 79
4827 79 0
4828 0 1
4829 0 2
4830 0 0
4831 0 3
4832 78 0
4833 0 79
4834 79 0
4835 0 1
4836 0 0
4837 0 78
4838 0 1
4839 78 79
4840 0 4
4841 78 0
4842 0 3
4843 0 0
4844 79 79
4845 79 0
4846 0 1
4847 0 79
4848 0 0
4849 0 1
4850 0 0
4851 0 2
4852 1 0
4853 0 0
4854 78 79
4855 78 0
4856 0 3
4857 79 79
4858 79 0
4859 78 79
4860 78 0
4861 79 0
4862 0 2
4863 0 78
4864 78 0
4865 79 79
4866 78 79
4867 79 0
4868 0 3
4869 79 79
4870 78 79
4871 0 2
4872 1 0
4873 0 79
4874 78 0
4875 0 1
4876 79 79
4877 0 2
4878 79 0
4879 78 79
4880 78 0
4881 79 0
4882 78 0
4883 79 79
4884 78 79
4885 0 0
4886 0 78
4887 79 79
4888 0 79
4889 79 0
4890 1 0
4891 0 1
4892 0 78
4893 0 79
4894 78 79
4895 0 2
4896 78 0
4897 79 0
4898 78 0
4899 0 78
4900 79 79
4901 0 0
4902 79 0
4903 78 0
4904 0 79
4905 1 0
4906 0 1
4907 0 78
4908 79 0
4909 78 0
4910 79 0
4911 0 2
4912 0 79
4913 78 79
4914 78 0
4915 0 0
4916 79 79
4917 79 0
4918 78 0
4919 1 0
4920 79 0
4921 78 0
4922 0 1
4923 0 2
4924 0 78
4925 0 0
4926 78 79
4927 79 0
4928 79 79
4929 0 3
4930 78 79
4931 78 0
4932 79 79
4933 0 79
4934 0 78
4935 79 0
4936 0 79
4937 78 0
4938 0 1
4939 0 78
4940 0 4
4941 0 0
4942 0 3
4943 0 1
4944 0 0
4945 79 0
4946 0 1
4947 78 0
4948 0 79
4949 0 0
4950 0 78
4951 0 79
4952 78 79
4953 0 1
4954 0 78
4955 79 79
4956 79 0
4957 0 79
4958 78 79
4959 79 79
4960 78 0
4961 0 0
4962 79 0
4963 78 0
4964 78 79
4965 79 0
4966 0 2
4967 0 3
4968 0 2
4969 0 3
4970 79 79
4971 0 78
4972 78 0
4973 0 79
4974 0 1
4975 78 79
4976 0 0
4977 0 78
4978 0 79
4979 79 0
4980 79 79
4981 78 0
4982 0 1
4983 0 4
4984 0 0
4985 0 3
4986 79 0
4987 78 79
4988 78 0
4989 0 78
4990 0 2
4991 1 0
4992 0 79
4993 0 1
4994 79 0
4995 78 0
4996 0 2
4997 0 0
4998 0 78
4999 79 79
5000 0 3
5001 0 79
5002 0 1
5003 78 79
5004 0 78
5005 79 0
5006 0 0
5007 0 2
5008 0 3
5009 0 79
5010 78 0
5011 0 2
5012 0 78
5013 79 0
5014 0 79
5015 0 3
5016 79 79
5017 78 79
5018 0 78
5019 79 79
5020 0 2
5021 78 0
5022 79 0
5023 78 79
5024 1 0
5025 78 0
5026 0 1
5027 0 79
5028 0 78
5029 2 0
5030 0 0
5031 3 0
5032 2 0
5033 0 1
5034 1 0
5035 2 0
5036 79 0
5037 79 79
5038 1 0
5039 0 79
5040 2 0
5041 78 0
5042 79 0
5043 0 78
5044 1 0
5045 2 0
5046 0 0
5047 0 79
5048 0 78
5049 78 79
5050 3 0
5051 0 79
5052 0 78
5053 2 0
5054 3 0
5055 79 79
5056 2 0
5057 78 79
5058 0 1
5059 0 79
5060 0 0
5061 78 0
5062 0 1
5063 0 78
5064 79 79
5065 0 79
5066 1 0
5067 78 79
5068 0 2
5069 79 79
5070 0 0
5071 0 3
5072 0 1
5073 0 4
5074 78 79
5075 0 78
5076 0 3
5077 0 0
5078 79 79
5079 78 79
5080 0 2
5081 0 3
5082 0 79
5083 79 79
5084 0 78
5085 78 79
5086 79 0
5087 79 79
5088 78 0
5089 78 79
5090 0 2
5091 79 0
5092 79 79
5093 78 0
5094 0 79
5095 78 79
5096 1 0
5097 79 79
5098 0 78
5099 0 79
5100 0 1
5101 0 2
5102 0 0
5103 0 78
5104 1 0
5105 0 1
5106 0 79
5107 78 79
5108 79 79
5109 78 79
5110 2 0
5111 79 79
5112 0 0
5113 0 78
5114 0 1
5115 1 0
5116 78 79
5117 0 79
5118 79 0
5119 0 78
5120 0 2
5121 0 1
5122 78 0
5123 0 2
5124 79 0
5125 78 0
5126 79 79
5127 79 0
5128 0 0
5129 78 0
5130 0 79
5131 0 78
5132 1 0
5133 78 79
5134 0 0
5135 79 0
5136 0 79
5137 1 0
5138 79 79
5139 0 1
5140 78 0
5141 2 0
5142 78 79
5143 0 78
5144 1 0
5145 79 79
5146 2 0
5147 0 79
5148 0 0
5149 78 79
5150 0 1
5151 79 79
5152 78 79
5153 1 0
5154 0 2
5155 79 79
5156 0 0
5157 0 78
5158 79 0
5159 1 0
5160 78 79
5161 0 79
5162 79 79
5163 78 79
5164 0 1
5165 0 2
5166 0 78
5167 0 79
5168 0 0
5169 78 0
5170 79 0
5171 0 3
5172 78 0
5173 0 1
5174 79 79
5175 0 78
5176 0 0
5177 0 2
5178 79 0
5179 78 79
5180 78 0
5181 79 79
5182 0 3
5183 0 2
5184 79 0
5185 78 0
5186 0 79
5187 79 0
5188 0 3
5189 0 2
5190 0 3
5191 0 2
5192 1 0
5193 0 1
5194 78 79
5195 0 2
5196 78 0
5197 79 79
5198 78 79
5199 79 79
5200 78 79
5201 79 79
5202 0 1
5203 78 79
5204 79 0
5205 0 2
5206 79 79
5207 78 79
5208 0 0
5209 0 78
5210 78 0
5211 0 3
5212 0 1
5213 0 79
5214 0 4
5215 79 79
5216 0 3
5217 0 0
5218 78 79
5219 0 2
5220 79 79
5221 1 0
5222 0 78
5223 0 79
5224 0 1
5225 0 78
5226 78 79
5227 2 0
5228 79 79
5229 1 0
5230 2 0
5231 0 79
5232 79 0
5233 0 78
5234 78 0
5235 78 79
5236 0 0
5237 79 79
5238 0 79
5239 0 1
5240 79 0
5241 0 0
5242 3 0
5243 78 79
5244 78 0
5245 0 1
5246 0 78
5247 79 79
5248 0 0
5249 78 79
5250 79 79
5251 79 0
5252 0 79
5253 0 78
5254 78 0
5255 0 1
5256 79 0
5257 2 0
5258 78 79
5259 0 79
5260 1 0
5261 0 78
5262 0 2
5263 0 79
5264 0 1
5265 79 79
5266 78 79
5267 2 0
5268 1 0
5269 0 2
5270 79 79
5271 78 0
5272 79 0
5273 78 79
5274 78 0
5275 0 1
5276 0 2
5277 0 1
5278 0 2
5279 0 78
5280 0 79
5281 79 0
5282 0 0
5283 0 3
5284 0 2
5285 0 78
5286 78 0
5287 79 79
5288 78 79
5289 79 79
5290 1 0
5291 0 79
5292 0 0
5293 1 0
5294 0 78
5295 0 0
5296 1 0
5297 0 0
5298 78 79
5299 0 79
5300 79 79
5301 78 79
5302 1 0
5303 0 78
5304 79 0
5305 0 79
5306 0 0
5307 0 3
5308 0 1
5309 78 0
5310 79 79
5311 0 78
5312 0 0
5313 79 0
5314 0 2
5315 78 0
5316 1 0
5317 0 0
5318 78 79
5319 0 79
5320 79 0
5321 79 79
5322 1 0
5323 78 0
5324 0 78
5325 0 79
5326 78 79
5327 0 78
5328 0 0
5329 79 0
5330 0 79
5331 0 3
5332 0 78
5333 79 79
5334 78 0
5335 0 2
5336 78 79
5337 0 3
5338 79 0
5339 79 79
5340 0 79
5341 0 2
5342 78 79
5343 0 3
5344 0 78
5345 78 0
5346 0 79
5347 0 78
5348 79 0
5349 0 2
5350 0 3
5351 78 0
5352 79 79
5353 78 79
5354 0 1
5355 0 4
5356 0 79
5357 0 78
5358 0 0
5359 79 0
5360 79 79
5361 0 79
5362 78 79
5363 0 1
5364 0 78
5365 0 3
5366 78 0
5367 79 79
5368 78 79
5369 0 0
5370 0 1
5371 79 79
5372 0 4
5373 0 0
5374 78 79
5375 79 79
5376 0 79
5377 78 79
5378 0 78
5379 79 79
5380 0 1
5381 0 0
5382 79 0
5383 0 79
5384 78 79
5385 78 0
5386 79 79
5387 79 0
5388 78 79
5389 78 0
5390 0 78
5391 79 79
5392 0 79
5393 0 78
5394 78 79
5395 0 3
5396 79 0
5397 78 0
5398 79 0
5399 79 79
5400 0 1
5401 0 4
5402 0 3
5403 78 0
5404 79 0
5405 78 79
5406 0 79
5407 0 4
5408 79 79
5409 0 0
5410 78 0
5411 0 1
5412 79 0
5413 0 78
5414 0 0
5415 0 79
5416 0 3
5417 0 78
5418 78 79
5419 0 1
5420 0 0
5421 78 0
5422 79 0
5423 0 2
5424 0 3
5425 0 1
5426 0 4
5427 0 3
5428 0 0
5429 0 79
5430 0 2
5431 1 0
5432 0 78
5433 0 1
5434 78 0
5435 79 79
5436 78 79
5437 0 2
5438 79 79
5439 0 0
5440 0 79
5441 78 79
5442 79 79
5443 1 0
5444 0 78
5445 0 79
5446 0 0
5447 79 0
5448 1 0
5449 78 0
5450 79 0
5451 78 79
5452 79 79
5453 0 78
5454 0 0
5455 0 79
5456 78 79
5457 78 0
5458 79 79
5459 78 79
5460 0 78
5461 1 0
5462 0 0
5463 0 79
5464 79 0
5465 78 0
5466 0 78
5467 0 79
5468 79 0
5469 78 0
5470 1 0
5471 79 79
5472 78 79
5473 0 1
5474 0 78
5475 0 79
5476 2 0
5477 0 0
5478 79 0
5479 0 1
5480 1 0
5481 78 0
5482 79 79
5483 2 0
5484 0 78
5485 0 0
5486 79 0
5487 0 79
5488 0 78
5489 78 0
5490 0 79
5491 78 79
5492 0 1
5493 79 79
5494 78 79
5495 79 79
5496 1 0
5497 2 0
5498 0 0
5499 78 79
5500 3 0
5501 2 0
5502 3 0
5503 0 78
5504 79 0
5505 0 79
5506 79 79
5507 78 0
5508 79 0
5509 2 0
5510 0 78
5511 0 1
5512 78 79
5513 78 0
5514 0 79
5515 79 0
5516 78 0
5517 0 78
5518 1 0
5519 0 2
5520 0 79
5521 0 78
5522 79 79
5523 79 0
5524 0 1
5525 78 79
5526 0 2
5527 78 0
5528 0 79
5529 0 0
5530 0 3
5531 79 79
5532 0 1
5533 0 4
5534 0 3
5535 0 78
5536 0 0
5537 0 2
5538 79 0
5539 78 0
5540 79 0
5541 0 3
5542 0 1
5543 78 0
5544 78 79
5545 0 79
5546 79 79
5547 0 78
5548 79 0
5549 78 0
5550 0 79
5551 0 0
5552 0 2
5553 78 79
5554 79 79
5555 79 0
5556 0 3
5557 0 2
5558 0 78
5559 0 3
5560 78 79
5561 0 2
5562 79 79
5563 78 0
5564 0 79
5565 78 79
5566 79 79
5567 0 78
5568 78 79
5569 0 79
5570 79 0
5571 0 78
5572 78 0
5573 79 0
5574 78 0
5575 1 0
5576 0 79
5577 79 0
5578 0 0
5579 79 79
5580 0 3
5581 0 78
5582 78 79
5583 0 1
5584 78 0
5585 0 0
5586 0 2
5587 1 0
5588 79 0
5589 0 1
5590 2 0
5591 0 0
5592 0 79
5593 3 0
5594 0 78
5595 78 0
5596 79 0
5597 78 0
5598 79 0
5599 2 0
5600 0 1
5601 79 79
5602 78 79
5603 78 0
5604 79 79
5605 78 79
5606 79 79
5607 0 0
5608 0 1
5609 0 0
5610 0 1
5611 1 0
5612 0 79
5613 78 79
5614 0 2
5615 79 79
5616 0 1
5617 0 2
5618 0 0
5619 79 0
5620 1 0
5621 0 78
5622 0 1
5623 0 79
5624 2 0
5625 0 0
5626 78 0
5627 0 1
5628 0 78
5629 78 79
5630 0 79
5631 1 0
5632 0 78
5633 0 2
5634 79 0
5635 78 0
5636 0 79
5637 79 79
5638 78 79
5639 79 0
5640 0 78
5641 0 79
5642 0 0
5643 0 3
5644 79 79
5645 0 78
5646 78 0
5647 0 79
5648 78 79
5649 79 79
5650 79 0
5651 0 2
5652 1 0
5653 0 1
5654 78 0
5655 0 78
5656 79 0
5657 2 0
5658 78 0
5659 0 0
5660 78 79
5661 3 0
5662 0 79
5663 2 0
5664 0 1
5665 79 0
5666 1 0
5667 79 79
5668 0 2
5669 0 1
5670 2 0
5671 1 0
5672 0 78
5673 2 0
5674 78 0
5675 0 0
5676 79 0
5677 78 79
5678 0 79
5679 78 0
5680 79 0
5681 3 0
5682 0 1
5683 0 0
5684 78 0
5685 79 0
5686 0 78
5687 78 0
5688 0 79
5689 0 1
5690 0 78
5691 0 0
5692 79 79
5693 78 79
5694 0 1
5695 0 79
5696 79 0
5697 2 0
5698 0 0
5699 79 79
5700 0 78
5701 0 1
5702 78 0
5703 0 0
5704 0 79
5705 78 79
5706 0 1
5707 1 0
5708 79 0
5709 0 78
5710 0 79
5711 2 0
5712 0 0
5713 79 79
5714 0 1
5715 0 78
5716 78 79
5717 0 79
5718 0 78
5719 0 79
5720 0 78
5721 79 79
5722 78 0
5723 1 0
5724 0 79
5725 2 0
5726 78 79
5727 1 0
5728 0 2
5729 0 78
5730 0 1
5731 0 79
5732 0 2
5733 0 1
5734 79 79
5735 78 79
5736 2 0
5737 0 0
5738 0 78
5739 0 1
5740 0 79
5741 0 0
5742 3 0
5743 79 79
5744 0 1
5745 2 0
5746 1 0
5747 0 78
5748 79 0
5749 78 79
5750 78 0
5751 79 79
5752 0 2
5753 79 0
5754 78 0
5755 0 1
5756 0 2
5757 0 0
5758 78 79
5759 79 0
5760 0 3
5761 0 1
5762 79 79
5763 78 79
5764 0 79
5765 0 78
5766 0 0
5767 79 79
5768 78 79
5769 0 1
5770 0 4
5771 0 79
5772 79 79
5773 78 0
5774 78 79
5775 0 0
5776 79 0
5777 0 1
5778 0 78
5779 78 0
5780 79 0
5781 0 0
5782 0 79
5783 0 3
5784 0 1
5785 0 4
5786 79 79
5787 0 0
5788 0 78
5789 0 79
5790 78 0
5791 0 1
5792 0 78
5793 0 79
5794 0 0
5795 0 1
5796 78 79
5797 79 0
5798 0 3
5799 0 78
5800 0 4
5801 0 0
5802 79 79
5803 78 79
5804 0 79
5805 78 0
5806 0 78
5807 0 79
5808 0 1
5809 79 0
5810 0 0
5811 0 78
5812 0 1
5813 78 0
5814 79 0
5815 0 3
5816 0 79
5817 0 78
5818 79 79
5819 0 79
5820 0 78
5821 0 0
5822 78 79
5823 0 2
5824 78 0
5825 1 0
5826 0 0
5827 0 3
5828 0 1
5829 0 4
5830 0 0
5831 0 1
5832 79 79
5833 0 0
5834 79 0
5835 0 79
5836 78 79
5837 0 3
5838 0 2
5839 0 78
5840 1 0
5841 0 1
5842 79 79
5843 2 0
5844 78 0
5845 79 0
5846 78 79
5847 79 79
5848 1 0
5849 78 79
5850 0 2
5851 0 0
5852 0 79
5853 78 0
5854 0 3
5855 79 0
5856 79 79
5857 0 78
5858 78 0
5859 0 79
5860 79 0
5861 0 2
5862 78 79
5863 78 0
5864 0 78
5865 79 0
5866 0 79
5867 78 0
5868 0 3
5869 79 79
5870 0 2
5871 79 0
5872 78 0
5873 78 79
5874 79 0
5875 79 79
5876 1 0
5877 0 0
5878 78 79
5879 1 0
5880 0 1
5881 78 0
5882 0 78
5883 0 2
5884 79 0
5885 0 79
5886 0 0
5887 0 78
5888 0 79
5889 78 0
5890 1 0
5891 79 79
5892 0 78
5893 78 79
5894 79 79
5895 79 0
5896 0 1
5897 0 2
5898 78 79
5899 79 79
5900 0 79
5901 0 78
5902 0 79
5903 78 0
5904 0 1
5905 0 2
5906 78 79
5907 79 0
5908 0 0
5909 1 0
5910 0 78
5911 0 79
5912 0 0
5913 78 0
5914 79 79
5915 79 0
5916 1 0
5917 0 0
5918 78 0
5919 1 0
5920 0 78
5921 79 0
5922 78 0
5923 0 0
5924 1 0
5925 0 79
5926 79 0
5927 78 79
5928 0 0
5929 78 0
5930 79 0
5931 0 78
5932 78 0
5933 1 0
5934 79 79
5935 0 0
5936 1 0
5937 79 0
5938 0 1
5939 0 79
5940 78 0
5941 78 79
5942 0 2
5943 0 78
5944 0 1
5945 2 0
5946 1 0
5947 79 0
5948 78 0
5949 0 79
5950 79 0
5951 78 0
5952 2 0
5953 0 0
5954 0 1
5955 0 78
5956 0 79
5957 79 0
5958 78 0
5959 0 78
5960 79 79
5961 78 79
5962 79 0
5963 1 0
5964 2 0
5965 0 0
5966 0 79
5967 79 79
5968 78 79
5969 78 0
5970 0 78
5971 0 79
5972 79 79
5973 78 79
5974 79 79
5975 0 1
5976 1 0
5977 2 0
5978 0 78
5979 0 0
5980 0 1
5981 79 0
5982 78 79
5983 0 79
5984 79 79
5985 0 78
5986 1 0
5987 2 0
5988 78 79
5989 79 79
5990 0 0
5991 78 79
5992 0 79
5993 0 1
5994 0 78
5995 0 0
5996 3 0
5997 78 0
5998 79 0
5999 0 1
6000 0 0
6001 2 0
6002 3 0
6003 79 79
6004 78 0
6005 0 1
6006 78 79
6007 79 0
6008 0 79
6009 78 0
6010 0 0
6011 0 1
6012 79 0
6013 78 0
6014 2 0
6015 79 79
6016 0 78
6017 0 0
6018 78 79
6019 79 79
6020 0 79
6021 0 78
6022 0 1
6023 0 0
6024 78 79
6025 3 0
6026 2 0
6027 3 0
6028 79 79
6029 0 79
6030 0 1
6031 2 0
6032 78 79
6033 0 0
6034 3 0
6035 0 78
6036 0 1
6037 79 79
6038 79 0
6039 0 79
6040 78 79
6041 79 79
6042 2 0
6043 1 0
6044 0 2
6045 78 79
6046 0 0
6047 0 78
6048 1 0
6049 0 1
6050 2 0
6051 0 79
6052 78 0
6053 0 0
6054 0 1
6055 79 79
6056 0 78
6057 0 0
6058 0 1
6059 78 79
6060 1 0
6061 0 2
6062 0 0
6063 79 79
6064 79 0
6065 78 79
6066 79 79
6067 78 79
6068 79 79
6069 0 79
6070 0 3
6071 78 0
6072 0 2
6073 0 3
6074 79 0
6075 0 1
6076 78 79
6077 0 0
6078 0 1
6079 0 4
6080 0 3
6081 0 78
6082 0 79
6083 0 78
6084 0 4
6085 0 3
6086 0 79
6087 0 0
6088 79 79
6089 78 79
6090 78 0
6091 79 79
6092 0 2
6093 78 79
6094 79 79
6095 1 0
6096 0 0
6097 79 0
6098 1 0
6099 78 0
6100 0 1
6101 0 78
6102 0 79
6103 0 2
6104 79 0
6105 0 78
6106 0 1
6107 78 79
6108 2 0
6109 78 0
6110 79 79
6111 78 79
6112 1 0
6113 79 0
6114 0 79
6115 2 0
6116 1 0
6117 78 0
6118 79 79
6119 0 78
6120 0 79
6121 2 0
6122 79 0
6123 78 0
6124 78 79
6125 79 79
6126 1 0
6127 0 2
6128 0 78
6129 78 79
6130 79 79
6131 0 1
6132 2 0
6133 78 79
6134 79 0
6135 1 0
6136 0 79
6137 2 0
6138 78 0
6139 79 0
6140 0 78
6141 0 0
6142 0 1
6143 0 79
6144 1 0
6145 0 78
6146 79 79
6147 0 79
6148 0 2
6149 0 0
6150 0 3
6151 0 78
6152 78 79
6153 0 79
6154 0 2
6155 1 0
6156 0 78
6157 0 1
6158 0 79
6159 0 2
6160 0 0
6161 79 79
6162 1 0
6163 78 79
6164 78 0
6165 0 1
6166 2 0
6167 79 79
6168 78 79
6169 0 78
6170 0 0
6171 0 1
6172 79 79
6173 0 0
6174 0 1
6175 79 0
6176 78 0
6177 0 0
6178 0 79
6179 0 78
6180 0 1
6181 79 0
6182 1 0
6183 2 0
6184 0 0
6185 0 79
6186 0 78
6187 3 0
6188 78 0
6189 79 0
6190 2 0
6191 78 0
6192 0 79
6193 0 1
6194 79 0
6195 78 0
6196 0 0
6197 79 0
6198 0 78
6199 0 1
6200 1 0
6201 78 0
6202 78 79
6203 79 0
6204 79 79
6205 2 0
6206 78 79
6207 1 0
6208 0 2
6209 0 79
6210 0 1
6211 0 78
6212 0 79
6213 78 0
6214 2 0
6215 1 0
6216 0 2
6217 0 1
6218 79 0
6219 0 78
6220 0 2
6221 78 0
6222 0 0
6223 1 0
6224 0 79
6225 0 1
6226 0 78
6227 0 79
6228 0 78
6229 79 79
6230 78 79
6231 79 79
6232 0 2
6233 78 79
6234 79 0
6235 0 1
6236 79 79
6237 78 79
6238 0 2
6239 79 79
6240 0 1
6241 0 2
6242 78 0
6243 79 0
6244 78 79
6245 78 0
6246 79 0
6247 0 1
6248 0 2
6249 79 79
6250 0 1
6251 78 79
6252 0 79
6253 78 0
6254 0 2
6255 79 0
6256 0 1
6257 0 78
6258 78 0
6259 0 2
6260 0 0
6261 1 0
6262 0 1
6263 2 0
6264 0 0
6265 3 0
6266 2 0
6267 79 79
6268 79 0
6269 0 79
6270 78 79
6271 0 1
6272 0 78
6273 1 0
6274 2 0
6275 78 0
6276 0 0
6277 79 0
6278 3 0
6279 0 1
6280 0 0
6281 0 79
6282 0 78
6283 78 0
6284 79 0
6285 79 79
6286 0 1
6287 78 0
6288 0 79
6289 2 0
6290 0 0
6291 0 78
6292 0 79
6293 0 78
6294 78 79
6295 0 1
6296 0 79
6297 79 79
6298 79 0
6299 78 0
6300 78 79
6301 79 0
6302 1 0
6303 78 0
6304 0 2
6305 0 1
6306 2 0
6307 0 78
6308 79 79
6309 1 0
6310 0 79
6311 0 2
6312 78 79
6313 79 79
6314 0 0
6315 78 79
6316 0 3
6317 79 79
6318 0 2
6319 0 78
6320 79 0
6321 0 79
6322 0 78
6323 78 0
6324 79 0
6325 0 3
6326 0 79
6327 78 79
6328 0 78
6329 0 2
6330 78 0
6331 79 79
6332 0 79
6333 0 78
6334 78 79
6335 79 0
6336 0 3
6337 78 0
6338 0 79
6339 0 2
6340 79 0
6341 78 0
6342 1 0
6343 0 78
6344 79 79
6345 0 0
6346 0 79
6347 79 0
6348 1 0
6349 0 0
6350 78 0
6351 0 78
6352 0 3
6353 0 1
6354 0 0
6355 78 79
6356 0 79
6357 79 79
6358 0 2
6359 79 0
6360 0 78
6361 0 3
6362 0 2
6363 0 3
6364 0 79
6365 0 2
6366 0 3
6367 78 0
6368 0 78
6369 78 79
6370 0 1
6371 79 0
6372 0 4
6373 78 0
6374 0 0
6375 0 3
6376 0 2
6377 79 79
6378 79 0
6379 0 3
6380 78 79
6381 78 0
6382 0 79
6383 79 0
6384 0 2
6385 78 0
6386 79 0
6387 0 78
6388 0 79
6389 79 79
6390 0 78
6391 0 3
6392 0 1
6393 0 79
6394 0 78
6395 0 4
6396 78 0
6397 0 3
6398 79 0
6399 0 0
6400 0 1
6401 78 79
6402 0 0
6403 79 79
6404 78 0
6405 79 0
6406 78 79
6407 0 79
6408 0 2
6409 79 79
6410 0 3
6411 78 79
6412 79 79
6413 0 2
6414 1 0
6415 78 79
6416 78 0
6417 0 0
6418 0 3
6419 79 0
6420 79 79
6421 78 79
6422 0 78
6423 78 0
6424 0 2
6425 79 0
6426 79 79
6427 0 3
6428 0 2
6429 0 3
6430 78 0
6431 0 2
6432 78 79
6433 79 79
6434 1 0
6435 0 1
6436 2 0
6437 78 79
6438 79 79
6439 0 0
6440 79 0
6441 0 79
6442 3 0
6443 0 1
6444 2 0
6445 0 0
6446 3 0
6447 0 1
6448 78 0
6449 78 79
6450 2 0
6451 1 0
6452 2 0
6453 0 0
6454 79 0
6455 0 1
6456 78 0
6457 79 0
6458 79 79
6459 0 0
6460 78 0
6461 0 1
6462 79 0
6463 0 78
6464 0 79
6465 78 0
6466 78 79
6467 1 0
6468 0 78
6469 0 79
6470 79 79
6471 0 78
6472 78 79
6473 79 0
6474 0 2
6475 0 79
6476 0 78
6477 0 79
6478 78 0
6479 0 1
6480 2 0
6481 79 0
6482 0 78
6483 0 79
6484 79 79
6485 0 78
6486 78 79
6487 1 0
6488 79 79
6489 78 79
6490 0 79
6491 0 2
6492 0 78
6493 0 1
6494 0 79
6495 2 0
6496 0 78
6497 78 0
6498 79 0
6499 0 0
6500 79 79
6501 78 0
6502 0 79
6503 79 0
6504 0 78
6505 0 79
6506 78 79
6507 0 1
6508 0 78
6509 78 0
6510 79 79
6511 78 79
6512 79 0
6513 0 79
6514 0 0
6515 0 78
6516 0 1
6517 79 79
6518 78 0
6519 1 0
6520 2 0
6521 79 0
6522 78 0
6523 0 0
6524 0 1
6525 79 0
6526 0 0
6527 78 79
6528 0 79
6529 0 1
6530 0 78
6531 0 79
6532 78 0
6533 0 78
6534 0 0
6535 79 79
6536 0 1
6537 0 0
6538 78 79
6539 0 79
6540 79 79
6541 78 79
6542 79 0
6543 79 79
6544 0 1
6545 78 0
6546 0 78
6547 78 79
6548 79 0
6549 0 79
6550 0 78
6551 1 0
6552 0 2
6553 78 0
6554 0 79
6555 0 78
6556 79 79
6557 0 0
6558 78 79
6559 0 3
6560 0 1
6561 0 4
6562 79 0
6563 0 3
6564 78 0
6565 0 0
6566 0 2
6567 79 0
6568 0 79
6569 79 79
6570 0 78
6571 78 0
6572 78 79
6573 0 79
6574 0 78
6575 0 3
6576 0 79
6577 79 0
6578 78 0
6579 0 1
6580 79 0
6581 0 4
6582 79 79
6583 0 78
6584 78 0
6585 0 3
6586 0 4
6587 78 79
6588 79 0
6589 0 3
6590 78 0
6591 0 79
6592 79 79
6593 0 4
6594 0 0
6595 79 0
6596 0 78
6597 78 79
6598 0 3
6599 79 79
6600 0 79
6601 0 78
6602 78 79
6603 79 79
6604 0 2
6605 78 0
6606 78 79
6607 1 0
6608 0 79
6609 0 1
6610 2 0
6611 0 0
6612 0 78
6613 79 0
6614 78 0
6615 3 0
6616 79 79
6617 2 0
6618 3 0
6619 2 0
6620 79 0
6621 0 79
6622 0 78
6623 78 79
6624 0 79
6625 79 79
6626 78 0
6627 78 79
6628 0 1
6629 1 0
6630 2 0
6631 0 0
6632 0 78
6633 0 79
6634 0 1
6635 0 78
6636 1 0
6637 79 79
6638 2 0
6639 0 79
6640 1 0
6641 2 0
6642 0 0
6643 0 78
6644 78 79
6645 0 1
6646 0 79
6647 0 78
6648 79 0
6649 1 0
6650 78 0
6651 79 0
6652 78 0
6653 79 79
6654 0 2
6655 0 1
6656 79 0
6657 78 0
6658 0 79
6659 79 0
6660 78 0
6661 79 0
6662 78 79
6663 79 79
6664 0 2
6665 0 78
6666 0 0
6667 78 0
6668 79 0
6669 0 3
6670 0 79
6671 78 0
6672 78 79
6673 0 78
6674 79 0
6675 78 0
6676 79 0
6677 79 79
6678 0 79
6679 78 0
6680 78 79
6681 0 1
6682 79 79
6683 0 78
6684 78 79
6685 79 79
6686 0 0
6687 0 2
6688 0 3
6689 79 0
6690 0 79
6691 0 78
6692 78 79
6693 0 2
6694 79 79
6695 0 79
6696 0 78
6697 1 0
6698 0 79
6699 0 1
6700 78 0
6701 2 0
6702 0 0
6703 0 78
6704 3 0
6705 2 0
6706 79 0
6707 78 0
6708 3 0
6709 78 79
6710 79 0
6711 0 1
6712 79 79
6713 0 79
6714 0 78
6715 2 0
6716 78 0
6717 1 0
6718 79 0
6719 0 79
6720 2 0
6721 1 0
6722 0 2
6723 78 79
6724 0 78
6725 0 79
6726 79 79
6727 0 0
6728 0 78
6729 0 79
6730 78 0
6731 0 3
6732 0 78
6733 0 2
6734 79 0
6735 78 79
6736 78 0
6737 1 0
6738 79 79
6739 0 79
6740 0 1
6741 79 0
6742 0 78
6743 0 79
6744 78 0
6745 0 2
6746 79 0
6747 78 79
6748 0 78
6749 0 1
6750 79 79
6751 78 79
6752 0 79
6753 0 2
6754 79 79
6755 0 1
6756 2 0
6757 0 0
6758 78 0
6759 0 78
6760 3 0
6761 2 0
6762 0 79
6763 78 79
6764 0 78
6765 0 79
6766 0 1
6767 0 0
6768 0 1
6769 0 78
6770 0 79
6771 79 79
6772 79 0
6773 78 79
6774 79 79
6775 0 78
6776 78 0
6777 0 79
6778 0 0
6779 78 79
6780 79 79
6781 3 0
6782 0 78
6783 78 79
6784 0 79
6785 0 1
6786 79 0
6787 78 0
6788 79 79
6789 79 0
6790 78 0
6791 0 78
6792 78 79
6793 2 0
6794 79 0
6795 78 0
6796 79 0
6797 79 79
6798 0 79
6799 78 79
6800 79 79
6801 78 0
6802 79 0
6803 78 79
6804 0 0
6805 78 0
6806 79 79
6807 79 0
6808 3 0
6809 0 78
6810 78 0
6811 2 0
6812 0 1
6813 0 79
6814 78 79
6815 1 0
6816 79 79
6817 78 79
6818 2 0
6819 79 79
6820 1 0
6821 78 79
6822 0 2
6823 0 0
6824 79 0
6825 78 0
6826 1 0
6827 79 0
6828 78 0
6829 0 78
6830 0 1
6831 79 0
6832 78 0
6833 79 0
6834 0 79
6835 79 79
6836 78 0
6837 0 2
6838 79 0
6839 78 79
6840 0 78
6841 0 79
6842 0 78
6843 0 79
6844 0 0
6845 0 78
6846 0 79
6847 79 79
6848 0 78
6849 0 3
6850 0 79
6851 0 1
6852 0 0
6853 0 1
6854 78 79
6855 0 78
6856 79 79
6857 0 79
6858 0 0
6859 78 79
6860 78 0
6861 79 79
6862 78 79
6863 0 2
6864 0 3
6865 79 79
6866 78 79
6867 0 78
6868 0 1
6869 79 0
6870 78 0
6871 0 0
6872 0 2
6873 79 79
6874 78 79
6875 0 3
6876 0 79
6877 0 78
6878 0 1
6879 0 4
6880 0 3
6881 0 0
6882 0 1
6883 79 0
6884 78 0
6885 0 0
6886 79 79
6887 0 1
6888 78 79
6889 0 79
6890 0 4
6891 79 79
6892 0 78
6893 0 79
6894 78 79
6895 79 79
6896 0 0
6897 0 78
6898 78 79
6899 0 3
6900 0 2
6901 79 0
6902 0 79
6903 78 0
6904 1 0
6905 0 0
6906 79 0
6907 1 0
6908 0 0
6909 0 78
6910 0 3
6911 0 1
6912 0 0
6913 79 79
6914 78 79
6915 78 0
6916 0 79
6917 79 0
6918 0 1
6919 0 4
6920 79 79
6921 78 0
6922 0 0
6923 0 1
6924 79 0
6925 78 0
6926 0 0
6927 0 1
6928 78 79
6929 0 3
6930 79 0
6931 78 0
6932 0 4
6933 0 0
6934 0 78
6935 0 1
6936 79 0
6937 78 0
6938 79 0
6939 78 0
6940 0 0
6941 0 1
6942 0 79
6943 0 0
6944 0 3
6945 0 1
6946 0 4
6947 0 0
6948 0 3
6949 79 0
6950 78 0
6951 79 79
6952 0 2
6953 78 79
6954 79 79
6955 0 3
6956 0 1
6957 78 79
6958 79 0
6959 0 0
6960 79 79
6961 78 0
6962 79 0
6963 0 2
6964 1 0
6965 0 78
6966 0 79
6967 0 0
6968 78 79
6969 0 78
6970 0 3
6971 0 79
6972 79 79
6973 0 78
6974 78 79
6975 0 79
6976 0 2
6977 79 79
6978 0 78
6979 0 3
6980 0 79
6981 78 79
6982 0 78
6983 0 2
6984 79 79
6985 0 79
6986 0 3
6987 0 1
6988 0 78
6989 0 79
6990 78 0
6991 78 79
6992 0 78
6993 79 79
6994 0 4
6995 78 79
6996 0 0
6997 0 3
6998 79 79
6999 0 2
7000 79 0
7001 78 79
7002 1 0
7003 0 0
7004 1 0
7005 0 0
7006 1 0
7007 79 79
7008 78 79
7009 79 79
7010 0 0
7011 1 0
7012 78 0
7013 0 79
7014 0 78
7015 79 0
7016 78 0
7017 78 79
7018 0 1
7019 0 79
7020 79 79
7021 0 2
7022 0 1
7023 0 2
7024 78 79
7025 79 0
7026 79 79
7027 0 0
7028 78 79
7029 0 3
7030 0 2
7031 0 78
7032 78 0
7033 0 79
7034 0 3
7035 0 2
7036 79 79
7037 78 79
7038 79 79
7039 0 78
7040 0 79
7041 0 78
7042 0 3
7043 0 1
7044 79 0
7045 0 79
7046 0 78
7047 78 79
7048 79 79
7049 0 4
7050 78 0
7051 0 79
7052 0 3
7053 78 79
7054 0 0
7055 79 79
7056 78 79
7057 79 0
7058 79 79
7059 78 0
7060 0 2
7061 0 3
7062 0 78
7063 0 1
7064 0 0
7065 79 0
7066 78 79
7067 79 79
7068 0 2
7069 0 3
7070 78 0
7071 78 79
7072 79 79
7073 79 0
7074 78 0
7075 78 79
7076 0 79
7077 0 1
7078 0 78
7079 0 4
7080 0 3
7081 79 0
7082 79 79
7083 0 0
7084 0 2
7085 0 3
7086 0 79
7087 78 79
7088 79 79
7089 0 1
7090 78 79
7091 79 79
7092 0 78
7093 0 0
7094 0 2
7095 1 0
7096 0 1
7097 78 79
7098 0 2
7099 78 0
7100 79 0
7101 79 79
7102 0 0
7103 78 79
7104 1 0
7105 79 79
7106 0 0
7107 78 79
7108 78 0
7109 0 79
7110 0 3
7111 0 2
7112 79 79
7113 0 3
7114 78 79
7115 79 79
7116 78 79
7117 0 78
7118 79 0
7119 0 79
7120 79 79
7121 0 1
7122 78 0
7123 78 79
7124 79 79
7125 0 0
7126 0 1
7127 78 79
7128 0 0
7129 79 0
7130 0 2
7131 79 79
7132 0 78
7133 1 0
7134 78 0
7135 0 79
7136 78 79
7137 79 0
7138 0 78
7139 79 79
7140 0 0
7141 78 79
7142 0 3
7143 0 79
7144 78 0
7145 0 2
7146 79 0
7147 78 0
7148 0 78
7149 0 3
7150 0 1
7151 79 79
7152 0 79
7153 0 0
7154 0 2
7155 0 3
7156 78 79
7157 0 1
7158 79 0
7159 0 4
7160 79 79
7161 0 0
7162 78 0
7163 0 1
7164 78 79
7165 0 0
7166 0 78
7167 0 79
7168 79 0
7169 79 79
7170 78 0
7171 0 1
7172 79 0
7173 0 3
7174 0 4
7175 78 79
7176 0 3
7177 0 78
7178 0 79
7179 0 78
7180 78 0
7181 0 0
7182 0 2
7183 79 79
7184 79 0
7185 0 79
7186 78 0
7187 78 79
7188 1 0
7189 0 78
7190 0 79
7191 0 1
7192 79 0
7193 0 78
7194 0 2
7195 78 0
7196 79 79
7197 79 0
7198 0 1
7199 78 0
7200 79 0
7201 0 2
7202 0 1
7203 0 2
7204 0 79
7205 0 1
7206 2 0
7207 1 0
7208 78 0
7209 78 79
7210 79 79
7211 78 79
7212 0 2
7213 0 78
7214 0 0
7215 79 0
7216 79 79
7217 78 0
7218 0 79
7219 79 0
7220 78 0
7221 0 78
7222 79 0
7223 0 79
7224 78 79
7225 1 0
7226 79 79
7227 0 1
7228 2 0
7229 78 0
7230 0 0
7231 0 1
7232 0 78
7233 1 0
7234 78 79
7235 79 0
7236 0 79
7237 0 78
7238 78 0
7239 2 0
7240 79 0
7241 79 79
7242 1 0
7243 0 79
7244 78 0
7245 79 0
7246 0 78
7247 0 79
7248 0 78
7249 2 0
7250 0 79
7251 78 0
7252 79 0
7253 78 0
7254 0 78
7255 78 79
7256 79 0
7257 1 0
7258 2 0
7259 1 0
7260 0 79
7261 78 0
7262 0 78
7263 79 0
7264 2 0
7265 78 0
7266 79 0
7267 78 0
7268 1 0
7269 79 79
7270 78 79
7271 79 0
7272 2 0
7273 79 79
7274 0 79
7275 0 78
7276 0 79
7277 0 0
7278 0 1
7279 1 0
7280 0 2
7281 0 78
7282 78 79
7283 78 0
7284 0 79
7285 79 0
7286 78 0
7287 79 0
7288 78 0
7289 79 0
7290 79 79
7291 78 79
7292 0 1
7293 79 79
7294 78 0
7295 0 2
7296 79 0
7297 0 1
7298 0 2
7299 78 79
7300 79 79
7301 0 78
7302 0 1
7303 0 2
7304 0 79
7305 0 1
7306 0 78
7307 0 2
7308 78 79
7309 0 0
7310 78 0
7311 1 0
7312 0 79
7313 0 1
7314 2 0
7315 0 78
7316 79 79
7317 1 0
7318 0 2
7319 0 79
7320 0 0
7321 1 0
7322 79 0
7323 78 79
7324 0 78
7325 0 1
7326 79 79
7327 78 79
7328 78 0
7329 79 79
7330 0 79
7331 0 78
7332 2 0
7333 79 0
7334 78 0
7335 0 79
7336 0 78
7337 79 0
7338 78 0
7339 0 79
7340 0 0
7341 79 0
7342 78 79
7343 79 79
7344 0 1
7345 78 79
7346 78 0
7347 79 79
7348 78 79
7349 79 0
7350 1 0
7351 79 79
7352 0 2
7353 0 1
7354 78 79
7355 0 78
7356 79 79
7357 78 79
7358 2 0
7359 0 0
7360 0 1
7361 79 79
7362 0 0
7363 0 1
7364 1 0
7365 0 79
7366 0 78
7367 78 79
7368 0 79
7369 2 0
7370 0 0
7371 0 78
7372 3 0
7373 0 79
7374 0 78
7375 0 1
7376 0 0
7377 2 0
7378 3 0
7379 78 0
7380 0 79
7381 79 0
7382 0 1
7383 0 0
7384 79 79
7385 2 0
7386 0 78
7387 0 79
7388 78 0
7389 0 1
7390 78 79
7391 79 0
7392 1 0
7393 79 79
7394 2 0
7395 0 0
7396 0 78
7397 0 1
7398 78 79
7399 1 0
7400 79 79
7401 78 79
7402 0 2
7403 0 0
7404 79 79
7405 78 79
7406 1 0
7407 0 0
7408 0 3
7409 0 79
7410 79 79
7411 0 78
7412 78 0
7413 0 1
7414 78 79
7415 79 79
7416 0 4
7417 0 3
7418 0 4
7419 0 0
7420 78 79
7421 0 1
7422 0 3
7423 0 79
7424 0 4
7425 0 3
7426 0 0
7427 79 0
7428 0 2
7429 0 3
7430 78 0
7431 79 79
7432 79 0
7433 78 79
7434 0 1
7435 0 4
7436 0 78
7437 0 3
7438 79 79
7439 0 79
7440 0 0
7441 0 1
7442 0 4
7443 0 0
7444 78 79
7445 78 0
7446 0 3
7447 79 79
7448 79 0
7449 0 78
7450 0 1
7451 78 0
7452 79 0
7453 0 79
7454 0 4
7455 78 79
7456 0 3
7457 78 0
7458 0 4
7459 79 79
7460 0 0
7461 79 0
7462 0 3
7463 78 0
7464 79 0
7465 0 1
7466 78 79
7467 78 0
7468 0 0
7469 0 2
7470 0 78
7471 79 79
7472 1 0
7473 0 0
7474 79 0
7475 0 3
7476 0 79
7477 78 0
7478 0 1
7479 0 4
7480 0 78
7481 0 3
7482 0 4
7483 78 79
7484 0 3
7485 79 0
7486 0 79
7487 78 0
7488 0 78
7489 79 79
7490 79 0
7491 78 0
7492 0 0
7493 0 79
7494 78 79
7495 0 2
7496 1 0
7497 0 78
7498 0 79
7499 79 79
7500 0 1
7501 79 0
7502 0 78
7503 78 79
7504 79 79
7505 78 79
7506 2 0
7507 79 79
7508 0 79
7509 1 0
7510 2 0
7511 78 79
7512 0 78
7513 79 79
7514 78 0
7515 79 0
7516 78 0
7517 78 79
7518 0 0
7519 0 79
7520 0 1
7521 0 78
7522 79 79
7523 0 0
7524 0 79
7525 0 78
7526 3 0
7527 2 0
7528 0 79
7529 0 78
7530 3 0
7531 2 0
7532 0 1
7533 1 0
7534 2 0
7535 0 79
7536 1 0
7537 79 0
7538 78 79
7539 0 78
7540 79 79
7541 78 0
7542 0 79
7543 2 0
7544 78 79
7545 0 78
7546 0 0
7547 79 79
7548 0 79
7549 79 0
7550 78 0
7551 0 1
7552 0 0
7553 0 1
7554 78 79
7555 79 79
7556 0 78
7557 78 79
7558 0 0
7559 3 0
7560 2 0
7561 79 79
7562 79 0
7563 78 79
7564 0 1
7565 0 79
7566 1 0
7567 0 78
7568 2 0
7569 78 0
7570 0 79
7571 79 0
7572 78 0
7573 1 0
7574 79 0
7575 2 0
7576 78 0
7577 79 0
7578 78 0
7579 0 0
7580 3 0
7581 0 1
7582 0 0
7583 79 79
7584 2 0
7585 78 79
7586 79 79
7587 0 1
7588 0 78
7589 1 0
7590 0 79
7591 0 2
7592 78 79
7593 0 0
7594 0 78
7595 79 79
7596 0 3
7597 78 79
7598 0 79
7599 79 0
7600 78 0
7601 79 79
7602 0 1
7603 0 0
7604 0 78
7605 0 1
7606 0 0
7607 78 79
7608 79 0
7609 0 2
7610 1 0
7611 0 1
7612 78 0
7613 79 0
7614 2 0
7615 79 79
7616 78 0
7617 79 0
7618 0 0
7619 78 79
7620 79 79
7621 78 0
7622 0 1
7623 0 0
7624 3 0
7625 2 0
7626 78 79
7627 0 1
7628 79 79
7629 79 0
7630 0 0
7631 3 0
7632 2 0
7633 3 0
7634 2 0
7635 0 1
7636 78 0
7637 78 79
7638 0 0
7639 0 1
7640 0 79
7641 79 79
7642 0 78
7643 1 0
7644 2 0
7645 0 79
7646 78 79
7647 79 0
7648 78 0
7649 0 0
7650 0 78
7651 0 1
7652 1 0
7653 2 0
7654 1 0
7655 0 79
7656 0 2
7657 0 78
7658 0 1
7659 79 0
7660 0 79
7661 0 2
7662 78 0
7663 79 0
7664 78 0
7665 0 78
7666 79 0
7667 0 1
7668 78 0
7669 79 79
7670 0 79
7671 0 2
7672 79 0
7673 0 1
7674 2 0
7675 1 0
7676 2 0
7677 0 78
7678 78 0
7679 79 0
7680 0 79
7681 0 0
7682 78 79
7683 0 1
7684 78 0
7685 1 0
7686 0 78
7687 79 79
7688 78 79
7689 2 0
7690 79 79
7691 79 0
7692 1 0
7693 0 2
7694 78 0
7695 0 1
7696 78 79
7697 2 0
7698 0 79
7699 79 0
7700 79 79
7701 78 0
7702 78 79
7703 0 78
7704 1 0
7705 2 0
7706 79 0
7707 1 0
7708 0 2
7709 0 0
7710 78 0
7711 79 79
7712 78 79
7713 79 79
7714 0 79
7715 78 79
7716 79 0
7717 0 78
7718 1 0
7719 79 79
7720 0 1
7721 78 79
7722 0 79
7723 0 78
7724 78 0
7725 0 2
7726 79 79
7727 79 0
7728 78 79
7729 0 0
7730 79 79
7731 0 79
7732 0 3
7733 0 1
7734 0 4
7735 0 3
7736 78 0
7737 0 78
7738 0 0
7739 0 1
7740 0 79
7741 79 0
7742 0 0
7743 0 1
7744 0 4
7745 0 3
7746 0 78
7747 0 0
7748 78 0
7749 0 1
7750 0 0
7751 0 1
7752 79 0
7753 0 4
7754 0 3
7755 78 79
7756 0 4
7757 0 0
7758 0 1
7759 0 79
7760 0 0
7761 79 79
7762 0 1
7763 0 78
7764 0 3
7765 0 0
7766 0 79
7767 0 1
7768 78 0
7769 0 4
7770 0 0
7771 79 0
7772 0 3
7773 0 2
7774 1 0
7775 78 79
7776 0 0
7777 1 0
7778 79 79
7779 0 1
7780 0 2
7781 0 78
7782 0 1
7783 78 0
7784 78 79
7785 0 2
7786 79 79
7787 0 0
7788 79 0
7789 78 0
7790 0 3
7791 79 0
7792 78 0
7793 0 79
7794 0 1
7795 0 0
7796 0 2
7797 0 78
7798 0 79
7799 1 0
7800 0 0
7801 78 79
7802 0 78
7803 0 79
7804 0 3
7805 0 2
7806 79 79
7807 78 79
7808 79 79
7809 78 79
7810 0 3
7811 0 2
7812 79 79
7813 78 79
7814 1 0
7815 0 78
7816 79 79
7817 0 1
7818 0 79
7819 78 79
7820 79 0
7821 0 2
7822 0 78
7823 78 0
7824 0 79
7825 79 79
7826 78 79
7827 0 0
7828 0 78
7829 0 3
7830 79 0
7831 78 0
7832 79 0
7833 0 79
7834 0 2
7835 0 3
7836 79 79
7837 0 2
7838 0 78
7839 0 3
7840 0 2
7841 0 79
7842 0 3
7843 78 0
7844 79 0
7845 78 0
7846 0 1
7847 0 78
7848 0 4
7849 0 0
7850 0 3
7851 0 1
7852 79 0
7853 0 4
7854 78 79
7855 79 79
7856 78 79
7857 78 0
7858 0 0
7859 0 1
7860 0 0
7861 0 3
7862 0 2
7863 79 0
7864 78 0
7865 79 0
7866 0 3
7867 79 79
7868 0 1
7869 78 79
7870 0 4
7871 0 3
7872 0 4
7873 0 0
7874 0 79
7875 78 0
7876 79 79
7877 0 1
7878 0 78
7879 0 0
7880 0 3
7881 79 0
7882 78 0
7883 79 0
7884 0 79
7885 0 2
7886 0 78
7887 1 0
7888 0 0
7889 0 79
7890 0 78
7891 0 79
7892 1 0
7893 0 0
7894 78 0
7895 0 3
7896 0 2
7897 78 79
7898 79 0
7899 1 0
7900 79 79
7901 0 0
7902 1 0
7903 0 1
7904 0 78
7905 78 0
7906 2 0
7907 78 79
7908 0 0
7909 3 0
7910 0 79
7911 79 79
7912 0 1
7913 78 79
7914 79 79
7915 2 0
7916 1 0
7917 0 2
7918 0 78
7919 78 79
7920 79 79
7921 78 79
7922 0 0
7923 1 0
7924 79 0
7925 0 0
7926 1 0
7927 79 79
7928 0 79
7929 78 79
7930 0 1
7931 78 0
7932 2 0
7933 0 78
7934 1 0
7935 0 79
7936 79 79
7937 0 78
7938 78 79
7939 79 0
7940 79 79
7941 2 0
7942 78 79
7943 79 79
7944 0 0
7945 78 0
7946 78 79
7947 0 79
7948 79 0
7949 0 1
7950 79 79
7951 0 0
7952 78 79
7953 0 78
7954 3 0
7955 0 79
7956 0 1
7957 2 0
7958 0 78
7959 78 0
7960 0 0
7961 79 79
7962 78 79
7963 79 0
7964 3 0
7965 0 79
7966 2 0
7967 78 0
7968 0 78
7969 3 0
7970 0 1
7971 0 79
7972 79 79
7973 79 0
7974 78 0
7975 79 0
7976 0 0
7977 78 79
7978 78 0
7979 2 0
7980 3 0
7981 2 0
7982 79 79
7983 78 79
7984 79 79
7985 79 0
7986 78 79
7987 0 78
7988 79 79
7989 78 0
7990 78 79
7991 0 79
7992 0 78
7993 79 79
7994 79 0
7995 0 1
7996 78 79
7997 1 0
7998 0 2
7999 78 0
8000 0 79
8001 79 79
8002 0 78
8003 78 79
8004 0 1
8005 79 79
8006 2 0
8007 78 79
8008 79 79
8009 1 0
8010 79 0
8011 0 2
8012 0 0
8013 78 79
8014 79 79
8015 0 3
8016 0 1
8017 0 0
8018 78 79
8019 0 1
8020 78 0
8021 0 0
8022 79 79
8023 0 1
8024 0 0
8025 0 1
8026 0 0
8027 0 79
8028 78 79
8029 79 79
8030 0 1
8031 0 78
8032 78 79
8033 0 4
8034 0 3
8035 0 0
8036 0 2
8037 1 0
8038 79 0
8039 79 79
8040 0 79
8041 78 0
8042 0 78
8043 79 0
8044 0 0
8045 78 0
8046 1 0
8047 0 1
8048 0 2
8049 0 1
8050 0 79
8051 0 78
8052 79 0
8053 2 0
8054 0 79
8055 0 0
8056 0 78
8057 78 0
8058 3 0
8059 78 79
8060 2 0
8061 0 1
8062 0 79
8063 79 79
8064 0 0
8065 0 78
8066 79 0
8067 78 79
8068 0 1
8069 0 79
8070 79 79
8071 78 79
8072 0 0
8073 0 78
8074 0 79
8075 0 1
8076 1 0
8077 0 2
8078 0 1
8079 0 78
8080 2 0
8081 79 79
8082 78 79
8083 1 0
8084 0 2
8085 0 0
8086 1 0
8087 0 1
8088 0 79
8089 78 0
8090 79 79
8091 2 0
8092 0 0
8093 0 1
8094 0 0
8095 78 79
8096 3 0
8097 79 79
8098 0 1
8099 78 79
8100 0 0
8101 0 1
8102 0 78
8103 0 79
8104 79 0
8105 0 78
8106 2 0
8107 79 79
8108 1 0
8109 78 0
8110 78 79
8111 0 2
8112 0 1
8113 2 0
8114 0 79
8115 0 78
8116 79 0
8117 0 0
8118 79 79
8119 3 0
8120 0 1
8121 78 79
8122 78 0
8123 79 79
8124 79 0
8125 78 0
8126 78 79
8127 79 0
8128 79 79
8129 0 79
8130 0 0
8131 0 1
8132 2 0
8133 1 0
8134 2 0
8135 1 0
8136 78 0
8137 79 0
8138 0 78
8139 0 79
8140 2 0
8141 78 79
8142 0 0
8143 0 78
8144 78 0
8145 79 0
8146 79 79
8147 0 1
8148 0 79
8149 0 0
8150 78 79
8151 0 78
8152 0 79
8153 78 0
8154 0 78
8155 3 0
8156 0 1
8157 79 79
8158 0 0
8159 0 79
8160 0 78
8161 78 79
8162 2 0
8163 3 0
8164 79 79
8165 0 79
8166 0 78
8167 78 79
8168 0 79
8169 2 0
8170 79 79
8171 79 0
8172 3 0
8173 78 79
8174 78 0
8175 79 79
8176 2 0
8177 0 1
8178 78 79
8179 0 0
8180 0 1
8181 0 0
8182 3 0
8183 79 0
8184 0 78
8185 0 79
8186 2 0
8187 3 0
8188 79 79
8189 78 79
8190 78 0
8191 79 0
8192 2 0
8193 0 1
8194 0 78
8195 78 0
8196 79 0
8197 79 79
8198 78 0
8199 1 0
8200 0 79
8201 2 0
8202 78 79
8203 0 0
8204 0 1
8205 1 0
8206 79 0
8207 79 79
8208 0 78
8209 78 79
8210 0 2
8211 0 1
8212 0 79
8213 79 79
8214 0 78
8215 78 79
8216 0 2
8217 0 79
8218 0 0
8219 78 0
8220 79 0
8221 78 0
8222 79 0
8223 78 0
8224 0 78
8225 1 0
8226 0 79
8227 79 79
8228 79 0
8229 0 0
8230 0 78
8231 0 3
8232 0 79
8233 78 0
8234 0 78
8235 79 0
8236 78 79
8237 79 79
8238 78 79
8239 78 0
8240 79 79
8241 79 0
8242 78 79
8243 79 79
8244 0 2
8245 0 79
8246 0 78
8247 1 0
8248 78 0
8249 0 79
8250 0 78
8251 0 0
8252 79 0
8253 78 0
8254 0 3
8255 0 1
8256 0 0
8257 0 79
8258 0 1
8259 0 0
8260 79 0
8261 0 78
8262 78 0
8263 78 79
8264 0 2
8265 79 79
8266 0 3
8267 0 79
8268 78 79
8269 0 1
8270 79 0
8271 0 0
8272 0 1
8273 0 78
8274 0 0
8275 79 79
8276 0 1
8277 78 79
8278 78 0
8279 79 0
8280 79 79
8281 0 0
8282 0 2
8283 78 79
8284 0 79
8285 78 0
8286 79 79
8287 0 3
8288 0 2
8289 1 0
8290 79 0
8291 78 0
8292 79 0
8293 0 0
8294 78 79
8295 79 79
8296 0 78
8297 0 3
8298 0 1
8299 78 0
8300 79 0
8301 0 4
8302 0 3
8303 0 0
8304 78 0
8305 79 0
8306 78 0
8307 79 0
8308 0 2
8309 78 0
8310 79 0
8311 0 79
8312 78 79
8313 79 79
8314 78 79
8315 0 78
8316 79 79
8317 0 3
8318 78 0
8319 79 0
8320 0 79
8321 0 78
8322 0 1
8323 0 0
8324 78 0
8325 79 0
8326 0 2
8327 1 0
8328 0 0
8329 1 0
8330 78 79
8331 0 79
8332 79 79
8333 78 0
8334 0 1
8335 2 0
8336 0 78
8337 0 79
8338 78 79
8339 0 78
8340 79 0
8341 1 0
8342 78 0
8343 0 79
8344 79 0
8345 79 79
8346 78 79
8347 79 79
8348 2 0
8349 0 78
8350 78 79
8351 78 0
8352 0 79
8353 79 79
8354 79 0
8355 1 0
8356 0 2
8357 0 78
8358 0 79
8359 0 0
8360 78 79
8361 0 3
8362 79 79
8363 78 79
8364 78 0
8365 79 0
8366 79 79
8367 78 79
8368 0 2
8369 1 0
8370 79 79
8371 0 1
8372 78 0
8373 0 2
8374 0 78
8375 78 79
8376 79 0
8377 78 0
8378 0 1
8379 0 79
8380 2 0
8381 1 0
8382 2 0
8383 79 79
8384 0 78
8385 0 0
8386 0 1
8387 1 0
8388 2 0
8389 1 0
8390 0 2
8391 0 0
8392 79 0
8393 0 3
8394 0 1
8395 0 4
8396 78 0
8397 0 0
8398 78 79
8399 79 79
8400 0 1
8401 0 3
8402 78 79
8403 0 79
8404 79 79
8405 0 0
8406 78 79
8407 79 0
8408 78 0
8409 0 1
8410 0 0
8411 0 78
8412 0 79
8413 0 1
8414 79 0
8415 0 4
8416 79 79
8417 78 0
8418 0 3
8419 0 78
8420 0 79
8421 78 79
8422 0 0
8423 0 1
8424 0 4
8425 0 3
8426 0 78
8427 0 0
8428 79 79
8429 79 0
8430 0 1
8431 0 0
8432 0 1
8433 0 79
8434 78 79
8435 0 78
8436 0 0
8437 0 79
8438 0 1
8439 78 0
8440 79 0
8441 78 0
8442 0 4
8443 79 0
8444 78 0
8445 79 79
8446 78 79
8447 0 0
8448 0 1
8449 0 0
8450 79 79
8451 78 79
8452 79 79
8453 78 79
8454 0 78
8455 79 0
8456 0 3
8457 79 79
8458 0 79
8459 0 78
8460 0 1
8461 78 0
8462 0 4
8463 0 79
8464 78 79
8465 0 0
8466 0 78
8467 0 79
8468 79 0
8469 0 78
8470 0 79
8471 0 3
8472 79 79
8473 0 78
8474 0 1
8475 0 4
8476 78 79
8477 79 79
8478 78 79
8479 0 0
8480 79 79
8481 0 3
8482 78 0
8483 0 1
8484 0 0
8485 0 2
8486 0 79
8487 0 3
8488 0 2
8489 79 0
8490 0 78
8491 78 79
8492 0 79
8493 79 79
8494 78 0
8495 0 3
8496 0 2
8497 0 78
8498 0 3
8499 0 79
8500 0 1
8501 0 0
8502 0 1
8503 0 4
8504 0 3
8505 0 0
8506 79 0
8507 0 78
8508 0 79
8509 0 1
8510 0 78
8511 0 4
8512 0 3
8513 78 79
8514 0 4
8515 0 79
8516 0 3
8517 78 0
8518 0 4
8519 0 3
8520 0 78
8521 0 4
8522 79 0
8523 78 0
8524 0 79
8525 0 3
8526 79 0
8527 0 4
8528 0 0
8529 78 0
8530 79 0
8531 0 1
8532 78 0
8533 79 0
8534 79 79
8535 0 78
8536 78 0
8537 0 3
8538 0 0
8539 78 79
8540 0 2
8541 1 0
8542 0 79
8543 0 1
8544 79 79
8545 79 0
8546 2 0
8547 0 0
8548 78 0
8549 0 78
8550 3 0
8551 78 79
8552 0 79
8553 0 78
8554 79 0
8555 0 1
8556 78 0
8557 79 79
8558 0 79
8559 0 0
8560 79 0
8561 0 78
8562 78 0
8563 0 1
8564 79 0
8565 2 0
8566 0 0
8567 3 0
8568 0 1
8569 2 0
8570 0 79
8571 78 0
8572 79 0
8573 78 79
8574 0 78
8575 79 79
8576 1 0
8577 0 79
8578 78 79
8579 78 0
8580 0 78
8581 0 2
8582 0 79
8583 0 78
8584 79 79
8585 0 79
8586 0 0
8587 79 0
8588 78 79
8589 0 3
8590 79 79
8591 0 1
8592 0 0
8593 78 0
8594 0 78
8595 0 2
8596 0 79
8597 78 79
8598 79 0
8599 0 3
8600 79 79
8601 0 1
8602 0 4
8603 0 0
8604 78 79
8605 78 0
8606 79 79
8607 0 3
8608 0 78
8609 79 0
8610 78 0
8611 79 0
8612 78 0
8613 0 2
8614 0 79
8615 0 78
8616 79 0
8617 78 0
8618 0 3
8619 0 2
8620 0 3
8621 0 79
8622 0 78
8623 0 1
8624 0 79
8625 0 78
8626 0 79
8627 0 78
8628 78 79
8629 0 0
8630 0 2
8631 0 79
8632 1 0
8633 79 0
8634 0 1
8635 2 0
8636 1 0
8637 0 78
8638 0 2
8639 78 0
8640 0 79
8641 0 78
8642 0 0
8643 79 0
8644 79 79
8645 0 3
8646 78 0
8647 0 1
8648 0 4
8649 78 79
8650 0 0
8651 0 3
8652 79 79
8653 78 79
8654 0 79
8655 0 78
8656 0 2
8657 0 3
8658 0 2
8659 79 79
8660 0 3
8661 0 1
8662 78 79
8663 0 4
8664 0 0
8665 79 0
8666 0 79
8667 0 3
8668 0 2
8669 1 0
8670 0 78
8671 79 79
8672 0 0
8673 0 3
8674 0 1
8675 0 4
8676 0 3
8677 0 4
8678 78 0
8679 0 0
8680 0 1
8681 78 79
8682 79 79
8683 78 79
8684 0 3
8685 79 79
8686 0 4
8687 0 3
8688 0 79
8689 0 0
8690 0 78
8691 0 2
8692 1 0
8693 78 79
8694 0 1
8695 0 2
8696 0 0
8697 79 79
8698 78 79
8699 0 3
8700 0 79
8701 79 0
8702 0 1
8703 78 0
8704 0 78
8705 79 0
8706 79 79
8707 78 0
8708 78 79
8709 0 0
8710 79 0
8711 0 79
8712 0 1
8713 0 78
8714 79 79
8715 0 4
8716 78 79
8717 79 79
8718 0 0
8719 0 79
8720 78 0
8721 0 78
8722 78 79
8723 0 1
8724 79 79
8725 78 79
8726 0 0
8727 0 3
8728 79 0
8729 78 0
8730 0 1
8731 0 4
8732 79 79
8733 78 79
8734 79 79
8735 78 79
8736 0 79
8737 0 78
8738 79 0
8739 0 79
8740 0 3
8741 0 4
8742 78 0
8743 0 3
8744 0 78
8745 0 79
8746 0 0
8747 0 2
8748 79 0
8749 79 79
8750 1 0
8751 0 0
8752 0 78
8753 0 3
8754 78 79
8755 79 79
8756 0 1
8757 0 79
8758 0 0
8759 0 1
8760 78 0
8761 0 4
8762 0 3
8763 78 79
8764 79 79
8765 78 79
8766 79 0
8767 78 0
8768 0 0
8769 79 0
8770 0 78
8771 78 0
8772 79 79
8773 79 0
8774 78 0
8775 0 2
8776 78 79
8777 1 0
8778 0 79
8779 79 79
8780 0 1
8781 0 78
8782 0 79
8783 2 0
8784 1 0
8785 0 78
8786 0 79
8787 0 78
8788 0 79
8789 79 0
8790 78 79
8791 78 0
8792 79 79
8793 0 78
8794 2 0
8795 1 0
8796 0 79
8797 0 78
8798 79 0
8799 0 79
8800 2 0
8801 0 0
8802 0 78
8803 78 79
8804 78 0
8805 79 0
8806 79 79
8807 78 79
8808 0 1
8809 1 0
8810 78 0
8811 79 0
8812 79 79
8813 0 79
8814 0 78
8815 78 79
8816 0 2
8817 78 0
8818 79 0
8819 0 1
8820 79 79
8821 2 0
8822 78 0
8823 1 0
8824 79 0
8825 0 79
8826 2 0
8827 1 0
8828 0 2
8829 0 0
8830 78 79
8831 78 0
8832 0 78
8833 79 79
8834 0 3
8835 0 2
8836 79 0
8837 0 3
8838 78 0
8839 0 79
8840 78 79
8841 0 2
8842 79 79
8843 0 3
8844 79 0
8845 0 2
8846 0 78
8847 1 0
8848 0 1
8849 78 79
8850 79 79
8851 0 2
8852 0 1
8853 2 0
8854 0 79
8855 78 79
8856 78 0
8857 79 79
8858 1 0
8859 2 0
8860 0 0
8861 3 0
8862 0 1
8863 0 0
8864 2 0
8865 79 0
8866 0 78
8867 78 0
8868 78 79
8869 3 0
8870 79 79
8871 78 79
8872 2 0
8873 0 1
8874 79 0
8875 1 0
8876 79 79
8877 0 79
8878 78 0
8879 0 78
8880 79 0
8881 0 79
8882 78 0
8883 79 0
8884 2 0
8885 78 0
8886 1 0
8887 78 79
8888 79 0
8889 78 0
8890 0 2
8891 79 0
8892 79 79
8893 78 0
8894 0 78
8895 0 79
8896 78 79
8897 79 0
8898 0 0
8899 78 0
8900 79 0
8901 0 3
8902 79 79
8903 78 79
8904 0 1
8905 0 78
8906 78 0
8907 79 79
8908 78 79
8909 0 0
8910 0 79
8911 0 2
8912 0 3
8913 0 78
8914 0 1
8915 0 79
8916 79 0
8917 0 78
8918 79 79
8919 0 79
8920 0 0
8921 0 2
8922 1 0
8923 0 78
8924 78 0
8925 0 1
8926 79 0
8927 78 79
8928 0 2
8929 0 79
8930 0 0
8931 78 0
8932 0 78
8933 0 79
8934 0 3
8935 79 79
8936 0 1
8937 0 78
8938 79 0
8939 78 79
8940 0 4
8941 0 3
8942 0 79
8943 0 0
8944 79 79
8945 0 2
8946 1 0
8947 78 79
8948 0 78
8949 0 1
8950 78 0
8951 0 79
8952 0 2
8953 79 0
8954 78 0
8955 79 0
8956 0 1
8957 0 78
8958 0 79
8959 78 0
8960 0 78
8961 0 2
8962 0 1
8963 2 0
8964 0 0
8965 79 79
8966 0 1
8967 0 79
8968 78 79
8969 0 0
8970 0 78
8971 79 0
8972 0 79
8973 0 78
8974 0 79
8975 79 79
8976 0 78
8977 78 79
8978 0 79
8979 3 0
8980 0 78
8981 2 0
8982 79 79
8983 3 0
8984 0 79
8985 2 0
8986 0 1
8987 0 78
8988 0 0
8989 78 0
8990 0 1
8991 1 0
8992 79 0
8993 78 79
8994 79 79
8995 78 0
8996 0 79
8997 79 0
8998 0 2
8999 0 78
9000 78 0
9001 79 0
9002 78 0
9003 0 79
9004 79 0
9005 0 0
9006 0 78
9007 0 3
9008 0 2
9009 78 0
9010 0 79
9011 0 3
9012 0 1
9013 79 0
9014 78 79
9015 78 0
9016 79 79
9017 0 4
9018 0 3
9019 0 4
9020 79 0
9021 78 0
9022 0 78
9023 79 0
9024 78 79
9025 0 79
9026 78 0
9027 79 79
9028 79 0
9029 78 79
9030 78 0
9031 0 3
9032 0 4
9033 0 0
9034 0 78
9035 0 3
9036 0 1
9037 0 4
9038 79 79
9039 0 79
9040 0 3
9041 0 4
9042 0 3
9043 0 4
9044 78 79
9045 79 0
9046 78 0
9047 0 3
9048 79 0
9049 0 0
9050 78 0
9051 0 2
9052 1 0
9053 0 0
9054 79 79
9055 0 3
9056 78 79
9057 0 78
9058 0 2
9059 0 3
9060 0 2
9061 79 79
9062 0 3
9063 0 1
9064 0 79
9065 78 79
9066 79 0
9067 78 0
9068 79 0
9069 0 0
9070 0 2
9071 0 3
9072 78 0
9073 0 78
9074 0 1
9075 0 0
9076 0 2
9077 1 0
9078 79 79
9079 0 1
9080 2 0
9081 1 0
9082 0 2
9083 0 1
9084 2 0
9085 78 79
9086 79 79
9087 78 79
9088 1 0
9089 79 79
9090 79 0
9091 0 79
9092 0 78
9093 2 0
9094 0 79
9095 78 79
9096 78 0
9097 0 78
9098 0 79
9099 79 0
9100 78 0
9101 79 0
9102 0 0
9103 0 78
9104 0 79
9105 0 78
9106 0 1
9107 79 79
9108 0 79
9109 78 79
9110 79 79
9111 78 79
9112 0 78
9113 1 0
9114 0 79
9115 0 2
9116 0 78
9117 0 79
9118 0 78
9119 79 79
9120 0 0
9121 1 0
9122 0 79
9123 78 0
9124 79 0
9125 78 0
9126 78 79
9127 0 0
9128 1 0
9129 0 78
9130 0 1
9131 79 0
9132 78 0
9133 79 79
9134 78 79
9135 0 2
9136 79 79
9137 0 0
9138 79 0
9139 0 3
9140 78 0
9141 0 79
9142 0 1
9143 78 79
9144 79 79
9145 78 79
9146 79 79
9147 0 0
9148 78 79
9149 0 78
9150 0 1
9151 0 0
9152 0 2
9153 79 0
9154 1 0
9155 79 79
9156 0 79
9157 0 1
9158 2 0
9159 0 78
9160 0 79
9161 78 0
9162 1 0
9163 0 78
9164 0 79
9165 0 2
9166 0 78
9167 79 0
9168 78 0
9169 78 79
9170 0 79
9171 79 79
9172 0 1
9173 0 78
9174 2 0
9175 1 0
9176 78 79
9177 79 79
9178 2 0
9179 78 79
9180 0 79
9181 0 78
9182 79 79
9183 0 79
9184 78 79
9185 79 0
9186 1 0
9187 2 0
9188 1 0
9189 0 2
9190 0 1
9191 78 0
9192 2 0
9193 79 79
9194 79 0
9195 78 0
9196 79 0
9197 0 78
9198 78 0
9199 0 79
9200 0 0
9201 0 1
9202 0 0
9203 0 1
9204 79 0
9205 0 78
9206 0 79
9207 0 78
9208 0 0
9209 78 79
9210 0 79
9211 0 78
9212 79 79
9213 0 1
9214 0 0
9215 0 1
9216 0 79
9217 1 0
9218 78 79
9219 0 78
9220 0 79
9221 0 78
9222 79 79
9223 2 0
9224 78 79
9225 0 79
9226 78 0
9227 0 0
9228 0 78
9229 79 0
9230 0 1
9231 0 0
9232 0 79
9233 79 79
9234 78 0
9235 0 78
9236 78 79
9237 3 0
9238 2 0
9239 79 0
9240 0 79
9241 78 0
9242 0 1
9243 79 79
9244 1 0
9245 0 2
9246 0 78
9247 0 79
9248 78 79
9249 0 0
9250 79 79
9251 0 78
9252 0 3
9253 0 2
9254 0 3
9255 78 79
9256 79 79
9257 0 2
9258 0 3
9259 78 79
9260 79 79
9261 0 1
9262 79 0
9263 0 79
9264 0 0
9265 0 78
9266 0 1
9267 0 0
9268 0 2
9269 0 79
9270 1 0
9271 0 78
9272 0 0
9273 78 0
9274 79 0
9275 0 3
9276 78 79
9277 0 79
9278 0 2
9279 78 0
9280 79 79
9281 0 78
9282 0 79
9283 0 78
9284 78 79
9285 0 79
9286 1 0
9287 79 0
9288 0 1
9289 0 2
9290 0 0
9291 79 79
9292 78 79
9293 1 0
9294 79 79
9295 0 78
9296 0 1
9297 78 0
9298 0 2
9299 0 1
9300 0 2
9301 0 0
9302 1 0
9303 0 1
9304 79 0
9305 2 0
9306 78 0
9307 0 79
9308 1 0
9309 0 78
9310 0 79
9311 2 0
9312 79 0
9313 1 0
9314 2 0
9315 0 0
9316 3 0
9317 2 0
9318 78 79
9319 0 78
9320 79 79
9321 3 0
9322 2 0
9323 0 79
9324 0 78
9325 0 79
9326 3 0
9327 2 0
9328 78 0
9329 0 78
9330 3 0
9331 78 79
9332 0 1
9333 79 0
9334 0 0
9335 79 79
9336 0 1
9337 78 79
9338 0 0
9339 79 79
9340 2 0
9341 3 0
9342 78 0
9343 2 0
9344 78 79
9345 0 79
9346 79 79
9347 79 0
9348 0 78
9349 78 79
9350 3 0
9351 78 0
9352 79 79
9353 78 79
9354 79 0
9355 0 1
9356 79 79
9357 78 79
9358 78 0
9359 0 79
9360 2 0
9361 79 0
9362 79 79
9363 1 0
9364 0 2
9365 0 1
9366 0 2
9367 0 78
9368 78 0
9369 0 1
9370 79 0
9371 78 0
9372 0 79
9373 0 2
9374 78 79
9375 0 1
9376 0 2
9377 79 79
9378 78 79
9379 0 0
9380 79 79
9381 79 0
9382 78 0
9383 0 78
9384 1 0
9385 0 0
9386 0 79
9387 0 78
9388 1 0
9389 0 79
9390 78 79
9391 0 1
9392 0 2
9393 0 0
9394 0 3
9395 0 78
9396 79 0
9397 0 1
9398 0 4
9399 79 79
9400 0 79
9401 78 79
9402 0 78
9403 0 79
9404 0 0
9405 79 79
9406 0 3
9407 0 2
9408 78 0
9409 78 79
9410 79 0
9411 0 3
9412 79 79
9413 0 2
9414 78 79
9415 78 0
9416 0 78
9417 79 0
9418 0 3
9419 78 0
9420 0 2
9421 0 3
9422 79 0
9423 79 79
9424 0 1
9425 78 79
9426 78 0
9427 79 79
9428 0 0
9429 0 2
9430 0 3
9431 78 79
9432 0 79
9433 0 1
9434 0 78
9435 0 0
9436 79 0
9437 0 79
9438 0 78
9439 78 0
9440 0 1
9441 79 79
9442 0 4
9443 0 79
9444 0 78
9445 0 0
9446 0 79
9447 0 78
9448 0 3
9449 78 79
9450 0 1
9451 0 4
9452 0 0
9453 79 79
9454 79 0
9455 78 0
9456 0 1
9457 79 0
9458 78 79
9459 79 79
9460 0 0
9461 78 0
9462 0 3
9463 0 79
9464 78 79
9465 0 78
9466 79 0
9467 0 2
9468 1 0
9469 78 0
9470 0 1
9471 0 2
9472 79 79
9473 79 0
9474 0 0
9475 78 79
9476 0 79
9477 78 0
9478 79 0
9479 0 3
9480 0 2
9481 0 78
9482 1 0
9483 0 0
9484 78 0
9485 0 3
9486 0 79
9487 79 79
9488 0 78
9489 0 79
9490 78 79
9491 0 78
9492 0 1
9493 0 79
9494 79 0
9495 0 78
9496 78 0
9497 79 0
9498 78 0
9499 0 4
9500 79 79
9501 79 0
9502 0 3
9503 0 79
9504 78 0
9505 0 78
9506 79 0
9507 0 0
9508 0 79
9509 78 79
9510 0 78
9511 0 1
9512 0 0
9513 0 79
9514 0 1
9515 0 0
9516 0 78
9517 79 79
9518 0 79
9519 0 1
9520 0 0
9521 0 78
9522 78 0
9523 78 79
9524 0 79
9525 79 79
9526 0 1
9527 0 0
9528 78 79
9529 79 0
9530 0 78
9531 78 0
9532 0 79
9533 0 2
9534 1 0
9535 0 0
9536 79 0
9537 0 78
9538 0 3
9539 78 0
9540 79 0
9541 0 79
9542 0 78
9543 78 0
9544 0 79
9545 0 2
9546 79 0
9547 78 0
9548 0 78
9549 79 0
9550 0 79
9551 78 0
9552 1 0
9553 79 0
9554 0 0
9555 1 0
9556 0 0
9557 1 0
9558 78 0
9559 0 0
9560 79 0
9561 79 79
9562 78 0
9563 1 0
9564 0 0
9565 79 0
9566 1 0
9567 0 1
9568 2 0
9569 0 0
9570 78 79
9571 78 0
9572 0 78
9573 0 1
9574 79 0
9575 79 79
9576 1 0
9577 0 2
9578 0 1
9579 0 2
9580 78 0
9581 0 79
9582 78 79
9583 79 0
9584 0 1
9585 0 2
9586 78 0
9587 0 78
9588 79 0
9589 0 0
9590 0 79
9591 78 0
9592 79 0
9593 0 3
9594 78 0
9595 79 79
9596 0 78
9597 79 0
9598 78 0
9599 0 1
9600 0 0
9601 79 0
9602 0 2
9603 0 79
9604 1 0
9605 0 1
9606 0 78
9607 0 2
9608 78 79
9609 79 79
9610 78 79
9611 0 1
9612 0 79
9613 2 0
9614 1 0
9615 79 79
9616 78 79
9617 0 78
9618 79 79
9619 2 0
9620 78 0
9621 78 79
9622 79 0
9623 0 0
9624 79 79
9625 3 0
9626 78 0
9627 2 0
9628 0 1
9629 0 0
9630 3 0
9631 79 0
9632 0 79
9633 0 1
9634 78 79
9635 79 79
9636 78 79
9637 0 78
9638 0 0
9639 0 1
9640 79 79
9641 0 0
9642 0 79
9643 0 1
9644 78 79
9645 79 79
9646 0 0
9647 78 0
9648 0 1
9649 2 0
9650 0 0
9651 0 1
9652 1 0
9653 0 78
9654 0 79
9655 2 0
9656 79 0
9657 78 79
9658 0 78
9659 0 79
9660 79 79
9661 78 0
9662 0 78
9663 1 0
9664 0 79
9665 2 0
9666 0 78
9667 0 79
9668 1 0
9669 2 0
9670 1 0
9671 78 79
9672 0 2
9673 0 0
9674 0 3
9675 0 1
9676 79 79
9677 0 4
9678 0 78
9679 0 3
9680 79 0
9681 0 79
9682 78 0
9683 0 0
9684 78 79
9685 79 0
9686 79 79
9687 0 78
9688 0 2
9689 1 0
9690 0 1
9691 2 0
9692 78 79
9693 1 0
9694 0 2
9695 78 0
9696 0 1
9697 79 0
9698 78 0
9699 2 0
9700 79 79
9701 0 79
9702 0 0
9703 3 0
9704 2 0
9705 79 0
9706 3 0
9707 78 0
9708 0 1
9709 79 0
9710 0 0
9711 0 1
9712 78 79
9713 0 0
9714 79 79
9715 0 1
9716 0 0
9717 0 1
9718 78 79
9719 0 78
9720 2 0
9721 0 0
9722 0 79
9723 0 1
9724 1 0
9725 79 79
9726 2 0
9727 0 0
9728 78 79
9729 0 78
9730 78 0
9731 0 1
9732 1 0
9733 79 79
9734 2 0
9735 0 0
9736 79 0
9737 3 0
9738 0 79
9739 0 78
9740 0 79
9741 0 1
9742 78 0
9743 2 0
9744 0 78
9745 1 0
9746 0 79
9747 79 0
9748 0 78
9749 0 2
9750 78 0
9751 0 79
9752 0 0
9753 79 0
9754 0 78
9755 78 0
9756 79 0
9757 1 0
9758 78 79
9759 79 79
9760 0 1
9761 0 79
9762 2 0
9763 0 78
9764 0 0
9765 0 79
9766 78 0
9767 3 0
9768 0 1
9769 79 0
9770 78 79
9771 0 0
9772 79 79
9773 0 1
9774 0 78
9775 0 0
9776 78 0
9777 2 0
9778 78 79
9779 0 79
9780 0 78
9781 3 0
9782 2 0
9783 79 0
9784 0 1
9785 0 0
9786 0 1
9787 1 0
9788 79 79
9789 2 0
9790 1 0
9791 0 2
9792 0 79
9793 0 0
9794 78 79
9795 0 3
9796 0 78
9797 0 2
9798 79 79
9799 78 0
9800 0 3
9801 0 2
9802 79 0
9803 0 79
9804 78 79
9805 0 3
9806 0 2
9807 78 0
9808 0 3
9809 79 79
9810 79 0
9811 78 79
9812 0 1
9813 78 0
9814 79 79
9815 0 78
9816 0 79
9817 0 78
9818 0 0
9819 78 79
9820 0 1
9821 0 4
9822 79 0
9823 0 3
9824 79 79
9825 0 4
9826 78 79
9827 0 3
9828 0 4
9829 79 79
9830 78 79
9831 0 0
9832 0 1
9833 78 0
9834 0 3
9835 79 0
9836 78 0
9837 0 79
9838 79 79
9839 78 79
9840 79 79
9841 0 0
9842 78 79
9843 79 0
9844 0 2
9845 1 0
9846 79 79
9847 0 1
9848 78 0
9849 0 2
9850 0 0
9851 79 0
9852 0 78
9853 1 0
9854 0 0
9855 0 3
9856 0 2
9857 0 79
9858 78 0
9859 0 3
9860 0 2
9861 0 78
9862 1 0
9863 0 0
9864 0 79
9865 78 79
9866 79 79
9867 79 0
9868 78 79
9869 79 79
9870 78 79
9871 1 0
9872 78 0
9873 79 0
9874 0 1
9875 0 2
9876 0 1
9877 0 2
9878 0 1
9879 78 0
9880 79 0
9881 0 2
9882 0 0
9883 78 0
9884 79 0
9885 1 0
9886 0 0
9887 0 78
9888 0 79
9889 0 78
9890 0 79
9891 0 3
9892 78 0
9893 79 0
9894 0 78
9895 0 79
9896 78 0
9897 0 1
9898 79 79
9899 0 4
9900 78 79
9901 0 78
9902 0 79
9903 0 78
9904 0 3
9905 79 79
9906 0 4
9907 79 0
9908 78 0
9909 78 79
9910 79 79
9911 0 3
9912 0 0
9913 0 1
9914 78 79
9915 79 79
9916 0 4
9917 0 0
9918 0 79
9919 79 0
9920 0 1
9921 78 79
9922 0 78
9923 0 3
9924 78 0
9925 79 0
9926 0 4
9927 0 79
9928 78 0
9929 0 3
9930 0 4
9931 0 78
9932 79 79
9933 78 79
9934 0 79
9935 0 0
9936 79 0
9937 79 79
9938 0 3
9939 0 78
9940 78 0
9941 0 2
9942 78 79
9943 79 0
9944 79 79
9945 78 0
9946 0 79
9947 0 78
9948 78 79
9949 0 3
9950 79 0
9951 79 79
9952 78 0
9953 0 2
9954 0 79
9955 0 3
9956 0 78
9957 78 79
9958 0 79
9959 79 79
9960 0 2
9961 78 79
9962 79 79
9963 1 0
9964 0 78
9965 79 0
9966 0 1
9967 2 0
9968 0 0
9969 3 0
9970 0 79
9971 0 78
9972 78 79
9973 79 79
9974 78 0
9975 2 0
9976 78 79
9977 79 79
9978 0 1
9979 78 79
9980 79 0
9981 78 0
9982 79 79
9983 79 0
9984 1 0
9985 2 0
9986 0 79
9987 1 0
9988 78 0
9989 0 78
9990 0 2
9991 78 79
9992 0 0
9993 79 79
9994 78 79
9995 79 0
9996 78 0
9997 0 3
9998 0 79
9999 79 79
10000 0 78
10001 78 79
10002 79 79
10003 79 0
10004 0 79
10005 0 2
10006 0 78
10007 78 79
10008 0 3
10009 0 2
10010 79 79
10011 1 0
10012 78 0
10013 0 0
10014 79 0
10015 78 0
10016 1 0
10017 78 79
10018 79 0
10019 78 0
10020 0 0
10021 0 79
10022 79 0
10023 79 79
10024 0 3
10025 0 2
10026 78 0
10027 79 0
10028 0 78
10029 0 79
10030 0 78
10031 1 0
10032 78 0
10033 78 79
10034 0 1
10035 0 79
10036 79 0
10037 79 79
10038 0 78
10039 78 79
10040 78 0
10041 2 0
10042 79 79
10043 0 0
10044 79 0
10045 0 79
10046 0 1
10047 78 0
10048 79 0
10049 1 0
10050 0 78
10051 78 79
10052 2 0
10053 1 0
10054 0 2
10055 0 0
10056 78 0
10057 0 79
10058 1 0
10059 0 78
10060 0 0
10061 0 3
10062 0 2
10063 79 0
10064 0 3
10065 0 1
10066 0 4
10067 79 79
10068 78 0
10069 0 3
10070 0 79
10071 79 0
10072 0 4
10073 78 79
10074 0 0
10075 0 78
10076 78 0
10077 79 0
10078 79 79
10079 0 79
10080 0 3
10081 0 78
10082 0 79
10083 0 78
10084 0 79
10085 0 78
10086 0 79
10087 0 2
10088 78 0
10089 0 78
10090 78 79
10091 0 79
10092 0 3
10093 79 0
10094 78 0
10095 79 0
10096 0 78
10097 0 79
10098 0 1
10099 0 0
10100 78 0
10101 79 79
10102 0 78
10103 0 2
10104 0 79
10105 79 0
10106 1 0
10107 0 0
10108 0 78
10109 78 79
10110 78 0
10111 0 3
10112 79 79
10113 0 1
10114 78 79
10115 79 0
10116 79 79
10117 78 0
10118 0 4
10119 79 0
10120 78 0
10121 78 79
10122 79 0
10123 0 3
10124 0 79
10125 0 0
10126 79 79
10127 78 79
10128 0 2
10129 0 3
10130 79 79
10131 78 0
10132 79 0
10133 78 79
10134 0 1
10135 78 0
10136 0 4
10137 79 79
10138 0 3
10139 0 0
10140 79 0
10141 0 78
10142 0 79
10143 78 79
10144 0 2
10145 0 3
10146 0 1
10147 79 79
10148 0 0
10149 0 1
10150 0 78
10151 78 0
10152 0 79
10153 0 4
10154 79 0
10155 0 0
10156 0 1
10157 0 3
10158 0 78
10159 78 79
10160 79 79
10161 0 79
10162 78 0
10163 0 78
10164 0 79
10165 78 79
10166 0 4
10167 0 0
10168 79 0
10169 0 3
10170 0 1
10171 0 78
10172 78 0
10173 0 79
10174 0 0
10175 0 78
10176 0 79
10177 0 2
10178 0 78
10179 0 79
10180 0 78
10181 1 0
10182 79 79
10183 0 0
10184 0 3
10185 79 0
10186 0 2
10187 78 0
10188 0 79
10189 1 0
10190 0 1
10191 0 78
10192 79 0
10193 78 0
10194 78 79
10195 0 79
10196 2 0
10197 1 0
10198 79 0
10199 0 78
10200 2 0
10201 79 79
10202 78 79
10203 0 79
10204 78 0
10205 0 78
10206 79 79
10207 79 0
10208 78 0
10209 0 0
10210 0 79
10211 0 78
10212 79 0
10213 3 0
10214 78 79
10215 0 79
10216 2 0
10217 3 0
10218 0 1
10219 78 0
10220 0 78
10221 0 79
10222 79 0
10223 0 78
10224 2 0
10225 0 79
10226 78 0
10227 79 0
10228 0 0
10229 79 79
10230 78 79
10231 79 79
10232 78 79
10233 3 0
10234 79 79
10235 0 78
10236 78 79
10237 2 0
10238 0 1
10239 78 0
10240 0 79
10241 79 0
10242 0 78
10243 1 0
10244 78 0
10245 79 0
10246 0 79
10247 0 2
10248 0 1
10249 79 79
10250 78 0
10251 78 79
10252 0 78
10253 79 0
10254 78 0
10255 2 0
10256 0 0
10257 0 79
10258 0 1
10259 1 0
10260 0 2
10261 79 0
10262 0 0
10263 0 3
10264 79 79
10265 0 2
10266 78 0
10267 0 3
10268 79 0
10269 78 0
10270 0 2
10271 0 3
10272 0 1
10273 0 0
10274 0 78
10275 0 2
10276 0 3
10277 0 1
10278 79 0
10279 0 79
10280 0 4
10281 78 79
10282 78 0
10283 0 3
10284 0 0
10285 0 1
10286 79 0
10287 0 4
10288 0 3
10289 79 79
10290 0 0
10291 78 0
10292 0 1
10293 0 0
10294 0 2
10295 0 3
10296 0 2
10297 0 3
10298 0 78
10299 0 1
10300 78 79
10301 79 0
10302 79 79
10303 78 79
10304 0 4
10305 78 0
10306 79 79
10307 0 3
10308 0 79
10309 0 0
10310 0 2
10311 78 79
10312 1 0
10313 0 0
10314 1 0
10315 0 0
10316 79 79
10317 78 79
10318 1 0
10319 0 78
10320 79 79
10321 0 79
10322 79 0
10323 0 1
10324 78 0
10325 2 0
10326 0 0
10327 0 1
10328 0 0
10329 0 1
10330 78 79
10331 0 78
10332 79 0
10333 78 0
10334 0 79
10335 0 78
10336 79 79
10337 0 79
10338 79 0
10339 0 78
10340 0 0
10341 78 79
10342 78 0
10343 79 0
10344 0 1
10345 0 79
10346 0 78
10347 79 79
10348 78 79
10349 79 79
10350 0 79
10351 0 78
10352 0 0
10353 78 79
10354 78 0
10355 0 1
10356 79 79
10357 0 0
10358 78 79
10359 79 0
10360 3 0
10361 78 0
10362 79 0
10363 2 0
10364 78 0
10365 0 79
10366 0 78
10367 79 79
10368 3 0
10369 0 1
10370 78 79
10371 2 0
10372 1 0
10373 79 0
10374 0 2
10375 79 79
10376 0 0
10377 0 3
10378 0 79
10379 0 2
10380 1 0
10381 0 78
10382 78 0
10383 0 79
10384 0 1
10385 2 0
10386 79 0
10387 78 79
10388 78 0
10389 79 0
10390 79 79
10391 78 0
10392 0 78
10393 0 0
10394 78 79
10395 0 79
10396 0 78
10397 79 79
10398 79 0
10399 0 79
10400 0 1
10401 0 0
10402 0 1
10403 1 0
10404 0 78
10405 78 79
10406 2 0
10407 0 79
10408 0 78
10409 0 0
10410 0 1
10411 0 79
10412 1 0
10413 0 2
10414 0 1
10415 2 0
10416 0 78
10417 0 0
10418 78 0
10419 3 0
10420 2 0
10421 0 79
10422 79 0
10423 0 78
10424 3 0
10425 0 79
10426 0 78
10427 2 0
10428 0 79
10429 78 0
10430 79 0
10431 0 1
10432 79 79
10433 0 78
10434 0 79
10435 0 0
10436 78 79
10437 0 1
10438 79 79
10439 0 78
10440 1 0
10441 0 2
10442 0 1
10443 0 79
10444 0 2
10445 78 0
10446 0 1
10447 0 2
10448 0 0
10449 78 79
10450 79 79
10451 79 0
10452 78 0
10453 78 79
10454 79 0
10455 79 79
10456 78 0
10457 1 0
10458 0 0
10459 1 0
10460 78 79
10461 79 0
10462 78 0
10463 79 79
10464 79 0
10465 0 78
10466 78 79
10467 0 79
10468 0 0
10469 0 3
10470 0 78
10471 79 79
10472 0 1
10473 0 0
10474 78 0
10475 0 1
10476 0 79
10477 0 4
10478 0 3
10479 0 78
10480 0 4
10481 0 79
10482 79 0
10483 0 3
10484 78 79
10485 79 79
10486 78 0
10487 78 79
10488 0 0
10489 0 2
10490 1 0
10491 79 79
10492 0 78
10493 79 0
10494 78 0
10495 78 79
10496 0 79
10497 0 0
10498 79 0
10499 0 78
10500 78 0
10501 0 3
10502 79 79
10503 78 79
10504 0 79
10505 0 2
10506 1 0
10507 0 1
10508 79 0
10509 0 2
10510 0 1
10511 79 79
10512 78 79
10513 2 0
10514 1 0
10515 0 78
10516 0 2
10517 78 0
10518 79 79
10519 79 0
10520 78 79
10521 0 79
10522 0 78
10523 78 0
10524 0 79
10525 79 0
10526 0 1
10527 79 79
10528 2 0
10529 78 0
10530 0 0
10531 0 1
10532 78 79
10533 1 0
10534 79 79
10535 0 78
10536 0 2
10537 0 1
10538 0 2
10539 78 79
10540 79 79
10541 0 79
10542 0 1
10543 79 0
10544 78 79
10545 78 0
10546 79 79
10547 0 78
10548 79 0
10549 78 0
10550 0 79
10551 2 0
10552 0 0
10553 0 78
10554 0 1
10555 79 0
10556 0 0
10557 78 0
10558 0 79
10559 3 0
10560 0 1
10561 0 78
10562 78 79
10563 79 79
10564 2 0
10565 79 0
10566 1 0
10567 0 2
10568 0 0
10569 78 79
10570 0 79
10571 78 0
10572 0 78
10573 0 79
10574 79 79
10575 79 0
10576 78 79
10577 0 3
10578 0 2
10579 78 0
10580 0 78
10581 79 0
10582 78 0
10583 0 3
10584 79 79
10585 79 0
10586 0 79
10587 78 79
10588 0 78
10589 0 79
10590 78 0
10591 0 2
10592 79 0
10593 0 78
10594 0 3
10595 0 2
10596 0 3
10597 0 2
10598 78 0
10599 0 79
10600 1 0
10601 79 79
10602 0 1
10603 2 0
10604 1 0
10605 79 0
10606 78 0
10607 0 78
10608 0 79
10609 2 0
10610 0 0
10611 78 79
10612 0 78
10613 79 79
10614 0 1
10615 1 0
10616 0 2
10617 0 0
10618 79 0
10619 1 0
10620 0 79
10621 0 0
10622 1 0
10623 0 0
10624 78 0
10625 0 3
10626 0 2
10627 78 79
10628 79 0
10629 79 79
10630 78 79
10631 0 78
10632 1 0
10633 0 0
10634 1 0
10635 78 0
10636 0 0
10637 79 0
10638 1 0
10639 0 79
10640 0 0
10641 1 0
10642 0 78
10643 79 79
10644 78 0
10645 78 79
10646 79 0
10647 79 79
10648 0 0
10649 78 79
10650 0 79
10651 0 78
10652 0 3
10653 0 2
10654 1 0
10655 79 79
10656 0 1
10657 78 79
10658 0 79
10659 0 78
10660 0 79
10661 0 78
10662 79 79
10663 0 79
10664 2 0
10665 78 0
10666 0 78
10667 79 0
10668 0 79
10669 0 78
10670 78 0
10671 78 79
10672 79 0
10673 1 0
10674 0 79
10675 2 0
10676 0 0
10677 0 78
10678 79 79
10679 0 79
10680 0 1
10681 0 78
10682 0 0
10683 0 79
10684 3 0
10685 0 78
10686 78 79
10687 0 1
10688 79 79
10689 2 0
10690 1 0
10691 0 79
10692 0 2
10693 0 78
10694 78 0
10695 0 0
10696 1 0
10697 0 0
10698 78 79
10699 0 79
10700 79 0
10701 1 0
10702 0 0
10703 0 78
10704 78 0
10705 79 79
10706 78 79
10707 0 79
10708 1 0
10709 0 1
10710 2 0
10711 0 0
10712 79 79
10713 0 1
10714 1 0
10715 0 78
10716 2 0
10717 79 0
10718 78 79
10719 79 79
10720 78 0
10721 79 0
10722 78 79
10723 0 79
10724 0 78
10725 78 0
10726 79 0
10727 79 79
10728 78 79
10729 79 79
10730 0 0
10731 0 1
10732 1 0
10733 78 79
10734 0 79
10735 78 0
10736 0 2
10737 0 78
10738 0 0
10739 79 79
10740 0 79
10741 78 79
10742 79 0
10743 0 3
10744 78 0
10745 79 79
10746 0 2
10747 78 79
10748 0 3
10749 0 78
10750 79 0
10751 0 1
10752 0 0
10753 0 79
10754 79 79
10755 0 78
10756 78 79
10757 78 0
10758 79 0
10759 78 0
10760 79 0
10761 0 1
10762 79 79
10763 78 0
10764 0 4
10765 0 3
10766 0 0
10767 0 1
10768 78 79
10769 0 0
10770 0 2
10771 0 79
10772 0 3
10773 79 0
10774 78 0
10775 0 78
10776 79 0
10777 0 79
10778 0 1
10779 0 78
10780 0 79
10781 0 78
10782 78 0
10783 0 79
10784 0 0
10785 0 78
10786 79 79
10787 0 79
10788 79 0
10789 0 78
10790 78 79
10791 0 79
10792 79 79
10793 78 0
10794 0 78
10795 0 2
10796 0 79
10797 0 3
10798 0 1
10799 0 0
10800 0 2
10801 0 3
10802 78 79
10803 0 2
10804 0 3
10805 79 79
10806 0 2
10807 79 0
10808 0 78
10809 1 0
10810 78 0
10811 0 0
10812 0 79
10813 1 0
10814 0 78
10815 78 79
10816 0 0
10817 0 3
10818 79 0
10819 0 2
10820 79 79
10821 0 3
10822 0 1
10823 78 0
10824 0 4
10825 79 0
10826 0 3
10827 0 0
10828 0 2
10829 0 79
10830 78 79
10831 79 79
10832 1 0
10833 78 79
10834 78 0
10835 79 0
10836 78 0
10837 79 79
10838 79 0
10839 0 0
10840 78 79
10841 0 78
10842 0 79
10843 1 0
10844 0 0
10845 79 79
10846 78 0
10847 0 78
10848 1 0
10849 0 1
10850 79 0
10851 0 79
10852 78 79
10853 2 0
10854 1 0
10855 0 2
10856 79 79
10857 78 79
10858 0 0
10859 79 79
10860 0 3
10861 0 78
10862 78 0
10863 79 0
10864 0 2
10865 78 0
10866 0 3
10867 0 2
10868 79 0
10869 78 79
10870 0 79
10871 78 0
10872 0 3
10873 79 79
10874 0 1
10875 0 4
10876 0 78
10877 0 79
10878 79 0
10879 0 0
10880 0 78
10881 78 0
10882 79 0
10883 78 0
10884 0 79
10885 0 78
10886 78 79
10887 0 79
10888 0 78
10889 0 79
10890 0 78
10891 0 1
10892 79 0
10893 0 79
10894 78 0
10895 79 79
10896 79 0
10897 0 3
10898 0 78
10899 78 0
10900 0 4
10901 78 79
10902 0 3
10903 0 4
10904 0 3
10905 0 79
10906 0 4
10907 0 3
10908 79 0
10909 0 0
10910 0 1
10911 78 0
10912 0 4
10913 79 0
10914 79 79
10915 78 79
10916 79 79
10917 78 79
10918 79 79
10919 0 78
10920 78 0
10921 0 79
10922 78 79
10923 0 0
10924 79 79
10925 0 1
10926 0 0
10927 78 79
10928 0 78
10929 79 79
10930 78 79
10931 79 79
10932 0 1
10933 0 79
10934 0 3
10935 0 0
10936 79 0
10937 0 78
10938 78 0
10939 0 1
10940 0 0
10941 78 79
10942 0 1
10943 0 4
10944 0 3
10945 0 0
10946 0 2
10947 79 79
10948 0 3
10949 0 2
10950 0 79
10951 79 0
10952 78 79
10953 79 79
10954 78 0
10955 78 79
10956 1 0
10957 0 1
10958 2 0
10959 1 0
10960 0 78
10961 0 79
10962 0 78
10963 0 2
10964 79 79
10965 0 1
10966 78 79
10967 0 2
10968 79 0
10969 0 79
10970 0 78
10971 78 0
10972 79 79
10973 79 0
10974 0 1
10975 2 0
10976 1 0
10977 2 0
10978 78 0
10979 79 0
10980 78 79
10981 79 79
10982 0 79
10983 1 0
10984 78 0
10985 2 0
10986 78 79
10987 1 0
10988 0 78
10989 2 0
10990 79 79
10991 79 0
10992 0 0
10993 0 1
10994 78 0
10995 79 0
10996 78 79
10997 0 79
10998 78 0
10999 79 0
11000 1 0
11001 0 2
11002 79 79
11003 0 78
11004 0 1
11005 0 79
11006 0 2
11007 78 0
11008 0 1
11009 0 78
11010 78 79
11011 79 0
11012 0 2
11013 0 79
11014 0 0
11015 79 79
11016 1 0
11017 0 1
11018 78 79
11019 0 2
11020 0 1
11021 79 79
11022 0 2
11023 78 0
11024 0 0
11025 79 0
11026 78 79
11027 0 3
11028 79 79
11029 0 78
11030 78 79
11031 0 1
11032 0 4
11033 79 79
11034 78 79
11035 0 3
11036 78 0
11037 0 0
11038 0 79
11039 0 78
11040 0 2
11041 79 0
11042 0 3
11043 78 0
11044 0 1
11045 0 4
11046 0 79
11047 0 78
11048 0 3
11049 0 4
11050 79 79
11051 0 3
11052 0 0
11053 79 0
11054 0 79
11055 78 79
11056 0 2
11057 78 0
11058 79 0
11059 0 3
11060 78 0
11061 79 0
11062 79 79
11063 0 78
11064 0 1
11065 78 0
11066 0 4
11067 78 79
11068 79 79
11069 78 79
11070 0 0
11071 79 0
11072 0 1
11073 0 3
11074 79 79
11075 78 79
11076 0 0
11077 78 0
11078 79 79
11079 0 1
11080 0 79
11081 0 0
11082 78 79
11083 0 2
11084 0 78
11085 0 79
11086 79 79
11087 79 0
11088 0 78
11089 0 79
11090 78 0
11091 79 0
11092 0 3
11093 78 79
11094 0 78
11095 79 79
11096 78 79
11097 0 2
11098 0 3
11099 78 0
11100 0 2
11101 0 79
11102 0 78
11103 79 79
11104 0 79
11105 0 78
11106 78 79
11107 1 0
11108 0 1
11109 79 0
11110 0 2
11111 0 1
11112 2 0
11113 78 0
11114 0 0
11115 0 1
11116 79 0
11117 0 79
11118 78 0
11119 0 78
11120 79 0
11121 1 0
11122 0 2
11123 0 1
11124 78 0
11125 0 79
11126 0 2
11127 79 79
11128 0 0
11129 1 0
11130 0 78
11131 0 0
11132 78 79
11133 1 0
11134 0 79
11135 79 79
11136 78 79
11137 0 0
11138 0 78
11139 0 3
11140 0 2
11141 0 3
11142 0 2
11143 1 0
11144 0 79
11145 0 1
11146 79 79
11147 0 2
11148 79 0
11149 0 78
11150 0 0
11151 1 0
11152 0 0
11153 0 3
11154 0 79
11155 0 1
11156 78 0
11157 0 0
11158 0 2
11159 0 3
11160 78 79
11161 0 2
11162 79 79
11163 1 0
11164 0 0
11165 79 0
11166 78 0
11167 79 0
11168 1 0
11169 78 0
11170 0 78
11171 0 0
11172 78 79
11173 79 0
11174 79 79
11175 78 0
11176 79 0
11177 78 79
11178 1 0
11179 0 1
11180 0 2
11181 0 0
11182 0 3
11183 0 79
11184 79 79
11185 0 78
11186 0 2
11187 78 0
11188 0 79
11189 79 0
11190 0 3
11191 0 1
11192 0 0
11193 78 79
11194 0 2
11195 78 0
11196 1 0
11197 0 0
11198 79 79
11199 1 0
11200 0 0
11201 0 3
11202 0 1
11203 0 78
11204 0 79
11205 0 4
11206 79 0
11207 78 0
11208 0 3
11209 0 0
11210 0 78
11211 0 1
11212 0 4
11213 0 79
11214 79 0
11215 0 3
11216 78 0
11217 78 79
11218 0 78
11219 0 79
11220 0 78
11221 0 79
11222 0 0
11223 0 2
11224 0 78
11225 79 79
11226 78 79
11227 0 3
11228 0 2
11229 79 0
11230 0 79
11231 78 0
11232 0 78
11233 0 3
11234 79 0
11235 79 79
11236 78 0
11237 0 2
11238 79 0
11239 0 3
11240 0 79
11241 0 1
11242 0 0
11243 0 1
11244 78 0
11245 0 78
11246 0 4
11247 79 0
11248 0 79
11249 0 0
11250 78 0
11251 0 3
11252 0 2
11253 0 3
11254 0 2
11255 0 78
11256 0 3
11257 79 0
11258 0 79
11259 0 1
11260 78 79
11261 78 0
11262 79 0
11263 0 4
11264 78 0
11265 0 78
11266 79 79
11267 79 0
11268 0 79
11269 0 78
11270 0 3
11271 0 4
11272 0 3
11273 0 4
11274 0 0
11275 78 0
11276 0 79
11277 78 79
11278 0 78
11279 0 1
11280 0 0
11281 79 0
11282 0 79
11283 79 79
11284 0 3
11285 0 78
11286 0 1
11287 0 4
11288 78 79
11289 0 3
11290 0 0
11291 0 79
11292 0 1
11293 0 0
11294 0 1
11295 0 78
11296 78 0
11297 79 0
11298 0 4
11299 0 79
11300 0 0
11301 0 3
11302 0 1
11303 79 79
11304 78 79
11305 78 0
11306 0 4
11307 0 78
11308 0 0
11309 0 3
11310 0 2
11311 79 79
11312 78 79
11313 79 0
11314 0 3
11315 78 0
11316 79 79
11317 79 0
11318 78 0
11319 0 2
11320 0 79
11321 79 0
11322 78 0
11323 0 78
11324 1 0
11325 0 1
11326 2 0
11327 78 79
11328 79 79
11329 78 79
11330 79 0
11331 0 0
11332 0 1
11333 0 79
11334 79 79
11335 0 78
11336 0 0
11337 0 79
11338 0 78
11339 78 79
11340 79 79
11341 3 0
11342 78 0
11343 79 0
11344 78 79
11345 0 79
11346 0 78
11347 79 79
11348 0 1
11349 2 0
11350 1 0
11351 78 79
11352 79 79
11353 0 79
11354 0 2
11355 78 79
11356 79 79
11357 0 78
11358 0 0
11359 78 0
11360 0 3
11361 79 0
11362 78 79
11363 79 79
11364 0 1
11365 0 0
11366 0 79
11367 78 0
11368 79 0
11369 0 2
11370 0 78
11371 0 3
11372 0 2
11373 0 79
11374 1 0
11375 0 0
11376 78 0
11377 79 0
11378 78 0
11379 0 3
11380 0 2
11381 0 3
11382 0 2
11383 0 3
11384 79 0
11385 0 1
11386 78 0
11387 79 0
11388 78 0
11389 0 0
11390 79 0
11391 0 1
11392 78 0
11393 78 79
11394 0 0
11395 79 79
11396 79 0
11397 78 0
11398 0 78
11399 0 79
11400 78 79
11401 0 78
11402 0 2
11403 79 0
11404 79 79
11405 0 79
11406 78 79
11407 0 3
11408 79 79
11409 78 79
11410 79 79
11411 0 78
11412 0 79
11413 0 2
11414 0 78
11415 78 79
11416 0 79
11417 0 3
11418 79 79
11419 78 0
11420 78 79
11421 79 0
11422 0 1
11423 0 4
11424 0 3
11425 79 79
11426 0 78
11427 78 79
11428 0 4
11429 78 0
11430 79 79
11431 78 79
11432 79 0
11433 79 79
11434 0 79
11435 78 0
11436 0 78
11437 79 0
11438 78 0
11439 78 79
11440 0 3
11441 79 79
11442 0 0
11443 0 1
11444 0 79
11445 78 79
11446 79 79
11447 0 4
11448 0 78
11449 0 0
11450 78 79
11451 79 79
11452 0 3
11453 0 1
11454 0 4
11455 78 79
11456 0 79
11457 0 78
11458 0 0
11459 0 3
11460 0 2
11461 0 3
11462 0 79
11463 0 2
11464 79 79
11465 1 0
11466 78 79
11467 79 0
11468 79 79
11469 0 1
11470 0 78
11471 0 2
11472 0 1
11473 0 79
11474 0 2
11475 78 0
11476 79 0
11477 78 0
11478 78 79
11479 0 1
11480 2 0
11481 1 0
11482 0 2
11483 0 78
11484 0 79
11485 0 0
11486 0 78
11487 1 0
11488 79 0
11489 0 0
11490 79 79
11491 0 3
11492 78 0
11493 0 2
11494 78 79
11495 79 79
11496 1 0
11497 0 79
11498 0 1
11499 79 0
11500 78 0
11501 2 0
11502 78 79
11503 0 78
11504 0 79
11505 79 79
11506 0 78
11507 78 79
11508 0 79
11509 0 78
11510 1 0
11511 79 79
11512 0 2
11513 78 79
11514 0 1
11515 79 79
11516 79 0
11517 0 2
11518 0 0
11519 0 79
11520 0 3
11521 78 0
11522 0 1
11523 79 0
11524 0 78
11525 0 79
11526 78 0
11527 0 4
11528 79 0
11529 0 0
11530 78 79
11531 0 1
11532 0 78
11533 78 0
11534 79 0
11535 0 79
11536 0 78
11537 78 0
11538 79 0
11539 0 79
11540 0 3
11541 79 79
11542 0 4
11543 0 78
11544 0 79
11545 0 3
11546 78 79
11547 0 78
11548 79 79
11549 0 0
11550 78 0
11551 0 1
11552 0 4
11553 0 0
11554 0 3
11555 0 2
11556 1 0
11557 0 0
11558 0 3
11559 0 1
11560 0 79
11561 0 78
11562 79 0
11563 0 4
11564 0 79
11565 78 79
11566 0 0
11567 0 3
11568 78 0
11569 0 2
11570 1 0
11571 0 1
11572 79 79
11573 78 79
11574 79 0
11575 2 0
11576 79 79
11577 1 0
11578 0 2
11579 0 1
11580 0 2
11581 0 78
11582 78 79
11583 0 79
11584 0 1
11585 2 0
11586 1 0
11587 78 0
11588 0 2
11589 0 1
11590 2 0
11591 79 0
11592 0 78
11593 79 79
11594 78 79
11595 0 0
11596 3 0
11597 2 0
11598 78 0
11599 79 0
11600 3 0
11601 2 0
11602 0 1
11603 0 0
11604 79 79
11605 3 0
11606 78 79
11607 0 79
11608 0 78
11609 2 0
11610 3 0
11611 2 0
11612 79 79
11613 0 1
11614 0 79
11615 78 79
11616 78 0
11617 0 0
11618 0 1
11619 0 0
11620 0 78
11621 79 79
11622 3 0
11623 0 79
11624 78 79
11625 2 0
11626 0 1
11627 0 0
11628 3 0
11629 79 79
11630 0 1
11631 2 0
11632 78 79
11633 0 78
11634 0 0
11635 79 79
11636 79 0
11637 78 0
11638 0 79
11639 3 0
11640 0 1
11641 2 0
11642 78 79
11643 79 79
11644 79 0
11645 1 0
11646 2 0
11647 78 0
11648 79 0
11649 1 0
11650 78 79
11651 2 0
11652 1 0
11653 79 79
11654 0 2
11655 0 78
11656 78 0
11657 78 79
11658 79 0
11659 79 79
11660 78 0
11661 79 0
11662 0 1
11663 0 79
11664 78 0
11665 0 2
11666 78 79
11667 79 0
11668 0 0
11669 1 0
11670 78 0
11671 0 0
11672 79 79
11673 0 78
11674 0 3
11675 0 1
11676 0 79
11677 78 79
11678 79 79
11679 0 4
11680 78 79
11681 79 0
11682 0 0
11683 79 79
11684 0 1
11685 78 79
11686 79 79
11687 0 78
11688 78 0
11689 0 0
11690 0 3
11691 0 79
11692 0 2
11693 0 78
11694 0 79
11695 0 3
11696 0 1
11697 0 4
11698 79 0
11699 78 0
11700 0 0
11701 0 3
11702 0 2
11703 0 3
11704 0 1
11705 78 79
11706 0 78
11707 79 0
11708 0 79
11709 0 0
11710 78 0
11711 79 0
11712 0 78
11713 0 2
11714 79 79
11715 78 79
11716 78 0
11717 0 3
11718 79 0
11719 0 79
11720 0 2
11721 1 0
11722 79 79
11723 0 78
11724 0 79
11725 0 1
11726 0 78
11727 0 2
11728 0 0
11729 1 0
11730 78 0
11731 0 79
11732 78 79
11733 0 78
11734 79 79
11735 0 1
11736 78 79
11737 79 0
11738 79 79
11739 78 0
11740 0 2
11741 79 0
11742 0 0
11743 1 0
11744 0 79
11745 78 79
11746 78 0
11747 0 0
11748 1 0
11749 0 1
11750 0 2
11751 0 0
11752 0 78
11753 79 0
11754 78 0
11755 0 3
11756 79 79
11757 78 79
11758 0 2
11759 1 0
11760 0 0
11761 79 0
11762 0 79
11763 79 79
11764 1 0
11765 0 78
11766 0 79
11767 78 79
11768 0 1
11769 0 78
11770 78 0
11771 0 79
11772 79 79
11773 79 0
11774 78 0
11775 2 0
11776 79 0
11777 78 0
11778 0 0
11779 3 0
11780 78 79
11781 2 0
11782 3 0
11783 79 79
11784 0 78
11785 0 79
11786 2 0
11787 3 0
11788 2 0
11789 79 0
11790 0 1
11791 0 0
11792 0 1
11793 1 0
11794 2 0
11795 78 0
11796 0 78
11797 79 0
11798 0 0
11799 3 0
11800 0 1
11801 2 0
11802 1 0
11803 2 0
11804 78 79
11805 78 0
11806 79 0
11807 0 79
11808 78 0
11809 0 78
11810 0 79
11811 0 0
11812 3 0
11813 0 1
11814 79 79
11815 2 0
11816 0 78
11817 1 0
11818 79 0
11819 2 0
11820 0 79
11821 1 0
11822 78 0
11823 79 0
11824 78 0
11825 0 78
11826 2 0
11827 79 0
11828 0 79
11829 0 0
11830 0 78
11831 78 0
11832 3 0
11833 2 0
11834 0 79
11835 78 79
11836 0 1
11837 0 78
11838 79 0
11839 1 0
11840 79 79
11841 2 0
11842 1 0
11843 2 0
11844 0 0
11845 3 0
11846 0 1
11847 78 79
11848 79 79
11849 78 0
11850 2 0
11851 1 0
11852 79 0
11853 78 79
11854 0 2
11855 79 79
11856 0 1
11857 78 79
11858 0 79
11859 0 2
11860 79 79
11861 0 0
11862 78 0
11863 1 0
11864 78 79
11865 0 0
11866 79 0
11867 0 78
11868 79 79
11869 0 3
11870 0 1
11871 0 4
11872 0 79
11873 0 0
11874 0 3
11875 0 78
11876 0 1
11877 0 79
11878 0 0
11879 0 78
11880 78 79
11881 0 79
11882 0 78
11883 79 79
11884 0 2
11885 78 0
11886 78 79
11887 79 0
11888 78 0
11889 79 79
11890 1 0
11891 0 0
11892 0 3
11893 79 0
11894 0 79
11895 0 1
11896 78 79
11897 79 79
11898 0 78
11899 78 0
11900 0 4
11901 78 79
11902 79 79
11903 0 79
11904 0 0
11905 79 0
11906 78 79
11907 0 3
11908 0 78
11909 78 0
11910 79 0
11911 79 79
11912 78 79
11913 0 79
11914 79 79
11915 0 2
11916 78 0
11917 78 79
11918 79 79
11919 78 79
11920 0 78
11921 0 79
11922 79 0
11923 0 3
11924 0 1
11925 0 0
11926 78 0
11927 0 1
11928 79 0
11929 0 78
11930 0 0
11931 0 1
11932 0 79
11933 0 78
11934 78 0
11935 79 0
11936 0 79
11937 0 4
11938 79 79
11939 0 0
11940 0 3
11941 78 0
11942 0 2
11943 78 79
11944 1 0
11945 0 0
11946 0 78
11947 1 0
11948 0 79
11949 79 79
11950 79 0
11951 0 1
11952 78 79
11953 0 78
11954 0 2
11955 0 1
11956 2 0
11957 0 79
11958 78 0
11959 0 0
11960 0 1
11961 79 79
11962 0 0
11963 3 0
11964 79 0
11965 0 78
11966 0 1
11967 0 79
11968 0 78
11969 2 0
11970 1 0
11971 2 0
11972 0 0
11973 78 79
11974 0 79
11975 79 79
11976 3 0
11977 78 0
11978 79 0
11979 78 79
11980 0 78
11981 0 1
11982 0 79
11983 78 0
11984 2 0
11985 79 0
11986 0 0
11987 0 1
11988 79 79
11989 0 78
11990 78 79
11991 79 79
11992 0 0
11993 78 79
11994 79 79
11995 0 1
11996 0 79
11997 78 79
11998 0 78
11999 1 0
12000 2 0
12001 0 79
12002 78 0
12003 79 79
12004 78 79
12005 1 0
12006 2 0
12007 0 78
12008 0 79
12009 1 0
12010 0 2
12011 79 79
12012 0 0
12013 0 3
12014 79 0
12015 78 79
12016 0 2
12017 0 3
12018 0 1
12019 0 0
12020 78 0
12021 0 2
12022 0 3
12023 0 2
12024 79 0
12025 0 3
12026 78 0
12027 79 79
12028 0 2
12029 0 78
12030 0 79
12031 0 3
12032 0 2
12033 1 0
12034 0 1
12035 79 0
12036 78 79
12037 0 2
12038 0 78
12039 78 0
12040 79 0
12041 0 0
12042 0 3
12043 0 79
12044 79 79
12045 78 79
12046 0 2
12047 0 3
12048 78 0
12049 0 1
12050 79 0
12051 0 4
12052 0 3
12053 0 0
12054 0 1
12055 78 0
12056 0 0
12057 79 79
12058 79 0
12059 78 79
12060 0 78
12061 0 2
12062 79 79
12063 0 79
12064 1 0
12065 0 0
12066 78 0
12067 0 78
12068 78 79
12069 1 0
12070 79 0
12071 0 1
12072 0 2
12073 0 79
12074 0 0
12075 78 0
12076 1 0
12077 0 0
12078 1 0
12079 0 1
12080 79 0
12081 2 0
12082 79 79
12083 1 0
12084 0 2
12085 0 1
12086 78 79
12087 2 0
12088 1 0
12089 2 0
12090 0 0
12091 79 79
12092 3 0
12093 2 0
12094 78 0
12095 0 1
12096 0 0
12097 3 0
12098 0 1
12099 0 78
12100 0 79
12101 78 79
12102 0 78
12103 79 79
12104 0 0
12105 0 1
12106 79 0
12107 78 0
12108 79 0
12109 0 0
12110 0 79
12111 0 1
12112 0 78
12113 2 0
12114 1 0
12115 78 0
12116 79 0
12117 2 0
12118 1 0
12119 2 0
12120 1 0
12121 78 0
12122 79 0
12123 0 79
12124 2 0
12125 1 0
12126 78 79
12127 0 2
12128 0 78
12129 0 0
12130 79 79
12131 0 3
12132 0 79
12133 0 78
12134 0 79
12135 78 0
12136 79 0
12137 0 2
12138 0 78
12139 78 79
12140 79 79
12141 0 3
12142 78 79
12143 0 2
12144 0 79
12145 0 3
12146 79 79
12147 0 1
12148 0 0
12149 0 1
12150 0 4
12151 78 79
12152 79 79
12153 78 0
12154 0 0
12155 79 0
12156 78 79
12157 79 79
12158 0 1
12159 0 78
12160 0 79
12161 0 78
12162 78 0
12163 0 3
12164 0 0
12165 78 79
12166 79 0
12167 78 0
12168 0 1
12169 79 79
12170 0 79
12171 79 0
12172 0 4
12173 78 79
12174 0 3
12175 78 0
12176 0 4
12177 0 0
12178 0 1
12179 0 78
12180 79 79
12181 79 0
12182 78 79
12183 78 0
12184 0 0
12185 0 79
12186 0 78
12187 0 79
12188 0 1
12189 79 79
12190 0 0
12191 79 0
12192 78 79
12193 79 79
12194 0 3
12195 0 1
12196 78 0
12197 0 4
12198 0 3
12199 0 0
12200 0 1
12201 78 79
12202 79 79
12203 0 0
12204 79 0
12205 78 0
12206 79 0
12207 78 0
12208 78 79
12209 79 0
12210 0 78
12211 0 1
12212 0 79
12213 78 0
12214 79 79
12215 0 0
12216 78 79
12217 0 78
12218 0 2
12219 79 79
12220 0 79
12221 0 78
12222 79 0
12223 1 0
12224 78 0
12225 79 0
12226 0 1
12227 0 79
12228 0 2
12229 0 0
12230 1 0
12231 78 0
12232 0 1
12233 79 0
12234 0 78
12235 0 2
12236 0 0
12237 78 79
12238 0 3
12239 0 79
12240 0 78
12241 79 79
12242 0 2
12243 78 79
12244 78 0
12245 0 3
12246 79 79
12247 79 0
12248 0 79
12249 78 79
12250 0 1
12251 79 79
12252 0 0
12253 78 79
12254 0 1
12255 79 79
12256 0 0
12257 0 78
12258 78 79
12259 0 1
12260 79 79
12261 78 0
12262 0 79
12263 79 0
12264 0 4
12265 78 79
12266 0 3
12267 79 79
12268 0 78
12269 78 0
12270 0 79
12271 79 0
12272 0 0
12273 0 78
12274 0 79
12275 0 2
12276 0 3
12277 0 78
12278 0 79
12279 78 0
12280 0 2
12281 78 79
12282 79 0
12283 1 0
12284 78 0
12285 0 1
12286 0 78
12287 79 0
12288 0 79
12289 0 2
12290 0 78
12291 78 0
12292 0 0
12293 1 0
12294 0 0
12295 79 0
12296 78 0
12297 79 79
12298 78 79
12299 79 0
12300 1 0
12301 78 0
12302 0 0
12303 79 79
12304 1 0
12305 0 1
12306 0 2
12307 78 79
12308 0 0
12309 1 0
12310 79 79
12311 0 79
12312 0 1
12313 0 78
12314 79 0
12315 0 79
12316 2 0
12317 1 0
12318 0 2
12319 0 78
12320 0 79
12321 0 0
12322 0 78
12323 0 79
12324 0 3
12325 0 78
12326 78 0
12327 0 1
12328 0 79
12329 0 0
12330 0 2
12331 78 79
12332 0 78
12333 0 3
12334 0 2
12335 0 3
12336 0 2
12337 79 79
12338 0 79
12339 0 3
12340 0 78
12341 0 79
12342 0 2
12343 78 79
12344 0 78
12345 79 79
12346 0 3
12347 0 2
12348 78 79
12349 1 0
12350 79 0
12351 0 0
12352 1 0
12353 79 79
12354 78 0
12355 0 1
12356 2 0
12357 0 0
12358 79 0
12359 0 1
12360 78 79
12361 0 0
12362 79 79
12363 78 0
12364 3 0
12365 79 0
12366 0 1
12367 0 0
12368 78 79
12369 2 0
12370 0 79
12371 79 79
12372 78 79
12373 0 1
12374 78 0
12375 0 78
12376 79 79
12377 0 79
12378 0 78
12379 1 0
12380 79 0
12381 2 0
12382 0 0
12383 78 79
12384 78 0
12385 79 79
12386 79 0
12387 0 79
12388 78 0
12389 78 79
12390 0 1
12391 0 78
12392 79 0
12393 78 0
12394 79 0
12395 79 79
12396 0 0
12397 78 79
12398 0 79
12399 0 1
12400 1 0
12401 79 79
12402 78 79
12403 0 78
12404 0 2
12405 78 0
12406 0 79
12407 0 1
12408 79 79
12409 0 78
12410 0 2
12411 0 0
12412 0 3
12413 79 0
12414 78 0
12415 79 0
12416 78 0
12417 79 0
12418 0 1
12419 0 0
12420 0 79
12421 78 0
12422 0 2
12423 78 79
12424 1 0
12425 0 1
12426 2 0
12427 0 78
12428 0 79
12429 0 78
12430 79 0
12431 79 79
12432 0 0
12433 0 79
12434 78 79
12435 0 1
12436 1 0
12437 2 0
12438 78 0
12439 1 0
12440 2 0
12441 79 79
12442 78 79
12443 79 0
12444 1 0
12445 2 0
12446 0 0
12447 3 0
12448 2 0
12449 0 1
12450 1 0
12451 78 0
12452 2 0
12453 79 79
12454 1 0
12455 0 2
12456 78 79
12457 0 1
12458 79 79
12459 79 0
12460 0 2
12461 0 0
12462 1 0
12463 0 0
12464 0 78
12465 0 3
12466 0 2
12467 0 3
12468 78 0
12469 0 79
12470 0 2
12471 1 0
12472 78 79
12473 0 0
12474 79 79
12475 1 0
12476 0 0
12477 79 0
12478 0 3
12479 0 1
12480 0 0
12481 78 0
12482 0 78
12483 0 1
12484 78 79
12485 0 0
12486 0 1
12487 79 0
12488 0 4
12489 0 79
12490 78 0
12491 79 0
12492 78 0
12493 79 0
12494 0 78
12495 79 79
12496 0 0
12497 0 3
12498 78 79
12499 0 1
12500 0 79
12501 0 0
12502 0 78
12503 78 0
12504 79 79
12505 78 79
12506 0 79
12507 79 0
12508 78 0
12509 79 79
12510 0 78
12511 78 79
12512 0 1
12513 79 0
12514 78 0
12515 79 0
12516 0 79
12517 0 4
12518 0 3
12519 0 0
12520 78 0
12521 0 2
12522 0 3
12523 79 79
12524 78 79
12525 0 78
12526 0 79
12527 79 0
12528 0 78
12529 0 1
12530 0 0
12531 78 0
12532 0 2
12533 79 0
12534 0 79
12535 0 78
12536 79 79
12537 78 79
12538 0 3
12539 78 0
12540 79 79
12541 0 79
12542 0 1
12543 79 0
12544 78 79
12545 79 79
12546 78 79
12547 0 78
12548 0 79
12549 0 4
12550 0 3
12551 0 78
12552 0 0
12553 78 0
12554 0 1
12555 0 4
12556 79 0
12557 0 3
12558 79 79
12559 78 79
12560 0 0
12561 79 79
12562 78 79
12563 0 2
12564 1 0
12565 0 79
12566 0 1
12567 78 0
12568 2 0
12569 79 79
12570 1 0
12571 79 0
12572 0 2
12573 0 0
12574 78 0
12575 78 79
12576 0 3
12577 79 0
12578 0 78
12579 78 0
12580 0 1
12581 79 0
12582 78 0
12583 79 79
12584 0 0
12585 0 1
12586 0 4
12587 78 79
12588 79 0
12589 79 79
12590 0 0
12591 0 1
12592 0 3
12593 0 0
12594 78 0
12595 78 79
12596 0 1
12597 79 79
12598 0 0
12599 0 79
12600 0 1
12601 78 79
12602 79 79
12603 78 79
12604 79 0
12605 0 4
12606 0 78
12607 0 3
12608 0 79
12609 78 0
12610 79 79
12611 0 78
12612 0 4
12613 0 3
12614 79 0
12615 0 79
12616 0 78
12617 78 0
12618 0 79
12619 0 78
12620 0 0
12621 0 79
12622 0 1
12623 0 78
12624 0 79
12625 0 0
12626 79 0
12627 78 0
12628 79 0
12629 0 2
12630 78 79
12631 0 3
12632 79 79
12633 0 2
12634 0 3
12635 78 0
12636 78 79
12637 0 2
12638 0 78
12639 0 3
12640 0 79
12641 79 0
12642 78 0
12643 0 1
12644 0 4
12645 0 0
12646 0 78
12647 79 0
12648 0 3
12649 78 0
12650 79 0
12651 0 2
12652 1 0
12653 0 0
12654 0 3
12655 78 0
12656 0 2
12657 0 79
12658 0 78
12659 0 79
12660 79 79
12661 78 79
12662 1 0
12663 0 0
12664 0 3
12665 0 1
12666 79 0
12667 79 79
12668 0 78
12669 0 0
12670 0 2
12671 78 0
12672 1 0
12673 0 79
12674 79 0
12675 0 78
12676 0 79
12677 78 79
12678 79 79
12679 0 78
12680 0 79
12681 0 78
12682 0 79
12683 0 0
12684 1 0
12685 78 0
12686 79 0
12687 0 1
12688 78 79
12689 79 79
12690 2 0
12691 78 79
12692 78 0
12693 79 0
12694 79 79
12695 0 0
12696 78 0
12697 79 0
12698 78 0
12699 3 0
12700 2 0
12701 3 0
12702 78 79
12703 79 0
12704 0 1
12705 0 78
12706 2 0
12707 0 0
12708 3 0
12709 78 0
12710 2 0
12711 0 1
12712 0 79
12713 79 0
12714 0 0
12715 78 0
12716 3 0
12717 79 0
12718 78 0
12719 0 1
12720 0 0
12721 2 0
12722 0 78
12723 0 1
12724 79 79
12725 0 79
12726 78 79
12727 1 0
12728 79 79
12729 0 78
12730 78 79
12731 0 2
12732 0 1
12733 79 0
12734 79 79
12735 0 2
12736 0 1
12737 78 79
12738 0 79
12739 0 78
12740 2 0
12741 0 0
12742 78 0
12743 0 1
12744 79 0
12745 79 79
12746 0 79
12747 78 79
12748 1 0
12749 79 79
12750 0 2
12751 0 1
12752 0 78
12753 0 79
12754 78 79
12755 79 79
12756 0 2
12757 0 1
12758 2 0
12759 0 0
12760 0 78
12761 78 79
12762 0 79
12763 78 0
12764 79 0
12765 3 0
12766 78 0
12767 0 1
12768 79 79
12769 0 0
12770 2 0
12771 0 1
12772 78 79
12773 0 78
12774 1 0
12775 0 2
12776 79 79
12777 0 79
12778 0 0
12779 1 0
12780 0 0
12781 78 79
12782 79 79
12783 0 78
12784 78 79
12785 0 79
12786 79 79
12787 0 3
12788 78 79
12789 0 78
12790 79 79
12791 0 79
12792 79 0
12793 0 78
12794 0 2
12795 1 0
12796 0 0
12797 1 0
12798 78 79
12799 79 79
12800 0 1
12801 0 79
12802 2 0
12803 0 0
12804 3 0
12805 78 0
12806 2 0
12807 0 78
12808 0 1
12809 0 79
12810 0 0
12811 3 0
12812 78 79
12813 0 1
12814 79 79
12815 78 79
12816 79 0
12817 2 0
12818 1 0
12819 0 78
12820 2 0
12821 0 0
12822 79 79
12823 78 0
12824 78 79
12825 79 0
12826 78 0
12827 79 0
12828 78 0
12829 0 79
12830 3 0
12831 2 0
12832 0 78
12833 3 0
12834 2 0
12835 0 1
12836 79 79
12837 0 79
12838 1 0
12839 2 0
12840 0 0
12841 0 1
12842 0 78
12843 79 0
12844 1 0
12845 0 2
12846 78 79
12847 0 79
12848 78 0
12849 0 0
12850 0 3
12851 0 78
12852 0 79
12853 0 78
12854 0 79
12855 79 79
12856 79 0
12857 0 1
12858 78 79
12859 78 0
12860 79 0
12861 0 78
12862 0 79
12863 0 78
12864 0 0
12865 79 79
12866 0 2
12867 1 0
12868 78 79
12869 79 79
12870 0 0
12871 0 3
12872 0 2
12873 0 3
12874 0 2
12875 78 79
12876 0 3
12877 0 2
12878 0 3
12879 0 79
12880 79 79
12881 0 78
12882 0 1
12883 0 79
12884 78 0
12885 0 78
12886 0 4
12887 78 79
12888 0 79
12889 79 79
12890 0 3
12891 79 0
12892 0 78
12893 0 0
12894 0 79
12895 0 2
12896 0 78
12897 0 79
12898 1 0
12899 0 0
12900 0 78
12901 78 0
12902 78 79
12903 0 3
12904 0 79
12905 79 0
12906 78 0
12907 0 78
12908 79 0
12909 0 79
12910 0 78
12911 0 2
12912 78 0
12913 0 3
12914 0 79
12915 0 1
12916 79 79
12917 0 78
12918 79 0
12919 78 0
12920 0 4
12921 78 79
12922 0 79
12923 0 78
12924 0 3
12925 79 0
12926 79 79
12927 78 0
12928 0 0
12929 0 79
12930 79 0
12931 78 0
12932 0 78
12933 79 0
12934 0 79
12935 78 0
12936 0 1
12937 0 78
12938 79 0
12939 0 0
12940 78 79
12941 79 79
12942 78 0
12943 0 1
12944 79 0
12945 78 79
12946 78 0
12947 0 79
12948 0 78
12949 0 4
12950 0 0
12951 79 0
12952 0 1
12953 0 3
12954 0 4
12955 0 79
12956 0 3
12957 78 0
12958 0 0
12959 0 78
12960 0 1
12961 0 0
12962 0 1
12963 79 0
12964 78 0
12965 0 4
12966 0 0
12967 79 79
12968 0 79
12969 78 79
12970 79 79
12971 78 79
12972 79 0
12973 0 3
12974 0 2
12975 1 0
12976 0 78
12977 78 0
12978 79 0
12979 0 1
12980 78 0
12981 0 2
12982 0 0
12983 79 79
12984 79 0
12985 78 79
12986 1 0
12987 0 79
12988 78 0
12989 0 1
12990 0 78
12991 0 2
12992 0 1
12993 2 0
12994 79 79
12995 0 0
12996 79 0
12997 78 79
12998 0 79
12999 78 0
13000 79 79
13001 3 0
13002 2 0
13003 78 79
13004 0 1
13005 1 0
13006 0 2
13007 0 0
13008 0 3
13009 0 78
13010 0 2
13011 1 0
13012 0 1
13013 2 0
13014 79 79
13015 0 0
13016 3 0
13017 0 79
13018 78 79
13019 79 79
13020 2 0
13021 0 1
13022 0 78
13023 0 0
13024 3 0
13025 78 79
13026 0 79
13027 0 78
13028 0 1
13029 2 0
13030 79 0
13031 0 0
13032 0 1
13033 0 79
13034 0 78
13035 1 0
13036 0 79
13037 0 2
13038 0 1
13039 2 0
13040 0 0
13041 79 79
13042 0 78
13043 0 1
13044 0 79
13045 78 79
13046 78 0
13047 79 79
13048 79 0
13049 78 0
13050 0 78
13051 78 79
13052 79 0
13053 0 0
13054 0 1
13055 1 0
13056 0 2
13057 79 79
13058 0 79
13059 0 78
13060 0 1
13061 78 0
13062 2 0
13063 0 0
13064 0 1
13065 79 0
13066 0 79
13067 78 0
13068 1 0
13069 78 79
13070 79 79
13071 79 0
13072 0 2
13073 78 0
13074 0 78
13075 0 79
13076 78 79
13077 0 1
13078 0 2
13079 0 78
13080 79 0
13081 78 0
13082 79 0
13083 78 0
13084 79 79
13085 0 0
13086 0 3
13087 0 79
13088 0 2
13089 1 0
13090 78 79
13091 0 0
13092 79 0
13093 1 0
13094 0 0
13095 78 0
13096 0 78
13097 79 0
13098 0 3
13099 0 2
13100 0 3
13101 0 1
13102 79 79
13103 0 0
13104 0 2
13105 0 79
13106 78 0
13107 0 78
13108 78 79
13109 79 79
13110 1 0
13111 0 0
13112 0 79
13113 1 0
13114 0 0
13115 1 0
13116 79 0
13117 0 1
13118 0 78
13119 78 0
13120 0 2
13121 0 79
13122 0 1
13123 0 2
13124 0 0
13125 79 0
13126 0 78
13127 78 79
13128 1 0
13129 78 0
13130 0 0
13131 79 0
13132 0 79
13133 0 78
13134 0 3
13135 0 2
13136 78 0
13137 1 0
13138 0 1
13139 79 79
13140 0 79
13141 2 0
13142 0 0
13143 0 78
13144 3 0
13145 79 0
13146 0 1
13147 0 79
13148 2 0
13149 78 0
13150 0 0
13151 0 78
13152 0 79
13153 79 0
13154 0 1
13155 0 78
13156 1 0
13157 2 0
13158 0 0
13159 78 79
13160 78 0
13161 0 1
13162 79 79
13163 79 0
13164 1 0
13165 2 0
13166 0 0
13167 78 79
13168 0 1
13169 0 0
13170 79 79
13171 0 79
13172 3 0
13173 2 0
13174 0 1
13175 0 78
13176 1 0
13177 2 0
13178 0 0
13179 0 79
13180 78 0
13181 0 78
13182 78 79
13183 79 0
13184 3 0
13185 2 0
13186 78 0
13187 0 79
13188 79 0
13189 78 0
13190 79 0
13191 0 1
13192 78 0
13193 0 78
13194 79 0
13195 1 0
13196 79 79
13197 0 2
13198 0 1
13199 78 79
13200 2 0
13201 78 0
13202 1 0
13203 79 0
13204 2 0
13205 0 79
13206 0 0
13207 3 0
13208 0 78
13209 79 79
13210 2 0
13211 3 0
13212 0 79
13213 0 1
13214 78 0
13215 2 0
13216 78 79
13217 0 78
13218 79 0
13219 1 0
13220 78 0
13221 0 2
13222 0 1
13223 79 0
13224 78 0
13225 2 0
13226 79 79
13227 79 0
13228 78 79
13229 0 0
13230 79 79
13231 0 1
13232 78 79
13233 78 0
13234 1 0
13235 79 0
13236 79 79
13237 2 0
13238 78 79
13239 1 0
13240 0 2
13241 0 79
13242 79 79
13243 0 78
13244 78 79
13245 0 0
13246 0 79
13247 0 78
13248 0 3
13249 0 79
13250 79 79
13251 0 1
13252 78 79
13253 78 0
13254 0 78
13255 0 79
13256 0 4
13257 0 78
13258 79 0
13259 0 3
13260 0 0
13261 0 2
13262 1 0
13263 78 0
13264 0 79
13265 0 0
13266 0 3
13267 0 1
13268 0 78
13269 0 79
13270 0 4
13271 0 3
13272 79 79
13273 79 0
13274 78 0
13275 79 0
13276 0 78
13277 0 4
13278 0 79
13279 0 78
13280 0 0
13281 0 79
13282 78 79
13283 0 1
13284 0 3
13285 79 79
13286 0 78
13287 78 79
13288 0 79
13289 0 4
13290 0 0
13291 0 3
13292 79 79
13293 78 0
13294 0 78
13295 0 1
13296 0 0
13297 0 1
13298 0 0
13299 0 1
13300 78 79
13301 79 79
13302 0 4
13303 0 79
13304 0 78
13305 79 0
13306 0 3
13307 0 0
13308 0 79
13309 78 79
13310 78 0
13311 0 2
13312 1 0
13313 79 79
13314 78 79
13315 0 78
13316 0 1
13317 0 79
13318 79 0
13319 79 79
13320 0 78
13321 78 0
13322 79 0
13323 78 79
13324 79 79
13325 0 79
13326 2 0
13327 78 79
13328 1 0
13329 79 79
13330 78 0
13331 2 0
13332 1 0
13333 2 0
13334 1 0
13335 0 78
13336 2 0
13337 0 0
13338 78 79
13339 79 79
13340 3 0
13341 2 0
13342 0 79
13343 3 0
13344 2 0
13345 0 78
13346 78 79
13347 79 79
13348 78 79
13349 0 1
13350 0 0
13351 3 0
13352 0 79
13353 2 0
13354 3 0
13355 79 0
13356 0 1
13357 0 0
13358 0 1
13359 0 0
13360 78 0
13361 79 79
13362 78 79
13363 79 79
13364 0 1
13365 79 0
13366 2 0
13367 78 0
13368 1 0
13369 2 0
13370 0 0
13371 3 0
13372 0 1
13373 0 78
13374 78 79
13375 79 79
13376 78 79
13377 2 0
13378 0 0
13379 0 1
13380 1 0
13381 79 0
13382 2 0
13383 78 0
13384 0 0
13385 3 0
13386 0 1
13387 79 79
13388 0 79
13389 0 78
13390 78 79
13391 0 79
13392 0 78
13393 0 79
13394 0 0
13395 0 78
13396 0 1
13397 79 0
13398 0 79
13399 79 79
13400 0 78
13401 0 79
13402 0 78
13403 0 0
13404 2 0
13405 0 79
13406 0 1
13407 0 0
13408 3 0
13409 0 1
13410 2 0
13411 78 79
13412 0 78
13413 0 0
13414 0 79
13415 78 0
13416 0 78
13417 0 1
13418 1 0
13419 0 79
13420 79 79
13421 2 0
13422 0 78
13423 79 0
13424 78 0
13425 0 79
13426 0 0
13427 78 79
13428 79 79
13429 78 79
13430 79 0
13431 0 78
13432 0 79
13433 0 78
13434 79 79
13435 0 79
13436 0 1
13437 78 79
13438 1 0
13439 79 79
13440 78 79
13441 0 78
13442 0 79
13443 79 79
13444 0 78
13445 78 79
13446 78 0
13447 79 0
13448 79 79
13449 0 2
13450 0 79
13451 78 79
13452 79 79
13453 0 1
13454 0 78
13455 78 79
13456 0 2
13457 0 0
13458 0 79
13459 79 79
13460 78 0
13461 0 3
13462 79 0
13463 78 0
13464 0 78
13465 79 0
13466 0 2
13467 78 0
13468 79 0
13469 78 79
13470 0 79
13471 1 0
13472 78 0
13473 79 0
13474 0 1
13475 0 78
13476 79 79
13477 78 0
13478 78 79
13479 2 0
13480 0 79
13481 1 0
13482 2 0
13483 0 0
13484 79 0
13485 79 79
13486 0 78
13487 0 79
13488 0 1
13489 78 0
13490 0 0
13491 3 0
13492 2 0
13493 79 0
13494 78 79
13495 79 79
13496 78 79
13497 79 79
13498 0 78
13499 78 79
13500 79 79
13501 0 1
13502 0 79
13503 0 0
13504 3 0
13505 2 0
13506 0 1
13507 78 79
13508 1 0
13509 79 79
13510 0 78
13511 2 0
13512 0 0
13513 0 1
13514 0 79
13515 78 0
13516 0 0
13517 0 1
13518 0 0
13519 78 79
13520 79 0
13521 78 0
13522 3 0
13523 2 0
13524 0 78
13525 0 1
13526 79 0
13527 0 79
13528 78 0
13529 79 0
13530 1 0
13531 78 0
13532 79 79
13533 78 79
13534 79 0
13535 78 0
13536 79 0
13537 0 78
13538 2 0
13539 1 0
13540 79 79
13541 2 0
13542 78 79
13543 0 0
13544 3 0
13545 79 79
13546 78 79
13547 79 79
13548 78 0
13549 2 0
13550 3 0
13551 2 0
13552 78 79
13553 0 79
13554 79 79
13555 78 79
13556 3 0
13557 79 0
13558 79 79
13559 78 79
13560 79 79
13561 0 1
13562 78 0
13563 78 79
13564 79 79
13565 0 78
13566 0 79
13567 2 0
13568 1 0
13569 79 0
13570 2 0
13571 78 79
13572 79 79
13573 0 78
13574 0 0
13575 0 79
13576 0 1
13577 1 0
13578 78 0
13579 2 0
13580 0 78
13581 0 79
13582 0 78
13583 0 79
13584 1 0
13585 78 79
13586 79 79
13587 0 2
13588 0 1
13589 0 78
13590 79 0
13591 2 0
13592 78 0
13593 79 0
13594 0 79
13595 1 0
13596 78 79
13597 78 0
13598 2 0
13599 79 0
13600 1 0
13601 2 0
13602 1 0
13603 0 2
13604 78 0
13605 0 1
13606 79 0
13607 2 0
13608 1 0
13609 0 78
13610 79 79
13611 78 0
13612 2 0
13613 78 79
13614 0 0
13615 79 0
13616 78 0
13617 0 1
13618 1 0
13619 2 0
13620 1 0
13621 0 2
13622 0 0
13623 79 79
13624 0 79
13625 0 78
13626 78 79
13627 79 79
13628 0 79
13629 0 3
13630 79 0
13631 78 79
13632 0 2
13633 0 78
13634 1 0
13635 78 0
13636 79 79
13637 0 0
13638 0 79
13639 79 0
13640 1 0
13641 0 0
13642 1 0
13643 78 0
13644 0 78
13645 0 79
13646 0 0
13647 78 79
13648 79 79
13649 79 0
13650 1 0
13651 0 0
13652 78 0
13653 0 3
13654 79 0
13655 78 0
13656 78 79
13657 0 1
13658 0 0
13659 0 2
13660 79 0
13661 0 78
13662 79 79
13663 78 0
13664 0 79
13665 78 79
13666 0 3
13667 0 78
13668 79 0
13669 78 0
13670 0 2
13671 79 0
13672 0 3
13673 0 1
13674 0 79
13675 0 4
13676 79 79
13677 0 3
13678 0 0
13679 0 1
13680 0 4
13681 0 78
13682 78 79
13683 0 3
13684 78 0
13685 0 79
13686 0 4
13687 79 79
13688 79 0
13689 78 79
13690 0 3
13691 79 79
13692 0 78
13693 0 79
13694 0 4
13695 78 79
13696 79 79
13697 78 0
13698 0 0
13699 0 78
13700 0 79
13701 0 1
13702 0 78
13703 0 0
13704 79 0
13705 78 79
13706 78 0
13707 0 79
13708 0 1
13709 0 78
13710 0 0
13711 79 79
13712 0 1
13713 78 79
13714 0 79
13715 0 3
13716 0 78
13717 0 4
13718 79 0
13719 79 79
13720 0 0
13721 0 79
13722 78 79
13723 78 0
13724 79 0
13725 0 3
13726 0 78
13727 78 0
13728 0 79
13729 79 0
13730 78 0
13731 0 78
13732 0 1
13733 0 79
13734 0 0
13735 79 79
13736 0 78
13737 0 79
13738 78 79
13739 0 1
13740 79 0
13741 0 78
13742 78 0
13743 79 0
13744 0 0
13745 79 79
13746 0 79
13747 0 1
13748 78 0
13749 0 0
13750 78 79
13751 0 1
13752 0 78
13753 0 0
13754 0 1
13755 0 79
13756 79 0
13757 0 0
13758 79 79
13759 0 2
13760 0 3
13761 0 78
13762 0 79
13763 78 0
13764 79 0
13765 0 78
13766 0 2
13767 0 3
13768 0 79
13769 78 79
13770 0 78
13771 0 2
13772 79 79
13773 78 79
13774 79 79
13775 78 0
13776 0 3
13777 78 79
13778 0 1
13779 79 79
13780 0 0
13781 0 2
13782 1 0
13783 0 1
13784 79 0
13785 0 79
13786 2 0
13787 1 0
13788 78 0
13789 2 0
13790 78 79
13791 79 0
13792 0 0
13793 3 0
13794 79 79
13795 0 1
13796 0 78
13797 0 0
13798 78 79
13799 2 0
13800 78 0
13801 0 1
13802 0 79
13803 79 0
13804 1 0
13805 0 78
13806 78 0
13807 79 0
13808 0 79
13809 0 2
13810 0 0
13811 1 0
13812 79 79
13813 78 0
13814 79 0
13815 0 78
13816 0 1
13817 78 79
13818 0 2
13819 0 79
13820 0 0
13821 79 79
13822 78 79
13823 79 79
13824 0 3
13825 78 79
13826 0 1
13827 78 0
13828 0 4
13829 0 0
13830 0 3
13831 0 1
13832 79 79
13833 0 0
13834 0 78
13835 0 79
13836 0 2
13837 79 0
13838 78 79
13839 1 0
13840 79 79
13841 78 79
13842 0 78
13843 0 1
13844 2 0
13845 0 79
13846 1 0
13847 0 78
13848 0 2
13849 0 79
13850 79 79
13851 0 1
13852 0 2
13853 78 0
13854 79 0
13855 0 0
13856 1 0
13857 0 0
13858 78 0
13859 0 78
13860 0 79
13861 1 0
13862 0 1
13863 2 0
13864 0 0
13865 79 0
13866 78 79
13867 0 78
13868 79 79
13869 0 1
13870 0 79
13871 0 78
13872 0 0
13873 3 0
13874 2 0
13875 3 0
13876 2 0
13877 78 79
13878 0 79
13879 3 0
13880 2 0
13881 78 0
13882 3 0
13883 0 1
13884 79 0
13885 79 79
13886 2 0
13887 78 79
13888 0 78
13889 0 79
13890 0 0
13891 0 1
13892 78 0
13893 0 78
13894 1 0
13895 0 2
13896 79 79
13897 0 1
13898 79 0
13899 78 0
13900 0 2
13901 0 79
13902 79 0
13903 0 78
13904 78 0
13905 79 0
13906 78 0
13907 0 1
13908 0 2
13909 0 1
13910 0 79
13911 79 0
13912 0 2
13913 0 0
13914 0 78
13915 78 79
13916 0 3
13917 78 0
13918 79 0
13919 79 79
13920 0 79
13921 78 79
13922 79 79
13923 78 79
13924 78 0
13925 0 1
13926 0 78
13927 0 0
13928 0 1
13929 79 0
13930 0 0
13931 0 1
13932 79 79
13933 78 0
13934 79 0
13935 0 4
13936 78 79
13937 0 0
13938 79 79
13939 0 3
13940 78 79
13941 0 1
13942 78 0
13943 79 79
13944 0 0
13945 0 79
13946 0 1
13947 0 78
13948 0 4
13949 0 0
13950 79 0
13951 0 3
13952 78 79
13953 78 0
13954 79 0
13955 79 79
13956 78 79
13957 79 79
13958 0 79
13959 78 0
13960 0 2
13961 0 78
13962 78 79
13963 0 3
13964 79 79
13965 78 79
13966 0 79
13967 0 2
13968 0 3
13969 0 1
13970 79 0
13971 79 79
13972 78 0
13973 0 78
13974 0 4
13975 78 79
13976 0 79
13977 0 78
13978 0 0
13979 0 1
13980 0 3
13981 79 79
13982 0 0
13983 0 1
13984 0 4
13985 0 0
13986 0 1
13987 0 79
13988 0 3
13989 79 0
13990 0 4
13991 78 79
13992 79 79
13993 0 3
13994 78 0
13995 0 78
13996 78 79
13997 79 0
13998 0 0
13999 0 79
14000 0 2
14001 78 0
14002 0 3
14003 79 0
14004 78 0
14005 0 1
14006 0 0
14007 0 78
14008 0 2
14009 1 0
14010 0 1
14011 79 0
14012 2 0
14013 1 0
14014 0 79
14015 79 79
14016 2 0
14017 78 0
14018 79 0
14019 0 0
14020 3 0
14021 0 1
14022 0 0
14023 78 79
14024 0 78
14025 0 79
14026 2 0
14027 0 78
14028 78 0
14029 0 79
14030 79 79
14031 78 79
14032 79 0
14033 0 1
14034 0 0
14035 0 78
14036 0 1
14037 0 79
14038 78 0
14039 1 0
14040 79 0
14041 0 78
14042 0 2
14043 0 1
14044 0 79
14045 79 79
14046 0 2
14047 78 0
14048 79 0
14049 0 0
14050 0 3
14051 78 79
14052 78 0
14053 0 1
14054 0 4
14055 0 3
14056 79 0
14057 79 79
14058 0 78
14059 78 79
14060 0 79
14061 0 78
14062 79 79
14063 0 79
14064 0 78
14065 0 79
14066 0 78
14067 78 0
14068 78 79
14069 79 79
14070 78 79
14071 79 79
14072 0 0
14073 79 0
14074 78 79
14075 0 2
14076 79 79
14077 78 79
14078 78 0
14079 1 0
14080 0 1
14081 79 79
14082 79 0
14083 0 79
14084 0 78
14085 0 2
14086 78 79
14087 0 0
14088 78 0
14089 0 79
14090 0 3
14091 0 1
14092 79 79
14093 0 4
14094 78 79
14095 79 0
14096 0 0
14097 78 0
14098 0 78
14099 0 1
14100 79 79
14101 78 79
14102 79 0
14103 0 79
14104 79 79
14105 0 3
14106 78 0
14107 0 0
14108 78 79
14109 79 79
14110 0 1
14111 0 4
14112 78 79
14113 0 3
14114 0 78
14115 79 79
14116 0 0
14117 79 0
14118 78 79
14119 0 2
14120 1 0
14121 0 0
14122 78 0
14123 1 0
14124 0 1
14125 2 0
14126 79 79
14127 78 79
14128 79 79
14129 1 0
14130 0 79
14131 0 2
14132 79 0
14133 0 0
14134 78 0
14135 0 78
14136 78 79
14137 0 79
14138 79 0
14139 79 79
14140 0 3
14141 0 2
14142 0 3
14143 0 78
14144 78 0
14145 0 2
14146 1 0
14147 0 79
14148 0 1
14149 79 0
14150 78 79
14151 0 2
14152 79 79
14153 0 78
14154 0 0
14155 0 3
14156 0 2
14157 0 3
14158 78 79
14159 79 79
14160 0 1
14161 78 79
14162 0 4
14163 0 3
14164 0 79
14165 0 0
14166 79 79
14167 78 79
14168 0 1
14169 79 79
14170 0 0
14171 78 0
14172 78 79
14173 0 2
14174 1 0
14175 0 0
14176 0 3
14177 0 1
14178 0 4
14179 0 3
14180 0 78
14181 0 79
14182 0 0
14183 79 0
14184 0 1
14185 0 0
14186 79 79
14187 0 78
14188 0 79
14189 78 0
14190 78 79
14191 0 2
14192 0 3
14193 79 79
14194 78 79
14195 0 2
14196 79 0
14197 1 0
14198 0 1
14199 79 79
14200 78 79
14201 0 78
14202 78 0
14203 0 2
14204 79 79
14205 0 1
14206 78 79
14207 79 0
14208 2 0
14209 78 0
14210 0 0
14211 79 0
14212 0 79
14213 78 0
14214 3 0
14215 79 0
14216 0 78
14217 2 0
14218 78 0
14219 79 79
14220 0 1
14221 1 0
14222 0 2
14223 0 79
14224 79 0
14225 0 78
14226 0 0
14227 78 0
14228 79 0
14229 0 3
14230 0 1
14231 78 0
14232 0 79
14233 78 79
14234 0 4
14235 0 0
14236 0 3
14237 0 78
14238 79 79
14239 0 79
14240 0 1
14241 0 78
14242 79 0
14243 78 79
14244 0 79
14245 0 78
14246 0 79
14247 0 78
14248 0 0
14249 79 79
14250 0 79
14251 0 78
14252 78 79
14253 0 79
14254 78 0
14255 79 79
14256 78 79
14257 79 0
14258 0 78
14259 0 79
14260 79 79
14261 0 2
14262 1 0
14263 78 0
14264 0 78
14265 0 79
14266 0 1
14267 79 0
14268 2 0
14269 1 0
14270 2 0
14271 78 79
14272 78 0
14273 0 78
14274 79 79
14275 0 79
14276 1 0
14277 0 2
14278 0 1
14279 0 78
14280 78 79
14281 0 79
14282 79 79
14283 0 2
14284 79 0
14285 0 1
14286 78 0
14287 2 0
14288 0 78
14289 0 0
14290 0 79
14291 0 1
14292 78 79
14293 79 79
14294 79 0
14295 1 0
14296 78 0
14297 0 78
14298 2 0
14299 79 0
14300 78 79
14301 0 0
14302 0 79
14303 78 0
14304 0 78
14305 0 1
14306 79 79
14307 1 0
14308 2 0
14309 79 0
14310 0 0
14311 3 0
14312 0 79
14313 0 78
14314 78 79
14315 0 79
14316 0 78
14317 0 79
14318 0 78
14319 79 79
14320 0 1
14321 78 79
14322 79 79
14323 78 0
14324 2 0
14325 0 79
14326 0 78
14327 78 79
14328 1 0
14329 2 0
14330 79 0
14331 0 0
14332 78 0
14333 79 0
14334 0 79
14335 79 79
14336 78 0
14337 79 0
14338 78 0
14339 3 0
14340 79 0
14341 78 79
14342 0 1
14343 79 79
14344 0 78
14345 2 0
14346 0 0
14347 0 79
14348 3 0
14349 2 0
14350 78 79
14351 78 0
14352 0 78
14353 0 79
14354 3 0
14355 2 0
14356 79 0
14357 3 0
14358 2 0
14359 0 1
14360 0 78
14361 79 79
14362 0 0
14363 0 1
14364 0 79
14365 0 0
14366 0 78
14367 3 0
14368 78 0
14369 0 79
14370 0 78
14371 78 79
14372 2 0
14373 79 79
14374 79 0
14375 0 1
14376 78 0
14377 1 0
14378 78 79
14379 0 2
14380 79 79
14381 79 0
14382 78 0
14383 79 0
14384 0 1
14385 0 79
14386 78 0
14387 78 79
14388 79 79
14389 78 79
14390 79 0
14391 0 78
14392 2 0
14393 1 0
14394 79 79
14395 78 0
14396 0 2
14397 78 79
14398 0 79
14399 0 1
14400 79 0
14401 79 79
14402 0 78
14403 0 2
14404 78 0
14405 0 0
14406 1 0
14407 0 0
14408 1 0
14409 0 79
14410 0 78
14411 78 79
14412 0 0
14413 0 3
14414 79 0
14415 0 1
14416 0 4
14417 78 0
14418 79 0
14419 79 79
14420 0 0
14421 78 0
14422 0 1
14423 78 79
14424 0 79
14425 0 0
14426 79 0
14427 0 78
14428 78 0
14429 0 3
14430 79 0
14431 0 2
14432 0 79
14433 1 0
14434 0 0
14435 0 78
14436 78 0
14437 0 79
14438 0 3
14439 79 0
14440 0 78
14441 0 1
14442 0 79
14443 0 4
14444 0 3
14445 78 0
14446 0 0
14447 79 0
14448 0 2
14449 0 3
14450 0 78
14451 79 79
14452 0 1
14453 0 4
14454 78 0
14455 78 79
14456 0 79
14457 0 78
14458 0 3
14459 0 4
14460 0 0
14461 0 79
14462 79 79
14463 79 0
14464 0 3
14465 0 78
14466 0 79
14467 0 2
14468 1 0
14469 78 79
14470 0 0
14471 0 3
14472 0 78
14473 0 1
14474 0 79
14475 0 4
14476 0 78
14477 79 79
14478 78 0
14479 0 3
14480 0 4
14481 79 0
14482 0 0
14483 78 0
14484 79 0
14485 0 1
14486 0 0
14487 78 79
14488 0 3
14489 79 79
14490 0 79
14491 78 0
14492 0 78
14493 79 0
14494 78 79
14495 78 0
14496 0 2
14497 79 79
14498 0 3
14499 79 0
14500 0 2
14501 78 0
14502 0 79
14503 0 78
14504 0 79
14505 79 0
14506 78 79
14507 1 0
14508 78 0
14509 79 0
14510 78 0
14511 0 1
14512 79 0
14513 79 79
14514 78 79
14515 0 2
14516 79 79
14517 78 0
14518 0 78
14519 0 1
14520 78 79
14521 0 79
14522 79 79
14523 0 78
14524 0 2
14525 0 1
14526 79 0
14527 78 79
14528 79 79
14529 78 79
14530 2 0
14531 0 0
14532 78 0
14533 0 1
14534 79 0
14535 0 0
14536 3 0
14537 0 1
14538 78 0
14539 0 0
14540 79 79
14541 79 0
14542 78 79
14543 2 0
14544 0 79
14545 78 0
14546 0 78
14547 79 79
14548 0 1
14549 0 79
14550 0 78
14551 1 0
14552 79 0
14553 0 2
14554 78 79
14555 78 0
14556 0 1
14557 0 2
14558 0 1
14559 0 2
14560 0 0
14561 0 3
14562 79 79
14563 0 2
14564 79 0
14565 78 79
14566 0 79
14567 0 3
14568 78 0
14569 79 79
14570 0 2
14571 79 0
14572 1 0
14573 0 1
14574 2 0
14575 0 0
14576 78 79
14577 3 0
14578 0 1
14579 0 0
14580 79 79
14581 0 1
14582 78 0
14583 79 0
14584 2 0
14585 0 0
14586 3 0
14587 78 79
14588 78 0
14589 0 1
14590 79 0
14591 78 0
14592 79 0
14593 78 0
14594 0 78
14595 2 0
14596 0 0
14597 3 0
14598 2 0
14599 0 79
14600 79 79
14601 78 79
14602 0 1
14603 0 78
14604 79 0
14605 0 0
14606 0 1
14607 0 0
14608 79 79
14609 78 0
14610 3 0
14611 78 79
14612 0 1
14613 79 79
14614 0 79
14615 2 0
14616 1 0
14617 0 78
14618 0 79
14619 79 0
14620 2 0
14621 0 0
14622 3 0
14623 0 1
14624 2 0
14625 78 79
14626 79 79
14627 0 78
14628 0 79
14629 78 79
14630 1 0
14631 2 0
14632 1 0
14633 2 0
14634 0 0
14635 79 79
14636 3 0
14637 78 79
14638 0 78
14639 2 0
14640 0 79
14641 0 78
14642 0 1
14643 78 0
14644 1 0
14645 2 0
14646 1 0
14647 79 79
14648 0 79
14649 78 79
14650 2 0
14651 79 0
14652 0 78
14653 0 0
14654 79 79
14655 3 0
14656 2 0
14657 78 79
14658 79 79
14659 0 1
14660 78 0
14661 79 0
14662 0 0
14663 3 0
14664 78 79
14665 2 0
14666 78 0
14667 3 0
14668 2 0
14669 0 79
14670 0 1
14671 79 79
14672 78 79
14673 1 0
14674 79 0
14675 0 2
14676 78 0
14677 0 1
14678 2 0
14679 0 0
14680 79 79
14681 0 1
14682 0 78
14683 78 79
14684 1 0
14685 0 79
14686 2 0
14687 0 78
14688 79 0
14689 78 0
14690 1 0
14691 2 0
14692 1 0
14693 0 79
14694 0 2
14695 79 79
14696 0 1
14697 0 2
14698 0 1
14699 0 2
14700 0 78
14701 0 0
14702 1 0
14703 0 79
14704 0 78
14705 0 1
14706 2 0
14707 1 0
14708 79 0
14709 2 0
14710 78 79
14711 1 0
14712 78 0
14713 79 0
14714 2 0
14715 78 0
14716 0 0
14717 0 1
14718 79 0
14719 0 79
14720 0 0
14721 79 79
14722 78 79
14723 0 78
14724 0 79
14725 0 78
14726 0 79
14727 79 79
14728 0 1
14729 78 0
14730 0 0
14731 0 1
14732 1 0
14733 2 0
14734 1 0
14735 78 79
14736 79 79
14737 0 2
14738 0 78
14739 78 79
14740 0 1
14741 0 2
14742 0 0
14743 0 3
14744 79 0
14745 0 1
14746 79 79
14747 0 0
14748 0 79
14749 0 1
14750 0 4
14751 78 0
14752 0 0
14753 0 78
14754 0 79
14755 0 3
14756 78 79
14757 79 0
14758 0 2
14759 0 78
14760 79 79
14761 0 3
14762 0 1
14763 78 0
14764 79 0
14765 78 0
14766 79 0
14767 0 4
14768 0 3
14769 0 79
14770 78 79
14771 79 79
14772 0 4
14773 0 3
14774 0 0
14775 0 2
14776 0 78
14777 78 79
14778 79 79
14779 78 0
14780 79 0
14781 0 79
14782 78 0
14783 0 3
14784 0 1
14785 78 79
14786 0 0
14787 79 79
14788 79 0
14789 0 78
14790 0 79
14791 78 79
14792 0 1
14793 0 4
14794 78 0
14795 79 0
14796 79 79
14797 0 0
14798 78 79
14799 78 0
14800 0 3
14801 79 0
14802 78 0
14803 0 1
14804 0 78
14805 79 79
14806 0 79
14807 79 0
14808 0 0
14809 78 79
14810 0 1
14811 78 0
14812 0 4
14813 0 3
14814 79 0
14815 0 0
14816 78 0
14817 0 2
14818 1 0
14819 0 78
14820 79 79
14821 0 0
14822 0 79
14823 78 79
14824 79 0
14825 78 0
14826 0 3
14827 0 1
14828 79 0
14829 0 0
14830 0 2
14831 78 0
14832 79 0
14833 79 79
14834 78 79
14835 0 3
14836 79 79
14837 78 79
14838 0 1
14839 0 0
14840 0 2
14841 1 0
14842 0 0
14843 0 3
14844 0 1
14845 0 0
14846 79 79
14847 0 78
14848 0 79
14849 0 2
14850 78 79
14851 79 79
14852 0 78
14853 0 3
14854 78 0
14855 78 79
14856 0 2
14857 0 79
14858 79 79
14859 78 79
14860 79 0
14861 0 78
14862 0 3
14863 79 79
14864 0 79
14865 0 1
14866 0 78
14867 0 79
14868 0 78
14869 0 0
14870 78 0
14871 0 2
14872 1 0
14873 78 79
14874 0 79
14875 79 0
14876 0 78
14877 79 79
14878 0 0
14879 1 0
14880 0 1
14881 0 79
14882 78 0
14883 0 2
14884 0 78
14885 0 0
14886 1 0
14887 0 1
14888 0 79
14889 2 0
14890 0 78
14891 1 0
14892 78 79
14893 2 0
14894 1 0
14895 0 2
14896 79 0
14897 0 1
14898 2 0
14899 0 79
14900 78 0
14901 79 0
14902 0 78
14903 1 0
14904 2 0
14905 1 0
14906 79 79
14907 78 0
14908 2 0
14909 1 0
14910 0 79
14911 79 0
14912 78 79
14913 0 78
14914 2 0
14915 78 0
14916 0 0
14917 79 0
14918 0 79
14919 79 79
14920 78 79
14921 78 0
14922 79 0
14923 0 1
14924 79 79
14925 1 0
14926 78 0
14927 78 79
14928 2 0
14929 0 78
14930 79 79
14931 0 0
14932 0 79
14933 0 78
14934 0 79
14935 79 0
14936 0 1
14937 0 78
14938 0 79
14939 78 79
14940 1 0
14941 2 0
14942 79 79
14943 1 0
14944 0 78
14945 0 2
14946 0 79
14947 78 79
14948 78 0
14949 0 78
14950 0 1
14951 0 2
14952 0 0
14953 0 79
14954 79 79
14955 1 0
14956 0 1
14957 2 0
14958 0 0
14959 0 1
14960 0 0
14961 0 1
14962 78 79
14963 79 79
14964 0 0
14965 0 78
14966 79 0
14967 3 0
14968 2 0
14969 78 79
14970 0 1
14971 79 79
14972 0 0
14973 0 79
14974 3 0
14975 2 0
14976 0 1
14977 78 0
14978 1 0
14979 0 2
14980 78 79
14981 79 79
14982 79 0
14983 0 1
14984 78 0
14985 79 0
14986 0 2
14987 0 78
14988 0 1
14989 0 2
14990 78 0
14991 0 0
14992 0 3
14993 78 79
14994 79 0
14995 0 79
14996 0 78
14997 79 79
14998 0 79
14999 0 1
15000 78 79
15001 79 79
15002 0 4
15003 78 0
15004 79 0
15005 78 0
15006 0 3
15007 79 0
15008 78 0
15009 0 0
15010 79 0
15011 0 2
15012 1 0
15013 0 1
15014 2 0
15015 78 79
15016 0 0
15017 79 79
15018 3 0
15019 2 0
15020 78 79
15021 79 79
15022 78 79
15023 0 78
15024 79 79
15025 0 1
15026 78 79
15027 1 0
15028 78 0
15029 0 79
15030 79 0
15031 78 0
15032 79 79
15033 0 78
15034 78 79
15035 79 0
15036 0 2
15037 79 79
15038 0 79
15039 0 0
15040 78 79
15041 1 0
15042 0 0
15043 79 79
15044 0 78
15045 78 0
15046 79 0
15047 0 79
15048 0 3
15049 0 78
15050 0 2
15051 0 79
15052 0 78
15053 0 79
15054 0 78
15055 0 3
15056 0 2
15057 78 0
15058 0 79
15059 0 78
15060 79 0
15061 0 79
15062 1 0
15063 78 79
15064 0 78
15065 79 79
15066 0 0
15067 0 79
15068 0 78
15069 0 3
15070 0 1
15071 0 4
15072 0 0
15073 0 79
15074 0 3
15075 78 79
15076 0 1
15077 0 0
15078 0 2
15079 0 3
15080 79 79
15081 78 79
15082 79 79
15083 0 2
15084 1 0
15085 78 0
15086 0 0
15087 78 79
15088 1 0
15089 79 0
15090 78 0
15091 0 0
15092 79 0
15093 0 78
15094 1 0
15095 0 0
15096 0 79
15097 1 0
15098 78 0
15099 0 1
15100 2 0
15101 0 0
15102 79 0
15103 3 0
15104 0 78
15105 2 0
15106 3 0
15107 0 1
15108 2 0
15109 0 0
15110 3 0
15111 0 79
15112 0 1
15113 79 79
15114 0 0
15115 0 78
15116 0 79
15117 78 0
15118 79 0
15119 2 0
15120 0 1
15121 1 0
15122 0 2
15123 0 78
15124 0 0
15125 0 3
15126 0 79
15127 0 78
15128 0 1
15129 0 79
15130 0 4
15131 0 0
15132 0 78
15133 0 79
15134 0 1
15135 0 78
15136 78 0
15137 0 0
15138 0 1
15139 0 3
15140 0 0
15141 0 2
15142 79 0
15143 78 0
15144 79 0
15145 0 3
15146 78 79
15147 0 1
15148 0 0
15149 0 1
15150 0 4
15151 79 79
15152 78 0
15153 78 79
15154 79 0
15155 0 3
15156 0 79
15157 79 79
15158 0 0
15159 78 0
15160 0 2
15161 0 3
15162 78 79
15163 79 79
15164 79 0
15165 78 0
15166 79 0
15167 78 0
15168 0 1
15169 0 4
15170 0 78
15171 79 0
15172 78 0
15173 0 79
15174 79 0
15175 0 78
15176 78 0
15177 79 0
15178 0 0
15179 0 3
15180 0 2
15181 0 79
15182 0 3
15183 0 2
15184 0 78
15185 78 0
15186 79 0
15187 78 79
15188 0 79
15189 1 0
15190 79 79
15191 78 0
15192 78 79
15193 0 0
15194 1 0
15195 0 0
15196 79 0
15197 0 3
15198 78 0
15199 0 1
15200 0 78
15201 0 79
15202 0 0
15203 79 0
15204 0 2
15205 0 3
15206 0 1
15207 0 78
15208 0 4
15209 0 0
15210 0 1
15211 0 0
15212 0 79
15213 0 3
15214 0 2
15215 79 79
15216 0 3
15217 78 79
15218 0 1
15219 78 0
15220 0 0
15221 0 2
15222 79 0
15223 0 3
15224 0 1
15225 79 79
15226 78 79
15227 0 0
15228 79 79
15229 0 1
15230 78 0
15231 0 78
15232 79 0
15233 0 0
15234 0 1
15235 0 0
15236 78 0
15237 78 79
15238 0 1
15239 0 79
15240 79 79
15241 0 0
15242 0 78
15243 0 2
15244 0 3
15245 0 2
15246 0 3
15247 0 79
15248 0 2
15249 78 79
15250 79 0
15251 1 0
15252 0 0
15253 0 3
15254 79 79
15255 0 78
15256 0 1
15257 78 0
15258 78 79
15259 79 0
15260 0 79
15261 0 4
15262 79 79
15263 0 0
15264 78 0
15265 79 0
15266 0 78
15267 0 79
15268 78 79
15269 0 3
15270 79 79
15271 0 2
15272 0 3
15273 78 79
15274 0 2
15275 1 0
15276 79 79
15277 0 1
15278 2 0
15279 0 78
15280 1 0
15281 0 79
15282 2 0
15283 1 0
15284 0 78
15285 78 0
15286 0 2
15287 0 0
15288 0 3
15289 0 2
15290 79 0
15291 78 79
15292 79 79
15293 0 3
15294 78 0
15295 79 0
15296 0 2
15297 78 79
15298 0 3
15299 0 1
15300 0 79
15301 78 0
15302 79 0
15303 78 0
15304 0 4
15305 0 0
15306 0 3
15307 79 79
15308 0 2
15309 1 0
15310 0 0
15311 0 3
15312 0 2
15313 1 0
15314 0 0
15315 0 78
15316 0 3
15317 0 1
15318 0 4
15319 78 79
15320 79 79
15321 0 0
15322 78 79
15323 79 0
15324 0 1
15325 0 3
15326 78 0
15327 0 4
15328 0 0
15329 0 1
15330 79 79
15331 0 0
15332 0 1
15333 0 0
15334 0 79
15335 0 78
15336 0 3
15337 78 79
15338 79 79
15339 0 1
15340 0 4
15341 0 79
15342 0 78
15343 79 0
15344 0 3
15345 0 79
15346 0 78
15347 78 79
15348 78 0
15349 0 0
15350 0 2
15351 0 79
15352 0 78
15353 79 79
15354 78 79
15355 1 0
15356 79 79
15357 0 1
15358 78 79
15359 0 79
15360 79 79
15361 78 79
15362 2 0
15363 0 78
15364 0 0
15365 0 1
15366 0 79
15367 0 0
15368 0 1
15369 0 0
15370 0 1
15371 79 0
15372 0 78
15373 79 79
15374 78 79
15375 79 79
15376 78 79
15377 79 79
15378 1 0
15379 0 2
15380 0 79
15381 0 0
15382 78 0
15383 1 0
15384 79 0
15385 0 78
15386 0 0
15387 1 0
15388 0 1
15389 78 0
15390 79 0
15391 0 2
15392 0 79
15393 0 78
15394 0 79
15395 78 0
15396 79 0
15397 78 0
15398 0 1
15399 2 0
15400 79 0
15401 0 0
15402 78 0
15403 79 0
15404 0 78
15405 0 1
15406 0 79
15407 0 0
15408 78 0
15409 79 0
15410 78 0
15411 0 1
15412 1 0
15413 0 78
15414 0 2
15415 0 1
15416 79 0
15417 0 79
15418 0 78
15419 78 0
15420 79 0
15421 78 0
15422 2 0
15423 78 79
15424 0 79
15425 0 0
15426 79 79
15427 0 78
15428 0 79
15429 0 78
15430 3 0
15431 0 1
15432 2 0
15433 0 79
15434 79 0
15435 78 0
15436 0 78
15437 0 79
15438 78 79
15439 0 78
15440 79 0
15441 1 0
15442 0 79
15443 0 78
15444 0 79
15445 0 78
15446 0 79
15447 0 2
15448 0 1
15449 0 78
15450 2 0
15451 78 0
15452 0 0
15453 0 1
15454 79 79
15455 0 0
15456 0 79
15457 0 78
15458 0 1
15459 0 0
15460 0 1
15461 0 79
15462 0 0
15463 0 78
15464 0 79
15465 0 1
15466 1 0
15467 0 78
15468 0 2
15469 79 0
15470 78 0
15471 0 79
15472 0 0
15473 1 0
15474 79 0
15475 0 78
15476 78 0
15477 0 1
15478 2 0
15479 1 0
15480 78 79
15481 0 2
15482 0 79
15483 0 0
15484 0 78
15485 0 3
15486 0 79
15487 79 79
15488 0 78
15489 0 2
15490 0 3
15491 78 79
15492 79 79
15493 78 79
15494 0 1
15495 0 4
15496 79 79
15497 78 79
15498 0 79
15499 0 78
15500 0 3
15501 79 79
15502 0 4
15503 0 3
15504 0 4
15505 0 3
15506 79 0
15507 78 0
15508 78 79
15509 0 79
15510 79 0
15511 0 0
15512 0 2
15513 0 3
15514 0 2
15515 78 0
15516 79 79
15517 78 79
15518 0 78
15519 0 79
15520 0 3
15521 79 79
15522 0 78
15523 0 1
15524 0 79
15525 0 4
15526 79 0
15527 0 0
15528 0 3
15529 78 0
15530 78 79
15531 79 0
15532 0 2
15533 78 0
15534 1 0
15535 79 79
15536 79 0
15537 0 0
15538 1 0
15539 0 78
15540 0 0
15541 0 3
15542 0 79
15543 78 79
15544 0 1
15545 78 0
15546 79 0
15547 0 4
15548 79 79
15549 0 78
15550 78 0
15551 78 79
15552 79 0
15553 0 0
15554 0 1
15555 0 79
15556 0 78
15557 0 79
15558 0 3
15559 78 0
15560 79 0
15561 0 0
15562 0 1
15563 0 4
15564 0 78
15565 0 0
15566 0 1
15567 79 79
15568 0 3
15569 78 79
15570 78 0
15571 0 79
15572 0 4
15573 0 3
15574 0 4
15575 0 0
15576 0 1
15577 0 3
15578 0 78
15579 79 79
15580 0 79
15581 79 0
15582 0 0
15583 0 1
15584 0 4
15585 0 78
15586 78 79
15587 78 0
15588 79 79
15589 0 79
15590 0 78
15591 0 0
15592 0 79
15593 78 79
15594 79 79
15595 78 79
15596 0 1
15597 0 3
15598 0 4
15599 0 0
15600 0 3
15601 0 78
15602 79 0
15603 0 79
15604 0 78
15605 0 2
15606 78 0
15607 0 3
15608 0 2
15609 79 0
15610 0 79
15611 79 79
15612 78 0
15613 79 0
15614 0 78
15615 0 3
15616 78 79
15617 0 2
15618 1 0
15619 0 1
15620 79 79
15621 78 0
15622 78 79
15623 0 79
15624 0 2
15625 79 0
15626 0 1
15627 0 2
15628 0 1
15629 0 78
15630 79 79
15631 0 2
15632 0 1
15633 2 0
15634 0 79
15635 0 78
15636 78 0
15637 1 0
15638 0 2
15639 0 0
15640 0 3
15641 0 79
15642 0 1
15643 0 4
15644 0 78
15645 78 79
15646 79 0
15647 0 0
15648 0 1
15649 0 79
15650 79 79
15651 78 0
15652 78 79
15653 0 78
15654 79 79
15655 0 0
15656 79 0
15657 0 1
15658 0 0
15659 78 79
15660 0 1
15661 79 79
15662 78 0
15663 0 3
15664 0 79
15665 0 0
15666 0 2
15667 78 79
15668 79 79
15669 1 0
15670 0 0
15671 0 3
15672 0 2
15673 0 78
15674 1 0
15675 0 1
15676 79 0
15677 78 79
15678 0 79
15679 0 2
15680 78 0
15681 0 78
15682 0 79
15683 79 79
15684 0 0
15685 1 0
15686 0 0
15687 0 3
15688 0 78
15689 79 0
15690 78 79
15691 79 79
15692 78 79
15693 78 0
15694 0 1
15695 0 4
15696 79 79
15697 0 3
15698 0 0
15699 0 1
15700 79 0
15701 78 79
15702 0 79
15703 78 0
15704 0 4
15705 79 79
15706 0 0
15707 0 3
15708 79 0
15709 0 1
15710 0 4
15711 0 3
15712 0 78
15713 0 79
15714 78 0
15715 0 4
15716 0 3
15717 79 0
15718 0 4
15719 0 3
15720 78 79
15721 0 0
15722 79 79
15723 78 79
15724 0 2
15725 0 78
15726 1 0
15727 0 0
15728 1 0
15729 0 79
15730 0 0
15731 1 0
15732 0 0
15733 79 79
15734 78 0
15735 0 78
15736 79 0
15737 1 0
15738 0 0
15739 78 79
15740 79 79
15741 0 79
15742 78 0
15743 0 3
15744 78 79
15745 79 0
15746 78 0
15747 79 0
15748 0 1
15749 78 0
15750 0 4
15751 0 3
15752 79 0
15753 0 4
15754 0 0
15755 79 79
15756 0 1
15757 78 0
15758 0 3
15759 79 0
15760 0 78
15761 0 4
15762 0 3
15763 0 4
15764 78 79
15765 0 3
15766 79 79
15767 78 79
15768 0 4
15769 0 3
15770 0 0
15771 78 0
15772 79 0
15773 79 79
15774 78 0
15775 79 0
15776 0 2
15777 1 0
15778 78 0
15779 0 1
15780 0 79
15781 2 0
15782 0 0
15783 0 78
15784 79 0
15785 78 0
15786 79 0
15787 0 1
15788 1 0
15789 2 0
15790 78 0
15791 0 79
15792 79 0
15793 1 0
15794 0 2
15795 78 0
15796 0 78
15797 0 0
15798 0 3
15799 78 79
15800 79 79
15801 0 79
15802 0 2
15803 79 0
15804 0 3
15805 78 79
15806 0 2
15807 79 79
15808 78 79
15809 0 78
15810 1 0
15811 0 0
15812 1 0
15813 78 0
15814 0 0
15815 0 3
15816 0 2
15817 0 3
15818 79 0
15819 0 1
15820 0 4
15821 0 3
15822 78 0
15823 0 79
15824 0 4
15825 0 0
15826 0 1
15827 0 78
15828 0 0
15829 0 79
15830 0 1
15831 0 3
15832 0 78
15833 0 79
15834 0 78
15835 79 0
15836 0 4
15837 0 79
15838 0 0
15839 78 0
15840 0 78
15841 79 0
15842 0 1
15843 0 3
15844 79 79
15845 78 79
15846 0 79
15847 78 0
15848 0 78
15849 0 0
15850 0 1
15851 0 4
15852 79 79
15853 79 0
15854 0 0
15855 0 1
15856 78 0
15857 0 79
15858 0 0
15859 78 79
15860 0 1
15861 79 79
15862 0 3
15863 0 0
15864 78 79
15865 79 79
15866 0 2
15867 79 0
15868 78 0
15869 79 0
15870 0 3
15871 0 1
15872 0 0
15873 78 79
15874 79 79
15875 78 79
15876 0 1
15877 79 79
15878 0 78
15879 78 0
15880 0 79
15881 0 78
15882 0 0
15883 78 79
15884 79 79
15885 79 0
15886 78 79
15887 0 79
15888 79 79
15889 78 0
15890 0 78
15891 78 79
15892 0 79
15893 0 78
15894 79 79
15895 78 79
15896 79 0
15897 79 79
15898 0 1
15899 0 79
15900 0 0
15901 78 79
15902 0 78
15903 0 79
15904 0 2
15905 0 3
15906 78 0
15907 79 0
15908 78 0
15909 0 78
15910 79 0
15911 79 79
15912 0 2
15913 78 0
15914 78 79
15915 1 0
15916 0 0
15917 79 79
15918 78 79
15919 1 0
15920 0 79
15921 0 0
15922 0 3
15923 79 79
15924 0 1
15925 0 0
15926 78 79
15927 0 78
15928 79 79
15929 0 1
15930 0 4
15931 0 79
15932 0 0
15933 0 1
15934 0 3
15935 78 79
15936 0 78
15937 0 4
15938 0 0
15939 0 79
15940 0 1
15941 79 79
15942 0 78
15943 0 0
15944 0 1
15945 0 79
15946 0 3
15947 78 79
15948 79 0
15949 0 78
15950 0 0
15951 0 1
15952 78 0
15953 0 79
15954 79 0
15955 0 0
15956 79 79
15957 78 0
15958 79 0
15959 0 2
15960 1 0
15961 0 1
15962 0 2
15963 0 1
15964 78 0
15965 0 78
15966 0 2
15967 79 0
15968 0 0
15969 0 79
15970 1 0
15971 78 0
15972 0 78
15973 79 0
15974 0 1
15975 78 79
15976 0 79
15977 0 78
15978 78 0
15979 0 2
15980 0 79
15981 0 0
15982 79 0
15983 0 78
15984 1 0
15985 79 79
15986 0 79
15987 78 0
15988 0 1
15989 78 79
15990 79 0
15991 0 78
15992 78 0
15993 0 79
15994 79 79
15995 79 0
15996 78 79
15997 78 0
15998 79 0
15999 0 78
16000 0 79
16001 2 0
16002 1 0
16003 0 2
16004 0 0
16005 78 0
16006 1 0
16007 79 0
16008 78 0
16009 0 78
16010 0 0
16011 0 79
16012 0 3
16013 79 0
16014 0 2
16015 1 0
16016 78 0
16017 79 0
16018 0 0
16019 0 3
16020 0 1
16021 78 0
16022 79 0
16023 78 0
16024 79 79
16025 78 79
16026 0 4
16027 0 78
16028 0 79
16029 79 0
16030 0 78
16031 0 0
16032 0 79
16033 78 0
16034 0 3
16035 0 78
16036 0 2
16037 79 79
16038 0 79
16039 0 3
16040 79 0
16041 0 78
16042 0 2
16043 0 79
16044 78 0
16045 1 0
16046 78 79
16047 0 78
16048 0 0
16049 1 0
16050 79 79
16051 0 79
16052 78 79
16053 0 78
16054 0 79
16055 79 79
16056 79 0
16057 0 1
16058 0 2
16059 78 79
16060 0 0
16061 78 0
16062 1 0
16063 0 1
16064 0 78
16065 0 2
16066 79 79
16067 78 79
16068 0 1
16069 0 79
16070 0 2
16071 0 1
16072 79 79
16073 78 79
16074 2 0
16075 79 0
16076 0 0
16077 0 78
16078 3 0
16079 79 79
16080 0 79
16081 0 1
16082 78 0
16083 79 0
16084 2 0
16085 0 0
16086 0 78
16087 0 79
16088 0 78
16089 0 79
16090 0 78
16091 78 79
16092 0 79
16093 0 78
16094 0 79
16095 78 0
16096 79 79
16097 0 1
16098 79 0
16099 78 79
16100 0 0
16101 3 0
16102 2 0
16103 0 78
16104 3 0
16105 79 79
16106 0 1
16107 2 0
16108 0 0
16109 78 0
16110 0 79
16111 79 0
16112 0 78
16113 78 79
16114 79 79
16115 0 79
16116 78 79
16117 78 0
16118 0 78
16119 79 79
16120 0 1
16121 79 0
16122 0 79
16123 78 79
16124 0 78
16125 79 79
16126 78 0
16127 79 0
16128 0 0
16129 78 79
16130 0 1
16131 79 79
16132 78 0
16133 0 0
16134 0 1
16135 0 0
16136 78 79
16137 79 79
16138 0 79
16139 0 78
16140 0 79
16141 3 0
16142 78 79
16143 79 79
16144 78 79
16145 0 1
16146 79 79
16147 78 79
16148 2 0
16149 0 78
16150 79 79
16151 0 79
16152 0 78
16153 79 0
16154 0 79
16155 1 0
16156 0 78
16157 78 0
16158 0 79
16159 2 0
16160 0 78
16161 79 0
16162 78 0
16163 0 0
16164 3 0
16165 79 0
16166 78 79
16167 0 1
16168 0 79
16169 0 0
16170 78 0
16171 79 0
16172 0 1
16173 79 79
16174 0 0
16175 0 1
16176 0 0
16177 78 0
16178 2 0
16179 0 78
16180 79 0
16181 78 79
16182 0 79
16183 78 0
16184 79 0
16185 78 0
16186 0 1
16187 79 0
16188 78 0
16189 1 0
16190 79 0
16191 2 0
16192 1 0
16193 0 78
16194 78 0
16195 79 79
16196 78 79
16197 0 79
16198 79 79
16199 0 2
16200 0 78
16201 0 79
16202 0 1
16203 78 79
16204 0 78
16205 79 79
16206 0 2
16207 0 1
16208 0 79
16209 0 2
16210 0 78
16211 79 0
16212 78 0
16213 0 1
16214 79 0
16215 0 79
16216 0 78
16217 78 0
16218 0 79
16219 78 79
16220 0 78
16221 2 0
16222 1 0
16223 0 79
16224 79 0
16225 0 78
16226 0 2
16227 0 0
16228 79 79
16229 0 79
16230 78 79
16231 78 0
16232 79 79
16233 0 3
16234 0 78
16235 0 1
16236 78 79
16237 0 0
16238 0 79
16239 79 0
16240 79 79
16241 78 79
16242 78 0
16243 0 78
16244 0 2
16245 1 0
16246 79 79
16247 0 79
16248 78 79
16249 0 1
16250 2 0
16251 79 0
16252 0 78
16253 0 0
16254 78 0
16255 79 79
16256 0 1
16257 78 79
16258 79 79
16259 79 0
16260 78 79
16261 79 79
16262 0 0
16263 78 79
16264 79 79
16265 3 0
16266 0 1
16267 78 0
16268 2 0
16269 0 79
16270 1 0
16271 0 78
16272 0 79
16273 78 79
16274 79 0
16275 0 2
16276 0 1
16277 0 2
16278 0 1
16279 0 78
16280 2 0
16281 79 79
16282 0 79
16283 1 0
16284 78 0
16285 0 2
16286 0 1
16287 78 79
16288 0 78
16289 2 0
16290 79 79
16291 79 0
16292 0 0
16293 3 0
16294 78 0
16295 78 79
16296 0 79
16297 0 78
16298 0 79
16299 0 78
16300 0 79
16301 2 0
16302 0 78
16303 0 1
16304 79 0
16305 0 79
16306 78 0
16307 79 0
16308 79 79
16309 0 78
16310 78 79
16311 0 0
16312 0 79
16313 0 78
16314 0 79
16315 3 0
16316 79 79
16317 78 0
16318 0 1
16319 0 78
16320 0 0
16321 78 79
16322 79 79
16323 0 79
16324 0 78
16325 0 1
16326 0 79
16327 0 78
16328 0 0
16329 78 79
16330 79 0
16331 2 0
16332 0 79
16333 0 78
16334 79 79
16335 3 0
16336 0 1
16337 0 79
16338 78 79
16339 79 79
16340 78 79
16341 0 78
16342 0 0
16343 79 79
16344 2 0
16345 78 79
16346 0 1
16347 78 0
16348 79 0
16349 0 79
16350 78 0
16351 79 79
16352 0 0
16353 79 0
16354 78 0
16355 79 0
16356 78 0
16357 79 0
16358 3 0
16359 2 0
16360 0 78
16361 3 0
16362 78 0
16363 2 0
16364 3 0
16365 0 79
16366 2 0
16367 78 79
16368 79 79
16369 0 78
16370 3 0
16371 2 0
16372 3 0
16373 78 79
16374 0 1
16375 79 0
16376 0 0
16377 78 0
16378 2 0
16379 3 0
16380 0 1
16381 2 0
16382 1 0
16383 2 0
16384 0 0
16385 0 1
16386 79 0
16387 1 0
16388 0 2
16389 0 0
16390 0 79
16391 0 3
16392 78 0
16393 79 79
16394 0 1
16395 78 79
16396 0 0
16397 0 2
16398 0 78
16399 0 3
16400 0 2
16401 79 79
16402 79 0
16403 78 79
16404 0 3
16405 0 2
16406 0 79
16407 0 78
16408 78 0
16409 79 0
16410 0 3
16411 79 79
16412 0 2
16413 78 79
16414 1 0
16415 79 79
16416 78 0
16417 78 79
16418 0 79
16419 79 79
16420 0 0
16421 78 79
16422 1 0
16423 79 79
16424 0 0
16425 79 0
16426 1 0
16427 0 1
16428 78 0
16429 78 79
16430 2 0
16431 79 79
16432 1 0
16433 2 0
16434 0 78
16435 1 0
16436 0 79
16437 0 2
16438 0 78
16439 0 0
16440 0 3
16441 0 79
16442 0 1
16443 0 4
16444 78 79
16445 0 0
16446 79 79
16447 0 1
16448 0 78
16449 0 0
16450 78 79
16451 0 1
16452 0 79
16453 79 79
16454 0 0
16455 0 1
16456 0 78
16457 78 79
16458 79 79
16459 0 3
16460 79 0
16461 78 79
16462 0 0
16463 0 79
16464 79 79
16465 0 2
16466 0 3
16467 78 0
16468 0 2
16469 0 3
16470 0 2
16471 78 79
16472 79 79
16473 78 79
16474 79 0
16475 1 0
16476 0 78
16477 78 0
16478 0 0
16479 79 79
16480 79 0
16481 0 79
16482 0 3
16483 0 78
16484 0 2
16485 1 0
16486 0 1
16487 78 79
16488 79 79
16489 0 79
16490 2 0
16491 0 0
16492 0 78
16493 78 0
16494 78 79
16495 79 0
16496 0 1
16497 1 0
16498 78 0
16499 0 79
16500 79 0
16501 78 0
16502 79 79
16503 0 2
16504 0 1
16505 0 78
16506 78 79
16507 0 79
16508 0 2
16509 0 78
16510 79 79
16511 0 0
16512 0 3
16513 79 0
16514 0 1
16515 0 4
16516 0 0
16517 0 79
16518 78 79
16519 0 78
16520 0 79
16521 79 79
16522 78 0
16523 0 78
16524 0 79
16525 78 79
16526 0 1
16527 0 0
16528 79 0
16529 79 79
16530 0 1
16531 0 3
16532 0 4
16533 0 78
16534 78 79
16535 0 79
16536 0 78
16537 0 79
16538 78 0
16539 79 79
16540 0 0
16541 0 1
16542 0 0
16543 0 78
16544 0 3
16545 0 1
16546 0 0
16547 0 2
16548 0 79
16549 78 79
16550 0 78
16551 0 3
16552 79 79
16553 79 0
16554 0 1
16555 78 0
16556 78 79
16557 0 0
16558 0 1
16559 79 0
16560 0 79
16561 0 78
16562 78 0
16563 0 79
16564 0 78
16565 79 0
16566 0 79
16567 79 79
16568 0 0
16569 78 0
16570 78 79
16571 79 0
16572 0 2
16573 78 0
16574 79 0
16575 78 0
16576 1 0
16577 0 1
16578 79 79
16579 0 78
16580 78 79
16581 0 2
16582 79 0
16583 79 79
16584 78 0
16585 0 0
16586 79 0
16587 0 79
16588 0 78
16589 78 0
16590 0 3
16591 0 1
16592 78 79
16593 0 79
16594 0 4
16595 0 78
16596 0 3
16597 0 79
16598 79 0
16599 78 0
16600 79 79
16601 78 79
16602 79 79
16603 79 0
16604 0 78
16605 0 0
16606 78 79
16607 79 79
16608 0 79
16609 0 78
16610 0 79
16611 78 0
16612 0 78
16613 0 79
16614 0 1
16615 0 78
16616 79 0
16617 78 0
16618 0 79
16619 79 0
16620 0 4
16621 0 0
16622 78 0
16623 0 3
16624 0 78
16625 79 0
16626 78 0
16627 0 2
16628 0 3
16629 78 79
16630 0 1
16631 0 4
16632 79 79
16633 0 0
16634 0 79
16635 78 79
16636 0 1
16637 79 79
16638 79 0
16639 0 3
16640 0 78
16641 78 0
16642 79 0
16643 0 4
16644 78 79
16645 78 0
16646 79 79
16647 0 79
16648 79 0
16649 0 0
16650 0 3
16651 0 78
16652 78 0
16653 79 0
16654 0 1
16655 78 79
16656 0 0
16657 79 79
16658 0 2
16659 78 0
16660 0 3
16661 0 79
16662 0 2
16663 0 3
16664 78 79
16665 0 1
16666 79 79
16667 0 4
16668 0 3
16669 0 0
16670 0 1
16671 0 4
16672 0 0
16673 79 0
16674 78 0
16675 0 3
16676 0 1
16677 0 0
16678 78 79
16679 0 2
16680 0 3
16681 0 78
16682 0 2
16683 79 0
16684 0 79
16685 0 3
16686 79 79
16687 78 0
16688 0 1
16689 78 79
16690 79 79
16691 0 78
16692 0 4
16693 0 3
16694 0 79
16695 0 4
16696 0 78
16697 0 0
16698 79 0
16699 78 79
16700 78 0
16701 0 1
16702 79 79
16703 79 0
16704 78 0
16705 79 0
16706 78 0
16707 0 3
16708 0 0
16709 78 79
16710 79 0
16711 0 2
16712 0 3
16713 78 0
16714 0 2
16715 0 79
16716 79 0
16717 0 78
16718 79 79
16719 0 79
16720 1 0
16721 0 1
16722 0 78
16723 0 2
16724 78 79
16725 79 79
16726 78 0
16727 0 1
16728 0 79
16729 0 2
16730 0 0
16731 79 0
16732 1 0
16733 0 78
16734 0 79
16735 0 78
16736 0 79
16737 78 79
16738 0 0
16739 78 0
16740 79 0
16741 79 79
16742 1 0
16743 0 0
16744 78 79
16745 78 0
16746 0 78
16747 79 0
16748 1 0
16749 79 79
16750 78 0
16751 78 79
16752 0 0
16753 79 0
16754 0 3
16755 78 0
16756 79 0
16757 0 2
16758 79 79
16759 0 3
16760 0 1
16761 0 0
16762 0 2
16763 0 3
16764 0 2
16765 78 79
16766 79 79
16767 78 79
16768 0 3
16769 78 0
16770 79 0
16771 0 79
16772 0 1
16773 79 79
16774 0 4
16775 78 0
16776 78 79
16777 0 78
16778 79 79
16779 0 3
16780 0 0
16781 78 79
16782 0 1
16783 79 0
16784 0 79
16785 79 79
16786 0 78
16787 78 0
16788 0 0
16789 79 0
16790 0 2
16791 0 3
16792 0 1
16793 78 79
16794 0 4
16795 79 79
16796 0 3
16797 78 0
16798 78 79
16799 79 79
16800 0 4
16801 0 79
16802 0 0
16803 0 1
16804 0 78
16805 78 79
16806 79 79
16807 0 3
16808 78 79
16809 0 4
16810 79 0
16811 78 0
16812 0 3
16813 79 79
16814 79 0
16815 0 4
16816 0 0
16817 78 0
16818 0 79
16819 78 79
16820 79 79
16821 78 79
16822 79 0
16823 78 0
16824 79 0
16825 0 1
16826 78 0
16827 0 78
16828 0 3
16829 79 79
16830 0 79
16831 79 0
16832 78 79
16833 79 79
16834 0 78
16835 0 79
16836 78 0
16837 0 78
16838 79 0
16839 0 0
16840 0 2
16841 0 79
16842 1 0
16843 78 79
16844 79 79
16845 0 0
16846 0 3
16847 0 2
16848 0 3
16849 0 1
16850 78 79
16851 0 0
16852 0 2
16853 0 78
16854 78 0
16855 0 79
16856 1 0
16857 79 79
16858 0 1
16859 78 79
16860 79 79
16861 0 78
16862 2 0
16863 0 0
16864 3 0
16865 0 79
16866 0 78
16867 0 79
16868 0 78
16869 2 0
16870 79 0
16871 0 79
16872 78 0
16873 0 78
16874 79 0
16875 0 79
16876 78 79
16877 79 79
16878 78 79
16879 0 78
16880 0 1
16881 78 0
16882 79 79
16883 1 0
16884 79 0
16885 78 0
16886 2 0
16887 78 79
16888 0 79
16889 79 79
16890 1 0
16891 79 0
16892 0 2
16893 0 78
16894 78 0
16895 79 0
16896 0 1
16897 2 0
16898 0 79
16899 78 79
16900 0 78
16901 1 0
16902 0 79
16903 78 0
16904 2 0
16905 79 79
16906 79 0
16907 0 0
16908 3 0
16909 2 0
16910 78 79
16911 78 0
16912 0 1
16913 0 78
16914 79 79
16915 79 0
16916 0 0
16917 78 0
16918 79 0
16919 0 79
16920 3 0
16921 0 1
16922 0 0
16923 0 78
16924 78 79
16925 79 79
16926 0 79
16927 0 78
16928 0 1
16929 2 0
16930 78 79
16931 1 0
16932 78 0
16933 79 79
16934 79 0
16935 0 79
16936 0 78
16937 78 79
16938 2 0
16939 0 79
16940 0 0
16941 79 79
16942 0 78
16943 0 1
16944 0 0
16945 0 1
16946 0 0
16947 0 1
16948 78 79
16949 78 0
16950 0 79
16951 1 0
16952 2 0
16953 0 78
16954 79 79
16955 79 0
16956 78 0
16957 1 0
16958 78 79
16959 0 2
16960 0 79
16961 79 79
16962 78 79
16963 0 1
16964 2 0
16965 1 0
16966 79 79
16967 2 0
16968 1 0
16969 2 0
16970 78 79
16971 79 0
16972 0 78
16973 78 0
16974 0 0
16975 3 0
16976 79 79
16977 78 79
16978 79 0
16979 0 1
16980 0 79
16981 78 0
16982 0 0
16983 79 79
16984 0 78
16985 2 0
16986 0 1
16987 1 0
16988 2 0
16989 0 0
16990 78 79
16991 0 79
16992 79 79
16993 0 78
16994 78 79
16995 79 0
16996 3 0
16997 79 79
16998 78 79
16999 79 79
17000 78 79
17001 0 79
17002 0 78
17003 79 79
17004 0 1
17005 78 79
17006 0 0
17007 79 79
17008 78 79
17009 0 79
17010 0 78
17011 0 79
17012 78 0
17013 79 0
17014 78 0
17015 79 0
17016 78 0
17017 0 78
17018 2 0
17019 79 79
17020 0 1
17021 78 79
17022 0 79
17023 1 0
17024 0 78
17025 2 0
17026 1 0
17027 0 2
17028 0 0
17029 79 79
17030 0 3
17031 0 2
17032 1 0
17033 78 79
17034 0 79
17035 79 79
17036 0 0
17037 0 3
17038 0 78
17039 0 1
17040 0 4
17041 0 0
17042 78 79
17043 0 79
17044 79 79
17045 78 79
17046 79 79
17047 79 0
17048 0 1
17049 0 3
17050 0 0
17051 78 0
17052 79 0
17053 78 79
17054 78 0
17055 0 2
17056 79 0
17057 1 0
17058 78 0
17059 0 1
17060 0 2
17061 0 78
17062 0 79
17063 0 78
17064 0 1
17065 79 0
17066 2 0
17067 79 79
17068 1 0
17069 0 2
17070 78 79
17071 78 0
17072 0 79
17073 0 0
17074 79 0
17075 0 78
17076 0 3
17077 0 2
17078 0 79
17079 0 78
17080 79 79
17081 0 79
17082 78 79
17083 1 0
17084 0 0
17085 78 0
17086 79 79
17087 78 79
17088 79 79
17089 0 3
17090 79 0
17091 78 0
17092 78 79
17093 0 2
17094 79 79
17095 0 3
17096 78 79
17097 0 1
17098 0 4
17099 79 79
17100 78 79
17101 0 78
17102 0 79
17103 79 0
17104 0 3
17105 0 78
17106 0 0
17107 78 0
17108 79 0
17109 79 79
17110 0 79
17111 78 0
17112 79 0
17113 0 78
17114 78 79
17115 78 0
17116 79 79
17117 79 0
17118 0 2
17119 0 3
17120 0 1
17121 0 79
17122 0 4
17123 78 0
17124 79 0
17125 78 79
17126 0 0
17127 0 1
17128 79 79
17129 0 78
17130 78 0
17131 0 79
17132 79 0
17133 78 79
17134 0 78
17135 0 0
17136 0 3
17137 0 2
17138 0 79
17139 1 0
17140 79 79
17141 0 1
17142 0 2
17143 78 0
17144 78 79
17145 0 78
17146 0 79
17147 0 78
17148 79 0
17149 0 1
17150 2 0
17151 79 79
17152 78 0
17153 0 0
17154 3 0
17155 0 79
17156 79 0
17157 78 0
17158 2 0
17159 79 0
17160 78 79
17161 0 1
17162 1 0
17163 0 2
17164 79 79
17165 0 1
17166 2 0
17167 0 78
17168 0 0
17169 78 79
17170 78 0
17171 0 79
17172 79 0
17173 0 1
17174 79 79
17175 0 78
17176 0 0
17177 78 79
17178 79 79
17179 3 0
17180 78 0
17181 0 79
17182 2 0
17183 0 78
17184 0 79
17185 0 78
17186 3 0
17187 0 79
17188 79 0
17189 2 0
17190 0 1
17191 0 0
17192 78 0
17193 3 0
17194 79 0
17195 2 0
17196 78 79
17197 78 0
17198 79 79
17199 0 1
17200 1 0
17201 2 0
17202 78 79
17203 1 0
17204 79 79
17205 78 79
17206 2 0
17207 1 0
17208 0 78
17209 0 2
17210 79 79
17211 0 79
17212 78 79
17213 0 78
17214 79 0
17215 78 0
17216 0 0
17217 1 0
17218 0 0
17219 1 0
17220 0 1
17221 0 2
17222 0 0
17223 1 0
17224 0 79
17225 0 78
17226 0 0
17227 1 0
17228 0 0
17229 79 79
17230 0 79
17231 79 0
17232 1 0
17233 0 1
17234 0 2
17235 0 78
17236 78 79
17237 0 0
17238 78 0
17239 79 79
17240 0 3
17241 0 79
17242 0 1
17243 78 79
17244 0 78
17245 79 0
17246 78 0
17247 0 79
17248 79 0
17249 0 4
17250 0 0
17251 79 79
17252 0 78
17253 78 0
17254 0 3
17255 79 0
17256 0 2
17257 1 0
17258 0 79
17259 0 0
17260 1 0
17261 78 0
17262 78 79
17263 79 79
17264 78 79
17265 79 0
17266 0 1
17267 0 78
17268 78 0
17269 79 0
17270 2 0
17271 0 0
17272 3 0
17273 78 0
17274 79 79
17275 0 79
17276 2 0
17277 78 79
17278 79 79
17279 79 0
17280 0 1
17281 78 0
17282 1 0
17283 79 0
17284 2 0
17285 0 0
17286 3 0
17287 0 78
17288 78 0
17289 79 0
17290 0 1
17291 78 79
17292 78 0
17293 0 0
17294 79 0
17295 2 0
17296 0 1
17297 0 79
17298 79 79
17299 0 78
17300 1 0
17301 0 79
17302 0 78
17303 0 2
17304 0 0
17305 78 0
17306 0 3
17307 0 79
17308 0 2
17309 79 0
17310 0 78
17311 1 0
17312 78 0
17313 78 79
17314 79 0
17315 0 79
17316 0 78
17317 0 1
17318 0 79
17319 0 2
17320 0 0
17321 1 0
17322 79 79
17323 78 79
17324 79 79
17325 0 78
17326 0 79
17327 78 79
17328 0 0
17329 79 79
17330 78 79
17331 78 0
17332 79 79
17333 0 3
17334 0 2
17335 1 0
17336 79 0
17337 0 0
17338 78 79
17339 0 3
17340 0 78
17341 0 79
17342 0 2
17343 0 3
17344 0 2
17345 0 78
17346 79 79
17347 0 79
17348 0 78
17349 1 0
17350 0 79
17351 78 79
17352 0 0
17353 0 78
17354 79 79
17355 78 0
17356 0 79
17357 0 78
17358 1 0
17359 79 0
17360 0 79
17361 0 0
17362 78 0
17363 79 0
17364 0 3
17365 78 0
17366 0 78
17367 78 79
17368 0 79
17369 79 79
17370 0 1
17371 0 0
17372 79 0
17373 0 2
17374 78 79
17375 0 78
17376 79 79
17377 78 79
17378 0 79
17379 79 79
17380 78 0
17381 78 79
17382 0 78
17383 79 0
17384 0 3
17385 78 0
17386 0 79
17387 79 79
17388 79 0
17389 0 1
17390 0 4
17391 78 0
17392 78 79
17393 79 79
17394 0 0
17395 78 79
17396 0 78
17397 0 79
17398 79 0
17399 0 3
17400 0 78
17401 0 1
17402 0 79
17403 0 0
17404 79 79
17405 78 79
17406 0 78
17407 0 1
17408 78 0
17409 0 79
17410 79 0
17411 79 79
17412 78 0
17413 0 0
17414 79 0
17415 78 0
17416 79 0
17417 0 78
17418 78 79
17419 0 79
17420 0 78
17421 79 79
17422 0 2
17423 1 0
17424 0 1
17425 0 2
17426 0 0
17427 0 79
17428 78 0
17429 78 79
17430 1 0
17431 79 79
17432 79 0
17433 78 79
17434 79 79
17435 78 0
17436 0 1
17437 79 0
17438 0 78
17439 78 79
17440 0 79
17441 79 79
17442 78 79
17443 0 78
17444 79 79
17445 78 79
17446 79 79
17447 0 2
17448 78 0
17449 79 0
17450 0 0
17451 78 79
17452 0 79
17453 78 0
17454 1 0
17455 79 0
17456 0 1
17457 78 0
17458 79 79
17459 0 78
17460 79 0
17461 0 2
17462 78 0
17463 79 0
17464 0 1
17465 2 0
17466 0 0
17467 78 0
17468 79 0
17469 78 0
17470 3 0
17471 78 79
17472 2 0
17473 0 79
17474 79 0
17475 79 79
17476 78 0
17477 0 1
17478 1 0
17479 79 0
17480 0 78
17481 0 2
17482 0 79
17483 0 0
17484 0 3
17485 0 2
17486 1 0
17487 0 1
17488 0 78
17489 2 0
17490 78 79
17491 79 79
17492 1 0
17493 78 0
17494 79 0
17495 78 79
17496 0 2
17497 0 79
17498 0 78
17499 0 1
17500 0 2
17501 0 79
17502 0 0
17503 0 78
17504 0 3
17505 79 79
17506 78 79
17507 0 2
17508 0 3
17509 79 79
17510 0 1
17511 0 79
17512 78 79
17513 78 0
17514 79 79
17515 78 79
17516 79 79
17517 79 0
17518 0 78
17519 0 79
17520 78 0
17521 0 78
17522 79 0
17523 78 79
17524 78 0
17525 0 4
17526 0 0
17527 79 0
17528 0 79
17529 78 0
17530 0 3
17531 0 78
17532 0 2
17533 1 0
17534 0 1
17535 79 79
17536 0 2
17537 0 79
17538 79 0
17539 78 79
17540 0 1
17541 2 0
17542 0 78
17543 79 79
17544 78 0
17545 78 79
17546 0 0
17547 79 0
17548 0 79
17549 78 0
17550 79 79
17551 0 78
17552 0 79
17553 3 0
17554 78 79
17555 79 79
17556 79 0
17557 0 1
17558 2 0
17559 78 0
17560 79 0
17561 0 0
17562 0 78
17563 0 1
17564 0 79
17565 78 0
17566 1 0
17567 79 0
17568 78 0
17569 78 79
17570 2 0
17571 79 79
17572 0 0
17573 0 1
17574 0 78
17575 79 0
17576 1 0
17577 0 79
17578 2 0
17579 1 0
17580 78 0
17581 2 0
17582 78 79
17583 0 78
17584 0 0
17585 79 79
17586 78 79
17587 3 0
17588 0 1
17589 0 0
17590 79 0
17591 79 79
17592 2 0
17593 78 79
17594 0 1
17595 0 79
17596 78 0
17597 0 78
17598 0 79
17599 79 0
17600 0 0
17601 79 79
17602 0 1
17603 0 0
17604 3 0
17605 2 0
17606 78 79
17607 0 78
17608 0 79
17609 0 1
17610 79 79
17611 78 79
17612 78 0
17613 1 0
17614 0 2
17615 0 1
17616 2 0
17617 0 78
17618 0 79
17619 0 78
17620 0 79
17621 0 0
17622 0 78
17623 79 79
17624 0 79
17625 3 0
17626 79 0
17627 78 79
17628 2 0
17629 0 78
17630 0 79
17631 79 79
17632 78 0
17633 79 0
17634 78 79
17635 79 79
17636 0 78
17637 3 0
17638 78 79
17639 79 79
17640 2 0
17641 3 0
17642 0 79
17643 2 0
17644 78 0
17645 0 78
17646 0 1
17647 79 0
17648 1 0
17649 78 0
17650 79 0
17651 78 79
17652 2 0
17653 0 0
17654 0 79
17655 3 0
17656 79 79
17657 78 79
17658 79 79
17659 78 0
17660 0 1
17661 79 0
17662 2 0
17663 1 0
17664 78 0
17665 0 2
17666 79 0
17667 0 1
17668 78 79
17669 2 0
17670 79 79
17671 0 0
17672 0 78
17673 0 1
17674 1 0
17675 2 0
17676 78 79
17677 1 0
17678 79 79
17679 0 2
17680 0 0
17681 0 79
17682 78 0
17683 0 3
17684 78 79
17685 0 1
17686 0 78
17687 0 79
17688 0 78
17689 0 0
17690 79 0
17691 0 1
17692 79 79
17693 0 0
17694 78 0
17695 0 2
17696 0 3
17697 78 79
17698 79 79
17699 78 79
17700 79 79
17701 0 79
17702 0 1
17703 79 0
17704 78 79
17705 0 78
17706 0 79
17707 79 79
17708 0 0
17709 0 1
17710 78 0
17711 78 79
17712 79 0
17713 0 78
17714 0 4
17715 79 79
17716 0 3
17717 0 0
17718 0 2
17719 0 79
17720 0 78
17721 0 3
17722 0 1
17723 78 79
17724 0 4
17725 79 79
17726 0 0
17727 78 79
17728 0 1
17729 0 3
17730 0 0
17731 0 2
17732 0 3
17733 79 79
17734 0 79
17735 0 2
17736 78 79
17737 79 79
17738 0 3
17739 0 1
17740 78 79
17741 79 79
17742 78 0
17743 0 4
17744 0 0
17745 79 0
17746 0 3
17747 0 78
17748 0 1
17749 78 79
17750 78 0
17751 79 0
17752 0 0
17753 78 0
17754 0 79
17755 0 78
17756 79 79
17757 0 1
17758 0 4
17759 79 0
17760 0 79
17761 0 0
17762 0 1
17763 0 3
17764 0 0
17765 78 79
17766 78 0
17767 0 1
17768 0 4
17769 79 79
17770 0 3
17771 0 78
17772 78 79
17773 0 0
17774 0 79
17775 0 1
17776 0 0
17777 0 2
17778 79 0
17779 0 3
17780 0 1
17781 79 79
17782 78 79
17783 0 0
17784 79 79
17785 0 78
17786 78 0
17787 0 2
17788 79 0
17789 0 79
17790 78 0
17791 1 0
17792 79 0
17793 0 0
17794 0 3
17795 0 2
17796 78 79
17797 0 3
17798 0 78
17799 78 0
17800 79 79
17801 78 79
17802 0 1
17803 79 0
17804 79 79
17805 78 79
17806 0 0
17807 78 0
17808 79 79
17809 79 0
17810 78 79
17811 0 79
17812 78 0
17813 0 2
17814 0 3
17815 0 78
17816 79 0
17817 79 79
17818 0 2
17819 0 79
17820 1 0
17821 0 1
17822 0 2
17823 0 1
17824 0 2
17825 78 79
17826 0 0
17827 79 79
17828 78 0
17829 78 79
17830 79 0
17831 79 79
17832 0 78
17833 78 79
17834 1 0
17835 0 79
17836 79 79
17837 0 0
17838 1 0
17839 0 1
17840 0 78
17841 78 0
17842 0 79
17843 0 2
17844 0 78
17845 78 79
17846 0 0
17847 0 79
17848 1 0
17849 0 78
17850 0 79
17851 79 0
17852 0 78
17853 0 0
17854 0 3
17855 79 79
17856 78 0
17857 0 2
17858 0 3
17859 0 2
17860 0 79
17861 78 79
17862 79 79
17863 79 0
17864 78 0
17865 79 0
17866 0 78
17867 78 0
17868 0 3
17869 0 2
17870 0 79
17871 1 0
17872 0 0
17873 78 79
17874 0 78
17875 0 3
17876 79 79
17877 0 1
17878 79 0
17879 78 0
17880 0 79
17881 0 78
17882 0 0
17883 0 2
17884 78 79
17885 1 0
17886 79 79
17887 0 79
17888 0 0
17889 0 3
17890 78 79
17891 0 2
17892 79 0
17893 79 79
17894 0 3
17895 0 78
17896 0 1
17897 78 79
17898 0 79
17899 0 4
17900 0 78
17901 79 79
17902 78 79
17903 78 0
17904 0 79
17905 0 0
17906 0 3
17907 79 0
17908 79 79
17909 78 0
17910 78 79
17911 0 78
17912 79 0
17913 0 2
17914 1 0
17915 0 79
17916 78 0
17917 0 1
17918 0 78
17919 79 0
17920 0 2
17921 78 0
17922 0 79
17923 79 0
17924 79 79
17925 0 0
17926 0 3
17927 78 0
17928 0 1
17929 78 79
17930 79 79
17931 79 0
17932 78 79
17933 0 78
17934 79 79
17935 78 79
17936 0 79
17937 79 79
17938 0 78
17939 78 0
17940 79 0
17941 78 79
17942 79 79
17943 0 79
17944 78 0
17945 0 0
17946 0 2
17947 78 79
17948 79 79
17949 1 0
17950 78 79
17951 0 78
17952 0 0
17953 79 79
17954 0 3
17955 0 79
17956 78 79
17957 0 1
17958 79 79
17959 0 4
17960 0 0
17961 78 79
17962 79 0
17963 79 79
17964 0 78
17965 78 0
17966 78 79
17967 0 1
17968 0 3
17969 79 79
17970 0 79
17971 78 79
17972 0 4
17973 0 0
17974 0 78
17975 0 3
17976 79 0
17977 78 0
17978 0 1
17979 0 0
17980 0 79
17981 79 0
17982 79 79
17983 78 0
17984 79 0
17985 0 78
17986 0 79
17987 0 1
17988 78 0
17989 0 78
17990 0 0
17991 0 79
17992 78 79
17993 0 78
17994 79 79
17995 78 79
17996 79 79
17997 0 1
17998 0 0
17999 78 79
18000 0 1
18001 79 79
18002 0 0
18003 0 2
18004 1 0
18005 79 0
18006 78 79
18007 0 79
18008 0 78
18009 79 79
18010 78 79
18011 79 79
18012 78 0
18013 78 79
18014 0 79
18015 79 79
18016 79 0
18017 0 78
18018 0 1
18019 0 79
18020 78 79
18021 0 78
18022 78 0
18023 2 0
18024 79 79
18025 0 0
18026 3 0
18027 79 0
18028 78 0
18029 2 0
18030 0 1
18031 0 79
18032 0 0
18033 79 0
18034 78 79
18035 78 0
18036 3 0
18037 2 0
18038 3 0
18039 79 79
18040 0 78
18041 0 1
18042 0 79
18043 0 0
18044 78 79
18045 2 0
18046 0 1
18047 79 79
18048 78 79
18049 79 0
18050 0 78
18051 78 0
18052 79 79
18053 0 79
18054 0 78
18055 0 79
18056 1 0
18057 79 0
18058 78 0
18059 0 78
18060 78 79
18061 79 0
18062 0 2
18063 78 0
18064 0 79
18065 79 0
18066 79 79
18067 78 79
18068 0 1
18069 78 0
18070 0 78
18071 0 79
18072 0 78
18073 0 2
18074 79 0
18075 79 79
18076 78 79
18077 79 79
18078 0 1
18079 0 79
18080 0 78
18081 0 2
18082 78 0
18083 0 0
18084 78 79
18085 79 79
18086 0 79
18087 79 0
18088 1 0
18089 78 79
18090 0 0
18091 79 79
18092 78 0
18093 79 0
18094 78 0
18095 0 78
18096 0 79
18097 0 78
18098 1 0
18099 78 79
18100 0 1
18101 2 0
18102 0 0
18103 0 79
18104 79 79
18105 3 0
18106 0 78
18107 0 1
18108 0 79
18109 78 79
18110 79 0
18111 0 0
18112 0 78
18113 0 79
18114 0 78
18115 2 0
18116 0 79
18117 3 0
18118 79 79
18119 78 0
18120 2 0
18121 3 0
18122 0 78
18123 0 1
18124 0 79
18125 0 0
18126 0 78
18127 2 0
18128 78 79
18129 79 0
18130 3 0
18131 0 79
18132 2 0
18133 79 79
18134 78 79
18135 78 0
18136 3 0
18137 0 1
18138 79 79
18139 78 79
18140 2 0
18141 1 0
18142 0 2
18143 0 78
18144 0 1
18145 0 2
18146 0 1
18147 79 0
18148 79 79
18149 0 2
18150 0 0
18151 78 0
18152 0 79
18153 0 3
18154 0 2
18155 0 3
18156 0 78
18157 79 0
18158 0 79
18159 0 78
18160 0 79
18161 0 1
18162 78 0
18163 0 78
18164 0 79
18165 0 78
18166 0 4
18167 0 3
18168 78 79
18169 0 79
18170 79 79
18171 0 78
18172 0 4
18173 79 0
18174 0 79
18175 0 78
18176 78 79
18177 0 3
18178 78 0
18179 79 0
18180 0 79
18181 0 0
18182 0 1
18183 0 78
18184 0 79
18185 0 4
18186 0 3
18187 78 0
18188 79 79
18189 0 4
18190 0 0
18191 78 79
18192 0 1
18193 0 3
18194 0 4
18195 0 0
18196 0 78
18197 79 0
18198 79 79
18199 0 1
18200 0 79
18201 0 78
18202 78 79
18203 0 3
18204 79 79
18205 0 0
18206 78 79
18207 0 2
18208 1 0
18209 79 79
18210 0 0
18211 78 79
18212 0 79
18213 0 3
18214 79 79
18215 78 79
18216 0 2
18217 78 0
18218 79 79
18219 0 78
18220 0 79
18221 0 3
18222 0 1
18223 0 4
18224 0 78
18225 78 79
18226 79 79
18227 0 3
18228 0 79
18229 0 4
18230 79 0
18231 78 79
18232 79 79
18233 0 0
18234 78 79
18235 78 0
18236 0 3
18237 79 0
18238 0 78
18239 78 0
18240 0 2
18241 79 79
18242 79 0
18243 0 79
18244 1 0
18245 78 79
18246 0 1
18247 79 79
18248 0 2
18249 0 78
18250 0 0
18251 1 0
18252 0 0
18253 0 79
18254 0 78
18255 0 3
18256 78 79
18257 0 79
18258 0 2
18259 0 78
18260 0 79
18261 0 3
18262 79 79
18263 0 2
18264 78 0
18265 79 0
18266 78 79
18267 79 79
18268 78 79
18269 0 78
18270 79 79
18271 0 79
18272 78 0
18273 79 0
18274 78 0
18275 0 78
18276 1 0
18277 0 79
18278 79 0
18279 0 0
18280 0 78
18281 1 0
18282 0 79
18283 78 79
18284 0 0
18285 1 0
18286 0 78
18287 0 1
18288 78 0
18289 2 0
18290 0 0
18291 79 79
18292 3 0
18293 0 79
18294 0 1
18295 2 0
18296 0 78
18297 0 0
18298 78 79
18299 79 0
18300 79 79
18301 3 0
18302 78 0
18303 0 1
18304 0 0
18305 78 79
18306 0 1
18307 79 0
18308 78 0
18309 79 0
18310 0 79
18311 0 0
18312 78 0
18313 79 79
18314 0 1
18315 78 79
18316 2 0
18317 79 79
18318 78 79
18319 0 78
18320 0 0
18321 3 0
18322 0 79
18323 2 0
18324 79 79
18325 79 0
18326 3 0
18327 2 0
18328 78 79
18329 0 1
18330 78 0
18331 79 79
18332 78 79
18333 0 0
18334 0 1
18335 79 79
18336 1 0
18337 0 2
18338 0 1
18339 0 2
18340 0 78
18341 78 79
18342 79 0
18343 78 0
18344 0 79
18345 0 0
18346 79 79
18347 78 79
18348 79 79
18349 79 0
18350 78 79
18351 0 3
18352 0 1
18353 79 79
18354 0 78
18355 0 79
18356 0 0
18357 0 2
18358 78 0
18359 0 78
18360 78 79
18361 79 0
18362 78 0
18363 0 79
18364 0 78
18365 0 3
18366 79 0
18367 0 1
18368 0 0
18369 0 1
18370 0 4
18371 0 0
18372 0 3
18373 0 1
18374 0 79
18375 78 0
18376 0 4
18377 79 0
18378 0 78
18379 79 79
18380 78 79
18381 0 79
18382 79 79
18383 0 0
18384 78 79
18385 0 3
18386 0 2
18387 1 0
18388 79 79
18389 78 79
18390 0 78
18391 0 0
18392 1 0
18393 78 0
18394 79 79
18395 0 1
18396 0 79
18397 2 0
18398 1 0
18399 79 0
18400 0 2
18401 0 78
18402 0 79
18403 0 0
18404 1 0
18405 78 0
18406 78 79
18407 0 78
18408 79 0
18409 79 79
18410 78 79
18411 0 1
18412 0 2
18413 0 79
18414 0 78
18415 78 0
18416 79 79
18417 0 0
18418 78 79
18419 1 0
18420 0 1
18421 79 0
18422 0 2
18423 78 0
18424 79 0
18425 0 0
18426 1 0
18427 0 79
18428 0 78
18429 78 0
18430 79 79
18431 78 79
18432 79 79
18433 0 0
18434 78 79
18435 0 79
18436 1 0
18437 0 78
18438 79 79
18439 79 0
18440 0 1
18441 78 79
18442 0 79
18443 78 0
18444 2 0
18445 1 0
18446 0 78
18447 79 0
18448 79 79
18449 78 79
18450 78 0
18451 79 79
18452 79 0
18453 2 0
18454 0 0
18455 0 1
18456 1 0
18457 2 0
18458 78 79
18459 0 0
18460 78 0
18461 0 79
18462 3 0
18463 0 78
18464 79 79
18465 0 1
18466 0 0
18467 0 1
18468 2 0
18469 78 79
18470 79 79
18471 79 0
18472 78 79
18473 1 0
18474 78 0
18475 79 79
18476 0 79
18477 0 78
18478 0 2
18479 0 0
18480 1 0
18481 0 79
18482 79 0
18483 0 1
18484 0 2
18485 0 0
18486 0 3
18487 0 1
18488 0 4
18489 78 79
18490 0 3
18491 0 0
18492 79 79
18493 0 78
18494 78 79
18495 0 79
18496 0 1
18497 0 78
18498 78 0
18499 0 4
18500 79 0
18501 0 0
18502 0 1
18503 79 79
18504 0 79
18505 0 3
18506 78 0
18507 0 78
18508 0 4
18509 0 79
18510 0 0
18511 0 1
18512 0 78
18513 79 0
18514 78 79
18515 79 79
18516 0 0
18517 0 1
18518 0 3
18519 0 79
18520 0 0
18521 0 78
18522 0 79
18523 0 2
18524 1 0
18525 78 79
18526 79 79
18527 78 0
18528 0 78
18529 78 79
18530 0 1
18531 79 79
18532 0 79
18533 78 79
18534 0 78
18535 79 0
18536 0 2
18537 79 79
18538 78 79
18539 79 79
18540 0 1
18541 78 0
18542 2 0
18543 0 0
18544 79 0
18545 0 1
18546 0 0
18547 78 0
18548 0 1
18549 0 79
18550 0 78
18551 0 79
18552 79 0
18553 78 79
18554 1 0
18555 0 78
18556 79 79
18557 78 0
18558 78 79
18559 0 79
18560 0 78
18561 79 0
18562 78 0
18563 79 0
18564 78 0
18565 2 0
18566 79 0
18567 1 0
18568 0 2
18569 78 0
18570 0 1
18571 0 79
18572 2 0
18573 79 0
18574 1 0
18575 0 78
18576 0 2
18577 79 79
18578 78 79
18579 0 0
18580 0 3
18581 0 79
18582 0 2
18583 78 0
18584 1 0
18585 0 1
18586 79 0
18587 0 2
18588 79 79
18589 0 1
18590 2 0
18591 78 0
18592 1 0
18593 78 79
18594 79 0
18595 0 78
18596 78 0
18597 79 79
18598 0 2
18599 0 0
18600 0 3
18601 0 1
18602 79 0
18603 0 0
18604 0 1
18605 0 4
18606 0 0
18607 0 3
18608 78 79
18609 78 0
18610 79 0
18611 79 79
18612 0 1
18613 78 0
18614 0 4
18615 78 79
18616 0 79
18617 0 0
18618 0 3
18619 0 1
18620 0 4
18621 0 3
18622 0 0
18623 79 0
18624 78 0
18625 79 0
18626 0 2
18627 0 78
18628 79 79
18629 78 0
18630 1 0
18631 0 79
18632 78 79
18633 0 1
18634 2 0
18635 0 78
18636 0 79
18637 79 79
18638 0 78
18639 78 79
18640 0 79
18641 79 79
18642 1 0
18643 0 2
18644 0 0
18645 1 0
18646 0 78
18647 78 79
18648 0 1
18649 0 79
18650 79 79
18651 0 2
18652 0 1
18653 79 0
18654 2 0
18655 0 0
18656 3 0
18657 78 0
18658 2 0
18659 3 0
18660 79 0
18661 78 79
18662 2 0
18663 0 1
18664 1 0
18665 2 0
18666 0 78
18667 0 79
18668 79 79
18669 78 0
18670 0 0
18671 79 0
18672 78 0
18673 78 79
18674 3 0
18675 79 79
18676 78 79
18677 79 79
18678 78 79
18679 2 0
18680 3 0
18681 0 78
18682 2 0
18683 0 79
18684 0 1
18685 79 79
18686 0 78
18687 79 0
18688 78 0
18689 0 0
18690 3 0
18691 79 0
18692 78 0
18693 2 0
18694 0 79
18695 0 1
18696 79 0
18697 1 0
18698 0 78
18699 78 0
18700 0 79
18701 0 2
18702 0 1
18703 78 79
18704 2 0
18705 1 0
18706 79 79
18707 0 2
18708 78 79
18709 0 78
18710 0 79
18711 0 0
18712 79 79
18713 79 0
18714 78 0
18715 78 79
18716 1 0
18717 0 1
18718 79 0
18719 79 79
18720 0 78
18721 2 0
18722 1 0
18723 78 79
18724 78 0
18725 0 79
18726 79 0
18727 79 79
18728 0 2
18729 0 78
18730 0 1
18731 0 2
18732 78 79
18733 0 1
18734 0 79
18735 78 0
18736 0 78
18737 79 79
18738 0 2
18739 0 0
18740 79 0
18741 0 3
18742 78 0
18743 0 2
18744 79 0
18745 78 79
18746 1 0
18747 0 0
18748 0 79
18749 79 79
18750 78 0
18751 0 78
18752 78 79
18753 1 0
18754 0 0
18755 79 0
18756 79 79
18757 0 79
18758 0 3
18759 0 2
18760 1 0
18761 78 79
18762 0 78
18763 0 0
18764 78 0
18765 0 79
18766 79 0
18767 78 0
18768 0 78
18769 79 0
18770 0 79
18771 1 0
18772 0 0
18773 78 0
18774 79 79
18775 0 3
18776 79 0
18777 0 2
18778 78 0
18779 78 79
18780 79 79
18781 0 78
18782 1 0
18783 0 79
18784 78 79
18785 0 1
18786 79 0
18787 0 2
18788 0 1
18789 2 0
18790 1 0
18791 2 0
18792 1 0
18793 78 0
18794 79 0
18795 78 0
18796 79 0
18797 78 0
18798 79 79
18799 79 0
18800 78 79
18801 79 79
18802 0 78
18803 0 2
18804 78 0
18805 0 1
18806 2 0
18807 1 0
18808 78 79
18809 2 0
18810 0 79
18811 1 0
18812 79 0
18813 79 79
18814 78 79
18815 2 0
18816 0 78
18817 1 0
18818 0 2
18819 0 1
18820 78 0
18821 79 79
18822 0 2
18823 0 1
18824 0 2
18825 78 79
18826 0 1
18827 2 0
18828 0 0
18829 79 0
18830 0 1
18831 1 0
18832 79 79
18833 2 0
18834 0 0
18835 0 1
18836 78 79
18837 0 79
18838 79 79
18839 1 0
18840 78 79
18841 2 0
18842 0 0
18843 0 1
18844 0 0
18845 0 78
18846 3 0
18847 2 0
18848 3 0
18849 78 0
18850 79 79
18851 0 79
18852 78 79
18853 0 1
18854 0 78
18855 0 79
18856 79 79
18857 0 0
18858 79 0
18859 2 0
18860 0 78
18861 0 1
18862 78 0
18863 0 0
18864 78 79
18865 79 79
18866 0 1
18867 1 0
18868 0 79
18869 0 2
18870 78 79
18871 0 0
18872 79 79
18873 0 3
18874 0 2
18875 0 3
18876 0 78
18877 0 1
18878 0 79
18879 0 0
18880 0 2
18881 79 0
18882 0 78
18883 78 79
18884 0 3
18885 78 0
18886 79 0
18887 0 2
18888 1 0
18889 0 1
18890 0 79
18891 79 79
18892 0 78
18893 78 0
18894 78 79
18895 79 79
18896 78 79
18897 0 79
18898 0 78
18899 79 0
18900 79 79
18901 2 0
18902 0 79
18903 0 0
18904 3 0
18905 0 78
18906 78 0
18907 0 1
18908 0 79
18909 2 0
18910 0 78
18911 0 79
18912 78 79
18913 79 0
18914 0 0
18915 79 79
18916 0 78
18917 78 0
18918 0 79
18919 78 79
18920 0 78
18921 0 79
18922 79 79
18923 79 0
18924 78 79
18925 79 79
18926 3 0
18927 78 0
18928 2 0
18929 79 0
18930 78 0
18931 3 0
18932 78 79
18933 79 79
18934 79 0
18935 0 78
18936 0 1
18937 0 0
18938 78 0
18939 0 79
18940 0 78
18941 78 79
18942 0 79
18943 79 0
18944 79 79
18945 0 78
18946 0 79
18947 78 0
18948 2 0
18949 0 78
18950 0 1
18951 1 0
18952 0 79
18953 0 2
18954 78 79
18955 79 0
18956 0 0
18957 1 0
18958 0 0
18959 78 0
18960 79 79
18961 1 0
18962 0 78
18963 0 0
18964 0 3
18965 0 79
18966 0 78
18967 79 0
18968 78 0
18969 79 0
18970 0 1
18971 0 0
18972 78 79
18973 78 0
18974 79 0
18975 79 79
18976 0 1
18977 0 0
18978 0 1
18979 0 4
18980 78 0
18981 0 79
18982 0 3
18983 0 0
18984 0 2
18985 79 0
18986 1 0
18987 78 0
18988 0 1
18989 0 78
18990 78 79
18991 0 2
18992 79 79
18993 0 0
18994 0 3
18995 0 1
18996 79 0
18997 0 4
18998 0 3
18999 78 0
19000 0 79
19001 79 0
19002 78 79
19003 0 0
19004 79 79
19005 0 2
19006 78 0
19007 79 0
19008 0 78
19009 78 79
19010 0 79
19011 0 78
19012 0 79
19013 78 0
19014 1 0
19015 0 78
19016 79 79
19017 0 0
19018 1 0
19019 0 79
19020 0 1
19021 0 78
19022 0 2
19023 78 79
19024 79 0
19025 0 1
19026 0 79
19027 79 79
19028 0 2
19029 78 79
19030 79 79
19031 78 0
19032 78 79
19033 79 79
19034 78 79
19035 0 1
19036 79 0
19037 2 0
19038 0 78
19039 0 79
19040 79 79
19041 0 78
19042 1 0
19043 0 79
19044 78 0
19045 2 0
19046 79 0
19047 0 0
19048 3 0
19049 0 1
19050 78 79
19051 2 0
19052 0 0
19053 3 0
19054 79 79
19055 78 0
19056 79 0
19057 78 79
19058 0 1
19059 79 79
19060 78 0
19061 78 79
19062 0 0
19063 79 0
19064 79 79
19065 78 0
19066 79 0
19067 0 78
19068 0 1
19069 0 0
19070 0 79
19071 78 79
19072 78 0
19073 79 0
19074 2 0
19075 0 1
19076 0 78
19077 1 0
19078 78 0
19079 0 79
19080 79 79
19081 0 78
19082 0 79
19083 78 79
19084 0 78
19085 2 0
19086 1 0
19087 0 2
19088 0 0
19089 0 79
19090 79 79
19091 78 79
19092 79 79
19093 0 3
19094 78 79
19095 0 1
19096 0 78
19097 79 79
19098 79 0
19099 78 79
19100 0 0
19101 0 79
19102 78 0
19103 0 1
19104 79 79
19105 0 78
19106 0 79
19107 0 0
19108 79 0
19109 0 2
19110 1 0
19111 78 0
19112 79 0
19113 0 0
19114 78 0
19115 78 79
19116 79 0
19117 0 78
19118 78 0
19119 1 0
19120 0 0
19121 0 3
19122 0 79
19123 0 78
19124 0 1
19125 0 79
19126 79 79
19127 0 78
19128 0 0
19129 0 2
19130 78 79
19131 0 3
19132 79 0
19133 79 79
19134 0 1
19135 0 0
19136 78 79
19137 78 0
19138 0 1
19139 0 79
19140 0 78
19141 0 4
19142 0 3
19143 0 79
19144 0 4
19145 79 79
19146 0 0
19147 0 78
19148 0 79
19149 78 79
19150 0 3
19151 0 78
19152 79 79
19153 0 1
19154 79 0
19155 0 0
19156 78 0
19157 78 79
19158 0 1
19159 0 79
19160 79 79
19161 0 4
19162 79 0
19163 0 3
19164 0 78
19165 78 0
19166 0 79
19167 78 79
19168 0 78
19169 0 0
19170 79 79
19171 0 79
19172 0 1
19173 0 78
19174 78 79
19175 79 79
19176 0 0
19177 0 79
19178 0 1
19179 0 0
19180 0 1
19181 0 78
19182 0 79
19183 0 78
19184 79 0
19185 0 4
19186 78 79
19187 79 79
19188 0 0
19189 0 79
19190 0 78
19191 0 79
19192 0 3
19193 0 78
19194 0 2
19195 78 0
19196 79 0
19197 0 3
19198 0 79
19199 0 1
# colocadas=19200 ocupadas=5 mayor=19583
