0 82 85
1 82 81
2 57 14
3 57 91
4 57 15
5 70 65
6 48 72
7 72 85
8 25 79
9 71 65
10 15 58
11 46 12
12 14 14
13 70 48
14 78 3
15 73 78
16 38 87
17 4 39
18 77 34
19 52 87
20 35 47
21 42 73
22 65 26
23 42 72
24 41 61
25 64 15
26 62 50
27 40 4
28 14 55
29 55 47
30 88 14
31 44 0
32 93 28
33 31 56
34 26 79
35 52 88
36 14 58
37 86 64
38 16 28
39 15 58
40 19 20
41 17 28
42 28 53
43 59 50
44 72 38
45 36 32
46 57 14
47 90 18
48 48 71
49 64 47
50 25 28
51 41 48
52 41 93
53 24 28
54 49 73
55 89 42
56 28 52
57 43 0
58 19 10
59 90 17
60 35 25
61 14 54
62 40 93
63 5 39
64 14 58
65 37 87
66 77 1
67 38 87
68 44 0
69 41 4
70 47 49
71 88 42
72 39 9
73 75 65
74 64 14
75 57 15
76 70 49
77 48 49
78 64 15
79 10 72
80 57 90
81 37 87
82 0 17
83 31 43
84 77 27
85 77 33
86 38 87
87 41 93
88 39 93
89 70 16
90 93 0
91 82 86
92 31 42
93 77 51
94 41 94
95 88 76
96 84 85
97 82 28
98 70 48
99 39 94
100 4 39
101 36 31
102 63 94
103 64 8
104 93 27
105 23 1
106 69 58
107 41 90
108 40 4
109 15 14
110 74 65
111 15 58
112 58 50
113 39 93
114 25 28
115 28 53
116 42 48
117 69 57
118 38 50
119 52 87
120 24 28
121 45 58
122 86 65
123 43 0
124 16 28
125 36 32
126 61 63
127 72 19
128 12 70
129 9 12
130 3 3
131 26 22
132 37 6
133 37 87
134 93 92
135 63 93
136 50 73
137 89 42
138 44 0
139 81 91
140 17 43
141 46 41
142 11 70
143 54 47
144 38 6
145 93 28
146 41 48
147 57 91
148 92 55
149 42 79
150 69 58
151 14 14
152 92 56
153 18 71
154 39 8
155 60 63
156 92 55
157 17 44
158 52 88
159 22 74
160 72 57
161 72 78
162 45 39
163 14 55
164 41 89
165 19 11
166 72 84
167 48 8
168 82 80
169 42 48
170 83 28
171 61 63
172 35 24
173 90 18
174 69 57
175 92 56
176 57 90
177 77 26
178 41 4
179 35 25
180 43 79
181 55 47
182 71 19
183 48 7
184 48 8
185 85 52
186 10 73
187 76 1
188 75 65
189 79 49
190 90 17
191 79 48
192 39 94
193 41 93
194 70 65
195 82 85
196 60 63
197 19 19
198 92 92
199 1 17
200 43 0
201 84 52
202 64 14
203 31 57
204 87 14
205 19 20
206 73 38
207 63 94
208 40 93
209 25 22
210 48 72
211 48 71
212 39 95
213 45 40
214 31 43
215 35 24
216 82 91
217 77 34
218 51 51
219 40 4
220 90 18
221 82 86
222 26 22
223 41 4
224 52 91
225 28 52
226 28 53
227 66 26
228 25 22
229 31 56
230 84 86
231 42 73
232 45 59
233 46 95
234 64 7
235 72 19
236 62 49
237 78 2
238 77 33
239 41 62
240 47 49
241 17 43
242 12 70
243 39 94
244 82 85
245 17 44
246 40 4
247 31 57
248 74 65
249 85 52
250 21 85
251 69 95
252 75 65
253 82 86
254 41 61
255 82 85
256 62 50
257 42 72
258 69 58
259 81 91
260 61 63
261 31 42
262 19 19
263 36 31
264 77 1
265 25 28
266 76 22
267 41 48
268 87 76
269 38 51
270 73 57
271 77 14
272 34 47
273 25 79
274 36 32
275 45 39
276 10 17
277 63 93
278 65 26
279 31 56
280 64 15
281 45 58
282 59 50
283 41 93
284 64 14
285 63 94
286 78 3
287 21 74
288 39 9
289 64 15
290 23 0
291 0 17
292 77 52
293 36 31
294 83 7
295 88 76
296 83 6
297 23 1
298 35 25
299 70 15
300 67 90
301 40 93
302 45 59
303 26 79
304 45 41
305 5 39
306 14 54
307 42 73
308 17 43
309 4 39
310 31 57
311 46 41
312 68 95
313 25 79
314 45 41
315 10 18
316 5 39
317 52 92
318 39 95
319 31 43
320 39 94
321 78 2
322 26 22
323 41 90
324 35 47
325 26 79
326 37 6
327 11 70
328 10 72
329 84 52
330 49 73
331 64 8
332 88 14
333 14 58
334 63 93
335 78 3
336 85 52
337 79 49
338 41 93
339 72 57
340 63 94
341 12 70
342 63 93
343 24 28
344 23 0
345 10 17
346 93 92
347 42 72
348 19 20
349 84 52
350 69 57
351 65 47
352 26 45
353 48 49
354 19 71
355 52 51
356 82 28
357 52 87
358 70 49
359 77 15
360 11 70
361 31 56
362 73 57
363 40 93
364 50 73
365 12 70
366 34 47
367 71 65
368 54 47
369 77 14
370 38 87
371 74 65
372 45 58
373 84 85
374 35 24
375 21 84
376 19 10
377 76 23
378 19 11
379 94 0
380 77 15
381 10 73
382 35 25
383 72 85
384 77 14
385 38 6
386 64 47
387 15 58
388 42 73
389 57 14
390 84 86
391 31 42
392 47 49
393 76 22
394 49 73
395 66 90
396 82 86
397 60 63
398 26 46
399 93 0
400 66 26
401 70 65
402 37 6
403 69 58
404 51 51
405 77 34
406 79 48
407 93 27
408 37 87
409 42 79
410 4 39
411 44 0
412 64 7
413 39 8
414 19 19
415 41 93
416 52 91
417 48 49
418 65 47
419 17 44
420 72 84
421 87 76
422 45 59
423 43 0
424 52 51
425 90 17
426 45 58
427 19 20
428 31 43
429 10 18
430 14 55
431 88 76
432 52 92
433 1 17
434 48 72
435 31 42
436 41 4
437 47 12
438 62 49
439 51 51
440 38 6
441 21 85
442 72 57
443 28 52
444 67 90
445 75 65
446 77 27
447 64 8
448 77 33
449 88 42
450 76 23
451 79 49
452 10 72
453 44 39
454 69 95
455 44 0
456 10 17
457 83 28
458 82 85
459 28 53
460 87 14
461 10 18
462 86 64
463 94 0
464 22 74
465 64 47
466 55 47
467 74 65
468 69 57
469 61 63
470 77 34
471 65 26
472 82 91
473 40 93
474 68 95
475 52 91
476 23 1
477 77 26
478 69 95
479 62 50
480 58 50
481 90 18
482 10 17
483 42 48
484 38 87
485 43 0
486 72 85
487 45 59
488 48 71
489 48 7
490 57 15
491 41 62
492 52 51
493 87 76
494 38 50
495 82 28
496 41 61
497 37 6
498 21 84
499 70 48
500 52 88
501 40 4
502 72 84
503 17 43
504 71 65
505 59 50
506 31 43
507 85 52
508 58 50
509 15 14
510 14 58
511 60 63
512 25 22
513 93 28
514 38 51
515 51 51
516 70 49
517 26 22
518 45 95
519 84 85
520 50 73
521 45 39
522 28 52
523 77 27
524 90 17
525 73 78
526 70 16
527 70 65
528 25 79
529 19 10
530 86 65
531 75 65
532 46 41
533 25 22
534 14 14
535 2 3
536 57 91
537 28 53
538 47 49
539 92 55
540 77 15
541 45 41
542 48 72
543 73 57
544 82 86
545 93 27
546 44 0
547 57 14
548 66 26
549 70 15
550 43 79
551 41 4
552 43 0
553 84 52
554 25 28
555 77 26
556 42 72
557 21 74
558 48 71
559 93 28
560 38 6
561 48 49
562 23 0
563 35 24
564 15 14
565 40 4
566 14 14
567 59 50
568 44 39
569 48 72
570 49 73
571 84 86
572 93 27
573 76 22
574 63 94
575 8 12
576 42 73
577 24 28
578 72 57
579 35 25
580 85 52
581 9 12
582 10 18
583 82 81
584 66 90
585 41 93
586 78 2
587 10 73
588 22 74
589 45 58
590 72 85
591 52 51
592 77 51
593 35 47
594 92 56
595 41 62
596 64 7
597 89 42
598 83 7
599 25 28
600 41 4
601 50 73
602 26 45
603 11 70
604 31 57
605 10 17
606 57 90
607 86 64
608 38 50
609 17 44
610 5 39
611 26 79
612 92 55
613 82 85
614 37 6
615 28 52
616 71 19
617 64 14
618 23 1
619 46 95
620 92 56
621 77 27
622 70 16
623 77 52
624 45 95
625 63 93
626 54 47
627 90 18
628 38 51
629 31 42
630 93 28
631 82 80
632 46 95
633 82 81
634 46 41
635 72 84
636 10 72
637 17 43
638 17 28
639 25 79
640 40 93
641 71 65
642 70 48
643 63 94
644 39 95
645 74 65
646 55 47
647 84 85
648 54 47
649 14 54
650 45 59
651 26 22
652 37 87
653 64 8
654 12 70
655 92 55
656 49 73
657 10 18
658 72 78
659 68 95
660 63 93
661 19 19
662 26 79
663 18 71
664 41 89
665 19 71
666 65 47
667 15 58
668 41 90
669 31 56
670 72 19
671 86 65
672 4 39
673 36 32
674 93 0
675 79 48
676 86 64
677 5 39
678 82 80
679 88 76
680 0 17
681 15 14
682 69 58
683 16 28
684 48 8
685 88 42
686 39 9
687 90 17
688 41 61
689 19 11
690 41 62
691 48 71
692 36 31
693 79 49
694 52 87
695 19 10
696 38 87
697 64 47
698 69 95
699 10 73
700 88 14
701 45 95
702 94 0
703 10 72
704 89 42
705 42 72
706 77 14
707 38 50
708 11 70
709 84 52
710 79 48
711 55 47
712 70 49
713 21 85
714 84 86
715 52 92
716 21 74
717 93 0
718 42 73
719 86 65
720 72 85
721 1 17
722 38 51
723 51 51
724 41 48
725 31 43
726 93 27
727 14 55
728 22 74
729 41 89
730 38 50
731 65 26
732 17 28
733 45 58
734 16 28
735 18 71
736 48 7
737 92 92
738 23 0
739 87 14
740 19 71
741 23 1
742 19 20
743 23 0
744 85 52
745 63 94
746 8 12
747 31 42
748 70 65
749 34 47
750 52 51
751 93 92
752 46 12
753 9 12
754 44 0
755 88 14
756 19 11
757 45 41
758 72 38
759 77 15
760 39 8
761 70 15
762 26 46
763 31 43
764 35 24
765 65 47
766 41 61
767 31 42
768 18 71
769 42 79
770 52 91
771 82 86
772 19 10
773 94 0
774 86 64
775 51 51
776 92 56
777 79 49
778 77 14
779 37 87
780 0 17
781 43 79
782 31 57
783 41 62
784 57 15
785 1 17
786 35 47
787 48 8
788 57 91
789 84 85
790 39 9
791 54 47
792 73 57
793 87 14
794 4 39
795 40 4
796 93 0
797 64 47
798 52 51
799 69 57
800 77 26
801 10 17
802 43 0
803 88 14
804 41 93
805 63 93
806 38 87
807 57 90
808 28 53
809 10 73
810 61 63
811 14 58
812 69 58
813 31 56
814 41 90
815 87 14
816 25 79
817 50 73
818 3 3
819 64 15
820 70 48
821 48 7
822 10 72
823 42 79
824 31 57
825 39 94
826 52 88
827 19 71
828 73 78
829 21 84
830 0 17
831 34 47
832 12 70
833 48 72
834 40 93
835 57 14
836 31 56
837 38 6
838 78 3
839 36 32
840 48 71
841 36 31
842 83 6
843 64 7
844 93 28
845 17 44
846 52 92
847 47 12
848 36 32
849 10 18
850 10 73
851 46 95
852 10 72
853 76 1
854 11 70
855 43 79
856 51 51
857 41 93
858 67 90
859 45 59
860 94 0
861 87 76
862 18 71
863 37 6
864 78 2
865 5 39
866 42 72
867 84 86
868 65 47
869 38 51
870 58 50
871 4 39
872 28 52
873 24 28
874 38 50
875 41 61
876 64 47
877 31 57
878 81 91
879 57 91
880 39 93
881 12 70
882 72 78
883 70 49
884 72 57
885 70 48
886 28 53
887 26 79
888 78 3
889 77 1
890 19 19
891 52 91
892 66 26
893 31 56
894 57 90
895 35 47
896 48 72
897 76 1
898 31 57
899 17 28
900 52 92
901 38 6
902 25 28
903 14 14
904 19 11
905 60 63
906 14 54
907 55 47
908 78 2
909 57 91
910 84 85
911 82 85
912 52 51
913 46 12
914 41 4
915 65 26
916 64 8
917 25 79
918 59 50
919 84 52
920 85 52
921 93 0
922 35 25
923 77 1
924 92 92
925 15 14
926 15 58
927 16 28
928 76 23
929 63 94
930 86 65
931 84 86
932 82 81
933 14 14
934 94 0
935 63 93
936 36 31
937 26 45
938 17 43
939 70 49
940 47 49
941 48 49
942 69 57
943 39 8
944 17 44
945 92 55
946 64 14
947 70 16
948 73 57
949 62 49
950 82 80
951 57 90
952 68 95
953 10 17
954 82 86
955 73 78
956 63 94
957 42 73
958 83 28
959 21 74
960 42 48
961 17 28
962 64 15
963 82 28
964 78 3
965 83 7
966 38 51
967 44 0
968 19 71
969 17 43
970 71 65
971 77 15
972 66 26
973 25 22
974 40 4
975 45 58
976 21 85
977 77 33
978 93 92
979 88 14
980 88 42
981 82 85
982 31 43
983 65 26
984 65 47
985 82 91
986 41 4
987 90 18
988 61 63
989 79 48
990 19 10
991 5 39
992 93 0
993 47 12
994 73 38
995 23 1
996 79 49
997 57 15
998 17 44
999 90 17
1000 64 47
1001 38 50
1002 70 65
1003 39 9
1004 52 87
1005 47 49
1006 39 94
1007 42 72
1008 62 50
1009 10 18
1010 40 93
1011 58 50
1012 82 81
1013 38 51
1014 72 78
1015 71 19
1016 26 46
1017 57 91
1018 22 74
1019 81 91
1020 48 49
1021 64 7
1022 14 55
1023 36 32
1024 11 70
1025 77 14
1026 42 79
1027 88 76
1028 70 48
1029 87 76
1030 37 87
1031 26 79
1032 83 6
1033 41 48
1034 23 0
1035 82 86
1036 45 59
1037 87 14
1038 82 91
1039 77 15
1040 28 52
1041 41 62
1042 57 90
1043 10 17
1044 48 8
1045 39 8
1046 34 47
1047 88 14
1048 63 93
1049 76 22
1050 70 15
1051 78 2
1052 41 93
1053 72 38
1054 52 88
1055 77 51
1056 81 91
1057 57 14
1058 84 52
1059 64 8
1060 77 34
1061 94 0
1062 92 56
1063 62 49
1064 57 15
1065 16 28
1066 88 76
1067 59 50
1068 72 57
1069 62 50
1070 73 38
1071 17 43
1072 36 31
1073 10 73
1074 93 27
1075 15 14
1076 35 24
1077 71 65
1078 31 56
1079 79 48
1080 25 79
1081 17 44
1082 54 47
1083 2 3
1084 45 39
1085 31 42
1086 55 47
1087 92 92
1088 1 17
1089 64 7
1090 19 11
1091 42 48
1092 87 76
1093 89 42
1094 90 18
1095 40 93
1096 76 23
1097 26 22
1098 3 3
1099 64 14
1100 77 52
1101 70 49
1102 41 93
1103 78 3
1104 12 70
1105 93 28
1106 93 92
1107 85 52
1108 92 55
1109 24 28
1110 21 74
1111 18 71
1112 25 22
1113 72 38
1114 31 57
1115 72 84
1116 23 1
1117 41 61
1118 82 80
1119 84 85
1120 14 14
1121 78 2
1122 42 73
1123 57 91
1124 44 39
1125 77 27
1126 26 79
1127 84 86
1128 82 85
1129 31 56
1130 64 8
1131 43 0
1132 73 38
1133 58 50
1134 45 39
1135 14 54
1136 77 33
1137 69 95
1138 38 50
1139 66 26
1140 41 48
1141 84 85
1142 77 51
1143 63 94
1144 69 58
1145 54 47
1146 26 22
1147 62 49
1148 38 87
1149 72 19
1150 73 57
1151 35 47
1152 11 70
1153 52 87
1154 83 7
1155 42 48
1156 12 70
1157 35 25
1158 59 50
1159 92 92
1160 15 14
1161 41 48
1162 84 86
1163 72 57
1164 14 58
1165 58 50
1166 57 90
1167 87 14
1168 70 16
1169 70 65
1170 82 86
1171 11 70
1172 25 28
1173 55 47
1174 51 51
1175 0 17
1176 71 65
1177 19 71
1178 37 6
1179 88 14
1180 70 65
1181 15 58
1182 39 9
1183 45 58
1184 46 12
1185 45 95
1186 83 6
1187 52 51
1188 87 14
1189 28 53
1190 48 7
1191 39 8
1192 68 95
1193 23 0
1194 4 39
1195 70 15
1196 36 32
1197 31 43
1198 49 73
1199 34 47
1200 77 26
1201 52 91
1202 38 51
1203 76 1
1204 31 42
1205 78 3
1206 50 73
1207 47 12
1208 22 74
1209 25 22
1210 10 72
1211 86 64
1212 46 12
1213 70 48
1214 43 79
1215 73 57
1216 72 85
1217 39 93
1218 77 27
1219 41 89
1220 38 6
1221 82 91
1222 77 26
1223 19 20
1224 90 17
1225 77 14
1226 46 41
1227 37 87
1228 23 1
1229 62 50
1230 28 52
1231 14 14
1232 86 65
1233 57 14
1234 79 49
1235 72 84
1236 77 52
1237 77 51
1238 15 14
1239 10 73
1240 76 22
1241 77 52
1242 26 22
1243 21 74
1244 93 92
1245 24 28
1246 88 14
1247 70 16
1248 82 81
1249 82 80
1250 1 17
1251 72 38
1252 77 1
1253 82 85
1254 64 15
1255 83 28
1256 45 41
1257 39 94
1258 39 9
1259 40 4
1260 10 18
1261 64 7
1262 38 87
1263 14 58
1264 44 39
1265 72 85
1266 52 92
1267 84 85
1268 76 1
1269 17 28
1270 41 90
1271 51 51
1272 77 27
1273 87 14
1274 49 73
1275 45 39
1276 46 95
1277 69 57
1278 77 51
1279 12 70
1280 37 6
1281 73 38
1282 38 6
1283 65 47
1284 47 49
1285 18 71
1286 90 18
1287 62 49
1288 40 93
1289 19 19
1290 83 7
1291 64 14
1292 31 43
1293 31 42
1294 71 19
1295 44 39
1296 64 47
1297 45 95
1298 93 0
1299 93 27
1300 64 15
1301 47 12
1302 64 14
1303 16 28
1304 73 78
1305 76 23
1306 72 38
1307 41 93
1308 42 72
1309 64 8
1310 83 6
1311 84 52
1312 19 20
1313 42 79
1314 35 24
1315 36 31
1316 8 12
1317 94 0
1318 5 39
1319 82 81
1320 50 73
1321 57 15
1322 10 17
1323 25 79
1324 25 22
1325 19 19
1326 71 65
1327 0 17
1328 19 71
1329 70 65
1330 59 50
1331 40 93
1332 41 89
1333 48 49
1334 64 7
1335 17 28
1336 77 1
1337 85 52
1338 52 91
1339 57 91
1340 41 4
1341 92 56
1342 44 0
1343 48 71
1344 77 15
1345 18 71
1346 26 79
1347 28 53
1348 81 91
1349 72 19
1350 72 57
1351 19 20
1352 70 15
1353 88 42
1354 48 72
1355 52 92
1356 72 84
1357 14 14
1358 75 65
1359 71 19
1360 28 52
1361 82 86
1362 65 47
1363 10 72
1364 41 90
1365 26 22
1366 22 74
1367 37 87
1368 54 47
1369 38 87
1370 52 88
1371 41 93
1372 14 55
1373 76 1
1374 37 87
1375 46 12
1376 39 93
1377 72 78
1378 88 14
1379 52 87
1380 41 62
1381 38 87
1382 70 49
1383 64 15
1384 45 39
1385 41 89
1386 21 84
1387 60 63
1388 49 73
1389 14 54
1390 38 50
1391 28 53
1392 90 17
1393 76 22
1394 43 79
1395 31 57
1396 23 0
1397 10 18
1398 77 52
1399 57 90
1400 70 16
1401 15 58
1402 77 51
1403 73 57
1404 45 59
1405 77 14
1406 52 88
1407 82 91
1408 82 28
1409 19 71
1410 16 28
1411 57 91
1412 42 48
1413 47 49
1414 76 23
1415 42 73
1416 42 79
1417 38 51
1418 65 26
1419 44 39
1420 43 79
1421 42 79
1422 64 8
1423 48 71
1424 50 73
1425 45 39
1426 10 17
1427 77 52
1428 90 18
1429 64 7
1430 46 41
1431 83 7
1432 66 26
1433 84 86
1434 43 0
1435 52 51
1436 19 19
1437 71 65
1438 37 87
1439 15 14
1440 64 47
1441 35 47
1442 72 85
1443 45 40
1444 81 91
1445 23 1
1446 1 17
1447 57 90
1448 10 18
1449 11 70
1450 14 58
1451 45 58
1452 45 39
1453 69 95
1454 43 79
1455 70 15
1456 10 73
1457 10 72
1458 55 47
1459 44 0
1460 39 94
1461 43 0
1462 31 56
1463 87 14
1464 93 0
1465 70 16
1466 72 19
1467 40 93
1468 10 17
1469 26 45
1470 44 0
1471 92 55
1472 39 8
1473 41 48
1474 38 87
1475 77 1
1476 57 14
1477 64 14
1478 28 52
1479 14 14
1480 77 34
1481 15 14
1482 31 57
1483 18 71
1484 66 90
1485 40 4
1486 9 12
1487 82 91
1488 42 72
1489 48 49
1490 84 85
1491 19 71
1492 77 15
1493 68 95
1494 47 49
1495 92 92
1496 19 20
1497 46 95
1498 65 47
1499 82 85
1500 88 76
1501 31 56
1502 34 47
1503 2 3
1504 64 47
1505 93 28
1506 93 92
1507 73 78
1508 48 49
1509 70 48
1510 0 17
1511 41 61
1512 41 4
1513 84 86
1514 71 19
1515 73 38
1516 82 86
1517 18 71
1518 15 58
1519 21 74
1520 84 52
1521 88 14
1522 83 6
1523 57 15
1524 23 0
1525 25 22
1526 74 65
1527 37 6
1528 45 59
1529 51 51
1530 81 91
1531 54 47
1532 64 8
1533 77 33
1534 85 52
1535 82 91
1536 77 26
1537 65 26
1538 84 85
1539 76 22
1540 83 28
1541 93 27
1542 92 56
1543 48 8
1544 94 0
1545 28 53
1546 70 65
1547 83 7
1548 17 28
1549 47 49
1550 72 57
1551 86 64
1552 31 57
1553 4 39
1554 35 25
1555 22 74
1556 65 47
1557 31 43
1558 28 52
1559 52 51
1560 72 84
1561 64 47
1562 77 27
1563 76 1
1564 19 71
1565 42 48
1566 48 49
1567 19 19
1568 41 90
1569 38 50
1570 82 80
1571 51 51
1572 1 17
1573 89 42
1574 83 6
1575 64 15
1576 77 51
1577 37 87
1578 78 2
1579 64 7
1580 45 41
1581 52 91
1582 23 1
1583 10 73
1584 82 81
1585 57 91
1586 79 48
1587 40 4
1588 75 65
1589 66 26
1590 3 3
1591 78 3
1592 76 23
1593 84 86
1594 58 50
1595 46 41
1596 26 22
1597 72 78
1598 92 55
1599 92 56
1600 10 72
1601 63 93
1602 41 89
1603 41 48
1604 77 14
1605 87 14
1606 38 87
1607 47 12
1608 69 95
1609 62 50
1610 14 58
1611 52 92
1612 72 85
1613 41 62
1614 62 49
1615 52 87
1616 79 49
1617 37 87
1618 21 74
1619 36 32
1620 77 52
1621 31 56
1622 59 50
1623 61 63
1624 19 20
1625 45 40
1626 25 22
1627 47 49
1628 42 73
1629 78 2
1630 10 18
1631 77 26
1632 57 90
1633 87 76
1634 77 34
1635 36 31
1636 57 14
1637 57 91
1638 93 28
1639 52 91
1640 83 7
1641 14 14
1642 71 65
1643 48 72
1644 90 17
1645 57 90
1646 92 92
1647 42 48
1648 18 71
1649 57 91
1650 68 95
1651 38 87
1652 93 27
1653 21 85
1654 35 24
1655 28 53
1656 46 42
1657 10 73
1658 39 95
1659 77 15
1660 70 49
1661 63 94
1662 48 49
1663 77 27
1664 79 48
1665 22 74
1666 25 79
1667 77 33
1668 72 19
1669 83 6
1670 41 4
1671 19 10
1672 79 49
1673 45 39
1674 90 18
1675 45 58
1676 14 55
1677 12 70
1678 10 72
1679 45 59
1680 62 50
1681 43 0
1682 41 93
1683 63 93
1684 72 84
1685 88 14
1686 48 71
1687 52 51
1688 38 51
1689 78 3
1690 31 42
1691 77 1
1692 35 47
1693 31 57
1694 47 49
1695 84 85
1696 26 79
1697 65 26
1698 10 73
1699 81 91
1700 41 61
1701 17 43
1702 25 79
1703 88 42
1704 52 88
1705 8 12
1706 2 3
1707 82 85
1708 19 11
1709 31 56
1710 64 8
1711 86 65
1712 11 70
1713 76 1
1714 65 47
1715 19 19
1716 57 15
1717 14 54
1718 93 0
1719 25 28
1720 77 1
1721 31 57
1722 89 42
1723 9 12
1724 40 93
1725 86 64
1726 41 62
1727 52 92
1728 70 65
1729 21 74
1730 12 70
1731 73 78
1732 55 47
1733 34 47
1734 15 58
1735 84 52
1736 84 86
1737 93 28
1738 94 0
1739 14 58
1740 78 2
1741 64 14
1742 35 25
1743 22 74
1744 49 73
1745 92 55
1746 35 24
1747 83 7
1748 82 80
1749 5 39
1750 31 43
1751 76 1
1752 71 19
1753 42 79
1754 41 90
1755 36 32
1756 77 51
1757 86 65
1758 64 47
1759 77 34
1760 73 57
1761 11 70
1762 21 74
1763 71 65
1764 77 1
1765 45 40
1766 90 17
1767 72 38
1768 72 57
1769 41 61
1770 10 17
1771 82 28
1772 22 74
1773 77 14
1774 57 14
1775 66 26
1776 82 86
1777 39 94
1778 70 15
1779 0 17
1780 37 87
1781 76 22
1782 92 56
1783 72 85
1784 39 95
1785 44 0
1786 69 58
1787 90 18
1788 24 28
1789 64 15
1790 51 51
1791 69 95
1792 83 28
1793 38 6
1794 82 81
1795 4 39
1796 69 57
1797 1 17
1798 82 85
1799 41 93
1800 93 27
1801 77 26
1802 77 33
1803 39 94
1804 72 19
1805 5 39
1806 74 65
1807 64 7
1808 0 17
1809 57 15
1810 31 42
1811 78 3
1812 65 47
1813 63 94
1814 70 16
1815 45 58
1816 46 12
1817 64 47
1818 60 63
1819 47 12
1820 93 28
1821 70 15
1822 46 12
1823 86 64
1824 86 65
1825 19 10
1826 45 59
1827 48 7
1828 26 79
1829 79 48
1830 21 84
1831 68 95
1832 46 41
1833 52 51
1834 78 2
1835 16 28
1836 75 65
1837 10 18
1838 45 95
1839 72 84
1840 21 85
1841 15 58
1842 70 16
1843 48 49
1844 28 52
1845 77 52
1846 88 76
1847 1 17
1848 10 72
1849 76 1
1850 14 58
1851 77 1
1852 0 17
1853 46 42
1854 78 3
1855 84 85
1856 78 2
1857 43 0
1858 25 28
1859 70 65
1860 14 55
1861 52 91
1862 37 6
1863 70 48
1864 92 55
1865 38 6
1866 93 0
1867 58 50
1868 70 15
1869 45 58
1870 57 90
1871 62 49
1872 17 28
1873 37 6
1874 31 56
1875 52 87
1876 39 93
1877 24 28
1878 40 4
1879 41 89
1880 59 50
1881 1 17
1882 26 22
1883 72 78
1884 15 58
1885 45 59
1886 36 31
1887 36 32
1888 67 90
1889 77 34
1890 82 28
1891 41 4
1892 28 53
1893 72 85
1894 77 33
1895 26 46
1896 41 94
1897 48 72
1898 39 9
1899 94 0
1900 83 28
1901 54 47
1902 87 14
1903 76 1
1904 42 72
1905 52 92
1906 93 0
1907 43 79
1908 21 74
1909 39 8
1910 93 92
1911 46 41
1912 19 20
1913 71 19
1914 35 25
1915 47 12
1916 72 19
1917 83 6
1918 3 3
1919 46 42
1920 41 48
1921 84 86
1922 0 17
1923 42 79
1924 46 95
1925 86 64
1926 12 70
1927 88 14
1928 11 70
1929 41 93
1930 92 92
1931 25 79
1932 26 45
1933 21 84
1934 62 50
1935 82 80
1936 55 47
1937 38 50
1938 85 52
1939 61 63
1940 10 73
1941 64 14
1942 42 48
1943 26 46
1944 57 14
1945 43 79
1946 78 3
1947 1 17
1948 23 0
1949 71 65
1950 92 56
1951 70 49
1952 4 39
1953 64 15
1954 70 65
1955 41 90
1956 52 91
1957 39 94
1958 84 52
1959 71 65
1960 41 89
1961 65 47
1962 38 87
1963 64 14
1964 88 42
1965 50 73
1966 38 6
1967 66 90
1968 39 93
1969 84 85
1970 19 11
1971 48 8
1972 85 52
1973 72 84
1974 48 71
1975 28 52
1976 54 47
1977 73 78
1978 14 58
1979 46 12
1980 41 90
1981 47 49
1982 64 15
1983 62 49
1984 78 2
1985 26 79
1986 64 47
1987 77 34
1988 72 78
1989 23 1
1990 22 74
1991 2 3
1992 36 31
1993 82 86
1994 45 58
1995 67 90
1996 42 73
1997 21 74
1998 52 88
1999 35 47
2000 10 17
2001 48 7
2002 0 17
2003 82 81
2004 77 15
2005 65 47
2006 25 79
2007 70 65
2008 10 72
2009 60 63
2010 45 39
2011 40 4
2012 1 17
2013 46 41
2014 82 28
2015 69 95
2016 45 41
2017 41 62
2018 87 76
2019 26 45
2020 48 8
2021 52 87
2022 31 43
2023 73 78
2024 84 86
2025 77 51
2026 45 95
2027 83 7
2028 35 24
2029 76 23
2030 84 52
2031 62 50
2032 93 27
2033 5 39
2034 44 0
2035 76 22
2036 76 23
2037 65 26
2038 51 51
2039 64 47
2040 41 48
2041 25 22
2042 49 73
2043 64 8
2044 77 1
2045 15 58
2046 82 91
2047 86 65
2048 15 14
2049 52 51
2050 10 73
2051 86 64
2052 31 42
2053 85 52
2054 71 19
2055 55 47
2056 88 76
2057 61 63
2058 19 71
2059 66 90
2060 76 22
2061 77 14
2062 71 65
2063 31 43
2064 17 44
2065 21 85
2066 46 95
2067 35 25
2068 83 28
2069 70 65
2070 74 65
2071 42 72
2072 83 6
2073 35 24
2074 35 25
2075 19 10
2076 77 33
2077 19 11
2078 41 61
2079 93 92
2080 42 48
2081 83 7
2082 31 42
2083 92 55
2084 25 28
2085 19 19
2086 51 51
2087 31 57
2088 77 34
2089 37 87
2090 38 51
2091 26 22
2092 37 6
2093 79 49
2094 78 3
2095 23 0
2096 38 50
2097 84 52
2098 75 65
2099 16 28
2100 39 94
2101 83 6
2102 92 56
2103 28 53
2104 54 47
2105 43 0
2106 72 85
2107 18 71
2108 73 38
2109 31 43
2110 42 79
2111 39 93
2112 12 70
2113 82 85
2114 50 73
2115 10 18
2116 82 86
2117 79 48
2118 72 38
2119 72 78
2120 22 74
2121 89 42
2122 38 51
2123 38 50
2124 64 7
2125 41 48
2126 94 0
2127 43 79
2128 39 94
2129 82 80
2130 48 7
2131 62 49
2132 47 12
2133 41 4
2134 42 48
2135 82 85
2136 44 39
2137 83 7
2138 93 28
2139 40 4
2140 85 52
2141 82 28
2142 71 65
2143 57 15
2144 87 14
2145 64 8
2146 19 71
2147 72 19
2148 82 81
2149 58 50
2150 77 15
2151 87 76
2152 18 71
2153 70 65
2154 36 32
2155 49 73
2156 64 14
2157 10 72
2158 67 90
2159 77 14
2160 82 86
2161 31 56
2162 88 14
2163 57 91
2164 46 41
2165 78 2
2166 90 17
2167 14 54
2168 77 52
2169 45 39
2170 81 91
2171 3 3
2172 38 51
2173 25 22
2174 40 93
2175 82 91
2176 88 76
2177 77 51
2178 57 90
2179 92 55
2180 0 17
2181 39 95
2182 28 52
2183 48 8
2184 70 16
2185 66 90
2186 39 94
2187 26 46
2188 64 7
2189 60 63
2190 41 89
2191 38 6
2192 55 47
2193 66 26
2194 41 4
2195 31 42
2196 41 90
2197 59 50
2198 87 76
2199 48 7
2200 70 48
2201 21 74
2202 14 58
2203 44 0
2204 52 51
2205 41 62
2206 40 4
2207 35 24
2208 65 26
2209 65 47
2210 82 80
2211 14 55
2212 45 95
2213 36 31
2214 45 40
2215 83 28
2216 72 84
2217 38 87
2218 90 18
2219 41 4
2220 66 26
2221 61 63
2222 68 95
2223 42 73
2224 58 50
2225 17 28
2226 88 76
2227 39 9
2228 72 85
2229 73 78
2230 88 42
2231 46 12
2232 8 12
2233 39 95
2234 46 42
2235 31 43
2236 17 43
2237 73 38
2238 67 90
2239 14 14
2240 70 15
2241 19 71
2242 45 39
2243 71 65
2244 59 50
2245 69 95
2246 10 73
2247 51 51
2248 54 47
2249 45 40
2250 76 1
2251 42 79
2252 77 27
2253 22 74
2254 64 15
2255 82 81
2256 11 70
2257 23 1
2258 63 93
2259 57 14
2260 81 91
2261 71 19
2262 72 38
2263 90 17
2264 72 19
2265 68 95
2266 89 42
2267 76 23
2268 50 73
2269 65 26
2270 31 42
2271 73 38
2272 23 0
2273 47 12
2274 55 47
2275 28 53
2276 36 32
2277 73 57
2278 9 12
2279 64 47
2280 77 52
2281 46 12
2282 78 3
2283 31 57
2284 93 27
2285 72 78
2286 46 95
2287 45 59
2288 77 1
2289 47 12
2290 86 65
2291 62 50
2292 82 85
2293 72 84
2294 93 28
2295 10 17
2296 87 14
2297 72 57
2298 79 49
2299 34 47
2300 23 1
2301 45 95
2302 41 89
2303 46 41
2304 10 72
2305 46 95
2306 70 16
2307 31 43
2308 92 56
2309 72 38
2310 18 71
2311 93 0
2312 62 49
2313 15 58
2314 64 8
2315 48 8
2316 82 80
2317 19 10
2318 83 6
2319 70 15
2320 2 3
2321 35 47
2322 52 88
2323 57 15
2324 94 0
2325 92 92
2326 57 14
2327 46 12
2328 57 91
2329 8 12
2330 66 90
2331 69 58
2332 70 16
2333 26 22
2334 41 61
2335 3 3
2336 52 51
2337 51 51
2338 47 12
2339 39 8
2340 16 28
2341 43 0
2342 19 11
2343 66 26
2344 9 12
2345 82 86
2346 17 28
2347 10 73
2348 31 56
2349 52 92
2350 26 79
2351 48 49
2352 39 94
2353 39 95
2354 82 28
2355 44 0
2356 82 85
2357 41 48
2358 12 70
2359 77 26
2360 47 49
2361 76 1
2362 83 28
2363 24 28
2364 82 81
2365 70 15
2366 90 18
2367 19 20
2368 93 92
2369 25 22
2370 77 15
2371 72 85
2372 48 72
2373 49 73
2374 46 12
2375 45 95
2376 84 52
2377 28 52
2378 46 42
2379 65 26
2380 69 57
2381 36 31
2382 64 7
2383 71 19
2384 72 19
2385 47 12
2386 79 48
2387 77 1
2388 19 71
2389 88 42
2390 21 74
2391 17 44
2392 46 41
2393 72 84
2394 38 50
2395 14 58
2396 74 65
2397 26 22
2398 70 49
2399 37 87
2400 41 93
2401 4 39
2402 17 43
2403 64 8
2404 25 79
2405 64 14
2406 19 19
2407 10 18
2408 39 9
2409 2 3
2410 22 74
2411 89 42
2412 60 63
2413 38 87
2414 71 19
2415 11 70
2416 25 28
2417 64 15
2418 31 57
2419 50 73
2420 39 94
2421 45 39
2422 76 1
2423 25 22
2424 88 42
2425 48 49
2426 48 71
2427 52 51
2428 75 65
2429 67 90
2430 18 71
2431 58 50
2432 42 72
2433 1 17
2434 10 17
2435 87 76
2436 64 7
2437 23 0
2438 43 79
2439 88 76
2440 77 27
2441 15 58
2442 34 47
2443 42 48
2444 45 41
2445 63 94
2446 83 7
2447 70 48
2448 35 25
2449 82 28
2450 3 3
2451 37 6
2452 70 16
2453 93 27
2454 69 58
2455 88 14
2456 0 17
2457 66 90
2458 21 84
2459 48 7
2460 44 39
2461 52 91
2462 59 50
2463 8 12
2464 46 41
2465 26 45
2466 39 8
2467 64 8
2468 70 49
2469 28 53
2470 48 72
2471 82 80
2472 42 73
2473 82 91
2474 86 64
2475 72 85
2476 31 42
2477 58 50
2478 14 58
2479 40 93
2480 48 8
2481 38 51
2482 63 93
2483 77 14
2484 47 49
2485 37 87
2486 62 50
2487 38 87
2488 81 91
2489 43 0
2490 21 85
2491 52 87
2492 83 28
2493 42 72
2494 23 1
2495 19 10
2496 49 73
2497 38 6
2498 66 26
2499 46 12
2500 59 50
2501 47 12
2502 39 95
2503 39 94
2504 54 47
2505 55 47
2506 90 17
2507 38 50
2508 65 26
2509 39 9
2510 82 91
2511 1 17
2512 41 48
2513 72 19
2514 44 0
2515 85 52
2516 2 3
2517 92 92
2518 69 95
2519 42 79
2520 42 73
2521 57 90
2522 61 63
2523 77 15
2524 14 54
2525 52 92
2526 64 7
2527 39 8
2528 51 51
2529 14 55
2530 43 0
2531 79 49
2532 35 24
2533 78 2
2534 58 50
2535 5 39
2536 57 91
2537 45 39
2538 70 65
2539 19 20
2540 10 72
2541 82 81
2542 35 47
2543 77 14
2544 68 95
2545 34 47
2546 74 65
2547 86 65
2548 45 58
2549 87 14
2550 69 57
2551 62 49
2552 73 57
2553 84 52
2554 26 46
2555 63 94
2556 12 70
2557 46 12
2558 15 58
2559 10 73
2560 41 90
2561 86 64
2562 62 50
2563 67 90
2564 19 71
2565 52 88
2566 73 78
2567 35 25
2568 39 9
2569 15 14
2570 66 26
2571 65 26
2572 26 79
2573 87 76
2574 78 3
2575 69 95
2576 28 52
2577 39 95
2578 10 72
2579 39 94
2580 88 76
2581 73 38
2582 38 51
2583 57 90
2584 81 91
2585 39 8
2586 60 63
2587 63 93
2588 46 95
2589 31 56
2590 70 15
2591 77 1
2592 37 6
2593 45 41
2594 90 18
2595 21 74
2596 3 3
2597 24 28
2598 82 80
2599 84 85
2600 83 6
2601 45 59
2602 82 28
2603 57 91
2604 42 48
2605 25 79
2606 48 71
2607 68 95
2608 48 72
2609 71 19
2610 26 79
2611 83 7
2612 72 57
2613 41 48
2614 64 14
2615 23 0
2616 82 86
2617 45 58
2618 92 55
2619 48 49
2620 65 47
2621 78 2
2622 14 54
2623 57 90
2624 93 92
2625 46 41
2626 45 41
2627 37 87
2628 22 74
2629 35 24
2630 16 28
2631 69 95
2632 54 47
2633 35 47
2634 38 87
2635 64 8
2636 78 3
2637 14 55
2638 72 78
2639 38 50
2640 17 44
2641 64 7
2642 47 12
2643 38 6
2644 55 47
2645 44 0
2646 4 39
2647 69 58
2648 62 49
2649 66 90
2650 84 86
2651 82 81
2652 77 33
2653 21 74
2654 92 56
2655 41 62
2656 25 79
2657 87 76
2658 89 42
2659 88 76
2660 82 91
2661 11 70
2662 88 14
2663 14 58
2664 45 95
2665 66 26
2666 64 47
2667 21 84
2668 73 57
2669 10 18
2670 17 28
2671 19 19
2672 47 49
2673 26 45
2674 64 8
2675 15 58
2676 22 74
2677 72 57
2678 46 41
2679 62 50
2680 52 87
2681 43 0
2682 77 15
2683 86 65
2684 83 6
2685 46 95
2686 90 17
2687 48 7
2688 92 92
2689 23 1
2690 14 14
2691 9 12
2692 93 0
2693 15 14
2694 21 85
2695 67 90
2696 79 48
2697 59 50
2698 88 42
2699 46 12
2700 2 3
2701 48 49
2702 45 59
2703 72 19
2704 79 49
2705 81 91
2706 76 1
2707 43 79
2708 79 48
2709 41 89
2710 93 92
2711 19 11
2712 10 73
2713 72 84
2714 10 17
2715 37 6
2716 19 20
2717 19 10
2718 86 64
2719 58 50
2720 5 39
2721 52 91
2722 44 0
2723 41 90
2724 41 89
2725 45 58
2726 45 40
2727 73 57
2728 48 8
2729 42 48
2730 21 74
2731 69 57
2732 65 47
2733 23 0
2734 45 39
2735 19 19
2736 37 87
2737 63 94
2738 0 17
2739 21 84
2740 42 79
2741 47 12
2742 72 38
2743 94 0
2744 76 22
2745 92 55
2746 40 4
2747 52 92
2748 62 49
2749 69 58
2750 92 56
2751 71 65
2752 17 43
2753 85 52
2754 45 40
2755 73 38
2756 62 50
2757 77 1
2758 70 65
2759 28 53
2760 92 92
2761 90 18
2762 38 87
2763 72 57
2764 31 57
2765 77 14
2766 63 93
2767 26 46
2768 46 42
2769 38 6
2770 72 85
2771 70 48
2772 72 84
2773 87 76
2774 64 15
2775 93 92
2776 50 73
2777 22 74
2778 84 85
2779 75 65
2780 61 63
2781 57 91
2782 60 63
2783 12 70
2784 72 38
2785 10 72
2786 41 4
2787 63 94
2788 19 11
2789 57 15
2790 45 59
2791 26 22
2792 35 25
2793 71 65
2794 21 85
2795 63 93
2796 45 95
2797 64 7
2798 14 58
2799 73 78
2800 41 90
2801 18 71
2802 46 95
2803 92 92
2804 49 73
2805 42 72
2806 21 74
2807 84 52
2808 86 65
2809 82 91
2810 77 34
2811 11 70
2812 92 55
2813 79 49
2814 39 95
2815 73 38
2816 93 28
2817 41 93
2818 54 47
2819 40 93
2820 78 2
2821 93 92
2822 57 14
2823 14 54
2824 66 90
2825 72 85
2826 43 79
2827 25 22
2828 73 57
2829 72 78
2830 15 58
2831 36 32
2832 14 55
2833 19 10
2834 90 17
2835 64 47
2836 77 15
2837 64 14
2838 77 26
2839 92 56
2840 70 65
2841 42 79
2842 19 11
2843 41 93
2844 39 94
2845 12 70
2846 28 52
2847 52 88
2848 11 70
2849 36 31
2850 92 55
2851 4 39
2852 84 86
2853 64 15
2854 26 79
2855 57 90
2856 71 19
2857 84 85
2858 10 73
2859 90 18
2860 72 38
2861 84 86
2862 59 50
2863 14 58
2864 93 0
2865 67 90
2866 92 92
2867 38 51
2868 83 28
2869 36 32
2870 37 6
2871 36 31
2872 48 7
2873 61 63
2874 65 47
2875 48 8
2876 72 84
2877 37 87
2878 78 3
2879 19 10
2880 81 91
2881 77 27
2882 82 85
2883 48 7
2884 76 23
2885 93 27
2886 73 78
2887 25 79
2888 21 84
2889 70 49
2890 84 85
2891 82 80
2892 63 94
2893 77 51
2894 82 86
2895 38 6
2896 19 71
2897 57 91
2898 12 70
2899 64 8
2900 37 6
2901 39 93
2902 3 3
2903 90 17
2904 26 22
2905 71 65
2906 22 74
2907 77 52
2908 76 22
2909 72 57
2910 46 41
2911 17 44
2912 41 61
2913 47 49
2914 2 3
2915 28 53
2916 25 22
2917 31 56
2918 82 91
2919 73 38
2920 45 39
2921 64 14
2922 38 6
2923 39 9
2924 72 85
2925 77 26
2926 70 65
2927 72 84
2928 10 72
2929 76 23
2930 88 76
2931 41 94
2932 43 79
2933 34 47
2934 92 56
2935 48 8
2936 41 93
2937 52 51
2938 82 28
2939 26 45
2940 5 39
2941 25 28
2942 94 0
2943 77 14
2944 74 65
2945 70 48
2946 93 92
2947 66 90
2948 64 7
2949 71 65
2950 43 0
2951 41 48
2952 64 8
2953 52 91
2954 70 16
2955 50 73
2956 52 87
2957 77 33
2958 73 57
2959 14 54
2960 45 40
2961 77 51
2962 41 89
2963 26 79
2964 39 94
2965 24 28
2966 26 46
2967 68 95
2968 64 15
2969 39 8
2970 46 42
2971 75 65
2972 72 57
2973 19 11
2974 19 10
2975 39 93
2976 19 11
2977 17 43
2978 38 87
2979 87 14
2980 15 58
2981 89 42
2982 41 62
2983 79 48
2984 52 92
2985 45 58
2986 52 88
2987 46 41
2988 85 52
2989 14 55
2990 41 61
2991 77 15
2992 21 74
2993 14 58
2994 83 7
2995 69 95
2996 82 85
2997 42 73
2998 4 39
2999 64 47
3000 1 17
3001 93 28
3002 70 49
3003 76 1
3004 16 28
3005 19 20
3006 74 65
3007 51 51
3008 55 47
3009 35 24
3010 88 14
3011 60 63
3012 39 9
3013 5 39
3014 92 55
3015 8 12
3016 9 12
3017 72 38
3018 84 52
3019 77 52
3020 11 70
3021 86 64
3022 10 18
3023 78 2
3024 38 50
3025 8 12
3026 52 51
3027 35 47
3028 31 43
3029 31 57
3030 52 91
3031 82 81
3032 45 95
3033 42 72
3034 26 22
3035 67 90
3036 54 47
3037 57 15
3038 3 3
3039 42 48
3040 10 73
3041 40 4
3042 64 7
3043 41 62
3044 46 12
3045 42 79
3046 92 92
3047 37 87
3048 2 3
3049 66 90
3050 83 6
3051 58 50
3052 82 80
3053 19 10
3054 35 25
3055 84 86
3056 93 0
3057 72 85
3058 18 71
3059 90 18
3060 34 47
3061 82 81
3062 61 63
3063 25 79
3064 87 14
3065 57 14
3066 75 65
3067 52 87
3068 77 27
3069 57 90
3070 77 34
3071 41 94
3072 82 86
3073 35 24
3074 47 12
3075 25 28
3076 42 73
3077 72 19
3078 41 90
3079 93 27
3080 71 19
3081 39 94
3082 0 17
3083 93 28
3084 77 26
3085 79 49
3086 1 17
3087 85 52
3088 63 93
3089 72 19
3090 60 63
3091 55 47
3092 10 72
3093 77 51
3094 67 90
3095 68 95
3096 38 51
3097 0 17
3098 94 0
3099 92 56
3100 37 6
3101 14 14
3102 78 3
3103 59 50
3104 61 63
3105 1 17
3106 4 39
3107 46 12
3108 31 42
3109 19 11
3110 77 14
3111 21 85
3112 28 52
3113 12 70
3114 39 93
3115 79 48
3116 38 50
3117 82 80
3118 23 1
3119 41 4
3120 58 50
3121 43 79
3122 3 3
3123 10 73
3124 66 90
3125 69 57
3126 70 15
3127 54 47
3128 60 63
3129 88 14
3130 10 17
3131 39 8
3132 87 76
3133 65 47
3134 19 10
3135 38 6
3136 23 0
3137 45 59
3138 47 12
3139 82 81
3140 84 52
3141 92 55
3142 51 51
3143 64 14
3144 31 56
3145 11 70
3146 42 72
3147 64 8
3148 49 73
3149 35 47
3150 76 22
3151 39 94
3152 17 28
3153 12 70
3154 15 58
3155 76 23
3156 28 53
3157 63 94
3158 38 87
3159 88 76
3160 40 4
3161 62 49
3162 41 48
3163 73 57
3164 42 73
3165 67 90
3166 42 48
3167 41 48
3168 31 43
3169 70 16
3170 52 88
3171 64 47
3172 46 95
3173 19 19
3174 52 87
3175 15 14
3176 14 14
3177 0 17
3178 17 44
3179 85 52
3180 59 50
3181 41 89
3182 39 9
3183 70 65
3184 72 57
3185 45 58
3186 84 85
3187 34 47
3188 57 15
3189 48 7
3190 15 14
3191 48 8
3192 90 17
3193 44 0
3194 25 22
3195 84 52
3196 38 51
3197 9 12
3198 26 79
3199 57 91
3200 86 65
3201 2 3
3202 28 52
3203 43 0
3204 72 78
3205 5 39
3206 42 48
3207 37 6
3208 93 27
3209 45 59
3210 73 38
3211 10 72
3212 65 47
3213 74 65
3214 22 74
3215 93 0
3216 55 47
3217 42 72
3218 52 92
3219 79 49
3220 28 53
3221 77 15
3222 41 93
3223 87 76
3224 48 71
3225 14 54
3226 81 91
3227 31 42
3228 93 28
3229 70 48
3230 48 7
3231 52 91
3232 71 19
3233 28 52
3234 93 27
3235 72 38
3236 3 3
3237 4 39
3238 52 51
3239 75 65
3240 74 65
3241 16 28
3242 72 84
3243 19 20
3244 77 27
3245 26 45
3246 51 51
3247 48 8
3248 14 14
3249 26 22
3250 87 14
3251 35 25
3252 66 90
3253 2 3
3254 92 56
3255 62 50
3256 31 43
3257 11 70
3258 69 95
3259 17 43
3260 21 74
3261 93 28
3262 71 65
3263 35 24
3264 54 47
3265 69 58
3266 14 58
3267 35 47
3268 10 18
3269 38 6
3270 45 95
3271 28 53
3272 42 73
3273 46 95
3274 45 95
3275 92 55
3276 3 3
3277 86 64
3278 21 84
3279 15 58
3280 41 48
3281 63 93
3282 17 28
3283 77 52
3284 68 95
3285 52 88
3286 72 19
3287 92 56
3288 46 12
3289 31 42
3290 23 1
3291 83 7
3292 41 90
3293 57 90
3294 78 2
3295 48 7
3296 38 50
3297 93 92
3298 86 65
3299 16 28
3300 41 89
3301 1 17
3302 19 11
3303 61 63
3304 42 72
3305 24 28
3306 88 42
3307 41 4
3308 19 71
3309 72 85
3310 83 6
3311 19 19
3312 52 87
3313 82 80
3314 31 57
3315 78 3
3316 71 19
3317 47 12
3318 83 7
3319 75 65
3320 17 44
3321 5 39
3322 77 51
3323 21 85
3324 45 39
3325 4 39
3326 10 17
3327 62 49
3328 42 48
3329 69 57
3330 86 64
3331 48 49
3332 77 26
3333 10 73
3334 76 22
3335 78 2
3336 74 65
3337 73 57
3338 10 72
3339 88 76
3340 0 17
3341 40 93
3342 23 0
3343 31 43
3344 77 52
3345 76 23
3346 47 49
3347 45 41
3348 34 47
3349 79 48
3350 46 12
3351 92 55
3352 72 19
3353 82 85
3354 60 63
3355 52 51
3356 17 43
3357 85 52
3358 61 63
3359 87 76
3360 36 32
3361 94 0
3362 39 8
3363 25 28
3364 64 15
3365 46 95
3366 41 93
3367 5 39
3368 41 48
3369 28 52
3370 50 73
3371 44 0
3372 36 31
3373 70 65
3374 72 84
3375 21 84
3376 19 20
3377 89 42
3378 26 46
3379 49 73
3380 39 93
3381 35 25
3382 82 91
3383 73 38
3384 39 9
3385 58 50
3386 40 4
3387 83 28
3388 8 12
3389 37 87
3390 25 79
3391 77 27
3392 84 86
3393 41 61
3394 42 73
3395 37 6
3396 48 49
3397 77 14
3398 82 81
3399 47 49
3400 72 57
3401 39 8
3402 26 79
3403 19 10
3404 21 85
3405 35 47
3406 10 73
3407 31 42
3408 42 72
3409 41 90
3410 82 86
3411 71 65
3412 86 65
3413 57 91
3414 70 49
3415 64 47
3416 70 48
3417 17 28
3418 39 94
3419 76 22
3420 17 44
3421 71 19
3422 52 88
3423 70 49
3424 59 50
3425 77 15
3426 47 12
3427 23 1
3428 12 70
3429 1 17
3430 21 84
3431 88 76
3432 50 73
3433 52 92
3434 24 28
3435 62 50
3436 77 1
3437 82 28
3438 88 42
3439 72 38
3440 38 51
3441 46 12
3442 17 43
3443 44 39
3444 34 47
3445 73 38
3446 92 92
3447 88 14
3448 51 51
3449 31 43
3450 55 47
3451 65 47
3452 58 50
3453 93 0
3454 19 11
3455 94 0
3456 16 28
3457 89 42
3458 52 51
3459 81 91
3460 21 85
3461 77 33
3462 82 80
3463 38 50
3464 51 51
3465 70 48
3466 92 56
3467 76 1
3468 22 74
3469 39 93
3470 57 90
3471 65 26
3472 38 6
3473 0 17
3474 64 14
3475 39 94
3476 84 52
3477 87 76
3478 54 47
3479 25 79
3480 39 9
3481 21 74
3482 47 12
3483 2 3
3484 77 14
3485 82 91
3486 39 8
3487 4 39
3488 14 55
3489 77 34
3490 59 50
3491 63 94
3492 93 27
3493 77 26
3494 69 58
3495 14 58
3496 31 56
3497 19 10
3498 85 52
3499 15 14
3500 64 15
3501 39 9
3502 72 85
3503 17 44
3504 48 49
3505 48 8
3506 46 12
3507 64 7
3508 57 91
3509 31 57
3510 14 54
3511 70 65
3512 47 12
3513 93 28
3514 52 51
3515 86 64
3516 60 63
3517 1 17
3518 64 47
3519 93 0
3520 65 47
3521 71 65
3522 84 85
3523 37 6
3524 48 7
3525 88 76
3526 45 39
3527 44 39
3528 48 72
3529 42 48
3530 90 18
3531 17 28
3532 19 11
3533 57 90
3534 19 10
3535 43 0
3536 82 81
3537 19 19
3538 42 79
3539 84 86
3540 41 4
3541 64 47
3542 40 4
3543 70 49
3544 62 49
3545 48 71
3546 87 76
3547 19 11
3548 39 93
3549 67 90
3550 88 76
3551 38 51
3552 64 14
3553 83 6
3554 78 3
3555 58 50
3556 26 79
3557 35 24
3558 70 15
3559 63 93
3560 41 62
3561 51 51
3562 25 28
3563 84 85
3564 9 12
3565 19 20
3566 35 25
3567 41 94
3568 28 53
3569 10 18
3570 76 23
3571 42 73
3572 65 47
3573 55 47
3574 62 50
3575 69 95
3576 18 71
3577 93 27
3578 31 42
3579 64 47
3580 3 3
3581 41 89
3582 77 27
3583 35 24
3584 43 79
3585 10 72
3586 62 49
3587 84 86
3588 26 45
3589 16 28
3590 84 85
3591 14 55
3592 48 72
3593 72 19
3594 59 50
3595 15 58
3596 57 14
3597 17 28
3598 5 39
3599 76 22
3600 52 91
3601 10 73
3602 41 93
3603 77 1
3604 70 65
3605 42 72
3606 10 17
3607 64 15
3608 76 1
3609 31 56
3610 69 57
3611 86 65
3612 47 49
3613 54 47
3614 46 12
3615 66 26
3616 83 28
3617 45 95
3618 68 95
3619 42 73
3620 73 78
3621 76 23
3622 77 15
3623 71 19
3624 48 8
3625 14 58
3626 22 74
3627 42 79
3628 41 4
3629 38 87
3630 65 47
3631 45 39
3632 10 72
3633 38 6
3634 57 91
3635 26 46
3636 90 17
3637 78 2
3638 39 8
3639 41 48
3640 64 14
3641 48 49
3642 62 50
3643 17 43
3644 64 8
3645 77 26
3646 38 50
3647 14 54
3648 47 49
3649 94 0
3650 64 15
3651 75 65
3652 48 71
3653 77 27
3654 82 85
3655 37 6
3656 48 49
3657 93 92
3658 42 48
3659 25 22
3660 48 7
3661 78 3
3662 39 94
3663 76 22
3664 82 28
3665 10 18
3666 0 17
3667 77 14
3668 21 74
3669 22 74
3670 41 48
3671 15 58
3672 28 52
3673 47 12
3674 4 39
3675 42 48
3676 2 3
3677 24 28
3678 1 17
3679 48 72
3680 70 16
3681 87 76
3682 93 28
3683 26 45
3684 26 46
3685 3 3
3686 57 90
3687 84 86
3688 77 15
3689 74 65
3690 46 41
3691 83 7
3692 2 3
3693 88 76
3694 72 38
3695 19 10
3696 84 85
3697 38 6
3698 17 44
3699 93 27
3700 87 76
3701 73 38
3702 43 79
3703 76 23
3704 90 18
3705 64 14
3706 49 73
3707 39 9
3708 62 49
3709 86 64
3710 17 43
3711 77 14
3712 47 49
3713 57 91
3714 17 44
3715 39 8
3716 57 90
3717 17 43
3718 14 55
3719 35 47
3720 92 92
3721 40 93
3722 26 22
3723 92 55
3724 70 15
3725 50 73
3726 37 87
3727 41 93
3728 92 56
3729 39 93
3730 44 0
3731 82 80
3732 65 26
3733 77 26
3734 77 15
3735 82 81
3736 16 28
3737 57 15
3738 23 0
3739 82 86
3740 77 1
3741 38 87
3742 83 6
3743 21 84
3744 19 11
3745 66 26
3746 66 90
3747 46 12
3748 76 22
3749 35 25
3750 11 70
3751 92 55
3752 77 33
3753 48 71
3754 46 95
3755 19 71
3756 17 44
3757 21 74
3758 14 58
3759 45 40
3760 73 57
3761 72 38
3762 0 17
3763 25 79
3764 34 47
3765 72 19
3766 69 95
3767 17 28
3768 88 76
3769 70 48
3770 77 34
3771 35 47
3772 48 49
3773 77 14
3774 70 16
3775 41 90
3776 42 79
3777 49 73
3778 93 28
3779 63 94
3780 77 51
3781 18 71
3782 76 23
3783 52 92
3784 67 90
3785 71 19
3786 41 61
3787 77 15
3788 21 85
3789 83 7
3790 72 78
3791 26 45
3792 40 4
3793 41 62
3794 47 12
3795 26 79
3796 37 6
3797 45 58
3798 47 49
3799 23 1
3800 76 22
3801 36 32
3802 52 91
3803 41 89
3804 72 57
3805 69 58
3806 12 70
3807 79 49
3808 43 79
3809 8 12
3810 38 6
3811 35 24
3812 55 47
3813 45 39
3814 48 8
3815 14 14
3816 5 39
3817 39 94
3818 64 7
3819 19 19
3820 19 71
3821 61 63
3822 84 86
3823 41 48
3824 77 14
3825 26 46
3826 82 85
3827 48 7
3828 15 14
3829 76 23
3830 45 41
3831 64 47
3832 41 90
3833 64 8
3834 42 72
3835 54 47
3836 57 91
3837 48 72
3838 15 58
3839 69 57
3840 46 12
3841 41 4
3842 84 85
3843 93 92
3844 65 47
3845 64 7
3846 25 79
3847 73 38
3848 26 45
3849 41 89
3850 3 3
3851 2 3
3852 10 73
3853 86 65
3854 82 80
3855 34 47
3856 14 54
3857 21 84
3858 10 72
3859 76 22
3860 77 33
3861 88 42
3862 37 87
3863 39 93
3864 84 86
3865 55 47
3866 45 59
3867 46 41
3868 90 17
3869 93 0
3870 83 6
3871 70 49
3872 92 92
3873 22 74
3874 36 31
3875 94 0
3876 25 22
3877 42 73
3878 48 8
3879 71 65
3880 41 94
3881 42 79
3882 26 46
3883 45 58
3884 64 8
3885 18 71
3886 62 50
3887 90 18
3888 14 58
3889 77 27
3890 89 42
3891 45 95
3892 35 47
3893 41 93
3894 70 15
3895 84 85
3896 26 45
3897 26 46
3898 38 87
3899 21 85
3900 14 14
3901 39 94
3902 57 14
3903 15 58
3904 26 22
3905 64 7
3906 3 3
3907 86 64
3908 82 81
3909 70 65
3910 73 78
3911 48 71
3912 72 84
3913 43 79
3914 42 72
3915 87 76
3916 93 0
3917 86 65
3918 63 93
3919 19 20
3920 34 47
3921 52 87
3922 58 50
3923 1 17
3924 75 65
3925 52 51
3926 83 7
3927 39 93
3928 79 48
3929 23 0
3930 15 14
3931 86 64
3932 57 15
3933 40 4
3934 69 58
3935 41 90
3936 42 73
3937 64 8
3938 35 47
3939 25 28
3940 92 56
3941 83 28
3942 59 50
3943 39 94
3944 82 28
3945 50 73
3946 36 32
3947 39 9
3948 76 1
3949 45 40
3950 26 45
3951 73 57
3952 78 2
3953 11 70
3954 42 79
3955 72 78
3956 4 39
3957 77 52
3958 64 7
3959 76 23
3960 14 14
3961 43 79
3962 54 47
3963 39 93
3964 10 73
3965 49 73
3966 84 52
3967 41 4
3968 77 51
3969 41 94
3970 77 34
3971 64 15
3972 25 22
3973 41 93
3974 84 86
3975 40 4
3976 2 3
3977 73 78
3978 23 1
3979 41 4
3980 77 15
3981 10 17
3982 66 90
3983 63 94
3984 37 87
3985 68 95
3986 52 88
3987 83 6
3988 64 47
3989 50 73
3990 58 50
3991 40 4
3992 72 19
3993 42 48
3994 42 79
3995 77 1
3996 24 28
3997 77 52
3998 78 3
3999 83 28
4000 10 18
4001 90 17
4002 35 25
4003 92 55
4004 62 49
4005 59 50
4006 38 87
4007 83 7
4008 77 26
4009 36 31
4010 21 74
4011 79 49
4012 81 91
4013 70 48
4014 36 32
4015 16 28
4016 52 87
4017 37 87
4018 86 65
4019 84 85
4020 72 78
4021 41 48
4022 93 27
4023 82 28
4024 0 17
4025 72 85
4026 12 70
4027 41 94
4028 90 18
4029 58 50
4030 38 87
4031 10 17
4032 14 58
4033 23 0
4034 83 28
4035 17 28
4036 41 93
4037 10 72
4038 26 79
4039 72 38
4040 46 42
4041 55 47
4042 37 87
4043 48 72
4044 41 94
4045 36 31
4046 73 78
4047 57 14
4048 77 27
4049 57 90
4050 84 86
4051 54 47
4052 36 32
4053 86 64
4054 48 71
4055 25 79
4056 52 92
4057 31 43
4058 41 93
4059 73 38
4060 35 24
4061 3 3
4062 94 0
4063 43 0
4064 70 49
4065 76 22
4066 57 91
4067 36 31
4068 41 89
4069 52 88
4070 41 4
4071 31 42
4072 40 4
4073 42 48
4074 45 59
4075 44 0
4076 72 57
4077 74 65
4078 92 56
4079 70 16
4080 72 78
4081 48 72
4082 41 61
4083 42 72
4084 45 39
4085 46 41
4086 41 62
4087 88 42
4088 84 85
4089 75 65
4090 45 40
4091 22 74
4092 51 51
4093 19 71
4094 62 50
4095 43 79
4096 47 12
4097 10 18
4098 42 73
4099 69 95
4100 77 14
4101 17 43
4102 57 15
4103 82 91
4104 78 2
4105 46 12
4106 39 94
4107 93 0
4108 36 32
4109 71 65
4110 26 22
4111 31 57
4112 23 1
4113 74 65
4114 42 79
4115 19 19
4116 5 39
4117 85 52
4118 14 55
4119 84 86
4120 76 23
4121 39 93
4122 70 65
4123 19 10
4124 63 93
4125 43 79
4126 73 78
4127 31 43
4128 52 51
4129 64 8
4130 41 94
4131 57 14
4132 15 58
4133 21 84
4134 48 49
4135 9 12
4136 19 11
4137 92 55
4138 70 15
4139 59 50
4140 37 6
4141 34 47
4142 82 86
4143 47 49
4144 16 28
4145 76 1
4146 28 53
4147 72 38
4148 63 94
4149 92 56
4150 64 14
4151 51 51
4152 18 71
4153 38 51
4154 41 90
4155 35 47
4156 1 17
4157 77 33
4158 52 87
4159 60 63
4160 2 3
4161 47 12
4162 77 26
4163 41 89
4164 0 17
4165 52 91
4166 82 85
4167 64 7
4168 48 7
4169 41 61
4170 64 15
4171 77 15
4172 25 22
4173 10 73
4174 21 85
4175 57 90
4176 64 8
4177 38 87
4178 57 15
4179 88 76
4180 52 51
4181 58 50
4182 8 12
4183 77 14
4184 39 8
4185 62 49
4186 38 50
4187 46 12
4188 77 27
4189 14 58
4190 78 3
4191 51 51
4192 93 28
4193 68 95
4194 86 65
4195 64 7
4196 52 51
4197 69 95
4198 65 47
4199 15 14
4200 84 85
4201 93 27
4202 70 16
4203 65 26
4204 64 14
4205 10 17
4206 1 17
4207 11 70
4208 45 58
4209 89 42
4210 41 90
4211 94 0
4212 14 14
4213 82 80
4214 9 12
4215 73 57
4216 76 22
4217 93 92
4218 84 52
4219 15 58
4220 46 95
4221 68 95
4222 64 47
4223 87 14
4224 76 23
4225 21 74
4226 87 76
4227 41 62
4228 8 12
4229 57 91
4230 67 90
4231 42 72
4232 15 14
4233 46 42
4234 45 59
4235 93 0
4236 31 56
4237 48 71
4238 22 74
4239 42 73
4240 14 14
4241 38 51
4242 43 0
4243 73 38
4244 35 25
4245 77 15
4246 26 22
4247 36 31
4248 88 14
4249 39 9
4250 72 57
4251 62 50
4252 12 70
4253 38 50
4254 86 64
4255 69 95
4256 17 28
4257 70 48
4258 39 8
4259 82 86
4260 82 28
4261 19 71
4262 41 48
4263 41 89
4264 76 22
4265 70 15
4266 83 6
4267 37 87
4268 26 46
4269 38 51
4270 57 90
4271 57 14
4272 49 73
4273 88 76
4274 52 88
4275 82 85
4276 72 78
4277 31 57
4278 78 2
4279 66 90
4280 81 91
4281 73 57
4282 55 47
4283 46 41
4284 14 58
4285 69 57
4286 42 48
4287 11 70
4288 15 14
4289 85 52
4290 82 86
4291 79 48
4292 67 90
4293 21 74
4294 92 55
4295 31 42
4296 64 8
4297 14 14
4298 79 49
4299 14 54
4300 10 72
4301 47 12
4302 82 85
4303 45 95
4304 15 14
4305 28 52
4306 48 8
4307 45 58
4308 86 65
4309 42 72
4310 86 64
4311 26 45
4312 71 19
4313 84 52
4314 57 91
4315 72 19
4316 26 79
4317 17 44
4318 61 63
4319 87 14
4320 70 49
4321 10 18
4322 65 47
4323 83 28
4324 22 74
4325 77 26
4326 60 63
4327 10 17
4328 63 93
4329 64 15
4330 84 86
4331 77 1
4332 77 27
4333 4 39
4334 21 74
4335 14 55
4336 9 12
4337 88 14
4338 52 87
4339 42 73
4340 77 26
4341 85 52
4342 19 10
4343 87 14
4344 41 4
4345 48 7
4346 41 93
4347 19 11
4348 17 43
4349 59 50
4350 75 65
4351 34 47
4352 42 79
4353 61 63
4354 86 65
4355 48 49
4356 62 49
4357 57 15
4358 66 26
4359 84 85
4360 25 28
4361 25 22
4362 19 20
4363 68 95
4364 41 61
4365 69 58
4366 69 57
4367 72 84
4368 69 58
4369 31 56
4370 77 27
4371 54 47
4372 46 12
4373 64 14
4374 90 17
4375 82 81
4376 48 8
4377 38 6
4378 18 71
4379 21 84
4380 28 53
4381 12 70
4382 39 9
4383 43 79
4384 35 47
4385 14 14
4386 39 94
4387 94 0
4388 83 7
4389 77 14
4390 70 16
4391 60 63
4392 70 48
4393 19 19
4394 92 92
4395 44 0
4396 77 51
4397 31 57
4398 21 85
4399 58 50
4400 88 42
4401 51 51
4402 69 57
4403 45 39
4404 41 62
4405 24 28
4406 52 88
4407 21 84
4408 63 94
4409 93 28
4410 57 90
4411 42 79
4412 45 41
4413 35 24
4414 74 65
4415 84 86
4416 15 14
4417 64 15
4418 57 91
4419 57 14
4420 41 90
4421 47 49
4422 47 12
4423 8 12
4424 62 50
4425 35 25
4426 70 49
4427 36 32
4428 86 64
4429 21 85
4430 35 24
4431 36 31
4432 44 39
4433 52 51
4434 75 65
4435 65 26
4436 5 39
4437 66 90
4438 45 39
4439 76 23
4440 19 10
4441 41 61
4442 40 93
4443 82 80
4444 41 62
4445 51 51
4446 77 52
4447 26 22
4448 41 61
4449 19 11
4450 46 12
4451 71 19
4452 39 95
4453 15 58
4454 45 59
4455 45 58
4456 77 34
4457 89 42
4458 88 14
4459 19 71
4460 25 22
4461 74 65
4462 14 54
4463 93 27
4464 77 26
4465 52 51
4466 41 62
4467 77 33
4468 82 86
4469 25 28
4470 11 70
4471 50 73
4472 3 3
4473 16 28
4474 21 84
4475 42 72
4476 39 94
4477 82 85
4478 86 65
4479 64 47
4480 67 90
4481 59 50
4482 82 81
4483 72 85
4484 35 25
4485 42 73
4486 79 48
4487 38 87
4488 41 61
4489 48 7
4490 57 15
4491 41 62
4492 64 7
4493 44 39
4494 77 51
4495 55 47
4496 43 0
4497 47 12
4498 37 6
4499 87 76
4500 9 12
4501 84 85
4502 77 15
4503 44 0
4504 14 58
4505 71 65
4506 82 91
4507 0 17
4508 52 87
4509 77 27
4510 12 70
4511 84 86
4512 8 12
4513 70 15
4514 87 14
4515 73 78
4516 17 44
4517 23 0
4518 45 59
4519 39 95
4520 15 58
4521 77 34
4522 64 8
4523 75 65
4524 93 92
4525 19 10
4526 83 6
4527 10 73
4528 70 16
4529 69 95
4530 38 50
4531 4 39
4532 41 48
4533 36 32
4534 48 8
4535 48 49
4536 52 88
4537 47 49
4538 42 48
4539 39 94
4540 76 22
4541 77 14
4542 1 17
4543 14 55
4544 46 41
4545 70 15
4546 26 46
4547 45 58
4548 9 12
4549 19 11
4550 88 76
4551 5 39
4552 70 16
4553 76 1
4554 66 90
4555 58 50
4556 19 20
4557 88 42
4558 42 72
4559 70 48
4560 49 73
4561 57 90
4562 52 92
4563 45 59
4564 72 84
4565 11 70
4566 36 31
4567 45 58
4568 2 3
4569 93 0
4570 14 54
4571 35 24
4572 83 7
4573 57 14
4574 67 90
4575 22 74
4576 65 47
4577 48 49
4578 72 85
4579 74 65
4580 77 33
4581 45 41
4582 84 52
4583 68 95
4584 90 18
4585 77 34
4586 64 14
4587 24 28
4588 45 39
4589 66 26
4590 14 55
4591 47 49
4592 66 90
4593 77 52
4594 34 47
4595 40 4
4596 89 42
4597 92 92
4598 41 48
4599 37 87
4600 77 15
4601 75 65
4602 46 41
4603 45 41
4604 14 54
4605 18 71
4606 39 8
4607 39 95
4608 38 51
4609 14 55
4610 19 71
4611 93 28
4612 21 85
4613 70 49
4614 41 4
4615 14 58
4616 39 9
4617 25 79
4618 88 42
4619 90 17
4620 64 15
4621 41 61
4622 72 38
4623 40 4
4624 62 49
4625 12 70
4626 77 1
4627 18 71
4628 78 3
4629 62 50
4630 51 51
4631 10 18
4632 35 25
4633 59 50
4634 77 33
4635 41 93
4636 54 47
4637 44 39
4638 58 50
4639 21 84
4640 21 85
4641 38 87
4642 26 22
4643 64 47
4644 48 72
4645 48 7
4646 84 85
4647 82 86
4648 15 58
4649 8 12
4650 86 64
4651 25 28
4652 82 28
4653 10 72
4654 59 50
4655 45 59
4656 87 76
4657 83 6
4658 64 14
4659 62 49
4660 24 28
4661 46 12
4662 67 90
4663 47 12
4664 88 14
4665 25 22
4666 77 51
4667 83 7
4668 93 92
4669 61 63
4670 64 15
4671 48 8
4672 70 48
4673 46 12
4674 78 2
4675 38 50
4676 58 50
4677 3 3
4678 11 70
4679 77 26
4680 69 58
4681 35 47
4682 60 63
4683 72 78
4684 69 57
4685 42 73
4686 50 73
4687 55 47
4688 59 50
4689 21 84
4690 42 72
4691 77 52
4692 10 17
4693 93 27
4694 14 14
4695 84 86
4696 69 58
4697 45 58
4698 17 28
4699 12 70
4700 35 24
4701 69 57
4702 34 47
4703 35 25
4704 92 92
4705 90 18
4706 48 7
4707 90 17
4708 72 84
4709 87 14
4710 39 94
4711 28 52
4712 92 56
4713 26 22
4714 54 47
4715 76 1
4716 46 41
4717 43 79
4718 88 14
4719 90 18
4720 57 91
4721 42 79
4722 81 91
4723 90 17
4724 10 73
4725 45 41
4726 41 62
4727 15 14
4728 47 12
4729 83 6
4730 21 85
4731 39 93
4732 42 48
4733 94 0
4734 52 87
4735 31 56
4736 82 85
4737 63 93
4738 46 95
4739 49 73
4740 19 71
4741 41 89
4742 48 8
4743 83 7
4744 86 65
4745 57 90
4746 62 50
4747 2 3
4748 83 28
4749 14 58
4750 45 59
4751 10 72
4752 82 28
4753 78 3
4754 41 48
4755 39 8
4756 70 49
4757 41 90
4758 38 6
4759 83 6
4760 79 49
4761 52 91
4762 88 76
4763 4 39
4764 48 49
4765 83 7
4766 55 47
4767 42 73
4768 70 48
4769 93 0
4770 17 43
4771 46 41
4772 57 91
4773 54 47
4774 18 71
4775 19 71
4776 45 58
4777 64 14
4778 92 55
4779 45 39
4780 47 49
4781 35 47
4782 82 86
4783 21 74
4784 61 63
4785 82 85
4786 52 88
4787 16 28
4788 42 48
4789 82 86
4790 19 10
4791 78 2
4792 25 22
4793 45 95
4794 37 6
4795 35 24
4796 82 80
4797 9 12
4798 17 44
4799 3 3
4800 37 87
4801 26 79
4802 39 94
4803 64 15
4804 57 15
4805 69 95
4806 25 79
4807 38 51
4808 76 23
4809 93 92
4810 41 89
4811 72 19
4812 57 14
4813 89 42
4814 23 1
4815 63 94
4816 38 87
4817 60 63
4818 39 9
4819 64 7
4820 0 17
4821 76 22
4822 68 95
4823 19 19
4824 10 73
4825 46 12
4826 57 15
4827 70 65
4828 18 71
4829 50 73
4830 77 1
4831 65 47
4832 73 38
4833 8 12
4834 82 81
4835 31 43
4836 82 91
4837 31 42
4838 34 47
4839 26 79
4840 93 28
4841 47 12
4842 76 23
4843 55 47
4844 72 85
4845 25 79
4846 64 47
4847 37 87
4848 26 22
4849 31 43
4850 17 28
4851 52 87
4852 26 45
4853 19 20
4854 82 80
4855 39 8
4856 38 6
4857 10 18
4858 69 58
4859 43 0
4860 25 28
4861 65 26
4862 22 74
4863 92 56
4864 78 3
4865 70 15
4866 46 95
4867 41 4
4868 61 63
4869 52 92
4870 86 64
4871 31 57
4872 48 7
4873 19 19
4874 48 49
4875 47 49
4876 26 46
4877 52 51
4878 15 58
4879 72 38
4880 48 49
4881 41 61
4882 9 12
4883 86 65
4884 26 45
4885 45 41
4886 49 73
4887 39 9
4888 69 57
4889 19 71
4890 17 43
4891 45 59
4892 83 28
4893 73 38
4894 38 87
4895 69 95
4896 70 16
4897 44 0
4898 64 14
4899 45 95
4900 31 42
4901 70 15
4902 90 18
4903 66 90
4904 60 63
4905 21 84
4906 46 41
4907 81 91
4908 8 12
4909 2 3
4910 46 12
4911 72 57
4912 82 91
4913 14 54
4914 16 28
4915 87 14
4916 41 62
4917 35 47
4918 52 91
4919 52 92
4920 25 22
4921 71 65
4922 52 88
4923 41 90
4924 57 14
4925 88 42
4926 77 51
4927 10 72
4928 63 93
4929 11 70
4930 26 79
4931 90 17
4932 39 93
4933 45 58
4934 19 11
4935 73 78
4936 28 53
4937 18 71
4938 36 32
4939 92 55
4940 28 52
4941 26 46
4942 26 45
4943 23 0
4944 5 39
4945 37 87
4946 17 44
4947 61 63
4948 62 49
4949 26 22
4950 39 8
4951 68 95
4952 19 71
4953 50 73
4954 54 47
4955 12 70
4956 19 10
4957 52 87
4958 10 17
4959 77 52
4960 41 48
4961 69 95
4962 63 94
4963 70 16
4964 41 89
4965 93 27
4966 9 12
4967 3 3
4968 73 57
4969 64 15
4970 71 19
4971 52 91
4972 78 2
4973 4 39
4974 89 42
4975 92 92
4976 14 14
4977 72 38
4978 45 59
4979 94 0
4980 37 6
4981 48 71
4982 62 50
4983 35 25
4984 26 46
4985 43 0
4986 45 41
4987 39 9
4988 47 49
4989 57 15
4990 17 28
4991 41 90
4992 44 0
4993 19 11
4994 48 8
4995 1 17
4996 10 73
4997 48 72
4998 38 87
4999 47 12
5000 48 49
5001 43 0
5002 31 56
5003 78 3
5004 70 65
5005 74 65
5006 70 15
5007 82 85
5008 65 47
5009 70 49
5010 71 65
5011 10 18
5012 77 34
5013 92 56
5014 35 24
5015 44 39
5016 42 48
5017 44 0
5018 72 57
5019 17 43
5020 87 76
5021 51 51
5022 72 19
5023 90 18
5024 58 50
5025 26 45
5026 48 71
5027 48 7
5028 70 16
5029 86 64
5030 48 72
5031 21 74
5032 39 8
5033 67 90
5034 46 95
5035 75 65
5036 69 58
5037 82 81
5038 41 61
5039 46 12
5040 79 48
5041 39 9
5042 82 28
5043 86 65
5044 64 47
5045 37 87
5046 93 92
5047 55 47
5048 72 84
5049 45 95
5050 74 65
5051 76 22
5052 54 47
5053 77 33
5054 71 19
5055 72 85
5056 11 70
5057 64 8
5058 52 92
5059 39 8
5060 8 12
5061 55 47
5062 28 53
5063 18 71
5064 84 85
5065 81 91
5066 65 47
5067 84 86
5068 64 14
5069 25 22
5070 19 10
5071 72 84
5072 85 52
5073 41 94
5074 83 6
5075 84 85
5076 25 79
5077 48 8
5078 41 93
5079 77 34
5080 38 87
5081 41 62
5082 9 12
5083 41 61
5084 10 17
5085 39 94
5086 19 71
5087 18 71
5088 69 57
5089 90 17
5090 15 14
5091 26 79
5092 82 80
5093 0 17
5094 2 3
5095 77 14
5096 57 14
5097 31 57
5098 92 55
5099 35 25
5100 92 56
5101 66 26
5102 52 88
5103 23 1
5104 40 93
5105 39 95
5106 88 14
5107 69 58
5108 42 72
5109 12 70
5110 77 27
5111 8 12
5112 5 39
5113 37 87
5114 77 26
5115 92 92
5116 62 49
5117 73 38
5118 25 79
5119 34 47
5120 64 47
5121 76 23
5122 92 55
5123 24 28
5124 48 71
5125 64 15
5126 73 57
5127 84 52
5128 52 87
5129 72 78
5130 10 18
5131 72 38
5132 70 48
5133 22 74
5134 31 43
5135 88 76
5136 35 47
5137 4 39
5138 78 2
5139 78 3
5140 84 86
5141 19 71
5142 26 79
5143 52 88
5144 65 47
5145 35 24
5146 47 12
5147 64 47
5148 26 22
5149 78 2
5150 39 94
5151 38 50
5152 76 22
5153 76 23
5154 62 50
5155 36 31
5156 64 14
5157 86 64
5158 19 20
5159 82 91
5160 77 15
5161 72 19
5162 75 65
5163 41 93
5164 69 57
5165 9 12
5166 14 55
5167 85 52
5168 18 71
5169 25 22
5170 10 72
5171 82 81
5172 77 51
5173 8 12
5174 82 80
5175 72 57
5176 36 32
5177 54 47
5178 90 18
5179 77 14
5180 14 14
5181 46 95
5182 39 9
5183 23 0
5184 78 3
5185 17 44
5186 70 65
5187 66 90
5188 19 19
5189 82 86
5190 76 22
5191 57 90
5192 38 51
5193 52 91
5194 70 49
5195 17 43
5196 14 58
5197 19 71
5198 38 6
5199 47 49
5200 21 74
5201 87 14
5202 46 12
5203 48 7
5204 64 7
5205 71 19
5206 68 95
5207 77 52
5208 11 70
5209 77 27
5210 86 65
5211 88 42
5212 40 93
5213 47 12
5214 25 79
5215 9 12
5216 3 3
5217 59 50
5218 84 52
5219 14 54
5220 64 8
5221 40 4
5222 77 33
5223 41 48
5224 57 15
5225 81 91
5226 77 34
5227 46 12
5228 77 51
5229 16 28
5230 93 92
5231 62 49
5232 74 65
5233 37 6
5234 17 28
5235 58 50
5236 89 42
5237 90 17
5238 88 14
5239 79 49
5240 77 33
5241 73 78
5242 72 19
5243 52 92
5244 21 85
5245 76 23
5246 65 47
5247 48 49
5248 17 44
5249 2 3
5250 87 76
5251 19 20
5252 16 28
5253 35 25
5254 39 8
5255 48 8
5256 84 85
5257 83 7
5258 84 86
5259 59 50
5260 12 70
5261 47 49
5262 49 73
5263 57 14
5264 43 0
5265 72 85
5266 15 14
5267 11 70
5268 17 28
5269 15 58
5270 5 39
5271 44 0
5272 90 18
5273 45 58
5274 84 85
5275 46 41
5276 43 0
5277 41 93
5278 31 42
5279 36 31
5280 87 14
5281 71 19
5282 52 87
5283 48 49
5284 67 90
5285 38 6
5286 62 50
5287 38 50
5288 44 0
5289 58 50
5290 66 90
5291 16 28
5292 52 51
5293 41 4
5294 72 84
5295 62 49
5296 59 50
5297 38 87
5298 22 74
5299 83 28
5300 47 12
5301 34 47
5302 3 3
5303 10 17
5304 14 58
5305 82 91
5306 82 85
5307 82 28
5308 62 50
5309 83 6
5310 60 63
5311 76 1
5312 88 76
5313 48 7
5314 76 22
5315 14 14
5316 69 58
5317 58 50
5318 51 51
5319 84 86
5320 52 91
5321 37 6
5322 93 28
5323 52 92
5324 31 43
5325 2 3
5326 28 52
5327 65 26
5328 61 63
5329 25 28
5330 73 38
5331 19 11
5332 73 57
5333 82 81
5334 15 58
5335 66 26
5336 38 6
5337 14 55
5338 19 19
5339 36 32
5340 92 92
5341 36 31
5342 45 39
5343 35 24
5344 72 19
5345 40 93
5346 17 28
5347 47 49
5348 10 73
5349 37 6
5350 93 92
5351 59 50
5352 57 15
5353 82 80
5354 65 26
5355 42 73
5356 81 91
5357 57 14
5358 10 72
5359 14 54
5360 4 39
5361 72 38
5362 40 4
5363 73 38
5364 42 48
5365 64 15
5366 42 72
5367 41 62
5368 28 53
5369 41 93
5370 92 56
5371 72 85
5372 69 95
5373 70 15
5374 77 34
5375 45 95
5376 26 79
5377 87 76
5378 93 0
5379 52 51
5380 18 71
5381 43 79
5382 26 22
5383 71 65
5384 19 71
5385 1 17
5386 88 76
5387 83 7
5388 72 84
5389 87 76
5390 14 58
5391 70 65
5392 88 14
5393 38 51
5394 83 28
5395 46 12
5396 47 12
5397 48 8
5398 42 79
5399 25 79
5400 0 17
5401 42 73
5402 36 32
5403 14 55
5404 3 3
5405 23 1
5406 40 93
5407 1 17
5408 31 42
5409 43 0
5410 75 65
5411 76 23
5412 45 41
5413 5 39
5414 26 79
5415 46 95
5416 10 73
5417 43 79
5418 21 74
5419 93 27
5420 72 85
5421 77 33
5422 82 28
5423 26 46
5424 67 90
5425 92 92
5426 39 95
5427 38 50
5428 87 14
5429 31 56
5430 92 55
5431 72 78
5432 28 52
5433 57 15
5434 77 52
5435 76 22
5436 94 0
5437 39 94
5438 35 47
5439 31 43
5440 45 59
5441 85 52
5442 42 79
5443 14 54
5444 44 39
5445 50 73
5446 68 95
5447 88 14
5448 83 6
5449 86 64
5450 82 81
5451 22 74
5452 46 12
5453 70 16
5454 23 0
5455 21 74
5456 83 28
5457 73 78
5458 41 89
5459 38 6
5460 14 55
5461 93 0
5462 19 10
5463 26 45
5464 77 51
5465 16 28
5466 24 28
5467 12 70
5468 94 0
5469 77 26
5470 66 26
5471 10 18
5472 92 56
5473 78 2
5474 66 90
5475 71 65
5476 90 17
5477 62 49
5478 60 63
5479 62 50
5480 2 3
5481 23 1
5482 45 95
5483 31 57
5484 19 20
5485 74 65
5486 77 27
5487 57 14
5488 10 17
5489 57 91
5490 41 90
5491 75 65
5492 82 80
5493 77 26
5494 52 88
5495 72 38
5496 46 95
5497 41 93
5498 25 22
5499 48 49
5500 43 79
5501 11 70
5502 87 14
5503 52 87
5504 42 72
5505 41 61
5506 82 91
5507 4 39
5508 10 18
5509 73 38
5510 34 47
5511 51 51
5512 35 47
5513 48 72
5514 5 39
5515 22 74
5516 12 70
5517 21 74
5518 71 19
5519 52 51
5520 45 39
5521 4 39
5522 81 91
5523 64 47
5524 52 91
5525 61 63
5526 39 9
5527 10 17
5528 52 92
5529 65 47
5530 42 73
5531 35 25
5532 48 7
5533 72 38
5534 31 42
5535 18 71
5536 19 19
5537 79 48
5538 77 52
5539 26 22
5540 83 7
5541 74 65
5542 64 7
5543 38 51
5544 19 71
5545 76 23
5546 48 8
5547 79 49
5548 77 1
5549 48 7
5550 58 50
5551 76 1
5552 82 91
5553 37 6
5554 57 90
5555 63 93
5556 81 91
5557 45 95
5558 57 91
5559 41 48
5560 93 92
5561 0 17
5562 83 6
5563 1 17
5564 64 8
5565 25 22
5566 25 28
5567 52 91
5568 82 91
5569 51 51
5570 26 46
5571 41 62
5572 63 94
5573 3 3
5574 72 57
5575 34 47
5576 47 12
5577 64 7
5578 55 47
5579 23 0
5580 42 79
5581 10 18
5582 46 12
5583 76 22
5584 14 54
5585 70 48
5586 47 49
5587 65 26
5588 93 0
5589 69 57
5590 84 85
5591 24 28
5592 0 17
5593 76 23
5594 88 42
5595 26 22
5596 92 55
5597 94 0
5598 72 84
5599 72 78
5600 31 56
5601 43 79
5602 31 57
5603 84 52
5604 73 78
5605 84 86
5606 41 4
5607 93 28
5608 48 8
5609 54 47
5610 82 86
5611 89 42
5612 70 49
5613 39 8
5614 57 90
5615 5 39
5616 42 48
5617 39 9
5618 17 43
5619 90 18
5620 72 19
5621 39 93
5622 93 27
5623 66 26
5624 10 72
5625 64 14
5626 62 49
5627 19 11
5628 25 28
5629 69 95
5630 35 24
5631 64 47
5632 41 94
5633 82 28
5634 2 3
5635 85 52
5636 70 48
5637 48 49
5638 69 58
5639 45 58
5640 88 14
5641 70 49
5642 83 7
5643 92 92
5644 17 28
5645 25 79
5646 82 85
5647 73 38
5648 19 10
5649 52 92
5650 24 28
5651 41 48
5652 82 86
5653 8 12
5654 63 93
5655 77 27
5656 60 63
5657 84 85
5658 93 0
5659 31 43
5660 69 57
5661 10 17
5662 23 1
5663 79 48
5664 45 59
5665 57 15
5666 42 79
5667 94 0
5668 64 8
5669 71 19
5670 81 91
5671 41 89
5672 11 70
5673 22 74
5674 26 45
5675 45 58
5676 77 34
5677 36 31
5678 70 65
5679 83 6
5680 77 33
5681 65 26
5682 46 41
5683 82 85
5684 43 79
5685 88 76
5686 26 46
5687 71 65
5688 77 26
5689 93 0
5690 52 51
5691 21 74
5692 52 91
5693 31 56
5694 25 22
5695 35 47
5696 47 12
5697 87 14
5698 10 18
5699 93 92
5700 67 90
5701 45 41
5702 19 20
5703 49 73
5704 83 28
5705 46 41
5706 19 19
5707 42 72
5708 62 50
5709 52 88
5710 45 59
5711 92 92
5712 41 93
5713 21 84
5714 22 74
5715 34 47
5716 82 81
5717 57 14
5718 84 52
5719 26 79
5720 72 19
5721 36 32
5722 62 49
5723 82 80
5724 78 3
5725 14 55
5726 93 28
5727 15 14
5728 64 7
5729 41 94
5730 21 74
5731 15 58
5732 72 85
5733 9 12
5734 77 1
5735 44 0
5736 69 58
5737 76 1
5738 19 11
5739 48 71
5740 48 7
5741 14 14
5742 19 10
5743 83 7
5744 26 22
5745 1 17
5746 70 48
5747 51 51
5748 52 92
5749 19 20
5750 63 94
5751 66 26
5752 14 54
5753 65 26
5754 79 49
5755 72 78
5756 19 11
5757 86 65
5758 90 17
5759 39 94
5760 85 52
5761 41 90
5762 64 8
5763 42 73
5764 61 63
5765 76 22
5766 12 70
5767 41 89
5768 70 49
5769 37 87
5770 63 93
5771 38 6
5772 77 34
5773 4 39
5774 11 70
5775 0 17
5776 25 79
5777 94 0
5778 41 90
5779 17 44
5780 31 42
5781 79 48
5782 65 47
5783 50 73
5784 18 71
5785 93 92
5786 92 92
5787 49 73
5788 70 15
5789 78 2
5790 46 95
5791 5 39
5792 64 7
5793 45 95
5794 35 25
5795 43 0
5796 93 92
5797 72 38
5798 71 19
5799 79 49
5800 25 28
5801 36 31
5802 4 39
5803 68 95
5804 48 72
5805 16 28
5806 46 95
5807 82 86
5808 12 70
5809 77 1
5810 42 72
5811 15 14
5812 5 39
5813 69 57
5814 45 95
5815 57 91
5816 48 71
5817 73 38
5818 93 27
5819 26 79
5820 23 0
5821 93 0
5822 72 19
5823 76 1
5824 17 43
5825 26 45
5826 45 41
5827 48 72
5828 52 91
5829 19 10
5830 17 28
5831 16 28
5832 45 58
5833 44 39
5834 90 18
5835 92 56
5836 19 19
5837 17 28
5838 1 17
5839 94 0
5840 45 39
5841 55 47
5842 47 49
5843 42 79
5844 83 6
5845 38 87
5846 77 33
5847 71 19
5848 35 47
5849 38 50
5850 75 65
5851 90 17
5852 25 22
5853 60 63
5854 19 11
5855 36 32
5856 72 19
5857 93 28
5858 41 61
5859 93 27
5860 19 20
5861 74 65
5862 82 28
5863 86 64
5864 44 39
5865 28 53
5866 78 3
5867 69 95
5868 64 8
5869 17 44
5870 36 31
5871 78 2
5872 21 85
5873 36 32
5874 39 8
5875 54 47
5876 77 15
5877 37 87
5878 45 59
5879 31 43
5880 0 17
5881 71 19
5882 46 12
5883 72 38
5884 69 58
5885 31 42
5886 70 16
5887 16 28
5888 40 4
5889 82 81
5890 24 28
5891 88 42
5892 52 51
5893 92 55
5894 64 7
5895 38 87
5896 23 1
5897 35 24
5898 52 87
5899 77 1
5900 64 15
5901 87 76
5902 77 51
5903 79 48
5904 70 65
5905 26 46
5906 36 31
5907 10 17
5908 82 80
5909 72 19
5910 52 88
5911 52 92
5912 77 27
5913 66 90
5914 3 3
5915 45 39
5916 68 95
5917 52 91
5918 37 6
5919 34 47
5920 64 47
5921 70 48
5922 48 49
5923 23 0
5924 10 73
5925 35 25
5926 46 95
5927 93 0
5928 94 0
5929 73 57
5930 59 50
5931 62 50
5932 57 15
5933 2 3
5934 3 3
5935 57 90
5936 51 51
5937 26 22
5938 52 87
5939 79 49
5940 47 12
5941 61 63
5942 76 23
5943 82 85
5944 17 28
5945 75 65
5946 23 1
5947 90 18
5948 47 49
5949 41 4
5950 19 19
5951 82 81
5952 82 91
5953 17 43
5954 14 55
5955 25 22
5956 42 73
5957 40 4
5958 66 26
5959 55 47
5960 48 49
5961 65 47
5962 92 92
5963 52 88
5964 26 45
5965 41 62
5966 35 47
5967 52 51
5968 64 47
5969 43 79
5970 69 57
5971 36 32
5972 67 90
5973 26 22
5974 66 90
5975 38 51
5976 81 91
5977 31 43
5978 65 47
5979 42 48
5980 41 48
5981 25 22
5982 35 24
5983 77 14
5984 74 65
5985 73 38
5986 72 57
5987 47 49
5988 58 50
5989 69 95
5990 22 74
5991 50 73
5992 70 15
5993 52 92
5994 39 9
5995 68 95
5996 19 20
5997 48 8
5998 44 39
5999 84 86
6000 21 84
6001 54 47
6002 77 34
6003 88 14
6004 63 94
6005 93 0
6006 82 91
6007 70 49
6008 78 3
6009 14 58
6010 73 57
6011 48 49
6012 14 14
6013 45 39
6014 77 52
6015 41 93
6016 73 78
6017 23 0
6018 34 47
6019 10 18
6020 72 78
6021 52 87
6022 64 8
6023 89 42
6024 81 91
6025 19 71
6026 84 52
6027 57 91
6028 31 42
6029 52 88
6030 28 52
6031 64 7
6032 88 42
6033 72 38
6034 42 79
6035 48 7
6036 65 26
6037 2 3
6038 10 72
6039 38 50
6040 8 12
6041 47 49
6042 88 76
6043 46 12
6044 11 70
6045 62 49
6046 19 19
6047 70 48
6048 1 17
6049 0 17
6050 78 2
6051 42 72
6052 17 44
6053 92 56
6054 9 12
6055 44 39
6056 64 14
6057 42 73
6058 94 0
6059 17 43
6060 43 79
6061 66 26
6062 77 15
6063 76 1
6064 39 93
6065 86 65
6066 10 73
6067 69 95
6068 42 72
6069 69 58
6070 55 47
6071 10 72
6072 16 28
6073 17 44
6074 90 17
6075 42 73
6076 23 1
6077 21 85
6078 84 85
6079 44 0
6080 14 54
6081 68 95
6082 19 10
6083 38 51
6084 21 74
6085 59 50
6086 75 65
6087 22 74
6088 51 51
6089 62 50
6090 62 49
6091 87 76
6092 88 76
6093 52 51
6094 25 28
6095 26 22
6096 57 14
6097 86 64
6098 18 71
6099 42 79
6100 82 80
6101 41 4
6102 58 50
6103 51 51
6104 52 91
6105 28 53
6106 83 28
6107 38 50
6108 48 49
6109 40 4
6110 23 0
6111 67 90
6112 57 15
6113 38 6
6114 73 78
6115 84 86
6116 65 26
6117 84 85
6118 74 65
6119 87 76
6120 21 74
6121 76 22
6122 49 73
6123 47 12
6124 82 28
6125 10 73
6126 22 74
6127 41 94
6128 42 48
6129 38 51
6130 72 57
6131 52 87
6132 35 25
6133 50 73
6134 45 39
6135 26 46
6136 41 93
6137 83 28
6138 69 57
6139 39 8
6140 64 47
6141 88 76
6142 82 91
6143 69 58
6144 87 14
6145 46 12
6146 3 3
6147 39 9
6148 57 14
6149 19 11
6150 23 1
6151 57 15
6152 78 3
6153 25 22
6154 41 48
6155 69 57
6156 89 42
6157 59 50
6158 75 65
6159 65 47
6160 64 47
6161 87 76
6162 77 51
6163 47 12
6164 42 72
6165 19 20
6166 73 38
6167 23 0
6168 60 63
6169 37 87
6170 36 31
6171 21 84
6172 46 41
6173 54 47
6174 69 95
6175 65 47
6176 64 8
6177 43 79
6178 64 15
6179 52 92
6180 93 0
6181 38 50
6182 26 22
6183 78 2
6184 88 42
6185 69 58
6186 47 49
6187 84 86
6188 14 55
6189 79 48
6190 64 47
6191 31 43
6192 93 28
6193 77 14
6194 48 49
6195 42 79
6196 71 65
6197 48 71
6198 12 70
6199 41 89
6200 43 79
6201 28 52
6202 70 16
6203 26 45
6204 42 48
6205 49 73
6206 73 57
6207 17 28
6208 8 12
6209 47 49
6210 41 48
6211 77 1
6212 78 3
6213 24 28
6214 45 40
6215 2 3
6216 72 84
6217 19 10
6218 88 76
6219 48 49
6220 19 11
6221 82 28
6222 52 51
6223 94 0
6224 48 8
6225 71 19
6226 65 47
6227 88 14
6228 19 19
6229 93 27
6230 79 49
6231 57 90
6232 57 14
6233 37 6
6234 66 26
6235 42 48
6236 79 48
6237 31 57
6238 41 48
6239 11 70
6240 85 52
6241 19 20
6242 57 15
6243 82 81
6244 63 93
6245 42 73
6246 19 10
6247 72 85
6248 26 46
6249 38 51
6250 87 14
6251 51 51
6252 10 72
6253 43 0
6254 77 33
6255 93 0
6256 3 3
6257 19 71
6258 69 57
6259 90 18
6260 9 12
6261 41 90
6262 82 86
6263 77 15
6264 64 47
6265 52 88
6266 69 58
6267 44 0
6268 52 87
6269 64 14
6270 26 45
6271 78 2
6272 38 6
6273 10 73
6274 47 49
6275 93 92
6276 72 57
6277 52 91
6278 77 26
6279 81 91
6280 2 3
6281 10 72
6282 35 47
6283 25 22
6284 70 49
6285 83 7
6286 4 39
6287 15 58
6288 57 91
6289 39 94
6290 5 39
6291 94 0
6292 79 49
6293 19 11
6294 74 65
6295 42 48
6296 62 50
6297 31 56
6298 68 95
6299 70 48
6300 64 7
6301 73 57
6302 31 57
6303 82 80
6304 69 57
6305 83 6
6306 55 47
6307 70 49
6308 79 48
6309 72 78
6310 45 39
6311 92 92
6312 50 73
6313 84 85
6314 31 42
6315 46 12
6316 12 70
6317 16 28
6318 41 48
6319 52 88
6320 14 54
6321 72 38
6322 79 49
6323 38 87
6324 47 12
6325 26 46
6326 88 14
6327 40 93
6328 90 17
6329 69 95
6330 48 49
6331 41 89
6332 14 58
6333 18 71
6334 58 50
6335 14 55
6336 41 61
6337 45 95
6338 23 1
6339 93 92
6340 15 14
6341 57 14
6342 73 78
6343 87 14
6344 52 87
6345 63 94
6346 77 14
6347 79 48
6348 89 42
6349 83 7
6350 57 15
6351 65 26
6352 25 28
6353 77 27
6354 24 28
6355 72 57
6356 83 28
6357 48 7
6358 62 49
6359 88 14
6360 64 15
6361 86 65
6362 84 52
6363 72 78
6364 72 19
6365 68 95
6366 45 58
6367 41 90
6368 69 95
6369 87 76
6370 4 39
6371 82 28
6372 34 47
6373 76 23
6374 42 79
6375 26 22
6376 52 51
6377 62 50
6378 41 93
6379 42 48
6380 64 8
6381 63 93
6382 57 14
6383 64 7
6384 35 24
6385 8 12
6386 64 14
6387 37 87
6388 36 32
6389 41 48
6390 83 6
6391 38 50
6392 28 53
6393 23 0
6394 51 51
6395 66 26
6396 17 43
6397 46 12
6398 25 79
6399 10 73
6400 63 94
6401 78 3
6402 73 38
6403 47 12
6404 43 79
6405 82 85
6406 78 2
6407 14 54
6408 23 1
6409 61 63
6410 79 49
6411 45 59
6412 70 15
6413 3 3
6414 25 28
6415 36 31
6416 2 3
6417 71 19
6418 39 93
6419 41 62
6420 9 12
6421 37 6
6422 59 50
6423 36 32
6424 41 61
6425 10 72
6426 83 7
6427 47 49
6428 39 8
6429 41 4
6430 19 19
6431 64 8
6432 40 4
6433 52 88
6434 66 90
6435 54 47
6436 26 79
6437 76 22
6438 14 55
6439 41 4
6440 77 15
6441 77 52
6442 86 64
6443 87 14
6444 14 14
6445 88 42
6446 41 94
6447 93 28
6448 88 76
6449 42 48
6450 19 71
6451 45 58
6452 24 28
6453 21 74
6454 10 17
6455 67 90
6456 60 63
6457 93 27
6458 10 73
6459 65 47
6460 73 78
6461 86 65
6462 68 95
6463 92 55
6464 46 95
6465 92 56
6466 57 90
6467 19 20
6468 19 10
6469 70 48
6470 64 47
6471 25 79
6472 70 16
6473 64 7
6474 19 19
6475 38 87
6476 35 47
6477 70 65
6478 76 23
6479 76 1
6480 55 47
6481 48 8
6482 69 58
6483 38 51
6484 28 52
6485 69 57
6486 19 11
6487 79 48
6488 57 15
6489 92 92
6490 11 70
6491 23 0
6492 38 50
6493 14 54
6494 31 56
6495 57 14
6496 72 38
6497 82 86
6498 48 49
6499 46 12
6500 47 12
6501 26 79
6502 57 15
6503 41 62
6504 43 0
6505 25 79
6506 40 4
6507 90 18
6508 37 87
6509 35 25
6510 82 81
6511 92 55
6512 52 92
6513 38 51
6514 10 72
6515 26 79
6516 28 53
6517 87 76
6518 38 50
6519 49 73
6520 72 19
6521 38 6
6522 82 80
6523 50 73
6524 34 47
6525 72 84
6526 77 34
6527 37 6
6528 73 38
6529 77 14
6530 47 49
6531 65 47
6532 93 28
6533 35 24
6534 10 73
6535 36 31
6536 64 15
6537 77 15
6538 39 9
6539 42 79
6540 38 87
6541 57 91
6542 45 59
6543 90 17
6544 77 33
6545 46 12
6546 93 27
6547 42 72
6548 41 48
6549 41 93
6550 10 72
6551 35 47
6552 23 1
6553 38 51
6554 31 57
6555 23 0
6556 70 15
6557 19 20
6558 64 47
6559 82 81
6560 22 74
6561 58 50
6562 72 85
6563 90 18
6564 38 50
6565 82 80
6566 93 92
6567 26 45
6568 83 28
6569 84 86
6570 61 63
6571 47 12
6572 31 43
6573 34 47
6574 15 14
6575 21 74
6576 26 46
6577 64 14
6578 19 10
6579 54 47
6580 14 14
6581 86 64
6582 25 79
6583 77 14
6584 15 14
6585 55 47
6586 41 61
6587 39 8
6588 83 6
6589 60 63
6590 62 49
6591 45 40
6592 31 42
6593 77 34
6594 84 85
6595 52 51
6596 3 3
6597 71 19
6598 21 85
6599 65 47
6600 41 94
6601 77 26
6602 26 45
6603 62 50
6604 17 44
6605 10 73
6606 35 25
6607 46 12
6608 12 70
6609 62 49
6610 79 49
6611 19 19
6612 72 84
6613 31 43
6614 69 95
6615 48 49
6616 49 73
6617 38 6
6618 31 42
6619 41 4
6620 17 28
6621 41 93
6622 72 78
6623 52 87
6624 69 58
6625 88 76
6626 14 55
6627 66 90
6628 85 52
6629 92 92
6630 82 91
6631 37 87
6632 11 70
6633 70 49
6634 71 65
6635 44 0
6636 54 47
6637 42 48
6638 45 39
6639 8 12
6640 43 79
6641 19 20
6642 61 63
6643 68 95
6644 59 50
6645 41 62
6646 86 65
6647 31 43
6648 69 95
6649 87 76
6650 51 51
6651 77 15
6652 47 12
6653 69 57
6654 19 11
6655 65 26
6656 31 42
6657 35 24
6658 64 47
6659 45 95
6660 42 79
6661 82 28
6662 31 56
6663 19 19
6664 18 71
6665 9 12
6666 41 94
6667 77 14
6668 70 16
6669 5 39
6670 38 87
6671 22 74
6672 21 74
6673 41 89
6674 46 12
6675 8 12
6676 83 28
6677 73 57
6678 31 43
6679 93 0
6680 19 20
6681 62 50
6682 77 1
6683 40 4
6684 41 48
6685 15 58
6686 70 48
6687 72 85
6688 35 47
6689 25 28
6690 79 48
6691 38 51
6692 48 72
6693 17 43
6694 73 78
6695 25 22
6696 82 81
6697 57 14
6698 82 80
6699 83 7
6700 72 78
6701 19 71
6702 72 84
6703 41 4
6704 4 39
6705 41 93
6706 72 85
6707 77 27
6708 10 18
6709 36 32
6710 48 7
6711 41 90
6712 45 58
6713 52 91
6714 19 10
6715 76 22
6716 26 22
6717 57 15
6718 12 70
6719 55 47
6720 37 87
6721 72 38
6722 50 73
6723 42 73
6724 86 64
6725 82 28
6726 58 50
6727 48 71
6728 78 3
6729 82 85
6730 45 40
6731 90 17
6732 23 1
6733 88 76
6734 59 50
6735 89 42
6736 54 47
6737 35 25
6738 55 47
6739 17 44
6740 37 6
6741 2 3
6742 70 49
6743 82 81
6744 46 42
6745 42 48
6746 68 95
6747 43 79
6748 82 80
6749 72 57
6750 92 56
6751 72 19
6752 84 86
6753 21 84
6754 22 74
6755 78 2
6756 39 9
6757 70 48
6758 28 52
6759 19 11
6760 40 4
6761 54 47
6762 31 42
6763 3 3
6764 23 0
6765 58 50
6766 46 41
6767 55 47
6768 69 95
6769 41 94
6770 41 48
6771 19 19
6772 5 39
6773 26 79
6774 47 12
6775 52 51
6776 46 42
6777 19 10
6778 86 65
6779 86 64
6780 70 49
6781 25 79
6782 41 93
6783 77 15
6784 1 17
6785 34 47
6786 69 58
6787 68 95
6788 79 49
6789 28 53
6790 31 57
6791 66 26
6792 77 14
6793 41 61
6794 31 56
6795 69 57
6796 84 52
6797 72 84
6798 75 65
6799 39 8
6800 47 49
6801 38 6
6802 82 86
6803 14 14
6804 77 15
6805 18 71
6806 31 43
6807 31 57
6808 78 3
6809 76 1
6810 16 28
6811 82 85
6812 93 92
6813 38 87
6814 42 72
6815 64 8
6816 77 33
6817 17 43
6818 78 2
6819 93 28
6820 48 49
6821 15 14
6822 19 20
6823 19 19
6824 28 52
6825 41 62
6826 4 39
6827 43 0
6828 46 95
6829 82 86
6830 64 15
6831 73 38
6832 64 7
6833 82 81
6834 14 14
6835 21 85
6836 77 1
6837 41 89
6838 84 85
6839 39 94
6840 42 48
6841 82 80
6842 11 70
6843 92 55
6844 41 48
6845 51 51
6846 17 44
6847 39 93
6848 2 3
6849 93 27
6850 77 51
6851 9 12
6852 39 9
6853 17 43
6854 57 90
6855 17 28
6856 19 71
6857 45 59
6858 14 58
6859 37 6
6860 24 28
6861 41 90
6862 35 47
6863 92 92
6864 93 28
6865 31 42
6866 25 28
6867 36 31
6868 38 6
6869 87 76
6870 31 56
6871 26 46
6872 42 48
6873 83 6
6874 41 94
6875 12 70
6876 88 76
6877 21 84
6878 31 43
6879 41 93
6880 52 51
6881 24 28
6882 28 53
6883 5 39
6884 44 0
6885 36 32
6886 84 86
6887 82 81
6888 64 8
6889 83 7
6890 69 58
6891 77 26
6892 31 57
6893 28 52
6894 21 85
6895 35 24
6896 52 88
6897 83 6
6898 3 3
6899 63 93
6900 23 1
6901 93 27
6902 42 73
6903 46 12
6904 60 63
6905 77 34
6906 74 65
6907 77 14
6908 61 63
6909 41 94
6910 11 70
6911 10 72
6912 37 87
6913 77 33
6914 45 95
6915 83 7
6916 2 3
6917 21 74
6918 92 56
6919 75 65
6920 17 44
6921 38 87
6922 63 94
6923 21 84
6924 46 41
6925 79 48
6926 93 92
6927 77 52
6928 90 18
6929 26 79
6930 28 53
6931 26 45
6932 47 12
6933 49 73
6934 57 91
6935 67 90
6936 50 73
6937 43 0
6938 77 15
6939 57 14
6940 26 46
6941 59 50
6942 35 25
6943 69 95
6944 74 65
6945 19 11
6946 77 14
6947 70 48
6948 47 49
6949 39 94
6950 45 39
6951 88 42
6952 16 28
6953 57 15
6954 41 93
6955 45 58
6956 48 72
6957 70 15
6958 64 14
6959 63 93
6960 62 49
6961 41 61
6962 65 26
6963 25 22
6964 77 27
6965 39 93
6966 63 94
6967 69 57
6968 41 89
6969 66 90
6970 48 71
6971 41 62
6972 88 14
6973 71 19
6974 87 14
6975 77 51
6976 73 78
6977 83 28
6978 48 49
6979 81 91
6980 4 39
6981 15 14
6982 54 47
6983 76 1
6984 45 40
6985 72 85
6986 78 3
6987 94 0
6988 73 57
6989 87 76
6990 89 42
6991 69 58
6992 64 7
6993 83 6
6994 17 28
6995 51 51
6996 82 85
6997 45 39
6998 62 50
6999 45 40
7000 35 24
7001 55 47
7002 75 65
7003 72 19
7004 41 4
7005 48 8
7006 77 34
7007 82 80
7008 0 17
7009 21 85
7010 64 15
7011 92 92
7012 46 95
7013 38 50
7014 88 42
7015 25 79
7016 78 2
7017 77 33
7018 45 59
7019 64 8
7020 77 1
7021 64 14
7022 93 92
7023 84 85
7024 41 61
7025 70 65
7026 60 63
7027 57 14
7028 26 22
7029 41 48
7030 1 17
7031 92 92
7032 88 14
7033 64 15
7034 64 7
7035 42 79
7036 37 6
7037 25 22
7038 41 94
7039 19 10
7040 39 94
7041 45 58
7042 78 3
7043 36 31
7044 47 49
7045 52 87
7046 57 90
7047 52 51
7048 46 12
7049 12 70
7050 82 91
7051 49 73
7052 64 14
7053 62 49
7054 61 63
7055 67 90
7056 77 52
7057 82 28
7058 46 42
7059 71 65
7060 19 11
7061 70 49
7062 26 22
7063 62 50
7064 72 78
7065 57 15
7066 86 65
7067 90 17
7068 44 0
7069 36 32
7070 14 54
7071 73 78
7072 22 74
7073 84 86
7074 77 34
7075 74 65
7076 65 47
7077 43 79
7078 23 0
7079 92 55
7080 82 86
7081 52 92
7082 82 81
7083 58 50
7084 70 65
7085 93 0
7086 86 64
7087 71 65
7088 83 7
7089 3 3
7090 31 56
7091 52 88
7092 84 85
7093 72 78
7094 45 95
7095 39 8
7096 15 58
7097 5 39
7098 92 56
7099 64 8
7100 38 6
7101 72 57
7102 18 71
7103 68 95
7104 85 52
7105 82 80
7106 92 55
7107 43 0
7108 31 42
7109 52 87
7110 14 14
7111 82 81
7112 19 71
7113 17 43
7114 8 12
7115 14 55
7116 40 4
7117 31 43
7118 62 49
7119 21 84
7120 0 17
7121 39 9
7122 10 73
7123 16 28
7124 75 65
7125 93 92
7126 76 1
7127 38 51
7128 81 91
7129 57 91
7130 37 6
7131 25 22
7132 47 12
7133 60 63
7134 90 18
7135 48 49
7136 51 51
7137 28 52
7138 23 1
7139 42 72
7140 64 7
7141 48 7
7142 48 72
7143 52 51
7144 79 49
7145 74 65
7146 69 95
7147 41 93
7148 84 86
7149 73 57
7150 4 39
7151 18 71
7152 82 80
7153 44 0
7154 45 39
7155 92 92
7156 73 78
7157 23 0
7158 11 70
7159 35 25
7160 57 90
7161 14 58
7162 1 17
7163 66 90
7164 0 17
7165 61 63
7166 38 6
7167 77 26
7168 10 17
7169 37 6
7170 64 8
7171 39 8
7172 45 59
7173 82 85
7174 26 22
7175 41 90
7176 10 72
7177 10 73
7178 25 28
7179 77 15
7180 43 0
7181 46 95
7182 68 95
7183 87 14
7184 77 27
7185 88 76
7186 19 20
7187 17 28
7188 83 28
7189 41 4
7190 59 50
7191 15 58
7192 72 38
7193 40 4
7194 54 47
7195 63 93
7196 63 94
7197 42 73
7198 42 48
7199 19 19
7200 25 22
7201 45 58
7202 19 71
7203 76 23
7204 57 91
7205 58 50
7206 79 48
7207 64 15
7208 55 47
7209 76 22
7210 41 4
7211 62 50
7212 36 31
7213 18 71
7214 71 19
7215 19 20
7216 31 57
7217 21 85
7218 84 52
7219 47 49
7220 88 14
7221 36 32
7222 51 51
7223 37 87
7224 48 49
7225 62 49
7226 82 28
7227 67 90
7228 9 12
7229 54 47
7230 57 90
7231 39 93
7232 46 41
7233 78 2
7234 72 84
7235 24 28
7236 69 95
7237 79 49
7238 87 14
7239 23 1
7240 94 0
7241 50 73
7242 10 72
7243 82 91
7244 42 79
7245 87 76
7246 60 63
7247 10 73
7248 31 56
7249 41 62
7250 39 9
7251 84 85
7252 92 56
7253 25 28
7254 64 7
7255 77 14
7256 14 58
7257 55 47
7258 54 47
7259 59 50
7260 42 72
7261 70 48
7262 72 57
7263 84 86
7264 89 42
7265 52 91
7266 47 49
7267 19 19
7268 52 88
7269 39 94
7270 77 51
7271 14 54
7272 1 17
7273 34 47
7274 10 72
7275 17 44
7276 48 71
7277 8 12
7278 58 50
7279 10 73
7280 69 57
7281 39 93
7282 44 0
7283 77 1
7284 82 86
7285 76 23
7286 77 26
7287 68 95
7288 88 14
7289 63 93
7290 70 16
7291 77 33
7292 72 85
7293 45 41
7294 52 51
7295 31 57
7296 93 28
7297 21 74
7298 9 12
7299 82 85
7300 49 73
7301 46 41
7302 19 20
7303 28 53
7304 23 0
7305 15 14
7306 51 51
7307 88 42
7308 82 86
7309 64 14
7310 8 12
7311 19 71
7312 38 87
7313 28 52
7314 39 8
7315 78 3
7316 31 42
7317 83 28
7318 77 15
7319 79 48
7320 63 94
7321 31 43
7322 35 24
7323 10 72
7324 69 95
7325 31 42
7326 61 63
7327 48 8
7328 46 12
7329 24 28
7330 19 19
7331 36 31
7332 76 22
7333 64 15
7334 60 63
7335 45 59
7336 82 28
7337 64 8
7338 77 27
7339 52 92
7340 14 14
7341 52 91
7342 55 47
7343 82 81
7344 12 70
7345 72 78
7346 41 61
7347 26 45
7348 89 42
7349 77 52
7350 59 50
7351 77 14
7352 73 57
7353 92 55
7354 83 28
7355 54 47
7356 15 58
7357 70 15
7358 64 14
7359 5 39
7360 26 79
7361 63 93
7362 52 51
7363 19 20
7364 70 16
7365 84 85
7366 36 32
7367 82 80
7368 52 92
7369 25 79
7370 77 34
7371 25 28
7372 31 43
7373 79 49
7374 42 73
7375 58 50
7376 50 73
7377 14 55
7378 31 42
7379 26 79
7380 11 70
7381 72 84
7382 48 72
7383 82 28
7384 64 47
7385 14 58
7386 0 17
7387 83 6
7388 45 40
7389 85 52
7390 2 3
7391 31 43
7392 70 49
7393 76 1
7394 83 7
7395 83 6
7396 49 73
7397 72 85
7398 18 71
7399 23 1
7400 23 0
7401 55 47
7402 17 43
7403 83 28
7404 28 53
7405 12 70
7406 15 14
7407 42 72
7408 77 1
7409 43 79
7410 25 79
7411 72 84
7412 19 19
7413 10 18
7414 22 74
7415 54 47
7416 77 15
7417 43 0
7418 84 86
7419 51 51
7420 61 63
7421 1 17
7422 81 91
7423 19 71
7424 31 42
7425 18 71
7426 66 90
7427 70 48
7428 37 87
7429 38 6
7430 45 58
7431 93 27
7432 66 26
7433 73 78
7434 93 28
7435 70 65
7436 60 63
7437 83 7
7438 41 94
7439 31 56
7440 82 85
7441 45 95
7442 77 33
7443 19 10
7444 45 59
7445 39 94
7446 31 43
7447 26 79
7448 69 58
7449 84 52
7450 72 85
7451 72 19
7452 14 54
7453 64 15
7454 23 1
7455 64 14
7456 15 58
7457 79 48
7458 64 7
7459 25 79
7460 26 22
7461 77 14
7462 62 50
7463 93 0
7464 75 65
7465 70 15
7466 64 8
7467 57 91
7468 64 15
7469 21 74
7470 25 22
7471 70 16
7472 67 90
7473 63 94
7474 45 58
7475 48 71
7476 66 90
7477 22 74
7478 90 17
7479 46 95
7480 19 71
7481 59 50
7482 26 79
7483 71 65
7484 38 87
7485 35 25
7486 26 46
7487 37 87
7488 77 15
7489 69 57
7490 77 34
7491 72 84
7492 3 3
7493 82 86
7494 23 0
7495 77 33
7496 45 59
7497 41 93
7498 19 20
7499 86 65
7500 86 64
7501 21 84
7502 63 93
7503 72 57
7504 9 12
7505 77 26
7506 52 51
7507 38 87
7508 78 2
7509 86 65
7510 47 12
7511 63 94
7512 64 14
7513 73 57
7514 14 14
7515 19 19
7516 76 23
7517 8 12
7518 77 14
7519 23 1
7520 42 73
7521 77 15
7522 57 90
7523 48 72
7524 50 73
7525 24 28
7526 21 85
7527 44 0
7528 69 58
7529 92 56
7530 14 58
7531 26 22
7532 25 22
7533 40 93
7534 37 6
7535 62 49
7536 62 50
7537 23 0
7538 9 12
7539 14 55
7540 72 78
7541 93 92
7542 52 87
7543 39 9
7544 28 52
7545 90 18
7546 21 84
7547 52 88
7548 38 50
7549 71 19
7550 10 17
7551 15 14
7552 65 47
7553 41 93
7554 70 49
7555 82 91
7556 16 28
7557 72 57
7558 2 3
7559 57 14
7560 76 1
7561 70 48
7562 36 31
7563 70 49
7564 92 55
7565 48 7
7566 73 78
7567 0 17
7568 51 51
7569 39 93
7570 81 91
7571 39 94
7572 39 8
7573 48 8
7574 64 15
7575 62 49
7576 14 54
7577 41 48
7578 72 19
7579 84 85
7580 35 47
7581 41 62
7582 77 1
7583 37 87
7584 38 87
7585 48 71
7586 65 26
7587 84 86
7588 82 81
7589 72 78
7590 73 57
7591 18 71
7592 86 64
7593 40 4
7594 74 65
7595 48 49
7596 47 49
7597 70 48
7598 86 65
7599 41 89
7600 52 91
7601 45 39
7602 45 58
7603 34 47
7604 42 72
7605 14 14
7606 28 53
7607 83 6
7608 40 93
7609 57 91
7610 45 59
7611 11 70
7612 45 41
7613 82 91
7614 52 87
7615 41 93
7616 64 14
7617 55 47
7618 10 73
7619 8 12
7620 72 57
7621 17 44
7622 21 85
7623 39 93
7624 79 49
7625 21 84
7626 52 88
7627 25 79
7628 81 91
7629 70 15
7630 9 12
7631 19 71
7632 42 79
7633 69 57
7634 35 24
7635 19 20
7636 45 58
7637 4 39
7638 14 55
7639 52 87
7640 82 28
7641 93 27
7642 19 19
7643 39 9
7644 77 14
7645 69 58
7646 46 12
7647 66 26
7648 41 90
7649 57 90
7650 83 7
7651 3 3
7652 88 42
7653 39 8
7654 31 42
7655 35 47
7656 36 32
7657 41 94
7658 41 4
7659 73 57
7660 83 6
7661 28 52
7662 14 54
7663 92 56
7664 76 1
7665 14 55
7666 78 3
7667 37 87
7668 76 22
7669 92 55
7670 44 39
7671 46 41
7672 39 94
7673 38 87
7674 15 14
7675 35 25
7676 37 87
7677 67 90
7678 39 93
7679 86 64
7680 41 93
7681 72 85
7682 34 47
7683 63 93
7684 28 53
7685 94 0
7686 57 91
7687 63 94
7688 65 26
7689 48 49
7690 45 59
7691 89 42
7692 43 0
7693 21 74
7694 49 73
7695 70 65
7696 47 12
7697 42 48
7698 52 51
7699 87 14
7700 39 9
7701 2 3
7702 79 48
7703 79 49
7704 35 47
7705 36 31
7706 52 92
7707 73 38
7708 90 17
7709 57 90
7710 35 24
7711 18 71
7712 50 73
7713 45 39
7714 64 47
7715 54 47
7716 71 65
7717 5 39
7718 83 28
7719 28 52
7720 10 18
7721 48 72
7722 38 6
7723 77 34
7724 82 85
7725 92 56
7726 46 12
7727 86 65
7728 58 50
7729 93 0
7730 51 51
7731 64 15
7732 85 52
7733 14 14
7734 82 91
7735 82 28
7736 76 23
7737 64 14
7738 86 64
7739 63 93
7740 26 22
7741 39 94
7742 17 43
7743 69 57
7744 94 0
7745 28 53
7746 76 22
7747 66 90
7748 28 52
7749 41 61
7750 77 1
7751 66 26
7752 45 41
7753 84 85
7754 63 94
7755 35 25
7756 40 93
7757 26 79
7758 68 95
7759 45 95
7760 10 72
7761 43 79
7762 88 14
7763 25 28
7764 14 54
7765 65 47
7766 47 49
7767 72 38
7768 70 16
7769 12 70
7770 92 55
7771 70 65
7772 26 45
7773 26 46
7774 28 53
7775 28 52
7776 15 14
7777 41 62
7778 40 4
7779 77 33
7780 42 73
7781 77 15
7782 21 85
7783 59 50
7784 63 93
7785 35 24
7786 88 42
7787 14 14
7788 83 28
7789 19 11
7790 52 51
7791 45 58
7792 57 91
7793 92 56
7794 41 4
7795 22 74
7796 76 1
7797 24 28
7798 3 3
7799 64 7
7800 76 23
7801 17 44
7802 63 94
7803 57 90
7804 69 95
7805 69 58
7806 89 42
7807 48 7
7808 82 80
7809 51 51
7810 73 78
7811 78 2
7812 64 47
7813 67 90
7814 63 93
7815 44 0
7816 19 20
7817 82 81
7818 38 87
7819 73 38
7820 87 14
7821 64 8
7822 79 48
7823 25 28
7824 28 53
7825 43 0
7826 44 0
7827 26 45
7828 21 74
7829 36 32
7830 28 52
7831 2 3
7832 57 91
7833 55 47
7834 64 7
7835 69 57
7836 82 80
7837 41 89
7838 19 19
7839 25 79
7840 77 34
7841 19 71
7842 77 1
7843 31 57
7844 77 27
7845 10 17
7846 52 88
7847 52 87
7848 25 22
7849 46 41
7850 1 17
7851 78 3
7852 64 8
7853 39 95
7854 72 57
7855 46 95
7856 65 47
7857 22 74
7858 90 18
7859 15 58
7860 45 59
7861 37 87
7862 3 3
7863 70 15
7864 45 40
7865 57 15
7866 71 65
7867 73 57
7868 72 84
7869 57 14
7870 17 28
7871 35 25
7872 31 43
7873 77 26
7874 24 28
7875 79 49
7876 57 15
7877 34 47
7878 70 49
7879 4 39
7880 21 74
7881 41 61
7882 47 12
7883 81 91
7884 16 28
7885 31 42
7886 84 86
7887 83 7
7888 52 88
7889 10 73
7890 93 28
7891 46 42
7892 76 22
7893 88 76
7894 28 53
7895 54 47
7896 88 42
7897 83 6
7898 64 15
7899 88 14
7900 90 17
7901 72 85
7902 48 71
7903 63 94
7904 83 7
7905 87 14
7906 82 81
7907 52 91
7908 77 51
7909 38 87
7910 41 62
7911 48 49
7912 39 94
7913 18 71
7914 35 47
7915 17 28
7916 72 38
7917 16 28
7918 14 55
7919 69 58
7920 35 24
7921 72 57
7922 8 12
7923 77 52
7924 88 14
7925 49 73
7926 70 65
7927 42 72
7928 34 47
7929 82 80
7930 72 84
7931 50 73
7932 39 8
7933 63 93
7934 22 74
7935 11 70
7936 35 47
7937 86 65
7938 77 14
7939 93 0
7940 52 92
7941 71 19
7942 10 18
7943 82 28
7944 34 47
7945 64 14
7946 70 48
7947 77 15
7948 31 56
7949 17 43
7950 52 51
7951 66 90
7952 48 8
7953 82 91
7954 9 12
7955 19 20
7956 41 61
7957 45 58
7958 64 47
7959 47 49
7960 25 28
7961 76 23
7962 78 2
7963 2 3
7964 46 41
7965 58 50
7966 52 91
7967 24 28
7968 14 54
7969 31 57
7970 69 57
7971 68 95
7972 21 74
7973 78 3
7974 41 93
7975 26 79
7976 73 38
7977 87 14
7978 19 71
7979 57 14
7980 40 93
7981 82 86
7982 31 56
7983 18 71
7984 83 6
7985 3 3
7986 15 14
7987 14 58
7988 86 64
7989 8 12
7990 55 47
7991 48 72
7992 17 28
7993 84 85
7994 10 17
7995 76 22
7996 42 79
7997 19 19
7998 15 58
7999 76 23
8000 39 9
8001 26 22
8002 52 92
8003 70 49
8004 67 90
8005 52 91
8006 65 26
8007 36 31
8008 41 93
8009 37 6
8010 43 0
8011 76 1
8012 90 18
8013 51 51
8014 84 52
8015 64 15
8016 94 0
8017 66 90
8018 45 95
8019 45 39
8020 77 14
8021 57 15
8022 57 90
8023 10 72
8024 52 87
8025 39 93
8026 59 50
8027 48 7
8028 93 27
8029 90 17
8030 66 26
8031 2 3
8032 46 95
8033 92 92
8034 70 48
8035 48 8
8036 14 58
8037 37 87
8038 38 6
8039 35 25
8040 28 52
8041 52 88
8042 12 70
8043 41 62
8044 57 14
8045 84 86
8046 75 65
8047 70 16
8048 45 41
8049 65 47
8050 52 51
8051 22 74
8052 17 44
8053 38 87
8054 10 73
8055 10 72
8056 26 46
8057 41 61
8058 31 43
8059 38 51
8060 28 53
8061 92 55
8062 93 92
8063 31 42
8064 51 51
8065 81 91
8066 73 57
8067 92 56
8068 3 3
8069 42 73
8070 92 92
8071 48 7
8072 17 43
8073 48 49
8074 41 62
8075 15 58
8076 17 44
8077 72 57
8078 31 57
8079 83 7
8080 40 4
8081 38 50
8082 90 18
8083 67 90
8084 46 41
8085 72 38
8086 64 7
8087 84 85
8088 87 76
8089 52 51
8090 77 33
8091 86 65
8092 11 70
8093 41 48
8094 93 0
8095 14 55
8096 89 42
8097 41 61
8098 14 14
8099 41 4
8100 66 90
8101 64 8
8102 10 18
8103 69 95
8104 41 94
8105 52 92
8106 62 50
8107 14 54
8108 82 85
8109 67 90
8110 36 32
8111 42 72
8112 14 55
8113 48 8
8114 78 2
8115 83 28
8116 94 0
8117 77 34
8118 48 71
8119 83 6
8120 10 17
8121 41 93
8122 78 3
8123 74 65
8124 62 49
8125 9 12
8126 71 65
8127 93 0
8128 88 42
8129 61 63
8130 58 50
8131 76 22
8132 8 12
8133 70 65
8134 31 56
8135 88 14
8136 93 92
8137 19 10
8138 73 38
8139 31 57
8140 9 12
8141 14 54
8142 59 50
8143 77 27
8144 31 56
8145 14 55
8146 70 15
8147 63 94
8148 14 54
8149 57 15
8150 35 24
8151 42 73
8152 93 28
8153 82 28
8154 37 87
8155 16 28
8156 93 27
8157 36 31
8158 77 26
8159 75 65
8160 17 43
8161 17 28
8162 28 52
8163 48 7
8164 39 8
8165 57 91
8166 92 55
8167 57 90
8168 52 87
8169 83 28
8170 49 73
8171 35 47
8172 63 93
8173 10 73
8174 51 51
8175 21 74
8176 87 14
8177 19 11
8178 93 28
8179 39 94
8180 23 1
8181 19 20
8182 57 91
8183 89 42
8184 41 90
8185 25 79
8186 74 65
8187 37 6
8188 14 55
8189 12 70
8190 72 19
8191 52 51
8192 45 40
8193 42 48
8194 72 78
8195 64 7
8196 73 57
8197 48 8
8198 41 48
8199 34 47
8200 15 14
8201 88 76
8202 72 57
8203 25 28
8204 41 89
8205 22 74
8206 19 19
8207 92 56
8208 14 58
8209 66 90
8210 73 57
8211 92 92
8212 39 9
8213 73 78
8214 70 49
8215 90 17
8216 77 33
8217 45 95
8218 64 8
8219 76 23
8220 48 72
8221 72 85
8222 19 71
8223 41 62
8224 82 91
8225 88 42
8226 25 22
8227 67 90
8228 26 45
8229 10 72
8230 47 49
8231 41 61
8232 48 49
8233 69 58
8234 42 72
8235 54 47
8236 76 22
8237 72 78
8238 82 86
8239 35 25
8240 52 88
8241 77 1
8242 81 91
8243 8 12
8244 48 7
8245 77 15
8246 38 6
8247 57 14
8248 38 87
8249 18 71
8250 46 42
8251 45 39
8252 93 27
8253 82 81
8254 72 38
8255 39 93
8256 48 8
8257 66 90
8258 21 84
8259 64 47
8260 72 57
8261 57 15
8262 39 94
8263 15 58
8264 45 40
8265 89 42
8266 41 62
8267 19 10
8268 86 64
8269 37 87
8270 36 32
8271 93 28
8272 42 73
8273 28 53
8274 57 90
8275 46 41
8276 55 47
8277 26 46
8278 39 8
8279 52 91
8280 77 34
8281 93 92
8282 9 12
8283 43 79
8284 94 0
8285 35 47
8286 65 47
8287 73 38
8288 19 71
8289 93 0
8290 52 87
8291 88 14
8292 64 14
8293 65 26
8294 26 45
8295 58 50
8296 10 18
8297 82 85
8298 86 65
8299 28 52
8300 76 1
8301 21 74
8302 42 72
8303 40 4
8304 5 39
8305 0 17
8306 57 91
8307 4 39
8308 92 92
8309 39 9
8310 35 24
8311 70 48
8312 14 14
8313 73 57
8314 42 73
8315 66 26
8316 37 6
8317 38 51
8318 67 90
8319 38 50
8320 38 51
8321 26 46
8322 86 64
8323 72 38
8324 64 47
8325 14 54
8326 8 12
8327 87 76
8328 72 57
8329 34 47
8330 9 12
8331 26 22
8332 85 52
8333 8 12
8334 28 53
8335 42 72
8336 31 57
8337 63 94
8338 14 55
8339 5 39
8340 9 12
8341 64 7
8342 24 28
8343 10 73
8344 46 42
8345 68 95
8346 18 71
8347 35 25
8348 73 78
8349 46 12
8350 65 26
8351 82 91
8352 82 86
8353 71 65
8354 41 90
8355 66 90
8356 64 15
8357 52 88
8358 83 7
8359 77 51
8360 48 7
8361 69 95
8362 83 6
8363 4 39
8364 21 85
8365 78 2
8366 93 27
8367 46 95
8368 71 19
8369 28 52
8370 77 1
8371 39 93
8372 15 14
8373 25 28
8374 78 3
8375 8 12
8376 17 44
8377 19 71
8378 52 92
8379 79 48
8380 19 11
8381 41 61
8382 36 31
8383 14 54
8384 45 59
8385 82 80
8386 67 90
8387 35 24
8388 82 85
8389 93 92
8390 70 65
8391 41 94
8392 23 0
8393 42 73
8394 57 90
8395 87 14
8396 72 19
8397 77 27
8398 17 43
8399 52 87
8400 21 84
8401 10 17
8402 45 95
8403 28 53
8404 76 23
8405 9 12
8406 35 25
8407 50 73
8408 10 72
8409 77 26
8410 1 17
8411 79 49
8412 5 39
8413 48 71
8414 75 65
8415 71 65
8416 70 16
8417 24 28
8418 76 22
8419 51 51
8420 0 17
8421 52 88
8422 86 65
8423 38 6
8424 77 14
8425 76 1
8426 25 22
8427 70 65
8428 31 56
8429 52 91
8430 23 1
8431 77 33
8432 92 55
8433 72 84
8434 46 95
8435 4 39
8436 39 94
8437 76 23
8438 5 39
8439 46 41
8440 83 7
8441 21 85
8442 18 71
8443 38 87
8444 92 92
8445 22 74
8446 52 92
8447 14 14
8448 90 18
8449 2 3
8450 82 81
8451 41 62
8452 68 95
8453 83 6
8454 71 65
8455 41 4
8456 60 63
8457 36 32
8458 61 63
8459 72 78
8460 21 84
8461 90 17
8462 76 22
8463 73 57
8464 79 48
8465 57 14
8466 62 50
8467 37 87
8468 47 49
8469 93 92
8470 19 71
8471 10 73
8472 4 39
8473 11 70
8474 52 51
8475 45 39
8476 23 0
8477 35 24
8478 76 23
8479 79 49
8480 82 28
8481 73 38
8482 83 28
8483 77 52
8484 26 45
8485 16 28
8486 49 73
8487 69 57
8488 18 71
8489 71 19
8490 72 85
8491 70 49
8492 1 17
8493 84 52
8494 45 58
8495 83 7
8496 51 51
8497 94 0
8498 66 90
8499 21 85
8500 17 28
8501 52 87
8502 38 50
8503 70 65
8504 65 47
8505 39 93
8506 70 48
8507 19 10
8508 83 6
8509 8 12
8510 12 70
8511 82 80
8512 84 86
8513 36 31
8514 72 19
8515 19 71
8516 38 51
8517 76 22
8518 44 0
8519 17 44
8520 88 76
8521 26 22
8522 72 57
8523 71 19
8524 26 46
8525 39 8
8526 28 52
8527 41 93
8528 64 14
8529 41 61
8530 19 11
8531 59 50
8532 83 7
8533 92 92
8534 77 51
8535 19 20
8536 71 65
8537 63 93
8538 45 41
8539 37 6
8540 93 0
8541 38 87
8542 72 84
8543 70 65
8544 21 84
8545 31 57
8546 86 64
8547 37 87
8548 3 3
8549 60 63
8550 74 65
8551 72 19
8552 41 94
8553 19 10
8554 25 28
8555 63 94
8556 52 91
8557 62 49
8558 28 53
8559 38 6
8560 88 42
8561 47 12
8562 92 56
8563 9 12
8564 41 89
8565 78 2
8566 5 39
8567 48 8
8568 52 92
8569 31 56
8570 67 90
8571 39 9
8572 81 91
8573 25 22
8574 14 55
8575 77 1
8576 66 26
8577 82 86
8578 92 55
8579 38 87
8580 28 52
8581 72 38
8582 26 79
8583 66 90
8584 88 14
8585 94 0
8586 14 58
8587 77 27
8588 2 3
8589 26 45
8590 21 85
8591 10 18
8592 26 22
8593 76 1
8594 77 1
8595 31 57
8596 62 50
8597 41 93
8598 61 63
8599 82 85
8600 10 17
8601 45 59
8602 38 50
8603 11 70
8604 79 48
8605 42 79
8606 73 38
8607 10 72
8608 52 88
8609 39 94
8610 46 41
8611 77 52
8612 64 15
8613 71 19
8614 60 63
8615 39 93
8616 24 28
8617 42 72
8618 72 19
8619 52 51
8620 16 28
8621 43 0
8622 57 91
8623 10 73
8624 86 65
8625 92 56
8626 45 95
8627 25 22
8628 92 55
8629 41 62
8630 89 42
8631 52 87
8632 45 41
8633 77 34
8634 36 32
8635 42 48
8636 77 26
8637 41 90
8638 65 26
8639 64 14
8640 38 51
8641 61 63
8642 57 90
8643 69 58
8644 48 72
8645 93 92
8646 54 47
8647 41 94
8648 28 53
8649 79 49
8650 90 18
8651 50 73
8652 41 48
8653 62 49
8654 21 84
8655 19 11
8656 0 17
8657 72 38
8658 35 47
8659 1 17
8660 83 6
8661 18 71
8662 66 26
8663 21 85
8664 48 7
8665 55 47
8666 71 19
8667 46 41
8668 79 48
8669 15 14
8670 31 43
8671 69 95
8672 42 48
8673 84 85
8674 19 10
8675 14 14
8676 26 22
8677 73 38
8678 26 46
8679 90 17
8680 48 8
8681 15 14
8682 58 50
8683 25 28
8684 46 95
8685 37 87
8686 28 52
8687 72 85
8688 12 70
8689 34 47
8690 41 89
8691 84 86
8692 87 76
8693 64 8
8694 43 79
8695 51 51
8696 65 26
8697 71 65
8698 45 40
8699 88 42
8700 39 94
8701 15 58
8702 11 70
8703 25 22
8704 21 74
8705 25 79
8706 17 43
8707 73 78
8708 69 57
8709 26 22
8710 45 39
8711 64 15
8712 10 18
8713 41 48
8714 72 84
8715 59 50
8716 64 7
8717 52 51
8718 38 50
8719 35 25
8720 77 51
8721 69 58
8722 28 53
8723 3 3
8724 70 15
8725 17 44
8726 77 27
8727 26 45
8728 82 91
8729 77 15
8730 42 48
8731 52 88
8732 42 79
8733 26 79
8734 28 52
8735 10 17
8736 39 8
8737 64 8
8738 25 79
8739 39 93
8740 0 17
8741 93 28
8742 93 27
8743 82 28
8744 45 41
8745 77 26
8746 58 50
8747 76 23
8748 76 22
8749 77 27
8750 76 1
8751 40 4
8752 63 93
8753 48 49
8754 73 57
8755 66 26
8756 42 73
8757 36 31
8758 45 95
8759 67 90
8760 28 53
8761 83 28
8762 57 91
8763 22 74
8764 72 85
8765 21 74
8766 14 14
8767 4 39
8768 31 42
8769 21 84
8770 28 52
8771 77 1
8772 44 0
8773 66 90
8774 5 39
8775 77 52
8776 64 7
8777 68 95
8778 93 28
8779 70 65
8780 92 56
8781 39 9
8782 43 0
8783 63 94
8784 64 8
8785 46 12
8786 21 85
8787 38 51
8788 90 18
8789 31 56
8790 65 26
8791 82 86
8792 57 15
8793 17 43
8794 36 32
8795 72 38
8796 48 7
8797 85 52
8798 82 28
8799 57 14
8800 64 47
8801 26 46
8802 48 8
8803 66 26
8804 17 28
8805 59 50
8806 47 12
8807 47 49
8808 77 26
8809 63 93
8810 64 7
8811 71 65
8812 24 28
8813 44 39
8814 70 16
8815 72 19
8816 12 70
8817 52 91
8818 31 43
8819 14 54
8820 41 90
8821 49 73
8822 69 95
8823 25 28
8824 76 23
8825 37 6
8826 43 79
8827 70 49
8828 15 14
8829 82 81
8830 8 12
8831 89 42
8832 77 51
8833 92 92
8834 82 80
8835 10 18
8836 9 12
8837 68 95
8838 62 50
8839 70 15
8840 50 73
8841 70 48
8842 69 57
8843 93 27
8844 21 84
8845 82 81
8846 65 47
8847 38 87
8848 8 12
8849 78 3
8850 17 44
8851 41 48
8852 87 14
8853 35 24
8854 88 76
8855 69 95
8856 62 49
8857 64 47
8858 48 71
8859 1 17
8860 26 45
8861 88 42
8862 65 47
8863 14 58
8864 42 48
8865 10 17
8866 48 49
8867 79 49
8868 19 11
8869 49 73
8870 73 38
8871 19 71
8872 46 12
8873 10 72
8874 15 58
8875 82 80
8876 0 17
8877 31 57
8878 70 49
8879 46 95
8880 70 65
8881 77 14
8882 25 22
8883 90 17
8884 48 7
8885 57 90
8886 23 1
8887 50 73
8888 62 50
8889 81 91
8890 35 25
8891 93 0
8892 79 48
8893 76 22
8894 64 14
8895 90 18
8896 77 52
8897 26 22
8898 88 14
8899 52 92
8900 36 31
8901 93 28
8902 76 23
8903 9 12
8904 57 91
8905 42 79
8906 64 15
8907 68 95
8908 1 17
8909 71 65
8910 35 47
8911 92 55
8912 43 79
8913 70 65
8914 57 15
8915 46 41
8916 82 85
8917 86 64
8918 31 56
8919 79 49
8920 42 72
8921 28 53
8922 41 48
8923 76 22
8924 36 32
8925 16 28
8926 26 79
8927 42 79
8928 90 17
8929 2 3
8930 44 0
8931 54 47
8932 77 51
8933 67 90
8934 55 47
8935 31 42
8936 41 61
8937 87 14
8938 48 72
8939 70 16
8940 83 28
8941 51 51
8942 17 43
8943 45 95
8944 19 10
8945 72 57
8946 36 31
8947 52 87
8948 75 65
8949 24 28
8950 38 50
8951 65 26
8952 77 33
8953 3 3
8954 52 51
8955 41 62
8956 19 11
8957 77 27
8958 82 86
8959 4 39
8960 41 61
8961 10 73
8962 48 8
8963 39 94
8964 36 32
8965 41 93
8966 25 79
8967 64 14
8968 41 89
8969 73 57
8970 26 79
8971 77 34
8972 77 26
8973 19 10
8974 52 88
8975 82 28
8976 17 28
8977 17 44
8978 71 65
8979 79 48
8980 28 52
8981 11 70
8982 52 91
8983 40 93
8984 77 15
8985 66 90
8986 83 28
8987 47 12
8988 35 24
8989 60 63
8990 41 93
8991 77 52
8992 19 19
8993 52 87
8994 57 14
8995 70 48
8996 25 28
8997 70 15
8998 70 16
8999 72 57
9000 86 65
9001 45 41
9002 89 42
9003 25 22
9004 67 90
9005 31 43
9006 57 90
9007 82 85
9008 23 0
9009 62 49
9010 64 15
9011 57 91
9012 83 7
9013 77 27
9014 69 95
9015 66 90
9016 48 7
9017 51 51
9018 42 73
9019 69 58
9020 24 28
9021 82 28
9022 17 43
9023 26 46
9024 43 79
9025 58 50
9026 46 41
9027 72 84
9028 2 3
9029 19 20
9030 83 6
9031 45 41
9032 74 65
9033 38 51
9034 40 93
9035 17 44
9036 76 23
9037 64 14
9038 28 53
9039 61 63
9040 70 15
9041 12 70
9042 38 50
9043 26 22
9044 46 12
9045 62 50
9046 70 49
9047 77 51
9048 52 51
9049 10 18
9050 83 28
9051 76 22
9052 67 90
9053 22 74
9054 46 95
9055 51 51
9056 14 58
9057 77 14
9058 82 91
9059 42 48
9060 92 56
9061 86 64
9062 41 62
9063 38 51
9064 10 17
9065 73 57
9066 62 49
9067 31 57
9068 21 74
9069 38 6
9070 76 1
9071 72 38
9072 19 19
9073 64 15
9074 37 6
9075 82 28
9076 45 58
9077 82 86
9078 78 2
9079 82 85
9080 84 52
9081 83 7
9082 86 65
9083 79 49
9084 10 18
9085 52 88
9086 94 0
9087 57 15
9088 42 72
9089 37 87
9090 41 90
9091 46 41
9092 17 43
9093 64 14
9094 42 79
9095 68 95
9096 57 90
9097 23 1
9098 79 48
9099 70 65
9100 57 14
9101 41 89
9102 22 74
9103 41 48
9104 47 49
9105 41 61
9106 66 90
9107 45 39
9108 81 91
9109 57 91
9110 19 20
9111 43 79
9112 63 94
9113 76 23
9114 77 15
9115 25 28
9116 72 57
9117 67 90
9118 77 26
9119 63 93
9120 19 11
9121 86 64
9122 39 8
9123 19 19
9124 8 12
9125 54 47
9126 48 8
9127 38 6
9128 24 28
9129 21 85
9130 85 52
9131 39 95
9132 5 39
9133 72 85
9134 57 15
9135 38 87
9136 79 49
9137 52 92
9138 77 52
9139 0 17
9140 57 90
9141 72 78
9142 48 71
9143 59 50
9144 63 94
9145 37 87
9146 42 73
9147 93 27
9148 71 19
9149 71 65
9150 72 19
9151 77 14
9152 88 42
9153 14 55
9154 57 14
9155 36 31
9156 70 48
9157 62 50
9158 82 86
9159 47 12
9160 21 74
9161 62 49
9162 69 95
9163 25 79
9164 42 72
9165 73 78
9166 42 48
9167 84 52
9168 70 49
9169 39 94
9170 52 91
9171 72 84
9172 82 91
9173 77 51
9174 55 47
9175 70 65
9176 83 28
9177 77 27
9178 15 58
9179 31 42
9180 41 48
9181 31 43
9182 22 74
9183 14 58
9184 64 47
9185 81 91
9186 58 50
9187 52 92
9188 34 47
9189 10 72
9190 78 3
9191 86 65
9192 57 91
9193 10 17
9194 26 45
9195 26 46
9196 88 14
9197 77 52
9198 19 10
9199 73 57
9200 18 71
9201 72 78
9202 66 26
9203 23 0
9204 45 95
9205 36 32
9206 82 81
9207 21 74
9208 39 9
9209 69 57
9210 38 50
9211 82 91
9212 36 31
9213 23 1
9214 79 48
9215 93 0
9216 4 39
9217 57 15
9218 54 47
9219 41 93
9220 77 1
9221 94 0
9222 38 51
9223 82 85
9224 42 79
9225 69 58
9226 19 71
9227 41 90
9228 93 92
9229 70 16
9230 11 70
9231 68 95
9232 57 14
9233 77 51
9234 82 80
9235 76 1
9236 41 62
9237 82 28
9238 83 28
9239 72 57
9240 82 86
9241 93 28
9242 28 52
9243 92 55
9244 14 54
9245 16 28
9246 35 47
9247 43 0
9248 73 78
9249 92 56
9250 62 50
9251 81 91
9252 64 8
9253 23 0
9254 22 74
9255 52 87
9256 65 47
9257 43 79
9258 38 50
9259 55 47
9260 17 44
9261 59 50
9262 93 27
9263 82 81
9264 10 73
9265 45 41
9266 92 92
9267 39 8
9268 87 14
9269 85 52
9270 86 64
9271 48 7
9272 39 93
9273 82 28
9274 9 12
9275 17 43
9276 73 38
9277 41 89
9278 25 28
9279 14 14
9280 31 56
9281 19 11
9282 58 50
9283 84 85
9284 41 94
9285 78 2
9286 48 8
9287 48 7
9288 70 15
9289 82 91
9290 44 39
9291 1 17
9292 73 57
9293 64 7
9294 77 33
9295 12 70
9296 69 57
9297 21 84
9298 31 42
9299 18 71
9300 65 26
9301 64 15
9302 19 71
9303 39 94
9304 64 14
9305 79 49
9306 64 47
9307 46 95
9308 57 15
9309 70 48
9310 93 28
9311 41 93
9312 41 4
9313 64 8
9314 15 14
9315 37 6
9316 75 65
9317 18 71
9318 93 27
9319 92 55
9320 26 79
9321 71 19
9322 83 28
9323 38 51
9324 65 47
9325 77 1
9326 52 88
9327 38 87
9328 10 72
9329 66 90
9330 45 95
9331 46 95
9332 3 3
9333 52 87
9334 79 48
9335 42 48
9336 41 61
9337 2 3
9338 34 47
9339 44 0
9340 36 32
9341 25 79
9342 14 14
9343 3 3
9344 15 14
9345 54 47
9346 63 93
9347 14 55
9348 8 12
9349 79 49
9350 67 90
9351 77 26
9352 45 95
9353 21 85
9354 92 56
9355 42 79
9356 88 14
9357 21 74
9358 52 51
9359 31 57
9360 40 93
9361 82 28
9362 41 62
9363 77 15
9364 66 26
9365 60 63
9366 93 28
9367 38 50
9368 63 94
9369 17 28
9370 89 42
9371 46 95
9372 49 73
9373 64 7
9374 72 38
9375 48 49
9376 63 93
9377 38 51
9378 24 28
9379 93 92
9380 87 14
9381 10 18
9382 76 22
9383 87 76
9384 64 47
9385 81 91
9386 69 58
9387 78 3
9388 38 6
9389 41 90
9390 41 93
9391 76 23
9392 84 52
9393 90 18
9394 90 17
9395 61 63
9396 42 73
9397 52 91
9398 26 79
9399 2 3
9400 76 22
9401 23 1
9402 93 0
9403 77 52
9404 92 55
9405 19 71
9406 82 85
9407 18 71
9408 77 14
9409 0 17
9410 84 86
9411 35 25
9412 22 74
9413 83 6
9414 72 57
9415 26 45
9416 10 73
9417 45 95
9418 23 0
9419 10 17
9420 19 10
9421 72 85
9422 25 28
9423 5 39
9424 52 92
9425 35 47
9426 83 7
9427 34 47
9428 65 47
9429 25 79
9430 74 65
9431 72 19
9432 31 56
9433 63 94
9434 63 93
9435 83 6
9436 88 76
9437 48 8
9438 88 14
9439 76 1
9440 71 65
9441 60 63
9442 24 28
9443 37 87
9444 73 57
9445 25 22
9446 64 15
9447 36 31
9448 38 87
9449 19 11
9450 21 74
9451 92 92
9452 36 32
9453 40 93
9454 38 50
9455 37 6
9456 25 28
9457 47 49
9458 31 57
9459 94 0
9460 77 1
9461 38 51
9462 85 52
9463 19 71
9464 51 51
9465 82 86
9466 41 89
9467 57 14
9468 59 50
9469 57 15
9470 61 63
9471 10 18
9472 66 90
9473 64 14
9474 57 14
9475 52 88
9476 48 49
9477 42 72
9478 67 90
9479 93 0
9480 41 48
9481 42 48
9482 72 57
9483 77 51
9484 73 38
9485 50 73
9486 60 63
9487 16 28
9488 63 94
9489 79 48
9490 39 9
9491 61 63
9492 26 22
9493 43 0
9494 70 16
9495 23 1
9496 64 8
9497 17 44
9498 69 57
9499 77 15
9500 17 28
9501 78 2
9502 17 43
9503 39 8
9504 70 65
9505 64 15
9506 25 22
9507 87 76
9508 26 46
9509 55 47
9510 46 41
9511 79 49
9512 4 39
9513 71 65
9514 38 50
9515 35 24
9516 5 39
9517 57 90
9518 1 17
9519 70 15
9520 83 28
9521 15 58
9522 70 16
9523 64 7
9524 69 58
9525 66 90
9526 14 54
9527 44 0
9528 24 28
9529 37 87
9530 31 43
9531 94 0
9532 4 39
9533 86 65
9534 78 3
9535 67 90
9536 40 4
9537 5 39
9538 14 55
9539 57 15
9540 76 1
9541 52 87
9542 3 3
9543 17 44
9544 77 14
9545 26 45
9546 63 93
9547 38 87
9548 77 34
9549 2 3
9550 64 8
9551 72 78
9552 77 1
9553 93 0
9554 58 50
9555 54 47
9556 82 91
9557 45 59
9558 93 92
9559 52 51
9560 47 49
9561 57 91
9562 57 14
9563 10 72
9564 76 23
9565 42 73
9566 22 74
9567 4 39
9568 83 7
9569 19 10
9570 41 61
9571 14 14
9572 46 95
9573 88 42
9574 75 65
9575 26 46
9576 77 33
9577 52 91
9578 76 22
9579 11 70
9580 84 85
9581 10 73
9582 14 58
9583 77 27
9584 45 95
9585 82 28
9586 49 73
9587 39 95
9588 69 57
9589 94 0
9590 18 71
9591 88 76
9592 10 17
9593 21 84
9594 15 14
9595 82 85
9596 64 7
9597 69 95
9598 39 94
9599 51 51
9600 92 92
9601 84 52
9602 10 72
9603 89 42
9604 62 49
9605 43 0
9606 36 31
9607 64 14
9608 57 15
9609 55 47
9610 64 15
9611 41 4
9612 26 79
9613 44 0
9614 88 42
9615 62 50
9616 83 6
9617 76 1
9618 5 39
9619 41 93
9620 4 39
9621 41 48
9622 90 18
9623 74 65
9624 39 93
9625 52 88
9626 41 62
9627 36 32
9628 76 23
9629 64 14
9630 41 61
9631 0 17
9632 10 18
9633 72 84
9634 79 48
9635 43 0
9636 45 58
9637 73 78
9638 75 65
9639 15 58
9640 43 79
9641 57 14
9642 86 64
9643 9 12
9644 25 79
9645 82 80
9646 25 28
9647 65 26
9648 21 74
9649 46 12
9650 42 79
9651 50 73
9652 70 15
9653 77 34
9654 19 71
9655 19 20
9656 3 3
9657 49 73
9658 66 90
9659 31 42
9660 77 52
9661 78 2
9662 62 49
9663 39 9
9664 10 73
9665 48 7
9666 36 31
9667 77 15
9668 52 92
9669 39 94
9670 41 90
9671 1 17
9672 18 71
9673 64 8
9674 93 0
9675 77 33
9676 8 12
9677 87 14
9678 64 15
9679 77 34
9680 28 53
9681 83 7
9682 39 8
9683 77 51
9684 64 7
9685 9 12
9686 62 50
9687 54 47
9688 83 6
9689 36 32
9690 57 15
9691 74 65
9692 85 52
9693 10 17
9694 48 8
9695 82 81
9696 35 25
9697 36 31
9698 36 32
9699 78 3
9700 64 14
9701 77 33
9702 77 1
9703 52 87
9704 14 58
9705 19 71
9706 15 58
9707 72 78
9708 12 70
9709 82 80
9710 87 76
9711 52 91
9712 83 28
9713 67 90
9714 37 87
9715 81 91
9716 39 93
9717 26 22
9718 45 59
9719 48 49
9720 73 57
9721 43 79
9722 44 0
9723 14 58
9724 55 47
9725 40 4
9726 14 54
9727 16 28
9728 45 58
9729 59 50
9730 52 92
9731 73 78
9732 77 52
9733 17 43
9734 89 42
9735 84 52
9736 43 0
9737 57 14
9738 52 91
9739 44 0
9740 79 49
9741 17 44
9742 10 18
9743 82 91
9744 88 14
9745 14 55
9746 70 16
9747 64 15
9748 68 95
9749 77 14
9750 11 70
9751 76 1
9752 47 49
9753 50 73
9754 84 86
9755 48 49
9756 41 4
9757 48 7
9758 17 43
9759 35 24
9760 47 49
9761 77 51
9762 24 28
9763 93 92
9764 10 72
9765 77 34
9766 92 56
9767 72 78
9768 52 88
9769 8 12
9770 52 92
9771 28 52
9772 19 11
9773 72 85
9774 60 63
9775 52 51
9776 25 28
9777 43 0
9778 35 47
9779 31 43
9780 38 51
9781 77 26
9782 70 49
9783 72 38
9784 81 91
9785 82 86
9786 75 65
9787 66 90
9788 93 27
9789 90 17
9790 70 65
9791 5 39
9792 63 94
9793 45 41
9794 41 89
9795 48 49
9796 10 73
9797 9 12
9798 76 22
9799 92 55
9800 72 84
9801 82 28
9802 64 47
9803 46 95
9804 31 42
9805 22 74
9806 72 85
9807 38 50
9808 31 43
9809 64 8
9810 26 45
9811 71 19
9812 19 10
9813 17 44
9814 42 79
9815 64 7
9816 54 47
9817 45 59
9818 41 62
9819 18 71
9820 48 72
9821 28 53
9822 41 61
9823 47 49
9824 39 94
9825 65 47
9826 17 43
9827 77 15
9828 57 90
9829 61 63
9830 14 14
9831 63 93
9832 77 27
9833 31 42
9834 42 48
9835 55 47
9836 31 43
9837 83 7
9838 34 47
9839 4 39
9840 24 28
9841 41 90
9842 52 87
9843 36 31
9844 41 48
9845 52 91
9846 83 28
9847 19 71
9848 78 2
9849 41 89
9850 78 3
9851 35 25
9852 77 52
9853 64 47
9854 35 47
9855 69 95
9856 68 95
9857 41 62
9858 26 46
9859 87 14
9860 48 71
9861 2 3
9862 88 76
9863 87 76
9864 18 71
9865 52 88
9866 38 51
9867 17 28
9868 31 56
9869 66 26
9870 54 47
9871 5 39
9872 69 95
9873 23 0
9874 0 17
9875 64 8
9876 45 58
9877 74 65
9878 51 51
9879 58 50
9880 31 42
9881 92 92
9882 77 33
9883 4 39
9884 52 51
9885 73 78
9886 8 12
9887 38 6
9888 57 91
9889 47 12
9890 72 19
9891 70 48
9892 88 14
9893 76 23
9894 28 52
9895 82 91
9896 43 79
9897 34 47
9898 5 39
9899 15 58
9900 88 76
9901 25 22
9902 26 22
9903 35 47
9904 65 26
9905 41 90
9906 59 50
9907 86 65
9908 19 19
9909 77 51
9910 19 11
9911 21 74
9912 9 12
9913 64 7
9914 36 32
9915 49 73
9916 8 12
9917 50 73
9918 63 94
9919 62 49
9920 73 38
9921 82 28
9922 21 85
9923 72 38
9924 51 51
9925 40 93
9926 75 65
9927 44 0
9928 1 17
9929 46 41
9930 77 1
9931 64 8
9932 19 20
9933 38 87
9934 52 92
9935 45 59
9936 87 76
9937 85 52
9938 42 79
9939 82 85
9940 67 90
9941 64 14
9942 62 50
9943 26 79
9944 0 17
9945 90 18
9946 12 70
9947 86 64
9948 25 22
9949 48 72
9950 52 51
9951 19 19
9952 77 14
9953 41 89
9954 70 15
9955 22 74
9956 21 84
9957 78 2
9958 48 49
9959 39 9
9960 49 73
9961 66 90
9962 64 7
9963 4 39
9964 37 6
9965 72 57
9966 31 43
9967 21 74
9968 19 10
9969 65 47
9970 69 58
9971 42 72
9972 58 50
9973 52 91
9974 46 12
9975 50 73
9976 78 3
9977 42 48
9978 19 20
9979 76 22
9980 34 47
9981 39 95
9982 83 6
9983 40 4
9984 16 28
9985 17 44
9986 5 39
9987 72 78
9988 90 17
9989 42 73
9990 77 26
9991 73 57
9992 45 39
9993 31 42
9994 71 65
9995 28 53
9996 19 19
9997 49 73
9998 4 39
9999 48 8
10000 9 12
10001 81 91
10002 51 51
10003 77 52
10004 84 52
10005 62 49
10006 79 48
10007 86 65
10008 14 58
10009 31 43
10010 45 58
10011 19 20
10012 78 2
10013 17 43
10014 1 17
10015 31 42
10016 93 28
10017 52 51
10018 83 7
10019 35 24
10020 55 47
10021 88 76
10022 37 87
10023 93 92
10024 47 12
10025 17 44
10026 42 72
10027 71 19
10028 76 23
10029 47 49
10030 21 85
10031 26 45
10032 41 48
10033 93 27
10034 31 57
10035 60 63
10036 82 86
10037 43 0
10038 73 38
10039 76 1
10040 3 3
10041 83 6
10042 39 94
10043 45 41
10044 78 3
10045 51 51
10046 11 70
10047 31 56
10048 21 84
10049 25 28
10050 82 91
10051 19 11
10052 77 51
10053 2 3
10054 66 26
10055 19 10
10056 22 74
10057 72 57
10058 45 95
10059 41 4
10060 52 51
10061 19 71
10062 61 63
10063 57 15
10064 70 16
10065 18 71
10066 38 87
10067 19 71
10068 82 85
10069 72 84
10070 36 31
10071 12 70
10072 57 90
10073 81 91
10074 51 51
10075 68 95
10076 3 3
10077 14 54
10078 82 86
10079 76 22
10080 31 57
10081 84 85
10082 77 52
10083 31 43
10084 65 26
10085 93 28
10086 82 91
10087 85 52
10088 39 8
10089 72 85
10090 46 95
10091 28 52
10092 77 51
10093 19 11
10094 94 0
10095 42 73
10096 35 47
10097 21 74
10098 38 50
10099 92 92
10100 0 17
10101 48 7
10102 48 71
10103 77 52
10104 77 34
10105 39 95
10106 62 50
10107 28 53
10108 8 12
10109 48 72
10110 11 70
10111 60 63
10112 34 47
10113 41 90
10114 42 48
10115 15 58
10116 72 19
10117 93 0
10118 39 9
10119 35 47
10120 14 55
10121 28 52
10122 26 46
10123 9 12
10124 46 41
10125 39 8
10126 45 95
10127 83 28
10128 39 94
10129 52 92
10130 42 72
10131 34 47
10132 5 39
10133 67 90
10134 26 45
10135 76 23
10136 88 42
10137 62 49
10138 48 49
10139 2 3
10140 39 95
10141 77 1
10142 72 38
10143 46 12
10144 12 70
10145 69 95
10146 41 61
10147 19 10
10148 48 8
10149 92 56
10150 17 28
10151 78 2
10152 52 87
10153 68 95
10154 38 51
10155 43 79
10156 39 9
10157 31 42
10158 66 90
10159 11 70
10160 1 17
10161 84 52
10162 41 89
10163 76 22
10164 17 43
10165 39 94
10166 31 43
10167 67 90
10168 64 8
10169 21 85
10170 52 51
10171 76 1
10172 81 91
10173 19 11
10174 21 84
10175 66 90
10176 78 3
10177 62 50
10178 46 95
10179 45 40
10180 4 39
10181 90 18
10182 86 64
10183 39 8
10184 46 42
10185 19 10
10186 39 9
10187 45 59
10188 54 47
10189 94 0
10190 10 17
10191 41 93
10192 59 50
10193 45 95
10194 46 95
10195 86 65
10196 93 0
10197 36 32
10198 72 84
10199 8 12
10200 47 12
10201 44 0
10202 72 85
10203 87 14
10204 19 11
10205 77 1
10206 76 1
10207 76 23
10208 50 73
10209 39 8
10210 45 39
10211 9 12
10212 31 56
10213 79 49
10214 73 38
10215 52 88
10216 35 25
10217 40 4
10218 16 28
10219 14 54
10220 47 49
10221 38 6
10222 48 7
10223 41 48
10224 3 3
10225 48 8
10226 79 48
10227 17 44
10228 82 81
10229 86 64
10230 35 47
10231 42 79
10232 41 4
10233 40 93
10234 82 85
10235 28 53
10236 25 79
10237 58 50
10238 82 91
10239 2 3
10240 64 47
10241 49 73
10242 5 39
10243 39 95
10244 77 1
10245 92 55
10246 41 93
10247 26 46
10248 70 15
10249 57 14
10250 57 15
10251 48 71
10252 84 86
10253 55 47
10254 0 17
10255 37 87
10256 38 87
10257 14 58
10258 43 79
10259 78 2
10260 15 58
10261 57 14
10262 79 49
10263 4 39
10264 8 12
10265 3 3
10266 37 6
10267 39 94
10268 40 4
10269 70 16
10270 83 7
10271 70 49
10272 93 27
10273 72 84
10274 67 90
10275 40 93
10276 39 9
10277 50 73
10278 77 33
10279 42 48
10280 94 0
10281 48 7
10282 39 95
10283 19 19
10284 17 28
10285 62 49
10286 22 74
10287 70 48
10288 82 28
10289 28 52
10290 65 47
10291 39 8
10292 87 76
10293 16 28
10294 38 50
10295 61 63
10296 28 53
10297 72 38
10298 48 72
10299 90 17
10300 38 51
10301 66 26
10302 26 45
10303 41 90
10304 64 7
10305 51 51
10306 92 56
10307 31 42
10308 73 57
10309 21 74
10310 64 8
10311 57 91
10312 83 6
10313 14 58
10314 63 93
10315 60 63
10316 74 65
10317 64 7
10318 85 52
10319 45 40
10320 59 50
10321 46 12
10322 31 43
10323 45 58
10324 26 46
10325 69 95
10326 86 65
10327 71 19
10328 75 65
10329 48 8
10330 62 50
10331 77 27
10332 21 85
10333 83 28
10334 78 3
10335 57 90
10336 17 28
10337 72 57
10338 43 0
10339 23 1
10340 83 7
10341 92 55
10342 77 34
10343 58 50
10344 61 63
10345 65 26
10346 48 71
10347 42 79
10348 77 33
10349 69 57
10350 93 0
10351 70 15
10352 46 41
10353 9 12
10354 52 51
10355 22 74
10356 17 43
10357 31 57
10358 21 74
10359 44 0
10360 72 85
10361 69 58
10362 73 38
10363 64 15
10364 93 92
10365 43 0
10366 77 34
10367 64 47
10368 73 78
10369 10 72
10370 66 90
10371 78 2
10372 66 26
10373 78 3
10374 79 48
10375 76 1
10376 82 28
10377 19 20
10378 23 0
10379 48 7
10380 23 1
10381 1 17
10382 84 52
10383 19 10
10384 41 48
10385 81 91
10386 64 8
10387 17 44
10388 74 65
10389 28 52
10390 0 17
10391 19 19
10392 31 42
10393 92 92
10394 15 14
10395 38 50
10396 68 95
10397 43 79
10398 52 87
10399 15 58
10400 93 92
10401 88 76
10402 42 48
10403 17 43
10404 72 19
10405 19 11
10406 48 8
10407 41 89
10408 45 95
10409 5 39
10410 65 26
10411 65 47
10412 37 87
10413 46 95
10414 14 58
10415 10 73
10416 78 2
10417 63 94
10418 64 7
10419 59 50
10420 70 16
10421 70 65
10422 34 47
10423 26 79
10424 10 18
10425 4 39
10426 26 22
10427 71 19
10428 14 55
10429 42 73
10430 84 85
10431 35 24
10432 72 84
10433 71 65
10434 44 0
10435 77 51
10436 35 47
10437 86 64
10438 2 3
10439 10 72
10440 24 28
10441 77 52
10442 41 4
10443 57 15
10444 16 28
10445 18 71
10446 87 76
10447 38 6
10448 76 22
10449 42 79
10450 48 7
10451 67 90
10452 49 73
10453 47 12
10454 28 53
10455 77 26
10456 86 65
10457 34 47
10458 45 59
10459 23 0
10460 22 74
10461 76 23
10462 69 57
10463 31 43
10464 82 86
10465 72 19
10466 72 78
10467 23 1
10468 60 63
10469 73 57
10470 45 58
10471 41 62
10472 72 57
10473 77 51
10474 77 15
10475 41 93
10476 77 1
10477 77 33
10478 94 0
10479 50 73
10480 40 93
10481 70 15
10482 48 72
10483 69 95
10484 54 47
10485 48 71
10486 46 42
10487 21 74
10488 19 71
10489 25 22
10490 19 10
10491 37 6
10492 92 92
10493 21 84
10494 31 56
10495 5 39
10496 64 8
10497 10 17
10498 70 65
10499 31 42
10500 41 61
10501 78 3
10502 76 22
10503 25 28
10504 22 74
10505 76 1
10506 72 38
10507 23 0
10508 31 57
10509 55 47
10510 48 49
10511 25 79
10512 31 56
10513 64 47
10514 88 76
10515 31 57
10516 62 49
10517 14 54
10518 8 12
10519 17 28
10520 92 56
10521 77 34
10522 54 47
10523 39 94
10524 47 49
10525 77 33
10526 14 14
10527 21 74
10528 87 76
10529 17 44
10530 4 39
10531 93 28
10532 39 95
10533 31 56
10534 40 4
10535 24 28
10536 45 95
10537 10 18
10538 68 95
10539 62 50
10540 36 31
10541 28 52
10542 86 64
10543 43 0
10544 14 55
10545 71 19
10546 49 73
10547 38 6
10548 41 93
10549 52 88
10550 15 58
10551 72 19
10552 35 25
10553 44 0
10554 48 8
10555 26 22
10556 73 57
10557 25 28
10558 51 51
10559 41 48
10560 42 72
10561 72 57
10562 26 79
10563 24 28
10564 46 41
10565 83 6
10566 69 95
10567 37 6
10568 77 1
10569 57 91
10570 63 93
10571 93 27
10572 45 59
10573 70 16
10574 17 43
10575 42 73
10576 82 85
10577 16 28
10578 93 28
10579 88 14
10580 18 71
10581 42 72
10582 41 62
10583 93 92
10584 23 1
10585 52 87
10586 61 63
10587 76 1
10588 50 73
10589 12 70
10590 58 50
10591 78 2
10592 45 39
10593 52 88
10594 5 39
10595 14 58
10596 87 14
10597 70 15
10598 79 49
10599 70 16
10600 1 17
10601 75 65
10602 82 86
10603 41 61
10604 48 49
10605 59 50
10606 76 23
10607 41 62
10608 62 49
10609 48 72
10610 86 65
10611 63 94
10612 17 28
10613 89 42
10614 43 79
10615 3 3
10616 41 61
10617 15 14
10618 73 57
10619 35 24
10620 26 45
10621 76 22
10622 10 17
10623 17 44
10624 10 18
10625 86 64
10626 38 51
10627 83 28
10628 77 34
10629 82 80
10630 23 0
10631 38 50
10632 65 47
10633 40 93
10634 70 15
10635 82 85
10636 71 65
10637 68 95
10638 79 48
10639 23 1
10640 52 87
10641 38 51
10642 41 4
10643 46 12
10644 26 46
10645 17 43
10646 38 6
10647 47 12
10648 64 7
10649 35 47
10650 70 49
10651 45 41
10652 88 42
10653 48 7
10654 86 65
10655 19 20
10656 82 28
10657 55 47
10658 46 12
10659 46 41
10660 47 12
10661 42 79
10662 64 8
10663 23 0
10664 40 4
10665 36 32
10666 86 64
10667 83 28
10668 41 90
10669 25 79
10670 54 47
10671 93 27
10672 2 3
10673 42 73
10674 77 14
10675 74 65
10676 76 23
10677 43 0
10678 66 90
10679 41 93
10680 41 89
10681 44 0
10682 84 86
10683 52 88
10684 41 62
10685 78 3
10686 38 50
10687 31 43
10688 88 76
10689 76 22
10690 36 31
10691 77 33
10692 92 55
10693 3 3
10694 69 58
10695 22 74
10696 76 23
10697 0 17
10698 2 3
10699 15 58
10700 57 14
10701 48 8
10702 48 71
10703 58 50
10704 41 4
10705 64 47
10706 79 49
10707 65 47
10708 82 91
10709 25 22
10710 23 1
10711 64 47
10712 38 87
10713 26 22
10714 57 15
10715 37 6
10716 89 42
10717 14 14
10718 52 51
10719 17 44
10720 40 93
10721 82 81
10722 9 12
10723 19 19
10724 73 38
10725 39 94
10726 38 6
10727 85 52
10728 88 14
10729 4 39
10730 10 73
10731 92 92
10732 55 47
10733 72 57
10734 25 22
10735 47 49
10736 82 86
10737 48 49
10738 41 90
10739 37 6
10740 42 72
10741 40 4
10742 41 93
10743 38 51
10744 21 74
10745 49 73
10746 47 49
10747 15 14
10748 19 11
10749 16 28
10750 17 28
10751 21 85
10752 19 10
10753 93 92
10754 5 39
10755 16 28
10756 43 0
10757 88 42
10758 44 0
10759 48 72
10760 87 14
10761 62 50
10762 82 80
10763 77 15
10764 73 57
10765 54 47
10766 37 87
10767 34 47
10768 1 17
10769 72 38
10770 78 2
10771 55 47
10772 48 49
10773 25 28
10774 3 3
10775 71 19
10776 54 47
10777 45 40
10778 46 42
10779 52 87
10780 93 0
10781 83 7
10782 36 32
10783 40 93
10784 8 12
10785 31 57
10786 77 1
10787 26 45
10788 76 22
10789 45 39
10790 43 79
10791 10 72
10792 35 25
10793 70 65
10794 89 42
10795 59 50
10796 31 42
10797 77 34
10798 39 9
10799 69 57
10800 67 90
10801 83 6
10802 14 58
10803 64 14
10804 19 71
10805 64 15
10806 62 49
10807 11 70
10808 31 56
10809 38 6
10810 38 50
10811 82 85
10812 14 54
10813 24 28
10814 55 47
10815 63 93
10816 72 85
10817 52 91
10818 14 14
10819 25 28
10820 48 7
10821 93 28
10822 72 19
10823 38 87
10824 4 39
10825 82 28
10826 41 93
10827 51 51
10828 10 73
10829 77 14
10830 62 50
10831 77 33
10832 50 73
10833 45 40
10834 72 84
10835 45 39
10836 10 17
10837 42 48
10838 71 19
10839 23 0
10840 77 34
10841 70 48
10842 77 52
10843 92 92
10844 24 28
10845 17 43
10846 58 50
10847 5 39
10848 42 79
10849 45 40
10850 75 65
10851 82 86
10852 45 58
10853 54 47
10854 93 92
10855 79 48
10856 76 23
10857 26 22
10858 49 73
10859 19 11
10860 31 43
10861 42 73
10862 52 88
10863 82 81
10864 73 38
10865 40 93
10866 84 85
10867 43 79
10868 10 72
10869 35 24
10870 39 8
10871 92 56
10872 26 46
10873 72 85
10874 77 15
10875 93 27
10876 52 51
10877 88 42
10878 21 84
10879 72 84
10880 31 57
10881 23 1
10882 92 92
10883 38 51
10884 59 50
10885 37 87
10886 87 76
10887 51 51
10888 72 19
10889 39 95
10890 50 73
10891 93 28
10892 52 51
10893 76 1
10894 69 58
10895 41 61
10896 35 25
10897 57 90
10898 66 90
10899 77 33
10900 52 87
10901 22 74
10902 21 74
10903 26 45
10904 0 17
10905 89 42
10906 76 22
10907 17 44
10908 35 24
10909 48 8
10910 71 65
10911 57 14
10912 73 78
10913 76 23
10914 71 19
10915 39 94
10916 55 47
10917 45 59
10918 70 65
10919 26 79
10920 48 7
10921 64 14
10922 38 50
10923 63 94
10924 45 58
10925 37 6
10926 1 17
10927 36 31
10928 19 20
10929 31 42
10930 72 57
10931 62 49
10932 31 43
10933 10 18
10934 46 12
10935 49 73
10936 42 79
10937 69 57
10938 48 71
10939 39 95
10940 43 0
10941 72 38
10942 43 79
10943 18 71
10944 76 22
10945 78 3
10946 62 50
10947 90 18
10948 42 72
10949 64 7
10950 94 0
10951 17 43
10952 10 73
10953 44 0
10954 72 19
10955 69 58
10956 77 34
10957 57 91
10958 42 79
10959 2 3
10960 17 44
10961 15 58
10962 41 62
10963 43 79
10964 77 14
10965 84 52
10966 17 43
10967 41 89
10968 71 19
10969 63 93
10970 9 12
10971 41 48
10972 41 90
10973 39 9
10974 0 17
10975 35 47
10976 73 57
10977 70 49
10978 39 8
10979 17 28
10980 64 15
10981 39 9
10982 34 47
10983 93 0
10984 31 56
10985 46 95
10986 19 71
10987 64 8
10988 46 41
10989 57 90
10990 66 26
10991 67 90
10992 64 7
10993 85 52
10994 57 15
10995 36 32
10996 65 47
10997 42 48
10998 35 47
10999 31 42
11000 43 0
11001 64 8
11002 44 0
11003 43 0
11004 94 0
11005 92 55
11006 3 3
11007 78 2
11008 38 51
11009 41 93
11010 38 87
11011 41 89
11012 41 4
11013 83 28
11014 93 0
11015 92 56
11016 14 55
11017 47 49
11018 45 59
11019 69 95
11020 41 90
11021 74 65
11022 23 0
11023 75 65
11024 2 3
11025 57 91
11026 77 27
11027 36 31
11028 54 47
11029 31 43
11030 31 57
11031 76 23
11032 52 88
11033 14 58
11034 66 90
11035 48 8
11036 17 44
11037 58 50
11038 8 12
11039 94 0
11040 39 94
11041 14 54
11042 77 1
11043 64 14
11044 46 42
11045 62 49
11046 88 14
11047 19 10
11048 93 0
11049 31 42
11050 10 72
11051 78 3
11052 88 76
11053 9 12
11054 47 12
11055 72 19
11056 73 38
11057 94 0
11058 77 51
11059 87 14
11060 48 72
11061 42 79
11062 16 28
11063 48 71
11064 8 12
11065 64 15
11066 93 0
11067 9 12
11068 77 33
11069 76 1
11070 72 78
11071 88 14
11072 19 11
11073 10 17
11074 31 43
11075 84 52
11076 62 50
11077 28 53
11078 25 79
11079 73 78
11080 77 52
11081 10 73
11082 92 55
11083 62 49
11084 77 34
11085 70 16
11086 38 50
11087 68 95
11088 26 79
11089 45 58
11090 38 51
11091 82 28
11092 60 63
11093 64 7
11094 74 65
11095 87 76
11096 37 87
11097 87 14
11098 88 76
11099 26 46
11100 19 19
11101 51 51
11102 25 79
11103 67 90
11104 66 90
11105 92 56
11106 61 63
11107 15 14
11108 64 47
11109 65 26
11110 23 1
11111 17 28
11112 77 15
11113 34 47
11114 67 90
11115 25 22
11116 93 27
11117 4 39
11118 77 33
11119 64 8
11120 45 59
11121 17 43
11122 77 26
11123 28 52
11124 8 12
11125 40 4
11126 92 55
11127 60 63
11128 10 72
11129 14 14
11130 44 0
11131 16 28
11132 71 19
11133 5 39
11134 77 51
11135 66 26
11136 23 0
11137 21 85
11138 52 92
11139 63 94
11140 38 50
11141 18 71
11142 48 72
11143 38 51
11144 70 48
11145 17 28
11146 69 57
11147 35 47
11148 38 50
11149 41 48
11150 55 47
11151 86 65
11152 19 71
11153 39 93
11154 42 48
11155 77 52
11156 14 55
11157 57 14
11158 77 14
11159 16 28
11160 72 38
11161 36 32
11162 77 27
11163 15 58
11164 93 92
11165 70 49
11166 38 6
11167 14 58
11168 21 84
11169 46 41
11170 85 52
11171 65 47
11172 64 7
11173 9 12
11174 72 85
11175 61 63
11176 90 17
11177 86 64
11178 81 91
11179 42 73
11180 64 47
11181 66 90
11182 88 14
11183 71 65
11184 37 6
11185 23 1
11186 63 93
11187 8 12
11188 39 8
11189 82 80
11190 79 49
11191 54 47
11192 72 84
11193 42 72
11194 52 91
11195 94 0
11196 35 25
11197 86 65
11198 77 15
11199 65 26
11200 41 4
11201 82 81
11202 67 90
11203 41 89
11204 66 26
11205 31 56
11206 45 39
11207 62 50
11208 77 14
11209 43 79
11210 63 94
11211 45 95
11212 72 19
11213 57 15
11214 48 49
11215 77 15
11216 15 58
11217 72 78
11218 39 94
11219 19 20
11220 84 52
11221 31 57
11222 12 70
11223 79 48
11224 93 28
11225 82 80
11226 48 7
11227 59 50
11228 3 3
11229 38 51
11230 73 38
11231 18 71
11232 92 92
11233 64 8
11234 65 26
11235 69 58
11236 19 19
11237 77 26
11238 19 71
11239 77 1
11240 66 90
11241 87 76
11242 82 81
11243 71 19
11244 67 90
11245 45 40
11246 66 90
11247 60 63
11248 46 42
11249 2 3
11250 67 90
11251 70 15
11252 73 78
11253 25 28
11254 77 27
11255 46 95
11256 14 58
11257 47 49
11258 40 93
11259 45 95
11260 17 28
11261 77 51
11262 78 2
11263 46 95
11264 1 17
11265 61 63
11266 72 38
11267 41 61
11268 31 56
11269 58 50
11270 88 76
11271 31 42
11272 77 26
11273 19 10
11274 70 65
11275 39 9
11276 87 76
11277 69 95
11278 70 48
11279 0 17
11280 45 58
11281 82 85
11282 66 90
11283 39 8
11284 36 31
11285 90 18
11286 39 95
11287 9 12
11288 59 50
11289 3 3
11290 77 27
11291 93 27
11292 50 73
11293 82 80
11294 45 39
11295 86 64
11296 14 54
11297 73 38
11298 78 3
11299 22 74
11300 4 39
11301 31 43
11302 82 81
11303 26 45
11304 77 14
11305 92 56
11306 41 93
11307 11 70
11308 18 71
11309 78 2
11310 42 73
11311 26 22
11312 23 0
11313 36 32
11314 66 26
11315 26 46
11316 26 45
11317 90 17
11318 8 12
11319 19 11
11320 65 26
11321 14 55
11322 34 47
11323 62 49
11324 42 79
11325 36 31
11326 21 85
11327 45 59
11328 15 58
11329 72 38
11330 66 26
11331 93 28
11332 57 14
11333 78 3
11334 82 91
11335 72 57
11336 65 26
11337 35 24
11338 35 47
11339 52 92
11340 17 44
11341 73 38
11342 93 92
11343 26 79
11344 5 39
11345 86 65
11346 48 49
11347 82 86
11348 70 49
11349 15 14
11350 45 58
11351 1 17
11352 90 18
11353 12 70
11354 73 57
11355 70 48
11356 40 93
11357 77 15
11358 43 79
11359 49 73
11360 75 65
11361 52 91
11362 42 72
11363 31 57
11364 45 40
11365 46 12
11366 93 0
11367 47 12
11368 38 6
11369 60 63
11370 39 9
11371 36 32
11372 43 0
11373 83 28
11374 44 0
11375 14 58
11376 25 79
11377 48 8
11378 31 42
11379 11 70
11380 16 28
11381 55 47
11382 4 39
11383 86 64
11384 48 7
11385 50 73
11386 37 6
11387 78 2
11388 43 0
11389 90 17
11390 42 79
11391 64 7
11392 0 17
11393 19 20
11394 19 10
11395 38 87
11396 48 8
11397 37 87
11398 65 47
11399 45 95
11400 39 94
11401 23 1
11402 77 26
11403 52 92
11404 88 76
11405 81 91
11406 26 46
11407 82 91
11408 21 84
11409 25 22
11410 86 65
11411 17 43
11412 52 87
11413 36 31
11414 64 47
11415 19 11
11416 67 90
11417 72 85
11418 64 14
11419 92 92
11420 46 95
11421 19 71
11422 82 85
11423 45 95
11424 85 52
11425 38 6
11426 72 38
11427 2 3
11428 69 57
11429 17 44
11430 19 19
11431 78 3
11432 10 18
11433 72 57
11434 10 17
11435 46 95
11436 5 39
11437 94 0
11438 46 41
11439 58 50
11440 18 71
11441 92 55
11442 10 18
11443 74 65
11444 47 49
11445 86 64
11446 48 49
11447 45 59
11448 92 56
11449 31 43
11450 81 91
11451 57 90
11452 41 62
11453 12 70
11454 46 12
11455 41 90
11456 45 39
11457 61 63
11458 87 76
11459 47 12
11460 21 85
11461 23 0
11462 38 50
11463 82 86
11464 35 25
11465 1 17
11466 46 12
11467 83 7
11468 45 95
11469 23 1
11470 14 14
11471 62 50
11472 93 0
11473 88 42
11474 49 73
11475 26 22
11476 77 34
11477 66 90
11478 70 49
11479 48 71
11480 4 39
11481 5 39
11482 45 58
11483 69 58
11484 93 27
11485 35 24
11486 88 76
11487 43 79
11488 37 6
11489 54 47
11490 76 1
11491 87 76
11492 77 1
11493 52 88
11494 71 65
11495 73 57
11496 70 48
11497 38 6
11498 23 0
11499 77 52
11500 0 17
11501 76 1
11502 31 42
11503 66 26
11504 63 93
11505 77 1
11506 78 2
11507 39 95
11508 47 49
11509 65 47
11510 31 56
11511 70 65
11512 77 14
11513 77 33
11514 45 59
11515 64 15
11516 73 38
11517 70 16
11518 75 65
11519 77 34
11520 10 73
11521 31 57
11522 19 71
11523 48 72
11524 25 22
11525 79 49
11526 41 89
11527 50 73
11528 18 71
11529 84 86
11530 52 91
11531 74 65
11532 76 22
11533 59 50
11534 89 42
11535 87 14
11536 15 58
11537 45 58
11538 76 23
11539 21 84
11540 55 47
11541 40 4
11542 77 15
11543 47 12
11544 37 6
11545 3 3
11546 60 63
11547 48 7
11548 75 65
11549 21 85
11550 10 72
11551 88 42
11552 86 65
11553 54 47
11554 35 25
11555 70 49
11556 77 27
11557 72 38
11558 82 28
11559 92 55
11560 17 43
11561 84 52
11562 26 45
11563 45 59
11564 23 1
11565 42 79
11566 73 38
11567 46 95
11568 1 17
11569 89 42
11570 70 48
11571 15 14
11572 69 57
11573 52 87
11574 74 65
11575 83 6
11576 57 15
11577 71 65
11578 72 78
11579 70 65
11580 70 49
11581 82 80
11582 36 32
11583 55 47
11584 38 51
11585 88 76
11586 41 61
11587 72 38
11588 34 47
11589 69 58
11590 82 91
11591 61 63
11592 14 58
11593 43 79
11594 45 40
11595 79 48
11596 15 58
11597 86 64
11598 70 48
11599 72 19
11600 54 47
11601 49 73
11602 72 57
11603 46 42
11604 70 15
11605 28 53
11606 52 51
11607 38 6
11608 52 92
11609 50 73
11610 73 57
11611 79 49
11612 36 31
11613 19 71
11614 52 91
11615 41 62
11616 14 58
11617 85 52
11618 69 57
11619 71 65
11620 19 20
11621 9 12
11622 82 85
11623 42 79
11624 4 39
11625 26 22
11626 78 3
11627 36 32
11628 23 0
11629 84 52
11630 85 52
11631 92 56
11632 14 54
11633 84 85
11634 76 22
11635 10 17
11636 86 65
11637 10 73
11638 86 64
11639 41 93
11640 48 8
11641 67 90
11642 57 14
11643 64 8
11644 94 0
11645 78 2
11646 21 84
11647 73 78
11648 45 95
11649 88 42
11650 84 86
11651 77 33
11652 55 47
11653 64 14
11654 52 92
11655 75 65
11656 19 10
11657 64 47
11658 65 47
11659 31 43
11660 41 4
11661 5 39
11662 57 91
11663 2 3
11664 72 57
11665 89 42
11666 52 91
11667 73 38
11668 44 0
11669 76 1
11670 93 28
11671 45 39
11672 82 86
11673 77 51
11674 28 52
11675 48 7
11676 70 49
11677 0 17
11678 43 79
11679 41 48
11680 72 78
11681 64 47
11682 48 49
11683 82 85
11684 28 53
11685 72 84
11686 62 49
11687 51 51
11688 65 47
11689 38 87
11690 90 18
11691 77 26
11692 4 39
11693 15 58
11694 25 22
11695 3 3
11696 26 79
11697 82 81
11698 78 3
11699 37 6
11700 19 11
11701 63 94
11702 82 86
11703 72 38
11704 46 95
11705 77 14
11706 42 73
11707 49 73
11708 52 92
11709 52 51
11710 83 28
11711 62 50
11712 24 28
11713 48 71
11714 57 90
11715 39 8
11716 40 4
11717 41 4
11718 14 58
11719 28 52
11720 21 74
11721 38 50
11722 93 0
11723 77 52
11724 50 73
11725 83 7
11726 15 58
11727 39 9
11728 28 53
11729 52 88
11730 57 91
11731 40 4
11732 40 93
11733 57 15
11734 64 15
11735 46 12
11736 46 41
11737 39 94
11738 42 79
11739 48 8
11740 23 1
11741 64 47
11742 72 85
11743 19 10
11744 64 7
11745 77 34
11746 21 85
11747 45 40
11748 23 0
11749 31 42
11750 66 90
11751 47 49
11752 94 0
11753 37 87
11754 10 18
11755 88 14
11756 57 90
11757 65 26
11758 28 52
11759 14 55
11760 17 28
11761 84 85
11762 52 87
11763 10 17
11764 52 88
11765 76 23
11766 11 70
11767 26 46
11768 93 92
11769 93 27
11770 5 39
11771 70 16
11772 43 79
11773 31 56
11774 42 48
11775 25 79
11776 57 14
11777 41 4
11778 2 3
11779 49 73
11780 84 86
11781 87 76
11782 65 47
11783 18 71
11784 68 95
11785 46 42
11786 23 1
11787 50 73
11788 72 84
11789 42 79
11790 41 61
11791 48 7
11792 36 31
11793 14 58
11794 26 79
11795 17 44
11796 28 53
11797 38 51
11798 14 14
11799 62 49
11800 88 42
11801 73 57
11802 26 22
11803 38 87
11804 40 4
11805 48 8
11806 71 19
11807 12 70
11808 25 28
11809 84 85
11810 46 41
11811 69 58
11812 48 72
11813 45 58
11814 3 3
11815 70 48
11816 49 73
11817 72 19
11818 8 12
11819 11 70
11820 45 59
11821 17 43
11822 21 84
11823 93 0
11824 64 14
11825 82 28
11826 25 79
11827 46 42
11828 73 38
11829 36 32
11830 25 22
11831 81 91
11832 77 1
11833 26 22
11834 36 31
11835 86 65
11836 70 65
11837 94 0
11838 64 47
11839 70 15
11840 51 51
11841 16 28
11842 19 19
11843 45 58
11844 60 63
11845 10 18
11846 84 86
11847 48 7
11848 57 15
11849 52 51
11850 82 80
11851 83 28
11852 38 50
11853 26 45
11854 25 22
11855 17 44
11856 63 93
11857 48 8
11858 50 73
11859 26 79
11860 64 8
11861 71 65
11862 62 50
11863 48 71
11864 61 63
11865 57 91
11866 74 65
11867 35 24
11868 73 78
11869 92 92
11870 41 4
11871 37 87
11872 41 93
11873 41 62
11874 62 49
11875 21 85
11876 84 85
11877 77 51
11878 40 93
11879 69 95
11880 19 71
11881 70 65
11882 82 28
11883 38 51
11884 45 95
11885 4 39
11886 45 59
11887 93 28
11888 70 16
11889 24 28
11890 15 14
11891 84 86
11892 79 48
11893 77 52
11894 17 43
11895 39 8
11896 51 51
11897 75 65
11898 36 32
11899 39 9
11900 66 26
11901 21 84
11902 83 6
11903 2 3
11904 15 58
11905 93 0
11906 19 20
11907 52 87
11908 86 64
11909 19 11
11910 14 14
11911 38 50
11912 43 0
11913 77 15
11914 70 15
11915 41 61
11916 19 19
11917 25 79
11918 28 52
11919 41 48
11920 88 76
11921 47 12
11922 44 0
11923 82 81
11924 93 92
11925 1 17
11926 63 94
11927 17 28
11928 89 42
11929 67 90
11930 79 49
11931 52 91
11932 87 76
11933 72 57
11934 86 65
11935 43 0
11936 79 48
11937 40 4
11938 38 6
11939 48 49
11940 82 91
11941 82 80
11942 42 48
11943 19 20
11944 26 46
11945 42 72
11946 87 14
11947 71 19
11948 77 51
11949 64 7
11950 83 28
11951 57 90
11952 64 15
11953 35 25
11954 28 53
11955 14 58
11956 46 41
11957 38 87
11958 88 76
11959 72 19
11960 47 49
11961 79 49
11962 36 31
11963 10 17
11964 58 50
11965 77 14
11966 78 2
11967 41 48
11968 48 7
11969 46 42
11970 70 49
11971 92 55
11972 83 7
11973 28 52
11974 92 92
11975 23 0
11976 23 1
11977 79 48
11978 25 28
11979 82 81
11980 66 90
11981 39 95
11982 52 92
11983 72 38
11984 78 3
11985 39 94
11986 90 17
11987 36 32
11988 62 50
11989 84 85
11990 68 95
11991 64 8
11992 23 0
11993 76 22
11994 35 47
11995 45 58
11996 9 12
11997 93 92
11998 48 72
11999 37 87
12000 24 28
12001 35 24
12002 26 22
12003 94 0
12004 16 28
12005 57 14
12006 25 28
12007 52 91
12008 82 28
12009 15 58
12010 64 7
12011 57 91
12012 65 47
12013 48 49
12014 48 8
12015 15 14
12016 23 1
12017 43 79
12018 10 18
12019 10 72
12020 92 92
12021 72 78
12022 93 0
12023 44 0
12024 54 47
12025 76 1
12026 39 8
12027 49 73
12028 77 15
12029 46 41
12030 42 73
12031 46 42
12032 74 65
12033 19 19
12034 52 92
12035 67 90
12036 77 27
12037 42 79
12038 73 38
12039 73 78
12040 41 93
12041 77 26
12042 90 18
12043 64 14
12044 0 17
12045 88 14
12046 63 93
12047 73 57
12048 84 52
12049 26 79
12050 64 47
12051 14 54
12052 46 41
12053 21 85
12054 93 92
12055 55 47
12056 38 87
12057 45 59
12058 45 58
12059 75 65
12060 46 95
12061 26 45
12062 45 59
12063 43 0
12064 77 52
12065 62 49
12066 10 73
12067 37 6
12068 57 90
12069 52 88
12070 72 78
12071 71 65
12072 52 91
12073 87 76
12074 64 8
12075 93 27
12076 14 58
12077 45 58
12078 87 14
12079 23 0
12080 72 85
12081 54 47
12082 66 90
12083 41 90
12084 72 84
12085 84 86
12086 37 87
12087 28 53
12088 34 47
12089 60 63
12090 52 51
12091 19 10
12092 42 72
12093 59 50
12094 71 19
12095 67 90
12096 70 16
12097 45 95
12098 42 48
12099 94 0
12100 22 74
12101 25 22
12102 69 95
12103 82 80
12104 46 95
12105 31 57
12106 18 71
12107 39 93
12108 23 1
12109 17 28
12110 21 74
12111 19 20
12112 46 42
12113 46 41
12114 57 91
12115 24 28
12116 17 44
12117 21 84
12118 86 64
12119 78 2
12120 14 55
12121 42 73
12122 35 47
12123 73 78
12124 5 39
12125 3 3
12126 82 85
12127 48 71
12128 72 85
12129 90 17
12130 51 51
12131 45 39
12132 55 47
12133 66 90
12134 52 51
12135 48 7
12136 67 90
12137 41 89
12138 38 6
12139 41 4
12140 69 57
12141 1 17
12142 82 81
12143 15 58
12144 47 49
12145 19 11
12146 52 87
12147 72 84
12148 57 90
12149 48 8
12150 22 74
12151 35 25
12152 81 91
12153 25 28
12154 14 14
12155 4 39
12156 92 92
12157 77 51
12158 15 14
12159 72 78
12160 61 63
12161 35 24
12162 79 49
12163 26 22
12164 51 51
12165 60 63
12166 93 92
12167 45 41
12168 72 19
12169 83 6
12170 84 85
12171 44 0
12172 23 0
12173 41 62
12174 37 6
12175 52 51
12176 26 46
12177 69 58
12178 70 65
12179 86 65
12180 72 57
12181 10 72
12182 43 79
12183 61 63
12184 45 59
12185 62 50
12186 41 94
12187 23 1
12188 74 65
12189 60 63
12190 2 3
12191 40 4
12192 46 41
12193 14 14
12194 31 56
12195 93 28
12196 84 86
12197 62 49
12198 14 58
12199 38 6
12200 88 14
12201 38 87
12202 83 7
12203 37 6
12204 77 33
12205 39 94
12206 88 42
12207 64 7
12208 70 15
12209 41 48
12210 17 43
12211 84 85
12212 90 18
12213 31 43
12214 10 73
12215 77 27
12216 25 22
12217 62 50
12218 64 15
12219 77 14
12220 82 86
12221 77 34
12222 77 1
12223 38 6
12224 21 85
12225 35 25
12226 48 49
12227 75 65
12228 5 39
12229 38 51
12230 69 57
12231 0 17
12232 26 45
12233 39 93
12234 72 85
12235 39 94
12236 19 19
12237 57 15
12238 10 17
12239 83 6
12240 21 84
12241 86 64
12242 16 28
12243 61 63
12244 63 94
12245 89 42
12246 74 65
12247 39 93
12248 41 61
12249 17 44
12250 88 76
12251 77 15
12252 39 94
12253 42 79
12254 21 85
12255 51 51
12256 25 79
12257 63 93
12258 42 72
12259 41 4
12260 87 14
12261 10 18
12262 26 22
12263 15 58
12264 14 58
12265 48 7
12266 93 0
12267 28 52
12268 26 46
12269 83 7
12270 63 94
12271 10 17
12272 54 47
12273 85 52
12274 48 72
12275 76 1
12276 45 41
12277 93 27
12278 45 95
12279 24 28
12280 4 39
12281 46 12
12282 94 0
12283 93 0
12284 23 0
12285 69 58
12286 84 52
12287 45 58
12288 48 71
12289 52 88
12290 88 14
12291 3 3
12292 25 22
12293 55 47
12294 50 73
12295 37 87
12296 77 33
12297 65 26
12298 83 6
12299 34 47
12300 26 22
12301 47 12
12302 41 62
12303 66 90
12304 43 79
12305 75 65
12306 70 16
12307 63 93
12308 60 63
12309 77 52
12310 23 1
12311 12 70
12312 26 79
12313 19 71
12314 73 78
12315 38 87
12316 39 93
12317 25 28
12318 64 14
12319 37 87
12320 46 95
12321 57 91
12322 70 15
12323 39 9
12324 74 65
12325 15 58
12326 1 17
12327 83 28
12328 45 59
12329 42 48
12330 66 26
12331 38 87
12332 23 0
12333 37 87
12334 49 73
12335 62 49
12336 52 92
12337 64 8
12338 67 90
12339 88 42
12340 0 17
12341 52 91
12342 48 8
12343 42 73
12344 85 52
12345 1 17
12346 17 28
12347 71 65
12348 70 48
12349 57 90
12350 38 50
12351 70 49
12352 38 87
12353 41 93
12354 82 28
12355 15 14
12356 58 50
12357 69 57
12358 68 95
12359 79 48
12360 24 28
12361 63 94
12362 73 57
12363 46 41
12364 47 49
12365 57 14
12366 48 7
12367 61 63
12368 63 93
12369 42 72
12370 72 38
12371 45 58
12372 70 16
12373 10 18
12374 31 57
12375 82 91
12376 72 84
12377 86 65
12378 42 79
12379 8 12
12380 94 0
12381 52 51
12382 70 48
12383 39 94
12384 63 94
12385 25 79
12386 14 54
12387 2 3
12388 11 70
12389 87 76
12390 31 56
12391 83 7
12392 54 47
12393 14 14
12394 93 0
12395 26 79
12396 43 0
12397 92 92
12398 9 12
12399 31 42
12400 70 65
12401 52 87
12402 82 80
12403 83 6
12404 15 14
12405 94 0
12406 64 7
12407 71 65
12408 41 90
12409 10 72
12410 35 47
12411 0 17
12412 23 1
12413 77 26
12414 65 47
12415 1 17
12416 79 49
12417 23 0
12418 40 93
12419 14 14
12420 57 91
12421 10 73
12422 57 15
12423 93 0
12424 19 10
12425 43 79
12426 16 28
12427 71 19
12428 15 14
12429 45 41
12430 57 90
12431 50 73
12432 48 49
12433 83 7
12434 42 79
12435 70 49
12436 77 1
12437 66 90
12438 49 73
12439 17 28
12440 70 65
12441 62 50
12442 16 28
12443 72 85
12444 72 84
12445 34 47
12446 57 14
12447 43 79
12448 45 95
12449 42 73
12450 51 51
12451 72 78
12452 83 28
12453 59 50
12454 42 79
12455 84 86
12456 14 55
12457 63 93
12458 44 0
12459 12 70
12460 81 91
12461 73 78
12462 25 28
12463 60 63
12464 88 76
12465 52 51
12466 77 14
12467 46 95
12468 57 15
12469 26 45
12470 64 47
12471 46 41
12472 21 84
12473 37 87
12474 77 51
12475 94 0
12476 87 76
12477 26 46
12478 72 19
12479 21 85
12480 0 17
12481 31 43
12482 50 73
12483 83 6
12484 69 58
12485 25 22
12486 77 27
12487 21 74
12488 45 40
12489 62 49
12490 22 74
12491 88 76
12492 31 57
12493 5 39
12494 87 14
12495 90 17
12496 45 39
12497 39 95
12498 64 15
12499 72 78
12500 21 84
12501 83 7
12502 41 89
12503 72 85
12504 93 92
12505 19 11
12506 63 94
12507 76 1
12508 55 47
12509 46 12
12510 10 17
12511 26 22
12512 77 52
12513 93 28
12514 77 15
12515 21 85
12516 92 92
12517 82 28
12518 37 6
12519 45 95
12520 70 48
12521 45 40
12522 14 54
12523 21 84
12524 77 1
12525 78 3
12526 70 49
12527 25 22
12528 23 1
12529 84 52
12530 86 64
12531 71 65
12532 58 50
12533 48 72
12534 24 28
12535 10 72
12536 93 0
12537 75 65
12538 41 93
12539 4 39
12540 93 27
12541 87 76
12542 17 43
12543 86 65
12544 18 71
12545 93 28
12546 43 0
12547 90 18
12548 44 0
12549 61 63
12550 89 42
12551 8 12
12552 59 50
12553 14 55
12554 28 53
12555 83 6
12556 14 54
12557 10 18
12558 47 12
12559 14 55
12560 90 17
12561 19 20
12562 41 48
12563 83 7
12564 19 71
12565 25 28
12566 45 59
12567 36 31
12568 78 2
12569 38 51
12570 14 14
12571 21 85
12572 23 0
12573 39 94
12574 88 14
12575 14 58
12576 21 84
12577 36 32
12578 72 57
12579 47 49
12580 14 54
12581 76 23
12582 73 38
12583 3 3
12584 19 10
12585 88 42
12586 43 79
12587 57 14
12588 10 17
12589 82 81
12590 76 1
12591 76 22
12592 14 55
12593 21 74
12594 82 85
12595 77 14
12596 57 15
12597 1 17
12598 17 44
12599 54 47
12600 72 84
12601 79 48
12602 64 14
12603 43 0
12604 14 54
12605 17 28
12606 93 92
12607 83 6
12608 82 91
12609 41 90
12610 73 57
12611 39 8
12612 69 95
12613 42 48
12614 64 8
12615 71 19
12616 25 79
12617 77 1
12618 35 47
12619 64 7
12620 89 42
12621 88 76
12622 65 26
12623 68 95
12624 78 3
12625 72 38
12626 45 58
12627 51 51
12628 72 85
12629 15 58
12630 77 26
12631 15 14
12632 36 31
12633 42 79
12634 70 65
12635 69 95
12636 57 14
12637 70 48
12638 23 1
12639 73 38
12640 55 47
12641 44 0
12642 73 78
12643 58 50
12644 38 87
12645 45 39
12646 9 12
12647 2 3
12648 41 48
12649 77 34
12650 35 24
12651 72 38
12652 85 52
12653 86 64
12654 93 27
12655 19 11
12656 82 86
12657 46 95
12658 73 38
12659 38 50
12660 64 15
12661 86 65
12662 71 65
12663 59 50
12664 49 73
12665 45 40
12666 84 85
12667 14 14
12668 50 73
12669 93 28
12670 72 84
12671 64 8
12672 86 64
12673 8 12
12674 78 2
12675 77 15
12676 26 22
12677 37 87
12678 72 19
12679 5 39
12680 52 51
12681 72 57
12682 31 56
12683 52 88
12684 4 39
12685 77 14
12686 92 92
12687 62 50
12688 81 91
12689 68 95
12690 62 49
12691 70 65
12692 60 63
12693 77 51
12694 61 63
12695 11 70
12696 45 59
12697 82 85
12698 86 65
12699 76 1
12700 14 58
12701 31 57
12702 69 57
12703 10 18
12704 64 14
12705 48 49
12706 48 8
12707 84 52
12708 82 80
12709 83 7
12710 3 3
12711 57 91
12712 21 85
12713 34 47
12714 72 78
12715 38 6
12716 31 42
12717 57 90
12718 14 55
12719 65 47
12720 43 0
12721 37 6
12722 40 93
12723 58 50
12724 42 72
12725 90 18
12726 79 49
12727 17 43
12728 83 28
12729 83 6
12730 52 87
12731 66 26
12732 92 56
12733 77 1
12734 19 10
12735 39 9
12736 26 45
12737 51 51
12738 10 73
12739 19 11
12740 22 74
12741 21 74
12742 10 72
12743 84 86
12744 77 27
12745 65 26
12746 69 58
12747 16 28
12748 92 55
12749 57 15
12750 72 85
12751 38 87
12752 69 95
12753 10 73
12754 71 65
12755 71 19
12756 26 46
12757 72 84
12758 72 19
12759 67 90
12760 90 17
12761 39 8
12762 38 51
12763 42 48
12764 19 19
12765 9 12
12766 48 71
12767 26 45
12768 10 17
12769 41 61
12770 8 12
12771 64 7
12772 82 86
12773 0 17
12774 52 92
12775 24 28
12776 12 70
12777 77 26
12778 77 33
12779 40 4
12780 19 20
12781 76 23
12782 26 46
12783 52 51
12784 15 14
12785 17 44
12786 76 22
12787 38 6
12788 49 73
12789 39 9
12790 63 93
12791 79 48
12792 77 15
12793 76 23
12794 83 7
12795 41 48
12796 74 65
12797 48 7
12798 35 25
12799 87 76
12800 41 89
12801 94 0
12802 52 88
12803 11 70
12804 39 8
12805 70 49
12806 77 34
12807 64 8
12808 46 12
12809 73 78
12810 14 54
12811 47 12
12812 62 50
12813 12 70
12814 46 42
12815 39 95
12816 92 56
12817 25 28
12818 64 7
12819 66 90
12820 36 32
12821 82 81
12822 63 94
12823 70 15
12824 36 31
12825 73 57
12826 11 70
12827 67 90
12828 85 52
12829 72 85
12830 68 95
12831 57 14
12832 17 28
12833 79 49
12834 83 6
12835 46 12
12836 63 93
12837 60 63
12838 28 52
12839 2 3
12840 62 49
12841 41 62
12842 66 26
12843 10 72
12844 65 26
12845 82 91
12846 69 95
12847 68 95
12848 15 58
12849 10 73
12850 71 19
12851 59 50
12852 87 14
12853 72 78
12854 28 53
12855 3 3
12856 42 73
12857 61 63
12858 50 73
12859 66 26
12860 19 19
12861 10 72
12862 62 50
12863 12 70
12864 88 42
12865 41 93
12866 81 91
12867 23 0
12868 72 38
12869 23 1
12870 45 58
12871 76 22
12872 88 14
12873 73 78
12874 37 6
12875 82 28
12876 77 27
12877 63 94
12878 21 84
12879 19 20
12880 69 57
12881 39 94
12882 70 48
12883 65 26
12884 75 65
12885 45 39
12886 82 80
12887 58 50
12888 90 18
12889 14 55
12890 19 10
12891 89 42
12892 48 8
12893 82 85
12894 28 52
12895 77 33
12896 57 15
12897 72 78
12898 77 14
12899 52 87
12900 39 9
12901 35 47
12902 14 14
12903 41 90
12904 18 71
12905 70 16
12906 84 85
12907 93 0
12908 19 11
12909 40 93
12910 48 72
12911 77 26
12912 31 43
12913 19 19
12914 41 61
12915 28 53
12916 52 91
12917 77 15
12918 76 23
12919 47 12
12920 77 14
12921 82 91
12922 88 76
12923 72 57
12924 66 90
12925 84 52
12926 17 43
12927 36 32
12928 79 48
12929 93 92
12930 51 51
12931 24 28
12932 38 6
12933 31 56
12934 88 42
12935 57 91
12936 45 40
12937 89 42
12938 14 58
12939 19 10
12940 11 70
12941 48 71
12942 5 39
12943 47 49
12944 10 73
12945 73 57
12946 72 19
12947 42 72
12948 28 52
12949 25 22
12950 87 76
12951 46 41
12952 88 76
12953 2 3
12954 52 92
12955 19 20
12956 82 81
12957 70 49
12958 52 91
12959 87 76
12960 39 8
12961 26 79
12962 67 90
12963 21 85
12964 46 42
12965 19 19
12966 92 92
12967 62 49
12968 16 28
12969 60 63
12970 77 34
12971 88 76
12972 87 14
12973 25 28
12974 54 47
12975 52 88
12976 72 84
12977 48 7
12978 70 48
12979 64 47
12980 76 22
12981 57 14
12982 92 55
12983 22 74
12984 66 90
12985 42 73
12986 41 4
12987 37 6
12988 46 41
12989 15 58
12990 21 74
12991 48 8
12992 26 45
12993 40 4
12994 94 0
12995 77 15
12996 59 50
12997 36 31
12998 45 39
12999 63 93
13000 3 3
13001 88 14
13002 76 1
13003 34 47
13004 83 28
13005 41 62
13006 71 19
13007 35 47
13008 66 26
13009 38 6
13010 90 17
13011 64 8
13012 2 3
13013 79 49
13014 57 90
13015 41 4
13016 44 0
13017 45 95
13018 4 39
13019 92 56
13020 26 46
13021 69 95
13022 37 6
13023 85 52
13024 41 93
13025 10 72
13026 57 15
13027 15 14
13028 90 18
13029 21 84
13030 90 17
13031 14 58
13032 79 48
13033 52 87
13034 12 70
13035 52 51
13036 93 0
13037 31 42
13038 58 50
13039 72 85
13040 3 3
13041 46 12
13042 83 7
13043 83 6
13044 1 17
13045 72 84
13046 39 9
13047 19 71
13048 88 42
13049 45 59
13050 35 24
13051 62 50
13052 69 58
13053 72 85
13054 21 85
13055 9 12
13056 47 12
13057 39 8
13058 14 54
13059 18 71
13060 89 42
13061 42 72
13062 70 15
13063 14 14
13064 64 7
13065 14 55
13066 42 73
13067 19 11
13068 31 43
13069 26 22
13070 22 74
13071 55 47
13072 48 72
13073 40 4
13074 77 33
13075 36 32
13076 74 65
13077 63 94
13078 2 3
13079 48 71
13080 21 74
13081 77 34
13082 22 74
13083 26 45
13084 21 74
13085 36 31
13086 39 93
13087 64 8
13088 61 63
13089 39 9
13090 42 48
13091 93 27
13092 3 3
13093 35 25
13094 82 28
13095 88 42
13096 52 88
13097 39 8
13098 59 50
13099 72 57
13100 31 42
13101 38 6
13102 49 73
13103 57 14
13104 51 51
13105 31 57
13106 60 63
13107 34 47
13108 52 92
13109 50 73
13110 11 70
13111 84 86
13112 48 7
13113 17 44
13114 92 55
13115 25 79
13116 87 76
13117 21 84
13118 72 19
13119 57 91
13120 41 61
13121 72 84
13122 41 89
13123 19 20
13124 37 6
13125 58 50
13126 92 56
13127 73 38
13128 64 7
13129 52 87
13130 68 95
13131 22 74
13132 79 49
13133 23 0
13134 77 27
13135 94 0
13136 2 3
13137 0 17
13138 57 15
13139 84 85
13140 63 93
13141 73 57
13142 92 55
13143 24 28
13144 89 42
13145 77 26
13146 69 57
13147 41 62
13148 84 86
13149 87 14
13150 21 85
13151 42 72
13152 72 38
13153 25 28
13154 46 95
13155 54 47
13156 28 53
13157 52 51
13158 64 15
13159 69 58
13160 15 14
13161 10 18
13162 77 1
13163 77 27
13164 45 41
13165 84 52
13166 78 3
13167 77 26
13168 78 2
13169 3 3
13170 46 12
13171 62 49
13172 12 70
13173 77 52
13174 31 56
13175 93 0
13176 77 51
13177 73 38
13178 5 39
13179 37 87
13180 44 39
13181 43 0
13182 75 65
13183 77 33
13184 35 47
13185 52 91
13186 17 43
13187 24 28
13188 88 14
13189 38 6
13190 83 28
13191 10 17
13192 19 19
13193 37 6
13194 77 27
13195 70 49
13196 72 57
13197 14 54
13198 41 4
13199 73 78
13200 70 16
13201 85 52
13202 72 78
13203 48 8
13204 81 91
13205 21 84
13206 1 17
13207 38 50
13208 31 43
13209 17 44
13210 41 90
13211 62 50
13212 17 43
13213 93 28
13214 45 39
13215 41 94
13216 88 76
13217 51 51
13218 26 46
13219 21 85
13220 34 47
13221 48 7
13222 26 45
13223 49 73
13224 88 42
13225 52 92
13226 67 90
13227 70 48
13228 55 47
13229 39 94
13230 82 86
13231 40 4
13232 44 0
13233 41 48
13234 77 52
13235 47 12
13236 73 57
13237 77 34
13238 19 20
13239 87 14
13240 48 72
13241 74 65
13242 41 4
13243 89 42
13244 10 73
13245 14 14
13246 44 39
13247 72 38
13248 46 12
13249 0 17
13250 45 58
13251 77 26
13252 90 18
13253 2 3
13254 64 14
13255 17 28
13256 73 38
13257 77 14
13258 52 91
13259 84 52
13260 45 95
13261 45 59
13262 94 0
13263 35 47
13264 77 33
13265 72 85
13266 77 34
13267 88 14
13268 21 74
13269 90 17
13270 42 73
13271 43 79
13272 73 78
13273 77 27
13274 87 76
13275 65 26
13276 28 52
13277 38 51
13278 54 47
13279 93 92
13280 38 6
13281 92 56
13282 92 55
13283 75 65
13284 90 18
13285 61 63
13286 78 3
13287 41 61
13288 26 46
13289 72 78
13290 64 15
13291 42 79
13292 31 57
13293 64 14
13294 35 24
13295 93 27
13296 66 90
13297 4 39
13298 84 85
13299 36 32
13300 19 19
13301 31 42
13302 47 12
13303 43 0
13304 43 79
13305 37 6
13306 41 62
13307 19 20
13308 83 7
13309 82 85
13310 3 3
13311 77 51
13312 90 17
13313 34 47
13314 77 52
13315 69 57
13316 25 28
13317 38 6
13318 31 43
13319 63 94
13320 17 44
13321 46 41
13322 39 9
13323 2 3
13324 82 80
13325 59 50
13326 74 65
13327 1 17
13328 76 1
13329 77 1
13330 77 26
13331 77 15
13332 77 33
13333 90 18
13334 72 38
13335 82 28
13336 64 8
13337 67 90
13338 10 18
13339 73 78
13340 70 49
13341 15 58
13342 76 1
13343 50 73
13344 21 84
13345 0 17
13346 93 28
13347 69 58
13348 15 14
13349 55 47
13350 38 50
13351 10 17
13352 40 4
13353 46 12
13354 35 25
13355 36 31
13356 54 47
13357 42 79
13358 39 8
13359 46 95
13360 83 28
13361 39 9
13362 47 12
13363 76 23
13364 1 17
13365 92 56
13366 52 51
13367 41 61
13368 19 19
13369 23 1
13370 48 8
13371 73 38
13372 25 22
13373 82 28
13374 93 27
13375 38 87
13376 64 7
13377 19 71
13378 41 93
13379 41 62
13380 65 47
13381 77 27
13382 45 41
13383 16 28
13384 42 48
13385 17 28
13386 21 85
13387 77 14
13388 83 28
13389 31 56
13390 82 28
13391 75 65
13392 48 7
13393 66 90
13394 45 58
13395 79 48
13396 26 45
13397 93 0
13398 55 47
13399 37 6
13400 5 39
13401 23 0
13402 79 49
13403 41 61
13404 71 19
13405 70 48
13406 77 34
13407 31 42
13408 60 63
13409 8 12
13410 19 20
13411 92 55
13412 31 57
13413 82 91
13414 86 64
13415 76 22
13416 93 28
13417 40 93
13418 4 39
13419 17 43
13420 41 48
13421 23 1
13422 72 78
13423 28 53
13424 72 84
13425 18 71
13426 54 47
13427 26 22
13428 38 51
13429 42 72
13430 84 86
13431 51 51
13432 79 48
13433 22 74
13434 42 48
13435 70 49
13436 48 49
13437 14 58
13438 37 87
13439 25 22
13440 73 78
13441 79 49
13442 77 1
13443 69 95
13444 77 33
13445 31 43
13446 19 71
13447 58 50
13448 42 73
13449 28 52
13450 70 65
13451 76 23
13452 46 41
13453 57 14
13454 38 87
13455 16 28
13456 93 27
13457 41 48
13458 90 17
13459 55 47
13460 5 39
13461 41 4
13462 10 72
13463 41 93
13464 39 93
13465 41 89
13466 76 22
13467 48 71
13468 35 24
13469 77 15
13470 57 90
13471 62 49
13472 93 28
13473 81 91
13474 92 56
13475 76 23
13476 63 93
13477 14 55
13478 46 12
13479 47 12
13480 76 22
13481 72 19
13482 86 65
13483 42 48
13484 49 73
13485 36 32
13486 77 34
13487 41 62
13488 88 76
13489 45 39
13490 41 48
13491 45 59
13492 37 87
13493 46 12
13494 35 25
13495 43 79
13496 40 4
13497 77 26
13498 39 8
13499 78 2
13500 28 53
13501 35 24
13502 24 28
13503 38 6
13504 57 15
13505 77 27
13506 38 50
13507 63 94
13508 10 73
13509 94 0
13510 83 28
13511 17 44
13512 62 50
13513 41 4
13514 77 26
13515 10 18
13516 64 47
13517 36 31
13518 14 54
13519 25 28
13520 48 72
13521 35 25
13522 65 47
13523 38 87
13524 85 52
13525 82 91
13526 70 15
13527 86 64
13528 64 47
13529 39 94
13530 10 17
13531 14 14
13532 35 24
13533 84 85
13534 57 91
13535 35 25
13536 31 56
13537 83 6
13538 77 51
13539 93 27
13540 68 95
13541 11 70
13542 42 72
13543 37 87
13544 59 50
13545 39 93
13546 74 65
13547 58 50
13548 40 4
13549 75 65
13550 35 24
13551 87 76
13552 81 91
13553 52 51
13554 42 73
13555 15 58
13556 88 42
13557 92 92
13558 38 87
13559 17 28
13560 77 52
13561 16 28
13562 37 87
13563 19 10
13564 76 23
13565 61 63
13566 21 74
13567 37 6
13568 78 3
13569 24 28
13570 41 90
13571 42 48
13572 44 0
13573 28 52
13574 35 25
13575 57 90
13576 60 63
13577 82 28
13578 36 32
13579 87 14
13580 45 41
13581 57 91
13582 54 47
13583 78 2
13584 41 48
13585 47 12
13586 38 51
13587 90 18
13588 39 9
13589 52 88
13590 17 43
13591 28 53
13592 89 42
13593 88 14
13594 31 57
13595 57 14
13596 62 49
13597 67 90
13598 39 8
13599 61 63
13600 35 47
13601 84 86
13602 72 57
13603 70 48
13604 42 79
13605 66 26
13606 64 8
13607 65 47
13608 39 94
13609 10 18
13610 31 56
13611 52 92
13612 35 24
13613 48 71
13614 0 17
13615 42 48
13616 83 28
13617 45 95
13618 76 22
13619 48 72
13620 21 84
13621 83 7
13622 52 91
13623 10 72
13624 82 91
13625 69 57
13626 71 65
13627 15 14
13628 64 15
13629 28 52
13630 41 48
13631 45 58
13632 74 65
13633 28 53
13634 14 14
13635 88 76
13636 92 55
13637 62 50
13638 50 73
13639 46 41
13640 36 31
13641 19 11
13642 45 41
13643 57 90
13644 35 25
13645 26 22
13646 26 79
13647 49 73
13648 9 12
13649 34 47
13650 87 14
13651 88 42
13652 83 6
13653 72 85
13654 50 73
13655 73 57
13656 88 14
13657 17 44
13658 82 86
13659 77 27
13660 59 50
13661 71 19
13662 12 70
13663 92 56
13664 65 26
13665 63 93
13666 90 17
13667 87 14
13668 46 41
13669 42 48
13670 69 58
13671 25 28
13672 19 19
13673 75 65
13674 35 24
13675 82 28
13676 41 61
13677 26 46
13678 25 22
13679 62 49
13680 15 14
13681 82 85
13682 23 0
13683 48 71
13684 93 0
13685 45 41
13686 70 16
13687 77 51
13688 41 4
13689 55 47
13690 31 57
13691 64 47
13692 84 52
13693 74 65
13694 17 28
13695 70 49
13696 22 74
13697 10 17
13698 14 58
13699 3 3
13700 77 26
13701 72 19
13702 28 52
13703 14 14
13704 79 48
13705 2 3
13706 14 55
13707 38 6
13708 25 79
13709 75 65
13710 60 63
13711 77 52
13712 10 73
13713 11 70
13714 39 93
13715 28 53
13716 17 43
13717 12 70
13718 16 28
13719 77 51
13720 46 12
13721 26 79
13722 18 71
13723 70 65
13724 46 41
13725 41 94
13726 92 55
13727 3 3
13728 70 15
13729 81 91
13730 24 28
13731 64 7
13732 66 26
13733 61 63
13734 90 18
13735 15 14
13736 93 28
13737 51 51
13738 64 14
13739 48 72
13740 31 56
13741 70 48
13742 43 79
13743 76 23
13744 65 47
13745 88 14
13746 65 26
13747 66 90
13748 86 65
13749 8 12
13750 72 38
13751 1 17
13752 76 22
13753 69 57
13754 72 78
13755 10 72
13756 82 91
13757 38 87
13758 26 45
13759 38 50
13760 78 3
13761 89 42
13762 17 28
13763 69 58
13764 73 78
13765 46 95
13766 10 18
13767 71 19
13768 28 52
13769 35 47
13770 77 52
13771 41 48
13772 37 6
13773 64 47
13774 64 8
13775 48 8
13776 14 54
13777 62 50
13778 42 72
13779 35 25
13780 69 57
13781 43 0
13782 48 7
13783 66 26
13784 93 27
13785 65 26
13786 14 14
13787 73 38
13788 57 15
13789 23 1
13790 69 58
13791 77 33
13792 14 55
13793 26 46
13794 87 14
13795 93 28
13796 21 74
13797 42 48
13798 63 94
13799 22 74
13800 52 92
13801 60 63
13802 34 47
13803 17 44
13804 36 32
13805 57 91
13806 28 53
13807 85 52
13808 57 14
13809 87 76
13810 15 14
13811 26 45
13812 70 49
13813 45 41
13814 21 74
13815 47 12
13816 35 47
13817 14 54
13818 76 1
13819 48 8
13820 28 52
13821 34 47
13822 15 58
13823 86 64
13824 81 91
13825 39 9
13826 64 7
13827 93 92
13828 66 26
13829 9 12
13830 72 19
13831 65 26
13832 36 31
13833 92 92
13834 67 90
13835 26 46
13836 74 65
13837 90 17
13838 64 15
13839 77 1
13840 14 58
13841 52 51
13842 39 94
13843 66 26
13844 72 84
13845 42 73
13846 58 50
13847 8 12
13848 92 56
13849 64 14
13850 25 28
13851 83 7
13852 36 32
13853 26 22
13854 77 34
13855 38 51
13856 70 48
13857 77 27
13858 9 12
13859 45 95
13860 84 52
13861 65 26
13862 88 14
13863 71 65
13864 92 55
13865 48 71
13866 35 24
13867 10 73
13868 77 51
13869 4 39
13870 82 91
13871 48 7
13872 41 93
13873 65 47
13874 21 85
13875 72 57
13876 10 17
13877 94 0
13878 83 28
13879 39 8
13880 59 50
13881 70 16
13882 87 14
13883 84 85
13884 10 72
13885 38 50
13886 35 47
13887 0 17
13888 52 91
13889 19 20
13890 63 93
13891 10 73
13892 88 14
13893 69 95
13894 77 26
13895 38 51
13896 42 79
13897 16 28
13898 88 76
13899 37 87
13900 42 72
13901 19 10
13902 76 23
13903 77 52
13904 90 18
13905 66 90
13906 23 0
13907 14 55
13908 22 74
13909 19 19
13910 41 89
13911 83 6
13912 63 94
13913 48 72
13914 41 90
13915 69 57
13916 2 3
13917 43 79
13918 73 57
13919 40 93
13920 44 39
13921 38 6
13922 93 92
13923 54 47
13924 41 62
13925 66 26
13926 64 8
13927 92 92
13928 19 71
13929 61 63
13930 38 50
13931 79 49
13932 10 18
13933 93 92
13934 63 93
13935 70 15
13936 39 9
13937 47 49
13938 23 1
13939 52 87
13940 48 8
13941 57 90
13942 87 76
13943 42 73
13944 40 4
13945 70 16
13946 77 51
13947 55 47
13948 31 42
13949 11 70
13950 52 88
13951 77 27
13952 77 52
13953 71 19
13954 18 71
13955 88 76
13956 60 63
13957 52 87
13958 41 61
13959 82 28
13960 46 12
13961 81 91
13962 21 84
13963 76 22
13964 10 72
13965 41 4
13966 83 28
13967 42 72
13968 21 74
13969 57 91
13970 83 7
13971 63 94
13972 19 71
13973 92 92
13974 14 14
13975 49 73
13976 88 42
13977 68 95
13978 57 90
13979 44 0
13980 46 41
13981 75 65
13982 41 93
13983 25 22
13984 70 65
13985 36 31
13986 70 15
13987 79 48
13988 86 65
13989 85 52
13990 39 8
13991 45 39
13992 86 64
13993 8 12
13994 24 28
13995 15 14
13996 36 32
13997 76 1
13998 82 28
13999 15 58
14000 37 6
14001 70 49
14002 72 38
14003 82 81
14004 69 58
14005 34 47
14006 69 57
14007 17 43
14008 48 7
14009 18 71
14010 93 0
14011 19 20
14012 3 3
14013 87 14
14014 47 12
14015 26 22
14016 64 47
14017 5 39
14018 48 71
14019 9 12
14020 77 14
14021 78 2
14022 57 15
14023 41 89
14024 45 40
14025 70 48
14026 42 73
14027 25 79
14028 19 11
14029 67 90
14030 31 57
14031 48 8
14032 77 51
14033 19 19
14034 25 22
14035 62 49
14036 71 65
14037 72 78
14038 89 42
14039 57 91
14040 17 28
14041 19 20
14042 58 50
14043 41 62
14044 26 45
14045 17 44
14046 22 74
14047 82 86
14048 10 17
14049 2 3
14050 52 92
14051 42 72
14052 19 19
14053 21 74
14054 90 17
14055 70 16
14056 46 12
14057 48 49
14058 14 14
14059 42 79
14060 42 73
14061 46 95
14062 57 14
14063 72 57
14064 57 90
14065 31 56
14066 51 51
14067 84 52
14068 70 65
14069 70 15
14070 21 85
14071 1 17
14072 72 19
14073 62 50
14074 8 12
14075 84 86
14076 22 74
14077 72 85
14078 52 91
14079 14 58
14080 63 93
14081 23 0
14082 59 50
14083 82 85
14084 23 1
14085 26 22
14086 38 6
14087 10 18
14088 37 6
14089 71 19
14090 4 39
14091 65 47
14092 25 28
14093 10 73
14094 39 93
14095 31 43
14096 86 65
14097 82 91
14098 21 84
14099 45 39
14100 73 78
14101 77 1
14102 19 71
14103 76 1
14104 41 48
14105 52 88
14106 42 48
14107 36 31
14108 64 15
14109 52 51
14110 86 64
14111 38 51
14112 15 58
14113 21 85
14114 64 47
14115 39 94
14116 45 41
14117 52 87
14118 94 0
14119 39 9
14120 64 14
14121 81 91
14122 9 12
14123 63 94
14124 73 38
14125 42 72
14126 72 19
14127 35 47
14128 78 3
14129 0 17
14130 71 19
14131 54 47
14132 19 10
14133 66 90
14134 17 43
14135 73 57
14136 84 85
14137 84 86
14138 40 93
14139 83 6
14140 72 78
14141 57 91
14142 8 12
14143 72 38
14144 12 70
14145 26 46
14146 19 11
14147 93 0
14148 48 72
14149 61 63
14150 77 1
14151 40 4
14152 31 57
14153 64 15
14154 57 90
14155 38 6
14156 45 95
14157 77 33
14158 46 41
14159 37 6
14160 5 39
14161 55 47
14162 76 1
14163 85 52
14164 77 34
14165 93 27
14166 38 87
14167 15 14
14168 45 41
14169 65 26
14170 51 51
14171 83 7
14172 24 28
14173 93 28
14174 54 47
14175 84 85
14176 17 44
14177 82 86
14178 72 19
14179 31 42
14180 84 52
14181 37 87
14182 78 2
14183 86 65
14184 65 47
14185 9 12
14186 10 72
14187 43 0
14188 77 26
14189 25 28
14190 52 51
14191 72 57
14192 41 93
14193 79 49
14194 21 74
14195 23 0
14196 62 49
14197 67 90
14198 94 0
14199 41 48
14200 38 50
14201 31 43
14202 82 85
14203 26 45
14204 57 15
14205 55 47
14206 71 65
14207 48 7
14208 14 14
14209 10 17
14210 92 56
14211 70 49
14212 79 48
14213 93 92
14214 38 51
14215 43 79
14216 62 50
14217 38 6
14218 17 43
14219 48 71
14220 10 73
14221 35 25
14222 41 61
14223 36 32
14224 73 78
14225 47 49
14226 92 55
14227 88 42
14228 72 84
14229 17 44
14230 37 6
14231 11 70
14232 38 6
14233 28 53
14234 24 28
14235 66 26
14236 64 47
14237 82 91
14238 73 38
14239 21 84
14240 39 93
14241 12 70
14242 41 94
14243 10 72
14244 63 93
14245 38 87
14246 83 6
14247 42 48
14248 60 63
14249 71 19
14250 77 27
14251 10 18
14252 57 14
14253 41 93
14254 63 94
14255 3 3
14256 70 48
14257 89 42
14258 14 54
14259 65 47
14260 54 47
14261 39 94
14262 25 22
14263 88 14
14264 38 50
14265 77 1
14266 57 91
14267 63 93
14268 65 26
14269 70 16
14270 51 51
14271 14 55
14272 90 18
14273 42 73
14274 70 15
14275 41 90
14276 1 17
14277 92 92
14278 63 94
14279 28 52
14280 52 92
14281 42 72
14282 52 51
14283 16 28
14284 64 7
14285 19 20
14286 64 14
14287 66 90
14288 73 57
14289 64 8
14290 57 15
14291 69 95
14292 10 73
14293 77 15
14294 44 0
14295 42 79
14296 37 87
14297 41 89
14298 92 56
14299 83 7
14300 39 93
14301 43 79
14302 42 73
14303 84 86
14304 58 50
14305 50 73
14306 37 6
14307 15 14
14308 67 90
14309 93 27
14310 70 49
14311 48 8
14312 82 86
14313 81 91
14314 42 72
14315 18 71
14316 31 56
14317 4 39
14318 72 85
14319 57 14
14320 23 1
14321 57 15
14322 39 8
14323 41 62
14324 66 90
14325 82 80
14326 48 7
14327 74 65
14328 92 55
14329 48 8
14330 82 81
14331 55 47
14332 14 14
14333 26 22
14334 21 85
14335 88 42
14336 69 58
14337 44 39
14338 41 90
14339 41 61
14340 87 76
14341 79 49
14342 82 80
14343 89 42
14344 83 28
14345 2 3
14346 62 49
14347 52 91
14348 51 51
14349 14 58
14350 15 58
14351 36 31
14352 31 57
14353 88 76
14354 68 95
14355 46 95
14356 41 89
14357 42 79
14358 64 7
14359 10 72
14360 69 57
14361 82 81
14362 43 79
14363 86 64
14364 72 84
14365 26 46
14366 23 0
14367 82 28
14368 14 58
14369 31 56
14370 17 28
14371 47 12
14372 19 71
14373 31 57
14374 42 79
14375 76 23
14376 70 16
14377 54 47
14378 10 17
14379 43 0
14380 72 19
14381 46 41
14382 21 84
14383 45 39
14384 85 52
14385 92 56
14386 8 12
14387 76 1
14388 41 4
14389 19 19
14390 38 87
14391 36 32
14392 39 94
14393 43 79
14394 28 53
14395 84 52
14396 21 85
14397 15 14
14398 77 1
14399 88 42
14400 86 65
14401 45 95
14402 57 90
14403 0 17
14404 79 48
14405 25 28
14406 57 14
14407 77 33
14408 39 9
14409 82 91
14410 31 42
14411 40 93
14412 59 50
14413 16 28
14414 41 48
14415 70 65
14416 45 40
14417 17 43
14418 86 64
14419 28 52
14420 31 43
14421 48 72
14422 46 42
14423 71 65
14424 70 48
14425 11 70
14426 52 51
14427 41 93
14428 82 80
14429 44 0
14430 78 3
14431 1 17
14432 64 15
14433 10 73
14434 45 59
14435 36 31
14436 9 12
14437 34 47
14438 25 22
14439 26 79
14440 21 84
14441 40 93
14442 76 22
14443 83 28
14444 63 93
14445 25 79
14446 35 24
14447 48 49
14448 38 51
14449 84 85
14450 77 26
14451 90 17
14452 72 85
14453 45 58
14454 76 1
14455 61 63
14456 90 18
14457 38 6
14458 23 1
14459 39 8
14460 69 58
14461 35 25
14462 64 8
14463 26 22
14464 57 15
14465 35 47
14466 12 70
14467 39 95
14468 57 14
14469 42 73
14470 83 6
14471 43 0
14472 72 84
14473 69 57
14474 46 12
14475 92 55
14476 52 88
14477 45 59
14478 31 42
14479 77 34
14480 17 28
14481 39 94
14482 19 10
14483 46 41
14484 22 74
14485 34 47
14486 45 39
14487 42 48
14488 58 50
14489 39 95
14490 23 0
14491 70 65
14492 31 43
14493 52 92
14494 37 87
14495 67 90
14496 41 62
14497 57 15
14498 41 90
14499 14 14
14500 93 0
14501 82 28
14502 72 38
14503 71 19
14504 10 72
14505 21 74
14506 93 92
14507 51 51
14508 66 26
14509 31 56
14510 72 57
14511 73 38
14512 15 58
14513 48 7
14514 41 89
14515 82 81
14516 86 65
14517 26 79
14518 42 72
14519 57 91
14520 64 14
14521 14 54
14522 42 79
14523 62 50
14524 39 9
14525 77 1
14526 10 18
14527 15 14
14528 10 17
14529 41 61
14530 3 3
14531 85 52
14532 2 3
14533 72 38
14534 0 17
14535 47 49
14536 64 47
14537 82 85
14538 17 44
14539 24 28
14540 92 56
14541 73 57
14542 36 32
14543 84 86
14544 84 85
14545 19 20
14546 52 51
14547 48 49
14548 35 24
14549 75 65
14550 79 49
14551 72 78
14552 89 42
14553 47 12
14554 8 12
14555 73 78
14556 48 71
14557 65 26
14558 26 45
14559 26 46
14560 60 63
14561 37 6
14562 23 1
14563 81 91
14564 59 50
14565 76 1
14566 48 72
14567 63 94
14568 16 28
14569 77 27
14570 28 53
14571 35 47
14572 70 49
14573 77 26
14574 25 79
14575 61 63
14576 82 86
14577 3 3
14578 66 90
14579 23 0
14580 71 65
14581 1 17
14582 23 1
14583 58 50
14584 62 49
14585 34 47
14586 19 19
14587 40 4
14588 52 87
14589 64 7
14590 77 27
14591 18 71
14592 52 91
14593 10 73
14594 64 15
14595 57 14
14596 38 6
14597 19 20
14598 83 7
14599 64 8
14600 19 19
14601 60 63
14602 52 88
14603 26 45
14604 41 48
14605 17 28
14606 47 49
14607 77 33
14608 77 14
14609 70 65
14610 31 42
14611 31 43
14612 64 7
14613 90 17
14614 36 31
14615 69 58
14616 44 0
14617 72 19
14618 82 85
14619 10 72
14620 77 26
14621 52 87
14622 59 50
14623 42 48
14624 77 15
14625 0 17
14626 26 46
14627 64 14
14628 82 86
14629 82 80
14630 82 85
14631 41 90
14632 25 28
14633 92 55
14634 31 42
14635 31 57
14636 19 11
14637 25 22
14638 42 73
14639 70 15
14640 42 72
14641 62 50
14642 82 91
14643 90 18
14644 48 49
14645 26 22
14646 83 6
14647 31 43
14648 77 52
14649 14 58
14650 83 28
14651 41 93
14652 67 90
14653 84 86
14654 28 52
14655 93 28
14656 72 78
14657 65 47
14658 38 50
14659 72 85
14660 48 8
14661 45 58
14662 26 79
14663 77 51
14664 64 15
14665 87 76
14666 25 79
14667 31 56
14668 38 51
14669 88 76
14670 81 91
14671 82 91
14672 11 70
14673 47 49
14674 19 71
14675 24 28
14676 19 10
14677 10 18
14678 77 27
14679 1 17
14680 77 26
14681 93 27
14682 45 59
14683 41 4
14684 31 57
14685 84 85
14686 57 15
14687 43 0
14688 25 28
14689 62 49
14690 81 91
14691 39 94
14692 77 52
14693 77 1
14694 48 7
14695 62 50
14696 84 52
14697 46 12
14698 17 43
14699 41 62
14700 37 6
14701 88 42
14702 38 6
14703 9 12
14704 90 17
14705 49 73
14706 76 23
14707 92 92
14708 76 1
14709 58 50
14710 48 49
14711 35 47
14712 71 19
14713 45 58
14714 79 48
14715 5 39
14716 38 87
14717 52 88
14718 62 49
14719 71 65
14720 84 86
14721 78 2
14722 14 55
14723 40 93
14724 74 65
14725 31 42
14726 77 1
14727 70 48
14728 87 14
14729 59 50
14730 0 17
14731 41 61
14732 41 93
14733 39 93
14734 1 17
14735 39 94
14736 14 14
14737 35 25
14738 78 3
14739 10 73
14740 82 91
14741 25 22
14742 77 34
14743 12 70
14744 16 28
14745 77 27
14746 40 4
14747 41 62
14748 11 70
14749 4 39
14750 40 93
14751 82 28
14752 82 81
14753 35 24
14754 38 50
14755 61 63
14756 55 47
14757 72 84
14758 63 93
14759 41 61
14760 46 95
14761 42 73
14762 45 41
14763 83 7
14764 69 95
14765 64 8
14766 94 0
14767 17 44
14768 88 14
14769 79 49
14770 31 43
14771 39 8
14772 31 56
14773 85 52
14774 10 17
14775 52 87
14776 77 33
14777 10 18
14778 64 47
14779 23 0
14780 52 92
14781 48 8
14782 0 17
14783 57 90
14784 84 52
14785 57 91
14786 41 4
14787 17 43
14788 34 47
14789 86 64
14790 40 4
14791 72 85
14792 41 62
14793 12 70
14794 66 26
14795 26 22
14796 64 14
14797 87 14
14798 70 16
14799 45 95
14800 41 93
14801 46 41
14802 2 3
14803 93 28
14804 58 50
14805 63 94
14806 3 3
14807 11 70
14808 84 85
14809 73 78
14810 40 93
14811 73 38
14812 76 22
14813 92 56
14814 64 7
14815 59 50
14816 72 78
14817 5 39
14818 63 93
14819 41 48
14820 65 47
14821 81 91
14822 24 28
14823 41 93
14824 68 95
14825 88 14
14826 37 6
14827 35 47
14828 50 73
14829 82 91
14830 2 3
14831 41 4
14832 39 93
14833 93 27
14834 72 38
14835 44 0
14836 75 65
14837 40 4
14838 60 63
14839 12 70
14840 4 39
14841 8 12
14842 79 48
14843 78 2
14844 64 8
14845 87 76
14846 93 92
14847 82 86
14848 31 57
14849 10 17
14850 45 59
14851 19 20
14852 61 63
14853 88 76
14854 69 57
14855 15 14
14856 38 51
14857 45 41
14858 72 57
14859 76 23
14860 54 47
14861 93 28
14862 26 45
14863 77 26
14864 89 42
14865 41 94
14866 83 28
14867 76 22
14868 52 88
14869 15 58
14870 82 28
14871 25 22
14872 73 78
14873 76 1
14874 86 65
14875 39 94
14876 58 50
14877 44 39
14878 77 51
14879 42 72
14880 39 9
14881 46 95
14882 90 18
14883 83 28
14884 90 17
14885 52 91
14886 82 80
14887 87 14
14888 3 3
14889 81 91
14890 93 0
14891 45 39
14892 73 57
14893 70 65
14894 62 50
14895 82 85
14896 41 89
14897 82 81
14898 43 79
14899 38 50
14900 25 28
14901 41 90
14902 24 28
14903 21 85
14904 87 76
14905 49 73
14906 41 61
14907 25 28
14908 63 94
14909 26 22
14910 57 14
14911 9 12
14912 18 71
14913 31 56
14914 84 86
14915 69 95
14916 79 49
14917 19 11
14918 5 39
14919 47 49
14920 93 27
14921 26 46
14922 72 19
14923 65 26
14924 31 57
14925 35 25
14926 2 3
14927 82 80
14928 19 19
14929 50 73
14930 69 58
14931 64 47
14932 70 15
14933 21 84
14934 77 14
14935 42 48
14936 14 14
14937 19 20
14938 93 28
14939 85 52
14940 43 0
14941 17 28
14942 31 42
14943 84 52
14944 41 48
14945 65 47
14946 38 6
14947 82 81
14948 77 27
14949 22 74
14950 57 15
14951 88 76
14952 44 0
14953 23 1
14954 66 26
14955 77 26
14956 92 55
14957 19 10
14958 52 87
14959 28 53
14960 4 39
14961 87 76
14962 51 51
14963 19 71
14964 68 95
14965 72 78
14966 73 38
14967 60 63
14968 62 49
14969 21 74
14970 48 49
14971 41 93
14972 88 42
14973 41 62
14974 36 32
14975 69 57
14976 25 22
14977 10 18
14978 38 51
14979 71 19
14980 41 61
14981 57 90
14982 90 18
14983 76 23
14984 77 27
14985 40 93
14986 85 52
14987 64 47
14988 19 11
14989 77 34
14990 83 6
14991 21 85
14992 82 86
14993 37 6
14994 72 19
14995 14 54
14996 14 58
14997 21 84
14998 39 95
14999 52 51
15000 24 28
15001 55 47
15002 18 71
15003 5 39
15004 77 26
15005 44 39
15006 47 12
15007 31 43
15008 72 84
15009 34 47
15010 69 58
15011 41 62
15012 15 14
15013 47 49
15014 77 27
15015 48 71
15016 90 17
15017 70 16
15018 77 52
15019 38 50
15020 61 63
15021 77 33
15022 70 15
15023 86 64
15024 72 38
15025 89 42
15026 19 10
15027 25 28
15028 42 79
15029 88 42
15030 83 7
15031 3 3
15032 48 49
15033 82 91
15034 14 14
15035 38 51
15036 54 47
15037 55 47
15038 72 85
15039 19 11
15040 46 41
15041 1 17
15042 77 15
15043 69 95
15044 39 8
15045 73 78
15046 60 63
15047 84 85
15048 26 79
15049 57 91
15050 43 79
15051 79 48
15052 77 34
15053 31 56
15054 88 76
15055 86 65
15056 41 93
15057 11 70
15058 42 48
15059 79 49
15060 64 7
15061 62 50
15062 88 14
15063 71 65
15064 25 79
15065 66 90
15066 51 51
15067 28 52
15068 41 48
15069 70 65
15070 54 47
15071 89 42
15072 45 41
15073 52 88
15074 42 48
15075 69 57
15076 38 6
15077 68 95
15078 28 53
15079 15 14
15080 35 47
15081 4 39
15082 10 17
15083 52 87
15084 37 6
15085 31 57
15086 2 3
15087 22 74
15088 65 47
15089 46 12
15090 78 3
15091 70 16
15092 74 65
15093 73 38
15094 26 22
15095 84 52
15096 77 1
15097 17 44
15098 0 17
15099 59 50
15100 55 47
15101 36 31
15102 16 28
15103 92 56
15104 1 17
15105 78 2
15106 10 18
15107 72 78
15108 31 56
15109 69 58
15110 26 79
15111 77 51
15112 52 51
15113 47 49
15114 64 8
15115 23 0
15116 88 42
15117 82 80
15118 69 95
15119 31 57
15120 62 49
15121 46 41
15122 64 47
15123 72 84
15124 31 56
15125 47 12
15126 45 95
15127 52 88
15128 86 64
15129 40 93
15130 58 50
15131 0 17
15132 45 41
15133 71 19
15134 77 33
15135 41 61
15136 37 87
15137 73 78
15138 59 50
15139 46 95
15140 71 65
15141 67 90
15142 68 95
15143 45 39
15144 41 89
15145 90 18
15146 82 28
15147 54 47
15148 42 79
15149 15 58
15150 82 85
15151 34 47
15152 76 22
15153 38 50
15154 70 15
15155 52 92
15156 65 47
15157 72 38
15158 64 47
15159 94 0
15160 19 10
15161 77 26
15162 72 85
15163 14 55
15164 42 73
15165 64 15
15166 45 58
15167 39 94
15168 14 14
15169 84 86
15170 25 22
15171 41 48
15172 83 28
15173 72 19
15174 64 7
15175 10 17
15176 86 65
15177 41 62
15178 26 45
15179 19 19
15180 10 72
15181 52 91
15182 89 42
15183 87 76
15184 41 93
15185 69 95
15186 25 79
15187 43 79
15188 65 47
15189 65 26
15190 51 51
15191 70 65
15192 71 19
15193 86 64
15194 12 70
15195 15 14
15196 64 14
15197 17 28
15198 76 1
15199 66 90
15200 87 14
15201 70 49
15202 72 57
15203 42 48
15204 17 43
15205 84 85
15206 71 65
15207 24 28
15208 39 93
15209 68 95
15210 10 73
15211 85 52
15212 17 44
15213 41 94
15214 45 95
15215 42 79
15216 14 58
15217 17 43
15218 67 90
15219 16 28
15220 72 19
15221 79 48
15222 79 49
15223 71 19
15224 62 50
15225 57 90
15226 93 0
15227 62 49
15228 72 19
15229 41 90
15230 49 73
15231 26 22
15232 46 95
15233 61 63
15234 76 23
15235 52 51
15236 63 93
15237 17 44
15238 19 71
15239 90 17
15240 19 11
15241 63 94
15242 26 79
15243 82 28
15244 39 94
15245 41 48
15246 25 28
15247 71 19
15248 77 1
15249 10 18
15250 88 14
15251 64 47
15252 72 19
15253 77 14
15254 82 86
15255 8 12
15256 3 3
15257 79 48
15258 35 47
15259 66 90
15260 70 48
15261 19 10
15262 84 86
15263 36 32
15264 21 85
15265 42 48
15266 43 0
15267 92 92
15268 63 93
15269 50 73
15270 31 57
15271 38 51
15272 70 16
15273 65 47
15274 38 50
15275 55 47
15276 75 65
15277 1 17
15278 35 24
15279 41 89
15280 51 51
15281 10 72
15282 70 49
15283 60 63
15284 73 57
15285 72 84
15286 48 72
15287 44 0
15288 49 73
15289 58 50
15290 31 56
15291 79 49
15292 67 90
15293 35 25
15294 78 3
15295 5 39
15296 31 42
15297 18 71
15298 41 48
15299 48 49
15300 38 87
15301 72 85
15302 74 65
15303 59 50
15304 86 65
15305 19 20
15306 69 95
15307 84 52
15308 23 1
15309 66 26
15310 78 2
15311 43 79
15312 23 0
15313 85 52
15314 92 55
15315 76 1
15316 4 39
15317 79 48
15318 31 43
15319 17 28
15320 36 31
15321 62 50
15322 45 95
15323 16 28
15324 19 71
15325 77 27
15326 21 84
15327 41 61
15328 65 26
15329 75 65
15330 73 38
15331 93 92
15332 72 38
15333 77 15
15334 10 17
15335 88 76
15336 15 58
15337 24 28
15338 68 95
15339 77 1
15340 36 32
15341 90 18
15342 39 93
15343 52 51
15344 51 51
15345 0 17
15346 25 79
15347 73 38
15348 45 59
15349 38 6
15350 31 57
15351 17 43
15352 72 38
15353 36 31
15354 41 93
15355 61 63
15356 69 95
15357 87 76
15358 31 56
15359 42 48
15360 52 51
15361 19 11
15362 92 92
15363 76 1
15364 48 7
15365 82 85
15366 71 19
15367 26 46
15368 70 48
15369 74 65
15370 39 9
15371 79 49
15372 57 14
15373 64 8
15374 9 12
15375 88 76
15376 11 70
15377 64 47
15378 47 49
15379 72 19
15380 72 57
15381 37 6
15382 66 90
15383 8 12
15384 82 86
15385 43 0
15386 17 28
15387 78 3
15388 52 87
15389 39 94
15390 26 79
15391 38 51
15392 70 49
15393 41 62
15394 31 42
15395 57 91
15396 84 85
15397 70 48
15398 14 58
15399 16 28
15400 42 72
15401 57 15
15402 42 79
15403 64 7
15404 93 27
15405 45 58
15406 73 38
15407 40 93
15408 79 48
15409 52 88
15410 14 54
15411 76 22
15412 41 61
15413 64 8
15414 10 73
15415 79 49
15416 48 49
15417 90 17
15418 70 65
15419 66 26
15420 84 52
15421 21 74
15422 82 81
15423 14 55
15424 36 32
15425 46 95
15426 34 47
15427 51 51
15428 50 73
15429 64 7
15430 36 31
15431 76 23
15432 25 22
15433 48 8
15434 82 80
15435 94 0
15436 64 8
15437 73 57
15438 25 79
15439 26 22
15440 45 95
15441 65 26
15442 31 57
15443 39 95
15444 14 54
15445 5 39
15446 17 28
15447 1 17
15448 84 86
15449 58 50
15450 35 24
15451 47 49
15452 45 59
15453 15 58
15454 14 55
15455 41 93
15456 10 18
15457 43 79
15458 35 47
15459 85 52
15460 90 18
15461 46 41
15462 77 26
15463 79 48
15464 41 62
15465 82 81
15466 21 85
15467 84 52
15468 41 61
15469 41 48
15470 41 4
15471 14 14
15472 52 51
15473 72 84
15474 2 3
15475 17 44
15476 16 28
15477 38 6
15478 72 57
15479 45 40
15480 72 78
15481 84 85
15482 37 6
15483 77 1
15484 67 90
15485 66 26
15486 45 58
15487 51 51
15488 73 57
15489 86 64
15490 85 52
15491 84 86
15492 63 94
15493 31 43
15494 62 49
15495 31 56
15496 46 12
15497 92 56
15498 65 26
15499 19 10
15500 62 50
15501 87 76
15502 14 58
15503 57 14
15504 88 42
15505 92 55
15506 19 19
15507 82 85
15508 71 19
15509 68 95
15510 47 12
15511 66 26
15512 79 49
15513 89 42
15514 93 0
15515 57 90
15516 10 72
15517 63 93
15518 75 65
15519 71 65
15520 17 28
15521 82 80
15522 17 43
15523 70 49
15524 26 79
15525 60 63
15526 38 50
15527 79 48
15528 42 73
15529 52 51
15530 44 0
15531 48 49
15532 46 42
15533 61 63
15534 48 7
15535 12 70
15536 18 71
15537 4 39
15538 37 87
15539 59 50
15540 19 71
15541 84 52
15542 48 71
15543 65 26
15544 72 19
15545 51 51
15546 35 25
15547 84 85
15548 23 1
15549 92 56
15550 52 51
15551 38 87
15552 0 17
15553 45 59
15554 77 27
15555 84 86
15556 83 6
15557 25 22
15558 42 48
15559 93 92
15560 70 48
15561 35 24
15562 45 39
15563 88 42
15564 77 14
15565 25 79
15566 31 57
15567 52 87
15568 35 25
15569 57 91
15570 90 17
15571 43 0
15572 94 0
15573 83 28
15574 77 26
15575 42 79
15576 45 40
15577 17 44
15578 89 42
15579 81 91
15580 70 65
15581 49 73
15582 42 72
15583 39 94
15584 92 55
15585 16 28
15586 64 15
15587 21 84
15588 74 65
15589 93 0
15590 77 52
15591 69 57
15592 10 17
15593 70 15
15594 65 47
15595 84 85
15596 83 7
15597 77 51
15598 26 45
15599 94 0
15600 63 94
15601 57 15
15602 45 39
15603 14 54
15604 52 92
15605 77 27
15606 93 0
15607 57 90
15608 62 49
15609 85 52
15610 46 41
15611 57 14
15612 47 49
15613 79 49
15614 44 0
15615 90 18
15616 3 3
15617 92 56
15618 70 16
15619 42 73
15620 52 91
15621 21 85
15622 83 6
15623 10 73
15624 82 28
15625 73 78
15626 34 47
15627 72 38
15628 48 72
15629 84 86
15630 64 14
15631 31 42
15632 76 22
15633 83 28
15634 72 78
15635 18 71
15636 1 17
15637 71 65
15638 73 38
15639 38 51
15640 57 15
15641 23 0
15642 63 93
15643 72 38
15644 45 41
15645 54 47
15646 76 23
15647 73 78
15648 82 86
15649 19 20
15650 77 26
15651 69 95
15652 68 95
15653 93 28
15654 28 52
15655 42 72
15656 39 8
15657 45 58
15658 35 47
15659 35 24
15660 48 8
15661 77 34
15662 93 27
15663 46 95
15664 77 33
15665 70 49
15666 79 48
15667 0 17
15668 57 91
15669 70 15
15670 22 74
15671 58 50
15672 23 1
15673 39 93
15674 46 41
15675 70 16
15676 21 84
15677 38 6
15678 64 7
15679 2 3
15680 5 39
15681 28 53
15682 94 0
15683 48 71
15684 71 19
15685 37 87
15686 17 28
15687 66 90
15688 52 88
15689 51 51
15690 1 17
15691 82 81
15692 69 58
15693 88 42
15694 17 43
15695 4 39
15696 0 17
15697 11 70
15698 92 55
15699 31 43
15700 55 47
15701 93 28
15702 76 1
15703 77 1
15704 64 15
15705 36 32
15706 89 42
15707 88 76
15708 93 27
15709 45 59
15710 52 87
15711 82 28
15712 87 14
15713 17 44
15714 66 26
15715 83 28
15716 26 46
15717 86 65
15718 45 41
15719 43 79
15720 77 52
15721 16 28
15722 17 43
15723 12 70
15724 38 87
15725 46 12
15726 69 95
15727 41 94
15728 19 19
15729 45 95
15730 59 50
15731 84 52
15732 10 18
15733 69 57
15734 15 14
15735 3 3
15736 85 52
15737 67 90
15738 44 39
15739 93 0
15740 64 14
15741 31 56
15742 17 28
15743 37 87
15744 64 15
15745 21 74
15746 72 19
15747 45 58
15748 84 52
15749 82 80
15750 39 94
15751 43 0
15752 82 81
15753 42 73
15754 57 90
15755 19 11
15756 2 3
15757 23 0
15758 48 7
15759 83 7
15760 44 0
15761 70 65
15762 71 65
15763 43 0
15764 31 42
15765 17 44
15766 82 91
15767 42 79
15768 37 6
15769 42 72
15770 44 0
15771 78 2
15772 94 0
15773 40 4
15774 5 39
15775 43 0
15776 70 15
15777 34 47
15778 14 55
15779 62 50
15780 46 95
15781 71 19
15782 35 25
15783 38 6
15784 10 72
15785 93 28
15786 66 90
15787 48 72
15788 38 50
15789 92 92
15790 41 90
15791 47 12
15792 93 27
15793 48 71
15794 11 70
15795 85 52
15796 41 62
15797 52 88
15798 12 70
15799 17 43
15800 82 28
15801 73 38
15802 38 87
15803 93 0
15804 37 6
15805 70 16
15806 15 58
15807 45 39
15808 46 12
15809 64 8
15810 72 57
15811 88 14
15812 9 12
15813 67 90
15814 88 42
15815 41 61
15816 37 87
15817 92 56
15818 69 58
15819 77 27
15820 41 89
15821 72 78
15822 52 51
15823 21 85
15824 26 79
15825 10 17
15826 41 93
15827 63 94
15828 44 39
15829 4 39
15830 14 14
15831 68 95
15832 57 14
15833 84 85
15834 8 12
15835 19 10
15836 54 47
15837 64 7
15838 73 57
15839 25 28
15840 42 73
15841 41 90
15842 38 51
15843 22 74
15844 79 49
15845 81 91
15846 70 48
15847 77 15
15848 50 73
15849 77 51
15850 16 28
15851 24 28
15852 70 65
15853 84 86
15854 19 11
15855 31 57
15856 57 15
15857 60 63
15858 31 56
15859 48 49
15860 17 44
15861 44 0
15862 64 47
15863 90 17
15864 77 34
15865 78 3
15866 62 49
15867 65 26
15868 28 52
15869 45 59
15870 77 52
15871 87 76
15872 72 38
15873 41 4
15874 69 57
15875 40 93
15876 76 1
15877 90 18
15878 41 48
15879 86 64
15880 57 91
15881 92 55
15882 65 47
15883 42 72
15884 1 17
15885 38 6
15886 83 6
15887 57 90
15888 41 89
15889 52 87
15890 64 8
15891 23 1
15892 38 50
15893 93 92
15894 57 14
15895 64 14
15896 62 50
15897 23 0
15898 21 84
15899 9 12
15900 19 71
15901 90 17
15902 19 10
15903 82 80
15904 69 95
15905 38 87
15906 87 14
15907 15 14
15908 17 28
15909 0 17
15910 5 39
15911 19 11
15912 52 88
15913 62 49
15914 70 49
15915 72 57
15916 35 24
15917 68 95
15918 25 28
15919 14 54
15920 43 79
15921 77 1
15922 71 65
15923 70 48
15924 36 31
15925 24 28
15926 14 55
15927 28 53
15928 66 26
15929 93 28
15930 82 85
15931 21 74
15932 75 65
15933 82 86
15934 62 50
15935 48 8
15936 76 1
15937 77 14
15938 36 32
15939 70 65
15940 42 73
15941 92 56
15942 22 74
15943 93 27
15944 77 33
15945 45 39
15946 64 47
15947 82 81
15948 45 95
15949 10 18
15950 42 79
15951 52 87
15952 74 65
15953 82 85
15954 66 90
15955 19 10
15956 79 48
15957 67 90
15958 73 57
15959 86 65
15960 58 50
15961 10 73
15962 82 91
15963 39 95
15964 36 31
15965 10 17
15966 35 25
15967 4 39
15968 52 92
15969 88 76
15970 39 9
15971 72 19
15972 73 78
15973 84 52
15974 10 72
15975 8 12
15976 57 15
15977 72 78
15978 14 58
15979 47 49
15980 92 55
15981 64 15
15982 59 50
15983 81 91
15984 48 72
15985 73 38
15986 72 38
15987 25 79
15988 39 94
15989 70 49
15990 44 39
15991 28 52
15992 61 63
15993 64 7
15994 28 53
15995 26 79
15996 21 74
15997 77 34
15998 47 12
15999 82 91
16000 39 8
16001 94 0
16002 81 91
16003 75 65
16004 11 70
16005 93 0
16006 94 0
16007 70 48
16008 39 9
16009 71 19
16010 25 28
16011 71 65
16012 83 7
16013 73 78
16014 70 65
16015 77 51
16016 85 52
16017 19 20
16018 77 15
16019 70 49
16020 72 19
16021 57 14
16022 83 28
16023 28 52
16024 39 95
16025 77 14
16026 73 38
16027 82 91
16028 31 43
16029 48 7
16030 77 52
16031 72 57
16032 48 8
16033 35 24
16034 52 88
16035 41 93
16036 84 52
16037 93 0
16038 43 0
16039 41 90
16040 9 12
16041 72 85
16042 39 8
16043 92 56
16044 35 25
16045 41 89
16046 31 42
16047 77 51
16048 21 85
16049 35 24
16050 35 47
16051 55 47
16052 28 53
16053 24 28
16054 17 43
16055 62 49
16056 49 73
16057 15 58
16058 82 86
16059 92 55
16060 40 93
16061 70 48
16062 69 58
16063 77 52
16064 14 54
16065 89 42
16066 31 43
16067 14 55
16068 72 78
16069 72 38
16070 77 33
16071 82 80
16072 58 50
16073 31 42
16074 23 1
16075 70 49
16076 73 78
16077 14 58
16078 92 92
16079 19 19
16080 41 90
16081 34 47
16082 88 42
16083 37 87
16084 8 12
16085 40 4
16086 46 95
16087 17 44
16088 36 32
16089 81 91
16090 94 0
16091 45 58
16092 77 26
16093 35 47
16094 41 62
16095 70 15
16096 28 52
16097 57 15
16098 82 81
16099 89 42
16100 73 57
16101 86 64
16102 43 79
16103 78 2
16104 82 28
16105 87 76
16106 48 7
16107 25 28
16108 63 93
16109 41 93
16110 19 11
16111 74 65
16112 35 25
16113 41 4
16114 45 59
16115 82 80
16116 3 3
16117 72 84
16118 50 73
16119 42 48
16120 73 38
16121 21 84
16122 16 28
16123 78 3
16124 83 6
16125 72 85
16126 2 3
16127 83 28
16128 42 79
16129 62 50
16130 82 81
16131 48 49
16132 26 45
16133 15 58
16134 47 49
16135 52 87
16136 35 24
16137 72 57
16138 82 80
16139 48 49
16140 10 73
16141 82 85
16142 70 48
16143 5 39
16144 64 14
16145 17 43
16146 84 85
16147 93 0
16148 65 47
16149 25 79
16150 36 31
16151 17 44
16152 77 15
16153 39 9
16154 77 34
16155 51 51
16156 83 7
16157 14 58
16158 40 4
16159 45 39
16160 72 38
16161 60 63
16162 69 57
16163 44 39
16164 26 79
16165 82 86
16166 70 49
16167 77 27
16168 77 26
16169 63 94
16170 71 19
16171 94 0
16172 38 87
16173 88 42
16174 31 57
16175 34 47
16176 48 8
16177 35 25
16178 66 90
16179 93 0
16180 44 0
16181 48 7
16182 17 28
16183 72 19
16184 26 46
16185 17 43
16186 93 28
16187 41 89
16188 12 70
16189 38 51
16190 40 93
16191 31 43
16192 77 33
16193 84 86
16194 70 48
16195 46 12
16196 88 14
16197 14 14
16198 77 34
16199 70 49
16200 52 88
16201 39 94
16202 36 32
16203 36 31
16204 79 49
16205 16 28
16206 26 45
16207 93 92
16208 92 92
16209 72 78
16210 17 44
16211 63 93
16212 67 90
16213 61 63
16214 77 27
16215 36 32
16216 52 51
16217 35 47
16218 72 84
16219 69 58
16220 77 1
16221 90 18
16222 17 43
16223 39 95
16224 45 58
16225 10 18
16226 24 28
16227 9 12
16228 22 74
16229 17 28
16230 70 16
16231 45 95
16232 38 50
16233 23 0
16234 77 33
16235 73 78
16236 54 47
16237 37 6
16238 10 17
16239 47 49
16240 41 61
16241 89 42
16242 60 63
16243 72 78
16244 77 34
16245 83 6
16246 88 42
16247 51 51
16248 64 8
16249 47 12
16250 94 0
16251 61 63
16252 73 57
16253 73 38
16254 46 95
16255 19 20
16256 46 41
16257 52 51
16258 45 39
16259 72 85
16260 85 52
16261 38 6
16262 69 57
16263 64 47
16264 42 72
16265 89 42
16266 34 47
16267 25 28
16268 70 15
16269 37 87
16270 35 24
16271 31 42
16272 51 51
16273 39 8
16274 26 46
16275 55 47
16276 45 41
16277 45 95
16278 39 9
16279 82 85
16280 36 31
16281 10 72
16282 69 95
16283 66 90
16284 86 65
16285 71 19
16286 71 65
16287 82 81
16288 43 79
16289 70 65
16290 82 80
16291 84 52
16292 35 25
16293 59 50
16294 48 8
16295 4 39
16296 41 4
16297 41 62
16298 42 73
16299 93 27
16300 42 79
16301 39 94
16302 76 22
16303 72 84
16304 65 47
16305 76 1
16306 21 74
16307 86 64
16308 77 26
16309 10 73
16310 10 18
16311 19 10
16312 35 24
16313 77 1
16314 86 65
16315 1 17
16316 58 50
16317 52 91
16318 60 63
16319 70 16
16320 77 51
16321 78 2
16322 31 56
16323 46 95
16324 35 25
16325 46 41
16326 19 19
16327 45 41
16328 8 12
16329 77 52
16330 76 1
16331 9 12
16332 82 28
16333 93 28
16334 70 48
16335 77 1
16336 78 3
16337 93 27
16338 38 87
16339 92 56
16340 73 78
16341 83 28
16342 92 55
16343 45 95
16344 19 20
16345 41 93
16346 72 19
16347 37 6
16348 76 1
16349 72 57
16350 26 45
16351 59 50
16352 10 17
16353 46 41
16354 61 63
16355 43 79
16356 10 72
16357 82 81
16358 26 22
16359 68 95
16360 8 12
16361 92 56
16362 69 58
16363 11 70
16364 15 14
16365 49 73
16366 5 39
16367 28 53
16368 48 7
16369 42 79
16370 82 86
16371 72 78
16372 77 1
16373 41 90
16374 76 1
16375 36 32
16376 71 65
16377 88 76
16378 46 12
16379 82 85
16380 28 52
16381 87 14
16382 85 52
16383 25 22
16384 92 55
16385 41 89
16386 45 40
16387 63 94
16388 26 46
16389 70 49
16390 40 4
16391 76 23
16392 43 0
16393 76 22
16394 26 22
16395 14 14
16396 92 56
16397 18 71
16398 90 17
16399 31 43
16400 57 91
16401 76 23
16402 69 95
16403 15 14
16404 72 85
16405 43 79
16406 26 45
16407 69 57
16408 45 59
16409 70 65
16410 88 42
16411 31 42
16412 38 51
16413 87 76
16414 10 18
16415 82 28
16416 90 18
16417 52 51
16418 92 55
16419 9 12
16420 62 49
16421 25 22
16422 69 58
16423 28 53
16424 26 46
16425 92 56
16426 41 4
16427 35 24
16428 42 72
16429 46 42
16430 93 28
16431 77 51
16432 31 57
16433 62 50
16434 48 8
16435 84 85
16436 28 52
16437 82 86
16438 31 56
16439 48 49
16440 48 7
16441 82 91
16442 8 12
16443 45 58
16444 42 73
16445 77 1
16446 63 93
16447 44 0
16448 88 76
16449 90 17
16450 40 4
16451 75 65
16452 39 8
16453 42 72
16454 50 73
16455 90 18
16456 93 0
16457 38 50
16458 76 22
16459 45 39
16460 19 19
16461 43 0
16462 64 15
16463 52 87
16464 73 78
16465 58 50
16466 77 27
16467 68 95
16468 42 73
16469 73 57
16470 39 9
16471 92 55
16472 63 94
16473 16 28
16474 82 85
16475 31 43
16476 76 23
16477 4 39
16478 5 39
16479 70 48
16480 77 33
16481 76 1
16482 83 28
16483 62 49
16484 47 12
16485 72 78
16486 31 57
16487 9 12
16488 83 7
16489 72 38
16490 76 22
16491 92 56
16492 52 88
16493 49 73
16494 70 49
16495 64 14
16496 93 27
16497 69 57
16498 48 8
16499 21 85
16500 45 40
16501 41 90
16502 35 47
16503 15 58
16504 46 41
16505 83 6
16506 90 17
16507 34 47
16508 52 92
16509 57 90
16510 89 42
16511 17 44
16512 94 0
16513 42 72
16514 64 7
16515 26 22
16516 57 14
16517 14 54
16518 42 79
16519 74 65
16520 83 7
16521 37 87
16522 93 28
16523 35 47
16524 82 80
16525 26 45
16526 73 38
16527 50 73
16528 84 86
16529 65 26
16530 12 70
16531 78 2
16532 17 43
16533 84 52
16534 46 95
16535 31 56
16536 46 42
16537 46 41
16538 41 89
16539 92 55
16540 10 73
16541 41 4
16542 90 18
16543 14 14
16544 83 6
16545 47 49
16546 11 70
16547 40 4
16548 82 28
16549 62 50
16550 72 38
16551 17 28
16552 42 73
16553 41 4
16554 70 15
16555 77 52
16556 77 1
16557 57 15
16558 38 87
16559 90 17
16560 45 39
16561 71 19
16562 81 91
16563 87 76
16564 38 51
16565 14 55
16566 14 54
16567 57 91
16568 77 26
16569 52 87
16570 52 91
16571 82 81
16572 19 11
16573 45 40
16574 85 52
16575 77 34
16576 35 25
16577 35 24
16578 60 63
16579 75 65
16580 36 31
16581 78 3
16582 15 14
16583 72 57
16584 35 25
16585 73 38
16586 48 7
16587 19 10
16588 62 49
16589 69 58
16590 82 86
16591 59 50
16592 52 92
16593 77 14
16594 63 93
16595 92 56
16596 93 92
16597 69 57
16598 77 27
16599 12 70
16600 69 58
16601 42 72
16602 41 61
16603 93 0
16604 93 27
16605 52 91
16606 40 93
16607 42 73
16608 16 28
16609 14 58
16610 88 42
16611 40 4
16612 11 70
16613 41 93
16614 41 4
16615 58 50
16616 34 47
16617 69 57
16618 54 47
16619 25 22
16620 0 17
16621 77 15
16622 17 28
16623 64 8
16624 72 19
16625 77 26
16626 73 78
16627 21 84
16628 41 90
16629 64 47
16630 52 92
16631 92 55
16632 1 17
16633 19 20
16634 57 90
16635 89 42
16636 71 65
16637 72 84
16638 49 73
16639 69 58
16640 71 19
16641 73 57
16642 8 12
16643 61 63
16644 41 89
16645 65 47
16646 45 39
16647 82 91
16648 84 52
16649 41 48
16650 41 62
16651 74 65
16652 40 93
16653 92 92
16654 31 42
16655 39 95
16656 24 28
16657 26 22
16658 67 90
16659 35 47
16660 38 6
16661 10 17
16662 4 39
16663 45 40
16664 88 42
16665 42 72
16666 35 24
16667 39 8
16668 69 95
16669 44 0
16670 41 61
16671 12 70
16672 50 73
16673 37 6
16674 64 47
16675 66 90
16676 49 73
16677 9 12
16678 90 18
16679 70 16
16680 79 48
16681 26 46
16682 41 62
16683 39 94
16684 72 78
16685 42 48
16686 39 9
16687 77 51
16688 67 90
16689 21 85
16690 82 85
16691 83 28
16692 31 43
16693 90 17
16694 69 57
16695 26 45
16696 78 2
16697 69 58
16698 88 76
16699 17 44
16700 72 19
16701 42 73
16702 82 80
16703 48 71
16704 43 0
16705 0 17
16706 39 8
16707 42 72
16708 85 52
16709 23 1
16710 69 57
16711 87 76
16712 48 8
16713 52 91
16714 41 90
16715 1 17
16716 36 32
16717 59 50
16718 62 50
16719 17 43
16720 58 50
16721 8 12
16722 64 15
16723 36 31
16724 41 61
16725 39 95
16726 76 1
16727 15 58
16728 71 19
16729 38 50
16730 60 63
16731 90 18
16732 40 4
16733 72 19
16734 73 78
16735 93 28
16736 79 49
16737 77 14
16738 52 92
16739 45 95
16740 77 33
16741 35 25
16742 72 38
16743 70 15
16744 70 65
16745 38 51
16746 78 3
16747 23 0
16748 62 49
16749 77 27
16750 46 12
16751 14 14
16752 82 81
16753 77 52
16754 17 44
16755 43 79
16756 41 62
16757 41 61
16758 22 74
16759 71 19
16760 28 53
16761 55 47
16762 39 9
16763 71 65
16764 64 7
16765 39 8
16766 76 23
16767 77 34
16768 41 89
16769 79 48
16770 11 70
16771 82 28
16772 88 14
16773 90 17
16774 66 26
16775 31 42
16776 61 63
16777 86 64
16778 25 79
16779 12 70
16780 54 47
16781 45 39
16782 10 18
16783 79 49
16784 45 41
16785 45 59
16786 79 48
16787 87 14
16788 77 26
16789 82 86
16790 41 62
16791 50 73
16792 41 90
16793 19 19
16794 0 17
16795 39 9
16796 84 52
16797 72 19
16798 89 42
16799 37 87
16800 84 85
16801 93 92
16802 41 89
16803 10 17
16804 26 79
16805 31 43
16806 5 39
16807 39 94
16808 57 91
16809 52 91
16810 65 47
16811 35 24
16812 15 14
16813 28 52
16814 19 20
16815 69 58
16816 72 57
16817 82 80
16818 41 4
16819 10 18
16820 52 92
16821 64 14
16822 70 65
16823 52 91
16824 66 90
16825 42 79
16826 70 48
16827 52 88
16828 77 33
16829 68 95
16830 28 53
16831 31 42
16832 73 57
16833 48 7
16834 62 50
16835 14 58
16836 36 32
16837 41 93
16838 26 46
16839 73 38
16840 14 55
16841 45 58
16842 71 65
16843 19 71
16844 48 49
16845 62 49
16846 39 93
16847 47 12
16848 14 14
16849 88 76
16850 28 52
16851 51 51
16852 1 17
16853 60 63
16854 94 0
16855 52 92
16856 83 7
16857 34 47
16858 25 28
16859 16 28
16860 48 8
16861 15 58
16862 77 51
16863 69 95
16864 77 27
16865 10 72
16866 39 8
16867 48 72
16868 63 94
16869 71 19
16870 19 19
16871 45 59
16872 39 94
16873 92 56
16874 69 57
16875 63 93
16876 92 55
16877 57 90
16878 28 53
16879 17 43
16880 57 14
16881 42 73
16882 77 15
16883 4 39
16884 78 2
16885 31 57
16886 57 15
16887 10 17
16888 14 54
16889 48 7
16890 88 14
16891 39 93
16892 44 39
16893 41 48
16894 19 11
16895 19 10
16896 92 56
16897 26 45
16898 46 41
16899 93 27
16900 77 14
16901 52 87
16902 24 28
16903 48 71
16904 35 47
16905 45 39
16906 61 63
16907 64 8
16908 25 79
16909 70 49
16910 79 49
16911 31 43
16912 52 51
16913 57 91
16914 5 39
16915 38 87
16916 69 58
16917 78 3
16918 72 19
16919 64 47
16920 31 42
16921 41 90
16922 23 1
16923 69 57
16924 81 91
16925 65 47
16926 51 51
16927 77 15
16928 38 6
16929 87 76
16930 46 12
16931 19 20
16932 23 0
16933 14 55
16934 65 26
16935 19 11
16936 70 16
16937 31 43
16938 35 25
16939 10 18
16940 47 49
16941 39 94
16942 68 95
16943 71 19
16944 3 3
16945 64 47
16946 14 58
16947 60 63
16948 72 38
16949 82 81
16950 21 74
16951 55 47
16952 17 44
16953 38 50
16954 48 49
16955 21 84
16956 19 10
16957 43 79
16958 67 90
16959 70 15
16960 22 74
16961 66 90
16962 42 79
16963 11 70
16964 92 92
16965 82 80
16966 25 22
16967 70 16
16968 82 91
16969 26 22
16970 92 55
16971 70 48
16972 57 90
16973 52 88
16974 28 52
16975 64 7
16976 40 4
16977 61 63
16978 47 49
16979 72 85
16980 39 93
16981 72 84
16982 54 47
16983 26 46
16984 81 91
16985 82 85
16986 19 11
16987 18 71
16988 10 73
16989 82 91
16990 19 10
16991 42 72
16992 73 38
16993 64 15
16994 31 42
16995 19 11
16996 23 1
16997 93 28
16998 72 85
16999 79 48
17000 85 52
17001 62 50
17002 62 49
17003 45 41
17004 59 50
17005 83 6
17006 62 50
17007 52 87
17008 57 91
17009 64 14
17010 19 71
17011 79 49
17012 79 48
17013 19 19
17014 92 56
17015 70 49
17016 82 86
17017 23 0
17018 78 2
17019 38 51
17020 28 53
17021 21 74
17022 19 20
17023 41 4
17024 52 51
17025 70 65
17026 36 31
17027 48 8
17028 40 4
17029 48 72
17030 84 86
17031 57 14
17032 19 10
17033 49 73
17034 64 8
17035 17 43
17036 19 11
17037 48 71
17038 17 28
17039 41 4
17040 39 94
17041 70 15
17042 31 56
17043 93 27
17044 84 52
17045 40 93
17046 45 58
17047 39 9
17048 81 91
17049 63 94
17050 92 55
17051 39 8
17052 72 38
17053 41 89
17054 57 15
17055 70 48
17056 48 7
17057 93 92
17058 22 74
17059 77 26
17060 71 65
17061 23 1
17062 72 19
17063 66 26
17064 36 32
17065 31 57
17066 25 28
17067 41 93
17068 44 0
17069 82 91
17070 46 41
17071 43 79
17072 70 49
17073 82 81
17074 69 95
17075 77 14
17076 92 92
17077 93 28
17078 77 15
17079 65 47
17080 64 47
17081 37 87
17082 19 19
17083 64 15
17084 68 95
17085 0 17
17086 26 79
17087 36 31
17088 31 56
17089 83 28
17090 34 47
17091 50 73
17092 15 58
17093 21 85
17094 10 17
17095 72 78
17096 12 70
17097 86 65
17098 39 9
17099 62 49
17100 73 38
17101 18 71
17102 64 7
17103 52 88
17104 62 50
17105 72 38
17106 11 70
17107 78 3
17108 25 22
17109 48 8
17110 75 65
17111 10 18
17112 74 65
17113 87 14
17114 75 65
17115 76 22
17116 48 72
17117 26 45
17118 88 14
17119 40 4
17120 48 7
17121 25 79
17122 42 73
17123 77 52
17124 36 32
17125 26 46
17126 88 76
17127 1 17
17128 93 27
17129 36 31
17130 85 52
17131 73 38
17132 82 80
17133 70 65
17134 46 95
17135 14 54
17136 82 85
17137 9 12
17138 92 56
17139 65 26
17140 76 23
17141 12 70
17142 78 2
17143 78 3
17144 8 12
17145 19 71
17146 2 3
17147 93 0
17148 88 42
17149 52 87
17150 90 18
17151 38 50
17152 69 95
17153 23 0
17154 72 57
17155 18 71
17156 38 87
17157 93 92
17158 64 8
17159 73 78
17160 4 39
17161 86 64
17162 5 39
17163 52 91
17164 42 48
17165 37 6
17166 70 48
17167 83 7
17168 48 49
17169 21 74
17170 45 41
17171 47 49
17172 38 51
17173 10 17
17174 89 42
17175 41 48
17176 69 58
17177 87 76
17178 90 17
17179 79 49
17180 41 4
17181 84 85
17182 68 95
17183 77 14
17184 78 2
17185 40 4
17186 94 0
17187 26 22
17188 62 49
17189 31 43
17190 49 73
17191 41 4
17192 57 90
17193 57 91
17194 42 48
17195 39 8
17196 37 87
17197 26 79
17198 43 0
17199 25 79
17200 93 28
17201 71 19
17202 4 39
17203 86 65
17204 81 91
17205 82 86
17206 14 58
17207 39 93
17208 69 57
17209 72 78
17210 48 71
17211 63 93
17212 40 4
17213 82 85
17214 93 27
17215 70 16
17216 51 51
17217 44 0
17218 74 65
17219 82 28
17220 43 0
17221 41 90
17222 48 72
17223 45 59
17224 57 14
17225 88 42
17226 31 42
17227 10 72
17228 77 51
17229 45 95
17230 41 61
17231 41 94
17232 10 18
17233 36 32
17234 69 58
17235 48 71
17236 77 52
17237 11 70
17238 19 20
17239 31 57
17240 15 58
17241 65 47
17242 42 72
17243 75 65
17244 64 47
17245 12 70
17246 70 15
17247 82 86
17248 46 41
17249 38 87
17250 3 3
17251 21 84
17252 38 50
17253 92 92
17254 19 71
17255 45 41
17256 18 71
17257 69 57
17258 76 22
17259 2 3
17260 93 92
17261 21 85
17262 21 84
17263 35 47
17264 48 49
17265 76 23
17266 92 92
17267 38 6
17268 26 79
17269 72 19
17270 88 76
17271 79 48
17272 67 90
17273 44 0
17274 0 17
17275 46 95
17276 34 47
17277 22 74
17278 82 91
17279 77 34
17280 21 85
17281 48 72
17282 23 1
17283 3 3
17284 42 79
17285 86 64
17286 37 6
17287 5 39
17288 83 6
17289 70 16
17290 26 45
17291 72 38
17292 93 0
17293 41 48
17294 86 65
17295 41 62
17296 14 55
17297 77 33
17298 69 95
17299 46 41
17300 35 24
17301 26 46
17302 92 55
17303 63 94
17304 38 6
17305 45 41
17306 47 49
17307 16 28
17308 87 14
17309 94 0
17310 82 81
17311 82 80
17312 36 31
17313 69 58
17314 45 95
17315 35 47
17316 48 8
17317 52 88
17318 41 61
17319 41 89
17320 66 26
17321 24 28
17322 71 19
17323 19 10
17324 44 39
17325 77 1
17326 90 18
17327 15 14
17328 93 0
17329 4 39
17330 37 6
17331 11 70
17332 70 49
17333 45 58
17334 78 3
17335 94 0
17336 48 49
17337 42 48
17338 74 65
17339 36 32
17340 86 64
17341 23 0
17342 45 39
17343 72 19
17344 19 71
17345 93 92
17346 68 95
17347 69 57
17348 71 65
17349 45 59
17350 52 87
17351 70 15
17352 19 19
17353 75 65
17354 50 73
17355 10 17
17356 39 94
17357 90 17
17358 41 62
17359 41 90
17360 14 54
17361 69 95
17362 46 95
17363 92 56
17364 77 51
17365 41 4
17366 19 11
17367 17 44
17368 10 73
17369 57 90
17370 26 45
17371 12 70
17372 34 47
17373 66 90
17374 21 84
17375 73 57
17376 73 38
17377 83 28
17378 39 93
17379 21 85
17380 17 43
17381 38 51
17382 72 38
17383 67 90
17384 10 72
17385 64 7
17386 28 52
17387 76 22
17388 52 51
17389 21 84
17390 31 56
17391 49 73
17392 92 55
17393 92 56
17394 35 47
17395 73 78
17396 79 49
17397 74 65
17398 48 71
17399 50 73
17400 17 44
17401 49 73
17402 38 50
17403 64 8
17404 72 57
17405 57 91
17406 82 81
17407 58 50
17408 18 71
17409 65 26
17410 19 71
17411 83 7
17412 66 26
17413 79 48
17414 57 90
17415 48 72
17416 57 15
17417 77 52
17418 51 51
17419 70 48
17420 93 28
17421 1 17
17422 69 58
17423 45 58
17424 92 92
17425 18 71
17426 84 52
17427 52 51
17428 50 73
17429 66 90
17430 77 34
17431 47 49
17432 51 51
17433 38 51
17434 82 85
17435 35 25
17436 41 48
17437 21 85
17438 21 84
17439 79 49
17440 88 14
17441 41 89
17442 9 12
17443 41 90
17444 60 63
17445 82 28
17446 37 87
17447 14 58
17448 86 65
17449 10 18
17450 69 57
17451 28 53
17452 89 42
17453 26 46
17454 10 17
17455 38 50
17456 38 6
17457 43 79
17458 79 48
17459 84 86
17460 87 76
17461 88 42
17462 42 48
17463 84 85
17464 82 80
17465 77 27
17466 49 73
17467 77 51
17468 48 7
17469 82 86
17470 47 12
17471 65 47
17472 64 7
17473 35 24
17474 77 52
17475 0 17
17476 40 4
17477 77 33
17478 90 18
17479 82 85
17480 44 39
17481 10 18
17482 76 1
17483 85 52
17484 64 14
17485 25 79
17486 72 78
17487 39 9
17488 78 2
17489 69 58
17490 64 8
17491 77 1
17492 11 70
17493 41 48
17494 1 17
17495 48 49
17496 39 8
17497 68 95
17498 45 95
17499 84 52
17500 59 50
17501 90 17
17502 63 93
17503 92 55
17504 46 41
17505 81 91
17506 90 18
17507 31 43
17508 17 28
17509 70 65
17510 16 28
17511 93 0
17512 69 95
17513 10 17
17514 2 3
17515 12 70
17516 79 49
17517 8 12
17518 41 4
17519 42 48
17520 73 78
17521 78 3
17522 61 63
17523 10 18
17524 23 1
17525 64 47
17526 45 59
17527 87 14
17528 26 79
17529 57 14
17530 71 19
17531 82 91
17532 92 56
17533 41 89
17534 90 17
17535 82 86
17536 68 95
17537 48 71
17538 92 55
17539 62 50
17540 19 71
17541 39 94
17542 28 52
17543 45 41
17544 65 26
17545 36 31
17546 73 38
17547 67 90
17548 23 0
17549 25 28
17550 9 12
17551 52 88
17552 0 17
17553 78 2
17554 8 12
17555 70 49
17556 45 58
17557 64 15
17558 45 59
17559 79 48
17560 84 86
17561 88 76
17562 71 65
17563 21 85
17564 35 25
17565 42 73
17566 66 90
17567 79 49
17568 25 79
17569 39 93
17570 14 55
17571 90 18
17572 48 72
17573 11 70
17574 39 94
17575 76 23
17576 72 38
17577 82 81
17578 26 79
17579 73 57
17580 93 27
17581 77 51
17582 31 42
17583 25 79
17584 84 85
17585 70 65
17586 50 73
17587 46 41
17588 25 22
17589 45 41
17590 72 84
17591 70 16
17592 75 65
17593 26 79
17594 87 76
17595 42 72
17596 39 9
17597 17 43
17598 12 70
17599 78 3
17600 86 64
17601 57 91
17602 45 58
17603 10 73
17604 88 76
17605 66 26
17606 52 51
17607 18 71
17608 9 12
17609 19 71
17610 92 56
17611 23 1
17612 64 14
17613 23 0
17614 82 85
17615 14 54
17616 83 28
17617 38 87
17618 10 17
17619 85 52
17620 19 10
17621 76 22
17622 76 23
17623 41 48
17624 69 95
17625 58 50
17626 23 1
17627 28 53
17628 48 71
17629 48 8
17630 46 95
17631 94 0
17632 70 48
17633 65 47
17634 26 45
17635 42 73
17636 63 94
17637 82 86
17638 26 46
17639 42 48
17640 77 52
17641 8 12
17642 31 57
17643 35 24
17644 76 22
17645 77 15
17646 25 79
17647 42 79
17648 10 18
17649 62 49
17650 14 55
17651 14 54
17652 82 80
17653 24 28
17654 45 59
17655 34 47
17656 48 72
17657 67 90
17658 68 95
17659 70 15
17660 45 39
17661 77 26
17662 82 28
17663 41 61
17664 28 52
17665 81 91
17666 93 92
17667 42 72
17668 19 11
17669 38 51
17670 21 74
17671 77 27
17672 73 38
17673 1 17
17674 9 12
17675 26 79
17676 41 90
17677 71 65
17678 31 43
17679 57 90
17680 74 65
17681 86 65
17682 43 0
17683 3 3
17684 92 92
17685 25 28
17686 78 2
17687 76 23
17688 8 12
17689 36 32
17690 2 3
17691 84 52
17692 51 51
17693 92 55
17694 42 73
17695 60 63
17696 41 48
17697 72 78
17698 61 63
17699 36 31
17700 87 76
17701 45 95
17702 37 87
17703 17 44
17704 89 42
17705 38 50
17706 64 7
17707 41 93
17708 28 53
17709 3 3
17710 19 20
17711 46 95
17712 10 72
17713 90 17
17714 77 51
17715 31 42
17716 42 48
17717 35 47
17718 77 52
17719 26 45
17720 59 50
17721 77 26
17722 92 56
17723 31 43
17724 73 78
17725 42 72
17726 5 39
17727 17 43
17728 41 48
17729 26 46
17730 38 51
17731 85 52
17732 69 57
17733 45 58
17734 79 48
17735 64 8
17736 44 39
17737 31 56
17738 66 90
17739 4 39
17740 93 0
17741 5 39
17742 35 25
17743 34 47
17744 41 89
17745 62 50
17746 93 28
17747 35 47
17748 83 28
17749 38 50
17750 46 41
17751 24 28
17752 14 14
17753 45 59
17754 22 74
17755 76 22
17756 82 28
17757 55 47
17758 44 0
17759 36 32
17760 31 42
17761 42 48
17762 48 71
17763 9 12
17764 31 43
17765 34 47
17766 64 7
17767 35 24
17768 70 49
17769 52 51
17770 64 47
17771 88 42
17772 57 15
17773 64 8
17774 52 92
17775 82 91
17776 48 72
17777 77 51
17778 65 26
17779 39 8
17780 19 10
17781 60 63
17782 38 87
17783 43 79
17784 45 58
17785 11 70
17786 41 90
17787 62 49
17788 17 28
17789 25 28
17790 62 50
17791 21 74
17792 61 63
17793 40 4
17794 31 42
17795 42 73
17796 12 70
17797 40 93
17798 60 63
17799 77 14
17800 8 12
17801 35 25
17802 54 47
17803 23 0
17804 72 85
17805 72 84
17806 83 6
17807 35 24
17808 89 42
17809 45 59
17810 43 0
17811 41 93
17812 78 3
17813 75 65
17814 24 28
17815 70 65
17816 77 52
17817 36 31
17818 22 74
17819 19 11
17820 25 28
17821 77 51
17822 83 28
17823 57 14
17824 42 72
17825 72 19
17826 44 0
17827 41 89
17828 88 14
17829 77 34
17830 82 85
17831 19 10
17832 11 70
17833 4 39
17834 92 55
17835 48 71
17836 72 78
17837 46 12
17838 84 86
17839 2 3
17840 88 76
17841 47 49
17842 77 15
17843 47 12
17844 39 9
17845 87 14
17846 63 93
17847 61 63
17848 28 52
17849 41 90
17850 94 0
17851 18 71
17852 70 16
17853 71 65
17854 45 95
17855 10 17
17856 41 4
17857 25 79
17858 19 19
17859 70 48
17860 62 49
17861 63 94
17862 35 25
17863 40 93
17864 41 89
17865 3 3
17866 35 47
17867 57 91
17868 92 56
17869 70 49
17870 42 79
17871 64 7
17872 88 42
17873 72 57
17874 84 85
17875 45 58
17876 43 0
17877 26 22
17878 35 24
17879 76 1
17880 48 7
17881 93 0
17882 41 62
17883 48 49
17884 55 47
17885 39 8
17886 81 91
17887 73 57
17888 66 26
17889 77 33
17890 57 15
17891 70 48
17892 49 73
17893 46 95
17894 35 25
17895 64 8
17896 51 51
17897 69 58
17898 26 79
17899 57 14
17900 45 59
17901 36 32
17902 15 58
17903 39 95
17904 43 79
17905 10 18
17906 14 55
17907 62 50
17908 77 27
17909 23 1
17910 28 53
17911 57 15
17912 5 39
17913 62 49
17914 65 26
17915 76 23
17916 38 51
17917 69 57
17918 69 58
17919 25 79
17920 79 49
17921 21 74
17922 22 74
17923 52 51
17924 42 79
17925 47 49
17926 39 9
17927 39 8
17928 87 76
17929 25 22
17930 90 18
17931 70 65
17932 77 1
17933 66 26
17934 17 44
17935 41 61
17936 44 0
17937 21 84
17938 14 58
17939 26 22
17940 86 64
17941 52 91
17942 64 7
17943 25 22
17944 4 39
17945 57 14
17946 70 49
17947 70 15
17948 51 51
17949 9 12
17950 79 48
17951 88 76
17952 70 48
17953 14 54
17954 2 3
17955 58 50
17956 52 92
17957 72 57
17958 46 12
17959 64 8
17960 45 95
17961 67 90
17962 52 51
17963 14 55
17964 88 14
17965 10 17
17966 40 4
17967 41 62
17968 48 72
17969 77 52
17970 16 28
17971 52 87
17972 89 42
17973 83 7
17974 42 73
17975 24 28
17976 51 51
17977 79 49
17978 65 26
17979 74 65
17980 3 3
17981 54 47
17982 42 72
17983 45 39
17984 26 79
17985 19 71
17986 92 55
17987 31 57
17988 34 47
17989 73 57
17990 47 12
17991 17 28
17992 76 22
17993 52 91
17994 25 28
17995 66 26
17996 72 38
17997 43 79
17998 48 49
17999 15 58
18000 46 95
18001 88 42
18002 72 85
18003 28 52
18004 77 34
18005 48 8
18006 84 86
18007 63 93
18008 63 94
18009 77 33
18010 28 53
18011 60 63
18012 48 7
18013 5 39
18014 52 51
18015 2 3
18016 26 22
18017 45 40
18018 64 7
18019 41 93
18020 28 52
18021 35 47
18022 94 0
18023 77 51
18024 28 53
18025 77 26
18026 70 16
18027 90 17
18028 87 14
18029 39 9
18030 70 49
18031 84 52
18032 41 4
18033 10 73
18034 66 90
18035 19 11
18036 21 85
18037 78 2
18038 43 0
18039 84 85
18040 76 23
18041 10 72
18042 41 48
18043 24 28
18044 73 78
18045 77 52
18046 8 12
18047 17 43
18048 40 4
18049 28 52
18050 57 15
18051 19 10
18052 76 1
18053 28 53
18054 37 87
18055 45 95
18056 65 47
18057 83 6
18058 50 73
18059 71 65
18060 51 51
18061 15 14
18062 38 87
18063 14 54
18064 36 31
18065 38 50
18066 72 78
18067 62 50
18068 52 92
18069 14 14
18070 73 78
18071 46 42
18072 4 39
18073 87 76
18074 61 63
18075 82 86
18076 57 90
18077 40 93
18078 14 58
18079 59 50
18080 25 28
18081 9 12
18082 39 94
18083 17 44
18084 82 91
18085 37 87
18086 52 88
18087 42 48
18088 14 55
18089 77 1
18090 70 48
18091 45 58
18092 35 24
18093 83 7
18094 25 79
18095 45 39
18096 86 65
18097 64 15
18098 77 14
18099 88 14
18100 48 8
18101 35 25
18102 73 38
18103 81 91
18104 42 73
18105 46 95
18106 10 18
18107 77 51
18108 18 71
18109 15 14
18110 26 79
18111 77 15
18112 69 57
18113 16 28
18114 19 20
18115 38 51
18116 45 40
18117 52 87
18118 93 92
18119 14 54
18120 34 47
18121 72 78
18122 21 74
18123 14 55
18124 70 65
18125 71 65
18126 48 71
18127 41 93
18128 40 93
18129 63 93
18130 88 76
18131 14 14
18132 84 86
18133 78 3
18134 87 14
18135 52 91
18136 79 48
18137 70 49
18138 57 14
18139 46 41
18140 5 39
18141 93 27
18142 15 14
18143 82 85
18144 3 3
18145 77 14
18146 85 52
18147 42 79
18148 15 58
18149 25 22
18150 14 54
18151 77 27
18152 48 72
18153 60 63
18154 64 8
18155 93 0
18156 67 90
18157 14 55
18158 64 14
18159 36 32
18160 70 65
18161 41 48
18162 48 7
18163 8 12
18164 37 6
18165 17 43
18166 62 49
18167 42 72
18168 78 2
18169 84 85
18170 41 93
18171 52 51
18172 21 84
18173 66 90
18174 19 19
18175 36 31
18176 77 26
18177 40 93
18178 25 79
18179 48 8
18180 82 81
18181 31 56
18182 94 0
18183 77 27
18184 76 22
18185 72 57
18186 73 57
18187 87 76
18188 88 76
18189 76 1
18190 89 42
18191 64 47
18192 2 3
18193 93 0
18194 79 49
18195 83 6
18196 82 28
18197 82 86
18198 61 63
18199 71 19
18200 82 85
18201 42 73
18202 31 57
18203 10 73
18204 70 48
18205 63 94
18206 72 57
18207 41 90
18208 69 95
18209 79 48
18210 52 92
18211 84 86
18212 77 15
18213 36 32
18214 76 23
18215 57 91
18216 46 12
18217 88 42
18218 46 42
18219 19 20
18220 73 78
18221 75 65
18222 73 57
18223 48 71
18224 60 63
18225 77 52
18226 19 19
18227 47 49
18228 35 47
18229 3 3
18230 17 28
18231 46 41
18232 77 34
18233 65 47
18234 72 57
18235 38 87
18236 12 70
18237 39 95
18238 14 54
18239 26 22
18240 82 80
18241 89 42
18242 31 56
18243 19 71
18244 69 58
18245 45 39
18246 45 41
18247 77 1
18248 18 71
18249 88 14
18250 70 15
18251 72 78
18252 41 93
18253 11 70
18254 46 41
18255 82 81
18256 72 84
18257 88 42
18258 14 58
18259 26 79
18260 70 49
18261 82 80
18262 38 50
18263 74 65
18264 31 43
18265 19 71
18266 82 81
18267 51 51
18268 19 20
18269 4 39
18270 69 57
18271 10 17
18272 12 70
18273 21 85
18274 71 65
18275 90 18
18276 67 90
18277 31 42
18278 64 47
18279 11 70
18280 45 41
18281 57 15
18282 45 59
18283 35 24
18284 10 72
18285 64 7
18286 41 89
18287 42 72
18288 14 55
18289 77 26
18290 52 88
18291 77 51
18292 9 12
18293 61 63
18294 22 74
18295 55 47
18296 93 28
18297 64 15
18298 28 52
18299 21 84
18300 24 28
18301 72 85
18302 92 92
18303 28 53
18304 25 22
18305 57 90
18306 77 27
18307 63 93
18308 42 48
18309 14 54
18310 0 17
18311 17 44
18312 25 28
18313 73 78
18314 83 28
18315 39 8
18316 84 52
18317 70 16
18318 45 95
18319 83 7
18320 65 26
18321 82 91
18322 26 45
18323 87 76
18324 10 73
18325 65 47
18326 21 85
18327 66 26
18328 45 58
18329 66 90
18330 72 19
18331 41 90
18332 25 79
18333 84 85
18334 73 57
18335 57 91
18336 19 19
18337 93 27
18338 52 51
18339 86 64
18340 17 43
18341 10 72
18342 90 17
18343 77 14
18344 41 61
18345 57 90
18346 40 93
18347 10 73
18348 39 9
18349 42 73
18350 16 28
18351 52 87
18352 41 93
18353 52 91
18354 57 14
18355 82 86
18356 68 95
18357 88 76
18358 14 14
18359 60 63
18360 67 90
18361 89 42
18362 37 87
18363 77 26
18364 15 14
18365 2 3
18366 82 85
18367 77 52
18368 54 47
18369 48 7
18370 17 44
18371 76 22
18372 83 6
18373 88 42
18374 36 31
18375 70 65
18376 47 12
18377 34 47
18378 82 28
18379 23 0
18380 35 47
18381 18 71
18382 19 11
18383 3 3
18384 77 33
18385 51 51
18386 70 48
18387 77 15
18388 72 84
18389 19 71
18390 72 85
18391 72 84
18392 77 51
18393 40 93
18394 49 73
18395 92 56
18396 52 51
18397 45 59
18398 41 93
18399 39 8
18400 28 52
18401 70 15
18402 1 17
18403 69 95
18404 39 94
18405 43 79
18406 38 51
18407 40 93
18408 51 51
18409 71 65
18410 18 71
18411 39 95
18412 63 94
18413 19 71
18414 93 28
18415 61 63
18416 62 50
18417 76 23
18418 44 0
18419 21 74
18420 82 86
18421 64 14
18422 48 49
18423 72 57
18424 34 47
18425 46 41
18426 87 76
18427 46 12
18428 17 43
18429 15 58
18430 77 52
18431 86 65
18432 64 15
18433 31 43
18434 31 57
18435 90 18
18436 64 47
18437 92 55
18438 64 8
18439 64 14
18440 41 48
18441 86 64
18442 38 6
18443 72 78
18444 24 28
18445 79 49
18446 83 7
18447 45 41
18448 46 41
18449 71 19
18450 0 17
18451 14 55
18452 64 15
18453 25 28
18454 39 9
18455 22 74
18456 1 17
18457 14 58
18458 88 76
18459 47 49
18460 39 8
18461 72 85
18462 23 1
18463 70 16
18464 65 26
18465 72 84
18466 50 73
18467 46 95
18468 49 73
18469 42 48
18470 72 85
18471 93 27
18472 82 80
18473 31 42
18474 89 42
18475 57 91
18476 92 56
18477 45 40
18478 69 58
18479 86 65
18480 46 42
18481 26 79
18482 73 57
18483 12 70
18484 41 89
18485 45 95
18486 90 17
18487 14 54
18488 52 88
18489 48 72
18490 19 10
18491 43 0
18492 72 38
18493 90 18
18494 48 8
18495 39 9
18496 77 34
18497 19 11
18498 36 32
18499 77 14
18500 46 41
18501 87 14
18502 38 87
18503 10 18
18504 58 50
18505 60 63
18506 52 92
18507 77 15
18508 76 1
18509 44 0
18510 57 15
18511 46 42
18512 42 79
18513 45 39
18514 63 93
18515 61 63
18516 69 57
18517 79 48
18518 0 17
18519 39 94
18520 17 28
18521 1 17
18522 41 4
18523 26 46
18524 50 73
18525 77 27
18526 59 50
18527 35 25
18528 39 8
18529 11 70
18530 15 58
18531 77 51
18532 12 70
18533 57 90
18534 79 49
18535 48 49
18536 0 17
18537 82 85
18538 60 63
18539 79 48
18540 87 76
18541 43 0
18542 73 38
18543 52 91
18544 70 65
18545 62 49
18546 47 12
18547 82 81
18548 46 41
18549 71 65
18550 19 20
18551 70 15
18552 35 24
18553 39 95
18554 83 28
18555 16 28
18556 77 1
18557 68 95
18558 77 52
18559 38 50
18560 84 86
18561 61 63
18562 18 71
18563 39 94
18564 72 38
18565 40 4
18566 17 44
18567 82 28
18568 31 56
18569 25 79
18570 26 79
18571 41 48
18572 38 51
18573 72 57
18574 11 70
18575 88 42
18576 72 84
18577 72 19
18578 82 80
18579 17 28
18580 73 78
18581 76 22
18582 10 17
18583 37 87
18584 1 17
18585 60 63
18586 72 78
18587 64 7
18588 86 64
18589 45 41
18590 5 39
18591 4 39
18592 24 28
18593 2 3
18594 21 74
18595 57 14
18596 31 43
18597 17 43
18598 73 57
18599 69 95
18600 77 33
18601 10 72
18602 72 85
18603 46 41
18604 8 12
18605 52 87
18606 19 10
18607 70 65
18608 83 28
18609 69 58
18610 64 14
18611 83 6
18612 26 45
18613 39 95
18614 64 8
18615 71 65
18616 37 6
18617 49 73
18618 63 94
18619 26 46
18620 82 28
18621 77 51
18622 64 15
18623 14 55
18624 81 91
18625 70 49
18626 93 92
18627 48 7
18628 83 7
18629 28 53
18630 77 14
18631 76 23
18632 72 57
18633 31 57
18634 35 25
18635 38 6
18636 26 22
18637 77 52
18638 83 6
18639 73 57
18640 92 92
18641 10 73
18642 39 94
18643 64 14
18644 76 1
18645 10 18
18646 94 0
18647 46 95
18648 19 11
18649 52 51
18650 84 85
18651 73 78
18652 66 90
18653 17 44
18654 39 9
18655 90 17
18656 5 39
18657 39 8
18658 22 74
18659 71 19
18660 9 12
18661 23 0
18662 45 95
18663 75 65
18664 45 41
18665 86 65
18666 77 51
18667 19 10
18668 44 0
18669 48 71
18670 38 50
18671 93 0
18672 68 95
18673 88 14
18674 0 17
18675 16 28
18676 79 49
18677 37 6
18678 12 70
18679 42 48
18680 35 47
18681 41 4
18682 14 14
18683 19 11
18684 82 81
18685 83 7
18686 72 19
18687 65 47
18688 40 4
18689 10 72
18690 15 14
18691 41 48
18692 84 86
18693 70 16
18694 35 24
18695 4 39
18696 57 15
18697 46 41
18698 77 34
18699 38 6
18700 70 15
18701 35 25
18702 71 19
18703 48 72
18704 43 79
18705 34 47
18706 63 93
18707 92 55
18708 35 24
18709 69 57
18710 79 48
18711 26 45
18712 84 85
18713 63 94
18714 14 58
18715 31 42
18716 79 49
18717 77 33
18718 45 40
18719 47 49
18720 25 28
18721 58 50
18722 64 7
18723 72 57
18724 39 9
18725 61 63
18726 64 15
18727 14 14
18728 67 90
18729 90 18
18730 25 79
18731 92 56
18732 74 65
18733 48 71
18734 57 14
18735 31 56
18736 57 91
18737 46 95
18738 26 79
18739 55 47
18740 39 95
18741 72 78
18742 90 17
18743 15 14
18744 15 58
18745 38 51
18746 39 8
18747 8 12
18748 19 10
18749 57 15
18750 88 76
18751 64 8
18752 78 3
18753 45 39
18754 70 16
18755 21 84
18756 42 79
18757 84 86
18758 93 28
18759 52 88
18760 11 70
18761 82 80
18762 73 78
18763 41 62
18764 14 58
18765 83 28
18766 77 52
18767 87 14
18768 42 72
18769 57 90
18770 77 15
18771 42 48
18772 82 28
18773 45 41
18774 57 91
18775 43 0
18776 70 15
18777 38 87
18778 46 12
18779 46 41
18780 86 64
18781 45 58
18782 14 14
18783 43 79
18784 70 65
18785 64 14
18786 66 90
18787 45 40
18788 5 39
18789 3 3
18790 60 63
18791 54 47
18792 83 6
18793 61 63
18794 48 72
18795 45 95
18796 19 71
18797 94 0
18798 17 28
18799 82 91
18800 48 8
18801 41 90
18802 41 89
18803 18 71
18804 60 63
18805 24 28
18806 55 47
18807 21 85
18808 48 7
18809 17 43
18810 47 12
18811 52 87
18812 64 47
18813 10 17
18814 71 65
18815 82 86
18816 4 39
18817 57 14
18818 26 46
18819 73 57
18820 19 19
18821 82 85
18822 14 54
18823 12 70
18824 93 0
18825 48 71
18826 88 14
18827 48 8
18828 25 28
18829 89 42
18830 64 7
18831 70 65
18832 52 88
18833 93 92
18834 76 22
18835 76 23
18836 16 28
18837 76 22
18838 77 1
18839 66 26
18840 25 22
18841 10 73
18842 19 71
18843 42 79
18844 46 95
18845 64 15
18846 87 14
18847 46 42
18848 62 50
18849 59 50
18850 85 52
18851 82 86
18852 15 58
18853 81 91
18854 18 71
18855 64 14
18856 52 92
18857 88 14
18858 67 90
18859 38 50
18860 17 44
18861 41 4
18862 82 81
18863 87 14
18864 41 61
18865 50 73
18866 64 8
18867 41 62
18868 86 65
18869 5 39
18870 69 58
18871 86 64
18872 90 18
18873 62 49
18874 19 20
18875 84 52
18876 73 38
18877 85 52
18878 45 39
18879 19 19
18880 19 20
18881 76 1
18882 88 14
18883 83 28
18884 82 91
18885 70 48
18886 72 38
18887 19 11
18888 2 3
18889 41 93
18890 28 52
18891 77 1
18892 94 0
18893 51 51
18894 10 18
18895 31 57
18896 57 90
18897 93 27
18898 21 84
18899 37 87
18900 69 95
18901 49 73
18902 19 10
18903 46 12
18904 46 41
18905 70 16
18906 14 58
18907 57 91
18908 45 41
18909 48 49
18910 19 71
18911 83 7
18912 45 95
18913 46 41
18914 28 53
18915 77 51
18916 76 23
18917 45 59
18918 76 1
18919 23 1
18920 15 58
18921 72 57
18922 52 51
18923 45 41
18924 41 90
18925 78 2
18926 9 12
18927 77 1
18928 44 0
18929 75 65
18930 38 51
18931 72 84
18932 83 6
18933 52 91
18934 77 14
18935 69 57
18936 64 15
18937 17 28
18938 23 0
18939 87 14
18940 43 0
18941 39 9
18942 76 1
18943 43 79
18944 24 28
18945 77 15
18946 73 57
18947 18 71
18948 57 15
18949 45 58
18950 23 1
18951 83 7
18952 52 92
18953 77 26
18954 76 22
18955 45 59
18956 45 58
18957 88 42
18958 57 90
18959 48 72
18960 47 49
18961 1 17
18962 93 0
18963 94 0
18964 31 56
18965 82 28
18966 39 94
18967 72 78
18968 23 0
18969 70 49
18970 3 3
18971 57 91
18972 16 28
18973 78 3
18974 19 11
18975 10 17
18976 0 17
18977 37 6
18978 17 28
18979 64 7
18980 92 92
18981 42 79
18982 72 57
18983 38 50
18984 21 85
18985 26 45
18986 38 51
18987 82 85
18988 57 90
18989 39 93
18990 84 52
18991 77 14
18992 19 71
18993 72 19
18994 68 95
18995 76 23
18996 10 72
18997 77 27
18998 1 17
18999 19 10
19000 25 28
19001 93 0
19002 93 92
19003 26 46
19004 57 91
19005 10 18
19006 38 50
19007 77 1
19008 85 52
19009 83 28
19010 71 65
19011 47 12
19012 58 50
19013 23 1
19014 70 65
19015 64 14
19016 73 57
19017 94 0
19018 76 1
19019 46 12
19020 14 58
19021 31 43
19022 82 28
19023 14 55
19024 46 95
19025 84 52
19026 77 34
19027 77 52
19028 43 79
19029 35 25
19030 26 22
19031 63 93
19032 41 61
19033 47 12
19034 87 76
19035 28 52
19036 38 6
19037 76 22
19038 65 47
19039 17 43
19040 57 14
19041 46 12
19042 23 0
19043 71 19
19044 93 28
19045 77 1
19046 39 94
19047 38 51
19048 42 79
19049 93 0
19050 62 50
19051 0 17
19052 73 38
19053 39 8
19054 72 57
19055 69 58
19056 31 42
19057 52 87
19058 46 41
19059 19 11
19060 83 28
19061 82 80
19062 77 26
19063 77 15
19064 10 73
19065 35 24
19066 23 1
19067 90 17
19068 93 27
19069 73 57
19070 69 95
19071 17 44
19072 40 4
19073 64 15
19074 31 43
19075 68 95
19076 40 93
19077 69 95
19078 39 95
19079 15 58
19080 72 85
19081 1 17
19082 2 3
19083 88 76
19084 41 48
19085 57 90
19086 81 91
19087 93 28
19088 89 42
19089 41 93
19090 61 63
19091 48 49
19092 72 84
19093 41 4
19094 52 91
19095 64 47
19096 15 14
19097 38 50
19098 48 71
19099 88 42
19100 37 6
19101 60 63
19102 31 42
19103 44 0
19104 48 72
19105 45 59
19106 43 79
19107 14 54
19108 21 74
19109 63 94
19110 89 42
19111 64 8
19112 72 19
19113 0 17
19114 23 0
19115 88 14
19116 77 14
19117 18 71
19118 77 27
19119 14 14
19120 78 2
19121 45 58
19122 42 79
19123 77 51
19124 92 55
19125 43 0
19126 77 52
19127 72 85
19128 72 38
19129 87 14
19130 11 70
19131 88 14
19132 35 25
19133 40 93
19134 78 3
19135 19 19
19136 52 88
19137 38 51
19138 41 62
19139 79 48
19140 61 63
19141 40 4
19142 38 87
19143 92 56
19144 19 71
19145 38 50
19146 68 95
19147 72 84
19148 62 49
19149 36 31
19150 36 32
19151 47 49
19152 72 57
19153 57 15
19154 86 65
19155 41 4
19156 82 91
19157 70 48
19158 90 18
19159 73 38
19160 25 22
19161 37 87
19162 51 51
19163 45 59
19164 70 15
19165 21 84
19166 38 51
19167 24 28
19168 77 26
19169 76 23
19170 57 14
19171 8 12
19172 4 39
19173 38 87
19174 41 61
19175 47 12
19176 84 85
19177 39 9
19178 70 16
19179 83 6
19180 10 72
19181 36 31
19182 35 24
19183 64 7
19184 87 14
19185 57 15
19186 70 49
19187 73 57
19188 82 86
19189 39 8
19190 93 27
19191 64 14
19192 40 4
19193 41 62
19194 38 6
19195 57 91
19196 69 57
19197 1 17
19198 39 94
19199 41 89
19200 65 47
19201 54 47
19202 63 93
19203 73 78
19204 0 17
19205 19 10
19206 57 14
19207 57 15
19208 18 71
19209 52 51
19210 71 19
19211 77 33
19212 94 0
19213 57 14
19214 37 6
19215 52 92
19216 57 15
19217 57 14
19218 26 22
19219 41 4
19220 36 32
19221 55 47
19222 72 78
19223 10 73
19224 44 0
19225 74 65
19226 26 45
19227 66 90
19228 90 17
19229 43 0
19230 38 6
19231 35 25
19232 88 14
19233 21 85
19234 65 26
19235 23 1
19236 59 50
19237 81 91
19238 45 40
19239 31 57
19240 42 48
19241 87 76
19242 71 65
19243 78 2
19244 70 15
19245 25 28
19246 92 55
19247 52 91
19248 37 6
19249 54 47
19250 38 50
19251 46 42
19252 43 79
19253 88 76
19254 55 47
19255 45 58
19256 83 7
19257 12 70
19258 82 81
19259 77 27
19260 77 51
19261 46 41
19262 38 6
19263 19 20
19264 31 43
19265 85 52
19266 62 50
19267 26 46
19268 42 73
19269 69 95
19270 77 52
19271 70 48
19272 92 56
19273 45 39
19274 31 42
19275 60 63
19276 78 3
19277 57 15
19278 92 92
19279 64 8
19280 11 70
19281 38 51
19282 37 6
19283 14 55
19284 67 90
19285 58 50
19286 77 34
19287 86 64
19288 72 57
19289 41 61
19290 9 12
19291 76 22
19292 40 4
19293 66 26
19294 88 42
19295 52 92
19296 57 14
19297 68 95
19298 61 63
19299 69 58
19300 72 19
19301 45 59
19302 69 57
19303 87 14
19304 39 9
19305 23 0
19306 69 95
19307 39 8
19308 54 47
19309 52 91
19310 19 71
19311 62 49
19312 68 95
19313 48 7
19314 57 15
19315 48 49
19316 70 49
19317 10 72
19318 82 91
19319 65 26
19320 77 33
19321 45 40
19322 14 58
19323 84 86
19324 24 28
19325 16 28
19326 52 92
19327 84 52
19328 88 14
19329 82 85
19330 78 2
19331 18 71
19332 71 19
19333 38 6
19334 82 86
19335 41 93
19336 1 17
19337 72 19
19338 19 11
19339 66 26
19340 31 43
19341 90 18
19342 10 73
19343 77 15
19344 26 45
19345 10 17
19346 38 50
19347 59 50
19348 50 73
19349 82 85
19350 57 14
19351 60 63
19352 47 49
19353 93 28
19354 76 1
19355 10 72
19356 17 28
19357 58 50
19358 57 90
19359 41 48
19360 40 93
19361 45 39
19362 64 15
19363 73 78
19364 77 26
19365 15 58
19366 45 58
19367 41 62
19368 62 50
19369 14 58
19370 69 95
19371 22 74
19372 70 65
19373 51 51
19374 87 14
19375 21 84
19376 84 85
19377 77 1
19378 86 65
19379 86 64
19380 41 90
19381 42 48
19382 77 34
19383 10 18
19384 44 0
19385 93 92
19386 23 1
19387 14 54
19388 48 49
19389 45 95
19390 82 80
19391 25 28
19392 39 95
19393 31 42
19394 19 71
19395 57 91
19396 72 85
19397 41 61
19398 92 92
19399 75 65
19400 18 71
19401 76 1
19402 39 9
19403 82 81
19404 8 12
19405 3 3
19406 41 48
19407 42 72
19408 71 65
19409 23 0
19410 12 70
19411 62 49
19412 46 95
19413 39 94
19414 11 70
19415 41 62
19416 77 33
19417 64 47
19418 55 47
19419 15 58
19420 69 58
19421 70 65
19422 24 28
19423 48 8
19424 84 86
19425 82 80
19426 25 28
19427 92 55
19428 73 57
19429 93 27
19430 17 43
19431 41 61
19432 41 89
19433 39 8
19434 77 34
19435 45 59
19436 25 79
19437 45 58
19438 82 86
19439 35 47
19440 35 24
19441 77 33
19442 82 85
19443 37 87
19444 52 51
19445 65 26
19446 19 71
19447 31 43
19448 57 90
19449 19 10
19450 38 51
19451 72 57
19452 71 65
19453 14 58
19454 14 55
19455 39 95
19456 43 0
19457 77 34
19458 24 28
19459 0 17
19460 31 56
19461 25 28
19462 12 70
19463 54 47
19464 15 14
19465 21 74
19466 14 14
19467 23 1
19468 41 4
19469 45 40
19470 93 0
19471 41 93
19472 42 73
19473 77 33
19474 34 47
19475 59 50
19476 19 11
19477 5 39
19478 45 95
19479 71 19
19480 26 46
19481 72 84
19482 72 78
19483 45 59
19484 14 54
19485 68 95
19486 23 0
19487 77 51
19488 81 91
19489 2 3
19490 45 39
19491 41 62
19492 31 42
19493 19 19
19494 66 26
19495 72 38
19496 82 91
19497 72 19
19498 42 72
19499 14 55
19500 10 73
19501 42 79
19502 51 51
19503 19 20
19504 46 12
19505 83 6
19506 40 93
19507 82 86
19508 45 58
19509 70 48
19510 24 28
19511 9 12
19512 10 72
19513 93 92
19514 72 85
19515 10 17
19516 28 53
19517 85 52
19518 45 40
19519 72 84
19520 82 81
19521 84 85
19522 31 57
19523 18 71
19524 42 48
19525 45 39
19526 77 1
19527 57 91
19528 63 94
19529 73 57
19530 17 44
19531 73 78
19532 76 1
19533 69 95
19534 55 47
19535 71 19
19536 77 14
19537 39 9
19538 31 56
19539 4 39
19540 45 40
19541 77 1
19542 77 15
19543 26 45
19544 19 71
19545 42 73
19546 52 91
19547 72 78
19548 26 79
19549 22 74
19550 11 70
19551 41 61
19552 65 26
19553 92 92
19554 68 95
19555 25 28
19556 15 58
19557 1 17
19558 39 8
19559 92 56
19560 73 78
19561 79 49
19562 63 93
19563 66 90
19564 93 28
19565 77 14
19566 44 0
19567 78 3
19568 19 10
19569 74 65
19570 72 19
19571 31 57
19572 57 15
19573 77 27
19574 89 42
19575 83 7
19576 16 28
19577 10 18
19578 36 31
19579 14 58
19580 52 51
19581 12 70
19582 23 1
19583 25 22
19584 58 50
19585 23 0
19586 66 26
19587 51 51
19588 78 2
19589 79 48
19590 10 17
19591 82 80
19592 35 47
19593 77 26
19594 76 23
19595 72 85
19596 3 3
19597 81 91
19598 52 51
19599 5 39
19600 10 18
19601 62 50
19602 52 92
19603 26 22
19604 31 43
19605 48 7
19606 35 25
19607 24 28
19608 25 28
19609 41 93
19610 21 74
19611 64 14
19612 39 9
19613 14 54
19614 73 38
19615 72 78
19616 77 15
19617 73 78
19618 90 17
19619 69 95
19620 51 51
19621 4 39
19622 39 94
19623 72 78
19624 19 11
19625 63 94
19626 92 55
19627 49 73
19628 19 10
19629 31 42
19630 45 59
19631 41 90
19632 94 0
19633 52 91
19634 47 49
19635 0 17
19636 71 19
19637 76 1
19638 26 46
19639 5 39
19640 45 58
19641 42 72
19642 72 84
19643 64 7
19644 17 43
19645 76 22
19646 23 1
19647 11 70
19648 25 22
19649 72 38
19650 48 71
19651 93 0
19652 24 28
19653 90 18
19654 42 73
19655 39 93
19656 45 39
19657 75 65
19658 15 14
19659 12 70
19660 78 3
19661 36 32
19662 59 50
19663 82 81
19664 77 1
19665 77 27
19666 31 56
19667 45 59
19668 37 6
19669 92 56
19670 45 58
19671 94 0
19672 82 85
19673 67 90
19674 11 70
19675 78 2
19676 93 0
19677 83 6
19678 40 4
19679 26 45
19680 26 46
19681 41 62
19682 86 65
19683 84 52
19684 57 14
19685 63 93
19686 14 55
19687 45 40
19688 41 94
19689 26 22
19690 85 52
19691 92 55
19692 82 80
19693 43 79
19694 69 57
19695 39 8
19696 66 90
19697 34 47
19698 45 59
19699 50 73
19700 82 28
19701 43 0
19702 52 51
19703 23 0
19704 87 76
19705 18 71
19706 44 0
19707 62 49
19708 19 11
19709 78 3
19710 28 52
19711 14 54
19712 68 95
19713 88 42
19714 35 47
19715 65 47
19716 52 87
19717 86 64
19718 41 93
19719 48 49
19720 77 14
19721 77 52
19722 76 23
19723 70 65
19724 12 70
19725 31 43
19726 88 76
19727 87 76
19728 88 14
19729 82 86
19730 42 72
19731 83 7
19732 52 92
19733 93 92
19734 8 12
19735 41 61
19736 70 16
19737 64 8
19738 22 74
19739 25 79
19740 10 17
19741 48 72
19742 41 4
19743 51 51
19744 11 70
19745 39 9
19746 46 95
19747 74 65
19748 77 15
19749 58 50
19750 84 86
19751 12 70
19752 10 73
19753 48 8
19754 38 87
19755 64 47
19756 45 39
19757 41 89
19758 49 73
19759 48 71
19760 52 51
19761 41 48
19762 21 74
19763 82 85
19764 65 47
19765 75 65
19766 69 95
19767 41 90
19768 10 18
19769 41 89
19770 61 63
19771 83 6
19772 47 12
19773 17 44
19774 57 90
19775 41 94
19776 92 56
19777 31 57
19778 64 15
19779 82 86
19780 10 72
19781 41 90
19782 42 73
19783 21 85
19784 76 22
19785 64 7
19786 82 85
19787 94 0
19788 48 7
19789 45 41
19790 44 39
19791 26 45
19792 42 48
19793 37 87
19794 77 14
19795 31 56
19796 77 51
19797 10 17
19798 92 55
19799 89 42
19800 70 49
19801 31 42
19802 83 28
19803 82 81
19804 77 34
19805 10 73
19806 42 79
19807 50 73
19808 2 3
19809 10 72
19810 11 70
19811 82 86
19812 48 8
19813 82 85
19814 25 28
19815 31 57
19816 62 50
19817 3 3
19818 23 1
19819 57 15
19820 41 62
19821 38 6
19822 45 58
19823 12 70
19824 35 24
19825 79 49
19826 22 74
19827 77 52
19828 52 88
19829 70 48
19830 19 71
19831 65 26
19832 35 25
19833 2 3
19834 31 43
19835 31 56
19836 3 3
19837 26 79
19838 39 94
19839 48 7
19840 48 72
19841 21 84
19842 78 2
19843 68 95
19844 86 65
19845 48 8
19846 71 65
19847 69 58
19848 11 70
19849 45 59
19850 28 53
19851 17 43
19852 24 28
19853 62 49
19854 72 57
19855 59 50
19856 86 64
19857 93 0
19858 63 94
19859 88 76
19860 42 72
19861 40 4
19862 73 38
19863 77 33
19864 41 61
19865 41 89
19866 87 14
19867 23 0
19868 48 7
19869 10 18
19870 64 47
19871 17 44
19872 93 27
19873 45 39
19874 15 58
19875 65 47
19876 47 49
19877 21 85
19878 45 58
19879 14 58
19880 77 34
19881 41 48
19882 38 87
19883 79 48
19884 45 59
19885 43 79
19886 78 3
19887 70 15
19888 62 50
19889 9 12
19890 41 62
19891 70 49
19892 37 87
19893 25 79
19894 88 42
19895 72 38
19896 46 12
19897 43 0
19898 42 79
19899 48 8
19900 79 49
19901 94 0
19902 41 61
19903 19 10
19904 21 84
19905 19 11
19906 67 90
19907 45 95
19908 92 56
19909 73 38
19910 70 16
19911 39 93
19912 92 55
19913 18 71
19914 43 79
19915 72 19
19916 37 6
19917 26 46
19918 58 50
19919 82 28
19920 42 73
19921 66 26
19922 70 65
19923 39 8
19924 86 65
19925 36 31
19926 48 49
19927 76 23
19928 42 72
19929 31 42
19930 46 41
19931 66 90
19932 45 41
19933 31 43
19934 21 85
19935 77 15
19936 64 47
19937 21 74
19938 28 52
19939 67 90
19940 77 51
19941 76 22
19942 23 1
19943 12 70
19944 41 62
19945 70 15
19946 76 23
19947 10 17
19948 46 95
19949 41 93
19950 72 38
19951 22 74
19952 77 14
19953 60 63
19954 93 0
19955 41 4
19956 45 58
19957 48 71
19958 19 71
19959 51 51
19960 42 79
19961 83 28
19962 92 92
19963 28 53
19964 82 28
19965 46 41
19966 43 79
19967 45 59
19968 93 28
19969 39 94
19970 38 50
19971 40 93
19972 87 76
19973 26 45
19974 74 65
19975 26 79
19976 45 41
19977 86 64
19978 19 19
19979 62 49
19980 88 14
19981 45 95
19982 84 52
19983 10 73
19984 41 90
19985 40 4
19986 64 8
19987 34 47
19988 38 51
19989 46 41
19990 90 17
19991 19 10
19992 38 6
19993 47 12
19994 77 33
19995 45 40
19996 38 87
19997 82 80
19998 21 84
19999 45 58
20000 92 56
20001 73 78
20002 57 91
20003 72 78
20004 73 38
20005 62 50
20006 82 91
20007 75 65
20008 73 78
20009 64 7
20010 19 11
20011 69 95
20012 8 12
20013 63 93
20014 82 81
20015 23 0
20016 82 80
20017 69 57
20018 2 3
20019 28 52
20020 10 18
20021 14 55
20022 42 79
20023 49 73
20024 64 8
20025 73 57
20026 52 87
20027 46 42
20028 45 59
20029 77 52
20030 45 39
20031 39 9
20032 21 74
20033 82 86
20034 86 65
20035 85 52
20036 37 87
20037 66 90
20038 57 14
20039 88 76
20040 52 88
20041 46 41
20042 48 72
20043 74 65
20044 25 79
20045 44 0
20046 37 6
20047 77 51
20048 48 7
20049 38 50
20050 61 63
20051 19 10
20052 31 42
20053 76 1
20054 68 95
20055 26 79
20056 78 2
20057 41 4
20058 22 74
20059 10 72
20060 83 7
20061 17 43
20062 23 1
20063 18 71
20064 69 95
20065 38 6
20066 64 14
20067 60 63
20068 42 73
20069 40 4
20070 94 0
20071 25 22
20072 57 90
20073 10 17
20074 59 50
20075 28 53
20076 39 8
20077 14 14
20078 52 51
20079 78 3
20080 65 47
20081 70 16
20082 48 71
20083 90 18
20084 57 91
20085 77 34
20086 64 7
20087 76 22
20088 76 23
20089 77 1
20090 72 57
20091 45 41
20092 54 47
20093 21 85
20094 9 12
20095 72 38
20096 93 0
20097 4 39
20098 64 15
20099 38 51
20100 78 2
20101 1 17
20102 69 58
20103 65 26
20104 11 70
20105 31 57
20106 46 41
20107 58 50
20108 21 84
20109 21 74
20110 71 19
20111 31 56
20112 35 47
20113 19 71
20114 51 51
20115 37 6
20116 70 15
20117 35 24
20118 86 64
20119 34 47
20120 82 81
20121 64 47
20122 47 49
20123 5 39
20124 35 47
20125 39 95
20126 93 27
20127 67 90
20128 43 79
20129 50 73
20130 76 1
20131 64 14
20132 38 50
20133 84 52
20134 82 85
20135 77 1
20136 48 49
20137 45 41
20138 83 28
20139 85 52
20140 38 6
20141 59 50
20142 15 14
20143 8 12
20144 62 49
20145 86 65
20146 31 57
20147 64 15
20148 81 91
20149 21 85
20150 61 63
20151 65 47
20152 23 0
20153 64 8
20154 78 3
20155 35 25
20156 25 79
20157 82 86
20158 70 48
20159 31 43
20160 77 15
20161 52 51
20162 84 85
20163 77 26
20164 77 33
20165 9 12
20166 28 52
20167 23 1
20168 63 94
20169 66 90
20170 36 32
20171 76 1
20172 87 76
20173 45 58
20174 10 18
20175 28 53
20176 70 49
20177 82 91
20178 57 15
20179 17 44
20180 41 89
20181 47 49
20182 87 14
20183 31 56
20184 10 73
20185 14 54
20186 92 55
20187 93 28
20188 46 12
20189 41 93
20190 34 47
20191 62 50
20192 18 71
20193 63 93
20194 37 6
20195 17 28
20196 72 19
20197 36 31
20198 28 52
20199 25 28
20200 78 2
20201 28 53
20202 83 6
20203 52 91
20204 48 72
20205 38 87
20206 82 80
20207 79 48
20208 48 71
20209 64 47
20210 62 49
20211 64 7
20212 90 17
20213 42 48
20214 82 85
20215 71 19
20216 51 51
20217 72 85
20218 12 70
20219 11 70
20220 41 4
20221 69 57
20222 41 61
20223 52 51
20224 64 8
20225 62 50
20226 24 28
20227 52 92
20228 82 81
20229 71 65
20230 84 86
20231 12 70
20232 26 22
20233 39 9
20234 17 43
20235 40 4
20236 48 8
20237 28 52
20238 39 94
20239 88 14
20240 38 6
20241 94 0
20242 52 91
20243 17 44
20244 28 53
20245 17 43
20246 46 95
20247 37 87
20248 14 14
20249 60 63
20250 70 65
20251 75 65
20252 23 0
20253 31 42
20254 4 39
20255 71 65
20256 84 85
20257 72 78
20258 93 92
20259 84 52
20260 48 49
20261 10 17
20262 5 39
20263 65 47
20264 77 52
20265 48 72
20266 77 34
20267 14 55
20268 26 79
20269 82 80
20270 82 28
20271 70 16
20272 90 18
20273 81 91
20274 15 58
20275 35 24
20276 8 12
20277 42 72
20278 10 72
20279 57 90
20280 23 1
20281 25 79
20282 45 95
20283 74 65
20284 10 73
20285 38 51
20286 61 63
20287 84 86
20288 77 33
20289 79 49
20290 31 43
20291 76 22
20292 14 54
20293 75 65
20294 43 0
20295 92 56
20296 62 49
20297 67 90
20298 79 48
20299 79 49
20300 25 22
20301 10 18
20302 78 3
20303 14 58
20304 19 11
20305 38 50
20306 26 22
20307 38 51
20308 70 65
20309 84 85
20310 28 52
20311 41 90
20312 64 47
20313 73 78
20314 19 71
20315 52 92
20316 42 79
20317 10 72
20318 35 25
20319 39 8
20320 35 47
20321 36 32
20322 25 22
20323 19 10
20324 92 55
20325 86 64
20326 79 48
20327 23 0
20328 83 7
20329 87 14
20330 77 51
20331 72 19
20332 93 27
20333 92 56
20334 23 1
20335 38 87
20336 77 27
20337 82 86
20338 18 71
20339 15 58
20340 68 95
20341 88 14
20342 22 74
20343 82 81
20344 19 11
20345 14 55
20346 19 10
20347 88 76
20348 28 53
20349 19 20
20350 47 49
20351 93 0
20352 10 17
20353 70 15
20354 46 95
20355 65 47
20356 41 89
20357 52 87
20358 71 19
20359 37 87
20360 41 4
20361 87 14
20362 88 14
20363 83 6
20364 48 49
20365 90 17
20366 45 95
20367 84 86
20368 21 74
20369 28 52
20370 76 23
20371 17 44
20372 94 0
20373 77 34
20374 3 3
20375 40 93
20376 82 91
20377 93 0
20378 10 18
20379 92 92
20380 19 71
20381 90 18
20382 69 95
20383 89 42
20384 60 63
20385 69 58
20386 72 78
20387 43 79
20388 38 50
20389 92 55
20390 39 9
20391 58 50
20392 19 11
20393 37 6
20394 10 73
20395 18 71
20396 64 47
20397 92 56
20398 77 33
20399 41 62
20400 31 57
20401 64 14
20402 42 79
20403 41 93
20404 81 91
20405 41 48
20406 48 71
20407 23 0
20408 64 15
20409 25 28
20410 39 93
20411 86 65
20412 63 94
20413 23 1
20414 26 22
20415 83 7
20416 48 72
20417 34 47
20418 88 42
20419 46 95
20420 31 56
20421 74 65
20422 87 14
20423 48 7
20424 41 61
20425 44 39
20426 55 47
20427 45 95
20428 70 16
20429 23 0
20430 39 8
20431 77 52
20432 42 48
20433 73 57
20434 11 70
20435 77 51
20436 31 42
20437 77 1
20438 26 79
20439 66 90
20440 4 39
20441 86 64
20442 83 28
20443 84 85
20444 72 57
20445 73 78
20446 47 49
20447 19 19
20448 5 39
20449 23 1
20450 10 72
20451 65 47
20452 77 26
20453 19 71
20454 26 46
20455 45 59
20456 82 85
20457 45 39
20458 57 14
20459 51 51
20460 48 49
20461 77 14
20462 92 55
20463 25 79
20464 47 12
20465 36 31
20466 41 48
20467 10 73
20468 28 53
20469 22 74
20470 14 58
20471 15 58
20472 77 15
20473 57 15
20474 93 28
20475 38 6
20476 40 4
20477 48 8
20478 35 24
20479 93 92
20480 61 63
20481 66 26
20482 52 51
20483 48 71
20484 36 32
20485 25 22
20486 16 28
20487 77 27
20488 57 91
20489 73 57
20490 42 73
20491 51 51
20492 72 78
20493 93 27
20494 59 50
20495 19 10
20496 39 9
20497 89 42
20498 77 34
20499 57 14
20500 85 52
20501 28 52
20502 82 91
20503 47 49
20504 17 43
20505 72 84
20506 45 58
20507 48 49
20508 46 95
20509 42 72
20510 58 50
20511 19 20
20512 44 0
20513 77 52
20514 70 48
20515 10 17
20516 77 33
20517 82 28
20518 44 39
20519 41 62
20520 10 18
20521 23 0
20522 75 65
20523 64 47
20524 84 52
20525 39 8
20526 47 49
20527 10 72
20528 70 49
20529 48 7
20530 52 91
20531 0 17
20532 93 28
20533 73 38
20534 52 88
20535 10 17
20536 35 47
20537 39 9
20538 73 78
20539 60 63
20540 45 95
20541 83 6
20542 12 70
20543 39 8
20544 43 79
20545 42 73
20546 72 85
20547 1 17
20548 45 59
20549 39 9
20550 72 38
20551 78 2
20552 72 84
20553 28 53
20554 41 4
20555 86 65
20556 64 14
20557 84 86
20558 9 12
20559 64 15
20560 46 41
20561 39 8
20562 46 12
20563 39 94
20564 77 26
20565 93 27
20566 35 25
20567 83 28
20568 86 64
20569 65 47
20570 54 47
20571 84 85
20572 36 31
20573 48 72
20574 45 39
20575 88 42
20576 76 1
20577 46 95
20578 26 22
20579 78 3
20580 65 26
20581 45 58
20582 78 2
20583 72 57
20584 57 15
20585 40 93
20586 48 49
20587 8 12
20588 14 54
20589 76 22
20590 24 28
20591 38 51
20592 72 85
20593 48 8
20594 52 51
20595 71 65
20596 14 58
20597 45 95
20598 47 49
20599 77 14
20600 42 72
20601 62 50
20602 39 9
20603 26 45
20604 81 91
20605 72 19
20606 57 90
20607 82 86
20608 63 93
20609 90 17
20610 38 50
20611 92 92
20612 42 79
20613 41 61
20614 48 71
20615 15 14
20616 34 47
20617 55 47
20618 31 57
20619 51 51
20620 48 7
20621 40 4
20622 77 34
20623 77 27
20624 82 28
20625 77 26
20626 93 28
20627 37 6
20628 14 55
20629 42 48
20630 41 62
20631 10 73
20632 31 43
20633 14 54
20634 46 95
20635 62 49
20636 18 71
20637 45 59
20638 4 39
20639 92 56
20640 14 14
20641 82 80
20642 77 27
20643 23 1
20644 63 94
20645 77 51
20646 83 7
20647 41 90
20648 83 6
20649 77 1
20650 73 57
20651 57 14
20652 38 87
20653 77 26
20654 15 14
20655 62 50
20656 48 72
20657 2 3
20658 76 23
20659 67 90
20660 62 49
20661 26 46
20662 52 92
20663 94 0
20664 41 61
20665 17 28
20666 3 3
20667 25 28
20668 0 17
20669 52 51
20670 48 71
20671 57 15
20672 45 95
20673 82 91
20674 85 52
20675 77 15
20676 76 22
20677 37 87
20678 77 14
20679 38 51
20680 11 70
20681 2 3
20682 14 14
20683 25 22
20684 31 42
20685 21 74
20686 10 18
20687 14 55
20688 48 72
20689 83 7
20690 45 58
20691 17 44
20692 84 52
20693 43 0
20694 3 3
20695 10 17
20696 43 79
20697 78 3
20698 36 32
20699 45 59
20700 39 8
20701 48 49
20702 39 9
20703 93 0
20704 52 91
20705 47 12
20706 72 84
20707 19 71
20708 66 26
20709 64 47
20710 17 43
20711 26 79
20712 76 1
20713 92 55
20714 57 91
20715 89 42
20716 45 41
20717 63 93
20718 68 95
20719 42 79
20720 10 18
20721 92 56
20722 49 73
20723 48 8
20724 46 41
20725 88 14
20726 93 27
20727 64 7
20728 92 55
20729 21 84
20730 12 70
20731 50 73
20732 88 42
20733 45 40
20734 41 93
20735 61 63
20736 45 39
20737 90 18
20738 38 87
20739 59 50
20740 78 2
20741 77 33
20742 70 65
20743 94 0
20744 82 85
20745 70 15
20746 41 48
20747 45 40
20748 77 15
20749 64 8
20750 44 0
20751 93 28
20752 10 17
20753 71 65
20754 37 87
20755 72 85
20756 28 52
20757 25 79
20758 69 57
20759 69 95
20760 73 38
20761 26 79
20762 15 14
20763 43 0
20764 84 86
20765 72 38
20766 48 7
20767 46 42
20768 77 27
20769 18 71
20770 66 90
20771 38 6
20772 58 50
20773 62 50
20774 57 14
20775 10 18
20776 5 39
20777 63 94
20778 71 19
20779 26 22
20780 38 50
20781 38 51
20782 93 92
20783 41 89
20784 19 71
20785 62 49
20786 69 58
20787 59 50
20788 72 84
20789 10 17
20790 73 38
20791 65 26
20792 90 17
20793 72 78
20794 22 74
20795 58 50
20796 77 34
20797 70 65
20798 17 44
20799 77 33
20800 42 73
20801 72 19
20802 35 47
20803 71 65
20804 52 92
20805 85 52
20806 77 34
20807 70 48
20808 67 90
20809 54 47
20810 70 49
20811 25 79
20812 48 71
20813 17 43
20814 42 48
20815 48 72
20816 81 91
20817 59 50
20818 34 47
20819 14 54
20820 4 39
20821 63 93
20822 72 57
20823 66 90
20824 82 91
20825 57 15
20826 48 71
20827 10 72
20828 19 11
20829 69 57
20830 66 26
20831 82 81
20832 35 24
20833 19 10
20834 47 49
20835 52 87
20836 73 57
20837 23 0
20838 93 27
20839 63 94
20840 24 28
20841 57 90
20842 41 90
20843 16 28
20844 23 1
20845 31 56
20846 15 58
20847 90 18
20848 72 85
20849 77 52
20850 45 58
20851 52 91
20852 77 14
20853 23 0
20854 87 14
20855 92 92
20856 71 19
20857 77 33
20858 76 23
20859 48 72
20860 72 84
20861 26 45
20862 73 78
20863 38 50
20864 14 58
20865 70 48
20866 40 93
20867 72 19
20868 57 91
20869 5 39
20870 2 3
20871 84 52
20872 72 78
20873 4 39
20874 46 95
20875 41 89
20876 31 57
20877 68 95
20878 82 80
20879 41 90
20880 77 51
20881 64 7
20882 26 46
20883 72 85
20884 51 51
20885 77 52
20886 26 79
20887 25 28
20888 62 50
20889 23 1
20890 45 39
20891 85 52
20892 31 43
20893 41 89
20894 17 44
20895 41 62
20896 73 78
20897 49 73
20898 19 11
20899 35 25
20900 52 88
20901 67 90
20902 41 93
20903 50 73
20904 72 84
20905 28 53
20906 17 43
20907 15 58
20908 93 0
20909 60 63
20910 93 92
20911 77 26
20912 81 91
20913 36 31
20914 92 56
20915 77 1
20916 65 26
20917 84 85
20918 24 28
20919 10 18
20920 89 42
20921 69 95
20922 57 90
20923 25 22
20924 58 50
20925 48 71
20926 39 93
20927 65 47
20928 62 49
20929 59 50
20930 35 47
20931 43 79
20932 19 19
20933 55 47
20934 54 47
20935 82 81
20936 36 32
20937 41 94
20938 68 95
20939 57 14
20940 48 49
20941 83 6
20942 72 38
20943 39 94
20944 5 39
20945 76 1
20946 90 17
20947 52 92
20948 10 17
20949 47 49
20950 62 50
20951 21 85
20952 82 80
20953 48 72
20954 28 52
20955 52 51
20956 72 85
20957 90 18
20958 10 73
20959 84 86
20960 36 31
20961 49 73
20962 57 91
20963 73 38
20964 19 10
20965 45 59
20966 45 58
20967 39 93
20968 10 72
20969 45 95
20970 78 3
20971 14 58
20972 46 95
20973 31 42
20974 34 47
20975 19 20
20976 41 90
20977 83 7
20978 17 28
20979 19 11
20980 72 38
20981 82 81
20982 35 47
20983 35 24
20984 41 61
20985 70 49
20986 70 48
20987 25 28
20988 79 49
20989 71 19
20990 77 51
20991 62 49
20992 23 0
20993 41 48
20994 48 49
20995 84 85
20996 14 14
20997 83 6
20998 41 93
20999 15 58
21000 76 22
21001 74 65
21002 45 59
21003 78 2
21004 76 23
21005 64 14
21006 19 19
21007 84 52
21008 72 19
21009 86 65
21010 66 26
21011 69 95
21012 65 26
21013 75 65
21014 19 10
21015 41 89
21016 86 64
21017 77 34
21018 85 52
21019 11 70
21020 90 17
21021 38 51
21022 35 25
21023 48 71
21024 21 84
21025 28 53
21026 93 28
21027 37 6
21028 51 51
21029 42 79
21030 94 0
21031 38 50
21032 58 50
21033 31 56
21034 76 22
21035 38 87
21036 39 94
21037 45 95
21038 14 55
21039 52 91
21040 42 72
21041 10 73
21042 93 0
21043 46 12
21044 69 58
21045 48 72
21046 48 71
21047 55 47
21048 43 79
21049 52 51
21050 77 1
21051 21 74
21052 61 63
21053 57 90
21054 14 58
21055 35 24
21056 18 71
21057 70 49
21058 83 7
21059 62 50
21060 37 87
21061 42 73
21062 46 41
21063 31 57
21064 35 25
21065 69 57
21066 38 51
21067 19 71
21068 79 48
21069 45 58
21070 48 72
21071 10 18
21072 23 1
21073 69 58
21074 52 87
21075 25 79
21076 66 90
21077 34 47
21078 76 1
21079 88 42
21080 19 11
21081 84 86
21082 19 20
21083 90 18
21084 70 48
21085 82 80
21086 66 26
21087 26 22
21088 44 0
21089 21 85
21090 69 57
21091 4 39
21092 60 63
21093 61 63
21094 82 86
21095 64 15
21096 42 72
21097 71 19
21098 9 12
21099 72 84
21100 18 71
21101 70 49
21102 79 49
21103 78 3
21104 92 92
21105 70 48
21106 59 50
21107 41 62
21108 46 95
21109 38 87
21110 72 78
21111 19 71
21112 1 17
21113 39 8
21114 26 79
21115 48 71
21116 82 91
21117 72 57
21118 69 58
21119 73 38
21120 90 17
21121 35 47
21122 25 79
21123 26 45
21124 62 49
21125 50 73
21126 64 14
21127 10 72
21128 83 28
21129 60 63
21130 43 0
21131 65 26
21132 14 54
21133 77 52
21134 15 14
21135 45 41
21136 86 65
21137 44 39
21138 10 17
21139 5 39
21140 84 85
21141 61 63
21142 36 32
21143 52 88
21144 38 6
21145 3 3
21146 8 12
21147 84 52
21148 14 14
21149 64 47
21150 22 74
21151 60 63
21152 31 43
21153 48 72
21154 69 57
21155 19 10
21156 68 95
21157 63 93
21158 24 28
21159 45 39
21160 41 4
21161 17 44
21162 19 19
21163 84 86
21164 66 26
21165 89 42
21166 76 23
21167 88 14
21168 81 91
21169 9 12
21170 93 27
21171 17 43
21172 73 57
21173 77 15
21174 72 19
21175 26 79
21176 48 71
21177 25 22
21178 25 28
21179 70 65
21180 86 64
21181 41 61
21182 70 16
21183 77 1
21184 86 65
21185 77 33
21186 77 14
21187 10 18
21188 2 3
21189 39 93
21190 42 48
21191 82 81
21192 87 14
21193 42 73
21194 47 49
21195 62 50
21196 45 59
21197 69 95
21198 77 51
21199 71 19
21200 77 34
21201 90 18
21202 10 17
21203 39 94
21204 47 12
21205 68 95
21206 93 92
21207 23 0
21208 58 50
21209 76 1
21210 78 2
21211 90 17
21212 12 70
21213 49 73
21214 15 58
21215 87 76
21216 40 93
21217 48 49
21218 77 27
21219 37 87
21220 62 49
21221 65 26
21222 76 22
21223 57 15
21224 24 28
21225 28 52
21226 8 12
21227 41 90
21228 82 91
21229 74 65
21230 64 8
21231 63 94
21232 71 65
21233 45 58
21234 11 70
21235 41 48
21236 44 39
21237 90 18
21238 45 59
21239 88 76
21240 38 87
21241 54 47
21242 66 26
21243 72 19
21244 14 55
21245 85 52
21246 76 23
21247 18 71
21248 75 65
21249 21 74
21250 82 85
21251 48 8
21252 52 87
21253 87 76
21254 45 58
21255 88 42
21256 45 39
21257 31 56
21258 14 58
21259 92 55
21260 52 88
21261 28 53
21262 71 19
21263 9 12
21264 69 95
21265 82 80
21266 41 93
21267 82 81
21268 48 7
21269 84 52
21270 70 49
21271 21 84
21272 46 12
21273 4 39
21274 57 14
21275 85 52
21276 72 85
21277 94 0
21278 72 38
21279 67 90
21280 74 65
21281 52 87
21282 0 17
21283 36 31
21284 46 41
21285 31 42
21286 44 0
21287 52 92
21288 48 72
21289 77 15
21290 59 50
21291 31 57
21292 31 43
21293 14 54
21294 15 14
21295 66 90
21296 72 19
21297 5 39
21298 38 50
21299 45 41
21300 69 58
21301 26 22
21302 73 38
21303 17 44
21304 17 43
21305 12 70
21306 70 15
21307 41 89
21308 14 55
21309 15 58
21310 61 63
21311 11 70
21312 92 92
21313 70 48
21314 81 91
21315 93 0
21316 92 56
21317 77 1
21318 52 91
21319 70 16
21320 40 4
21321 70 65
21322 21 85
21323 89 42
21324 82 28
21325 50 73
21326 64 15
21327 92 55
21328 77 33
21329 42 79
21330 76 22
21331 10 18
21332 88 14
21333 77 52
21334 25 28
21335 41 62
21336 44 39
21337 14 54
21338 40 93
21339 84 52
21340 76 23
21341 3 3
21342 48 8
21343 10 73
21344 65 26
21345 82 80
21346 47 12
21347 84 85
21348 67 90
21349 58 50
21350 55 47
21351 49 73
21352 46 41
21353 79 48
21354 23 1
21355 31 56
21356 45 41
21357 37 6
21358 42 48
21359 92 56
21360 46 41
21361 93 28
21362 87 14
21363 45 39
21364 39 95
21365 82 81
21366 14 55
21367 70 15
21368 26 46
21369 73 78
21370 64 14
21371 69 57
21372 41 93
21373 31 57
21374 48 71
21375 39 9
21376 66 90
21377 48 72
21378 31 42
21379 12 70
21380 47 49
21381 94 0
21382 19 20
21383 45 40
21384 82 86
21385 52 88
21386 22 74
21387 31 43
21388 76 22
21389 77 51
21390 88 42
21391 76 1
21392 89 42
21393 52 92
21394 26 45
21395 90 17
21396 19 19
21397 64 15
21398 46 12
21399 75 65
21400 83 6
21401 19 20
21402 77 1
21403 65 47
21404 48 7
21405 84 86
21406 40 93
21407 16 28
21408 82 85
21409 39 8
21410 11 70
21411 10 72
21412 39 9
21413 42 72
21414 19 11
21415 63 93
21416 2 3
21417 41 48
21418 17 44
21419 19 10
21420 8 12
21421 23 0
21422 72 78
21423 24 28
21424 12 70
21425 79 49
21426 71 19
21427 77 52
21428 84 85
21429 67 90
21430 76 23
21431 43 79
21432 36 32
21433 42 79
21434 52 91
21435 64 14
21436 41 61
21437 66 90
21438 25 22
21439 62 50
21440 26 22
21441 48 8
21442 34 47
21443 39 8
21444 60 63
21445 45 59
21446 43 0
21447 45 58
21448 72 84
21449 23 1
21450 76 22
21451 92 55
21452 76 1
21453 47 12
21454 19 11
21455 70 16
21456 26 46
21457 19 10
21458 48 49
21459 50 73
21460 66 26
21461 46 12
21462 36 31
21463 37 87
21464 77 34
21465 67 90
21466 88 76
21467 77 1
21468 9 12
21469 51 51
21470 78 3
21471 52 92
21472 23 0
21473 79 48
21474 14 14
21475 41 93
21476 39 9
21477 8 12
21478 3 3
21479 85 52
21480 19 11
21481 88 42
21482 89 42
21483 82 91
21484 81 91
21485 45 59
21486 25 28
21487 31 56
21488 10 17
21489 41 4
21490 93 27
21491 70 15
21492 39 94
21493 72 85
21494 77 14
21495 48 7
21496 86 64
21497 54 47
21498 86 65
21499 31 42
21500 24 28
21501 72 57
21502 43 79
21503 88 42
21504 79 49
21505 49 73
21506 31 43
21507 64 47
21508 82 80
21509 77 51
21510 83 7
21511 83 28
21512 31 57
21513 31 56
21514 25 79
21515 45 58
21516 89 42
21517 17 43
21518 45 39
21519 82 91
21520 93 92
21521 82 28
21522 77 26
21523 77 33
21524 69 58
21525 39 93
21526 87 76
21527 71 65
21528 63 94
21529 61 63
21530 57 91
21531 45 95
21532 39 94
21533 48 8
21534 57 15
21535 73 78
21536 14 58
21537 48 7
21538 72 38
21539 81 91
21540 19 71
21541 60 63
21542 63 93
21543 77 15
21544 9 12
21545 70 49
21546 45 59
21547 63 94
21548 70 16
21549 45 40
21550 82 86
21551 88 76
21552 17 44
21553 69 57
21554 38 87
21555 84 52
21556 84 86
21557 86 64
21558 19 19
21559 72 84
21560 74 65
21561 79 48
21562 92 56
21563 48 8
21564 76 1
21565 31 42
21566 15 58
21567 21 84
21568 39 93
21569 17 28
21570 70 65
21571 64 7
21572 72 19
21573 8 12
21574 39 8
21575 48 71
21576 50 73
21577 42 48
21578 38 6
21579 70 15
21580 52 91
21581 68 95
21582 72 78
21583 41 94
21584 73 57
21585 37 87
21586 38 87
21587 65 26
21588 70 16
21589 84 85
21590 92 92
21591 38 51
21592 78 2
21593 45 58
21594 2 3
21595 47 49
21596 61 63
21597 69 95
21598 19 20
21599 9 12
21600 15 14
21601 77 1
21602 55 47
21603 65 47
21604 69 58
21605 82 91
21606 69 57
21607 10 18
21608 41 90
21609 70 15
21610 73 78
21611 41 89
21612 40 4
21613 16 28
21614 41 90
21615 57 14
21616 41 93
21617 59 50
21618 62 49
21619 88 14
21620 77 27
21621 93 28
21622 21 74
21623 70 48
21624 60 63
21625 71 19
21626 93 27
21627 41 89
21628 76 23
21629 64 8
21630 84 86
21631 72 57
21632 92 55
21633 46 95
21634 19 10
21635 93 0
21636 66 26
21637 37 87
21638 17 43
21639 88 42
21640 90 18
21641 38 87
21642 65 26
21643 36 32
21644 92 56
21645 25 22
21646 37 87
21647 4 39
21648 70 49
21649 76 1
21650 72 19
21651 61 63
21652 85 52
21653 71 19
21654 86 65
21655 76 22
21656 92 55
21657 8 12
21658 87 14
21659 35 24
21660 45 59
21661 31 57
21662 42 73
21663 76 23
21664 60 63
21665 52 92
21666 14 14
21667 36 31
21668 35 47
21669 25 28
21670 38 50
21671 54 47
21672 82 85
21673 70 48
21674 10 17
21675 77 26
21676 24 28
21677 25 28
21678 45 95
21679 49 73
21680 9 12
21681 73 57
21682 66 90
21683 64 47
21684 63 93
21685 47 12
21686 18 71
21687 36 32
21688 61 63
21689 41 90
21690 48 49
21691 50 73
21692 52 87
21693 65 47
21694 89 42
21695 42 72
21696 15 14
21697 93 28
21698 41 4
21699 93 92
21700 64 7
21701 73 38
21702 72 78
21703 83 28
21704 46 42
21705 38 87
21706 48 7
21707 77 1
21708 62 50
21709 14 14
21710 38 51
21711 3 3
21712 70 49
21713 77 27
21714 5 39
21715 76 22
21716 41 89
21717 35 25
21718 64 47
21719 48 72
21720 72 38
21721 75 65
21722 76 23
21723 78 3
21724 77 34
21725 57 15
21726 48 8
21727 72 19
21728 63 94
21729 55 47
21730 52 88
21731 90 17
21732 37 6
21733 77 52
21734 38 6
21735 41 94
21736 19 19
21737 42 79
21738 2 3
21739 11 70
21740 15 14
21741 38 50
21742 68 95
21743 62 49
21744 10 73
21745 12 70
21746 14 54
21747 54 47
21748 76 1
21749 71 19
21750 31 43
21751 79 49
21752 46 41
21753 14 55
21754 37 87
21755 41 90
21756 10 72
21757 17 44
21758 10 73
21759 41 89
21760 84 85
21761 41 62
21762 49 73
21763 77 51
21764 23 1
21765 52 91
21766 72 57
21767 77 33
21768 14 54
21769 77 34
21770 26 22
21771 45 39
21772 87 76
21773 70 16
21774 39 9
21775 70 48
21776 64 15
21777 10 72
21778 22 74
21779 45 40
21780 93 27
21781 81 91
21782 14 58
21783 37 6
21784 15 58
21785 60 63
21786 69 58
21787 64 14
21788 10 73
21789 73 57
21790 63 93
21791 82 81
21792 10 18
21793 55 47
21794 64 8
21795 26 45
21796 19 20
21797 44 0
21798 54 47
21799 86 64
21800 35 24
21801 88 42
21802 38 51
21803 72 85
21804 11 70
21805 76 22
21806 93 28
21807 64 15
21808 41 48
21809 77 33
21810 38 87
21811 74 65
21812 48 7
21813 72 57
21814 65 47
21815 1 17
21816 57 14
21817 4 39
21818 77 26
21819 64 7
21820 19 71
21821 77 52
21822 21 74
21823 72 19
21824 82 86
21825 84 52
21826 46 12
21827 14 14
21828 61 63
21829 52 87
21830 42 73
21831 24 28
21832 71 65
21833 14 55
21834 37 87
21835 43 0
21836 50 73
21837 88 14
21838 22 74
21839 71 19
21840 86 65
21841 39 94
21842 10 17
21843 15 14
21844 10 18
21845 47 49
21846 49 73
21847 52 51
21848 82 28
21849 43 79
21850 48 8
21851 39 93
21852 70 15
21853 23 0
21854 38 6
21855 46 42
21856 60 63
21857 46 95
21858 58 50
21859 25 28
21860 55 47
21861 42 72
21862 52 88
21863 28 52
21864 57 15
21865 36 31
21866 14 14
21867 75 65
21868 82 80
21869 18 71
21870 69 95
21871 0 17
21872 92 56
21873 42 79
21874 48 7
21875 52 87
21876 70 65
21877 82 85
21878 73 57
21879 57 14
21880 21 85
21881 21 84
21882 12 70
21883 14 54
21884 11 70
21885 68 95
21886 63 94
21887 64 47
21888 14 58
21889 72 19
21890 47 12
21891 40 4
21892 88 76
21893 61 63
21894 64 8
21895 39 8
21896 70 16
21897 90 18
21898 52 88
21899 57 15
21900 15 58
21901 66 26
21902 42 73
21903 73 78
21904 46 12
21905 51 51
21906 73 38
21907 17 43
21908 69 57
21909 65 47
21910 71 65
21911 72 57
21912 43 79
21913 83 28
21914 39 9
21915 90 17
21916 21 74
21917 82 81
21918 73 57
21919 93 27
21920 92 92
21921 1 17
21922 70 49
21923 31 42
21924 10 72
21925 45 95
21926 60 63
21927 72 38
21928 41 93
21929 35 25
21930 47 12
21931 45 39
21932 87 14
21933 50 73
21934 10 73
21935 0 17
21936 82 86
21937 76 23
21938 54 47
21939 69 95
21940 76 22
21941 19 19
21942 46 12
21943 84 86
21944 84 85
21945 69 58
21946 64 14
21947 19 20
21948 31 43
21949 26 46
21950 82 28
21951 71 19
21952 15 14
21953 63 93
21954 76 23
21955 26 79
21956 25 79
21957 34 47
21958 19 11
21959 89 42
21960 82 85
21961 72 19
21962 22 74
21963 31 56
21964 1 17
21965 92 55
21966 82 86
21967 25 22
21968 37 6
21969 64 15
21970 55 47
21971 10 17
21972 23 1
21973 54 47
21974 93 92
21975 47 12
21976 78 2
21977 64 14
21978 93 28
21979 39 8
21980 59 50
21981 46 12
21982 23 0
21983 41 94
21984 79 48
21985 72 78
21986 35 47
21987 24 28
21988 73 38
21989 64 7
21990 77 14
21991 82 80
21992 70 48
21993 26 45
21994 41 90
21995 82 91
21996 79 49
21997 31 57
21998 83 28
21999 52 87
22000 79 48
22001 23 1
22002 93 27
22003 19 10
22004 62 50
22005 44 0
22006 57 14
22007 70 15
22008 48 8
22009 57 90
22010 81 91
22011 46 41
22012 48 71
22013 31 42
22014 26 22
22015 19 71
22016 25 28
22017 77 34
22018 0 17
22019 55 47
22020 64 8
22021 34 47
22022 52 92
22023 42 48
22024 31 43
22025 93 28
22026 38 87
22027 62 49
22028 41 4
22029 25 22
22030 41 89
22031 26 79
22032 64 47
22033 45 58
22034 46 95
22035 41 93
22036 61 63
22037 77 27
22038 36 32
22039 70 49
22040 64 15
22041 21 85
22042 77 1
22043 70 48
22044 28 53
22045 39 94
22046 41 48
22047 48 7
22048 88 42
22049 76 1
22050 35 24
22051 14 55
22052 39 93
22053 69 57
22054 70 65
22055 41 61
22056 41 90
22057 40 4
22058 18 71
22059 1 17
22060 41 62
22061 45 59
22062 3 3
22063 82 28
22064 28 52
22065 39 9
22066 17 44
22067 64 14
22068 48 49
22069 70 49
22070 77 33
22071 68 95
22072 5 39
22073 64 15
22074 35 47
22075 85 52
22076 12 70
22077 52 88
22078 72 84
22079 19 19
22080 4 39
22081 19 20
22082 72 85
22083 21 84
22084 26 22
22085 70 16
22086 14 54
22087 78 3
22088 48 72
22089 77 1
22090 94 0
22091 48 8
22092 35 25
22093 64 7
22094 19 11
22095 11 70
22096 37 87
22097 45 41
22098 77 34
22099 12 70
22100 21 74
22101 92 92
22102 77 15
22103 65 47
22104 60 63
22105 74 65
22106 93 0
22107 39 94
22108 8 12
22109 38 87
22110 42 79
22111 41 61
22112 72 57
22113 44 39
22114 52 87
22115 77 33
22116 86 64
22117 70 15
22118 43 0
22119 69 95
22120 70 48
22121 70 16
22122 77 34
22123 68 95
22124 41 62
22125 5 39
22126 62 50
22127 10 72
22128 49 73
22129 77 14
22130 14 58
22131 31 56
22132 9 12
22133 70 15
22134 82 81
22135 89 42
22136 52 91
22137 31 42
22138 57 91
22139 38 6
22140 47 12
22141 37 6
22142 77 33
22143 39 8
22144 42 72
22145 41 61
22146 44 0
22147 4 39
22148 28 53
22149 82 80
22150 84 52
22151 42 48
22152 86 65
22153 63 94
22154 17 43
22155 41 89
22156 39 93
22157 83 28
22158 38 6
22159 88 14
22160 64 47
22161 41 90
22162 79 49
22163 87 14
22164 37 6
22165 57 90
22166 64 8
22167 78 2
22168 90 18
22169 90 17
22170 8 12
22171 19 71
22172 17 28
22173 45 95
22174 0 17
22175 19 10
22176 42 73
22177 45 58
22178 50 73
22179 61 63
22180 70 49
22181 15 58
22182 65 47
22183 10 18
22184 48 71
22185 65 26
22186 25 22
22187 41 48
22188 36 31
22189 1 17
22190 63 93
22191 17 44
22192 72 38
22193 31 43
22194 35 24
22195 43 79
22196 34 47
22197 26 46
22198 73 78
22199 26 22
22200 19 19
22201 73 57
22202 26 45
22203 82 85
22204 64 7
22205 77 51
22206 48 72
22207 77 15
22208 38 50
22209 42 48
22210 72 78
22211 62 49
22212 46 95
22213 71 65
22214 84 86
22215 17 43
22216 47 49
22217 63 94
22218 67 90
22219 52 51
22220 64 14
22221 39 94
22222 58 50
22223 39 9
22224 14 14
22225 64 15
22226 41 89
22227 73 38
22228 35 25
22229 62 50
22230 41 90
22231 19 20
22232 75 65
22233 93 27
22234 79 48
22235 94 0
22236 73 78
22237 37 87
22238 38 51
22239 52 92
22240 28 52
22241 10 73
22242 57 91
22243 2 3
22244 92 56
22245 93 0
22246 60 63
22247 35 24
22248 76 22
22249 57 15
22250 77 14
22251 42 79
22252 77 52
22253 35 25
22254 26 46
22255 43 79
22256 78 3
22257 26 45
22258 76 1
22259 52 91
22260 54 47
22261 72 78
22262 52 88
22263 38 6
22264 87 76
22265 64 8
22266 11 70
22267 42 72
22268 82 91
22269 84 85
22270 24 28
22271 51 51
22272 77 51
22273 66 26
22274 70 65
22275 82 81
22276 79 49
22277 45 39
22278 41 48
22279 77 1
22280 72 84
22281 25 28
22282 52 92
22283 45 95
22284 38 87
22285 46 95
22286 82 86
22287 15 14
22288 70 16
22289 38 50
22290 43 0
22291 38 51
22292 85 52
22293 35 24
22294 0 17
22295 52 87
22296 82 28
22297 25 79
22298 37 6
22299 77 15
22300 3 3
22301 48 71
22302 61 63
22303 37 87
22304 83 6
22305 48 7
22306 28 53
22307 44 39
22308 82 85
22309 93 28
22310 74 65
22311 64 7
22312 36 32
22313 26 79
22314 52 51
22315 10 17
22316 70 48
22317 84 52
22318 5 39
22319 39 8
22320 2 3
22321 55 47
22322 77 26
22323 82 86
22324 45 39
22325 93 92
22326 14 14
22327 77 14
22328 59 50
22329 63 93
22330 77 34
22331 88 76
22332 69 58
22333 31 42
22334 88 42
22335 94 0
22336 16 28
22337 25 22
22338 44 0
22339 41 4
22340 46 12
22341 76 23
22342 58 50
22343 10 18
22344 17 28
22345 65 26
22346 45 59
22347 45 58
22348 77 33
22349 14 55
22350 86 64
22351 93 27
22352 54 47
22353 62 49
22354 69 95
22355 72 57
22356 48 8
22357 22 74
22358 10 17
22359 10 18
22360 23 0
22361 69 57
22362 69 58
22363 24 28
22364 31 57
22365 46 41
22366 21 85
22367 45 40
22368 64 47
22369 77 27
22370 88 14
22371 9 12
22372 45 59
22373 36 31
22374 48 49
22375 19 11
22376 59 50
22377 12 70
22378 52 88
22379 63 94
22380 69 57
22381 47 12
22382 63 93
22383 51 51
22384 83 7
22385 26 46
22386 85 52
22387 45 39
22388 25 79
22389 26 79
22390 73 78
22391 75 65
22392 52 87
22393 77 26
22394 46 12
22395 48 72
22396 25 28
22397 23 1
22398 82 80
22399 38 6
22400 86 65
22401 10 17
22402 40 93
22403 93 28
22404 77 27
22405 43 0
22406 4 39
22407 42 48
22408 41 93
22409 38 87
22410 70 49
22411 79 48
22412 72 78
22413 78 2
22414 62 50
22415 73 57
22416 23 0
22417 16 28
22418 60 63
22419 37 6
22420 45 40
22421 41 48
22422 40 4
22423 84 52
22424 37 87
22425 57 90
22426 5 39
22427 81 91
22428 71 19
22429 82 85
22430 14 54
22431 69 58
22432 66 90
22433 64 14
22434 35 25
22435 52 51
22436 62 49
22437 64 8
22438 40 93
22439 65 47
22440 57 14
22441 83 6
22442 26 22
22443 28 52
22444 55 47
22445 39 95
22446 42 79
22447 48 7
22448 87 76
22449 88 76
22450 93 27
22451 58 50
22452 85 52
22453 17 44
22454 26 45
22455 64 15
22456 26 46
22457 79 49
22458 43 79
22459 86 64
22460 49 73
22461 39 94
22462 64 47
22463 19 10
22464 77 52
22465 87 14
22466 52 91
22467 25 22
22468 93 0
22469 64 7
22470 76 22
22471 31 56
22472 39 9
22473 63 94
22474 19 11
22475 48 8
22476 26 45
22477 77 51
22478 72 38
22479 52 88
22480 73 78
22481 57 15
22482 84 52
22483 18 71
22484 38 50
22485 11 70
22486 31 43
22487 77 52
22488 45 58
22489 47 12
22490 61 63
22491 83 28
22492 73 38
22493 83 7
22494 48 71
22495 76 23
22496 83 6
22497 77 15
22498 72 57
22499 42 73
22500 14 58
22501 92 92
22502 64 8
22503 77 26
22504 26 46
22505 19 10
22506 14 55
22507 60 63
22508 64 7
22509 24 28
22510 66 26
22511 65 47
22512 84 86
22513 72 38
22514 42 72
22515 83 7
22516 41 62
22517 42 48
22518 45 95
22519 94 0
22520 57 91
22521 61 63
22522 82 91
22523 45 39
22524 21 74
22525 41 4
22526 48 7
22527 26 45
22528 42 79
22529 26 46
22530 19 19
22531 72 85
22532 72 84
22533 86 65
22534 23 1
22535 70 48
22536 41 93
22537 77 34
22538 78 3
22539 36 32
22540 8 12
22541 9 12
22542 57 14
22543 54 47
22544 46 95
22545 67 90
22546 19 71
22547 93 92
22548 48 72
22549 82 81
22550 88 14
22551 48 71
22552 45 41
22553 82 80
22554 82 86
22555 72 78
22556 65 26
22557 87 14
22558 39 8
22559 90 18
22560 14 54
22561 76 1
22562 73 57
22563 59 50
22564 58 50
22565 47 49
22566 12 70
22567 22 74
22568 15 14
22569 36 31
22570 82 81
22571 14 14
22572 4 39
22573 18 71
22574 83 6
22575 14 55
22576 66 26
22577 68 95
22578 5 39
22579 10 18
22580 44 39
22581 41 89
22582 8 12
22583 55 47
22584 48 72
22585 79 48
22586 48 71
22587 77 14
22588 45 95
22589 48 8
22590 46 95
22591 41 48
22592 93 28
22593 4 39
22594 17 28
22595 40 93
22596 19 11
22597 64 47
22598 59 50
22599 88 14
22600 74 65
22601 87 76
22602 93 27
22603 3 3
22604 26 45
22605 82 80
22606 28 53
22607 23 0
22608 42 73
22609 31 57
22610 16 28
22611 92 55
22612 82 81
22613 5 39
22614 42 48
22615 26 22
22616 39 95
22617 92 56
22618 77 51
22619 72 85
22620 46 41
22621 69 95
22622 72 19
22623 9 12
22624 70 49
22625 92 92
22626 71 65
22627 19 20
22628 40 4
22629 8 12
22630 75 65
22631 64 14
22632 35 47
22633 23 1
22634 93 0
22635 2 3
22636 25 28
22637 70 48
22638 68 95
22639 77 27
22640 73 38
22641 41 93
22642 19 19
22643 45 41
22644 73 78
22645 50 73
22646 17 28
22647 65 47
22648 77 33
22649 21 84
22650 38 51
22651 42 72
22652 28 52
22653 89 42
22654 43 79
22655 63 93
22656 23 0
22657 14 54
22658 70 15
22659 21 85
22660 70 49
22661 45 59
22662 46 41
22663 38 6
22664 25 22
22665 86 64
22666 41 48
22667 14 55
22668 17 43
22669 86 65
22670 42 73
22671 24 28
22672 88 76
22673 54 47
22674 15 58
22675 71 19
22676 70 48
22677 90 17
22678 45 41
22679 77 52
22680 57 15
22681 14 58
22682 77 1
22683 64 15
22684 88 42
22685 31 56
22686 69 57
22687 44 0
22688 10 72
22689 93 92
22690 31 42
22691 36 32
22692 82 28
22693 79 49
22694 40 93
22695 72 84
22696 41 4
22697 43 0
22698 81 91
22699 10 73
22700 31 43
22701 72 19
22702 78 2
22703 93 28
22704 48 49
22705 77 15
22706 79 48
22707 70 65
22708 93 27
22709 41 90
22710 70 49
22711 36 31
22712 72 57
22713 76 22
22714 71 19
22715 39 94
22716 73 57
22717 62 50
22718 19 20
22719 11 70
22720 45 39
22721 19 71
22722 9 12
22723 82 85
22724 79 49
22725 47 49
22726 72 19
22727 78 3
22728 35 24
22729 66 90
22730 83 7
22731 18 71
22732 44 0
22733 69 95
22734 71 19
22735 41 93
22736 41 61
22737 19 19
22738 69 58
22739 64 8
22740 38 50
22741 69 57
22742 77 51
22743 57 90
22744 72 78
22745 94 0
22746 4 39
22747 57 14
22748 52 92
22749 35 25
22750 92 55
22751 93 28
22752 72 38
22753 64 47
22754 76 1
22755 62 49
22756 46 41
22757 84 85
22758 40 4
22759 10 17
22760 82 80
22761 40 93
22762 38 51
22763 87 76
22764 58 50
22765 77 26
22766 31 57
22767 62 50
22768 77 52
22769 70 48
22770 14 54
22771 25 28
22772 89 42
22773 67 90
22774 35 24
22775 87 14
22776 15 58
22777 34 47
22778 10 72
22779 21 74
22780 49 73
22781 19 20
22782 15 14
22783 3 3
22784 42 48
22785 5 39
22786 28 53
22787 52 87
22788 57 15
22789 17 44
22790 45 95
22791 1 17
22792 52 91
22793 19 19
22794 45 41
22795 60 63
22796 72 57
22797 63 94
22798 77 51
22799 64 7
22800 72 85
22801 77 52
22802 65 26
22803 12 70
22804 77 34
22805 64 14
22806 70 16
22807 82 86
22808 25 79
22809 11 70
22810 78 2
22811 37 6
22812 16 28
22813 23 1
22814 78 3
22815 90 18
22816 70 15
22817 43 0
22818 73 78
22819 46 12
22820 73 38
22821 77 1
22822 36 32
22823 14 58
22824 19 20
22825 41 48
22826 77 14
22827 62 49
22828 88 14
22829 52 92
22830 82 81
22831 52 88
22832 48 72
22833 50 73
22834 46 95
22835 62 50
22836 92 92
22837 41 62
22838 48 49
22839 35 47
22840 72 78
22841 44 0
22842 84 86
22843 72 19
22844 90 17
22845 41 61
22846 43 0
22847 0 17
22848 77 51
22849 38 6
22850 12 70
22851 2 3
22852 26 22
22853 55 47
22854 41 89
22855 84 85
22856 83 28
22857 26 79
22858 54 47
22859 84 86
22860 76 23
22861 4 39
22862 76 1
22863 35 25
22864 61 63
22865 44 0
22866 93 92
22867 92 56
22868 65 47
22869 48 71
22870 19 10
22871 82 91
22872 69 58
22873 45 58
22874 28 52
22875 90 18
22876 48 7
22877 10 18
22878 17 43
22879 41 4
22880 45 59
22881 77 15
22882 74 65
22883 90 17
22884 17 28
22885 71 19
22886 26 46
22887 51 51
22888 79 48
22889 31 56
22890 22 74
22891 92 55
22892 24 28
22893 70 49
22894 25 79
22895 60 63
22896 40 4
22897 21 84
22898 84 85
22899 72 38
22900 26 79
22901 42 48
22902 66 90
22903 14 55
22904 92 56
22905 90 18
22906 17 44
22907 93 27
22908 31 57
22909 92 55
22910 11 70
22911 67 90
22912 48 72
22913 38 50
22914 92 56
22915 69 57
22916 42 79
22917 19 19
22918 52 87
22919 63 93
22920 72 19
22921 75 65
22922 70 16
22923 19 20
22924 36 31
22925 31 56
22926 19 11
22927 41 48
22928 21 85
22929 72 84
22930 57 14
22931 64 8
22932 77 14
22933 43 0
22934 72 85
22935 38 51
22936 38 87
22937 70 15
22938 77 1
22939 82 85
22940 45 58
22941 37 6
22942 52 51
22943 64 7
22944 62 49
22945 64 8
22946 39 9
22947 47 49
22948 73 78
22949 47 12
22950 10 17
22951 59 50
22952 82 28
22953 73 38
22954 31 57
22955 1 17
22956 57 15
22957 78 2
22958 16 28
22959 88 42
22960 70 16
22961 49 73
22962 62 50
22963 70 15
22964 41 93
22965 79 49
22966 21 84
22967 34 47
22968 15 58
22969 71 19
22970 93 0
22971 41 90
22972 58 50
22973 10 18
22974 42 72
22975 17 43
22976 36 32
22977 79 48
22978 90 17
22979 14 54
22980 66 26
22981 88 76
22982 25 79
22983 93 28
22984 26 45
22985 64 15
22986 19 71
22987 52 88
22988 61 63
22989 42 73
22990 35 47
22991 10 17
22992 57 14
22993 14 58
22994 70 16
22995 48 71
22996 40 93
22997 31 56
22998 5 39
22999 86 64
23000 10 73
23001 48 49
23002 87 76
23003 70 15
23004 68 95
23005 14 55
23006 26 46
23007 85 52
23008 70 48
23009 38 6
23010 10 18
23011 72 38
23012 93 27
23013 46 41
23014 21 74
23015 84 86
23016 43 79
23017 45 40
23018 23 0
23019 42 48
23020 57 15
23021 4 39
23022 46 12
23023 82 86
23024 8 12
23025 47 49
23026 82 80
23027 74 65
23028 19 19
23029 51 51
23030 57 14
23031 70 49
23032 55 47
23033 46 42
23034 41 4
23035 72 84
23036 12 70
23037 75 65
23038 48 72
23039 10 17
23040 15 58
23041 77 27
23042 60 63
23043 70 48
23044 37 6
23045 48 71
23046 44 0
23047 52 91
23048 57 15
23049 52 51
23050 88 76
23051 48 8
23052 43 0
23053 59 50
23054 38 50
23055 17 28
23056 42 72
23057 64 14
23058 14 14
23059 10 18
23060 41 93
23061 44 0
23062 40 4
23063 48 7
23064 73 38
23065 61 63
23066 22 74
23067 23 1
23068 41 89
23069 63 94
23070 92 92
23071 41 62
23072 42 73
23073 77 15
23074 14 54
23075 63 93
23076 35 24
23077 71 65
23078 52 87
23079 70 65
23080 21 74
23081 71 65
23082 31 57
23083 41 90
23084 66 90
23085 76 22
23086 19 10
23087 72 38
23088 83 6
23089 11 70
23090 69 95
23091 42 72
23092 73 57
23093 25 22
23094 76 23
23095 19 11
23096 37 87
23097 77 26
23098 60 63
23099 67 90
23100 78 3
23101 64 15
23102 63 94
23103 87 76
23104 28 53
23105 39 93
23106 47 12
23107 45 59
23108 76 22
23109 82 85
23110 72 19
23111 74 65
23112 39 94
23113 77 52
23114 73 38
23115 70 49
23116 77 14
23117 57 91
23118 70 65
23119 86 65
23120 34 47
23121 5 39
23122 26 79
23123 50 73
23124 42 79
23125 57 14
23126 4 39
23127 52 92
23128 84 85
23129 39 8
23130 9 12
23131 19 20
23132 14 55
23133 52 88
23134 90 18
23135 81 91
23136 45 95
23137 15 14
23138 19 19
23139 83 7
23140 41 48
23141 84 52
23142 90 17
23143 8 12
23144 31 56
23145 64 47
23146 79 49
23147 63 93
23148 18 71
23149 35 47
23150 61 63
23151 85 52
23152 93 92
23153 70 16
23154 25 28
23155 86 64
23156 41 61
23157 82 86
23158 90 18
23159 38 51
23160 39 93
23161 57 90
23162 62 49
23163 19 71
23164 46 12
23165 48 8
23166 60 63
23167 12 70
23168 14 54
23169 68 95
23170 23 0
23171 82 81
23172 11 70
23173 64 14
23174 63 94
23175 41 94
23176 83 6
23177 70 15
23178 48 49
23179 49 73
23180 10 17
23181 48 7
23182 76 1
23183 31 42
23184 72 38
23185 64 7
23186 79 48
23187 51 51
23188 24 28
23189 90 17
23190 69 95
23191 52 51
23192 87 14
23193 52 87
23194 18 71
23195 69 58
23196 43 79
23197 5 39
23198 78 2
23199 79 49
23200 82 85
23201 92 55
23202 41 62
23203 71 19
23204 73 38
23205 36 31
23206 38 50
23207 43 0
23208 71 65
23209 44 0
23210 69 57
23211 16 28
23212 47 49
23213 43 0
23214 10 72
23215 42 73
23216 94 0
23217 10 18
23218 77 27
23219 48 49
23220 63 93
23221 50 73
23222 82 91
23223 45 58
23224 92 92
23225 10 17
23226 41 89
23227 38 51
23228 28 52
23229 62 50
23230 62 49
23231 77 15
23232 77 14
23233 57 91
23234 39 9
23235 64 15
23236 88 14
23237 61 63
23238 52 88
23239 14 14
23240 3 3
23241 19 20
23242 42 72
23243 83 28
23244 60 63
23245 66 90
23246 93 28
23247 54 47
23248 15 14
23249 49 73
23250 45 39
23251 89 42
23252 4 39
23253 48 8
23254 14 55
23255 10 18
23256 78 3
23257 22 74
23258 31 57
23259 19 71
23260 77 33
23261 42 73
23262 75 65
23263 65 26
23264 72 85
23265 82 80
23266 55 47
23267 72 57
23268 88 76
23269 31 56
23270 35 25
23271 92 56
23272 70 65
23273 34 47
23274 90 18
23275 0 17
23276 77 34
23277 77 51
23278 14 54
23279 71 65
23280 42 79
23281 67 90
23282 74 65
23283 39 8
23284 39 9
23285 50 73
23286 88 42
23287 41 4
23288 51 51
23289 43 79
23290 45 40
23291 46 41
23292 82 86
23293 84 52
23294 41 90
23295 90 17
23296 93 92
23297 52 87
23298 82 85
23299 73 57
23300 38 87
23301 72 57
23302 38 6
23303 65 47
23304 36 32
23305 31 57
23306 77 15
23307 77 1
23308 77 52
23309 62 50
23310 1 17
23311 82 81
23312 57 90
23313 14 55
23314 2 3
23315 76 1
23316 31 43
23317 42 79
23318 64 14
23319 12 70
23320 44 0
23321 70 65
23322 72 19
23323 82 80
23324 37 87
23325 92 55
23326 38 87
23327 82 86
23328 78 2
23329 21 85
23330 82 85
23331 45 39
23332 0 17
23333 69 58
23334 39 94
23335 66 90
23336 72 84
23337 41 89
23338 40 4
23339 92 92
23340 63 94
23341 77 26
23342 81 91
23343 67 90
23344 21 84
23345 71 19
23346 64 15
23347 45 41
23348 75 65
23349 26 22
23350 37 6
23351 43 79
23352 46 41
23353 21 85
23354 1 17
23355 21 74
23356 10 73
23357 17 44
23358 10 72
23359 10 17
23360 45 59
23361 17 43
23362 79 48
23363 72 78
23364 79 49
23365 41 61
23366 73 57
23367 41 90
23368 26 45
23369 57 91
23370 25 28
23371 35 47
23372 93 27
23373 72 57
23374 24 28
23375 76 23
23376 31 42
23377 90 18
23378 93 28
23379 74 65
23380 38 50
23381 61 63
23382 92 56
23383 48 72
23384 38 6
23385 31 43
23386 52 51
23387 52 88
23388 48 7
23389 79 48
23390 43 0
23391 46 95
23392 17 28
23393 41 4
23394 34 47
23395 72 38
23396 38 51
23397 39 8
23398 92 55
23399 77 1
23400 87 14
23401 19 10
23402 79 49
23403 87 76
23404 11 70
23405 82 86
23406 78 3
23407 54 47
23408 16 28
23409 63 93
23410 37 87
23411 88 14
23412 26 46
23413 38 87
23414 57 15
23415 66 26
23416 26 45
23417 93 92
23418 9 12
23419 77 33
23420 14 14
23421 23 1
23422 79 48
23423 12 70
23424 48 71
23425 41 62
23426 82 91
23427 28 53
23428 25 79
23429 39 93
23430 64 14
23431 17 44
23432 37 87
23433 19 11
23434 62 49
23435 82 28
23436 92 56
23437 38 50
23438 45 58
23439 77 14
23440 63 94
23441 45 95
23442 19 10
23443 14 58
23444 77 34
23445 77 27
23446 31 42
23447 85 52
23448 84 52
23449 64 8
23450 71 65
23451 66 90
23452 31 43
23453 26 46
23454 78 2
23455 85 52
23456 40 4
23457 26 45
23458 37 6
23459 84 86
23460 22 74
23461 31 42
23462 73 57
23463 17 28
23464 26 79
23465 70 16
23466 57 90
23467 70 48
23468 70 15
23469 93 27
23470 45 59
23471 77 26
23472 77 27
23473 16 28
23474 25 22
23475 45 58
23476 38 6
23477 90 17
23478 25 28
23479 45 41
23480 36 31
23481 3 3
23482 45 59
23483 44 39
23484 57 91
23485 19 19
23486 19 20
23487 11 70
23488 45 39
23489 41 89
23490 64 47
23491 41 4
23492 37 6
23493 45 58
23494 57 90
23495 86 65
23496 28 52
23497 72 57
23498 72 19
23499 8 12
23500 21 74
23501 90 18
23502 58 50
23503 22 74
23504 38 6
23505 76 22
23506 41 93
23507 72 85
23508 2 3
23509 37 6
23510 92 92
23511 70 16
23512 19 11
23513 17 43
23514 84 85
23515 18 71
23516 70 65
23517 46 41
23518 78 3
23519 44 0
23520 42 48
23521 76 1
23522 63 93
23523 48 72
23524 0 17
23525 77 26
23526 93 28
23527 41 94
23528 48 8
23529 36 32
23530 15 14
23531 73 38
23532 38 87
23533 17 44
23534 26 22
23535 83 7
23536 92 55
23537 82 85
23538 87 14
23539 41 48
23540 77 15
23541 79 49
23542 52 91
23543 31 43
23544 46 95
23545 40 4
23546 73 78
23547 19 10
23548 59 50
23549 88 14
23550 35 47
23551 35 24
23552 89 42
23553 58 50
23554 17 28
23555 76 23
23556 77 14
23557 47 49
23558 39 9
23559 52 87
23560 70 15
23561 48 7
23562 24 28
23563 70 16
23564 77 1
23565 71 65
23566 67 90
23567 10 18
23568 84 52
23569 70 15
23570 45 59
23571 39 94
23572 57 14
23573 83 28
23574 93 0
23575 84 86
23576 77 51
23577 70 65
23578 55 47
23579 10 73
23580 83 6
23581 48 49
23582 12 70
23583 81 91
23584 10 17
23585 14 54
23586 71 19
23587 39 93
23588 31 42
23589 72 19
23590 10 72
23591 64 7
23592 19 11
23593 41 90
23594 57 15
23595 31 43
23596 52 92
23597 43 0
23598 19 19
23599 73 57
23600 39 8
23601 42 72
23602 45 95
23603 19 10
23604 76 1
23605 34 47
23606 25 22
23607 72 84
23608 78 2
23609 65 26
23610 64 15
23611 38 6
23612 52 88
23613 85 52
23614 64 8
23615 26 22
23616 10 73
23617 52 87
23618 14 14
23619 70 49
23620 82 81
23621 86 64
23622 75 65
23623 19 11
23624 72 38
23625 88 76
23626 84 85
23627 45 40
23628 52 88
23629 41 89
23630 17 43
23631 76 22
23632 44 0
23633 64 7
23634 39 94
23635 72 78
23636 74 65
23637 54 47
23638 75 65
23639 25 22
23640 39 9
23641 46 42
23642 64 14
23643 9 12
23644 88 42
23645 77 33
23646 42 48
23647 21 74
23648 46 95
23649 92 56
23650 82 86
23651 72 85
23652 35 25
23653 74 65
23654 10 18
23655 10 72
23656 77 15
23657 65 47
23658 60 63
23659 77 52
23660 71 65
23661 71 19
23662 3 3
23663 66 26
23664 16 28
23665 93 27
23666 47 12
23667 57 14
23668 41 48
23669 42 48
23670 48 8
23671 42 73
23672 38 51
23673 35 24
23674 59 50
23675 77 27
23676 22 74
23677 69 57
23678 45 39
23679 31 42
23680 42 72
23681 37 87
23682 1 17
23683 39 93
23684 78 3
23685 10 17
23686 87 76
23687 17 44
23688 93 28
23689 48 7
23690 45 95
23691 72 57
23692 49 73
23693 73 38
23694 19 10
23695 26 22
23696 8 12
23697 43 0
23698 39 94
23699 19 20
23700 35 47
23701 45 40
23702 9 12
23703 57 91
23704 70 48
23705 41 48
23706 77 1
23707 94 0
23708 82 28
23709 87 14
23710 51 51
23711 48 8
23712 25 28
23713 42 73
23714 14 55
23715 44 0
23716 55 47
23717 41 61
23718 52 51
23719 19 19
23720 65 26
23721 42 72
23722 57 90
23723 38 50
23724 39 8
23725 70 16
23726 19 11
23727 70 15
23728 83 7
23729 31 43
23730 76 23
23731 19 10
23732 10 18
23733 25 22
23734 21 74
23735 88 76
23736 15 14
23737 34 47
23738 26 46
23739 78 2
23740 90 17
23741 51 51
23742 42 79
23743 83 28
23744 77 34
23745 64 47
23746 52 51
23747 11 70
23748 36 31
23749 72 84
23750 82 85
23751 41 93
23752 10 17
23753 42 73
23754 50 73
23755 10 73
23756 19 20
23757 48 71
23758 68 95
23759 46 41
23760 63 94
23761 77 33
23762 25 79
23763 61 63
23764 38 87
23765 66 90
23766 35 25
23767 82 86
23768 8 12
23769 54 47
23770 37 6
23771 42 72
23772 36 32
23773 62 50
23774 82 80
23775 64 15
23776 46 95
23777 55 47
23778 41 90
23779 26 22
23780 93 92
23781 89 42
23782 43 0
23783 10 72
23784 83 6
23785 23 0
23786 86 65
23787 87 76
23788 65 47
23789 64 14
23790 14 14
23791 2 3
23792 70 49
23793 77 14
23794 66 26
23795 82 91
23796 92 92
23797 76 1
23798 45 95
23799 28 53
23800 28 52
23801 12 70
23802 48 72
23803 82 28
23804 49 73
23805 69 95
23806 42 48
23807 26 45
23808 92 55
23809 42 73
23810 75 65
23811 83 7
23812 69 58
23813 64 47
23814 14 54
23815 35 24
23816 81 91
23817 3 3
23818 2 3
23819 82 85
23820 15 58
23821 10 73
23822 83 28
23823 45 39
23824 74 65
23825 0 17
23826 88 76
23827 82 81
23828 38 6
23829 63 93
23830 83 6
23831 46 12
23832 77 15
23833 10 18
23834 19 11
23835 77 51
23836 64 15
23837 5 39
23838 77 26
23839 39 93
23840 52 91
23841 86 64
23842 60 63
23843 36 31
23844 73 78
23845 3 3
23846 58 50
23847 19 71
23848 37 6
23849 73 57
23850 25 22
23851 82 91
23852 47 49
23853 36 32
23854 93 0
23855 82 28
23856 43 79
23857 35 25
23858 17 28
23859 2 3
23860 88 42
23861 41 4
23862 82 86
23863 76 22
23864 42 79
23865 72 78
23866 26 79
23867 26 22
23868 28 53
23869 77 34
23870 72 38
23871 57 15
23872 77 27
23873 89 42
23874 31 42
23875 41 94
23876 41 89
23877 94 0
23878 25 79
23879 84 86
23880 14 58
23881 3 3
23882 43 79
23883 70 16
23884 77 26
23885 14 55
23886 65 26
23887 66 26
23888 39 94
23889 10 17
23890 11 70
23891 73 78
23892 65 47
23893 48 49
23894 9 12
23895 93 27
23896 46 95
23897 48 7
23898 10 72
23899 1 17
23900 19 19
23901 51 51
23902 31 56
23903 31 57
23904 90 18
23905 69 57
23906 41 48
23907 93 92
23908 54 47
23909 41 93
23910 92 56
23911 28 52
23912 38 51
23913 8 12
23914 55 47
23915 78 3
23916 24 28
23917 45 40
23918 52 87
23919 68 95
23920 18 71
23921 35 47
23922 77 27
23923 92 92
23924 88 42
23925 52 88
23926 42 79
23927 36 31
23928 42 72
23929 50 73
23930 90 17
23931 10 73
23932 64 47
23933 73 38
23934 26 79
23935 4 39
23936 93 0
23937 45 39
23938 16 28
23939 47 12
23940 39 93
23941 88 14
23942 69 58
23943 57 14
23944 69 57
23945 19 20
23946 22 74
23947 94 0
23948 72 19
23949 10 72
23950 64 8
23951 90 18
23952 82 85
23953 84 52
23954 35 24
23955 48 8
23956 81 91
23957 71 19
23958 77 1
23959 41 62
23960 59 50
23961 64 14
23962 2 3
23963 52 92
23964 45 41
23965 37 87
23966 69 95
23967 19 71
23968 12 70
23969 63 94
23970 9 12
23971 93 92
23972 19 19
23973 48 7
23974 19 10
23975 52 51
23976 25 22
23977 68 95
23978 70 48
23979 83 7
23980 58 50
23981 49 73
23982 15 58
23983 25 79
23984 19 20
23985 84 85
23986 92 92
23987 26 79
23988 25 79
23989 82 80
23990 78 2
23991 65 47
23992 31 56
23993 87 14
23994 50 73
23995 90 17
23996 42 48
23997 11 70
23998 64 15
23999 34 47
24000 26 46
24001 89 42
24002 62 49
24003 31 43
24004 39 9
24005 41 61
24006 26 45
24007 65 26
24008 72 57
24009 77 52
24010 92 55
24011 87 76
24012 79 48
24013 93 0
24014 17 43
24015 5 39
24016 72 85
24017 77 26
24018 70 65
24019 54 47
24020 46 41
24021 40 4
24022 77 14
24023 75 65
24024 8 12
24025 52 87
24026 38 87
24027 42 73
24028 64 7
24029 83 28
24030 48 71
24031 45 58
24032 69 58
24033 70 49
24034 39 8
24035 78 3
24036 76 23
24037 72 19
24038 72 78
24039 48 72
24040 46 12
24041 72 84
24042 78 2
24043 82 28
24044 73 57
24045 61 63
24046 41 62
24047 62 50
24048 42 72
24049 57 15
24050 41 94
24051 82 86
24052 42 73
24053 37 87
24054 10 18
24055 62 49
24056 41 90
24057 35 47
24058 26 22
24059 45 59
24060 34 47
24061 92 56
24062 45 58
24063 39 94
24064 18 71
24065 64 47
24066 73 78
24067 49 73
24068 76 1
24069 38 87
24070 28 53
24071 70 48
24072 64 14
24073 82 85
24074 19 11
24075 77 51
24076 52 88
24077 45 40
24078 70 15
24079 93 92
24080 47 49
24081 59 50
24082 85 52
24083 21 84
24084 43 79
24085 4 39
24086 39 93
24087 72 78
24088 14 54
24089 19 19
24090 19 10
24091 66 26
24092 23 1
24093 71 19
24094 45 95
24095 25 22
24096 72 38
24097 3 3
24098 77 1
24099 14 55
24100 63 93
24101 46 42
24102 82 86
24103 79 49
24104 17 44
24105 50 73
24106 28 52
24107 14 54
24108 69 57
24109 82 91
24110 71 65
24111 65 26
24112 94 0
24113 37 87
24114 77 15
24115 86 65
24116 17 28
24117 42 79
24118 26 79
24119 48 49
24120 36 32
24121 25 28
24122 47 49
24123 51 51
24124 19 20
24125 38 6
24126 92 55
24127 41 89
24128 84 86
24129 39 94
24130 45 39
24131 26 22
24132 10 73
24133 43 79
24134 76 22
24135 38 50
24136 81 91
24137 60 63
24138 65 47
24139 25 22
24140 5 39
24141 21 74
24142 77 52
24143 46 41
24144 44 0
24145 22 74
24146 15 14
24147 38 87
24148 93 0
24149 24 28
24150 17 43
24151 66 26
24152 28 53
24153 48 49
24154 79 48
24155 41 90
24156 42 79
24157 70 49
24158 86 64
24159 31 42
24160 23 0
24161 48 71
24162 72 57
24163 77 14
24164 64 15
24165 41 4
24166 19 11
24167 67 90
24168 10 17
24169 28 52
24170 57 14
24171 72 19
24172 69 58
24173 45 59
24174 72 85
24175 19 71
24176 77 51
24177 39 93
24178 90 18
24179 2 3
24180 40 4
24181 65 26
24182 83 6
24183 63 94
24184 35 25
24185 26 22
24186 57 91
24187 82 85
24188 19 10
24189 41 93
24190 71 19
24191 72 19
24192 38 51
24193 41 89
24194 31 43
24195 76 1
24196 57 15
24197 14 14
24198 88 14
24199 77 52
24200 41 61
24201 78 3
24202 88 76
24203 66 90
24204 49 73
24205 77 51
24206 70 65
24207 61 63
24208 73 78
24209 63 93
24210 77 52
24211 94 0
24212 77 51
24213 87 14
24214 63 94
24215 39 94
24216 35 24
24217 21 85
24218 82 86
24219 72 78
24220 31 42
24221 45 40
24222 52 91
24223 40 93
24224 77 15
24225 58 50
24226 86 65
24227 82 81
24228 16 28
24229 92 92
24230 62 50
24231 93 0
24232 67 90
24233 94 0
24234 73 57
24235 25 79
24236 64 14
24237 37 87
24238 41 48
24239 26 79
24240 82 91
24241 35 25
24242 52 51
24243 77 33
24244 9 12
24245 66 90
24246 81 91
24247 63 93
24248 87 76
24249 41 90
24250 74 65
24251 69 57
24252 88 14
24253 84 85
24254 82 85
24255 69 95
24256 82 80
24257 77 14
24258 42 72
24259 71 19
24260 45 39
24261 55 47
24262 76 23
24263 75 65
24264 64 15
24265 39 95
24266 72 84
24267 77 34
24268 0 17
24269 25 28
24270 70 48
24271 57 14
24272 88 76
24273 39 9
24274 64 8
24275 36 31
24276 43 0
24277 36 32
24278 52 87
24279 21 84
24280 43 79
24281 84 86
24282 35 47
24283 76 22
24284 92 56
24285 79 49
24286 52 88
24287 87 14
24288 47 49
24289 34 47
24290 69 58
24291 18 71
24292 42 79
24293 44 0
24294 77 15
24295 23 1
24296 10 72
24297 45 58
24298 82 81
24299 21 74
24300 72 85
24301 72 19
24302 64 47
24303 57 15
24304 48 49
24305 77 1
24306 38 50
24307 1 17
24308 88 14
24309 37 6
24310 25 79
24311 14 55
24312 21 85
24313 66 26
24314 43 79
24315 19 11
24316 77 52
24317 54 47
24318 39 94
24319 19 10
24320 19 11
24321 45 41
24322 42 73
24323 62 49
24324 19 71
24325 78 2
24326 39 95
24327 88 42
24328 51 51
24329 15 14
24330 68 95
24331 69 57
24332 93 92
24333 83 28
24334 47 49
24335 72 57
24336 57 14
24337 24 28
24338 14 14
24339 65 26
24340 70 16
24341 64 7
24342 46 95
24343 87 14
24344 79 48
24345 84 85
24346 92 55
24347 59 50
24348 21 84
24349 93 0
24350 76 23
24351 8 12
24352 69 95
24353 76 22
24354 41 93
24355 47 12
24356 77 14
24357 77 33
24358 63 94
24359 62 50
24360 46 12
24361 39 8
24362 47 12
24363 45 95
24364 14 58
24365 89 42
24366 4 39
24367 52 51
24368 10 18
24369 63 93
24370 18 71
24371 77 15
24372 82 86
24373 17 44
24374 76 23
24375 42 48
24376 57 15
24377 69 58
24378 23 0
24379 48 49
24380 19 71
24381 82 28
24382 73 57
24383 82 80
24384 88 14
24385 26 79
24386 17 43
24387 9 12
24388 38 6
24389 68 95
24390 22 74
24391 71 65
24392 28 53
24393 92 56
24394 60 63
24395 21 85
24396 15 14
24397 67 90
24398 41 62
24399 25 79
24400 63 94
24401 17 28
24402 90 17
24403 87 14
24404 12 70
24405 83 7
24406 93 28
24407 57 14
24408 92 55
24409 83 28
24410 82 28
24411 61 63
24412 84 86
24413 79 49
24414 84 52
24415 43 0
24416 10 17
24417 64 8
24418 83 6
24419 41 61
24420 90 18
24421 73 78
24422 93 27
24423 46 41
24424 85 52
24425 14 54
24426 40 93
24427 41 93
24428 72 57
24429 41 62
24430 90 17
24431 77 34
24432 52 87
24433 14 55
24434 37 6
24435 73 38
24436 41 61
24437 84 85
24438 82 81
24439 45 59
24440 17 44
24441 19 10
24442 19 19
24443 45 40
24444 72 78
24445 92 56
24446 19 11
24447 52 92
24448 47 49
24449 21 74
24450 28 52
24451 65 47
24452 92 92
24453 52 88
24454 39 94
24455 19 10
24456 11 70
24457 45 39
24458 22 74
24459 66 26
24460 42 79
24461 93 92
24462 25 22
24463 66 90
24464 42 72
24465 12 70
24466 82 80
24467 36 31
24468 52 91
24469 70 15
24470 84 86
24471 82 81
24472 62 49
24473 41 89
24474 17 43
24475 45 58
24476 69 95
24477 71 19
24478 11 70
24479 41 90
24480 63 93
24481 46 95
24482 26 79
24483 77 51
24484 46 12
24485 72 19
24486 57 15
24487 41 89
24488 45 41
24489 43 79
24490 82 80
24491 38 51
24492 63 94
24493 28 53
24494 38 6
24495 76 22
24496 73 57
24497 60 63
24498 35 47
24499 17 44
24500 26 46
24501 45 95
24502 48 72
24503 64 47
24504 77 33
24505 70 65
24506 0 17
24507 69 57
24508 63 93
24509 26 45
24510 37 6
24511 72 38
24512 23 1
24513 10 18
24514 44 39
24515 10 17
24516 94 0
24517 77 52
24518 58 50
24519 93 0
24520 55 47
24521 26 46
24522 67 90
24523 45 39
24524 41 90
24525 41 89
24526 36 32
24527 61 63
24528 1 17
24529 88 14
24530 68 95
24531 40 93
24532 46 41
24533 64 14
24534 14 14
24535 88 42
24536 26 22
24537 28 52
24538 59 50
24539 54 47
24540 72 57
24541 25 28
24542 25 22
24543 64 7
24544 86 64
24545 57 90
24546 15 14
24547 45 59
24548 70 49
24549 79 48
24550 31 43
24551 92 92
24552 19 11
24553 48 49
24554 83 7
24555 82 85
24556 26 45
24557 17 43
24558 74 65
24559 84 85
24560 0 17
24561 58 50
24562 25 79
24563 10 18
24564 78 3
24565 38 6
24566 73 57
24567 92 55
24568 92 56
24569 41 4
24570 71 19
24571 92 55
24572 39 95
24573 42 79
24574 36 31
24575 62 50
24576 84 86
24577 44 0
24578 69 95
24579 45 40
24580 77 27
24581 41 93
24582 26 79
24583 60 63
24584 84 52
24585 75 65
24586 43 0
24587 77 14
24588 64 15
24589 21 84
24590 41 48
24591 64 14
24592 55 47
24593 89 42
24594 31 57
24595 73 78
24596 41 62
24597 76 1
24598 83 28
24599 78 2
24600 77 34
24601 18 71
24602 16 28
24603 57 91
24604 65 26
24605 12 70
24606 85 52
24607 5 39
24608 78 3
24609 44 0
24610 26 22
24611 35 24
24612 36 32
24613 94 0
24614 93 0
24615 46 95
24616 48 71
24617 83 6
24618 87 14
24619 66 90
24620 11 70
24621 38 87
24622 73 38
24623 69 58
24624 62 49
24625 46 42
24626 94 0
24627 31 56
24628 17 44
24629 88 14
24630 43 79
24631 77 1
24632 12 70
24633 47 49
24634 45 95
24635 21 74
24636 84 52
24637 76 23
24638 77 26
24639 52 92
24640 17 43
24641 51 51
24642 34 47
24643 84 85
24644 40 93
24645 23 0
24646 77 51
24647 68 95
24648 88 42
24649 69 57
24650 23 1
24651 65 47
24652 41 90
24653 14 54
24654 72 19
24655 22 74
24656 86 65
24657 21 85
24658 15 58
24659 37 87
24660 72 84
24661 41 61
24662 50 73
24663 64 47
24664 41 93
24665 10 73
24666 79 49
24667 89 42
24668 82 86
24669 14 58
24670 19 10
24671 69 58
24672 63 94
24673 47 12
24674 40 93
24675 82 91
24676 25 22
24677 48 8
24678 77 27
24679 69 57
24680 11 70
24681 72 78
24682 72 38
24683 86 64
24684 82 81
24685 62 50
24686 65 47
24687 49 73
24688 19 20
24689 64 15
24690 86 65
24691 70 48
24692 77 52
24693 19 19
24694 21 84
24695 35 25
24696 52 87
24697 71 65
24698 41 89
24699 77 51
24700 69 58
24701 39 9
24702 43 0
24703 42 73
24704 62 49
24705 61 63
24706 4 39
24707 64 14
24708 87 76
24709 28 53
24710 10 72
24711 52 88
24712 35 47
24713 83 7
24714 72 85
24715 17 44
24716 87 14
24717 73 78
24718 1 17
24719 93 92
24720 64 15
24721 52 87
24722 78 2
24723 25 79
24724 46 12
24725 26 22
24726 17 28
24727 76 1
24728 45 58
24729 8 12
24730 19 71
24731 64 14
24732 39 8
24733 18 71
24734 54 47
24735 79 48
24736 77 26
24737 71 19
24738 26 79
24739 24 28
24740 88 42
24741 39 9
24742 31 42
24743 52 91
24744 77 27
24745 76 22
24746 45 59
24747 39 94
24748 36 31
24749 48 72
24750 77 15
24751 28 52
24752 21 85
24753 45 58
24754 31 57
24755 48 7
24756 77 26
24757 77 1
24758 64 15
24759 48 71
24760 93 0
24761 89 42
24762 31 56
24763 19 20
24764 3 3
24765 81 91
24766 26 46
24767 41 62
24768 28 53
24769 50 73
24770 77 14
24771 37 6
24772 82 91
24773 41 61
24774 52 92
24775 35 24
24776 45 39
24777 19 11
24778 42 48
24779 88 14
24780 81 91
24781 40 4
24782 88 42
24783 55 47
24784 72 84
24785 10 17
24786 85 52
24787 77 33
24788 57 14
24789 19 71
24790 77 27
24791 92 56
24792 92 55
24793 82 91
24794 25 79
24795 66 26
24796 89 42
24797 47 12
24798 69 95
24799 38 6
24800 28 52
24801 10 73
24802 82 28
24803 72 78
24804 10 72
24805 92 92
24806 26 45
24807 39 8
24808 35 25
24809 59 50
24810 38 50
24811 77 26
24812 77 34
24813 90 18
24814 77 15
24815 77 27
24816 65 26
24817 64 14
24818 93 28
24819 26 46
24820 83 28
24821 38 87
24822 41 4
24823 12 70
24824 15 58
24825 25 28
24826 70 16
24827 34 47
24828 70 49
24829 78 3
24830 5 39
24831 21 74
24832 14 14
24833 10 18
24834 22 74
24835 90 17
24836 23 0
24837 94 0
24838 52 88
24839 21 74
24840 41 90
24841 84 52
24842 77 52
24843 23 1
24844 64 8
24845 73 38
24846 72 19
24847 36 32
24848 37 87
24849 2 3
24850 72 85
24851 38 51
24852 35 47
24853 77 26
24854 70 15
24855 19 10
24856 24 28
24857 92 56
24858 38 87
24859 77 33
24860 52 51
24861 77 14
24862 0 17
24863 18 71
24864 34 47
24865 62 50
24866 28 53
24867 77 34
24868 46 12
24869 90 18
24870 39 9
24871 77 15
24872 10 73
24873 26 45
24874 15 14
24875 93 0
24876 14 55
24877 93 27
24878 14 58
24879 57 90
24880 35 47
24881 68 95
24882 17 43
24883 57 15
24884 15 58
24885 46 41
24886 44 0
24887 14 14
24888 77 51
24889 31 43
24890 82 28
24891 40 4
24892 88 76
24893 35 24
24894 48 49
24895 46 95
24896 25 22
24897 47 12
24898 81 91
24899 82 80
24900 63 93
24901 45 40
24902 22 74
24903 21 74
24904 70 16
24905 41 4
24906 15 14
24907 41 89
24908 77 52
24909 69 57
24910 11 70
24911 25 28
24912 64 7
24913 17 44
24914 52 87
24915 45 95
24916 77 27
24917 51 51
24918 36 31
24919 42 72
24920 73 78
24921 23 0
24922 72 78
24923 41 93
24924 70 65
24925 74 65
24926 46 42
24927 14 58
24928 12 70
24929 83 6
24930 82 81
24931 31 57
24932 93 28
24933 26 22
24934 41 90
24935 52 91
24936 28 52
24937 45 39
24938 35 25
24939 11 70
24940 14 14
24941 43 0
24942 17 43
24943 31 42
24944 77 26
24945 31 43
24946 37 6
24947 70 48
24948 82 80
24949 39 8
24950 72 84
24951 34 47
24952 76 1
24953 39 9
24954 16 28
24955 19 19
24956 64 15
24957 4 39
24958 64 8
24959 46 41
24960 28 53
24961 19 71
24962 23 1
24963 54 47
24964 69 95
24965 76 23
24966 42 73
24967 17 44
24968 35 24
24969 37 87
24970 5 39
24971 46 95
24972 22 74
24973 77 14
24974 45 59
24975 21 74
24976 79 49
24977 14 54
24978 41 89
24979 45 95
24980 38 87
24981 3 3
24982 57 91
24983 15 14
24984 73 78
24985 40 93
24986 72 57
24987 85 52
24988 31 56
24989 35 25
24990 76 22
24991 86 64
24992 41 48
24993 28 52
24994 40 4
24995 70 49
24996 82 91
24997 77 1
24998 18 71
24999 84 52
25000 42 72
25001 58 50
25002 42 48
25003 38 6
25004 41 93
25005 82 81
25006 66 26
25007 10 17
25008 78 2
25009 41 4
25010 9 12
25011 93 27
25012 47 49
25013 14 55
25014 12 70
25015 31 42
25016 77 51
25017 64 47
25018 57 14
25019 28 53
25020 52 88
25021 8 12
25022 77 27
25023 21 84
25024 73 57
25025 24 28
25026 70 15
25027 1 17
25028 46 12
25029 83 28
25030 94 0
25031 77 52
25032 14 14
25033 70 16
25034 92 55
25035 81 91
25036 47 12
25037 4 39
25038 52 51
25039 72 38
25040 22 74
25041 75 65
25042 19 71
25043 87 14
25044 17 28
25045 48 49
25046 73 38
25047 15 14
25048 82 85
25049 72 85
25050 40 93
25051 51 51
25052 72 78
25053 23 0
25054 70 15
25055 42 73
25056 93 92
25057 46 12
25058 90 17
25059 65 26
25060 77 51
25061 78 3
25062 42 72
25063 39 8
25064 10 18
25065 14 54
25066 90 18
25067 71 65
25068 31 43
25069 63 94
25070 49 73
25071 37 6
25072 66 26
25073 9 12
25074 25 22
25075 11 70
25076 65 26
25077 26 22
25078 50 73
25079 19 11
25080 23 1
25081 28 52
25082 74 65
25083 93 0
25084 48 8
25085 39 9
25086 72 38
25087 35 24
25088 63 93
25089 31 42
25090 84 86
25091 77 52
25092 64 14
25093 82 28
25094 14 14
25095 73 38
25096 21 85
25097 52 51
25098 52 87
25099 21 74
25100 49 73
25101 38 6
25102 17 43
25103 40 4
25104 88 14
25105 36 32
25106 38 50
25107 22 74
25108 69 58
25109 68 95
25110 55 47
25111 72 84
25112 76 1
25113 57 90
25114 18 71
25115 2 3
25116 44 0
25117 70 48
25118 26 79
25119 73 78
25120 92 92
25121 19 20
25122 70 65
25123 21 84
25124 94 0
25125 51 51
25126 37 87
25127 83 7
25128 60 63
25129 54 47
25130 69 57
25131 5 39
25132 45 40
25133 64 15
25134 47 12
25135 75 65
25136 77 15
25137 46 42
25138 50 73
25139 57 15
25140 12 70
25141 63 94
25142 45 58
25143 63 93
25144 83 6
25145 57 14
25146 87 76
25147 64 7
25148 35 47
25149 21 74
25150 77 51
25151 38 87
25152 59 50
25153 85 52
25154 64 8
25155 23 0
25156 82 91
25157 37 87
25158 0 17
25159 25 22
25160 74 65
25161 81 91
25162 46 12
25163 79 48
25164 17 44
25165 43 0
25166 75 65
25167 31 57
25168 38 87
25169 3 3
25170 63 94
25171 26 22
25172 39 8
25173 39 95
25174 93 92
25175 58 50
25176 39 94
25177 52 88
25178 77 1
25179 1 17
25180 83 7
25181 2 3
25182 39 9
25183 67 90
25184 57 91
25185 86 65
25186 59 50
25187 4 39
25188 83 6
25189 69 95
25190 38 51
25191 10 72
25192 82 86
25193 77 14
25194 72 85
25195 14 55
25196 69 58
25197 90 17
25198 5 39
25199 14 54
25200 66 90
25201 19 71
25202 17 43
25203 19 10
25204 78 2
25205 47 12
25206 68 95
25207 72 78
25208 48 7
25209 76 23
25210 36 31
25211 25 22
25212 73 78
25213 42 79
25214 21 85
25215 11 70
25216 61 63
25217 88 76
25218 82 85
25219 39 8
25220 25 79
25221 87 14
25222 84 52
25223 66 26
25224 18 71
25225 72 84
25226 76 1
25227 46 12
25228 4 39
25229 79 49
25230 41 93
25231 62 49
25232 14 55
25233 86 64
25234 70 49
25235 12 70
25236 31 56
25237 15 14
25238 41 62
25239 63 93
25240 46 95
25241 84 85
25242 92 56
25243 48 72
25244 36 32
25245 52 51
25246 36 31
25247 72 57
25248 79 48
25249 93 0
25250 64 7
25251 57 15
25252 87 76
25253 14 14
25254 37 6
25255 79 49
25256 72 85
25257 41 48
25258 57 90
25259 77 52
25260 64 8
25261 14 54
25262 41 90
25263 73 57
25264 77 51
25265 52 92
25266 82 80
25267 43 79
25268 11 70
25269 12 70
25270 22 74
25271 34 47
25272 93 28
25273 47 12
25274 35 47
25275 38 50
25276 31 43
25277 88 76
25278 83 7
25279 10 73
25280 10 17
25281 51 51
25282 84 86
25283 70 16
25284 45 95
25285 8 12
25286 77 15
25287 10 72
25288 42 73
25289 57 91
25290 88 14
25291 19 71
25292 45 59
25293 40 93
25294 18 71
25295 71 19
25296 78 3
25297 39 95
25298 74 65
25299 19 19
25300 41 61
25301 28 53
25302 46 12
25303 83 6
25304 77 1
25305 38 51
25306 41 4
25307 26 22
25308 19 20
25309 41 93
25310 19 71
25311 47 12
25312 28 52
25313 72 38
25314 48 8
25315 86 65
25316 93 27
25317 72 19
25318 14 55
25319 70 48
25320 69 57
25321 18 71
25322 90 18
25323 47 49
25324 5 39
25325 15 58
25326 58 50
25327 77 14
25328 26 46
25329 42 48
25330 42 72
25331 94 0
25332 14 58
25333 85 52
25334 44 0
25335 52 51
25336 15 14
25337 64 7
25338 82 81
25339 57 90
25340 42 79
25341 49 73
25342 38 6
25343 72 84
25344 0 17
25345 77 15
25346 82 86
25347 28 53
25348 38 50
25349 41 62
25350 69 58
25351 92 92
25352 93 92
25353 25 28
25354 16 28
25355 48 7
25356 21 74
25357 24 28
25358 52 87
25359 25 22
25360 62 50
25361 43 0
25362 37 87
25363 76 22
25364 84 52
25365 23 1
25366 48 8
25367 38 51
25368 93 0
25369 22 74
25370 79 48
25371 65 47
25372 48 7
25373 64 8
25374 21 74
25375 48 71
25376 71 19
25377 40 93
25378 72 85
25379 76 1
25380 39 94
25381 79 49
25382 17 28
25383 83 28
25384 67 90
25385 41 89
25386 86 64
25387 34 47
25388 43 79
25389 70 49
25390 69 95
25391 21 84
25392 82 80
25393 41 48
25394 15 58
25395 48 49
25396 68 95
25397 41 90
25398 69 57
25399 52 88
25400 85 52
25401 70 48
25402 79 48
25403 50 73
25404 22 74
25405 66 90
25406 9 12
25407 44 0
25408 26 45
25409 38 50
25410 47 49
25411 4 39
25412 93 28
25413 46 41
25414 84 52
25415 45 58
25416 75 65
25417 88 42
25418 93 27
25419 73 38
25420 70 15
25421 39 95
25422 19 71
25423 87 76
25424 31 57
25425 72 57
25426 92 55
25427 43 0
25428 28 52
25429 64 47
25430 40 4
25431 59 50
25432 94 0
25433 35 47
25434 41 4
25435 83 7
25436 10 73
25437 77 1
25438 34 47
25439 44 0
25440 73 57
25441 82 28
25442 77 14
25443 5 39
25444 72 38
25445 14 14
25446 72 84
25447 70 49
25448 28 53
25449 36 32
25450 45 39
25451 15 14
25452 93 0
25453 25 28
25454 14 14
25455 48 8
25456 10 72
25457 77 15
25458 38 51
25459 38 87
25460 69 95
25461 48 72
25462 85 52
25463 39 9
25464 94 0
25465 67 90
25466 55 47
25467 62 49
25468 39 8
25469 36 31
25470 31 42
25471 3 3
25472 70 16
25473 77 52
25474 54 47
25475 10 73
25476 70 15
25477 51 51
25478 26 79
25479 18 71
25480 28 52
25481 24 28
25482 21 85
25483 92 56
25484 19 71
25485 43 0
25486 82 81
25487 72 78
25488 21 74
25489 92 92
25490 15 14
25491 71 65
25492 82 91
25493 52 51
25494 51 51
25495 42 48
25496 35 25
25497 35 24
25498 19 19
25499 23 0
25500 22 74
25501 64 14
25502 35 47
25503 4 39
25504 42 73
25505 77 14
25506 37 6
25507 76 23
25508 44 0
25509 93 92
25510 40 4
25511 70 16
25512 8 12
25513 36 32
25514 41 48
25515 48 49
25516 2 3
25517 38 50
25518 66 90
25519 23 1
25520 45 59
25521 41 61
25522 77 51
25523 1 17
25524 45 58
25525 37 87
25526 58 50
25527 77 15
25528 38 6
25529 70 65
25530 52 91
25531 90 17
25532 42 72
25533 77 26
25534 42 79
25535 45 41
25536 87 14
25537 42 73
25538 65 47
25539 14 58
25540 28 53
25541 38 51
25542 57 91
25543 44 39
25544 23 0
25545 38 50
25546 17 44
25547 46 12
25548 43 0
25549 31 56
25550 10 72
25551 88 14
25552 63 94
25553 25 28
25554 28 52
25555 57 14
25556 19 11
25557 55 47
25558 90 18
25559 68 95
25560 72 85
25561 38 87
25562 24 28
25563 82 85
25564 77 33
25565 93 0
25566 81 91
25567 42 72
25568 65 26
25569 70 48
25570 47 12
25571 26 22
25572 11 70
25573 69 95
25574 44 0
25575 92 92
25576 68 95
25577 52 92
25578 70 49
25579 18 71
25580 14 54
25581 52 87
25582 66 26
25583 42 48
25584 25 22
25585 90 17
25586 23 1
25587 77 52
25588 17 43
25589 43 79
25590 26 22
25591 10 73
25592 48 71
25593 82 80
25594 59 50
25595 73 38
25596 52 88
25597 90 18
25598 71 65
25599 94 0
25600 5 39
25601 39 9
25602 25 28
25603 52 51
25604 77 34
25605 19 20
25606 15 58
25607 52 87
25608 41 89
25609 41 93
25610 82 86
25611 62 50
25612 67 90
25613 4 39
25614 92 55
25615 92 56
25616 31 43
25617 84 52
25618 63 93
25619 41 4
25620 42 73
25621 64 47
25622 84 85
25623 79 49
25624 64 15
25625 16 28
25626 42 79
25627 73 78
25628 17 44
25629 14 58
25630 93 0
25631 21 84
25632 47 49
25633 31 57
25634 9 12
25635 94 0
25636 26 46
25637 19 71
25638 41 62
25639 46 95
25640 65 47
25641 72 57
25642 45 59
25643 77 51
25644 48 7
25645 74 65
25646 69 95
25647 90 17
25648 54 47
25649 66 90
25650 68 95
25651 10 18
25652 75 65
25653 70 65
25654 0 17
25655 70 48
25656 17 28
25657 3 3
25658 19 10
25659 72 78
25660 5 39
25661 69 58
25662 87 14
25663 83 28
25664 8 12
25665 39 94
25666 37 87
25667 74 65
25668 19 11
25669 76 1
25670 38 87
25671 23 0
25672 23 1
25673 77 33
25674 55 47
25675 63 94
25676 2 3
25677 88 14
25678 84 86
25679 77 27
25680 86 65
25681 19 19
25682 38 51
25683 93 0
25684 73 78
25685 72 84
25686 65 26
25687 77 1
25688 88 76
25689 42 72
25690 45 39
25691 82 85
25692 57 15
25693 10 17
25694 58 50
25695 17 43
25696 71 65
25697 54 47
25698 70 49
25699 4 39
25700 63 93
25701 84 85
25702 70 48
25703 38 50
25704 44 39
25705 39 8
25706 12 70
25707 48 72
25708 46 12
25709 82 28
25710 63 94
25711 40 4
25712 62 49
25713 75 65
25714 77 14
25715 34 47
25716 87 76
25717 93 28
25718 55 47
25719 25 22
25720 77 15
25721 45 95
25722 14 14
25723 3 3
25724 41 48
25725 43 0
25726 44 0
25727 31 42
25728 54 47
25729 86 64
25730 62 50
25731 26 45
25732 63 93
25733 42 48
25734 64 47
25735 48 49
25736 51 51
25737 57 14
25738 77 34
25739 70 15
25740 77 14
25741 9 12
25742 52 91
25743 23 0
25744 72 85
25745 57 15
25746 15 14
25747 26 22
25748 72 84
25749 39 9
25750 41 48
25751 72 38
25752 14 14
25753 64 14
25754 85 52
25755 73 57
25756 39 93
25757 49 73
25758 42 73
25759 83 6
25760 46 41
25761 48 71
25762 10 72
25763 1 17
25764 48 8
25765 24 28
25766 10 73
25767 5 39
25768 92 55
25769 52 51
25770 4 39
25771 31 43
25772 86 65
25773 77 33
25774 10 18
25775 62 49
25776 5 39
25777 83 28
25778 72 85
25779 77 15
25780 45 58
25781 28 53
25782 57 14
25783 64 7
25784 59 50
25785 10 17
25786 31 42
25787 19 10
25788 70 49
25789 43 79
25790 76 1
25791 42 48
25792 48 7
25793 50 73
25794 41 94
25795 25 22
25796 48 8
25797 93 27
25798 48 72
25799 70 65
25800 60 63
25801 41 90
25802 87 14
25803 25 28
25804 52 88
25805 62 50
25806 41 61
25807 76 22
25808 69 57
25809 41 62
25810 45 59
25811 77 1
25812 0 17
25813 10 72
25814 19 11
25815 41 93
25816 84 52
25817 41 89
25818 72 84
25819 8 12
25820 41 90
25821 70 48
25822 77 34
25823 18 71
25824 85 52
25825 28 52
25826 42 79
25827 93 92
25828 57 90
25829 82 28
25830 69 95
25831 19 10
25832 88 76
25833 72 85
25834 41 89
25835 48 7
25836 72 57
25837 66 26
25838 39 8
25839 25 79
25840 10 18
25841 58 50
25842 76 23
25843 15 14
25844 17 44
25845 82 86
25846 82 85
25847 52 87
25848 11 70
25849 83 28
25850 77 14
25851 43 79
25852 55 47
25853 92 92
25854 47 12
25855 74 65
25856 72 84
25857 41 90
25858 59 50
25859 89 42
25860 41 94
25861 23 1
25862 67 90
25863 61 63
25864 88 42
25865 45 58
25866 64 15
25867 84 86
25868 23 0
25869 65 47
25870 41 89
25871 1 17
25872 52 92
25873 41 4
25874 93 28
25875 71 65
25876 14 14
25877 26 79
25878 10 73
25879 70 49
25880 31 43
25881 78 2
25882 37 6
25883 31 56
25884 66 90
25885 58 50
25886 21 74
25887 78 3
25888 22 74
25889 45 59
25890 64 14
25891 23 1
25892 45 39
25893 72 85
25894 89 42
25895 88 42
25896 39 94
25897 48 8
25898 54 47
25899 79 48
25900 51 51
25901 15 14
25902 49 73
25903 93 27
25904 59 50
25905 26 22
25906 45 41
25907 31 42
25908 77 33
25909 16 28
25910 25 22
25911 84 85
25912 9 12
25913 41 48
25914 17 28
25915 15 58
25916 46 41
25917 64 47
25918 92 56
25919 72 78
25920 37 87
25921 65 26
25922 73 78
25923 42 48
25924 14 14
25925 76 22
25926 26 46
25927 12 70
25928 82 81
25929 15 14
25930 45 40
25931 90 18
25932 17 43
25933 4 39
25934 14 14
25935 72 84
25936 70 16
25937 70 15
25938 77 34
25939 19 71
25940 72 19
25941 77 15
25942 41 48
25943 92 55
25944 38 87
25945 42 48
25946 23 0
25947 84 52
25948 68 95
25949 72 85
25950 71 19
25951 77 26
25952 93 28
25953 82 86
25954 70 16
25955 70 65
25956 25 79
25957 72 84
25958 41 61
25959 93 92
25960 93 27
25961 65 47
25962 17 44
25963 82 91
25964 72 78
25965 64 15
25966 10 72
25967 87 76
25968 88 76
25969 76 1
25970 14 58
25971 57 91
25972 55 47
25973 77 33
25974 69 58
25975 19 11
25976 36 31
25977 14 55
25978 64 47
25979 64 8
25980 82 28
25981 37 87
25982 35 47
25983 90 17
25984 8 12
25985 83 28
25986 69 57
25987 77 34
25988 77 1
25989 76 1
25990 17 43
25991 10 17
25992 60 63
25993 26 45
25994 62 49
25995 67 90
25996 52 51
25997 94 0
25998 77 14
25999 63 94
26000 69 58
26001 34 47
26002 46 12
26003 41 93
26004 41 62
26005 31 43
26006 63 93
26007 43 0
26008 10 18
26009 92 56
26010 73 57
26011 52 88
26012 35 25
26013 46 42
26014 72 19
26015 39 9
26016 93 28
26017 19 10
26018 10 17
26019 63 94
26020 79 49
26021 50 73
26022 24 28
26023 54 47
26024 41 90
26025 16 28
26026 25 28
26027 11 70
26028 85 52
26029 15 58
26030 41 61
26031 57 15
26032 72 57
26033 89 42
26034 5 39
26035 55 47
26036 48 7
26037 41 62
26038 54 47
26039 41 89
26040 52 91
26041 38 87
26042 21 85
26043 65 47
26044 87 76
26045 0 17
26046 41 90
26047 14 58
26048 90 18
26049 19 11
26050 1 17
26051 93 0
26052 79 48
26053 9 12
26054 73 78
26055 15 14
26056 58 50
26057 35 24
26058 17 28
26059 14 54
26060 17 44
26061 39 93
26062 61 63
26063 23 1
26064 64 47
26065 66 26
26066 52 92
26067 21 84
26068 77 27
26069 90 17
26070 37 87
26071 59 50
26072 92 92
26073 71 19
26074 21 74
26075 82 28
26076 21 85
26077 72 78
26078 88 42
26079 86 64
26080 77 15
26081 71 65
26082 77 1
26083 79 49
26084 41 61
26085 77 26
26086 26 46
26087 12 70
26088 23 0
26089 31 42
26090 69 95
26091 42 72
26092 38 87
26093 39 8
26094 10 18
26095 75 65
26096 42 79
26097 39 94
26098 70 15
26099 41 48
26100 62 50
26101 93 27
26102 72 19
26103 28 53
26104 10 73
26105 42 73
26106 4 39
26107 14 14
26108 16 28
26109 38 51
26110 68 95
26111 57 90
26112 31 57
26113 49 73
26114 55 47
26115 79 48
26116 70 65
26117 35 25
26118 73 57
26119 81 91
26120 15 58
26121 94 0
26122 64 7
26123 90 18
26124 17 43
26125 89 42
26126 17 28
26127 72 57
26128 50 73
26129 88 76
26130 48 71
26131 70 16
26132 57 91
26133 47 12
26134 73 38
26135 31 56
26136 8 12
26137 26 45
26138 31 57
26139 49 73
26140 11 70
26141 84 52
26142 74 65
26143 52 87
26144 51 51
26145 62 49
26146 92 55
26147 19 20
26148 14 58
26149 40 93
26150 46 95
26151 18 71
26152 2 3
26153 26 22
26154 76 1
26155 88 14
26156 76 23
26157 82 80
26158 52 91
26159 22 74
26160 35 47
26161 15 58
26162 77 52
26163 48 72
26164 93 28
26165 52 51
26166 64 14
26167 54 47
26168 38 6
26169 78 2
26170 42 48
26171 71 65
26172 41 48
26173 55 47
26174 34 47
26175 41 93
26176 77 14
26177 88 42
26178 46 41
26179 52 92
26180 70 15
26181 46 42
26182 65 47
26183 62 50
26184 37 87
26185 77 33
26186 10 17
26187 19 71
26188 26 46
26189 5 39
26190 42 72
26191 28 52
26192 39 9
26193 52 88
26194 93 92
26195 69 57
26196 10 72
26197 42 48
26198 52 91
26199 69 58
26200 48 8
26201 16 28
26202 77 51
26203 47 49
26204 45 95
26205 51 51
26206 48 71
26207 10 73
26208 52 92
26209 64 47
26210 31 56
26211 87 76
26212 73 57
26213 46 41
26214 0 17
26215 89 42
26216 90 17
26217 46 42
26218 64 15
26219 69 57
26220 78 3
26221 50 73
26222 17 28
26223 36 32
26224 45 39
26225 39 8
26226 41 89
26227 12 70
26228 41 62
26229 44 0
26230 86 65
26231 77 34
26232 77 27
26233 26 79
26234 83 28
26235 72 85
26236 52 91
26237 76 22
26238 45 40
26239 70 48
26240 86 64
26241 9 12
26242 46 95
26243 86 65
26244 57 90
26245 41 61
26246 93 0
26247 11 70
26248 19 19
26249 4 39
26250 69 95
26251 38 87
26252 68 95
26253 12 70
26254 5 39
26255 92 92
26256 82 91
26257 37 6
26258 3 3
26259 45 58
26260 38 6
26261 82 81
26262 15 14
26263 58 50
26264 92 56
26265 2 3
26266 8 12
26267 66 90
26268 82 28
26269 26 45
26270 59 50
26271 87 14
26272 23 1
26273 88 14
26274 73 78
26275 88 42
26276 18 71
26277 37 6
26278 35 47
26279 3 3
26280 72 57
26281 83 7
26282 43 79
26283 46 41
26284 19 10
26285 77 1
26286 65 47
26287 48 72
26288 57 14
26289 83 6
26290 24 28
26291 45 39
26292 19 11
26293 23 0
26294 10 18
26295 71 19
26296 69 58
26297 49 73
26298 25 79
26299 93 27
26300 90 18
26301 69 57
26302 69 58
26303 19 71
26304 64 14
26305 21 84
26306 40 4
26307 21 74
26308 46 12
26309 31 57
26310 77 26
26311 83 7
26312 82 80
26313 48 7
26314 82 85
26315 72 84
26316 16 28
26317 41 62
26318 83 6
26319 76 23
26320 72 38
26321 19 10
26322 73 38
26323 79 49
26324 14 55
26325 38 6
26326 31 43
26327 45 95
26328 82 86
26329 10 17
26330 45 59
26331 77 33
26332 60 63
26333 61 63
26334 93 92
26335 65 26
26336 75 65
26337 40 93
26338 19 20
26339 31 42
26340 45 40
26341 58 50
26342 60 63
26343 64 8
26344 1 17
26345 34 47
26346 25 22
26347 14 54
26348 76 1
26349 45 39
26350 52 92
26351 89 42
26352 17 44
26353 17 43
26354 35 47
26355 48 8
26356 83 7
26357 62 49
26358 77 34
26359 37 6
26360 67 90
26361 70 49
26362 18 71
26363 35 24
26364 26 46
26365 9 12
26366 41 48
26367 28 53
26368 39 95
26369 84 86
26370 77 15
26371 46 95
26372 62 50
26373 52 87
26374 0 17
26375 70 65
26376 23 1
26377 4 39
26378 38 6
26379 71 65
26380 72 85
26381 2 3
26382 42 73
26383 19 19
26384 66 90
26385 42 48
26386 87 14
26387 81 91
26388 48 7
26389 19 20
26390 69 57
26391 77 1
26392 39 9
26393 74 65
26394 82 91
26395 77 14
26396 54 47
26397 14 58
26398 67 90
26399 93 28
26400 38 50
26401 83 28
26402 93 27
26403 61 63
26404 57 15
26405 37 6
26406 86 64
26407 77 33
26408 52 51
26409 38 6
26410 42 72
26411 82 85
26412 8 12
26413 42 79
26414 77 52
26415 94 0
26416 57 91
26417 72 78
26418 93 28
26419 48 8
26420 34 47
26421 5 39
26422 19 71
26423 17 44
26424 14 55
26425 26 45
26426 81 91
26427 82 81
26428 66 26
26429 52 91
26430 28 52
26431 55 47
26432 25 28
26433 76 1
26434 47 12
26435 76 22
26436 75 65
26437 77 15
26438 69 95
26439 9 12
26440 36 31
26441 57 90
26442 45 58
26443 60 63
26444 14 14
26445 19 19
26446 48 71
26447 83 6
26448 21 85
26449 66 90
26450 48 7
26451 77 34
26452 50 73
26453 41 90
26454 45 41
26455 72 84
26456 38 51
26457 26 22
26458 25 22
26459 26 22
26460 51 51
26461 48 72
26462 15 14
26463 41 48
26464 44 39
26465 37 6
26466 31 43
26467 22 74
26468 46 12
26469 25 22
26470 3 3
26471 63 93
26472 70 48
26473 42 48
26474 52 88
26475 68 95
26476 35 25
26477 52 92
26478 36 32
26479 17 28
26480 45 59
26481 45 95
26482 84 85
26483 35 47
26484 45 58
26485 15 58
26486 65 26
26487 41 89
26488 48 71
26489 21 84
26490 46 95
26491 28 53
26492 23 0
26493 41 48
26494 26 46
26495 70 16
26496 23 1
26497 77 14
26498 19 20
26499 1 17
26500 62 49
26501 42 73
26502 26 22
26503 77 15
26504 34 47
26505 43 0
26506 92 55
26507 42 48
26508 41 90
26509 41 48
26510 10 72
26511 82 91
26512 66 26
26513 63 94
26514 88 76
26515 37 87
26516 14 14
26517 90 17
26518 83 7
26519 92 56
26520 45 39
26521 70 65
26522 35 47
26523 44 0
26524 52 51
26525 70 49
26526 54 47
26527 48 8
26528 64 47
26529 76 23
26530 34 47
26531 63 93
26532 47 12
26533 88 14
26534 10 18
26535 87 14
26536 10 73
26537 69 95
26538 36 31
26539 2 3
26540 87 76
26541 21 85
26542 39 94
26543 21 74
26544 81 91
26545 21 84
26546 52 87
26547 88 14
26548 73 78
26549 15 14
26550 71 65
26551 64 15
26552 4 39
26553 59 50
26554 61 63
26555 93 0
26556 58 50
26557 76 22
26558 65 47
26559 39 8
26560 3 3
26561 46 12
26562 86 65
26563 48 7
26564 43 79
26565 28 52
26566 47 12
26567 85 52
26568 8 12
26569 62 50
26570 14 58
26571 11 70
26572 38 87
26573 35 24
26574 77 27
26575 23 0
26576 64 14
26577 92 55
26578 24 28
26579 46 41
26580 28 53
26581 88 42
26582 77 26
26583 42 48
26584 72 78
26585 38 6
26586 14 54
26587 89 42
26588 49 73
26589 82 80
26590 84 86
26591 45 95
26592 42 79
26593 41 48
26594 73 57
26595 38 50
26596 43 79
26597 18 71
26598 76 23
26599 59 50
26600 45 41
26601 41 61
26602 92 92
26603 67 90
26604 12 70
26605 55 47
26606 87 14
26607 35 25
26608 46 41
26609 74 65
26610 70 15
26611 54 47
26612 38 51
26613 82 81
26614 70 48
26615 84 85
26616 75 65
26617 86 64
26618 23 1
26619 46 95
26620 39 9
26621 9 12
26622 66 90
26623 82 80
26624 8 12
26625 55 47
26626 42 48
26627 51 51
26628 22 74
26629 15 58
26630 16 28
26631 93 27
26632 35 47
26633 21 85
26634 63 94
26635 17 28
26636 70 65
26637 36 32
26638 41 4
26639 25 28
26640 38 50
26641 77 1
26642 19 71
26643 37 87
26644 63 93
26645 64 15
26646 45 95
26647 79 48
26648 65 26
26649 84 52
26650 71 65
26651 78 2
26652 42 72
26653 83 6
26654 74 65
26655 76 22
26656 21 84
26657 43 0
26658 72 38
26659 77 27
26660 41 93
26661 50 73
26662 67 90
26663 77 14
26664 31 42
26665 35 24
26666 48 72
26667 68 95
26668 79 49
26669 82 28
26670 58 50
26671 76 1
26672 62 49
26673 69 58
26674 57 91
26675 21 74
26676 36 31
26677 45 40
26678 93 92
26679 77 15
26680 16 28
26681 64 47
26682 90 18
26683 25 22
26684 48 8
26685 88 42
26686 77 1
26687 2 3
26688 69 57
26689 40 4
26690 26 22
26691 69 58
26692 82 81
26693 38 87
26694 5 39
26695 70 65
26696 77 51
26697 82 86
26698 42 73
26699 11 70
26700 41 62
26701 86 65
26702 41 61
26703 84 86
26704 23 0
26705 86 64
26706 59 50
26707 76 23
26708 69 57
26709 41 89
26710 14 14
26711 34 47
26712 94 0
26713 14 58
26714 36 32
26715 77 52
26716 49 73
26717 72 85
26718 31 43
26719 31 56
26720 60 63
26721 64 7
26722 82 91
26723 72 57
26724 18 71
26725 9 12
26726 92 92
26727 42 79
26728 4 39
26729 86 65
26730 35 25
26731 50 73
26732 45 59
26733 93 28
26734 19 19
26735 77 26
26736 83 28
26737 43 79
26738 57 90
26739 44 0
26740 84 85
26741 42 79
26742 62 50
26743 41 62
26744 73 78
26745 24 28
26746 76 22
26747 48 7
26748 76 23
26749 48 49
26750 45 39
26751 39 8
26752 35 24
26753 35 25
26754 45 41
26755 77 14
26756 73 57
26757 72 78
26758 44 39
26759 35 47
26760 58 50
26761 34 47
26762 19 71
26763 52 91
26764 52 88
26765 45 39
26766 57 14
26767 35 24
26768 25 22
26769 76 1
26770 77 33
26771 26 79
26772 71 65
26773 69 95
26774 64 14
26775 10 72
26776 70 49
26777 82 80
26778 15 14
26779 57 15
26780 10 73
26781 3 3
26782 82 28
26783 37 87
26784 52 87
26785 43 79
26786 48 71
26787 88 14
26788 39 93
26789 77 1
26790 59 50
26791 76 22
26792 52 88
26793 82 85
26794 19 20
26795 72 19
26796 71 19
26797 23 1
26798 77 27
26799 48 72
26800 41 94
26801 39 94
26802 23 0
26803 62 49
26804 69 58
26805 41 48
26806 70 65
26807 63 94
26808 39 9
26809 2 3
26810 61 63
26811 88 76
26812 81 91
26813 92 56
26814 46 41
26815 5 39
26816 77 15
26817 43 0
26818 93 27
26819 19 11
26820 86 64
26821 52 92
26822 31 57
26823 4 39
26824 82 81
26825 60 63
26826 14 14
26827 70 48
26828 82 91
26829 48 8
26830 41 4
26831 82 80
26832 90 17
26833 52 87
26834 42 72
26835 65 47
26836 77 26
26837 8 12
26838 72 19
26839 10 17
26840 79 48
26841 38 51
26842 18 71
26843 54 47
26844 77 27
26845 72 57
26846 46 12
26847 93 0
26848 19 19
26849 47 12
26850 75 65
26851 83 7
26852 31 56
26853 49 73
26854 45 40
26855 87 76
26856 84 86
26857 71 65
26858 86 65
26859 42 73
26860 15 14
26861 71 19
26862 89 42
26863 45 39
26864 58 50
26865 41 61
26866 52 51
26867 64 47
26868 35 47
26869 83 28
26870 19 71
26871 28 52
26872 0 17
26873 46 12
26874 26 22
26875 64 15
26876 19 20
26877 77 51
26878 70 65
26879 14 55
26880 68 95
26881 17 43
26882 37 6
26883 38 50
26884 76 23
26885 76 22
26886 59 50
26887 57 91
26888 41 62
26889 38 87
26890 25 79
26891 3 3
26892 39 93
26893 51 51
26894 25 22
26895 35 25
26896 45 58
26897 78 3
26898 25 28
26899 19 19
26900 23 1
26901 73 78
26902 82 28
26903 34 47
26904 66 90
26905 41 61
26906 35 24
26907 40 4
26908 79 49
26909 39 8
26910 14 54
26911 44 0
26912 24 28
26913 82 81
26914 76 23
26915 88 42
26916 67 90
26917 52 51
26918 70 16
26919 43 0
26920 83 28
26921 88 76
26922 64 8
26923 89 42
26924 19 20
26925 83 6
26926 44 0
26927 14 14
26928 93 92
26929 48 71
26930 66 90
26931 35 47
26932 87 14
26933 17 28
26934 45 59
26935 18 71
26936 77 14
26937 48 7
26938 67 90
26939 22 74
26940 65 47
26941 82 86
26942 87 76
26943 57 14
26944 72 78
26945 37 87
26946 45 58
26947 34 47
26948 45 40
26949 73 38
26950 72 19
26951 38 87
26952 52 88
26953 86 64
26954 10 18
26955 78 2
26956 84 85
26957 25 28
26958 41 62
26959 1 17
26960 10 17
26961 74 65
26962 62 50
26963 45 39
26964 92 55
26965 90 18
26966 16 28
26967 31 57
26968 94 0
26969 5 39
26970 92 92
26971 72 38
26972 41 61
26973 17 44
26974 36 31
26975 41 4
26976 64 7
26977 81 91
26978 42 72
26979 88 76
26980 79 48
26981 43 0
26982 47 12
26983 77 15
26984 85 52
26985 88 42
26986 37 87
26987 9 12
26988 36 32
26989 35 25
26990 17 28
26991 47 49
26992 64 47
26993 83 7
26994 79 49
26995 4 39
26996 77 34
26997 44 0
26998 48 8
26999 45 40
27000 26 45
27001 19 19
27002 14 55
27003 78 3
27004 84 86
27005 8 12
27006 82 91
27007 73 78
27008 69 95
27009 77 26
27010 39 9
27011 86 65
27012 57 90
27013 41 62
27014 38 6
27015 12 70
27016 42 73
27017 35 47
27018 89 42
27019 75 65
27020 16 28
27021 26 79
27022 10 18
27023 68 95
27024 74 65
27025 41 93
27026 61 63
27027 2 3
27028 51 51
27029 52 51
27030 43 0
27031 36 31
27032 15 58
27033 73 38
27034 46 12
27035 69 95
27036 76 22
27037 36 32
27038 48 72
27039 64 14
27040 82 80
27041 45 59
27042 57 91
27043 42 79
27044 77 52
27045 39 8
27046 92 56
27047 34 47
27048 36 31
27049 24 28
27050 51 51
27051 84 52
27052 69 57
27053 19 71
27054 58 50
27055 52 87
27056 40 4
27057 44 0
27058 62 49
27059 76 1
27060 60 63
27061 66 26
27062 10 72
27063 43 79
27064 19 10
27065 86 64
27066 48 71
27067 88 42
27068 82 81
27069 79 48
27070 23 0
27071 64 8
27072 89 42
27073 38 87
27074 65 26
27075 73 57
27076 41 61
27077 55 47
27078 76 23
27079 5 39
27080 72 57
27081 45 39
27082 57 15
27083 81 91
27084 87 76
27085 54 47
27086 39 9
27087 21 74
27088 57 90
27089 10 73
27090 47 12
27091 71 65
27092 17 43
27093 10 72
27094 73 57
27095 93 28
27096 57 91
27097 0 17
27098 65 47
27099 93 27
27100 57 14
27101 88 14
27102 72 38
27103 69 58
27104 3 3
27105 26 22
27106 64 15
27107 61 63
27108 43 0
27109 46 95
27110 76 22
27111 45 40
27112 39 8
27113 57 15
27114 52 51
27115 41 94
27116 85 52
27117 76 23
27118 70 15
27119 35 24
27120 79 49
27121 70 16
27122 52 88
27123 25 79
27124 35 47
27125 87 14
27126 82 28
27127 88 14
27128 88 76
27129 88 42
27130 41 4
27131 82 80
27132 68 95
27133 92 55
27134 70 49
27135 69 95
27136 34 47
27137 19 20
27138 77 27
27139 87 76
27140 25 22
27141 72 84
27142 26 46
27143 41 93
27144 77 26
27145 2 3
27146 77 14
27147 76 22
27148 84 85
27149 11 70
27150 10 73
27151 35 25
27152 41 94
27153 44 0
27154 41 90
27155 19 11
27156 64 47
27157 75 65
27158 42 79
27159 72 85
27160 36 32
27161 42 48
27162 41 89
27163 74 65
27164 60 63
27165 37 87
27166 3 3
27167 35 24
27168 38 51
27169 45 39
27170 86 65
27171 17 28
27172 64 14
27173 57 14
27174 77 15
27175 57 15
27176 41 62
27177 52 87
27178 93 28
27179 12 70
27180 61 63
27181 84 52
27182 64 7
27183 66 26
27184 39 94
27185 36 31
27186 11 70
27187 82 91
27188 75 65
27189 78 2
27190 15 14
27191 77 51
27192 83 28
27193 14 54
27194 39 93
27195 4 39
27196 50 73
27197 51 51
27198 65 47
27199 21 85
27200 38 50
27201 82 28
27202 38 51
27203 84 86
27204 48 49
27205 52 51
27206 79 48
27207 81 91
27208 62 50
27209 14 14
27210 5 39
27211 36 32
27212 42 72
27213 60 63
27214 25 28
27215 63 93
27216 55 47
27217 19 19
27218 28 53
27219 45 58
27220 72 84
27221 12 70
27222 64 15
27223 93 27
27224 18 71
27225 42 73
27226 84 85
27227 41 48
27228 77 1
27229 41 61
27230 35 25
27231 39 9
27232 62 49
27233 77 27
27234 83 28
27235 78 3
27236 83 6
27237 9 12
27238 77 52
27239 51 51
27240 37 6
27241 82 91
27242 38 50
27243 35 24
27244 90 17
27245 52 51
27246 64 8
27247 23 1
27248 76 1
27249 64 47
27250 59 50
27251 41 90
27252 23 0
27253 38 87
27254 22 74
27255 77 33
27256 19 71
27257 93 28
27258 69 57
27259 84 86
27260 14 55
27261 48 7
27262 78 2
27263 16 28
27264 86 64
27265 83 7
27266 82 28
27267 26 22
27268 45 41
27269 77 14
27270 77 51
27271 17 28
27272 21 84
27273 14 54
27274 58 50
27275 70 65
27276 72 78
27277 11 70
27278 90 18
27279 76 23
27280 12 70
27281 89 42
27282 93 27
27283 52 91
27284 85 52
27285 52 88
27286 48 8
27287 57 14
27288 48 72
27289 76 22
27290 31 42
27291 39 8
27292 26 45
27293 48 71
27294 73 38
27295 28 52
27296 11 70
27297 64 14
27298 12 70
27299 88 76
27300 19 10
27301 86 65
27302 77 34
27303 93 28
27304 35 25
27305 52 92
27306 1 17
27307 76 23
27308 26 79
27309 8 12
27310 10 17
27311 41 93
27312 40 4
27313 77 1
27314 93 27
27315 26 46
27316 48 7
27317 21 85
27318 11 70
27319 45 59
27320 70 48
27321 70 15
27322 42 48
27323 0 17
27324 46 12
27325 72 57
27326 83 6
27327 9 12
27328 19 11
27329 54 47
27330 45 58
27331 17 44
27332 52 91
27333 52 92
27334 57 90
27335 93 92
27336 73 57
27337 4 39
27338 28 53
27339 12 70
27340 57 91
27341 61 63
27342 64 7
27343 39 94
27344 43 79
27345 70 49
27346 48 8
27347 44 39
27348 21 84
27349 47 12
27350 70 48
27351 46 41
27352 25 79
27353 59 50
27354 77 15
27355 82 81
27356 71 19
27357 39 9
27358 76 22
27359 93 28
27360 41 48
27361 65 47
27362 35 47
27363 42 48
27364 83 28
27365 87 76
27366 41 89
27367 72 38
27368 72 85
27369 55 47
27370 86 64
27371 64 47
27372 84 85
27373 76 23
27374 35 24
27375 64 8
27376 54 47
27377 73 78
27378 45 41
27379 55 47
27380 60 63
27381 54 47
27382 76 22
27383 52 87
27384 77 26
27385 46 41
27386 72 57
27387 90 17
27388 10 72
27389 36 31
27390 58 50
27391 86 65
27392 88 76
27393 45 41
27394 86 64
27395 64 7
27396 64 8
27397 47 49
27398 57 15
27399 40 93
27400 69 58
27401 41 4
27402 25 22
27403 14 58
27404 15 58
27405 48 72
27406 74 65
27407 26 79
27408 42 72
27409 35 25
27410 71 65
27411 11 70
27412 92 92
27413 21 74
27414 77 52
27415 72 84
27416 45 39
27417 51 51
27418 26 22
27419 8 12
27420 45 95
27421 26 45
27422 2 3
27423 1 17
27424 12 70
27425 61 63
27426 93 92
27427 86 65
27428 26 46
27429 65 47
27430 42 73
27431 72 85
27432 76 23
27433 92 56
27434 3 3
27435 10 73
27436 40 4
27437 28 52
27438 26 45
27439 14 58
27440 64 15
27441 48 49
27442 66 90
27443 14 55
27444 92 55
27445 42 72
27446 81 91
27447 0 17
27448 77 14
27449 69 57
27450 41 48
27451 84 86
27452 60 63
27453 2 3
27454 64 14
27455 78 3
27456 22 74
27457 77 27
27458 46 95
27459 37 87
27460 61 63
27461 64 7
27462 73 38
27463 18 71
27464 93 27
27465 41 93
27466 62 50
27467 82 28
27468 52 88
27469 68 95
27470 57 90
27471 52 87
27472 90 18
27473 21 85
27474 45 59
27475 39 8
27476 16 28
27477 46 12
27478 41 90
27479 77 15
27480 42 48
27481 28 53
27482 38 6
27483 34 47
27484 47 12
27485 87 76
27486 83 7
27487 90 17
27488 59 50
27489 90 18
27490 28 52
27491 64 47
27492 52 91
27493 83 6
27494 83 28
27495 65 47
27496 41 62
27497 3 3
27498 45 58
27499 70 49
27500 90 17
27501 57 91
27502 14 54
27503 84 85
27504 92 92
27505 45 40
27506 69 58
27507 72 78
27508 72 38
27509 15 14
27510 19 10
27511 23 1
27512 90 18
27513 84 52
27514 17 43
27515 41 48
27516 72 19
27517 39 9
27518 45 39
27519 17 28
27520 83 7
27521 39 93
27522 25 79
27523 77 33
27524 88 42
27525 19 71
27526 17 44
27527 9 12
27528 24 28
27529 21 74
27530 19 20
27531 25 28
27532 38 87
27533 52 51
27534 70 48
27535 82 91
27536 82 28
27537 10 18
27538 1 17
27539 42 73
27540 45 40
27541 87 14
27542 45 59
27543 62 49
27544 22 74
27545 76 22
27546 31 56
27547 83 28
27548 64 15
27549 38 51
27550 38 50
27551 37 6
27552 65 26
27553 55 47
27554 93 0
27555 57 14
27556 11 70
27557 31 43
27558 21 84
27559 85 52
27560 42 79
27561 15 58
27562 16 28
27563 77 26
27564 35 47
27565 82 80
27566 21 85
27567 57 15
27568 70 49
27569 79 49
27570 39 8
27571 82 81
27572 21 84
27573 8 12
27574 0 17
27575 51 51
27576 52 88
27577 88 14
27578 45 39
27579 17 43
27580 41 61
27581 17 44
27582 37 87
27583 57 14
27584 70 48
27585 71 19
27586 49 73
27587 42 48
27588 72 84
27589 23 0
27590 84 86
27591 41 4
27592 73 57
27593 64 8
27594 70 16
27595 72 85
27596 38 6
27597 17 28
27598 46 12
27599 14 58
27600 76 23
27601 70 65
27602 93 92
27603 72 57
27604 48 7
27605 31 42
27606 77 14
27607 31 43
27608 82 28
27609 47 49
27610 28 53
27611 76 22
27612 45 40
27613 60 63
27614 38 51
27615 34 47
27616 77 15
27617 25 22
27618 89 42
27619 69 57
27620 26 22
27621 73 57
27622 92 56
27623 38 50
27624 45 58
27625 17 43
27626 21 74
27627 35 24
27628 12 70
27629 5 39
27630 81 91
27631 41 62
27632 93 28
27633 35 25
27634 66 26
27635 31 57
27636 45 39
27637 16 28
27638 22 74
27639 25 22
27640 83 6
27641 31 42
27642 93 27
27643 48 71
27644 70 49
27645 64 47
27646 48 8
27647 86 64
# colocadas=27648 ocupadas=100 mayor=1640
