0 0 0
1 0 95
2 95 0
3 95 95
4 94 0
5 0 2
6 0 4
7 0 6
8 1 4
9 0 3
10 94 95
11 0 1
12 0 8
13 0 10
14 0 12
15 0 14
16 0 16
17 0 18
18 95 0
19 0 20
20 0 22
21 0 94
22 0 24
23 0 95
24 0 5
25 1 12
26 0 26
27 0 28
28 1 22
29 2 4
30 0 30
31 0 32
32 1 18
33 0 19
34 1 4
35 0 20
36 95 95
37 0 17
38 0 34
39 94 95
40 0 35
41 0 34
42 0 94
43 0 16
44 1 26
45 0 23
46 94 0
47 1 21
48 2 4
49 0 7
50 0 25
51 0 36
52 0 22
53 0 24
54 0 27
55 95 0
56 0 95
57 1 32
58 0 38
59 2 21
60 0 40
61 1 21
62 0 23
63 0 18
64 95 95
65 1 16
66 0 17
67 1 15
68 0 32
69 0 28
70 1 36
71 94 0
72 0 25
73 0 41
74 0 12
75 95 0
76 0 9
77 0 36
78 0 11
79 0 39
80 94 95
81 1 16
82 0 13
83 0 14
84 1 27
85 94 0
86 1 15
87 0 22
88 1 30
89 1 16
90 0 0
91 0 1
92 0 13
93 95 95
94 0 23
95 0 31
96 0 42
97 0 33
98 1 9
99 1 29
100 0 18
101 0 22
102 0 8
103 0 30
104 0 17
105 94 95
106 95 0
107 2 29
108 0 27
109 0 7
110 0 41
111 95 95
112 1 15
113 1 29
114 0 24
115 0 94
116 0 35
117 94 0
118 0 26
119 0 19
120 1 24
121 2 27
122 0 15
123 0 31
124 1 33
125 0 23
126 1 25
127 0 20
128 1 5
129 0 29
130 0 34
131 0 9
132 1 13
133 0 14
134 0 12
135 0 6
136 0 27
137 95 0
138 0 32
139 0 16
140 0 4
141 0 38
142 1 6
143 2 3
144 2 13
145 0 17
146 0 35
147 94 95
148 0 25
149 0 0
150 94 0
151 0 7
152 1 25
153 0 31
154 0 25
155 1 25
156 0 25
157 0 3
158 0 19
159 0 6
160 0 2
161 1 13
162 0 33
163 0 21
164 1 29
165 0 37
166 1 5
167 0 28
168 0 95
169 1 35
170 0 34
171 0 26
172 0 40
173 1 21
174 95 0
175 0 25
176 95 95
177 1 27
178 0 27
179 0 39
180 1 0
181 1 3
182 0 20
183 0 28
184 0 27
185 1 36
186 0 36
187 0 16
188 0 38
189 0 8
190 1 22
191 0 9
192 0 29
193 0 22
194 0 1
195 2 0
196 0 24
197 0 33
198 0 11
199 1 12
200 1 31
201 1 35
202 0 10
203 0 19
204 0 30
205 0 32
206 1 26
207 0 7
208 0 21
209 1 9
210 0 3
211 0 4
212 0 29
213 0 33
214 0 12
215 0 39
216 0 17
217 94 0
218 0 37
219 0 26
220 1 23
221 1 0
222 1 8
223 0 27
224 0 9
225 0 94
226 0 95
227 0 22
228 2 8
229 0 20
230 0 40
231 0 94
232 1 25
233 0 95
234 0 31
235 0 19
236 1 26
237 0 10
238 95 0
239 1 6
240 0 35
241 0 2
242 1 5
243 1 29
244 0 0
245 1 2
246 0 28
247 0 20
248 0 39
249 1 35
250 1 8
251 2 23
252 0 40
253 0 1
254 1 6
255 0 0
256 0 26
257 0 94
258 94 0
259 0 16
260 1 24
261 1 12
262 0 34
263 0 23
264 0 17
265 1 25
266 0 39
267 1 36
268 0 30
269 0 27
270 0 2
271 1 5
272 2 22
273 0 3
274 0 22
275 0 33
276 0 23
277 0 6
278 0 22
279 0 19
280 0 9
281 0 25
282 0 13
283 0 21
284 0 10
285 0 7
286 0 9
287 0 6
288 1 24
289 0 10
290 94 95
291 1 11
292 95 95
293 0 22
294 0 4
295 0 31
296 0 3
297 94 95
298 0 40
299 0 12
300 0 20
301 0 23
302 0 26
303 0 4
304 0 38
305 0 16
306 1 22
307 0 95
308 1 2
309 0 15
310 0 19
311 0 37
312 1 21
313 0 3
314 0 38
315 0 22
316 0 14
317 0 9
318 0 29
319 1 10
320 1 29
321 0 8
322 1 7
323 0 29
324 1 20
325 0 4
326 0 10
327 2 5
328 0 37
329 1 35
330 1 27
331 1 31
332 0 28
333 95 95
334 0 5
335 0 7
336 0 35
337 1 6
338 0 21
339 0 2
340 0 6
341 2 4
342 0 5
343 0 24
344 94 95
345 0 22
346 0 8
347 0 94
348 0 32
349 0 34
350 95 0
351 0 6
352 1 2
353 0 35
354 1 30
355 0 38
356 0 31
357 0 18
358 1 5
359 2 3
360 2 4
361 0 17
362 0 2
363 0 21
364 2 27
365 2 3
366 1 19
367 1 2
368 0 3
369 2 4
370 1 12
371 0 41
372 1 26
373 0 40
374 0 41
375 0 5
376 0 37
377 0 40
378 0 38
379 0 1
380 1 4
381 0 37
382 0 39
383 2 4
384 1 4
385 0 11
386 1 6
387 95 95
388 0 95
389 94 0
390 0 40
391 0 10
392 0 34
393 0 39
394 2 28
395 0 16
396 0 0
397 0 23
398 1 1
399 0 1
400 0 20
401 1 0
402 0 11
403 95 0
404 0 36
405 94 0
406 0 6
407 0 13
408 2 12
409 0 0
410 0 14
411 1 29
412 1 30
413 0 22
414 0 32
415 0 19
416 0 9
417 1 34
418 1 7
419 2 0
420 1 5
421 0 30
422 0 26
423 1 30
424 0 35
425 1 18
426 0 25
427 0 31
428 0 12
429 0 20
430 0 18
431 1 29
432 0 8
433 0 11
434 0 2
435 0 10
436 2 27
437 0 1
438 0 24
439 0 36
440 0 11
441 0 5
442 1 0
443 0 94
444 1 16
445 0 38
446 0 25
447 1 30
448 95 0
449 94 0
450 0 39
451 0 4
452 0 35
453 0 32
454 0 17
455 0 30
456 0 19
457 0 33
458 0 0
459 0 95
460 0 27
461 0 20
462 1 12
463 0 1
464 2 7
465 1 7
466 1 2
467 0 38
468 95 0
469 0 23
470 94 0
471 0 19
472 0 13
473 0 20
474 0 18
475 0 9
476 94 95
477 1 25
478 0 17
479 0 25
480 2 12
481 0 18
482 0 21
483 2 34
484 1 12
485 0 29
486 2 5
487 1 25
488 1 3
489 2 26
490 95 0
491 1 5
492 0 36
493 0 30
494 2 27
495 0 32
496 2 5
497 0 10
498 0 5
499 0 4
500 0 16
501 2 26
502 1 5
503 2 0
504 1 0
505 1 11
506 0 11
507 1 34
508 1 10
509 0 7
510 95 95
511 0 24
512 0 3
513 0 14
514 2 27
515 0 35
516 0 4
517 0 3
518 0 94
519 0 37
520 2 26
521 0 33
522 0 95
523 0 25
524 0 19
525 0 12
526 1 11
527 2 0
528 1 2
529 0 36
530 1 10
531 0 38
532 0 35
533 0 4
534 0 6
535 2 34
536 94 95
537 0 94
538 1 34
539 0 23
540 2 5
541 0 36
542 1 3
543 1 0
544 0 2
545 1 14
546 0 29
547 94 0
548 1 21
549 1 11
550 0 1
551 1 26
552 0 30
553 1 35
554 0 22
555 0 24
556 0 95
557 0 7
558 1 2
559 0 14
560 0 11
561 1 34
562 95 95
563 0 39
564 0 6
565 1 25
566 0 7
567 1 10
568 0 32
569 1 3
570 1 26
571 0 38
572 0 13
573 0 39
574 0 6
575 0 28
576 0 94
577 0 21
578 2 0
579 0 38
580 0 34
581 0 27
582 1 20
583 0 95
584 0 15
585 2 20
586 0 8
587 1 36
588 1 6
589 0 23
590 2 4
591 0 36
592 94 95
593 0 18
594 0 20
595 2 5
596 0 29
597 95 0
598 1 2
599 0 21
600 1 25
601 0 25
602 1 0
603 2 4
604 0 16
605 1 20
606 95 95
607 1 9
608 1 25
609 2 0
610 0 14
611 1 3
612 0 20
613 0 0
614 0 10
615 0 94
616 1 16
617 0 7
618 94 95
619 0 95
620 0 21
621 0 24
622 1 8
623 95 95
624 0 94
625 1 5
626 1 2
627 0 17
628 1 26
629 0 9
630 0 13
631 0 95
632 0 94
633 0 95
634 1 36
635 2 3
636 0 36
637 3 0
638 0 31
639 0 2
640 1 19
641 2 0
642 0 3
643 0 5
644 0 26
645 0 39
646 1 2
647 0 38
648 1 1
649 0 18
650 0 23
651 0 2
652 2 8
653 0 28
654 1 3
655 0 20
656 1 25
657 2 19
658 0 10
659 0 17
660 0 4
661 0 30
662 2 1
663 1 28
664 0 27
665 1 29
666 0 5
667 94 95
668 0 26
669 1 15
670 0 15
671 1 8
672 0 12
673 1 19
674 0 1
675 0 3
676 1 9
677 0 13
678 0 94
679 1 28
680 0 11
681 1 5
682 94 0
683 0 29
684 1 24
685 95 0
686 0 21
687 0 18
688 1 2
689 1 36
690 1 3
691 2 2
692 1 20
693 0 4
694 0 16
695 0 36
696 0 9
697 1 6
698 0 19
699 1 36
700 0 25
701 0 95
702 0 0
703 0 36
704 94 0
705 0 94
706 0 3
707 2 24
708 0 2
709 0 33
710 0 5
711 2 3
712 0 4
713 0 5
714 0 39
715 0 8
716 1 7
717 0 1
718 0 95
719 1 9
720 0 3
721 0 10
722 1 24
723 0 35
724 0 32
725 0 11
726 0 14
727 0 18
728 1 6
729 0 26
730 1 25
731 1 19
732 0 30
733 0 24
734 0 29
735 1 27
736 2 25
737 0 7
738 95 95
739 0 25
740 0 27
741 94 95
742 0 30
743 95 95
744 0 33
745 2 6
746 0 26
747 0 10
748 1 0
749 0 17
750 0 36
751 0 8
752 0 0
753 1 26
754 0 28
755 0 26
756 0 35
757 0 36
758 0 23
759 0 2
760 0 20
761 2 9
762 2 0
763 0 11
764 0 38
765 1 6
766 0 3
767 0 10
768 1 28
769 0 1
770 0 7
771 0 0
772 0 35
773 0 1
774 1 9
775 0 36
776 0 21
777 0 4
778 0 2
779 1 8
780 0 9
781 0 0
782 1 16
783 1 2
784 95 0
785 0 10
786 0 18
787 1 25
788 94 95
789 0 39
790 0 20
791 2 4
792 3 0
793 0 27
794 0 13
795 0 25
796 0 1
797 1 5
798 0 35
799 94 0
800 0 22
801 2 19
802 1 29
803 0 28
804 1 19
805 1 6
806 1 9
807 95 95
808 0 94
809 0 36
810 0 21
811 94 95
812 95 0
813 0 16
814 0 27
815 0 28
816 2 3
817 0 24
818 0 32
819 0 8
820 0 3
821 0 25
822 0 35
823 0 0
824 0 15
825 0 27
826 0 16
827 1 28
828 0 11
829 0 4
830 0 10
831 0 17
832 0 2
833 1 3
834 0 19
835 94 0
836 0 15
837 0 11
838 0 7
839 1 19
840 2 3
841 0 19
842 1 3
843 1 29
844 1 13
845 2 0
846 0 8
847 0 1
848 1 19
849 0 19
850 0 34
851 0 95
852 0 35
853 0 13
854 1 2
855 0 0
856 0 34
857 1 19
858 1 15
859 0 23
860 0 1
861 1 28
862 1 29
863 0 10
864 0 7
865 0 12
866 0 94
867 0 38
868 1 5
869 1 25
870 1 8
871 0 13
872 0 95
873 0 20
874 0 25
875 2 2
876 1 6
877 0 15
878 0 12
879 95 95
880 0 28
881 3 2
882 0 9
883 0 5
884 1 0
885 0 4
886 0 94
887 1 2
888 0 6
889 0 11
890 0 31
891 0 7
892 1 18
893 0 14
894 94 95
895 0 16
896 1 3
897 0 12
898 1 14
899 0 30
900 0 6
901 0 10
902 0 19
903 1 5
904 0 35
905 0 20
906 0 15
907 1 2
908 0 7
909 95 95
910 0 37
911 0 0
912 0 34
913 0 1
914 0 26
915 0 18
916 2 29
917 1 3
918 1 9
919 1 32
920 0 32
921 0 2
922 0 36
923 0 13
924 0 6
925 2 5
926 94 95
927 1 30
928 0 37
929 1 5
930 1 8
931 0 36
932 0 95
933 2 5
934 0 1
935 1 5
936 0 17
937 2 0
938 1 0
939 0 3
940 0 31
941 0 32
942 95 0
943 0 19
944 2 0
945 0 20
946 0 7
947 1 9
948 1 0
949 0 22
950 0 94
951 95 95
952 0 16
953 0 18
954 0 0
955 0 11
956 0 5
957 0 95
958 0 30
959 1 5
960 1 32
961 0 31
962 0 6
963 0 30
964 0 7
965 1 2
966 0 25
967 1 29
968 2 29
969 2 0
970 3 0
971 3 3
972 1 18
973 0 4
974 0 24
975 1 22
976 0 3
977 94 0
978 0 6
979 0 27
980 95 0
981 0 1
982 0 10
983 0 18
984 1 4
985 0 12
986 0 23
987 0 15
988 0 21
989 0 4
990 0 33
991 0 13
992 0 0
993 0 1
994 2 22
995 94 95
996 0 3
997 94 0
998 2 0
999 0 16
1000 1 5
1001 0 24
1002 1 0
1003 0 20
1004 1 15
1005 1 31
1006 0 26
1007 0 94
1008 1 22
1009 1 18
1010 0 18
1011 1 8
1012 0 95
1013 0 23
1014 0 9
1015 1 14
1016 2 0
1017 95 95
1018 1 4
1019 0 12
1020 1 32
1021 1 29
1022 0 15
1023 0 17
1024 2 3
1025 3 3
1026 0 0
1027 1 28
1028 0 2
1029 0 28
1030 1 7
1031 1 1
1032 1 2
1033 1 31
1034 94 95
1035 0 1
1036 1 21
1037 0 25
1038 0 11
1039 2 3
1040 0 94
1041 3 3
1042 95 95
1043 0 18
1044 0 22
1045 0 19
1046 0 16
1047 0 24
1048 0 4
1049 0 35
1050 1 8
1051 0 7
1052 1 18
1053 1 20
1054 0 14
1055 94 95
1056 0 12
1057 95 0
1058 1 32
1059 0 27
1060 94 0
1061 0 0
1062 0 18
1063 0 20
1064 95 0
1065 0 29
1066 0 26
1067 2 8
1068 3 0
1069 1 20
1070 0 20
1071 2 0
1072 1 17
1073 0 32
1074 0 11
1075 0 5
1076 0 34
1077 3 0
1078 0 13
1079 0 3
1080 1 1
1081 2 0
1082 1 2
1083 1 31
1084 0 28
1085 1 9
1086 1 1
1087 0 8
1088 1 10
1089 1 26
1090 0 31
1091 1 30
1092 0 26
1093 94 0
1094 0 15
1095 1 16
1096 0 33
1097 0 2
1098 1 29
1099 0 7
1100 95 95
1101 0 3
1102 1 17
1103 0 8
1104 2 3
1105 0 10
1106 0 7
1107 1 30
1108 0 17
1109 0 18
1110 1 5
1111 1 26
1112 0 2
1113 1 20
1114 0 12
1115 1 3
1116 94 95
1117 2 3
1118 0 95
1119 0 34
1120 0 5
1121 0 8
1122 0 94
1123 95 95
1124 0 27
1125 0 20
1126 1 2
1127 0 33
1128 0 1
1129 0 13
1130 1 25
1131 1 26
1132 1 20
1133 2 7
1134 0 28
1135 0 16
1136 95 0
1137 0 15
1138 0 21
1139 1 16
1140 1 29
1141 0 34
1142 94 95
1143 0 4
1144 94 0
1145 1 1
1146 0 3
1147 1 19
1148 1 7
1149 0 12
1150 3 0
1151 0 14
1152 2 2
1153 1 12
1154 1 0
1155 1 30
1156 1 2
1157 0 33
1158 1 6
1159 0 7
1160 0 5
1161 1 29
1162 0 34
1163 4 0
1164 95 95
1165 2 6
1166 94 95
1167 0 23
1168 1 6
1169 3 0
1170 0 0
1171 2 2
1172 0 17
1173 1 1
1174 0 30
1175 1 9
1176 2 0
1177 0 26
1178 1 8
1179 0 24
1180 3 0
1181 95 95
1182 0 18
1183 1 20
1184 0 1
1185 0 95
1186 1 0
1187 0 31
1188 0 23
1189 0 94
1190 0 20
1191 0 17
1192 0 13
1193 94 95
1194 0 9
1195 2 6
1196 1 15
1197 2 8
1198 0 19
1199 0 14
1200 1 21
1201 1 7
1202 0 20
1203 0 8
1204 2 9
1205 0 7
1206 0 19
1207 0 0
1208 1 5
1209 0 2
1210 0 30
1211 2 7
1212 0 1
1213 0 3
1214 0 0
1215 4 0
1216 1 2
1217 0 22
1218 1 20
1219 0 21
1220 1 9
1221 0 9
1222 2 20
1223 0 27
1224 0 13
1225 2 2
1226 0 31
1227 2 6
1228 95 95
1229 1 20
1230 0 95
1231 0 5
1232 1 6
1233 95 0
1234 0 2
1235 2 1
1236 94 95
1237 95 95
1238 0 4
1239 0 30
1240 0 33
1241 94 95
1242 1 2
1243 0 3
1244 0 6
1245 0 16
1246 0 22
1247 1 5
1248 0 94
1249 0 95
1250 1 8
1251 1 21
1252 0 10
1253 0 1
1254 0 7
1255 0 28
1256 0 31
1257 0 23
1258 0 17
1259 0 20
1260 0 15
1261 0 25
1262 0 5
1263 95 95
1264 0 27
1265 3 1
1266 0 6
1267 0 34
1268 0 9
1269 0 28
1270 0 22
1271 0 30
1272 2 21
1273 0 23
1274 0 19
1275 0 27
1276 0 94
1277 94 0
1278 94 95
1279 2 1
1280 1 7
1281 1 21
1282 1 8
1283 0 4
1284 1 28
1285 1 25
1286 0 12
1287 0 21
1288 0 14
1289 0 26
1290 0 0
1291 0 7
1292 2 8
1293 1 8
1294 1 11
1295 0 27
1296 0 3
1297 0 95
1298 0 2
1299 0 10
1300 0 6
1301 0 1
1302 0 7
1303 0 26
1304 1 9
1305 0 33
1306 1 21
1307 0 15
1308 0 94
1309 1 24
1310 1 0
1311 0 28
1312 0 25
1313 0 0
1314 0 32
1315 0 14
1316 0 22
1317 0 1
1318 0 9
1319 0 95
1320 0 20
1321 95 0
1322 0 15
1323 0 0
1324 1 3
1325 0 26
1326 3 0
1327 1 8
1328 0 24
1329 4 0
1330 1 5
1331 0 14
1332 0 23
1333 1 28
1334 1 24
1335 0 25
1336 0 10
1337 0 28
1338 0 6
1339 95 95
1340 0 19
1341 0 16
1342 2 24
1343 1 0
1344 2 2
1345 1 24
1346 2 0
1347 0 94
1348 0 9
1349 1 10
1350 5 0
1351 0 26
1352 2 5
1353 94 0
1354 1 0
1355 0 5
1356 2 1
1357 0 2
1358 0 33
1359 1 11
1360 0 95
1361 0 0
1362 0 1
1363 0 31
1364 0 22
1365 0 3
1366 0 2
1367 2 4
1368 2 0
1369 1 4
1370 1 10
1371 1 14
1372 0 11
1373 0 8
1374 2 4
1375 0 1
1376 0 23
1377 1 7
1378 0 22
1379 1 9
1380 2 2
1381 1 4
1382 1 3
1383 0 6
1384 0 25
1385 0 23
1386 0 3
1387 0 15
1388 0 18
1389 0 10
1390 0 17
1391 0 94
1392 0 11
1393 0 34
1394 0 0
1395 1 10
1396 94 95
1397 1 13
1398 95 95
1399 94 95
1400 1 5
1401 95 95
1402 94 95
1403 4 0
1404 0 21
1405 2 3
1406 1 9
1407 0 9
1408 0 26
1409 1 25
1410 0 25
1411 95 95
1412 0 27
1413 0 28
1414 0 33
1415 0 95
1416 0 1
1417 0 18
1418 0 13
1419 0 26
1420 0 0
1421 0 1
1422 1 24
1423 1 0
1424 0 17
1425 0 25
1426 1 13
1427 94 95
1428 0 12
1429 2 24
1430 0 30
1431 2 0
1432 1 14
1433 0 32
1434 1 24
1435 1 30
1436 0 26
1437 5 0
1438 1 4
1439 1 2
1440 1 1
1441 0 11
1442 2 2
1443 0 25
1444 0 8
1445 95 95
1446 2 7
1447 94 95
1448 1 13
1449 2 3
1450 95 95
1451 0 20
1452 0 26
1453 0 10
1454 0 0
1455 1 5
1456 0 30
1457 1 30
1458 3 0
1459 1 25
1460 0 22
1461 1 24
1462 2 9
1463 0 23
1464 0 1
1465 1 4
1466 1 9
1467 0 13
1468 0 12
1469 6 0
1470 1 25
1471 0 14
1472 0 15
1473 0 29
1474 1 5
1475 0 7
1476 95 0
1477 0 5
1478 0 94
1479 1 0
1480 94 0
1481 0 0
1482 1 8
1483 1 24
1484 1 9
1485 0 18
1486 0 22
1487 0 8
1488 0 95
1489 0 28
1490 0 31
1491 0 24
1492 2 2
1493 0 11
1494 0 29
1495 0 6
1496 0 27
1497 0 94
1498 1 0
1499 0 0
1500 0 25
1501 1 10
1502 0 10
1503 0 28
1504 1 1
1505 1 8
1506 0 7
1507 2 6
1508 0 29
1509 0 2
1510 2 7
1511 2 3
1512 0 17
1513 0 32
1514 1 11
1515 0 19
1516 1 0
1517 0 24
1518 94 95
1519 2 1
1520 0 28
1521 0 21
1522 4 0
1523 95 0
1524 95 95
1525 0 1
1526 0 31
1527 2 6
1528 1 19
1529 1 29
1530 1 9
1531 3 0
1532 0 23
1533 94 0
1534 0 29
1535 1 8
1536 0 19
1537 0 13
1538 0 32
1539 0 31
1540 0 26
1541 1 9
1542 1 15
1543 0 16
1544 0 0
1545 0 95
1546 5 0
1547 2 0
1548 0 25
1549 0 28
1550 4 0
1551 0 5
1552 1 12
1553 1 8
1554 0 30
1555 3 1
1556 3 2
1557 1 6
1558 0 94
1559 2 29
1560 1 3
1561 2 2
1562 0 18
1563 1 9
1564 1 23
1565 0 27
1566 0 28
1567 0 24
1568 0 20
1569 0 15
1570 0 95
1571 1 29
1572 2 6
1573 95 0
1574 1 0
1575 0 8
1576 94 95
1577 0 4
1578 0 7
1579 1 22
1580 2 29
1581 0 6
1582 95 95
1583 1 29
1584 0 94
1585 94 95
1586 0 2
1587 0 16
1588 0 31
1589 0 14
1590 0 27
1591 0 7
1592 0 30
1593 0 31
1594 0 5
1595 0 29
1596 0 1
1597 1 6
1598 2 15
1599 1 15
1600 1 29
1601 2 1
1602 0 21
1603 0 26
1604 0 3
1605 0 20
1606 0 4
1607 0 28
1608 0 11
1609 1 18
1610 95 95
1611 0 8
1612 1 3
1613 1 2
1614 0 18
1615 1 13
1616 0 2
1617 0 5
1618 3 1
1619 0 13
1620 94 95
1621 1 12
1622 0 4
1623 1 14
1624 0 23
1625 0 24
1626 0 1
1627 1 26
1628 0 95
1629 0 7
1630 0 14
1631 1 18
1632 95 95
1633 0 22
1634 94 0
1635 0 13
1636 95 0
1637 94 95
1638 0 9
1639 0 6
1640 2 0
1641 3 2
1642 5 0
1643 3 0
1644 0 10
1645 95 95
1646 0 7
1647 0 26
1648 1 22
1649 94 95
1650 0 11
1651 0 3
1652 1 9
1653 1 1
1654 0 30
1655 0 94
1656 2 29
1657 1 29
1658 0 19
1659 0 2
1660 2 1
1661 3 3
1662 1 26
1663 1 17
1664 1 1
1665 2 3
1666 2 0
1667 94 0
1668 2 12
1669 3 0
1670 0 15
1671 2 29
1672 2 1
1673 0 23
1674 0 10
1675 0 17
1676 0 11
1677 1 2
1678 1 29
1679 1 17
1680 0 17
1681 1 21
1682 0 12
1683 2 4
1684 0 2
1685 0 20
1686 2 0
1687 2 29
1688 0 14
1689 0 8
1690 0 6
1691 1 10
1692 0 10
1693 2 11
1694 0 26
1695 0 31
1696 3 0
1697 1 12
1698 1 29
1699 1 9
1700 1 2
1701 6 0
1702 4 0
1703 95 0
1704 2 10
1705 0 19
1706 0 25
1707 0 1
1708 1 30
1709 2 11
1710 0 21
1711 0 4
1712 1 3
1713 2 9
1714 2 5
1715 1 23
1716 94 0
1717 0 11
1718 0 0
1719 1 15
1720 1 9
1721 2 10
1722 95 0
1723 1 19
1724 1 13
1725 0 3
1726 1 2
1727 0 7
1728 7 0
1729 1 5
1730 0 2
1731 0 5
1732 3 0
1733 0 10
1734 95 95
1735 0 24
1736 0 32
1737 1 8
1738 0 27
1739 94 95
1740 0 6
1741 0 7
1742 0 31
1743 1 4
1744 0 13
1745 0 15
1746 0 32
1747 4 0
1748 0 95
1749 1 9
1750 0 6
1751 1 8
1752 2 9
1753 0 26
1754 0 19
1755 1 12
1756 95 95
1757 0 4
1758 1 3
1759 94 0
1760 6 0
1761 0 1
1762 1 2
1763 7 0
1764 0 8
1765 1 22
1766 0 11
1767 1 17
1768 6 0
1769 0 2
1770 2 12
1771 1 23
1772 1 3
1773 0 1
1774 95 0
1775 1 12
1776 0 27
1777 0 18
1778 0 3
1779 0 5
1780 0 2
1781 0 31
1782 0 16
1783 1 1
1784 0 19
1785 0 22
1786 94 0
1787 0 10
1788 0 15
1789 1 7
1790 1 29
1791 0 11
1792 2 23
1793 0 4
1794 0 94
1795 0 9
1796 95 0
1797 0 5
1798 0 26
1799 2 12
1800 0 8
1801 0 17
1802 94 0
1803 0 20
1804 1 9
1805 0 7
1806 0 30
1807 1 22
1808 0 4
1809 95 0
1810 0 5
1811 1 6
1812 1 4
1813 1 3
1814 0 3
1815 0 18
1816 0 27
1817 1 4
1818 0 16
1819 0 26
1820 0 8
1821 0 2
1822 0 27
1823 0 3
1824 0 2
1825 1 28
1826 1 18
1827 0 14
1828 3 0
1829 2 2
1830 2 3
1831 0 10
1832 1 29
1833 1 28
1834 1 7
1835 2 24
1836 0 29
1837 1 12
1838 0 95
1839 2 1
1840 3 3
1841 94 95
1842 0 3
1843 0 23
1844 0 94
1845 95 95
1846 1 21
1847 0 6
1848 2 28
1849 0 7
1850 94 95
1851 0 8
1852 0 5
1853 1 28
1854 1 6
1855 0 30
1856 1 7
1857 1 22
1858 0 17
1859 5 0
1860 0 11
1861 1 6
1862 0 6
1863 2 3
1864 0 16
1865 0 5
1866 0 1
1867 0 2
1868 0 3
1869 0 18
1870 95 95
1871 1 18
1872 1 24
1873 0 6
1874 1 10
1875 1 9
1876 0 19
1877 0 17
1878 0 13
1879 0 20
1880 0 2
1881 0 5
1882 3 3
1883 0 4
1884 94 95
1885 1 19
1886 2 12
1887 1 12
1888 1 10
1889 94 0
1890 1 25
1891 0 14
1892 0 95
1893 2 2
1894 95 0
1895 6 0
1896 1 13
1897 2 0
1898 0 16
1899 0 0
1900 0 25
1901 3 0
1902 0 21
1903 0 7
1904 0 94
1905 2 6
1906 1 0
1907 0 0
1908 1 3
1909 0 17
1910 1 6
1911 1 29
1912 1 25
1913 1 9
1914 0 31
1915 0 26
1916 0 9
1917 2 0
1918 0 24
1919 0 29
1920 0 23
1921 0 32
1922 0 5
1923 0 27
1924 0 95
1925 0 1
1926 1 2
1927 0 20
1928 2 2
1929 1 12
1930 2 6
1931 3 0
1932 5 0
1933 3 4
1934 1 18
1935 0 94
1936 2 0
1937 0 13
1938 0 24
1939 0 16
1940 0 30
1941 1 6
1942 0 23
1943 4 0
1944 94 0
1945 0 26
1946 2 6
1947 0 4
1948 95 95
1949 5 0
1950 0 15
1951 2 4
1952 0 6
1953 2 7
1954 4 0
1955 0 19
1956 1 7
1957 0 20
1958 0 24
1959 5 0
1960 0 19
1961 0 3
1962 1 1
1963 1 8
1964 95 0
1965 0 14
1966 0 5
1967 0 8
1968 0 20
1969 0 33
1970 0 29
1971 0 13
1972 0 23
1973 3 2
1974 3 0
1975 0 95
1976 2 0
1977 1 5
1978 94 95
1979 0 27
1980 0 19
1981 0 24
1982 1 7
1983 1 17
1984 2 7
1985 3 0
1986 0 2
1987 94 0
1988 0 5
1989 95 95
1990 0 3
1991 0 23
1992 2 12
1993 0 26
1994 0 17
1995 0 9
1996 0 94
1997 0 2
1998 0 8
1999 0 10
2000 1 12
2001 0 12
2002 0 4
2003 0 95
2004 2 2
2005 0 3
2006 2 0
2007 4 0
2008 0 28
2009 0 14
2010 1 24
2011 0 11
2012 0 5
2013 0 29
2014 1 25
2015 1 10
2016 0 28
2017 3 2
2018 1 21
2019 5 0
2020 0 10
2021 1 8
2022 1 5
2023 0 5
2024 0 32
2025 94 95
2026 0 94
2027 3 0
2028 0 31
2029 0 30
2030 0 22
2031 0 16
2032 0 7
2033 0 6
2034 1 20
2035 0 31
2036 0 30
2037 0 12
2038 1 28
2039 0 2
2040 0 21
2041 1 4
2042 0 9
2043 2 20
2044 0 7
2045 95 95
2046 0 6
2047 2 1
2048 0 3
2049 0 28
2050 1 28
2051 1 1
2052 1 5
2053 0 22
2054 0 8
2055 2 0
2056 1 20
2057 1 14
2058 1 21
2059 1 8
2060 0 29
2061 2 2
2062 4 0
2063 2 5
2064 5 0
2065 0 4
2066 0 95
2067 0 30
2068 1 24
2069 4 0
2070 0 29
2071 0 94
2072 3 0
2073 0 30
2074 0 29
2075 1 27
2076 95 0
2077 1 28
2078 2 3
2079 3 7
2080 0 23
2081 2 0
2082 1 5
2083 0 14
2084 1 14
2085 1 25
2086 1 27
2087 1 7
2088 94 0
2089 1 2
2090 0 8
2091 1 4
2092 2 5
2093 0 4
2094 3 6
2095 94 95
2096 0 9
2097 0 22
2098 0 28
2099 1 24
2100 0 18
2101 2 1
2102 0 14
2103 0 95
2104 2 0
2105 1 20
2106 3 3
2107 0 20
2108 1 16
2109 1 5
2110 0 1
2111 0 17
2112 2 3
2113 0 0
2114 0 8
2115 0 11
2116 0 1
2117 1 4
2118 1 15
2119 2 5
2120 0 4
2121 95 0
2122 0 9
2123 0 8
2124 0 19
2125 0 21
2126 0 0
2127 0 1
2128 0 16
2129 0 94
2130 0 9
2131 2 15
2132 0 0
2133 0 8
2134 0 22
2135 0 1
2136 0 24
2137 1 0
2138 0 5
2139 0 9
2140 0 21
2141 0 23
2142 3 0
2143 94 0
2144 0 17
2145 1 19
2146 0 19
2147 0 7
2148 0 95
2149 0 2
2150 2 2
2151 1 19
2152 0 19
2153 4 0
2154 0 12
2155 0 8
2156 3 7
2157 2 27
2158 1 7
2159 2 1
2160 0 25
2161 1 6
2162 0 16
2163 95 95
2164 1 27
2165 2 7
2166 0 10
2167 1 10
2168 94 95
2169 1 23
2170 0 6
2171 0 22
2172 0 9
2173 1 3
2174 0 11
2175 0 7
2176 0 18
2177 95 95
2178 94 95
2179 0 13
2180 2 4
2181 0 15
2182 0 94
2183 0 8
2184 1 2
2185 1 5
2186 0 16
2187 3 0
2188 0 19
2189 0 14
2190 0 17
2191 3 4
2192 0 0
2193 0 12
2194 0 9
2195 2 4
2196 0 16
2197 0 2
2198 0 18
2199 0 8
2200 1 2
2201 0 3
2202 95 95
2203 0 19
2204 1 26
2205 2 0
2206 0 9
2207 0 27
2208 0 11
2209 0 4
2210 0 95
2211 2 10
2212 0 94
2213 0 12
2214 1 24
2215 1 23
2216 2 1
2217 0 3
2218 1 10
2219 0 8
2220 0 11
2221 0 13
2222 1 9
2223 0 95
2224 1 3
2225 1 24
2226 0 18
2227 0 14
2228 2 0
2229 3 4
2230 95 0
2231 0 2
2232 1 16
2233 0 16
2234 2 26
2235 2 4
2236 4 0
2237 1 15
2238 1 6
2239 0 5
2240 0 3
2241 0 19
2242 1 23
2243 5 0
2244 0 4
2245 1 10
2246 1 26
2247 2 26
2248 0 1
2249 1 24
2250 0 6
2251 0 3
2252 2 15
2253 1 5
2254 2 8
2255 0 94
2256 1 0
2257 94 95
2258 2 5
2259 94 0
2260 0 5
2261 1 7
2262 1 15
2263 1 9
2264 1 6
2265 1 10
2266 95 0
2267 0 28
2268 0 7
2269 0 12
2270 2 3
2271 2 15
2272 95 95
2273 0 26
2274 0 0
2275 0 95
2276 0 11
2277 4 0
2278 0 17
2279 3 5
2280 94 95
2281 0 25
2282 1 8
2283 2 6
2284 1 5
2285 2 4
2286 0 94
2287 1 15
2288 0 5
2289 0 26
2290 1 4
2291 1 16
2292 0 25
2293 2 0
2294 0 6
2295 0 12
2296 0 16
2297 5 0
2298 1 1
2299 0 10
2300 95 95
2301 0 95
2302 0 17
2303 1 26
2304 1 27
2305 0 94
2306 1 5
2307 2 3
2308 0 15
2309 2 16
2310 0 20
2311 0 2
2312 1 16
2313 94 95
2314 0 19
2315 0 8
2316 0 95
2317 1 26
2318 0 1
2319 1 4
2320 0 21
2321 1 10
2322 2 7
2323 94 0
2324 0 3
2325 1 7
2326 95 0
2327 0 2
2328 95 95
2329 0 18
2330 2 6
2331 94 0
2332 0 4
2333 1 0
2334 3 0
2335 0 22
2336 1 27
2337 1 26
2338 1 2
2339 0 14
2340 1 23
2341 0 20
2342 1 27
2343 0 11
2344 0 17
2345 0 24
2346 2 23
2347 1 26
2348 2 5
2349 2 7
2350 0 0
2351 1 22
2352 0 18
2353 0 17
2354 2 24
2355 0 19
2356 0 2
2357 0 22
2358 3 1
2359 1 15
2360 0 21
2361 1 6
2362 2 23
2363 0 13
2364 0 94
2365 0 5
2366 1 9
2367 1 23
2368 2 8
2369 2 0
2370 3 2
2371 3 1
2372 0 1
2373 0 7
2374 0 3
2375 0 95
2376 0 22
2377 0 94
2378 0 26
2379 0 10
2380 95 0
2381 0 11
2382 0 20
2383 2 4
2384 1 4
2385 0 2
2386 1 0
2387 2 6
2388 0 19
2389 94 0
2390 3 4
2391 4 0
2392 1 26
2393 2 1
2394 0 8
2395 94 95
2396 0 27
2397 0 0
2398 1 0
2399 0 6
2400 0 10
2401 2 5
2402 3 0
2403 0 20
2404 0 0
2405 2 7
2406 2 23
2407 0 11
2408 0 14
2409 1 22
2410 4 4
2411 95 0
2412 0 13
2413 0 5
2414 0 4
2415 1 1
2416 0 14
2417 1 7
2418 1 4
2419 0 7
2420 0 16
2421 2 24
2422 2 6
2423 2 0
2424 94 0
2425 0 22
2426 0 1
2427 1 25
2428 0 26
2429 0 4
2430 0 19
2431 1 5
2432 0 95
2433 1 3
2434 0 10
2435 0 18
2436 0 19
2437 95 95
2438 0 23
2439 0 18
2440 2 15
2441 94 95
2442 2 9
2443 0 21
2444 0 25
2445 3 4
2446 0 0
2447 2 1
2448 0 27
2449 1 24
2450 0 20
2451 2 3
2452 0 5
2453 2 5
2454 95 0
2455 1 16
2456 1 3
2457 1 4
2458 2 2
2459 0 8
2460 2 24
2461 1 6
2462 0 4
2463 0 16
2464 1 25
2465 2 0
2466 0 13
2467 1 18
2468 3 2
2469 0 94
2470 0 1
2471 0 95
2472 0 94
2473 2 6
2474 0 5
2475 1 0
2476 2 3
2477 0 4
2478 95 95
2479 0 11
2480 0 7
2481 0 8
2482 3 5
2483 0 0
2484 0 19
2485 0 5
2486 1 15
2487 0 4
2488 2 7
2489 1 17
2490 3 1
2491 1 3
2492 2 23
2493 0 95
2494 94 95
2495 0 25
2496 0 7
2497 2 2
2498 0 10
2499 0 22
2500 0 5
2501 0 21
2502 0 15
2503 0 16
2504 1 1
2505 0 1
2506 1 9
2507 0 8
2508 0 11
2509 0 14
2510 2 8
2511 2 3
2512 0 18
2513 1 4
2514 2 17
2515 0 19
2516 0 18
2517 1 7
2518 1 10
2519 0 3
2520 0 94
2521 95 95
2522 0 13
2523 1 0
2524 1 9
2525 1 6
2526 1 17
2527 0 14
2528 0 24
2529 1 10
2530 2 17
2531 3 2
2532 0 26
2533 1 7
2534 0 6
2535 2 9
2536 94 95
2537 1 23
2538 3 0
2539 1 22
2540 0 23
2541 0 95
2542 0 10
2543 0 0
2544 1 10
2545 0 10
2546 0 25
2547 0 5
2548 2 15
2549 1 16
2550 94 0
2551 2 14
2552 2 0
2553 0 17
2554 3 0
2555 2 5
2556 1 0
2557 0 20
2558 95 95
2559 0 22
2560 1 15
2561 0 6
2562 2 13
2563 0 4
2564 2 16
2565 1 4
2566 2 2
2567 0 24
2568 0 13
2569 2 6
2570 1 11
2571 1 12
2572 0 0
2573 2 17
2574 1 8
2575 0 11
2576 0 94
2577 0 15
2578 0 21
2579 1 15
2580 2 16
2581 2 14
2582 0 9
2583 94 95
2584 2 10
2585 0 14
2586 0 13
2587 2 5
2588 0 95
2589 0 4
2590 0 7
2591 1 10
2592 1 2
2593 0 22
2594 0 10
2595 1 5
2596 0 16
2597 0 14
2598 0 94
2599 0 25
2600 0 1
2601 2 13
2602 1 21
2603 95 95
2604 0 17
2605 0 0
2606 0 1
2607 0 11
2608 0 0
2609 0 5
2610 0 1
2611 0 0
2612 4 0
2613 0 16
2614 2 8
2615 94 95
2616 0 19
2617 2 14
2618 0 13
2619 0 17
2620 1 4
2621 1 8
2622 0 10
2623 95 95
2624 2 8
2625 0 23
2626 0 22
2627 1 7
2628 2 4
2629 0 24
2630 1 20
2631 0 11
2632 0 1
2633 0 10
2634 0 7
2635 2 17
2636 1 8
2637 0 11
2638 1 3
2639 0 8
2640 3 0
2641 2 16
2642 0 2
2643 0 3
2644 0 0
2645 2 17
2646 2 10
2647 95 0
2648 2 13
2649 1 5
2650 0 25
2651 0 95
2652 94 0
2653 2 3
2654 0 14
2655 1 1
2656 1 0
2657 2 16
2658 95 0
2659 2 17
2660 1 10
2661 2 1
2662 1 16
2663 94 95
2664 0 94
2665 0 12
2666 2 4
2667 3 3
2668 4 0
2669 1 12
2670 1 21
2671 1 20
2672 0 16
2673 3 0
2674 2 18
2675 95 95
2676 1 4
2677 4 0
2678 0 21
2679 2 14
2680 0 5
2681 1 18
2682 2 2
2683 0 6
2684 0 0
2685 0 95
2686 0 10
2687 0 7
2688 2 8
2689 94 95
2690 2 4
2691 1 15
2692 0 1
2693 1 4
2694 3 4
2695 1 5
2696 3 3
2697 0 5
2698 94 0
2699 1 1
2700 0 17
2701 0 16
2702 2 13
2703 1 6
2704 3 4
2705 1 9
2706 0 9
2707 0 1
2708 3 3
2709 2 15
2710 1 8
2711 0 22
2712 0 21
2713 1 2
2714 0 12
2715 0 2
2716 2 20
2717 0 22
2718 0 4
2719 0 5
2720 1 9
2721 2 8
2722 1 17
2723 1 15
2724 2 15
2725 1 13
2726 1 20
2727 3 0
2728 0 8
2729 0 15
2730 2 4
2731 95 0
2732 1 4
2733 95 95
2734 1 21
2735 1 20
2736 0 4
2737 2 4
2738 0 3
2739 3 2
2740 0 18
2741 0 19
2742 2 13
2743 0 18
2744 0 24
2745 1 14
2746 0 7
2747 2 7
2748 2 12
2749 94 0
2750 1 13
2751 2 0
2752 3 0
2753 0 14
2754 0 20
2755 2 11
2756 1 11
2757 1 8
2758 2 0
2759 0 94
2760 3 7
2761 0 9
2762 0 5
2763 3 0
2764 2 6
2765 1 1
2766 1 4
2767 2 0
2768 1 22
2769 0 2
2770 1 2
2771 3 1
2772 2 2
2773 1 16
2774 3 8
2775 3 7
2776 0 6
2777 1 3
2778 0 23
2779 0 24
2780 2 13
2781 94 95
2782 1 13
2783 2 3
2784 1 10
2785 0 22
2786 0 7
2787 1 4
2788 1 22
2789 95 0
2790 1 11
2791 3 2
2792 0 23
2793 3 0
2794 4 2
2795 0 4
2796 0 95
2797 0 16
2798 95 95
2799 1 2
2800 1 15
2801 0 17
2802 0 94
2803 3 8
2804 0 6
2805 0 95
2806 0 3
2807 0 15
2808 1 5
2809 1 7
2810 94 0
2811 2 4
2812 2 13
2813 3 2
2814 1 14
2815 1 10
2816 1 8
2817 0 11
2818 1 0
2819 0 12
2820 3 7
2821 3 8
2822 95 0
2823 0 8
2824 2 7
2825 2 3
2826 1 18
2827 4 2
2828 4 0
2829 2 2
2830 94 95
2831 0 11
2832 0 9
2833 1 21
2834 0 8
2835 0 4
2836 1 3
2837 3 9
2838 2 10
2839 2 12
2840 3 0
2841 0 2
2842 1 22
2843 0 10
2844 1 13
2845 2 3
2846 0 94
2847 2 6
2848 1 3
2849 0 11
2850 3 12
2851 1 7
2852 0 24
2853 3 8
2854 0 0
2855 95 95
2856 3 6
2857 0 23
2858 1 21
2859 0 9
2860 1 10
2861 0 22
2862 2 5
2863 94 95
2864 1 19
2865 4 6
2866 2 8
2867 0 5
2868 0 19
2869 0 12
2870 2 1
2871 0 11
2872 0 6
2873 2 12
2874 0 5
2875 0 7
2876 1 4
2877 2 6
2878 2 9
2879 2 21
2880 1 8
2881 1 11
2882 0 3
2883 0 6
2884 0 21
2885 1 7
2886 1 1
2887 0 1
2888 3 2
2889 2 2
2890 0 22
2891 0 95
2892 1 5
2893 95 95
2894 1 18
2895 1 0
2896 0 16
2897 94 95
2898 2 4
2899 0 17
2900 0 0
2901 0 13
2902 1 15
2903 0 8
2904 1 2
2905 2 0
2906 0 5
2907 95 95
2908 0 21
2909 3 0
2910 2 20
2911 2 0
2912 1 4
2913 0 15
2914 1 15
2915 0 94
2916 2 2
2917 4 5
2918 1 8
2919 1 10
2920 0 20
2921 3 9
2922 1 0
2923 1 12
2924 2 4
2925 2 10
2926 3 0
2927 1 4
2928 2 19
2929 0 22
2930 0 16
2931 0 10
2932 0 18
2933 0 7
2934 1 11
2935 1 6
2936 0 9
2937 1 19
2938 0 21
2939 4 0
2940 2 8
2941 0 11
2942 0 2
2943 1 3
2944 0 23
2945 2 1
2946 4 9
2947 3 5
2948 0 15
2949 3 0
2950 0 16
2951 1 14
2952 0 15
2953 3 9
2954 2 5
2955 1 7
2956 3 4
2957 94 0
2958 4 0
2959 0 6
2960 0 20
2961 94 95
2962 0 12
2963 0 0
2964 0 13
2965 1 11
2966 3 0
2967 0 7
2968 4 9
2969 0 11
2970 2 19
2971 0 22
2972 4 0
2973 1 19
2974 2 19
2975 0 12
2976 1 19
2977 3 0
2978 2 6
2979 0 13
2980 95 95
2981 95 0
2982 1 4
2983 2 2
2984 3 9
2985 1 10
2986 3 3
2987 2 19
2988 2 14
2989 0 6
2990 1 3
2991 1 4
2992 0 4
2993 94 95
2994 0 1
2995 0 5
2996 0 17
2997 0 95
2998 1 8
2999 0 3
3000 0 0
3001 2 8
3002 2 1
3003 1 8
3004 0 19
3005 0 20
3006 0 23
3007 1 19
3008 1 1
3009 0 22
3010 1 13
3011 0 12
3012 0 11
3013 2 8
3014 0 12
3015 0 13
3016 1 13
3017 1 11
3018 2 15
3019 95 95
3020 2 4
3021 3 6
3022 0 8
3023 3 10
3024 1 6
3025 1 14
3026 1 18
3027 0 4
3028 1 0
3029 3 2
3030 2 10
3031 0 94
3032 0 95
3033 0 94
3034 2 2
3035 3 3
3036 0 1
3037 94 0
3038 2 16
3039 1 16
3040 1 19
3041 0 6
3042 0 14
3043 2 5
3044 0 18
3045 0 17
3046 3 10
3047 3 7
3048 2 16
3049 3 4
3050 0 0
3051 3 6
3052 0 95
3053 1 18
3054 0 23
3055 0 22
3056 0 16
3057 1 5
3058 0 13
3059 1 4
3060 0 4
3061 0 94
3062 0 11
3063 0 1
3064 1 15
3065 95 0
3066 0 23
3067 2 4
3068 1 10
3069 94 95
3070 94 0
3071 0 9
3072 0 17
3073 0 22
3074 0 16
3075 0 12
3076 0 95
3077 3 4
3078 1 14
3079 1 8
3080 2 4
3081 1 15
3082 0 0
3083 1 7
3084 1 11
3085 2 1
3086 1 0
3087 2 17
3088 1 3
3089 3 4
3090 0 11
3091 0 0
3092 0 18
3093 95 95
3094 2 4
3095 0 3
3096 0 5
3097 1 1
3098 0 15
3099 0 10
3100 1 0
3101 1 2
3102 2 10
3103 2 6
3104 0 11
3105 2 0
3106 0 7
3107 0 16
3108 1 0
3109 1 18
3110 1 4
3111 2 2
3112 0 94
3113 1 5
3114 1 14
3115 2 1
3116 0 4
3117 0 95
3118 94 95
3119 0 5
3120 2 7
3121 0 15
3122 2 16
3123 0 18
3124 2 3
3125 95 0
3126 2 6
3127 0 1
3128 0 10
3129 2 14
3130 1 9
3131 0 9
3132 0 12
3133 1 3
3134 0 17
3135 0 0
3136 95 95
3137 0 11
3138 0 14
3139 0 94
3140 1 16
3141 0 8
3142 0 18
3143 2 11
3144 2 4
3145 1 6
3146 0 95
3147 1 12
3148 0 4
3149 0 24
3150 1 22
3151 2 13
3152 0 21
3153 1 5
3154 94 95
3155 1 23
3156 0 94
3157 1 2
3158 2 7
3159 0 12
3160 0 5
3161 0 10
3162 0 16
3163 4 0
3164 0 95
3165 2 3
3166 1 16
3167 0 16
3168 1 0
3169 2 6
3170 2 4
3171 1 3
3172 0 94
3173 0 20
3174 3 4
3175 2 3
3176 1 3
3177 0 0
3178 3 0
3179 1 16
3180 2 7
3181 1 13
3182 1 8
3183 4 0
3184 3 0
3185 0 9
3186 1 22
3187 0 23
3188 94 0
3189 0 4
3190 2 3
3191 0 5
3192 0 24
3193 0 11
3194 2 0
3195 0 16
3196 0 4
3197 1 12
3198 1 1
3199 95 95
3200 2 6
3201 1 16
3202 0 95
3203 0 10
3204 0 1
3205 0 6
3206 0 16
3207 0 0
3208 0 7
3209 0 8
3210 0 9
3211 1 18
3212 2 2
3213 0 22
3214 2 3
3215 0 13
3216 1 2
3217 0 94
3218 2 10
3219 2 1
3220 0 95
3221 0 5
3222 2 9
3223 0 11
3224 1 1
3225 0 25
3226 0 6
3227 1 0
3228 0 7
3229 2 2
3230 1 4
3231 1 10
3232 3 5
3233 0 94
3234 0 6
3235 0 8
3236 0 15
3237 0 7
3238 0 18
3239 0 23
3240 0 22
3241 1 20
3242 0 6
3243 0 20
3244 0 9
3245 4 0
3246 0 17
3247 1 5
3248 2 4
3249 3 2
3250 2 12
3251 0 23
3252 4 5
3253 1 15
3254 1 7
3255 0 8
3256 0 0
3257 0 5
3258 0 26
3259 3 0
3260 2 3
3261 0 6
3262 2 0
3263 0 22
3264 1 2
3265 95 0
3266 94 95
3267 0 25
3268 2 8
3269 0 1
3270 0 95
3271 0 94
3272 0 95
3273 0 94
3274 0 95
3275 0 7
3276 0 15
3277 3 6
3278 3 1
3279 95 95
3280 1 15
3281 2 4
3282 0 19
3283 94 95
3284 0 24
3285 4 4
3286 4 3
3287 1 7
3288 0 14
3289 0 0
3290 95 95
3291 1 1
3292 1 12
3293 94 95
3294 1 9
3295 1 4
3296 1 3
3297 1 10
3298 2 6
3299 0 20
3300 1 13
3301 0 1
3302 0 16
3303 0 7
3304 0 94
3305 1 7
3306 94 0
3307 1 4
3308 0 12
3309 1 5
3310 1 0
3311 0 19
3312 3 3
3313 0 95
3314 4 3
3315 0 10
3316 3 3
3317 1 2
3318 0 0
3319 0 21
3320 1 0
3321 0 5
3322 95 95
3323 3 0
3324 0 18
3325 0 6
3326 2 9
3327 0 9
3328 2 15
3329 95 0
3330 3 6
3331 1 15
3332 0 8
3333 0 17
3334 0 20
3335 1 10
3336 0 21
3337 2 0
3338 0 16
3339 0 11
3340 1 1
3341 2 8
3342 94 95
3343 0 1
3344 95 95
3345 0 20
3346 2 15
3347 1 16
3348 0 23
3349 4 0
3350 0 15
3351 2 7
3352 3 2
3353 0 14
3354 1 7
3355 0 16
3356 2 1
3357 1 15
3358 2 7
3359 0 12
3360 2 9
3361 0 2
3362 1 7
3363 2 7
3364 0 10
3365 0 94
3366 1 9
3367 0 5
3368 2 15
3369 0 95
3370 1 3
3371 0 11
3372 2 9
3373 2 0
3374 1 6
3375 5 0
3376 1 18
3377 94 0
3378 3 0
3379 1 2
3380 1 12
3381 0 19
3382 0 4
3383 0 7
3384 2 8
3385 3 5
3386 1 1
3387 1 17
3388 1 13
3389 3 6
3390 1 0
3391 0 8
3392 0 18
3393 0 6
3394 0 94
3395 0 0
3396 1 15
3397 1 6
3398 0 95
3399 2 15
3400 2 0
3401 2 7
3402 0 20
3403 0 15
3404 4 0
3405 0 22
3406 0 16
3407 0 1
3408 0 94
3409 1 12
3410 0 13
3411 3 0
3412 3 5
3413 94 95
3414 5 0
3415 2 3
3416 6 0
3417 2 17
3418 2 12
3419 1 18
3420 4 0
3421 3 1
3422 3 2
3423 7 0
3424 2 5
3425 0 6
3426 0 14
3427 95 95
3428 1 6
3429 0 0
3430 6 0
3431 0 12
3432 2 1
3433 1 10
3434 3 7
3435 0 7
3436 0 5
3437 3 17
3438 95 0
3439 0 8
3440 2 0
3441 1 2
3442 4 1
3443 2 17
3444 0 23
3445 0 7
3446 0 10
3447 2 11
3448 0 17
3449 0 1
3450 0 19
3451 2 4
3452 3 5
3453 0 15
3454 0 16
3455 0 14
3456 3 17
3457 94 0
3458 0 17
3459 0 4
3460 5 0
3461 95 0
3462 0 95
3463 3 0
3464 0 16
3465 6 0
3466 2 7
3467 0 5
3468 1 4
3469 1 11
3470 94 95
3471 1 9
3472 0 0
3473 0 1
3474 0 9
3475 2 11
3476 1 15
3477 0 11
3478 0 20
3479 0 19
3480 2 8
3481 2 4
3482 0 13
3483 1 14
3484 2 6
3485 1 5
3486 3 8
3487 0 5
3488 0 22
3489 94 0
3490 4 5
3491 1 4
3492 0 6
3493 1 7
3494 95 0
3495 95 95
3496 3 3
3497 0 15
3498 2 14
3499 1 5
3500 0 8
3501 2 8
3502 3 6
3503 4 2
3504 1 14
3505 4 0
3506 2 2
3507 0 10
3508 94 95
3509 3 4
3510 0 4
3511 4 3
3512 0 12
3513 0 5
3514 0 16
3515 5 5
3516 3 8
3517 0 2
3518 2 5
3519 0 13
3520 1 5
3521 4 2
3522 1 17
3523 0 1
3524 3 0
3525 0 11
3526 3 16
3527 2 16
3528 0 18
3529 1 15
3530 0 3
3531 3 16
3532 0 15
3533 95 95
3534 0 16
3535 0 10
3536 0 94
3537 2 16
3538 0 12
3539 1 18
3540 4 0
3541 1 4
3542 3 0
3543 5 0
3544 1 6
3545 0 19
3546 0 11
3547 0 17
3548 2 10
3549 3 3
3550 0 10
3551 3 1
3552 0 7
3553 0 20
3554 0 8
3555 4 5
3556 0 19
3557 2 18
3558 4 4
3559 2 4
3560 3 5
3561 0 16
3562 2 8
3563 1 18
3564 2 11
3565 2 17
3566 0 18
3567 1 10
3568 0 95
3569 1 9
3570 1 18
3571 0 94
3572 1 4
3573 0 20
3574 1 7
3575 0 23
3576 0 11
3577 0 6
3578 0 0
3579 1 5
3580 1 14
3581 2 10
3582 2 7
3583 0 18
3584 0 13
3585 0 15
3586 1 7
3587 0 17
3588 5 2
3589 2 16
3590 0 18
3591 0 2
3592 0 21
3593 2 3
3594 4 3
3595 94 95
3596 94 0
3597 1 16
3598 0 5
3599 0 17
3600 0 7
3601 0 14
3602 0 9
3603 0 4
3604 6 2
3605 0 95
3606 1 9
3607 0 6
3608 0 3
3609 2 4
3610 95 0
3611 3 3
3612 2 14
3613 0 20
3614 1 13
3615 0 9
3616 1 15
3617 0 94
3618 0 22
3619 0 95
3620 0 1
3621 0 16
3622 3 6
3623 1 4
3624 3 0
3625 95 95
3626 2 5
3627 1 12
3628 3 1
3629 3 4
3630 1 5
3631 1 16
3632 0 13
3633 0 0
3634 94 95
3635 5 2
3636 0 23
3637 0 5
3638 3 8
3639 1 14
3640 0 6
3641 2 14
3642 1 8
3643 4 2
3644 0 10
3645 1 7
3646 3 0
3647 0 22
3648 1 14
3649 1 11
3650 0 5
3651 0 15
3652 0 19
3653 0 7
3654 1 12
3655 0 1
3656 2 14
3657 0 6
3658 1 14
3659 6 0
3660 4 0
3661 0 5
3662 2 9
3663 0 16
3664 1 17
3665 0 8
3666 0 0
3667 2 6
3668 1 6
3669 1 7
3670 1 15
3671 95 95
3672 0 94
3673 1 11
3674 1 3
3675 1 14
3676 1 15
3677 3 7
3678 0 1
3679 0 18
3680 3 3
3681 0 9
3682 0 3
3683 5 2
3684 4 2
3685 1 14
3686 94 95
3687 0 15
3688 2 5
3689 0 16
3690 0 12
3691 0 19
3692 0 14
3693 0 10
3694 0 6
3695 0 13
3696 0 15
3697 0 0
3698 5 2
3699 1 3
3700 0 9
3701 1 6
3702 0 11
3703 0 16
3704 0 21
3705 0 4
3706 3 0
3707 3 6
3708 0 6
3709 3 4
3710 4 2
3711 1 5
3712 1 14
3713 95 95
3714 4 1
3715 2 6
3716 94 95
3717 4 2
3718 0 22
3719 0 21
3720 0 3
3721 1 8
3722 5 0
3723 3 6
3724 3 3
3725 3 1
3726 3 4
3727 0 8
3728 2 6
3729 2 8
3730 1 9
3731 0 95
3732 0 9
3733 0 5
3734 2 5
3735 0 94
3736 1 18
3737 94 0
3738 95 95
3739 1 11
3740 2 3
3741 4 4
3742 2 0
3743 4 0
3744 0 12
3745 0 8
3746 0 4
3747 2 11
3748 0 15
3749 0 16
3750 3 5
3751 1 6
3752 95 0
3753 0 18
3754 0 95
3755 1 10
3756 5 2
3757 0 7
3758 94 95
3759 1 17
3760 4 2
3761 1 5
3762 0 1
3763 0 19
3764 0 22
3765 0 5
3766 0 21
3767 1 18
3768 0 10
3769 5 0
3770 94 0
3771 0 22
3772 0 14
3773 3 6
3774 3 4
3775 2 7
3776 1 11
3777 3 0
3778 1 3
3779 0 6
3780 95 95
3781 0 9
3782 0 17
3783 0 4
3784 0 24
3785 0 25
3786 4 6
3787 3 6
3788 6 0
3789 0 20
3790 0 0
3791 4 1
3792 4 0
3793 4 6
3794 1 10
3795 0 19
3796 0 1
3797 2 5
3798 0 15
3799 94 95
3800 0 16
3801 1 8
3802 1 4
3803 3 7
3804 3 1
3805 95 0
3806 4 5
3807 7 0
3808 1 11
3809 2 7
3810 0 0
3811 0 17
3812 0 20
3813 1 19
3814 5 0
3815 0 7
3816 0 3
3817 3 7
3818 0 10
3819 1 18
3820 0 9
3821 2 6
3822 0 16
3823 0 14
3824 4 6
3825 4 1
3826 1 10
3827 4 0
3828 0 6
3829 0 17
3830 0 11
3831 0 7
3832 3 8
3833 0 8
3834 0 94
3835 0 19
3836 95 95
3837 0 20
3838 94 95
3839 94 0
3840 2 3
3841 5 0
3842 0 16
3843 0 4
3844 0 6
3845 0 9
3846 0 19
3847 1 5
3848 3 1
3849 3 7
3850 0 13
3851 0 14
3852 0 12
3853 3 5
3854 0 95
3855 0 21
3856 0 22
3857 8 0
3858 0 11
3859 0 17
3860 95 0
3861 94 0
3862 3 4
3863 3 8
3864 0 16
3865 0 20
3866 1 4
3867 0 12
3868 0 23
3869 1 11
3870 0 19
3871 7 0
3872 0 21
3873 0 7
3874 1 7
3875 1 10
3876 8 0
3877 0 94
3878 4 0
3879 3 2
3880 1 8
3881 1 11
3882 3 1
3883 1 5
3884 0 10
3885 0 9
3886 1 4
3887 1 2
3888 95 95
3889 1 5
3890 95 0
3891 0 95
3892 1 1
3893 1 7
3894 3 5
3895 0 17
3896 3 2
3897 3 1
3898 3 4
3899 7 0
3900 0 6
3901 2 8
3902 94 0
3903 94 95
3904 6 0
3905 0 8
3906 0 15
3907 3 5
3908 0 94
3909 3 2
3910 0 1
3911 0 20
3912 4 7
3913 1 10
3914 0 95
3915 0 9
3916 1 11
3917 3 4
3918 0 7
3919 1 19
3920 1 2
3921 0 26
3922 3 5
3923 0 0
3924 0 18
3925 0 13
3926 2 1
3927 2 9
3928 7 0
3929 95 95
3930 0 6
3931 3 4
3932 95 0
3933 3 0
3934 94 0
3935 2 8
3936 0 94
3937 0 8
3938 0 24
3939 3 6
3940 2 6
3941 2 19
3942 3 5
3943 2 9
3944 1 19
3945 4 0
3946 1 8
3947 2 7
3948 0 2
3949 2 19
3950 4 2
3951 3 2
3952 0 22
3953 4 6
3954 0 11
3955 1 0
3956 0 1
3957 94 95
3958 0 9
3959 0 17
3960 0 7
3961 1 11
3962 0 19
3963 2 10
3964 0 12
3965 3 0
3966 0 14
3967 4 0
3968 95 95
3969 1 9
3970 95 0
3971 0 3
3972 6 0
3973 1 8
3974 0 16
3975 3 0
3976 1 14
3977 0 0
3978 94 95
3979 4 0
3980 4 7
3981 1 9
3982 0 27
3983 0 6
3984 3 4
3985 0 25
3986 0 28
3987 0 18
3988 0 7
3989 3 0
3990 3 5
3991 4 0
3992 0 27
3993 0 14
3994 2 4
3995 0 2
3996 2 6
3997 95 95
3998 0 21
3999 1 19
4000 1 8
4001 0 24
4002 1 16
4003 2 7
4004 1 6
4005 3 6
4006 3 5
4007 0 17
4008 1 5
4009 1 9
4010 0 6
4011 7 0
4012 0 1
4013 6 0
4014 1 8
4015 0 19
4016 0 26
4017 3 6
4018 3 5
4019 1 15
4020 1 0
4021 0 13
4022 0 0
4023 1 19
4024 2 0
4025 4 6
4026 4 7
4027 0 8
4028 0 23
4029 3 6
4030 3 5
4031 1 8
4032 94 95
4033 95 95
4034 0 19
4035 1 19
4036 0 8
4037 0 11
4038 0 16
4039 1 4
4040 0 10
4041 0 17
4042 3 6
4043 0 16
4044 1 8
4045 0 8
4046 1 0
4047 94 0
4048 1 5
4049 94 95
4050 1 14
4051 0 15
4052 1 8
4053 3 5
4054 0 16
4055 0 15
4056 0 20
4057 2 0
4058 0 8
4059 1 4
4060 2 14
4061 0 12
4062 2 3
4063 1 9
4064 7 0
4065 1 14
4066 95 95
4067 0 7
4068 3 10
4069 0 25
4070 5 0
4071 3 0
4072 5 1
4073 0 13
4074 1 5
4075 1 8
4076 4 2
4077 2 14
4078 2 6
4079 3 4
4080 4 0
4081 0 16
4082 3 7
4083 0 95
4084 1 18
4085 0 9
4086 3 8
4087 95 0
4088 1 14
4089 1 15
4090 0 18
4091 1 6
4092 0 10
4093 1 9
4094 1 4
4095 1 12
4096 1 11
4097 0 8
4098 0 94
4099 0 22
4100 2 8
4101 3 2
4102 94 0
4103 0 1
4104 1 20
4105 1 12
4106 2 10
4107 1 11
4108 0 7
4109 4 2
4110 6 0
4111 0 24
4112 94 95
4113 1 14
4114 1 12
4115 0 19
4116 0 0
4117 0 12
4118 0 21
4119 0 14
4120 1 14
4121 2 11
4122 3 2
4123 0 9
4124 1 7
4125 1 11
4126 3 0
4127 4 0
4128 0 10
4129 0 9
4130 0 6
4131 95 0
4132 95 95
4133 7 0
4134 0 13
4135 2 10
4136 0 11
4137 2 5
4138 4 4
4139 3 4
4140 3 0
4141 0 22
4142 1 12
4143 0 14
4144 0 18
4145 0 1
4146 0 95
4147 0 4
4148 0 7
4149 2 6
4150 0 20
4151 0 10
4152 1 9
4153 5 0
4154 2 11
4155 1 22
4156 2 0
4157 94 0
4158 0 23
4159 2 5
4160 0 13
4161 0 12
4162 1 4
4163 1 11
4164 1 0
4165 0 21
4166 1 12
4167 0 9
4168 4 0
4169 1 8
4170 0 20
4171 2 8
4172 6 0
4173 0 11
4174 7 0
4175 94 95
4176 1 9
4177 4 4
4178 95 0
4179 0 9
4180 0 10
4181 3 4
4182 2 11
4183 1 8
4184 2 6
4185 1 5
4186 3 0
4187 0 12
4188 1 4
4189 95 95
4190 0 21
4191 1 10
4192 0 0
4193 2 22
4194 3 5
4195 0 10
4196 1 9
4197 1 22
4198 0 8
4199 0 7
4200 1 15
4201 0 1
4202 3 4
4203 1 6
4204 0 20
4205 0 6
4206 0 0
4207 2 8
4208 1 5
4209 94 0
4210 1 11
4211 1 12
4212 0 8
4213 0 94
4214 2 11
4215 4 2
4216 1 14
4217 0 21
4218 0 12
4219 94 95
4220 0 95
4221 2 22
4222 0 7
4223 2 10
4224 0 14
4225 0 8
4226 0 11
4227 3 8
4228 2 11
4229 95 95
4230 0 24
4231 0 94
4232 0 7
4233 0 9
4234 1 4
4235 1 13
4236 0 23
4237 1 16
4238 1 7
4239 0 95
4240 1 8
4241 4 0
4242 0 10
4243 1 5
4244 0 15
4245 3 7
4246 6 0
4247 0 7
4248 1 11
4249 1 6
4250 3 2
4251 1 4
4252 2 7
4253 3 0
4254 3 5
4255 1 22
4256 0 17
4257 5 0
4258 2 6
4259 1 14
4260 0 18
4261 1 10
4262 0 13
4263 0 11
4264 0 16
4265 3 4
4266 1 17
4267 3 5
4268 4 2
4269 2 0
4270 94 95
4271 95 0
4272 3 0
4273 2 10
4274 0 24
4275 1 15
4276 1 0
4277 0 23
4278 0 20
4279 0 24
4280 0 0
4281 3 2
4282 2 17
4283 0 10
4284 95 95
4285 94 0
4286 0 14
4287 3 7
4288 1 9
4289 0 13
4290 1 14
4291 6 0
4292 0 23
4293 1 8
4294 1 6
4295 2 0
4296 2 9
4297 0 8
4298 5 0
4299 1 21
4300 1 10
4301 1 15
4302 1 14
4303 0 94
4304 0 9
4305 0 95
4306 4 0
4307 2 4
4308 4 5
4309 0 94
4310 3 5
4311 4 2
4312 0 22
4313 0 12
4314 94 95
4315 0 23
4316 1 17
4317 3 2
4318 2 6
4319 1 11
4320 6 0
4321 1 7
4322 0 8
4323 0 19
4324 0 9
4325 1 4
4326 1 6
4327 0 7
4328 0 8
4329 0 2
4330 0 15
4331 0 1
4332 0 4
4333 0 0
4334 0 9
4335 1 22
4336 2 11
4337 2 12
4338 0 24
4339 0 95
4340 1 4
4341 0 11
4342 1 11
4343 2 13
4344 4 1
4345 4 0
4346 0 8
4347 1 10
4348 4 2
4349 2 5
4350 0 16
4351 0 22
4352 0 14
4353 1 7
4354 2 6
4355 0 12
4356 0 4
4357 95 0
4358 0 7
4359 0 15
4360 1 8
4361 7 0
4362 0 18
4363 1 22
4364 3 8
4365 94 0
4366 95 0
4367 3 7
4368 94 0
4369 0 23
4370 1 4
4371 1 16
4372 1 14
4373 0 3
4374 1 21
4375 0 94
4376 5 0
4377 3 0
4378 3 9
4379 8 0
4380 0 95
4381 4 7
4382 2 8
4383 3 3
4384 1 22
4385 0 8
4386 2 12
4387 1 13
4388 1 17
4389 3 7
4390 1 6
4391 1 8
4392 7 0
4393 0 17
4394 0 19
4395 2 9
4396 95 95
4397 0 24
4398 8 0
4399 2 6
4400 95 0
4401 0 10
4402 94 0
4403 0 16
4404 3 8
4405 1 7
4406 0 23
4407 7 0
4408 0 9
4409 0 1
4410 94 95
4411 1 14
4412 1 10
4413 0 14
4414 0 13
4415 0 14
4416 0 8
4417 0 18
4418 95 95
4419 95 0
4420 2 11
4421 0 11
4422 1 13
4423 2 12
4424 2 4
4425 0 13
4426 8 0
4427 0 6
4428 3 6
4429 7 0
4430 0 14
4431 1 6
4432 0 15
4433 0 10
4434 0 13
4435 0 6
4436 0 0
4437 0 24
4438 0 16
4439 0 14
4440 1 10
4441 4 8
4442 1 6
4443 0 94
4444 3 8
4445 0 10
4446 94 95
4447 8 0
4448 4 8
4449 1 10
4450 0 13
4451 0 23
4452 1 12
4453 95 95
4454 1 4
4455 2 4
4456 94 0
4457 95 0
4458 2 12
4459 2 8
4460 7 0
4461 1 14
4462 1 21
4463 0 1
4464 1 4
4465 1 9
4466 4 7
4467 94 0
4468 2 3
4469 0 7
4470 4 8
4471 5 1
4472 0 10
4473 0 15
4474 6 0
4475 0 95
4476 1 12
4477 3 3
4478 3 5
4479 0 9
4480 0 22
4481 2 5
4482 0 94
4483 4 7
4484 2 14
4485 0 95
4486 7 0
4487 3 5
4488 3 7
4489 5 0
4490 95 0
4491 4 7
4492 2 7
4493 0 16
4494 94 95
4495 2 17
4496 2 8
4497 0 14
4498 2 0
4499 2 7
4500 0 12
4501 2 13
4502 4 6
4503 2 8
4504 95 95
4505 4 1
4506 0 0
4507 3 0
4508 0 23
4509 2 4
4510 4 7
4511 1 13
4512 0 11
4513 3 6
4514 0 12
4515 2 0
4516 4 2
4517 94 95
4518 1 4
4519 0 11
4520 95 95
4521 94 0
4522 2 7
4523 1 12
4524 0 19
4525 1 8
4526 1 17
4527 1 9
4528 3 5
4529 0 21
4530 4 0
4531 0 1
4532 1 10
4533 2 6
4534 5 0
4535 2 10
4536 0 24
4537 2 11
4538 2 10
4539 0 10
4540 0 12
4541 4 6
4542 1 0
4543 0 22
4544 1 8
4545 2 5
4546 4 1
4547 2 4
4548 0 11
4549 1 9
4550 2 8
4551 0 0
4552 3 5
4553 0 1
4554 0 25
4555 4 5
4556 0 15
4557 95 0
4558 0 94
4559 8 0
4560 6 0
4561 94 95
4562 0 18
4563 1 4
4564 4 7
4565 3 7
4566 1 6
4567 2 4
4568 2 11
4569 1 14
4570 0 21
4571 0 13
4572 1 16
4573 94 0
4574 0 24
4575 0 8
4576 0 9
4577 2 10
4578 3 6
4579 0 12
4580 95 0
4581 1 8
4582 1 10
4583 0 20
4584 0 21
4585 94 0
4586 0 17
4587 0 6
4588 0 14
4589 1 5
4590 0 20
4591 2 10
4592 0 23
4593 95 95
4594 0 19
4595 5 0
4596 95 0
4597 0 4
4598 1 10
4599 4 4
4600 2 6
4601 1 12
4602 1 7
4603 0 7
4604 0 20
4605 1 8
4606 1 6
4607 0 12
4608 6 0
4609 0 19
4610 2 8
4611 0 0
4612 9 0
4613 8 0
4614 5 0
4615 94 95
4616 1 7
4617 2 16
4618 94 0
4619 0 2
4620 0 16
4621 3 6
4622 2 3
4623 6 0
4624 1 3
4625 2 6
4626 0 1
4627 2 9
4628 0 17
4629 1 2
4630 0 6
4631 1 4
4632 2 12
4633 4 5
4634 95 0
4635 2 4
4636 1 16
4637 0 15
4638 3 5
4639 9 0
4640 8 0
4641 4 5
4642 9 0
4643 0 8
4644 2 16
4645 5 0
4646 2 11
4647 1 13
4648 95 95
4649 0 11
4650 3 5
4651 1 8
4652 0 14
4653 0 7
4654 4 5
4655 1 3
4656 3 9
4657 1 16
4658 0 16
4659 1 2
4660 2 8
4661 1 12
4662 0 22
4663 1 13
4664 0 12
4665 8 0
4666 94 95
4667 1 15
4668 0 17
4669 1 8
4670 0 16
4671 6 0
4672 9 0
4673 2 13
4674 0 17
4675 5 0
4676 3 5
4677 0 10
4678 1 6
4679 1 3
4680 94 0
4681 0 20
4682 1 9
4683 0 0
4684 95 0
4685 0 95
4686 6 0
4687 2 0
4688 3 6
4689 8 0
4690 0 94
4691 95 95
4692 2 5
4693 1 1
4694 1 8
4695 1 11
4696 94 0
4697 1 4
4698 0 13
4699 0 6
4700 2 11
4701 95 0
4702 0 19
4703 1 11
4704 0 16
4705 0 18
4706 5 0
4707 0 19
4708 1 6
4709 1 12
4710 0 12
4711 0 95
4712 0 9
4713 7 0
4714 3 0
4715 2 1
4716 0 6
4717 2 3
4718 1 12
4719 0 18
4720 94 95
4721 2 14
4722 1 1
4723 0 19
4724 0 7
4725 0 6
4726 1 7
4727 2 8
4728 2 2
4729 2 0
4730 8 0
4731 2 12
4732 0 11
4733 2 3
4734 0 21
4735 0 22
4736 2 2
4737 1 8
4738 0 94
4739 6 0
4740 2 9
4741 3 12
4742 5 0
4743 3 0
4744 3 7
4745 95 95
4746 1 3
4747 0 10
4748 0 12
4749 94 95
4750 1 4
4751 0 7
4752 0 13
4753 0 17
4754 0 11
4755 0 10
4756 7 0
4757 2 12
4758 1 0
4759 0 15
4760 8 0
4761 1 17
4762 2 10
4763 0 1
4764 0 12
4765 0 16
4766 0 15
4767 0 95
4768 7 0
4769 1 14
4770 4 2
4771 0 6
4772 95 95
4773 0 16
4774 2 9
4775 2 10
4776 1 3
4777 1 18
4778 0 9
4779 0 14
4780 0 11
4781 0 20
4782 1 13
4783 2 8
4784 0 8
4785 2 1
4786 0 23
4787 0 13
4788 0 10
4789 1 14
4790 1 6
4791 0 18
4792 8 0
4793 0 94
4794 0 0
4795 0 11
4796 0 95
4797 1 12
4798 3 2
4799 0 9
4800 3 6
4801 0 15
4802 2 12
4803 0 17
4804 94 0
4805 0 19
4806 0 16
4807 6 0
4808 1 11
4809 1 17
4810 2 13
4811 0 22
4812 95 0
4813 94 0
4814 94 95
4815 3 8
4816 4 6
4817 0 7
4818 0 8
4819 2 9
4820 1 0
4821 0 11
4822 0 18
4823 0 12
4824 0 6
4825 0 14
4826 95 0
4827 3 3
4828 2 10
4829 5 0
4830 0 0
4831 2 8
4832 1 2
4833 1 13
4834 0 94
4835 2 0
4836 0 1
4837 1 0
4838 0 19
4839 0 15
4840 0 0
4841 1 14
4842 1 11
4843 0 16
4844 1 6
4845 0 15
4846 2 7
4847 3 6
4848 7 0
4849 2 0
4850 0 11
4851 0 21
4852 2 3
4853 0 12
4854 0 95
4855 1 8
4856 1 0
4857 2 4
4858 94 0
4859 2 9
4860 0 8
4861 2 5
4862 1 7
4863 1 8
4864 0 17
4865 3 7
4866 0 94
4867 5 1
4868 0 8
4869 1 4
4870 3 6
4871 0 22
4872 5 0
4873 0 11
4874 0 10
4875 0 9
4876 3 3
4877 0 7
4878 95 95
4879 1 3
4880 0 10
4881 0 6
4882 0 13
4883 3 7
4884 3 2
4885 0 24
4886 5 1
4887 0 9
4888 95 0
4889 2 8
4890 3 3
4891 0 3
4892 0 12
4893 1 3
4894 3 6
4895 0 20
4896 3 7
4897 2 9
4898 0 18
4899 0 95
4900 1 1
4901 3 6
4902 1 20
4903 0 21
4904 0 8
4905 6 0
4906 0 23
4907 1 0
4908 1 13
4909 0 9
4910 2 2
4911 3 4
4912 0 0
4913 1 19
4914 0 11
4915 0 13
4916 1 6
4917 1 20
4918 0 17
4919 0 18
4920 7 0
4921 3 3
4922 0 4
4923 0 12
4924 94 0
4925 95 0
4926 94 95
4927 0 24
4928 2 7
4929 0 6
4930 0 16
4931 1 19
4932 0 13
4933 0 3
4934 0 23
4935 1 0
4936 0 94
4937 2 10
4938 1 5
4939 1 8
4940 0 95
4941 3 4
4942 3 3
4943 95 95
4944 0 1
4945 3 5
4946 4 3
4947 1 9
4948 1 3
4949 6 0
4950 1 8
4951 1 20
4952 2 9
4953 4 1
4954 0 15
4955 1 6
4956 0 24
4957 0 22
4958 0 5
4959 94 95
4960 0 10
4961 0 20
4962 3 7
4963 2 5
4964 0 12
4965 0 0
4966 0 13
4967 0 9
4968 3 3
4969 0 17
4970 1 22
4971 0 18
4972 0 17
4973 0 1
4974 94 0
4975 0 18
4976 2 7
4977 0 3
4978 1 3
4979 2 1
4980 0 0
4981 0 16
4982 1 2
4983 1 10
4984 2 3
4985 3 9
4986 0 23
4987 2 8
4988 0 8
4989 95 0
4990 0 10
4991 0 12
4992 3 10
4993 0 24
4994 4 2
4995 1 0
4996 0 23
4997 0 15
4998 3 5
4999 1 13
5000 0 9
5001 3 9
5002 1 21
5003 0 17
5004 3 3
5005 1 11
5006 2 5
5007 1 14
5008 3 7
5009 5 0
5010 2 3
5011 0 6
5012 94 0
5013 1 8
5014 2 11
5015 1 10
5016 0 10
5017 2 9
5018 3 3
5019 2 3
5020 3 9
5021 0 22
5022 2 21
5023 0 19
5024 3 5
5025 3 3
5026 0 14
5027 4 1
5028 2 5
5029 3 5
5030 0 15
5031 2 7
5032 0 8
5033 1 21
5034 0 94
5035 2 12
5036 95 0
5037 0 95
5038 1 5
5039 1 13
5040 6 0
5041 1 8
5042 1 11
5043 3 6
5044 2 6
5045 3 5
5046 1 17
5047 0 14
5048 0 5
5049 0 94
5050 3 12
5051 2 12
5052 0 15
5053 94 0
5054 1 20
5055 1 5
5056 0 5
5057 2 9
5058 0 17
5059 0 8
5060 0 13
5061 1 15
5062 0 95
5063 1 9
5064 3 12
5065 0 0
5066 2 7
5067 2 12
5068 0 16
5069 5 0
5070 0 21
5071 1 5
5072 0 11
5073 1 6
5074 2 15
5075 3 12
5076 1 15
5077 4 2
5078 0 6
5079 95 0
5080 3 6
5081 2 5
5082 0 14
5083 1 5
5084 1 6
5085 0 13
5086 2 9
5087 1 9
5088 94 0
5089 0 18
5090 2 8
5091 2 15
5092 0 94
5093 2 0
5094 0 10
5095 2 5
5096 95 0
5097 0 5
5098 0 9
5099 2 12
5100 0 8
5101 1 7
5102 1 19
5103 95 95
5104 1 6
5105 0 12
5106 0 13
5107 94 0
5108 0 95
5109 2 4
5110 1 1
5111 0 12
5112 0 1
5113 3 5
5114 1 0
5115 0 15
5116 0 0
5117 1 0
5118 2 14
5119 0 3
5120 2 7
5121 3 12
5122 1 8
5123 0 8
5124 2 15
5125 0 14
5126 2 3
5127 0 9
5128 1 20
5129 0 16
5130 2 6
5131 0 0
5132 6 0
5133 2 8
5134 1 16
5135 1 10
5136 0 17
5137 0 2
5138 0 15
5139 0 14
5140 2 12
5141 2 10
5142 4 0
5143 1 19
5144 3 8
5145 3 12
5146 1 1
5147 2 8
5148 7 0
5149 0 15
5150 0 11
5151 3 2
5152 2 12
5153 3 12
5154 0 1
5155 1 6
5156 0 14
5157 3 6
5158 1 10
5159 1 2
5160 2 5
5161 0 19
5162 2 12
5163 1 7
5164 95 0
5165 0 12
5166 0 16
5167 0 10
5168 3 10
5169 6 0
5170 0 22
5171 0 94
5172 94 95
5173 0 11
5174 0 95
5175 3 3
5176 1 6
5177 2 14
5178 0 17
5179 2 4
5180 2 7
5181 0 94
5182 1 8
5183 95 95
5184 0 15
5185 4 3
5186 4 4
5187 0 20
5188 1 9
5189 0 13
5190 1 12
5191 94 95
5192 3 1
5193 0 14
5194 7 0
5195 4 3
5196 95 95
5197 2 10
5198 1 15
5199 0 9
5200 2 8
5201 0 10
5202 0 12
5203 3 2
5204 2 11
5205 0 19
5206 0 16
5207 94 95
5208 2 3
5209 0 0
5210 3 5
5211 94 0
5212 2 6
5213 0 1
5214 5 0
5215 0 11
5216 0 10
5217 3 4
5218 0 9
5219 0 17
5220 2 10
5221 3 1
5222 95 0
5223 0 10
5224 94 0
5225 1 1
5226 95 0
5227 0 2
5228 95 95
5229 0 9
5230 0 13
5231 0 1
5232 2 12
5233 0 15
5234 1 9
5235 3 5
5236 94 0
5237 1 17
5238 1 11
5239 8 0
5240 95 0
5241 0 16
5242 0 18
5243 0 14
5244 7 0
5245 3 12
5246 3 8
5247 0 9
5248 4 2
5249 0 10
5250 3 10
5251 2 9
5252 1 9
5253 2 12
5254 0 8
5255 3 0
5256 3 12
5257 2 13
5258 4 12
5259 3 4
5260 2 2
5261 0 9
5262 3 1
5263 94 0
5264 2 10
5265 2 3
5266 2 8
5267 2 2
5268 1 8
5269 94 95
5270 1 0
5271 3 10
5272 2 17
5273 0 0
5274 3 12
5275 0 21
5276 2 10
5277 1 6
5278 1 16
5279 2 6
5280 0 11
5281 0 17
5282 0 18
5283 0 10
5284 0 17
5285 1 15
5286 0 1
5287 3 0
5288 2 11
5289 3 3
5290 0 16
5291 1 9
5292 0 20
5293 3 1
5294 1 2
5295 0 0
5296 2 3
5297 3 3
5298 3 8
5299 2 9
5300 1 12
5301 1 17
5302 1 10
5303 1 6
5304 95 95
5305 1 1
5306 0 12
5307 1 9
5308 0 1
5309 4 0
5310 0 9
5311 1 0
5312 2 10
5313 2 1
5314 3 11
5315 2 8
5316 95 0
5317 2 3
5318 0 19
5319 3 12
5320 0 13
5321 1 14
5322 0 0
5323 0 14
5324 1 15
5325 1 11
5326 0 95
5327 2 6
5328 0 8
5329 0 9
5330 1 1
5331 0 18
5332 3 2
5333 0 94
5334 94 95
5335 1 6
5336 2 15
5337 2 17
5338 1 8
5339 2 6
5340 1 14
5341 1 6
5342 1 9
5343 3 11
5344 0 15
5345 2 6
5346 1 8
5347 1 10
5348 0 17
5349 3 15
5350 0 14
5351 2 4
5352 94 0
5353 0 95
5354 1 6
5355 0 94
5356 0 1
5357 95 0
5358 0 18
5359 1 17
5360 0 0
5361 0 1
5362 3 1
5363 1 1
5364 1 11
5365 1 14
5366 0 95
5367 2 2
5368 0 94
5369 2 6
5370 0 10
5371 2 3
5372 1 16
5373 3 4
5374 94 0
5375 0 95
5376 5 0
5377 2 9
5378 0 13
5379 0 17
5380 2 10
5381 0 12
5382 8 0
5383 4 2
5384 2 9
5385 2 15
5386 2 10
5387 4 0
5388 2 2
5389 2 9
5390 95 95
5391 4 3
5392 0 19
5393 3 2
5394 0 8
5395 0 13
5396 0 12
5397 3 1
5398 0 13
5399 5 0
5400 3 15
5401 0 94
5402 1 6
5403 2 16
5404 1 12
5405 94 95
5406 2 6
5407 3 14
5408 3 15
5409 1 9
5410 2 11
5411 2 10
5412 1 7
5413 0 1
5414 4 0
5415 0 95
5416 1 17
5417 0 12
5418 3 8
5419 0 0
5420 2 3
5421 95 0
5422 0 7
5423 4 2
5424 0 16
5425 0 14
5426 0 18
5427 3 2
5428 0 19
5429 0 6
5430 0 9
5431 3 14
5432 0 94
5433 94 0
5434 95 95
5435 2 11
5436 0 13
5437 0 18
5438 2 15
5439 4 14
5440 1 2
5441 0 12
5442 0 1
5443 1 15
5444 0 8
5445 3 1
5446 2 15
5447 0 19
5448 5 0
5449 3 5
5450 0 95
5451 2 8
5452 1 1
5453 3 4
5454 94 95
5455 3 8
5456 0 7
5457 3 14
5458 0 18
5459 4 14
5460 1 15
5461 0 1
5462 2 17
5463 4 3
5464 95 95
5465 0 8
5466 0 10
5467 2 2
5468 1 1
5469 0 2
5470 2 5
5471 2 6
5472 1 10
5473 1 5
5474 0 5
5475 4 2
5476 1 3
5477 0 3
5478 0 10
5479 0 2
5480 1 12
5481 94 95
5482 0 94
5483 0 4
5484 0 7
5485 2 10
5486 0 1
5487 95 0
5488 3 6
5489 95 95
5490 0 19
5491 2 11
5492 0 95
5493 0 2
5494 0 17
5495 0 1
5496 0 94
5497 2 6
5498 7 0
5499 0 12
5500 1 13
5501 2 3
5502 0 20
5503 0 16
5504 0 95
5505 2 2
5506 1 0
5507 0 0
5508 3 6
5509 0 2
5510 2 15
5511 1 17
5512 1 15
5513 4 0
5514 0 1
5515 2 8
5516 2 3
5517 3 8
5518 0 5
5519 1 18
5520 0 8
5521 0 0
5522 0 1
5523 2 8
5524 2 5
5525 1 10
5526 0 10
5527 3 7
5528 2 6
5529 2 9
5530 0 94
5531 3 11
5532 3 2
5533 0 3
5534 3 14
5535 1 10
5536 0 7
5537 6 0
5538 94 95
5539 7 0
5540 5 0
5541 2 11
5542 1 9
5543 3 1
5544 0 9
5545 3 11
5546 3 0
5547 8 0
5548 0 0
5549 3 1
5550 3 5
5551 0 1
5552 0 0
5553 3 15
5554 95 95
5555 2 8
5556 0 1
5557 0 95
5558 94 95
5559 1 12
5560 0 13
5561 3 14
5562 4 0
5563 3 15
5564 1 9
5565 7 0
5566 0 9
5567 0 14
5568 0 0
5569 0 18
5570 4 3
5571 2 2
5572 2 9
5573 0 12
5574 3 3
5575 1 4
5576 0 1
5577 1 10
5578 5 0
5579 95 95
5580 1 1
5581 3 8
5582 0 1
5583 2 11
5584 2 4
5585 8 0
5586 1 12
5587 3 7
5588 1 1
5589 94 0
5590 3 11
5591 0 8
5592 3 14
5593 2 11
5594 95 0
5595 7 0
5596 0 9
5597 0 1
5598 1 2
5599 3 15
5600 1 5
5601 0 13
5602 0 5
5603 0 12
5604 3 14
5605 3 11
5606 4 1
5607 1 0
5608 3 1
5609 4 0
5610 0 0
5611 94 0
5612 6 0
5613 0 8
5614 94 95
5615 1 1
5616 1 12
5617 0 9
5618 4 3
5619 1 4
5620 0 6
5621 0 21
5622 0 1
5623 3 8
5624 0 19
5625 1 14
5626 0 4
5627 0 18
5628 0 8
5629 1 5
5630 2 11
5631 1 9
5632 2 8
5633 0 23
5634 0 12
5635 1 12
5636 7 0
5637 0 12
5638 95 0
5639 0 3
5640 0 20
5641 6 0
5642 5 0
5643 0 14
5644 0 22
5645 4 0
5646 1 0
5647 0 4
5648 1 18
5649 1 14
5650 0 9
5651 1 12
5652 0 0
5653 0 19
5654 2 9
5655 0 3
5656 0 8
5657 3 11
5658 0 14
5659 3 15
5660 94 0
5661 3 8
5662 95 95
5663 7 0
5664 0 4
5665 95 0
5666 0 13
5667 0 14
5668 0 10
5669 0 17
5670 0 2
5671 0 20
5672 1 1
5673 1 9
5674 3 3
5675 0 3
5676 94 0
5677 2 8
5678 2 3
5679 5 0
5680 95 0
5681 3 8
5682 1 19
5683 0 13
5684 0 14
5685 1 10
5686 2 2
5687 2 3
5688 0 4
5689 0 13
5690 1 18
5691 2 9
5692 0 14
5693 0 16
5694 8 0
5695 1 4
5696 0 1
5697 0 19
5698 3 7
5699 1 14
5700 0 17
5701 2 18
5702 0 21
5703 3 2
5704 0 22
5705 1 18
5706 0 21
5707 0 94
5708 0 3
5709 0 5
5710 0 4
5711 0 14
5712 3 8
5713 7 0
5714 1 9
5715 1 16
5716 0 95
5717 94 0
5718 2 12
5719 4 0
5720 0 6
5721 2 8
5722 0 3
5723 0 94
5724 0 15
5725 1 5
5726 1 2
5727 0 9
5728 2 10
5729 3 8
5730 1 9
5731 94 95
5732 1 0
5733 0 10
5734 0 2
5735 2 9
5736 95 0
5737 1 2
5738 2 18
5739 5 0
5740 3 1
5741 1 10
5742 1 18
5743 4 0
5744 6 0
5745 2 15
5746 7 0
5747 2 18
5748 0 14
5749 0 22
5750 1 11
5751 3 7
5752 1 4
5753 3 8
5754 6 0
5755 3 15
5756 1 18
5757 3 4
5758 1 5
5759 0 20
5760 1 12
5761 0 19
5762 1 9
5763 0 95
5764 0 9
5765 3 10
5766 0 0
5767 0 20
5768 7 0
5769 3 5
5770 2 11
5771 2 15
5772 94 0
5773 1 1
5774 1 0
5775 3 15
5776 5 0
5777 0 0
5778 0 11
5779 2 2
5780 2 15
5781 8 0
5782 2 10
5783 4 1
5784 1 8
5785 0 15
5786 0 14
5787 3 1
5788 3 4
5789 0 15
5790 0 94
5791 0 1
5792 1 9
5793 0 95
5794 3 11
5795 1 8
5796 3 6
5797 0 4
5798 0 18
5799 7 0
5800 0 10
5801 3 9
5802 0 2
5803 2 5
5804 4 0
5805 0 23
5806 0 94
5807 0 1
5808 0 0
5809 0 3
5810 0 95
5811 1 10
5812 1 3
5813 95 0
5814 0 94
5815 95 95
5816 5 0
5817 0 3
5818 1 4
5819 4 0
5820 94 95
5821 1 1
5822 0 5
5823 1 3
5824 2 3
5825 2 2
5826 1 6
5827 5 0
5828 3 7
5829 1 19
5830 0 22
5831 0 23
5832 0 2
5833 0 22
5834 1 17
5835 0 9
5836 0 23
5837 0 22
5838 2 16
5839 0 14
5840 0 23
5841 4 0
5842 0 12
5843 1 14
5844 5 0
5845 3 3
5846 94 0
5847 0 4
5848 2 4
5849 4 1
5850 2 11
5851 2 5
5852 8 0
5853 0 8
5854 2 19
5855 2 9
5856 0 5
5857 1 4
5858 0 1
5859 1 3
5860 0 22
5861 3 11
5862 0 23
5863 3 4
5864 0 22
5865 0 95
5866 0 16
5867 1 18
5868 2 8
5869 3 2
5870 3 9
5871 0 15
5872 7 0
5873 4 9
5874 0 9
5875 2 12
5876 0 0
5877 4 4
5878 0 3
5879 3 0
5880 2 0
5881 0 17
5882 1 13
5883 0 2
5884 95 0
5885 3 0
5886 3 4
5887 0 23
5888 4 2
5889 0 94
5890 0 8
5891 94 0
5892 2 20
5893 0 9
5894 1 8
5895 4 4
5896 95 95
5897 3 10
5898 0 4
5899 2 3
5900 0 14
5901 2 8
5902 94 95
5903 8 0
5904 2 2
5905 2 1
5906 4 8
5907 4 9
5908 0 95
5909 0 5
5910 0 4
5911 0 15
5912 0 3
5913 0 5
5914 0 13
5915 0 22
5916 1 19
5917 1 15
5918 2 17
5919 1 18
5920 1 9
5921 7 0
5922 0 14
5923 95 95
5924 2 19
5925 2 10
5926 0 94
5927 1 2
5928 0 2
5929 1 1
5930 3 4
5931 0 4
5932 95 0
5933 0 13
5934 0 14
5935 94 95
5936 2 20
5937 8 0
5938 0 16
5939 7 0
5940 0 3
5941 0 8
5942 3 10
5943 0 2
5944 0 23
5945 2 10
5946 95 95
5947 0 18
5948 0 13
5949 3 2
5950 0 22
5951 0 95
5952 1 3
5953 2 1
5954 1 18
5955 8 0
5956 0 94
5957 4 2
5958 3 9
5959 6 0
5960 0 14
5961 0 9
5962 2 15
5963 0 17
5964 1 1
5965 1 0
5966 1 19
5967 2 21
5968 1 9
5969 0 1
5970 94 0
5971 4 9
5972 0 16
5973 9 0
5974 0 17
5975 3 2
5976 2 3
5977 4 0
5978 0 9
5979 0 15
5980 0 14
5981 8 0
5982 1 10
5983 2 0
5984 2 10
5985 0 3
5986 1 2
5987 0 15
5988 4 4
5989 1 18
5990 1 9
5991 3 1
5992 3 4
5993 2 14
5994 0 9
5995 1 19
5996 0 23
5997 3 2
5998 0 22
5999 3 10
6000 9 0
6001 7 0
6002 95 0
6003 0 12
6004 1 10
6005 0 0
6006 1 3
6007 10 0
6008 2 15
6009 94 95
6010 1 1
6011 0 14
6012 1 11
6013 0 23
6014 95 95
6015 4 8
6016 5 0
6017 94 95
6018 1 18
6019 4 9
6020 4 0
6021 0 16
6022 1 8
6023 94 0
6024 1 4
6025 2 8
6026 0 15
6027 95 95
6028 5 0
6029 0 17
6030 0 95
6031 1 8
6032 95 0
6033 0 2
6034 1 14
6035 2 2
6036 4 8
6037 0 14
6038 1 21
6039 2 3
6040 0 19
6041 0 15
6042 2 8
6043 1 13
6044 3 0
6045 0 3
6046 0 22
6047 9 0
6048 3 17
6049 2 17
6050 2 14
6051 0 94
6052 1 2
6053 0 10
6054 0 20
6055 0 8
6056 2 15
6057 0 95
6058 0 1
6059 1 1
6060 0 0
6061 4 9
6062 2 0
6063 0 4
6064 0 19
6065 4 4
6066 1 7
6067 2 6
6068 0 94
6069 94 0
6070 3 12
6071 1 20
6072 0 21
6073 1 2
6074 2 5
6075 0 95
6076 94 95
6077 10 0
6078 2 10
6079 2 9
6080 2 6
6081 2 5
6082 1 6
6083 3 3
6084 2 11
6085 4 5
6086 3 10
6087 1 11
6088 1 7
6089 0 2
6090 0 1
6091 1 9
6092 2 9
6093 1 6
6094 0 9
6095 9 0
6096 95 0
6097 4 4
6098 2 8
6099 1 14
6100 0 94
6101 2 3
6102 3 4
6103 1 7
6104 3 6
6105 0 95
6106 0 22
6107 1 3
6108 0 14
6109 2 3
6110 95 95
6111 0 6
6112 94 0
6113 4 0
6114 5 0
6115 2 10
6116 3 9
6117 1 10
6118 2 10
6119 2 7
6120 0 11
6121 1 10
6122 1 3
6123 1 13
6124 0 21
6125 2 20
6126 1 11
6127 2 9
6128 0 15
6129 2 3
6130 0 2
6131 0 5
6132 0 10
6133 1 3
6134 0 22
6135 1 2
6136 2 10
6137 0 21
6138 95 0
6139 1 9
6140 2 11
6141 2 8
6142 0 3
6143 94 0
6144 0 11
6145 0 13
6146 0 14
6147 0 9
6148 95 0
6149 1 6
6150 94 95
6151 94 0
6152 1 15
6153 10 0
6154 0 15
6155 95 0
6156 94 0
6157 3 3
6158 1 10
6159 2 12
6160 1 12
6161 2 7
6162 95 95
6163 0 14
6164 0 94
6165 0 7
6166 1 1
6167 94 95
6168 0 8
6169 3 2
6170 2 9
6171 9 0
6172 1 20
6173 3 11
6174 2 4
6175 1 13
6176 2 8
6177 0 1
6178 1 16
6179 3 5
6180 0 0
6181 1 4
6182 10 0
6183 3 6
6184 95 0
6185 94 0
6186 1 15
6187 0 10
6188 2 3
6189 9 0
6190 1 12
6191 4 0
6192 0 2
6193 3 0
6194 2 15
6195 0 13
6196 1 3
6197 6 0
6198 2 0
6199 1 11
6200 0 14
6201 0 95
6202 3 1
6203 0 3
6204 2 14
6205 2 4
6206 0 4
6207 0 22
6208 0 11
6209 2 13
6210 2 14
6211 0 3
6212 1 15
6213 0 9
6214 0 21
6215 2 13
6216 1 0
6217 2 20
6218 1 8
6219 2 14
6220 1 20
6221 0 22
6222 1 21
6223 0 13
6224 2 5
6225 0 16
6226 2 12
6227 0 20
6228 0 23
6229 0 2
6230 8 0
6231 95 95
6232 95 0
6233 2 16
6234 2 10
6235 3 14
6236 9 0
6237 0 17
6238 2 14
6239 2 0
6240 3 14
6241 0 22
6242 94 0
6243 0 94
6244 1 12
6245 0 95
6246 2 21
6247 1 0
6248 1 4
6249 3 5
6250 0 19
6251 1 21
6252 1 20
6253 2 8
6254 95 0
6255 0 14
6256 2 14
6257 1 8
6258 94 0
6259 2 2
6260 0 12
6261 0 11
6262 0 13
6263 2 0
6264 2 12
6265 0 16
6266 95 0
6267 2 8
6268 0 17
6269 0 15
6270 1 3
6271 1 15
6272 2 17
6273 1 21
6274 3 14
6275 0 15
6276 1 4
6277 1 15
6278 0 1
6279 0 3
6280 2 14
6281 1 20
6282 1 2
6283 8 0
6284 9 0
6285 7 0
6286 0 2
6287 94 95
6288 95 95
6289 1 11
6290 0 3
6291 0 12
6292 10 0
6293 1 21
6294 0 11
6295 3 14
6296 1 1
6297 0 16
6298 2 2
6299 9 0
6300 1 8
6301 2 4
6302 0 17
6303 0 94
6304 94 0
6305 6 0
6306 7 0
6307 10 0
6308 9 0
6309 5 0
6310 0 23
6311 0 15
6312 4 5
6313 0 10
6314 4 0
6315 0 13
6316 1 0
6317 0 22
6318 2 14
6319 0 4
6320 1 2
6321 0 1
6322 10 0
6323 2 1
6324 0 12
6325 2 3
6326 0 20
6327 2 9
6328 1 19
6329 1 18
6330 1 14
6331 0 19
6332 94 95
6333 2 8
6334 3 1
6335 1 19
6336 2 0
6337 0 95
6338 95 95
6339 3 7
6340 2 13
6341 95 0
6342 5 0
6343 0 20
6344 0 5
6345 2 12
6346 1 0
6347 9 0
6348 94 0
6349 3 10
6350 95 0
6351 1 9
6352 0 8
6353 0 2
6354 0 9
6355 2 4
6356 0 23
6357 3 5
6358 0 1
6359 0 19
6360 4 7
6361 3 0
6362 1 13
6363 2 16
6364 1 17
6365 2 2
6366 0 2
6367 0 18
6368 2 1
6369 2 7
6370 1 3
6371 0 22
6372 2 2
6373 0 11
6374 0 1
6375 10 0
6376 2 21
6377 0 3
6378 1 8
6379 1 14
6380 2 6
6381 2 13
6382 94 0
6383 2 7
6384 0 10
6385 2 11
6386 0 16
6387 3 1
6388 1 9
6389 0 14
6390 8 0
6391 3 6
6392 0 94
6393 94 95
6394 1 21
6395 1 8
6396 2 5
6397 1 12
6398 7 0
6399 2 21
6400 2 14
6401 4 8
6402 0 2
6403 0 12
6404 1 12
6405 0 12
6406 3 8
6407 1 20
6408 95 95
6409 1 9
6410 9 0
6411 0 3
6412 3 0
6413 0 13
6414 2 9
6415 0 8
6416 0 14
6417 0 4
6418 0 19
6419 0 0
6420 0 18
6421 3 16
6422 2 0
6423 1 8
6424 1 0
6425 2 22
6426 4 10
6427 0 13
6428 1 9
6429 4 6
6430 0 21
6431 3 7
6432 4 5
6433 0 5
6434 2 17
6435 3 10
6436 4 10
6437 0 9
6438 1 19
6439 4 4
6440 0 0
6441 94 95
6442 3 0
6443 1 11
6444 1 14
6445 95 0
6446 2 8
6447 1 4
6448 3 6
6449 0 14
6450 4 6
6451 0 2
6452 1 8
6453 1 13
6454 2 7
6455 1 17
6456 1 9
6457 1 3
6458 1 22
6459 2 13
6460 2 16
6461 2 0
6462 1 20
6463 1 8
6464 0 95
6465 1 9
6466 95 95
6467 0 8
6468 1 23
6469 10 0
6470 1 13
6471 8 0
6472 3 0
6473 3 6
6474 0 7
6475 2 0
6476 1 19
6477 2 4
6478 0 10
6479 0 3
6480 7 0
6481 4 3
6482 94 0
6483 3 3
6484 0 94
6485 95 0
6486 0 23
6487 9 0
6488 94 0
6489 3 9
6490 1 0
6491 94 95
6492 4 3
6493 1 20
6494 0 4
6495 95 0
6496 1 2
6497 0 0
6498 0 15
6499 0 1
6500 0 0
6501 4 11
6502 94 0
6503 1 1
6504 3 5
6505 3 11
6506 3 3
6507 1 19
6508 3 0
6509 0 9
6510 0 95
6511 1 8
6512 2 9
6513 4 3
6514 0 24
6515 3 10
6516 0 94
6517 3 6
6518 3 3
6519 4 3
6520 0 5
6521 2 15
6522 0 95
6523 3 3
6524 1 20
6525 0 1
6526 95 0
6527 2 14
6528 1 1
6529 0 2
6530 0 14
6531 2 13
6532 1 3
6533 0 10
6534 0 23
6535 3 7
6536 0 15
6537 0 3
6538 0 8
6539 0 1
6540 2 0
6541 95 95
6542 1 0
6543 1 19
6544 94 0
6545 0 0
6546 1 2
6547 0 94
6548 0 13
6549 2 7
6550 0 24
6551 1 20
6552 94 95
6553 4 3
6554 1 16
6555 95 95
6556 3 0
6557 0 22
6558 2 12
6559 0 95
6560 3 12
6561 3 1
6562 0 2
6563 0 20
6564 3 3
6565 0 94
6566 1 9
6567 1 4
6568 1 22
6569 0 9
6570 1 8
6571 0 1
6572 4 0
6573 0 21
6574 2 12
6575 3 12
6576 2 4
6577 2 9
6578 0 23
6579 6 0
6580 2 12
6581 3 0
6582 7 0
6583 0 3
6584 3 12
6585 6 0
6586 0 4
6587 0 8
6588 7 0
6589 1 8
6590 0 0
6591 2 22
6592 5 0
6593 95 0
6594 0 10
6595 0 24
6596 1 13
6597 1 17
6598 10 0
6599 2 12
6600 3 7
6601 1 0
6602 2 5
6603 0 0
6604 2 4
6605 0 23
6606 0 9
6607 0 2
6608 0 3
6609 1 0
6610 9 0
6611 1 22
6612 0 4
6613 2 15
6614 0 20
6615 1 14
6616 4 3
6617 2 16
6618 2 15
6619 3 3
6620 1 21
6621 2 7
6622 2 16
6623 0 17
6624 94 0
6625 3 5
6626 2 1
6627 1 17
6628 1 13
6629 0 14
6630 1 3
6631 4 0
6632 0 3
6633 10 0
6634 1 4
6635 2 5
6636 8 0
6637 1 14
6638 1 22
6639 1 10
6640 0 1
6641 1 21
6642 0 8
6643 2 2
6644 3 0
6645 0 2
6646 3 1
6647 4 0
6648 0 19
6649 3 5
6650 0 22
6651 0 3
6652 0 11
6653 95 0
6654 0 23
6655 3 7
6656 5 0
6657 0 10
6658 1 12
6659 0 95
6660 0 0
6661 0 21
6662 0 17
6663 1 21
6664 2 5
6665 1 18
6666 2 7
6667 0 2
6668 3 0
6669 0 3
6670 3 1
6671 2 12
6672 1 12
6673 2 18
6674 0 1
6675 1 18
6676 0 21
6677 1 3
6678 4 0
6679 0 0
6680 1 21
6681 2 0
6682 0 4
6683 3 4
6684 1 15
6685 94 95
6686 11 0
6687 0 1
6688 0 20
6689 1 8
6690 10 0
6691 3 3
6692 7 0
6693 0 3
6694 5 0
6695 9 0
6696 0 94
6697 94 0
6698 0 95
6699 3 11
6700 4 0
6701 2 4
6702 1 1
6703 4 3
6704 1 4
6705 3 7
6706 0 1
6707 1 0
6708 2 7
6709 3 7
6710 3 3
6711 1 19
6712 2 0
6713 0 13
6714 0 22
6715 0 9
6716 10 0
6717 95 0
6718 1 1
6719 6 0
6720 4 1
6721 3 0
6722 4 3
6723 0 94
6724 5 1
6725 2 21
6726 5 2
6727 7 0
6728 0 14
6729 0 1
6730 1 21
6731 3 2
6732 95 95
6733 2 3
6734 5 1
6735 94 0
6736 6 0
6737 0 8
6738 7 0
6739 0 2
6740 2 17
6741 1 16
6742 9 0
6743 0 95
6744 0 23
6745 1 15
6746 0 19
6747 0 0
6748 0 94
6749 0 3
6750 2 8
6751 0 16
6752 0 9
6753 10 0
6754 1 13
6755 3 9
6756 1 8
6757 9 0
6758 0 95
6759 0 22
6760 4 4
6761 6 0
6762 1 17
6763 2 15
6764 94 95
6765 5 2
6766 0 23
6767 7 0
6768 0 18
6769 2 7
6770 1 15
6771 0 21
6772 2 4
6773 6 0
6774 0 12
6775 0 24
6776 0 23
6777 0 24
6778 5 1
6779 5 2
6780 8 0
6781 2 11
6782 3 7
6783 1 2
6784 2 17
6785 0 17
6786 95 0
6787 0 18
6788 9 0
6789 0 94
6790 0 4
6791 2 7
6792 1 1
6793 1 2
6794 0 5
6795 94 0
6796 2 15
6797 1 1
6798 0 10
6799 0 8
6800 1 15
6801 1 17
6802 0 1
6803 2 13
6804 1 0
6805 1 3
6806 2 17
6807 0 4
6808 2 9
6809 2 5
6810 0 20
6811 1 12
6812 0 13
6813 5 1
6814 0 95
6815 1 2
6816 95 0
6817 1 3
6818 0 14
6819 2 4
6820 2 15
6821 3 13
6822 0 21
6823 0 20
6824 0 94
6825 0 0
6826 2 5
6827 0 2
6828 0 95
6829 0 12
6830 1 14
6831 2 0
6832 1 2
6833 0 94
6834 2 13
6835 8 0
6836 2 4
6837 2 19
6838 0 9
6839 1 19
6840 3 15
6841 0 95
6842 1 0
6843 1 8
6844 2 15
6845 0 23
6846 0 3
6847 2 19
6848 3 15
6849 2 3
6850 95 95
6851 1 19
6852 0 8
6853 0 2
6854 94 95
6855 0 21
6856 1 3
6857 2 1
6858 95 95
6859 3 0
6860 1 8
6861 1 20
6862 0 19
6863 0 14
6864 2 4
6865 4 0
6866 0 8
6867 3 7
6868 3 0
6869 1 2
6870 0 5
6871 0 3
6872 2 15
6873 3 11
6874 2 7
6875 0 0
6876 1 3
6877 9 0
6878 4 0
6879 3 7
6880 0 24
6881 1 8
6882 0 94
6883 2 5
6884 1 2
6885 2 7
6886 0 10
6887 0 95
6888 1 3
6889 7 0
6890 94 0
6891 2 0
6892 0 17
6893 0 94
6894 10 0
6895 0 9
6896 0 16
6897 6 0
6898 1 15
6899 1 13
6900 94 95
6901 2 4
6902 0 95
6903 0 11
6904 0 8
6905 95 0
6906 0 10
6907 1 0
6908 1 8
6909 3 7
6910 0 0
6911 0 23
6912 5 2
6913 94 0
6914 0 94
6915 7 0
6916 2 15
6917 1 12
6918 0 8
6919 0 9
6920 0 2
6921 5 1
6922 1 13
6923 9 0
6924 0 24
6925 10 0
6926 2 8
6927 95 95
6928 0 18
6929 6 0
6930 0 95
6931 0 3
6932 0 12
6933 4 3
6934 94 95
6935 1 16
6936 4 4
6937 1 2
6938 1 0
6939 95 0
6940 0 4
6941 5 2
6942 0 10
6943 0 17
6944 0 9
6945 0 23
6946 0 0
6947 9 0
6948 2 14
6949 1 11
6950 0 20
6951 94 0
6952 0 19
6953 95 0
6954 3 6
6955 2 1
6956 7 0
6957 5 1
6958 0 15
6959 0 13
6960 2 0
6961 1 0
6962 3 5
6963 10 0
6964 2 1
6965 1 10
6966 1 13
6967 94 0
6968 1 11
6969 1 5
6970 6 0
6971 0 0
6972 1 10
6973 0 5
6974 1 11
6975 95 95
6976 3 0
6977 0 18
6978 2 15
6979 2 3
6980 2 4
6981 1 14
6982 7 0
6983 2 3
6984 0 19
6985 1 0
6986 2 7
6987 0 13
6988 0 3
6989 0 2
6990 95 0
6991 94 0
6992 1 2
6993 6 0
6994 0 18
6995 0 22
6996 0 12
6997 0 19
6998 2 0
6999 0 18
7000 0 10
7001 7 0
7002 0 9
7003 0 4
7004 4 3
7005 4 4
7006 95 0
7007 0 94
7008 4 0
7009 9 0
7010 2 8
7011 2 7
7012 0 95
7013 4 3
7014 94 0
7015 6 0
7016 2 8
7017 95 0
7018 2 1
7019 0 2
7020 2 4
7021 2 7
7022 2 8
7023 0 10
7024 0 0
7025 1 3
7026 0 9
7027 94 0
7028 8 0
7029 3 15
7030 3 0
7031 1 8
7032 0 20
7033 2 8
7034 1 2
7035 0 13
7036 4 0
7037 9 0
7038 3 6
7039 0 23
7040 0 21
7041 2 0
7042 1 8
7043 3 5
7044 2 15
7045 0 5
7046 94 95
7047 0 24
7048 0 12
7049 1 0
7050 1 4
7051 4 4
7052 2 8
7053 2 1
7054 1 9
7055 0 4
7056 95 95
7057 0 8
7058 0 6
7059 2 3
7060 0 23
7061 8 0
7062 9 0
7063 2 0
7064 2 18
7065 95 0
7066 5 2
7067 3 1
7068 0 2
7069 2 5
7070 3 2
7071 2 17
7072 1 13
7073 0 9
7074 94 0
7075 0 10
7076 1 14
7077 0 13
7078 94 95
7079 2 9
7080 0 12
7081 2 7
7082 0 94
7083 5 1
7084 1 3
7085 0 13
7086 5 2
7087 2 3
7088 7 0
7089 3 15
7090 0 3
7091 0 4
7092 0 9
7093 5 0
7094 0 95
7095 2 10
7096 95 95
7097 1 3
7098 2 9
7099 1 2
7100 4 0
7101 2 4
7102 0 2
7103 2 2
7104 2 15
7105 0 94
7106 2 10
7107 0 3
7108 5 0
7109 0 5
7110 1 13
7111 0 95
7112 0 2
7113 1 4
7114 0 11
7115 3 2
7116 3 4
7117 4 0
7118 2 1
7119 10 0
7120 3 0
7121 1 10
7122 0 24
7123 0 19
7124 1 9
7125 1 7
7126 2 3
7127 4 4
7128 1 3
7129 94 95
7130 4 0
7131 9 0
7132 0 0
7133 2 10
7134 3 3
7135 2 14
7136 0 23
7137 0 94
7138 95 95
7139 0 95
7140 0 1
7141 4 5
7142 6 0
7143 0 24
7144 8 0
7145 0 9
7146 3 2
7147 2 6
7148 1 9
7149 2 4
7150 0 3
7151 0 2
7152 0 94
7153 1 2
7154 1 19
7155 0 14
7156 3 0
7157 94 95
7158 2 0
7159 0 9
7160 95 95
7161 94 95
7162 4 0
7163 1 5
7164 2 18
7165 1 10
7166 2 17
7167 1 1
7168 3 6
7169 2 18
7170 0 2
7171 2 10
7172 1 2
7173 0 1
7174 9 0
7175 0 20
7176 0 23
7177 0 22
7178 1 10
7179 1 0
7180 0 24
7181 0 95
7182 0 18
7183 0 12
7184 1 3
7185 0 25
7186 1 8
7187 2 8
7188 2 9
7189 4 4
7190 5 1
7191 95 95
7192 1 2
7193 4 3
7194 7 0
7195 1 12
7196 2 12
7197 0 94
7198 2 15
7199 2 8
7200 10 0
7201 1 3
7202 0 24
7203 0 8
7204 94 95
7205 5 2
7206 9 0
7207 0 15
7208 6 0
7209 0 9
7210 4 4
7211 1 2
7212 2 6
7213 0 25
7214 1 17
7215 2 9
7216 1 16
7217 8 0
7218 2 14
7219 1 14
7220 0 11
7221 3 6
7222 0 23
7223 5 1
7224 2 14
7225 1 3
7226 2 8
7227 1 17
7228 0 21
7229 3 10
7230 95 95
7231 0 20
7232 0 22
7233 0 16
7234 2 0
7235 1 9
7236 2 2
7237 9 0
7238 1 11
7239 94 95
7240 0 0
7241 4 3
7242 0 23
7243 0 4
7244 0 12
7245 0 26
7246 1 10
7247 0 22
7248 1 16
7249 1 0
7250 0 10
7251 0 8
7252 0 9
7253 0 10
7254 0 25
7255 2 0
7256 95 95
7257 7 0
7258 6 0
7259 5 2
7260 0 95
7261 8 0
7262 3 4
7263 0 9
7264 95 0
7265 0 15
7266 1 14
7267 2 9
7268 1 17
7269 0 21
7270 94 95
7271 3 2
7272 3 18
7273 2 2
7274 0 23
7275 2 4
7276 3 11
7277 0 20
7278 5 1
7279 0 22
7280 94 0
7281 0 21
7282 0 24
7283 0 3
7284 0 13
7285 0 8
7286 1 2
7287 3 2
7288 0 20
7289 2 13
7290 5 2
7291 95 0
7292 2 1
7293 1 22
7294 0 22
7295 1 16
7296 0 4
7297 2 12
7298 0 11
7299 1 0
7300 4 4
7301 1 22
7302 1 9
7303 0 94
7304 95 95
7305 1 12
7306 0 22
7307 94 0
7308 0 0
7309 2 7
7310 0 21
7311 0 25
7312 5 1
7313 0 95
7314 1 10
7315 1 7
7316 3 0
7317 1 20
7318 2 0
7319 9 0
7320 2 12
7321 4 0
7322 0 9
7323 0 23
7324 0 17
7325 2 18
7326 2 10
7327 4 3
7328 0 1
7329 1 10
7330 1 19
7331 2 6
7332 0 8
7333 2 7
7334 2 10
7335 1 3
7336 0 19
7337 0 26
7338 1 2
7339 1 7
7340 1 12
7341 2 7
7342 7 0
7343 0 94
7344 1 0
7345 3 0
7346 0 0
7347 2 3
7348 95 0
7349 94 95
7350 5 0
7351 1 0
7352 2 4
7353 1 10
7354 1 19
7355 2 11
7356 95 95
7357 5 1
7358 1 7
7359 0 3
7360 6 0
7361 2 12
7362 0 24
7363 0 19
7364 4 1
7365 0 9
7366 3 6
7367 0 95
7368 2 7
7369 5 0
7370 94 0
7371 2 10
7372 1 18
7373 8 0
7374 0 94
7375 5 1
7376 4 4
7377 3 3
7378 2 18
7379 6 0
7380 0 0
7381 1 0
7382 3 11
7383 1 8
7384 1 12
7385 94 95
7386 4 0
7387 3 12
7388 1 19
7389 2 14
7390 1 14
7391 3 0
7392 9 0
7393 0 4
7394 7 0
7395 6 0
7396 4 5
7397 0 0
7398 0 27
7399 95 95
7400 94 95
7401 7 0
7402 2 3
7403 0 19
7404 0 95
7405 1 0
7406 1 11
7407 0 94
7408 0 3
7409 0 0
7410 6 0
7411 2 0
7412 1 19
7413 2 6
7414 1 12
7415 7 0
7416 2 1
7417 0 26
7418 0 8
7419 0 23
7420 1 10
7421 4 0
7422 0 4
7423 0 25
7424 3 0
7425 0 26
7426 2 16
7427 10 0
7428 5 0
7429 3 18
7430 1 1
7431 0 3
7432 3 6
7433 2 18
7434 0 4
7435 1 3
7436 2 10
7437 8 0
7438 2 6
7439 1 16
7440 1 0
7441 0 95
7442 95 0
7443 0 24
7444 0 1
7445 0 10
7446 2 17
7447 7 0
7448 94 0
7449 2 14
7450 2 2
7451 1 15
7452 0 18
7453 0 16
7454 95 95
7455 3 7
7456 94 95
7457 9 0
7458 0 27
7459 3 11
7460 10 0
7461 2 1
7462 0 0
7463 0 14
7464 0 7
7465 5 1
7466 0 26
7467 95 95
7468 3 8
7469 0 12
7470 9 0
7471 5 0
7472 1 16
7473 1 12
7474 0 1
7475 3 12
7476 1 15
7477 0 12
7478 3 2
7479 0 94
7480 0 27
7481 5 1
7482 6 0
7483 2 3
7484 4 1
7485 0 8
7486 1 3
7487 5 1
7488 2 2
7489 95 0
7490 94 0
7491 2 1
7492 2 13
7493 0 0
7494 94 95
7495 95 0
7496 1 1
7497 2 7
7498 1 9
7499 4 1
7500 5 1
7501 8 0
7502 1 12
7503 2 3
7504 0 11
7505 1 0
7506 0 23
7507 4 1
7508 3 9
7509 5 1
7510 0 13
7511 1 11
7512 3 8
7513 1 3
7514 1 12
7515 1 20
7516 0 7
7517 0 10
7518 1 1
7519 95 95
7520 0 95
7521 2 1
7522 94 95
7523 3 11
7524 3 5
7525 2 9
7526 9 0
7527 0 26
7528 94 0
7529 2 10
7530 95 95
7531 8 0
7532 9 0
7533 2 6
7534 4 0
7535 2 0
7536 1 0
7537 94 95
7538 0 11
7539 0 19
7540 3 0
7541 0 17
7542 0 15
7543 1 10
7544 0 94
7545 3 3
7546 8 0
7547 1 15
7548 4 5
7549 0 15
7550 2 7
7551 2 12
7552 1 12
7553 2 6
7554 9 0
7555 0 3
7556 0 9
7557 1 2
7558 2 14
7559 95 0
7560 0 4
7561 8 0
7562 2 7
7563 9 0
7564 2 10
7565 3 5
7566 4 0
7567 3 0
7568 0 24
7569 0 22
7570 0 3
7571 0 21
7572 1 10
7573 3 6
7574 3 9
7575 2 0
7576 2 3
7577 1 14
7578 1 4
7579 0 8
7580 3 3
7581 1 1
7582 0 4
7583 4 1
7584 4 2
7585 5 0
7586 1 7
7587 1 8
7588 0 95
7589 2 16
7590 2 2
7591 0 27
7592 4 1
7593 2 6
7594 2 8
7595 2 14
7596 1 14
7597 8 0
7598 4 2
7599 0 22
7600 1 17
7601 0 8
7602 1 0
7603 0 18
7604 0 94
7605 2 12
7606 0 95
7607 6 0
7608 0 7
7609 95 95
7610 2 0
7611 0 1
7612 0 25
7613 0 3
7614 0 16
7615 1 7
7616 4 9
7617 5 0
7618 0 5
7619 0 21
7620 1 2
7621 2 2
7622 7 0
7623 0 22
7624 8 0
7625 7 0
7626 0 15
7627 3 10
7628 1 3
7629 4 1
7630 0 21
7631 0 28
7632 0 12
7633 94 0
7634 2 9
7635 0 9
7636 1 0
7637 0 3
7638 0 19
7639 0 16
7640 0 8
7641 1 3
7642 0 9
7643 1 11
7644 1 1
7645 95 0
7646 0 13
7647 0 7
7648 0 22
7649 94 95
7650 3 11
7651 1 15
7652 94 0
7653 1 10
7654 3 16
7655 0 18
7656 1 7
7657 0 7
7658 1 6
7659 2 1
7660 3 10
7661 0 94
7662 0 19
7663 1 11
7664 0 3
7665 0 18
7666 2 17
7667 4 2
7668 2 8
7669 1 10
7670 0 20
7671 0 24
7672 1 22
7673 4 1
7674 1 12
7675 1 8
7676 4 2
7677 2 4
7678 0 22
7679 4 1
7680 0 6
7681 1 2
7682 1 18
7683 2 12
7684 0 95
7685 0 14
7686 95 95
7687 1 12
7688 0 7
7689 2 15
7690 2 0
7691 95 0
7692 0 27
7693 1 13
7694 2 6
7695 1 1
7696 0 13
7697 1 15
7698 0 25
7699 0 23
7700 1 11
7701 2 15
7702 8 0
7703 7 0
7704 0 18
7705 0 6
7706 1 17
7707 2 1
7708 3 2
7709 94 95
7710 1 7
7711 0 28
7712 3 6
7713 0 8
7714 1 14
7715 2 10
7716 1 0
7717 0 4
7718 0 9
7719 0 94
7720 0 7
7721 2 9
7722 3 17
7723 94 0
7724 0 1
7725 1 10
7726 0 0
7727 4 2
7728 4 1
7729 0 1
7730 0 26
7731 4 8
7732 2 16
7733 1 15
7734 0 3
7735 0 21
7736 1 6
7737 3 8
7738 4 2
7739 1 14
7740 8 0
7741 0 24
7742 0 0
7743 95 0
7744 0 12
7745 0 95
7746 1 5
7747 0 15
7748 0 94
7749 1 3
7750 0 4
7751 1 7
7752 0 6
7753 2 5
7754 1 13
7755 1 5
7756 1 8
7757 6 0
7758 0 19
7759 0 95
7760 0 7
7761 0 13
7762 0 23
7763 1 11
7764 0 18
7765 1 14
7766 2 15
7767 2 0
7768 4 1
7769 1 2
7770 1 10
7771 1 0
7772 0 0
7773 1 0
7774 0 94
7775 0 95
7776 1 13
7777 1 3
7778 2 6
7779 94 0
7780 0 94
7781 1 2
7782 9 0
7783 5 1
7784 1 12
7785 0 5
7786 95 0
7787 2 12
7788 0 20
7789 0 25
7790 0 26
7791 2 1
7792 95 95
7793 1 11
7794 1 6
7795 2 13
7796 0 3
7797 1 10
7798 2 16
7799 0 29
7800 0 4
7801 0 0
7802 2 12
7803 94 95
7804 3 3
7805 94 0
7806 95 0
7807 1 5
7808 0 95
7809 0 6
7810 4 0
7811 3 7
7812 1 12
7813 0 16
7814 2 12
7815 0 28
7816 0 21
7817 0 94
7818 5 2
7819 2 0
7820 0 24
7821 0 29
7822 8 0
7823 1 11
7824 0 95
7825 0 28
7826 0 29
7827 1 0
7828 2 13
7829 1 7
7830 0 94
7831 2 15
7832 95 95
7833 2 8
7834 0 28
7835 94 0
7836 0 95
7837 0 23
7838 0 8
7839 2 9
7840 95 0
7841 0 29
7842 1 3
7843 0 15
7844 2 1
7845 1 8
7846 0 16
7847 0 15
7848 9 0
7849 0 25
7850 3 0
7851 1 16
7852 0 28
7853 0 10
7854 0 0
7855 0 94
7856 2 12
7857 2 13
7858 0 17
7859 94 95
7860 2 0
7861 4 2
7862 3 15
7863 4 1
7864 0 20
7865 94 0
7866 1 0
7867 0 0
7868 2 2
7869 95 0
7870 0 19
7871 0 3
7872 2 17
7873 1 0
7874 1 12
7875 8 0
7876 94 0
7877 4 3
7878 9 0
7879 1 2
7880 2 14
7881 2 1
7882 0 12
7883 1 3
7884 0 20
7885 2 18
7886 0 4
7887 5 0
7888 0 14
7889 0 26
7890 1 2
7891 0 25
7892 0 3
7893 0 27
7894 0 95
7895 6 0
7896 95 0
7897 5 0
7898 1 15
7899 0 22
7900 0 16
7901 2 2
7902 6 0
7903 2 13
7904 5 0
7905 0 23
7906 0 94
7907 2 7
7908 95 95
7909 3 1
7910 2 1
7911 3 14
7912 0 22
7913 0 28
7914 0 17
7915 0 19
7916 2 0
7917 0 20
7918 0 16
7919 94 0
7920 0 4
7921 1 0
7922 0 23
7923 94 95
7924 0 22
7925 1 6
7926 0 0
7927 0 95
7928 0 17
7929 0 94
7930 2 2
7931 1 5
7932 1 11
7933 1 13
7934 2 13
7935 2 3
7936 0 16
7937 3 2
7938 1 3
7939 0 13
7940 2 6
7941 3 4
7942 1 7
7943 0 19
7944 0 17
7945 1 16
7946 8 0
7947 2 3
7948 0 15
7949 1 0
7950 0 24
7951 3 5
7952 1 4
7953 1 1
7954 0 21
7955 1 19
7956 1 3
7957 2 1
7958 2 12
7959 2 14
7960 0 11
7961 0 5
7962 2 16
7963 1 14
7964 0 23
7965 2 2
7966 1 16
7967 1 11
7968 0 18
7969 3 4
7970 95 0
7971 0 17
7972 2 13
7973 2 5
7974 2 7
7975 6 0
7976 3 1
7977 0 20
7978 0 27
7979 94 0
7980 1 7
7981 0 12
7982 0 14
7983 0 26
7984 5 0
7985 1 13
7986 2 12
7987 95 95
7988 2 3
7989 0 21
7990 6 0
7991 5 0
7992 0 19
7993 0 4
7994 2 7
7995 0 5
7996 0 0
7997 1 8
7998 94 95
7999 0 4
8000 1 10
8001 7 0
8002 1 15
8003 8 0
8004 0 15
8005 1 16
8006 3 7
8007 2 7
8008 3 7
8009 1 18
8010 0 25
8011 2 1
8012 4 2
8013 0 7
8014 1 14
8015 2 6
8016 0 13
8017 3 5
8018 0 95
8019 0 8
8020 1 2
8021 95 0
8022 95 95
8023 0 6
8024 3 4
8025 0 11
8026 3 3
8027 1 5
8028 2 2
8029 5 2
8030 3 8
8031 2 14
8032 0 94
8033 2 7
8034 7 0
8035 2 5
8036 94 95
8037 4 3
8038 2 18
8039 1 4
8040 0 95
8041 0 14
8042 1 1
8043 0 1
8044 94 0
8045 0 4
8046 1 4
8047 3 3
8048 0 5
8049 1 12
8050 0 6
8051 2 12
8052 2 0
8053 4 3
8054 0 5
8055 0 6
8056 1 0
8057 1 1
8058 1 18
8059 1 5
8060 0 94
8061 0 10
8062 1 7
8063 2 18
8064 1 23
8065 2 3
8066 2 0
8067 1 10
8068 2 15
8069 0 95
8070 2 7
8071 2 5
8072 1 0
8073 2 14
8074 1 2
8075 95 95
8076 2 0
8077 1 0
8078 0 15
8079 4 0
8080 1 5
8081 2 5
8082 5 1
8083 0 14
8084 0 5
8085 2 1
8086 0 3
8087 0 4
8088 0 24
8089 0 6
8090 95 0
8091 4 2
8092 0 2
8093 2 15
8094 1 13
8095 6 1
8096 94 0
8097 1 2
8098 2 11
8099 1 5
8100 0 15
8101 0 25
8102 4 8
8103 5 1
8104 3 8
8105 1 7
8106 3 1
8107 6 1
8108 0 1
8109 0 14
8110 3 7
8111 0 94
8112 5 1
8113 2 5
8114 0 16
8115 0 9
8116 1 12
8117 95 0
8118 2 8
8119 2 9
8120 3 6
8121 3 7
8122 1 8
8123 1 4
8124 2 1
8125 0 22
8126 0 0
8127 1 13
8128 94 0
8129 0 10
8130 3 2
8131 0 4
8132 0 12
8133 1 0
8134 4 4
8135 0 21
8136 1 7
8137 0 23
8138 2 0
8139 3 4
8140 1 21
8141 1 17
8142 4 2
8143 2 1
8144 4 4
8145 6 1
8146 3 2
8147 1 11
8148 5 1
8149 95 0
8150 1 4
8151 0 95
8152 3 3
8153 0 8
8154 4 2
8155 0 18
8156 2 3
8157 3 6
8158 3 1
8159 0 4
8160 0 0
8161 0 19
8162 0 94
8163 1 5
8164 0 9
8165 94 95
8166 0 10
8167 95 95
8168 3 4
8169 0 18
8170 2 5
8171 6 1
8172 2 11
8173 0 22
8174 0 23
8175 1 11
8176 0 21
8177 1 23
8178 2 2
8179 0 20
8180 94 95
8181 0 9
8182 95 95
8183 94 0
8184 0 21
8185 5 0
8186 1 4
8187 2 0
8188 6 2
8189 1 1
8190 3 3
8191 0 5
8192 0 8
8193 1 15
8194 2 19
8195 0 24
8196 1 0
8197 2 4
8198 2 15
8199 2 17
8200 2 11
8201 0 25
8202 0 0
8203 1 10
8204 0 11
8205 2 12
8206 0 9
8207 1 11
8208 94 95
8209 0 13
8210 1 0
8211 0 7
8212 1 10
8213 1 19
8214 8 0
8215 1 17
8216 95 0
8217 0 95
8218 0 24
8219 1 3
8220 4 0
8221 1 2
8222 0 25
8223 0 2
8224 1 2
8225 94 0
8226 7 0
8227 0 14
8228 0 0
8229 0 23
8230 1 15
8231 0 27
8232 2 15
8233 95 0
8234 0 94
8235 5 0
8236 1 4
8237 1 20
8238 0 13
8239 1 5
8240 1 14
8241 2 2
8242 1 2
8243 0 12
8244 1 4
8245 0 28
8246 1 19
8247 94 0
8248 4 1
8249 0 26
8250 0 24
8251 0 8
8252 2 2
8253 0 95
8254 3 0
8255 0 11
8256 2 4
8257 4 3
8258 8 0
8259 1 12
8260 1 0
8261 95 0
8262 0 20
8263 95 95
8264 0 9
8265 94 0
8266 0 29
8267 0 23
8268 3 1
8269 4 1
8270 2 6
8271 3 2
8272 0 94
8273 0 95
8274 94 95
8275 0 22
8276 6 0
8277 0 0
8278 2 10
8279 0 15
8280 95 0
8281 0 16
8282 0 10
8283 1 1
8284 0 12
8285 2 17
8286 1 11
8287 4 0
8288 0 25
8289 0 13
8290 4 4
8291 0 11
8292 0 15
8293 2 7
8294 0 1
8295 5 1
8296 2 6
8297 0 12
8298 4 1
8299 0 94
8300 2 2
8301 1 10
8302 0 95
8303 1 4
8304 2 3
8305 2 19
8306 95 95
8307 2 2
8308 0 16
8309 2 11
8310 1 6
8311 9 0
8312 0 10
8313 0 0
8314 0 94
8315 2 5
8316 1 19
8317 1 3
8318 0 14
8319 1 4
8320 1 3
8321 0 1
8322 3 1
8323 5 0
8324 1 10
8325 1 17
8326 0 21
8327 0 24
8328 0 0
8329 2 17
8330 0 20
8331 8 0
8332 1 15
8333 0 21
8334 0 95
8335 0 94
8336 3 4
8337 0 10
8338 1 17
8339 2 3
8340 0 20
8341 0 25
8342 2 12
8343 0 23
8344 0 22
8345 2 17
8346 0 24
8347 1 7
8348 2 19
8349 0 13
8350 2 6
8351 2 2
8352 1 13
8353 0 1
8354 0 12
8355 2 4
8356 0 6
8357 3 4
8358 2 8
8359 94 95
8360 1 4
8361 1 17
8362 2 9
8363 2 3
8364 9 0
8365 0 7
8366 2 2
8367 0 95
8368 3 3
8369 0 94
8370 2 3
8371 1 20
8372 1 10
8373 2 11
8374 0 6
8375 0 11
8376 0 0
8377 0 25
8378 0 7
8379 8 0
8380 0 21
8381 0 28
8382 2 5
8383 2 17
8384 4 0
8385 0 95
8386 3 4
8387 1 6
8388 1 12
8389 0 8
8390 0 1
8391 2 6
8392 95 95
8393 0 94
8394 94 95
8395 0 12
8396 3 5
8397 5 0
8398 0 0
8399 3 4
8400 9 0
8401 2 5
8402 0 95
8403 0 94
8404 1 7
8405 0 11
8406 1 6
8407 0 4
8408 0 22
8409 4 0
8410 3 19
8411 8 0
8412 2 2
8413 2 8
8414 1 7
8415 0 1
8416 3 2
8417 3 11
8418 1 6
8419 0 21
8420 2 19
8421 0 13
8422 3 1
8423 3 19
8424 0 27
8425 2 3
8426 9 0
8427 0 0
8428 0 14
8429 0 7
8430 95 95
8431 94 0
8432 2 11
8433 0 28
8434 0 95
8435 2 2
8436 1 19
8437 1 7
8438 2 3
8439 0 20
8440 7 0
8441 10 0
8442 0 24
8443 3 2
8444 0 6
8445 1 9
8446 0 7
8447 1 10
8448 1 17
8449 2 15
8450 0 94
8451 0 27
8452 2 17
8453 6 0
8454 0 1
8455 1 4
8456 3 11
8457 2 6
8458 2 11
8459 3 18
8460 9 0
8461 1 17
8462 1 6
8463 0 0
8464 8 0
8465 95 0
8466 4 1
8467 2 2
8468 1 15
8469 0 8
8470 0 23
8471 0 21
8472 3 3
8473 0 26
8474 0 20
8475 1 9
8476 94 95
8477 1 7
8478 0 7
8479 9 0
8480 0 9
8481 4 0
8482 1 9
8483 95 95
8484 0 1
8485 0 9
8486 1 3
8487 94 0
8488 0 22
8489 0 13
8490 0 25
8491 8 0
8492 2 18
8493 1 14
8494 4 1
8495 5 0
8496 1 5
8497 1 0
8498 2 4
8499 7 0
8500 1 9
8501 0 14
8502 1 2
8503 0 0
8504 0 10
8505 0 12
8506 8 0
8507 0 5
8508 6 0
8509 0 11
8510 0 24
8511 0 95
8512 1 7
8513 3 6
8514 0 13
8515 1 22
8516 1 1
8517 1 6
8518 0 22
8519 0 1
8520 1 3
8521 9 0
8522 0 0
8523 2 5
8524 0 1
8525 2 10
8526 0 94
8527 3 7
8528 0 7
8529 0 25
8530 0 4
8531 3 2
8532 5 0
8533 0 8
8534 94 95
8535 0 9
8536 0 0
8537 1 10
8538 0 5
8539 3 0
8540 2 12
8541 2 2
8542 0 24
8543 0 1
8544 8 0
8545 2 4
8546 2 1
8547 2 2
8548 1 15
8549 3 10
8550 1 7
8551 0 14
8552 3 6
8553 0 4
8554 3 9
8555 2 10
8556 0 7
8557 4 2
8558 0 95
8559 3 1
8560 95 0
8561 2 0
8562 4 9
8563 0 12
8564 0 11
8565 0 6
8566 3 4
8567 1 0
8568 0 5
8569 0 13
8570 0 14
8571 3 9
8572 3 3
8573 7 0
8574 6 1
8575 3 4
8576 2 6
8577 1 12
8578 4 9
8579 1 2
8580 0 94
8581 4 3
8582 4 0
8583 0 13
8584 0 10
8585 1 11
8586 95 95
8587 4 2
8588 1 14
8589 0 0
8590 8 0
8591 3 6
8592 7 0
8593 3 3
8594 3 4
8595 0 12
8596 4 3
8597 2 6
8598 3 9
8599 1 12
8600 3 6
8601 4 2
8602 1 1
8603 0 25
8604 8 0
8605 1 11
8606 4 3
8607 0 21
8608 0 13
8609 1 20
8610 0 20
8611 94 95
8612 0 6
8613 0 12
8614 4 9
8615 1 19
8616 3 9
8617 0 95
8618 0 13
8619 0 5
8620 0 8
8621 0 23
8622 95 95
8623 0 4
8624 2 2
8625 4 9
8626 0 94
8627 7 0
8628 3 9
8629 0 26
8630 94 0
8631 0 12
8632 0 21
8633 95 0
8634 2 6
8635 0 14
8636 4 2
8637 1 20
8638 3 6
8639 0 5
8640 0 1
8641 4 9
8642 94 95
8643 94 0
8644 5 0
8645 0 6
8646 4 0
8647 2 6
8648 0 95
8649 8 0
8650 6 0
8651 1 1
8652 1 14
8653 4 3
8654 9 0
8655 0 5
8656 2 19
8657 4 2
8658 7 0
8659 2 18
8660 5 0
8661 0 24
8662 3 6
8663 10 0
8664 0 1
8665 4 0
8666 0 13
8667 0 4
8668 9 0
8669 3 10
8670 2 19
8671 6 0
8672 1 15
8673 1 6
8674 0 22
8675 2 10
8676 8 0
8677 4 3
8678 1 0
8679 2 17
8680 0 0
8681 3 10
8682 3 2
8683 4 8
8684 0 94
8685 2 2
8686 0 95
8687 0 27
8688 0 26
8689 1 17
8690 0 20
8691 1 5
8692 1 24
8693 0 24
8694 1 12
8695 1 22
8696 2 6
8697 1 1
8698 0 7
8699 95 0
8700 0 9
8701 95 95
8702 0 27
8703 9 0
8704 2 10
8705 1 8
8706 0 1
8707 1 19
8708 94 0
8709 8 0
8710 1 7
8711 0 7
8712 3 6
8713 1 14
8714 0 26
8715 3 2
8716 0 23
8717 1 21
8718 1 0
8719 0 5
8720 94 95
8721 95 0
8722 0 94
8723 1 15
8724 2 2
8725 0 0
8726 4 2
8727 0 1
8728 3 3
8729 0 25
8730 1 14
8731 2 5
8732 1 11
8733 2 8
8734 0 95
8735 3 7
8736 4 9
8737 0 22
8738 5 0
8739 0 10
8740 2 19
8741 3 4
8742 3 3
8743 1 6
8744 2 21
8745 5 2
8746 1 2
8747 0 6
8748 0 5
8749 4 2
8750 3 4
8751 0 0
8752 3 10
8753 1 15
8754 1 1
8755 3 6
8756 0 94
8757 3 7
8758 0 95
8759 0 12
8760 0 94
8761 0 19
8762 95 95
8763 2 10
8764 0 24
8765 3 10
8766 2 10
8767 3 3
8768 2 18
8769 9 0
8770 0 95
8771 3 4
8772 1 22
8773 0 13
8774 3 3
8775 94 95
8776 0 22
8777 7 0
8778 3 4
8779 0 1
8780 3 9
8781 4 9
8782 1 22
8783 3 10
8784 0 22
8785 1 12
8786 10 0
8787 1 0
8788 8 0
8789 0 14
8790 3 6
8791 0 12
8792 94 0
8793 0 0
8794 3 7
8795 4 3
8796 1 1
8797 2 15
8798 0 18
8799 95 0
8800 2 10
8801 0 1
8802 1 0
8803 3 6
8804 0 19
8805 2 2
8806 1 12
8807 1 15
8808 4 2
8809 2 11
8810 1 22
8811 0 0
8812 3 9
8813 0 18
8814 2 3
8815 0 13
8816 0 23
8817 0 8
8818 2 19
8819 7 0
8820 0 11
8821 1 1
8822 8 0
8823 3 10
8824 0 6
8825 1 19
8826 3 0
8827 11 0
8828 2 10
8829 0 94
8830 0 10
8831 94 0
8832 95 95
8833 0 7
8834 0 95
8835 3 7
8836 0 9
8837 7 0
8838 4 3
8839 2 2
8840 1 0
8841 10 0
8842 95 0
8843 2 4
8844 9 0
8845 0 94
8846 1 10
8847 2 1
8848 0 21
8849 0 8
8850 0 1
8851 1 14
8852 0 20
8853 0 5
8854 0 22
8855 2 17
8856 3 3
8857 0 10
8858 2 9
8859 2 19
8860 0 0
8861 94 0
8862 0 11
8863 94 95
8864 1 15
8865 2 7
8866 1 14
8867 10 0
8868 1 21
8869 1 1
8870 4 3
8871 1 22
8872 2 12
8873 2 21
8874 95 95
8875 0 95
8876 1 19
8877 3 5
8878 9 0
8879 0 94
8880 1 0
8881 0 24
8882 10 0
8883 8 0
8884 0 1
8885 94 95
8886 95 95
8887 0 0
8888 3 3
8889 2 5
8890 0 6
8891 1 12
8892 11 0
8893 0 5
8894 0 7
8895 7 0
8896 94 95
8897 10 0
8898 0 21
8899 0 15
8900 3 7
8901 2 4
8902 1 5
8903 0 20
8904 95 95
8905 2 12
8906 0 16
8907 8 0
8908 2 19
8909 1 1
8910 7 0
8911 3 11
8912 1 12
8913 1 0
8914 95 0
8915 3 21
8916 2 12
8917 2 2
8918 4 5
8919 9 0
8920 0 95
8921 0 94
8922 1 15
8923 0 5
8924 2 7
8925 1 18
8926 2 10
8927 1 12
8928 2 16
8929 1 14
8930 0 22
8931 1 10
8932 94 95
8933 3 5
8934 2 10
8935 2 20
8936 0 25
8937 0 19
8938 1 10
8939 2 1
8940 1 17
8941 3 22
8942 1 1
8943 0 95
8944 2 22
8945 1 0
8946 2 8
8947 3 6
8948 1 5
8949 2 11
8950 0 1
8951 1 8
8952 94 0
8953 1 15
8954 2 23
8955 0 24
8956 1 23
8957 4 3
8958 4 0
8959 3 4
8960 0 25
8961 1 24
8962 0 0
8963 0 18
8964 2 8
8965 1 8
8966 5 1
8967 0 6
8968 0 19
8969 2 0
8970 5 2
8971 95 0
8972 3 3
8973 1 23
8974 0 14
8975 1 18
8976 1 17
8977 1 0
8978 2 0
8979 10 0
8980 0 94
8981 0 24
8982 0 7
8983 2 8
8984 0 25
8985 0 13
8986 1 18
8987 5 0
8988 2 5
8989 3 11
8990 1 8
8991 95 95
8992 1 17
8993 0 14
8994 94 0
8995 9 0
8996 2 11
8997 1 1
8998 0 1
8999 1 0
9000 1 1
9001 0 5
9002 95 0
9003 10 0
9004 0 13
9005 3 0
9006 94 95
9007 4 0
9008 95 95
9009 3 2
9010 0 15
9011 94 95
9012 5 1
9013 2 2
9014 6 0
9015 3 7
9016 0 1
9017 0 4
9018 0 95
9019 94 0
9020 3 11
9021 0 17
9022 0 0
9023 1 0
9024 2 12
9025 2 1
9026 0 5
9027 0 24
9028 1 14
9029 1 17
9030 2 10
9031 0 4
9032 1 5
9033 0 0
9034 2 8
9035 1 1
9036 2 5
9037 0 16
9038 0 94
9039 4 11
9040 2 0
9041 0 25
9042 0 1
9043 9 0
9044 1 12
9045 3 2
9046 8 0
9047 95 95
9048 0 5
9049 1 8
9050 1 18
9051 2 4
9052 2 7
9053 0 10
9054 0 95
9055 0 4
9056 94 95
9057 0 24
9058 3 5
9059 1 15
9060 3 11
9061 1 0
9062 0 25
9063 0 0
9064 1 9
9065 2 1
9066 3 3
9067 0 14
9068 0 11
9069 1 20
9070 3 6
9071 3 2
9072 1 5
9073 0 6
9074 1 21
9075 1 17
9076 3 3
9077 1 13
9078 0 7
9079 1 12
9080 1 14
9081 5 2
9082 1 1
9083 9 0
9084 1 8
9085 0 13
9086 2 12
9087 95 0
9088 0 94
9089 1 0
9090 0 18
9091 1 24
9092 2 2
9093 0 6
9094 1 12
9095 7 0
9096 95 95
9097 94 95
9098 10 0
9099 2 1
9100 94 0
9101 0 19
9102 0 10
9103 1 15
9104 1 14
9105 0 26
9106 0 12
9107 1 18
9108 3 5
9109 95 95
9110 1 17
9111 5 0
9112 0 11
9113 2 3
9114 0 25
9115 3 12
9116 1 1
9117 0 13
9118 3 2
9119 0 10
9120 1 23
9121 2 0
9122 3 11
9123 1 18
9124 0 20
9125 2 9
9126 0 1
9127 2 21
9128 2 11
9129 9 0
9130 1 15
9131 0 19
9132 3 4
9133 0 24
9134 95 0
9135 1 0
9136 10 0
9137 0 7
9138 94 95
9139 1 21
9140 95 95
9141 1 20
9142 3 9
9143 0 0
9144 0 11
9145 1 0
9146 0 95
9147 3 5
9148 0 14
9149 2 1
9150 0 13
9151 0 25
9152 94 0
9153 8 0
9154 95 0
9155 1 9
9156 11 0
9157 3 3
9158 6 0
9159 5 0
9160 0 10
9161 3 2
9162 7 0
9163 3 8
9164 0 94
9165 1 21
9166 1 14
9167 1 15
9168 10 0
9169 0 20
9170 0 6
9171 0 24
9172 3 4
9173 94 95
9174 3 9
9175 2 0
9176 0 18
9177 2 2
9178 95 95
9179 2 21
9180 1 14
9181 1 21
9182 0 11
9183 94 95
9184 0 10
9185 3 5
9186 0 0
9187 0 7
9188 8 0
9189 2 23
9190 0 6
9191 1 0
9192 95 95
9193 1 8
9194 2 1
9195 3 1
9196 0 8
9197 94 95
9198 1 23
9199 4 1
9200 0 3
9201 2 21
9202 1 9
9203 95 95
9204 0 95
9205 1 8
9206 0 94
9207 0 11
9208 2 10
9209 94 0
9210 0 0
9211 3 4
9212 1 9
9213 94 95
9214 11 0
9215 6 0
9216 3 5
9217 95 0
9218 3 8
9219 0 9
9220 3 4
9221 5 0
9222 0 1
9223 6 0
9224 5 0
9225 94 0
9226 0 21
9227 1 8
9228 0 7
9229 0 0
9230 0 25
9231 7 0
9232 95 0
9233 95 95
9234 0 95
9235 3 5
9236 0 24
9237 1 6
9238 1 5
9239 3 1
9240 2 12
9241 3 4
9242 0 94
9243 1 10
9244 8 0
9245 1 6
9246 7 0
9247 0 22
9248 2 0
9249 2 10
9250 1 2
9251 3 5
9252 0 21
9253 94 95
9254 1 11
9255 0 12
9256 0 11
9257 4 0
9258 1 1
9259 3 9
9260 3 2
9261 0 1
9262 2 5
9263 0 95
9264 0 5
9265 1 22
9266 0 15
9267 1 10
9268 1 20
9269 1 13
9270 0 0
9271 2 1
9272 1 19
9273 0 17
9274 0 19
9275 3 1
9276 1 1
9277 1 19
9278 2 10
9279 1 11
9280 3 7
9281 1 23
9282 0 1
9283 3 3
9284 0 10
9285 0 14
9286 2 2
9287 2 3
9288 0 0
9289 3 5
9290 0 16
9291 2 20
9292 3 2
9293 0 20
9294 94 0
9295 0 25
9296 95 0
9297 10 0
9298 2 21
9299 0 21
9300 0 9
9301 0 15
9302 0 20
9303 1 18
9304 0 14
9305 9 0
9306 0 11
9307 0 94
9308 94 0
9309 10 0
9310 2 5
9311 0 10
9312 1 3
9313 0 19
9314 1 11
9315 1 21
9316 3 4
9317 0 20
9318 2 4
9319 2 9
9320 3 10
9321 2 7
9322 0 17
9323 1 4
9324 1 10
9325 2 3
9326 3 7
9327 0 1
9328 0 23
9329 2 7
9330 0 95
9331 0 94
9332 1 14
9333 3 7
9334 9 0
9335 1 13
9336 0 26
9337 1 14
9338 6 0
9339 0 19
9340 0 9
9341 3 11
9342 1 11
9343 1 13
9344 1 10
9345 3 10
9346 1 11
9347 7 0
9348 2 18
9349 10 0
9350 2 7
9351 1 0
9352 0 95
9353 9 0
9354 2 10
9355 5 0
9356 1 18
9357 0 11
9358 0 22
9359 3 7
9360 0 10
9361 0 16
9362 0 25
9363 0 24
9364 0 9
9365 1 10
9366 2 2
9367 1 3
9368 1 11
9369 0 17
9370 95 0
9371 0 94
9372 1 4
9373 0 20
9374 0 0
9375 1 14
9376 0 11
9377 1 3
9378 1 11
9379 0 15
9380 1 19
9381 0 10
9382 2 4
9383 0 4
9384 0 26
9385 2 1
9386 94 0
9387 0 8
9388 3 0
9389 1 9
9390 0 9
9391 2 5
9392 1 13
9393 1 16
9394 2 16
9395 1 10
9396 0 95
9397 0 7
9398 3 9
9399 1 14
9400 2 4
9401 95 95
9402 2 11
9403 94 95
9404 2 10
9405 0 19
9406 2 12
9407 0 20
9408 1 24
9409 2 21
9410 2 5
9411 2 4
9412 0 25
9413 4 9
9414 3 3
9415 3 2
9416 0 23
9417 0 94
9418 95 95
9419 0 8
9420 0 22
9421 1 23
9422 3 10
9423 2 0
9424 0 14
9425 1 16
9426 4 8
9427 2 16
9428 0 10
9429 4 9
9430 2 5
9431 2 7
9432 2 8
9433 0 24
9434 0 25
9435 4 8
9436 0 19
9437 2 3
9438 1 18
9439 2 1
9440 3 3
9441 2 10
9442 3 10
9443 1 1
9444 3 2
9445 10 0
9446 0 15
9447 0 9
9448 1 0
9449 0 21
9450 0 24
9451 0 8
9452 0 26
9453 0 27
9454 1 3
9455 2 20
9456 2 10
9457 1 13
9458 2 7
9459 3 12
9460 1 1
9461 2 3
9462 1 14
9463 1 4
9464 0 22
9465 2 12
9466 2 18
9467 95 0
9468 2 0
9469 94 0
9470 3 10
9471 0 26
9472 0 13
9473 0 7
9474 95 0
9475 0 12
9476 1 13
9477 0 95
9478 2 8
9479 2 11
9480 1 14
9481 1 13
9482 2 2
9483 94 95
9484 0 1
9485 3 3
9486 3 9
9487 1 17
9488 0 11
9489 9 0
9490 3 10
9491 3 9
9492 10 0
9493 0 18
9494 1 0
9495 95 95
9496 0 19
9497 2 1
9498 94 0
9499 0 3
9500 0 17
9501 0 14
9502 2 2
9503 3 10
9504 1 2
9505 0 15
9506 9 0
9507 0 20
9508 2 2
9509 4 2
9510 0 21
9511 10 0
9512 1 2
9513 2 1
9514 2 3
9515 3 5
9516 0 2
9517 94 95
9518 2 21
9519 0 0
9520 0 18
9521 95 95
9522 1 0
9523 1 20
9524 95 0
9525 2 7
9526 8 0
9527 1 19
9528 3 9
9529 0 0
9530 2 20
9531 6 0
9532 1 2
9533 1 0
9534 0 14
9535 2 8
9536 3 3
9537 2 2
9538 1 16
9539 94 0
9540 1 2
9541 2 7
9542 2 13
9543 2 2
9544 1 22
9545 2 1
9546 0 23
9547 0 0
9548 95 0
9549 1 13
9550 2 4
9551 4 0
9552 1 3
9553 2 10
9554 1 0
9555 4 7
9556 1 2
9557 0 0
9558 0 15
9559 0 20
9560 1 14
9561 94 95
9562 94 0
9563 0 21
9564 3 6
9565 0 94
9566 0 24
9567 0 2
9568 4 8
9569 0 20
9570 0 22
9571 1 11
9572 0 95
9573 95 0
9574 3 5
9575 2 2
9576 94 0
9577 0 8
9578 3 6
9579 1 3
9580 3 5
9581 0 4
9582 95 95
9583 0 1
9584 0 94
9585 0 6
9586 4 3
9587 2 17
9588 95 0
9589 6 1
9590 1 18
9591 1 19
9592 0 10
9593 11 0
9594 1 24
9595 6 0
9596 1 18
9597 9 0
9598 3 17
9599 0 5
9600 0 7
9601 1 13
9602 0 4
9603 94 0
9604 0 0
9605 1 19
9606 0 25
9607 0 8
9608 95 0
9609 4 7
9610 0 14
9611 3 3
9612 4 6
9613 1 18
9614 94 0
9615 0 1
9616 4 7
9617 0 3
9618 0 2
9619 0 26
9620 0 3
9621 2 13
9622 0 16
9623 3 6
9624 2 17
9625 1 7
9626 0 23
9627 0 25
9628 2 6
9629 1 14
9630 0 22
9631 3 0
9632 0 26
9633 0 23
9634 12 0
9635 1 19
9636 0 0
9637 4 0
9638 3 6
9639 94 95
9640 7 0
9641 95 0
9642 2 0
9643 1 17
9644 4 8
9645 0 95
9646 3 8
9647 0 25
9648 2 24
9649 6 0
9650 7 0
9651 3 4
9652 1 0
9653 94 0
9654 2 5
9655 0 5
9656 2 12
9657 3 3
9658 0 13
9659 3 0
9660 95 95
9661 1 15
9662 0 1
9663 2 8
9664 0 21
9665 3 4
9666 0 26
9667 0 24
9668 1 14
9669 2 17
9670 1 17
9671 4 0
9672 0 19
9673 1 19
9674 6 0
9675 95 0
9676 2 17
9677 1 17
9678 1 15
9679 94 0
9680 0 94
9681 4 3
9682 2 7
9683 94 95
9684 0 19
9685 2 17
9686 0 0
9687 3 8
9688 3 9
9689 0 27
9690 95 0
9691 4 6
9692 2 13
9693 0 26
9694 2 4
9695 0 95
9696 3 6
9697 0 27
9698 0 26
9699 1 14
9700 1 15
9701 94 0
9702 0 2
9703 0 12
9704 95 95
9705 1 19
9706 94 95
9707 3 0
9708 0 23
9709 0 94
9710 0 19
9711 1 14
9712 0 6
9713 0 13
9714 1 1
9715 0 1
9716 1 17
9717 11 0
9718 1 0
9719 2 12
9720 3 2
9721 5 0
9722 1 5
9723 95 95
9724 3 8
9725 3 4
9726 0 15
9727 0 17
9728 0 0
9729 2 1
9730 2 14
9731 1 20
9732 94 95
9733 2 2
9734 95 0
9735 3 12
9736 2 5
9737 94 0
9738 1 14
9739 1 5
9740 12 0
9741 3 2
9742 0 25
9743 0 2
9744 1 16
9745 8 0
9746 1 1
9747 2 14
9748 7 0
9749 1 23
9750 0 23
9751 0 1
9752 2 12
9753 2 4
9754 3 5
9755 3 12
9756 2 3
9757 2 4
9758 2 2
9759 3 6
9760 2 12
9761 95 95
9762 2 6
9763 1 14
9764 0 3
9765 95 0
9766 2 7
9767 2 0
9768 0 12
9769 2 16
9770 1 13
9771 0 95
9772 0 4
9773 1 23
9774 2 6
9775 0 22
9776 2 7
9777 0 18
9778 0 14
9779 0 20
9780 3 4
9781 1 0
9782 11 0
9783 0 0
9784 0 2
9785 4 0
9786 4 6
9787 0 7
9788 0 1
9789 0 15
9790 3 2
9791 0 2
9792 2 25
9793 0 21
9794 1 16
9795 3 12
9796 0 22
9797 2 16
9798 3 6
9799 1 7
9800 1 24
9801 1 17
9802 2 26
9803 0 94
9804 1 20
9805 1 26
9806 1 23
9807 2 4
9808 0 20
9809 0 17
9810 2 2
9811 0 13
9812 0 21
9813 3 2
9814 5 0
9815 0 18
9816 2 8
9817 0 1
9818 0 23
9819 0 17
9820 3 8
9821 0 95
9822 1 23
9823 2 12
9824 2 15
9825 1 27
9826 2 2
9827 0 23
9828 94 95
9829 2 7
9830 0 27
9831 0 28
9832 0 0
9833 0 19
9834 3 12
9835 3 3
9836 3 0
9837 3 9
9838 8 0
9839 0 1
9840 2 8
9841 2 14
9842 0 12
9843 0 26
9844 2 12
9845 0 13
9846 1 16
9847 0 18
9848 1 13
9849 2 15
9850 1 14
9851 2 6
9852 95 95
9853 0 29
9854 7 0
9855 8 0
9856 7 0
9857 0 24
9858 2 1
9859 3 15
9860 3 2
9861 2 13
9862 0 17
9863 0 18
9864 0 17
9865 0 13
9866 3 4
9867 2 16
9868 0 12
9869 0 27
9870 4 2
9871 0 2
9872 8 0
9873 94 95
9874 1 19
9875 0 18
9876 1 0
9877 3 6
9878 0 20
9879 0 1
9880 2 19
9881 0 14
9882 94 0
9883 1 2
9884 0 21
9885 1 19
9886 3 14
9887 1 20
9888 95 95
9889 6 0
9890 1 7
9891 10 0
9892 3 15
9893 2 6
9894 0 94
9895 0 2
9896 5 0
9897 0 16
9898 1 2
9899 94 95
9900 0 19
9901 11 0
9902 10 0
9903 0 17
9904 0 26
9905 3 14
9906 0 0
9907 0 1
9908 1 16
9909 95 95
9910 0 22
9911 0 28
9912 3 15
9913 0 18
9914 1 26
9915 2 4
9916 2 15
9917 3 4
9918 0 27
9919 0 0
9920 1 0
9921 0 16
9922 11 0
9923 0 0
9924 0 21
9925 1 25
9926 3 6
9927 0 19
9928 2 20
9929 0 22
9930 0 2
9931 0 20
9932 1 16
9933 1 1
9934 0 15
9935 1 0
9936 0 19
9937 1 13
9938 6 0
9939 5 0
9940 0 13
9941 0 14
9942 0 0
9943 3 2
9944 1 20
9945 7 0
9946 2 3
9947 1 0
9948 10 0
9949 4 2
9950 0 21
9951 0 16
9952 0 23
9953 1 15
9954 1 1
9955 0 26
9956 9 0
9957 0 7
9958 2 13
9959 2 7
9960 4 4
9961 0 12
9962 2 5
9963 0 3
9964 2 20
9965 2 0
9966 1 20
9967 0 27
9968 1 4
9969 0 26
9970 95 0
9971 0 95
9972 1 2
9973 0 8
9974 5 1
9975 3 4
9976 0 13
9977 2 12
9978 0 5
9979 4 6
9980 6 0
9981 1 14
9982 3 2
9983 4 4
9984 0 6
9985 2 1
9986 0 2
9987 4 0
9988 7 0
9989 0 94
9990 1 0
9991 2 0
9992 0 5
9993 2 20
9994 2 1
9995 0 95
9996 0 6
9997 3 4
9998 0 1
9999 4 4
10000 1 15
10001 0 0
10002 0 4
10003 94 95
10004 2 13
10005 2 0
10006 10 0
10007 0 2
10008 95 95
10009 1 20
10010 1 0
10011 0 5
10012 0 14
10013 2 0
10014 2 20
10015 1 20
10016 0 1
10017 1 4
10018 3 1
10019 3 6
10020 3 2
10021 0 18
10022 0 3
10023 0 7
10024 5 2
10025 2 1
10026 0 94
10027 1 6
10028 4 6
10029 1 13
10030 9 0
10031 2 0
10032 2 13
10033 0 0
10034 0 13
10035 2 8
10036 5 1
10037 0 19
10038 1 1
10039 0 1
10040 2 12
10041 3 1
10042 2 15
10043 0 22
10044 0 8
10045 0 21
10046 0 24
10047 0 12
10048 10 0
10049 2 7
10050 0 0
10051 0 22
10052 94 95
10053 2 13
10054 2 25
10055 0 21
10056 0 27
10057 1 0
10058 0 95
10059 3 4
10060 0 22
10061 0 18
10062 2 8
10063 94 0
10064 0 2
10065 0 19
10066 0 3
10067 0 18
10068 5 2
10069 0 25
10070 2 24
10071 0 24
10072 95 95
10073 0 1
10074 0 21
10075 6 0
10076 1 13
10077 7 0
10078 4 2
10079 3 6
10080 1 7
10081 3 7
10082 94 95
10083 5 0
10084 2 23
10085 0 0
10086 0 1
10087 2 13
10088 2 7
10089 0 23
10090 0 94
10091 0 95
10092 95 95
10093 0 20
10094 4 3
10095 0 94
10096 8 0
10097 0 26
10098 3 5
10099 1 14
10100 4 0
10101 3 4
10102 3 2
10103 94 95
10104 95 0
10105 2 16
10106 1 2
10107 0 95
10108 2 15
10109 3 1
10110 0 22
10111 2 8
10112 7 0
10113 2 16
10114 2 12
10115 95 95
10116 0 13
10117 4 2
10118 2 7
10119 6 0
10120 7 0
10121 0 94
10122 2 0
10123 2 15
10124 0 19
10125 2 8
10126 0 95
10127 0 6
10128 2 16
10129 1 15
10130 0 94
10131 6 0
10132 0 0
10133 0 12
10134 1 0
10135 3 6
10136 94 0
10137 0 2
10138 2 13
10139 1 13
10140 2 17
10141 0 1
10142 1 2
10143 4 3
10144 0 21
10145 7 0
10146 0 22
10147 0 4
10148 4 4
10149 2 7
10150 0 5
10151 2 15
10152 1 6
10153 6 0
10154 3 4
10155 4 2
10156 2 8
10157 1 21
10158 1 7
10159 0 23
10160 0 21
10161 1 14
10162 2 18
10163 3 7
10164 2 0
10165 2 17
10166 1 21
10167 0 13
10168 1 18
10169 9 0
10170 0 20
10171 0 0
10172 0 1
10173 0 19
10174 8 0
10175 0 12
10176 3 15
10177 1 1
10178 0 95
10179 0 6
10180 0 0
10181 6 1
10182 0 2
10183 2 7
10184 0 20
10185 0 19
10186 2 8
10187 1 2
10188 4 9
10189 3 10
10190 2 22
10191 2 23
10192 0 1
10193 0 94
10194 0 95
10195 0 2
10196 2 10
10197 2 22
10198 0 22
10199 2 16
10200 3 10
10201 1 5
10202 0 23
10203 2 17
10204 0 20
10205 0 1
10206 0 0
10207 3 6
10208 4 4
10209 3 8
10210 0 15
10211 2 9
10212 0 13
10213 7 0
10214 1 1
10215 0 12
10216 2 6
10217 3 4
10218 0 14
10219 0 16
10220 1 13
10221 5 0
10222 3 5
10223 2 13
10224 1 13
10225 3 4
10226 8 0
10227 3 0
10228 0 94
10229 0 3
10230 0 17
10231 3 11
10232 3 5
10233 2 23
10234 3 10
10235 0 95
10236 5 9
10237 0 2
10238 1 0
10239 2 13
10240 0 25
10241 3 4
10242 0 0
10243 1 9
10244 1 0
10245 2 8
10246 2 22
10247 2 0
10248 0 1
10249 95 0
10250 94 0
10251 4 9
10252 3 6
10253 4 8
10254 4 0
10255 0 2
10256 0 1
10257 94 95
10258 2 10
10259 2 15
10260 95 95
10261 95 0
10262 7 0
10263 0 0
10264 3 17
10265 1 13
10266 5 0
10267 2 17
10268 4 4
10269 0 2
10270 4 7
10271 8 0
10272 0 1
10273 0 22
10274 2 7
10275 2 23
10276 3 8
10277 3 4
10278 94 0
10279 2 13
10280 3 10
10281 4 4
10282 2 9
10283 0 15
10284 0 14
10285 1 0
10286 0 24
10287 7 0
10288 0 15
10289 0 94
10290 0 25
10291 4 8
10292 1 19
10293 0 14
10294 3 4
10295 3 8
10296 0 95
10297 0 0
10298 5 7
10299 0 16
10300 4 4
10301 1 23
10302 1 0
10303 1 9
10304 1 18
10305 0 19
10306 4 8
10307 4 0
10308 2 0
10309 0 24
10310 2 5
10311 94 95
10312 5 6
10313 95 95
10314 0 25
10315 3 8
10316 3 5
10317 1 5
10318 1 13
10319 0 7
10320 1 2
10321 2 10
10322 5 0
10323 1 0
10324 3 0
10325 0 17
10326 0 2
10327 2 6
10328 3 4
10329 4 5
10330 0 0
10331 1 0
10332 8 0
10333 0 6
10334 1 15
10335 94 95
10336 0 7
10337 2 0
10338 0 5
10339 95 95
10340 5 7
10341 2 8
10342 95 0
10343 1 2
10344 3 8
10345 1 24
10346 4 7
10347 3 10
10348 94 0
10349 95 0
10350 2 10
10351 0 2
10352 0 20
10353 2 16
10354 0 19
10355 0 26
10356 3 0
10357 1 6
10358 0 25
10359 2 18
10360 0 23
10361 94 0
10362 0 0
10363 0 15
10364 1 15
10365 1 18
10366 95 0
10367 0 26
10368 0 21
10369 1 4
10370 2 6
10371 0 15
10372 1 25
10373 1 15
10374 7 0
10375 1 1
10376 1 7
10377 0 7
10378 94 95
10379 5 5
10380 95 95
10381 1 21
10382 2 13
10383 0 20
10384 1 13
10385 1 0
10386 1 19
10387 2 0
10388 3 5
10389 0 94
10390 4 0
10391 1 7
10392 5 0
10393 0 7
10394 0 27
10395 5 4
10396 0 16
10397 3 10
10398 1 6
10399 94 95
10400 0 8
10401 1 18
10402 2 13
10403 3 0
10404 2 6
10405 0 19
10406 4 4
10407 2 9
10408 0 95
10409 1 1
10410 0 25
10411 0 28
10412 0 3
10413 0 94
10414 95 95
10415 0 20
10416 0 7
10417 0 27
10418 0 18
10419 0 2
10420 0 3
10421 2 0
10422 6 2
10423 4 6
10424 0 9
10425 1 2
10426 8 0
10427 0 11
10428 6 1
10429 0 95
10430 2 5
10431 3 5
10432 0 22
10433 1 0
10434 1 18
10435 94 95
10436 0 17
10437 0 2
10438 1 13
10439 0 19
10440 3 7
10441 95 95
10442 5 4
10443 94 0
10444 1 8
10445 2 18
10446 1 18
10447 4 0
10448 3 4
10449 3 11
10450 5 3
10451 0 12
10452 5 4
10453 3 10
10454 0 94
10455 0 1
10456 0 3
10457 0 16
10458 0 0
10459 94 95
10460 0 28
10461 3 5
10462 95 0
10463 5 0
10464 3 11
10465 1 6
10466 4 0
10467 95 95
10468 2 7
10469 2 0
10470 0 1
10471 0 23
10472 1 0
10473 94 95
10474 0 22
10475 0 10
10476 2 2
10477 94 0
10478 3 10
10479 4 4
10480 0 9
10481 0 2
10482 4 7
10483 0 17
10484 4 6
10485 4 7
10486 0 20
10487 0 27
10488 1 19
10489 7 0
10490 0 4
10491 5 0
10492 0 15
10493 8 0
10494 0 11
10495 1 2
10496 1 18
10497 0 24
10498 2 0
10499 4 0
10500 2 4
10501 1 15
10502 3 6
10503 2 6
10504 0 26
10505 1 3
10506 0 0
10507 95 95
10508 0 12
10509 4 8
10510 2 13
10511 3 8
10512 0 11
10513 0 27
10514 1 19
10515 0 12
10516 0 1
10517 0 16
10518 2 17
10519 0 13
10520 2 7
10521 95 0
10522 4 8
10523 1 17
10524 2 12
10525 94 0
10526 0 26
10527 0 27
10528 2 19
10529 1 0
10530 1 2
10531 1 3
10532 1 18
10533 0 11
10534 4 5
10535 3 7
10536 0 95
10537 0 25
10538 0 17
10539 0 0
10540 0 24
10541 0 94
10542 0 1
10543 2 20
10544 0 16
10545 0 10
10546 4 4
10547 5 0
10548 0 25
10549 0 11
10550 94 95
10551 0 10
10552 3 5
10553 2 19
10554 5 4
10555 7 0
10556 2 0
10557 2 7
10558 0 19
10559 2 13
10560 0 95
10561 1 0
10562 3 0
10563 3 7
10564 0 20
10565 3 1
10566 0 17
10567 4 0
10568 1 2
10569 95 95
10570 0 28
10571 1 3
10572 0 30
10573 0 2
10574 2 0
10575 0 94
10576 3 11
10577 0 12
10578 1 2
10579 2 10
10580 2 20
10581 0 95
10582 0 23
10583 0 15
10584 94 95
10585 2 6
10586 2 7
10587 1 1
10588 4 4
10589 0 22
10590 0 3
10591 0 14
10592 0 13
10593 1 6
10594 1 2
10595 95 95
10596 1 19
10597 0 2
10598 8 0
10599 0 1
10600 5 0
10601 3 6
10602 3 12
10603 0 23
10604 2 14
10605 0 2
10606 3 5
10607 0 22
10608 0 31
10609 3 8
10610 0 1
10611 0 27
10612 0 12
10613 95 0
10614 2 12
10615 2 15
10616 0 23
10617 0 28
10618 1 0
10619 3 6
10620 2 0
10621 3 5
10622 0 26
10623 1 0
10624 0 25
10625 0 2
10626 5 4
10627 0 13
10628 94 0
10629 0 94
10630 94 95
10631 4 4
10632 0 27
10633 1 25
10634 0 1
10635 2 13
10636 2 0
10637 0 16
10638 7 0
10639 95 95
10640 0 11
10641 5 4
10642 4 4
10643 2 12
10644 1 0
10645 2 0
10646 4 0
10647 2 13
10648 3 20
10649 0 17
10650 8 0
10651 0 3
10652 95 0
10653 5 4
10654 1 1
10655 0 12
10656 0 13
10657 3 9
10658 2 12
10659 0 2
10660 2 13
10661 2 12
10662 0 4
10663 94 95
10664 4 4
10665 0 25
10666 0 1
10667 1 13
10668 1 18
10669 3 8
10670 3 9
10671 1 3
10672 1 15
10673 0 95
10674 0 22
10675 3 6
10676 3 5
10677 0 5
10678 0 12
10679 0 10
10680 1 19
10681 0 4
10682 3 6
10683 1 5
10684 0 23
10685 0 6
10686 4 5
10687 5 0
10688 2 20
10689 2 6
10690 0 9
10691 94 0
10692 3 7
10693 1 16
10694 95 0
10695 0 28
10696 2 7
10697 4 0
10698 1 15
10699 95 95
10700 94 0
10701 3 5
10702 4 9
10703 1 1
10704 4 5
10705 0 27
10706 7 0
10707 0 28
10708 2 3
10709 8 0
10710 94 95
10711 0 27
10712 1 2
10713 7 0
10714 95 0
10715 5 0
10716 94 0
10717 0 28
10718 0 1
10719 1 0
10720 0 10
10721 0 94
10722 1 18
10723 0 8
10724 0 30
10725 1 19
10726 4 0
10727 1 16
10728 1 18
10729 3 3
10730 0 19
10731 0 15
10732 2 1
10733 2 0
10734 8 0
10735 2 16
10736 3 12
10737 1 16
10738 2 9
10739 0 21
10740 0 95
10741 3 5
10742 0 26
10743 4 5
10744 1 28
10745 3 5
10746 2 16
10747 0 28
10748 0 2
10749 1 8
10750 0 8
10751 7 0
10752 0 1
10753 0 14
10754 2 3
10755 1 8
10756 0 3
10757 95 0
10758 0 4
10759 3 1
10760 2 10
10761 0 31
10762 0 94
10763 0 24
10764 1 0
10765 2 1
10766 0 2
10767 0 16
10768 0 22
10769 0 30
10770 0 7
10771 3 1
10772 2 15
10773 3 8
10774 1 15
10775 1 6
10776 2 1
10777 1 9
10778 0 20
10779 1 5
10780 2 12
10781 3 1
10782 1 26
10783 0 26
10784 0 18
10785 1 6
10786 1 3
10787 2 0
10788 2 6
10789 1 8
10790 3 12
10791 1 1
10792 2 7
10793 1 0
10794 94 0
10795 0 1
10796 5 0
10797 95 0
10798 3 7
10799 94 0
10800 1 5
10801 3 0
10802 95 95
10803 0 6
10804 2 19
10805 0 7
10806 0 31
10807 1 24
10808 1 6
10809 0 23
10810 4 5
10811 2 12
10812 6 2
10813 3 6
10814 3 1
10815 0 29
10816 1 25
10817 0 6
10818 0 28
10819 3 5
10820 4 4
10821 0 3
10822 1 5
10823 0 2
10824 1 3
10825 0 8
10826 0 9
10827 0 21
10828 0 20
10829 1 24
10830 0 30
10831 95 0
10832 5 4
10833 1 8
10834 1 25
10835 0 8
10836 0 10
10837 2 15
10838 1 6
10839 94 95
10840 94 0
10841 8 0
10842 95 95
10843 0 5
10844 3 6
10845 2 0
10846 0 1
10847 0 3
10848 3 12
10849 0 7
10850 2 8
10851 2 12
10852 0 31
10853 3 9
10854 0 15
10855 7 0
10856 1 8
10857 8 0
10858 4 4
10859 0 21
10860 0 24
10861 0 95
10862 0 13
10863 0 94
10864 0 30
10865 0 9
10866 2 8
10867 3 12
10868 0 20
10869 1 8
10870 3 5
10871 3 6
10872 3 0
10873 2 3
10874 2 2
10875 1 3
10876 0 21
10877 95 0
10878 7 0
10879 2 25
10880 0 12
10881 94 95
10882 0 14
10883 3 4
10884 0 2
10885 0 1
10886 1 19
10887 0 20
10888 0 11
10889 0 17
10890 2 4
10891 0 3
10892 0 21
10893 1 3
10894 94 0
10895 1 25
10896 2 8
10897 95 95
10898 0 12
10899 95 0
10900 0 11
10901 1 28
10902 0 28
10903 2 0
10904 0 23
10905 94 0
10906 1 8
10907 3 0
10908 2 8
10909 2 5
10910 2 0
10911 95 0
10912 0 24
10913 1 8
10914 0 12
10915 0 18
10916 3 8
10917 0 31
10918 3 0
10919 3 9
10920 2 4
10921 0 15
10922 2 5
10923 0 29
10924 0 32
10925 0 23
10926 0 24
10927 0 10
10928 1 14
10929 0 23
10930 2 0
10931 0 31
10932 0 24
10933 0 9
10934 2 12
10935 2 4
10936 2 13
10937 94 0
10938 3 8
10939 2 9
10940 1 20
10941 0 32
10942 2 12
10943 1 19
10944 0 8
10945 0 14
10946 0 31
10947 1 16
10948 0 95
10949 1 20
10950 2 13
10951 3 0
10952 0 22
10953 0 20
10954 0 11
10955 95 0
10956 94 0
10957 94 95
10958 2 12
10959 3 15
10960 2 0
10961 95 95
10962 2 25
10963 2 13
10964 1 25
10965 2 15
10966 3 0
10967 0 17
10968 0 12
10969 0 28
10970 0 18
10971 3 15
10972 0 17
10973 3 5
10974 5 1
10975 2 16
10976 2 0
10977 6 0
10978 3 6
10979 1 15
10980 0 13
10981 3 5
10982 2 17
10983 2 12
10984 2 6
10985 0 94
10986 0 19
10987 0 20
10988 1 22
10989 94 95
10990 0 10
10991 1 6
10992 0 19
10993 3 14
10994 95 0
10995 0 9
10996 0 29
10997 2 14
10998 2 16
10999 0 23
11000 0 20
11001 0 19
11002 0 20
11003 0 19
11004 3 12
11005 3 6
11006 2 13
11007 0 14
11008 2 5
11009 0 10
11010 0 2
11011 0 16
11012 2 4
11013 1 7
11014 3 11
11015 3 5
11016 2 17
11017 1 13
11018 0 32
11019 1 17
11020 1 9
11021 0 7
11022 95 95
11023 0 8
11024 2 13
11025 94 95
11026 0 31
11027 0 27
11028 2 8
11029 0 24
11030 2 6
11031 0 7
11032 0 13
11033 95 95
11034 0 12
11035 3 4
11036 3 0
11037 0 1
11038 0 9
11039 3 10
11040 1 9
11041 1 18
11042 0 3
11043 1 5
11044 0 22
11045 0 32
11046 0 17
11047 0 21
11048 2 10
11049 0 23
11050 1 21
11051 0 5
11052 0 20
11053 0 16
11054 3 10
11055 0 13
11056 0 31
11057 2 10
11058 94 95
11059 0 17
11060 3 8
11061 3 10
11062 1 16
11063 2 8
11064 0 9
11065 0 15
11066 2 10
11067 1 9
11068 94 0
11069 1 3
11070 0 22
11071 0 9
11072 2 21
11073 0 26
11074 0 23
11075 2 12
11076 0 32
11077 0 95
11078 3 8
11079 0 22
11080 95 95
11081 1 21
11082 4 5
11083 0 31
11084 95 0
11085 0 2
11086 2 4
11087 1 19
11088 2 8
11089 0 32
11090 3 4
11091 2 16
11092 4 6
11093 0 19
11094 0 6
11095 0 20
11096 0 1
11097 0 8
11098 0 3
11099 2 0
11100 1 16
11101 2 21
11102 3 8
11103 0 12
11104 0 13
11105 4 5
11106 4 6
11107 0 28
11108 0 29
11109 0 27
11110 94 95
11111 2 16
11112 0 25
11113 1 18
11114 0 12
11115 7 0
11116 1 4
11117 1 3
11118 94 0
11119 0 19
11120 0 31
11121 3 0
11122 0 32
11123 0 94
11124 0 9
11125 2 4
11126 4 5
11127 3 5
11128 1 21
11129 0 30
11130 0 20
11131 1 8
11132 0 13
11133 1 4
11134 95 95
11135 0 28
11136 94 95
11137 6 0
11138 1 15
11139 1 30
11140 2 3
11141 0 19
11142 3 7
11143 3 3
11144 7 0
11145 1 7
11146 95 0
11147 2 18
11148 2 3
11149 2 13
11150 3 8
11151 0 2
11152 0 20
11153 0 8
11154 2 12
11155 95 95
11156 1 18
11157 94 0
11158 0 24
11159 2 17
11160 0 31
11161 0 27
11162 0 32
11163 94 95
11164 0 15
11165 6 0
11166 0 23
11167 95 95
11168 7 0
11169 1 22
11170 2 13
11171 0 30
11172 0 19
11173 0 9
11174 0 25
11175 3 4
11176 6 3
11177 0 1
11178 1 5
11179 0 95
11180 0 29
11181 0 12
11182 0 8
11183 2 0
11184 5 0
11185 94 95
11186 0 30
11187 0 9
11188 3 5
11189 0 94
11190 8 0
11191 2 8
11192 1 25
11193 0 95
11194 0 14
11195 3 10
11196 0 7
11197 0 2
11198 0 25
11199 0 28
11200 2 4
11201 0 94
11202 0 13
11203 0 16
11204 0 27
11205 0 12
11206 2 16
11207 0 33
11208 1 25
11209 2 10
11210 0 29
11211 0 95
11212 0 13
11213 95 0
11214 2 12
11215 0 25
11216 95 95
11217 4 0
11218 0 17
11219 1 16
11220 2 13
11221 0 12
11222 1 25
11223 7 0
11224 1 4
11225 0 94
11226 2 3
11227 0 1
11228 1 13
11229 3 3
11230 0 32
11231 0 20
11232 0 15
11233 0 19
11234 0 26
11235 94 0
11236 2 16
11237 0 31
11238 0 20
11239 2 4
11240 0 13
11241 0 19
11242 0 95
11243 0 12
11244 0 13
11245 1 16
11246 0 12
11247 4 5
11248 1 21
11249 1 14
11250 0 13
11251 0 2
11252 0 22
11253 3 5
11254 0 32
11255 0 94
11256 94 95
11257 2 14
11258 0 27
11259 0 95
11260 2 16
11261 95 95
11262 1 5
11263 0 94
11264 0 23
11265 4 5
11266 0 31
11267 0 25
11268 0 12
11269 0 1
11270 0 4
11271 0 22
11272 0 32
11273 1 20
11274 1 0
11275 3 5
11276 0 3
11277 2 18
11278 6 0
11279 0 21
11280 0 31
11281 3 10
11282 0 13
11283 4 5
11284 1 27
11285 1 18
11286 1 9
11287 0 9
11288 0 2
11289 1 14
11290 0 32
11291 1 4
11292 3 4
11293 0 95
11294 1 16
11295 0 1
11296 2 18
11297 0 31
11298 0 5
11299 0 28
11300 1 3
11301 0 22
11302 0 94
11303 2 0
11304 0 24
11305 4 6
11306 1 26
11307 0 25
11308 0 2
11309 0 4
11310 0 95
11311 7 0
11312 94 95
11313 1 27
11314 1 26
11315 1 0
11316 2 0
11317 1 18
11318 1 9
11319 1 21
11320 1 27
11321 2 18
11322 1 18
11323 0 30
11324 2 10
11325 1 26
11326 6 0
11327 0 31
11328 95 95
11329 0 30
11330 1 27
11331 1 4
11332 95 0
11333 0 5
11334 1 3
11335 1 0
11336 1 26
11337 0 8
11338 2 18
11339 0 4
11340 2 0
11341 0 31
11342 0 5
11343 3 8
11344 1 4
11345 0 33
11346 2 14
11347 3 10
11348 7 0
11349 0 27
11350 0 30
11351 0 23
11352 1 18
11353 2 3
11354 1 0
11355 6 0
11356 2 26
11357 1 25
11358 2 10
11359 3 5
11360 0 7
11361 0 4
11362 0 94
11363 0 12
11364 2 16
11365 3 10
11366 2 10
11367 3 10
11368 0 22
11369 4 7
11370 4 6
11371 2 27
11372 0 20
11373 1 16
11374 0 19
11375 94 95
11376 2 8
11377 3 4
11378 0 23
11379 0 25
11380 2 16
11381 3 8
11382 1 5
11383 0 32
11384 3 5
11385 3 4
11386 0 22
11387 0 14
11388 0 20
11389 1 19
11390 2 10
11391 0 3
11392 0 23
11393 1 16
11394 1 2
11395 0 33
11396 3 5
11397 0 32
11398 0 28
11399 0 95
11400 0 18
11401 95 95
11402 1 30
11403 0 15
11404 0 21
11405 0 5
11406 2 0
11407 1 5
11408 7 0
11409 6 0
11410 0 31
11411 1 0
11412 0 13
11413 1 27
11414 0 29
11415 1 22
11416 0 12
11417 0 26
11418 0 14
11419 0 15
11420 0 94
11421 0 20
11422 3 10
11423 0 95
11424 1 14
11425 0 24
11426 2 30
11427 1 13
11428 94 0
11429 2 0
11430 1 17
11431 0 14
11432 1 28
11433 1 0
11434 1 27
11435 0 94
11436 0 5
11437 2 10
11438 0 22
11439 0 32
11440 0 21
11441 4 7
11442 1 28
11443 0 8
11444 2 13
11445 0 31
11446 1 13
11447 1 30
11448 4 6
11449 1 24
11450 0 6
11451 94 95
11452 0 25
11453 0 26
11454 3 10
11455 2 9
11456 1 16
11457 4 7
11458 0 20
11459 3 11
11460 7 0
11461 95 95
11462 3 4
11463 3 10
11464 0 9
11465 0 24
11466 3 11
11467 2 1
11468 0 95
11469 94 95
11470 0 28
11471 2 30
11472 3 2
11473 95 0
11474 3 5
11475 6 0
11476 94 0
11477 2 5
11478 7 0
11479 2 0
11480 0 5
11481 0 6
11482 1 30
11483 95 0
11484 0 5
11485 0 8
11486 0 21
11487 3 1
11488 5 0
11489 3 0
11490 0 6
11491 0 20
11492 0 5
11493 2 6
11494 2 0
11495 1 0
11496 8 0
11497 6 0
11498 95 95
11499 94 95
11500 5 0
11501 0 6
11502 6 0
11503 1 27
11504 0 29
11505 0 5
11506 0 15
11507 0 17
11508 1 14
11509 0 28
11510 0 13
11511 2 0
11512 2 4
11513 94 0
11514 1 29
11515 1 4
11516 1 30
11517 0 32
11518 0 7
11519 95 0
11520 1 22
11521 0 12
11522 0 21
11523 4 0
11524 9 0
11525 8 0
11526 0 18
11527 4 5
11528 0 20
11529 0 8
11530 0 14
11531 0 7
11532 0 8
11533 0 31
11534 94 0
11535 0 17
11536 95 95
11537 1 29
11538 0 7
11539 9 0
11540 5 0
11541 3 5
11542 2 3
11543 3 2
11544 0 23
11545 1 13
11546 4 6
11547 3 4
11548 0 8
11549 8 0
11550 1 21
11551 95 0
11552 0 30
11553 4 0
11554 0 7
11555 9 0
11556 2 29
11557 1 29
11558 1 8
11559 4 5
11560 2 1
11561 2 13
11562 2 0
11563 2 29
11564 94 95
11565 3 1
11566 1 29
11567 0 94
11568 0 22
11569 94 0
11570 8 0
11571 1 10
11572 95 0
11573 1 6
11574 0 8
11575 3 7
11576 94 0
11577 1 0
11578 0 23
11579 2 0
11580 9 0
11581 0 95
11582 2 27
11583 2 7
11584 3 3
11585 0 19
11586 0 25
11587 2 29
11588 1 18
11589 95 0
11590 0 6
11591 3 5
11592 95 95
11593 2 11
11594 1 15
11595 8 0
11596 94 95
11597 0 31
11598 9 0
11599 1 12
11600 3 7
11601 4 3
11602 1 0
11603 0 21
11604 0 30
11605 0 94
11606 1 21
11607 0 22
11608 0 13
11609 4 2
11610 2 0
11611 8 0
11612 0 11
11613 0 20
11614 0 14
11615 0 24
11616 95 95
11617 2 14
11618 94 0
11619 1 0
11620 1 16
11621 3 9
11622 2 1
11623 3 1
11624 0 5
11625 9 0
11626 0 13
11627 1 27
11628 94 95
11629 1 14
11630 2 14
11631 2 5
11632 1 19
11633 0 7
11634 0 8
11635 1 26
11636 0 31
11637 2 21
11638 0 30
11639 0 26
11640 4 3
11641 0 6
11642 95 0
11643 0 19
11644 2 1
11645 0 14
11646 8 0
11647 0 21
11648 0 95
11649 94 0
11650 0 9
11651 95 0
11652 3 0
11653 0 13
11654 0 14
11655 0 8
11656 2 20
11657 1 28
11658 0 28
11659 0 22
11660 4 2
11661 0 4
11662 95 95
11663 2 13
11664 2 0
11665 94 0
11666 0 13
11667 1 29
11668 0 20
11669 0 5
11670 0 4
11671 1 7
11672 3 11
11673 94 95
11674 0 94
11675 3 2
11676 9 0
11677 5 0
11678 2 11
11679 2 14
11680 6 0
11681 1 9
11682 1 14
11683 2 10
11684 0 95
11685 1 24
11686 2 29
11687 2 21
11688 1 28
11689 0 29
11690 1 18
11691 2 30
11692 0 5
11693 95 95
11694 8 0
11695 2 14
11696 4 0
11697 0 94
11698 0 14
11699 0 23
11700 1 21
11701 1 27
11702 2 11
11703 1 30
11704 0 95
11705 1 25
11706 0 94
11707 4 2
11708 0 13
11709 1 22
11710 1 15
11711 1 31
11712 2 6
11713 4 7
11714 94 95
11715 2 5
11716 3 2
11717 4 2
11718 95 95
11719 0 95
11720 1 10
11721 3 2
11722 3 11
11723 94 95
11724 4 2
11725 3 7
11726 95 95
11727 2 6
11728 0 94
11729 2 12
11730 94 95
11731 3 2
11732 0 10
11733 95 0
11734 0 12
11735 4 11
11736 1 21
11737 0 16
11738 3 11
11739 4 2
11740 95 95
11741 1 9
11742 1 24
11743 1 22
11744 0 19
11745 94 0
11746 9 0
11747 0 15
11748 94 95
11749 7 0
11750 1 12
11751 1 14
11752 2 11
11753 0 28
11754 0 25
11755 0 17
11756 95 95
11757 0 26
11758 0 95
11759 2 18
11760 0 14
11761 0 7
11762 1 11
11763 0 25
11764 1 12
11765 0 8
11766 2 24
11767 1 0
11768 0 11
11769 1 5
11770 0 5
11771 0 29
11772 2 10
11773 2 12
11774 1 13
11775 3 0
11776 95 0
11777 3 2
11778 0 13
11779 4 2
11780 0 7
11781 0 20
11782 0 27
11783 0 19
11784 1 18
11785 1 21
11786 94 95
11787 3 2
11788 1 24
11789 2 11
11790 2 24
11791 4 2
11792 1 25
11793 95 95
11794 4 0
11795 2 0
11796 0 94
11797 3 2
11798 0 26
11799 0 31
11800 94 0
11801 1 0
11802 10 0
11803 0 28
11804 4 2
11805 3 2
11806 1 12
11807 2 23
11808 2 5
11809 0 8
11810 0 21
11811 95 0
11812 3 0
11813 0 30
11814 1 13
11815 9 0
11816 4 2
11817 0 12
11818 0 16
11819 2 22
11820 0 31
11821 2 0
11822 10 0
11823 2 10
11824 1 11
11825 0 15
11826 4 0
11827 1 21
11828 0 30
11829 1 24
11830 9 0
11831 0 4
11832 0 5
11833 10 0
11834 1 25
11835 1 28
11836 1 0
11837 3 1
11838 0 27
11839 1 29
11840 0 21
11841 0 14
11842 0 15
11843 0 31
11844 2 6
11845 0 25
11846 0 7
11847 4 3
11848 94 0
11849 1 21
11850 0 95
11851 0 14
11852 4 2
11853 2 0
11854 9 0
11855 1 0
11856 0 28
11857 4 3
11858 4 2
11859 5 0
11860 0 20
11861 2 0
11862 0 30
11863 4 0
11864 2 5
11865 94 95
11866 0 8
11867 0 7
11868 0 22
11869 2 11
11870 4 3
11871 2 29
11872 0 24
11873 2 23
11874 0 31
11875 10 0
11876 0 8
11877 95 95
11878 0 25
11879 0 18
11880 0 19
11881 1 0
11882 0 15
11883 4 2
11884 0 94
11885 0 4
11886 0 30
11887 0 5
11888 1 29
11889 2 6
11890 0 27
11891 0 7
11892 9 0
11893 94 95
11894 2 0
11895 2 5
11896 1 20
11897 0 8
11898 0 24
11899 2 6
11900 0 25
11901 10 0
11902 5 0
11903 1 14
11904 95 95
11905 3 0
11906 0 14
11907 1 12
11908 1 28
11909 1 21
11910 0 26
11911 3 2
11912 0 20
11913 1 23
11914 0 28
11915 1 24
11916 0 13
11917 4 7
11918 0 95
11919 1 15
11920 0 19
11921 4 0
11922 0 20
11923 0 94
11924 3 11
11925 0 23
11926 1 26
11927 0 14
11928 95 0
11929 0 12
11930 9 0
11931 3 12
11932 0 19
11933 2 1
11934 0 27
11935 0 20
11936 10 0
11937 4 2
11938 0 22
11939 2 15
11940 1 5
11941 0 95
11942 1 15
11943 0 13
11944 2 0
11945 0 94
11946 3 8
11947 1 12
11948 94 95
11949 0 4
11950 0 14
11951 95 95
11952 3 11
11953 0 7
11954 0 95
11955 94 95
11956 2 21
11957 0 28
11958 0 3
11959 0 12
11960 2 15
11961 9 0
11962 0 9
11963 0 10
11964 0 27
11965 1 23
11966 3 12
11967 1 15
11968 3 2
11969 1 21
11970 10 0
11971 3 6
11972 5 1
11973 0 94
11974 2 12
11975 95 95
11976 94 95
11977 9 0
11978 2 6
11979 0 95
11980 0 5
11981 2 8
11982 2 13
11983 0 29
11984 1 13
11985 3 8
11986 1 18
11987 0 24
11988 0 30
11989 0 8
11990 0 18
11991 0 19
11992 95 95
11993 0 7
11994 1 18
11995 0 29
11996 0 17
11997 2 13
11998 4 6
11999 0 26
12000 2 5
12001 0 8
12002 10 0
12003 2 11
12004 2 7
12005 94 0
12006 3 5
12007 1 13
12008 1 7
12009 94 95
12010 0 20
12011 95 95
12012 1 25
12013 1 16
12014 3 1
12015 2 9
12016 94 95
12017 1 11
12018 0 9
12019 2 21
12020 2 13
12021 6 0
12022 1 10
12023 0 19
12024 4 7
12025 1 6
12026 2 5
12027 3 2
12028 2 23
12029 1 21
12030 0 94
12031 1 20
12032 0 7
12033 0 15
12034 1 13
12035 0 11
12036 0 28
12037 3 0
12038 0 29
12039 0 21
12040 0 23
12041 0 28
12042 2 18
12043 0 13
12044 7 0
12045 0 18
12046 1 24
12047 2 1
12048 1 17
12049 5 0
12050 1 25
12051 2 19
12052 1 21
12053 9 0
12054 1 13
12055 4 6
12056 0 25
12057 0 27
12058 0 28
12059 0 8
12060 0 95
12061 2 0
12062 0 27
12063 0 20
12064 95 95
12065 0 28
12066 1 22
12067 7 1
12068 94 95
12069 0 12
12070 7 0
12071 2 1
12072 1 14
12073 1 20
12074 0 20
12075 0 6
12076 95 95
12077 0 27
12078 3 7
12079 94 95
12080 2 24
12081 4 5
12082 0 11
12083 3 6
12084 2 23
12085 1 8
12086 0 24
12087 0 94
12088 1 19
12089 2 6
12090 1 21
12091 1 22
12092 0 95
12093 0 25
12094 0 12
12095 0 11
12096 0 24
12097 0 94
12098 1 16
12099 2 0
12100 1 26
12101 10 0
12102 2 19
12103 0 95
12104 0 94
12105 0 12
12106 1 20
12107 0 17
12108 95 95
12109 0 7
12110 1 25
12111 0 14
12112 2 22
12113 1 22
12114 94 95
12115 2 5
12116 3 1
12117 9 0
12118 0 25
12119 1 13
12120 2 18
12121 0 95
12122 1 18
12123 7 1
12124 1 6
12125 1 15
12126 1 11
12127 4 0
12128 2 24
12129 2 18
12130 2 22
12131 0 15
12132 5 0
12133 0 11
12134 1 22
12135 4 2
12136 0 12
12137 0 18
12138 7 0
12139 4 3
12140 95 0
12141 7 1
12142 0 94
12143 95 95
12144 1 16
12145 2 22
12146 0 11
12147 3 24
12148 94 95
12149 4 2
12150 1 24
12151 2 8
12152 1 7
12153 2 6
12154 2 10
12155 1 6
12156 0 13
12157 95 95
12158 3 10
12159 7 0
12160 2 5
12161 1 8
12162 10 0
12163 9 0
12164 1 22
12165 2 4
12166 1 13
12167 2 22
12168 0 12
12169 4 0
12170 2 8
12171 1 19
12172 94 95
12173 3 3
12174 0 20
12175 1 22
12176 2 1
12177 94 0
12178 3 1
12179 0 26
12180 2 1
12181 1 21
12182 1 10
12183 2 5
12184 0 28
12185 0 29
12186 0 22
12187 95 95
12188 1 8
12189 2 4
12190 1 17
12191 5 2
12192 2 21
12193 0 24
12194 0 11
12195 2 6
12196 2 8
12197 0 28
12198 94 95
12199 6 0
12200 3 7
12201 1 26
12202 3 5
12203 7 0
12204 95 0
12205 4 7
12206 94 0
12207 1 20
12208 0 26
12209 1 16
12210 3 1
12211 1 8
12212 2 17
12213 6 0
12214 2 2
12215 0 29
12216 8 0
12217 0 28
12218 0 13
12219 2 24
12220 1 0
12221 95 0
12222 1 6
12223 6 1
12224 7 0
12225 2 8
12226 0 16
12227 1 8
12228 2 6
12229 4 2
12230 94 0
12231 5 1
12232 3 0
12233 1 18
12234 2 23
12235 0 18
12236 1 15
12237 95 0
12238 1 22
12239 4 5
12240 6 0
12241 1 26
12242 1 14
12243 2 5
12244 0 23
12245 94 0
12246 2 8
12247 1 18
12248 2 24
12249 3 1
12250 0 2
12251 1 24
12252 0 18
12253 2 0
12254 7 0
12255 3 21
12256 4 4
12257 3 9
12258 0 95
12259 5 2
12260 1 18
12261 2 22
12262 6 0
12263 95 95
12264 94 95
12265 4 2
12266 2 10
12267 0 94
12268 3 0
12269 4 5
12270 0 22
12271 1 9
12272 4 4
12273 0 15
12274 4 5
12275 1 6
12276 3 20
12277 1 7
12278 0 95
12279 2 6
12280 1 6
12281 2 11
12282 2 10
12283 2 11
12284 95 95
12285 95 0
12286 0 16
12287 0 27
12288 3 5
12289 0 10
12290 0 18
12291 0 15
12292 7 0
12293 4 5
12294 4 3
12295 1 1
12296 94 0
12297 2 21
12298 3 5
12299 1 17
12300 6 0
12301 1 11
12302 0 24
12303 0 4
12304 1 12
12305 1 8
12306 1 25
12307 1 22
12308 2 7
12309 94 95
12310 95 95
12311 0 23
12312 2 5
12313 1 19
12314 0 21
12315 0 25
12316 4 6
12317 3 7
12318 1 3
12319 1 25
12320 0 94
12321 94 95
12322 0 25
12323 2 7
12324 0 8
12325 95 95
12326 0 20
12327 2 14
12328 0 28
12329 0 16
12330 1 8
12331 0 26
12332 94 95
12333 0 25
12334 4 2
12335 0 27
12336 0 14
12337 2 19
12338 0 5
12339 95 0
12340 0 21
12341 0 13
12342 4 3
12343 0 95
12344 0 15
12345 0 20
12346 1 14
12347 3 1
12348 7 0
12349 95 95
12350 4 2
12351 6 0
12352 1 25
12353 1 9
12354 2 14
12355 3 8
12356 0 25
12357 94 0
12358 1 16
12359 7 0
12360 2 8
12361 3 7
12362 3 0
12363 4 20
12364 0 14
12365 95 0
12366 4 3
12367 2 7
12368 3 8
12369 0 94
12370 0 28
12371 0 27
12372 1 25
12373 2 9
12374 0 4
12375 0 6
12376 0 24
12377 1 26
12378 1 11
12379 0 17
12380 1 12
12381 3 20
12382 6 0
12383 0 18
12384 0 22
12385 1 5
12386 0 16
12387 0 15
12388 0 25
12389 1 19
12390 0 11
12391 2 5
12392 1 5
12393 0 23
12394 2 12
12395 2 5
12396 2 19
12397 1 13
12398 1 18
12399 0 19
12400 3 1
12401 0 10
12402 0 95
12403 1 5
12404 0 22
12405 2 11
12406 2 18
12407 3 0
12408 1 17
12409 3 19
12410 6 2
12411 0 18
12412 94 95
12413 0 28
12414 0 21
12415 0 19
12416 7 0
12417 95 95
12418 1 9
12419 0 22
12420 94 95
12421 3 20
12422 94 0
12423 1 11
12424 3 19
12425 2 11
12426 2 15
12427 0 11
12428 0 21
12429 3 20
12430 95 95
12431 4 2
12432 0 14
12433 2 5
12434 2 10
12435 6 0
12436 1 6
12437 0 5
12438 4 3
12439 1 15
12440 3 1
12441 0 27
12442 2 15
12443 0 24
12444 0 23
12445 6 3
12446 95 0
12447 2 11
12448 0 94
12449 0 95
12450 3 19
12451 0 18
12452 1 15
12453 1 25
12454 2 10
12455 0 9
12456 6 2
12457 0 20
12458 0 3
12459 0 22
12460 0 6
12461 0 19
12462 1 7
12463 2 7
12464 0 2
12465 3 20
12466 0 23
12467 0 94
12468 94 0
12469 3 0
12470 0 21
12471 3 19
12472 7 0
12473 0 25
12474 94 95
12475 2 11
12476 0 3
12477 3 1
12478 0 12
12479 6 0
12480 0 18
12481 0 19
12482 4 2
12483 2 4
12484 95 0
12485 7 0
12486 0 28
12487 3 9
12488 2 15
12489 0 27
12490 3 8
12491 0 2
12492 0 4
12493 1 6
12494 3 6
12495 6 3
12496 1 15
12497 3 5
12498 2 13
12499 0 18
12500 6 0
12501 2 5
12502 3 6
12503 1 23
12504 1 13
12505 3 20
12506 0 20
12507 0 6
12508 1 5
12509 1 11
12510 1 8
12511 7 0
12512 95 95
12513 1 6
12514 0 23
12515 6 0
12516 2 13
12517 2 15
12518 0 19
12519 0 95
12520 7 0
12521 1 15
12522 5 3
12523 6 0
12524 0 6
12525 1 13
12526 7 0
12527 6 0
12528 94 95
12529 0 13
12530 1 25
12531 3 0
12532 0 25
12533 2 5
12534 1 7
12535 3 19
12536 1 10
12537 0 10
12538 1 21
12539 0 5
12540 0 6
12541 1 18
12542 3 1
12543 1 25
12544 2 18
12545 0 5
12546 1 18
12547 5 4
12548 2 18
12549 1 6
12550 94 0
12551 4 6
12552 0 25
12553 4 4
12554 0 94
12555 2 4
12556 5 4
12557 1 22
12558 1 11
12559 4 4
12560 5 4
12561 2 15
12562 0 14
12563 2 5
12564 1 18
12565 2 6
12566 0 28
12567 1 9
12568 2 13
12569 4 3
12570 0 21
12571 7 0
12572 95 95
12573 2 17
12574 3 17
12575 94 95
12576 6 0
12577 1 8
12578 3 0
12579 1 14
12580 0 15
12581 0 9
12582 0 27
12583 0 14
12584 2 19
12585 95 0
12586 1 10
12587 94 0
12588 2 22
12589 0 95
12590 0 6
12591 0 10
12592 0 16
12593 1 21
12594 1 11
12595 0 22
12596 95 0
12597 0 20
12598 3 1
12599 1 5
12600 0 23
12601 7 0
12602 1 13
12603 0 18
12604 1 16
12605 2 14
12606 2 13
12607 5 0
12608 0 5
12609 2 17
12610 3 0
12611 2 7
12612 0 16
12613 0 13
12614 1 18
12615 1 12
12616 1 6
12617 1 5
12618 0 15
12619 0 18
12620 94 0
12621 0 17
12622 1 9
12623 1 15
12624 3 13
12625 0 28
12626 0 27
12627 1 19
12628 0 22
12629 95 95
12630 0 28
12631 3 9
12632 1 8
12633 2 11
12634 3 1
12635 0 15
12636 95 0
12637 8 0
12638 94 95
12639 0 27
12640 4 0
12641 0 18
12642 5 2
12643 0 24
12644 0 25
12645 1 14
12646 1 17
12647 0 12
12648 0 13
12649 94 0
12650 0 9
12651 0 28
12652 0 12
12653 0 24
12654 2 5
12655 2 19
12656 2 10
12657 0 94
12658 0 27
12659 4 2
12660 2 13
12661 0 25
12662 3 0
12663 0 24
12664 4 1
12665 0 6
12666 0 10
12667 3 8
12668 3 1
12669 2 4
12670 4 3
12671 0 17
12672 0 25
12673 1 16
12674 3 13
12675 0 23
12676 7 0
12677 1 25
12678 1 11
12679 2 5
12680 1 19
12681 0 29
12682 0 5
12683 0 4
12684 2 4
12685 0 22
12686 2 13
12687 0 26
12688 2 5
12689 5 5
12690 0 27
12691 0 30
12692 3 7
12693 95 95
12694 2 7
12695 0 23
12696 0 26
12697 2 9
12698 1 24
12699 2 4
12700 94 95
12701 2 11
12702 95 0
12703 0 8
12704 3 13
12705 0 13
12706 3 2
12707 0 12
12708 0 95
12709 5 0
12710 0 13
12711 95 95
12712 8 0
12713 5 4
12714 6 2
12715 5 2
12716 6 2
12717 94 95
12718 5 5
12719 4 8
12720 0 18
12721 5 2
12722 1 8
12723 1 25
12724 0 94
12725 5 4
12726 7 0
12727 0 29
12728 0 7
12729 1 5
12730 1 11
12731 2 23
12732 2 6
12733 3 4
12734 2 19
12735 2 7
12736 0 28
12737 1 19
12738 2 19
12739 1 19
12740 1 22
12741 1 21
12742 2 19
12743 0 9
12744 0 25
12745 2 22
12746 94 0
12747 0 6
12748 2 6
12749 95 0
12750 0 22
12751 1 24
12752 5 5
12753 1 19
12754 0 27
12755 0 11
12756 0 28
12757 0 23
12758 1 11
12759 0 11
12760 5 4
12761 2 7
12762 3 1
12763 0 12
12764 0 7
12765 1 17
12766 1 6
12767 0 27
12768 2 23
12769 0 22
12770 1 16
12771 0 17
12772 2 10
12773 6 2
12774 2 13
12775 3 7
12776 0 23
12777 0 26
12778 94 0
12779 4 1
12780 0 6
12781 0 8
12782 0 28
12783 1 18
12784 1 22
12785 0 29
12786 0 9
12787 0 19
12788 3 1
12789 2 7
12790 1 21
12791 8 0
12792 0 22
12793 0 8
12794 6 0
12795 0 13
12796 0 9
12797 4 1
12798 0 8
12799 0 1
12800 2 16
12801 1 10
12802 0 3
12803 0 23
12804 3 7
12805 9 0
12806 95 0
12807 0 2
12808 2 10
12809 0 20
12810 5 5
12811 1 10
12812 0 25
12813 0 22
12814 1 19
12815 1 16
12816 2 7
12817 3 7
12818 0 18
12819 0 4
12820 2 8
12821 0 95
12822 2 21
12823 0 24
12824 1 23
12825 0 28
12826 5 3
12827 0 5
12828 0 12
12829 4 3
12830 5 4
12831 94 0
12832 0 7
12833 8 0
12834 5 0
12835 1 9
12836 1 21
12837 2 7
12838 0 94
12839 0 13
12840 0 26
12841 3 3
12842 2 23
12843 2 19
12844 1 23
12845 2 4
12846 4 4
12847 5 4
12848 95 95
12849 1 19
12850 0 4
12851 0 25
12852 1 17
12853 5 2
12854 0 95
12855 0 12
12856 0 94
12857 3 7
12858 3 1
12859 1 24
12860 0 6
12861 2 19
12862 1 26
12863 0 23
12864 95 0
12865 2 24
12866 2 5
12867 94 95
12868 1 27
12869 95 95
12870 1 26
12871 0 7
12872 1 16
12873 4 2
12874 5 2
12875 0 5
12876 1 27
12877 1 22
12878 7 0
12879 0 14
12880 94 0
12881 1 17
12882 8 0
12883 1 24
12884 0 8
12885 1 14
12886 0 95
12887 0 26
12888 0 16
12889 0 15
12890 1 19
12891 95 0
12892 4 1
12893 1 10
12894 0 94
12895 94 0
12896 95 0
12897 0 21
12898 3 4
12899 0 10
12900 2 7
12901 0 16
12902 2 22
12903 2 17
12904 0 17
12905 0 25
12906 0 7
12907 1 9
12908 0 19
12909 2 24
12910 6 0
12911 1 26
12912 1 21
12913 0 14
12914 0 22
12915 0 95
12916 1 13
12917 0 23
12918 0 8
12919 1 10
12920 0 22
12921 2 4
12922 0 18
12923 0 27
12924 0 9
12925 0 11
12926 0 28
12927 1 24
12928 9 0
12929 1 12
12930 0 20
12931 3 7
12932 6 2
12933 1 9
12934 94 0
12935 94 95
12936 0 13
12937 95 0
12938 95 95
12939 3 2
12940 0 23
12941 5 0
12942 2 5
12943 0 10
12944 2 2
12945 0 27
12946 1 4
12947 0 94
12948 0 95
12949 8 0
12950 1 18
12951 0 19
12952 0 3
12953 0 11
12954 2 12
12955 0 14
12956 0 94
12957 7 0
12958 1 12
12959 0 2
12960 2 7
12961 0 6
12962 0 4
12963 8 0
12964 0 20
12965 0 13
12966 2 12
12967 2 26
12968 0 14
12969 1 7
12970 94 0
12971 0 18
12972 1 17
12973 1 6
12974 6 0
12975 0 9
12976 0 22
12977 4 2
12978 9 0
12979 2 23
12980 0 7
12981 95 0
12982 1 7
12983 2 22
12984 0 8
12985 0 95
12986 4 1
12987 5 2
12988 3 2
12989 94 95
12990 2 23
12991 4 0
12992 0 28
12993 4 1
12994 1 9
12995 0 23
12996 0 26
12997 1 25
12998 0 13
12999 2 22
13000 0 10
13001 2 17
13002 2 6
13003 0 15
13004 0 12
13005 0 22
13006 1 4
13007 0 14
13008 1 24
13009 6 2
13010 0 15
13011 0 17
13012 0 11
13013 8 0
13014 95 95
13015 5 1
13016 0 18
13017 0 94
13018 2 5
13019 1 6
13020 0 29
13021 0 14
13022 6 3
13023 0 10
13024 0 24
13025 2 2
13026 94 0
13027 2 23
13028 0 15
13029 9 0
13030 0 14
13031 94 95
13032 8 0
13033 0 4
13034 3 3
13035 0 19
13036 1 10
13037 1 20
13038 0 27
13039 0 21
13040 0 9
13041 1 11
13042 5 0
13043 6 0
13044 2 20
13045 0 22
13046 1 7
13047 0 17
13048 95 0
13049 1 26
13050 0 31
13051 1 25
13052 94 0
13053 0 21
13054 9 0
13055 2 16
13056 1 10
13057 1 6
13058 0 15
13059 1 17
13060 95 0
13061 0 95
13062 0 26
13063 1 23
13064 0 17
13065 0 14
13066 0 94
13067 1 19
13068 2 21
13069 8 0
13070 1 22
13071 5 0
13072 6 0
13073 4 1
13074 94 0
13075 0 23
13076 0 32
13077 4 9
13078 0 10
13079 5 0
13080 3 9
13081 95 0
13082 3 10
13083 0 28
13084 3 9
13085 0 24
13086 1 16
13087 0 18
13088 1 7
13089 1 6
13090 0 9
13091 2 4
13092 0 10
13093 0 31
13094 0 11
13095 94 0
13096 0 9
13097 2 6
13098 0 27
13099 0 29
13100 2 20
13101 2 21
13102 4 2
13103 95 0
13104 1 20
13105 0 8
13106 1 6
13107 0 13
13108 1 12
13109 4 1
13110 4 3
13111 0 32
13112 3 1
13113 0 30
13114 2 6
13115 6 0
13116 0 17
13117 9 0
13118 0 9
13119 95 95
13120 3 3
13121 4 3
13122 1 15
13123 1 5
13124 3 21
13125 0 26
13126 2 7
13127 2 25
13128 0 16
13129 0 8
13130 0 14
13131 1 23
13132 8 0
13133 94 95
13134 1 25
13135 1 9
13136 1 10
13137 2 21
13138 94 0
13139 0 33
13140 1 22
13141 0 29
13142 2 6
13143 2 7
13144 95 0
13145 2 25
13146 94 0
13147 3 3
13148 0 32
13149 2 15
13150 9 0
13151 0 95
13152 1 25
13153 2 6
13154 0 94
13155 5 0
13156 0 95
13157 1 19
13158 1 13
13159 95 0
13160 1 23
13161 0 23
13162 3 4
13163 2 25
13164 0 19
13165 2 10
13166 1 12
13167 1 25
13168 1 13
13169 2 11
13170 1 10
13171 2 25
13172 4 3
13173 95 95
13174 0 9
13175 1 9
13176 94 95
13177 1 25
13178 2 4
13179 0 27
13180 0 12
13181 0 17
13182 0 31
13183 94 0
13184 0 15
13185 1 14
13186 1 29
13187 2 7
13188 2 16
13189 2 20
13190 0 11
13191 0 24
13192 0 12
13193 1 20
13194 1 26
13195 8 0
13196 0 29
13197 5 5
13198 4 1
13199 2 20
13200 0 26
13201 1 11
13202 1 20
13203 3 1
13204 3 4
13205 7 0
13206 2 20
13207 4 1
13208 1 20
13209 0 28
13210 1 16
13211 1 25
13212 0 29
13213 2 4
13214 0 13
13215 0 23
13216 0 18
13217 3 2
13218 0 28
13219 8 0
13220 5 4
13221 5 1
13222 0 29
13223 4 1
13224 95 0
13225 2 14
13226 0 10
13227 7 0
13228 6 0
13229 1 17
13230 0 9
13231 5 1
13232 0 17
13233 1 12
13234 95 95
13235 1 9
13236 0 28
13237 94 0
13238 0 12
13239 1 16
13240 5 0
13241 0 8
13242 4 1
13243 95 0
13244 2 2
13245 1 22
13246 0 13
13247 1 24
13248 1 10
13249 2 20
13250 1 25
13251 1 24
13252 5 5
13253 2 12
13254 1 14
13255 0 12
13256 1 25
13257 3 3
13258 1 13
13259 2 11
13260 0 94
13261 1 24
13262 1 9
13263 0 14
13264 94 0
13265 4 3
13266 95 0
13267 1 15
13268 2 22
13269 5 4
13270 0 95
13271 1 10
13272 1 20
13273 1 25
13274 0 16
13275 0 24
13276 0 94
13277 3 1
13278 5 1
13279 2 13
13280 2 20
13281 1 7
13282 2 7
13283 0 30
13284 5 5
13285 1 7
13286 1 13
13287 0 22
13288 4 0
13289 1 20
13290 2 13
13291 1 9
13292 0 11
13293 1 13
13294 0 31
13295 3 4
13296 0 10
13297 2 4
13298 0 30
13299 0 23
13300 0 11
13301 1 21
13302 1 10
13303 0 17
13304 1 9
13305 1 20
13306 0 21
13307 0 12
13308 5 2
13309 1 10
13310 2 12
13311 94 95
13312 5 4
13313 5 5
13314 95 95
13315 94 0
13316 2 7
13317 2 20
13318 1 20
13319 1 22
13320 5 0
13321 0 18
13322 1 7
13323 2 11
13324 0 95
13325 0 25
13326 0 31
13327 1 19
13328 3 4
13329 2 4
13330 1 24
13331 0 20
13332 95 0
13333 5 4
13334 2 24
13335 0 11
13336 0 16
13337 0 9
13338 0 22
13339 2 19
13340 8 0
13341 94 95
13342 3 4
13343 4 1
13344 7 0
13345 1 19
13346 2 4
13347 94 0
13348 1 21
13349 6 2
13350 3 1
13351 0 23
13352 4 1
13353 3 0
13354 0 30
13355 0 22
13356 5 2
13357 2 0
13358 2 7
13359 0 94
13360 0 12
13361 1 7
13362 3 0
13363 0 31
13364 2 19
13365 2 7
13366 1 18
13367 0 19
13368 0 11
13369 95 95
13370 3 1
13371 1 24
13372 8 0
13373 0 12
13374 3 4
13375 0 26
13376 0 17
13377 0 16
13378 0 23
13379 0 20
13380 1 22
13381 1 25
13382 0 18
13383 0 11
13384 2 12
13385 0 12
13386 7 0
13387 0 21
13388 0 11
13389 1 9
13390 0 12
13391 0 30
13392 4 1
13393 0 9
13394 1 24
13395 8 0
13396 6 0
13397 2 0
13398 0 7
13399 1 19
13400 2 4
13401 94 95
13402 9 0
13403 0 20
13404 0 5
13405 8 0
13406 95 0
13407 2 19
13408 2 6
13409 2 15
13410 0 11
13411 1 6
13412 0 4
13413 3 4
13414 0 25
13415 0 31
13416 2 4
13417 2 7
13418 3 4
13419 0 27
13420 2 11
13421 95 95
13422 1 19
13423 0 95
13424 0 21
13425 1 16
13426 0 6
13427 9 0
13428 4 0
13429 0 94
13430 0 30
13431 0 17
13432 8 0
13433 2 9
13434 2 12
13435 9 0
13436 2 11
13437 94 95
13438 0 26
13439 8 0
13440 0 19
13441 9 0
13442 2 4
13443 0 15
13444 94 0
13445 1 19
13446 1 17
13447 0 25
13448 0 95
13449 0 94
13450 0 28
13451 0 31
13452 0 18
13453 95 0
13454 0 26
13455 0 12
13456 3 4
13457 2 12
13458 0 14
13459 5 1
13460 2 4
13461 3 0
13462 3 2
13463 3 7
13464 1 15
13465 2 15
13466 0 30
13467 4 1
13468 0 31
13469 0 20
13470 95 95
13471 1 25
13472 3 4
13473 2 4
13474 1 7
13475 0 30
13476 1 21
13477 0 15
13478 1 11
13479 1 10
13480 0 31
13481 0 10
13482 0 25
13483 2 11
13484 4 0
13485 0 22
13486 94 0
13487 3 3
13488 1 16
13489 0 11
13490 2 12
13491 1 24
13492 0 26
13493 3 0
13494 0 30
13495 2 0
13496 3 0
13497 0 24
13498 1 8
13499 0 13
13500 0 95
13501 0 31
13502 1 7
13503 2 19
13504 95 0
13505 1 24
13506 4 0
13507 2 8
13508 0 17
13509 1 9
13510 1 11
13511 0 29
13512 0 24
13513 3 0
13514 1 24
13515 0 23
13516 1 22
13517 0 22
13518 4 4
13519 0 7
13520 5 1
13521 0 32
13522 1 21
13523 0 25
13524 2 13
13525 2 5
13526 0 26
13527 0 25
13528 2 21
13529 3 15
13530 0 23
13531 1 21
13532 0 31
13533 0 32
13534 94 95
13535 0 31
13536 0 11
13537 4 1
13538 95 95
13539 2 4
13540 5 4
13541 0 19
13542 0 94
13543 0 26
13544 0 25
13545 2 15
13546 0 32
13547 0 26
13548 4 0
13549 0 31
13550 0 32
13551 1 17
13552 2 5
13553 2 2
13554 0 95
13555 94 95
13556 94 0
13557 0 12
13558 0 25
13559 2 11
13560 95 95
13561 2 10
13562 0 26
13563 0 16
13564 0 31
13565 1 7
13566 0 21
13567 2 18
13568 0 13
13569 0 7
13570 2 16
13571 2 12
13572 0 17
13573 0 94
13574 0 32
13575 94 95
13576 1 7
13577 3 10
13578 0 22
13579 2 15
13580 1 16
13581 95 95
13582 3 1
13583 1 13
13584 2 11
13585 1 10
13586 5 0
13587 0 14
13588 0 7
13589 0 12
13590 0 28
13591 0 95
13592 95 0
13593 2 14
13594 0 11
13595 94 0
13596 0 24
13597 0 12
13598 1 7
13599 0 7
13600 0 15
13601 0 9
13602 0 29
13603 8 0
13604 0 10
13605 1 22
13606 0 18
13607 1 8
13608 2 15
13609 1 23
13610 0 11
13611 0 13
13612 0 31
13613 4 1
13614 2 17
13615 2 12
13616 2 10
13617 0 94
13618 0 32
13619 3 1
13620 9 0
13621 4 1
13622 1 13
13623 0 16
13624 2 4
13625 95 0
13626 0 28
13627 0 22
13628 0 13
13629 0 95
13630 1 12
13631 0 25
13632 0 31
13633 0 94
13634 0 21
13635 1 18
13636 1 7
13637 0 24
13638 4 0
13639 0 17
13640 1 22
13641 0 16
13642 0 17
13643 94 95
13644 0 30
13645 8 0
13646 3 1
13647 5 0
13648 2 14
13649 1 15
13650 2 13
13651 94 0
13652 4 1
13653 4 3
13654 4 0
13655 1 28
13656 2 14
13657 0 28
13658 3 0
13659 0 23
13660 0 25
13661 1 11
13662 3 3
13663 0 7
13664 2 7
13665 0 20
13666 0 15
13667 1 14
13668 0 16
13669 2 12
13670 95 0
13671 0 8
13672 2 9
13673 0 31
13674 0 30
13675 2 10
13676 4 3
13677 0 27
13678 9 0
13679 0 22
13680 1 20
13681 2 0
13682 95 95
13683 3 1
13684 0 11
13685 0 17
13686 0 24
13687 94 95
13688 5 0
13689 4 1
13690 1 10
13691 2 20
13692 1 12
13693 0 29
13694 2 9
13695 8 0
13696 1 20
13697 1 23
13698 95 95
13699 2 12
13700 0 21
13701 1 11
13702 0 95
13703 2 20
13704 9 0
13705 2 13
13706 5 5
13707 2 16
13708 3 1
13709 0 30
13710 0 7
13711 94 95
13712 0 16
13713 3 3
13714 3 6
13715 0 94
13716 0 26
13717 4 3
13718 2 10
13719 95 95
13720 0 10
13721 4 1
13722 1 17
13723 0 27
13724 3 2
13725 1 22
13726 0 8
13727 2 12
13728 0 23
13729 3 4
13730 0 7
13731 1 18
13732 2 22
13733 0 8
13734 4 5
13735 1 20
13736 2 4
13737 0 17
13738 0 12
13739 0 7
13740 0 5
13741 8 0
13742 3 0
13743 0 29
13744 2 20
13745 1 13
13746 1 22
13747 0 4
13748 0 24
13749 1 14
13750 0 20
13751 1 16
13752 0 30
13753 94 0
13754 2 16
13755 2 2
13756 3 4
13757 0 23
13758 0 26
13759 5 1
13760 0 13
13761 95 0
13762 1 6
13763 94 0
13764 1 16
13765 0 95
13766 1 21
13767 0 5
13768 0 94
13769 5 5
13770 94 95
13771 2 13
13772 2 16
13773 2 19
13774 0 3
13775 5 2
13776 4 5
13777 0 1
13778 0 95
13779 0 29
13780 95 0
13781 0 2
13782 5 1
13783 1 22
13784 2 4
13785 1 21
13786 2 20
13787 0 0
13788 94 0
13789 95 95
13790 95 0
13791 94 0
13792 5 5
13793 0 25
13794 3 5
13795 1 4
13796 2 19
13797 2 12
13798 2 20
13799 2 19
13800 0 12
13801 0 27
13802 5 4
13803 1 25
13804 1 22
13805 94 95
13806 0 94
13807 2 13
13808 95 0
13809 0 3
13810 2 20
13811 0 25
13812 9 0
13813 3 2
13814 2 19
13815 2 0
13816 5 5
13817 5 4
13818 2 4
13819 5 2
13820 0 95
13821 5 5
13822 95 95
13823 0 1
13824 1 4
13825 1 27
13826 0 2
13827 0 13
13828 1 21
13829 2 5
13830 1 12
13831 1 22
13832 1 21
13833 2 3
13834 1 11
13835 0 26
13836 0 28
13837 4 5
13838 0 12
13839 0 4
13840 94 95
13841 0 16
13842 0 14
13843 1 22
13844 0 18
13845 0 94
13846 0 24
13847 1 14
13848 2 27
13849 0 13
13850 1 27
13851 4 0
13852 0 22
13853 8 0
13854 94 0
13855 5 1
13856 9 0
13857 1 20
13858 1 15
13859 0 95
13860 2 12
13861 0 21
13862 1 14
13863 7 0
13864 2 27
13865 3 0
13866 0 29
13867 0 17
13868 95 95
13869 1 4
13870 0 4
13871 5 0
13872 0 22
13873 3 19
13874 10 0
13875 0 27
13876 0 21
13877 2 1
13878 2 9
13879 2 26
13880 0 23
13881 0 24
13882 2 14
13883 0 30
13884 0 16
13885 5 1
13886 1 15
13887 2 17
13888 0 12
13889 2 10
13890 2 19
13891 0 15
13892 3 14
13893 1 14
13894 1 0
13895 5 0
13896 0 11
13897 2 9
13898 1 2
13899 0 23
13900 0 94
13901 0 16
13902 0 29
13903 94 95
13904 0 14
13905 1 10
13906 95 95
13907 1 14
13908 3 19
13909 3 9
13910 3 13
13911 4 0
13912 2 19
13913 3 0
13914 3 14
13915 95 0
13916 2 11
13917 0 10
13918 0 26
13919 3 7
13920 2 9
13921 2 16
13922 0 13
13923 4 0
13924 0 19
13925 2 7
13926 1 17
13927 0 12
13928 1 18
13929 2 25
13930 5 1
13931 9 0
13932 3 7
13933 0 13
13934 3 19
13935 0 24
13936 1 25
13937 2 12
13938 94 95
13939 1 11
13940 5 2
13941 95 95
13942 1 17
13943 0 95
13944 5 1
13945 0 23
13946 94 95
13947 3 0
13948 2 15
13949 0 18
13950 0 11
13951 1 19
13952 95 95
13953 1 11
13954 2 17
13955 1 17
13956 1 24
13957 0 11
13958 0 19
13959 2 10
13960 1 10
13961 0 3
13962 10 0
13963 0 28
13964 0 15
13965 5 0
13966 2 9
13967 0 94
13968 3 18
13969 94 95
13970 4 0
13971 2 18
13972 0 17
13973 0 12
13974 2 17
13975 5 1
13976 94 0
13977 1 13
13978 95 95
13979 0 16
13980 0 14
13981 0 29
13982 1 21
13983 9 0
13984 0 25
13985 0 21
13986 0 0
13987 10 0
13988 0 1
13989 2 11
13990 2 24
13991 3 9
13992 1 23
13993 3 13
13994 2 25
13995 1 17
13996 0 22
13997 0 4
13998 2 9
13999 94 95
14000 1 15
14001 9 0
14002 1 20
14003 0 95
14004 95 0
14005 4 6
14006 94 0
14007 0 24
14008 5 2
14009 0 2
14010 2 0
14011 3 9
14012 2 12
14013 3 5
14014 2 1
14015 10 0
14016 1 18
14017 1 4
14018 3 0
14019 2 5
14020 4 4
14021 1 3
14022 95 0
14023 3 5
14024 2 6
14025 9 0
14026 0 94
14027 4 0
14028 3 3
14029 0 4
14030 0 5
14031 4 2
14032 95 95
14033 1 6
14034 10 0
14035 1 21
14036 0 25
14037 2 15
14038 94 0
14039 94 95
14040 2 6
14041 1 6
14042 1 24
14043 0 20
14044 0 26
14045 0 25
14046 0 18
14047 2 2
14048 0 23
14049 2 11
14050 0 3
14051 0 95
14052 2 6
14053 1 18
14054 5 6
14055 0 0
14056 2 1
14057 2 12
14058 0 18
14059 2 2
14060 0 94
14061 0 95
14062 95 0
14063 0 26
14064 95 95
14065 0 6
14066 0 15
14067 2 11
14068 0 25
14069 0 1
14070 9 0
14071 2 14
14072 0 5
14073 2 0
14074 3 12
14075 0 28
14076 1 18
14077 0 19
14078 0 13
14079 94 95
14080 1 17
14081 95 95
14082 0 0
14083 1 2
14084 94 95
14085 10 0
14086 2 15
14087 0 22
14088 2 14
14089 0 6
14090 1 5
14091 1 18
14092 2 26
14093 1 15
14094 3 13
14095 5 3
14096 1 23
14097 1 4
14098 9 0
14099 2 9
14100 6 3
14101 1 5
14102 0 17
14103 1 4
14104 2 12
14105 0 5
14106 2 11
14107 3 8
14108 0 14
14109 1 16
14110 1 24
14111 5 2
14112 95 95
14113 10 0
14114 2 18
14115 3 12
14116 1 15
14117 0 12
14118 1 1
14119 1 26
14120 0 15
14121 2 4
14122 3 13
14123 1 18
14124 1 20
14125 0 94
14126 0 11
14127 0 13
14128 1 3
14129 6 4
14130 0 4
14131 0 6
14132 1 16
14133 0 5
14134 6 0
14135 7 0
14136 0 27
14137 0 28
14138 0 21
14139 5 0
14140 1 14
14141 94 95
14142 2 13
14143 3 0
14144 4 3
14145 8 0
14146 2 16
14147 2 1
14148 6 0
14149 1 27
14150 1 4
14151 5 1
14152 0 4
14153 0 16
14154 95 95
14155 1 15
14156 0 95
14157 94 0
14158 2 17
14159 1 14
14160 1 5
14161 0 7
14162 0 5
14163 3 11
14164 95 0
14165 1 5
14166 1 0
14167 1 7
14168 2 16
14169 0 22
14170 2 15
14171 0 6
14172 1 26
14173 0 5
14174 5 0
14175 0 27
14176 7 0
14177 2 2
14178 0 12
14179 5 4
14180 2 11
14181 0 0
14182 0 15
14183 1 0
14184 2 18
14185 3 13
14186 2 16
14187 0 1
14188 1 21
14189 2 26
14190 1 16
14191 8 0
14192 0 23
14193 11 0
14194 1 18
14195 94 95
14196 0 21
14197 0 11
14198 2 1
14199 2 12
14200 4 1
14201 2 14
14202 2 2
14203 7 0
14204 94 0
14205 6 0
14206 8 0
14207 5 1
14208 2 18
14209 3 7
14210 1 26
14211 10 0
14212 11 0
14213 0 3
14214 4 1
14215 1 2
14216 1 21
14217 1 14
14218 9 0
14219 5 0
14220 2 3
14221 0 28
14222 0 20
14223 0 22
14224 2 14
14225 1 12
14226 1 27
14227 95 0
14228 0 19
14229 0 26
14230 1 14
14231 0 20
14232 2 14
14233 0 94
14234 2 27
14235 0 23
14236 1 18
14237 1 5
14238 1 22
14239 12 0
14240 3 4
14241 0 19
14242 3 8
14243 2 16
14244 2 18
14245 1 25
14246 6 0
14247 2 12
14248 1 27
14249 0 12
14250 1 21
14251 0 22
14252 94 0
14253 0 23
14254 1 18
14255 2 11
14256 11 0
14257 95 0
14258 1 13
14259 2 18
14260 5 0
14261 3 5
14262 12 0
14263 3 4
14264 3 1
14265 1 4
14266 95 95
14267 1 18
14268 0 22
14269 1 24
14270 1 16
14271 4 6
14272 4 5
14273 0 95
14274 0 24
14275 3 12
14276 2 15
14277 0 14
14278 2 18
14279 0 94
14280 0 15
14281 0 95
14282 1 17
14283 2 5
14284 0 0
14285 2 6
14286 0 14
14287 0 11
14288 8 0
14289 0 1
14290 94 0
14291 1 12
14292 1 16
14293 0 20
14294 0 18
14295 2 2
14296 1 24
14297 3 13
14298 2 27
14299 6 0
14300 2 13
14301 1 2
14302 0 94
14303 0 29
14304 0 24
14305 2 1
14306 3 15
14307 2 17
14308 0 5
14309 1 5
14310 11 0
14311 3 1
14312 2 2
14313 1 4
14314 0 95
14315 0 17
14316 0 12
14317 1 5
14318 0 19
14319 95 0
14320 94 95
14321 94 0
14322 1 27
14323 0 20
14324 0 11
14325 0 94
14326 4 1
14327 0 28
14328 2 27
14329 5 1
14330 0 95
14331 5 0
14332 2 18
14333 10 0
14334 11 0
14335 95 0
14336 94 0
14337 3 6
14338 2 14
14339 0 19
14340 0 0
14341 10 0
14342 0 94
14343 95 0
14344 2 6
14345 3 11
14346 1 20
14347 0 2
14348 1 3
14349 95 95
14350 94 95
14351 0 21
14352 0 4
14353 0 1
14354 1 13
14355 0 95
14356 2 4
14357 2 1
14358 0 0
14359 1 15
14360 94 0
14361 0 94
14362 2 2
14363 0 23
14364 3 3
14365 0 25
14366 95 95
14367 3 6
14368 94 95
14369 0 12
14370 2 6
14371 1 11
14372 0 16
14373 0 11
14374 1 10
14375 0 27
14376 1 1
14377 6 0
14378 3 7
14379 0 17
14380 0 12
14381 1 16
14382 11 0
14383 2 8
14384 2 11
14385 2 26
14386 2 13
14387 0 5
14388 4 1
14389 2 7
14390 1 23
14391 0 22
14392 2 5
14393 0 10
14394 0 95
14395 1 11
14396 10 0
14397 1 18
14398 1 5
14399 95 0
14400 1 24
14401 0 94
14402 95 95
14403 2 15
14404 11 0
14405 1 26
14406 94 0
14407 95 0
14408 2 26
14409 0 5
14410 3 15
14411 0 21
14412 1 23
14413 2 8
14414 2 11
14415 0 24
14416 2 9
14417 0 25
14418 0 23
14419 0 95
14420 2 15
14421 5 0
14422 0 16
14423 7 0
14424 10 0
14425 3 4
14426 1 16
14427 3 6
14428 0 94
14429 0 16
14430 0 15
14431 3 15
14432 0 14
14433 1 15
14434 2 0
14435 3 7
14436 2 6
14437 4 6
14438 9 0
14439 4 0
14440 10 0
14441 3 8
14442 0 28
14443 1 9
14444 1 17
14445 5 0
14446 0 27
14447 1 11
14448 3 1
14449 0 28
14450 2 20
14451 4 5
14452 0 18
14453 1 20
14454 1 5
14455 1 26
14456 4 6
14457 3 14
14458 94 95
14459 1 27
14460 94 0
14461 0 29
14462 0 1
14463 9 0
14464 95 0
14465 4 5
14466 0 19
14467 2 12
14468 94 0
14469 0 95
14470 4 0
14471 0 0
14472 0 18
14473 95 0
14474 2 3
14475 0 27
14476 0 3
14477 1 19
14478 2 14
14479 94 0
14480 2 9
14481 3 6
14482 1 4
14483 0 4
14484 2 7
14485 4 6
14486 2 10
14487 0 11
14488 1 23
14489 3 12
14490 95 95
14491 0 24
14492 3 14
14493 1 2
14494 1 22
14495 0 2
14496 0 19
14497 95 0
14498 2 12
14499 1 7
14500 1 3
14501 2 9
14502 1 20
14503 0 1
14504 2 15
14505 1 18
14506 2 2
14507 1 15
14508 4 8
14509 0 2
14510 0 23
14511 2 20
14512 94 95
14513 3 2
14514 2 6
14515 0 94
14516 2 22
14517 5 0
14518 0 95
14519 95 95
14520 2 3
14521 4 5
14522 1 10
14523 3 0
14524 0 26
14525 2 5
14526 1 21
14527 1 17
14528 0 21
14529 0 18
14530 1 11
14531 0 11
14532 1 11
14533 2 0
14534 2 14
14535 0 11
14536 2 17
14537 1 4
14538 0 24
14539 0 27
14540 0 26
14541 0 23
14542 0 20
14543 0 28
14544 0 29
14545 2 8
14546 0 3
14547 1 11
14548 0 28
14549 0 29
14550 10 0
14551 3 14
14552 94 0
14553 2 10
14554 3 6
14555 2 14
14556 0 5
14557 0 21
14558 0 24
14559 0 23
14560 0 25
14561 3 14
14562 94 95
14563 2 6
14564 1 22
14565 2 5
14566 0 6
14567 1 17
14568 2 7
14569 3 0
14570 0 94
14571 2 13
14572 9 0
14573 2 0
14574 0 5
14575 0 26
14576 2 9
14577 1 10
14578 0 11
14579 95 95
14580 0 24
14581 3 15
14582 94 95
14583 1 23
14584 3 0
14585 1 13
14586 2 8
14587 4 2
14588 0 12
14589 1 0
14590 1 20
14591 0 0
14592 2 2
14593 1 3
14594 2 1
14595 95 0
14596 3 14
14597 2 7
14598 0 6
14599 1 0
14600 2 8
14601 0 27
14602 0 11
14603 0 25
14604 1 11
14605 2 7
14606 1 10
14607 94 0
14608 0 19
14609 0 24
14610 2 14
14611 3 14
14612 0 0
14613 0 13
14614 0 22
14615 95 0
14616 0 17
14617 0 3
14618 3 9
14619 2 3
14620 1 21
14621 0 2
14622 2 23
14623 2 10
14624 0 20
14625 2 14
14626 0 25
14627 0 15
14628 0 4
14629 0 95
14630 1 4
14631 1 12
14632 1 27
14633 0 27
14634 2 13
14635 0 3
14636 1 14
14637 10 0
14638 0 94
14639 1 2
14640 0 95
14641 2 21
14642 1 5
14643 4 6
14644 1 10
14645 9 0
14646 5 1
14647 3 13
14648 95 95
14649 94 95
14650 2 8
14651 0 23
14652 0 2
14653 0 30
14654 0 94
14655 2 5
14656 2 13
14657 1 16
14658 3 2
14659 0 19
14660 4 2
14661 4 0
14662 0 5
14663 95 95
14664 2 0
14665 0 1
14666 0 6
14667 0 3
14668 3 2
14669 0 0
14670 1 5
14671 2 5
14672 0 20
14673 2 10
14674 0 1
14675 0 28
14676 2 14
14677 0 22
14678 1 21
14679 3 13
14680 2 21
14681 1 5
14682 1 21
14683 3 1
14684 0 4
14685 0 31
14686 94 0
14687 0 0
14688 0 27
14689 2 21
14690 2 5
14691 2 12
14692 94 95
14693 1 5
14694 3 2
14695 1 21
14696 1 10
14697 3 10
14698 0 24
14699 0 19
14700 4 13
14701 95 0
14702 3 13
14703 1 12
14704 4 5
14705 3 1
14706 0 30
14707 0 14
14708 2 5
14709 0 2
14710 1 9
14711 1 13
14712 0 3
14713 1 20
14714 10 0
14715 1 5
14716 1 2
14717 0 2
14718 1 21
14719 0 25
14720 0 29
14721 0 15
14722 0 13
14723 0 23
14724 0 30
14725 3 12
14726 2 5
14727 9 0
14728 3 7
14729 1 1
14730 3 13
14731 0 20
14732 0 22
14733 2 12
14734 4 13
14735 1 12
14736 2 16
14737 0 29
14738 1 15
14739 2 2
14740 2 6
14741 10 0
14742 94 0
14743 0 19
14744 2 9
14745 1 20
14746 3 2
14747 0 18
14748 0 19
14749 2 5
14750 0 21
14751 2 8
14752 0 95
14753 0 30
14754 3 1
14755 0 28
14756 0 5
14757 3 3
14758 1 6
14759 3 4
14760 0 94
14761 0 95
14762 2 3
14763 5 2
14764 0 14
14765 0 16
14766 2 10
14767 0 24
14768 1 13
14769 9 0
14770 3 13
14771 0 7
14772 0 3
14773 1 8
14774 0 22
14775 0 2
14776 95 0
14777 0 21
14778 2 17
14779 95 95
14780 1 16
14781 3 2
14782 3 12
14783 94 95
14784 1 9
14785 95 95
14786 3 1
14787 0 23
14788 4 6
14789 2 22
14790 3 2
14791 0 18
14792 0 19
14793 0 18
14794 4 9
14795 10 0
14796 1 15
14797 1 12
14798 1 22
14799 0 94
14800 3 9
14801 2 13
14802 1 8
14803 2 6
14804 2 22
14805 1 17
14806 1 9
14807 0 19
14808 0 31
14809 3 11
14810 4 9
14811 5 0
14812 0 30
14813 0 27
14814 0 17
14815 1 22
14816 3 12
14817 2 5
14818 1 18
14819 1 8
14820 2 18
14821 2 6
14822 0 26
14823 3 9
14824 0 13
14825 1 11
14826 3 11
14827 0 14
14828 3 1
14829 2 5
14830 1 9
14831 3 2
14832 1 12
14833 2 6
14834 4 0
14835 0 16
14836 0 29
14837 3 1
14838 0 25
14839 0 18
14840 2 5
14841 0 12
14842 9 0
14843 2 15
14844 1 16
14845 0 16
14846 1 15
14847 0 4
14848 1 11
14849 4 9
14850 5 0
14851 1 8
14852 0 26
14853 0 17
14854 94 0
14855 2 17
14856 3 2
14857 1 3
14858 0 24
14859 0 10
14860 6 2
14861 2 4
14862 0 23
14863 4 0
14864 95 0
14865 3 9
14866 2 8
14867 0 28
14868 1 12
14869 94 95
14870 1 8
14871 10 0
14872 3 12
14873 2 5
14874 2 22
14875 2 7
14876 1 22
14877 0 8
14878 95 95
14879 0 95
14880 0 25
14881 0 94
14882 3 6
14883 1 8
14884 4 6
14885 1 16
14886 0 95
14887 3 7
14888 0 9
14889 2 4
14890 2 11
14891 2 8
14892 6 0
14893 7 0
14894 5 0
14895 2 10
14896 0 11
14897 0 94
14898 2 11
14899 2 2
14900 0 26
14901 0 12
14902 0 25
14903 9 0
14904 0 16
14905 3 2
14906 0 19
14907 0 26
14908 2 6
14909 10 0
14910 94 0
14911 0 11
14912 0 17
14913 0 12
14914 0 29
14915 0 15
14916 9 0
14917 1 13
14918 2 3
14919 1 9
14920 2 2
14921 0 24
14922 0 13
14923 3 10
14924 0 12
14925 0 28
14926 0 9
14927 0 95
14928 1 8
14929 3 1
14930 95 0
14931 1 6
14932 1 23
14933 10 0
14934 2 4
14935 1 9
14936 2 6
14937 2 8
14938 3 2
14939 0 9
14940 0 18
14941 1 8
14942 3 13
14943 1 9
14944 2 9
14945 1 6
14946 3 12
14947 0 94
14948 4 0
14949 2 6
14950 94 0
14951 0 17
14952 0 18
14953 94 95
14954 0 22
14955 5 0
14956 1 26
14957 1 14
14958 0 13
14959 0 95
14960 2 2
14961 0 17
14962 2 14
14963 0 18
14964 4 5
14965 3 13
14966 4 0
14967 0 26
14968 5 0
14969 1 6
14970 1 9
14971 0 21
14972 95 0
14973 2 5
14974 0 22
14975 94 0
14976 9 0
14977 0 21
14978 4 1
14979 1 13
14980 2 4
14981 95 95
14982 0 14
14983 0 29
14984 2 20
14985 0 22
14986 2 9
14987 2 6
14988 2 15
14989 95 0
14990 1 5
14991 10 0
14992 2 12
14993 3 14
14994 0 13
14995 0 15
14996 94 95
14997 9 0
14998 1 11
14999 2 14
15000 0 6
15001 5 2
15002 0 17
15003 3 2
15004 1 20
15005 0 8
15006 3 12
15007 3 15
15008 3 4
15009 4 6
15010 94 0
15011 2 4
15012 2 18
15013 1 9
15014 1 21
15015 6 2
15016 4 5
15017 2 23
15018 95 95
15019 4 0
15020 0 27
15021 95 0
15022 1 23
15023 2 23
15024 1 20
15025 94 0
15026 1 14
15027 0 26
15028 2 12
15029 95 0
15030 5 2
15031 2 9
15032 1 9
15033 2 2
15034 1 18
15035 4 1
15036 6 2
15037 5 2
15038 3 4
15039 2 14
15040 1 14
15041 2 15
15042 2 4
15043 3 5
15044 0 27
15045 3 15
15046 0 26
15047 0 28
15048 6 2
15049 94 95
15050 2 13
15051 10 0
15052 94 0
15053 0 12
15054 0 1
15055 1 23
15056 0 21
15057 3 4
15058 2 9
15059 9 0
15060 0 0
15061 2 20
15062 2 11
15063 7 1
15064 5 2
15065 0 13
15066 2 3
15067 0 94
15068 1 9
15069 7 0
15070 6 2
15071 95 0
15072 1 3
15073 0 12
15074 2 9
15075 94 0
15076 2 15
15077 4 5
15078 0 95
15079 2 18
15080 4 6
15081 3 2
15082 0 22
15083 0 13
15084 3 15
15085 0 12
15086 1 9
15087 1 18
15088 2 18
15089 3 13
15090 3 0
15091 2 1
15092 0 29
15093 1 20
15094 10 0
15095 2 9
15096 2 2
15097 8 0
15098 2 15
15099 1 1
15100 5 2
15101 0 21
15102 1 8
15103 0 7
15104 3 15
15105 2 0
15106 0 22
15107 2 15
15108 0 13
15109 95 0
15110 6 2
15111 95 95
15112 1 13
15113 1 9
15114 0 18
15115 94 95
15116 94 0
15117 0 94
15118 4 5
15119 0 12
15120 6 0
15121 1 14
15122 2 17
15123 2 4
15124 0 13
15125 2 13
15126 0 95
15127 0 12
15128 2 23
15129 0 21
15130 1 23
15131 3 15
15132 0 14
15133 1 12
15134 95 0
15135 3 4
15136 1 22
15137 2 15
15138 1 23
15139 0 94
15140 8 1
15141 0 12
15142 4 6
15143 2 8
15144 1 11
15145 4 5
15146 1 8
15147 5 2
15148 1 13
15149 95 95
15150 2 13
15151 4 6
15152 0 28
15153 4 0
15154 1 22
15155 0 16
15156 1 17
15157 7 0
15158 2 17
15159 1 13
15160 1 14
15161 6 0
15162 2 4
15163 4 5
15164 0 95
15165 1 16
15166 7 0
15167 2 11
15168 2 18
15169 0 29
15170 9 0
15171 2 9
15172 0 8
15173 0 11
15174 0 17
15175 4 10
15176 1 23
15177 3 4
15178 8 2
15179 1 8
15180 0 14
15181 3 0
15182 94 0
15183 0 18
15184 0 22
15185 4 6
15186 4 2
15187 1 12
15188 2 17
15189 0 21
15190 0 13
15191 7 2
15192 0 1
15193 1 22
15194 2 4
15195 2 18
15196 2 0
15197 0 8
15198 3 2
15199 0 2
15200 3 8
15201 10 0
15202 0 23
15203 1 9
15204 0 24
15205 0 28
15206 0 23
15207 0 6
15208 2 8
15209 4 5
15210 0 14
15211 1 10
15212 0 24
15213 3 10
15214 0 94
15215 1 13
15216 94 95
15217 0 23
15218 0 12
15219 0 7
15220 0 11
15221 9 0
15222 10 0
15223 0 12
15224 6 0
15225 95 95
15226 2 13
15227 7 0
15228 1 12
15229 1 8
15230 5 0
15231 9 0
15232 0 95
15233 0 25
15234 0 9
15235 0 13
15236 2 7
15237 6 2
15238 0 17
15239 3 5
15240 0 12
15241 1 18
15242 4 1
15243 0 8
15244 1 7
15245 0 10
15246 0 26
15247 1 11
15248 2 2
15249 3 9
15250 2 10
15251 2 6
15252 1 12
15253 3 4
15254 3 13
15255 2 11
15256 1 10
15257 10 0
15258 0 14
15259 1 13
15260 9 0
15261 0 11
15262 0 29
15263 2 9
15264 10 0
15265 0 10
15266 0 16
15267 3 0
15268 2 18
15269 6 0
15270 1 12
15271 5 0
15272 2 22
15273 1 18
15274 6 0
15275 4 2
15276 0 28
15277 2 14
15278 0 29
15279 3 11
15280 0 12
15281 0 11
15282 9 0
15283 0 25
15284 1 23
15285 2 4
15286 4 1
15287 0 17
15288 5 0
15289 2 21
15290 1 13
15291 10 0
15292 1 12
15293 0 28
15294 2 0
15295 3 2
15296 2 15
15297 0 16
15298 1 10
15299 2 10
15300 2 22
15301 0 18
15302 0 27
15303 2 21
15304 2 22
15305 1 8
15306 0 13
15307 1 10
15308 94 95
15309 0 22
15310 3 0
15311 2 13
15312 95 95
15313 2 10
15314 0 24
15315 2 2
15316 3 2
15317 9 0
15318 3 15
15319 0 8
15320 0 21
15321 2 20
15322 0 94
15323 1 8
15324 0 15
15325 1 20
15326 10 0
15327 0 17
15328 0 22
15329 0 26
15330 0 20
15331 2 0
15332 0 19
15333 2 3
15334 0 21
15335 0 14
15336 94 95
15337 0 7
15338 3 4
15339 2 2
15340 0 22
15341 3 5
15342 3 12
15343 0 10
15344 0 11
15345 2 15
15346 3 1
15347 0 20
15348 0 19
15349 3 15
15350 1 11
15351 5 2
15352 0 20
15353 3 9
15354 3 8
15355 0 6
15356 3 4
15357 0 15
15358 1 12
15359 1 10
15360 0 3
15361 1 3
15362 2 16
15363 3 2
15364 4 0
15365 2 14
15366 1 13
15367 5 1
15368 9 0
15369 0 27
15370 0 25
15371 10 0
15372 95 0
15373 1 15
15374 2 12
15375 0 15
15376 0 16
15377 0 18
15378 2 10
15379 1 12
15380 1 24
15381 4 15
15382 1 11
15383 3 12
15384 1 14
15385 1 15
15386 0 8
15387 2 17
15388 1 12
15389 3 11
15390 2 5
15391 5 0
15392 9 0
15393 0 15
15394 3 15
15395 95 95
15396 0 28
15397 10 0
15398 94 95
15399 1 8
15400 0 95
15401 94 0
15402 2 14
15403 1 16
15404 4 2
15405 8 0
15406 7 0
15407 0 23
15408 9 0
15409 2 12
15410 1 13
15411 0 27
15412 0 14
15413 0 16
15414 0 12
15415 10 0
15416 1 10
15417 3 3
15418 2 24
15419 0 22
15420 1 11
15421 1 18
15422 0 94
15423 3 4
15424 0 23
15425 0 95
15426 3 3
15427 0 11
15428 4 0
15429 0 17
15430 0 22
15431 0 28
15432 9 0
15433 5 0
15434 0 94
15435 0 5
15436 0 16
15437 1 24
15438 3 5
15439 10 0
15440 0 95
15441 0 23
15442 0 3
15443 3 10
15444 0 13
15445 4 3
15446 0 8
15447 3 16
15448 0 27
15449 1 22
15450 0 28
15451 1 10
15452 0 19
15453 95 95
15454 1 13
15455 2 8
15456 2 9
15457 1 5
15458 0 13
15459 1 11
15460 1 13
15461 0 12
15462 0 20
15463 9 0
15464 2 2
15465 0 94
15466 10 0
15467 1 10
15468 0 15
15469 1 11
15470 4 0
15471 0 18
15472 0 11
15473 0 14
15474 1 10
15475 2 24
15476 1 8
15477 3 15
15478 1 24
15479 0 8
15480 3 16
15481 0 27
15482 3 15
15483 4 2
15484 0 2
15485 2 8
15486 0 21
15487 0 12
15488 2 24
15489 2 22
15490 1 11
15491 0 10
15492 0 19
15493 3 16
15494 6 0
15495 3 12
15496 2 15
15497 1 25
15498 0 24
15499 0 3
15500 0 22
15501 0 17
15502 94 95
15503 95 0
15504 94 0
15505 1 26
15506 0 9
15507 1 4
15508 2 12
15509 1 14
15510 1 5
15511 0 25
15512 9 0
15513 95 0
15514 1 4
15515 95 95
15516 0 4
15517 0 20
15518 0 28
15519 1 24
15520 0 8
15521 0 95
15522 1 23
15523 8 0
15524 4 5
15525 1 27
15526 3 0
15527 9 0
15528 0 94
15529 0 3
15530 0 16
15531 1 10
15532 0 4
15533 1 26
15534 4 0
15535 0 13
15536 0 15
15537 4 3
15538 2 21
15539 1 21
15540 0 16
15541 1 9
15542 3 5
15543 0 24
15544 2 11
15545 1 12
15546 0 11
15547 0 10
15548 94 95
15549 0 26
15550 0 3
15551 2 21
15552 4 16
15553 7 0
15554 6 0
15555 0 11
15556 4 5
15557 8 0
15558 1 10
15559 1 17
15560 9 0
15561 0 29
15562 0 9
15563 94 0
15564 0 14
15565 3 5
15566 2 12
15567 2 11
15568 0 28
15569 95 95
15570 1 13
15571 0 15
15572 1 5
15573 0 8
15574 7 0
15575 1 4
15576 0 9
15577 2 23
15578 95 0
15579 4 2
15580 1 23
15581 5 0
15582 0 95
15583 3 9
15584 0 5
15585 0 8
15586 0 17
15587 10 0
15588 0 29
15589 2 4
15590 94 95
15591 94 0
15592 0 25
15593 1 21
15594 0 19
15595 0 28
15596 4 5
15597 95 95
15598 1 24
15599 1 4
15600 0 20
15601 95 0
15602 0 9
15603 2 13
15604 0 18
15605 0 23
15606 2 4
15607 94 95
15608 0 22
15609 1 9
15610 1 3
15611 94 0
15612 1 10
15613 9 0
15614 0 16
15615 3 13
15616 1 9
15617 0 4
15618 2 21
15619 0 94
15620 1 18
15621 10 0
15622 3 5
15623 1 13
15624 0 8
15625 3 16
15626 3 12
15627 0 23
15628 4 5
15629 0 10
15630 0 18
15631 3 17
15632 0 11
15633 0 7
15634 2 17
15635 1 16
15636 2 18
15637 2 24
15638 0 22
15639 4 0
15640 95 0
15641 95 95
15642 1 20
15643 0 21
15644 1 12
15645 3 5
15646 0 10
15647 2 17
15648 2 14
15649 0 6
15650 0 22
15651 3 13
15652 3 12
15653 4 3
15654 0 95
15655 0 94
15656 1 26
15657 0 21
15658 3 13
15659 0 11
15660 5 0
15661 94 0
15662 4 2
15663 0 95
15664 95 0
15665 9 0
15666 10 0
15667 2 18
15668 94 95
15669 2 22
15670 1 19
15671 1 22
15672 95 95
15673 3 10
15674 1 13
15675 1 23
15676 9 0
15677 2 17
15678 0 16
15679 0 9
15680 4 3
15681 0 94
15682 2 15
15683 4 5
15684 2 12
15685 0 23
15686 0 5
15687 2 11
15688 2 12
15689 0 13
15690 1 17
15691 0 95
15692 94 0
15693 95 0
15694 1 24
15695 4 2
15696 2 17
15697 1 14
15698 1 27
15699 1 17
15700 3 5
15701 4 3
15702 4 2
15703 4 3
15704 0 19
15705 0 26
15706 94 0
15707 0 15
15708 4 2
15709 1 21
15710 1 12
15711 0 6
15712 2 10
15713 1 25
15714 3 8
15715 0 5
15716 1 24
15717 0 22
15718 0 3
15719 2 16
15720 94 95
15721 0 6
15722 0 24
15723 2 14
15724 0 21
15725 3 16
15726 3 12
15727 2 8
15728 0 5
15729 0 94
15730 0 22
15731 0 8
15732 3 8
15733 95 0
15734 2 19
15735 0 9
15736 0 8
15737 1 11
15738 0 6
15739 2 16
15740 0 18
15741 1 12
15742 0 5
15743 0 21
15744 0 19
15745 2 18
15746 1 11
15747 1 20
15748 0 9
15749 0 95
15750 0 7
15751 0 16
15752 0 94
15753 0 95
15754 95 95
15755 0 14
15756 1 9
15757 94 95
15758 4 0
15759 4 5
15760 0 15
15761 0 23
15762 0 24
15763 0 16
15764 5 3
15765 0 23
15766 4 3
15767 3 16
15768 5 4
15769 0 94
15770 0 15
15771 0 18
15772 2 16
15773 5 0
15774 4 2
15775 0 16
15776 0 20
15777 2 12
15778 3 12
15779 1 19
15780 0 95
15781 1 12
15782 0 10
15783 5 3
15784 0 13
15785 4 1
15786 1 11
15787 3 5
15788 4 0
15789 0 17
15790 0 8
15791 3 16
15792 4 2
15793 4 5
15794 1 14
15795 1 8
15796 1 15
15797 1 12
15798 1 14
15799 0 22
15800 0 6
15801 6 0
15802 0 19
15803 2 16
15804 5 4
15805 0 20
15806 95 95
15807 0 5
15808 2 15
15809 0 15
15810 0 23
15811 0 7
15812 2 9
15813 1 11
15814 94 0
15815 1 13
15816 0 21
15817 2 27
15818 95 0
15819 0 19
15820 2 10
15821 1 16
15822 0 12
15823 8 0
15824 3 5
15825 0 25
15826 0 26
15827 1 6
15828 1 5
15829 4 3
15830 1 18
15831 2 12
15832 94 0
15833 0 9
15834 2 9
15835 1 3
15836 3 6
15837 0 14
15838 0 24
15839 1 27
15840 0 94
15841 2 10
15842 3 0
15843 2 18
15844 9 0
15845 4 2
15846 8 0
15847 1 14
15848 4 0
15849 94 95
15850 0 5
15851 2 27
15852 0 23
15853 0 10
15854 0 13
15855 0 11
15856 95 0
15857 1 27
15858 1 11
15859 1 9
15860 0 24
15861 0 15
15862 1 18
15863 2 13
15864 94 0
15865 0 16
15866 0 18
15867 2 8
15868 0 95
15869 0 19
15870 95 95
15871 0 1
15872 0 18
15873 3 0
15874 95 0
15875 2 7
15876 4 3
15877 2 12
15878 1 8
15879 0 20
15880 94 95
15881 2 27
15882 1 19
15883 0 94
15884 1 17
15885 2 17
15886 3 5
15887 95 95
15888 2 9
15889 0 11
15890 0 0
15891 94 95
15892 4 0
15893 1 16
15894 94 0
15895 0 16
15896 0 17
15897 95 95
15898 9 0
15899 2 10
15900 0 1
15901 1 12
15902 0 3
15903 0 95
15904 2 12
15905 0 21
15906 2 9
15907 0 19
15908 1 5
15909 2 18
15910 4 2
15911 1 3
15912 1 11
15913 7 0
15914 10 0
15915 0 23
15916 0 9
15917 2 13
15918 1 27
15919 2 12
15920 2 16
15921 4 3
15922 0 24
15923 9 0
15924 3 7
15925 2 27
15926 2 13
15927 0 94
15928 1 26
15929 4 2
15930 2 15
15931 1 19
15932 0 10
15933 2 16
15934 0 18
15935 5 0
15936 4 3
15937 1 15
15938 0 26
15939 0 23
15940 0 95
15941 1 27
15942 1 20
15943 4 2
15944 95 0
15945 0 5
15946 1 19
15947 0 94
15948 0 95
15949 0 25
15950 3 16
15951 1 12
15952 0 9
15953 2 16
15954 1 11
15955 0 12
15956 10 0
15957 1 10
15958 1 23
15959 0 20
15960 0 21
15961 0 11
15962 4 3
15963 3 9
15964 0 24
15965 0 25
15966 0 29
15967 4 2
15968 0 17
15969 0 0
15970 0 27
15971 2 10
15972 3 18
15973 2 8
15974 0 12
15975 4 9
15976 94 0
15977 2 18
15978 94 95
15979 1 8
15980 1 27
15981 1 17
15982 0 20
15983 4 3
15984 4 5
15985 8 0
15986 7 0
15987 3 5
15988 3 9
15989 9 0
15990 1 5
15991 0 94
15992 0 27
15993 0 14
15994 0 95
15995 4 5
15996 2 6
15997 95 0
15998 3 16
15999 4 2
16000 1 27
16001 2 16
16002 4 3
16003 0 10
16004 0 15
16005 2 15
16006 2 16
16007 10 0
16008 0 27
16009 2 11
16010 1 27
16011 0 23
16012 3 5
16013 3 18
16014 0 22
16015 95 95
16016 1 9
16017 0 5
16018 0 16
16019 9 0
16020 1 11
16021 94 0
16022 1 5
16023 0 94
16024 0 6
16025 0 15
16026 7 1
16027 4 2
16028 2 18
16029 4 0
16030 94 95
16031 0 23
16032 5 0
16033 0 28
16034 2 11
16035 0 26
16036 1 8
16037 2 15
16038 1 14
16039 0 7
16040 0 6
16041 0 16
16042 2 27
16043 1 27
16044 0 9
16045 0 7
16046 3 18
16047 95 95
16048 8 0
16049 0 10
16050 3 13
16051 4 5
16052 0 95
16053 2 27
16054 0 22
16055 7 2
16056 4 0
16057 94 95
16058 2 16
16059 1 27
16060 0 25
16061 7 0
16062 95 0
16063 95 95
16064 2 13
16065 94 0
16066 2 18
16067 3 13
16068 3 18
16069 6 2
16070 95 0
16071 0 94
16072 0 21
16073 2 18
16074 94 95
16075 6 0
16076 3 18
16077 95 95
16078 2 17
16079 0 5
16080 2 9
16081 2 13
16082 94 0
16083 0 20
16084 3 9
16085 3 0
16086 0 95
16087 0 23
16088 0 26
16089 4 3
16090 2 15
16091 6 3
16092 6 2
16093 3 13
16094 0 15
16095 0 21
16096 0 94
16097 95 0
16098 0 95
16099 94 0
16100 0 24
16101 0 20
16102 3 15
16103 1 17
16104 1 5
16105 1 13
16106 4 0
16107 2 27
16108 2 19
16109 1 26
16110 0 11
16111 0 9
16112 0 27
16113 3 0
16114 6 3
16115 0 94
16116 2 8
16117 0 14
16118 4 0
16119 1 8
16120 6 2
16121 7 0
16122 0 5
16123 1 16
16124 3 5
16125 0 15
16126 2 8
16127 1 5
16128 2 15
16129 0 17
16130 0 95
16131 1 8
16132 0 23
16133 94 95
16134 2 8
16135 2 10
16136 0 28
16137 0 22
16138 0 94
16139 1 8
16140 0 12
16141 2 14
16142 6 0
16143 4 2
16144 2 16
16145 0 23
16146 0 10
16147 1 14
16148 1 19
16149 4 5
16150 0 26
16151 0 22
16152 0 14
16153 1 27
16154 95 0
16155 0 11
16156 3 5
16157 95 95
16158 3 0
16159 0 5
16160 0 16
16161 2 27
16162 94 0
16163 1 5
16164 4 5
16165 1 15
16166 7 0
16167 0 17
16168 0 16
16169 1 18
16170 2 11
16171 2 15
16172 0 19
16173 95 0
16174 2 10
16175 3 12
16176 4 0
16177 0 9
16178 1 10
16179 1 15
16180 1 12
16181 5 0
16182 0 5
16183 2 10
16184 0 21
16185 0 22
16186 4 3
16187 4 9
16188 0 13
16189 4 0
16190 0 25
16191 3 17
16192 94 0
16193 0 27
16194 6 0
16195 1 14
16196 3 9
16197 1 6
16198 95 0
16199 7 0
16200 1 10
16201 2 9
16202 0 24
16203 0 25
16204 6 0
16205 1 5
16206 0 21
16207 2 15
16208 2 16
16209 3 18
16210 0 22
16211 1 17
16212 2 10
16213 2 26
16214 0 15
16215 0 24
16216 0 10
16217 3 11
16218 0 12
16219 94 0
16220 4 2
16221 3 12
16222 0 21
16223 3 9
16224 0 16
16225 0 23
16226 1 26
16227 4 9
16228 1 18
16229 0 5
16230 0 18
16231 0 95
16232 3 0
16233 94 95
16234 95 0
16235 3 17
16236 3 5
16237 3 18
16238 0 24
16239 2 8
16240 0 13
16241 94 0
16242 1 25
16243 3 17
16244 95 0
16245 4 5
16246 94 0
16247 0 11
16248 1 11
16249 1 15
16250 1 14
16251 1 26
16252 0 20
16253 0 15
16254 0 94
16255 1 5
16256 0 10
16257 0 11
16258 0 5
16259 0 12
16260 1 8
16261 3 18
16262 95 0
16263 1 17
16264 0 95
16265 94 0
16266 2 12
16267 1 25
16268 0 17
16269 0 18
16270 0 26
16271 2 18
16272 0 10
16273 2 25
16274 0 21
16275 3 5
16276 0 3
16277 0 94
16278 1 25
16279 1 13
16280 0 23
16281 1 3
16282 3 12
16283 2 9
16284 0 19
16285 2 10
16286 1 21
16287 0 95
16288 1 14
16289 0 21
16290 0 94
16291 2 8
16292 0 27
16293 0 18
16294 4 0
16295 4 3
16296 3 0
16297 0 13
16298 0 95
16299 4 2
16300 2 14
16301 3 9
16302 0 26
16303 0 12
16304 2 6
16305 4 3
16306 1 6
16307 0 19
16308 0 14
16309 0 3
16310 0 24
16311 1 3
16312 0 27
16313 4 2
16314 0 18
16315 2 19
16316 0 19
16317 3 16
16318 1 26
16319 0 18
16320 95 95
16321 2 16
16322 2 11
16323 0 94
16324 0 28
16325 1 10
16326 1 5
16327 0 10
16328 3 10
16329 94 95
16330 4 3
16331 3 9
16332 0 5
16333 4 2
16334 7 0
16335 4 3
16336 3 16
16337 4 2
16338 0 19
16339 0 26
16340 2 18
16341 1 5
16342 1 26
16343 0 95
16344 0 5
16345 0 23
16346 2 10
16347 2 19
16348 4 3
16349 5 0
16350 1 21
16351 0 18
16352 0 22
16353 0 3
16354 0 26
16355 2 13
16356 1 3
16357 0 94
16358 8 0
16359 3 11
16360 4 9
16361 0 25
16362 95 0
16363 0 13
16364 1 16
16365 4 0
16366 4 2
16367 0 95
16368 3 0
16369 2 12
16370 2 13
16371 1 19
16372 4 1
16373 3 9
16374 4 2
16375 0 23
16376 0 21
16377 1 12
16378 2 14
16379 2 13
16380 0 94
16381 4 9
16382 1 8
16383 7 0
16384 0 26
16385 3 9
16386 1 5
16387 0 16
16388 0 20
16389 8 0
16390 4 0
16391 0 29
16392 1 11
16393 0 28
16394 7 0
16395 1 16
16396 0 25
16397 1 12
16398 3 12
16399 2 19
16400 95 95
16401 0 27
16402 3 11
16403 0 16
16404 0 12
16405 2 14
16406 0 21
16407 94 0
16408 6 1
16409 0 20
16410 95 0
16411 1 19
16412 3 0
16413 1 11
16414 0 22
16415 0 5
16416 3 12
16417 0 3
16418 0 24
16419 4 9
16420 6 2
16421 8 0
16422 94 0
16423 0 95
16424 6 0
16425 0 25
16426 4 0
16427 0 28
16428 0 94
16429 1 3
16430 4 3
16431 94 95
16432 2 9
16433 5 2
16434 5 0
16435 0 27
16436 0 95
16437 2 13
16438 2 10
16439 2 8
16440 4 0
16441 4 2
16442 3 9
16443 1 14
16444 0 94
16445 4 3
16446 0 15
16447 1 12
16448 1 11
16449 3 11
16450 5 0
16451 0 28
16452 0 24
16453 0 95
16454 4 0
16455 3 12
16456 1 13
16457 5 0
16458 0 27
16459 1 5
16460 0 5
16461 2 11
16462 2 16
16463 1 10
16464 2 19
16465 0 17
16466 2 14
16467 3 13
16468 0 94
16469 0 19
16470 0 25
16471 0 24
16472 0 14
16473 1 5
16474 1 12
16475 2 18
16476 0 26
16477 4 2
16478 4 1
16479 9 0
16480 95 0
16481 4 0
16482 0 5
16483 4 2
16484 1 13
16485 1 18
16486 1 9
16487 3 10
16488 4 5
16489 5 2
16490 0 27
16491 0 25
16492 1 8
16493 5 1
16494 8 0
16495 1 16
16496 3 0
16497 94 0
16498 5 0
16499 9 0
16500 1 5
16501 3 9
16502 3 12
16503 95 95
16504 1 10
16505 3 5
16506 3 13
16507 3 12
16508 1 15
16509 94 95
16510 95 0
16511 0 20
16512 1 12
16513 0 95
16514 2 10
16515 8 0
16516 94 0
16517 3 11
16518 1 13
16519 0 28
16520 4 1
16521 0 16
16522 3 1
16523 3 12
16524 0 94
16525 0 19
16526 3 14
16527 4 0
16528 0 27
16529 0 21
16530 0 11
16531 2 15
16532 6 1
16533 2 7
16534 0 95
16535 2 8
16536 1 9
16537 1 8
16538 4 9
16539 0 24
16540 1 9
16541 5 0
16542 2 12
16543 0 6
16544 4 5
16545 2 6
16546 0 12
16547 4 0
16548 0 5
16549 3 13
16550 3 14
16551 1 5
16552 0 94
16553 5 0
16554 0 17
16555 95 95
16556 3 0
16557 95 0
16558 0 16
16559 3 12
16560 0 5
16561 1 8
16562 3 1
16563 2 11
16564 4 0
16565 4 3
16566 3 3
16567 94 95
16568 4 14
16569 2 8
16570 1 15
16571 0 95
16572 1 10
16573 1 5
16574 3 6
16575 94 0
16576 0 26
16577 0 27
16578 0 23
16579 0 26
16580 1 21
16581 2 15
16582 0 15
16583 0 20
16584 0 25
16585 3 14
16586 5 0
16587 0 10
16588 4 14
16589 95 0
16590 1 14
16591 0 17
16592 2 16
16593 0 13
16594 0 16
16595 0 22
16596 2 15
16597 94 0
16598 3 14
16599 0 12
16600 95 0
16601 0 94
16602 0 13
16603 0 14
16604 3 0
16605 1 15
16606 2 21
16607 0 95
16608 1 6
16609 95 95
16610 94 0
16611 6 0
16612 0 12
16613 1 21
16614 5 0
16615 0 18
16616 4 3
16617 95 0
16618 3 1
16619 7 0
16620 1 17
16621 1 12
16622 1 5
16623 2 10
16624 1 8
16625 2 14
16626 2 17
16627 8 0
16628 3 9
16629 0 17
16630 1 16
16631 0 23
16632 2 18
16633 1 6
16634 94 95
16635 94 0
16636 7 1
16637 0 12
16638 6 0
16639 95 0
16640 2 8
16641 7 2
16642 4 9
16643 0 22
16644 3 9
16645 0 5
16646 1 5
16647 4 0
16648 2 6
16649 1 6
16650 1 12
16651 0 24
16652 2 21
16653 1 15
16654 2 17
16655 4 9
16656 1 22
16657 9 0
16658 1 8
16659 3 3
16660 2 16
16661 2 7
16662 5 0
16663 2 5
16664 94 0
16665 0 94
16666 0 23
16667 0 22
16668 3 11
16669 2 9
16670 0 12
16671 1 12
16672 7 0
16673 2 17
16674 0 16
16675 0 1
16676 6 0
16677 4 8
16678 2 11
16679 1 18
16680 8 0
16681 0 19
16682 0 12
16683 3 8
16684 2 16
16685 0 6
16686 0 21
16687 95 95
16688 0 2
16689 9 0
16690 0 13
16691 1 5
16692 2 17
16693 1 11
16694 95 0
16695 7 1
16696 0 15
16697 94 0
16698 2 10
16699 7 2
16700 1 9
16701 0 95
16702 0 94
16703 3 5
16704 3 10
16705 2 16
16706 0 20
16707 0 95
16708 1 6
16709 94 95
16710 95 0
16711 2 10
16712 7 0
16713 1 15
16714 3 9
16715 2 17
16716 1 21
16717 0 18
16718 2 13
16719 1 19
16720 0 17
16721 3 8
16722 1 14
16723 1 22
16724 1 12
16725 3 9
16726 4 0
16727 95 95
16728 1 8
16729 6 0
16730 0 21
16731 4 3
16732 7 0
16733 1 9
16734 2 16
16735 5 0
16736 10 0
16737 0 12
16738 1 15
16739 0 94
16740 94 0
16741 0 24
16742 2 12
16743 0 18
16744 1 20
16745 8 0
16746 1 14
16747 94 95
16748 2 13
16749 2 12
16750 0 14
16751 0 15
16752 0 95
16753 95 95
16754 1 19
16755 0 13
16756 3 2
16757 2 2
16758 0 16
16759 1 8
16760 0 94
16761 3 6
16762 0 20
16763 2 19
16764 2 9
16765 0 21
16766 0 23
16767 95 0
16768 3 8
16769 11 0
16770 3 2
16771 2 5
16772 4 8
16773 1 10
16774 2 22
16775 2 15
16776 0 20
16777 1 18
16778 4 1
16779 2 2
16780 3 1
16781 3 5
16782 1 22
16783 10 0
16784 0 11
16785 2 11
16786 11 0
16787 3 8
16788 2 12
16789 0 14
16790 0 13
16791 7 0
16792 4 8
16793 4 5
16794 2 16
16795 0 19
16796 1 5
16797 0 1
16798 94 0
16799 1 17
16800 0 24
16801 1 15
16802 3 8
16803 0 22
16804 4 1
16805 3 16
16806 4 0
16807 4 8
16808 94 95
16809 2 15
16810 0 6
16811 0 25
16812 0 15
16813 0 95
16814 3 5
16815 95 0
16816 2 18
16817 0 94
16818 6 0
16819 0 21
16820 2 14
16821 2 15
16822 2 19
16823 2 14
16824 0 2
16825 1 14
16826 10 0
16827 0 1
16828 94 0
16829 3 3
16830 0 95
16831 2 16
16832 2 18
16833 7 0
16834 1 12
16835 95 95
16836 0 22
16837 0 21
16838 2 19
16839 2 12
16840 4 3
16841 1 12
16842 2 18
16843 3 9
16844 1 6
16845 2 12
16846 4 7
16847 1 13
16848 0 16
16849 2 9
16850 0 94
16851 0 3
16852 3 16
16853 0 18
16854 1 4
16855 2 15
16856 3 1
16857 3 3
16858 0 19
16859 2 5
16860 6 0
16861 94 95
16862 95 95
16863 3 4
16864 2 11
16865 0 2
16866 0 18
16867 3 2
16868 0 15
16869 0 8
16870 1 5
16871 2 12
16872 4 8
16873 0 19
16874 95 0
16875 0 16
16876 0 18
16877 94 95
16878 0 95
16879 2 19
16880 94 0
16881 0 94
16882 0 14
16883 4 1
16884 3 0
16885 1 8
16886 95 0
16887 0 20
16888 1 11
16889 5 0
16890 3 8
16891 4 8
16892 2 5
16893 1 5
16894 0 12
16895 0 3
16896 0 19
16897 2 18
16898 0 2
16899 4 0
16900 2 3
16901 0 8
16902 0 18
16903 4 6
16904 1 10
16905 2 6
16906 0 3
16907 3 9
16908 4 5
16909 9 0
16910 8 0
16911 3 17
16912 0 11
16913 95 95
16914 4 1
16915 2 1
16916 94 0
16917 1 15
16918 1 8
16919 0 5
16920 3 16
16921 4 7
16922 94 95
16923 95 0
16924 4 0
16925 0 6
16926 0 12
16927 0 13
16928 2 16
16929 1 0
16930 0 4
16931 3 6
16932 95 95
16933 1 11
16934 0 21
16935 1 2
16936 0 17
16937 3 16
16938 0 10
16939 0 20
16940 2 5
16941 4 8
16942 1 10
16943 0 0
16944 1 5
16945 0 15
16946 94 95
16947 0 2
16948 2 11
16949 0 95
16950 0 14
16951 4 2
16952 2 17
16953 6 0
16954 2 5
16955 9 0
16956 0 11
16957 1 4
16958 0 1
16959 0 16
16960 0 5
16961 0 0
16962 1 12
16963 1 13
16964 2 15
16965 0 94
16966 8 0
16967 1 16
16968 5 0
16969 9 0
16970 0 3
16971 8 0
16972 95 95
16973 0 1
16974 0 95
16975 2 9
16976 6 1
16977 0 17
16978 1 5
16979 2 13
16980 3 8
16981 3 13
16982 3 2
16983 2 18
16984 4 0
16985 1 13
16986 0 12
16987 0 0
16988 0 11
16989 5 0
16990 0 12
16991 0 94
16992 2 12
16993 2 14
16994 3 15
16995 0 11
16996 94 95
16997 4 0
16998 4 13
16999 7 0
17000 1 6
17001 2 11
17002 2 12
17003 0 12
17004 1 15
17005 4 2
17006 2 11
17007 0 8
17008 95 95
17009 2 0
17010 1 0
17011 8 0
17012 7 0
17013 4 6
17014 0 16
17015 8 0
17016 1 12
17017 94 95
17018 2 13
17019 6 0
17020 0 95
17021 0 13
17022 3 6
17023 6 1
17024 0 11
17025 1 18
17026 0 19
17027 6 0
17028 6 1
17029 3 2
17030 0 24
17031 94 0
17032 0 2
17033 6 0
17034 0 0
17035 1 17
17036 1 2
17037 3 1
17038 4 6
17039 6 1
17040 4 8
17041 1 14
17042 1 8
17043 5 0
17044 2 6
17045 0 18
17046 3 11
17047 0 15
17048 4 0
17049 0 6
17050 0 16
17051 0 15
17052 2 11
17053 3 8
17054 95 0
17055 7 0
17056 6 0
17057 1 0
17058 0 5
17059 3 11
17060 1 16
17061 95 95
17062 0 8
17063 0 17
17064 0 18
17065 1 8
17066 0 16
17067 0 19
17068 2 10
17069 3 0
17070 0 2
17071 1 5
17072 8 0
17073 0 94
17074 1 9
17075 4 12
17076 3 13
17077 4 0
17078 5 12
17079 0 4
17080 0 5
17081 2 14
17082 4 7
17083 4 13
17084 0 9
17085 3 16
17086 3 2
17087 0 18
17088 1 9
17089 5 7
17090 0 8
17091 6 1
17092 94 95
17093 7 0
17094 0 19
17095 3 15
17096 5 11
17097 1 14
17098 0 15
17099 3 12
17100 3 11
17101 2 9
17102 2 10
17103 1 8
17104 3 12
17105 3 11
17106 5 10
17107 3 13
17108 8 0
17109 6 0
17110 0 23
17111 0 18
17112 0 22
17113 3 9
17114 0 21
17115 0 20
17116 4 6
17117 1 17
17118 3 8
17119 6 1
17120 6 0
17121 4 5
17122 0 95
17123 95 95
17124 0 17
17125 1 16
17126 2 9
17127 2 15
17128 3 0
17129 0 18
17130 3 6
17131 2 11
17132 0 94
17133 1 17
17134 0 95
17135 0 9
17136 1 4
17137 4 8
17138 0 16
17139 0 19
17140 0 21
17141 4 10
17142 2 13
17143 3 13
17144 3 8
17145 2 10
17146 2 6
17147 1 5
17148 94 0
17149 1 9
17150 0 8
17151 5 0
17152 1 8
17153 94 95
17154 1 18
17155 2 9
17156 0 14
17157 2 13
17158 2 10
17159 1 15
17160 4 0
17161 2 0
17162 4 1
17163 2 14
17164 3 6
17165 6 4
17166 7 0
17167 5 5
17168 4 6
17169 0 4
17170 1 2
17171 3 6
17172 4 0
17173 0 18
17174 95 0
17175 4 6
17176 94 0
17177 2 9
17178 3 5
17179 6 0
17180 3 0
17181 0 20
17182 3 4
17183 3 10
17184 2 13
17185 4 0
17186 1 6
17187 7 0
17188 5 3
17189 2 15
17190 5 0
17191 4 0
17192 95 95
17193 94 95
17194 3 6
17195 1 16
17196 0 15
17197 4 5
17198 2 10
17199 5 5
17200 5 1
17201 0 9
17202 6 1
17203 2 1
17204 5 1
17205 1 5
17206 95 95
17207 0 6
17208 95 0
17209 3 15
17210 4 2
17211 0 14
17212 3 0
17213 2 5
17214 5 0
17215 0 16
17216 0 12
17217 2 9
17218 0 21
17219 4 7
17220 1 9
17221 0 7
17222 3 2
17223 4 3
17224 94 0
17225 95 0
17226 2 15
17227 0 11
17228 94 95
17229 0 94
17230 4 10
17231 0 19
17232 0 18
17233 0 19
17234 94 0
17235 4 5
17236 95 95
17237 3 10
17238 5 7
17239 0 2
17240 94 95
17241 0 5
17242 0 95
17243 0 22
17244 0 13
17245 4 10
17246 0 15
17247 1 5
17248 0 12
17249 0 14
17250 2 6
17251 8 0
17252 4 0
17253 3 13
17254 2 9
17255 0 11
17256 0 1
17257 95 0
17258 0 21
17259 3 6
17260 2 13
17261 7 0
17262 8 0
17263 2 4
17264 2 6
17265 0 22
17266 3 13
17267 2 14
17268 3 5
17269 0 8
17270 0 0
17271 7 0
17272 0 1
17273 1 9
17274 2 15
17275 0 94
17276 1 4
17277 0 6
17278 5 1
17279 94 0
17280 6 0
17281 3 4
17282 95 95
17283 3 6
17284 2 5
17285 0 15
17286 2 14
17287 5 2
17288 3 3
17289 3 1
17290 2 18
17291 2 10
17292 2 12
17293 4 6
17294 2 1
17295 4 9
17296 0 4
17297 95 0
17298 1 4
17299 1 11
17300 0 21
17301 1 18
17302 2 16
17303 0 5
17304 1 14
17305 0 11
17306 3 6
17307 4 7
17308 0 6
17309 1 12
17310 0 95
17311 0 94
17312 0 18
17313 94 0
17314 0 95
17315 1 7
17316 3 0
17317 0 2
17318 4 10
17319 3 9
17320 0 17
17321 1 16
17322 0 1
17323 1 11
17324 4 8
17325 5 1
17326 1 6
17327 0 12
17328 2 12
17329 4 1
17330 1 13
17331 4 11
17332 5 0
17333 4 4
17334 3 14
17335 3 12
17336 4 6
17337 3 6
17338 0 20
17339 2 8
17340 0 14
17341 94 95
17342 4 7
17343 0 7
17344 0 9
17345 2 14
17346 1 5
17347 95 0
17348 1 19
17349 4 5
17350 1 7
17351 0 15
17352 4 8
17353 0 21
17354 2 0
17355 0 18
17356 0 7
17357 1 4
17358 4 10
17359 0 6
17360 0 4
17361 1 4
17362 0 94
17363 1 17
17364 95 95
17365 3 0
17366 2 11
17367 1 20
17368 1 11
17369 94 95
17370 1 19
17371 4 11
17372 0 4
17373 0 7
17374 6 0
17375 1 20
17376 4 4
17377 4 7
17378 1 6
17379 5 0
17380 1 19
17381 2 0
17382 4 5
17383 0 8
17384 2 11
17385 1 9
17386 0 95
17387 0 20
17388 1 11
17389 6 0
17390 0 7
17391 3 0
17392 1 16
17393 1 17
17394 1 4
17395 5 4
17396 5 0
17397 0 21
17398 3 2
17399 2 0
17400 1 20
17401 3 0
17402 2 0
17403 0 9
17404 1 19
17405 95 95
17406 0 94
17407 0 14
17408 1 9
17409 2 7
17410 1 8
17411 3 3
17412 0 17
17413 6 0
17414 94 95
17415 3 2
17416 94 0
17417 95 95
17418 2 11
17419 5 0
17420 4 0
17421 5 3
17422 95 0
17423 4 4
17424 2 15
17425 1 9
17426 3 5
17427 1 11
17428 3 0
17429 0 8
17430 94 0
17431 3 6
17432 2 11
17433 2 0
17434 3 13
17435 0 20
17436 3 5
17437 6 0
17438 7 0
17439 6 0
17440 3 8
17441 3 9
17442 3 8
17443 3 9
17444 1 16
17445 4 6
17446 0 15
17447 94 95
17448 0 14
17449 0 18
17450 95 0
17451 0 95
17452 94 0
17453 2 19
17454 0 17
17455 3 0
17456 5 2
17457 3 12
17458 7 0
17459 0 19
17460 1 8
17461 95 0
17462 3 4
17463 0 20
17464 0 94
17465 4 3
17466 2 0
17467 95 95
17468 3 0
17469 3 13
17470 3 12
17471 0 6
17472 1 9
17473 0 19
17474 94 95
17475 2 13
17476 2 0
17477 94 0
17478 0 4
17479 1 5
17480 3 6
17481 2 8
17482 5 0
17483 2 4
17484 3 15
17485 3 1
17486 1 13
17487 1 15
17488 3 14
17489 95 0
17490 0 9
17491 4 0
17492 4 10
17493 3 4
17494 2 13
17495 2 4
17496 1 16
17497 0 5
17498 0 95
17499 3 4
17500 0 15
17501 0 4
17502 0 13
17503 2 16
17504 1 11
17505 5 0
17506 1 4
17507 1 13
17508 3 7
17509 2 18
17510 3 6
17511 2 5
17512 0 4
17513 1 17
17514 4 4
17515 4 11
17516 8 0
17517 1 7
17518 3 0
17519 3 4
17520 1 14
17521 3 15
17522 1 16
17523 0 17
17524 95 95
17525 0 12
17526 2 11
17527 3 10
17528 3 2
17529 94 0
17530 0 2
17531 6 0
17532 2 16
17533 3 9
17534 1 4
17535 3 13
17536 0 4
17537 3 1
17538 1 16
17539 2 10
17540 1 9
17541 4 9
17542 0 94
17543 1 12
17544 3 8
17545 2 8
17546 2 11
17547 0 1
17548 94 95
17549 2 16
17550 3 9
17551 0 2
17552 2 14
17553 4 15
17554 3 10
17555 9 0
17556 1 11
17557 3 15
17558 2 11
17559 8 0
17560 0 20
17561 0 1
17562 1 18
17563 9 0
17564 0 19
17565 0 95
17566 0 7
17567 8 0
17568 3 2
17569 3 9
17570 1 4
17571 0 4
17572 3 1
17573 4 10
17574 1 6
17575 0 20
17576 2 10
17577 0 94
17578 3 2
17579 1 19
17580 5 0
17581 95 95
17582 1 14
17583 3 1
17584 0 21
17585 0 19
17586 4 0
17587 1 11
17588 7 0
17589 1 12
17590 4 11
17591 0 14
17592 0 22
17593 3 2
17594 0 0
17595 0 95
17596 1 16
17597 0 20
17598 3 11
17599 2 15
17600 0 15
17601 94 95
17602 2 11
17603 1 11
17604 0 1
17605 0 18
17606 1 12
17607 0 0
17608 4 9
17609 0 1
17610 1 17
17611 95 95
17612 2 16
17613 94 95
17614 2 13
17615 1 4
17616 3 7
17617 0 16
17618 0 19
17619 3 5
17620 1 11
17621 0 23
17622 0 22
17623 3 4
17624 0 4
17625 0 15
17626 95 95
17627 0 94
17628 3 1
17629 3 0
17630 0 95
17631 3 13
17632 8 0
17633 0 13
17634 1 20
17635 0 94
17636 0 12
17637 2 13
17638 1 21
17639 3 5
17640 94 95
17641 3 9
17642 0 8
17643 0 23
17644 0 22
17645 3 12
17646 3 2
17647 1 5
17648 0 18
17649 2 10
17650 1 4
17651 0 4
17652 0 95
17653 0 17
17654 4 4
17655 1 4
17656 3 3
17657 0 7
17658 0 4
17659 0 14
17660 4 7
17661 5 4
17662 3 7
17663 2 4
17664 0 94
17665 6 0
17666 1 16
17667 0 95
17668 1 3
17669 4 0
17670 0 13
17671 4 4
17672 5 4
17673 4 2
17674 2 6
17675 3 2
17676 4 9
17677 1 20
17678 4 3
17679 95 95
17680 0 21
17681 0 15
17682 0 0
17683 4 5
17684 2 16
17685 1 17
17686 2 15
17687 0 22
17688 3 9
17689 0 19
17690 3 5
17691 4 5
17692 1 12
17693 0 17
17694 0 94
17695 1 17
17696 3 5
17697 3 3
17698 0 17
17699 0 18
17700 0 1
17701 0 95
17702 0 16
17703 0 20
17704 95 0
17705 3 0
17706 0 0
17707 1 18
17708 0 94
17709 4 5
17710 4 7
17711 0 95
17712 1 11
17713 0 5
17714 94 95
17715 4 3
17716 3 5
17717 0 4
17718 95 95
17719 0 19
17720 0 15
17721 5 5
17722 0 16
17723 4 4
17724 4 3
17725 0 94
17726 5 0
17727 0 20
17728 3 4
17729 0 19
17730 4 0
17731 3 5
17732 94 0
17733 5 4
17734 7 0
17735 0 1
17736 3 7
17737 0 8
17738 0 7
17739 5 1
17740 2 12
17741 5 2
17742 0 21
17743 0 5
17744 4 9
17745 3 10
17746 5 1
17747 0 4
17748 4 7
17749 3 0
17750 0 11
17751 0 17
17752 0 12
17753 2 10
17754 0 13
17755 0 22
17756 3 7
17757 2 2
17758 0 0
17759 2 18
17760 3 3
17761 4 5
17762 3 2
17763 3 9
17764 4 3
17765 0 5
17766 0 1
17767 0 21
17768 6 0
17769 1 11
17770 0 12
17771 95 0
17772 94 0
17773 0 0
17774 2 16
17775 4 1
17776 2 2
17777 94 95
17778 1 18
17779 0 4
17780 0 3
17781 0 16
17782 0 14
17783 2 13
17784 6 4
17785 3 4
17786 4 9
17787 3 10
17788 4 7
17789 0 17
17790 2 10
17791 0 13
17792 0 16
17793 4 0
17794 1 15
17795 0 95
17796 2 4
17797 1 17
17798 0 17
17799 3 4
17800 3 6
17801 0 22
17802 2 3
17803 95 95
17804 3 11
17805 3 12
17806 1 3
17807 0 21
17808 95 0
17809 3 10
17810 0 1
17811 1 18
17812 2 17
17813 0 22
17814 0 16
17815 0 20
17816 94 95
17817 0 18
17818 0 12
17819 2 11
17820 0 17
17821 95 95
17822 5 7
17823 94 0
17824 0 94
17825 0 8
17826 0 0
17827 2 6
17828 3 6
17829 95 0
17830 1 13
17831 1 11
17832 2 4
17833 5 1
17834 0 16
17835 1 2
17836 2 15
17837 2 13
17838 0 23
17839 5 5
17840 0 1
17841 4 5
17842 2 3
17843 1 13
17844 1 16
17845 2 6
17846 0 7
17847 0 16
17848 0 95
17849 3 6
17850 1 6
17851 0 0
17852 3 1
17853 0 21
17854 0 94
17855 0 19
17856 3 0
17857 1 1
17858 4 7
17859 7 0
17860 2 10
17861 1 7
17862 0 24
17863 0 18
17864 3 9
17865 5 5
17866 0 6
17867 94 95
17868 1 4
17869 6 0
17870 2 13
17871 0 1
17872 94 0
17873 0 20
17874 0 23
17875 6 3
17876 0 0
17877 7 0
17878 0 22
17879 5 0
17880 2 0
17881 1 13
17882 2 2
17883 4 5
17884 0 1
17885 1 16
17886 4 0
17887 1 20
17888 0 17
17889 95 0
17890 94 0
17891 6 0
17892 3 0
17893 0 95
17894 0 21
17895 0 9
17896 0 4
17897 95 0
17898 1 1
17899 94 0
17900 6 4
17901 0 18
17902 95 95
17903 4 9
17904 2 13
17905 0 17
17906 0 5
17907 3 10
17908 2 10
17909 94 95
17910 0 94
17911 95 0
17912 5 0
17913 3 10
17914 0 18
17915 0 22
17916 2 0
17917 94 0
17918 95 0
17919 0 1
17920 7 0
17921 0 7
17922 0 13
17923 1 12
17924 1 7
17925 5 5
17926 0 16
17927 1 3
17928 1 9
17929 8 0
17930 1 5
17931 0 20
17932 4 0
17933 1 18
17934 0 19
17935 4 12
17936 1 10
17937 7 0
17938 95 95
17939 6 0
17940 1 14
17941 3 17
17942 1 9
17943 7 0
17944 5 0
17945 94 0
17946 8 0
17947 4 1
17948 1 11
17949 2 6
17950 7 0
17951 2 9
17952 8 0
17953 0 5
17954 4 5
17955 3 1
17956 2 17
17957 0 20
17958 2 12
17959 1 9
17960 0 95
17961 0 3
17962 0 11
17963 1 5
17964 3 6
17965 0 18
17966 3 0
17967 4 11
17968 0 2
17969 94 95
17970 5 7
17971 0 9
17972 95 0
17973 0 1
17974 0 94
17975 0 15
17976 1 11
17977 7 0
17978 0 17
17979 0 23
17980 5 5
17981 0 2
17982 0 95
17983 4 7
17984 0 1
17985 2 9
17986 0 16
17987 0 2
17988 2 5
17989 0 19
17990 1 6
17991 5 7
17992 0 22
17993 2 18
17994 0 15
17995 1 8
17996 6 3
17997 2 13
17998 4 5
17999 95 95
18000 0 94
18001 94 0
18002 4 12
18003 0 95
18004 95 0
18005 2 0
18006 0 21
18007 0 12
18008 0 13
18009 94 0
18010 0 94
18011 0 16
18012 3 0
18013 5 1
18014 0 5
18015 5 5
18016 6 0
18017 4 7
18018 2 8
18019 1 17
18020 0 95
18021 2 4
18022 2 12
18023 94 95
18024 0 94
18025 2 10
18026 0 14
18027 2 5
18028 3 9
18029 1 4
18030 7 0
18031 4 5
18032 4 0
18033 0 4
18034 0 3
18035 0 5
18036 6 0
18037 2 0
18038 2 7
18039 0 22
18040 0 21
18041 0 11
18042 5 5
18043 0 15
18044 2 14
18045 95 95
18046 3 8
18047 0 18
18048 3 0
18049 0 95
18050 95 0
18051 1 11
18052 5 2
18053 0 94
18054 4 1
18055 0 95
18056 0 12
18057 1 1
18058 4 0
18059 0 19
18060 0 4
18061 0 6
18062 3 1
18063 2 4
18064 0 17
18065 5 0
18066 2 15
18067 2 9
18068 1 18
18069 0 7
18070 2 14
18071 0 5
18072 4 2
18073 0 1
18074 1 15
18075 2 11
18076 94 95
18077 0 16
18078 95 95
18079 0 13
18080 0 15
18081 3 7
18082 3 6
18083 7 1
18084 5 2
18085 1 13
18086 0 2
18087 4 5
18088 2 5
18089 4 2
18090 7 0
18091 3 9
18092 0 22
18093 1 0
18094 0 0
18095 4 8
18096 0 13
18097 1 17
18098 2 3
18099 3 7
18100 4 0
18101 0 21
18102 2 9
18103 5 2
18104 0 94
18105 0 95
18106 0 17
18107 94 95
18108 1 1
18109 1 12
18110 0 1
18111 2 2
18112 94 0
18113 4 9
18114 4 8
18115 5 0
18116 4 9
18117 0 3
18118 1 16
18119 2 4
18120 2 5
18121 1 14
18122 0 12
18123 2 4
18124 1 19
18125 0 19
18126 0 0
18127 0 18
18128 0 17
18129 1 12
18130 0 1
18131 0 12
18132 0 22
18133 2 16
18134 3 6
18135 1 16
18136 8 0
18137 9 0
18138 95 0
18139 1 10
18140 4 2
18141 5 2
18142 1 12
18143 3 11
18144 5 5
18145 1 2
18146 4 5
18147 2 11
18148 95 95
18149 8 0
18150 2 3
18151 6 4
18152 1 0
18153 2 4
18154 0 0
18155 3 11
18156 0 2
18157 1 3
18158 2 16
18159 1 17
18160 0 18
18161 5 5
18162 4 0
18163 3 5
18164 2 14
18165 0 19
18166 6 3
18167 0 94
18168 3 16
18169 0 11
18170 0 17
18171 0 4
18172 9 0
18173 0 1
18174 4 8
18175 1 17
18176 3 9
18177 0 17
18178 1 1
18179 5 0
18180 0 95
18181 0 2
18182 1 5
18183 2 9
18184 0 21
18185 7 0
18186 1 19
18187 2 6
18188 2 7
18189 4 2
18190 94 0
18191 0 6
18192 5 4
18193 2 11
18194 10 0
18195 0 1
18196 3 8
18197 3 11
18198 1 15
18199 0 8
18200 2 11
18201 0 94
18202 0 9
18203 0 3
18204 9 0
18205 0 7
18206 0 19
18207 3 6
18208 2 3
18209 10 0
18210 2 16
18211 0 22
18212 3 12
18213 0 16
18214 0 21
18215 94 95
18216 0 5
18217 95 0
18218 0 4
18219 4 8
18220 2 13
18221 0 22
18222 0 18
18223 1 1
18224 1 14
18225 95 95
18226 3 8
18227 5 5
18228 1 3
18229 4 5
18230 4 8
18231 0 3
18232 94 0
18233 0 6
18234 0 19
18235 0 14
18236 2 2
18237 2 6
18238 1 4
18239 9 0
18240 0 95
18241 95 0
18242 0 8
18243 3 7
18244 94 0
18245 4 9
18246 0 10
18247 5 2
18248 3 8
18249 2 7
18250 0 13
18251 3 3
18252 0 15
18253 4 12
18254 1 10
18255 0 94
18256 3 12
18257 95 0
18258 94 95
18259 0 1
18260 10 0
18261 0 95
18262 4 0
18263 0 21
18264 4 3
18265 1 0
18266 0 94
18267 0 10
18268 4 10
18269 5 1
18270 94 0
18271 0 16
18272 4 12
18273 9 0
18274 0 18
18275 1 3
18276 0 7
18277 3 3
18278 1 6
18279 3 12
18280 0 9
18281 95 0
18282 5 3
18283 0 20
18284 0 4
18285 4 8
18286 3 7
18287 0 95
18288 0 3
18289 3 9
18290 1 2
18291 95 95
18292 2 7
18293 1 15
18294 1 5
18295 0 0
18296 6 1
18297 2 17
18298 0 94
18299 10 0
18300 1 14
18301 4 12
18302 1 17
18303 0 95
18304 9 0
18305 94 95
18306 2 9
18307 1 6
18308 3 5
18309 0 2
18310 3 13
18311 0 19
18312 1 15
18313 2 13
18314 3 10
18315 1 14
18316 3 6
18317 0 14
18318 0 94
18319 0 1
18320 0 15
18321 5 1
18322 0 18
18323 3 8
18324 0 3
18325 0 12
18326 10 0
18327 0 16
18328 5 4
18329 1 3
18330 1 4
18331 2 6
18332 0 0
18333 0 21
18334 0 19
18335 95 95
18336 4 10
18337 5 2
18338 0 10
18339 0 13
18340 0 18
18341 0 9
18342 0 1
18343 1 2
18344 2 2
18345 94 95
18346 0 15
18347 0 2
18348 1 15
18349 0 95
18350 3 10
18351 1 3
18352 0 16
18353 2 17
18354 94 0
18355 0 4
18356 1 1
18357 4 8
18358 1 5
18359 1 14
18360 0 6
18361 95 0
18362 0 14
18363 4 4
18364 1 12
18365 3 5
18366 3 11
18367 95 95
18368 0 1
18369 5 0
18370 0 19
18371 0 22
18372 0 0
18373 94 0
18374 0 17
18375 0 20
18376 2 11
18377 0 1
18378 4 10
18379 94 95
18380 1 1
18381 3 8
18382 0 8
18383 3 6
18384 95 0
18385 0 9
18386 9 0
18387 3 12
18388 4 12
18389 4 8
18390 3 12
18391 4 12
18392 95 95
18393 0 16
18394 4 0
18395 1 15
18396 0 8
18397 3 9
18398 0 17
18399 1 16
18400 0 94
18401 0 13
18402 2 14
18403 0 1
18404 2 7
18405 2 10
18406 5 0
18407 0 18
18408 0 9
18409 1 20
18410 4 7
18411 1 7
18412 2 12
18413 4 8
18414 4 2
18415 0 16
18416 4 5
18417 0 21
18418 4 7
18419 1 12
18420 1 10
18421 1 17
18422 2 6
18423 1 19
18424 1 1
18425 0 8
18426 3 7
18427 2 10
18428 1 20
18429 94 95
18430 95 95
18431 0 14
18432 2 17
18433 2 13
18434 0 3
18435 0 1
18436 0 12
18437 1 16
18438 4 7
18439 2 18
18440 3 6
18441 0 15
18442 1 13
18443 1 14
18444 1 17
18445 10 0
18446 0 23
18447 0 9
18448 0 8
18449 1 3
18450 1 13
18451 1 1
18452 2 19
18453 1 16
18454 1 17
18455 0 13
18456 1 12
18457 94 95
18458 4 8
18459 2 6
18460 1 16
18461 3 12
18462 95 95
18463 0 14
18464 0 17
18465 3 11
18466 4 0
18467 0 95
18468 5 0
18469 3 6
18470 3 12
18471 5 2
18472 0 94
18473 4 3
18474 94 0
18475 94 95
18476 1 15
18477 4 11
18478 95 0
18479 4 1
18480 0 9
18481 0 24
18482 8 0
18483 3 2
18484 2 7
18485 0 95
18486 2 1
18487 1 1
18488 0 7
18489 0 23
18490 0 10
18491 4 7
18492 3 8
18493 2 1
18494 6 0
18495 1 16
18496 94 0
18497 0 9
18498 0 18
18499 3 13
18500 0 1
18501 2 6
18502 0 15
18503 0 17
18504 4 0
18505 2 16
18506 2 18
18507 2 13
18508 5 1
18509 5 7
18510 95 0
18511 0 2
18512 1 10
18513 3 11
18514 0 5
18515 1 16
18516 94 0
18517 11 0
18518 5 3
18519 1 6
18520 2 11
18521 4 3
18522 7 0
18523 9 0
18524 6 0
18525 3 9
18526 0 14
18527 0 20
18528 1 15
18529 2 14
18530 95 95
18531 94 95
18532 2 13
18533 95 95
18534 12 0
18535 3 7
18536 5 3
18537 2 10
18538 1 16
18539 11 0
18540 5 6
18541 5 7
18542 3 5
18543 1 18
18544 8 0
18545 4 5
18546 1 10
18547 0 94
18548 0 1
18549 9 0
18550 3 11
18551 0 15
18552 0 19
18553 2 6
18554 2 11
18555 3 11
18556 4 1
18557 2 2
18558 94 95
18559 7 0
18560 0 20
18561 2 16
18562 5 6
18563 1 6
18564 2 9
18565 6 0
18566 8 0
18567 2 11
18568 0 3
18569 0 22
18570 0 23
18571 2 7
18572 6 1
18573 7 0
18574 2 14
18575 95 0
18576 1 14
18577 1 3
18578 0 95
18579 3 11
18580 2 12
18581 0 19
18582 0 16
18583 5 0
18584 1 12
18585 2 5
18586 2 12
18587 5 7
18588 4 0
18589 0 2
18590 3 1
18591 4 1
18592 2 4
18593 3 7
18594 0 12
18595 94 0
18596 2 13
18597 8 0
18598 7 0
18599 2 1
18600 95 0
18601 0 1
18602 3 3
18603 0 2
18604 2 6
18605 0 6
18606 0 1
18607 8 0
18608 2 11
18609 94 0
18610 1 17
18611 0 22
18612 7 0
18613 1 6
18614 5 6
18615 8 0
18616 3 13
18617 6 0
18618 0 13
18619 9 0
18620 2 12
18621 95 95
18622 1 18
18623 2 2
18624 3 1
18625 12 0
18626 1 17
18627 7 0
18628 0 21
18629 0 94
18630 2 14
18631 0 18
18632 10 0
18633 0 7
18634 0 19
18635 4 13
18636 13 0
18637 94 95
18638 0 22
18639 9 0
18640 1 18
18641 0 2
18642 2 6
18643 1 17
18644 4 1
18645 0 17
18646 1 11
18647 0 95
18648 0 1
18649 0 2
18650 0 10
18651 3 13
18652 0 6
18653 10 0
18654 3 16
18655 2 1
18656 4 2
18657 2 16
18658 0 12
18659 0 7
18660 1 6
18661 95 95
18662 0 94
18663 0 18
18664 0 1
18665 0 14
18666 94 95
18667 0 2
18668 5 7
18669 0 21
18670 6 0
18671 1 10
18672 2 2
18673 2 6
18674 4 13
18675 2 11
18676 12 0
18677 3 13
18678 1 14
18679 3 8
18680 2 1
18681 7 0
18682 1 5
18683 0 1
18684 0 95
18685 0 22
18686 0 6
18687 1 12
18688 6 0
18689 0 2
18690 0 12
18691 3 7
18692 0 19
18693 0 15
18694 0 11
18695 3 2
18696 95 0
18697 0 1
18698 94 0
18699 2 13
18700 4 1
18701 0 18
18702 0 7
18703 0 21
18704 0 3
18705 2 2
18706 0 5
18707 2 15
18708 0 19
18709 95 0
18710 13 0
18711 9 0
18712 0 18
18713 0 13
18714 95 95
18715 3 13
18716 12 0
18717 94 0
18718 2 12
18719 3 8
18720 2 16
18721 4 0
18722 4 7
18723 8 0
18724 2 15
18725 2 16
18726 3 0
18727 1 5
18728 0 6
18729 2 1
18730 0 22
18731 2 15
18732 0 19
18733 0 21
18734 95 0
18735 0 7
18736 94 95
18737 0 94
18738 0 22
18739 0 21
18740 2 7
18741 3 14
18742 2 2
18743 0 5
18744 95 95
18745 6 1
18746 2 5
18747 2 6
18748 0 2
18749 94 0
18750 1 1
18751 5 7
18752 2 0
18753 1 12
18754 5 0
18755 11 0
18756 0 4
18757 0 18
18758 3 1
18759 0 6
18760 3 4
18761 0 95
18762 3 13
18763 3 3
18764 94 95
18765 2 12
18766 95 95
18767 2 7
18768 0 94
18769 94 95
18770 3 4
18771 4 8
18772 1 12
18773 0 8
18774 95 95
18775 5 6
18776 4 0
18777 5 0
18778 0 10
18779 0 7
18780 4 0
18781 2 10
18782 1 5
18783 0 9
18784 7 0
18785 1 16
18786 1 6
18787 2 12
18788 3 2
18789 3 8
18790 3 15
18791 0 22
18792 0 21
18793 2 15
18794 0 22
18795 0 95
18796 5 7
18797 0 5
18798 1 12
18799 3 1
18800 5 1
18801 3 7
18802 2 7
18803 4 7
18804 3 15
18805 2 15
18806 0 21
18807 10 0
18808 6 1
18809 8 0
18810 0 4
18811 0 6
18812 1 6
18813 1 9
18814 7 0
18815 0 5
18816 3 2
18817 95 0
18818 8 0
18819 7 0
18820 2 12
18821 0 4
18822 2 3
18823 1 13
18824 0 5
18825 0 22
18826 2 8
18827 5 1
18828 2 14
18829 94 0
18830 5 7
18831 0 20
18832 1 4
18833 2 16
18834 1 11
18835 0 11
18836 1 12
18837 1 18
18838 3 1
18839 0 16
18840 9 0
18841 0 3
18842 1 2
18843 0 8
18844 0 94
18845 2 17
18846 2 7
18847 0 2
18848 2 11
18849 1 15
18850 3 9
18851 0 4
18852 94 95
18853 3 2
18854 1 1
18855 2 16
18856 2 17
18857 2 8
18858 0 5
18859 6 1
18860 0 19
18861 5 1
18862 0 95
18863 2 7
18864 4 4
18865 6 1
18866 4 7
18867 3 4
18868 5 0
18869 3 1
18870 95 0
18871 4 0
18872 2 2
18873 2 10
18874 2 12
18875 3 8
18876 3 10
18877 2 8
18878 2 11
18879 2 12
18880 2 11
18881 3 2
18882 3 7
18883 2 12
18884 3 1
18885 10 0
18886 2 10
18887 0 3
18888 2 7
18889 0 17
18890 0 94
18891 3 2
18892 0 9
18893 0 2
18894 0 16
18895 1 5
18896 95 95
18897 3 1
18898 9 0
18899 5 0
18900 2 3
18901 6 2
18902 0 3
18903 0 5
18904 0 2
18905 4 0
18906 94 95
18907 95 95
18908 0 3
18909 2 8
18910 1 2
18911 0 1
18912 0 95
18913 0 4
18914 0 94
18915 94 95
18916 1 11
18917 3 10
18918 3 2
18919 95 95
18920 94 95
18921 0 20
18922 0 3
18923 0 4
18924 3 6
18925 1 0
18926 3 7
18927 3 1
18928 4 8
18929 0 11
18930 6 1
18931 1 12
18932 0 23
18933 2 0
18934 1 11
18935 94 0
18936 1 0
18937 1 12
18938 95 95
18939 3 6
18940 4 7
18941 1 14
18942 2 1
18943 0 8
18944 2 14
18945 2 11
18946 0 19
18947 4 8
18948 95 0
18949 3 9
18950 94 95
18951 0 22
18952 2 16
18953 3 10
18954 0 10
18955 3 9
18956 3 10
18957 94 0
18958 95 95
18959 0 21
18960 2 7
18961 3 12
18962 1 8
18963 0 8
18964 1 4
18965 0 12
18966 3 7
18967 3 13
18968 94 95
18969 10 0
18970 2 8
18971 95 95
18972 1 12
18973 2 17
18974 0 3
18975 0 17
18976 3 12
18977 3 13
18978 0 12
18979 4 9
18980 2 16
18981 0 4
18982 8 0
18983 6 0
18984 11 0
18985 9 0
18986 7 0
18987 0 5
18988 94 95
18989 3 6
18990 2 7
18991 1 11
18992 4 8
18993 0 4
18994 3 3
18995 2 18
18996 1 3
18997 2 10
18998 3 12
18999 0 3
19000 2 13
19001 1 8
19002 3 16
19003 1 19
19004 95 95
19005 0 16
19006 6 0
19007 3 1
19008 2 8
19009 1 12
19010 0 19
19011 0 8
19012 1 14
19013 94 95
19014 0 18
19015 2 0
19016 0 19
19017 0 6
19018 2 1
19019 0 5
19020 95 95
19021 3 11
19022 0 12
19023 2 3
19024 0 95
19025 2 7
19026 95 0
19027 94 95
19028 1 8
19029 1 18
19030 12 0
19031 0 14
19032 1 12
19033 0 8
19034 3 8
19035 0 94
19036 3 12
19037 1 17
19038 0 13
19039 0 18
19040 94 0
19041 1 8
19042 95 95
19043 1 4
19044 3 1
19045 3 2
19046 4 6
19047 7 0
19048 0 8
19049 1 8
19050 2 11
19051 4 3
19052 2 10
19053 2 14
19054 0 19
19055 95 0
19056 3 11
19057 0 4
19058 0 8
19059 0 7
19060 0 11
19061 0 95
19062 5 5
19063 2 12
19064 0 8
19065 1 18
19066 94 95
19067 1 3
19068 3 1
19069 10 0
19070 2 3
19071 9 0
19072 6 0
19073 1 0
19074 4 2
19075 2 2
19076 0 15
19077 2 3
19078 3 6
19079 95 95
19080 1 12
19081 3 12
19082 1 7
19083 3 9
19084 2 7
19085 94 95
19086 2 1
19087 3 1
19088 94 0
19089 0 16
19090 2 13
19091 2 8
19092 4 4
19093 7 0
19094 2 0
19095 0 6
19096 1 6
19097 6 0
19098 0 0
19099 95 0
19100 3 11
19101 3 13
19102 4 11
19103 1 1
19104 0 22
19105 2 11
19106 0 6
19107 2 2
19108 0 14
19109 0 13
19110 94 0
19111 3 10
19112 1 4
19113 4 12
19114 95 95
19115 3 7
19116 3 4
19117 3 9
19118 2 10
19119 0 14
19120 2 16
19121 2 11
19122 0 5
19123 94 95
19124 2 13
19125 3 10
19126 95 95
19127 3 3
19128 4 5
19129 3 6
19130 3 4
19131 3 7
19132 1 17
19133 0 15
19134 2 15
19135 0 12
19136 1 3
19137 7 0
19138 3 3
19139 11 0
19140 2 4
19141 6 0
19142 5 0
19143 2 5
19144 3 9
19145 7 0
19146 1 2
19147 3 4
19148 2 10
19149 0 16
19150 0 15
19151 2 7
19152 0 18
19153 95 0
19154 4 0
19155 6 0
19156 3 2
19157 12 0
19158 0 2
19159 2 11
19160 11 0
19161 3 0
19162 0 7
19163 2 10
19164 4 0
19165 12 0
19166 7 0
19167 3 13
19168 2 11
19169 1 16
19170 94 0
19171 3 6
19172 2 2
19173 5 0
19174 3 3
19175 0 4
19176 1 17
19177 2 4
19178 4 0
19179 0 21
19180 0 6
19181 0 16
19182 2 17
19183 3 8
19184 3 5
19185 95 0
19186 11 0
19187 0 19
19188 0 8
19189 2 13
19190 2 1
19191 3 15
19192 6 0
19193 1 11
19194 3 12
19195 94 95
19196 94 0
19197 4 12
19198 3 6
19199 3 5
19200 1 5
19201 0 22
19202 0 13
19203 3 12
19204 4 12
19205 0 7
19206 95 0
19207 94 0
19208 3 9
19209 0 6
19210 1 2
19211 95 0
19212 0 7
19213 94 0
19214 3 12
19215 2 15
19216 95 0
19217 94 0
19218 12 0
19219 7 0
19220 0 15
19221 0 21
19222 4 12
19223 1 3
19224 3 8
19225 1 17
19226 0 18
19227 2 2
19228 0 1
19229 3 9
19230 3 12
19231 1 16
19232 3 6
19233 11 0
19234 1 8
19235 95 95
19236 5 0
19237 3 1
19238 1 12
19239 1 2
19240 2 6
19241 2 9
19242 0 17
19243 3 15
19244 4 0
19245 2 14
19246 2 13
19247 2 15
19248 4 12
19249 0 20
19250 6 0
19251 0 3
19252 0 8
19253 3 9
19254 0 19
19255 2 10
19256 0 20
19257 0 11
19258 0 94
19259 2 11
19260 94 95
19261 0 7
19262 3 12
19263 0 12
19264 4 12
19265 2 7
19266 2 10
19267 0 18
19268 0 95
19269 0 2
19270 95 95
19271 12 0
19272 2 12
19273 1 12
19274 4 11
19275 2 13
19276 3 15
19277 95 0
19278 2 15
19279 3 8
19280 1 11
19281 7 0
19282 3 11
19283 0 1
19284 2 2
19285 5 0
19286 94 0
19287 4 0
19288 0 17
19289 0 11
19290 2 6
19291 0 9
19292 6 0
19293 1 9
19294 95 0
19295 3 15
19296 94 0
19297 0 2
19298 3 13
19299 95 0
19300 1 2
19301 3 5
19302 94 0
19303 1 6
19304 2 13
19305 94 95
19306 0 1
19307 3 13
19308 0 19
19309 2 15
19310 3 9
19311 3 6
19312 0 2
19313 7 0
19314 95 0
19315 2 8
19316 11 0
19317 0 6
19318 3 0
19319 1 10
19320 94 0
19321 2 12
19322 95 95
19323 1 9
19324 3 14
19325 1 12
19326 2 1
19327 2 7
19328 1 7
19329 0 9
19330 2 0
19331 3 8
19332 2 2
19333 3 12
19334 0 8
19335 0 10
19336 3 11
19337 1 2
19338 1 3
19339 0 9
19340 3 12
19341 0 1
19342 0 3
19343 0 10
19344 9 1
19345 0 14
19346 6 0
19347 5 0
19348 7 0
19349 0 5
19350 95 0
19351 4 14
19352 2 6
19353 3 1
19354 3 0
19355 0 4
19356 1 11
19357 5 1
19358 94 95
19359 2 7
19360 0 15
19361 1 12
19362 3 15
19363 3 11
19364 3 5
19365 95 95
19366 3 6
19367 0 11
19368 3 5
19369 94 95
19370 0 2
19371 0 12
19372 9 0
19373 0 3
19374 0 7
19375 12 0
19376 2 16
19377 4 0
19378 2 14
19379 1 14
19380 1 7
19381 2 6
19382 94 0
19383 0 10
19384 2 8
19385 3 0
19386 95 95
19387 0 1
19388 3 6
19389 0 94
19390 0 95
19391 4 13
19392 2 7
19393 3 12
19394 2 1
19395 94 95
19396 1 11
19397 2 3
19398 3 14
19399 1 16
19400 3 8
19401 5 0
19402 5 13
19403 0 94
19404 1 7
19405 2 6
19406 2 7
19407 0 95
19408 10 0
19409 95 95
19410 3 3
19411 3 6
19412 0 94
19413 0 7
19414 2 3
19415 3 3
19416 95 0
19417 0 13
19418 0 20
19419 94 95
19420 94 0
19421 0 18
19422 4 13
19423 8 0
19424 1 17
19425 0 95
19426 5 13
19427 4 13
19428 10 1
19429 6 0
19430 10 0
19431 0 11
19432 1 7
19433 5 13
19434 95 0
19435 2 11
19436 0 21
19437 2 10
19438 0 4
19439 0 2
19440 1 16
19441 94 0
19442 0 5
19443 5 0
19444 0 4
19445 0 16
19446 3 9
19447 3 11
19448 95 95
19449 0 3
19450 8 1
19451 0 19
19452 0 18
19453 94 95
19454 0 1
19455 0 7
19456 3 8
19457 95 0
19458 4 13
19459 3 12
19460 1 3
19461 5 13
19462 1 11
19463 0 20
19464 0 12
19465 0 13
19466 0 12
19467 95 95
19468 8 0
19469 1 13
19470 0 4
19471 0 15
19472 0 94
19473 94 0
19474 0 2
19475 5 1
19476 1 6
19477 5 0
19478 0 95
19479 1 2
19480 0 17
19481 2 3
19482 2 12
19483 3 5
19484 0 1
19485 0 2
19486 94 95
19487 95 95
19488 6 0
19489 2 6
19490 0 13
19491 3 3
19492 2 13
19493 0 14
19494 0 9
19495 3 10
19496 5 0
19497 1 1
19498 0 94
19499 1 2
19500 0 2
19501 0 3
19502 0 6
19503 0 13
19504 0 4
19505 0 19
19506 0 10
19507 0 3
19508 2 10
19509 13 0
19510 4 13
19511 1 7
19512 0 5
19513 3 15
19514 1 12
19515 0 11
19516 0 95
19517 2 7
19518 0 14
19519 1 11
19520 0 94
19521 2 16
19522 1 0
19523 3 9
19524 2 6
19525 0 13
19526 6 0
19527 94 95
19528 1 4
19529 11 0
19530 10 0
19531 2 12
19532 5 0
19533 2 2
19534 0 20
19535 1 1
19536 4 3
19537 3 13
19538 1 0
19539 6 0
19540 1 13
19541 5 0
19542 3 3
19543 0 18
19544 3 8
19545 0 95
19546 4 15
19547 3 12
19548 0 21
19549 0 13
19550 1 12
19551 1 11
19552 0 10
19553 3 15
19554 1 2
19555 4 13
19556 95 95
19557 2 12
19558 3 13
19559 4 13
19560 3 12
19561 12 0
19562 0 12
19563 2 0
19564 6 0
19565 2 3
19566 2 8
19567 4 0
19568 0 6
19569 1 16
19570 1 0
19571 2 0
19572 95 0
19573 3 10
19574 94 0
19575 0 20
19576 2 13
19577 0 14
19578 0 15
19579 94 95
19580 0 5
19581 2 11
19582 95 95
19583 13 0
19584 0 14
19585 94 95
19586 0 11
19587 0 6
19588 2 15
19589 12 0
19590 0 10
19591 0 94
19592 1 1
19593 3 9
19594 1 17
19595 1 11
19596 3 6
19597 7 0
19598 0 5
19599 6 0
19600 0 16
19601 3 10
19602 1 15
19603 13 0
19604 3 2
19605 8 1
19606 2 17
19607 4 14
19608 3 14
19609 0 17
19610 0 13
19611 1 16
19612 3 15
19613 1 2
19614 2 10
19615 3 11
19616 1 12
19617 3 12
19618 1 1
19619 1 2
19620 0 6
19621 7 0
19622 1 6
19623 3 11
19624 0 5
19625 0 12
19626 2 15
19627 8 2
19628 0 1
19629 3 12
19630 2 11
19631 1 7
19632 0 7
19633 0 16
19634 2 6
19635 4 2
19636 1 0
19637 6 0
19638 9 0
19639 7 0
19640 2 10
19641 0 95
19642 1 11
19643 3 1
19644 10 0
19645 2 18
19646 95 95
19647 3 3
19648 12 0
19649 3 10
19650 0 21
19651 0 8
19652 1 15
19653 2 2
19654 0 94
19655 0 7
19656 1 13
19657 2 17
19658 1 3
19659 2 11
19660 3 0
19661 0 11
19662 5 0
19663 0 95
19664 8 0
19665 3 9
19666 2 0
19667 3 10
19668 3 13
19669 2 15
19670 3 9
19671 0 2
19672 0 3
19673 1 0
19674 2 10
19675 1 16
19676 0 2
19677 0 20
19678 7 2
19679 1 18
19680 1 19
19681 2 11
19682 0 15
19683 1 6
19684 95 0
19685 0 3
19686 1 2
19687 1 14
19688 0 10
19689 13 0
19690 2 6
19691 1 4
19692 0 94
19693 0 9
19694 94 0
19695 2 4
19696 2 0
19697 2 2
19698 3 10
19699 6 2
19700 1 13
19701 3 8
19702 1 1
19703 94 95
19704 2 8
19705 3 8
19706 2 8
19707 3 9
19708 1 5
19709 4 0
19710 0 95
19711 1 2
19712 2 2
19713 95 0
19714 1 2
19715 0 4
19716 1 0
19717 0 14
19718 0 18
19719 1 6
19720 1 11
19721 95 95
19722 2 18
19723 11 0
19724 2 11
19725 3 12
19726 2 7
19727 2 8
19728 0 6
19729 0 8
19730 0 94
19731 0 21
19732 0 16
19733 1 16
19734 0 7
19735 1 11
19736 0 15
19737 2 7
19738 0 3
19739 0 20
19740 0 17
19741 0 21
19742 6 1
19743 0 5
19744 2 11
19745 1 4
19746 0 95
19747 2 17
19748 1 11
19749 0 14
19750 2 18
19751 2 3
19752 2 1
19753 6 2
19754 0 15
19755 0 13
19756 1 14
19757 0 6
19758 6 1
19759 0 20
19760 2 0
19761 1 7
19762 0 12
19763 0 1
19764 0 13
19765 2 17
19766 2 2
19767 1 6
19768 0 18
19769 0 6
19770 3 15
19771 0 21
19772 0 2
19773 10 0
19774 94 95
19775 0 17
19776 2 15
19777 1 1
19778 0 16
19779 0 1
19780 1 5
19781 0 5
19782 0 94
19783 12 0
19784 2 18
19785 2 6
19786 0 2
19787 0 7
19788 6 2
19789 1 0
19790 1 13
19791 0 19
19792 1 8
19793 6 0
19794 2 11
19795 0 1
19796 95 95
19797 0 11
19798 2 14
19799 94 0
19800 13 0
19801 3 13
19802 1 12
19803 0 95
19804 95 0
19805 2 0
19806 0 6
19807 6 3
19808 0 8
19809 1 0
19810 2 10
19811 0 7
19812 5 3
19813 1 7
19814 1 14
19815 1 1
19816 3 4
19817 0 7
19818 94 95
19819 94 0
19820 2 11
19821 2 13
19822 3 5
19823 2 10
19824 0 9
19825 12 0
19826 0 4
19827 95 95
19828 0 1
19829 13 0
19830 3 0
19831 1 17
19832 1 9
19833 0 8
19834 3 13
19835 1 1
19836 0 7
19837 0 22
19838 0 6
19839 5 4
19840 0 21
19841 12 0
19842 0 17
19843 2 1
19844 6 1
19845 4 4
19846 1 19
19847 95 0
19848 2 11
19849 3 8
19850 0 94
19851 0 19
19852 2 14
19853 2 8
19854 1 19
19855 6 0
19856 1 15
19857 0 3
19858 0 14
19859 3 1
19860 0 95
19861 5 4
19862 3 4
19863 94 0
19864 2 10
19865 0 5
19866 0 6
19867 94 95
19868 5 3
19869 0 10
19870 0 13
19871 0 19
19872 8 1
19873 1 11
19874 95 95
19875 0 12
19876 0 8
19877 13 0
19878 3 5
19879 94 95
19880 95 0
19881 0 7
19882 0 15
19883 12 0
19884 3 4
19885 0 2
19886 0 16
19887 0 14
19888 3 5
19889 0 5
19890 3 3
19891 13 0
19892 7 0
19893 0 22
19894 94 0
19895 3 8
19896 0 3
19897 3 0
19898 0 2
19899 5 4
19900 12 0
19901 0 3
19902 2 3
19903 2 0
19904 13 0
19905 1 0
19906 1 2
19907 0 94
19908 2 15
19909 2 8
19910 6 0
19911 0 6
19912 1 15
19913 3 1
19914 0 2
19915 1 1
19916 2 13
19917 0 18
19918 7 0
19919 1 12
19920 0 95
19921 0 9
19922 0 19
19923 2 15
19924 6 0
19925 0 10
19926 0 8
19927 2 19
19928 0 94
19929 3 13
19930 2 0
19931 1 2
19932 1 0
19933 2 13
19934 12 0
19935 2 11
19936 0 3
19937 0 4
19938 0 95
19939 1 1
19940 95 95
19941 2 18
19942 94 95
19943 2 10
19944 2 11
19945 7 0
19946 2 19
19947 1 18
19948 0 94
19949 1 17
19950 3 4
19951 0 3
19952 2 10
19953 1 15
19954 1 2
19955 5 3
19956 3 5
19957 0 21
19958 3 0
19959 0 5
19960 0 2
19961 1 11
19962 5 0
19963 0 95
19964 1 12
19965 1 5
19966 1 2
19967 3 4
19968 8 2
19969 0 5
19970 5 4
19971 1 18
19972 3 6
19973 9 0
19974 2 20
19975 0 22
19976 2 5
19977 7 1
19978 1 11
19979 3 8
19980 0 6
19981 0 94
19982 0 7
19983 1 5
19984 0 5
19985 5 3
19986 2 6
19987 3 1
19988 5 4
19989 2 0
19990 3 2
19991 2 1
19992 1 13
19993 0 2
19994 95 0
19995 2 11
19996 7 0
19997 0 95
19998 11 0
19999 2 8
20000 2 15
20001 2 13
20002 95 95
20003 1 13
20004 3 5
20005 3 4
20006 7 2
20007 1 20
20008 2 13
20009 3 6
20010 2 5
20011 2 2
20012 0 6
20013 1 12
20014 0 94
20015 94 95
20016 0 95
20017 94 0
20018 0 8
20019 0 94
20020 0 11
20021 3 2
20022 1 2
20023 5 3
20024 3 7
20025 9 1
20026 0 1
20027 2 6
20028 3 5
20029 95 95
20030 3 11
20031 1 5
20032 0 4
20033 0 2
20034 0 13
20035 0 9
20036 0 14
20037 1 1
20038 95 0
20039 4 7
20040 1 0
20041 1 1
20042 0 21
20043 2 20
20044 0 22
20045 3 7
20046 3 13
20047 94 95
20048 5 4
20049 4 4
20050 1 15
20051 2 1
20052 2 13
20053 6 2
20054 3 3
20055 0 21
20056 0 17
20057 5 4
20058 0 3
20059 1 1
20060 0 22
20061 0 20
20062 95 95
20063 3 1
20064 3 4
20065 2 14
20066 0 16
20067 1 4
20068 0 95
20069 5 3
20070 0 7
20071 10 0
20072 94 95
20073 0 18
20074 0 13
20075 0 94
20076 1 5
20077 0 4
20078 1 2
20079 4 0
20080 2 12
20081 0 14
20082 0 23
20083 4 4
20084 95 95
20085 94 0
20086 2 1
20087 2 19
20088 1 19
20089 6 1
20090 0 21
20091 1 3
20092 0 24
20093 11 0
20094 0 5
20095 1 8
20096 0 1
20097 5 1
20098 3 0
20099 6 3
20100 4 0
20101 3 2
20102 95 0
20103 0 12
20104 2 4
20105 2 0
20106 1 2
20107 6 0
20108 10 0
20109 0 3
20110 1 0
20111 2 0
20112 4 3
20113 3 8
20114 2 7
20115 3 14
20116 7 0
20117 1 20
20118 6 0
20119 4 4
20120 0 95
20121 2 13
20122 0 10
20123 5 2
20124 4 3
20125 0 4
20126 5 1
20127 1 0
20128 0 6
20129 6 2
20130 4 1
20131 3 0
20132 5 2
20133 0 9
20134 0 7
20135 4 0
20136 0 10
20137 2 6
20138 3 12
20139 0 9
20140 3 15
20141 7 0
20142 1 13
20143 0 5
20144 4 5
20145 6 0
20146 2 0
20147 0 17
20148 4 1
20149 11 0
20150 1 16
20151 2 13
20152 94 95
20153 3 7
20154 0 16
20155 1 19
20156 0 23
20157 0 6
20158 10 0
20159 2 15
20160 2 3
20161 2 5
20162 1 20
20163 1 7
20164 94 0
20165 0 4
20166 0 94
20167 95 95
20168 1 13
20169 1 0
20170 0 11
20171 4 0
20172 3 6
20173 2 7
20174 0 12
20175 0 95
20176 11 0
20177 4 1
20178 95 0
20179 9 0
20180 1 4
20181 0 8
20182 0 4
20183 2 0
20184 2 4
20185 4 4
20186 1 17
20187 4 0
20188 0 7
20189 0 11
20190 4 3
20191 2 8
20192 2 6
20193 1 12
20194 1 15
20195 3 11
20196 1 0
20197 0 10
20198 0 94
20199 2 17
20200 0 17
20201 0 95
20202 0 24
20203 0 16
20204 0 23
20205 0 13
20206 0 94
20207 12 0
20208 0 24
20209 1 11
20210 3 5
20211 1 6
20212 4 4
20213 0 9
20214 0 6
20215 2 0
20216 0 2
20217 1 3
20218 1 2
20219 1 3
20220 5 1
20221 94 0
20222 1 2
20223 2 3
20224 1 7
20225 3 6
20226 1 17
20227 0 15
20228 0 95
20229 0 22
20230 0 20
20231 3 10
20232 11 0
20233 2 5
20234 8 0
20235 5 2
20236 5 1
20237 0 94
20238 1 4
20239 0 4
20240 1 14
20241 0 5
20242 0 16
20243 9 0
20244 0 95
20245 8 0
20246 0 94
20247 0 12
20248 1 12
20249 2 17
20250 9 0
20251 1 20
20252 94 95
20253 0 14
20254 4 1
20255 0 21
20256 1 19
20257 1 14
20258 0 15
20259 0 8
20260 0 7
20261 0 17
20262 4 0
20263 1 11
20264 95 95
20265 0 23
20266 95 0
20267 3 4
20268 0 24
20269 0 95
20270 3 12
20271 0 13
20272 4 4
20273 4 1
20274 94 95
20275 0 19
20276 1 4
20277 0 94
20278 3 3
20279 95 95
20280 94 95
20281 0 23
20282 0 95
20283 1 19
20284 2 3
20285 5 2
20286 2 16
20287 0 19
20288 94 0
20289 12 0
20290 2 14
20291 1 19
20292 3 4
20293 0 19
20294 1 6
20295 1 16
20296 2 7
20297 1 0
20298 11 0
20299 12 0
20300 11 0
20301 0 9
20302 0 14
20303 95 95
20304 3 3
20305 5 3
20306 12 0
20307 5 2
20308 8 0
20309 1 8
20310 0 94
20311 0 4
20312 0 11
20313 2 13
20314 0 6
20315 0 15
20316 1 5
20317 2 3
20318 1 19
20319 2 16
20320 4 4
20321 0 18
20322 11 0
20323 2 4
20324 1 16
20325 5 0
20326 10 0
20327 94 95
20328 0 24
20329 0 5
20330 95 95
20331 2 0
20332 4 0
20333 1 17
20334 94 95
20335 6 0
20336 3 7
20337 1 4
20338 1 6
20339 95 95
20340 4 3
20341 0 4
20342 1 11
20343 0 95
20344 2 3
20345 4 4
20346 3 3
20347 0 6
20348 0 94
20349 4 12
20350 1 7
20351 1 5
20352 0 10
20353 0 12
20354 0 95
20355 2 11
20356 1 4
20357 1 0
20358 2 0
20359 0 13
20360 5 1
20361 0 4
20362 1 4
20363 0 23
20364 0 7
20365 4 5
20366 0 94
20367 1 9
20368 1 11
20369 0 95
20370 1 8
20371 0 20
20372 0 5
20373 95 0
20374 0 8
20375 0 9
20376 4 1
20377 0 4
20378 0 10
20379 0 16
20380 1 6
20381 4 4
20382 4 5
20383 94 0
20384 2 17
20385 95 0
20386 2 12
20387 0 5
20388 5 2
20389 1 17
20390 2 17
20391 0 12
20392 2 3
20393 2 13
20394 3 3
20395 0 6
20396 2 11
20397 1 17
20398 94 0
20399 3 9
20400 1 0
20401 0 15
20402 0 4
20403 1 10
20404 4 0
20405 0 9
20406 0 22
20407 94 95
20408 0 14
20409 1 16
20410 1 5
20411 0 11
20412 3 11
20413 95 95
20414 11 0
20415 0 23
20416 0 22
20417 4 4
20418 95 0
20419 0 94
20420 2 0
20421 1 7
20422 1 4
20423 5 1
20424 2 9
20425 4 13
20426 0 23
20427 0 95
20428 0 12
20429 94 95
20430 0 16
20431 95 95
20432 0 8
20433 0 21
20434 2 8
20435 94 95
20436 1 13
20437 4 1
20438 0 24
20439 1 0
20440 4 0
20441 0 11
20442 3 13
20443 1 20
20444 0 22
20445 1 12
20446 0 9
20447 2 13
20448 4 1
20449 95 95
20450 2 3
20451 2 11
20452 3 6
20453 0 5
20454 0 21
20455 3 7
20456 1 1
20457 2 14
20458 94 0
20459 3 3
20460 0 8
20461 2 9
20462 1 16
20463 0 23
20464 0 1
20465 0 17
20466 0 9
20467 2 3
20468 0 94
20469 3 11
20470 94 95
20471 95 95
20472 2 8
20473 95 0
20474 4 0
20475 1 13
20476 5 2
20477 5 1
20478 0 7
20479 0 15
20480 2 6
20481 0 18
20482 2 4
20483 0 24
20484 0 17
20485 10 0
20486 2 15
20487 4 7
20488 94 95
20489 0 22
20490 0 95
20491 2 3
20492 0 13
20493 4 1
20494 0 12
20495 2 4
20496 1 6
20497 94 0
20498 95 0
20499 94 0
20500 0 8
20501 0 94
20502 4 0
20503 0 9
20504 0 21
20505 1 8
20506 3 7
20507 0 10
20508 0 95
20509 0 94
20510 1 12
20511 2 14
20512 0 6
20513 95 95
20514 11 0
20515 0 18
20516 95 0
20517 1 14
20518 2 14
20519 2 8
20520 0 17
20521 94 95
20522 0 8
20523 2 11
20524 0 11
20525 1 7
20526 0 10
20527 2 3
20528 10 0
20529 5 2
20530 0 14
20531 0 12
20532 4 1
20533 3 6
20534 2 0
20535 0 18
20536 3 4
20537 0 16
20538 0 11
20539 1 16
20540 0 95
20541 0 23
20542 2 9
20543 0 16
20544 0 5
20545 0 94
20546 2 8
20547 0 12
20548 2 6
20549 1 16
20550 2 5
20551 0 15
20552 2 9
20553 0 95
20554 5 3
20555 5 0
20556 0 14
20557 1 19
20558 0 4
20559 0 15
20560 1 3
20561 1 17
20562 1 5
20563 0 5
20564 2 6
20565 4 2
20566 1 20
20567 1 14
20568 6 0
20569 3 11
20570 0 24
20571 1 19
20572 0 17
20573 0 23
20574 2 14
20575 94 0
20576 4 1
20577 0 94
20578 11 0
20579 0 14
20580 0 16
20581 3 6
20582 0 13
20583 0 20
20584 95 0
20585 0 15
20586 0 9
20587 0 4
20588 2 4
20589 2 19
20590 0 17
20591 4 3
20592 2 8
20593 4 4
20594 2 3
20595 0 19
20596 95 95
20597 0 95
20598 0 10
20599 2 9
20600 0 94
20601 2 6
20602 1 17
20603 0 18
20604 5 1
20605 1 0
20606 94 95
20607 0 5
20608 2 11
20609 1 4
20610 3 4
20611 4 0
20612 1 5
20613 2 8
20614 0 22
20615 3 11
20616 2 4
20617 0 21
20618 2 0
20619 1 3
20620 3 5
20621 4 5
20622 94 0
20623 3 6
20624 1 14
20625 2 6
20626 5 2
20627 3 3
20628 3 4
20629 0 9
20630 2 9
20631 2 3
20632 0 11
20633 2 4
20634 0 95
20635 3 6
20636 3 1
20637 2 6
20638 4 2
20639 1 16
20640 2 11
20641 0 94
20642 3 6
20643 95 95
20644 3 11
20645 94 95
20646 0 20
20647 0 5
20648 0 21
20649 5 2
20650 0 17
20651 95 0
20652 2 12
20653 2 6
20654 3 10
20655 3 6
20656 0 20
20657 0 10
20658 1 19
20659 1 0
20660 2 6
20661 0 18
20662 0 12
20663 1 4
20664 2 8
20665 1 13
20666 0 9
20667 1 17
20668 4 3
20669 2 2
20670 0 21
20671 94 0
20672 0 95
20673 5 1
20674 1 9
20675 3 8
20676 1 20
20677 2 11
20678 2 8
20679 3 5
20680 3 8
20681 2 9
20682 4 10
20683 10 0
20684 3 3
20685 3 10
20686 0 14
20687 2 3
20688 0 22
20689 0 21
20690 2 5
20691 0 19
20692 1 9
20693 3 0
20694 2 9
20695 0 15
20696 0 4
20697 0 13
20698 0 16
20699 2 6
20700 1 18
20701 1 9
20702 1 17
20703 1 4
20704 0 14
20705 1 5
20706 2 8
20707 3 1
20708 0 10
20709 3 9
20710 0 18
20711 0 22
20712 5 2
20713 2 17
20714 95 95
20715 95 0
20716 2 1
20717 3 10
20718 2 4
20719 1 4
20720 1 16
20721 2 18
20722 4 5
20723 3 5
20724 2 0
20725 1 5
20726 4 2
20727 0 5
20728 2 17
20729 11 0
20730 2 2
20731 4 5
20732 94 0
20733 1 12
20734 0 16
20735 1 17
20736 1 13
20737 3 4
20738 2 12
20739 2 11
20740 0 13
20741 95 0
20742 0 19
20743 1 1
20744 1 3
20745 2 12
20746 1 10
20747 1 14
20748 2 9
20749 0 6
20750 0 5
20751 5 2
20752 0 15
20753 0 18
20754 1 12
20755 2 8
20756 0 94
20757 0 21
20758 94 0
20759 2 4
20760 3 6
20761 0 22
20762 3 9
20763 0 6
20764 0 20
20765 2 6
20766 3 5
20767 0 1
20768 3 6
20769 0 5
20770 0 24
20771 4 3
20772 2 12
20773 2 6
20774 95 0
20775 0 16
20776 5 1
20777 3 10
20778 0 25
20779 10 0
20780 4 5
20781 3 5
20782 0 12
20783 1 4
20784 0 6
20785 3 6
20786 94 0
20787 2 11
20788 2 9
20789 0 15
20790 2 6
20791 0 16
20792 3 4
20793 4 2
20794 4 10
20795 2 12
20796 95 0
20797 8 1
20798 8 0
20799 94 0
20800 0 95
20801 0 24
20802 3 3
20803 8 1
20804 0 13
20805 1 9
20806 95 0
20807 9 0
20808 0 25
20809 0 23
20810 10 0
20811 0 22
20812 0 23
20813 8 0
20814 1 10
20815 0 22
20816 5 2
20817 1 12
20818 3 4
20819 3 3
20820 5 1
20821 3 10
20822 8 1
20823 0 24
20824 5 2
20825 94 0
20826 1 22
20827 0 2
20828 0 1
20829 95 0
20830 0 15
20831 0 94
20832 0 21
20833 0 2
20834 1 9
20835 0 23
20836 0 19
20837 94 95
20838 5 1
20839 3 11
20840 0 17
20841 95 95
20842 1 5
20843 2 14
20844 94 95
20845 0 24
20846 95 95
20847 3 4
20848 2 8
20849 94 95
20850 3 6
20851 0 14
20852 3 8
20853 95 95
20854 0 5
20855 0 13
20856 0 23
20857 94 0
20858 0 20
20859 1 21
20860 2 8
20861 8 0
20862 4 3
20863 2 5
20864 94 95
20865 11 0
20866 1 15
20867 0 22
20868 95 95
20869 5 2
20870 1 10
20871 1 9
20872 1 11
20873 5 1
20874 0 95
20875 0 4
20876 0 23
20877 2 4
20878 0 94
20879 0 5
20880 94 95
20881 1 6
20882 9 0
20883 3 8
20884 0 1
20885 95 95
20886 1 22
20887 0 16
20888 4 6
20889 94 95
20890 2 13
20891 2 9
20892 3 3
20893 0 4
20894 0 18
20895 3 7
20896 4 3
20897 3 5
20898 0 2
20899 0 21
20900 0 24
20901 0 23
20902 1 14
20903 2 5
20904 3 8
20905 0 95
20906 0 19
20907 95 95
20908 1 2
20909 0 15
20910 0 12
20911 3 6
20912 5 2
20913 0 9
20914 0 16
20915 5 1
20916 0 10
20917 0 7
20918 0 15
20919 0 9
20920 95 0
20921 3 4
20922 94 95
20923 12 0
20924 7 0
20925 2 22
20926 0 5
20927 3 10
20928 4 6
20929 6 0
20930 2 4
20931 1 1
20932 3 13
20933 1 22
20934 2 22
20935 0 94
20936 0 10
20937 0 9
20938 1 4
20939 94 0
20940 1 9
20941 1 22
20942 3 6
20943 0 4
20944 5 2
20945 5 1
20946 1 3
20947 0 13
20948 0 10
20949 2 9
20950 4 6
20951 11 0
20952 0 95
20953 2 22
20954 0 94
20955 0 1
20956 3 7
20957 1 4
20958 0 2
20959 0 8
20960 2 14
20961 3 5
20962 95 95
20963 5 6
20964 0 1
20965 4 6
20966 5 6
20967 0 5
20968 0 2
20969 0 95
20970 0 12
20971 94 95
20972 0 94
20973 2 11
20974 2 4
20975 3 12
20976 0 4
20977 1 22
20978 3 13
20979 0 1
20980 4 6
20981 0 95
20982 1 4
20983 0 7
20984 2 3
20985 12 0
20986 11 0
20987 0 14
20988 12 0
20989 0 24
20990 95 95
20991 5 6
20992 94 95
20993 1 9
20994 2 9
20995 0 8
20996 4 10
20997 1 23
20998 1 10
20999 95 95
21000 0 9
21001 0 8
21002 4 6
21003 0 11
21004 0 9
21005 0 12
21006 3 12
21007 2 8
21008 0 25
21009 7 0
21010 2 13
21011 1 5
21012 2 14
21013 0 8
21014 0 2
21015 0 5
21016 6 0
21017 95 0
21018 2 9
21019 2 2
21020 1 4
21021 2 5
21022 0 9
21023 0 23
21024 11 0
21025 0 94
21026 5 2
21027 3 3
21028 0 1
21029 1 2
21030 0 2
21031 3 5
21032 7 0
21033 0 26
21034 0 8
21035 6 0
21036 0 6
21037 0 95
21038 2 4
21039 0 11
21040 0 94
21041 1 1
21042 0 1
21043 0 2
21044 94 0
21045 0 24
21046 0 23
21047 0 24
21048 0 1
21049 2 1
21050 4 2
21051 0 4
21052 0 13
21053 94 95
21054 95 95
21055 0 9
21056 1 5
21057 12 0
21058 0 23
21059 5 6
21060 7 0
21061 0 95
21062 2 0
21063 0 25
21064 0 8
21065 95 0
21066 4 5
21067 2 5
21068 11 0
21069 5 7
21070 1 23
21071 1 14
21072 94 95
21073 94 0
21074 0 24
21075 1 22
21076 0 23
21077 1 4
21078 5 2
21079 95 0
21080 3 0
21081 0 9
21082 3 13
21083 1 3
21084 12 0
21085 0 94
21086 1 15
21087 11 0
21088 1 5
21089 12 0
21090 94 0
21091 4 2
21092 0 14
21093 0 13
21094 0 2
21095 5 0
21096 0 95
21097 0 24
21098 0 7
21099 3 6
21100 2 5
21101 11 0
21102 12 0
21103 5 1
21104 5 0
21105 11 0
21106 7 1
21107 3 7
21108 0 94
21109 7 0
21110 3 4
21111 1 5
21112 2 4
21113 0 14
21114 1 23
21115 1 22
21116 4 3
21117 0 18
21118 95 0
21119 5 6
21120 0 3
21121 1 3
21122 1 23
21123 0 17
21124 5 7
21125 3 5
21126 5 1
21127 4 0
21128 2 13
21129 0 13
21130 0 5
21131 0 15
21132 0 3
21133 95 95
21134 3 10
21135 3 0
21136 6 0
21137 2 14
21138 1 15
21139 3 3
21140 0 20
21141 0 14
21142 1 16
21143 0 25
21144 1 4
21145 2 8
21146 0 6
21147 2 9
21148 4 10
21149 3 10
21150 4 10
21151 0 13
21152 2 4
21153 0 23
21154 94 0
21155 4 0
21156 1 3
21157 3 10
21158 0 14
21159 2 13
21160 4 5
21161 0 18
21162 2 14
21163 0 8
21164 0 16
21165 95 0
21166 0 9
21167 0 7
21168 4 3
21169 0 6
21170 3 3
21171 8 0
21172 9 0
21173 3 6
21174 0 26
21175 0 22
21176 0 23
21177 12 0
21178 0 13
21179 8 0
21180 7 0
21181 2 6
21182 6 0
21183 4 3
21184 7 0
21185 94 0
21186 3 6
21187 0 15
21188 2 8
21189 0 7
21190 2 9
21191 0 95
21192 0 6
21193 0 94
21194 2 8
21195 4 7
21196 4 8
21197 0 3
21198 94 95
21199 0 25
21200 95 0
21201 1 3
21202 0 16
21203 0 7
21204 0 1
21205 0 3
21206 5 2
21207 95 95
21208 6 0
21209 3 3
21210 4 2
21211 1 3
21212 2 6
21213 3 5
21214 94 95
21215 1 5
21216 0 15
21217 2 9
21218 3 8
21219 6 1
21220 3 7
21221 0 16
21222 0 21
21223 94 0
21224 0 14
21225 0 95
21226 0 6
21227 0 7
21228 4 3
21229 0 20
21230 0 5
21231 4 10
21232 7 0
21233 3 8
21234 1 2
21235 2 8
21236 2 13
21237 0 3
21238 3 7
21239 1 5
21240 5 1
21241 0 22
21242 1 16
21243 0 24
21244 1 3
21245 2 9
21246 1 20
21247 2 1
21248 0 20
21249 3 10
21250 0 2
21251 4 5
21252 0 25
21253 3 1
21254 3 8
21255 95 0
21256 2 14
21257 0 24
21258 95 95
21259 0 13
21260 0 25
21261 0 94
21262 0 24
21263 0 6
21264 2 3
21265 0 95
21266 0 16
21267 0 94
21268 3 5
21269 2 8
21270 11 0
21271 10 0
21272 0 1
21273 4 4
21274 94 0
21275 2 9
21276 0 2
21277 1 1
21278 3 7
21279 0 25
21280 0 8
21281 0 24
21282 2 12
21283 0 15
21284 3 0
21285 2 11
21286 2 1
21287 3 2
21288 1 22
21289 0 3
21290 5 0
21291 0 23
21292 2 12
21293 1 3
21294 3 11
21295 0 24
21296 0 23
21297 4 3
21298 4 5
21299 4 0
21300 95 0
21301 9 0
21302 3 8
21303 0 17
21304 0 18
21305 0 2
21306 5 1
21307 0 5
21308 2 3
21309 94 95
21310 0 7
21311 2 7
21312 0 10
21313 10 0
21314 5 3
21315 1 2
21316 0 6
21317 4 3
21318 0 11
21319 5 2
21320 3 5
21321 0 17
21322 9 0
21323 94 0
21324 1 14
21325 3 6
21326 0 10
21327 0 7
21328 95 0
21329 1 3
21330 0 19
21331 0 16
21332 0 6
21333 95 95
21334 0 12
21335 0 1
21336 0 14
21337 2 2
21338 1 16
21339 1 9
21340 0 20
21341 2 9
21342 3 5
21343 3 0
21344 1 15
21345 0 95
21346 0 3
21347 0 19
21348 0 24
21349 1 13
21350 0 22
21351 3 6
21352 4 0
21353 10 0
21354 94 95
21355 0 25
21356 3 0
21357 3 4
21358 1 9
21359 0 11
21360 4 0
21361 4 4
21362 1 6
21363 0 13
21364 0 6
21365 0 94
21366 1 2
21367 5 1
21368 0 16
21369 2 4
21370 3 3
21371 94 0
21372 2 10
21373 0 24
21374 0 21
21375 1 11
21376 0 23
21377 1 21
21378 2 3
21379 1 7
21380 2 9
21381 0 2
21382 0 12
21383 0 13
21384 0 3
21385 0 22
21386 4 11
21387 2 4
21388 0 18
21389 95 95
21390 95 0
21391 4 5
21392 94 0
21393 3 2
21394 6 0
21395 1 3
21396 0 12
21397 3 3
21398 0 2
21399 0 19
21400 1 20
21401 0 13
21402 4 4
21403 3 11
21404 2 6
21405 0 18
21406 2 15
21407 0 12
21408 1 2
21409 0 11
21410 0 2
21411 3 0
21412 1 11
21413 0 95
21414 4 0
21415 4 11
21416 1 9
21417 2 9
21418 0 15
21419 3 0
21420 0 5
21421 94 95
21422 3 12
21423 0 6
21424 0 1
21425 9 0
21426 0 21
21427 95 95
21428 0 17
21429 0 22
21430 0 18
21431 0 2
21432 2 14
21433 1 2
21434 3 2
21435 3 3
21436 0 2
21437 0 21
21438 8 0
21439 3 7
21440 9 0
21441 3 6
21442 0 3
21443 2 11
21444 1 11
21445 3 8
21446 2 2
21447 4 8
21448 2 7
21449 94 95
21450 0 17
21451 0 7
21452 4 5
21453 1 1
21454 4 0
21455 5 2
21456 0 14
21457 3 0
21458 1 9
21459 2 6
21460 2 15
21461 2 1
21462 1 15
21463 2 13
21464 95 0
21465 0 22
21466 1 2
21467 3 5
21468 0 6
21469 4 0
21470 3 2
21471 3 3
21472 95 95
21473 8 0
21474 4 10
21475 1 16
21476 1 7
21477 0 5
21478 2 9
21479 1 9
21480 3 0
21481 94 0
21482 95 0
21483 4 5
21484 3 5
21485 3 8
21486 0 7
21487 0 21
21488 1 15
21489 1 6
21490 3 6
21491 1 13
21492 0 6
21493 0 1
21494 2 8
21495 1 7
21496 2 13
21497 1 19
21498 1 13
21499 2 12
21500 0 11
21501 5 0
21502 2 2
21503 94 0
21504 7 0
21505 2 7
21506 3 12
21507 4 9
21508 0 94
21509 94 95
21510 0 19
21511 1 12
21512 0 22
21513 0 21
21514 1 19
21515 3 9
21516 95 0
21517 0 13
21518 1 11
21519 3 5
21520 4 3
21521 1 12
21522 3 8
21523 94 0
21524 95 0
21525 1 6
21526 0 5
21527 0 14
21528 4 10
21529 0 12
21530 95 95
21531 0 95
21532 1 5
21533 2 6
21534 94 0
21535 3 11
21536 94 95
21537 1 6
21538 3 7
21539 4 5
21540 1 3
21541 0 11
21542 4 9
21543 0 2
21544 2 5
21545 8 0
21546 3 6
21547 3 9
21548 2 13
21549 0 12
21550 2 1
21551 1 2
21552 6 0
21553 95 0
21554 1 13
21555 0 9
21556 0 16
21557 2 13
21558 1 12
21559 2 7
21560 0 17
21561 9 0
21562 0 12
21563 0 6
21564 5 5
21565 2 3
21566 95 95
21567 8 0
21568 1 5
21569 1 11
21570 5 0
21571 1 1
21572 0 20
21573 2 5
21574 0 13
21575 1 18
21576 1 6
21577 1 9
21578 3 12
21579 2 14
21580 4 4
21581 1 3
21582 2 12
21583 1 16
21584 0 15
21585 1 14
21586 2 14
21587 2 16
21588 1 14
21589 0 16
21590 3 4
21591 0 6
21592 4 4
21593 4 6
21594 1 8
21595 1 9
21596 0 12
21597 1 4
21598 0 11
21599 3 5
21600 3 8
21601 6 5
21602 0 18
21603 3 9
21604 94 0
21605 5 5
21606 95 0
21607 2 15
21608 2 5
21609 1 13
21610 3 3
21611 3 5
21612 1 6
21613 1 11
21614 2 5
21615 94 0
21616 2 14
21617 4 2
21618 3 6
21619 2 4
21620 3 5
21621 5 6
21622 3 8
21623 7 0
21624 0 13
21625 0 21
21626 4 6
21627 2 3
21628 1 16
21629 1 2
21630 1 17
21631 0 16
21632 0 12
21633 0 94
21634 4 0
21635 3 1
21636 2 15
21637 1 14
21638 0 15
21639 95 0
21640 2 4
21641 1 13
21642 2 14
21643 2 15
21644 0 13
21645 8 0
21646 1 14
21647 4 7
21648 7 0
21649 4 6
21650 0 20
21651 0 12
21652 1 8
21653 0 21
21654 1 13
21655 1 16
21656 0 13
21657 1 3
21658 0 3
21659 1 17
21660 2 5
21661 0 20
21662 0 95
21663 1 16
21664 0 12
21665 5 4
21666 3 9
21667 2 14
21668 1 4
21669 0 13
21670 0 6
21671 0 17
21672 2 1
21673 8 0
21674 2 15
21675 3 5
21676 0 12
21677 0 13
21678 0 94
21679 1 6
21680 1 3
21681 6 0
21682 0 19
21683 3 8
21684 3 9
21685 3 1
21686 2 2
21687 2 14
21688 0 12
21689 0 3
21690 1 9
21691 2 6
21692 0 20
21693 3 8
21694 94 0
21695 0 95
21696 3 9
21697 4 7
21698 1 6
21699 4 4
21700 1 2
21701 2 5
21702 2 3
21703 0 11
21704 3 0
21705 5 2
21706 0 6
21707 4 6
21708 3 5
21709 3 8
21710 1 6
21711 1 8
21712 9 0
21713 2 5
21714 3 6
21715 2 16
21716 1 3
21717 1 16
21718 3 9
21719 0 18
21720 3 5
21721 1 17
21722 1 16
21723 4 3
21724 95 0
21725 94 0
21726 0 6
21727 0 21
21728 3 8
21729 0 17
21730 0 20
21731 1 5
21732 2 4
21733 94 95
21734 3 12
21735 2 9
21736 1 11
21737 2 1
21738 1 9
21739 0 1
21740 4 8
21741 1 6
21742 2 5
21743 4 5
21744 4 0
21745 0 2
21746 1 5
21747 0 18
21748 3 5
21749 0 21
21750 2 12
21751 8 0
21752 3 0
21753 2 5
21754 5 1
21755 2 3
21756 4 0
21757 0 14
21758 3 0
21759 1 3
21760 0 16
21761 3 7
21762 1 7
21763 95 95
21764 94 95
21765 3 3
21766 0 15
21767 95 0
21768 2 6
21769 94 0
21770 9 0
21771 2 11
21772 1 5
21773 4 1
21774 0 6
21775 8 0
21776 3 2
21777 4 0
21778 4 9
21779 1 11
21780 3 4
21781 3 3
21782 95 95
21783 3 12
21784 94 95
21785 0 13
21786 95 0
21787 0 11
21788 3 0
21789 5 0
21790 4 8
21791 0 94
21792 2 8
21793 0 19
21794 0 5
21795 6 0
21796 2 11
21797 1 5
21798 0 18
21799 1 12
21800 1 16
21801 94 0
21802 0 7
21803 0 1
21804 0 2
21805 1 17
21806 4 3
21807 0 10
21808 1 10
21809 95 0
21810 5 1
21811 1 16
21812 1 7
21813 0 14
21814 4 9
21815 3 4
21816 94 0
21817 5 3
21818 4 6
21819 2 5
21820 1 5
21821 95 95
21822 3 9
21823 0 20
21824 2 0
21825 1 9
21826 2 1
21827 3 10
21828 0 12
21829 0 21
21830 0 95
21831 0 11
21832 0 13
21833 2 5
21834 4 1
21835 0 5
21836 1 6
21837 2 3
21838 1 4
21839 0 20
21840 5 1
21841 1 3
21842 1 14
21843 3 9
21844 2 14
21845 1 10
21846 1 7
21847 4 0
21848 2 10
21849 2 0
21850 1 6
21851 2 3
21852 1 13
21853 94 95
21854 2 12
21855 3 0
21856 0 7
21857 0 94
21858 4 1
21859 0 12
21860 0 17
21861 0 95
21862 0 19
21863 0 94
21864 95 0
21865 2 15
21866 4 9
21867 0 9
21868 0 95
21869 0 4
21870 2 6
21871 3 5
21872 0 6
21873 2 1
21874 1 7
21875 0 20
21876 0 14
21877 2 0
21878 0 15
21879 94 0
21880 9 0
21881 8 0
21882 0 1
21883 2 5
21884 0 2
21885 2 6
21886 1 5
21887 3 9
21888 95 95
21889 0 19
21890 2 1
21891 0 7
21892 0 3
21893 0 5
21894 1 3
21895 0 4
21896 1 14
21897 1 6
21898 0 20
21899 95 0
21900 94 95
21901 1 8
21902 0 94
21903 2 13
21904 1 1
21905 2 0
21906 5 6
21907 5 0
21908 94 0
21909 4 9
21910 6 0
21911 5 0
21912 2 1
21913 2 9
21914 0 13
21915 2 6
21916 4 8
21917 0 95
21918 6 0
21919 4 3
21920 0 11
21921 2 12
21922 9 0
21923 1 12
21924 3 0
21925 0 94
21926 0 5
21927 4 6
21928 3 15
21929 2 16
21930 1 1
21931 3 9
21932 2 4
21933 0 6
21934 2 0
21935 2 12
21936 2 1
21937 1 16
21938 0 18
21939 2 7
21940 1 17
21941 2 9
21942 1 1
21943 1 16
21944 1 17
21945 95 0
21946 2 2
21947 3 9
21948 1 12
21949 0 16
21950 2 9
21951 0 21
21952 4 9
21953 4 8
21954 2 17
21955 0 19
21956 0 18
21957 2 6
21958 3 0
21959 94 0
21960 2 1
21961 0 20
21962 4 9
21963 0 21
21964 2 12
21965 0 4
21966 1 1
21967 8 0
21968 1 12
21969 3 2
21970 0 19
21971 1 7
21972 95 95
21973 0 18
21974 2 2
21975 2 1
21976 3 2
21977 2 2
21978 3 3
21979 0 14
21980 1 15
21981 1 1
21982 94 95
21983 1 8
21984 9 0
21985 1 13
21986 2 7
21987 0 13
21988 5 6
21989 0 3
21990 3 8
21991 0 95
21992 8 0
21993 5 0
21994 1 4
21995 4 3
21996 7 0
21997 0 20
21998 2 10
21999 0 21
22000 8 0
22001 95 95
22002 3 3
22003 2 0
22004 4 6
22005 1 3
22006 95 0
22007 3 1
22008 0 7
22009 94 95
22010 4 3
22011 3 0
22012 0 19
22013 1 12
22014 7 0
22015 2 3
22016 0 14
22017 94 0
22018 1 13
22019 0 18
22020 1 3
22021 2 6
22022 0 12
22023 1 11
22024 2 13
22025 3 3
22026 4 1
22027 4 7
22028 0 6
22029 8 0
22030 2 4
22031 0 19
22032 4 10
22033 4 6
22034 0 94
22035 1 7
22036 0 13
22037 4 7
22038 1 8
22039 7 0
22040 0 11
22041 8 0
22042 4 3
22043 7 0
22044 0 95
22045 3 4
22046 1 12
22047 0 7
22048 95 0
22049 5 3
22050 1 17
22051 2 7
22052 2 4
22053 94 0
22054 0 15
22055 3 9
22056 3 4
22057 0 6
22058 2 3
22059 2 14
22060 3 8
22061 4 6
22062 2 12
22063 1 10
22064 0 94
22065 1 13
22066 0 14
22067 0 12
22068 2 11
22069 8 0
22070 95 0
22071 2 6
22072 4 3
22073 0 11
22074 2 7
22075 2 12
22076 3 9
22077 0 22
22078 2 9
22079 1 11
22080 5 3
22081 1 10
22082 3 9
22083 7 0
22084 8 0
22085 4 2
22086 2 6
22087 0 12
22088 0 18
22089 5 4
22090 2 1
22091 0 7
22092 2 17
22093 1 3
22094 4 0
22095 2 9
22096 1 16
22097 3 0
22098 94 0
22099 3 9
22100 4 11
22101 0 11
22102 2 9
22103 3 11
22104 0 5
22105 2 18
22106 1 1
22107 2 4
22108 3 4
22109 0 16
22110 2 1
22111 3 9
22112 6 0
22113 2 10
22114 0 21
22115 95 0
22116 1 16
22117 0 16
22118 0 3
22119 2 7
22120 9 0
22121 1 16
22122 94 0
22123 2 6
22124 3 8
22125 5 3
22126 4 7
22127 4 0
22128 0 6
22129 3 9
22130 95 95
22131 0 20
22132 2 4
22133 0 16
22134 0 95
22135 95 0
22136 0 12
22137 4 5
22138 94 95
22139 3 5
22140 3 1
22141 4 5
22142 94 0
22143 0 4
22144 0 94
22145 3 8
22146 1 3
22147 5 4
22148 0 95
22149 0 94
22150 3 12
22151 2 12
22152 1 16
22153 4 11
22154 0 15
22155 3 4
22156 2 4
22157 1 10
22158 3 5
22159 3 4
22160 3 11
22161 2 4
22162 8 0
22163 3 4
22164 4 5
22165 95 95
22166 2 3
22167 0 11
22168 2 7
22169 2 6
22170 2 4
22171 1 3
22172 2 10
22173 0 95
22174 3 5
22175 3 0
22176 0 94
22177 4 6
22178 0 7
22179 0 13
22180 9 0
22181 94 95
22182 4 11
22183 3 16
22184 0 17
22185 3 15
22186 8 0
22187 1 12
22188 3 16
22189 1 14
22190 3 11
22191 5 0
22192 4 7
22193 2 14
22194 1 18
22195 2 1
22196 2 7
22197 6 0
22198 1 14
22199 9 0
22200 1 10
22201 5 0
22202 6 0
22203 1 1
22204 0 3
22205 95 95
22206 0 18
22207 3 9
22208 0 6
22209 2 12
22210 2 14
22211 4 6
22212 0 95
22213 5 0
22214 1 19
22215 6 0
22216 1 12
22217 2 11
22218 0 21
22219 4 0
22220 2 1
22221 2 3
22222 1 17
22223 0 14
22224 3 11
22225 3 1
22226 2 2
22227 4 7
22228 1 20
22229 4 6
22230 2 3
22231 2 10
22232 1 19
22233 4 4
22234 8 0
22235 1 2
22236 2 13
22237 1 16
22238 0 7
22239 2 1
22240 0 94
22241 3 0
22242 94 95
22243 0 12
22244 1 14
22245 1 1
22246 0 5
22247 1 20
22248 1 19
22249 95 0
22250 3 8
22251 1 2
22252 95 95
22253 1 20
22254 5 0
22255 1 1
22256 1 11
22257 6 0
22258 5 4
22259 0 11
22260 0 17
22261 2 12
22262 0 22
22263 2 13
22264 0 4
22265 0 3
22266 3 9
22267 0 95
22268 4 4
22269 0 20
22270 0 4
22271 4 0
22272 94 95
22273 3 15
22274 6 1
22275 0 94
22276 7 0
22277 1 10
22278 0 13
22279 5 4
22280 2 9
22281 0 5
22282 3 1
22283 0 95
22284 2 16
22285 0 94
22286 1 2
22287 1 4
22288 1 16
22289 0 6
22290 0 4
22291 0 7
22292 0 12
22293 0 19
22294 2 5
22295 0 21
22296 1 11
22297 0 1
22298 2 12
22299 2 10
22300 0 13
22301 0 0
22302 2 14
22303 2 16
22304 1 17
22305 0 6
22306 0 95
22307 1 10
22308 1 1
22309 4 4
22310 0 18
22311 0 3
22312 4 15
22313 0 17
22314 5 0
22315 3 15
22316 8 0
22317 1 13
22318 3 4
22319 1 14
22320 0 13
22321 1 17
22322 3 6
22323 1 2
22324 1 11
22325 3 0
22326 4 11
22327 2 9
22328 3 2
22329 3 11
22330 94 0
22331 0 4
22332 95 0
22333 2 13
22334 94 0
22335 1 1
22336 1 10
22337 7 0
22338 0 3
22339 0 7
22340 2 1
22341 0 19
22342 4 2
22343 3 14
22344 1 11
22345 3 15
22346 4 6
22347 3 6
22348 95 0
22349 3 7
22350 3 2
22351 4 4
22352 0 17
22353 4 6
22354 2 7
22355 6 2
22356 0 6
22357 3 10
22358 3 14
22359 3 15
22360 95 95
22361 94 0
22362 95 0
22363 1 15
22364 0 22
22365 5 1
22366 6 0
22367 1 10
22368 3 11
22369 3 6
22370 3 3
22371 2 3
22372 4 6
22373 3 14
22374 0 12
22375 4 1
22376 2 17
22377 1 2
22378 0 21
22379 2 11
22380 94 0
22381 2 0
22382 3 11
22383 5 1
22384 0 1
22385 0 14
22386 1 12
22387 2 10
22388 0 16
22389 0 17
22390 3 5
22391 1 19
22392 0 20
22393 4 7
22394 2 1
22395 0 16
22396 2 15
22397 94 95
22398 0 94
22399 2 5
22400 1 17
22401 4 14
22402 3 14
22403 3 4
22404 4 6
22405 0 2
22406 4 4
22407 0 12
22408 4 14
22409 2 17
22410 7 0
22411 6 0
22412 1 13
22413 4 0
22414 3 6
22415 6 3
22416 95 95
22417 1 10
22418 1 15
22419 2 13
22420 1 11
22421 0 13
22422 0 7
22423 0 12
22424 1 17
22425 94 95
22426 3 4
22427 4 4
22428 0 21
22429 2 0
22430 3 7
22431 95 0
22432 0 20
22433 0 10
22434 2 19
22435 5 2
22436 4 6
22437 0 3
22438 3 14
22439 3 10
22440 94 0
22441 0 0
22442 7 0
22443 0 95
22444 0 1
22445 3 3
22446 2 1
22447 0 6
22448 0 2
22449 0 3
22450 5 4
22451 1 18
22452 0 13
22453 7 3
22454 6 3
22455 3 0
22456 7 3
22457 6 0
22458 2 0
22459 0 18
22460 0 7
22461 2 3
22462 3 11
22463 5 1
22464 95 95
22465 3 3
22466 4 0
22467 7 0
22468 2 1
22469 0 2
22470 1 19
22471 0 21
22472 2 15
22473 3 10
22474 5 2
22475 0 6
22476 1 14
22477 94 95
22478 4 5
22479 0 20
22480 2 6
22481 95 0
22482 0 12
22483 0 3
22484 0 7
22485 2 8
22486 1 6
22487 95 95
22488 3 5
22489 2 0
22490 2 16
22491 2 11
22492 2 5
22493 0 15
22494 0 16
22495 2 19
22496 0 15
22497 2 9
22498 6 3
22499 0 94
22500 94 95
22501 5 0
22502 0 2
22503 3 5
22504 7 3
22505 6 2
22506 2 7
22507 1 16
22508 0 3
22509 1 17
22510 3 15
22511 2 4
22512 1 19
22513 3 6
22514 0 95
22515 0 16
22516 1 3
22517 0 13
22518 0 94
22519 3 0
22520 95 95
22521 2 17
22522 4 4
22523 1 11
22524 2 5
22525 0 6
22526 0 7
22527 1 15
22528 2 0
22529 1 14
22530 1 12
22531 1 2
22532 1 3
22533 2 2
22534 94 95
22535 8 0
22536 2 15
22537 94 0
22538 0 11
22539 3 15
22540 3 2
22541 3 1
22542 95 0
22543 0 15
22544 0 95
22545 0 21
22546 0 2
22547 4 0
22548 0 16
22549 0 94
22550 3 2
22551 0 15
22552 5 2
22553 0 95
22554 3 0
22555 3 13
22556 2 15
22557 3 3
22558 0 4
22559 3 7
22560 2 7
22561 4 5
22562 6 3
22563 0 17
22564 0 18
22565 0 12
22566 1 4
22567 3 11
22568 2 11
22569 3 15
22570 0 94
22571 3 11
22572 4 4
22573 0 3
22574 0 16
22575 3 7
22576 2 15
22577 2 7
22578 4 5
22579 3 15
22580 2 12
22581 3 4
22582 3 3
22583 0 15
22584 0 16
22585 7 0
22586 0 15
22587 2 10
22588 0 95
22589 0 6
22590 0 94
22591 0 13
22592 4 4
22593 4 5
22594 1 12
22595 2 15
22596 4 2
22597 4 11
22598 0 17
22599 3 4
22600 0 19
22601 0 2
22602 5 5
22603 0 12
22604 5 3
22605 0 95
22606 0 94
22607 95 95
22608 0 95
22609 0 22
22610 2 12
22611 2 18
22612 0 94
22613 4 5
22614 0 13
22615 6 0
22616 3 3
22617 1 18
22618 94 95
22619 1 3
22620 4 1
22621 2 8
22622 0 21
22623 3 4
22624 7 0
22625 5 0
22626 4 3
22627 1 12
22628 0 7
22629 2 4
22630 0 10
22631 6 0
22632 2 7
22633 95 95
22634 2 0
22635 0 12
22636 0 5
22637 8 0
22638 2 8
22639 3 7
22640 3 6
22641 1 9
22642 2 12
22643 4 0
22644 3 14
22645 0 8
22646 2 13
22647 3 11
22648 94 0
22649 9 0
22650 0 7
22651 0 95
22652 0 94
22653 95 0
22654 3 0
22655 3 12
22656 94 95
22657 2 7
22658 2 1
22659 8 0
22660 9 0
22661 3 7
22662 4 1
22663 4 14
22664 8 0
22665 2 2
22666 0 13
22667 2 8
22668 3 3
22669 2 1
22670 0 95
22671 0 4
22672 1 2
22673 0 0
22674 95 95
22675 0 22
22676 9 0
22677 1 8
22678 4 2
22679 94 95
22680 94 0
22681 95 95
22682 4 4
22683 5 0
22684 95 0
22685 0 21
22686 94 0
22687 0 2
22688 4 1
22689 6 0
22690 3 14
22691 2 16
22692 2 12
22693 8 0
22694 1 16
22695 3 10
22696 0 6
22697 0 1
22698 4 5
22699 4 2
22700 3 15
22701 0 22
22702 5 0
22703 4 4
22704 0 12
22705 1 2
22706 7 0
22707 1 13
22708 4 5
22709 1 4
22710 8 0
22711 2 9
22712 1 14
22713 0 9
22714 0 21
22715 1 3
22716 1 13
22717 2 7
22718 2 11
22719 4 10
22720 1 11
22721 0 2
22722 1 4
22723 4 0
22724 7 0
22725 0 13
22726 0 22
22727 5 1
22728 0 20
22729 0 23
22730 0 1
22731 0 3
22732 0 2
22733 0 8
22734 0 22
22735 2 10
22736 4 9
22737 1 10
22738 95 0
22739 0 3
22740 0 5
22741 94 0
22742 94 95
22743 95 95
22744 2 15
22745 3 0
22746 4 4
22747 95 0
22748 5 0
22749 0 19
22750 2 18
22751 4 5
22752 2 8
22753 2 12
22754 4 4
22755 2 7
22756 4 1
22757 0 20
22758 0 6
22759 2 9
22760 0 94
22761 1 17
22762 0 5
22763 0 2
22764 0 18
22765 3 7
22766 0 23
22767 2 7
22768 94 95
22769 8 0
22770 0 7
22771 2 19
22772 94 0
22773 0 22
22774 1 20
22775 1 3
22776 95 95
22777 0 8
22778 4 2
22779 2 4
22780 0 6
22781 1 11
22782 2 5
22783 0 12
22784 0 13
22785 4 5
22786 0 95
22787 0 21
22788 95 0
22789 1 14
22790 0 94
22791 2 16
22792 6 0
22793 1 10
22794 4 1
22795 2 18
22796 2 14
22797 1 12
22798 94 95
22799 0 3
22800 4 8
22801 95 95
22802 3 9
22803 4 7
22804 94 0
22805 5 0
22806 0 19
22807 2 0
22808 0 16
22809 4 8
22810 6 0
22811 3 16
22812 2 10
22813 94 95
22814 5 0
22815 1 8
22816 0 18
22817 0 2
22818 2 16
22819 3 0
22820 3 7
22821 4 4
22822 2 9
22823 95 95
22824 1 10
22825 0 14
22826 4 9
22827 2 7
22828 1 4
22829 6 0
22830 0 95
22831 0 22
22832 0 0
22833 0 7
22834 0 94
22835 3 7
22836 5 0
22837 4 8
22838 0 13
22839 2 8
22840 3 16
22841 0 1
22842 0 20
22843 0 23
22844 1 8
22845 4 9
22846 0 2
22847 2 16
22848 94 95
22849 3 16
22850 4 8
22851 0 14
22852 7 0
22853 0 1
22854 1 3
22855 0 21
22856 2 10
22857 0 0
22858 0 1
22859 0 20
22860 0 21
22861 4 5
22862 4 4
22863 0 20
22864 0 5
22865 0 3
22866 0 10
22867 2 19
22868 0 12
22869 0 0
22870 4 2
22871 4 5
22872 95 0
22873 2 7
22874 0 95
22875 0 8
22876 0 6
22877 2 17
22878 2 13
22879 0 7
22880 3 7
22881 4 9
22882 0 21
22883 1 8
22884 2 11
22885 0 24
22886 1 13
22887 4 1
22888 8 0
22889 0 23
22890 2 4
22891 1 19
22892 1 20
22893 7 0
22894 0 1
22895 1 19
22896 0 6
22897 8 0
22898 0 20
22899 2 7
22900 1 16
22901 0 15
22902 0 22
22903 0 8
22904 2 19
22905 1 8
22906 1 14
22907 3 5
22908 0 23
22909 1 19
22910 4 8
22911 0 22
22912 0 0
22913 0 7
22914 2 19
22915 94 0
22916 2 0
22917 1 11
22918 0 23
22919 0 13
22920 0 22
22921 1 20
22922 0 17
22923 1 12
22924 2 10
22925 0 21
22926 4 2
22927 0 14
22928 7 0
22929 3 8
22930 95 0
22931 0 2
22932 3 9
22933 0 1
22934 3 8
22935 0 6
22936 0 18
22937 0 17
22938 3 6
22939 3 0
22940 1 7
22941 3 15
22942 4 1
22943 0 2
22944 2 7
22945 0 1
22946 0 4
22947 0 15
22948 1 5
22949 2 0
22950 2 9
22951 0 18
22952 1 11
22953 1 7
22954 0 22
22955 2 15
22956 94 0
22957 0 11
22958 1 10
22959 95 0
22960 0 17
22961 0 7
22962 2 7
22963 0 18
22964 3 17
22965 8 0
22966 7 0
22967 0 8
22968 95 95
22969 0 21
22970 3 0
22971 0 3
22972 0 17
22973 2 17
22974 0 94
22975 3 2
22976 3 17
22977 8 0
22978 1 8
22979 0 8
22980 2 17
22981 0 2
22982 0 1
22983 3 5
22984 3 3
22985 6 0
22986 0 19
22987 0 22
22988 3 19
22989 0 95
22990 1 8
22991 2 18
22992 94 0
22993 94 95
22994 0 18
22995 1 17
22996 2 10
22997 0 21
22998 3 6
22999 0 17
23000 4 2
23001 0 16
23002 0 18
23003 2 2
23004 0 8
23005 1 8
23006 0 14
23007 0 15
23008 9 0
23009 1 6
23010 2 9
23011 2 6
23012 3 5
23013 4 1
23014 1 13
23015 1 19
23016 2 0
23017 1 11
23018 95 95
23019 0 16
23020 95 0
23021 4 5
23022 3 0
23023 2 0
23024 1 3
23025 0 15
23026 0 94
23027 1 20
23028 1 10
23029 4 0
23030 94 0
23031 8 0
23032 1 16
23033 4 1
23034 0 6
23035 3 7
23036 3 8
23037 1 19
23038 0 0
23039 2 17
23040 94 95
23041 2 7
23042 3 18
23043 9 0
23044 1 5
23045 0 1
23046 0 19
23047 0 12
23048 95 0
23049 4 0
23050 0 18
23051 0 7
23052 0 19
23053 0 18
23054 0 6
23055 1 11
23056 0 95
23057 7 0
23058 2 13
23059 2 10
23060 2 9
23061 0 20
23062 0 7
23063 0 6
23064 2 6
23065 3 19
23066 1 13
23067 95 95
23068 0 3
23069 2 13
23070 6 0
23071 3 7
23072 0 94
23073 3 8
23074 1 7
23075 1 13
23076 0 8
23077 4 3
23078 0 22
23079 3 3
23080 2 13
23081 1 14
23082 0 23
23083 1 3
23084 0 22
23085 0 9
23086 4 1
23087 3 6
23088 0 0
23089 4 8
23090 1 8
23091 0 95
23092 4 3
23093 8 0
23094 0 10
23095 4 0
23096 0 17
23097 2 6
23098 3 18
23099 0 23
23100 0 13
23101 0 12
23102 2 12
23103 0 21
23104 0 94
23105 0 3
23106 3 0
23107 2 7
23108 0 9
23109 3 1
23110 0 24
23111 0 10
23112 1 3
23113 94 95
23114 2 6
23115 9 0
23116 3 8
23117 95 95
23118 1 13
23119 0 18
23120 0 8
23121 3 5
23122 0 1
23123 0 7
23124 3 0
23125 94 0
23126 4 5
23127 7 0
23128 1 20
23129 3 19
23130 0 3
23131 1 10
23132 1 8
23133 0 23
23134 0 8
23135 3 5
23136 0 95
23137 2 11
23138 1 9
23139 0 0
23140 0 14
23141 0 15
23142 1 8
23143 1 3
23144 0 24
23145 1 11
23146 10 0
23147 2 11
23148 0 22
23149 0 8
23150 2 19
23151 0 14
23152 6 0
23153 0 17
23154 3 19
23155 0 18
23156 3 7
23157 3 1
23158 1 8
23159 0 6
23160 0 3
23161 94 95
23162 2 7
23163 0 21
23164 3 0
23165 0 7
23166 2 19
23167 3 8
23168 0 8
23169 1 8
23170 95 95
23171 0 94
23172 4 8
23173 7 0
23174 1 11
23175 2 10
23176 0 16
23177 0 19
23178 0 15
23179 0 6
23180 1 17
23181 0 7
23182 3 6
23183 1 6
23184 2 8
23185 0 22
23186 9 0
23187 5 0
23188 0 5
23189 0 8
23190 0 9
23191 5 1
23192 0 4
23193 0 25
23194 0 21
23195 95 0
23196 4 0
23197 3 5
23198 6 0
23199 8 0
23200 3 0
23201 2 18
23202 1 3
23203 0 24
23204 2 7
23205 3 10
23206 0 8
23207 0 22
23208 1 14
23209 0 21
23210 94 0
23211 2 9
23212 0 14
23213 0 22
23214 4 1
23215 0 95
23216 2 0
23217 3 11
23218 3 7
23219 0 13
23220 1 10
23221 0 7
23222 4 5
23223 2 7
23224 5 0
23225 2 11
23226 0 3
23227 0 8
23228 0 94
23229 3 7
23230 2 7
23231 3 8
23232 4 8
23233 94 95
23234 2 19
23235 6 0
23236 0 4
23237 2 18
23238 0 25
23239 2 5
23240 0 14
23241 3 9
23242 0 95
23243 2 9
23244 2 19
23245 0 24
23246 4 6
23247 0 1
23248 2 4
23249 0 7
23250 3 9
23251 95 0
23252 3 6
23253 0 8
23254 1 9
23255 1 18
23256 5 0
23257 2 5
23258 0 25
23259 0 21
23260 94 0
23261 0 94
23262 0 11
23263 1 17
23264 4 7
23265 0 95
23266 0 0
23267 1 13
23268 0 22
23269 0 24
23270 1 21
23271 2 18
23272 2 13
23273 0 9
23274 1 9
23275 1 15
23276 95 0
23277 95 95
23278 0 9
23279 1 13
23280 3 0
23281 0 25
23282 1 20
23283 2 19
23284 2 18
23285 0 7
23286 94 0
23287 0 8
23288 3 1
23289 2 0
23290 2 9
23291 4 1
23292 3 0
23293 0 13
23294 1 4
23295 0 10
23296 6 0
23297 0 24
23298 2 0
23299 2 13
23300 0 18
23301 2 14
23302 0 6
23303 1 9
23304 2 12
23305 0 25
23306 4 8
23307 4 6
23308 94 95
23309 1 7
23310 0 15
23311 0 94
23312 95 95
23313 1 10
23314 1 13
23315 3 6
23316 0 14
23317 3 0
23318 5 0
23319 3 8
23320 0 21
23321 2 15
23322 0 24
23323 0 95
23324 0 19
23325 2 19
23326 0 18
23327 2 0
23328 6 0
23329 9 0
23330 3 0
23331 2 8
23332 0 15
23333 95 0
23334 0 4
23335 0 23
23336 3 9
23337 1 4
23338 0 9
23339 5 0
23340 2 4
23341 0 7
23342 2 6
23343 0 24
23344 8 0
23345 0 23
23346 6 0
23347 5 1
23348 0 20
23349 9 0
23350 0 14
23351 4 0
23352 5 2
23353 8 0
23354 0 15
23355 3 4
23356 5 1
23357 2 14
23358 5 2
23359 2 11
23360 1 7
23361 2 15
23362 9 0
23363 0 14
23364 8 0
23365 3 10
23366 1 15
23367 0 4
23368 2 15
23369 94 95
23370 1 5
23371 0 10
23372 3 6
23373 1 15
23374 1 19
23375 1 11
23376 0 7
23377 0 11
23378 2 6
23379 1 10
23380 0 8
23381 2 19
23382 1 19
23383 0 1
23384 0 6
23385 0 5
23386 5 1
23387 0 24
23388 0 7
23389 9 0
23390 0 22
23391 0 94
23392 3 8
23393 0 8
23394 0 10
23395 0 7
23396 1 8
23397 2 19
23398 1 19
23399 2 7
23400 0 3
23401 5 2
23402 8 0
23403 1 22
23404 4 10
23405 3 0
23406 5 0
23407 0 0
23408 3 9
23409 2 4
23410 2 1
23411 0 4
23412 2 15
23413 2 2
23414 94 0
23415 2 12
23416 1 15
23417 6 0
23418 0 3
23419 95 0
23420 3 4
23421 95 95
23422 9 0
23423 4 11
23424 0 1
23425 3 11
23426 2 6
23427 0 95
23428 0 0
23429 0 4
23430 5 0
23431 2 15
23432 2 1
23433 6 2
23434 0 6
23435 3 8
23436 2 19
23437 0 8
23438 0 7
23439 2 3
23440 2 9
23441 0 94
23442 5 2
23443 94 95
23444 94 0
23445 1 7
23446 0 6
23447 1 14
23448 1 13
23449 0 22
23450 1 15
23451 0 25
23452 0 5
23453 2 15
23454 6 0
23455 1 14
23456 0 7
23457 2 16
23458 0 6
23459 1 11
23460 1 9
23461 0 13
23462 2 15
23463 2 8
23464 0 15
23465 0 17
23466 95 95
23467 8 0
23468 0 18
23469 3 6
23470 2 7
23471 1 7
23472 2 7
23473 3 8
23474 9 0
23475 1 7
23476 1 13
23477 0 9
23478 1 19
23479 5 1
23480 1 16
23481 0 14
23482 2 7
23483 3 9
23484 94 95
23485 3 8
23486 3 9
23487 1 3
23488 3 8
23489 0 3
23490 1 8
23491 0 8
23492 0 5
23493 1 7
23494 95 95
23495 0 17
23496 0 95
23497 2 14
23498 0 24
23499 0 4
23500 2 4
23501 0 10
23502 0 18
23503 1 9
23504 0 6
23505 0 21
23506 1 17
23507 3 10
23508 0 13
23509 1 14
23510 7 0
23511 2 2
23512 5 0
23513 2 15
23514 0 20
23515 1 22
23516 2 16
23517 5 1
23518 6 0
23519 0 22
23520 1 13
23521 2 6
23522 2 9
23523 0 16
23524 0 14
23525 1 8
23526 2 7
23527 3 12
23528 0 7
23529 2 12
23530 3 4
23531 0 8
23532 2 1
23533 2 15
23534 8 0
23535 0 1
23536 2 5
23537 4 0
23538 0 5
23539 1 14
23540 1 4
23541 9 0
23542 7 0
23543 1 6
23544 0 94
23545 0 6
23546 0 13
23547 5 2
23548 2 2
23549 0 4
23550 0 9
23551 1 10
23552 95 0
23553 2 1
23554 4 8
23555 1 11
23556 1 3
23557 0 14
23558 2 19
23559 0 25
23560 2 2
23561 0 5
23562 1 19
23563 2 1
23564 3 7
23565 1 15
23566 0 24
23567 2 13
23568 1 14
23569 2 2
23570 0 7
23571 1 4
23572 94 0
23573 4 9
23574 3 0
23575 1 10
23576 94 95
23577 2 15
23578 0 15
23579 5 1
23580 0 16
23581 0 14
23582 3 11
23583 2 7
23584 2 12
23585 0 8
23586 0 25
23587 0 4
23588 1 13
23589 0 24
23590 5 0
23591 1 22
23592 5 1
23593 1 4
23594 95 0
23595 1 14
23596 0 11
23597 0 22
23598 4 8
23599 2 16
23600 2 19
23601 0 95
23602 0 94
23603 5 0
23604 3 7
23605 0 9
23606 10 0
23607 3 10
23608 0 12
23609 2 11
23610 0 11
23611 1 13
23612 0 25
23613 0 13
23614 0 23
23615 9 0
23616 5 1
23617 0 26
23618 2 8
23619 10 0
23620 0 95
23621 2 1
23622 0 21
23623 5 0
23624 0 8
23625 0 24
23626 0 20
23627 4 9
23628 0 27
23629 0 4
23630 2 15
23631 0 21
23632 0 23
23633 0 24
23634 1 4
23635 1 7
23636 0 20
23637 0 15
23638 0 21
23639 9 0
23640 1 19
23641 5 1
23642 6 0
23643 0 4
23644 94 0
23645 95 0
23646 0 12
23647 2 9
23648 0 94
23649 1 20
23650 4 0
23651 2 3
23652 0 22
23653 0 21
23654 1 16
23655 5 2
23656 1 3
23657 2 8
23658 1 19
23659 95 95
23660 2 14
23661 0 26
23662 0 13
23663 1 17
23664 4 8
23665 3 6
23666 3 0
23667 94 0
23668 0 12
23669 0 13
23670 0 6
23671 0 95
23672 0 5
23673 0 20
23674 2 2
23675 0 7
23676 2 9
23677 95 0
23678 3 8
23679 1 6
23680 0 94
23681 2 1
23682 1 12
23683 1 4
23684 5 0
23685 1 16
23686 0 23
23687 1 14
23688 4 6
23689 0 4
23690 0 95
23691 2 14
23692 0 5
23693 0 8
23694 6 2
23695 8 0
23696 0 4
23697 0 22
23698 1 4
23699 3 7
23700 0 10
23701 2 7
23702 0 4
23703 94 95
23704 7 0
23705 0 14
23706 3 6
23707 4 0
23708 1 7
23709 1 4
23710 5 2
23711 0 4
23712 2 19
23713 0 94
23714 0 9
23715 0 23
23716 0 0
23717 2 3
23718 6 2
23719 2 7
23720 1 17
23721 0 95
23722 95 95
23723 0 5
23724 1 19
23725 3 1
23726 5 2
23727 2 1
23728 0 16
23729 1 13
23730 0 21
23731 6 2
23732 2 12
23733 8 0
23734 2 8
23735 0 3
23736 2 9
23737 0 10
23738 2 15
23739 0 12
23740 0 9
23741 5 2
23742 3 0
23743 1 7
23744 94 0
23745 2 8
23746 6 2
23747 3 9
23748 2 11
23749 3 10
23750 4 0
23751 2 12
23752 2 11
23753 0 94
23754 0 6
23755 5 2
23756 2 7
23757 0 1
23758 0 10
23759 6 2
23760 2 9
23761 95 0
23762 0 0
23763 1 20
23764 0 19
23765 0 25
23766 0 22
23767 3 0
23768 0 4
23769 0 1
23770 2 13
23771 0 95
23772 1 18
23773 1 8
23774 0 94
23775 6 0
23776 0 95
23777 0 17
23778 1 4
23779 9 0
23780 5 0
23781 94 0
23782 1 23
23783 5 2
23784 0 16
23785 94 95
23786 0 18
23787 1 24
23788 3 9
23789 6 0
23790 2 9
23791 1 14
23792 8 0
23793 4 10
23794 1 17
23795 4 6
23796 0 13
23797 3 6
23798 0 94
23799 0 95
23800 0 94
23801 3 10
23802 0 15
23803 3 7
23804 0 5
23805 0 9
23806 0 14
23807 2 16
23808 0 20
23809 0 95
23810 0 23
23811 0 16
23812 95 0
23813 2 8
23814 0 8
23815 0 10
23816 4 6
23817 1 14
23818 1 15
23819 4 0
23820 95 95
23821 5 1
23822 2 7
23823 3 7
23824 0 11
23825 2 14
23826 2 24
23827 0 94
23828 2 13
23829 2 9
23830 0 0
23831 3 0
23832 4 10
23833 3 11
23834 4 1
23835 94 95
23836 0 14
23837 4 5
23838 1 7
23839 0 4
23840 0 13
23841 0 19
23842 0 21
23843 1 18
23844 2 12
23845 1 14
23846 0 18
23847 0 2
23848 1 12
23849 2 15
23850 9 0
23851 4 6
23852 0 14
23853 1 17
23854 4 0
23855 3 8
23856 3 0
23857 0 10
23858 3 7
23859 1 14
23860 94 0
23861 0 6
23862 4 0
23863 0 11
23864 3 0
23865 2 12
23866 0 15
23867 8 0
23868 0 95
23869 95 0
23870 1 8
23871 94 0
23872 1 7
23873 95 0
23874 1 12
23875 1 16
23876 1 4
23877 4 0
23878 0 1
23879 0 10
23880 95 95
23881 2 14
23882 3 0
23883 0 17
23884 1 8
23885 0 7
23886 2 11
23887 3 11
23888 0 4
23889 2 11
23890 1 3
23891 0 12
23892 3 9
23893 1 14
23894 0 5
23895 4 5
23896 0 94
23897 0 19
23898 5 1
23899 1 12
23900 2 7
23901 4 1
23902 0 26
23903 0 25
23904 0 8
23905 94 0
23906 2 14
23907 5 0
23908 0 0
23909 2 10
23910 1 21
23911 0 95
23912 0 20
23913 0 4
23914 0 1
23915 6 0
23916 1 22
23917 3 7
23918 0 26
23919 0 7
23920 1 24
23921 0 8
23922 1 9
23923 5 0
23924 95 0
23925 0 25
23926 2 0
23927 2 11
23928 0 94
23929 0 19
23930 0 7
23931 4 0
23932 2 4
23933 1 8
23934 0 0
23935 4 6
23936 3 0
23937 2 7
23938 3 7
23939 3 1
23940 0 5
23941 0 4
23942 94 0
23943 95 0
23944 94 0
23945 2 7
23946 2 9
23947 3 2
23948 0 26
23949 3 0
23950 1 25
23951 0 8
23952 2 2
23953 1 14
23954 0 11
23955 0 20
23956 3 6
23957 0 27
23958 4 6
23959 3 10
23960 0 18
23961 6 0
23962 2 14
23963 5 0
23964 4 0
23965 0 17
23966 0 9
23967 0 25
23968 4 10
23969 3 4
23970 0 5
23971 6 0
23972 3 7
23973 0 7
23974 3 0
23975 4 0
23976 9 0
23977 0 10
23978 8 0
23979 0 1
23980 0 18
23981 0 21
23982 94 95
23983 0 0
23984 2 7
23985 0 24
23986 6 1
23987 0 1
23988 0 0
23989 0 95
23990 6 0
23991 3 9
23992 0 28
23993 0 4
23994 0 20
23995 0 9
23996 1 14
23997 4 11
23998 6 1
23999 0 10
24000 3 15
24001 95 0
24002 1 9
24003 0 6
24004 0 22
24005 4 10
24006 2 15
24007 1 17
24008 2 16
24009 95 95
24010 1 5
24011 0 26
24012 7 0
24013 3 2
24014 2 15
24015 3 6
24016 2 3
24017 1 8
24018 2 16
24019 0 16
24020 3 0
24021 1 20
24022 1 3
24023 1 24
24024 0 3
24025 0 29
24026 0 19
24027 0 94
24028 0 25
24029 2 6
24030 0 15
24031 1 9
24032 94 0
24033 8 0
24034 0 21
24035 6 0
24036 1 23
24037 0 28
24038 0 5
24039 0 16
24040 2 2
24041 4 11
24042 5 0
24043 2 7
24044 2 15
24045 0 22
24046 4 10
24047 1 8
24048 0 95
24049 95 0
24050 1 18
24051 3 2
24052 0 94
24053 0 18
24054 1 17
24055 1 9
24056 0 4
24057 0 9
24058 7 0
24059 1 8
24060 0 10
24061 0 21
24062 1 9
24063 0 3
24064 0 24
24065 2 4
24066 0 4
24067 0 6
24068 3 5
24069 0 19
24070 0 95
24071 8 0
24072 6 0
24073 2 2
24074 4 0
24075 94 95
24076 0 27
24077 1 7
24078 0 18
24079 6 1
24080 0 14
24081 0 19
24082 1 14
24083 7 0
24084 3 2
24085 3 6
24086 0 8
24087 2 12
24088 1 10
24089 2 7
24090 3 0
24091 1 18
24092 95 95
24093 0 26
24094 0 94
24095 8 0
24096 0 9
24097 0 14
24098 3 5
24099 1 9
24100 3 8
24101 4 0
24102 2 2
24103 7 0
24104 1 15
24105 2 20
24106 0 95
24107 1 10
24108 94 0
24109 3 6
24110 2 15
24111 1 17
24112 3 2
24113 0 18
24114 3 10
24115 0 19
24116 1 7
24117 2 2
24118 0 1
24119 1 14
24120 1 18
24121 0 22
24122 0 14
24123 3 0
24124 2 7
24125 1 12
24126 0 21
24127 1 8
24128 1 22
24129 0 8
24130 1 7
24131 8 0
24132 4 0
24133 3 2
24134 1 23
24135 1 20
24136 2 6
24137 0 22
24138 2 8
24139 7 0
24140 3 6
24141 2 9
24142 94 95
24143 3 0
24144 0 25
24145 2 8
24146 2 9
24147 0 18
24148 2 2
24149 0 21
24150 1 15
24151 1 17
24152 0 94
24153 1 14
24154 8 0
24155 1 8
24156 3 2
24157 7 0
24158 0 19
24159 2 12
24160 95 95
24161 0 0
24162 2 15
24163 4 10
24164 5 1
24165 2 20
24166 4 0
24167 0 27
24168 1 18
24169 0 95
24170 95 0
24171 0 28
24172 94 0
24173 0 8
24174 3 10
24175 0 24
24176 94 95
24177 2 8
24178 0 10
24179 0 14
24180 1 20
24181 1 17
24182 0 1
24183 1 9
24184 1 22
24185 6 0
24186 95 95
24187 2 2
24188 3 0
24189 1 18
24190 0 27
24191 0 26
24192 2 20
24193 3 8
24194 1 12
24195 2 6
24196 95 0
24197 2 9
24198 3 7
24199 94 95
24200 4 10
24201 4 1
24202 0 23
24203 0 25
24204 1 20
24205 95 95
24206 1 15
24207 0 5
24208 1 13
24209 1 9
24210 94 95
24211 3 2
24212 95 95
24213 3 8
24214 2 9
24215 3 7
24216 2 22
24217 5 0
24218 2 2
24219 1 12
24220 1 13
24221 1 8
24222 0 12
24223 1 17
24224 3 10
24225 0 18
24226 0 19
24227 0 94
24228 1 7
24229 1 12
24230 0 9
24231 3 2
24232 0 26
24233 2 2
24234 2 15
24235 0 0
24236 0 12
24237 0 18
24238 0 15
24239 0 1
24240 2 5
24241 1 22
24242 2 0
24243 94 0
24244 3 6
24245 0 25
24246 1 5
24247 2 8
24248 0 24
24249 2 6
24250 1 23
24251 95 0
24252 3 6
24253 1 22
24254 3 2
24255 1 10
24256 0 95
24257 3 9
24258 0 94
24259 0 26
24260 0 7
24261 0 0
24262 1 23
24263 1 22
24264 0 13
24265 2 6
24266 3 10
24267 94 0
24268 1 12
24269 0 20
24270 6 0
24271 95 0
24272 0 23
24273 0 21
24274 0 24
24275 2 17
24276 0 23
24277 1 17
24278 0 25
24279 5 0
24280 2 2
24281 2 22
24282 1 9
24283 1 22
24284 0 20
24285 6 0
24286 0 26
24287 3 6
24288 0 14
24289 1 10
24290 94 0
24291 0 24
24292 3 2
24293 0 23
24294 3 9
24295 94 95
24296 3 0
24297 0 8
24298 0 95
24299 2 7
24300 2 9
24301 0 25
24302 3 4
24303 95 0
24304 1 14
24305 2 5
24306 1 6
24307 1 4
24308 4 6
24309 2 12
24310 0 15
24311 0 10
24312 5 0
24313 1 16
24314 2 2
24315 2 0
24316 95 95
24317 0 1
24318 3 6
24319 3 0
24320 2 0
24321 3 0
24322 0 94
24323 1 8
24324 0 22
24325 0 12
24326 4 6
24327 94 0
24328 2 0
24329 3 7
24330 0 9
24331 95 0
24332 0 13
24333 0 6
24334 1 13
24335 2 14
24336 94 0
24337 0 19
24338 2 7
24339 1 17
24340 0 17
24341 0 21
24342 0 95
24343 3 6
24344 6 0
24345 1 23
24346 0 18
24347 0 16
24348 5 0
24349 3 2
24350 0 23
24351 4 6
24352 0 8
24353 0 10
24354 1 11
24355 2 2
24356 2 10
24357 95 0
24358 3 7
24359 1 9
24360 3 2
24361 0 19
24362 2 2
24363 0 94
24364 94 95
24365 94 0
24366 2 6
24367 3 0
24368 1 18
24369 3 5
24370 0 22
24371 3 10
24372 3 2
24373 2 15
24374 1 23
24375 1 14
24376 95 0
24377 94 0
24378 95 95
24379 1 13
24380 0 21
24381 0 7
24382 2 14
24383 0 95
24384 5 6
24385 1 15
24386 3 14
24387 4 6
24388 2 4
24389 1 8
24390 3 6
24391 2 14
24392 0 94
24393 0 4
24394 0 5
24395 6 0
24396 3 5
24397 0 24
24398 2 10
24399 0 0
24400 3 4
24401 0 8
24402 2 8
24403 4 5
24404 3 10
24405 0 1
24406 3 6
24407 95 0
24408 0 4
24409 0 7
24410 0 8
24411 0 5
24412 1 22
24413 5 0
24414 1 12
24415 0 22
24416 1 17
24417 0 21
24418 0 0
24419 2 10
24420 2 7
24421 2 5
24422 3 7
24423 2 0
24424 0 12
24425 2 8
24426 1 18
24427 1 17
24428 3 14
24429 1 4
24430 2 7
24431 94 0
24432 0 23
24433 2 8
24434 2 13
24435 0 9
24436 3 10
24437 2 22
24438 0 95
24439 1 9
24440 3 15
24441 3 0
24442 0 7
24443 0 8
24444 2 12
24445 0 18
24446 2 0
24447 0 14
24448 0 13
24449 2 4
24450 0 94
24451 2 3
24452 4 0
24453 0 24
24454 4 6
24455 3 0
24456 2 10
24457 0 7
24458 1 3
24459 2 17
24460 2 2
24461 4 1
24462 6 0
24463 0 23
24464 0 95
24465 3 10
24466 0 94
24467 1 17
24468 5 1
24469 1 1
24470 1 22
24471 0 95
24472 0 9
24473 4 5
24474 3 3
24475 1 9
24476 1 8
24477 0 24
24478 2 10
24479 4 4
24480 2 3
24481 0 94
24482 1 14
24483 94 95
24484 2 1
24485 0 23
24486 95 0
24487 4 5
24488 4 0
24489 3 1
24490 0 95
24491 1 19
24492 2 2
24493 0 94
24494 2 13
24495 2 22
24496 2 15
24497 0 19
24498 2 8
24499 2 16
24500 2 15
24501 0 95
24502 1 15
24503 2 3
24504 94 0
24505 2 16
24506 2 12
24507 95 0
24508 2 2
24509 3 4
24510 2 13
24511 0 9
24512 95 95
24513 1 12
24514 0 8
24515 1 11
24516 3 0
24517 94 95
24518 0 17
24519 3 1
24520 0 15
24521 2 15
24522 0 24
24523 0 7
24524 4 6
24525 4 5
24526 1 12
24527 0 18
24528 3 13
24529 4 6
24530 1 8
24531 1 11
24532 3 0
24533 1 14
24534 2 3
24535 94 0
24536 7 0
24537 0 94
24538 0 16
24539 0 1
24540 2 16
24541 0 19
24542 6 0
24543 0 22
24544 0 17
24545 95 95
24546 2 2
24547 1 9
24548 7 0
24549 6 0
24550 2 13
24551 5 2
24552 4 0
24553 0 12
24554 0 0
24555 3 0
24556 2 15
24557 2 16
24558 2 21
24559 1 21
24560 2 12
24561 0 16
24562 0 14
24563 0 17
24564 1 13
24565 3 12
24566 2 15
24567 0 20
24568 0 19
24569 1 18
24570 0 25
24571 0 20
24572 4 5
24573 3 1
24574 0 18
24575 0 9
24576 2 21
24577 0 23
24578 2 8
24579 0 8
24580 1 9
24581 0 17
24582 0 15
24583 0 19
24584 0 13
24585 1 21
24586 0 22
24587 3 10
24588 1 14
24589 7 0
24590 0 12
24591 1 13
24592 0 14
24593 95 0
24594 0 24
24595 2 12
24596 2 10
24597 3 6
24598 0 7
24599 4 2
24600 94 0
24601 0 21
24602 0 8
24603 94 95
24604 1 17
24605 3 10
24606 0 11
24607 3 7
24608 4 3
24609 0 22
24610 6 0
24611 1 20
24612 2 17
24613 3 0
24614 3 1
24615 0 95
24616 0 13
24617 0 14
24618 4 6
24619 0 25
24620 2 10
24621 0 17
24622 0 9
24623 95 0
24624 1 9
24625 3 0
24626 4 1
24627 0 24
24628 1 15
24629 4 5
24630 5 1
24631 3 6
24632 3 10
24633 0 12
24634 0 94
24635 2 3
24636 0 11
24637 1 21
24638 2 9
24639 4 2
24640 1 16
24641 4 0
24642 2 7
24643 1 20
24644 3 17
24645 95 95
24646 94 95
24647 1 7
24648 94 0
24649 95 0
24650 95 95
24651 2 2
24652 5 5
24653 2 7
24654 0 25
24655 2 3
24656 2 1
24657 7 0
24658 94 95
24659 3 1
24660 3 11
24661 3 10
24662 2 18
24663 2 2
24664 3 16
24665 3 0
24666 6 0
24667 94 0
24668 5 0
24669 95 95
24670 2 0
24671 95 0
24672 2 3
24673 4 0
24674 3 15
24675 4 6
24676 7 0
24677 1 18
24678 1 9
24679 94 0
24680 2 10
24681 3 12
24682 1 8
24683 0 16
24684 0 95
24685 1 9
24686 2 2
24687 2 18
24688 0 7
24689 2 13
24690 0 17
24691 6 0
24692 94 95
24693 0 8
24694 7 0
24695 1 21
24696 0 24
24697 1 15
24698 5 4
24699 95 95
24700 95 0
24701 0 20
24702 0 1
24703 0 94
24704 1 8
24705 0 19
24706 3 6
24707 1 13
24708 0 2
24709 0 95
24710 3 0
24711 0 25
24712 2 8
24713 0 1
24714 3 10
24715 1 16
24716 5 3
24717 2 12
24718 3 12
24719 2 13
24720 1 13
24721 0 24
24722 2 13
24723 0 13
24724 5 0
24725 8 0
24726 0 7
24727 3 7
24728 1 9
24729 5 4
24730 0 21
24731 2 14
24732 1 19
24733 0 20
24734 0 14
24735 7 0
24736 0 9
24737 0 23
24738 0 13
24739 0 19
24740 94 0
24741 1 19
24742 2 12
24743 1 14
24744 1 9
24745 1 22
24746 0 9
24747 5 3
24748 2 15
24749 0 0
24750 2 10
24751 0 94
24752 8 0
24753 1 9
24754 0 24
24755 2 17
24756 0 9
24757 3 6
24758 0 14
24759 1 13
24760 6 0
24761 95 0
24762 0 23
24763 0 8
24764 0 12
24765 3 7
24766 3 3
24767 3 10
24768 0 95
24769 1 7
24770 2 10
24771 2 6
24772 4 7
24773 2 4
24774 0 15
24775 1 21
24776 0 7
24777 4 0
24778 0 13
24779 1 3
24780 3 7
24781 2 18
24782 94 0
24783 1 14
24784 3 10
24785 3 15
24786 0 12
24787 95 0
24788 94 0
24789 0 1
24790 1 9
24791 0 4
24792 0 5
24793 4 7
24794 1 13
24795 2 15
24796 95 0
24797 6 1
24798 3 8
24799 3 6
24800 0 94
24801 5 0
24802 0 8
24803 2 6
24804 4 0
24805 0 14
24806 0 16
24807 0 4
24808 1 22
24809 0 18
24810 2 17
24811 2 9
24812 94 0
24813 2 8
24814 3 11
24815 1 9
24816 1 15
24817 5 2
24818 3 7
24819 0 17
24820 0 7
24821 3 0
24822 2 16
24823 3 10
24824 94 95
24825 0 5
24826 3 1
24827 2 9
24828 7 0
24829 4 2
24830 3 8
24831 1 2
24832 2 2
24833 0 15
24834 1 2
24835 2 8
24836 95 95
24837 5 1
24838 0 24
24839 2 2
24840 0 3
24841 0 11
24842 94 95
24843 95 95
24844 0 21
24845 0 9
24846 0 23
24847 1 15
24848 0 19
24849 0 12
24850 1 4
24851 2 17
24852 2 9
24853 0 8
24854 0 18
24855 3 0
24856 1 20
24857 1 19
24858 0 19
24859 95 0
24860 4 0
24861 2 4
24862 3 6
24863 0 2
24864 1 9
24865 0 9
24866 0 95
24867 94 0
24868 6 1
24869 2 9
24870 1 5
24871 3 11
24872 5 0
24873 0 16
24874 1 2
24875 6 2
24876 2 10
24877 2 8
24878 94 95
24879 95 95
24880 2 9
24881 2 10
24882 0 17
24883 95 0
24884 94 95
24885 4 0
24886 0 1
24887 2 2
24888 95 95
24889 2 6
24890 0 6
24891 2 16
24892 0 2
24893 2 22
24894 0 11
24895 0 94
24896 6 0
24897 7 2
24898 3 8
24899 0 95
24900 1 2
24901 0 5
24902 2 2
24903 1 2
24904 2 1
24905 0 7
24906 1 3
24907 5 4
24908 94 95
24909 94 0
24910 4 11
24911 1 18
24912 1 21
24913 0 16
24914 0 22
24915 0 94
24916 1 9
24917 3 0
24918 2 15
24919 0 95
24920 2 7
24921 95 95
24922 2 6
24923 1 15
24924 0 17
24925 2 23
24926 4 0
24927 94 95
24928 3 11
24929 0 1
24930 0 94
24931 0 23
24932 2 8
24933 7 0
24934 4 4
24935 5 2
24936 0 95
24937 0 4
24938 2 22
24939 4 11
24940 1 2
24941 0 21
24942 0 16
24943 3 6
24944 0 9
24945 2 6
24946 3 6
24947 6 0
24948 0 94
24949 1 6
24950 2 5
24951 3 10
24952 1 8
24953 1 17
24954 0 5
24955 0 4
24956 4 2
24957 2 8
24958 1 21
24959 3 0
24960 0 95
24961 0 21
24962 95 95
24963 0 0
24964 2 10
24965 1 22
24966 0 94
24967 2 3
24968 2 22
24969 0 18
24970 1 8
24971 0 95
24972 1 1
24973 3 11
24974 1 9
24975 1 2
24976 5 0
24977 2 9
24978 3 4
24979 0 94
24980 0 19
24981 0 12
24982 94 95
24983 1 1
24984 3 7
24985 2 15
24986 0 15
24987 0 11
24988 0 24
24989 1 22
24990 1 23
24991 0 18
24992 0 12
24993 0 95
24994 3 16
24995 6 0
24996 0 8
24997 1 8
24998 0 20
24999 0 11
25000 0 94
25001 0 17
25002 0 12
25003 2 7
25004 2 14
25005 0 95
25006 2 15
25007 2 14
25008 3 2
25009 2 16
25010 4 4
25011 0 8
25012 0 11
25013 2 10
25014 3 5
25015 2 8
25016 95 95
25017 1 2
25018 95 0
25019 0 94
25020 0 25
25021 4 3
25022 0 9
25023 5 0
25024 1 15
25025 1 5
25026 0 16
25027 2 7
25028 6 2
25029 0 5
25030 5 2
25031 94 95
25032 1 1
25033 0 17
25034 1 4
25035 1 8
25036 6 2
25037 1 9
25038 4 0
25039 0 8
25040 1 2
25041 0 23
25042 0 19
25043 4 4
25044 0 6
25045 0 12
25046 1 8
25047 1 1
25048 5 2
25049 2 5
25050 3 14
25051 3 0
25052 3 7
25053 95 95
25054 0 16
25055 0 95
25056 3 3
25057 4 2
25058 2 9
25059 2 14
25060 94 95
25061 3 2
25062 0 94
25063 1 18
25064 3 14
25065 2 10
25066 2 9
25067 2 15
25068 2 7
25069 1 2
25070 2 17
25071 3 7
25072 3 13
25073 3 4
25074 6 0
25075 2 6
25076 3 14
25077 5 0
25078 3 17
25079 4 0
25080 95 95
25081 0 95
25082 0 22
25083 4 3
25084 2 17
25085 1 5
25086 0 8
25087 0 21
25088 1 1
25089 3 8
25090 0 22
25091 94 95
25092 0 15
25093 0 5
25094 1 2
25095 1 8
25096 6 0
25097 3 0
25098 0 24
25099 1 1
25100 3 17
25101 3 7
25102 2 16
25103 3 18
25104 3 5
25105 2 14
25106 3 17
25107 1 2
25108 94 0
25109 2 10
25110 0 1
25111 4 11
25112 0 9
25113 95 95
25114 0 20
25115 0 13
25116 0 19
25117 5 0
25118 0 0
25119 3 8
25120 1 15
25121 0 4
25122 2 4
25123 6 0
25124 4 4
25125 4 0
25126 0 17
25127 0 1
25128 2 18
25129 0 0
25130 95 0
25131 1 9
25132 0 5
25133 0 15
25134 4 3
25135 0 21
25136 2 7
25137 3 0
25138 4 17
25139 94 0
25140 2 6
25141 1 3
25142 0 8
25143 1 2
25144 0 1
25145 95 0
25146 1 19
25147 0 19
25148 3 10
25149 1 3
25150 94 95
25151 1 17
25152 0 17
25153 0 12
25154 1 19
25155 95 95
25156 2 9
25157 0 18
25158 3 7
25159 5 0
25160 0 20
25161 1 9
25162 4 4
25163 6 0
25164 1 16
25165 1 2
25166 0 21
25167 0 23
25168 0 17
25169 0 13
25170 2 3
25171 5 0
25172 2 17
25173 0 4
25174 4 2
25175 0 18
25176 0 3
25177 0 24
25178 2 9
25179 3 8
25180 0 0
25181 0 12
25182 2 18
25183 0 23
25184 94 95
25185 0 17
25186 0 18
25187 1 9
25188 0 1
25189 2 10
25190 1 7
25191 4 0
25192 5 4
25193 3 11
25194 4 11
25195 3 10
25196 94 0
25197 2 10
25198 2 9
25199 3 10
25200 0 24
25201 1 20
25202 1 17
25203 3 0
25204 0 14
25205 4 4
25206 2 10
25207 3 7
25208 3 17
25209 0 22
25210 2 15
25211 6 0
25212 3 8
25213 5 4
25214 5 0
25215 3 11
25216 2 19
25217 0 20
25218 4 4
25219 1 19
25220 0 0
25221 0 2
25222 0 11
25223 1 15
25224 0 21
25225 4 11
25226 1 9
25227 5 4
25228 2 9
25229 6 0
25230 2 15
25231 0 7
25232 3 10
25233 0 17
25234 5 0
25235 4 12
25236 0 25
25237 3 3
25238 4 11
25239 2 3
25240 0 94
25241 0 9
25242 0 19
25243 0 1
25244 1 10
25245 4 0
25246 1 15
25247 1 18
25248 6 0
25249 4 4
25250 1 21
25251 95 0
25252 1 20
25253 3 3
25254 2 11
25255 7 0
25256 4 12
25257 0 12
25258 95 95
25259 94 95
25260 1 3
25261 4 10
25262 0 3
25263 2 18
25264 95 95
25265 5 2
25266 0 95
25267 5 4
25268 3 12
25269 3 13
25270 3 2
25271 3 10
25272 2 8
25273 4 4
25274 4 10
25275 3 16
25276 2 12
25277 1 2
25278 0 0
25279 3 0
25280 1 11
25281 4 0
25282 0 10
25283 0 16
25284 0 94
25285 0 2
25286 3 14
25287 3 0
25288 0 95
25289 94 95
25290 0 3
25291 1 21
25292 0 8
25293 2 15
25294 1 20
25295 0 24
25296 5 1
25297 0 2
25298 0 21
25299 0 4
25300 3 13
25301 0 94
25302 4 3
25303 0 1
25304 2 9
25305 3 17
25306 3 16
25307 6 0
25308 0 3
25309 1 15
25310 2 20
25311 4 4
25312 0 95
25313 0 7
25314 1 8
25315 0 17
25316 2 10
25317 0 23
25318 4 9
25319 7 0
25320 94 0
25321 1 20
25322 4 10
25323 0 11
25324 2 9
25325 95 95
25326 0 16
25327 2 7
25328 1 18
25329 0 12
25330 0 94
25331 4 3
25332 94 95
25333 0 11
25334 2 20
25335 4 0
25336 3 1
25337 1 20
25338 0 95
25339 95 95
25340 3 3
25341 2 16
25342 4 8
25343 2 6
25344 3 8
25345 2 7
25346 4 3
25347 0 94
25348 2 17
25349 2 6
25350 95 0
25351 5 2
25352 5 1
25353 0 5
25354 0 4
25355 2 16
25356 3 2
25357 1 5
25358 0 24
25359 6 0
25360 0 6
25361 1 3
25362 0 17
25363 0 9
25364 0 12
25365 94 95
25366 1 7
25367 1 8
25368 4 4
25369 3 3
25370 7 0
25371 3 2
25372 1 7
25373 2 20
25374 3 3
25375 0 0
25376 0 23
25377 1 10
25378 3 14
25379 2 8
25380 0 1
25381 6 0
25382 0 3
25383 0 4
25384 0 24
25385 0 2
25386 0 16
25387 3 10
25388 5 4
25389 7 0
25390 3 11
25391 6 0
25392 0 95
25393 0 11
25394 95 95
25395 0 12
25396 3 10
25397 4 5
25398 94 0
25399 0 23
25400 0 11
25401 7 0
25402 6 0
25403 2 17
25404 3 2
25405 0 24
25406 3 5
25407 1 20
25408 0 18
25409 1 17
25410 0 12
25411 2 9
25412 2 8
25413 3 0
25414 0 11
25415 0 7
25416 0 22
25417 95 0
25418 2 9
25419 0 6
25420 1 1
25421 4 5
25422 1 21
25423 1 20
25424 0 25
25425 3 4
25426 0 20
25427 1 19
25428 0 94
25429 2 2
25430 1 8
25431 2 1
25432 5 3
25433 3 11
25434 1 7
25435 0 1
25436 4 0
25437 2 8
25438 3 10
25439 2 19
25440 2 4
25441 0 3
25442 2 14
25443 2 9
25444 0 5
25445 3 2
25446 3 6
25447 7 0
25448 0 95
25449 1 11
25450 0 4
25451 3 3
25452 5 4
25453 1 20
25454 3 2
25455 0 7
25456 3 0
25457 2 6
25458 1 7
25459 2 2
25460 3 11
25461 0 0
25462 0 12
25463 0 20
25464 5 3
25465 0 24
25466 0 1
25467 0 6
25468 1 20
25469 1 10
25470 3 7
25471 0 11
25472 2 1
25473 94 95
25474 0 0
25475 4 0
25476 2 0
25477 3 0
25478 0 1
25479 2 18
25480 0 94
25481 0 20
25482 6 0
25483 1 20
25484 2 19
25485 2 18
25486 0 95
25487 3 8
25488 2 2
25489 4 1
25490 3 2
25491 0 19
25492 2 8
25493 4 0
25494 3 0
25495 0 12
25496 0 8
25497 0 9
25498 0 3
25499 95 95
25500 2 2
25501 4 2
25502 3 10
25503 2 9
25504 0 94
25505 3 6
25506 2 11
25507 0 8
25508 2 19
25509 4 1
25510 1 18
25511 0 17
25512 4 4
25513 0 10
25514 0 11
25515 0 12
25516 0 11
25517 2 7
25518 0 25
25519 94 95
25520 0 5
25521 3 5
25522 95 95
25523 2 12
25524 0 6
25525 0 16
25526 0 17
25527 3 6
25528 2 11
25529 0 20
25530 4 2
25531 4 10
25532 0 95
25533 0 5
25534 6 3
25535 4 0
25536 4 5
25537 0 94
25538 2 1
25539 94 95
25540 0 95
25541 1 7
25542 95 95
25543 0 4
25544 94 95
25545 2 7
25546 0 19
25547 5 3
25548 3 19
25549 0 24
25550 3 0
25551 4 4
25552 2 2
25553 1 6
25554 0 94
25555 94 0
25556 4 0
25557 1 12
25558 3 10
25559 4 10
25560 2 13
25561 0 16
25562 1 21
25563 6 3
25564 95 0
25565 5 3
25566 1 9
25567 0 95
25568 2 15
25569 7 0
25570 6 3
25571 6 0
25572 3 5
25573 3 10
25574 2 19
25575 0 13
25576 4 10
25577 0 14
25578 7 0
25579 2 20
25580 3 10
25581 0 25
25582 1 15
25583 0 12
25584 6 0
25585 4 10
25586 95 95
25587 94 95
25588 0 20
25589 5 3
25590 7 0
25591 5 0
25592 0 0
25593 0 94
25594 0 17
25595 0 6
25596 0 24
25597 3 10
25598 0 19
25599 6 3
25600 2 9
25601 1 5
25602 0 21
25603 4 0
25604 94 0
25605 0 3
25606 95 95
25607 0 25
25608 5 4
25609 1 10
25610 6 2
25611 0 5
25612 0 24
25613 1 9
25614 1 6
25615 1 21
25616 4 8
25617 0 11
25618 2 1
25619 2 8
25620 0 95
25621 2 2
25622 0 7
25623 6 0
25624 0 13
25625 0 4
25626 6 3
25627 4 7
25628 0 20
25629 94 95
25630 6 2
25631 7 0
25632 0 10
25633 0 25
25634 4 4
25635 6 1
25636 0 19
25637 2 19
25638 2 14
25639 0 94
25640 2 1
25641 0 20
25642 1 5
25643 95 95
25644 2 7
25645 0 8
25646 3 9
25647 3 8
25648 0 1
25649 0 24
25650 3 9
25651 0 15
25652 0 7
25653 0 19
25654 3 11
25655 8 0
25656 0 5
25657 0 11
25658 5 0
25659 2 11
25660 0 9
25661 95 0
25662 5 4
25663 0 4
25664 4 4
25665 5 4
25666 3 0
25667 0 6
25668 4 0
25669 0 8
25670 0 16
25671 94 95
25672 95 95
25673 94 0
25674 0 0
25675 2 2
25676 0 10
25677 4 4
25678 0 7
25679 0 5
25680 0 17
25681 0 3
25682 2 8
25683 6 0
25684 3 7
25685 1 14
25686 1 9
25687 0 9
25688 2 20
25689 0 95
25690 0 4
25691 6 1
25692 95 0
25693 0 16
25694 3 1
25695 0 20
25696 0 19
25697 0 1
25698 7 0
25699 0 8
25700 2 1
25701 0 21
25702 8 0
25703 2 18
25704 0 3
25705 1 22
25706 1 15
25707 0 0
25708 6 0
25709 0 4
25710 2 2
25711 1 18
25712 1 5
25713 0 6
25714 1 14
25715 3 10
25716 1 20
25717 0 7
25718 0 1
25719 9 0
25720 1 15
25721 0 94
25722 2 1
25723 0 11
25724 0 10
25725 2 20
25726 1 20
25727 4 7
25728 0 0
25729 3 0
25730 0 5
25731 2 3
25732 1 1
25733 0 11
25734 2 1
25735 0 10
25736 5 0
25737 94 0
25738 95 0
25739 4 0
25740 1 14
25741 5 4
25742 3 2
25743 94 95
25744 1 15
25745 94 0
25746 2 0
25747 8 0
25748 1 14
25749 1 23
25750 0 11
25751 1 5
25752 2 1
25753 4 2
25754 0 10
25755 2 4
25756 4 4
25757 2 7
25758 0 95
25759 0 1
25760 5 1
25761 0 0
25762 5 2
25763 4 6
25764 2 8
25765 1 22
25766 5 1
25767 0 8
25768 1 7
25769 5 2
25770 0 7
25771 4 7
25772 3 0
25773 95 0
25774 0 15
25775 0 5
25776 0 8
25777 0 3
25778 2 14
25779 1 14
25780 1 5
25781 0 94
25782 94 0
25783 2 20
25784 4 0
25785 0 16
25786 3 7
25787 5 1
25788 9 0
25789 7 0
25790 0 7
25791 0 11
25792 2 18
25793 1 18
25794 0 9
25795 10 0
25796 2 9
25797 0 8
25798 0 1
25799 0 20
25800 1 23
25801 5 4
25802 4 4
25803 1 22
25804 0 23
25805 0 5
25806 1 15
25807 1 6
25808 95 0
25809 1 14
25810 0 4
25811 0 7
25812 3 8
25813 6 1
25814 5 1
25815 0 15
25816 0 10
25817 5 4
25818 2 14
25819 4 4
25820 5 4
25821 9 0
25822 94 0
25823 2 19
25824 0 11
25825 0 95
25826 6 0
25827 3 2
25828 95 95
25829 0 25
25830 4 10
25831 5 2
25832 2 20
25833 1 14
25834 4 4
25835 1 19
25836 0 19
25837 0 8
25838 2 7
25839 0 0
25840 0 9
25841 3 0
25842 1 5
25843 1 1
25844 0 18
25845 5 0
25846 6 0
25847 0 24
25848 2 14
25849 0 26
25850 1 14
25851 5 0
25852 2 12
25853 2 2
25854 6 0
25855 0 20
25856 2 14
25857 4 3
25858 4 0
25859 95 0
25860 1 15
25861 94 95
25862 0 23
25863 1 21
25864 94 0
25865 0 5
25866 0 14
25867 1 6
25868 95 95
25869 2 1
25870 3 3
25871 3 11
25872 0 13
25873 2 10
25874 0 8
25875 1 4
25876 3 1
25877 1 12
25878 4 2
25879 8 0
25880 3 9
25881 0 14
25882 3 10
25883 0 22
25884 0 23
25885 0 16
25886 3 0
25887 0 13
25888 3 1
25889 0 6
25890 0 14
25891 94 95
25892 0 25
25893 2 5
25894 95 0
25895 94 0
25896 3 4
25897 1 10
25898 1 13
25899 9 0
25900 4 3
25901 3 0
25902 1 9
25903 0 7
25904 4 1
25905 8 0
25906 5 3
25907 2 10
25908 95 0
25909 0 26
25910 9 0
25911 0 21
25912 3 3
25913 0 12
25914 0 25
25915 95 95
25916 5 2
25917 2 0
25918 1 22
25919 2 11
25920 4 0
25921 0 10
25922 1 11
25923 0 11
25924 3 0
25925 0 20
25926 0 4
25927 2 4
25928 0 94
25929 3 1
25930 0 26
25931 3 10
25932 0 5
25933 0 8
25934 3 0
25935 2 5
25936 4 1
25937 0 17
25938 94 0
25939 1 4
25940 0 24
25941 3 5
25942 0 12
25943 0 22
25944 0 16
25945 0 11
25946 94 95
25947 0 12
25948 2 10
25949 2 5
25950 1 1
25951 0 7
25952 1 8
25953 5 0
25954 0 17
25955 1 18
25956 1 0
25957 3 5
25958 2 5
25959 0 15
25960 0 8
25961 2 0
25962 2 18
25963 1 8
25964 2 11
25965 0 14
25966 5 3
25967 2 21
25968 1 21
25969 0 8
25970 95 95
25971 94 95
25972 0 0
25973 95 0
25974 94 0
25975 5 2
25976 1 16
25977 3 10
25978 3 0
25979 2 21
25980 0 27
25981 0 18
25982 3 9
25983 3 8
25984 3 4
25985 0 26
25986 95 0
25987 94 0
25988 1 8
25989 0 8
25990 2 17
25991 0 16
25992 1 22
25993 1 17
25994 0 6
25995 0 23
25996 5 3
25997 6 0
25998 2 15
25999 2 0
26000 95 0
26001 3 9
26002 5 0
26003 0 11
26004 1 15
26005 2 10
26006 3 0
26007 2 20
26008 0 10
26009 1 21
26010 2 17
26011 0 22
26012 1 7
26013 4 3
26014 0 23
26015 1 22
26016 0 7
26017 5 3
26018 0 9
26019 2 0
26020 8 0
26021 1 8
26022 1 21
26023 2 13
26024 3 3
26025 0 25
26026 1 22
26027 2 15
26028 0 11
26029 95 95
26030 1 15
26031 94 0
26032 1 17
26033 95 0
26034 0 8
26035 1 13
26036 1 9
26037 2 15
26038 1 12
26039 3 4
26040 0 13
26041 3 1
26042 7 0
26043 3 0
26044 2 21
26045 2 11
26046 3 3
26047 94 95
26048 3 8
26049 5 2
26050 2 10
26051 4 0
26052 6 0
26053 3 4
26054 2 11
26055 2 0
26056 3 2
26057 0 21
26058 0 26
26059 3 9
26060 2 17
26061 4 4
26062 2 8
26063 95 95
26064 3 0
26065 0 15
26066 2 3
26067 7 0
26068 1 6
26069 3 10
26070 0 17
26071 0 18
26072 0 14
26073 0 24
26074 2 0
26075 0 27
26076 6 0
26077 2 10
26078 94 0
26079 0 17
26080 2 14
26081 2 16
26082 0 7
26083 7 0
26084 2 13
26085 2 6
26086 1 16
26087 2 14
26088 94 95
26089 2 11
26090 3 9
26091 0 95
26092 0 18
26093 1 23
26094 0 8
26095 0 20
26096 5 0
26097 3 4
26098 0 17
26099 0 10
26100 3 6
26101 0 6
26102 0 25
26103 0 94
26104 5 3
26105 0 95
26106 1 6
26107 3 0
26108 0 28
26109 1 18
26110 3 10
26111 95 95
26112 0 24
26113 1 19
26114 0 12
26115 8 0
26116 2 16
26117 0 21
26118 1 16
26119 0 6
26120 94 95
26121 6 0
26122 2 20
26123 3 9
26124 2 16
26125 95 0
26126 0 27
26127 1 16
26128 0 19
26129 1 20
26130 1 12
26131 4 2
26132 95 95
26133 5 0
26134 3 7
26135 0 25
26136 4 4
26137 2 16
26138 0 24
26139 0 18
26140 2 6
26141 0 11
26142 0 22
26143 0 25
26144 6 3
26145 4 7
26146 1 24
26147 0 28
26148 94 95
26149 1 15
26150 0 94
26151 0 20
26152 0 10
26153 7 0
26154 0 7
26155 3 4
26156 0 23
26157 0 95
26158 0 13
26159 2 0
26160 3 10
26161 95 95
26162 94 95
26163 0 12
26164 0 6
26165 5 3
26166 0 14
26167 1 12
26168 1 11
26169 0 13
26170 0 11
26171 2 17
26172 0 10
26173 2 12
26174 2 10
26175 0 15
26176 1 14
26177 94 0
26178 5 4
26179 0 12
26180 3 2
26181 5 3
26182 3 0
26183 3 7
26184 4 2
26185 95 0
26186 0 14
26187 0 21
26188 2 16
26189 0 7
26190 0 94
26191 0 95
26192 2 24
26193 0 26
26194 2 2
26195 94 0
26196 5 4
26197 0 9
26198 2 3
26199 95 0
26200 0 19
26201 0 29
26202 95 95
26203 0 10
26204 0 94
26205 5 3
26206 2 13
26207 5 4
26208 2 2
26209 2 0
26210 0 25
26211 1 21
26212 1 16
26213 5 3
26214 1 12
26215 94 0
26216 2 11
26217 5 4
26218 2 3
26219 95 0
26220 2 2
26221 0 20
26222 0 28
26223 0 15
26224 0 27
26225 1 24
26226 3 3
26227 2 5
26228 2 6
26229 1 22
26230 0 18
26231 94 0
26232 4 7
26233 3 13
26234 0 28
26235 2 5
26236 0 13
26237 1 6
26238 0 27
26239 8 0
26240 0 17
26241 3 4
26242 0 95
26243 0 18
26244 94 95
26245 2 14
26246 4 0
26247 1 14
26248 0 28
26249 1 7
26250 2 10
26251 0 17
26252 2 11
26253 2 14
26254 0 7
26255 2 3
26256 1 7
26257 0 12
26258 0 11
26259 3 7
26260 1 12
26261 0 94
26262 3 0
26263 0 18
26264 2 24
26265 0 10
26266 1 2
26267 0 26
26268 0 29
26269 1 17
26270 3 2
26271 0 2
26272 95 95
26273 1 2
26274 0 12
26275 95 0
26276 1 21
26277 1 12
26278 2 10
26279 0 11
26280 1 16
26281 3 12
26282 5 0
26283 5 3
26284 4 3
26285 0 7
26286 2 0
26287 3 11
26288 94 0
26289 3 12
26290 1 24
26291 0 28
26292 5 3
26293 94 95
26294 0 9
26295 0 25
26296 95 0
26297 0 19
26298 3 11
26299 0 8
26300 1 10
26301 94 0
26302 95 0
26303 0 21
26304 0 14
26305 7 0
26306 1 19
26307 3 0
26308 5 1
26309 0 26
26310 3 6
26311 2 11
26312 0 95
26313 1 20
26314 5 0
26315 2 13
26316 0 29
26317 2 14
26318 3 11
26319 1 7
26320 3 7
26321 4 3
26322 3 6
26323 8 0
26324 2 10
26325 1 13
26326 1 12
26327 0 94
26328 6 0
26329 0 10
26330 3 7
26331 94 0
26332 1 25
26333 1 24
26334 0 13
26335 0 14
26336 1 6
26337 0 15
26338 0 28
26339 2 12
26340 0 29
26341 0 17
26342 1 25
26343 0 20
26344 1 12
26345 2 11
26346 9 0
26347 2 10
26348 0 7
26349 0 28
26350 0 14
26351 95 0
26352 2 16
26353 1 16
26354 2 11
26355 1 19
26356 3 10
26357 3 6
26358 94 0
26359 1 13
26360 2 1
26361 8 0
26362 0 21
26363 0 24
26364 2 16
26365 0 2
26366 0 12
26367 0 95
26368 1 2
26369 0 23
26370 3 14
26371 0 94
26372 3 7
26373 0 25
26374 2 13
26375 1 16
26376 95 95
26377 0 8
26378 1 13
26379 2 16
26380 2 14
26381 0 11
26382 0 95
26383 0 27
26384 0 24
26385 0 12
26386 0 2
26387 0 7
26388 0 19
26389 0 26
26390 95 0
26391 0 8
26392 2 25
26393 1 7
26394 0 7
26395 2 6
26396 1 0
26397 94 95
26398 1 24
26399 0 8
26400 1 19
26401 0 25
26402 0 7
26403 2 26
26404 94 0
26405 1 12
26406 0 18
26407 95 0
26408 5 3
26409 1 13
26410 0 94
26411 5 0
26412 0 1
26413 6 0
26414 95 95
26415 5 0
26416 94 95
26417 1 12
26418 0 8
26419 1 20
26420 1 11
26421 0 7
26422 0 20
26423 1 16
26424 2 11
26425 1 17
26426 0 8
26427 0 95
26428 0 16
26429 0 13
26430 0 94
26431 3 9
26432 1 26
26433 0 7
26434 6 0
26435 0 22
26436 0 23
26437 1 14
26438 2 10
26439 3 5
26440 0 15
26441 95 95
26442 4 7
26443 1 27
26444 4 0
26445 0 26
26446 4 9
26447 3 9
26448 9 0
26449 1 25
26450 1 19
26451 94 0
26452 2 19
26453 3 4
26454 4 3
26455 2 5
26456 1 19
26457 8 0
26458 9 0
26459 8 0
26460 5 3
26461 4 9
26462 3 0
26463 0 11
26464 0 2
26465 2 12
26466 1 12
26467 4 0
26468 6 1
26469 7 0
26470 1 11
26471 3 0
26472 8 0
26473 0 11
26474 1 24
26475 2 11
26476 0 22
26477 1 3
26478 0 16
26479 0 25
26480 3 7
26481 0 95
26482 0 23
26483 2 10
26484 3 6
26485 94 95
26486 0 15
26487 4 4
26488 3 9
26489 7 0
26490 0 94
26491 0 95
26492 95 95
26493 1 11
26494 1 16
26495 0 17
26496 94 95
26497 2 14
26498 0 26
26499 2 12
26500 3 7
26501 0 94
26502 8 0
26503 1 14
26504 3 10
26505 0 21
26506 1 28
26507 0 11
26508 3 4
26509 1 11
26510 4 3
26511 0 8
26512 0 11
26513 4 0
26514 0 20
26515 0 18
26516 3 0
26517 2 10
26518 4 9
26519 0 28
26520 0 25
26521 0 6
26522 3 10
26523 0 4
26524 5 3
26525 7 0
26526 4 8
26527 2 19
26528 4 0
26529 0 22
26530 2 10
26531 3 0
26532 5 1
26533 4 4
26534 0 10
26535 3 4
26536 4 3
26537 3 10
26538 0 11
26539 1 10
26540 1 20
26541 6 0
26542 0 0
26543 4 0
26544 0 9
26545 7 0
26546 1 23
26547 0 1
26548 1 12
26549 3 0
26550 1 17
26551 2 3
26552 0 8
26553 0 19
26554 0 27
26555 5 0
26556 0 18
26557 0 21
26558 4 0
26559 0 28
26560 0 10
26561 5 1
26562 0 19
26563 2 18
26564 5 2
26565 0 95
26566 5 1
26567 1 10
26568 0 0
26569 3 6
26570 95 95
26571 1 5
26572 0 18
26573 0 22
26574 2 6
26575 94 95
26576 1 3
26577 0 27
26578 0 28
26579 5 3
26580 0 94
26581 95 0
26582 3 6
26583 0 10
26584 2 12
26585 1 12
26586 2 10
26587 94 0
26588 2 19
26589 0 95
26590 0 21
26591 0 94
26592 6 1
26593 0 9
26594 1 16
26595 2 18
26596 5 1
26597 1 19
26598 0 20
26599 0 17
26600 4 3
26601 2 5
26602 2 3
26603 0 23
26604 1 5
26605 4 7
26606 0 1
26607 0 21
26608 5 3
26609 0 20
26610 0 18
26611 4 8
26612 2 17
26613 0 95
26614 6 0
26615 0 21
26616 0 20
26617 0 17
26618 95 95
26619 0 94
26620 0 27
26621 4 4
26622 0 22
26623 0 95
26624 3 4
26625 4 7
26626 0 10
26627 4 3
26628 3 0
26629 94 95
26630 0 24
26631 0 7
26632 2 11
26633 7 0
26634 4 0
26635 0 25
26636 2 16
26637 0 16
26638 2 18
26639 0 28
26640 3 18
26641 0 8
26642 1 18
26643 0 18
26644 3 0
26645 1 3
26646 0 94
26647 6 0
26648 0 15
26649 1 10
26650 1 16
26651 2 3
26652 0 95
26653 4 8
26654 1 20
26655 0 20
26656 7 0
26657 1 19
26658 2 6
26659 3 6
26660 0 10
26661 2 18
26662 0 23
26663 2 5
26664 0 12
26665 0 21
26666 4 7
26667 2 12
26668 6 0
26669 0 26
26670 0 17
26671 0 7
26672 2 6
26673 95 0
26674 95 95
26675 4 0
26676 0 9
26677 0 25
26678 1 3
26679 1 5
26680 0 26
26681 3 0
26682 2 11
26683 7 0
26684 2 17
26685 94 0
26686 0 8
26687 0 10
26688 95 0
26689 2 18
26690 6 0
26691 94 0
26692 0 94
26693 0 18
26694 0 7
26695 1 17
26696 94 95
26697 4 1
26698 0 95
26699 2 14
26700 1 14
26701 0 17
26702 2 14
26703 0 20
26704 95 95
26705 0 18
26706 0 17
26707 0 21
26708 95 0
26709 2 4
26710 4 0
26711 1 11
26712 5 1
26713 94 95
26714 1 15
26715 95 95
26716 3 18
26717 2 13
26718 1 12
26719 0 24
26720 0 29
26721 0 19
26722 0 8
26723 1 18
26724 0 20
26725 3 4
26726 0 14
26727 5 2
26728 0 7
26729 0 16
26730 0 22
26731 3 17
26732 3 6
26733 0 8
26734 0 27
26735 2 6
26736 0 26
26737 5 1
26738 94 95
26739 0 19
26740 0 21
26741 5 2
26742 3 6
26743 2 5
26744 0 12
26745 0 28
26746 0 22
26747 2 17
26748 0 21
26749 0 11
26750 1 26
26751 0 27
26752 0 22
26753 0 21
26754 4 4
26755 1 5
26756 0 18
26757 0 13
26758 1 25
26759 1 12
26760 0 17
26761 1 11
26762 1 19
26763 2 3
26764 0 23
26765 0 25
26766 94 0
26767 0 20
26768 7 0
26769 0 7
26770 95 0
26771 4 8
26772 1 18
26773 1 12
26774 1 3
26775 4 3
26776 6 0
26777 0 94
26778 3 0
26779 94 0
26780 4 4
26781 0 10
26782 1 25
26783 0 16
26784 0 22
26785 5 1
26786 4 7
26787 2 4
26788 0 0
26789 0 8
26790 0 17
26791 0 19
26792 0 21
26793 4 1
26794 0 25
26795 0 22
26796 0 21
26797 95 95
26798 2 6
26799 3 7
26800 1 16
26801 0 1
26802 94 95
26803 3 6
26804 95 0
26805 0 11
26806 2 18
26807 4 0
26808 0 28
26809 0 10
26810 0 27
26811 1 20
26812 0 7
26813 0 28
26814 4 3
26815 0 8
26816 2 14
26817 2 20
26818 0 7
26819 4 4
26820 3 3
26821 0 15
26822 0 22
26823 0 8
26824 0 95
26825 0 27
26826 3 0
26827 5 0
26828 0 7
26829 3 17
26830 3 16
26831 0 94
26832 1 11
26833 0 21
26834 0 95
26835 2 0
26836 2 6
26837 0 0
26838 0 22
26839 0 8
26840 6 0
26841 3 15
26842 1 20
26843 4 7
26844 3 6
26845 1 18
26846 4 0
26847 4 1
26848 0 24
26849 4 0
26850 0 20
26851 4 8
26852 1 22
26853 3 16
26854 0 23
26855 2 20
26856 0 19
26857 2 18
26858 3 2
26859 0 94
26860 3 0
26861 1 21
26862 94 0
26863 0 22
26864 3 3
26865 1 14
26866 4 5
26867 3 1
26868 1 12
26869 0 23
26870 3 20
26871 0 95
26872 0 12
26873 3 0
26874 5 0
26875 0 14
26876 0 22
26877 95 95
26878 1 18
26879 1 11
26880 2 11
26881 2 18
26882 1 12
26883 3 15
26884 0 20
26885 0 19
26886 4 3
26887 94 95
26888 2 14
26889 3 3
26890 4 7
26891 0 11
26892 0 1
26893 4 4
26894 6 0
26895 0 20
26896 2 6
26897 0 13
26898 0 26
26899 0 23
26900 95 95
26901 1 13
26902 0 22
26903 2 10
26904 2 2
26905 1 14
26906 0 19
26907 2 15
26908 5 0
26909 0 25
26910 2 11
26911 2 20
26912 0 24
26913 0 94
26914 0 20
26915 95 0
26916 1 22
26917 4 5
26918 0 18
26919 2 21
26920 0 21
26921 2 20
26922 2 21
26923 94 0
26924 0 22
26925 3 7
26926 2 20
26927 4 1
26928 0 12
26929 4 7
26930 1 21
26931 2 10
26932 0 0
26933 0 1
26934 3 6
26935 3 20
26936 0 14
26937 2 14
26938 2 1
26939 4 2
26940 4 1
26941 2 0
26942 2 20
26943 95 0
26944 1 12
26945 0 17
26946 2 6
26947 2 11
26948 0 2
26949 3 6
26950 2 2
26951 0 18
26952 1 22
26953 0 17
26954 1 15
26955 0 13
26956 0 19
26957 0 25
26958 0 15
26959 1 13
26960 1 16
26961 0 20
26962 2 6
26963 0 23
26964 0 26
26965 2 10
26966 0 24
26967 0 22
26968 3 0
26969 0 28
26970 0 12
26971 3 6
26972 0 14
26973 1 18
26974 1 15
26975 3 14
26976 2 19
26977 0 29
26978 0 95
26979 2 20
26980 6 0
26981 2 19
26982 2 0
26983 0 15
26984 0 10
26985 94 0
26986 4 3
26987 3 4
26988 1 16
26989 0 19
26990 1 24
26991 0 11
26992 4 0
26993 1 1
26994 7 0
26995 0 28
26996 95 0
26997 2 20
26998 2 14
26999 0 24
27000 2 18
27001 1 24
27002 2 11
27003 0 13
27004 0 20
27005 2 4
27006 0 29
27007 1 12
27008 2 10
27009 2 6
27010 0 25
27011 0 18
27012 94 95
27013 0 14
27014 2 12
27015 0 15
27016 0 94
27017 3 10
27018 94 0
27019 0 19
27020 1 23
27021 3 7
27022 1 17
27023 2 10
27024 0 20
27025 1 16
27026 0 24
27027 0 10
27028 3 5
27029 4 5
27030 2 21
27031 1 17
27032 95 95
27033 3 6
27034 3 0
27035 3 10
27036 1 20
27037 1 16
27038 4 7
27039 0 12
27040 0 95
27041 2 6
27042 94 95
27043 2 0
27044 95 95
27045 0 25
27046 0 24
27047 2 10
27048 1 17
27049 0 25
27050 3 5
27051 0 11
27052 95 0
27053 2 22
27054 0 19
27055 0 21
27056 1 14
27057 2 21
27058 3 6
27059 0 28
27060 0 24
27061 0 17
27062 4 5
27063 3 0
27064 5 5
27065 3 3
27066 4 8
27067 94 0
27068 0 94
27069 6 0
27070 94 95
27071 2 22
27072 95 0
27073 4 3
27074 1 17
27075 2 19
27076 0 16
27077 4 7
27078 1 21
27079 0 27
27080 2 18
27081 0 23
27082 94 0
27083 0 26
27084 2 23
27085 4 8
27086 1 24
27087 4 1
27088 95 95
27089 4 5
27090 2 0
27091 2 19
27092 2 18
27093 5 5
27094 2 19
27095 0 25
27096 94 95
27097 2 13
27098 4 0
27099 0 26
27100 95 0
27101 3 4
27102 2 6
27103 94 0
27104 0 10
27105 7 0
27106 0 13
27107 1 25
27108 2 22
27109 0 95
27110 1 20
27111 0 24
27112 2 25
27113 95 0
27114 4 5
27115 1 18
27116 0 11
27117 1 21
27118 4 2
27119 1 20
27120 6 0
27121 4 3
27122 0 22
27123 4 7
27124 2 11
27125 2 4
27126 1 24
27127 3 4
27128 2 21
27129 94 0
27130 1 10
27131 0 94
27132 3 11
27133 2 9
27134 7 0
27135 2 11
27136 3 11
27137 0 24
27138 3 6
27139 2 22
27140 6 0
27141 0 15
27142 3 19
27143 0 9
27144 2 6
27145 0 12
27146 0 16
27147 1 8
27148 1 21
27149 0 15
27150 5 5
27151 1 20
27152 1 17
27153 2 21
27154 2 4
27155 4 5
27156 4 1
27157 0 20
27158 3 0
27159 0 16
27160 1 18
27161 0 11
27162 3 4
27163 1 20
27164 1 25
27165 5 3
27166 0 12
27167 0 20
27168 1 11
27169 0 23
27170 4 3
27171 0 24
27172 0 14
27173 95 0
27174 0 17
27175 94 0
27176 0 16
27177 1 22
27178 0 27
27179 0 17
27180 1 26
27181 0 11
27182 2 20
27183 2 18
27184 2 4
27185 1 18
27186 0 16
27187 0 28
27188 0 21
27189 0 13
27190 5 1
27191 95 95
27192 0 23
27193 3 10
27194 3 4
27195 0 27
27196 1 10
27197 5 5
27198 4 1
27199 5 0
27200 1 15
27201 0 24
27202 1 14
27203 0 20
27204 0 12
27205 4 5
27206 6 0
27207 0 28
27208 2 7
27209 5 1
27210 0 27
27211 1 17
27212 0 95
27213 1 25
27214 1 26
27215 4 1
27216 4 8
27217 0 23
27218 0 94
27219 2 6
27220 0 15
27221 0 16
27222 0 14
27223 0 28
27224 2 21
27225 0 95
27226 0 21
27227 0 11
27228 0 27
27229 0 15
27230 0 20
27231 1 25
27232 2 7
27233 2 6
27234 0 24
27235 0 13
27236 3 8
27237 2 4
27238 94 95
27239 3 5
27240 2 12
27241 0 26
27242 2 14
27243 0 21
27244 3 11
27245 4 5
27246 2 20
27247 95 95
27248 0 27
27249 5 1
27250 0 18
27251 3 4
27252 94 95
27253 0 19
27254 4 1
27255 95 0
27256 1 20
27257 0 26
27258 94 0
27259 0 22
27260 3 10
27261 1 14
27262 0 12
27263 0 23
27264 0 18
27265 3 7
27266 0 24
27267 5 0
27268 4 6
27269 0 16
27270 95 95
27271 0 23
27272 6 0
27273 3 11
27274 0 19
27275 2 19
27276 2 13
27277 0 15
27278 2 11
27279 0 21
27280 0 16
27281 95 0
27282 0 27
27283 0 13
27284 0 12
27285 2 22
27286 1 15
27287 94 0
27288 3 8
27289 0 22
27290 2 14
27291 0 25
27292 2 18
27293 3 7
27294 2 5
27295 0 94
27296 0 15
27297 1 13
27298 0 14
27299 1 21
27300 4 5
27301 0 18
27302 95 0
27303 0 28
27304 0 21
27305 1 12
27306 2 13
27307 0 20
27308 2 7
27309 1 0
27310 0 10
27311 0 9
27312 2 15
27313 0 27
27314 0 28
27315 2 19
27316 1 15
27317 5 0
27318 0 13
27319 2 4
27320 6 0
27321 5 3
27322 0 11
27323 2 14
27324 2 0
27325 1 19
27326 2 6
27327 0 0
27328 4 6
27329 2 7
27330 2 5
27331 2 19
27332 1 13
27333 1 12
27334 94 95
27335 1 13
27336 1 19
27337 0 27
27338 0 95
27339 0 14
27340 95 95
27341 1 25
27342 0 21
27343 3 3
27344 3 0
27345 5 0
27346 0 15
27347 0 24
27348 6 0
27349 2 0
27350 5 0
27351 3 6
27352 3 7
27353 5 2
27354 0 13
27355 0 94
27356 1 22
27357 1 26
27358 1 7
27359 0 28
27360 0 12
27361 3 1
27362 2 12
27363 0 11
27364 0 23
27365 1 21
27366 3 4
27367 2 4
27368 0 12
27369 3 8
27370 4 2
27371 3 0
27372 1 8
27373 0 21
27374 0 20
27375 2 21
27376 4 8
27377 2 15
27378 2 6
27379 3 8
27380 0 26
27381 3 7
27382 0 21
27383 1 23
27384 2 3
27385 2 5
27386 1 20
27387 2 11
27388 2 6
27389 1 16
27390 0 17
27391 0 18
27392 2 22
27393 2 5
27394 0 17
27395 2 21
27396 2 22
27397 0 10
27398 94 0
27399 1 17
27400 95 0
27401 0 14
27402 6 0
27403 94 95
27404 95 95
27405 2 7
27406 0 20
27407 3 7
27408 0 95
27409 0 19
27410 1 21
27411 0 11
27412 1 12
27413 4 0
27414 94 95
27415 0 12
27416 0 22
27417 2 6
27418 7 0
27419 3 5
27420 0 94
27421 1 20
27422 0 11
27423 1 15
27424 0 13
27425 0 25
27426 1 13
27427 0 16
27428 1 21
27429 5 0
27430 0 95
27431 0 12
27432 0 18
27433 0 24
27434 0 10
27435 2 7
27436 1 11
27437 0 94
27438 1 20
27439 95 95
27440 2 13
27441 1 10
27442 1 24
27443 3 11
27444 0 25
27445 0 95
27446 0 27
27447 2 15
27448 0 11
27449 94 0
27450 2 10
27451 0 19
27452 3 9
27453 1 10
27454 1 13
27455 2 13
27456 4 0
27457 2 4
27458 0 94
27459 4 3
27460 2 9
27461 2 21
27462 3 4
27463 2 22
27464 0 28
27465 1 18
27466 2 4
27467 0 21
27468 1 23
27469 3 10
27470 94 95
27471 0 23
27472 3 11
27473 6 0
27474 3 4
27475 0 26
27476 0 22
27477 3 0
27478 4 5
27479 0 12
27480 0 10
27481 0 95
27482 1 15
27483 3 10
27484 2 0
27485 2 21
27486 3 6
27487 3 11
27488 0 17
27489 3 10
27490 0 94
27491 4 1
27492 1 13
27493 2 6
27494 0 21
27495 4 0
27496 2 5
27497 1 10
27498 2 4
27499 7 0
27500 3 11
27501 95 95
27502 3 10
27503 0 8
27504 2 13
27505 0 22
27506 95 0
27507 1 16
27508 3 4
27509 5 0
27510 3 7
27511 94 95
27512 3 11
27513 0 10
27514 0 5
27515 1 10
27516 0 24
27517 1 26
27518 0 21
27519 0 22
27520 1 6
27521 4 6
27522 1 7
27523 94 0
27524 95 0
27525 2 22
27526 1 21
27527 4 5
27528 0 26
27529 4 0
27530 0 21
27531 1 26
27532 4 2
27533 3 6
27534 6 0
27535 0 27
27536 0 22
27537 2 18
27538 1 15
27539 0 95
27540 0 21
27541 5 5
27542 3 3
27543 3 4
27544 3 0
27545 1 19
27546 0 23
27547 0 20
27548 1 13
27549 0 11
27550 0 15
27551 1 16
27552 2 17
27553 1 6
27554 1 0
27555 94 0
27556 0 13
27557 1 15
27558 5 0
27559 1 11
27560 2 0
27561 95 95
27562 0 19
27563 3 3
27564 3 10
27565 0 94
27566 6 0
27567 95 0
27568 5 0
27569 6 0
27570 1 25
27571 0 95
27572 5 0
27573 4 5
27574 1 16
27575 3 7
27576 0 22
27577 4 4
27578 0 20
27579 2 21
27580 2 4
27581 1 21
27582 0 18
27583 94 0
27584 6 0
27585 0 23
27586 0 10
27587 2 11
27588 0 12
27589 94 95
27590 1 8
27591 0 14
27592 0 21
27593 1 22
27594 0 17
27595 2 5
27596 1 15
27597 0 1
27598 1 0
27599 95 95
27600 1 18
27601 1 21
27602 0 3
27603 2 21
27604 1 10
27605 1 16
27606 0 11
27607 1 15
27608 0 2
27609 2 12
27610 0 94
27611 1 19
27612 0 21
27613 0 25
27614 0 13
27615 3 11
27616 2 4
27617 5 0
27618 95 0
27619 94 0
27620 6 0
27621 2 22
27622 1 25
27623 0 14
27624 3 4
27625 2 21
27626 2 0
27627 0 19
27628 0 12
27629 0 26
27630 0 25
27631 1 12
27632 0 26
27633 2 8
27634 2 16
27635 0 24
27636 0 20
27637 0 21
27638 3 0
27639 5 0
27640 0 1
27641 1 16
27642 0 25
27643 0 6
27644 6 0
27645 2 0
27646 0 10
27647 0 16
# colocadas=27648 ocupadas=39 mayor=6018
