0 64 1
1 42 74
2 27 0
3 42 84
4 79 58
5 41 70
6 46 53
7 63 36
8 51 85
9 30 30
10 42 85
11 75 8
12 30 31
13 51 32
14 82 56
15 78 54
16 82 49
17 74 8
18 31 6
19 1 90
20 81 56
21 82 56
22 27 1
23 45 53
24 63 30
25 42 70
26 52 85
27 27 0
28 28 79
29 44 90
30 83 49
31 42 84
32 81 56
33 51 85
34 30 30
35 41 70
36 64 36
37 46 73
38 30 6
39 79 57
40 63 29
41 77 74
42 29 79
43 79 54
44 82 56
45 78 74
46 46 74
47 52 85
48 31 6
49 42 2
50 64 2
51 42 85
52 85 50
53 63 30
54 0 90
55 82 49
56 64 1
57 28 79
58 64 2
59 51 85
60 83 49
61 42 75
62 42 74
63 64 1
64 52 85
65 1 90
66 63 36
67 81 56
68 51 31
69 82 49
70 64 2
71 51 85
72 77 74
73 46 73
74 78 74
75 78 54
76 42 84
77 79 58
78 46 74
79 42 75
80 89 73
81 30 31
82 82 56
83 46 73
84 30 6
85 31 6
86 42 85
87 45 90
88 29 79
89 0 90
90 42 84
91 1 90
92 27 1
93 30 30
94 81 56
95 83 49
96 28 79
97 42 74
98 42 75
99 79 57
100 42 85
101 42 84
102 63 29
103 0 90
104 51 32
105 27 0
106 82 56
107 82 49
108 89 72
109 27 1
110 89 73
111 75 8
112 85 49
113 30 31
114 79 54
115 42 1
116 64 36
117 46 53
118 74 8
119 45 53
120 42 70
121 89 72
122 52 85
123 81 56
124 79 58
125 77 74
126 78 74
127 85 50
128 89 73
129 77 74
130 63 30
131 30 30
132 46 53
133 30 31
134 41 70
135 75 8
136 74 8
137 78 74
138 83 49
139 42 2
140 42 70
141 51 31
142 1 90
143 51 32
144 42 85
145 89 72
146 79 57
147 44 90
148 42 1
149 75 8
150 63 29
151 63 36
152 77 74
153 30 30
154 51 85
155 46 74
156 46 73
157 46 74
158 51 31
159 27 0
160 79 58
161 78 54
162 29 79
163 41 70
164 42 74
165 27 1
166 0 90
167 42 75
168 85 49
169 1 90
170 51 32
171 28 79
172 30 31
173 82 56
174 89 73
175 79 54
176 89 72
177 81 56
178 29 79
179 42 84
180 27 0
181 28 79
182 51 31
183 63 30
184 30 30
185 64 36
186 79 57
187 63 36
188 51 32
189 64 1
190 42 85
191 42 84
192 29 79
193 52 85
194 30 6
195 63 29
196 78 54
197 51 31
198 45 90
199 31 6
200 82 56
201 44 90
202 89 73
203 51 32
204 64 36
205 42 2
206 51 31
207 63 30
208 42 85
209 46 73
210 74 8
211 46 74
212 81 56
213 30 31
214 63 29
215 51 85
216 46 73
217 85 50
218 63 30
219 85 49
220 30 30
221 82 56
222 75 8
223 79 58
224 27 1
225 42 84
226 64 2
227 46 74
228 30 31
229 0 90
230 78 74
231 30 30
232 52 85
233 79 54
234 42 70
235 42 1
236 46 73
237 46 74
238 28 79
239 42 74
240 30 6
241 31 6
242 45 90
243 81 56
244 82 56
245 51 32
246 1 90
247 44 90
248 77 74
249 82 49
250 78 54
251 81 56
252 64 1
253 89 72
254 51 85
255 30 6
256 42 75
257 30 31
258 27 0
259 30 30
260 30 31
261 29 79
262 45 90
263 42 85
264 27 1
265 83 49
266 42 2
267 27 0
268 0 90
269 82 49
270 79 54
271 51 31
272 42 84
273 41 70
274 63 36
275 63 29
276 78 54
277 52 85
278 51 32
279 27 1
280 51 85
281 46 73
282 27 0
283 51 31
284 74 8
285 52 85
286 51 85
287 64 36
288 75 8
289 31 6
290 79 57
291 79 54
292 46 74
293 52 85
294 42 1
295 89 73
296 42 2
297 42 85
298 45 53
299 42 84
300 30 6
301 83 49
302 63 36
303 31 6
304 44 90
305 1 90
306 42 74
307 30 30
308 0 90
309 82 56
310 30 6
311 82 49
312 51 32
313 46 73
314 78 54
315 42 70
316 79 54
317 51 31
318 27 1
319 51 32
320 30 31
321 89 72
322 41 70
323 89 73
324 27 0
325 51 31
326 30 30
327 42 85
328 85 50
329 83 49
330 74 8
331 46 53
332 31 6
333 64 2
334 82 49
335 46 74
336 78 54
337 1 90
338 79 54
339 64 1
340 78 54
341 81 56
342 85 49
343 83 49
344 51 85
345 75 8
346 79 54
347 82 49
348 30 31
349 64 2
350 45 90
351 30 6
352 28 79
353 82 56
354 81 56
355 0 90
356 27 1
357 42 1
358 31 6
359 1 90
360 0 90
361 30 6
362 89 72
363 89 73
364 42 84
365 82 56
366 42 85
367 45 53
368 29 79
369 85 50
370 74 8
371 63 30
372 42 2
373 51 32
374 44 90
375 45 90
376 64 36
377 28 79
378 78 54
379 63 36
380 1 90
381 64 1
382 89 72
383 44 90
384 27 0
385 85 49
386 45 90
387 42 1
388 31 6
389 81 56
390 46 53
391 85 50
392 30 30
393 85 49
394 44 90
395 75 8
396 45 53
397 42 84
398 64 36
399 42 70
400 63 36
401 46 53
402 29 79
403 30 31
404 52 85
405 46 73
406 79 58
407 41 70
408 30 30
409 63 29
410 42 70
411 78 74
412 27 1
413 79 57
414 83 49
415 85 50
416 42 2
417 77 74
418 74 8
419 42 1
420 64 2
421 79 54
422 64 36
423 30 31
424 45 53
425 28 79
426 78 74
427 42 2
428 27 0
429 63 36
430 45 90
431 42 85
432 46 74
433 82 49
434 41 70
435 83 49
436 79 58
437 42 70
438 82 56
439 82 49
440 78 54
441 42 84
442 0 90
443 46 53
444 30 30
445 51 31
446 51 32
447 42 1
448 83 49
449 79 54
450 42 75
451 85 49
452 64 1
453 29 79
454 51 31
455 81 56
456 89 73
457 82 56
458 81 56
459 41 70
460 28 79
461 64 36
462 42 85
463 75 8
464 64 2
465 44 90
466 42 2
467 82 49
468 64 1
469 45 90
470 63 30
471 44 90
472 78 54
473 85 50
474 45 53
475 64 2
476 82 56
477 46 73
478 79 54
479 63 29
480 85 49
481 79 57
482 89 72
483 51 85
484 46 74
485 81 56
486 74 8
487 30 6
488 45 90
489 52 85
490 29 79
491 85 50
492 28 79
493 82 56
494 46 53
495 83 49
496 27 1
497 75 8
498 85 49
499 77 74
500 64 1
501 42 70
502 51 32
503 51 85
504 79 58
505 82 49
506 78 54
507 89 73
508 29 79
509 42 74
510 42 84
511 64 2
512 81 56
513 51 31
514 1 90
515 45 53
516 30 31
517 64 1
518 82 56
519 46 53
520 27 0
521 79 57
522 52 85
523 74 8
524 28 79
525 0 90
526 41 70
527 30 30
528 30 31
529 45 53
530 42 85
531 51 85
532 51 32
533 46 53
534 75 8
535 46 73
536 85 50
537 83 49
538 29 79
539 52 85
540 79 58
541 85 49
542 79 54
543 27 1
544 78 74
545 45 53
546 81 56
547 63 36
548 89 72
549 79 57
550 79 58
551 30 30
552 64 36
553 30 31
554 78 54
555 27 0
556 82 49
557 46 53
558 46 74
559 45 53
560 31 6
561 77 74
562 85 50
563 85 49
564 51 31
565 42 1
566 89 73
567 74 8
568 30 6
569 63 36
570 27 1
571 42 75
572 79 57
573 51 32
574 30 30
575 79 58
576 51 85
577 78 74
578 1 90
579 75 8
580 51 31
581 44 90
582 46 73
583 83 49
584 27 0
585 77 74
586 42 70
587 30 31
588 42 74
589 42 2
590 82 49
591 52 85
592 83 49
593 45 90
594 42 1
595 82 49
596 42 84
597 82 56
598 74 8
599 63 30
600 64 36
601 44 90
602 85 50
603 63 36
604 46 74
605 64 36
606 42 2
607 75 8
608 30 30
609 63 36
610 42 85
611 79 57
612 74 8
613 89 72
614 64 2
615 46 73
616 89 73
617 30 31
618 0 90
619 45 90
620 42 84
621 46 74
622 42 75
623 28 79
624 78 74
625 79 54
626 42 1
627 46 53
628 27 1
629 30 30
630 64 1
631 30 31
632 1 90
633 79 58
634 44 90
635 29 79
636 42 2
637 83 49
638 31 6
639 42 85
640 51 85
641 81 56
642 52 85
643 45 53
644 77 74
645 63 29
646 63 30
647 30 6
648 64 36
649 78 54
650 0 90
651 46 53
652 46 73
653 78 74
654 45 90
655 63 36
656 75 8
657 1 90
658 28 79
659 77 74
660 0 90
661 82 49
662 31 6
663 27 0
664 42 1
665 44 90
666 30 6
667 46 74
668 51 85
669 82 56
670 85 49
671 1 90
672 0 90
673 63 29
674 45 90
675 79 57
676 29 79
677 42 74
678 41 70
679 42 2
680 79 54
681 1 90
682 83 49
683 85 50
684 85 49
685 30 30
686 31 6
687 64 2
688 89 72
689 74 8
690 64 36
691 52 85
692 82 49
693 45 53
694 64 1
695 27 1
696 63 36
697 51 32
698 89 73
699 63 30
700 30 31
701 89 72
702 75 8
703 64 2
704 46 53
705 42 1
706 30 6
707 27 0
708 42 84
709 42 70
710 81 56
711 78 74
712 46 73
713 51 31
714 51 32
715 44 90
716 77 74
717 82 56
718 41 70
719 78 54
720 42 70
721 42 85
722 41 70
723 64 36
724 81 56
725 46 74
726 45 90
727 27 1
728 51 85
729 63 36
730 42 2
731 0 90
732 42 1
733 51 31
734 42 75
735 30 30
736 63 29
737 42 74
738 85 50
739 83 49
740 64 1
741 79 54
742 51 32
743 63 30
744 82 49
745 64 36
746 83 49
747 42 70
748 82 56
749 78 54
750 79 58
751 27 0
752 44 90
753 81 56
754 64 2
755 42 2
756 31 6
757 63 36
758 30 31
759 27 1
760 64 1
761 52 85
762 64 36
763 42 84
764 42 85
765 63 36
766 74 8
767 45 90
768 27 0
769 28 79
770 1 90
771 29 79
772 42 75
773 63 29
774 45 53
775 79 54
776 75 8
777 51 85
778 85 49
779 46 73
780 85 50
781 89 73
782 42 74
783 74 8
784 63 30
785 75 8
786 74 8
787 42 84
788 75 8
789 52 85
790 89 72
791 85 49
792 46 53
793 82 49
794 27 1
795 78 54
796 41 70
797 89 73
798 42 70
799 64 2
800 85 50
801 85 49
802 79 57
803 27 0
804 41 70
805 44 90
806 78 74
807 28 79
808 45 90
809 44 90
810 42 70
811 89 72
812 46 74
813 42 1
814 51 31
815 74 8
816 83 49
817 45 90
818 77 74
819 63 29
820 85 50
821 63 30
822 42 75
823 82 56
824 79 58
825 78 74
826 79 57
827 44 90
828 79 54
829 45 90
830 79 58
831 42 74
832 42 75
833 46 73
834 0 90
835 42 2
836 51 85
837 44 90
838 45 53
839 89 73
840 30 6
841 46 53
842 82 49
843 46 74
844 75 8
845 74 8
846 42 1
847 64 1
848 81 56
849 42 2
850 42 74
851 75 8
852 51 32
853 45 53
854 45 90
855 74 8
856 27 1
857 42 1
858 42 75
859 82 56
860 42 85
861 63 29
862 63 30
863 42 2
864 27 0
865 75 8
866 44 90
867 30 30
868 45 90
869 83 49
870 85 49
871 82 49
872 63 29
873 27 1
874 42 74
875 42 84
876 89 72
877 79 57
878 31 6
879 83 49
880 42 1
881 30 31
882 46 73
883 44 90
884 29 79
885 30 30
886 46 53
887 64 36
888 78 54
889 79 54
890 85 50
891 51 31
892 89 73
893 77 74
894 63 36
895 82 49
896 28 79
897 89 72
898 42 85
899 29 79
900 51 32
901 41 70
902 85 49
903 28 79
904 64 2
905 64 1
906 78 54
907 27 0
908 52 85
909 29 79
910 79 54
911 89 73
912 78 74
913 74 8
914 63 30
915 64 2
916 42 2
917 81 56
918 30 31
919 64 1
920 45 53
921 79 58
922 42 1
923 89 72
924 30 30
925 85 50
926 78 54
927 77 74
928 28 79
929 89 73
930 27 1
931 30 6
932 79 57
933 45 90
934 31 6
935 42 75
936 1 90
937 29 79
938 64 2
939 79 58
940 42 2
941 64 1
942 63 29
943 51 31
944 28 79
945 79 57
946 42 74
947 27 0
948 82 56
949 89 72
950 42 84
951 46 74
952 30 31
953 30 6
954 75 8
955 64 36
956 46 53
957 45 53
958 42 70
959 46 53
960 42 85
961 74 8
962 79 58
963 42 1
964 42 75
965 51 85
966 31 6
967 89 73
968 85 49
969 27 1
970 42 84
971 46 73
972 79 54
973 42 85
974 41 70
975 81 56
976 30 30
977 51 32
978 51 31
979 82 56
980 89 72
981 51 32
982 63 30
983 63 36
984 51 31
985 79 57
986 46 74
987 78 54
988 79 54
989 44 90
990 64 36
991 79 58
992 75 8
993 85 50
994 29 79
995 78 74
996 85 49
997 63 29
998 51 32
999 85 50
1000 81 56
1001 79 57
1002 51 31
1003 74 8
1004 27 0
1005 75 8
1006 74 8
1007 27 1
1008 42 84
1009 63 30
1010 51 32
1011 75 8
1012 89 73
1013 45 53
1014 51 31
1015 0 90
1016 42 2
1017 64 2
1018 46 53
1019 42 74
1020 30 31
1021 28 79
1022 45 90
1023 51 32
1024 29 79
1025 79 58
1026 45 53
1027 83 49
1028 44 90
1029 42 1
1030 51 31
1031 42 85
1032 42 84
1033 30 6
1034 42 70
1035 64 1
1036 89 72
1037 27 0
1038 77 74
1039 82 49
1040 63 29
1041 89 73
1042 42 85
1043 30 30
1044 82 56
1045 42 2
1046 89 72
1047 81 56
1048 63 30
1049 30 31
1050 31 6
1051 1 90
1052 30 30
1053 46 53
1054 51 32
1055 83 49
1056 82 56
1057 78 74
1058 0 90
1059 52 85
1060 85 49
1061 27 1
1062 28 79
1063 41 70
1064 42 70
1065 30 6
1066 42 1
1067 85 50
1068 63 29
1069 41 70
1070 45 90
1071 74 8
1072 29 79
1073 75 8
1074 42 2
1075 42 75
1076 44 90
1077 27 0
1078 27 1
1079 45 53
1080 1 90
1081 85 49
1082 42 70
1083 74 8
1084 63 36
1085 27 0
1086 85 50
1087 30 31
1088 31 6
1089 42 74
1090 64 2
1091 42 84
1092 89 73
1093 42 1
1094 42 2
1095 41 70
1096 46 73
1097 42 75
1098 78 54
1099 51 85
1100 42 1
1101 28 79
1102 52 85
1103 27 1
1104 63 30
1105 42 85
1106 42 70
1107 75 8
1108 79 54
1109 30 6
1110 82 49
1111 83 49
1112 63 29
1113 29 79
1114 77 74
1115 85 49
1116 85 50
1117 46 53
1118 85 49
1119 0 90
1120 31 6
1121 41 70
1122 1 90
1123 28 79
1124 79 57
1125 64 1
1126 46 74
1127 63 30
1128 42 74
1129 30 30
1130 29 79
1131 28 79
1132 82 49
1133 51 31
1134 85 50
1135 79 58
1136 42 70
1137 30 31
1138 45 53
1139 81 56
1140 42 2
1141 45 90
1142 89 72
1143 64 2
1144 42 75
1145 78 54
1146 27 0
1147 51 32
1148 63 29
1149 74 8
1150 46 53
1151 27 1
1152 78 74
1153 89 73
1154 27 0
1155 42 1
1156 89 72
1157 64 1
1158 30 6
1159 82 56
1160 0 90
1161 64 2
1162 29 79
1163 83 49
1164 79 54
1165 64 36
1166 28 79
1167 64 1
1168 81 56
1169 77 74
1170 82 56
1171 27 1
1172 42 74
1173 75 8
1174 79 57
1175 63 30
1176 89 73
1177 51 31
1178 79 58
1179 89 72
1180 30 30
1181 79 57
1182 78 54
1183 1 90
1184 46 73
1185 31 6
1186 46 74
1187 63 29
1188 0 90
1189 41 70
1190 78 74
1191 89 73
1192 45 53
1193 30 6
1194 77 74
1195 42 2
1196 51 85
1197 44 90
1198 42 75
1199 79 58
1200 42 74
1201 42 70
1202 74 8
1203 41 70
1204 29 79
1205 51 32
1206 42 75
1207 46 73
1208 27 0
1209 63 30
1210 51 31
1211 28 79
1212 27 1
1213 31 6
1214 78 74
1215 42 1
1216 42 74
1217 81 56
1218 79 54
1219 85 49
1220 45 90
1221 52 85
1222 63 29
1223 82 56
1224 1 90
1225 29 79
1226 42 70
1227 42 84
1228 42 85
1229 85 50
1230 46 53
1231 51 32
1232 63 36
1233 81 56
1234 45 53
1235 42 84
1236 46 74
1237 77 74
1238 78 74
1239 42 75
1240 0 90
1241 85 49
1242 46 53
1243 42 85
1244 51 31
1245 44 90
1246 64 36
1247 1 90
1248 75 8
1249 30 31
1250 74 8
1251 63 36
1252 64 36
1253 45 90
1254 44 90
1255 28 79
1256 41 70
1257 42 2
1258 30 30
1259 77 74
1260 63 36
1261 0 90
1262 64 2
1263 42 84
1264 79 57
1265 64 1
1266 82 56
1267 51 32
1268 81 56
1269 51 85
1270 82 49
1271 75 8
1272 52 85
1273 74 8
1274 83 49
1275 89 72
1276 75 8
1277 30 31
1278 27 0
1279 30 6
1280 29 79
1281 42 85
1282 28 79
1283 78 54
1284 78 74
1285 42 84
1286 82 56
1287 45 53
1288 77 74
1289 42 74
1290 78 74
1291 51 85
1292 46 73
1293 63 30
1294 85 50
1295 77 74
1296 85 49
1297 42 70
1298 78 74
1299 79 58
1300 64 36
1301 63 29
1302 63 36
1303 63 30
1304 41 70
1305 45 90
1306 31 6
1307 30 30
1308 77 74
1309 30 6
1310 51 31
1311 74 8
1312 81 56
1313 82 49
1314 64 36
1315 44 90
1316 30 31
1317 89 73
1318 79 54
1319 51 32
1320 27 1
1321 31 6
1322 51 31
1323 45 90
1324 64 2
1325 89 72
1326 78 54
1327 78 74
1328 63 36
1329 30 6
1330 52 85
1331 29 79
1332 28 79
1333 83 49
1334 63 29
1335 44 90
1336 46 74
1337 63 30
1338 42 1
1339 46 73
1340 79 54
1341 89 73
1342 46 53
1343 45 53
1344 42 85
1345 42 2
1346 64 36
1347 42 75
1348 85 50
1349 75 8
1350 42 74
1351 79 57
1352 85 49
1353 29 79
1354 46 53
1355 46 74
1356 42 84
1357 63 36
1358 74 8
1359 78 54
1360 1 90
1361 51 32
1362 45 90
1363 51 85
1364 64 36
1365 77 74
1366 45 53
1367 46 53
1368 42 1
1369 82 56
1370 79 54
1371 46 73
1372 81 56
1373 28 79
1374 79 58
1375 52 85
1376 89 72
1377 85 50
1378 30 30
1379 30 31
1380 89 73
1381 75 8
1382 42 70
1383 63 36
1384 82 56
1385 42 2
1386 30 30
1387 42 1
1388 64 36
1389 78 54
1390 31 6
1391 51 85
1392 45 53
1393 44 90
1394 85 49
1395 63 29
1396 42 2
1397 27 0
1398 30 31
1399 89 72
1400 51 31
1401 63 36
1402 64 36
1403 46 74
1404 42 1
1405 41 70
1406 45 90
1407 85 50
1408 79 57
1409 42 75
1410 74 8
1411 63 36
1412 81 56
1413 52 85
1414 51 85
1415 42 74
1416 85 49
1417 46 53
1418 82 49
1419 64 1
1420 29 79
1421 83 49
1422 45 53
1423 46 53
1424 27 1
1425 63 30
1426 42 85
1427 51 32
1428 82 49
1429 89 73
1430 45 53
1431 89 72
1432 89 73
1433 46 73
1434 44 90
1435 0 90
1436 45 90
1437 52 85
1438 79 54
1439 83 49
1440 78 74
1441 75 8
1442 46 74
1443 42 70
1444 85 50
1445 44 90
1446 64 36
1447 42 75
1448 42 2
1449 30 30
1450 30 6
1451 42 74
1452 51 31
1453 1 90
1454 82 56
1455 78 54
1456 63 29
1457 51 85
1458 81 56
1459 51 32
1460 27 0
1461 28 79
1462 30 31
1463 82 49
1464 42 84
1465 42 1
1466 45 90
1467 44 90
1468 42 75
1469 29 79
1470 45 90
1471 63 30
1472 46 53
1473 77 74
1474 85 49
1475 85 50
1476 42 85
1477 64 2
1478 42 2
1479 79 58
1480 31 6
1481 42 84
1482 52 85
1483 89 72
1484 78 74
1485 0 90
1486 41 70
1487 42 74
1488 1 90
1489 63 29
1490 45 53
1491 42 70
1492 79 54
1493 85 49
1494 30 6
1495 79 57
1496 30 30
1497 46 53
1498 28 79
1499 31 6
1500 44 90
1501 46 73
1502 51 85
1503 63 30
1504 42 85
1505 42 1
1506 30 6
1507 78 54
1508 52 85
1509 30 31
1510 42 75
1511 45 53
1512 0 90
1513 82 56
1514 63 29
1515 81 56
1516 30 30
1517 85 50
1518 63 36
1519 51 85
1520 41 70
1521 27 1
1522 79 54
1523 31 6
1524 52 85
1525 27 0
1526 77 74
1527 51 85
1528 64 36
1529 79 58
1530 63 30
1531 30 31
1532 30 30
1533 63 29
1534 45 90
1535 79 57
1536 30 6
1537 42 70
1538 74 8
1539 85 49
1540 31 6
1541 42 84
1542 51 31
1543 82 56
1544 64 1
1545 29 79
1546 52 85
1547 51 32
1548 63 36
1549 75 8
1550 83 49
1551 89 73
1552 27 1
1553 28 79
1554 63 30
1555 29 79
1556 78 54
1557 79 58
1558 1 90
1559 64 36
1560 41 70
1561 44 90
1562 51 85
1563 79 57
1564 85 50
1565 79 58
1566 45 90
1567 46 74
1568 27 0
1569 51 31
1570 82 49
1571 85 49
1572 44 90
1573 83 49
1574 63 29
1575 42 85
1576 46 53
1577 42 2
1578 63 36
1579 42 74
1580 27 1
1581 63 30
1582 45 53
1583 27 0
1584 30 31
1585 46 73
1586 42 75
1587 79 54
1588 78 74
1589 28 79
1590 63 29
1591 81 56
1592 42 70
1593 42 84
1594 30 30
1595 30 6
1596 46 53
1597 27 1
1598 30 31
1599 31 6
1600 51 32
1601 46 74
1602 0 90
1603 77 74
1604 30 30
1605 45 53
1606 42 1
1607 29 79
1608 82 56
1609 41 70
1610 46 73
1611 28 79
1612 85 50
1613 1 90
1614 82 49
1615 64 2
1616 46 74
1617 64 36
1618 83 49
1619 63 36
1620 79 57
1621 81 56
1622 30 6
1623 30 31
1624 42 2
1625 30 30
1626 31 6
1627 46 73
1628 82 56
1629 89 72
1630 30 6
1631 31 6
1632 27 0
1633 89 73
1634 30 6
1635 78 74
1636 78 54
1637 64 36
1638 30 31
1639 45 90
1640 81 56
1641 52 85
1642 42 70
1643 63 36
1644 42 1
1645 79 54
1646 64 36
1647 44 90
1648 42 85
1649 42 74
1650 27 1
1651 79 58
1652 45 90
1653 82 49
1654 63 36
1655 51 85
1656 79 57
1657 29 79
1658 42 75
1659 0 90
1660 46 53
1661 42 2
1662 77 74
1663 89 72
1664 51 31
1665 74 8
1666 78 74
1667 64 1
1668 77 74
1669 78 54
1670 31 6
1671 46 74
1672 42 1
1673 42 84
1674 28 79
1675 82 56
1676 30 6
1677 51 32
1678 78 74
1679 75 8
1680 42 74
1681 85 49
1682 77 74
1683 51 31
1684 44 90
1685 89 73
1686 52 85
1687 83 49
1688 89 72
1689 45 90
1690 79 58
1691 44 90
1692 64 2
1693 78 74
1694 27 0
1695 81 56
1696 45 90
1697 64 1
1698 85 50
1699 42 2
1700 42 85
1701 44 90
1702 64 2
1703 42 75
1704 42 84
1705 31 6
1706 45 53
1707 63 30
1708 89 73
1709 46 73
1710 46 74
1711 51 32
1712 29 79
1713 82 49
1714 51 85
1715 64 36
1716 77 74
1717 28 79
1718 74 8
1719 89 72
1720 46 73
1721 79 54
1722 75 8
1723 63 36
1724 42 74
1725 63 29
1726 42 85
1727 42 84
1728 46 53
1729 83 49
1730 64 36
1731 79 57
1732 42 1
1733 64 1
1734 41 70
1735 89 73
1736 42 85
1737 42 70
1738 74 8
1739 79 58
1740 82 56
1741 45 90
1742 44 90
1743 42 2
1744 46 74
1745 63 30
1746 85 49
1747 79 57
1748 82 49
1749 89 72
1750 29 79
1751 1 90
1752 27 1
1753 89 73
1754 30 30
1755 0 90
1756 42 1
1757 28 79
1758 78 54
1759 1 90
1760 30 6
1761 52 85
1762 42 75
1763 63 36
1764 85 50
1765 42 84
1766 31 6
1767 46 73
1768 78 74
1769 51 85
1770 42 74
1771 63 29
1772 52 85
1773 46 74
1774 79 58
1775 42 75
1776 42 2
1777 42 85
1778 42 1
1779 81 56
1780 0 90
1781 51 85
1782 79 54
1783 41 70
1784 30 6
1785 1 90
1786 31 6
1787 63 30
1788 64 36
1789 79 57
1790 82 56
1791 42 70
1792 45 53
1793 29 79
1794 78 54
1795 77 74
1796 46 53
1797 30 31
1798 89 72
1799 42 74
1800 64 2
1801 45 90
1802 30 30
1803 0 90
1804 42 2
1805 63 29
1806 75 8
1807 42 1
1808 46 73
1809 81 56
1810 82 56
1811 79 54
1812 45 53
1813 81 56
1814 51 31
1815 42 2
1816 41 70
1817 42 75
1818 78 54
1819 83 49
1820 46 53
1821 74 8
1822 82 49
1823 42 70
1824 52 85
1825 30 31
1826 63 36
1827 78 74
1828 1 90
1829 27 0
1830 45 53
1831 75 8
1832 30 30
1833 74 8
1834 27 1
1835 89 73
1836 89 72
1837 75 8
1838 77 74
1839 30 6
1840 42 84
1841 51 85
1842 27 0
1843 0 90
1844 74 8
1845 28 79
1846 46 53
1847 29 79
1848 89 73
1849 83 49
1850 45 53
1851 30 31
1852 82 49
1853 89 72
1854 85 49
1855 46 74
1856 64 36
1857 63 36
1858 46 73
1859 42 74
1860 63 30
1861 51 32
1862 28 79
1863 42 1
1864 46 53
1865 46 74
1866 42 2
1867 79 54
1868 31 6
1869 30 30
1870 51 31
1871 46 73
1872 63 29
1873 41 70
1874 27 1
1875 75 8
1876 85 50
1877 74 8
1878 42 1
1879 44 90
1880 45 90
1881 51 32
1882 42 70
1883 83 49
1884 64 1
1885 51 31
1886 1 90
1887 89 73
1888 63 30
1889 42 85
1890 41 70
1891 30 31
1892 64 36
1893 29 79
1894 30 30
1895 85 49
1896 0 90
1897 51 32
1898 78 74
1899 1 90
1900 52 85
1901 78 54
1902 89 72
1903 28 79
1904 82 56
1905 44 90
1906 42 75
1907 42 84
1908 82 49
1909 83 49
1910 45 90
1911 89 73
1912 51 31
1913 42 74
1914 89 72
1915 0 90
1916 82 49
1917 75 8
1918 81 56
1919 30 6
1920 82 56
1921 77 74
1922 46 74
1923 45 53
1924 42 70
1925 89 73
1926 51 85
1927 29 79
1928 46 73
1929 64 2
1930 41 70
1931 44 90
1932 79 58
1933 42 85
1934 64 1
1935 81 56
1936 64 2
1937 63 29
1938 78 74
1939 30 31
1940 79 54
1941 77 74
1942 46 53
1943 46 74
1944 78 54
1945 28 79
1946 83 49
1947 45 53
1948 78 74
1949 77 74
1950 79 57
1951 82 49
1952 1 90
1953 42 70
1954 29 79
1955 45 90
1956 31 6
1957 82 56
1958 63 30
1959 30 30
1960 51 32
1961 30 31
1962 42 75
1963 83 49
1964 46 73
1965 27 0
1966 42 2
1967 63 36
1968 30 6
1969 42 1
1970 46 74
1971 51 31
1972 64 1
1973 30 30
1974 78 74
1975 82 49
1976 46 53
1977 28 79
1978 51 32
1979 64 36
1980 64 2
1981 85 50
1982 27 1
1983 45 53
1984 27 0
1985 27 1
1986 0 90
1987 81 56
1988 30 31
1989 52 85
1990 79 54
1991 51 85
1992 1 90
1993 29 79
1994 41 70
1995 0 90
1996 28 79
1997 42 70
1998 79 58
1999 51 31
2000 64 1
2001 79 57
2002 52 85
2003 42 74
2004 46 73
2005 79 58
2006 78 54
2007 27 0
2008 44 90
2009 45 90
2010 29 79
2011 44 90
2012 31 6
2013 42 2
2014 42 84
2015 30 30
2016 63 36
2017 42 85
2018 41 70
2019 89 72
2020 42 70
2021 51 32
2022 64 36
2023 42 75
2024 77 74
2025 46 74
2026 63 36
2027 64 2
2028 42 1
2029 64 1
2030 63 29
2031 85 49
2032 51 31
2033 41 70
2034 78 74
2035 30 6
2036 51 32
2037 30 31
2038 83 49
2039 45 90
2040 64 2
2041 28 79
2042 64 36
2043 51 31
2044 30 30
2045 42 84
2046 79 57
2047 30 31
2048 42 2
2049 63 30
2050 44 90
2051 74 8
2052 82 49
2053 42 74
2054 30 30
2055 64 1
2056 29 79
2057 89 73
2058 45 90
2059 46 73
2060 46 74
2061 46 53
2062 42 85
2063 79 54
2064 30 31
2065 79 58
2066 83 49
2067 31 6
2068 85 50
2069 79 57
2070 85 49
2071 46 73
2072 63 36
2073 42 84
2074 75 8
2075 30 30
2076 45 53
2077 42 70
2078 44 90
2079 79 58
2080 78 54
2081 42 1
2082 64 2
2083 46 74
2084 89 72
2085 45 90
2086 27 1
2087 77 74
2088 64 1
2089 30 31
2090 41 70
2091 64 2
2092 28 79
2093 46 53
2094 30 30
2095 29 79
2096 42 70
2097 42 75
2098 51 85
2099 30 6
2100 74 8
2101 82 56
2102 82 49
2103 85 50
2104 78 74
2105 63 29
2106 28 79
2107 31 6
2108 64 1
2109 79 54
2110 27 0
2111 64 36
2112 27 1
2113 30 6
2114 29 79
2115 77 74
2116 78 74
2117 75 8
2118 42 2
2119 27 0
2120 83 49
2121 63 36
2122 89 73
2123 42 74
2124 42 1
2125 30 31
2126 77 74
2127 28 79
2128 79 57
2129 44 90
2130 63 30
2131 1 90
2132 64 2
2133 27 1
2134 79 58
2135 42 2
2136 30 30
2137 0 90
2138 78 54
2139 63 29
2140 1 90
2141 31 6
2142 64 1
2143 78 74
2144 64 36
2145 85 49
2146 45 53
2147 77 74
2148 29 79
2149 0 90
2150 42 85
2151 46 53
2152 74 8
2153 89 72
2154 41 70
2155 42 1
2156 85 50
2157 42 2
2158 28 79
2159 51 32
2160 64 2
2161 46 73
2162 30 31
2163 85 49
2164 29 79
2165 78 74
2166 51 31
2167 42 75
2168 64 1
2169 28 79
2170 52 85
2171 42 70
2172 75 8
2173 77 74
2174 89 73
2175 63 30
2176 74 8
2177 42 74
2178 75 8
2179 85 50
2180 51 85
2181 27 0
2182 30 6
2183 31 6
2184 51 32
2185 78 74
2186 52 85
2187 79 54
2188 41 70
2189 30 30
2190 63 36
2191 64 36
2192 42 70
2193 1 90
2194 78 54
2195 30 6
2196 63 36
2197 85 49
2198 42 1
2199 85 50
2200 82 49
2201 63 29
2202 85 49
2203 30 31
2204 85 50
2205 0 90
2206 30 30
2207 46 74
2208 51 85
2209 29 79
2210 52 85
2211 28 79
2212 45 90
2213 83 49
2214 77 74
2215 89 72
2216 30 31
2217 74 8
2218 64 36
2219 42 75
2220 46 73
2221 27 1
2222 42 2
2223 78 74
2224 42 84
2225 31 6
2226 75 8
2227 79 54
2228 46 74
2229 44 90
2230 77 74
2231 42 1
2232 74 8
2233 82 49
2234 46 73
2235 45 53
2236 89 73
2237 29 79
2238 63 36
2239 51 85
2240 64 36
2241 42 85
2242 78 74
2243 1 90
2244 83 49
2245 63 30
2246 78 54
2247 46 74
2248 79 57
2249 82 49
2250 41 70
2251 63 29
2252 28 79
2253 77 74
2254 29 79
2255 64 2
2256 28 79
2257 89 72
2258 30 6
2259 46 53
2260 63 36
2261 42 2
2262 42 74
2263 0 90
2264 83 49
2265 85 49
2266 64 36
2267 1 90
2268 42 70
2269 46 73
2270 30 30
2271 63 36
2272 46 74
2273 78 74
2274 0 90
2275 1 90
2276 77 74
2277 82 49
2278 89 73
2279 42 84
2280 75 8
2281 29 79
2282 78 74
2283 85 50
2284 83 49
2285 81 56
2286 51 31
2287 79 58
2288 89 72
2289 64 36
2290 51 32
2291 52 85
2292 82 56
2293 63 30
2294 89 73
2295 63 36
2296 42 85
2297 42 75
2298 89 72
2299 51 31
2300 46 73
2301 74 8
2302 42 74
2303 82 49
2304 45 53
2305 79 54
2306 46 53
2307 51 32
2308 51 85
2309 79 57
2310 41 70
2311 64 36
2312 64 1
2313 78 54
2314 46 74
2315 52 85
2316 63 36
2317 42 84
2318 89 73
2319 42 1
2320 27 0
2321 45 53
2322 64 2
2323 31 6
2324 75 8
2325 46 53
2326 45 90
2327 81 56
2328 42 85
2329 74 8
2330 51 85
2331 63 29
2332 0 90
2333 1 90
2334 63 30
2335 51 31
2336 0 90
2337 82 56
2338 42 84
2339 81 56
2340 51 32
2341 42 70
2342 63 29
2343 63 30
2344 77 74
2345 42 2
2346 85 49
2347 83 49
2348 52 85
2349 82 56
2350 79 58
2351 44 90
2352 42 1
2353 85 50
2354 28 79
2355 64 36
2356 63 36
2357 64 36
2358 89 72
2359 79 57
2360 81 56
2361 79 54
2362 1 90
2363 30 6
2364 46 73
2365 42 75
2366 51 85
2367 45 90
2368 85 49
2369 63 36
2370 63 29
2371 30 31
2372 44 90
2373 78 54
2374 0 90
2375 64 1
2376 45 90
2377 63 30
2378 42 85
2379 64 2
2380 64 1
2381 46 74
2382 44 90
2383 78 74
2384 42 84
2385 51 31
2386 64 36
2387 79 58
2388 85 50
2389 63 29
2390 64 2
2391 45 53
2392 42 85
2393 27 1
2394 51 32
2395 1 90
2396 29 79
2397 82 49
2398 27 0
2399 83 49
2400 89 73
2401 82 49
2402 79 54
2403 46 73
2404 46 53
2405 46 74
2406 63 30
2407 89 72
2408 89 73
2409 45 53
2410 0 90
2411 64 1
2412 45 90
2413 42 84
2414 42 74
2415 83 49
2416 64 2
2417 1 90
2418 52 85
2419 42 75
2420 63 29
2421 63 36
2422 82 56
2423 28 79
2424 64 1
2425 85 49
2426 51 31
2427 75 8
2428 77 74
2429 78 74
2430 42 85
2431 46 53
2432 0 90
2433 51 85
2434 42 2
2435 51 32
2436 81 56
2437 74 8
2438 82 49
2439 82 56
2440 31 6
2441 83 49
2442 45 53
2443 42 1
2444 63 30
2445 30 30
2446 46 53
2447 42 84
2448 45 53
2449 30 6
2450 63 29
2451 77 74
2452 1 90
2453 51 31
2454 29 79
2455 42 74
2456 27 1
2457 46 53
2458 78 54
2459 42 85
2460 28 79
2461 27 0
2462 52 85
2463 0 90
2464 85 50
2465 31 6
2466 51 32
2467 42 84
2468 51 85
2469 89 72
2470 64 36
2471 45 53
2472 42 2
2473 63 30
2474 42 85
2475 63 36
2476 75 8
2477 85 49
2478 64 2
2479 29 79
2480 46 73
2481 27 1
2482 1 90
2483 79 57
2484 42 75
2485 51 31
2486 51 32
2487 46 74
2488 41 70
2489 30 31
2490 51 31
2491 44 90
2492 64 1
2493 74 8
2494 30 6
2495 51 32
2496 63 29
2497 30 30
2498 64 2
2499 28 79
2500 0 90
2501 42 1
2502 81 56
2503 42 84
2504 79 58
2505 30 31
2506 27 0
2507 31 6
2508 64 1
2509 79 54
2510 82 49
2511 29 79
2512 85 50
2513 42 2
2514 42 70
2515 79 57
2516 45 90
2517 44 90
2518 79 58
2519 78 54
2520 1 90
2521 28 79
2522 75 8
2523 79 57
2524 42 85
2525 79 58
2526 82 56
2527 27 1
2528 83 49
2529 42 74
2530 46 73
2531 78 74
2532 46 53
2533 64 2
2534 42 1
2535 79 57
2536 45 90
2537 85 49
2538 79 58
2539 81 56
2540 77 74
2541 41 70
2542 0 90
2543 46 74
2544 52 85
2545 42 75
2546 79 54
2547 82 56
2548 85 50
2549 46 73
2550 78 54
2551 51 31
2552 89 73
2553 42 70
2554 46 74
2555 85 49
2556 64 1
2557 41 70
2558 78 74
2559 29 79
2560 42 2
2561 46 73
2562 77 74
2563 28 79
2564 42 1
2565 42 74
2566 78 74
2567 29 79
2568 42 75
2569 42 84
2570 45 53
2571 46 74
2572 28 79
2573 46 73
2574 79 54
2575 42 2
2576 30 30
2577 30 31
2578 85 50
2579 29 79
2580 64 36
2581 42 70
2582 63 36
2583 64 36
2584 79 57
2585 28 79
2586 42 85
2587 30 30
2588 85 49
2589 74 8
2590 64 2
2591 77 74
2592 63 36
2593 79 58
2594 1 90
2595 44 90
2596 82 49
2597 0 90
2598 1 90
2599 64 1
2600 81 56
2601 82 56
2602 45 90
2603 81 56
2604 46 74
2605 30 31
2606 82 56
2607 51 85
2608 42 1
2609 0 90
2610 52 85
2611 30 30
2612 78 74
2613 42 2
2614 79 57
2615 30 31
2616 63 30
2617 89 72
2618 42 74
2619 51 85
2620 64 36
2621 78 54
2622 64 2
2623 42 84
2624 63 36
2625 42 85
2626 83 49
2627 64 36
2628 44 90
2629 27 0
2630 46 73
2631 64 1
2632 45 90
2633 63 36
2634 42 1
2635 77 74
2636 52 85
2637 82 49
2638 42 2
2639 78 74
2640 64 2
2641 46 53
2642 79 58
2643 79 54
2644 51 32
2645 42 75
2646 30 6
2647 77 74
2648 27 1
2649 45 53
2650 31 6
2651 79 57
2652 78 74
2653 51 31
2654 81 56
2655 75 8
2656 27 0
2657 46 74
2658 63 29
2659 44 90
2660 77 74
2661 46 73
2662 74 8
2663 79 58
2664 46 53
2665 1 90
2666 89 73
2667 42 1
2668 89 72
2669 82 56
2670 63 30
2671 75 8
2672 42 84
2673 78 54
2674 45 53
2675 42 74
2676 64 36
2677 64 1
2678 79 54
2679 89 73
2680 42 2
2681 89 72
2682 63 36
2683 78 74
2684 83 49
2685 30 6
2686 85 50
2687 29 79
2688 51 32
2689 30 30
2690 27 1
2691 77 74
2692 51 85
2693 81 56
2694 46 53
2695 41 70
2696 31 6
2697 27 0
2698 28 79
2699 45 90
2700 42 75
2701 85 49
2702 42 70
2703 64 2
2704 52 85
2705 46 74
2706 79 57
2707 64 1
2708 89 73
2709 78 74
2710 42 85
2711 42 84
2712 0 90
2713 30 31
2714 77 74
2715 51 31
2716 41 70
2717 44 90
2718 45 90
2719 89 72
2720 1 90
2721 30 6
2722 42 74
2723 46 73
2724 74 8
2725 64 2
2726 79 58
2727 45 53
2728 42 75
2729 63 29
2730 78 74
2731 27 1
2732 77 74
2733 0 90
2734 44 90
2735 79 57
2736 82 56
2737 63 30
2738 89 73
2739 42 85
2740 42 84
2741 46 74
2742 78 54
2743 42 70
2744 31 6
2745 89 72
2746 45 90
2747 42 85
2748 89 73
2749 42 84
2750 63 29
2751 64 36
2752 89 72
2753 81 56
2754 79 58
2755 29 79
2756 30 30
2757 30 31
2758 51 32
2759 46 73
2760 51 85
2761 30 30
2762 85 50
2763 42 74
2764 64 1
2765 63 36
2766 78 74
2767 82 56
2768 46 53
2769 42 75
2770 77 74
2771 27 0
2772 42 74
2773 28 79
2774 46 74
2775 44 90
2776 79 57
2777 42 1
2778 81 56
2779 30 6
2780 27 1
2781 85 49
2782 78 74
2783 89 73
2784 45 53
2785 75 8
2786 27 0
2787 64 2
2788 79 58
2789 29 79
2790 79 57
2791 27 1
2792 45 90
2793 82 56
2794 42 85
2795 52 85
2796 79 58
2797 1 90
2798 28 79
2799 44 90
2800 0 90
2801 1 90
2802 64 1
2803 0 90
2804 1 90
2805 45 90
2806 46 73
2807 51 31
2808 29 79
2809 74 8
2810 27 0
2811 89 72
2812 77 74
2813 30 31
2814 63 30
2815 78 74
2816 75 8
2817 77 74
2818 89 73
2819 64 36
2820 63 29
2821 78 74
2822 51 32
2823 64 2
2824 81 56
2825 82 49
2826 85 50
2827 89 72
2828 0 90
2829 30 30
2830 28 79
2831 51 31
2832 64 1
2833 44 90
2834 63 36
2835 45 90
2836 51 32
2837 51 85
2838 46 74
2839 31 6
2840 42 2
2841 30 6
2842 52 85
2843 77 74
2844 63 30
2845 29 79
2846 85 49
2847 42 84
2848 42 85
2849 30 31
2850 89 73
2851 42 1
2852 79 57
2853 42 84
2854 79 54
2855 27 1
2856 1 90
2857 28 79
2858 89 72
2859 51 85
2860 42 2
2861 85 50
2862 41 70
2863 42 70
2864 79 58
2865 51 31
2866 51 32
2867 52 85
2868 89 73
2869 78 54
2870 85 49
2871 51 31
2872 41 70
2873 79 54
2874 51 32
2875 44 90
2876 74 8
2877 82 56
2878 46 73
2879 63 29
2880 64 2
2881 31 6
2882 42 85
2883 64 36
2884 30 6
2885 51 85
2886 30 30
2887 51 31
2888 75 8
2889 0 90
2890 78 54
2891 42 75
2892 79 54
2893 78 54
2894 52 85
2895 1 90
2896 89 72
2897 45 90
2898 63 30
2899 64 1
2900 44 90
2901 51 32
2902 42 1
2903 79 54
2904 89 73
2905 89 72
2906 85 50
2907 85 49
2908 46 74
2909 63 36
2910 31 6
2911 51 31
2912 42 74
2913 42 75
2914 89 73
2915 51 32
2916 51 85
2917 42 74
2918 46 73
2919 42 84
2920 64 36
2921 0 90
2922 81 56
2923 85 50
2924 64 2
2925 64 1
2926 64 2
2927 46 53
2928 52 85
2929 42 2
2930 63 29
2931 27 0
2932 78 54
2933 42 70
2934 85 49
2935 83 49
2936 78 74
2937 27 1
2938 79 54
2939 74 8
2940 89 72
2941 1 90
2942 77 74
2943 82 56
2944 42 1
2945 89 73
2946 64 1
2947 51 85
2948 79 57
2949 30 6
2950 78 74
2951 79 58
2952 78 54
2953 63 30
2954 27 0
2955 63 29
2956 81 56
2957 42 2
2958 45 53
2959 41 70
2960 63 30
2961 64 2
2962 75 8
2963 63 36
2964 42 70
2965 27 1
2966 42 1
2967 64 36
2968 64 1
2969 42 75
2970 42 74
2971 52 85
2972 85 50
2973 51 85
2974 31 6
2975 64 2
2976 41 70
2977 42 70
2978 42 85
2979 79 54
2980 85 49
2981 64 1
2982 63 29
2983 79 57
2984 85 50
2985 42 84
2986 79 58
2987 82 56
2988 42 75
2989 77 74
2990 63 30
2991 30 31
2992 52 85
2993 78 54
2994 42 74
2995 63 36
2996 64 2
2997 46 53
2998 29 79
2999 74 8
3000 51 85
3001 45 90
3002 42 75
3003 81 56
3004 45 53
3005 46 74
3006 30 30
3007 78 74
3008 64 36
3009 85 49
3010 42 85
3011 41 70
3012 27 0
3013 46 73
3014 42 2
3015 27 1
3016 44 90
3017 42 1
3018 42 74
3019 28 79
3020 79 57
3021 77 74
3022 63 29
3023 64 1
3024 64 2
3025 75 8
3026 79 54
3027 46 53
3028 78 54
3029 89 72
3030 64 1
3031 79 54
3032 46 74
3033 29 79
3034 63 30
3035 28 79
3036 51 31
3037 42 2
3038 30 6
3039 29 79
3040 28 79
3041 79 58
3042 64 2
3043 82 56
3044 45 53
3045 64 1
3046 51 32
3047 79 57
3048 27 0
3049 82 49
3050 42 1
3051 30 31
3052 51 31
3053 30 30
3054 64 2
3055 64 1
3056 78 74
3057 0 90
3058 64 2
3059 27 1
3060 42 84
3061 42 75
3062 63 36
3063 30 31
3064 81 56
3065 42 85
3066 30 30
3067 30 31
3068 31 6
3069 30 6
3070 1 90
3071 79 58
3072 45 90
3073 44 90
3074 30 30
3075 42 84
3076 79 57
3077 42 74
3078 82 56
3079 46 53
3080 77 74
3081 81 56
3082 89 73
3083 0 90
3084 31 6
3085 42 2
3086 51 32
3087 64 36
3088 45 53
3089 74 8
3090 78 54
3091 27 0
3092 45 90
3093 46 53
3094 29 79
3095 79 58
3096 28 79
3097 42 85
3098 30 31
3099 29 79
3100 42 84
3101 30 30
3102 79 54
3103 85 50
3104 63 36
3105 89 72
3106 30 31
3107 28 79
3108 42 1
3109 78 74
3110 27 1
3111 42 85
3112 27 0
3113 45 53
3114 83 49
3115 1 90
3116 42 70
3117 52 85
3118 46 53
3119 41 70
3120 63 29
3121 42 70
3122 77 74
3123 78 74
3124 82 56
3125 75 8
3126 51 85
3127 77 74
3128 29 79
3129 27 1
3130 30 30
3131 85 49
3132 52 85
3133 27 0
3134 79 57
3135 81 56
3136 82 56
3137 42 2
3138 42 75
3139 89 73
3140 78 54
3141 79 54
3142 51 31
3143 41 70
3144 51 32
3145 63 30
3146 27 1
3147 78 74
3148 63 29
3149 30 31
3150 78 54
3151 79 58
3152 42 1
3153 42 2
3154 64 1
3155 89 72
3156 30 30
3157 42 74
3158 30 6
3159 79 54
3160 42 1
3161 44 90
3162 77 74
3163 85 50
3164 51 31
3165 63 30
3166 64 36
3167 42 70
3168 51 32
3169 27 0
3170 79 57
3171 64 2
3172 45 53
3173 0 90
3174 42 75
3175 28 79
3176 46 73
3177 41 70
3178 31 6
3179 74 8
3180 45 90
3181 44 90
3182 63 29
3183 85 49
3184 27 1
3185 78 54
3186 64 1
3187 30 31
3188 51 85
3189 46 74
3190 30 30
3191 46 73
3192 51 31
3193 29 79
3194 63 30
3195 79 58
3196 78 74
3197 79 57
3198 30 31
3199 30 30
3200 63 36
3201 46 53
3202 45 53
3203 45 90
3204 77 74
3205 64 36
3206 42 84
3207 81 56
3208 79 54
3209 42 70
3210 42 85
3211 28 79
3212 82 56
3213 27 0
3214 44 90
3215 82 49
3216 78 54
3217 52 85
3218 89 73
3219 63 36
3220 78 74
3221 46 74
3222 79 54
3223 63 29
3224 46 73
3225 85 50
3226 30 31
3227 27 1
3228 51 85
3229 46 53
3230 77 74
3231 78 54
3232 42 84
3233 64 36
3234 85 49
3235 63 36
3236 42 74
3237 78 74
3238 27 0
3239 52 85
3240 46 74
3241 64 2
3242 45 90
3243 29 79
3244 1 90
3245 30 30
3246 81 56
3247 77 74
3248 51 85
3249 41 70
3250 0 90
3251 42 85
3252 42 2
3253 64 36
3254 64 1
3255 63 36
3256 30 6
3257 44 90
3258 85 50
3259 78 74
3260 42 75
3261 28 79
3262 27 1
3263 52 85
3264 63 30
3265 51 32
3266 42 1
3267 42 70
3268 64 2
3269 46 73
3270 30 31
3271 42 74
3272 89 72
3273 64 36
3274 77 74
3275 63 36
3276 45 53
3277 83 49
3278 29 79
3279 31 6
3280 45 90
3281 89 73
3282 78 74
3283 27 0
3284 28 79
3285 42 2
3286 51 85
3287 42 84
3288 42 1
3289 42 75
3290 30 6
3291 44 90
3292 46 53
3293 75 8
3294 51 31
3295 41 70
3296 45 90
3297 85 49
3298 44 90
3299 79 54
3300 42 85
3301 77 74
3302 42 74
3303 51 32
3304 45 53
3305 64 36
3306 1 90
3307 42 2
3308 89 72
3309 64 1
3310 52 85
3311 63 29
3312 42 1
3313 46 53
3314 51 85
3315 31 6
3316 27 1
3317 42 2
3318 30 30
3319 42 70
3320 82 49
3321 74 8
3322 30 6
3323 89 73
3324 51 31
3325 63 36
3326 42 84
3327 82 56
3328 64 2
3329 85 50
3330 83 49
3331 30 31
3332 30 30
3333 75 8
3334 45 90
3335 85 49
3336 51 32
3337 52 85
3338 46 74
3339 89 72
3340 82 49
3341 30 31
3342 45 53
3343 27 0
3344 30 30
3345 79 58
3346 31 6
3347 85 50
3348 29 79
3349 81 56
3350 74 8
3351 0 90
3352 64 1
3353 82 56
3354 81 56
3355 44 90
3356 1 90
3357 27 1
3358 42 75
3359 64 2
3360 78 74
3361 64 1
3362 42 74
3363 79 57
3364 85 49
3365 30 6
3366 30 31
3367 41 70
3368 46 73
3369 30 30
3370 82 56
3371 42 85
3372 64 36
3373 78 54
3374 79 58
3375 28 79
3376 29 79
3377 64 2
3378 75 8
3379 46 74
3380 79 54
3381 78 54
3382 46 53
3383 89 73
3384 51 85
3385 77 74
3386 42 75
3387 42 70
3388 30 31
3389 28 79
3390 85 50
3391 64 1
3392 52 85
3393 46 73
3394 46 74
3395 42 74
3396 46 73
3397 42 1
3398 42 75
3399 42 84
3400 31 6
3401 51 85
3402 41 70
3403 89 72
3404 79 57
3405 45 53
3406 63 30
3407 30 6
3408 83 49
3409 46 53
3410 42 2
3411 89 73
3412 42 70
3413 42 1
3414 79 58
3415 42 74
3416 45 90
3417 42 75
3418 42 85
3419 78 74
3420 81 56
3421 42 84
3422 79 54
3423 51 31
3424 41 70
3425 44 90
3426 63 36
3427 30 30
3428 85 49
3429 29 79
3430 89 72
3431 64 36
3432 42 2
3433 30 31
3434 51 32
3435 77 74
3436 0 90
3437 45 90
3438 82 49
3439 82 56
3440 51 31
3441 28 79
3442 89 73
3443 42 74
3444 81 56
3445 45 53
3446 31 6
3447 85 50
3448 42 1
3449 64 2
3450 83 49
3451 79 57
3452 82 56
3453 64 1
3454 44 90
3455 46 53
3456 81 56
3457 1 90
3458 85 49
3459 79 58
3460 45 53
3461 79 57
3462 30 30
3463 78 74
3464 42 75
3465 74 8
3466 52 85
3467 51 85
3468 27 0
3469 64 2
3470 51 32
3471 82 56
3472 64 1
3473 63 29
3474 45 90
3475 29 79
3476 42 85
3477 51 31
3478 46 74
3479 46 73
3480 42 70
3481 51 32
3482 77 74
3483 89 72
3484 78 54
3485 42 84
3486 79 54
3487 30 31
3488 42 85
3489 28 79
3490 78 74
3491 51 31
3492 0 90
3493 46 53
3494 41 70
3495 64 2
3496 45 53
3497 46 74
3498 85 50
3499 64 1
3500 44 90
3501 79 58
3502 85 49
3503 42 84
3504 63 36
3505 30 30
3506 29 79
3507 46 73
3508 89 73
3509 27 1
3510 28 79
3511 77 74
3512 42 74
3513 27 0
3514 1 90
3515 29 79
3516 52 85
3517 42 70
3518 30 6
3519 30 31
3520 46 53
3521 45 90
3522 64 2
3523 27 1
3524 79 57
3525 27 0
3526 81 56
3527 51 85
3528 42 2
3529 41 70
3530 42 1
3531 42 75
3532 27 1
3533 63 30
3534 46 74
3535 51 32
3536 75 8
3537 64 1
3538 52 85
3539 31 6
3540 82 56
3541 85 50
3542 51 85
3543 81 56
3544 85 49
3545 45 53
3546 30 6
3547 42 74
3548 78 54
3549 52 85
3550 64 36
3551 89 72
3552 78 74
3553 42 2
3554 82 49
3555 83 49
3556 51 85
3557 79 58
3558 46 73
3559 42 1
3560 51 31
3561 82 49
3562 28 79
3563 27 0
3564 79 54
3565 30 30
3566 0 90
3567 27 1
3568 42 2
3569 46 74
3570 46 73
3571 29 79
3572 74 8
3573 85 50
3574 46 53
3575 42 1
3576 82 56
3577 46 74
3578 78 54
3579 75 8
3580 89 73
3581 30 31
3582 83 49
3583 77 74
3584 46 73
3585 51 32
3586 45 53
3587 79 57
3588 79 58
3589 42 70
3590 81 56
3591 42 75
3592 31 6
3593 30 6
3594 44 90
3595 42 2
3596 78 74
3597 28 79
3598 31 6
3599 46 74
3600 82 49
3601 1 90
3602 27 0
3603 51 31
3604 63 36
3605 45 90
3606 44 90
3607 77 74
3608 74 8
3609 46 53
3610 63 29
3611 42 85
3612 42 74
3613 83 49
3614 29 79
3615 45 90
3616 64 2
3617 82 49
3618 42 75
3619 64 36
3620 63 30
3621 63 36
3622 64 36
3623 52 85
3624 63 36
3625 63 29
3626 45 53
3627 89 72
3628 51 32
3629 51 31
3630 30 30
3631 82 56
3632 79 57
3633 30 6
3634 89 73
3635 85 49
3636 44 90
3637 45 90
3638 51 85
3639 64 36
3640 81 56
3641 78 74
3642 85 50
3643 31 6
3644 41 70
3645 51 32
3646 89 72
3647 51 31
3648 51 32
3649 77 74
3650 0 90
3651 79 58
3652 42 1
3653 79 57
3654 27 1
3655 1 90
3656 42 74
3657 83 49
3658 42 2
3659 27 0
3660 52 85
3661 78 74
3662 77 74
3663 79 54
3664 51 31
3665 85 49
3666 82 49
3667 28 79
3668 75 8
3669 42 70
3670 64 1
3671 30 31
3672 44 90
3673 42 84
3674 27 1
3675 29 79
3676 79 58
3677 42 75
3678 42 85
3679 63 30
3680 30 30
3681 63 36
3682 74 8
3683 78 54
3684 42 1
3685 64 2
3686 79 54
3687 30 6
3688 42 84
3689 31 6
3690 51 85
3691 52 85
3692 42 74
3693 27 0
3694 27 1
3695 45 90
3696 51 32
3697 0 90
3698 75 8
3699 28 79
3700 41 70
3701 78 54
3702 79 57
3703 30 6
3704 79 58
3705 63 29
3706 46 73
3707 89 73
3708 82 56
3709 63 30
3710 1 90
3711 42 2
3712 31 6
3713 78 74
3714 44 90
3715 42 1
3716 51 85
3717 79 57
3718 42 85
3719 42 75
3720 51 31
3721 51 32
3722 74 8
3723 46 53
3724 45 53
3725 30 6
3726 63 29
3727 42 74
3728 79 58
3729 75 8
3730 51 31
3731 0 90
3732 79 54
3733 1 90
3734 81 56
3735 64 1
3736 0 90
3737 85 50
3738 82 56
3739 29 79
3740 31 6
3741 46 53
3742 85 49
3743 42 75
3744 42 84
3745 78 54
3746 74 8
3747 64 2
3748 75 8
3749 42 2
3750 79 54
3751 46 74
3752 42 74
3753 27 0
3754 64 1
3755 30 6
3756 42 85
3757 45 90
3758 52 85
3759 42 84
3760 42 70
3761 44 90
3762 78 54
3763 42 85
3764 83 49
3765 42 1
3766 42 2
3767 82 49
3768 89 72
3769 27 1
3770 41 70
3771 83 49
3772 28 79
3773 64 36
3774 79 57
3775 42 70
3776 30 31
3777 45 90
3778 30 30
3779 51 85
3780 64 2
3781 79 54
3782 29 79
3783 79 58
3784 42 84
3785 45 53
3786 42 75
3787 30 31
3788 31 6
3789 79 57
3790 30 30
3791 46 53
3792 77 74
3793 78 74
3794 27 0
3795 45 53
3796 77 74
3797 81 56
3798 42 85
3799 79 58
3800 85 50
3801 42 74
3802 51 32
3803 74 8
3804 64 1
3805 52 85
3806 63 36
3807 28 79
3808 63 30
3809 82 56
3810 1 90
3811 30 31
3812 42 84
3813 78 54
3814 89 73
3815 78 74
3816 42 75
3817 29 79
3818 51 85
3819 42 74
3820 51 31
3821 79 57
3822 42 1
3823 46 53
3824 51 32
3825 89 72
3826 75 8
3827 27 1
3828 79 54
3829 85 49
3830 42 2
3831 63 29
3832 46 73
3833 82 49
3834 79 58
3835 52 85
3836 45 53
3837 89 73
3838 63 30
3839 27 0
3840 83 49
3841 64 2
3842 41 70
3843 89 72
3844 78 54
3845 42 85
3846 42 70
3847 81 56
3848 89 73
3849 89 72
3850 28 79
3851 30 6
3852 41 70
3853 46 53
3854 89 73
3855 42 75
3856 46 74
3857 89 72
3858 63 29
3859 27 1
3860 82 49
3861 42 74
3862 30 30
3863 79 57
3864 79 58
3865 83 49
3866 30 31
3867 27 0
3868 42 1
3869 42 70
3870 30 30
3871 51 31
3872 85 50
3873 42 84
3874 30 31
3875 77 74
3876 46 73
3877 29 79
3878 78 74
3879 30 30
3880 77 74
3881 41 70
3882 51 32
3883 63 30
3884 42 70
3885 85 49
3886 44 90
3887 64 1
3888 42 85
3889 45 53
3890 85 50
3891 82 49
3892 46 53
3893 28 79
3894 42 84
3895 64 2
3896 42 75
3897 41 70
3898 27 1
3899 85 49
3900 51 31
3901 64 1
3902 79 54
3903 29 79
3904 85 50
3905 0 90
3906 42 85
3907 27 0
3908 85 49
3909 45 90
3910 1 90
3911 28 79
3912 42 2
3913 74 8
3914 45 53
3915 27 1
3916 51 32
3917 79 57
3918 78 74
3919 78 54
3920 89 73
3921 77 74
3922 78 74
3923 89 72
3924 51 31
3925 27 0
3926 42 70
3927 46 74
3928 89 73
3929 89 72
3930 64 2
3931 0 90
3932 83 49
3933 44 90
3934 51 85
3935 30 31
3936 42 84
3937 75 8
3938 42 74
3939 79 58
3940 46 53
3941 46 73
3942 42 1
3943 45 90
3944 31 6
3945 42 85
3946 44 90
3947 42 84
3948 79 54
3949 64 36
3950 45 90
3951 42 85
3952 63 36
3953 64 1
3954 52 85
3955 41 70
3956 82 56
3957 79 57
3958 42 2
3959 42 1
3960 44 90
3961 78 54
3962 63 29
3963 51 32
3964 85 50
3965 29 79
3966 30 30
3967 51 31
3968 79 54
3969 79 58
3970 82 49
3971 46 74
3972 27 1
3973 45 53
3974 77 74
3975 42 84
3976 63 30
3977 79 57
3978 30 31
3979 89 73
3980 63 29
3981 42 2
3982 64 2
3983 83 49
3984 30 30
3985 79 58
3986 64 1
3987 46 73
3988 81 56
3989 79 57
3990 78 74
3991 30 6
3992 74 8
3993 82 56
3994 51 85
3995 1 90
3996 46 74
3997 63 30
3998 30 31
3999 85 49
4000 51 32
4001 63 29
4002 46 53
4003 0 90
4004 79 58
4005 42 70
4006 42 1
4007 85 50
4008 41 70
4009 1 90
4010 78 54
4011 89 72
4012 82 49
4013 85 49
4014 0 90
4015 81 56
4016 31 6
4017 42 2
4018 75 8
4019 30 6
4020 30 30
4021 45 53
4022 31 6
4023 83 49
4024 42 70
4025 30 31
4026 64 36
4027 51 31
4028 41 70
4029 30 30
4030 82 56
4031 45 90
4032 79 57
4033 1 90
4034 63 30
4035 89 73
4036 30 6
4037 63 36
4038 0 90
4039 44 90
4040 51 32
4041 89 72
4042 79 58
4043 63 29
4044 42 1
4045 30 31
4046 63 30
4047 42 85
4048 64 2
4049 63 29
4050 42 2
4051 51 31
4052 30 30
4053 45 90
4054 85 50
4055 79 57
4056 64 36
4057 31 6
4058 27 0
4059 79 58
4060 52 85
4061 30 6
4062 31 6
4063 30 31
4064 27 1
4065 77 74
4066 42 70
4067 63 36
4068 74 8
4069 64 1
4070 64 2
4071 51 32
4072 42 1
4073 46 53
4074 51 85
4075 51 31
4076 51 32
4077 78 74
4078 63 30
4079 1 90
4080 44 90
4081 0 90
4082 64 36
4083 1 90
4084 46 73
4085 45 90
4086 44 90
4087 42 2
4088 85 49
4089 51 31
4090 81 56
4091 79 54
4092 41 70
4093 77 74
4094 78 74
4095 77 74
4096 42 1
4097 42 2
4098 64 1
4099 75 8
4100 82 49
4101 45 53
4102 42 75
4103 63 36
4104 42 1
4105 42 74
4106 78 54
4107 27 0
4108 0 90
4109 30 30
4110 28 79
4111 82 56
4112 64 36
4113 1 90
4114 64 2
4115 30 6
4116 74 8
4117 45 90
4118 64 1
4119 78 74
4120 64 2
4121 79 54
4122 27 1
4123 42 70
4124 46 74
4125 64 1
4126 79 57
4127 75 8
4128 0 90
4129 44 90
4130 77 74
4131 45 90
4132 27 0
4133 44 90
4134 64 2
4135 89 73
4136 51 32
4137 51 31
4138 42 75
4139 45 90
4140 27 1
4141 1 90
4142 85 50
4143 64 1
4144 42 84
4145 46 53
4146 52 85
4147 81 56
4148 45 53
4149 51 85
4150 83 49
4151 82 56
4152 82 49
4153 0 90
4154 63 29
4155 74 8
4156 78 54
4157 42 85
4158 42 74
4159 30 31
4160 42 2
4161 52 85
4162 64 2
4163 83 49
4164 81 56
4165 44 90
4166 82 56
4167 31 6
4168 41 70
4169 81 56
4170 75 8
4171 82 56
4172 29 79
4173 63 36
4174 89 72
4175 79 54
4176 81 56
4177 51 85
4178 78 54
4179 1 90
4180 78 74
4181 64 1
4182 74 8
4183 82 56
4184 27 0
4185 46 53
4186 51 32
4187 0 90
4188 64 2
4189 64 36
4190 42 84
4191 77 74
4192 63 36
4193 42 1
4194 82 49
4195 42 85
4196 45 53
4197 42 70
4198 64 36
4199 81 56
4200 89 73
4201 30 6
4202 63 36
4203 27 1
4204 42 84
4205 52 85
4206 79 58
4207 51 85
4208 27 0
4209 27 1
4210 28 79
4211 31 6
4212 27 0
4213 89 72
4214 1 90
4215 79 57
4216 64 1
4217 42 85
4218 51 31
4219 89 73
4220 30 30
4221 27 1
4222 75 8
4223 79 58
4224 30 6
4225 64 2
4226 46 73
4227 42 75
4228 46 74
4229 41 70
4230 79 54
4231 85 49
4232 42 70
4233 31 6
4234 41 70
4235 83 49
4236 82 49
4237 42 74
4238 79 57
4239 78 74
4240 42 2
4241 42 1
4242 51 32
4243 42 75
4244 82 56
4245 29 79
4246 89 72
4247 30 6
4248 77 74
4249 42 84
4250 30 31
4251 31 6
4252 46 73
4253 45 90
4254 30 6
4255 85 50
4256 28 79
4257 78 54
4258 79 58
4259 78 74
4260 64 36
4261 27 0
4262 31 6
4263 0 90
4264 42 85
4265 89 73
4266 79 54
4267 77 74
4268 44 90
4269 89 72
4270 46 53
4271 42 70
4272 81 56
4273 30 30
4274 29 79
4275 1 90
4276 46 74
4277 0 90
4278 42 84
4279 46 73
4280 79 57
4281 45 53
4282 64 1
4283 45 90
4284 89 73
4285 82 56
4286 1 90
4287 41 70
4288 46 53
4289 0 90
4290 78 54
4291 63 36
4292 89 72
4293 42 70
4294 83 49
4295 64 36
4296 79 58
4297 79 57
4298 30 6
4299 81 56
4300 85 49
4301 28 79
4302 79 58
4303 42 85
4304 74 8
4305 44 90
4306 78 74
4307 52 85
4308 45 53
4309 42 74
4310 30 31
4311 79 54
4312 63 36
4313 27 1
4314 41 70
4315 29 79
4316 31 6
4317 46 74
4318 78 54
4319 89 73
4320 51 31
4321 63 30
4322 46 53
4323 46 73
4324 45 53
4325 82 49
4326 51 85
4327 42 70
4328 82 56
4329 27 0
4330 45 90
4331 27 1
4332 1 90
4333 83 49
4334 63 29
4335 64 36
4336 42 84
4337 75 8
4338 46 53
4339 42 2
4340 30 30
4341 74 8
4342 77 74
4343 89 72
4344 52 85
4345 51 85
4346 30 31
4347 30 6
4348 63 30
4349 52 85
4350 30 30
4351 79 54
4352 30 31
4353 81 56
4354 28 79
4355 44 90
4356 63 29
4357 45 53
4358 75 8
4359 51 32
4360 42 1
4361 89 73
4362 45 90
4363 79 57
4364 51 31
4365 46 74
4366 85 50
4367 42 75
4368 64 2
4369 29 79
4370 42 85
4371 82 56
4372 63 36
4373 81 56
4374 82 56
4375 42 2
4376 42 74
4377 64 36
4378 42 75
4379 78 54
4380 63 36
4381 44 90
4382 64 1
4383 31 6
4384 45 90
4385 27 0
4386 64 36
4387 28 79
4388 0 90
4389 82 49
4390 81 56
4391 51 85
4392 30 6
4393 51 32
4394 41 70
4395 51 31
4396 42 84
4397 46 53
4398 63 36
4399 42 70
4400 79 54
4401 79 58
4402 85 49
4403 44 90
4404 42 1
4405 89 72
4406 63 30
4407 83 49
4408 1 90
4409 64 2
4410 64 1
4411 0 90
4412 42 2
4413 52 85
4414 64 36
4415 46 73
4416 27 1
4417 89 73
4418 82 49
4419 63 36
4420 45 90
4421 51 32
4422 64 2
4423 42 85
4424 78 54
4425 29 79
4426 45 53
4427 74 8
4428 1 90
4429 41 70
4430 51 85
4431 79 57
4432 75 8
4433 27 0
4434 44 90
4435 85 50
4436 64 36
4437 51 31
4438 42 84
4439 31 6
4440 46 53
4441 63 29
4442 46 74
4443 42 85
4444 63 30
4445 30 30
4446 45 53
4447 27 1
4448 42 1
4449 51 32
4450 51 31
4451 42 74
4452 30 6
4453 79 54
4454 85 49
4455 45 90
4456 30 31
4457 42 2
4458 78 54
4459 46 73
4460 52 85
4461 51 85
4462 82 56
4463 42 75
4464 44 90
4465 42 84
4466 42 70
4467 63 36
4468 83 49
4469 52 85
4470 82 49
4471 89 72
4472 79 58
4473 0 90
4474 45 90
4475 42 85
4476 27 0
4477 46 74
4478 30 30
4479 46 73
4480 51 32
4481 46 53
4482 46 74
4483 28 79
4484 45 53
4485 27 1
4486 41 70
4487 63 29
4488 85 50
4489 64 36
4490 63 30
4491 64 1
4492 63 29
4493 81 56
4494 79 54
4495 30 31
4496 46 73
4497 42 84
4498 64 2
4499 83 49
4500 46 53
4501 42 1
4502 89 73
4503 78 74
4504 1 90
4505 78 54
4506 27 0
4507 30 30
4508 46 74
4509 0 90
4510 27 1
4511 27 0
4512 42 85
4513 42 70
4514 51 85
4515 89 72
4516 41 70
4517 31 6
4518 44 90
4519 77 74
4520 1 90
4521 79 54
4522 42 84
4523 29 79
4524 63 36
4525 0 90
4526 64 36
4527 45 90
4528 44 90
4529 89 73
4530 89 72
4531 51 31
4532 42 74
4533 42 85
4534 28 79
4535 89 73
4536 85 49
4537 74 8
4538 63 30
4539 52 85
4540 46 73
4541 64 1
4542 63 29
4543 78 74
4544 45 53
4545 27 1
4546 78 54
4547 75 8
4548 1 90
4549 0 90
4550 42 70
4551 1 90
4552 79 57
4553 29 79
4554 41 70
4555 79 54
4556 30 6
4557 27 0
4558 51 85
4559 79 58
4560 31 6
4561 42 84
4562 82 49
4563 27 1
4564 42 75
4565 46 53
4566 51 32
4567 79 57
4568 42 74
4569 82 56
4570 45 53
4571 42 2
4572 46 53
4573 30 31
4574 52 85
4575 0 90
4576 30 30
4577 45 53
4578 27 0
4579 46 74
4580 42 75
4581 30 6
4582 79 58
4583 51 31
4584 30 31
4585 74 8
4586 51 85
4587 46 73
4588 83 49
4589 81 56
4590 1 90
4591 30 30
4592 42 1
4593 27 1
4594 27 0
4595 51 32
4596 28 79
4597 78 54
4598 29 79
4599 89 72
4600 82 56
4601 77 74
4602 78 74
4603 75 8
4604 42 74
4605 0 90
4606 79 54
4607 30 31
4608 51 31
4609 74 8
4610 89 73
4611 46 53
4612 51 32
4613 42 2
4614 46 74
4615 63 30
4616 46 73
4617 82 49
4618 42 1
4619 42 70
4620 46 74
4621 42 75
4622 51 31
4623 51 32
4624 78 54
4625 45 53
4626 46 53
4627 77 74
4628 78 74
4629 42 74
4630 45 90
4631 51 31
4632 52 85
4633 51 32
4634 51 85
4635 89 72
4636 44 90
4637 85 50
4638 63 36
4639 75 8
4640 85 49
4641 77 74
4642 63 29
4643 89 73
4644 52 85
4645 64 36
4646 42 2
4647 85 50
4648 45 90
4649 41 70
4650 51 85
4651 42 85
4652 64 2
4653 44 90
4654 89 72
4655 64 1
4656 45 53
4657 81 56
4658 42 70
4659 82 56
4660 51 31
4661 42 84
4662 63 30
4663 74 8
4664 28 79
4665 46 73
4666 42 75
4667 83 49
4668 89 73
4669 31 6
4670 64 2
4671 51 32
4672 27 1
4673 45 90
4674 78 74
4675 29 79
4676 42 85
4677 89 72
4678 82 49
4679 42 74
4680 63 29
4681 89 73
4682 83 49
4683 42 84
4684 51 31
4685 28 79
4686 63 30
4687 42 85
4688 42 1
4689 75 8
4690 1 90
4691 79 54
4692 42 75
4693 78 54
4694 81 56
4695 79 57
4696 77 74
4697 30 30
4698 52 85
4699 79 58
4700 41 70
4701 0 90
4702 42 2
4703 46 74
4704 79 57
4705 64 1
4706 42 1
4707 42 84
4708 85 49
4709 46 73
4710 42 74
4711 42 75
4712 89 72
4713 82 49
4714 30 6
4715 74 8
4716 82 56
4717 1 90
4718 79 54
4719 81 56
4720 64 2
4721 46 74
4722 0 90
4723 46 73
4724 44 90
4725 27 0
4726 75 8
4727 30 31
4728 29 79
4729 46 74
4730 42 2
4731 42 74
4732 46 53
4733 30 30
4734 42 1
4735 42 2
4736 63 29
4737 74 8
4738 78 74
4739 46 73
4740 63 36
4741 64 36
4742 89 73
4743 64 1
4744 28 79
4745 30 31
4746 42 75
4747 78 54
4748 45 90
4749 79 54
4750 64 2
4751 45 53
4752 29 79
4753 31 6
4754 64 1
4755 30 30
4756 63 36
4757 44 90
4758 85 50
4759 79 58
4760 64 36
4761 51 32
4762 83 49
4763 63 30
4764 46 74
4765 82 56
4766 42 70
4767 82 49
4768 46 73
4769 63 36
4770 42 85
4771 42 84
4772 51 85
4773 64 2
4774 1 90
4775 64 36
4776 42 85
4777 52 85
4778 42 84
4779 0 90
4780 51 31
4781 42 74
4782 64 1
4783 78 54
4784 30 6
4785 41 70
4786 28 79
4787 64 2
4788 75 8
4789 31 6
4790 45 90
4791 85 49
4792 46 53
4793 63 36
4794 85 50
4795 85 49
4796 27 1
4797 85 50
4798 51 85
4799 1 90
4800 64 36
4801 46 74
4802 81 56
4803 64 1
4804 30 6
4805 44 90
4806 64 2
4807 79 57
4808 52 85
4809 45 90
4810 83 49
4811 0 90
4812 42 75
4813 1 90
4814 77 74
4815 63 29
4816 42 85
4817 74 8
4818 64 1
4819 27 0
4820 29 79
4821 0 90
4822 82 56
4823 42 84
4824 42 85
4825 81 56
4826 45 53
4827 75 8
4828 42 84
4829 46 73
4830 46 74
4831 44 90
4832 85 49
4833 46 73
4834 82 56
4835 42 85
4836 63 36
4837 82 49
4838 51 32
4839 51 31
4840 42 84
4841 51 32
4842 42 1
4843 42 74
4844 78 74
4845 81 56
4846 82 56
4847 77 74
4848 79 58
4849 45 90
4850 51 85
4851 64 2
4852 63 30
4853 63 29
4854 64 36
4855 46 53
4856 64 1
4857 74 8
4858 45 53
4859 81 56
4860 64 2
4861 42 75
4862 46 74
4863 63 36
4864 31 6
4865 42 85
4866 75 8
4867 46 73
4868 74 8
4869 52 85
4870 30 31
4871 46 74
4872 30 6
4873 51 85
4874 42 84
4875 51 31
4876 42 85
4877 1 90
4878 30 30
4879 46 73
4880 28 79
4881 46 53
4882 64 1
4883 42 2
4884 42 74
4885 42 84
4886 64 36
4887 52 85
4888 63 30
4889 42 75
4890 29 79
4891 78 74
4892 77 74
4893 83 49
4894 42 70
4895 64 2
4896 51 85
4897 82 56
4898 31 6
4899 85 50
4900 45 53
4901 63 29
4902 79 54
4903 89 72
4904 46 74
4905 75 8
4906 64 1
4907 30 31
4908 64 2
4909 46 53
4910 74 8
4911 30 30
4912 63 30
4913 63 36
4914 78 74
4915 82 49
4916 85 49
4917 46 73
4918 63 29
4919 46 74
4920 52 85
4921 46 73
4922 41 70
4923 64 36
4924 46 74
4925 75 8
4926 63 30
4927 27 1
4928 30 31
4929 44 90
4930 77 74
4931 79 57
4932 74 8
4933 42 1
4934 42 70
4935 42 2
4936 42 74
4937 42 85
4938 64 1
4939 42 75
4940 81 56
4941 0 90
4942 78 54
4943 64 2
4944 28 79
4945 63 29
4946 63 36
4947 78 74
4948 83 49
4949 79 58
4950 27 0
4951 42 74
4952 45 53
4953 42 84
4954 89 73
4955 42 1
4956 79 57
4957 75 8
4958 42 75
4959 79 54
4960 46 73
4961 1 90
4962 42 2
4963 42 1
4964 30 6
4965 78 54
4966 45 90
4967 51 32
4968 30 30
4969 42 85
4970 42 84
4971 42 2
4972 64 1
4973 79 54
4974 30 31
4975 74 8
4976 82 56
4977 30 30
4978 75 8
4979 29 79
4980 51 85
4981 64 2
4982 31 6
4983 78 54
4984 81 56
4985 42 85
4986 0 90
4987 82 49
4988 52 85
4989 74 8
4990 46 74
4991 41 70
4992 85 50
4993 64 36
4994 64 1
4995 42 70
4996 89 72
4997 75 8
4998 63 36
4999 28 79
5000 30 6
5001 27 1
5002 64 2
5003 42 74
5004 46 73
5005 83 49
5006 29 79
5007 64 36
5008 51 31
5009 82 49
5010 77 74
5011 63 36
5012 27 0
5013 42 1
5014 42 2
5015 41 70
5016 63 30
5017 42 84
5018 79 58
5019 79 54
5020 64 36
5021 82 56
5022 42 75
5023 27 1
5024 63 36
5025 89 73
5026 51 85
5027 52 85
5028 42 1
5029 27 0
5030 42 74
5031 85 49
5032 42 85
5033 27 1
5034 83 49
5035 27 0
5036 64 1
5037 46 53
5038 51 32
5039 42 75
5040 78 74
5041 44 90
5042 74 8
5043 42 84
5044 42 85
5045 63 29
5046 28 79
5047 77 74
5048 30 31
5049 64 2
5050 42 70
5051 29 79
5052 30 30
5053 27 1
5054 89 72
5055 42 84
5056 28 79
5057 64 36
5058 42 2
5059 85 50
5060 29 79
5061 51 31
5062 31 6
5063 42 85
5064 42 1
5065 42 74
5066 45 90
5067 63 30
5068 82 49
5069 1 90
5070 42 2
5071 42 75
5072 30 6
5073 64 1
5074 42 84
5075 51 85
5076 89 73
5077 89 72
5078 79 57
5079 41 70
5080 75 8
5081 74 8
5082 75 8
5083 42 1
5084 46 74
5085 63 29
5086 42 2
5087 31 6
5088 28 79
5089 30 6
5090 45 53
5091 29 79
5092 78 54
5093 42 85
5094 78 74
5095 27 0
5096 27 1
5097 42 84
5098 42 1
5099 42 2
5100 44 90
5101 77 74
5102 81 56
5103 31 6
5104 63 36
5105 64 2
5106 30 31
5107 64 1
5108 45 90
5109 42 70
5110 74 8
5111 51 32
5112 30 30
5113 63 30
5114 52 85
5115 79 54
5116 42 74
5117 64 36
5118 42 75
5119 83 49
5120 0 90
5121 63 29
5122 63 36
5123 30 31
5124 27 0
5125 82 56
5126 46 53
5127 79 58
5128 82 49
5129 51 85
5130 30 6
5131 81 56
5132 64 36
5133 42 74
5134 30 30
5135 75 8
5136 78 54
5137 85 49
5138 44 90
5139 63 30
5140 42 75
5141 42 74
5142 74 8
5143 46 73
5144 83 49
5145 63 36
5146 82 56
5147 79 57
5148 41 70
5149 89 73
5150 89 72
5151 1 90
5152 81 56
5153 42 70
5154 79 58
5155 64 2
5156 78 74
5157 64 36
5158 30 31
5159 64 1
5160 75 8
5161 28 79
5162 85 50
5163 42 75
5164 45 90
5165 29 79
5166 79 54
5167 44 90
5168 64 2
5169 77 74
5170 46 74
5171 42 85
5172 41 70
5173 42 74
5174 82 56
5175 89 73
5176 42 75
5177 81 56
5178 0 90
5179 28 79
5180 45 53
5181 46 73
5182 82 56
5183 1 90
5184 31 6
5185 81 56
5186 89 72
5187 78 54
5188 63 36
5189 42 1
5190 0 90
5191 78 74
5192 63 29
5193 82 49
5194 64 1
5195 52 85
5196 79 57
5197 42 70
5198 51 31
5199 46 74
5200 51 85
5201 83 49
5202 82 49
5203 27 1
5204 79 58
5205 45 90
5206 64 36
5207 30 6
5208 30 30
5209 77 74
5210 74 8
5211 1 90
5212 0 90
5213 42 84
5214 83 49
5215 85 49
5216 63 30
5217 31 6
5218 78 74
5219 42 74
5220 51 32
5221 46 53
5222 63 29
5223 29 79
5224 42 2
5225 42 75
5226 41 70
5227 42 85
5228 75 8
5229 79 57
5230 79 54
5231 42 74
5232 42 70
5233 82 56
5234 27 0
5235 45 53
5236 85 50
5237 63 36
5238 51 31
5239 42 84
5240 63 30
5241 64 2
5242 63 29
5243 78 54
5244 79 58
5245 52 85
5246 44 90
5247 51 32
5248 82 49
5249 85 49
5250 74 8
5251 64 36
5252 79 54
5253 28 79
5254 46 73
5255 75 8
5256 30 6
5257 89 73
5258 79 57
5259 77 74
5260 46 53
5261 63 36
5262 31 6
5263 30 6
5264 1 90
5265 79 58
5266 51 85
5267 51 31
5268 46 74
5269 31 6
5270 30 6
5271 63 30
5272 51 32
5273 45 53
5274 64 1
5275 74 8
5276 79 57
5277 85 50
5278 46 73
5279 63 29
5280 31 6
5281 42 85
5282 64 36
5283 51 31
5284 63 30
5285 0 90
5286 78 74
5287 29 79
5288 81 56
5289 52 85
5290 63 29
5291 46 53
5292 42 84
5293 45 53
5294 30 6
5295 42 75
5296 31 6
5297 46 53
5298 85 49
5299 42 1
5300 77 74
5301 45 90
5302 82 56
5303 27 1
5304 27 0
5305 51 32
5306 78 54
5307 28 79
5308 42 85
5309 41 70
5310 78 74
5311 42 84
5312 29 79
5313 81 56
5314 42 70
5315 75 8
5316 63 30
5317 51 31
5318 27 1
5319 30 31
5320 44 90
5321 45 53
5322 45 90
5323 82 56
5324 30 6
5325 44 90
5326 45 90
5327 46 53
5328 89 72
5329 30 30
5330 85 50
5331 27 0
5332 79 54
5333 31 6
5334 89 73
5335 1 90
5336 51 32
5337 85 49
5338 81 56
5339 28 79
5340 51 85
5341 0 90
5342 79 58
5343 63 36
5344 45 53
5345 74 8
5346 75 8
5347 30 31
5348 83 49
5349 30 6
5350 85 50
5351 64 2
5352 30 30
5353 29 79
5354 46 74
5355 82 49
5356 51 31
5357 28 79
5358 46 73
5359 82 56
5360 52 85
5361 78 54
5362 77 74
5363 78 74
5364 46 74
5365 83 49
5366 77 74
5367 81 56
5368 41 70
5369 78 74
5370 51 32
5371 42 70
5372 79 54
5373 46 53
5374 64 36
5375 29 79
5376 63 29
5377 27 1
5378 42 2
5379 1 90
5380 0 90
5381 44 90
5382 31 6
5383 85 49
5384 51 85
5385 42 85
5386 30 6
5387 82 56
5388 78 54
5389 74 8
5390 42 1
5391 41 70
5392 27 0
5393 77 74
5394 89 72
5395 45 53
5396 82 49
5397 42 2
5398 79 54
5399 46 73
5400 31 6
5401 52 85
5402 30 6
5403 42 1
5404 42 70
5405 89 73
5406 63 30
5407 30 31
5408 89 72
5409 42 74
5410 1 90
5411 64 1
5412 42 2
5413 31 6
5414 27 1
5415 42 1
5416 78 54
5417 51 31
5418 30 6
5419 75 8
5420 63 36
5421 45 90
5422 42 84
5423 51 85
5424 64 2
5425 85 50
5426 30 30
5427 79 57
5428 46 74
5429 51 32
5430 27 0
5431 85 49
5432 46 53
5433 63 29
5434 85 50
5435 81 56
5436 63 30
5437 51 31
5438 63 29
5439 44 90
5440 83 49
5441 28 79
5442 89 73
5443 82 56
5444 46 73
5445 27 1
5446 81 56
5447 41 70
5448 82 49
5449 46 74
5450 89 72
5451 51 32
5452 89 73
5453 42 75
5454 42 85
5455 64 1
5456 31 6
5457 42 2
5458 64 2
5459 42 1
5460 83 49
5461 79 58
5462 89 72
5463 82 49
5464 79 54
5465 42 84
5466 83 49
5467 78 54
5468 79 57
5469 30 6
5470 42 74
5471 31 6
5472 42 85
5473 79 58
5474 45 90
5475 42 70
5476 30 31
5477 46 73
5478 51 31
5479 46 74
5480 63 30
5481 42 2
5482 30 6
5483 82 49
5484 74 8
5485 63 29
5486 29 79
5487 82 56
5488 42 84
5489 41 70
5490 42 85
5491 42 70
5492 42 84
5493 28 79
5494 42 75
5495 0 90
5496 1 90
5497 81 56
5498 27 0
5499 82 56
5500 0 90
5501 89 73
5502 85 49
5503 42 74
5504 42 1
5505 64 36
5506 27 1
5507 63 36
5508 42 85
5509 30 30
5510 75 8
5511 44 90
5512 27 0
5513 29 79
5514 52 85
5515 45 53
5516 46 53
5517 28 79
5518 30 31
5519 51 32
5520 31 6
5521 29 79
5522 28 79
5523 79 54
5524 85 50
5525 51 85
5526 29 79
5527 78 74
5528 74 8
5529 45 90
5530 42 2
5531 45 53
5532 44 90
5533 79 57
5534 83 49
5535 41 70
5536 30 30
5537 77 74
5538 30 6
5539 45 90
5540 42 75
5541 42 84
5542 51 31
5543 64 36
5544 1 90
5545 28 79
5546 42 74
5547 51 32
5548 89 72
5549 89 73
5550 44 90
5551 42 75
5552 78 74
5553 78 54
5554 42 85
5555 75 8
5556 27 1
5557 42 74
5558 63 30
5559 52 85
5560 42 70
5561 82 49
5562 42 75
5563 63 29
5564 42 84
5565 85 49
5566 27 0
5567 27 1
5568 79 54
5569 64 1
5570 83 49
5571 42 1
5572 42 74
5573 74 8
5574 41 70
5575 42 75
5576 81 56
5577 30 31
5578 63 30
5579 63 29
5580 51 31
5581 63 36
5582 82 56
5583 89 72
5584 79 58
5585 85 50
5586 85 49
5587 0 90
5588 64 2
5589 79 57
5590 63 30
5591 42 2
5592 42 1
5593 77 74
5594 30 30
5595 27 0
5596 75 8
5597 42 74
5598 1 90
5599 29 79
5600 42 75
5601 85 50
5602 78 74
5603 82 49
5604 51 85
5605 81 56
5606 51 32
5607 42 74
5608 79 58
5609 42 70
5610 42 85
5611 28 79
5612 42 84
5613 78 54
5614 63 29
5615 64 1
5616 31 6
5617 42 75
5618 51 31
5619 30 31
5620 64 2
5621 79 54
5622 83 49
5623 64 36
5624 77 74
5625 82 56
5626 52 85
5627 46 73
5628 51 32
5629 74 8
5630 85 49
5631 82 49
5632 41 70
5633 85 50
5634 42 70
5635 81 56
5636 89 73
5637 79 57
5638 30 30
5639 0 90
5640 46 74
5641 89 72
5642 78 54
5643 42 2
5644 30 6
5645 27 1
5646 51 31
5647 51 32
5648 42 85
5649 51 31
5650 78 74
5651 77 74
5652 41 70
5653 85 49
5654 29 79
5655 89 73
5656 31 6
5657 1 90
5658 27 0
5659 75 8
5660 28 79
5661 74 8
5662 51 85
5663 63 30
5664 30 6
5665 46 53
5666 0 90
5667 52 85
5668 63 36
5669 42 74
5670 82 56
5671 85 50
5672 79 58
5673 75 8
5674 81 56
5675 89 72
5676 27 1
5677 46 73
5678 82 56
5679 63 29
5680 27 0
5681 45 90
5682 44 90
5683 1 90
5684 83 49
5685 45 53
5686 74 8
5687 0 90
5688 42 84
5689 75 8
5690 79 57
5691 64 36
5692 85 49
5693 79 54
5694 79 58
5695 29 79
5696 63 36
5697 30 31
5698 27 1
5699 1 90
5700 74 8
5701 51 85
5702 31 6
5703 51 32
5704 64 36
5705 64 1
5706 30 6
5707 82 49
5708 89 73
5709 46 53
5710 45 90
5711 63 36
5712 79 57
5713 52 85
5714 78 54
5715 51 31
5716 30 30
5717 31 6
5718 42 85
5719 0 90
5720 78 74
5721 30 31
5722 51 32
5723 46 74
5724 45 53
5725 63 30
5726 44 90
5727 46 53
5728 42 70
5729 30 30
5730 42 84
5731 41 70
5732 63 29
5733 30 6
5734 1 90
5735 79 58
5736 63 30
5737 42 70
5738 41 70
5739 77 74
5740 30 31
5741 42 70
5742 81 56
5743 89 72
5744 42 1
5745 63 29
5746 85 50
5747 51 31
5748 89 73
5749 42 2
5750 45 53
5751 79 57
5752 51 32
5753 75 8
5754 79 54
5755 46 53
5756 41 70
5757 42 75
5758 27 0
5759 45 90
5760 42 70
5761 46 73
5762 83 49
5763 41 70
5764 64 2
5765 42 70
5766 89 72
5767 89 73
5768 27 1
5769 64 36
5770 64 1
5771 89 72
5772 82 49
5773 41 70
5774 63 30
5775 42 85
5776 83 49
5777 30 30
5778 78 74
5779 63 29
5780 42 84
5781 64 2
5782 85 49
5783 27 0
5784 44 90
5785 0 90
5786 79 58
5787 30 31
5788 63 36
5789 42 74
5790 89 73
5791 31 6
5792 78 54
5793 1 90
5794 30 6
5795 0 90
5796 64 1
5797 64 2
5798 27 1
5799 42 75
5800 45 53
5801 79 54
5802 30 30
5803 31 6
5804 28 79
5805 78 54
5806 42 70
5807 64 1
5808 89 72
5809 51 31
5810 41 70
5811 77 74
5812 30 6
5813 42 70
5814 78 74
5815 30 31
5816 46 74
5817 30 30
5818 30 31
5819 42 1
5820 63 30
5821 82 49
5822 45 90
5823 42 74
5824 30 30
5825 46 53
5826 1 90
5827 51 85
5828 44 90
5829 79 57
5830 79 58
5831 74 8
5832 0 90
5833 42 75
5834 85 50
5835 42 74
5836 52 85
5837 79 54
5838 85 49
5839 75 8
5840 41 70
5841 1 90
5842 78 54
5843 29 79
5844 64 2
5845 42 2
5846 42 85
5847 42 1
5848 74 8
5849 30 31
5850 75 8
5851 42 84
5852 82 56
5853 42 2
5854 74 8
5855 42 85
5856 64 36
5857 46 73
5858 42 84
5859 79 57
5860 28 79
5861 64 1
5862 31 6
5863 29 79
5864 42 85
5865 79 58
5866 89 73
5867 77 74
5868 0 90
5869 27 0
5870 63 36
5871 79 54
5872 46 74
5873 30 30
5874 78 74
5875 64 36
5876 30 31
5877 1 90
5878 81 56
5879 42 84
5880 45 53
5881 42 70
5882 28 79
5883 83 49
5884 64 2
5885 82 49
5886 63 36
5887 27 1
5888 64 1
5889 46 53
5890 85 50
5891 51 85
5892 0 90
5893 83 49
5894 45 90
5895 85 49
5896 30 30
5897 51 32
5898 85 50
5899 42 75
5900 82 56
5901 89 72
5902 30 31
5903 1 90
5904 0 90
5905 89 73
5906 30 6
5907 81 56
5908 82 49
5909 78 54
5910 64 2
5911 83 49
5912 45 53
5913 42 85
5914 79 54
5915 79 57
5916 63 29
5917 78 54
5918 46 73
5919 42 84
5920 82 56
5921 27 0
5922 79 58
5923 42 1
5924 85 49
5925 82 49
5926 79 54
5927 42 74
5928 75 8
5929 52 85
5930 1 90
5931 41 70
5932 77 74
5933 85 50
5934 29 79
5935 42 70
5936 28 79
5937 74 8
5938 78 74
5939 64 36
5940 79 57
5941 85 49
5942 41 70
5943 0 90
5944 78 54
5945 46 53
5946 31 6
5947 30 6
5948 77 74
5949 81 56
5950 42 75
5951 51 31
5952 51 32
5953 78 74
5954 31 6
5955 79 54
5956 42 2
5957 51 31
5958 78 54
5959 42 74
5960 30 6
5961 42 75
5962 44 90
5963 51 32
5964 63 30
5965 63 36
5966 45 53
5967 75 8
5968 31 6
5969 83 49
5970 42 74
5971 42 1
5972 64 36
5973 51 85
5974 52 85
5975 46 53
5976 45 53
5977 42 75
5978 30 30
5979 46 53
5980 42 74
5981 63 29
5982 45 90
5983 46 74
5984 42 75
5985 42 2
5986 63 36
5987 79 58
5988 77 74
5989 29 79
5990 51 85
5991 63 30
5992 45 53
5993 79 57
5994 64 1
5995 64 36
5996 85 50
5997 79 54
5998 42 70
5999 89 72
6000 27 1
6001 63 36
6002 46 73
6003 64 36
6004 78 74
6005 44 90
6006 64 2
6007 77 74
6008 46 53
6009 45 53
6010 1 90
6011 42 74
6012 28 79
6013 0 90
6014 89 73
6015 52 85
6016 79 58
6017 41 70
6018 1 90
6019 63 29
6020 79 57
6021 89 72
6022 85 49
6023 46 74
6024 64 1
6025 42 1
6026 42 2
6027 51 31
6028 51 32
6029 46 73
6030 64 2
6031 63 36
6032 82 56
6033 64 36
6034 30 31
6035 74 8
6036 63 36
6037 89 73
6038 46 53
6039 78 74
6040 46 74
6041 89 72
6042 30 6
6043 78 54
6044 75 8
6045 82 49
6046 30 30
6047 31 6
6048 0 90
6049 1 90
6050 64 36
6051 29 79
6052 27 0
6053 79 54
6054 63 36
6055 85 50
6056 42 70
6057 85 49
6058 81 56
6059 64 1
6060 64 2
6061 45 53
6062 64 36
6063 46 53
6064 79 58
6065 63 30
6066 82 56
6067 45 90
6068 42 1
6069 30 6
6070 27 1
6071 79 57
6072 44 90
6073 63 36
6074 77 74
6075 89 73
6076 63 29
6077 81 56
6078 83 49
6079 85 50
6080 42 85
6081 82 49
6082 78 74
6083 45 90
6084 78 54
6085 30 31
6086 51 85
6087 64 1
6088 42 84
6089 45 53
6090 77 74
6091 46 53
6092 79 58
6093 85 49
6094 30 30
6095 64 36
6096 74 8
6097 82 56
6098 63 30
6099 46 73
6100 79 57
6101 89 72
6102 46 74
6103 44 90
6104 63 36
6105 0 90
6106 42 75
6107 46 73
6108 42 85
6109 78 74
6110 77 74
6111 30 31
6112 89 73
6113 31 6
6114 79 54
6115 85 50
6116 41 70
6117 28 79
6118 27 0
6119 30 6
6120 78 74
6121 63 29
6122 42 84
6123 52 85
6124 30 30
6125 78 54
6126 45 90
6127 29 79
6128 45 53
6129 64 36
6130 51 85
6131 31 6
6132 42 74
6133 30 31
6134 79 54
6135 52 85
6136 1 90
6137 78 54
6138 42 70
6139 83 49
6140 41 70
6141 27 1
6142 42 85
6143 82 49
6144 44 90
6145 0 90
6146 51 31
6147 51 85
6148 52 85
6149 85 49
6150 28 79
6151 42 84
6152 51 85
6153 45 90
6154 44 90
6155 45 90
6156 27 0
6157 63 36
6158 27 1
6159 44 90
6160 52 85
6161 75 8
6162 30 30
6163 42 75
6164 63 30
6165 51 32
6166 29 79
6167 64 2
6168 51 31
6169 83 49
6170 42 74
6171 42 2
6172 42 85
6173 30 6
6174 51 85
6175 85 50
6176 79 58
6177 74 8
6178 30 31
6179 81 56
6180 82 56
6181 77 74
6182 42 70
6183 41 70
6184 42 70
6185 30 30
6186 30 31
6187 46 74
6188 51 32
6189 75 8
6190 85 49
6191 74 8
6192 45 90
6193 30 30
6194 41 70
6195 30 31
6196 30 30
6197 64 1
6198 64 36
6199 63 36
6200 89 72
6201 42 1
6202 30 31
6203 28 79
6204 82 49
6205 44 90
6206 46 73
6207 78 74
6208 46 74
6209 42 2
6210 79 57
6211 83 49
6212 89 73
6213 82 49
6214 51 31
6215 42 84
6216 42 85
6217 42 1
6218 81 56
6219 45 90
6220 42 84
6221 83 49
6222 27 0
6223 89 72
6224 46 53
6225 79 58
6226 64 36
6227 52 85
6228 51 85
6229 45 53
6230 42 2
6231 63 29
6232 42 1
6233 31 6
6234 46 73
6235 82 56
6236 82 49
6237 44 90
6238 77 74
6239 63 30
6240 81 56
6241 42 2
6242 42 70
6243 85 50
6244 89 73
6245 45 90
6246 63 29
6247 42 75
6248 51 32
6249 42 85
6250 64 2
6251 41 70
6252 46 53
6253 85 49
6254 64 1
6255 82 56
6256 79 54
6257 51 31
6258 30 30
6259 78 74
6260 77 74
6261 81 56
6262 83 49
6263 44 90
6264 30 6
6265 31 6
6266 75 8
6267 51 32
6268 51 31
6269 42 84
6270 30 6
6271 42 1
6272 52 85
6273 42 2
6274 45 53
6275 82 49
6276 46 53
6277 78 54
6278 79 57
6279 45 53
6280 27 1
6281 78 74
6282 89 72
6283 46 74
6284 79 58
6285 83 49
6286 46 53
6287 77 74
6288 45 53
6289 27 0
6290 79 54
6291 30 31
6292 42 74
6293 42 85
6294 82 49
6295 1 90
6296 45 90
6297 74 8
6298 82 56
6299 31 6
6300 42 84
6301 75 8
6302 64 2
6303 42 75
6304 29 79
6305 42 1
6306 83 49
6307 81 56
6308 78 74
6309 28 79
6310 42 70
6311 82 49
6312 74 8
6313 85 50
6314 64 1
6315 85 49
6316 41 70
6317 27 1
6318 51 32
6319 42 2
6320 46 53
6321 30 30
6322 42 70
6323 41 70
6324 64 2
6325 45 53
6326 83 49
6327 46 73
6328 0 90
6329 30 31
6330 75 8
6331 82 56
6332 46 53
6333 64 1
6334 89 73
6335 44 90
6336 51 85
6337 81 56
6338 89 72
6339 42 85
6340 82 56
6341 30 30
6342 30 31
6343 63 30
6344 63 29
6345 78 54
6346 30 30
6347 42 74
6348 81 56
6349 77 74
6350 46 74
6351 42 1
6352 42 70
6353 63 36
6354 29 79
6355 42 2
6356 42 75
6357 41 70
6358 79 54
6359 63 30
6360 46 73
6361 42 70
6362 63 29
6363 1 90
6364 82 49
6365 52 85
6366 85 50
6367 85 49
6368 78 74
6369 64 2
6370 85 50
6371 30 31
6372 46 74
6373 64 36
6374 89 73
6375 42 1
6376 30 30
6377 64 1
6378 30 31
6379 82 56
6380 85 49
6381 42 2
6382 45 90
6383 27 0
6384 63 36
6385 30 6
6386 85 50
6387 27 1
6388 42 1
6389 74 8
6390 85 49
6391 79 57
6392 79 58
6393 51 85
6394 28 79
6395 46 73
6396 41 70
6397 85 50
6398 42 2
6399 45 53
6400 42 70
6401 0 90
6402 63 30
6403 85 49
6404 27 0
6405 27 1
6406 64 2
6407 44 90
6408 51 31
6409 79 57
6410 42 1
6411 75 8
6412 63 29
6413 42 74
6414 46 53
6415 41 70
6416 27 0
6417 27 1
6418 78 54
6419 27 0
6420 27 1
6421 29 79
6422 45 90
6423 81 56
6424 45 53
6425 52 85
6426 74 8
6427 89 72
6428 30 30
6429 42 75
6430 28 79
6431 75 8
6432 31 6
6433 44 90
6434 79 58
6435 89 73
6436 77 74
6437 83 49
6438 82 56
6439 30 31
6440 30 30
6441 27 0
6442 74 8
6443 46 53
6444 42 70
6445 42 74
6446 63 30
6447 51 85
6448 64 1
6449 52 85
6450 45 90
6451 75 8
6452 51 32
6453 63 29
6454 64 2
6455 27 1
6456 51 85
6457 46 74
6458 85 50
6459 85 49
6460 81 56
6461 27 0
6462 30 6
6463 82 49
6464 78 74
6465 45 53
6466 79 57
6467 29 79
6468 77 74
6469 52 85
6470 74 8
6471 63 30
6472 64 36
6473 75 8
6474 79 54
6475 51 31
6476 1 90
6477 42 75
6478 74 8
6479 31 6
6480 64 1
6481 44 90
6482 89 72
6483 64 2
6484 63 36
6485 42 74
6486 82 56
6487 42 75
6488 83 49
6489 79 58
6490 30 31
6491 64 36
6492 82 49
6493 42 84
6494 83 49
6495 64 1
6496 89 73
6497 75 8
6498 63 36
6499 81 56
6500 82 49
6501 41 70
6502 82 56
6503 42 85
6504 46 53
6505 63 29
6506 42 84
6507 42 70
6508 27 1
6509 27 0
6510 0 90
6511 51 85
6512 51 32
6513 46 73
6514 64 36
6515 78 74
6516 74 8
6517 75 8
6518 42 2
6519 27 1
6520 74 8
6521 42 85
6522 79 57
6523 42 84
6524 89 72
6525 85 50
6526 77 74
6527 45 90
6528 75 8
6529 1 90
6530 30 6
6531 52 85
6532 74 8
6533 42 74
6534 0 90
6535 78 74
6536 78 54
6537 63 36
6538 64 2
6539 31 6
6540 28 79
6541 42 1
6542 77 74
6543 89 73
6544 63 30
6545 29 79
6546 75 8
6547 63 29
6548 42 85
6549 46 74
6550 45 53
6551 79 58
6552 78 74
6553 79 57
6554 51 31
6555 85 49
6556 30 6
6557 42 84
6558 1 90
6559 42 85
6560 74 8
6561 51 32
6562 64 1
6563 31 6
6564 64 2
6565 30 6
6566 77 74
6567 79 58
6568 27 0
6569 83 49
6570 44 90
6571 63 30
6572 42 84
6573 42 2
6574 85 50
6575 75 8
6576 46 53
6577 27 1
6578 0 90
6579 51 31
6580 30 30
6581 45 90
6582 79 57
6583 81 56
6584 31 6
6585 1 90
6586 63 29
6587 89 72
6588 85 49
6589 82 56
6590 81 56
6591 85 50
6592 82 56
6593 63 30
6594 42 75
6595 0 90
6596 64 36
6597 63 36
6598 51 32
6599 51 85
6600 44 90
6601 42 1
6602 64 1
6603 27 0
6604 42 74
6605 74 8
6606 85 49
6607 79 54
6608 64 36
6609 78 54
6610 41 70
6611 27 1
6612 28 79
6613 1 90
6614 0 90
6615 81 56
6616 42 2
6617 79 54
6618 85 50
6619 51 31
6620 51 32
6621 89 73
6622 89 72
6623 42 70
6624 42 85
6625 51 31
6626 82 56
6627 45 90
6628 82 49
6629 64 2
6630 89 73
6631 29 79
6632 46 73
6633 52 85
6634 42 84
6635 42 75
6636 79 58
6637 83 49
6638 45 53
6639 81 56
6640 79 57
6641 28 79
6642 42 85
6643 79 58
6644 46 53
6645 30 31
6646 78 54
6647 63 36
6648 42 74
6649 79 54
6650 78 74
6651 1 90
6652 46 74
6653 75 8
6654 78 54
6655 51 32
6656 64 1
6657 27 0
6658 45 53
6659 79 57
6660 63 29
6661 89 72
6662 46 53
6663 30 30
6664 30 31
6665 82 56
6666 46 73
6667 41 70
6668 42 70
6669 74 8
6670 82 49
6671 42 75
6672 45 53
6673 64 2
6674 83 49
6675 42 84
6676 46 74
6677 46 53
6678 41 70
6679 0 90
6680 45 53
6681 46 53
6682 64 36
6683 64 1
6684 51 31
6685 64 2
6686 79 54
6687 30 6
6688 79 58
6689 63 30
6690 42 74
6691 42 70
6692 1 90
6693 51 32
6694 42 85
6695 51 31
6696 30 30
6697 77 74
6698 64 1
6699 81 56
6700 89 73
6701 42 75
6702 46 73
6703 30 31
6704 27 1
6705 27 0
6706 82 49
6707 44 90
6708 64 2
6709 89 72
6710 42 74
6711 64 1
6712 42 1
6713 85 49
6714 64 2
6715 51 85
6716 0 90
6717 82 56
6718 42 75
6719 64 1
6720 63 36
6721 64 2
6722 64 1
6723 42 2
6724 64 2
6725 41 70
6726 27 1
6727 51 32
6728 52 85
6729 45 90
6730 64 1
6731 46 74
6732 75 8
6733 51 85
6734 78 54
6735 79 57
6736 74 8
6737 42 84
6738 83 49
6739 89 73
6740 63 29
6741 79 58
6742 78 74
6743 79 54
6744 82 49
6745 29 79
6746 42 70
6747 89 72
6748 52 85
6749 42 85
6750 78 54
6751 41 70
6752 75 8
6753 44 90
6754 85 50
6755 63 30
6756 45 53
6757 42 1
6758 51 85
6759 79 54
6760 42 2
6761 42 1
6762 81 56
6763 85 49
6764 42 2
6765 74 8
6766 64 36
6767 42 70
6768 28 79
6769 42 84
6770 77 74
6771 78 54
6772 75 8
6773 82 56
6774 29 79
6775 1 90
6776 41 70
6777 85 50
6778 81 56
6779 79 57
6780 64 2
6781 51 31
6782 42 1
6783 79 54
6784 45 90
6785 51 32
6786 52 85
6787 51 85
6788 78 54
6789 63 29
6790 44 90
6791 63 36
6792 46 53
6793 74 8
6794 85 49
6795 42 74
6796 45 90
6797 42 85
6798 45 53
6799 75 8
6800 82 56
6801 79 58
6802 83 49
6803 51 31
6804 30 30
6805 64 36
6806 51 32
6807 46 53
6808 63 30
6809 42 2
6810 74 8
6811 79 54
6812 81 56
6813 30 31
6814 31 6
6815 82 49
6816 44 90
6817 89 73
6818 51 31
6819 42 1
6820 42 2
6821 42 75
6822 45 90
6823 42 70
6824 78 74
6825 89 72
6826 63 29
6827 27 0
6828 28 79
6829 63 30
6830 29 79
6831 52 85
6832 77 74
6833 45 53
6834 63 29
6835 64 1
6836 89 73
6837 42 84
6838 63 36
6839 78 74
6840 41 70
6841 51 85
6842 85 50
6843 64 2
6844 42 70
6845 42 74
6846 46 73
6847 27 1
6848 51 32
6849 28 79
6850 77 74
6851 64 36
6852 42 85
6853 64 1
6854 29 79
6855 46 74
6856 89 72
6857 42 1
6858 46 73
6859 63 36
6860 46 74
6861 64 36
6862 85 49
6863 89 73
6864 42 75
6865 42 2
6866 30 30
6867 42 1
6868 28 79
6869 46 73
6870 46 53
6871 0 90
6872 41 70
6873 30 31
6874 78 54
6875 42 84
6876 46 74
6877 79 57
6878 42 70
6879 46 73
6880 82 56
6881 29 79
6882 46 74
6883 1 90
6884 51 31
6885 81 56
6886 78 74
6887 42 85
6888 44 90
6889 83 49
6890 63 30
6891 82 56
6892 46 73
6893 79 54
6894 63 29
6895 75 8
6896 28 79
6897 46 74
6898 77 74
6899 51 32
6900 82 49
6901 52 85
6902 29 79
6903 45 90
6904 42 74
6905 85 50
6906 42 75
6907 51 85
6908 45 53
6909 79 58
6910 63 30
6911 63 29
6912 64 2
6913 41 70
6914 28 79
6915 79 57
6916 83 49
6917 85 49
6918 85 50
6919 44 90
6920 0 90
6921 64 1
6922 63 36
6923 52 85
6924 45 90
6925 63 30
6926 85 49
6927 30 6
6928 89 72
6929 85 50
6930 79 58
6931 46 73
6932 82 49
6933 27 0
6934 63 29
6935 81 56
6936 89 73
6937 46 53
6938 78 74
6939 27 1
6940 89 72
6941 46 74
6942 27 0
6943 64 36
6944 77 74
6945 44 90
6946 63 30
6947 42 2
6948 64 2
6949 83 49
6950 78 74
6951 51 85
6952 82 56
6953 85 49
6954 30 30
6955 42 84
6956 42 85
6957 30 31
6958 63 29
6959 63 36
6960 30 30
6961 78 54
6962 63 30
6963 85 50
6964 1 90
6965 0 90
6966 1 90
6967 79 54
6968 74 8
6969 29 79
6970 85 49
6971 45 53
6972 78 54
6973 45 90
6974 42 74
6975 82 49
6976 42 75
6977 83 49
6978 52 85
6979 77 74
6980 64 1
6981 81 56
6982 79 54
6983 46 53
6984 51 85
6985 27 1
6986 64 2
6987 27 0
6988 44 90
6989 78 54
6990 31 6
6991 89 73
6992 42 74
6993 79 54
6994 82 49
6995 42 70
6996 42 84
6997 42 85
6998 45 90
6999 44 90
7000 27 1
7001 85 50
7002 75 8
7003 0 90
7004 78 74
7005 74 8
7006 64 1
7007 42 84
7008 42 1
7009 45 53
7010 42 75
7011 89 72
7012 41 70
7013 1 90
7014 79 57
7015 30 31
7016 42 85
7017 42 2
7018 51 31
7019 30 30
7020 51 32
7021 83 49
7022 46 53
7023 45 53
7024 77 74
7025 42 1
7026 42 70
7027 64 2
7028 42 84
7029 30 31
7030 52 85
7031 64 1
7032 46 53
7033 45 53
7034 78 54
7035 78 74
7036 51 31
7037 64 36
7038 0 90
7039 46 53
7040 82 49
7041 79 54
7042 42 2
7043 83 49
7044 42 74
7045 42 85
7046 30 6
7047 27 0
7048 45 53
7049 85 49
7050 42 1
7051 75 8
7052 78 54
7053 27 1
7054 79 58
7055 46 53
7056 45 90
7057 82 49
7058 89 73
7059 83 49
7060 74 8
7061 79 57
7062 85 50
7063 75 8
7064 85 49
7065 44 90
7066 1 90
7067 30 30
7068 85 50
7069 46 73
7070 82 56
7071 79 58
7072 63 36
7073 85 49
7074 89 72
7075 81 56
7076 28 79
7077 82 49
7078 51 32
7079 64 2
7080 64 36
7081 45 90
7082 41 70
7083 0 90
7084 42 84
7085 46 74
7086 63 29
7087 31 6
7088 83 49
7089 44 90
7090 30 31
7091 30 30
7092 42 85
7093 30 31
7094 82 56
7095 63 36
7096 74 8
7097 51 31
7098 64 1
7099 29 79
7100 45 90
7101 81 56
7102 82 56
7103 42 75
7104 77 74
7105 27 0
7106 46 73
7107 89 73
7108 30 30
7109 51 32
7110 51 85
7111 79 57
7112 81 56
7113 42 74
7114 42 75
7115 63 30
7116 42 70
7117 46 74
7118 42 84
7119 30 31
7120 78 74
7121 85 50
7122 75 8
7123 85 49
7124 51 31
7125 77 74
7126 46 73
7127 52 85
7128 63 29
7129 78 74
7130 30 30
7131 82 56
7132 64 2
7133 1 90
7134 85 50
7135 85 49
7136 41 70
7137 42 2
7138 81 56
7139 51 85
7140 51 32
7141 85 50
7142 45 53
7143 85 49
7144 42 1
7145 30 6
7146 46 74
7147 64 1
7148 52 85
7149 82 49
7150 0 90
7151 82 56
7152 42 2
7153 79 54
7154 89 72
7155 79 58
7156 28 79
7157 42 1
7158 89 73
7159 81 56
7160 31 6
7161 83 49
7162 42 85
7163 29 79
7164 82 49
7165 30 6
7166 42 84
7167 46 53
7168 79 57
7169 51 85
7170 27 1
7171 44 90
7172 51 31
7173 42 2
7174 45 90
7175 82 56
7176 30 31
7177 1 90
7178 52 85
7179 78 54
7180 79 54
7181 31 6
7182 27 0
7183 44 90
7184 30 6
7185 30 30
7186 45 90
7187 78 54
7188 77 74
7189 42 74
7190 89 72
7191 42 85
7192 78 74
7193 63 30
7194 79 54
7195 44 90
7196 42 84
7197 45 53
7198 81 56
7199 0 90
7200 30 31
7201 85 50
7202 63 29
7203 83 49
7204 42 85
7205 82 49
7206 85 49
7207 82 56
7208 74 8
7209 30 30
7210 75 8
7211 1 90
7212 78 54
7213 63 30
7214 77 74
7215 46 53
7216 46 73
7217 42 75
7218 79 58
7219 42 1
7220 79 57
7221 31 6
7222 0 90
7223 83 49
7224 64 2
7225 30 31
7226 30 6
7227 1 90
7228 82 49
7229 79 54
7230 63 29
7231 42 2
7232 45 53
7233 64 1
7234 51 32
7235 31 6
7236 30 30
7237 51 85
7238 42 74
7239 46 74
7240 78 74
7241 85 50
7242 42 84
7243 83 49
7244 64 36
7245 51 31
7246 28 79
7247 45 90
7248 42 1
7249 46 73
7250 0 90
7251 77 74
7252 30 6
7253 64 2
7254 31 6
7255 46 74
7256 79 58
7257 27 1
7258 78 74
7259 46 73
7260 30 31
7261 42 70
7262 52 85
7263 63 36
7264 1 90
7265 77 74
7266 89 73
7267 63 30
7268 42 75
7269 79 57
7270 29 79
7271 51 32
7272 78 54
7273 46 74
7274 41 70
7275 0 90
7276 82 49
7277 79 58
7278 44 90
7279 45 90
7280 30 30
7281 78 74
7282 63 29
7283 89 72
7284 63 30
7285 28 79
7286 46 53
7287 74 8
7288 46 73
7289 42 2
7290 42 85
7291 51 85
7292 42 74
7293 81 56
7294 42 75
7295 42 74
7296 75 8
7297 42 84
7298 83 49
7299 27 0
7300 42 70
7301 27 1
7302 82 56
7303 52 85
7304 79 57
7305 46 74
7306 74 8
7307 75 8
7308 64 36
7309 64 1
7310 79 58
7311 27 0
7312 63 36
7313 30 6
7314 89 73
7315 42 85
7316 64 36
7317 27 1
7318 79 54
7319 51 85
7320 42 84
7321 42 1
7322 51 31
7323 77 74
7324 31 6
7325 79 57
7326 82 49
7327 42 85
7328 89 72
7329 42 84
7330 30 6
7331 52 85
7332 29 79
7333 51 32
7334 51 31
7335 78 74
7336 31 6
7337 28 79
7338 63 29
7339 77 74
7340 42 85
7341 42 84
7342 79 58
7343 79 57
7344 45 53
7345 42 2
7346 74 8
7347 42 85
7348 44 90
7349 81 56
7350 51 32
7351 46 73
7352 63 36
7353 41 70
7354 1 90
7355 42 84
7356 30 6
7357 78 74
7358 42 70
7359 63 30
7360 82 56
7361 85 49
7362 81 56
7363 89 73
7364 79 58
7365 64 36
7366 46 74
7367 45 90
7368 85 50
7369 42 75
7370 46 73
7371 44 90
7372 46 74
7373 42 1
7374 0 90
7375 46 53
7376 63 29
7377 89 72
7378 1 90
7379 0 90
7380 64 2
7381 45 90
7382 44 90
7383 46 73
7384 42 85
7385 75 8
7386 45 90
7387 77 74
7388 29 79
7389 64 1
7390 63 36
7391 42 84
7392 28 79
7393 42 85
7394 42 74
7395 78 54
7396 42 84
7397 46 74
7398 41 70
7399 27 0
7400 83 49
7401 74 8
7402 42 85
7403 89 73
7404 29 79
7405 31 6
7406 82 56
7407 28 79
7408 64 2
7409 46 73
7410 79 54
7411 42 2
7412 82 49
7413 81 56
7414 64 36
7415 63 36
7416 83 49
7417 27 1
7418 44 90
7419 45 90
7420 46 74
7421 82 49
7422 51 31
7423 29 79
7424 42 70
7425 41 70
7426 44 90
7427 45 90
7428 42 75
7429 44 90
7430 27 0
7431 45 53
7432 78 74
7433 83 49
7434 1 90
7435 30 6
7436 46 73
7437 31 6
7438 82 56
7439 0 90
7440 46 53
7441 42 70
7442 79 57
7443 85 49
7444 1 90
7445 27 1
7446 30 31
7447 89 72
7448 28 79
7449 45 53
7450 45 90
7451 82 49
7452 42 74
7453 64 1
7454 85 50
7455 0 90
7456 51 85
7457 1 90
7458 75 8
7459 42 1
7460 52 85
7461 41 70
7462 83 49
7463 42 2
7464 42 70
7465 64 36
7466 51 32
7467 78 54
7468 82 49
7469 63 30
7470 27 0
7471 27 1
7472 64 2
7473 63 29
7474 81 56
7475 89 73
7476 0 90
7477 63 30
7478 83 49
7479 46 53
7480 1 90
7481 63 36
7482 42 84
7483 41 70
7484 85 49
7485 79 54
7486 74 8
7487 51 31
7488 0 90
7489 29 79
7490 42 85
7491 42 84
7492 77 74
7493 42 70
7494 1 90
7495 44 90
7496 82 56
7497 78 74
7498 51 85
7499 81 56
7500 85 50
7501 79 58
7502 30 6
7503 82 56
7504 52 85
7505 89 72
7506 0 90
7507 31 6
7508 64 1
7509 46 74
7510 82 49
7511 78 54
7512 89 73
7513 79 57
7514 79 54
7515 85 49
7516 64 36
7517 45 90
7518 83 49
7519 81 56
7520 63 36
7521 51 32
7522 64 2
7523 28 79
7524 51 85
7525 79 58
7526 42 75
7527 30 6
7528 52 85
7529 1 90
7530 51 31
7531 77 74
7532 51 85
7533 63 29
7534 42 85
7535 0 90
7536 27 0
7537 64 1
7538 51 32
7539 75 8
7540 42 1
7541 27 1
7542 27 0
7543 1 90
7544 74 8
7545 82 49
7546 85 50
7547 31 6
7548 29 79
7549 85 49
7550 45 53
7551 27 1
7552 64 2
7553 75 8
7554 42 74
7555 79 57
7556 83 49
7557 78 54
7558 85 50
7559 46 53
7560 82 49
7561 78 74
7562 79 58
7563 82 56
7564 45 53
7565 46 53
7566 81 56
7567 79 57
7568 42 2
7569 44 90
7570 45 53
7571 41 70
7572 63 30
7573 52 85
7574 42 84
7575 42 70
7576 82 56
7577 81 56
7578 85 49
7579 89 72
7580 79 54
7581 64 36
7582 42 75
7583 63 36
7584 74 8
7585 75 8
7586 45 90
7587 89 73
7588 30 6
7589 51 85
7590 85 50
7591 44 90
7592 82 56
7593 42 74
7594 79 58
7595 42 1
7596 46 53
7597 81 56
7598 83 49
7599 82 49
7600 41 70
7601 82 56
7602 42 75
7603 83 49
7604 85 49
7605 81 56
7606 42 2
7607 64 36
7608 63 36
7609 30 30
7610 0 90
7611 64 36
7612 63 36
7613 78 54
7614 45 90
7615 31 6
7616 74 8
7617 64 1
7618 82 49
7619 28 79
7620 42 74
7621 83 49
7622 63 29
7623 79 57
7624 79 58
7625 85 50
7626 82 49
7627 83 49
7628 30 31
7629 52 85
7630 29 79
7631 82 56
7632 85 49
7633 64 36
7634 64 2
7635 63 30
7636 28 79
7637 30 6
7638 42 85
7639 42 75
7640 42 74
7641 42 70
7642 46 73
7643 29 79
7644 85 50
7645 44 90
7646 51 85
7647 1 90
7648 27 0
7649 42 84
7650 0 90
7651 52 85
7652 63 29
7653 77 74
7654 51 85
7655 64 1
7656 64 2
7657 42 1
7658 45 90
7659 89 72
7660 42 2
7661 27 1
7662 78 74
7663 1 90
7664 27 0
7665 41 70
7666 31 6
7667 79 57
7668 28 79
7669 44 90
7670 79 58
7671 63 30
7672 29 79
7673 45 53
7674 89 73
7675 63 36
7676 42 85
7677 64 1
7678 42 70
7679 30 6
7680 31 6
7681 46 74
7682 42 75
7683 42 1
7684 0 90
7685 75 8
7686 79 57
7687 27 1
7688 46 53
7689 82 49
7690 79 54
7691 83 49
7692 81 56
7693 27 0
7694 46 73
7695 82 56
7696 82 49
7697 46 74
7698 27 1
7699 41 70
7700 42 2
7701 51 31
7702 81 56
7703 1 90
7704 51 32
7705 74 8
7706 83 49
7707 42 1
7708 77 74
7709 42 70
7710 63 29
7711 42 74
7712 51 31
7713 82 56
7714 64 2
7715 46 73
7716 41 70
7717 30 30
7718 52 85
7719 78 54
7720 45 90
7721 75 8
7722 85 49
7723 74 8
7724 42 75
7725 85 50
7726 85 49
7727 63 30
7728 63 29
7729 79 58
7730 64 1
7731 42 74
7732 30 6
7733 82 49
7734 0 90
7735 78 74
7736 51 85
7737 79 57
7738 45 53
7739 42 2
7740 63 30
7741 28 79
7742 79 58
7743 46 53
7744 30 31
7745 63 29
7746 81 56
7747 31 6
7748 89 72
7749 63 30
7750 64 2
7751 42 1
7752 1 90
7753 27 0
7754 30 30
7755 30 6
7756 42 84
7757 63 29
7758 42 70
7759 29 79
7760 82 56
7761 28 79
7762 52 85
7763 83 49
7764 64 1
7765 42 75
7766 63 30
7767 42 85
7768 29 79
7769 42 74
7770 77 74
7771 44 90
7772 51 85
7773 42 2
7774 45 53
7775 51 32
7776 82 49
7777 75 8
7778 81 56
7779 82 56
7780 52 85
7781 45 90
7782 44 90
7783 51 85
7784 28 79
7785 29 79
7786 51 31
7787 83 49
7788 28 79
7789 41 70
7790 74 8
7791 78 74
7792 79 54
7793 78 54
7794 51 32
7795 30 31
7796 31 6
7797 79 57
7798 45 90
7799 52 85
7800 30 6
7801 79 54
7802 0 90
7803 42 75
7804 1 90
7805 51 31
7806 44 90
7807 42 70
7808 51 85
7809 81 56
7810 42 74
7811 46 53
7812 51 32
7813 82 49
7814 41 70
7815 42 70
7816 89 73
7817 64 36
7818 82 56
7819 0 90
7820 63 36
7821 1 90
7822 31 6
7823 42 75
7824 79 58
7825 41 70
7826 51 31
7827 77 74
7828 78 74
7829 29 79
7830 42 74
7831 28 79
7832 75 8
7833 81 56
7834 74 8
7835 82 56
7836 42 84
7837 63 29
7838 85 50
7839 51 32
7840 85 49
7841 42 70
7842 29 79
7843 46 74
7844 79 57
7845 41 70
7846 78 54
7847 42 1
7848 52 85
7849 27 1
7850 79 58
7851 89 72
7852 64 36
7853 45 90
7854 81 56
7855 82 56
7856 75 8
7857 89 73
7858 81 56
7859 42 75
7860 51 85
7861 63 36
7862 0 90
7863 42 74
7864 45 53
7865 42 2
7866 46 53
7867 45 53
7868 77 74
7869 27 0
7870 79 54
7871 64 2
7872 78 54
7873 46 73
7874 1 90
7875 52 85
7876 63 30
7877 64 36
7878 51 85
7879 63 36
7880 78 74
7881 30 6
7882 30 30
7883 46 53
7884 27 1
7885 64 36
7886 63 36
7887 51 31
7888 46 74
7889 28 79
7890 89 72
7891 64 36
7892 42 75
7893 63 36
7894 79 57
7895 29 79
7896 77 74
7897 83 49
7898 82 56
7899 30 31
7900 0 90
7901 45 53
7902 42 85
7903 85 50
7904 79 58
7905 31 6
7906 64 1
7907 42 84
7908 46 53
7909 30 30
7910 42 70
7911 30 31
7912 27 0
7913 42 1
7914 42 2
7915 42 85
7916 89 73
7917 46 73
7918 81 56
7919 28 79
7920 41 70
7921 27 1
7922 42 84
7923 79 57
7924 74 8
7925 29 79
7926 64 36
7927 42 1
7928 44 90
7929 46 74
7930 82 49
7931 42 70
7932 85 49
7933 63 36
7934 85 50
7935 27 0
7936 1 90
7937 42 2
7938 75 8
7939 30 30
7940 82 56
7941 74 8
7942 28 79
7943 30 31
7944 63 29
7945 0 90
7946 46 73
7947 30 30
7948 63 30
7949 30 6
7950 63 29
7951 78 74
7952 79 58
7953 45 53
7954 42 1
7955 85 49
7956 83 49
7957 45 90
7958 63 30
7959 85 50
7960 42 2
7961 42 1
7962 75 8
7963 82 49
7964 52 85
7965 46 53
7966 81 56
7967 89 72
7968 41 70
7969 46 74
7970 74 8
7971 51 85
7972 29 79
7973 42 74
7974 64 2
7975 27 1
7976 46 73
7977 46 74
7978 79 57
7979 83 49
7980 42 2
7981 52 85
7982 42 75
7983 31 6
7984 79 58
7985 42 74
7986 42 1
7987 42 85
7988 77 74
7989 82 49
7990 1 90
7991 42 2
7992 64 1
7993 0 90
7994 78 74
7995 30 6
7996 28 79
7997 46 73
7998 89 73
7999 31 6
8000 64 2
8001 75 8
8002 89 72
8003 83 49
8004 51 85
8005 82 49
8006 29 79
8007 52 85
8008 63 29
8009 42 84
8010 42 85
8011 44 90
8012 64 36
8013 42 75
8014 42 70
8015 79 54
8016 51 85
8017 85 49
8018 63 30
8019 82 56
8020 27 0
8021 27 1
8022 85 50
8023 81 56
8024 27 0
8025 46 74
8026 45 53
8027 78 54
8028 64 1
8029 42 84
8030 27 1
8031 42 85
8032 77 74
8033 42 84
8034 42 85
8035 42 84
8036 79 57
8037 79 58
8038 46 73
8039 41 70
8040 30 6
8041 51 32
8042 85 49
8043 31 6
8044 63 29
8045 46 53
8046 42 70
8047 79 57
8048 27 0
8049 30 31
8050 30 30
8051 1 90
8052 51 31
8053 42 1
8054 46 74
8055 79 58
8056 89 73
8057 42 85
8058 89 72
8059 63 30
8060 27 1
8061 27 0
8062 42 74
8063 85 50
8064 41 70
8065 42 75
8066 45 53
8067 0 90
8068 89 73
8069 64 2
8070 52 85
8071 42 70
8072 85 49
8073 28 79
8074 30 31
8075 41 70
8076 79 54
8077 63 36
8078 51 85
8079 1 90
8080 83 49
8081 74 8
8082 42 84
8083 63 29
8084 79 57
8085 63 30
8086 64 36
8087 85 50
8088 64 1
8089 46 73
8090 82 49
8091 51 32
8092 51 31
8093 78 74
8094 29 79
8095 79 58
8096 30 30
8097 82 56
8098 42 85
8099 45 90
8100 28 79
8101 79 57
8102 52 85
8103 89 72
8104 63 29
8105 85 49
8106 63 36
8107 78 54
8108 85 50
8109 79 58
8110 42 2
8111 79 57
8112 42 70
8113 42 74
8114 44 90
8115 51 85
8116 81 56
8117 46 74
8118 63 30
8119 45 90
8120 64 2
8121 85 49
8122 85 50
8123 27 1
8124 79 58
8125 27 0
8126 42 75
8127 30 31
8128 27 1
8129 89 73
8130 83 49
8131 0 90
8132 29 79
8133 42 74
8134 42 1
8135 1 90
8136 41 70
8137 52 85
8138 27 0
8139 77 74
8140 46 73
8141 46 74
8142 42 70
8143 89 72
8144 82 49
8145 42 2
8146 64 36
8147 42 1
8148 78 74
8149 46 53
8150 28 79
8151 89 73
8152 79 57
8153 42 75
8154 44 90
8155 77 74
8156 63 29
8157 30 30
8158 79 54
8159 63 36
8160 79 58
8161 78 54
8162 64 36
8163 85 49
8164 45 53
8165 64 1
8166 41 70
8167 85 50
8168 75 8
8169 64 2
8170 51 32
8171 83 49
8172 79 54
8173 27 1
8174 30 6
8175 89 72
8176 79 57
8177 78 54
8178 30 31
8179 46 53
8180 45 53
8181 42 74
8182 42 70
8183 89 73
8184 30 30
8185 0 90
8186 46 53
8187 30 31
8188 64 1
8189 51 85
8190 30 30
8191 63 30
8192 85 49
8193 78 74
8194 63 29
8195 63 36
8196 45 90
8197 79 54
8198 42 75
8199 51 31
8200 42 2
8201 51 32
8202 82 56
8203 1 90
8204 89 72
8205 64 2
8206 46 73
8207 64 1
8208 79 58
8209 63 30
8210 74 8
8211 29 79
8212 85 50
8213 42 84
8214 42 1
8215 64 2
8216 77 74
8217 31 6
8218 42 2
8219 30 31
8220 78 54
8221 64 36
8222 63 29
8223 78 74
8224 44 90
8225 45 53
8226 42 74
8227 77 74
8228 30 30
8229 85 49
8230 51 31
8231 41 70
8232 64 1
8233 28 79
8234 52 85
8235 81 56
8236 85 50
8237 85 49
8238 63 36
8239 27 0
8240 42 70
8241 64 2
8242 64 1
8243 85 50
8244 46 74
8245 51 32
8246 64 2
8247 82 49
8248 64 1
8249 45 90
8250 29 79
8251 46 53
8252 63 30
8253 46 73
8254 79 57
8255 45 53
8256 64 36
8257 63 29
8258 83 49
8259 78 74
8260 0 90
8261 79 54
8262 63 36
8263 30 31
8264 46 74
8265 46 53
8266 27 1
8267 46 73
8268 64 2
8269 42 1
8270 1 90
8271 41 70
8272 44 90
8273 78 54
8274 30 30
8275 79 58
8276 64 36
8277 28 79
8278 79 57
8279 42 70
8280 42 75
8281 82 56
8282 85 49
8283 42 74
8284 30 31
8285 77 74
8286 42 2
8287 45 90
8288 78 74
8289 42 85
8290 77 74
8291 81 56
8292 44 90
8293 75 8
8294 64 1
8295 79 54
8296 51 31
8297 30 30
8298 27 0
8299 42 1
8300 64 2
8301 42 75
8302 82 49
8303 27 1
8304 89 73
8305 85 50
8306 46 74
8307 78 54
8308 89 72
8309 82 56
8310 81 56
8311 27 0
8312 30 31
8313 27 1
8314 45 90
8315 51 85
8316 30 6
8317 42 74
8318 74 8
8319 42 2
8320 85 49
8321 30 30
8322 27 0
8323 42 1
8324 79 54
8325 82 56
8326 29 79
8327 44 90
8328 78 54
8329 51 32
8330 81 56
8331 63 30
8332 42 84
8333 85 50
8334 63 29
8335 30 31
8336 79 58
8337 42 75
8338 79 54
8339 42 85
8340 82 56
8341 45 53
8342 42 2
8343 75 8
8344 63 30
8345 89 73
8346 45 90
8347 78 74
8348 83 49
8349 77 74
8350 31 6
8351 74 8
8352 78 74
8353 89 72
8354 77 74
8355 44 90
8356 63 36
8357 78 74
8358 28 79
8359 42 74
8360 64 1
8361 89 73
8362 42 84
8363 46 53
8364 41 70
8365 81 56
8366 78 54
8367 45 90
8368 64 2
8369 30 30
8370 30 31
8371 30 6
8372 42 85
8373 64 36
8374 42 70
8375 0 90
8376 79 57
8377 45 53
8378 63 29
8379 42 1
8380 31 6
8381 42 84
8382 79 58
8383 64 1
8384 63 30
8385 46 73
8386 42 85
8387 44 90
8388 45 90
8389 42 75
8390 42 84
8391 46 74
8392 63 36
8393 46 53
8394 75 8
8395 42 74
8396 41 70
8397 42 75
8398 79 57
8399 85 49
8400 42 70
8401 30 6
8402 63 29
8403 64 2
8404 79 58
8405 42 85
8406 51 31
8407 45 53
8408 64 1
8409 74 8
8410 79 54
8411 46 73
8412 79 57
8413 52 85
8414 46 74
8415 75 8
8416 42 74
8417 64 2
8418 64 36
8419 89 72
8420 27 1
8421 82 56
8422 44 90
8423 79 58
8424 30 30
8425 27 0
8426 81 56
8427 1 90
8428 89 73
8429 89 72
8430 0 90
8431 79 57
8432 77 74
8433 31 6
8434 30 31
8435 42 2
8436 30 30
8437 74 8
8438 42 75
8439 89 73
8440 45 90
8441 29 79
8442 30 31
8443 27 1
8444 85 50
8445 78 54
8446 85 49
8447 27 0
8448 46 73
8449 42 84
8450 42 85
8451 63 30
8452 85 50
8453 82 49
8454 78 74
8455 46 74
8456 42 84
8457 41 70
8458 83 49
8459 30 30
8460 51 85
8461 46 73
8462 63 36
8463 64 36
8464 28 79
8465 30 6
8466 31 6
8467 77 74
8468 78 74
8469 89 72
8470 63 36
8471 51 32
8472 63 29
8473 82 56
8474 46 53
8475 52 85
8476 82 49
8477 29 79
8478 81 56
8479 63 30
8480 64 1
8481 79 54
8482 77 74
8483 42 74
8484 51 31
8485 51 85
8486 45 53
8487 82 56
8488 42 75
8489 83 49
8490 78 74
8491 64 36
8492 42 74
8493 42 1
8494 82 49
8495 42 2
8496 46 53
8497 30 31
8498 79 58
8499 89 73
8500 45 53
8501 44 90
8502 83 49
8503 77 74
8504 64 2
8505 79 57
8506 42 70
8507 42 1
8508 81 56
8509 52 85
8510 42 2
8511 64 1
8512 79 58
8513 30 30
8514 78 54
8515 42 1
8516 63 29
8517 27 1
8518 82 49
8519 82 56
8520 51 85
8521 81 56
8522 75 8
8523 82 56
8524 83 49
8525 46 53
8526 64 2
8527 46 74
8528 46 73
8529 45 90
8530 63 36
8531 82 49
8532 64 1
8533 42 75
8534 42 2
8535 63 30
8536 74 8
8537 41 70
8538 42 74
8539 64 36
8540 78 74
8541 1 90
8542 30 31
8543 89 72
8544 79 54
8545 81 56
8546 44 90
8547 64 2
8548 52 85
8549 51 32
8550 28 79
8551 82 56
8552 45 53
8553 42 75
8554 42 74
8555 42 1
8556 42 75
8557 42 70
8558 63 29
8559 63 30
8560 83 49
8561 46 53
8562 75 8
8563 82 49
8564 42 74
8565 63 29
8566 46 74
8567 42 75
8568 42 74
8569 0 90
8570 42 85
8571 85 49
8572 64 1
8573 41 70
8574 74 8
8575 89 73
8576 81 56
8577 85 50
8578 63 36
8579 46 73
8580 27 0
8581 51 31
8582 51 85
8583 42 70
8584 45 53
8585 41 70
8586 64 2
8587 52 85
8588 51 85
8589 85 49
8590 82 56
8591 78 54
8592 45 90
8593 1 90
8594 89 72
8595 42 75
8596 46 53
8597 83 49
8598 42 2
8599 42 74
8600 64 1
8601 79 57
8602 64 36
8603 45 53
8604 0 90
8605 29 79
8606 51 32
8607 81 56
8608 79 54
8609 63 36
8610 42 84
8611 1 90
8612 42 75
8613 78 54
8614 77 74
8615 46 74
8616 46 53
8617 64 36
8618 63 36
8619 45 53
8620 0 90
8621 79 54
8622 30 6
8623 46 53
8624 27 1
8625 52 85
8626 27 0
8627 82 56
8628 42 70
8629 44 90
8630 45 53
8631 46 73
8632 75 8
8633 41 70
8634 78 74
8635 31 6
8636 1 90
8637 85 50
8638 74 8
8639 30 6
8640 63 30
8641 45 90
8642 82 49
8643 30 30
8644 30 31
8645 85 49
8646 83 49
8647 42 85
8648 82 49
8649 42 70
8650 42 84
8651 64 2
8652 27 1
8653 46 74
8654 89 73
8655 51 31
8656 85 50
8657 51 85
8658 42 74
8659 42 85
8660 79 58
8661 41 70
8662 28 79
8663 30 30
8664 0 90
8665 29 79
8666 63 29
8667 89 72
8668 42 1
8669 64 1
8670 81 56
8671 28 79
8672 77 74
8673 30 31
8674 82 56
8675 64 2
8676 85 49
8677 64 36
8678 46 53
8679 51 32
8680 63 36
8681 64 36
8682 42 75
8683 83 49
8684 52 85
8685 79 57
8686 75 8
8687 27 0
8688 89 73
8689 46 73
8690 85 50
8691 45 53
8692 46 74
8693 42 84
8694 29 79
8695 44 90
8696 74 8
8697 42 74
8698 30 30
8699 63 30
8700 82 49
8701 1 90
8702 27 1
8703 75 8
8704 64 1
8705 42 85
8706 46 53
8707 30 31
8708 78 54
8709 78 74
8710 28 79
8711 63 36
8712 42 70
8713 42 75
8714 64 2
8715 46 73
8716 85 49
8717 42 84
8718 29 79
8719 64 1
8720 79 54
8721 63 29
8722 0 90
8723 45 53
8724 64 36
8725 81 56
8726 46 74
8727 78 54
8728 79 54
8729 42 74
8730 64 2
8731 30 30
8732 1 90
8733 82 56
8734 41 70
8735 78 54
8736 42 75
8737 64 1
8738 77 74
8739 85 50
8740 51 85
8741 30 31
8742 27 0
8743 79 54
8744 30 30
8745 42 85
8746 74 8
8747 27 1
8748 42 74
8749 0 90
8750 78 54
8751 42 2
8752 79 58
8753 31 6
8754 63 36
8755 64 2
8756 81 56
8757 82 56
8758 46 73
8759 28 79
8760 64 36
8761 81 56
8762 1 90
8763 42 84
8764 46 74
8765 42 70
8766 46 53
8767 82 56
8768 0 90
8769 42 75
8770 1 90
8771 45 53
8772 63 30
8773 46 53
8774 63 36
8775 30 6
8776 30 31
8777 81 56
8778 41 70
8779 78 74
8780 75 8
8781 45 90
8782 74 8
8783 42 85
8784 64 36
8785 42 1
8786 64 1
8787 45 53
8788 27 0
8789 79 57
8790 42 84
8791 42 85
8792 77 74
8793 51 31
8794 79 58
8795 63 36
8796 82 56
8797 31 6
8798 42 74
8799 89 72
8800 51 32
8801 85 49
8802 81 56
8803 27 1
8804 64 2
8805 82 56
8806 89 73
8807 63 29
8808 81 56
8809 0 90
8810 1 90
8811 42 70
8812 42 84
8813 51 31
8814 64 36
8815 30 6
8816 30 30
8817 85 50
8818 31 6
8819 63 36
8820 29 79
8821 79 54
8822 83 49
8823 78 54
8824 51 32
8825 85 49
8826 64 1
8827 79 57
8828 82 56
8829 75 8
8830 52 85
8831 46 53
8832 89 72
8833 63 30
8834 42 85
8835 46 73
8836 89 73
8837 64 2
8838 79 58
8839 89 72
8840 42 84
8841 74 8
8842 79 57
8843 44 90
8844 42 2
8845 42 75
8846 45 53
8847 42 1
8848 45 90
8849 41 70
8850 85 50
8851 82 49
8852 64 36
8853 27 0
8854 44 90
8855 42 70
8856 51 31
8857 51 32
8858 89 73
8859 63 29
8860 30 6
8861 31 6
8862 83 49
8863 28 79
8864 82 49
8865 30 6
8866 83 49
8867 63 36
8868 63 30
8869 89 72
8870 31 6
8871 42 74
8872 46 53
8873 46 74
8874 46 73
8875 82 49
8876 83 49
8877 42 85
8878 64 1
8879 42 2
8880 45 90
8881 42 75
8882 44 90
8883 30 6
8884 75 8
8885 29 79
8886 51 31
8887 45 53
8888 63 29
8889 0 90
8890 41 70
8891 64 36
8892 89 73
8893 42 1
8894 63 36
8895 79 54
8896 46 53
8897 45 90
8898 42 84
8899 64 2
8900 85 49
8901 46 74
8902 42 2
8903 64 36
8904 51 32
8905 63 36
8906 63 30
8907 51 31
8908 45 53
8909 46 73
8910 64 1
8911 1 90
8912 64 36
8913 89 72
8914 42 70
8915 28 79
8916 31 6
8917 42 1
8918 30 31
8919 27 1
8920 85 50
8921 44 90
8922 81 56
8923 42 74
8924 30 30
8925 30 31
8926 46 74
8927 79 58
8928 74 8
8929 41 70
8930 46 53
8931 82 56
8932 46 73
8933 45 90
8934 46 74
8935 64 2
8936 0 90
8937 64 1
8938 42 75
8939 85 49
8940 79 57
8941 75 8
8942 78 74
8943 63 29
8944 30 6
8945 42 85
8946 42 74
8947 29 79
8948 44 90
8949 27 0
8950 42 70
8951 42 84
8952 51 32
8953 63 30
8954 63 36
8955 46 73
8956 64 36
8957 81 56
8958 31 6
8959 79 58
8960 63 36
8961 63 29
8962 51 85
8963 78 54
8964 85 50
8965 42 75
8966 89 73
8967 45 53
8968 64 36
8969 46 53
8970 42 74
8971 42 75
8972 74 8
8973 64 2
8974 77 74
8975 42 85
8976 45 90
8977 51 31
8978 79 54
8979 52 85
8980 1 90
8981 79 57
8982 0 90
8983 42 84
8984 30 6
8985 63 30
8986 30 30
8987 27 1
8988 63 36
8989 64 1
8990 82 49
8991 27 0
8992 31 6
8993 63 29
8994 45 53
8995 78 74
8996 44 90
8997 79 58
8998 45 90
8999 83 49
9000 28 79
9001 63 30
9002 27 1
9003 89 72
9004 85 49
9005 42 74
9006 1 90
9007 42 2
9008 41 70
9009 64 36
9010 63 29
9011 85 50
9012 63 30
9013 42 70
9014 29 79
9015 27 0
9016 41 70
9017 79 57
9018 77 74
9019 78 54
9020 75 8
9021 51 32
9022 82 56
9023 28 79
9024 30 31
9025 63 36
9026 44 90
9027 29 79
9028 74 8
9029 64 36
9030 81 56
9031 79 58
9032 0 90
9033 89 73
9034 42 75
9035 79 54
9036 28 79
9037 42 85
9038 78 74
9039 63 36
9040 78 54
9041 46 53
9042 45 53
9043 77 74
9044 79 57
9045 82 56
9046 85 49
9047 42 84
9048 46 53
9049 51 31
9050 1 90
9051 30 30
9052 0 90
9053 45 90
9054 42 74
9055 30 6
9056 42 70
9057 82 49
9058 63 29
9059 46 74
9060 46 73
9061 27 1
9062 41 70
9063 1 90
9064 42 70
9065 30 31
9066 0 90
9067 44 90
9068 83 49
9069 45 90
9070 31 6
9071 78 74
9072 30 6
9073 42 85
9074 42 1
9075 89 72
9076 82 49
9077 79 58
9078 77 74
9079 42 75
9080 42 2
9081 51 32
9082 44 90
9083 45 90
9084 51 85
9085 1 90
9086 42 84
9087 81 56
9088 64 36
9089 64 2
9090 42 85
9091 79 54
9092 29 79
9093 64 1
9094 83 49
9095 27 0
9096 79 57
9097 44 90
9098 78 54
9099 42 1
9100 41 70
9101 31 6
9102 63 30
9103 89 73
9104 79 58
9105 75 8
9106 45 90
9107 42 74
9108 82 56
9109 79 54
9110 44 90
9111 28 79
9112 79 57
9113 42 2
9114 63 29
9115 42 1
9116 42 2
9117 63 30
9118 0 90
9119 52 85
9120 81 56
9121 30 30
9122 82 56
9123 45 53
9124 42 1
9125 79 58
9126 74 8
9127 42 84
9128 64 2
9129 85 50
9130 46 53
9131 1 90
9132 29 79
9133 79 57
9134 89 72
9135 42 70
9136 51 85
9137 52 85
9138 45 90
9139 75 8
9140 30 31
9141 41 70
9142 27 1
9143 30 6
9144 63 36
9145 51 85
9146 31 6
9147 28 79
9148 74 8
9149 44 90
9150 63 29
9151 52 85
9152 85 49
9153 89 73
9154 64 36
9155 63 36
9156 42 75
9157 75 8
9158 30 6
9159 42 70
9160 85 50
9161 42 85
9162 85 49
9163 42 84
9164 46 74
9165 46 73
9166 63 30
9167 63 29
9168 29 79
9169 89 72
9170 85 50
9171 28 79
9172 42 74
9173 74 8
9174 51 85
9175 42 75
9176 31 6
9177 64 1
9178 29 79
9179 41 70
9180 0 90
9181 63 30
9182 64 36
9183 42 74
9184 30 30
9185 30 6
9186 45 53
9187 42 85
9188 85 49
9189 63 36
9190 45 90
9191 31 6
9192 63 29
9193 42 70
9194 63 30
9195 46 53
9196 27 0
9197 78 54
9198 64 2
9199 79 58
9200 1 90
9201 79 57
9202 64 36
9203 27 1
9204 45 53
9205 63 36
9206 27 0
9207 44 90
9208 82 49
9209 27 1
9210 52 85
9211 51 85
9212 45 90
9213 78 74
9214 0 90
9215 30 6
9216 81 56
9217 41 70
9218 79 54
9219 89 73
9220 27 0
9221 78 54
9222 31 6
9223 42 2
9224 42 70
9225 42 84
9226 75 8
9227 30 31
9228 27 1
9229 83 49
9230 74 8
9231 79 54
9232 44 90
9233 30 6
9234 82 56
9235 42 85
9236 52 85
9237 85 50
9238 41 70
9239 51 31
9240 28 79
9241 46 53
9242 51 32
9243 31 6
9244 51 31
9245 82 49
9246 79 58
9247 42 84
9248 63 29
9249 63 30
9250 45 90
9251 75 8
9252 30 6
9253 64 1
9254 51 85
9255 51 32
9256 74 8
9257 77 74
9258 78 74
9259 52 85
9260 42 70
9261 89 72
9262 75 8
9263 45 53
9264 74 8
9265 77 74
9266 46 53
9267 42 75
9268 45 53
9269 31 6
9270 42 74
9271 29 79
9272 64 36
9273 78 54
9274 89 73
9275 63 36
9276 64 36
9277 81 56
9278 83 49
9279 79 57
9280 42 75
9281 79 58
9282 30 6
9283 42 85
9284 42 74
9285 28 79
9286 51 31
9287 31 6
9288 42 1
9289 46 74
9290 42 84
9291 44 90
9292 82 56
9293 30 6
9294 30 30
9295 63 29
9296 75 8
9297 46 53
9298 89 72
9299 89 73
9300 30 31
9301 51 32
9302 63 30
9303 41 70
9304 89 72
9305 45 90
9306 51 85
9307 42 75
9308 82 49
9309 78 74
9310 63 36
9311 27 0
9312 79 57
9313 42 2
9314 89 73
9315 63 29
9316 63 30
9317 64 2
9318 52 85
9319 42 85
9320 31 6
9321 30 30
9322 51 85
9323 42 84
9324 63 29
9325 83 49
9326 81 56
9327 79 54
9328 63 30
9329 64 1
9330 82 56
9331 78 54
9332 79 54
9333 78 54
9334 42 1
9335 29 79
9336 42 2
9337 27 1
9338 42 1
9339 1 90
9340 85 49
9341 30 31
9342 63 29
9343 45 53
9344 85 50
9345 42 85
9346 85 49
9347 46 73
9348 63 30
9349 42 2
9350 85 50
9351 46 53
9352 79 54
9353 30 30
9354 78 54
9355 82 49
9356 74 8
9357 45 53
9358 63 29
9359 30 6
9360 42 1
9361 31 6
9362 0 90
9363 46 74
9364 30 6
9365 75 8
9366 42 74
9367 46 73
9368 1 90
9369 51 31
9370 30 31
9371 64 36
9372 77 74
9373 42 2
9374 63 36
9375 42 70
9376 41 70
9377 52 85
9378 30 30
9379 46 74
9380 0 90
9381 28 79
9382 46 53
9383 64 36
9384 42 75
9385 63 30
9386 42 74
9387 42 1
9388 78 74
9389 77 74
9390 51 85
9391 46 73
9392 45 53
9393 46 53
9394 1 90
9395 27 0
9396 89 72
9397 85 49
9398 44 90
9399 45 53
9400 42 2
9401 30 31
9402 31 6
9403 30 30
9404 51 32
9405 27 1
9406 46 74
9407 78 74
9408 42 84
9409 63 36
9410 64 2
9411 74 8
9412 64 36
9413 46 73
9414 64 1
9415 63 29
9416 42 75
9417 42 1
9418 81 56
9419 63 30
9420 63 29
9421 75 8
9422 83 49
9423 77 74
9424 46 53
9425 64 2
9426 63 36
9427 51 31
9428 74 8
9429 42 2
9430 46 74
9431 82 56
9432 52 85
9433 89 73
9434 45 53
9435 29 79
9436 75 8
9437 64 1
9438 27 0
9439 42 1
9440 27 1
9441 42 85
9442 51 32
9443 78 74
9444 42 70
9445 82 49
9446 30 31
9447 42 84
9448 0 90
9449 77 74
9450 46 53
9451 28 79
9452 46 73
9453 42 74
9454 45 53
9455 64 2
9456 30 30
9457 46 53
9458 41 70
9459 42 85
9460 30 6
9461 79 54
9462 1 90
9463 78 54
9464 74 8
9465 0 90
9466 42 70
9467 78 74
9468 27 0
9469 30 31
9470 27 1
9471 1 90
9472 41 70
9473 42 2
9474 75 8
9475 64 36
9476 83 49
9477 81 56
9478 27 0
9479 64 1
9480 64 2
9481 77 74
9482 27 1
9483 46 74
9484 82 49
9485 42 70
9486 42 84
9487 51 31
9488 82 56
9489 89 72
9490 63 36
9491 85 50
9492 63 30
9493 79 58
9494 79 57
9495 29 79
9496 27 0
9497 79 58
9498 30 30
9499 83 49
9500 45 90
9501 42 75
9502 78 74
9503 51 85
9504 42 74
9505 81 56
9506 52 85
9507 0 90
9508 45 53
9509 51 32
9510 79 57
9511 46 73
9512 46 74
9513 63 29
9514 64 1
9515 74 8
9516 31 6
9517 1 90
9518 82 49
9519 46 73
9520 64 36
9521 82 56
9522 42 75
9523 30 31
9524 27 1
9525 75 8
9526 28 79
9527 51 31
9528 64 2
9529 74 8
9530 30 6
9531 79 54
9532 46 53
9533 31 6
9534 29 79
9535 0 90
9536 89 73
9537 44 90
9538 51 85
9539 46 74
9540 52 85
9541 75 8
9542 45 90
9543 81 56
9544 30 30
9545 27 0
9546 63 36
9547 82 56
9548 81 56
9549 27 1
9550 1 90
9551 46 73
9552 85 49
9553 51 32
9554 0 90
9555 45 53
9556 64 36
9557 89 72
9558 82 56
9559 30 31
9560 64 1
9561 30 6
9562 83 49
9563 46 53
9564 45 53
9565 85 50
9566 31 6
9567 64 2
9568 44 90
9569 42 74
9570 30 30
9571 89 73
9572 46 74
9573 51 31
9574 46 53
9575 51 85
9576 64 1
9577 89 72
9578 85 49
9579 79 58
9580 41 70
9581 45 53
9582 78 54
9583 46 53
9584 63 30
9585 1 90
9586 42 85
9587 52 85
9588 81 56
9589 45 90
9590 74 8
9591 79 57
9592 51 32
9593 46 73
9594 64 2
9595 82 56
9596 63 36
9597 79 58
9598 45 53
9599 27 0
9600 42 84
9601 64 1
9602 28 79
9603 64 36
9604 85 50
9605 30 6
9606 42 1
9607 0 90
9608 42 2
9609 85 49
9610 64 2
9611 85 50
9612 31 6
9613 29 79
9614 75 8
9615 82 49
9616 81 56
9617 63 29
9618 1 90
9619 82 56
9620 64 1
9621 83 49
9622 63 36
9623 85 49
9624 42 1
9625 42 70
9626 64 2
9627 79 54
9628 41 70
9629 74 8
9630 46 74
9631 44 90
9632 46 53
9633 27 1
9634 42 70
9635 30 31
9636 85 50
9637 64 1
9638 42 85
9639 79 57
9640 42 2
9641 27 0
9642 77 74
9643 63 30
9644 28 79
9645 45 90
9646 42 1
9647 46 73
9648 81 56
9649 64 36
9650 27 1
9651 63 29
9652 42 2
9653 63 36
9654 85 49
9655 78 74
9656 46 74
9657 42 75
9658 29 79
9659 89 73
9660 42 1
9661 45 53
9662 51 85
9663 75 8
9664 82 49
9665 28 79
9666 74 8
9667 85 50
9668 64 36
9669 77 74
9670 51 31
9671 46 73
9672 41 70
9673 63 30
9674 46 53
9675 42 84
9676 29 79
9677 46 74
9678 83 49
9679 63 36
9680 27 0
9681 63 29
9682 42 2
9683 82 49
9684 83 49
9685 52 85
9686 63 30
9687 63 29
9688 64 2
9689 44 90
9690 85 49
9691 89 72
9692 51 32
9693 0 90
9694 1 90
9695 75 8
9696 89 73
9697 82 49
9698 42 1
9699 83 49
9700 0 90
9701 30 6
9702 82 56
9703 31 6
9704 79 58
9705 28 79
9706 45 90
9707 74 8
9708 64 1
9709 42 2
9710 82 49
9711 51 85
9712 83 49
9713 75 8
9714 51 31
9715 1 90
9716 78 54
9717 29 79
9718 30 30
9719 79 54
9720 64 2
9721 51 32
9722 28 79
9723 42 74
9724 42 75
9725 81 56
9726 78 54
9727 82 49
9728 0 90
9729 82 56
9730 30 31
9731 1 90
9732 52 85
9733 74 8
9734 27 1
9735 51 85
9736 78 74
9737 29 79
9738 77 74
9739 27 0
9740 89 72
9741 89 73
9742 63 30
9743 64 36
9744 64 1
9745 63 36
9746 52 85
9747 0 90
9748 42 70
9749 30 30
9750 46 73
9751 51 85
9752 85 50
9753 63 29
9754 30 6
9755 63 30
9756 30 31
9757 45 53
9758 41 70
9759 51 31
9760 78 74
9761 46 74
9762 27 1
9763 89 72
9764 46 73
9765 81 56
9766 42 70
9767 46 74
9768 51 32
9769 64 2
9770 1 90
9771 79 57
9772 42 85
9773 79 58
9774 64 1
9775 42 74
9776 46 73
9777 64 2
9778 51 31
9779 28 79
9780 27 0
9781 82 56
9782 29 79
9783 0 90
9784 31 6
9785 81 56
9786 89 73
9787 79 57
9788 79 58
9789 85 49
9790 64 1
9791 85 50
9792 77 74
9793 75 8
9794 82 56
9795 1 90
9796 42 84
9797 42 1
9798 78 74
9799 83 49
9800 77 74
9801 78 74
9802 64 2
9803 52 85
9804 85 49
9805 79 54
9806 51 85
9807 44 90
9808 0 90
9809 77 74
9810 51 32
9811 89 72
9812 42 2
9813 63 29
9814 42 1
9815 64 36
9816 30 6
9817 85 50
9818 64 1
9819 42 85
9820 78 74
9821 51 31
9822 79 57
9823 63 36
9824 89 73
9825 42 2
9826 28 79
9827 89 72
9828 51 32
9829 81 56
9830 41 70
9831 1 90
9832 46 74
9833 63 30
9834 85 49
9835 29 79
9836 42 70
9837 42 75
9838 42 1
9839 42 84
9840 82 49
9841 82 56
9842 27 1
9843 89 73
9844 46 73
9845 89 72
9846 42 2
9847 77 74
9848 30 30
9849 31 6
9850 41 70
9851 46 74
9852 27 0
9853 64 36
9854 63 36
9855 30 6
9856 0 90
9857 1 90
9858 28 79
9859 46 53
9860 89 73
9861 29 79
9862 64 2
9863 0 90
9864 51 31
9865 78 54
9866 42 1
9867 85 50
9868 74 8
9869 79 54
9870 85 49
9871 31 6
9872 27 1
9873 27 0
9874 46 73
9875 30 6
9876 42 2
9877 30 31
9878 78 74
9879 31 6
9880 42 85
9881 46 74
9882 27 1
9883 1 90
9884 52 85
9885 83 49
9886 46 73
9887 45 90
9888 27 0
9889 0 90
9890 42 84
9891 42 1
9892 89 72
9893 30 6
9894 28 79
9895 78 54
9896 1 90
9897 79 58
9898 82 49
9899 27 1
9900 63 29
9901 63 30
9902 44 90
9903 42 74
9904 42 85
9905 83 49
9906 64 1
9907 64 36
9908 42 2
9909 77 74
9910 89 73
9911 42 1
9912 29 79
9913 79 57
9914 30 30
9915 42 2
9916 46 74
9917 51 85
9918 51 32
9919 45 90
9920 27 0
9921 81 56
9922 30 31
9923 42 75
9924 79 58
9925 82 49
9926 52 85
9927 46 73
9928 42 1
9929 31 6
9930 63 29
9931 42 70
9932 78 74
9933 0 90
9934 30 6
9935 89 72
9936 1 90
9937 63 36
9938 82 56
9939 79 54
9940 31 6
9941 30 6
9942 41 70
9943 75 8
9944 31 6
9945 42 70
9946 30 6
9947 79 57
9948 45 53
9949 30 30
9950 28 79
9951 30 31
9952 78 54
9953 44 90
9954 27 1
9955 51 85
9956 85 50
9957 42 2
9958 83 49
9959 30 30
9960 79 54
9961 29 79
9962 79 58
9963 77 74
9964 46 53
9965 51 31
9966 85 49
9967 78 74
9968 64 36
9969 51 32
9970 64 2
9971 51 31
9972 79 57
9973 42 1
9974 45 53
9975 46 53
9976 30 31
9977 46 74
9978 81 56
9979 63 30
9980 31 6
9981 0 90
9982 30 6
9983 82 49
9984 51 32
9985 83 49
9986 51 31
9987 77 74
9988 82 49
9989 78 74
9990 79 58
9991 78 54
9992 83 49
9993 30 30
9994 51 32
9995 63 36
9996 89 73
9997 45 90
9998 63 29
9999 64 36
10000 30 31
10001 82 49
10002 77 74
10003 85 50
10004 63 30
10005 46 73
10006 78 74
10007 28 79
10008 45 53
10009 46 74
10010 31 6
10011 27 0
10012 44 90
10013 82 56
10014 52 85
10015 42 74
10016 42 2
10017 51 31
10018 64 1
10019 89 72
10020 51 32
10021 30 30
10022 74 8
10023 79 57
10024 81 56
10025 82 56
10026 42 75
10027 81 56
10028 30 6
10029 83 49
10030 27 1
10031 63 36
10032 27 0
10033 41 70
10034 79 54
10035 31 6
10036 42 1
10037 45 90
10038 30 6
10039 51 31
10040 82 49
10041 75 8
10042 82 56
10043 31 6
10044 1 90
10045 63 29
10046 46 53
10047 81 56
10048 85 49
10049 29 79
10050 79 58
10051 85 50
10052 42 2
10053 42 1
10054 74 8
10055 44 90
10056 75 8
10057 51 85
10058 85 49
10059 45 90
10060 52 85
10061 89 73
10062 42 74
10063 74 8
10064 42 2
10065 30 6
10066 31 6
10067 77 74
10068 44 90
10069 51 32
10070 0 90
10071 85 50
10072 42 1
10073 85 49
10074 45 90
10075 78 74
10076 30 6
10077 78 54
10078 42 70
10079 45 53
10080 28 79
10081 1 90
10082 64 2
10083 41 70
10084 51 31
10085 63 30
10086 42 84
10087 42 85
10088 44 90
10089 85 50
10090 79 57
10091 79 54
10092 79 58
10093 64 1
10094 79 57
10095 42 2
10096 64 2
10097 75 8
10098 51 32
10099 77 74
10100 42 75
10101 79 58
10102 63 29
10103 89 72
10104 46 53
10105 63 30
10106 42 1
10107 0 90
10108 42 84
10109 89 73
10110 1 90
10111 42 2
10112 45 53
10113 27 1
10114 78 74
10115 31 6
10116 42 70
10117 83 49
10118 79 57
10119 46 73
10120 27 0
10121 74 8
10122 29 79
10123 79 58
10124 78 54
10125 82 56
10126 63 29
10127 41 70
10128 79 57
10129 27 1
10130 0 90
10131 81 56
10132 27 0
10133 42 70
10134 77 74
10135 64 1
10136 75 8
10137 64 2
10138 46 53
10139 51 31
10140 85 49
10141 1 90
10142 46 74
10143 51 85
10144 27 1
10145 27 0
10146 64 36
10147 42 1
10148 42 85
10149 82 49
10150 51 32
10151 51 31
10152 85 50
10153 45 53
10154 0 90
10155 74 8
10156 45 90
10157 83 49
10158 42 2
10159 28 79
10160 30 31
10161 85 49
10162 1 90
10163 42 1
10164 82 56
10165 46 53
10166 46 73
10167 51 32
10168 82 49
10169 75 8
10170 41 70
10171 0 90
10172 1 90
10173 0 90
10174 79 54
10175 64 1
10176 63 30
10177 30 6
10178 63 36
10179 42 84
10180 45 53
10181 1 90
10182 42 85
10183 46 53
10184 51 31
10185 27 1
10186 81 56
10187 42 84
10188 29 79
10189 79 58
10190 78 54
10191 64 2
10192 89 72
10193 63 29
10194 82 56
10195 85 50
10196 85 49
10197 83 49
10198 27 0
10199 89 73
10200 30 30
10201 0 90
10202 27 1
10203 79 54
10204 63 30
10205 44 90
10206 81 56
10207 64 36
10208 42 85
10209 63 36
10210 51 32
10211 45 53
10212 82 56
10213 42 70
10214 64 36
10215 42 74
10216 27 0
10217 63 29
10218 89 72
10219 27 1
10220 46 53
10221 51 31
10222 42 75
10223 46 74
10224 45 90
10225 64 1
10226 63 30
10227 74 8
10228 75 8
10229 42 84
10230 63 36
10231 89 73
10232 78 74
10233 42 85
10234 30 31
10235 78 54
10236 82 49
10237 51 32
10238 77 74
10239 79 57
10240 27 0
10241 83 49
10242 1 90
10243 81 56
10244 44 90
10245 79 58
10246 64 2
10247 42 84
10248 64 36
10249 82 56
10250 64 1
10251 85 50
10252 41 70
10253 45 90
10254 63 36
10255 44 90
10256 31 6
10257 64 36
10258 28 79
10259 42 74
10260 81 56
10261 78 74
10262 27 1
10263 79 57
10264 30 30
10265 85 49
10266 64 2
10267 46 73
10268 45 53
10269 64 1
10270 64 2
10271 79 54
10272 79 58
10273 74 8
10274 42 2
10275 29 79
10276 42 1
10277 46 53
10278 78 54
10279 82 49
10280 63 29
10281 45 90
10282 82 56
10283 81 56
10284 30 6
10285 83 49
10286 0 90
10287 79 57
10288 42 75
10289 44 90
10290 52 85
10291 45 90
10292 1 90
10293 82 49
10294 42 74
10295 42 75
10296 51 85
10297 83 49
10298 64 1
10299 82 56
10300 30 31
10301 77 74
10302 45 53
10303 42 70
10304 46 74
10305 79 58
10306 28 79
10307 30 30
10308 64 2
10309 64 1
10310 78 74
10311 89 72
10312 79 57
10313 63 36
10314 89 73
10315 77 74
10316 0 90
10317 79 58
10318 64 2
10319 64 36
10320 79 54
10321 27 0
10322 42 85
10323 46 53
10324 79 57
10325 81 56
10326 63 30
10327 44 90
10328 42 2
10329 42 74
10330 31 6
10331 85 50
10332 75 8
10333 45 53
10334 51 31
10335 51 32
10336 45 90
10337 64 1
10338 42 1
10339 42 84
10340 1 90
10341 78 54
10342 82 56
10343 42 85
10344 74 8
10345 30 6
10346 41 70
10347 79 58
10348 42 70
10349 75 8
10350 81 56
10351 78 74
10352 42 84
10353 27 1
10354 74 8
10355 42 75
10356 0 90
10357 42 2
10358 89 72
10359 63 36
10360 79 54
10361 30 31
10362 30 30
10363 64 2
10364 44 90
10365 30 31
10366 42 1
10367 42 85
10368 75 8
10369 51 31
10370 82 56
10371 42 2
10372 81 56
10373 42 1
10374 42 2
10375 63 29
10376 89 73
10377 30 30
10378 63 30
10379 30 31
10380 31 6
10381 41 70
10382 63 29
10383 1 90
10384 82 49
10385 83 49
10386 51 32
10387 64 36
10388 29 79
10389 27 0
10390 77 74
10391 46 73
10392 42 84
10393 30 30
10394 30 31
10395 78 74
10396 63 30
10397 63 36
10398 89 72
10399 42 70
10400 77 74
10401 78 54
10402 64 1
10403 64 36
10404 42 74
10405 63 36
10406 45 90
10407 27 1
10408 27 0
10409 42 1
10410 0 90
10411 28 79
10412 29 79
10413 85 49
10414 42 2
10415 1 90
10416 78 74
10417 64 2
10418 41 70
10419 51 31
10420 64 36
10421 44 90
10422 63 29
10423 27 1
10424 45 90
10425 82 49
10426 42 1
10427 46 74
10428 63 30
10429 82 56
10430 63 29
10431 63 30
10432 89 73
10433 79 54
10434 85 50
10435 28 79
10436 42 85
10437 89 72
10438 42 84
10439 42 70
10440 41 70
10441 64 1
10442 52 85
10443 46 73
10444 27 0
10445 29 79
10446 27 1
10447 51 85
10448 46 74
10449 64 2
10450 30 6
10451 51 32
10452 46 73
10453 79 57
10454 31 6
10455 64 1
10456 42 70
10457 0 90
10458 52 85
10459 42 85
10460 46 74
10461 63 29
10462 64 2
10463 63 36
10464 89 73
10465 64 1
10466 28 79
10467 46 53
10468 89 72
10469 44 90
10470 81 56
10471 27 0
10472 29 79
10473 64 36
10474 82 56
10475 28 79
10476 42 2
10477 74 8
10478 63 36
10479 51 85
10480 83 49
10481 52 85
10482 42 84
10483 42 85
10484 29 79
10485 42 84
10486 1 90
10487 45 53
10488 0 90
10489 30 6
10490 51 31
10491 27 1
10492 78 54
10493 45 90
10494 42 1
10495 85 49
10496 27 0
10497 64 2
10498 64 1
10499 27 1
10500 64 2
10501 42 75
10502 1 90
10503 41 70
10504 82 49
10505 63 30
10506 27 0
10507 51 32
10508 44 90
10509 42 85
10510 81 56
10511 27 1
10512 79 58
10513 89 73
10514 75 8
10515 79 57
10516 42 84
10517 27 0
10518 77 74
10519 85 50
10520 28 79
10521 85 49
10522 42 85
10523 31 6
10524 78 74
10525 42 74
10526 42 84
10527 79 54
10528 45 90
10529 42 85
10530 83 49
10531 82 49
10532 77 74
10533 0 90
10534 30 30
10535 42 84
10536 42 85
10537 83 49
10538 78 74
10539 42 2
10540 30 6
10541 89 72
10542 77 74
10543 89 73
10544 74 8
10545 89 72
10546 42 75
10547 51 85
10548 64 1
10549 78 74
10550 78 54
10551 42 84
10552 89 73
10553 89 72
10554 31 6
10555 42 74
10556 46 73
10557 42 75
10558 30 31
10559 82 56
10560 52 85
10561 82 49
10562 30 30
10563 51 85
10564 79 58
10565 42 74
10566 51 31
10567 46 53
10568 45 53
10569 63 29
10570 79 54
10571 51 32
10572 42 70
10573 52 85
10574 30 31
10575 51 31
10576 77 74
10577 83 49
10578 63 30
10579 78 54
10580 42 75
10581 41 70
10582 78 74
10583 42 85
10584 46 74
10585 51 85
10586 79 57
10587 1 90
10588 42 84
10589 42 85
10590 64 2
10591 75 8
10592 77 74
10593 30 30
10594 42 1
10595 89 73
10596 46 73
10597 0 90
10598 51 32
10599 64 36
10600 63 29
10601 79 54
10602 30 31
10603 1 90
10604 89 72
10605 64 1
10606 78 54
10607 79 58
10608 82 49
10609 42 70
10610 63 36
10611 0 90
10612 44 90
10613 85 50
10614 74 8
10615 64 2
10616 81 56
10617 45 90
10618 64 1
10619 1 90
10620 27 1
10621 44 90
10622 30 30
10623 63 30
10624 75 8
10625 42 84
10626 0 90
10627 42 2
10628 41 70
10629 45 90
10630 51 31
10631 64 36
10632 46 74
10633 46 73
10634 79 54
10635 46 74
10636 1 90
10637 46 53
10638 78 54
10639 79 54
10640 45 53
10641 29 79
10642 27 0
10643 82 56
10644 83 49
10645 42 85
10646 82 49
10647 52 85
10648 63 29
10649 63 36
10650 51 85
10651 79 57
10652 52 85
10653 28 79
10654 42 74
10655 42 1
10656 42 84
10657 27 1
10658 42 2
10659 42 75
10660 74 8
10661 64 36
10662 89 73
10663 0 90
10664 83 49
10665 89 72
10666 64 2
10667 64 1
10668 63 36
10669 64 2
10670 75 8
10671 64 36
10672 46 53
10673 42 74
10674 79 58
10675 44 90
10676 45 90
10677 42 1
10678 30 31
10679 29 79
10680 1 90
10681 42 2
10682 44 90
10683 64 1
10684 79 57
10685 63 36
10686 78 74
10687 51 32
10688 30 6
10689 64 36
10690 74 8
10691 46 73
10692 64 2
10693 78 54
10694 45 90
10695 89 73
10696 46 74
10697 42 70
10698 30 30
10699 77 74
10700 51 85
10701 89 72
10702 28 79
10703 29 79
10704 27 0
10705 28 79
10706 41 70
10707 64 1
10708 64 2
10709 42 85
10710 64 1
10711 52 85
10712 44 90
10713 85 49
10714 51 85
10715 46 73
10716 29 79
10717 42 84
10718 46 74
10719 42 70
10720 46 73
10721 51 31
10722 51 32
10723 79 54
10724 82 49
10725 85 50
10726 27 1
10727 89 73
10728 42 75
10729 52 85
10730 85 49
10731 41 70
10732 64 2
10733 28 79
10734 31 6
10735 83 49
10736 64 1
10737 42 85
10738 85 50
10739 85 49
10740 27 0
10741 78 74
10742 42 70
10743 85 50
10744 81 56
10745 51 31
10746 79 58
10747 27 1
10748 85 49
10749 42 1
10750 63 36
10751 45 53
10752 51 85
10753 63 30
10754 82 49
10755 30 6
10756 42 2
10757 79 57
10758 31 6
10759 42 1
10760 46 74
10761 52 85
10762 29 79
10763 75 8
10764 79 58
10765 63 29
10766 51 32
10767 41 70
10768 30 6
10769 45 90
10770 82 56
10771 79 57
10772 78 54
10773 79 58
10774 30 31
10775 42 2
10776 74 8
10777 85 50
10778 42 1
10779 83 49
10780 81 56
10781 82 49
10782 0 90
10783 51 31
10784 51 85
10785 44 90
10786 27 0
10787 51 32
10788 1 90
10789 46 53
10790 42 84
10791 89 72
10792 82 56
10793 83 49
10794 42 2
10795 45 90
10796 89 73
10797 89 72
10798 51 31
10799 30 30
10800 46 73
10801 79 57
10802 89 73
10803 79 58
10804 89 72
10805 89 73
10806 46 74
10807 82 49
10808 75 8
10809 79 57
10810 46 73
10811 0 90
10812 45 53
10813 81 56
10814 52 85
10815 46 53
10816 51 32
10817 42 85
10818 27 1
10819 79 54
10820 51 31
10821 46 74
10822 77 74
10823 51 32
10824 42 70
10825 78 74
10826 79 58
10827 89 72
10828 64 36
10829 63 36
10830 28 79
10831 1 90
10832 0 90
10833 27 0
10834 89 73
10835 41 70
10836 85 49
10837 45 53
10838 30 31
10839 74 8
10840 85 50
10841 82 56
10842 46 53
10843 78 54
10844 51 31
10845 45 53
10846 79 57
10847 79 54
10848 75 8
10849 89 72
10850 31 6
10851 30 30
10852 64 36
10853 63 36
10854 77 74
10855 1 90
10856 44 90
10857 63 30
10858 85 49
10859 42 70
10860 74 8
10861 63 29
10862 63 30
10863 78 74
10864 46 53
10865 45 90
10866 77 74
10867 45 53
10868 29 79
10869 42 1
10870 42 74
10871 41 70
10872 42 84
10873 42 2
10874 42 75
10875 64 2
10876 46 53
10877 63 29
10878 51 32
10879 42 74
10880 64 1
10881 85 50
10882 44 90
10883 45 53
10884 78 54
10885 63 30
10886 75 8
10887 64 36
10888 78 74
10889 42 70
10890 42 85
10891 81 56
10892 79 54
10893 41 70
10894 89 73
10895 85 49
10896 0 90
10897 79 58
10898 46 53
10899 30 31
10900 46 73
10901 45 53
10902 46 74
10903 51 85
10904 42 84
10905 46 73
10906 89 72
10907 52 85
10908 85 50
10909 77 74
10910 82 56
10911 42 1
10912 46 74
10913 83 49
10914 82 49
10915 78 54
10916 46 53
10917 63 29
10918 51 85
10919 63 30
10920 63 36
10921 27 1
10922 78 74
10923 74 8
10924 79 57
10925 51 31
10926 79 54
10927 42 2
10928 1 90
10929 0 90
10930 45 53
10931 79 58
10932 45 90
10933 83 49
10934 28 79
10935 29 79
10936 63 29
10937 79 57
10938 79 58
10939 46 73
10940 44 90
10941 85 49
10942 64 2
10943 79 57
10944 42 70
10945 51 32
10946 75 8
10947 63 30
10948 28 79
10949 52 85
10950 42 75
10951 79 58
10952 42 1
10953 51 31
10954 30 6
10955 42 85
10956 46 53
10957 1 90
10958 85 50
10959 29 79
10960 30 30
10961 51 32
10962 28 79
10963 31 6
10964 79 57
10965 82 49
10966 64 1
10967 77 74
10968 64 36
10969 81 56
10970 42 74
10971 51 31
10972 51 32
10973 85 49
10974 82 56
10975 78 74
10976 78 54
10977 42 84
10978 83 49
10979 0 90
10980 41 70
10981 63 29
10982 42 70
10983 77 74
10984 79 58
10985 42 85
10986 30 31
10987 1 90
10988 46 74
10989 27 0
10990 41 70
10991 82 49
10992 63 36
10993 63 30
10994 78 74
10995 63 29
10996 63 30
10997 81 56
10998 0 90
10999 45 90
11000 42 84
11001 30 30
11002 64 2
11003 46 73
11004 89 73
11005 1 90
11006 0 90
11007 42 70
11008 82 56
11009 63 29
11010 79 57
11011 29 79
11012 46 74
11013 81 56
11014 51 31
11015 79 58
11016 77 74
11017 30 6
11018 64 36
11019 31 6
11020 64 1
11021 28 79
11022 45 53
11023 63 36
11024 74 8
11025 42 85
11026 27 1
11027 51 32
11028 79 54
11029 89 72
11030 63 30
11031 78 54
11032 42 84
11033 85 50
11034 42 2
11035 46 73
11036 78 74
11037 46 74
11038 30 6
11039 44 90
11040 77 74
11041 42 1
11042 30 31
11043 29 79
11044 64 36
11045 45 90
11046 83 49
11047 42 85
11048 42 75
11049 89 73
11050 31 6
11051 42 74
11052 78 74
11053 30 6
11054 42 75
11055 85 49
11056 41 70
11057 51 85
11058 44 90
11059 30 30
11060 42 74
11061 51 31
11062 46 53
11063 82 56
11064 63 29
11065 85 50
11066 42 75
11067 45 90
11068 77 74
11069 27 0
11070 85 49
11071 75 8
11072 30 31
11073 28 79
11074 31 6
11075 81 56
11076 45 53
11077 82 49
11078 30 6
11079 42 70
11080 83 49
11081 79 57
11082 31 6
11083 64 2
11084 82 56
11085 46 73
11086 30 6
11087 1 90
11088 30 30
11089 29 79
11090 85 50
11091 78 74
11092 64 1
11093 0 90
11094 41 70
11095 44 90
11096 51 32
11097 89 72
11098 27 1
11099 46 74
11100 1 90
11101 81 56
11102 63 36
11103 63 30
11104 45 90
11105 89 73
11106 46 53
11107 46 73
11108 42 84
11109 30 31
11110 42 74
11111 44 90
11112 30 30
11113 63 29
11114 85 49
11115 45 53
11116 82 49
11117 42 85
11118 46 53
11119 82 56
11120 89 72
11121 42 2
11122 31 6
11123 42 84
11124 79 58
11125 83 49
11126 85 50
11127 79 57
11128 42 1
11129 27 0
11130 42 2
11131 27 1
11132 42 1
11133 42 2
11134 46 74
11135 77 74
11136 42 1
11137 85 49
11138 0 90
11139 63 30
11140 30 31
11141 1 90
11142 42 85
11143 45 90
11144 0 90
11145 1 90
11146 89 73
11147 89 72
11148 42 84
11149 81 56
11150 42 2
11151 45 53
11152 64 36
11153 42 1
11154 79 58
11155 89 73
11156 89 72
11157 42 2
11158 79 57
11159 52 85
11160 46 53
11161 79 58
11162 28 79
11163 79 57
11164 42 70
11165 51 85
11166 79 58
11167 52 85
11168 46 73
11169 51 85
11170 52 85
11171 82 56
11172 51 85
11173 51 31
11174 29 79
11175 0 90
11176 89 73
11177 64 2
11178 30 30
11179 46 74
11180 79 57
11181 52 85
11182 51 85
11183 41 70
11184 74 8
11185 63 36
11186 30 6
11187 85 50
11188 79 58
11189 45 53
11190 89 72
11191 85 49
11192 30 31
11193 51 32
11194 52 85
11195 89 73
11196 27 0
11197 42 85
11198 79 57
11199 81 56
11200 64 1
11201 64 2
11202 1 90
11203 31 6
11204 0 90
11205 44 90
11206 78 74
11207 79 54
11208 30 30
11209 51 85
11210 75 8
11211 42 75
11212 82 56
11213 27 1
11214 77 74
11215 82 49
11216 27 0
11217 78 54
11218 51 31
11219 74 8
11220 78 74
11221 46 73
11222 85 50
11223 64 36
11224 83 49
11225 42 84
11226 82 49
11227 64 1
11228 27 1
11229 27 0
11230 30 31
11231 1 90
11232 85 49
11233 63 29
11234 27 1
11235 45 90
11236 30 30
11237 64 2
11238 46 53
11239 77 74
11240 51 32
11241 28 79
11242 42 70
11243 29 79
11244 79 54
11245 63 30
11246 30 31
11247 27 0
11248 52 85
11249 51 85
11250 41 70
11251 28 79
11252 63 36
11253 75 8
11254 89 72
11255 42 85
11256 42 1
11257 42 74
11258 78 54
11259 42 70
11260 83 49
11261 78 74
11262 64 36
11263 63 36
11264 41 70
11265 52 85
11266 42 84
11267 63 29
11268 85 50
11269 42 2
11270 0 90
11271 30 6
11272 89 73
11273 79 54
11274 27 1
11275 74 8
11276 89 72
11277 46 74
11278 42 85
11279 42 1
11280 42 2
11281 64 36
11282 81 56
11283 30 30
11284 51 31
11285 64 1
11286 1 90
11287 78 54
11288 42 75
11289 42 70
11290 29 79
11291 79 54
11292 75 8
11293 78 54
11294 28 79
11295 82 56
11296 63 36
11297 0 90
11298 27 0
11299 42 74
11300 44 90
11301 77 74
11302 1 90
11303 42 75
11304 78 74
11305 51 85
11306 85 49
11307 64 2
11308 45 53
11309 31 6
11310 52 85
11311 41 70
11312 82 49
11313 63 30
11314 42 70
11315 42 84
11316 89 73
11317 46 73
11318 0 90
11319 46 53
11320 89 72
11321 30 31
11322 85 50
11323 85 49
11324 74 8
11325 45 53
11326 41 70
11327 45 90
11328 42 85
11329 79 54
11330 30 30
11331 42 1
11332 29 79
11333 30 31
11334 46 53
11335 64 1
11336 44 90
11337 28 79
11338 1 90
11339 51 32
11340 30 30
11341 75 8
11342 42 84
11343 83 49
11344 46 74
11345 42 70
11346 51 85
11347 51 31
11348 89 73
11349 74 8
11350 52 85
11351 45 53
11352 46 53
11353 85 50
11354 89 72
11355 51 85
11356 64 2
11357 64 1
11358 46 73
11359 51 32
11360 29 79
11361 41 70
11362 45 53
11363 28 79
11364 42 74
11365 85 49
11366 42 70
11367 42 85
11368 41 70
11369 81 56
11370 46 74
11371 63 29
11372 46 73
11373 64 36
11374 0 90
11375 45 90
11376 85 50
11377 29 79
11378 30 31
11379 42 70
11380 42 75
11381 75 8
11382 42 74
11383 89 73
11384 82 56
11385 41 70
11386 64 2
11387 42 2
11388 79 58
11389 85 49
11390 1 90
11391 74 8
11392 52 85
11393 75 8
11394 51 31
11395 42 1
11396 42 75
11397 30 6
11398 85 50
11399 63 36
11400 27 1
11401 42 2
11402 64 36
11403 42 84
11404 27 0
11405 63 36
11406 44 90
11407 64 36
11408 27 1
11409 45 90
11410 63 30
11411 81 56
11412 27 0
11413 78 54
11414 77 74
11415 42 85
11416 30 30
11417 27 1
11418 42 1
11419 79 57
11420 42 70
11421 28 79
11422 0 90
11423 27 0
11424 30 31
11425 41 70
11426 31 6
11427 46 53
11428 79 58
11429 44 90
11430 74 8
11431 79 54
11432 82 49
11433 75 8
11434 42 74
11435 30 6
11436 30 30
11437 63 29
11438 1 90
11439 85 49
11440 51 85
11441 85 50
11442 85 49
11443 78 54
11444 82 56
11445 42 70
11446 89 72
11447 64 1
11448 42 84
11449 45 90
11450 74 8
11451 51 32
11452 41 70
11453 45 53
11454 83 49
11455 51 31
11456 64 2
11457 27 1
11458 78 74
11459 0 90
11460 51 32
11461 75 8
11462 44 90
11463 42 85
11464 63 36
11465 42 84
11466 79 57
11467 81 56
11468 29 79
11469 42 2
11470 77 74
11471 46 53
11472 89 73
11473 51 31
11474 79 58
11475 82 56
11476 28 79
11477 51 32
11478 42 75
11479 74 8
11480 51 31
11481 51 32
11482 81 56
11483 79 54
11484 64 1
11485 85 50
11486 82 56
11487 64 2
11488 45 90
11489 46 74
11490 42 1
11491 75 8
11492 45 53
11493 30 31
11494 64 1
11495 27 0
11496 46 53
11497 78 74
11498 89 72
11499 42 74
11500 27 1
11501 31 6
11502 82 49
11503 42 75
11504 83 49
11505 42 2
11506 42 74
11507 82 49
11508 42 85
11509 42 84
11510 45 53
11511 42 70
11512 1 90
11513 83 49
11514 64 36
11515 29 79
11516 41 70
11517 30 30
11518 79 57
11519 27 0
11520 89 73
11521 30 31
11522 46 73
11523 82 49
11524 51 31
11525 52 85
11526 46 74
11527 30 30
11528 42 75
11529 42 70
11530 78 54
11531 30 6
11532 77 74
11533 79 54
11534 78 74
11535 79 58
11536 31 6
11537 64 2
11538 44 90
11539 85 49
11540 74 8
11541 78 54
11542 30 6
11543 42 85
11544 28 79
11545 63 30
11546 83 49
11547 30 31
11548 27 1
11549 42 74
11550 51 32
11551 29 79
11552 64 1
11553 77 74
11554 79 57
11555 75 8
11556 42 84
11557 28 79
11558 46 73
11559 64 2
11560 46 53
11561 51 85
11562 27 0
11563 51 31
11564 31 6
11565 41 70
11566 45 90
11567 81 56
11568 79 54
11569 78 74
11570 78 54
11571 89 72
11572 46 74
11573 42 75
11574 79 58
11575 42 1
11576 29 79
11577 42 2
11578 44 90
11579 42 70
11580 63 36
11581 74 8
11582 46 73
11583 46 74
11584 30 30
11585 30 31
11586 0 90
11587 42 74
11588 27 1
11589 45 53
11590 75 8
11591 63 29
11592 30 6
11593 64 36
11594 46 73
11595 28 79
11596 42 75
11597 82 49
11598 29 79
11599 74 8
11600 63 36
11601 75 8
11602 79 54
11603 30 30
11604 85 50
11605 78 54
11606 42 85
11607 45 90
11608 27 0
11609 74 8
11610 42 74
11611 63 30
11612 27 1
11613 85 49
11614 82 56
11615 41 70
11616 79 57
11617 89 73
11618 52 85
11619 28 79
11620 79 58
11621 46 74
11622 79 54
11623 75 8
11624 63 29
11625 63 30
11626 83 49
11627 44 90
11628 1 90
11629 85 50
11630 30 31
11631 42 70
11632 78 54
11633 82 49
11634 45 90
11635 0 90
11636 77 74
11637 51 32
11638 44 90
11639 79 54
11640 83 49
11641 31 6
11642 78 74
11643 1 90
11644 74 8
11645 46 53
11646 42 1
11647 46 73
11648 29 79
11649 46 74
11650 63 29
11651 30 6
11652 42 2
11653 89 72
11654 30 30
11655 82 49
11656 81 56
11657 78 54
11658 45 90
11659 64 1
11660 42 1
11661 75 8
11662 74 8
11663 46 73
11664 28 79
11665 51 31
11666 51 32
11667 83 49
11668 89 73
11669 31 6
11670 79 57
11671 63 30
11672 42 84
11673 0 90
11674 42 85
11675 45 53
11676 64 2
11677 75 8
11678 64 1
11679 46 53
11680 64 36
11681 27 0
11682 82 56
11683 85 49
11684 27 1
11685 1 90
11686 63 36
11687 44 90
11688 42 75
11689 45 53
11690 46 53
11691 81 56
11692 79 54
11693 42 2
11694 64 2
11695 79 58
11696 0 90
11697 64 1
11698 41 70
11699 45 53
11700 45 90
11701 51 31
11702 74 8
11703 42 70
11704 51 85
11705 63 29
11706 79 57
11707 1 90
11708 29 79
11709 30 6
11710 63 30
11711 78 54
11712 82 49
11713 79 54
11714 30 31
11715 44 90
11716 51 32
11717 28 79
11718 64 2
11719 52 85
11720 42 74
11721 27 0
11722 89 72
11723 42 75
11724 89 73
11725 51 85
11726 46 74
11727 51 31
11728 78 54
11729 42 84
11730 79 54
11731 79 58
11732 0 90
11733 89 72
11734 42 74
11735 64 1
11736 45 90
11737 79 57
11738 75 8
11739 42 85
11740 63 29
11741 46 73
11742 42 1
11743 89 73
11744 1 90
11745 51 32
11746 89 72
11747 85 50
11748 82 56
11749 42 84
11750 78 54
11751 64 2
11752 81 56
11753 27 1
11754 42 2
11755 51 31
11756 30 30
11757 74 8
11758 79 54
11759 63 30
11760 85 49
11761 79 58
11762 27 0
11763 42 1
11764 42 2
11765 63 29
11766 46 53
11767 83 49
11768 44 90
11769 45 53
11770 79 57
11771 27 1
11772 63 30
11773 46 53
11774 77 74
11775 45 90
11776 64 36
11777 79 58
11778 79 57
11779 31 6
11780 89 73
11781 42 1
11782 75 8
11783 46 74
11784 0 90
11785 78 54
11786 42 2
11787 30 31
11788 82 49
11789 63 29
11790 46 73
11791 45 53
11792 52 85
11793 63 30
11794 82 56
11795 46 53
11796 81 56
11797 29 79
11798 74 8
11799 79 54
11800 28 79
11801 51 32
11802 42 1
11803 51 85
11804 85 50
11805 89 72
11806 30 30
11807 64 1
11808 83 49
11809 64 2
11810 30 6
11811 1 90
11812 82 56
11813 79 58
11814 78 74
11815 63 29
11816 42 85
11817 77 74
11818 27 0
11819 42 84
11820 30 31
11821 42 75
11822 42 2
11823 51 31
11824 27 1
11825 63 30
11826 27 0
11827 64 1
11828 42 85
11829 79 57
11830 41 70
11831 78 74
11832 42 84
11833 79 58
11834 42 1
11835 44 90
11836 30 30
11837 27 1
11838 30 31
11839 45 90
11840 89 73
11841 75 8
11842 29 79
11843 46 74
11844 74 8
11845 42 70
11846 63 36
11847 27 0
11848 28 79
11849 51 32
11850 82 49
11851 42 74
11852 81 56
11853 29 79
11854 41 70
11855 44 90
11856 0 90
11857 42 70
11858 46 73
11859 52 85
11860 82 56
11861 30 30
11862 81 56
11863 30 31
11864 42 2
11865 51 85
11866 42 75
11867 75 8
11868 45 90
11869 63 29
11870 41 70
11871 85 49
11872 42 70
11873 82 56
11874 77 74
11875 31 6
11876 52 85
11877 28 79
11878 78 74
11879 78 54
11880 64 36
11881 51 85
11882 30 30
11883 85 50
11884 29 79
11885 64 2
11886 42 74
11887 79 54
11888 74 8
11889 51 31
11890 42 1
11891 63 30
11892 78 54
11893 63 36
11894 52 85
11895 42 2
11896 30 6
11897 83 49
11898 28 79
11899 82 49
11900 31 6
11901 30 6
11902 81 56
11903 42 85
11904 83 49
11905 31 6
11906 79 57
11907 41 70
11908 1 90
11909 51 85
11910 82 49
11911 42 70
11912 0 90
11913 79 54
11914 42 84
11915 27 1
11916 44 90
11917 77 74
11918 51 32
11919 42 75
11920 42 1
11921 52 85
11922 85 49
11923 51 31
11924 79 58
11925 30 31
11926 51 32
11927 64 36
11928 46 74
11929 45 90
11930 82 56
11931 64 1
11932 64 2
11933 29 79
11934 89 72
11935 42 2
11936 75 8
11937 83 49
11938 78 54
11939 64 1
11940 45 53
11941 51 85
11942 30 30
11943 28 79
11944 51 31
11945 89 73
11946 52 85
11947 30 31
11948 51 85
11949 51 32
11950 63 29
11951 79 57
11952 30 30
11953 82 49
11954 79 54
11955 78 54
11956 89 72
11957 85 50
11958 79 58
11959 30 6
11960 42 85
11961 63 30
11962 63 29
11963 79 57
11964 31 6
11965 64 2
11966 79 58
11967 83 49
11968 1 90
11969 64 1
11970 74 8
11971 79 54
11972 78 74
11973 42 1
11974 75 8
11975 63 36
11976 85 49
11977 42 84
11978 42 2
11979 41 70
11980 42 74
11981 89 73
11982 30 31
11983 64 36
11984 44 90
11985 78 54
11986 64 2
11987 42 70
11988 63 36
11989 64 1
11990 85 50
11991 77 74
11992 30 6
11993 45 90
11994 64 36
11995 42 85
11996 46 53
11997 44 90
11998 64 2
11999 30 30
12000 52 85
12001 41 70
12002 78 74
12003 30 31
12004 79 57
12005 89 72
12006 63 36
12007 46 73
12008 42 84
12009 42 75
12010 79 54
12011 29 79
12012 0 90
12013 31 6
12014 77 74
12015 30 6
12016 82 49
12017 27 0
12018 45 90
12019 46 74
12020 27 1
12021 83 49
12022 45 53
12023 79 58
12024 74 8
12025 28 79
12026 27 0
12027 51 85
12028 42 74
12029 52 85
12030 44 90
12031 45 90
12032 27 1
12033 42 85
12034 46 73
12035 42 70
12036 46 53
12037 44 90
12038 42 84
12039 64 1
12040 29 79
12041 64 36
12042 42 1
12043 46 74
12044 51 85
12045 42 85
12046 27 0
12047 75 8
12048 46 73
12049 85 49
12050 63 36
12051 45 90
12052 41 70
12053 79 57
12054 79 58
12055 1 90
12056 78 74
12057 0 90
12058 78 54
12059 42 75
12060 79 54
12061 28 79
12062 45 53
12063 51 31
12064 42 70
12065 1 90
12066 81 56
12067 79 57
12068 79 58
12069 89 73
12070 0 90
12071 51 32
12072 63 30
12073 64 36
12074 42 84
12075 63 29
12076 42 74
12077 41 70
12078 42 75
12079 74 8
12080 63 36
12081 89 72
12082 46 74
12083 46 53
12084 42 74
12085 51 31
12086 42 70
12087 29 79
12088 44 90
12089 30 30
12090 42 2
12091 77 74
12092 79 57
12093 82 56
12094 42 85
12095 28 79
12096 64 2
12097 78 74
12098 75 8
12099 41 70
12100 89 73
12101 27 1
12102 1 90
12103 29 79
12104 78 54
12105 27 0
12106 64 36
12107 45 90
12108 42 70
12109 46 73
12110 77 74
12111 27 1
12112 82 49
12113 31 6
12114 79 58
12115 44 90
12116 63 36
12117 30 31
12118 64 1
12119 89 72
12120 64 36
12121 52 85
12122 42 75
12123 78 74
12124 28 79
12125 41 70
12126 42 1
12127 74 8
12128 42 84
12129 75 8
12130 79 57
12131 64 2
12132 0 90
12133 63 30
12134 42 70
12135 79 58
12136 30 6
12137 51 32
12138 63 29
12139 74 8
12140 30 30
12141 42 74
12142 79 54
12143 89 73
12144 1 90
12145 89 72
12146 31 6
12147 29 79
12148 41 70
12149 63 36
12150 81 56
12151 45 53
12152 78 54
12153 30 31
12154 89 73
12155 83 49
12156 82 49
12157 42 85
12158 46 74
12159 83 49
12160 42 75
12161 79 57
12162 42 74
12163 30 30
12164 42 70
12165 51 31
12166 30 31
12167 63 30
12168 46 73
12169 77 74
12170 63 29
12171 51 85
12172 52 85
12173 46 53
12174 79 58
12175 82 49
12176 41 70
12177 85 50
12178 64 1
12179 89 72
12180 42 70
12181 30 30
12182 51 85
12183 42 75
12184 0 90
12185 42 2
12186 64 36
12187 79 54
12188 27 0
12189 42 74
12190 85 49
12191 75 8
12192 51 32
12193 27 1
12194 27 0
12195 30 31
12196 46 74
12197 63 30
12198 89 73
12199 42 84
12200 83 49
12201 85 50
12202 28 79
12203 42 1
12204 52 85
12205 29 79
12206 30 6
12207 31 6
12208 51 31
12209 30 6
12210 63 36
12211 42 2
12212 1 90
12213 63 29
12214 45 53
12215 78 54
12216 42 85
12217 45 90
12218 79 54
12219 82 56
12220 28 79
12221 42 1
12222 41 70
12223 42 75
12224 51 32
12225 81 56
12226 82 56
12227 64 2
12228 51 85
12229 78 54
12230 74 8
12231 63 30
12232 82 49
12233 31 6
12234 46 53
12235 27 1
12236 29 79
12237 42 70
12238 81 56
12239 52 85
12240 0 90
12241 42 2
12242 63 29
12243 82 56
12244 42 1
12245 81 56
12246 85 49
12247 1 90
12248 63 30
12249 79 57
12250 46 73
12251 51 31
12252 78 74
12253 46 74
12254 0 90
12255 27 0
12256 44 90
12257 85 50
12258 42 2
12259 1 90
12260 79 54
12261 75 8
12262 51 32
12263 42 84
12264 28 79
12265 42 74
12266 42 85
12267 41 70
12268 42 84
12269 63 29
12270 79 58
12271 45 53
12272 42 85
12273 45 90
12274 30 6
12275 30 30
12276 51 85
12277 27 1
12278 30 31
12279 64 1
12280 63 30
12281 31 6
12282 64 36
12283 79 57
12284 51 31
12285 85 49
12286 64 2
12287 64 1
12288 27 0
12289 64 2
12290 78 54
12291 29 79
12292 30 30
12293 63 36
12294 79 58
12295 82 56
12296 42 75
12297 0 90
12298 46 73
12299 30 31
12300 51 32
12301 30 30
12302 42 74
12303 27 1
12304 46 74
12305 64 36
12306 63 29
12307 46 53
12308 30 6
12309 83 49
12310 64 1
12311 28 79
12312 82 49
12313 1 90
12314 44 90
12315 83 49
12316 63 36
12317 82 49
12318 31 6
12319 45 53
12320 30 31
12321 52 85
12322 74 8
12323 51 31
12324 45 90
12325 75 8
12326 89 72
12327 77 74
12328 51 85
12329 42 84
12330 89 73
12331 63 30
12332 64 2
12333 30 6
12334 64 36
12335 81 56
12336 52 85
12337 79 54
12338 31 6
12339 42 85
12340 42 70
12341 89 72
12342 46 53
12343 63 36
12344 85 50
12345 89 73
12346 51 32
12347 0 90
12348 78 54
12349 64 36
12350 42 1
12351 79 54
12352 79 57
12353 42 2
12354 30 6
12355 30 30
12356 44 90
12357 89 72
12358 63 29
12359 78 54
12360 30 31
12361 51 85
12362 64 1
12363 42 75
12364 63 36
12365 64 2
12366 42 74
12367 46 73
12368 89 73
12369 27 0
12370 1 90
12371 45 53
12372 52 85
12373 78 74
12374 51 31
12375 42 75
12376 27 1
12377 42 74
12378 51 32
12379 0 90
12380 51 85
12381 29 79
12382 74 8
12383 77 74
12384 1 90
12385 0 90
12386 42 1
12387 1 90
12388 64 1
12389 85 49
12390 51 31
12391 42 84
12392 75 8
12393 42 75
12394 31 6
12395 74 8
12396 52 85
12397 78 74
12398 64 2
12399 51 85
12400 77 74
12401 52 85
12402 30 6
12403 75 8
12404 30 30
12405 79 54
12406 85 50
12407 83 49
12408 85 49
12409 78 54
12410 63 30
12411 89 72
12412 51 85
12413 82 49
12414 30 31
12415 31 6
12416 83 49
12417 42 74
12418 52 85
12419 63 29
12420 63 30
12421 30 30
12422 28 79
12423 42 85
12424 85 50
12425 82 49
12426 46 53
12427 51 85
12428 83 49
12429 89 73
12430 85 49
12431 45 53
12432 52 85
12433 42 75
12434 27 0
12435 79 58
12436 63 29
12437 46 53
12438 30 6
12439 45 90
12440 42 2
12441 63 30
12442 29 79
12443 28 79
12444 51 32
12445 44 90
12446 51 31
12447 45 53
12448 89 72
12449 29 79
12450 78 74
12451 46 74
12452 45 90
12453 85 50
12454 42 74
12455 64 36
12456 46 53
12457 64 1
12458 30 31
12459 77 74
12460 42 84
12461 42 75
12462 31 6
12463 82 49
12464 63 29
12465 63 30
12466 63 29
12467 89 73
12468 28 79
12469 30 6
12470 31 6
12471 42 85
12472 51 85
12473 52 85
12474 74 8
12475 85 49
12476 46 73
12477 27 1
12478 44 90
12479 79 57
12480 51 32
12481 89 72
12482 63 36
12483 85 50
12484 41 70
12485 51 85
12486 45 53
12487 0 90
12488 89 73
12489 46 53
12490 51 31
12491 79 58
12492 79 54
12493 78 74
12494 30 30
12495 45 90
12496 42 70
12497 79 57
12498 77 74
12499 30 6
12500 30 31
12501 83 49
12502 52 85
12503 42 84
12504 82 49
12505 42 74
12506 30 30
12507 89 72
12508 44 90
12509 41 70
12510 79 58
12511 51 85
12512 46 74
12513 46 73
12514 1 90
12515 29 79
12516 42 70
12517 83 49
12518 51 32
12519 0 90
12520 1 90
12521 82 56
12522 79 57
12523 64 2
12524 31 6
12525 30 6
12526 41 70
12527 42 1
12528 27 0
12529 42 70
12530 46 74
12531 64 1
12532 42 75
12533 81 56
12534 63 30
12535 82 49
12536 51 31
12537 78 54
12538 85 49
12539 79 58
12540 27 1
12541 89 73
12542 31 6
12543 46 73
12544 78 74
12545 79 57
12546 79 58
12547 64 2
12548 28 79
12549 77 74
12550 64 1
12551 79 57
12552 30 6
12553 30 31
12554 27 0
12555 30 30
12556 51 32
12557 42 2
12558 42 74
12559 75 8
12560 42 85
12561 78 74
12562 31 6
12563 30 31
12564 30 30
12565 45 53
12566 85 50
12567 29 79
12568 45 90
12569 82 56
12570 42 75
12571 83 49
12572 82 49
12573 42 1
12574 28 79
12575 63 29
12576 30 6
12577 83 49
12578 89 72
12579 29 79
12580 79 58
12581 64 2
12582 63 30
12583 89 73
12584 28 79
12585 77 74
12586 82 49
12587 42 2
12588 85 49
12589 0 90
12590 46 53
12591 78 74
12592 79 57
12593 83 49
12594 79 58
12595 51 31
12596 81 56
12597 82 56
12598 41 70
12599 44 90
12600 81 56
12601 45 53
12602 89 72
12603 30 31
12604 51 32
12605 77 74
12606 64 36
12607 85 50
12608 63 36
12609 31 6
12610 64 36
12611 30 6
12612 27 1
12613 74 8
12614 63 36
12615 51 31
12616 79 54
12617 82 49
12618 78 54
12619 51 32
12620 45 90
12621 89 73
12622 42 70
12623 41 70
12624 42 84
12625 82 56
12626 85 49
12627 52 85
12628 42 70
12629 83 49
12630 31 6
12631 51 85
12632 79 57
12633 30 30
12634 79 58
12635 42 74
12636 75 8
12637 82 49
12638 41 70
12639 85 50
12640 52 85
12641 64 1
12642 79 57
12643 89 72
12644 81 56
12645 63 29
12646 46 53
12647 42 75
12648 64 36
12649 42 1
12650 1 90
12651 83 49
12652 89 73
12653 63 30
12654 30 6
12655 0 90
12656 29 79
12657 1 90
12658 30 31
12659 82 56
12660 42 74
12661 44 90
12662 78 74
12663 85 49
12664 51 31
12665 64 2
12666 31 6
12667 46 74
12668 85 50
12669 42 2
12670 30 30
12671 77 74
12672 51 85
12673 78 74
12674 42 70
12675 30 31
12676 45 90
12677 79 54
12678 64 1
12679 51 32
12680 89 72
12681 89 73
12682 41 70
12683 28 79
12684 42 70
12685 85 49
12686 46 73
12687 79 58
12688 74 8
12689 41 70
12690 30 30
12691 52 85
12692 30 31
12693 42 70
12694 63 36
12695 75 8
12696 42 1
12697 30 30
12698 42 85
12699 30 6
12700 64 2
12701 81 56
12702 0 90
12703 42 2
12704 79 57
12705 27 0
12706 41 70
12707 64 36
12708 27 1
12709 45 53
12710 51 85
12711 46 53
12712 42 70
12713 30 31
12714 41 70
12715 52 85
12716 45 53
12717 42 75
12718 85 50
12719 46 53
12720 44 90
12721 77 74
12722 74 8
12723 78 74
12724 42 1
12725 63 29
12726 77 74
12727 75 8
12728 46 74
12729 42 70
12730 64 1
12731 78 54
12732 89 72
12733 82 49
12734 42 84
12735 78 74
12736 42 2
12737 1 90
12738 45 90
12739 85 49
12740 42 85
12741 27 0
12742 46 73
12743 41 70
12744 63 30
12745 77 74
12746 79 54
12747 42 84
12748 42 74
12749 78 74
12750 77 74
12751 27 1
12752 42 75
12753 0 90
12754 64 2
12755 27 0
12756 82 56
12757 51 85
12758 42 85
12759 42 74
12760 44 90
12761 51 31
12762 64 1
12763 83 49
12764 82 49
12765 52 85
12766 45 90
12767 89 73
12768 83 49
12769 51 32
12770 29 79
12771 44 90
12772 82 49
12773 45 90
12774 45 53
12775 89 72
12776 30 30
12777 79 58
12778 78 54
12779 51 85
12780 89 73
12781 85 50
12782 42 75
12783 51 31
12784 30 31
12785 30 30
12786 42 1
12787 79 57
12788 27 1
12789 46 53
12790 74 8
12791 75 8
12792 78 74
12793 85 49
12794 31 6
12795 85 50
12796 89 72
12797 77 74
12798 27 0
12799 79 58
12800 79 57
12801 45 53
12802 42 74
12803 42 75
12804 42 84
12805 63 29
12806 30 6
12807 64 2
12808 74 8
12809 30 31
12810 42 85
12811 64 1
12812 42 70
12813 1 90
12814 63 36
12815 79 58
12816 42 74
12817 89 73
12818 75 8
12819 44 90
12820 51 32
12821 27 1
12822 79 54
12823 52 85
12824 46 74
12825 46 53
12826 45 53
12827 27 0
12828 79 57
12829 89 72
12830 63 30
12831 79 58
12832 81 56
12833 42 75
12834 30 30
12835 51 31
12836 42 74
12837 41 70
12838 46 53
12839 89 73
12840 64 36
12841 89 72
12842 89 73
12843 28 79
12844 82 56
12845 51 85
12846 52 85
12847 45 90
12848 42 75
12849 83 49
12850 51 32
12851 79 57
12852 29 79
12853 42 70
12854 85 49
12855 78 74
12856 42 74
12857 42 75
12858 42 84
12859 31 6
12860 64 2
12861 28 79
12862 85 50
12863 42 74
12864 64 1
12865 81 56
12866 51 31
12867 0 90
12868 51 85
12869 82 56
12870 30 6
12871 79 58
12872 31 6
12873 77 74
12874 45 53
12875 82 49
12876 52 85
12877 46 53
12878 81 56
12879 51 85
12880 89 72
12881 74 8
12882 78 74
12883 89 73
12884 78 54
12885 1 90
12886 30 31
12887 75 8
12888 83 49
12889 79 57
12890 41 70
12891 51 32
12892 82 56
12893 42 85
12894 64 2
12895 79 58
12896 44 90
12897 29 79
12898 79 57
12899 81 56
12900 82 49
12901 52 85
12902 64 1
12903 46 73
12904 27 1
12905 30 30
12906 27 0
12907 0 90
12908 45 53
12909 64 2
12910 28 79
12911 46 53
12912 45 53
12913 51 31
12914 51 32
12915 27 1
12916 79 58
12917 51 31
12918 63 36
12919 45 90
12920 79 54
12921 27 0
12922 30 6
12923 83 49
12924 42 75
12925 51 85
12926 31 6
12927 1 90
12928 46 53
12929 42 70
12930 63 29
12931 64 36
12932 42 84
12933 63 30
12934 27 1
12935 51 32
12936 52 85
12937 46 74
12938 27 0
12939 0 90
12940 82 49
12941 51 31
12942 83 49
12943 30 31
12944 85 49
12945 27 1
12946 42 2
12947 63 29
12948 27 0
12949 29 79
12950 79 57
12951 82 49
12952 79 58
12953 45 53
12954 82 56
12955 44 90
12956 63 36
12957 78 54
12958 28 79
12959 46 53
12960 63 30
12961 51 85
12962 64 1
12963 89 72
12964 27 1
12965 79 54
12966 77 74
12967 64 2
12968 64 36
12969 41 70
12970 30 30
12971 30 31
12972 74 8
12973 1 90
12974 30 6
12975 52 85
12976 45 53
12977 42 70
12978 81 56
12979 63 29
12980 0 90
12981 78 74
12982 77 74
12983 63 30
12984 27 0
12985 78 54
12986 64 1
12987 83 49
12988 42 1
12989 63 36
12990 78 74
12991 29 79
12992 27 1
12993 31 6
12994 1 90
12995 79 57
12996 28 79
12997 85 50
12998 42 85
12999 64 2
13000 77 74
13001 85 49
13002 64 1
13003 45 90
13004 75 8
13005 41 70
13006 64 36
13007 42 84
13008 82 49
13009 42 2
13010 42 1
13011 74 8
13012 64 2
13013 75 8
13014 51 85
13015 46 73
13016 46 53
13017 44 90
13018 78 74
13019 77 74
13020 45 90
13021 30 6
13022 83 49
13023 42 85
13024 45 53
13025 74 8
13026 46 53
13027 75 8
13028 42 74
13029 42 75
13030 79 54
13031 31 6
13032 30 6
13033 82 49
13034 42 84
13035 27 0
13036 42 2
13037 30 30
13038 42 74
13039 44 90
13040 42 1
13041 42 75
13042 85 50
13043 31 6
13044 42 2
13045 79 58
13046 64 1
13047 83 49
13048 74 8
13049 63 29
13050 75 8
13051 30 31
13052 82 49
13053 89 73
13054 42 85
13055 83 49
13056 27 1
13057 79 57
13058 82 49
13059 78 74
13060 89 72
13061 42 74
13062 83 49
13063 82 56
13064 46 74
13065 82 49
13066 77 74
13067 45 90
13068 85 49
13069 42 70
13070 89 73
13071 64 2
13072 64 1
13073 30 30
13074 64 2
13075 51 32
13076 81 56
13077 78 54
13078 30 6
13079 89 72
13080 42 75
13081 31 6
13082 44 90
13083 63 30
13084 41 70
13085 42 70
13086 46 73
13087 79 58
13088 83 49
13089 30 31
13090 41 70
13091 74 8
13092 42 84
13093 42 74
13094 85 50
13095 45 53
13096 30 30
13097 45 90
13098 27 0
13099 82 56
13100 51 31
13101 42 75
13102 85 49
13103 52 85
13104 27 1
13105 46 53
13106 85 50
13107 42 1
13108 75 8
13109 82 49
13110 89 73
13111 44 90
13112 45 90
13113 42 70
13114 0 90
13115 42 2
13116 63 29
13117 81 56
13118 51 32
13119 83 49
13120 63 36
13121 42 85
13122 85 49
13123 29 79
13124 41 70
13125 74 8
13126 42 74
13127 51 31
13128 28 79
13129 79 54
13130 78 74
13131 82 56
13132 44 90
13133 29 79
13134 45 90
13135 51 85
13136 46 74
13137 64 36
13138 81 56
13139 42 1
13140 64 1
13141 42 84
13142 82 56
13143 30 31
13144 42 2
13145 30 6
13146 52 85
13147 42 70
13148 41 70
13149 27 0
13150 78 54
13151 30 30
13152 42 85
13153 81 56
13154 85 50
13155 42 70
13156 27 1
13157 27 0
13158 42 84
13159 45 53
13160 64 2
13161 75 8
13162 42 85
13163 85 49
13164 1 90
13165 0 90
13166 42 84
13167 51 32
13168 63 36
13169 1 90
13170 28 79
13171 77 74
13172 29 79
13173 51 85
13174 42 1
13175 51 31
13176 82 56
13177 63 30
13178 30 31
13179 46 73
13180 79 54
13181 52 85
13182 85 50
13183 82 49
13184 41 70
13185 85 49
13186 64 1
13187 51 32
13188 85 50
13189 42 70
13190 31 6
13191 51 31
13192 79 57
13193 42 2
13194 51 32
13195 46 53
13196 44 90
13197 30 6
13198 64 36
13199 42 85
13200 45 53
13201 45 90
13202 31 6
13203 78 74
13204 42 84
13205 83 49
13206 30 30
13207 63 29
13208 51 31
13209 0 90
13210 27 1
13211 74 8
13212 28 79
13213 51 85
13214 29 79
13215 85 49
13216 42 75
13217 82 49
13218 81 56
13219 64 2
13220 42 85
13221 30 6
13222 78 54
13223 83 49
13224 51 32
13225 82 49
13226 31 6
13227 64 1
13228 52 85
13229 30 31
13230 63 36
13231 46 74
13232 83 49
13233 82 56
13234 79 54
13235 51 31
13236 81 56
13237 79 58
13238 30 30
13239 27 0
13240 41 70
13241 42 1
13242 42 74
13243 85 50
13244 75 8
13245 1 90
13246 89 72
13247 46 73
13248 46 74
13249 46 53
13250 63 30
13251 64 36
13252 30 31
13253 45 53
13254 89 73
13255 82 56
13256 74 8
13257 46 73
13258 51 85
13259 81 56
13260 46 74
13261 51 32
13262 75 8
13263 42 75
13264 63 36
13265 52 85
13266 30 30
13267 51 85
13268 51 31
13269 46 53
13270 27 1
13271 64 36
13272 82 56
13273 51 32
13274 0 90
13275 82 49
13276 30 31
13277 30 30
13278 64 2
13279 46 73
13280 42 84
13281 79 57
13282 30 31
13283 1 90
13284 52 85
13285 63 36
13286 27 0
13287 64 36
13288 46 74
13289 63 36
13290 63 29
13291 78 54
13292 79 58
13293 51 31
13294 44 90
13295 51 85
13296 42 85
13297 63 30
13298 85 49
13299 45 90
13300 45 53
13301 46 73
13302 42 74
13303 74 8
13304 30 6
13305 42 75
13306 81 56
13307 42 84
13308 42 70
13309 0 90
13310 46 53
13311 79 57
13312 27 1
13313 64 1
13314 42 74
13315 52 85
13316 42 2
13317 82 56
13318 64 36
13319 42 85
13320 64 2
13321 63 36
13322 85 50
13323 42 1
13324 85 49
13325 64 1
13326 85 50
13327 81 56
13328 45 53
13329 83 49
13330 31 6
13331 42 2
13332 79 58
13333 89 72
13334 64 36
13335 75 8
13336 46 53
13337 51 32
13338 85 49
13339 74 8
13340 75 8
13341 42 75
13342 45 53
13343 79 57
13344 64 2
13345 64 1
13346 30 6
13347 30 30
13348 44 90
13349 63 29
13350 85 50
13351 46 53
13352 31 6
13353 45 53
13354 77 74
13355 1 90
13356 28 79
13357 82 56
13358 46 53
13359 46 74
13360 30 6
13361 42 84
13362 78 74
13363 63 36
13364 46 73
13365 42 74
13366 74 8
13367 42 75
13368 46 74
13369 51 85
13370 41 70
13371 42 85
13372 85 49
13373 45 53
13374 63 30
13375 45 90
13376 0 90
13377 64 36
13378 31 6
13379 77 74
13380 42 1
13381 29 79
13382 42 70
13383 64 2
13384 41 70
13385 46 53
13386 27 0
13387 64 1
13388 79 58
13389 30 31
13390 42 2
13391 82 49
13392 27 1
13393 85 50
13394 81 56
13395 52 85
13396 83 49
13397 30 30
13398 42 1
13399 42 74
13400 78 74
13401 30 31
13402 42 2
13403 45 53
13404 79 57
13405 89 73
13406 63 29
13407 42 70
13408 75 8
13409 30 30
13410 82 56
13411 79 58
13412 28 79
13413 89 72
13414 81 56
13415 42 1
13416 79 54
13417 42 75
13418 1 90
13419 0 90
13420 44 90
13421 63 30
13422 30 6
13423 63 29
13424 64 2
13425 46 73
13426 42 84
13427 77 74
13428 74 8
13429 63 36
13430 85 49
13431 42 2
13432 46 53
13433 27 0
13434 46 74
13435 51 85
13436 46 73
13437 89 73
13438 75 8
13439 42 1
13440 82 56
13441 52 85
13442 78 54
13443 31 6
13444 89 72
13445 85 50
13446 79 54
13447 89 73
13448 78 74
13449 77 74
13450 41 70
13451 89 72
13452 42 85
13453 79 57
13454 81 56
13455 64 36
13456 42 84
13457 42 74
13458 29 79
13459 45 53
13460 30 31
13461 45 90
13462 30 6
13463 79 58
13464 63 36
13465 78 74
13466 42 75
13467 31 6
13468 42 85
13469 51 85
13470 42 84
13471 79 57
13472 30 6
13473 82 49
13474 64 1
13475 83 49
13476 85 49
13477 42 74
13478 64 2
13479 63 30
13480 46 53
13481 64 36
13482 63 36
13483 89 73
13484 64 36
13485 79 58
13486 42 2
13487 63 29
13488 82 49
13489 85 50
13490 52 85
13491 31 6
13492 45 53
13493 28 79
13494 27 1
13495 46 53
13496 29 79
13497 85 49
13498 64 1
13499 28 79
13500 51 31
13501 51 85
13502 42 1
13503 30 30
13504 42 75
13505 63 36
13506 42 70
13507 45 53
13508 85 50
13509 1 90
13510 52 85
13511 64 36
13512 27 0
13513 42 74
13514 42 75
13515 77 74
13516 0 90
13517 30 31
13518 79 57
13519 79 58
13520 64 2
13521 82 56
13522 64 1
13523 79 57
13524 64 2
13525 81 56
13526 42 74
13527 85 49
13528 42 85
13529 51 85
13530 46 53
13531 42 84
13532 83 49
13533 78 74
13534 45 53
13535 29 79
13536 46 53
13537 85 50
13538 42 75
13539 52 85
13540 30 6
13541 30 30
13542 82 56
13543 27 1
13544 51 85
13545 74 8
13546 46 74
13547 64 1
13548 79 58
13549 27 0
13550 52 85
13551 51 32
13552 81 56
13553 31 6
13554 44 90
13555 79 57
13556 30 6
13557 30 31
13558 27 1
13559 51 85
13560 42 2
13561 45 53
13562 1 90
13563 31 6
13564 63 30
13565 30 30
13566 85 49
13567 75 8
13568 77 74
13569 78 74
13570 85 50
13571 82 56
13572 52 85
13573 64 2
13574 51 85
13575 63 29
13576 79 58
13577 63 36
13578 89 72
13579 46 53
13580 46 73
13581 41 70
13582 89 73
13583 42 74
13584 28 79
13585 27 0
13586 46 74
13587 0 90
13588 42 85
13589 42 1
13590 64 36
13591 51 31
13592 30 6
13593 89 72
13594 85 49
13595 85 50
13596 77 74
13597 52 85
13598 51 32
13599 63 36
13600 46 73
13601 64 36
13602 29 79
13603 78 74
13604 42 75
13605 82 49
13606 42 74
13607 45 53
13608 81 56
13609 85 49
13610 28 79
13611 51 31
13612 30 31
13613 46 74
13614 46 53
13615 78 54
13616 42 2
13617 51 32
13618 1 90
13619 83 49
13620 30 30
13621 82 56
13622 27 1
13623 79 54
13624 45 90
13625 44 90
13626 51 31
13627 81 56
13628 42 75
13629 42 84
13630 64 1
13631 42 74
13632 82 56
13633 51 85
13634 63 30
13635 52 85
13636 27 0
13637 31 6
13638 46 73
13639 27 1
13640 81 56
13641 29 79
13642 82 56
13643 51 85
13644 63 36
13645 42 75
13646 28 79
13647 64 36
13648 52 85
13649 64 2
13650 42 1
13651 42 74
13652 51 32
13653 42 70
13654 46 74
13655 77 74
13656 0 90
13657 78 54
13658 42 2
13659 27 0
13660 42 75
13661 30 6
13662 63 36
13663 31 6
13664 30 6
13665 89 73
13666 41 70
13667 63 29
13668 64 1
13669 51 31
13670 79 54
13671 29 79
13672 78 54
13673 46 73
13674 27 1
13675 31 6
13676 42 85
13677 30 6
13678 81 56
13679 45 53
13680 79 57
13681 42 1
13682 30 31
13683 74 8
13684 79 58
13685 42 70
13686 1 90
13687 85 50
13688 75 8
13689 51 32
13690 27 0
13691 63 30
13692 63 29
13693 82 49
13694 30 30
13695 45 90
13696 85 49
13697 51 31
13698 31 6
13699 78 74
13700 63 30
13701 42 84
13702 42 85
13703 83 49
13704 0 90
13705 79 54
13706 82 56
13707 42 2
13708 74 8
13709 89 72
13710 51 32
13711 89 73
13712 1 90
13713 82 49
13714 27 1
13715 77 74
13716 41 70
13717 46 53
13718 0 90
13719 81 56
13720 30 31
13721 64 2
13722 64 36
13723 30 30
13724 79 57
13725 42 74
13726 85 50
13727 75 8
13728 82 56
13729 30 6
13730 28 79
13731 27 0
13732 42 84
13733 78 54
13734 79 54
13735 42 85
13736 45 53
13737 51 31
13738 46 53
13739 51 85
13740 45 53
13741 52 85
13742 78 54
13743 30 31
13744 42 70
13745 31 6
13746 51 32
13747 42 75
13748 74 8
13749 75 8
13750 29 79
13751 30 30
13752 46 53
13753 85 49
13754 30 31
13755 78 74
13756 1 90
13757 45 53
13758 89 72
13759 79 58
13760 44 90
13761 42 74
13762 74 8
13763 42 75
13764 30 6
13765 46 74
13766 85 50
13767 45 90
13768 64 1
13769 77 74
13770 42 1
13771 64 2
13772 81 56
13773 44 90
13774 30 30
13775 89 73
13776 85 49
13777 46 73
13778 63 36
13779 31 6
13780 82 56
13781 30 6
13782 89 72
13783 46 74
13784 85 50
13785 41 70
13786 64 1
13787 46 73
13788 81 56
13789 75 8
13790 0 90
13791 63 29
13792 30 31
13793 45 90
13794 31 6
13795 79 54
13796 44 90
13797 64 36
13798 1 90
13799 78 74
13800 42 84
13801 78 54
13802 42 2
13803 79 57
13804 89 73
13805 63 36
13806 46 74
13807 45 90
13808 30 6
13809 0 90
13810 46 73
13811 30 30
13812 42 74
13813 77 74
13814 51 31
13815 46 74
13816 82 56
13817 28 79
13818 83 49
13819 1 90
13820 31 6
13821 82 49
13822 42 75
13823 89 72
13824 51 85
13825 51 32
13826 52 85
13827 44 90
13828 0 90
13829 1 90
13830 29 79
13831 42 70
13832 30 31
13833 42 85
13834 28 79
13835 63 30
13836 42 1
13837 42 74
13838 30 6
13839 85 49
13840 79 54
13841 41 70
13842 79 58
13843 27 1
13844 42 2
13845 63 29
13846 45 90
13847 46 73
13848 0 90
13849 44 90
13850 42 75
13851 63 30
13852 42 74
13853 29 79
13854 30 30
13855 63 29
13856 46 74
13857 79 57
13858 78 54
13859 64 2
13860 79 54
13861 79 58
13862 30 31
13863 89 73
13864 83 49
13865 30 30
13866 31 6
13867 42 75
13868 42 70
13869 42 74
13870 45 90
13871 85 50
13872 30 31
13873 42 75
13874 30 6
13875 81 56
13876 46 73
13877 28 79
13878 30 30
13879 46 53
13880 29 79
13881 42 74
13882 31 6
13883 30 6
13884 41 70
13885 74 8
13886 89 72
13887 30 31
13888 28 79
13889 64 1
13890 30 30
13891 75 8
13892 63 30
13893 64 36
13894 45 53
13895 89 73
13896 51 85
13897 82 56
13898 64 2
13899 81 56
13900 74 8
13901 63 36
13902 78 74
13903 64 1
13904 44 90
13905 79 57
13906 78 54
13907 42 84
13908 46 53
13909 82 49
13910 46 74
13911 27 0
13912 52 85
13913 42 70
13914 63 29
13915 64 2
13916 51 85
13917 1 90
13918 46 73
13919 46 74
13920 0 90
13921 64 1
13922 52 85
13923 79 58
13924 42 75
13925 1 90
13926 64 2
13927 0 90
13928 63 30
13929 64 36
13930 29 79
13931 51 31
13932 42 85
13933 79 57
13934 31 6
13935 46 73
13936 41 70
13937 30 31
13938 42 70
13939 63 36
13940 46 74
13941 85 49
13942 45 90
13943 85 50
13944 41 70
13945 30 30
13946 83 49
13947 85 49
13948 27 1
13949 42 74
13950 42 84
13951 79 54
13952 1 90
13953 44 90
13954 64 1
13955 63 29
13956 27 0
13957 78 54
13958 85 50
13959 42 85
13960 77 74
13961 46 73
13962 89 72
13963 89 73
13964 51 32
13965 51 85
13966 51 31
13967 45 90
13968 46 74
13969 82 49
13970 79 54
13971 83 49
13972 64 2
13973 28 79
13974 27 1
13975 52 85
13976 89 72
13977 29 79
13978 82 56
13979 0 90
13980 44 90
13981 79 58
13982 30 31
13983 42 84
13984 89 73
13985 82 49
13986 30 6
13987 42 1
13988 45 90
13989 27 0
13990 42 70
13991 44 90
13992 42 75
13993 31 6
13994 78 54
13995 63 30
13996 64 1
13997 75 8
13998 64 36
13999 30 30
14000 45 53
14001 51 32
14002 1 90
14003 83 49
14004 81 56
14005 74 8
14006 30 31
14007 79 54
14008 46 73
14009 42 85
14010 51 85
14011 78 74
14012 64 2
14013 75 8
14014 74 8
14015 41 70
14016 30 6
14017 46 53
14018 63 29
14019 63 36
14020 89 72
14021 85 49
14022 82 56
14023 28 79
14024 45 90
14025 78 54
14026 77 74
14027 42 70
14028 42 2
14029 63 30
14030 79 54
14031 31 6
14032 64 36
14033 75 8
14034 63 29
14035 42 74
14036 44 90
14037 45 53
14038 51 31
14039 42 75
14040 0 90
14041 30 30
14042 78 54
14043 1 90
14044 81 56
14045 64 1
14046 41 70
14047 29 79
14048 30 31
14049 30 30
14050 51 32
14051 42 84
14052 63 30
14053 46 74
14054 85 50
14055 45 90
14056 79 57
14057 82 49
14058 28 79
14059 89 73
14060 63 36
14061 46 53
14062 52 85
14063 29 79
14064 64 2
14065 42 70
14066 41 70
14067 42 1
14068 44 90
14069 64 1
14070 83 49
14071 79 58
14072 63 29
14073 42 74
14074 78 74
14075 63 30
14076 28 79
14077 85 49
14078 79 57
14079 79 54
14080 51 31
14081 30 31
14082 45 90
14083 85 50
14084 46 73
14085 82 49
14086 82 56
14087 27 1
14088 30 6
14089 77 74
14090 42 75
14091 78 74
14092 45 53
14093 81 56
14094 30 30
14095 42 74
14096 46 74
14097 79 58
14098 0 90
14099 89 72
14100 29 79
14101 77 74
14102 27 0
14103 89 73
14104 64 2
14105 42 75
14106 82 56
14107 44 90
14108 31 6
14109 78 54
14110 85 49
14111 42 85
14112 51 85
14113 42 2
14114 51 32
14115 30 31
14116 83 49
14117 52 85
14118 28 79
14119 64 36
14120 46 73
14121 74 8
14122 89 72
14123 64 1
14124 79 57
14125 42 70
14126 51 31
14127 27 1
14128 75 8
14129 45 90
14130 79 54
14131 78 74
14132 46 53
14133 30 6
14134 63 29
14135 44 90
14136 31 6
14137 29 79
14138 63 30
14139 42 1
14140 63 36
14141 85 50
14142 46 74
14143 78 54
14144 79 54
14145 42 84
14146 74 8
14147 85 49
14148 28 79
14149 1 90
14150 75 8
14151 63 29
14152 45 53
14153 51 85
14154 81 56
14155 52 85
14156 45 90
14157 41 70
14158 51 85
14159 42 85
14160 64 36
14161 46 53
14162 44 90
14163 42 74
14164 42 2
14165 42 75
14166 89 73
14167 51 32
14168 82 56
14169 42 1
14170 85 50
14171 78 54
14172 85 49
14173 63 30
14174 42 84
14175 82 49
14176 85 50
14177 52 85
14178 64 2
14179 45 53
14180 79 54
14181 0 90
14182 42 85
14183 29 79
14184 42 2
14185 46 53
14186 81 56
14187 79 58
14188 1 90
14189 27 0
14190 82 56
14191 42 84
14192 74 8
14193 81 56
14194 42 85
14195 30 6
14196 0 90
14197 1 90
14198 42 1
14199 75 8
14200 82 56
14201 28 79
14202 27 1
14203 63 29
14204 79 57
14205 78 54
14206 64 1
14207 30 30
14208 46 73
14209 45 53
14210 46 74
14211 79 54
14212 46 53
14213 51 31
14214 46 73
14215 29 79
14216 42 74
14217 28 79
14218 79 58
14219 74 8
14220 42 2
14221 51 85
14222 83 49
14223 30 31
14224 78 54
14225 82 49
14226 79 54
14227 45 53
14228 77 74
14229 0 90
14230 64 2
14231 45 90
14232 27 0
14233 42 70
14234 42 1
14235 42 2
14236 64 1
14237 85 49
14238 1 90
14239 63 36
14240 85 50
14241 64 2
14242 63 30
14243 42 75
14244 29 79
14245 28 79
14246 42 74
14247 85 49
14248 29 79
14249 41 70
14250 42 84
14251 0 90
14252 83 49
14253 46 74
14254 31 6
14255 46 73
14256 27 1
14257 75 8
14258 79 57
14259 63 29
14260 44 90
14261 63 30
14262 78 74
14263 79 58
14264 64 36
14265 78 54
14266 52 85
14267 30 6
14268 74 8
14269 1 90
14270 45 90
14271 79 57
14272 63 36
14273 82 49
14274 30 30
14275 42 1
14276 51 85
14277 31 6
14278 83 49
14279 79 58
14280 63 29
14281 42 75
14282 0 90
14283 28 79
14284 1 90
14285 52 85
14286 85 50
14287 85 49
14288 81 56
14289 79 57
14290 85 50
14291 44 90
14292 42 74
14293 30 6
14294 79 54
14295 42 85
14296 82 49
14297 42 2
14298 46 74
14299 89 72
14300 51 85
14301 75 8
14302 46 53
14303 30 31
14304 27 0
14305 30 30
14306 42 84
14307 42 75
14308 27 1
14309 64 1
14310 63 30
14311 42 74
14312 42 85
14313 64 36
14314 42 84
14315 30 31
14316 74 8
14317 82 56
14318 0 90
14319 78 54
14320 81 56
14321 82 56
14322 63 36
14323 42 1
14324 29 79
14325 28 79
14326 75 8
14327 51 32
14328 64 36
14329 52 85
14330 63 36
14331 31 6
14332 89 73
14333 1 90
14334 30 30
14335 45 53
14336 42 2
14337 77 74
14338 51 31
14339 42 70
14340 42 1
14341 78 74
14342 46 53
14343 27 0
14344 85 49
14345 83 49
14346 63 29
14347 74 8
14348 79 58
14349 46 73
14350 42 85
14351 79 54
14352 0 90
14353 77 74
14354 29 79
14355 81 56
14356 1 90
14357 28 79
14358 79 57
14359 30 31
14360 64 2
14361 51 32
14362 42 75
14363 45 53
14364 82 49
14365 51 31
14366 85 50
14367 51 32
14368 83 49
14369 63 30
14370 79 58
14371 85 49
14372 0 90
14373 79 57
14374 1 90
14375 79 58
14376 41 70
14377 64 36
14378 89 72
14379 46 74
14380 63 29
14381 30 30
14382 89 73
14383 78 54
14384 42 2
14385 42 1
14386 46 53
14387 64 1
14388 42 84
14389 85 50
14390 75 8
14391 63 36
14392 0 90
14393 42 2
14394 64 2
14395 27 1
14396 46 73
14397 46 74
14398 74 8
14399 30 31
14400 82 56
14401 27 0
14402 85 49
14403 64 1
14404 45 53
14405 42 85
14406 42 70
14407 64 36
14408 51 31
14409 63 36
14410 64 36
14411 89 72
14412 29 79
14413 28 79
14414 82 49
14415 30 30
14416 51 85
14417 63 30
14418 30 31
14419 45 90
14420 42 1
14421 27 1
14422 30 30
14423 30 6
14424 64 2
14425 85 50
14426 27 0
14427 42 2
14428 46 53
14429 75 8
14430 85 49
14431 89 73
14432 41 70
14433 81 56
14434 31 6
14435 30 31
14436 78 74
14437 63 29
14438 42 70
14439 85 50
14440 79 57
14441 41 70
14442 45 53
14443 46 73
14444 1 90
14445 77 74
14446 42 84
14447 52 85
14448 51 85
14449 82 56
14450 64 1
14451 63 30
14452 85 49
14453 0 90
14454 51 32
14455 74 8
14456 79 54
14457 64 2
14458 52 85
14459 64 1
14460 89 72
14461 78 74
14462 42 1
14463 51 85
14464 51 31
14465 51 32
14466 85 50
14467 83 49
14468 42 70
14469 81 56
14470 42 74
14471 46 53
14472 82 49
14473 42 85
14474 27 1
14475 41 70
14476 79 58
14477 75 8
14478 89 73
14479 27 0
14480 29 79
14481 63 29
14482 85 49
14483 79 57
14484 89 72
14485 77 74
14486 51 31
14487 27 1
14488 42 84
14489 30 30
14490 1 90
14491 30 31
14492 63 36
14493 83 49
14494 82 49
14495 28 79
14496 27 0
14497 85 50
14498 64 36
14499 74 8
14500 85 49
14501 63 30
14502 64 2
14503 42 85
14504 42 2
14505 42 1
14506 46 74
14507 30 30
14508 42 84
14509 63 36
14510 63 29
14511 45 53
14512 79 58
14513 0 90
14514 42 75
14515 46 73
14516 83 49
14517 64 36
14518 78 54
14519 82 49
14520 52 85
14521 1 90
14522 42 2
14523 42 1
14524 0 90
14525 63 36
14526 42 2
14527 51 85
14528 51 32
14529 42 1
14530 75 8
14531 42 74
14532 51 31
14533 79 57
14534 30 6
14535 46 53
14536 79 54
14537 52 85
14538 89 73
14539 29 79
14540 63 30
14541 30 31
14542 42 70
14543 30 30
14544 44 90
14545 64 1
14546 42 2
14547 74 8
14548 75 8
14549 28 79
14550 64 2
14551 1 90
14552 83 49
14553 64 1
14554 45 90
14555 27 1
14556 42 85
14557 0 90
14558 41 70
14559 42 84
14560 42 75
14561 42 74
14562 42 85
14563 29 79
14564 28 79
14565 51 85
14566 78 74
14567 64 36
14568 30 31
14569 51 32
14570 30 30
14571 63 29
14572 42 84
14573 89 72
14574 42 70
14575 51 31
14576 44 90
14577 89 73
14578 1 90
14579 77 74
14580 78 54
14581 46 74
14582 85 50
14583 74 8
14584 27 0
14585 85 49
14586 79 58
14587 64 2
14588 0 90
14589 41 70
14590 45 90
14591 75 8
14592 30 31
14593 74 8
14594 44 90
14595 31 6
14596 42 75
14597 79 57
14598 27 1
14599 42 85
14600 64 1
14601 42 84
14602 51 32
14603 30 30
14604 78 74
14605 77 74
14606 89 72
14607 29 79
14608 45 90
14609 52 85
14610 79 58
14611 30 31
14612 82 56
14613 45 53
14614 42 70
14615 30 6
14616 75 8
14617 42 85
14618 63 30
14619 89 73
14620 64 2
14621 74 8
14622 51 31
14623 82 49
14624 81 56
14625 1 90
14626 63 36
14627 42 84
14628 89 72
14629 0 90
14630 42 1
14631 1 90
14632 46 73
14633 41 70
14634 42 74
14635 44 90
14636 42 85
14637 63 29
14638 46 53
14639 0 90
14640 89 73
14641 31 6
14642 42 2
14643 82 56
14644 45 90
14645 30 30
14646 64 1
14647 51 85
14648 42 1
14649 64 2
14650 64 36
14651 27 0
14652 89 72
14653 42 84
14654 75 8
14655 30 6
14656 42 2
14657 42 85
14658 42 84
14659 31 6
14660 63 30
14661 46 74
14662 30 31
14663 30 6
14664 30 30
14665 79 57
14666 85 50
14667 42 85
14668 89 73
14669 52 85
14670 45 53
14671 63 36
14672 42 1
14673 79 54
14674 83 49
14675 46 53
14676 42 75
14677 30 31
14678 81 56
14679 51 85
14680 82 49
14681 74 8
14682 75 8
14683 44 90
14684 64 1
14685 52 85
14686 31 6
14687 79 58
14688 30 30
14689 83 49
14690 63 29
14691 42 70
14692 28 79
14693 82 49
14694 45 90
14695 89 72
14696 44 90
14697 42 74
14698 46 73
14699 30 31
14700 45 53
14701 42 75
14702 82 56
14703 1 90
14704 51 32
14705 42 2
14706 30 6
14707 79 57
14708 83 49
14709 51 85
14710 45 90
14711 79 58
14712 41 70
14713 85 49
14714 42 1
14715 29 79
14716 82 49
14717 74 8
14718 42 70
14719 78 74
14720 64 2
14721 64 1
14722 89 73
14723 75 8
14724 0 90
14725 85 50
14726 64 2
14727 30 30
14728 63 30
14729 74 8
14730 64 1
14731 1 90
14732 75 8
14733 63 29
14734 78 54
14735 79 54
14736 41 70
14737 79 57
14738 79 58
14739 51 31
14740 46 53
14741 63 30
14742 85 49
14743 27 1
14744 63 29
14745 42 70
14746 74 8
14747 52 85
14748 30 31
14749 45 53
14750 30 30
14751 30 31
14752 31 6
14753 78 54
14754 79 54
14755 81 56
14756 30 30
14757 51 85
14758 75 8
14759 28 79
14760 29 79
14761 89 72
14762 64 2
14763 46 53
14764 74 8
14765 46 74
14766 0 90
14767 44 90
14768 79 57
14769 79 58
14770 79 57
14771 64 1
14772 63 30
14773 42 74
14774 77 74
14775 45 90
14776 42 84
14777 89 73
14778 78 74
14779 63 29
14780 77 74
14781 64 36
14782 46 73
14783 63 36
14784 64 36
14785 42 85
14786 51 32
14787 78 54
14788 30 31
14789 78 74
14790 46 74
14791 77 74
14792 28 79
14793 29 79
14794 51 31
14795 28 79
14796 27 0
14797 79 58
14798 44 90
14799 89 72
14800 52 85
14801 82 56
14802 27 1
14803 78 74
14804 79 57
14805 30 30
14806 30 31
14807 75 8
14808 30 30
14809 63 30
14810 64 2
14811 27 0
14812 51 32
14813 27 1
14814 30 6
14815 1 90
14816 46 73
14817 42 75
14818 0 90
14819 63 36
14820 30 31
14821 1 90
14822 31 6
14823 0 90
14824 79 54
14825 81 56
14826 42 84
14827 64 36
14828 78 54
14829 30 6
14830 29 79
14831 82 56
14832 46 74
14833 45 53
14834 79 54
14835 51 31
14836 74 8
14837 46 73
14838 42 74
14839 63 29
14840 78 54
14841 27 0
14842 42 2
14843 41 70
14844 27 1
14845 79 54
14846 31 6
14847 45 90
14848 81 56
14849 46 53
14850 89 73
14851 51 85
14852 78 54
14853 51 32
14854 27 0
14855 44 90
14856 28 79
14857 1 90
14858 63 30
14859 42 1
14860 79 54
14861 29 79
14862 42 70
14863 63 36
14864 82 56
14865 41 70
14866 42 85
14867 0 90
14868 30 6
14869 45 90
14870 1 90
14871 85 50
14872 42 84
14873 42 70
14874 0 90
14875 75 8
14876 31 6
14877 44 90
14878 42 2
14879 64 36
14880 1 90
14881 79 58
14882 52 85
14883 79 57
14884 64 1
14885 83 49
14886 74 8
14887 45 90
14888 41 70
14889 46 74
14890 42 85
14891 81 56
14892 27 1
14893 42 1
14894 46 73
14895 30 6
14896 46 74
14897 28 79
14898 79 58
14899 85 49
14900 51 31
14901 51 85
14902 30 30
14903 79 57
14904 78 54
14905 0 90
14906 79 54
14907 42 70
14908 30 31
14909 27 0
14910 85 50
14911 79 58
14912 63 36
14913 30 30
14914 42 75
14915 42 74
14916 42 75
14917 78 54
14918 27 1
14919 42 74
14920 30 31
14921 46 73
14922 44 90
14923 77 74
14924 41 70
14925 46 74
14926 46 73
14927 45 53
14928 82 56
14929 78 74
14930 42 84
14931 42 75
14932 64 2
14933 82 49
14934 30 30
14935 31 6
14936 27 0
14937 52 85
14938 30 6
14939 45 90
14940 31 6
14941 30 6
14942 79 57
14943 77 74
14944 31 6
14945 64 36
14946 46 53
14947 29 79
14948 42 74
14949 42 75
14950 42 70
14951 89 72
14952 81 56
14953 46 74
14954 64 1
14955 85 49
14956 41 70
14957 63 29
14958 63 36
14959 27 1
14960 51 32
14961 30 31
14962 42 74
14963 45 53
14964 46 53
14965 79 54
14966 75 8
14967 42 85
14968 79 58
14969 79 57
14970 78 54
14971 51 31
14972 30 6
14973 42 70
14974 79 58
14975 42 2
14976 1 90
14977 42 75
14978 85 50
14979 64 36
14980 78 74
14981 89 73
14982 82 56
14983 79 57
14984 83 49
14985 45 53
14986 42 1
14987 85 49
14988 82 49
14989 0 90
14990 77 74
14991 27 0
14992 64 2
14993 42 74
14994 83 49
14995 42 2
14996 1 90
14997 46 53
14998 46 73
14999 30 30
15000 82 49
15001 63 30
15002 78 74
15003 42 1
15004 63 29
15005 63 36
15006 79 54
15007 44 90
15008 45 90
15009 83 49
15010 85 50
15011 42 84
15012 64 1
15013 77 74
15014 85 49
15015 89 72
15016 63 30
15017 64 2
15018 46 74
15019 44 90
15020 46 73
15021 46 74
15022 42 85
15023 51 32
15024 28 79
15025 27 1
15026 79 58
15027 31 6
15028 64 1
15029 81 56
15030 45 53
15031 42 84
15032 42 85
15033 29 79
15034 51 31
15035 64 2
15036 46 73
15037 42 84
15038 51 85
15039 0 90
15040 52 85
15041 64 36
15042 27 0
15043 28 79
15044 79 57
15045 45 90
15046 89 73
15047 63 29
15048 51 85
15049 82 56
15050 51 32
15051 85 50
15052 1 90
15053 79 58
15054 78 74
15055 29 79
15056 42 75
15057 27 1
15058 42 85
15059 89 72
15060 85 49
15061 44 90
15062 74 8
15063 52 85
15064 63 36
15065 78 54
15066 63 30
15067 42 74
15068 79 57
15069 81 56
15070 77 74
15071 63 29
15072 0 90
15073 51 31
15074 28 79
15075 46 74
15076 42 84
15077 78 74
15078 41 70
15079 42 75
15080 85 50
15081 42 74
15082 46 73
15083 1 90
15084 46 74
15085 30 6
15086 85 49
15087 64 1
15088 46 73
15089 0 90
15090 77 74
15091 31 6
15092 51 32
15093 64 36
15094 64 2
15095 82 49
15096 42 2
15097 30 6
15098 42 85
15099 46 74
15100 42 75
15101 51 85
15102 79 58
15103 45 90
15104 79 54
15105 44 90
15106 82 56
15107 46 73
15108 31 6
15109 27 0
15110 51 31
15111 45 90
15112 51 32
15113 79 57
15114 63 36
15115 64 36
15116 78 54
15117 1 90
15118 0 90
15119 30 31
15120 42 70
15121 63 36
15122 64 36
15123 30 6
15124 64 1
15125 27 1
15126 83 49
15127 64 2
15128 27 0
15129 42 74
15130 78 74
15131 41 70
15132 52 85
15133 1 90
15134 89 73
15135 82 49
15136 42 75
15137 79 58
15138 89 72
15139 79 57
15140 42 1
15141 46 74
15142 83 49
15143 51 31
15144 31 6
15145 42 70
15146 64 1
15147 27 1
15148 81 56
15149 63 36
15150 77 74
15151 46 53
15152 64 2
15153 51 85
15154 30 30
15155 85 50
15156 78 74
15157 42 84
15158 27 0
15159 42 74
15160 0 90
15161 89 73
15162 41 70
15163 82 49
15164 27 1
15165 82 56
15166 44 90
15167 46 73
15168 29 79
15169 27 0
15170 30 6
15171 77 74
15172 89 72
15173 79 58
15174 27 1
15175 85 49
15176 42 70
15177 31 6
15178 64 1
15179 81 56
15180 89 73
15181 27 0
15182 89 72
15183 42 75
15184 1 90
15185 52 85
15186 64 2
15187 79 57
15188 46 74
15189 51 32
15190 0 90
15191 1 90
15192 78 74
15193 77 74
15194 42 2
15195 30 31
15196 30 30
15197 45 90
15198 82 56
15199 27 1
15200 51 31
15201 79 58
15202 81 56
15203 85 50
15204 78 74
15205 30 31
15206 64 36
15207 45 53
15208 79 54
15209 85 49
15210 85 50
15211 46 73
15212 89 73
15213 28 79
15214 79 57
15215 44 90
15216 83 49
15217 82 56
15218 78 54
15219 46 53
15220 42 74
15221 79 58
15222 63 36
15223 42 85
15224 30 30
15225 89 72
15226 79 57
15227 63 30
15228 79 54
15229 27 0
15230 85 49
15231 45 90
15232 44 90
15233 29 79
15234 77 74
15235 45 90
15236 82 49
15237 81 56
15238 28 79
15239 89 73
15240 0 90
15241 30 6
15242 78 74
15243 29 79
15244 42 84
15245 82 56
15246 79 58
15247 75 8
15248 79 57
15249 77 74
15250 78 74
15251 63 29
15252 27 1
15253 89 72
15254 31 6
15255 42 85
15256 64 36
15257 63 30
15258 89 73
15259 63 29
15260 79 58
15261 46 74
15262 63 36
15263 79 57
15264 42 75
15265 77 74
15266 30 31
15267 64 1
15268 85 50
15269 78 74
15270 64 2
15271 64 1
15272 63 30
15273 42 1
15274 1 90
15275 45 53
15276 42 84
15277 81 56
15278 42 74
15279 78 54
15280 85 49
15281 51 32
15282 30 30
15283 42 2
15284 82 56
15285 83 49
15286 64 2
15287 82 49
15288 0 90
15289 44 90
15290 79 54
15291 46 73
15292 51 31
15293 42 85
15294 51 85
15295 74 8
15296 89 72
15297 75 8
15298 42 84
15299 42 1
15300 42 2
15301 42 75
15302 30 31
15303 85 50
15304 78 54
15305 74 8
15306 52 85
15307 30 30
15308 64 36
15309 79 54
15310 46 74
15311 1 90
15312 83 49
15313 46 73
15314 85 49
15315 81 56
15316 0 90
15317 30 6
15318 63 29
15319 63 36
15320 41 70
15321 42 1
15322 75 8
15323 42 74
15324 31 6
15325 89 73
15326 46 74
15327 77 74
15328 82 56
15329 42 75
15330 81 56
15331 42 2
15332 82 49
15333 63 30
15334 78 74
15335 64 1
15336 42 1
15337 63 29
15338 89 72
15339 46 73
15340 79 58
15341 46 53
15342 30 6
15343 42 85
15344 30 31
15345 28 79
15346 82 56
15347 64 2
15348 42 2
15349 64 36
15350 42 84
15351 42 85
15352 30 30
15353 45 53
15354 51 32
15355 42 1
15356 63 30
15357 46 74
15358 42 84
15359 51 85
15360 63 36
15361 64 36
15362 52 85
15363 85 50
15364 77 74
15365 78 74
15366 63 36
15367 63 29
15368 83 49
15369 42 85
15370 79 57
15371 51 85
15372 89 73
15373 42 2
15374 42 74
15375 89 72
15376 42 84
15377 74 8
15378 42 75
15379 81 56
15380 52 85
15381 45 90
15382 85 49
15383 85 50
15384 46 73
15385 78 54
15386 51 31
15387 42 85
15388 46 53
15389 89 73
15390 77 74
15391 79 54
15392 89 72
15393 27 0
15394 89 73
15395 27 1
15396 30 31
15397 29 79
15398 44 90
15399 28 79
15400 31 6
15401 78 74
15402 42 84
15403 51 32
15404 42 1
15405 85 49
15406 85 50
15407 42 70
15408 1 90
15409 30 6
15410 45 53
15411 82 49
15412 79 58
15413 46 74
15414 41 70
15415 79 57
15416 27 0
15417 63 30
15418 83 49
15419 63 29
15420 42 74
15421 77 74
15422 82 56
15423 31 6
15424 82 49
15425 46 73
15426 64 36
15427 27 1
15428 83 49
15429 42 75
15430 81 56
15431 75 8
15432 27 0
15433 42 70
15434 42 74
15435 89 72
15436 46 74
15437 29 79
15438 28 79
15439 42 75
15440 82 49
15441 51 31
15442 78 74
15443 46 53
15444 41 70
15445 82 56
15446 51 32
15447 77 74
15448 83 49
15449 79 58
15450 85 49
15451 42 2
15452 45 53
15453 30 6
15454 30 30
15455 85 50
15456 30 31
15457 51 85
15458 31 6
15459 89 73
15460 63 30
15461 42 70
15462 45 90
15463 78 74
15464 81 56
15465 52 85
15466 63 36
15467 77 74
15468 64 36
15469 46 53
15470 41 70
15471 27 1
15472 78 54
15473 29 79
15474 45 53
15475 46 53
15476 78 74
15477 79 54
15478 63 36
15479 63 29
15480 89 72
15481 64 1
15482 82 49
15483 28 79
15484 82 56
15485 30 6
15486 83 49
15487 79 57
15488 42 1
15489 42 70
15490 81 56
15491 51 85
15492 44 90
15493 89 73
15494 82 56
15495 77 74
15496 74 8
15497 51 31
15498 42 2
15499 45 53
15500 52 85
15501 46 53
15502 42 1
15503 30 30
15504 42 85
15505 64 36
15506 64 2
15507 78 74
15508 45 90
15509 42 74
15510 46 73
15511 41 70
15512 77 74
15513 63 36
15514 78 74
15515 51 85
15516 75 8
15517 77 74
15518 85 49
15519 29 79
15520 79 58
15521 81 56
15522 27 0
15523 0 90
15524 78 54
15525 27 1
15526 42 2
15527 27 0
15528 42 1
15529 31 6
15530 82 56
15531 42 70
15532 81 56
15533 82 56
15534 64 1
15535 52 85
15536 44 90
15537 45 53
15538 41 70
15539 42 70
15540 42 84
15541 64 36
15542 82 49
15543 1 90
15544 51 32
15545 51 31
15546 28 79
15547 45 90
15548 29 79
15549 44 90
15550 78 74
15551 74 8
15552 51 85
15553 27 1
15554 46 74
15555 64 2
15556 79 57
15557 51 32
15558 81 56
15559 42 85
15560 75 8
15561 42 84
15562 83 49
15563 85 50
15564 42 2
15565 79 58
15566 41 70
15567 77 74
15568 42 1
15569 79 54
15570 85 49
15571 64 1
15572 63 36
15573 42 75
15574 42 70
15575 79 57
15576 74 8
15577 64 36
15578 42 74
15579 46 73
15580 0 90
15581 78 54
15582 28 79
15583 27 0
15584 52 85
15585 30 31
15586 75 8
15587 74 8
15588 78 74
15589 45 90
15590 85 50
15591 30 30
15592 64 2
15593 79 54
15594 85 49
15595 63 36
15596 63 30
15597 75 8
15598 42 2
15599 51 31
15600 77 74
15601 64 1
15602 51 85
15603 82 49
15604 79 58
15605 63 29
15606 89 72
15607 44 90
15608 45 90
15609 46 53
15610 45 53
15611 46 74
15612 27 1
15613 64 36
15614 83 49
15615 85 50
15616 64 2
15617 29 79
15618 85 49
15619 63 30
15620 41 70
15621 78 74
15622 79 57
15623 44 90
15624 78 54
15625 42 1
15626 74 8
15627 51 32
15628 28 79
15629 63 36
15630 51 31
15631 29 79
15632 45 90
15633 64 36
15634 28 79
15635 77 74
15636 29 79
15637 27 0
15638 52 85
15639 1 90
15640 42 70
15641 79 58
15642 79 57
15643 42 75
15644 41 70
15645 42 74
15646 78 74
15647 28 79
15648 51 32
15649 89 73
15650 29 79
15651 28 79
15652 51 31
15653 42 75
15654 30 31
15655 30 30
15656 44 90
15657 30 6
15658 42 70
15659 75 8
15660 63 36
15661 74 8
15662 46 53
15663 51 85
15664 42 2
15665 45 90
15666 0 90
15667 64 36
15668 51 32
15669 52 85
15670 82 56
15671 79 54
15672 81 56
15673 63 29
15674 42 74
15675 51 31
15676 29 79
15677 46 73
15678 41 70
15679 63 36
15680 27 1
15681 42 85
15682 30 31
15683 42 70
15684 30 30
15685 64 36
15686 85 50
15687 46 74
15688 89 72
15689 41 70
15690 45 53
15691 42 84
15692 1 90
15693 77 74
15694 75 8
15695 51 85
15696 0 90
15697 89 73
15698 44 90
15699 82 49
15700 42 70
15701 46 53
15702 85 49
15703 42 85
15704 31 6
15705 42 1
15706 42 84
15707 45 90
15708 42 75
15709 85 50
15710 28 79
15711 42 85
15712 45 53
15713 89 72
15714 42 84
15715 1 90
15716 41 70
15717 30 31
15718 42 74
15719 51 32
15720 29 79
15721 46 73
15722 51 31
15723 42 85
15724 28 79
15725 44 90
15726 63 30
15727 85 49
15728 51 32
15729 0 90
15730 42 2
15731 63 29
15732 63 36
15733 42 1
15734 74 8
15735 78 54
15736 42 2
15737 83 49
15738 79 54
15739 27 0
15740 30 6
15741 42 70
15742 45 90
15743 78 74
15744 42 1
15745 27 1
15746 41 70
15747 51 31
15748 64 1
15749 77 74
15750 27 0
15751 82 49
15752 30 30
15753 42 84
15754 64 2
15755 64 1
15756 75 8
15757 42 70
15758 52 85
15759 44 90
15760 1 90
15761 45 90
15762 0 90
15763 64 36
15764 83 49
15765 51 32
15766 74 8
15767 82 56
15768 27 1
15769 82 49
15770 30 31
15771 63 30
15772 42 2
15773 46 74
15774 42 75
15775 42 85
15776 89 73
15777 81 56
15778 63 36
15779 30 30
15780 79 58
15781 44 90
15782 42 84
15783 75 8
15784 51 85
15785 83 49
15786 64 2
15787 78 74
15788 78 54
15789 46 53
15790 42 1
15791 31 6
15792 82 49
15793 45 53
15794 79 54
15795 64 1
15796 42 74
15797 64 36
15798 1 90
15799 46 53
15800 29 79
15801 83 49
15802 42 2
15803 78 54
15804 85 50
15805 85 49
15806 42 1
15807 45 90
15808 85 50
15809 82 49
15810 79 54
15811 45 53
15812 82 56
15813 41 70
15814 30 6
15815 28 79
15816 42 70
15817 83 49
15818 0 90
15819 81 56
15820 42 75
15821 89 72
15822 77 74
15823 51 31
15824 63 29
15825 85 49
15826 31 6
15827 82 49
15828 85 50
15829 46 53
15830 78 54
15831 41 70
15832 52 85
15833 42 74
15834 51 85
15835 82 56
15836 51 32
15837 79 54
15838 83 49
15839 63 36
15840 42 70
15841 45 53
15842 42 2
15843 74 8
15844 89 73
15845 41 70
15846 42 85
15847 1 90
15848 82 49
15849 64 2
15850 64 1
15851 85 49
15852 64 2
15853 51 31
15854 30 31
15855 83 49
15856 44 90
15857 81 56
15858 30 30
15859 63 30
15860 42 84
15861 78 74
15862 82 49
15863 64 1
15864 82 56
15865 46 73
15866 81 56
15867 30 6
15868 78 54
15869 42 70
15870 82 56
15871 64 36
15872 46 53
15873 46 74
15874 81 56
15875 51 32
15876 45 90
15877 29 79
15878 77 74
15879 30 31
15880 0 90
15881 31 6
15882 89 72
15883 85 50
15884 85 49
15885 42 85
15886 42 75
15887 41 70
15888 82 56
15889 30 6
15890 63 29
15891 83 49
15892 46 73
15893 75 8
15894 42 74
15895 64 2
15896 85 50
15897 44 90
15898 28 79
15899 1 90
15900 29 79
15901 27 0
15902 64 1
15903 0 90
15904 46 74
15905 42 84
15906 85 49
15907 28 79
15908 64 2
15909 89 73
15910 64 1
15911 1 90
15912 42 1
15913 81 56
15914 89 72
15915 45 53
15916 78 74
15917 85 50
15918 63 36
15919 30 30
15920 85 49
15921 64 36
15922 52 85
15923 79 57
15924 29 79
15925 85 50
15926 77 74
15927 89 73
15928 63 36
15929 82 49
15930 74 8
15931 83 49
15932 64 36
15933 42 2
15934 78 74
15935 85 49
15936 28 79
15937 42 85
15938 51 31
15939 0 90
15940 89 72
15941 63 36
15942 89 73
15943 27 1
15944 77 74
15945 1 90
15946 45 90
15947 51 85
15948 82 49
15949 42 75
15950 0 90
15951 30 31
15952 46 73
15953 31 6
15954 85 50
15955 30 30
15956 85 49
15957 30 31
15958 46 53
15959 42 1
15960 79 58
15961 64 2
15962 64 36
15963 63 30
15964 29 79
15965 30 30
15966 42 70
15967 27 0
15968 83 49
15969 85 50
15970 1 90
15971 0 90
15972 78 74
15973 46 74
15974 63 29
15975 30 6
15976 44 90
15977 79 54
15978 85 49
15979 85 50
15980 42 74
15981 82 49
15982 27 1
15983 63 30
15984 46 73
15985 52 85
15986 41 70
15987 63 29
15988 31 6
15989 79 57
15990 30 31
15991 83 49
15992 78 54
15993 77 74
15994 45 90
15995 1 90
15996 0 90
15997 63 30
15998 89 72
15999 30 6
16000 78 74
16001 63 36
16002 51 85
16003 42 2
16004 46 74
16005 79 58
16006 42 1
16007 77 74
16008 27 0
16009 31 6
16010 44 90
16011 30 6
16012 63 29
16013 63 30
16014 79 54
16015 46 73
16016 85 49
16017 42 2
16018 42 1
16019 28 79
16020 42 2
16021 42 1
16022 1 90
16023 52 85
16024 79 57
16025 89 73
16026 78 74
16027 31 6
16028 30 6
16029 45 90
16030 64 36
16031 51 85
16032 42 70
16033 82 56
16034 30 30
16035 63 36
16036 31 6
16037 85 50
16038 41 70
16039 46 74
16040 42 70
16041 42 2
16042 78 54
16043 0 90
16044 46 73
16045 51 32
16046 29 79
16047 30 6
16048 44 90
16049 85 49
16050 45 53
16051 46 53
16052 82 49
16053 83 49
16054 45 90
16055 52 85
16056 51 31
16057 89 72
16058 30 31
16059 51 85
16060 51 32
16061 41 70
16062 31 6
16063 79 54
16064 42 75
16065 63 29
16066 63 30
16067 64 36
16068 63 29
16069 82 49
16070 81 56
16071 46 74
16072 83 49
16073 44 90
16074 75 8
16075 27 1
16076 28 79
16077 63 30
16078 82 49
16079 77 74
16080 45 53
16081 29 79
16082 28 79
16083 46 53
16084 46 73
16085 74 8
16086 46 74
16087 45 90
16088 30 6
16089 78 54
16090 85 50
16091 79 58
16092 83 49
16093 30 30
16094 42 84
16095 85 49
16096 42 85
16097 30 31
16098 64 1
16099 75 8
16100 79 54
16101 51 31
16102 42 1
16103 63 36
16104 89 73
16105 46 73
16106 51 32
16107 85 50
16108 46 74
16109 42 70
16110 85 49
16111 41 70
16112 31 6
16113 89 72
16114 30 30
16115 42 74
16116 82 56
16117 78 74
16118 63 29
16119 82 49
16120 85 50
16121 77 74
16122 44 90
16123 45 53
16124 74 8
16125 27 0
16126 85 49
16127 30 31
16128 42 75
16129 75 8
16130 83 49
16131 42 70
16132 78 54
16133 30 30
16134 45 90
16135 42 2
16136 41 70
16137 63 30
16138 30 31
16139 30 30
16140 81 56
16141 52 85
16142 74 8
16143 79 57
16144 44 90
16145 51 85
16146 75 8
16147 78 74
16148 46 53
16149 42 84
16150 46 73
16151 52 85
16152 30 6
16153 63 29
16154 45 53
16155 74 8
16156 46 74
16157 75 8
16158 79 58
16159 42 70
16160 42 1
16161 1 90
16162 82 56
16163 64 2
16164 42 74
16165 42 75
16166 89 73
16167 46 53
16168 81 56
16169 89 72
16170 45 90
16171 82 49
16172 64 1
16173 0 90
16174 27 1
16175 45 53
16176 51 85
16177 89 73
16178 89 72
16179 89 73
16180 82 56
16181 42 2
16182 79 54
16183 89 72
16184 42 85
16185 1 90
16186 46 53
16187 41 70
16188 42 74
16189 74 8
16190 29 79
16191 83 49
16192 52 85
16193 78 54
16194 45 53
16195 85 50
16196 51 31
16197 28 79
16198 46 73
16199 42 75
16200 31 6
16201 64 2
16202 64 1
16203 42 1
16204 63 30
16205 30 6
16206 42 74
16207 63 29
16208 64 2
16209 42 84
16210 30 31
16211 44 90
16212 42 2
16213 46 53
16214 42 85
16215 81 56
16216 63 30
16217 42 70
16218 0 90
16219 63 29
16220 42 84
16221 45 53
16222 82 56
16223 82 49
16224 63 30
16225 42 85
16226 64 36
16227 42 84
16228 45 90
16229 64 1
16230 42 75
16231 42 1
16232 46 74
16233 41 70
16234 46 53
16235 63 29
16236 42 74
16237 83 49
16238 42 85
16239 77 74
16240 31 6
16241 42 75
16242 42 2
16243 51 85
16244 81 56
16245 42 84
16246 79 57
16247 42 85
16248 89 73
16249 42 70
16250 64 2
16251 63 36
16252 42 74
16253 27 0
16254 64 1
16255 30 6
16256 79 58
16257 51 32
16258 29 79
16259 82 49
16260 63 30
16261 45 53
16262 79 54
16263 41 70
16264 27 1
16265 83 49
16266 1 90
16267 44 90
16268 27 0
16269 42 70
16270 28 79
16271 30 30
16272 64 2
16273 82 49
16274 82 56
16275 83 49
16276 46 73
16277 31 6
16278 82 49
16279 46 53
16280 89 72
16281 51 31
16282 45 53
16283 46 53
16284 64 1
16285 46 74
16286 52 85
16287 29 79
16288 75 8
16289 89 73
16290 0 90
16291 64 2
16292 46 73
16293 51 85
16294 64 36
16295 74 8
16296 51 32
16297 78 74
16298 51 31
16299 42 84
16300 41 70
16301 45 53
16302 42 1
16303 63 29
16304 27 1
16305 42 85
16306 52 85
16307 85 49
16308 77 74
16309 78 74
16310 51 85
16311 46 74
16312 51 32
16313 28 79
16314 42 70
16315 41 70
16316 63 36
16317 46 73
16318 46 53
16319 42 75
16320 63 30
16321 78 54
16322 27 0
16323 42 70
16324 52 85
16325 42 84
16326 42 2
16327 51 85
16328 30 31
16329 89 72
16330 63 29
16331 51 31
16332 27 1
16333 81 56
16334 42 85
16335 89 73
16336 46 74
16337 52 85
16338 75 8
16339 45 53
16340 45 90
16341 77 74
16342 79 57
16343 74 8
16344 41 70
16345 78 74
16346 46 53
16347 30 6
16348 42 84
16349 42 74
16350 1 90
16351 79 58
16352 27 0
16353 44 90
16354 51 32
16355 75 8
16356 30 30
16357 64 36
16358 31 6
16359 46 73
16360 29 79
16361 51 85
16362 42 1
16363 51 31
16364 42 85
16365 27 1
16366 30 31
16367 83 49
16368 85 50
16369 42 75
16370 27 0
16371 30 30
16372 30 31
16373 27 1
16374 52 85
16375 30 30
16376 45 90
16377 89 72
16378 63 30
16379 30 6
16380 74 8
16381 42 84
16382 79 54
16383 45 53
16384 82 56
16385 28 79
16386 29 79
16387 63 36
16388 64 1
16389 28 79
16390 51 32
16391 42 2
16392 63 29
16393 46 74
16394 89 73
16395 42 74
16396 79 57
16397 42 1
16398 82 49
16399 46 53
16400 78 54
16401 42 70
16402 0 90
16403 85 49
16404 81 56
16405 51 31
16406 46 73
16407 27 0
16408 82 56
16409 81 56
16410 77 74
16411 1 90
16412 85 50
16413 63 30
16414 79 54
16415 85 49
16416 82 56
16417 31 6
16418 78 54
16419 41 70
16420 85 50
16421 42 2
16422 42 70
16423 78 74
16424 30 31
16425 42 75
16426 81 56
16427 42 1
16428 42 85
16429 0 90
16430 63 29
16431 79 54
16432 29 79
16433 85 49
16434 79 58
16435 45 53
16436 42 2
16437 51 85
16438 46 74
16439 27 1
16440 64 2
16441 64 1
16442 51 32
16443 1 90
16444 42 74
16445 0 90
16446 85 50
16447 42 1
16448 42 75
16449 64 2
16450 51 31
16451 30 6
16452 51 32
16453 75 8
16454 1 90
16455 31 6
16456 30 6
16457 42 2
16458 74 8
16459 44 90
16460 27 0
16461 46 53
16462 45 90
16463 85 49
16464 63 30
16465 77 74
16466 42 74
16467 75 8
16468 30 30
16469 0 90
16470 44 90
16471 64 1
16472 45 90
16473 42 84
16474 89 72
16475 83 49
16476 89 73
16477 41 70
16478 44 90
16479 82 56
16480 45 90
16481 45 53
16482 78 54
16483 44 90
16484 74 8
16485 82 49
16486 64 2
16487 1 90
16488 42 70
16489 46 53
16490 45 90
16491 63 29
16492 42 1
16493 28 79
16494 81 56
16495 89 72
16496 51 31
16497 83 49
16498 51 32
16499 89 73
16500 45 53
16501 41 70
16502 82 56
16503 75 8
16504 29 79
16505 51 31
16506 89 72
16507 28 79
16508 42 70
16509 31 6
16510 0 90
16511 46 73
16512 46 74
16513 89 73
16514 42 2
16515 79 54
16516 74 8
16517 46 73
16518 75 8
16519 30 31
16520 46 53
16521 46 74
16522 45 53
16523 79 57
16524 78 54
16525 30 30
16526 63 30
16527 42 75
16528 52 85
16529 1 90
16530 64 1
16531 44 90
16532 42 85
16533 46 73
16534 0 90
16535 74 8
16536 89 72
16537 64 36
16538 79 54
16539 75 8
16540 46 74
16541 51 32
16542 79 58
16543 41 70
16544 78 74
16545 46 73
16546 45 90
16547 74 8
16548 44 90
16549 46 74
16550 42 1
16551 85 50
16552 77 74
16553 81 56
16554 42 2
16555 63 29
16556 30 31
16557 78 54
16558 42 84
16559 42 1
16560 42 2
16561 45 90
16562 82 49
16563 64 2
16564 82 56
16565 81 56
16566 46 53
16567 30 6
16568 31 6
16569 78 74
16570 51 31
16571 42 85
16572 51 85
16573 75 8
16574 52 85
16575 30 30
16576 63 30
16577 83 49
16578 29 79
16579 74 8
16580 42 70
16581 63 29
16582 79 57
16583 63 36
16584 51 32
16585 42 1
16586 51 85
16587 44 90
16588 79 54
16589 78 54
16590 27 1
16591 79 54
16592 45 53
16593 63 30
16594 75 8
16595 42 84
16596 85 49
16597 28 79
16598 42 85
16599 52 85
16600 41 70
16601 42 2
16602 79 58
16603 42 84
16604 46 53
16605 42 70
16606 82 49
16607 42 74
16608 82 56
16609 64 1
16610 89 73
16611 79 57
16612 63 29
16613 27 0
16614 78 54
16615 64 2
16616 51 31
16617 63 30
16618 27 1
16619 51 32
16620 42 1
16621 27 0
16622 1 90
16623 83 49
16624 64 36
16625 51 85
16626 79 58
16627 42 85
16628 63 29
16629 42 84
16630 64 1
16631 42 2
16632 42 75
16633 89 72
16634 85 50
16635 82 49
16636 41 70
16637 63 30
16638 29 79
16639 63 36
16640 77 74
16641 85 49
16642 30 31
16643 74 8
16644 30 30
16645 64 2
16646 42 1
16647 46 73
16648 63 29
16649 75 8
16650 42 74
16651 51 31
16652 28 79
16653 42 75
16654 42 70
16655 79 54
16656 29 79
16657 63 30
16658 74 8
16659 78 74
16660 89 73
16661 41 70
16662 64 1
16663 64 36
16664 42 70
16665 52 85
16666 75 8
16667 42 85
16668 27 1
16669 89 72
16670 89 73
16671 0 90
16672 64 2
16673 77 74
16674 30 31
16675 45 90
16676 81 56
16677 1 90
16678 78 74
16679 30 6
16680 42 74
16681 44 90
16682 45 90
16683 42 84
16684 41 70
16685 64 1
16686 46 74
16687 74 8
16688 42 2
16689 51 32
16690 44 90
16691 51 85
16692 89 72
16693 78 54
16694 63 29
16695 77 74
16696 78 74
16697 64 2
16698 51 31
16699 75 8
16700 46 73
16701 83 49
16702 42 75
16703 45 53
16704 27 0
16705 42 1
16706 42 74
16707 0 90
16708 46 74
16709 42 75
16710 28 79
16711 79 57
16712 42 2
16713 89 73
16714 82 49
16715 77 74
16716 64 1
16717 89 72
16718 30 30
16719 74 8
16720 46 53
16721 52 85
16722 85 50
16723 83 49
16724 42 74
16725 51 32
16726 42 1
16727 82 49
16728 42 70
16729 75 8
16730 45 53
16731 41 70
16732 42 85
16733 42 70
16734 42 84
16735 30 31
16736 83 49
16737 63 36
16738 46 53
16739 51 31
16740 45 90
16741 51 32
16742 85 49
16743 79 58
16744 82 56
16745 81 56
16746 51 85
16747 31 6
16748 42 85
16749 52 85
16750 44 90
16751 51 31
16752 45 53
16753 30 6
16754 82 56
16755 31 6
16756 30 30
16757 51 85
16758 81 56
16759 42 84
16760 30 31
16761 30 6
16762 85 50
16763 46 53
16764 82 49
16765 46 73
16766 51 32
16767 1 90
16768 42 85
16769 31 6
16770 82 56
16771 27 1
16772 89 73
16773 81 56
16774 30 6
16775 82 56
16776 42 75
16777 74 8
16778 64 36
16779 63 36
16780 52 85
16781 30 30
16782 85 49
16783 83 49
16784 89 72
16785 81 56
16786 64 2
16787 78 74
16788 82 49
16789 83 49
16790 79 54
16791 46 74
16792 82 49
16793 42 84
16794 29 79
16795 64 1
16796 63 30
16797 85 50
16798 0 90
16799 45 53
16800 46 73
16801 45 90
16802 51 31
16803 41 70
16804 42 70
16805 42 74
16806 42 85
16807 89 73
16808 46 74
16809 63 29
16810 44 90
16811 46 73
16812 42 75
16813 63 30
16814 79 57
16815 89 72
16816 82 56
16817 42 74
16818 31 6
16819 83 49
16820 30 6
16821 89 73
16822 75 8
16823 89 72
16824 42 84
16825 79 58
16826 64 2
16827 82 49
16828 64 36
16829 28 79
16830 81 56
16831 30 31
16832 64 1
16833 83 49
16834 41 70
16835 30 30
16836 82 49
16837 51 32
16838 42 70
16839 51 85
16840 64 2
16841 42 75
16842 46 53
16843 78 54
16844 63 29
16845 41 70
16846 64 1
16847 31 6
16848 42 70
16849 30 6
16850 85 49
16851 42 2
16852 77 74
16853 31 6
16854 45 53
16855 42 74
16856 29 79
16857 27 0
16858 42 1
16859 79 57
16860 28 79
16861 83 49
16862 79 54
16863 63 30
16864 51 31
16865 78 54
16866 85 50
16867 46 74
16868 82 56
16869 46 53
16870 42 2
16871 78 74
16872 30 31
16873 42 75
16874 79 54
16875 41 70
16876 85 49
16877 29 79
16878 82 49
16879 52 85
16880 45 90
16881 51 85
16882 89 73
16883 42 85
16884 83 49
16885 77 74
16886 79 58
16887 45 53
16888 30 6
16889 31 6
16890 46 73
16891 81 56
16892 46 74
16893 74 8
16894 27 1
16895 42 84
16896 28 79
16897 75 8
16898 27 0
16899 82 49
16900 79 57
16901 29 79
16902 89 72
16903 85 50
16904 46 53
16905 64 2
16906 89 73
16907 46 73
16908 45 53
16909 89 72
16910 85 49
16911 63 36
16912 1 90
16913 30 30
16914 89 73
16915 51 32
16916 78 54
16917 42 70
16918 63 29
16919 42 1
16920 42 74
16921 42 85
16922 27 1
16923 30 6
16924 89 72
16925 89 73
16926 31 6
16927 64 36
16928 79 58
16929 74 8
16930 42 75
16931 64 1
16932 42 2
16933 42 1
16934 46 74
16935 79 57
16936 85 50
16937 46 73
16938 78 74
16939 85 49
16940 28 79
16941 75 8
16942 77 74
16943 41 70
16944 46 53
16945 42 2
16946 63 36
16947 78 74
16948 77 74
16949 64 2
16950 45 53
16951 27 0
16952 85 50
16953 78 74
16954 79 54
16955 89 72
16956 42 70
16957 30 31
16958 41 70
16959 83 49
16960 82 56
16961 29 79
16962 81 56
16963 42 74
16964 82 56
16965 64 36
16966 30 30
16967 82 49
16968 30 31
16969 46 53
16970 45 53
16971 51 31
16972 52 85
16973 83 49
16974 79 58
16975 42 70
16976 81 56
16977 82 56
16978 28 79
16979 30 30
16980 42 84
16981 0 90
16982 1 90
16983 77 74
16984 78 54
16985 79 57
16986 42 85
16987 44 90
16988 81 56
16989 42 84
16990 63 30
16991 29 79
16992 42 1
16993 85 49
16994 78 74
16995 30 31
16996 0 90
16997 42 2
16998 82 49
16999 30 6
17000 51 85
17001 63 29
17002 83 49
17003 28 79
17004 42 75
17005 85 50
17006 63 30
17007 85 49
17008 82 49
17009 45 90
17010 63 36
17011 42 1
17012 46 74
17013 85 50
17014 1 90
17015 30 30
17016 29 79
17017 30 31
17018 85 49
17019 52 85
17020 46 53
17021 74 8
17022 0 90
17023 44 90
17024 42 74
17025 83 49
17026 1 90
17027 41 70
17028 42 2
17029 51 85
17030 31 6
17031 85 50
17032 79 58
17033 42 75
17034 64 36
17035 45 90
17036 27 1
17037 45 53
17038 79 57
17039 28 79
17040 44 90
17041 42 1
17042 42 2
17043 64 1
17044 45 90
17045 29 79
17046 63 29
17047 64 2
17048 79 58
17049 30 6
17050 85 49
17051 63 36
17052 42 1
17053 42 2
17054 79 54
17055 27 0
17056 77 74
17057 44 90
17058 45 90
17059 0 90
17060 64 36
17061 52 85
17062 51 85
17063 78 54
17064 63 30
17065 46 53
17066 45 53
17067 82 49
17068 75 8
17069 63 36
17070 46 53
17071 74 8
17072 79 54
17073 46 73
17074 27 1
17075 27 0
17076 30 30
17077 45 53
17078 30 31
17079 27 1
17080 46 53
17081 27 0
17082 83 49
17083 45 53
17084 75 8
17085 1 90
17086 30 30
17087 31 6
17088 52 85
17089 64 36
17090 51 85
17091 85 50
17092 64 1
17093 63 36
17094 42 74
17095 52 85
17096 89 73
17097 85 49
17098 63 29
17099 79 57
17100 89 72
17101 79 58
17102 46 74
17103 42 1
17104 42 75
17105 0 90
17106 46 53
17107 42 2
17108 42 70
17109 1 90
17110 51 32
17111 44 90
17112 79 57
17113 41 70
17114 82 56
17115 42 70
17116 89 73
17117 51 31
17118 81 56
17119 78 54
17120 63 30
17121 0 90
17122 79 54
17123 78 74
17124 46 73
17125 51 32
17126 28 79
17127 41 70
17128 64 36
17129 51 31
17130 77 74
17131 85 50
17132 78 54
17133 27 1
17134 30 6
17135 45 90
17136 44 90
17137 63 29
17138 64 2
17139 82 56
17140 42 1
17141 82 49
17142 42 70
17143 45 90
17144 42 85
17145 63 30
17146 29 79
17147 64 1
17148 63 36
17149 28 79
17150 29 79
17151 42 74
17152 42 2
17153 51 32
17154 28 79
17155 83 49
17156 45 53
17157 1 90
17158 64 36
17159 79 58
17160 42 84
17161 46 53
17162 42 85
17163 64 2
17164 81 56
17165 78 74
17166 64 1
17167 42 75
17168 42 1
17169 42 74
17170 45 53
17171 29 79
17172 30 31
17173 74 8
17174 63 36
17175 82 56
17176 79 54
17177 51 85
17178 82 49
17179 31 6
17180 78 54
17181 77 74
17182 63 29
17183 78 74
17184 30 6
17185 79 57
17186 64 36
17187 79 54
17188 0 90
17189 46 74
17190 30 30
17191 77 74
17192 51 31
17193 78 74
17194 41 70
17195 1 90
17196 63 30
17197 85 49
17198 64 2
17199 42 70
17200 30 31
17201 63 29
17202 42 84
17203 0 90
17204 30 30
17205 51 32
17206 46 53
17207 75 8
17208 64 1
17209 30 31
17210 83 49
17211 63 30
17212 51 31
17213 28 79
17214 31 6
17215 89 72
17216 74 8
17217 46 73
17218 63 29
17219 81 56
17220 44 90
17221 75 8
17222 51 32
17223 42 2
17224 74 8
17225 89 73
17226 27 0
17227 63 36
17228 41 70
17229 78 54
17230 42 75
17231 46 74
17232 51 31
17233 64 2
17234 51 32
17235 42 1
17236 45 90
17237 30 30
17238 89 72
17239 45 53
17240 77 74
17241 42 85
17242 30 6
17243 64 36
17244 78 74
17245 82 49
17246 42 70
17247 52 85
17248 44 90
17249 1 90
17250 42 84
17251 46 73
17252 75 8
17253 30 31
17254 79 58
17255 29 79
17256 83 49
17257 45 90
17258 42 85
17259 85 50
17260 27 1
17261 46 74
17262 51 85
17263 85 49
17264 64 1
17265 46 53
17266 52 85
17267 42 84
17268 27 0
17269 89 73
17270 31 6
17271 41 70
17272 27 1
17273 0 90
17274 77 74
17275 63 36
17276 78 74
17277 74 8
17278 42 74
17279 79 54
17280 44 90
17281 89 72
17282 45 53
17283 1 90
17284 45 90
17285 27 0
17286 42 2
17287 75 8
17288 46 53
17289 89 73
17290 51 31
17291 42 75
17292 27 1
17293 79 57
17294 74 8
17295 77 74
17296 64 2
17297 42 74
17298 79 58
17299 64 1
17300 28 79
17301 78 74
17302 30 30
17303 82 49
17304 64 2
17305 85 50
17306 30 31
17307 85 49
17308 75 8
17309 89 72
17310 51 32
17311 29 79
17312 28 79
17313 85 50
17314 85 49
17315 42 75
17316 45 53
17317 77 74
17318 78 54
17319 64 36
17320 63 30
17321 51 31
17322 63 29
17323 51 32
17324 51 31
17325 82 56
17326 74 8
17327 75 8
17328 89 73
17329 63 30
17330 78 74
17331 74 8
17332 51 32
17333 81 56
17334 42 70
17335 30 6
17336 64 1
17337 46 73
17338 79 54
17339 46 74
17340 89 72
17341 64 2
17342 42 85
17343 78 54
17344 63 36
17345 77 74
17346 42 74
17347 82 56
17348 42 1
17349 31 6
17350 0 90
17351 42 2
17352 46 53
17353 42 84
17354 81 56
17355 42 85
17356 44 90
17357 78 74
17358 46 73
17359 51 31
17360 85 50
17361 41 70
17362 64 36
17363 45 53
17364 85 49
17365 79 54
17366 63 29
17367 29 79
17368 78 54
17369 42 70
17370 46 74
17371 27 0
17372 45 90
17373 77 74
17374 28 79
17375 89 73
17376 27 1
17377 75 8
17378 64 1
17379 64 2
17380 82 56
17381 42 84
17382 63 36
17383 42 75
17384 42 1
17385 42 74
17386 78 74
17387 79 57
17388 1 90
17389 77 74
17390 46 73
17391 44 90
17392 30 6
17393 45 90
17394 29 79
17395 42 85
17396 42 75
17397 31 6
17398 51 32
17399 46 74
17400 78 74
17401 46 73
17402 74 8
17403 79 54
17404 75 8
17405 42 84
17406 64 36
17407 81 56
17408 46 74
17409 42 85
17410 28 79
17411 30 30
17412 51 31
17413 85 50
17414 79 58
17415 46 53
17416 41 70
17417 29 79
17418 28 79
17419 30 31
17420 85 49
17421 64 1
17422 42 84
17423 42 85
17424 82 56
17425 51 85
17426 42 84
17427 45 53
17428 74 8
17429 42 85
17430 46 53
17431 83 49
17432 42 74
17433 45 53
17434 82 49
17435 42 84
17436 42 85
17437 77 74
17438 46 53
17439 89 72
17440 63 30
17441 30 6
17442 45 53
17443 44 90
17444 78 74
17445 64 2
17446 46 73
17447 77 74
17448 0 90
17449 85 50
17450 83 49
17451 46 53
17452 81 56
17453 85 49
17454 82 49
17455 63 29
17456 78 74
17457 42 70
17458 46 74
17459 79 57
17460 51 32
17461 78 54
17462 79 58
17463 1 90
17464 42 75
17465 89 73
17466 45 90
17467 79 57
17468 52 85
17469 64 1
17470 44 90
17471 42 84
17472 31 6
17473 89 72
17474 83 49
17475 42 2
17476 42 85
17477 30 30
17478 27 0
17479 0 90
17480 42 74
17481 27 1
17482 79 58
17483 1 90
17484 75 8
17485 42 1
17486 89 73
17487 46 73
17488 63 36
17489 79 54
17490 51 85
17491 79 57
17492 45 90
17493 41 70
17494 30 31
17495 27 0
17496 89 72
17497 77 74
17498 82 49
17499 78 74
17500 74 8
17501 30 30
17502 42 70
17503 78 54
17504 27 1
17505 42 84
17506 0 90
17507 64 2
17508 75 8
17509 30 31
17510 79 54
17511 85 50
17512 63 30
17513 42 75
17514 42 74
17515 42 85
17516 85 49
17517 46 74
17518 29 79
17519 79 58
17520 74 8
17521 41 70
17522 45 53
17523 64 1
17524 85 50
17525 85 49
17526 42 70
17527 46 73
17528 42 84
17529 42 85
17530 42 84
17531 51 31
17532 89 73
17533 64 2
17534 79 57
17535 85 50
17536 28 79
17537 85 49
17538 89 72
17539 85 50
17540 75 8
17541 42 75
17542 29 79
17543 83 49
17544 42 2
17545 74 8
17546 64 36
17547 89 73
17548 63 36
17549 63 29
17550 46 74
17551 1 90
17552 28 79
17553 30 6
17554 27 0
17555 78 54
17556 27 1
17557 42 1
17558 79 58
17559 79 54
17560 77 74
17561 79 57
17562 44 90
17563 42 85
17564 0 90
17565 51 32
17566 85 49
17567 51 31
17568 79 58
17569 51 32
17570 46 53
17571 42 84
17572 29 79
17573 79 57
17574 78 74
17575 27 0
17576 28 79
17577 85 50
17578 79 58
17579 30 30
17580 31 6
17581 79 57
17582 75 8
17583 74 8
17584 79 58
17585 78 54
17586 64 1
17587 82 49
17588 89 72
17589 45 53
17590 79 54
17591 64 36
17592 51 31
17593 45 90
17594 78 54
17595 1 90
17596 79 54
17597 42 74
17598 30 31
17599 27 1
17600 63 36
17601 30 6
17602 46 73
17603 63 30
17604 79 57
17605 83 49
17606 51 32
17607 75 8
17608 64 36
17609 78 54
17610 79 54
17611 0 90
17612 89 73
17613 64 2
17614 27 0
17615 30 30
17616 79 58
17617 42 85
17618 27 1
17619 85 49
17620 52 85
17621 46 74
17622 78 54
17623 74 8
17624 75 8
17625 63 36
17626 63 29
17627 51 85
17628 42 84
17629 46 73
17630 42 75
17631 46 74
17632 46 53
17633 46 73
17634 77 74
17635 42 2
17636 51 31
17637 29 79
17638 85 50
17639 42 74
17640 42 1
17641 74 8
17642 28 79
17643 64 1
17644 27 0
17645 46 74
17646 79 57
17647 63 30
17648 1 90
17649 0 90
17650 63 29
17651 30 31
17652 51 32
17653 75 8
17654 42 2
17655 41 70
17656 1 90
17657 89 72
17658 79 58
17659 82 49
17660 78 74
17661 51 31
17662 82 56
17663 31 6
17664 83 49
17665 42 85
17666 27 1
17667 79 54
17668 77 74
17669 42 70
17670 42 84
17671 52 85
17672 27 0
17673 42 1
17674 42 75
17675 42 74
17676 45 53
17677 85 49
17678 44 90
17679 30 6
17680 89 73
17681 78 74
17682 77 74
17683 45 90
17684 42 2
17685 30 30
17686 82 49
17687 31 6
17688 74 8
17689 46 53
17690 85 50
17691 30 6
17692 51 85
17693 42 75
17694 51 32
17695 75 8
17696 31 6
17697 52 85
17698 30 6
17699 79 57
17700 41 70
17701 45 53
17702 27 1
17703 42 1
17704 31 6
17705 27 0
17706 85 49
17707 27 1
17708 64 2
17709 0 90
17710 46 53
17711 42 2
17712 78 74
17713 27 0
17714 51 31
17715 77 74
17716 27 1
17717 46 73
17718 27 0
17719 78 74
17720 29 79
17721 74 8
17722 89 72
17723 85 50
17724 75 8
17725 89 73
17726 79 58
17727 1 90
17728 81 56
17729 63 30
17730 42 85
17731 78 54
17732 42 84
17733 30 31
17734 46 74
17735 79 54
17736 74 8
17737 51 85
17738 42 74
17739 51 32
17740 0 90
17741 30 30
17742 42 70
17743 41 70
17744 30 31
17745 1 90
17746 45 53
17747 85 49
17748 83 49
17749 89 72
17750 75 8
17751 77 74
17752 46 73
17753 27 1
17754 42 75
17755 28 79
17756 82 49
17757 46 74
17758 52 85
17759 30 6
17760 74 8
17761 46 53
17762 83 49
17763 64 36
17764 85 50
17765 82 49
17766 63 29
17767 79 57
17768 63 30
17769 0 90
17770 63 29
17771 42 1
17772 83 49
17773 82 49
17774 51 85
17775 82 56
17776 45 53
17777 63 30
17778 27 0
17779 63 36
17780 46 53
17781 89 73
17782 64 1
17783 42 2
17784 89 72
17785 81 56
17786 85 49
17787 79 58
17788 75 8
17789 85 50
17790 1 90
17791 42 70
17792 0 90
17793 29 79
17794 85 49
17795 42 1
17796 78 54
17797 82 56
17798 63 29
17799 46 73
17800 42 2
17801 28 79
17802 29 79
17803 42 74
17804 51 31
17805 52 85
17806 27 1
17807 44 90
17808 79 57
17809 1 90
17810 41 70
17811 63 30
17812 89 73
17813 83 49
17814 51 32
17815 45 90
17816 79 54
17817 89 72
17818 42 75
17819 51 85
17820 42 85
17821 79 58
17822 78 54
17823 79 54
17824 28 79
17825 79 57
17826 27 0
17827 82 49
17828 42 74
17829 78 54
17830 79 54
17831 78 54
17832 46 74
17833 79 54
17834 81 56
17835 64 2
17836 83 49
17837 78 54
17838 85 50
17839 89 73
17840 42 75
17841 0 90
17842 42 84
17843 42 1
17844 31 6
17845 82 49
17846 42 74
17847 64 36
17848 42 2
17849 85 49
17850 79 58
17851 30 6
17852 63 36
17853 30 30
17854 29 79
17855 52 85
17856 79 57
17857 51 31
17858 83 49
17859 30 31
17860 78 74
17861 85 50
17862 74 8
17863 51 32
17864 42 85
17865 42 70
17866 51 31
17867 64 36
17868 45 53
17869 41 70
17870 42 75
17871 42 1
17872 42 84
17873 79 58
17874 82 49
17875 42 85
17876 77 74
17877 78 74
17878 46 73
17879 42 84
17880 42 85
17881 64 1
17882 42 84
17883 42 74
17884 89 72
17885 1 90
17886 42 85
17887 79 57
17888 42 70
17889 28 79
17890 51 32
17891 30 30
17892 42 2
17893 44 90
17894 31 6
17895 0 90
17896 79 58
17897 42 1
17898 82 56
17899 46 53
17900 63 36
17901 30 6
17902 51 31
17903 64 2
17904 30 31
17905 64 36
17906 77 74
17907 85 49
17908 63 36
17909 51 85
17910 83 49
17911 85 50
17912 64 1
17913 30 30
17914 31 6
17915 1 90
17916 64 2
17917 42 75
17918 42 2
17919 85 49
17920 78 74
17921 27 1
17922 85 50
17923 75 8
17924 41 70
17925 64 36
17926 42 1
17927 42 84
17928 42 70
17929 45 53
17930 42 2
17931 42 74
17932 79 57
17933 74 8
17934 0 90
17935 52 85
17936 79 58
17937 79 54
17938 51 85
17939 42 1
17940 46 53
17941 75 8
17942 79 57
17943 82 49
17944 41 70
17945 45 53
17946 42 75
17947 52 85
17948 42 2
17949 46 74
17950 63 36
17951 85 49
17952 42 70
17953 46 53
17954 79 58
17955 78 54
17956 51 85
17957 41 70
17958 79 54
17959 29 79
17960 45 53
17961 74 8
17962 45 90
17963 42 1
17964 63 29
17965 30 6
17966 89 73
17967 1 90
17968 42 74
17969 42 2
17970 83 49
17971 78 54
17972 42 85
17973 30 31
17974 46 73
17975 30 30
17976 46 53
17977 27 0
17978 89 72
17979 42 70
17980 82 49
17981 28 79
17982 79 57
17983 77 74
17984 44 90
17985 64 36
17986 45 53
17987 79 58
17988 27 1
17989 29 79
17990 42 75
17991 78 74
17992 41 70
17993 46 53
17994 75 8
17995 28 79
17996 51 32
17997 83 49
17998 63 36
17999 42 1
18000 64 36
18001 45 90
18002 82 49
18003 29 79
18004 51 31
18005 74 8
18006 28 79
18007 45 53
18008 31 6
18009 27 0
18010 30 6
18011 31 6
18012 42 70
18013 0 90
18014 41 70
18015 29 79
18016 63 30
18017 27 1
18018 44 90
18019 42 2
18020 30 31
18021 52 85
18022 30 6
18023 81 56
18024 85 50
18025 85 49
18026 85 50
18027 46 53
18028 42 70
18029 79 57
18030 42 1
18031 27 0
18032 30 30
18033 27 1
18034 1 90
18035 46 74
18036 79 58
18037 31 6
18038 42 74
18039 28 79
18040 30 31
18041 79 54
18042 89 73
18043 46 73
18044 85 49
18045 63 29
18046 63 30
18047 45 90
18048 63 36
18049 41 70
18050 63 29
18051 83 49
18052 82 56
18053 89 72
18054 42 70
18055 46 74
18056 77 74
18057 30 6
18058 64 36
18059 64 1
18060 27 0
18061 46 73
18062 31 6
18063 51 85
18064 44 90
18065 63 36
18066 52 85
18067 78 74
18068 75 8
18069 74 8
18070 64 36
18071 42 84
18072 45 53
18073 64 2
18074 41 70
18075 42 75
18076 42 2
18077 89 73
18078 63 30
18079 78 54
18080 45 90
18081 0 90
18082 51 85
18083 82 49
18084 1 90
18085 81 56
18086 30 6
18087 31 6
18088 63 36
18089 52 85
18090 89 72
18091 42 74
18092 51 32
18093 42 75
18094 89 73
18095 75 8
18096 46 74
18097 29 79
18098 85 50
18099 51 85
18100 74 8
18101 28 79
18102 46 53
18103 0 90
18104 64 36
18105 85 49
18106 30 6
18107 31 6
18108 42 74
18109 63 36
18110 52 85
18111 79 57
18112 44 90
18113 51 85
18114 79 54
18115 89 72
18116 42 85
18117 30 30
18118 52 85
18119 85 50
18120 75 8
18121 51 31
18122 42 75
18123 64 1
18124 30 31
18125 27 1
18126 45 53
18127 46 73
18128 78 54
18129 42 74
18130 63 29
18131 42 84
18132 64 36
18133 42 70
18134 1 90
18135 82 56
18136 64 2
18137 79 54
18138 45 90
18139 63 30
18140 78 54
18141 64 1
18142 77 74
18143 89 73
18144 46 53
18145 51 85
18146 41 70
18147 64 2
18148 79 54
18149 64 1
18150 74 8
18151 0 90
18152 42 75
18153 27 0
18154 45 53
18155 63 36
18156 79 58
18157 44 90
18158 51 32
18159 75 8
18160 52 85
18161 27 1
18162 46 74
18163 27 0
18164 29 79
18165 81 56
18166 64 36
18167 30 6
18168 79 57
18169 89 72
18170 78 54
18171 42 74
18172 85 49
18173 46 53
18174 28 79
18175 31 6
18176 42 70
18177 63 36
18178 78 74
18179 42 75
18180 45 53
18181 77 74
18182 64 36
18183 46 73
18184 46 74
18185 89 73
18186 63 29
18187 42 74
18188 30 30
18189 1 90
18190 79 58
18191 30 31
18192 46 73
18193 79 54
18194 78 54
18195 79 54
18196 42 85
18197 29 79
18198 63 36
18199 45 90
18200 85 50
18201 42 84
18202 64 2
18203 41 70
18204 51 85
18205 27 1
18206 30 30
18207 83 49
18208 30 31
18209 89 72
18210 28 79
18211 42 1
18212 82 56
18213 82 49
18214 74 8
18215 30 30
18216 0 90
18217 78 74
18218 44 90
18219 63 30
18220 52 85
18221 63 29
18222 89 73
18223 30 6
18224 85 49
18225 31 6
18226 45 90
18227 30 6
18228 42 70
18229 46 74
18230 30 31
18231 1 90
18232 81 56
18233 0 90
18234 46 73
18235 44 90
18236 85 50
18237 45 90
18238 27 0
18239 41 70
18240 29 79
18241 31 6
18242 64 36
18243 42 75
18244 46 53
18245 44 90
18246 63 36
18247 42 2
18248 79 57
18249 27 1
18250 27 0
18251 82 56
18252 77 74
18253 42 1
18254 27 1
18255 85 49
18256 42 85
18257 46 74
18258 45 90
18259 78 74
18260 63 30
18261 42 74
18262 44 90
18263 64 1
18264 51 31
18265 42 84
18266 42 75
18267 85 50
18268 83 49
18269 27 0
18270 30 6
18271 78 54
18272 75 8
18273 64 36
18274 51 85
18275 30 30
18276 42 2
18277 28 79
18278 42 74
18279 74 8
18280 46 73
18281 27 1
18282 79 54
18283 63 29
18284 75 8
18285 45 90
18286 81 56
18287 42 85
18288 89 72
18289 77 74
18290 82 56
18291 63 30
18292 31 6
18293 42 84
18294 30 6
18295 63 36
18296 27 0
18297 78 74
18298 27 1
18299 27 0
18300 77 74
18301 29 79
18302 42 85
18303 44 90
18304 74 8
18305 45 90
18306 78 74
18307 51 32
18308 31 6
18309 42 70
18310 77 74
18311 63 29
18312 42 84
18313 30 6
18314 78 74
18315 85 49
18316 64 36
18317 78 54
18318 63 36
18319 79 58
18320 46 74
18321 42 85
18322 41 70
18323 31 6
18324 85 50
18325 77 74
18326 42 75
18327 42 1
18328 28 79
18329 63 30
18330 85 49
18331 64 36
18332 45 53
18333 64 2
18334 44 90
18335 79 54
18336 1 90
18337 78 74
18338 52 85
18339 64 1
18340 79 57
18341 30 6
18342 79 58
18343 78 54
18344 81 56
18345 42 84
18346 45 90
18347 0 90
18348 63 36
18349 82 56
18350 79 54
18351 27 1
18352 44 90
18353 1 90
18354 46 53
18355 29 79
18356 82 49
18357 28 79
18358 89 73
18359 30 31
18360 51 31
18361 78 54
18362 29 79
18363 85 50
18364 79 54
18365 46 73
18366 42 2
18367 42 74
18368 78 54
18369 51 85
18370 52 85
18371 64 36
18372 42 85
18373 46 74
18374 46 73
18375 81 56
18376 89 72
18377 30 30
18378 79 54
18379 45 90
18380 42 70
18381 27 0
18382 78 54
18383 42 75
18384 41 70
18385 51 85
18386 51 32
18387 0 90
18388 52 85
18389 42 84
18390 28 79
18391 79 57
18392 79 54
18393 77 74
18394 82 56
18395 42 1
18396 63 29
18397 27 1
18398 1 90
18399 42 85
18400 64 2
18401 64 1
18402 64 2
18403 42 74
18404 63 36
18405 42 2
18406 30 31
18407 64 36
18408 78 74
18409 30 30
18410 85 49
18411 51 31
18412 30 31
18413 78 54
18414 63 36
18415 79 54
18416 46 74
18417 46 73
18418 64 1
18419 42 75
18420 51 32
18421 89 73
18422 31 6
18423 85 50
18424 46 74
18425 42 70
18426 42 74
18427 29 79
18428 30 6
18429 63 30
18430 83 49
18431 77 74
18432 42 1
18433 30 30
18434 27 0
18435 42 2
18436 27 1
18437 75 8
18438 74 8
18439 78 54
18440 27 0
18441 79 54
18442 51 85
18443 81 56
18444 28 79
18445 0 90
18446 51 31
18447 27 1
18448 64 2
18449 52 85
18450 79 58
18451 51 85
18452 75 8
18453 82 56
18454 44 90
18455 29 79
18456 42 84
18457 31 6
18458 30 6
18459 46 73
18460 89 72
18461 41 70
18462 78 74
18463 85 49
18464 30 31
18465 45 90
18466 52 85
18467 30 30
18468 82 49
18469 42 85
18470 63 29
18471 42 70
18472 81 56
18473 1 90
18474 63 30
18475 63 29
18476 63 30
18477 0 90
18478 31 6
18479 74 8
18480 82 56
18481 30 6
18482 30 31
18483 42 1
18484 51 32
18485 64 1
18486 77 74
18487 63 29
18488 30 30
18489 85 50
18490 27 0
18491 1 90
18492 0 90
18493 79 57
18494 44 90
18495 42 84
18496 85 49
18497 42 85
18498 41 70
18499 85 50
18500 30 31
18501 89 73
18502 42 84
18503 1 90
18504 31 6
18505 42 75
18506 42 70
18507 42 85
18508 79 58
18509 45 90
18510 27 1
18511 78 54
18512 27 0
18513 79 57
18514 30 6
18515 64 36
18516 44 90
18517 81 56
18518 63 30
18519 42 74
18520 51 85
18521 30 30
18522 63 29
18523 30 31
18524 51 31
18525 79 58
18526 41 70
18527 45 90
18528 46 74
18529 63 30
18530 42 84
18531 31 6
18532 42 2
18533 42 75
18534 79 57
18535 51 32
18536 78 74
18537 79 54
18538 27 1
18539 44 90
18540 63 36
18541 78 54
18542 89 72
18543 75 8
18544 85 49
18545 51 31
18546 79 58
18547 79 54
18548 85 50
18549 83 49
18550 30 30
18551 89 73
18552 28 79
18553 45 53
18554 46 53
18555 64 2
18556 63 29
18557 74 8
18558 79 57
18559 42 70
18560 45 53
18561 30 6
18562 63 30
18563 77 74
18564 46 73
18565 78 74
18566 41 70
18567 89 72
18568 29 79
18569 64 36
18570 0 90
18571 85 49
18572 78 54
18573 42 85
18574 77 74
18575 78 74
18576 51 32
18577 52 85
18578 82 56
18579 30 31
18580 31 6
18581 28 79
18582 42 1
18583 30 6
18584 42 70
18585 27 0
18586 29 79
18587 79 54
18588 41 70
18589 77 74
18590 42 84
18591 51 85
18592 42 74
18593 63 29
18594 27 1
18595 46 74
18596 42 85
18597 28 79
18598 63 36
18599 78 74
18600 52 85
18601 42 70
18602 1 90
18603 82 49
18604 51 85
18605 27 0
18606 85 50
18607 75 8
18608 30 30
18609 46 73
18610 78 54
18611 83 49
18612 79 54
18613 79 58
18614 42 75
18615 46 74
18616 46 53
18617 51 31
18618 74 8
18619 78 54
18620 42 74
18621 64 36
18622 79 54
18623 46 73
18624 29 79
18625 45 90
18626 41 70
18627 75 8
18628 42 70
18629 85 49
18630 27 1
18631 63 30
18632 41 70
18633 42 2
18634 74 8
18635 51 32
18636 42 75
18637 42 1
18638 27 0
18639 82 49
18640 63 29
18641 85 50
18642 42 74
18643 77 74
18644 27 1
18645 78 74
18646 28 79
18647 79 57
18648 29 79
18649 83 49
18650 81 56
18651 42 70
18652 41 70
18653 42 2
18654 45 53
18655 44 90
18656 64 1
18657 42 84
18658 0 90
18659 52 85
18660 46 74
18661 75 8
18662 63 30
18663 74 8
18664 75 8
18665 30 31
18666 28 79
18667 46 53
18668 1 90
18669 31 6
18670 77 74
18671 63 29
18672 82 49
18673 30 6
18674 29 79
18675 78 54
18676 27 0
18677 74 8
18678 42 1
18679 63 36
18680 75 8
18681 79 58
18682 79 54
18683 31 6
18684 63 30
18685 64 2
18686 51 85
18687 89 73
18688 28 79
18689 45 53
18690 46 53
18691 78 54
18692 45 90
18693 52 85
18694 89 72
18695 78 74
18696 30 30
18697 42 70
18698 64 36
18699 51 31
18700 29 79
18701 45 53
18702 27 1
18703 41 70
18704 79 57
18705 0 90
18706 1 90
18707 63 29
18708 30 31
18709 27 0
18710 64 1
18711 42 85
18712 79 58
18713 30 6
18714 63 36
18715 27 1
18716 42 70
18717 82 56
18718 63 30
18719 42 2
18720 51 85
18721 42 1
18722 0 90
18723 51 32
18724 46 53
18725 30 30
18726 30 31
18727 63 29
18728 41 70
18729 42 70
18730 42 84
18731 42 2
18732 42 75
18733 89 73
18734 42 1
18735 81 56
18736 42 85
18737 44 90
18738 89 72
18739 83 49
18740 79 57
18741 64 36
18742 42 84
18743 1 90
18744 63 36
18745 63 30
18746 42 85
18747 30 30
18748 51 31
18749 74 8
18750 63 29
18751 64 2
18752 42 74
18753 42 75
18754 45 90
18755 79 58
18756 31 6
18757 0 90
18758 77 74
18759 51 32
18760 64 1
18761 41 70
18762 42 70
18763 42 84
18764 30 31
18765 27 0
18766 42 85
18767 28 79
18768 30 30
18769 42 74
18770 78 74
18771 41 70
18772 64 36
18773 82 49
18774 42 2
18775 63 36
18776 45 53
18777 79 57
18778 27 1
18779 85 49
18780 46 73
18781 30 31
18782 42 1
18783 51 31
18784 30 6
18785 31 6
18786 42 70
18787 79 58
18788 27 0
18789 83 49
18790 79 57
18791 51 32
18792 41 70
18793 46 74
18794 42 70
18795 82 56
18796 29 79
18797 44 90
18798 85 50
18799 27 1
18800 27 0
18801 85 49
18802 30 6
18803 52 85
18804 42 84
18805 77 74
18806 27 1
18807 75 8
18808 81 56
18809 46 73
18810 41 70
18811 42 2
18812 64 2
18813 1 90
18814 89 73
18815 42 75
18816 51 31
18817 28 79
18818 46 53
18819 30 30
18820 51 32
18821 74 8
18822 42 70
18823 82 49
18824 45 90
18825 42 74
18826 29 79
18827 45 53
18828 44 90
18829 42 75
18830 63 30
18831 64 36
18832 42 74
18833 82 56
18834 45 90
18835 85 50
18836 79 58
18837 79 54
18838 44 90
18839 51 85
18840 89 72
18841 45 90
18842 41 70
18843 64 1
18844 31 6
18845 30 6
18846 81 56
18847 63 36
18848 46 53
18849 64 2
18850 64 1
18851 51 31
18852 83 49
18853 42 1
18854 89 73
18855 82 49
18856 42 70
18857 0 90
18858 30 31
18859 44 90
18860 89 72
18861 63 29
18862 78 54
18863 45 90
18864 79 57
18865 30 30
18866 82 56
18867 42 85
18868 27 0
18869 64 36
18870 27 1
18871 46 74
18872 46 73
18873 44 90
18874 51 32
18875 1 90
18876 42 2
18877 28 79
18878 51 31
18879 85 49
18880 29 79
18881 30 31
18882 79 54
18883 28 79
18884 63 36
18885 30 30
18886 52 85
18887 79 58
18888 51 32
18889 64 36
18890 41 70
18891 51 85
18892 81 56
18893 46 74
18894 78 54
18895 45 53
18896 85 50
18897 64 2
18898 46 73
18899 63 30
18900 82 56
18901 63 36
18902 63 29
18903 0 90
18904 52 85
18905 30 31
18906 63 30
18907 29 79
18908 75 8
18909 51 85
18910 42 84
18911 42 70
18912 45 90
18913 1 90
18914 63 29
18915 42 85
18916 27 0
18917 41 70
18918 78 74
18919 79 54
18920 42 84
18921 30 30
18922 30 31
18923 74 8
18924 83 49
18925 30 30
18926 77 74
18927 63 30
18928 89 73
18929 64 1
18930 64 36
18931 79 57
18932 63 29
18933 27 1
18934 28 79
18935 46 74
18936 89 72
18937 82 49
18938 42 1
18939 89 73
18940 30 31
18941 30 30
18942 42 2
18943 75 8
18944 42 70
18945 63 36
18946 0 90
18947 83 49
18948 82 49
18949 83 49
18950 27 0
18951 1 90
18952 63 30
18953 46 53
18954 46 73
18955 64 2
18956 79 58
18957 31 6
18958 46 74
18959 64 1
18960 82 49
18961 78 74
18962 77 74
18963 64 2
18964 30 6
18965 41 70
18966 51 31
18967 89 72
18968 63 29
18969 42 70
18970 79 57
18971 46 73
18972 42 75
18973 27 1
18974 30 31
18975 41 70
18976 42 85
18977 0 90
18978 52 85
18979 45 53
18980 79 58
18981 27 0
18982 46 53
18983 79 57
18984 79 58
18985 42 74
18986 51 85
18987 63 30
18988 29 79
18989 89 73
18990 42 1
18991 83 49
18992 1 90
18993 74 8
18994 82 49
18995 64 36
18996 42 2
18997 42 84
18998 89 72
18999 44 90
19000 63 29
19001 89 73
19002 0 90
19003 63 30
19004 42 75
19005 81 56
19006 78 74
19007 63 29
19008 64 1
19009 82 56
19010 75 8
19011 74 8
19012 89 72
19013 42 74
19014 78 54
19015 85 49
19016 75 8
19017 64 2
19018 28 79
19019 77 74
19020 30 30
19021 85 50
19022 74 8
19023 27 1
19024 42 85
19025 42 84
19026 75 8
19027 85 49
19028 81 56
19029 42 75
19030 83 49
19031 79 57
19032 63 30
19033 79 54
19034 27 0
19035 31 6
19036 78 74
19037 82 56
19038 81 56
19039 30 6
19040 42 74
19041 27 1
19042 63 29
19043 52 85
19044 51 32
19045 29 79
19046 63 36
19047 42 85
19048 27 0
19049 45 90
19050 82 49
19051 1 90
19052 46 74
19053 83 49
19054 42 75
19055 82 56
19056 0 90
19057 42 84
19058 42 85
19059 42 1
19060 77 74
19061 64 36
19062 81 56
19063 64 1
19064 27 1
19065 44 90
19066 85 50
19067 30 31
19068 31 6
19069 46 73
19070 64 2
19071 1 90
19072 63 36
19073 89 73
19074 63 30
19075 51 85
19076 42 70
19077 28 79
19078 63 29
19079 85 49
19080 30 30
19081 42 2
19082 29 79
19083 30 6
19084 31 6
19085 63 30
19086 64 1
19087 42 1
19088 30 6
19089 0 90
19090 1 90
19091 64 2
19092 41 70
19093 82 56
19094 52 85
19095 51 31
19096 85 50
19097 42 74
19098 63 29
19099 31 6
19100 42 75
19101 45 53
19102 74 8
19103 42 2
19104 30 6
19105 78 74
19106 45 90
19107 42 74
19108 77 74
19109 30 31
19110 78 74
19111 64 1
19112 51 32
19113 42 1
19114 42 70
19115 27 0
19116 64 2
19117 42 2
19118 0 90
19119 46 53
19120 42 75
19121 51 85
19122 45 53
19123 42 1
19124 46 74
19125 42 84
19126 27 1
19127 75 8
19128 31 6
19129 41 70
19130 52 85
19131 85 49
19132 89 72
19133 64 36
19134 46 53
19135 82 49
19136 46 73
19137 89 73
19138 64 1
19139 63 36
19140 83 49
19141 42 2
19142 81 56
19143 79 58
19144 1 90
19145 79 57
19146 64 2
19147 78 54
19148 79 58
19149 30 6
19150 79 54
19151 46 74
19152 63 30
19153 79 57
19154 74 8
19155 63 29
19156 31 6
19157 28 79
19158 78 54
19159 63 30
19160 30 30
19161 42 1
19162 79 54
19163 45 53
19164 42 85
19165 42 74
19166 30 31
19167 82 49
19168 0 90
19169 64 1
19170 27 0
19171 82 56
19172 64 36
19173 77 74
19174 51 85
19175 75 8
19176 46 53
19177 51 31
19178 44 90
19179 42 75
19180 30 6
19181 42 2
19182 42 74
19183 31 6
19184 52 85
19185 45 90
19186 46 73
19187 42 84
19188 30 6
19189 85 50
19190 42 1
19191 44 90
19192 74 8
19193 75 8
19194 31 6
19195 30 30
19196 81 56
19197 27 1
19198 82 56
19199 45 90
19200 1 90
19201 51 32
19202 29 79
19203 78 74
19204 79 58
19205 85 49
19206 44 90
19207 77 74
19208 45 53
19209 63 36
19210 81 56
19211 89 72
19212 42 85
19213 85 50
19214 42 75
19215 82 56
19216 81 56
19217 42 70
19218 89 73
19219 41 70
19220 42 2
19221 27 0
19222 30 6
19223 46 53
19224 42 1
19225 74 8
19226 0 90
19227 89 72
19228 78 54
19229 42 70
19230 83 49
19231 64 2
19232 85 49
19233 28 79
19234 82 49
19235 42 84
19236 79 57
19237 78 74
19238 75 8
19239 42 85
19240 45 90
19241 51 85
19242 85 50
19243 44 90
19244 27 1
19245 29 79
19246 83 49
19247 77 74
19248 45 53
19249 64 1
19250 30 31
19251 30 30
19252 74 8
19253 1 90
19254 52 85
19255 82 56
19256 45 90
19257 75 8
19258 51 85
19259 41 70
19260 79 58
19261 42 84
19262 30 31
19263 85 49
19264 42 2
19265 31 6
19266 42 1
19267 81 56
19268 42 70
19269 27 0
19270 82 56
19271 79 54
19272 81 56
19273 46 53
19274 64 36
19275 45 53
19276 42 2
19277 78 74
19278 82 49
19279 42 85
19280 74 8
19281 44 90
19282 51 31
19283 89 73
19284 42 1
19285 27 1
19286 42 84
19287 85 50
19288 63 29
19289 28 79
19290 41 70
19291 29 79
19292 83 49
19293 42 2
19294 30 6
19295 42 85
19296 42 84
19297 63 36
19298 42 85
19299 42 74
19300 42 70
19301 89 72
19302 0 90
19303 42 84
19304 41 70
19305 77 74
19306 46 53
19307 42 75
19308 52 85
19309 27 0
19310 51 32
19311 42 1
19312 89 73
19313 45 53
19314 46 53
19315 89 72
19316 46 74
19317 82 49
19318 42 74
19319 79 57
19320 82 56
19321 89 73
19322 78 74
19323 77 74
19324 64 36
19325 75 8
19326 31 6
19327 42 70
19328 45 90
19329 81 56
19330 85 49
19331 30 30
19332 27 1
19333 74 8
19334 63 30
19335 42 75
19336 79 58
19337 78 54
19338 79 54
19339 51 31
19340 51 32
19341 82 56
19342 64 2
19343 42 2
19344 79 57
19345 63 36
19346 42 1
19347 1 90
19348 81 56
19349 63 29
19350 51 31
19351 78 54
19352 51 32
19353 30 6
19354 51 85
19355 79 58
19356 79 57
19357 52 85
19358 30 31
19359 75 8
19360 42 85
19361 42 2
19362 51 85
19363 45 53
19364 42 1
19365 30 30
19366 74 8
19367 46 53
19368 41 70
19369 45 53
19370 83 49
19371 63 30
19372 89 72
19373 46 53
19374 75 8
19375 63 29
19376 79 58
19377 44 90
19378 52 85
19379 42 70
19380 45 53
19381 31 6
19382 0 90
19383 42 84
19384 82 56
19385 27 0
19386 42 2
19387 42 74
19388 79 54
19389 81 56
19390 42 85
19391 51 31
19392 42 75
19393 45 90
19394 89 73
19395 74 8
19396 64 36
19397 27 1
19398 51 32
19399 44 90
19400 1 90
19401 42 74
19402 78 74
19403 28 79
19404 63 36
19405 77 74
19406 51 31
19407 27 0
19408 42 1
19409 85 50
19410 51 32
19411 27 1
19412 85 49
19413 82 56
19414 46 73
19415 79 57
19416 64 1
19417 64 2
19418 63 30
19419 42 2
19420 51 31
19421 0 90
19422 46 74
19423 41 70
19424 78 54
19425 85 50
19426 29 79
19427 89 72
19428 51 32
19429 45 90
19430 51 85
19431 75 8
19432 46 53
19433 63 29
19434 79 58
19435 51 31
19436 1 90
19437 52 85
19438 82 49
19439 42 1
19440 78 74
19441 30 31
19442 64 36
19443 51 32
19444 30 30
19445 74 8
19446 42 75
19447 79 57
19448 42 2
19449 85 49
19450 63 30
19451 51 31
19452 79 58
19453 42 70
19454 44 90
19455 64 1
19456 51 32
19457 45 53
19458 63 29
19459 85 50
19460 63 36
19461 85 49
19462 83 49
19463 46 73
19464 42 84
19465 51 85
19466 45 90
19467 27 0
19468 79 57
19469 82 49
19470 89 73
19471 30 6
19472 79 58
19473 89 72
19474 42 1
19475 83 49
19476 79 54
19477 77 74
19478 52 85
19479 81 56
19480 41 70
19481 27 1
19482 64 2
19483 63 30
19484 44 90
19485 42 70
19486 64 1
19487 85 50
19488 82 56
19489 75 8
19490 89 73
19491 31 6
19492 42 74
19493 64 36
19494 51 85
19495 28 79
19496 81 56
19497 78 74
19498 82 56
19499 74 8
19500 46 53
19501 63 29
19502 29 79
19503 75 8
19504 78 54
19505 79 57
19506 81 56
19507 42 85
19508 51 31
19509 52 85
19510 64 2
19511 89 72
19512 30 6
19513 30 31
19514 77 74
19515 45 53
19516 63 36
19517 42 75
19518 79 54
19519 63 30
19520 31 6
19521 42 74
19522 45 90
19523 42 75
19524 42 74
19525 28 79
19526 89 73
19527 79 58
19528 44 90
19529 0 90
19530 29 79
19531 45 90
19532 46 53
19533 85 49
19534 45 53
19535 82 56
19536 74 8
19537 28 79
19538 64 1
19539 46 74
19540 79 57
19541 75 8
19542 42 84
19543 85 50
19544 1 90
19545 30 6
19546 85 49
19547 31 6
19548 44 90
19549 63 29
19550 64 36
19551 51 32
19552 78 54
19553 45 90
19554 41 70
19555 0 90
19556 89 72
19557 44 90
19558 63 36
19559 79 58
19560 1 90
19561 27 0
19562 79 54
19563 89 73
19564 42 75
19565 78 74
19566 45 90
19567 42 85
19568 82 49
19569 85 50
19570 30 6
19571 30 30
19572 42 74
19573 29 79
19574 46 73
19575 44 90
19576 27 1
19577 79 57
19578 46 53
19579 42 75
19580 45 90
19581 45 53
19582 42 84
19583 89 72
19584 42 70
19585 74 8
19586 64 36
19587 63 36
19588 89 73
19589 46 53
19590 30 31
19591 81 56
19592 42 2
19593 30 30
19594 63 30
19595 63 29
19596 63 30
19597 46 74
19598 75 8
19599 41 70
19600 63 29
19601 51 31
19602 64 2
19603 74 8
19604 27 0
19605 82 56
19606 46 73
19607 45 53
19608 27 1
19609 31 6
19610 30 6
19611 75 8
19612 64 36
19613 28 79
19614 83 49
19615 42 1
19616 63 36
19617 64 1
19618 46 74
19619 63 30
19620 79 58
19621 27 0
19622 64 2
19623 42 74
19624 51 32
19625 64 1
19626 42 70
19627 64 36
19628 85 49
19629 89 72
19630 51 31
19631 41 70
19632 46 53
19633 42 2
19634 81 56
19635 42 75
19636 27 1
19637 64 2
19638 74 8
19639 30 31
19640 42 85
19641 45 53
19642 85 50
19643 82 56
19644 78 54
19645 75 8
19646 81 56
19647 42 1
19648 51 85
19649 85 49
19650 74 8
19651 42 84
19652 44 90
19653 42 85
19654 45 90
19655 85 50
19656 31 6
19657 63 29
19658 42 74
19659 42 70
19660 46 53
19661 82 56
19662 30 30
19663 27 0
19664 44 90
19665 45 90
19666 81 56
19667 79 57
19668 63 30
19669 89 73
19670 41 70
19671 82 56
19672 79 54
19673 42 75
19674 77 74
19675 81 56
19676 52 85
19677 78 54
19678 82 49
19679 42 84
19680 30 31
19681 44 90
19682 42 70
19683 0 90
19684 51 85
19685 79 58
19686 51 32
19687 1 90
19688 64 1
19689 51 31
19690 30 30
19691 63 36
19692 63 29
19693 51 32
19694 79 54
19695 89 72
19696 82 56
19697 30 6
19698 79 57
19699 52 85
19700 78 54
19701 42 2
19702 81 56
19703 75 8
19704 83 49
19705 79 54
19706 74 8
19707 64 2
19708 51 31
19709 0 90
19710 31 6
19711 42 1
19712 64 36
19713 42 85
19714 79 58
19715 78 54
19716 64 1
19717 27 1
19718 89 73
19719 27 0
19720 1 90
19721 42 84
19722 42 2
19723 64 2
19724 45 90
19725 75 8
19726 30 6
19727 30 31
19728 30 30
19729 63 36
19730 63 30
19731 27 1
19732 79 54
19733 41 70
19734 85 49
19735 85 50
19736 78 74
19737 77 74
19738 27 0
19739 29 79
19740 79 57
19741 46 73
19742 45 53
19743 82 49
19744 89 72
19745 89 73
19746 78 54
19747 42 1
19748 46 74
19749 79 58
19750 89 72
19751 42 85
19752 31 6
19753 0 90
19754 1 90
19755 28 79
19756 42 84
19757 30 31
19758 82 56
19759 29 79
19760 28 79
19761 0 90
19762 44 90
19763 30 30
19764 85 49
19765 79 57
19766 63 29
19767 1 90
19768 42 85
19769 51 32
19770 51 31
19771 63 30
19772 89 73
19773 42 70
19774 42 2
19775 51 32
19776 63 29
19777 0 90
19778 79 58
19779 30 6
19780 27 1
19781 64 1
19782 46 53
19783 45 90
19784 63 30
19785 41 70
19786 44 90
19787 51 31
19788 83 49
19789 42 84
19790 30 31
19791 74 8
19792 1 90
19793 78 74
19794 46 73
19795 64 36
19796 89 72
19797 30 30
19798 29 79
19799 51 85
19800 42 1
19801 63 29
19802 31 6
19803 63 36
19804 89 73
19805 85 50
19806 81 56
19807 45 90
19808 75 8
19809 42 70
19810 79 57
19811 44 90
19812 41 70
19813 85 49
19814 27 0
19815 79 58
19816 79 54
19817 27 1
19818 63 30
19819 64 36
19820 82 56
19821 63 36
19822 52 85
19823 63 29
19824 85 50
19825 79 57
19826 0 90
19827 77 74
19828 64 2
19829 45 90
19830 45 53
19831 64 1
19832 42 74
19833 64 36
19834 1 90
19835 63 30
19836 42 85
19837 30 31
19838 0 90
19839 85 49
19840 64 2
19841 42 70
19842 63 36
19843 64 36
19844 89 72
19845 79 58
19846 51 85
19847 63 36
19848 30 30
19849 64 1
19850 27 0
19851 74 8
19852 27 1
19853 78 54
19854 75 8
19855 79 54
19856 85 50
19857 46 74
19858 74 8
19859 82 49
19860 46 73
19861 78 74
19862 44 90
19863 85 49
19864 64 36
19865 42 2
19866 75 8
19867 30 31
19868 78 54
19869 42 84
19870 52 85
19871 42 1
19872 63 36
19873 74 8
19874 64 36
19875 42 85
19876 83 49
19877 42 75
19878 27 0
19879 41 70
19880 82 49
19881 79 54
19882 42 70
19883 81 56
19884 89 73
19885 75 8
19886 82 56
19887 64 2
19888 79 57
19889 74 8
19890 46 74
19891 89 72
19892 42 84
19893 85 50
19894 1 90
19895 42 2
19896 78 54
19897 45 90
19898 63 36
19899 30 6
19900 79 54
19901 83 49
19902 81 56
19903 51 85
19904 42 1
19905 85 49
19906 41 70
19907 27 1
19908 42 70
19909 82 49
19910 64 36
19911 77 74
19912 46 53
19913 63 29
19914 83 49
19915 42 74
19916 63 36
19917 31 6
19918 89 73
19919 51 32
19920 82 49
19921 46 73
19922 42 85
19923 79 58
19924 52 85
19925 64 36
19926 42 84
19927 89 72
19928 75 8
19929 82 56
19930 89 73
19931 83 49
19932 51 31
19933 42 75
19934 81 56
19935 44 90
19936 63 30
19937 79 57
19938 41 70
19939 78 54
19940 30 6
19941 42 2
19942 63 29
19943 31 6
19944 0 90
19945 63 30
19946 45 53
19947 51 32
19948 27 0
19949 27 1
19950 79 54
19951 85 50
19952 82 56
19953 42 85
19954 46 74
19955 51 85
19956 42 1
19957 63 29
19958 78 74
19959 78 54
19960 46 73
19961 30 6
19962 63 30
19963 64 1
19964 42 74
19965 27 0
19966 28 79
19967 77 74
19968 29 79
19969 42 70
19970 79 58
19971 51 31
19972 42 2
19973 1 90
19974 30 30
19975 28 79
19976 42 84
19977 46 53
19978 41 70
19979 85 49
19980 0 90
19981 29 79
19982 42 75
19983 79 54
19984 74 8
19985 63 36
19986 28 79
19987 52 85
19988 42 85
19989 31 6
19990 64 36
19991 30 31
19992 45 90
19993 85 50
19994 45 53
19995 44 90
19996 78 54
19997 30 30
19998 75 8
19999 51 32
20000 27 1
20001 81 56
20002 63 29
20003 89 72
20004 51 85
20005 30 31
20006 63 36
20007 42 70
20008 42 84
20009 30 30
20010 42 1
20011 27 0
20012 42 2
20013 74 8
20014 82 49
20015 64 2
20016 79 54
20017 42 85
20018 75 8
20019 89 73
20020 83 49
20021 46 74
20022 27 1
20023 51 31
20024 27 0
20025 45 90
20026 79 57
20027 82 56
20028 78 74
20029 74 8
20030 44 90
20031 51 32
20032 81 56
20033 79 58
20034 77 74
20035 42 74
20036 63 30
20037 46 53
20038 64 1
20039 45 90
20040 42 75
20041 64 36
20042 30 31
20043 82 56
20044 27 1
20045 27 0
20046 63 36
20047 30 30
20048 85 49
20049 45 53
20050 46 53
20051 75 8
20052 30 6
20053 82 49
20054 51 31
20055 85 50
20056 83 49
20057 81 56
20058 42 84
20059 82 56
20060 45 53
20061 81 56
20062 74 8
20063 82 56
20064 1 90
20065 31 6
20066 75 8
20067 52 85
20068 63 29
20069 29 79
20070 42 85
20071 30 31
20072 46 73
20073 46 53
20074 27 1
20075 78 54
20076 42 1
20077 41 70
20078 0 90
20079 79 57
20080 30 30
20081 63 30
20082 64 2
20083 46 74
20084 42 70
20085 42 74
20086 89 72
20087 1 90
20088 0 90
20089 64 36
20090 1 90
20091 30 31
20092 30 6
20093 79 54
20094 51 32
20095 31 6
20096 74 8
20097 30 30
20098 45 53
20099 89 73
20100 63 36
20101 46 73
20102 28 79
20103 81 56
20104 64 1
20105 63 29
20106 51 85
20107 51 31
20108 82 49
20109 27 0
20110 85 49
20111 89 72
20112 75 8
20113 79 58
20114 74 8
20115 78 54
20116 42 75
20117 64 36
20118 27 1
20119 51 32
20120 41 70
20121 79 57
20122 30 31
20123 29 79
20124 63 36
20125 82 56
20126 83 49
20127 0 90
20128 51 31
20129 89 73
20130 51 32
20131 82 49
20132 42 70
20133 41 70
20134 46 53
20135 1 90
20136 30 30
20137 52 85
20138 81 56
20139 79 58
20140 75 8
20141 82 56
20142 51 85
20143 64 36
20144 42 2
20145 28 79
20146 42 1
20147 29 79
20148 30 31
20149 44 90
20150 79 54
20151 78 74
20152 83 49
20153 85 50
20154 89 72
20155 85 49
20156 64 2
20157 81 56
20158 45 53
20159 64 1
20160 42 84
20161 30 30
20162 77 74
20163 46 53
20164 28 79
20165 46 74
20166 78 54
20167 63 30
20168 27 0
20169 79 54
20170 42 70
20171 42 2
20172 46 73
20173 79 57
20174 45 53
20175 78 74
20176 29 79
20177 52 85
20178 79 58
20179 78 54
20180 85 50
20181 64 2
20182 30 31
20183 41 70
20184 63 29
20185 28 79
20186 51 85
20187 63 36
20188 42 85
20189 82 49
20190 64 36
20191 74 8
20192 0 90
20193 52 85
20194 75 8
20195 42 1
20196 64 1
20197 42 2
20198 82 56
20199 89 73
20200 85 49
20201 81 56
20202 42 74
20203 42 75
20204 79 54
20205 63 36
20206 46 53
20207 82 56
20208 74 8
20209 29 79
20210 63 30
20211 45 90
20212 46 74
20213 1 90
20214 64 2
20215 85 50
20216 42 70
20217 42 84
20218 64 36
20219 64 1
20220 42 85
20221 30 30
20222 30 31
20223 81 56
20224 51 31
20225 30 6
20226 31 6
20227 42 84
20228 28 79
20229 41 70
20230 45 53
20231 30 6
20232 79 57
20233 46 53
20234 29 79
20235 42 74
20236 82 56
20237 63 36
20238 44 90
20239 45 53
20240 81 56
20241 42 85
20242 78 54
20243 42 70
20244 45 90
20245 63 29
20246 89 72
20247 64 36
20248 42 75
20249 82 56
20250 30 30
20251 51 85
20252 79 54
20253 78 54
20254 44 90
20255 79 58
20256 63 36
20257 63 30
20258 85 49
20259 64 2
20260 30 31
20261 46 73
20262 63 29
20263 41 70
20264 83 49
20265 64 36
20266 52 85
20267 77 74
20268 27 1
20269 64 1
20270 42 70
20271 81 56
20272 85 50
20273 42 74
20274 45 90
20275 63 30
20276 63 36
20277 79 57
20278 89 73
20279 79 58
20280 0 90
20281 1 90
20282 64 2
20283 46 74
20284 31 6
20285 82 49
20286 41 70
20287 42 84
20288 51 85
20289 83 49
20290 27 0
20291 46 73
20292 78 74
20293 42 75
20294 75 8
20295 74 8
20296 46 74
20297 64 36
20298 42 85
20299 30 30
20300 46 53
20301 82 49
20302 0 90
20303 30 31
20304 28 79
20305 83 49
20306 29 79
20307 64 1
20308 52 85
20309 82 56
20310 64 2
20311 81 56
20312 46 73
20313 45 53
20314 89 72
20315 42 70
20316 63 29
20317 82 49
20318 63 30
20319 89 73
20320 46 74
20321 30 30
20322 27 1
20323 79 54
20324 78 54
20325 89 72
20326 46 73
20327 51 85
20328 42 74
20329 77 74
20330 82 56
20331 85 49
20332 42 75
20333 30 6
20334 63 36
20335 42 74
20336 41 70
20337 52 85
20338 42 70
20339 44 90
20340 51 32
20341 51 31
20342 1 90
20343 83 49
20344 51 85
20345 79 57
20346 63 29
20347 42 84
20348 63 30
20349 89 73
20350 46 74
20351 85 50
20352 31 6
20353 41 70
20354 45 90
20355 44 90
20356 30 6
20357 64 1
20358 64 36
20359 51 32
20360 30 31
20361 82 49
20362 28 79
20363 45 90
20364 29 79
20365 79 58
20366 42 70
20367 89 72
20368 41 70
20369 83 49
20370 64 2
20371 0 90
20372 44 90
20373 81 56
20374 42 75
20375 28 79
20376 42 70
20377 1 90
20378 78 74
20379 64 1
20380 63 29
20381 89 73
20382 63 30
20383 77 74
20384 63 36
20385 41 70
20386 42 85
20387 79 54
20388 31 6
20389 42 74
20390 46 53
20391 46 73
20392 64 2
20393 89 72
20394 45 90
20395 29 79
20396 45 53
20397 30 6
20398 27 0
20399 64 1
20400 42 1
20401 42 70
20402 85 49
20403 30 30
20404 52 85
20405 75 8
20406 42 2
20407 78 54
20408 51 85
20409 79 54
20410 64 2
20411 78 74
20412 82 56
20413 42 1
20414 82 49
20415 46 53
20416 42 75
20417 74 8
20418 27 1
20419 63 29
20420 42 74
20421 28 79
20422 51 31
20423 75 8
20424 63 30
20425 44 90
20426 42 75
20427 51 32
20428 81 56
20429 64 36
20430 52 85
20431 45 90
20432 79 57
20433 83 49
20434 85 50
20435 0 90
20436 42 74
20437 27 0
20438 42 84
20439 46 74
20440 31 6
20441 64 1
20442 63 29
20443 46 73
20444 1 90
20445 85 49
20446 42 85
20447 77 74
20448 63 36
20449 85 50
20450 78 54
20451 51 85
20452 46 74
20453 85 49
20454 42 2
20455 52 85
20456 79 58
20457 64 36
20458 42 75
20459 64 2
20460 30 31
20461 63 36
20462 79 54
20463 78 74
20464 89 73
20465 42 1
20466 64 36
20467 64 1
20468 82 56
20469 41 70
20470 44 90
20471 27 1
20472 46 73
20473 74 8
20474 78 54
20475 42 2
20476 42 70
20477 82 49
20478 42 84
20479 46 74
20480 81 56
20481 63 30
20482 85 50
20483 82 56
20484 46 73
20485 42 85
20486 42 74
20487 45 53
20488 85 49
20489 0 90
20490 1 90
20491 63 29
20492 77 74
20493 46 74
20494 83 49
20495 27 0
20496 0 90
20497 42 84
20498 41 70
20499 42 75
20500 27 1
20501 81 56
20502 78 74
20503 42 70
20504 27 0
20505 42 1
20506 29 79
20507 1 90
20508 51 85
20509 30 30
20510 27 1
20511 28 79
20512 30 6
20513 89 72
20514 46 53
20515 52 85
20516 51 31
20517 0 90
20518 42 74
20519 42 85
20520 75 8
20521 82 49
20522 46 73
20523 41 70
20524 42 70
20525 64 2
20526 30 31
20527 27 0
20528 30 30
20529 31 6
20530 89 73
20531 63 36
20532 63 30
20533 30 6
20534 45 53
20535 79 57
20536 46 74
20537 64 1
20538 51 85
20539 64 2
20540 79 58
20541 77 74
20542 83 49
20543 31 6
20544 79 57
20545 63 29
20546 51 32
20547 29 79
20548 46 73
20549 45 90
20550 1 90
20551 0 90
20552 89 72
20553 42 75
20554 51 31
20555 42 2
20556 42 84
20557 41 70
20558 30 6
20559 44 90
20560 46 74
20561 85 50
20562 27 1
20563 82 49
20564 27 0
20565 51 32
20566 64 36
20567 74 8
20568 51 31
20569 89 73
20570 30 31
20571 46 53
20572 75 8
20573 42 85
20574 31 6
20575 85 49
20576 63 36
20577 45 53
20578 83 49
20579 82 56
20580 78 74
20581 28 79
20582 30 30
20583 63 30
20584 79 58
20585 30 31
20586 64 1
20587 27 1
20588 42 1
20589 42 70
20590 42 2
20591 79 57
20592 29 79
20593 42 74
20594 42 75
20595 64 36
20596 63 36
20597 82 49
20598 30 30
20599 28 79
20600 1 90
20601 81 56
20602 29 79
20603 46 73
20604 64 36
20605 79 58
20606 30 31
20607 30 30
20608 42 84
20609 63 36
20610 46 53
20611 82 56
20612 27 0
20613 85 50
20614 74 8
20615 75 8
20616 30 6
20617 79 57
20618 74 8
20619 46 74
20620 64 36
20621 52 85
20622 30 31
20623 30 30
20624 64 2
20625 64 1
20626 85 49
20627 30 31
20628 45 90
20629 79 54
20630 31 6
20631 28 79
20632 30 30
20633 85 50
20634 85 49
20635 78 54
20636 81 56
20637 42 74
20638 42 75
20639 42 1
20640 75 8
20641 63 36
20642 89 72
20643 27 1
20644 64 36
20645 0 90
20646 51 85
20647 77 74
20648 46 73
20649 64 2
20650 85 50
20651 42 85
20652 52 85
20653 79 54
20654 83 49
20655 82 49
20656 78 54
20657 46 74
20658 41 70
20659 78 74
20660 27 0
20661 51 32
20662 30 31
20663 79 54
20664 42 74
20665 64 1
20666 78 54
20667 45 53
20668 79 54
20669 63 29
20670 42 2
20671 51 85
20672 79 58
20673 78 54
20674 30 6
20675 63 36
20676 74 8
20677 77 74
20678 42 70
20679 30 30
20680 52 85
20681 82 56
20682 42 1
20683 42 75
20684 63 30
20685 29 79
20686 28 79
20687 42 84
20688 78 74
20689 27 1
20690 75 8
20691 46 53
20692 83 49
20693 44 90
20694 46 73
20695 64 2
20696 30 31
20697 1 90
20698 31 6
20699 82 49
20700 79 57
20701 46 74
20702 42 74
20703 42 85
20704 29 79
20705 63 29
20706 28 79
20707 51 85
20708 30 30
20709 29 79
20710 79 58
20711 64 1
20712 74 8
20713 28 79
20714 75 8
20715 42 84
20716 27 0
20717 79 54
20718 85 49
20719 74 8
20720 27 1
20721 81 56
20722 27 0
20723 46 73
20724 45 90
20725 64 36
20726 42 75
20727 78 54
20728 63 30
20729 29 79
20730 64 2
20731 30 6
20732 42 2
20733 31 6
20734 42 85
20735 28 79
20736 85 50
20737 77 74
20738 0 90
20739 89 73
20740 75 8
20741 63 29
20742 44 90
20743 41 70
20744 51 31
20745 30 6
20746 46 74
20747 42 84
20748 79 54
20749 82 56
20750 63 36
20751 64 1
20752 42 85
20753 89 72
20754 42 74
20755 27 1
20756 45 90
20757 85 49
20758 63 30
20759 44 90
20760 30 31
20761 42 70
20762 89 73
20763 89 72
20764 89 73
20765 78 74
20766 42 84
20767 77 74
20768 31 6
20769 42 85
20770 41 70
20771 52 85
20772 81 56
20773 42 70
20774 45 90
20775 51 85
20776 78 54
20777 46 73
20778 74 8
20779 52 85
20780 83 49
20781 44 90
20782 78 74
20783 79 54
20784 51 32
20785 63 29
20786 79 57
20787 82 56
20788 63 30
20789 63 29
20790 27 0
20791 64 2
20792 46 74
20793 46 73
20794 77 74
20795 78 54
20796 30 30
20797 51 31
20798 46 74
20799 79 58
20800 45 53
20801 89 72
20802 46 73
20803 78 74
20804 51 32
20805 89 73
20806 79 57
20807 64 36
20808 79 54
20809 42 75
20810 1 90
20811 78 54
20812 63 36
20813 81 56
20814 42 74
20815 41 70
20816 85 50
20817 42 70
20818 51 31
20819 30 31
20820 51 32
20821 42 1
20822 75 8
20823 74 8
20824 42 75
20825 51 85
20826 41 70
20827 45 90
20828 64 1
20829 46 53
20830 29 79
20831 79 54
20832 42 84
20833 46 74
20834 82 49
20835 0 90
20836 75 8
20837 1 90
20838 0 90
20839 45 53
20840 42 70
20841 79 58
20842 78 54
20843 46 53
20844 89 72
20845 1 90
20846 51 31
20847 82 56
20848 89 73
20849 41 70
20850 85 49
20851 63 30
20852 64 36
20853 64 2
20854 28 79
20855 44 90
20856 52 85
20857 79 54
20858 51 32
20859 85 50
20860 51 31
20861 77 74
20862 63 29
20863 42 74
20864 45 53
20865 78 54
20866 29 79
20867 85 49
20868 89 72
20869 85 50
20870 74 8
20871 63 36
20872 64 1
20873 63 30
20874 79 54
20875 45 90
20876 64 36
20877 30 6
20878 81 56
20879 78 54
20880 42 70
20881 83 49
20882 82 49
20883 31 6
20884 82 56
20885 63 29
20886 75 8
20887 63 30
20888 46 73
20889 28 79
20890 46 53
20891 74 8
20892 64 2
20893 89 73
20894 79 57
20895 44 90
20896 51 85
20897 42 2
20898 27 1
20899 52 85
20900 75 8
20901 63 29
20902 81 56
20903 27 0
20904 63 30
20905 46 74
20906 63 29
20907 29 79
20908 42 85
20909 85 49
20910 42 1
20911 41 70
20912 42 84
20913 79 58
20914 82 56
20915 74 8
20916 30 6
20917 89 72
20918 78 74
20919 42 85
20920 64 1
20921 79 57
20922 85 50
20923 28 79
20924 42 75
20925 29 79
20926 63 30
20927 46 73
20928 85 49
20929 51 85
20930 27 1
20931 63 36
20932 27 0
20933 85 50
20934 42 2
20935 31 6
20936 79 54
20937 42 1
20938 27 1
20939 52 85
20940 28 79
20941 45 90
20942 42 2
20943 45 53
20944 64 2
20945 0 90
20946 46 53
20947 79 58
20948 51 85
20949 64 36
20950 78 54
20951 30 30
20952 42 84
20953 63 29
20954 29 79
20955 89 73
20956 1 90
20957 89 72
20958 46 74
20959 0 90
20960 1 90
20961 42 85
20962 52 85
20963 51 85
20964 64 1
20965 44 90
20966 27 0
20967 42 84
20968 28 79
20969 30 6
20970 75 8
20971 85 49
20972 64 2
20973 52 85
20974 63 30
20975 77 74
20976 42 1
20977 51 32
20978 89 73
20979 63 29
20980 42 74
20981 27 1
20982 0 90
20983 51 85
20984 79 54
20985 63 36
20986 79 57
20987 51 31
20988 79 58
20989 42 75
20990 30 31
20991 42 74
20992 42 85
20993 64 36
20994 46 73
20995 31 6
20996 79 57
20997 83 49
20998 78 74
20999 79 58
21000 74 8
21001 42 70
21002 63 30
21003 30 30
21004 82 49
21005 42 2
21006 42 84
21007 45 90
21008 27 0
21009 27 1
21010 42 1
21011 30 6
21012 85 50
21013 64 1
21014 77 74
21015 78 74
21016 42 85
21017 83 49
21018 45 53
21019 64 2
21020 79 57
21021 51 32
21022 44 90
21023 77 74
21024 51 31
21025 1 90
21026 79 58
21027 29 79
21028 42 75
21029 28 79
21030 31 6
21031 41 70
21032 79 57
21033 42 70
21034 46 53
21035 85 49
21036 52 85
21037 81 56
21038 42 74
21039 75 8
21040 85 50
21041 30 31
21042 51 85
21043 89 72
21044 42 84
21045 0 90
21046 42 75
21047 45 53
21048 79 58
21049 51 32
21050 41 70
21051 29 79
21052 89 73
21053 1 90
21054 42 70
21055 82 56
21056 52 85
21057 42 85
21058 81 56
21059 46 74
21060 79 57
21061 51 85
21062 79 58
21063 51 31
21064 78 74
21065 82 56
21066 77 74
21067 78 74
21068 27 0
21069 46 73
21070 51 32
21071 28 79
21072 42 2
21073 45 90
21074 42 1
21075 63 36
21076 42 74
21077 46 53
21078 82 49
21079 42 75
21080 77 74
21081 42 2
21082 78 54
21083 63 29
21084 51 31
21085 63 30
21086 29 79
21087 0 90
21088 85 49
21089 64 1
21090 46 74
21091 27 1
21092 42 1
21093 28 79
21094 29 79
21095 79 54
21096 41 70
21097 30 30
21098 78 54
21099 42 74
21100 27 0
21101 28 79
21102 64 36
21103 78 74
21104 81 56
21105 29 79
21106 85 50
21107 83 49
21108 63 36
21109 85 49
21110 89 72
21111 42 70
21112 27 1
21113 42 2
21114 74 8
21115 44 90
21116 51 32
21117 45 90
21118 85 50
21119 30 6
21120 42 84
21121 31 6
21122 44 90
21123 77 74
21124 64 36
21125 78 74
21126 45 90
21127 42 75
21128 44 90
21129 42 74
21130 85 49
21131 45 90
21132 63 36
21133 44 90
21134 42 1
21135 82 49
21136 64 2
21137 27 0
21138 79 57
21139 63 29
21140 82 56
21141 41 70
21142 46 73
21143 42 70
21144 45 53
21145 77 74
21146 79 58
21147 64 1
21148 42 75
21149 79 54
21150 45 90
21151 51 31
21152 81 56
21153 64 36
21154 83 49
21155 51 32
21156 51 31
21157 1 90
21158 46 53
21159 78 54
21160 75 8
21161 27 1
21162 0 90
21163 79 54
21164 45 53
21165 42 2
21166 82 56
21167 64 2
21168 78 74
21169 85 50
21170 89 73
21171 30 6
21172 46 53
21173 85 49
21174 42 1
21175 81 56
21176 45 53
21177 77 74
21178 51 32
21179 42 2
21180 42 85
21181 1 90
21182 78 54
21183 63 36
21184 31 6
21185 42 74
21186 64 36
21187 82 49
21188 42 75
21189 0 90
21190 82 56
21191 79 54
21192 42 74
21193 1 90
21194 89 72
21195 64 1
21196 89 73
21197 0 90
21198 1 90
21199 63 30
21200 79 57
21201 44 90
21202 78 54
21203 64 2
21204 79 54
21205 64 1
21206 83 49
21207 27 0
21208 45 90
21209 51 31
21210 0 90
21211 79 58
21212 46 53
21213 42 84
21214 78 74
21215 30 31
21216 63 36
21217 27 1
21218 64 36
21219 30 6
21220 44 90
21221 63 29
21222 30 30
21223 42 1
21224 52 85
21225 51 32
21226 31 6
21227 46 74
21228 51 31
21229 42 75
21230 51 85
21231 82 49
21232 45 90
21233 44 90
21234 77 74
21235 78 74
21236 51 32
21237 74 8
21238 63 30
21239 78 54
21240 51 31
21241 41 70
21242 46 73
21243 77 74
21244 42 74
21245 64 2
21246 63 29
21247 78 74
21248 51 32
21249 30 6
21250 63 36
21251 81 56
21252 28 79
21253 45 53
21254 79 57
21255 79 54
21256 85 50
21257 64 1
21258 30 31
21259 64 36
21260 85 49
21261 63 36
21262 83 49
21263 27 0
21264 52 85
21265 75 8
21266 42 85
21267 78 54
21268 27 1
21269 46 74
21270 45 90
21271 77 74
21272 44 90
21273 46 73
21274 85 50
21275 89 72
21276 64 2
21277 29 79
21278 51 31
21279 30 30
21280 42 70
21281 42 84
21282 64 1
21283 28 79
21284 51 32
21285 63 30
21286 42 85
21287 64 2
21288 31 6
21289 85 49
21290 30 6
21291 82 49
21292 1 90
21293 85 50
21294 51 31
21295 78 74
21296 46 53
21297 79 58
21298 64 1
21299 31 6
21300 77 74
21301 64 36
21302 41 70
21303 42 75
21304 45 53
21305 78 74
21306 64 2
21307 77 74
21308 79 57
21309 27 0
21310 74 8
21311 45 90
21312 89 73
21313 44 90
21314 46 53
21315 42 70
21316 30 6
21317 45 90
21318 82 56
21319 42 84
21320 78 74
21321 51 32
21322 51 31
21323 30 31
21324 89 72
21325 0 90
21326 63 29
21327 46 74
21328 45 53
21329 46 73
21330 51 85
21331 41 70
21332 44 90
21333 46 53
21334 81 56
21335 64 1
21336 1 90
21337 75 8
21338 64 2
21339 89 73
21340 27 1
21341 30 30
21342 42 74
21343 63 36
21344 79 54
21345 31 6
21346 85 49
21347 30 6
21348 42 2
21349 83 49
21350 42 85
21351 63 30
21352 82 56
21353 29 79
21354 28 79
21355 27 0
21356 46 74
21357 63 29
21358 42 84
21359 74 8
21360 77 74
21361 42 1
21362 30 31
21363 75 8
21364 29 79
21365 45 53
21366 46 73
21367 46 74
21368 51 32
21369 46 73
21370 52 85
21371 42 85
21372 64 36
21373 30 30
21374 42 84
21375 45 90
21376 78 54
21377 51 85
21378 42 70
21379 78 74
21380 51 31
21381 31 6
21382 46 74
21383 51 32
21384 85 50
21385 63 36
21386 77 74
21387 64 1
21388 0 90
21389 46 53
21390 64 36
21391 79 54
21392 63 30
21393 89 72
21394 81 56
21395 45 53
21396 78 74
21397 63 29
21398 27 1
21399 82 56
21400 89 73
21401 30 31
21402 85 49
21403 89 72
21404 63 36
21405 46 73
21406 64 36
21407 51 31
21408 82 49
21409 41 70
21410 52 85
21411 63 30
21412 78 54
21413 46 74
21414 81 56
21415 74 8
21416 89 73
21417 51 85
21418 77 74
21419 28 79
21420 29 79
21421 63 36
21422 42 2
21423 42 70
21424 78 74
21425 30 6
21426 41 70
21427 31 6
21428 82 56
21429 79 58
21430 42 85
21431 83 49
21432 75 8
21433 63 29
21434 44 90
21435 74 8
21436 42 70
21437 46 53
21438 27 0
21439 75 8
21440 30 6
21441 27 1
21442 64 36
21443 79 54
21444 31 6
21445 63 30
21446 89 72
21447 78 54
21448 45 53
21449 46 53
21450 82 49
21451 85 50
21452 45 90
21453 45 53
21454 85 49
21455 63 36
21456 42 1
21457 79 57
21458 30 6
21459 28 79
21460 79 58
21461 83 49
21462 42 84
21463 51 32
21464 63 29
21465 44 90
21466 79 57
21467 89 73
21468 64 36
21469 27 0
21470 45 90
21471 42 2
21472 77 74
21473 81 56
21474 42 75
21475 27 1
21476 29 79
21477 79 58
21478 51 31
21479 74 8
21480 27 0
21481 52 85
21482 42 85
21483 82 49
21484 63 30
21485 46 53
21486 28 79
21487 46 73
21488 30 30
21489 78 74
21490 51 32
21491 89 72
21492 31 6
21493 30 6
21494 42 74
21495 51 31
21496 1 90
21497 63 36
21498 42 1
21499 51 32
21500 46 74
21501 77 74
21502 64 36
21503 51 31
21504 79 54
21505 89 73
21506 44 90
21507 42 75
21508 78 74
21509 46 73
21510 83 49
21511 41 70
21512 64 2
21513 89 72
21514 0 90
21515 45 53
21516 27 1
21517 78 54
21518 1 90
21519 85 50
21520 27 0
21521 46 74
21522 0 90
21523 63 29
21524 46 53
21525 27 1
21526 63 36
21527 89 73
21528 64 36
21529 42 74
21530 45 90
21531 42 2
21532 1 90
21533 27 0
21534 42 75
21535 42 1
21536 27 1
21537 29 79
21538 27 0
21539 89 72
21540 51 32
21541 27 1
21542 79 54
21543 42 74
21544 46 73
21545 42 84
21546 75 8
21547 51 31
21548 82 56
21549 0 90
21550 85 49
21551 46 74
21552 74 8
21553 1 90
21554 42 70
21555 31 6
21556 27 0
21557 42 75
21558 42 2
21559 85 50
21560 45 53
21561 27 1
21562 51 32
21563 75 8
21564 63 36
21565 74 8
21566 63 30
21567 63 29
21568 64 36
21569 41 70
21570 77 74
21571 64 1
21572 42 70
21573 41 70
21574 28 79
21575 30 6
21576 51 85
21577 46 53
21578 45 53
21579 42 1
21580 0 90
21581 75 8
21582 46 73
21583 79 57
21584 63 30
21585 42 2
21586 42 74
21587 78 74
21588 42 70
21589 42 85
21590 52 85
21591 42 1
21592 44 90
21593 82 49
21594 51 85
21595 85 49
21596 78 54
21597 63 29
21598 41 70
21599 79 58
21600 42 2
21601 29 79
21602 46 74
21603 42 75
21604 85 50
21605 64 2
21606 79 54
21607 74 8
21608 81 56
21609 51 31
21610 27 0
21611 85 49
21612 42 70
21613 28 79
21614 75 8
21615 27 1
21616 89 73
21617 51 32
21618 46 53
21619 52 85
21620 85 50
21621 63 30
21622 63 36
21623 31 6
21624 30 6
21625 78 54
21626 79 57
21627 45 53
21628 64 1
21629 41 70
21630 85 49
21631 79 54
21632 1 90
21633 46 73
21634 42 84
21635 51 85
21636 42 85
21637 31 6
21638 63 29
21639 82 56
21640 42 1
21641 74 8
21642 51 31
21643 27 0
21644 78 54
21645 46 74
21646 30 6
21647 0 90
21648 46 53
21649 89 72
21650 46 73
21651 64 2
21652 51 32
21653 64 1
21654 89 73
21655 64 2
21656 1 90
21657 51 31
21658 75 8
21659 63 30
21660 81 56
21661 42 70
21662 42 84
21663 45 90
21664 85 50
21665 30 31
21666 52 85
21667 42 85
21668 42 84
21669 82 56
21670 79 54
21671 29 79
21672 63 29
21673 89 72
21674 81 56
21675 31 6
21676 45 53
21677 41 70
21678 51 85
21679 0 90
21680 30 6
21681 64 36
21682 78 54
21683 42 74
21684 44 90
21685 64 1
21686 64 2
21687 52 85
21688 46 74
21689 51 85
21690 63 36
21691 79 54
21692 28 79
21693 31 6
21694 89 73
21695 82 56
21696 64 36
21697 42 2
21698 30 6
21699 85 49
21700 42 75
21701 52 85
21702 51 85
21703 78 54
21704 46 73
21705 63 30
21706 46 53
21707 45 90
21708 30 30
21709 1 90
21710 89 72
21711 51 32
21712 29 79
21713 30 31
21714 77 74
21715 85 50
21716 79 54
21717 64 1
21718 42 1
21719 42 70
21720 81 56
21721 89 73
21722 28 79
21723 30 30
21724 85 49
21725 46 74
21726 63 36
21727 41 70
21728 29 79
21729 78 54
21730 52 85
21731 44 90
21732 42 2
21733 78 74
21734 89 72
21735 83 49
21736 85 50
21737 77 74
21738 42 74
21739 46 73
21740 31 6
21741 63 29
21742 85 49
21743 45 53
21744 85 50
21745 27 1
21746 85 49
21747 79 58
21748 79 54
21749 64 36
21750 63 30
21751 46 74
21752 42 70
21753 64 2
21754 79 57
21755 51 85
21756 30 6
21757 42 1
21758 27 0
21759 63 36
21760 63 29
21761 52 85
21762 41 70
21763 30 31
21764 28 79
21765 0 90
21766 85 50
21767 46 53
21768 45 90
21769 89 73
21770 51 31
21771 42 2
21772 89 72
21773 45 53
21774 42 85
21775 89 73
21776 1 90
21777 0 90
21778 51 85
21779 74 8
21780 85 49
21781 42 1
21782 1 90
21783 46 53
21784 42 70
21785 0 90
21786 27 1
21787 82 49
21788 31 6
21789 46 73
21790 27 0
21791 44 90
21792 52 85
21793 51 85
21794 1 90
21795 51 32
21796 30 6
21797 79 58
21798 83 49
21799 51 31
21800 0 90
21801 45 90
21802 63 30
21803 78 74
21804 45 53
21805 27 1
21806 63 29
21807 64 36
21808 75 8
21809 1 90
21810 46 53
21811 51 32
21812 51 31
21813 42 2
21814 42 75
21815 42 84
21816 44 90
21817 42 85
21818 52 85
21819 42 84
21820 42 74
21821 46 74
21822 64 1
21823 42 85
21824 45 53
21825 46 53
21826 82 49
21827 29 79
21828 64 2
21829 64 1
21830 64 2
21831 42 75
21832 85 50
21833 51 32
21834 30 30
21835 83 49
21836 51 85
21837 51 31
21838 82 56
21839 28 79
21840 81 56
21841 51 32
21842 63 36
21843 82 56
21844 82 49
21845 78 54
21846 79 57
21847 41 70
21848 89 72
21849 30 31
21850 52 85
21851 42 84
21852 51 85
21853 51 31
21854 51 32
21855 85 49
21856 27 0
21857 31 6
21858 77 74
21859 83 49
21860 78 74
21861 82 49
21862 89 73
21863 30 30
21864 42 70
21865 0 90
21866 52 85
21867 46 73
21868 51 85
21869 89 72
21870 1 90
21871 42 74
21872 89 73
21873 42 75
21874 81 56
21875 64 36
21876 46 74
21877 79 54
21878 45 53
21879 63 36
21880 29 79
21881 30 31
21882 41 70
21883 27 1
21884 74 8
21885 85 50
21886 30 30
21887 77 74
21888 78 54
21889 42 74
21890 51 31
21891 28 79
21892 79 54
21893 42 85
21894 64 36
21895 79 58
21896 52 85
21897 79 57
21898 78 54
21899 64 1
21900 45 90
21901 64 2
21902 42 70
21903 44 90
21904 85 49
21905 79 54
21906 41 70
21907 83 49
21908 45 90
21909 46 53
21910 82 49
21911 27 0
21912 30 31
21913 42 1
21914 42 84
21915 83 49
21916 44 90
21917 78 74
21918 75 8
21919 77 74
21920 79 58
21921 79 57
21922 27 1
21923 89 72
21924 64 1
21925 63 36
21926 46 73
21927 42 2
21928 51 32
21929 79 58
21930 0 90
21931 1 90
21932 64 36
21933 42 1
21934 89 73
21935 51 85
21936 89 72
21937 52 85
21938 42 70
21939 85 50
21940 30 30
21941 27 0
21942 85 49
21943 46 74
21944 30 6
21945 64 2
21946 30 31
21947 63 30
21948 63 36
21949 78 74
21950 0 90
21951 45 53
21952 74 8
21953 82 49
21954 51 85
21955 83 49
21956 64 36
21957 42 85
21958 82 56
21959 78 54
21960 45 90
21961 63 36
21962 64 1
21963 27 1
21964 77 74
21965 42 2
21966 75 8
21967 74 8
21968 79 54
21969 42 84
21970 46 73
21971 44 90
21972 27 0
21973 30 30
21974 82 49
21975 64 36
21976 27 1
21977 52 85
21978 29 79
21979 30 31
21980 64 2
21981 63 36
21982 64 1
21983 78 54
21984 1 90
21985 79 57
21986 46 53
21987 64 36
21988 30 30
21989 51 31
21990 89 73
21991 45 90
21992 30 31
21993 41 70
21994 79 54
21995 44 90
21996 63 29
21997 42 70
21998 51 32
21999 41 70
22000 78 74
22001 42 1
22002 75 8
22003 81 56
22004 64 2
22005 83 49
22006 46 74
22007 85 50
22008 82 56
22009 63 36
22010 51 85
22011 82 49
22012 42 2
22013 51 31
22014 31 6
22015 0 90
22016 42 70
22017 41 70
22018 42 70
22019 27 0
22020 89 72
22021 64 1
22022 85 49
22023 45 90
22024 27 1
22025 51 32
22026 1 90
22027 42 75
22028 44 90
22029 51 31
22030 46 73
22031 27 0
22032 0 90
22033 30 30
22034 77 74
22035 89 73
22036 27 1
22037 89 72
22038 51 32
22039 42 74
22040 42 85
22041 45 90
22042 30 6
22043 30 31
22044 64 2
22045 41 70
22046 78 74
22047 42 75
22048 46 74
22049 30 30
22050 30 31
22051 74 8
22052 63 30
22053 46 73
22054 83 49
22055 63 29
22056 78 54
22057 85 50
22058 77 74
22059 45 53
22060 44 90
22061 79 54
22062 51 31
22063 42 74
22064 42 1
22065 89 73
22066 46 74
22067 42 70
22068 28 79
22069 85 49
22070 45 90
22071 85 50
22072 85 49
22073 29 79
22074 64 36
22075 30 30
22076 46 73
22077 42 75
22078 42 74
22079 89 72
22080 27 0
22081 78 54
22082 42 84
22083 79 54
22084 46 74
22085 51 32
22086 42 75
22087 51 31
22088 85 50
22089 79 58
22090 63 36
22091 75 8
22092 63 30
22093 42 85
22094 79 57
22095 1 90
22096 79 58
22097 82 49
22098 74 8
22099 78 54
22100 78 74
22101 83 49
22102 82 49
22103 83 49
22104 51 32
22105 44 90
22106 64 1
22107 42 74
22108 46 73
22109 46 53
22110 42 75
22111 79 57
22112 42 74
22113 77 74
22114 78 74
22115 85 49
22116 52 85
22117 77 74
22118 46 74
22119 89 73
22120 82 49
22121 81 56
22122 78 74
22123 28 79
22124 89 72
22125 42 84
22126 83 49
22127 31 6
22128 30 6
22129 51 85
22130 0 90
22131 79 54
22132 82 49
22133 83 49
22134 46 73
22135 1 90
22136 52 85
22137 64 2
22138 30 31
22139 46 74
22140 85 50
22141 75 8
22142 74 8
22143 27 1
22144 63 29
22145 42 75
22146 63 30
22147 82 56
22148 77 74
22149 51 85
22150 42 74
22151 0 90
22152 30 30
22153 64 1
22154 81 56
22155 78 74
22156 51 31
22157 85 49
22158 85 50
22159 42 85
22160 77 74
22161 52 85
22162 64 2
22163 85 49
22164 78 74
22165 41 70
22166 31 6
22167 77 74
22168 82 49
22169 30 31
22170 42 70
22171 64 36
22172 89 73
22173 42 75
22174 89 72
22175 45 90
22176 30 6
22177 83 49
22178 82 56
22179 78 74
22180 46 73
22181 63 29
22182 51 32
22183 89 73
22184 42 84
22185 51 85
22186 51 31
22187 42 74
22188 51 32
22189 63 36
22190 42 85
22191 82 49
22192 27 0
22193 52 85
22194 42 84
22195 51 31
22196 78 54
22197 51 32
22198 79 54
22199 83 49
22200 51 31
22201 42 85
22202 82 49
22203 29 79
22204 46 74
22205 27 1
22206 41 70
22207 81 56
22208 51 32
22209 42 2
22210 42 70
22211 79 58
22212 83 49
22213 42 1
22214 89 72
22215 42 84
22216 82 49
22217 89 73
22218 41 70
22219 31 6
22220 30 30
22221 46 73
22222 78 54
22223 45 53
22224 79 54
22225 46 53
22226 78 54
22227 42 70
22228 28 79
22229 27 0
22230 82 56
22231 51 85
22232 46 74
22233 77 74
22234 83 49
22235 30 31
22236 46 73
22237 75 8
22238 79 54
22239 30 30
22240 78 54
22241 52 85
22242 89 72
22243 79 54
22244 42 2
22245 74 8
22246 30 6
22247 51 31
22248 44 90
22249 81 56
22250 1 90
22251 82 56
22252 82 49
22253 42 75
22254 31 6
22255 89 73
22256 30 31
22257 45 90
22258 78 54
22259 83 49
22260 89 72
22261 30 30
22262 42 74
22263 51 85
22264 42 85
22265 82 49
22266 27 1
22267 45 53
22268 89 73
22269 85 50
22270 42 1
22271 42 75
22272 41 70
22273 75 8
22274 51 32
22275 0 90
22276 78 74
22277 64 1
22278 44 90
22279 46 74
22280 79 57
22281 45 90
22282 64 36
22283 52 85
22284 42 74
22285 30 31
22286 85 49
22287 44 90
22288 29 79
22289 85 50
22290 79 54
22291 79 58
22292 83 49
22293 79 57
22294 30 30
22295 42 70
22296 85 49
22297 1 90
22298 0 90
22299 51 31
22300 45 90
22301 44 90
22302 77 74
22303 42 75
22304 28 79
22305 42 84
22306 82 49
22307 30 6
22308 85 50
22309 83 49
22310 46 73
22311 1 90
22312 78 74
22313 42 2
22314 74 8
22315 89 72
22316 51 85
22317 29 79
22318 46 74
22319 27 0
22320 30 31
22321 89 73
22322 75 8
22323 0 90
22324 30 30
22325 63 30
22326 42 85
22327 64 2
22328 74 8
22329 78 54
22330 45 90
22331 82 49
22332 63 29
22333 77 74
22334 46 53
22335 79 58
22336 28 79
22337 83 49
22338 42 1
22339 45 53
22340 75 8
22341 78 74
22342 79 57
22343 77 74
22344 31 6
22345 78 74
22346 29 79
22347 77 74
22348 82 49
22349 42 74
22350 79 54
22351 83 49
22352 46 73
22353 79 58
22354 42 75
22355 46 74
22356 41 70
22357 81 56
22358 78 74
22359 89 72
22360 77 74
22361 63 36
22362 52 85
22363 79 57
22364 64 36
22365 82 56
22366 64 1
22367 79 58
22368 74 8
22369 78 54
22370 82 49
22371 83 49
22372 51 85
22373 82 49
22374 46 53
22375 79 54
22376 78 74
22377 83 49
22378 42 74
22379 82 49
22380 30 6
22381 30 31
22382 83 49
22383 46 73
22384 30 30
22385 44 90
22386 77 74
22387 52 85
22388 42 2
22389 85 49
22390 64 2
22391 27 1
22392 45 53
22393 46 74
22394 78 54
22395 42 1
22396 42 2
22397 75 8
22398 45 90
22399 51 85
22400 63 30
22401 42 70
22402 82 49
22403 42 1
22404 51 32
22405 64 1
22406 63 36
22407 27 0
22408 79 57
22409 27 1
22410 46 53
22411 28 79
22412 27 0
22413 45 53
22414 85 50
22415 74 8
22416 27 1
22417 42 2
22418 79 54
22419 79 58
22420 29 79
22421 46 53
22422 75 8
22423 1 90
22424 74 8
22425 79 57
22426 45 53
22427 46 73
22428 46 53
22429 89 73
22430 83 49
22431 63 29
22432 28 79
22433 79 58
22434 45 53
22435 78 74
22436 42 1
22437 78 54
22438 52 85
22439 0 90
22440 1 90
22441 51 31
22442 85 49
22443 64 36
22444 64 2
22445 77 74
22446 51 85
22447 42 84
22448 78 74
22449 79 54
22450 41 70
22451 46 53
22452 63 36
22453 44 90
22454 45 53
22455 42 85
22456 42 70
22457 85 50
22458 82 49
22459 83 49
22460 42 84
22461 78 54
22462 0 90
22463 85 49
22464 75 8
22465 77 74
22466 52 85
22467 89 72
22468 42 75
22469 89 73
22470 29 79
22471 31 6
22472 42 74
22473 46 53
22474 79 57
22475 1 90
22476 30 6
22477 45 53
22478 51 85
22479 78 74
22480 46 74
22481 52 85
22482 79 58
22483 31 6
22484 42 2
22485 42 75
22486 42 1
22487 0 90
22488 41 70
22489 89 72
22490 82 49
22491 1 90
22492 30 6
22493 42 74
22494 79 57
22495 27 0
22496 45 90
22497 46 53
22498 89 73
22499 42 85
22500 51 32
22501 31 6
22502 42 84
22503 44 90
22504 45 53
22505 83 49
22506 42 75
22507 46 53
22508 30 31
22509 81 56
22510 64 1
22511 82 56
22512 42 70
22513 85 50
22514 28 79
22515 30 30
22516 79 54
22517 42 85
22518 45 90
22519 42 74
22520 82 49
22521 44 90
22522 29 79
22523 42 75
22524 30 31
22525 30 30
22526 28 79
22527 46 73
22528 74 8
22529 42 2
22530 51 85
22531 75 8
22532 77 74
22533 52 85
22534 78 54
22535 74 8
22536 30 31
22537 0 90
22538 83 49
22539 75 8
22540 30 30
22541 79 58
22542 30 6
22543 27 1
22544 63 30
22545 74 8
22546 75 8
22547 89 72
22548 27 0
22549 46 74
22550 45 53
22551 82 49
22552 1 90
22553 64 36
22554 42 84
22555 79 54
22556 78 54
22557 27 1
22558 29 79
22559 63 36
22560 27 0
22561 45 90
22562 46 53
22563 79 54
22564 41 70
22565 31 6
22566 51 31
22567 44 90
22568 74 8
22569 45 90
22570 0 90
22571 79 57
22572 79 58
22573 51 85
22574 78 74
22575 77 74
22576 30 31
22577 63 29
22578 78 54
22579 79 57
22580 42 85
22581 42 84
22582 78 74
22583 64 2
22584 77 74
22585 51 32
22586 27 1
22587 52 85
22588 83 49
22589 78 74
22590 82 49
22591 64 1
22592 81 56
22593 51 85
22594 83 49
22595 42 70
22596 42 85
22597 42 74
22598 79 54
22599 85 49
22600 28 79
22601 42 84
22602 42 75
22603 42 85
22604 41 70
22605 75 8
22606 30 6
22607 27 0
22608 27 1
22609 42 74
22610 77 74
22611 30 30
22612 85 50
22613 78 54
22614 74 8
22615 42 70
22616 78 74
22617 79 54
22618 46 73
22619 27 0
22620 75 8
22621 27 1
22622 77 74
22623 45 53
22624 51 31
22625 44 90
22626 85 49
22627 45 90
22628 44 90
22629 1 90
22630 41 70
22631 52 85
22632 0 90
22633 78 74
22634 64 36
22635 1 90
22636 0 90
22637 78 54
22638 30 31
22639 46 74
22640 89 73
22641 64 2
22642 27 0
22643 27 1
22644 77 74
22645 45 90
22646 42 1
22647 42 75
22648 63 30
22649 74 8
22650 82 49
22651 51 32
22652 64 1
22653 75 8
22654 51 85
22655 29 79
22656 63 29
22657 46 73
22658 79 54
22659 46 74
22660 82 56
22661 51 31
22662 85 50
22663 30 30
22664 79 58
22665 46 53
22666 74 8
22667 51 32
22668 63 36
22669 63 30
22670 42 2
22671 64 36
22672 83 49
22673 51 31
22674 82 49
22675 30 31
22676 46 73
22677 79 57
22678 64 2
22679 46 74
22680 27 0
22681 79 58
22682 78 54
22683 81 56
22684 42 74
22685 31 6
22686 78 74
22687 52 85
22688 63 36
22689 63 29
22690 1 90
22691 63 30
22692 42 1
22693 79 54
22694 64 1
22695 79 57
22696 63 29
22697 75 8
22698 42 75
22699 0 90
22700 45 53
22701 63 30
22702 51 85
22703 85 49
22704 51 32
22705 82 56
22706 46 53
22707 27 1
22708 64 36
22709 81 56
22710 78 54
22711 74 8
22712 79 54
22713 28 79
22714 52 85
22715 51 31
22716 42 70
22717 89 72
22718 64 2
22719 63 36
22720 30 30
22721 82 56
22722 77 74
22723 42 84
22724 83 49
22725 81 56
22726 42 85
22727 63 29
22728 51 32
22729 82 56
22730 45 53
22731 79 58
22732 46 53
22733 78 54
22734 1 90
22735 42 2
22736 41 70
22737 30 6
22738 51 85
22739 79 54
22740 46 73
22741 78 74
22742 79 57
22743 30 31
22744 79 58
22745 81 56
22746 27 0
22747 29 79
22748 85 50
22749 63 30
22750 30 30
22751 64 1
22752 0 90
22753 45 53
22754 46 53
22755 42 84
22756 46 74
22757 42 1
22758 52 85
22759 82 56
22760 51 31
22761 64 36
22762 89 73
22763 42 70
22764 77 74
22765 51 32
22766 85 49
22767 81 56
22768 46 73
22769 79 57
22770 42 2
22771 41 70
22772 28 79
22773 89 72
22774 89 73
22775 85 50
22776 63 36
22777 31 6
22778 42 85
22779 42 84
22780 27 1
22781 30 31
22782 78 74
22783 82 56
22784 42 1
22785 81 56
22786 85 49
22787 75 8
22788 64 2
22789 89 72
22790 42 2
22791 42 70
22792 85 50
22793 82 56
22794 42 74
22795 63 29
22796 85 49
22797 1 90
22798 44 90
22799 63 30
22800 64 36
22801 46 74
22802 51 85
22803 42 85
22804 63 36
22805 42 84
22806 46 73
22807 30 30
22808 51 31
22809 41 70
22810 78 54
22811 42 85
22812 79 58
22813 79 54
22814 78 54
22815 77 74
22816 42 70
22817 30 6
22818 45 90
22819 30 31
22820 78 74
22821 82 49
22822 29 79
22823 63 29
22824 81 56
22825 89 73
22826 44 90
22827 74 8
22828 79 57
22829 42 1
22830 45 53
22831 31 6
22832 85 50
22833 64 36
22834 83 49
22835 79 58
22836 85 49
22837 77 74
22838 42 75
22839 42 2
22840 75 8
22841 63 30
22842 45 90
22843 42 84
22844 89 72
22845 51 32
22846 28 79
22847 42 85
22848 0 90
22849 85 50
22850 27 0
22851 46 74
22852 78 74
22853 79 57
22854 41 70
22855 27 1
22856 79 54
22857 29 79
22858 63 29
22859 74 8
22860 77 74
22861 85 49
22862 82 49
22863 30 30
22864 28 79
22865 51 31
22866 42 84
22867 29 79
22868 46 53
22869 1 90
22870 64 1
22871 78 74
22872 75 8
22873 46 73
22874 63 36
22875 85 50
22876 78 54
22877 51 32
22878 64 2
22879 79 58
22880 74 8
22881 45 53
22882 89 73
22883 27 0
22884 64 1
22885 27 1
22886 42 85
22887 42 70
22888 79 57
22889 83 49
22890 82 56
22891 46 53
22892 52 85
22893 51 85
22894 64 2
22895 85 49
22896 42 74
22897 79 58
22898 45 53
22899 81 56
22900 46 53
22901 42 1
22902 0 90
22903 89 72
22904 42 2
22905 79 54
22906 42 1
22907 82 56
22908 42 75
22909 30 31
22910 28 79
22911 63 30
22912 78 54
22913 42 74
22914 42 75
22915 89 73
22916 41 70
22917 1 90
22918 29 79
22919 75 8
22920 30 30
22921 30 6
22922 42 70
22923 27 0
22924 28 79
22925 64 1
22926 64 36
22927 27 1
22928 44 90
22929 0 90
22930 42 2
22931 27 0
22932 52 85
22933 63 36
22934 42 84
22935 79 54
22936 42 1
22937 51 85
22938 51 31
22939 42 2
22940 42 85
22941 79 57
22942 42 74
22943 30 31
22944 64 36
22945 63 29
22946 77 74
22947 31 6
22948 78 54
22949 64 2
22950 45 53
22951 85 50
22952 46 53
22953 78 74
22954 77 74
22955 42 84
22956 52 85
22957 42 75
22958 41 70
22959 79 58
22960 42 74
22961 63 36
22962 30 30
22963 51 32
22964 79 54
22965 30 6
22966 42 70
22967 30 31
22968 64 1
22969 27 1
22970 74 8
22971 30 30
22972 46 74
22973 81 56
22974 78 74
22975 42 75
22976 78 54
22977 63 30
22978 1 90
22979 51 85
22980 75 8
22981 42 74
22982 74 8
22983 31 6
22984 79 57
22985 63 29
22986 51 31
22987 45 53
22988 79 54
22989 82 56
22990 30 31
22991 52 85
22992 79 58
22993 89 72
22994 42 1
22995 42 75
22996 89 73
22997 64 2
22998 64 1
22999 77 74
23000 85 49
23001 42 2
23002 42 74
23003 85 50
23004 45 90
23005 82 49
23006 42 85
23007 30 30
23008 85 49
23009 0 90
23010 46 73
23011 83 49
23012 82 49
23013 64 36
23014 51 32
23015 51 31
23016 63 36
23017 41 70
23018 79 57
23019 44 90
23020 27 0
23021 1 90
23022 85 50
23023 51 32
23024 46 74
23025 78 74
23026 45 90
23027 75 8
23028 46 73
23029 89 72
23030 42 70
23031 46 74
23032 77 74
23033 29 79
23034 89 73
23035 89 72
23036 42 75
23037 28 79
23038 41 70
23039 29 79
23040 79 58
23041 85 49
23042 83 49
23043 64 36
23044 27 1
23045 78 54
23046 78 74
23047 63 36
23048 63 30
23049 44 90
23050 42 84
23051 64 2
23052 63 29
23053 46 73
23054 42 74
23055 81 56
23056 46 53
23057 45 53
23058 46 53
23059 77 74
23060 79 54
23061 64 36
23062 0 90
23063 82 49
23064 82 56
23065 83 49
23066 78 74
23067 82 49
23068 89 73
23069 1 90
23070 30 31
23071 27 0
23072 0 90
23073 51 31
23074 79 57
23075 30 30
23076 42 70
23077 89 72
23078 51 85
23079 42 75
23080 77 74
23081 63 36
23082 45 53
23083 85 50
23084 30 31
23085 42 1
23086 63 30
23087 78 74
23088 46 74
23089 77 74
23090 64 36
23091 78 74
23092 30 30
23093 79 58
23094 85 49
23095 28 79
23096 30 6
23097 31 6
23098 74 8
23099 75 8
23100 52 85
23101 42 74
23102 81 56
23103 51 32
23104 42 2
23105 74 8
23106 46 53
23107 82 56
23108 29 79
23109 63 29
23110 51 31
23111 89 73
23112 51 85
23113 41 70
23114 64 1
23115 28 79
23116 77 74
23117 42 75
23118 79 57
23119 42 1
23120 78 54
23121 89 72
23122 79 58
23123 42 70
23124 64 2
23125 79 57
23126 83 49
23127 45 53
23128 29 79
23129 42 74
23130 63 30
23131 45 90
23132 85 50
23133 44 90
23134 42 75
23135 42 2
23136 78 74
23137 42 74
23138 82 49
23139 45 90
23140 85 49
23141 85 50
23142 81 56
23143 51 32
23144 51 31
23145 79 58
23146 52 85
23147 79 54
23148 89 73
23149 1 90
23150 51 85
23151 42 1
23152 51 32
23153 85 49
23154 42 75
23155 28 79
23156 79 57
23157 83 49
23158 46 73
23159 42 74
23160 41 70
23161 78 54
23162 82 56
23163 30 6
23164 42 70
23165 81 56
23166 44 90
23167 82 49
23168 46 74
23169 42 75
23170 29 79
23171 83 49
23172 79 54
23173 82 56
23174 42 74
23175 82 49
23176 46 53
23177 77 74
23178 45 53
23179 42 85
23180 0 90
23181 42 2
23182 81 56
23183 46 53
23184 46 73
23185 28 79
23186 42 84
23187 27 1
23188 78 74
23189 46 74
23190 30 31
23191 79 58
23192 45 90
23193 41 70
23194 45 53
23195 42 70
23196 30 30
23197 51 31
23198 78 54
23199 44 90
23200 77 74
23201 42 85
23202 51 32
23203 75 8
23204 52 85
23205 31 6
23206 30 6
23207 74 8
23208 46 73
23209 45 90
23210 31 6
23211 63 36
23212 64 1
23213 29 79
23214 79 57
23215 79 54
23216 78 54
23217 64 36
23218 75 8
23219 42 84
23220 46 74
23221 28 79
23222 29 79
23223 83 49
23224 82 49
23225 63 29
23226 79 58
23227 85 50
23228 89 72
23229 42 85
23230 1 90
23231 30 31
23232 82 56
23233 30 30
23234 46 73
23235 51 31
23236 28 79
23237 42 84
23238 74 8
23239 46 53
23240 0 90
23241 42 85
23242 81 56
23243 42 84
23244 85 49
23245 42 1
23246 78 74
23247 83 49
23248 79 54
23249 42 75
23250 79 57
23251 77 74
23252 30 6
23253 82 56
23254 81 56
23255 82 56
23256 51 85
23257 46 74
23258 45 53
23259 44 90
23260 75 8
23261 74 8
23262 1 90
23263 52 85
23264 46 73
23265 41 70
23266 42 74
23267 42 85
23268 63 36
23269 46 74
23270 46 53
23271 78 54
23272 64 36
23273 42 84
23274 31 6
23275 42 2
23276 89 73
23277 45 90
23278 85 50
23279 63 36
23280 30 6
23281 63 30
23282 44 90
23283 63 29
23284 79 58
23285 42 75
23286 81 56
23287 75 8
23288 42 70
23289 74 8
23290 0 90
23291 51 85
23292 29 79
23293 64 36
23294 42 1
23295 82 49
23296 45 53
23297 31 6
23298 79 54
23299 52 85
23300 63 36
23301 83 49
23302 64 36
23303 46 53
23304 27 0
23305 79 57
23306 85 49
23307 64 2
23308 51 85
23309 51 32
23310 52 85
23311 1 90
23312 85 50
23313 51 31
23314 89 72
23315 63 36
23316 28 79
23317 63 30
23318 42 2
23319 51 85
23320 78 54
23321 30 31
23322 30 6
23323 52 85
23324 41 70
23325 64 1
23326 42 1
23327 45 90
23328 30 30
23329 27 1
23330 45 53
23331 42 70
23332 82 49
23333 30 31
23334 41 70
23335 46 73
23336 85 49
23337 31 6
23338 27 0
23339 42 74
23340 83 49
23341 64 36
23342 46 53
23343 30 30
23344 29 79
23345 0 90
23346 30 31
23347 30 30
23348 30 31
23349 89 73
23350 42 2
23351 75 8
23352 51 85
23353 30 6
23354 51 32
23355 1 90
23356 79 58
23357 42 1
23358 85 50
23359 89 72
23360 46 74
23361 0 90
23362 1 90
23363 45 53
23364 42 85
23365 44 90
23366 74 8
23367 46 53
23368 79 54
23369 79 57
23370 45 53
23371 42 75
23372 52 85
23373 82 56
23374 81 56
23375 42 2
23376 89 73
23377 0 90
23378 78 54
23379 28 79
23380 63 29
23381 82 49
23382 64 2
23383 85 49
23384 45 90
23385 46 73
23386 85 50
23387 89 72
23388 1 90
23389 0 90
23390 79 54
23391 75 8
23392 89 73
23393 64 1
23394 1 90
23395 42 70
23396 29 79
23397 78 74
23398 77 74
23399 64 2
23400 64 1
23401 44 90
23402 51 85
23403 64 2
23404 46 74
23405 27 1
23406 78 54
23407 41 70
23408 82 56
23409 27 0
23410 78 74
23411 0 90
23412 45 90
23413 63 30
23414 42 70
23415 85 49
23416 44 90
23417 89 72
23418 46 53
23419 63 36
23420 85 50
23421 42 1
23422 1 90
23423 83 49
23424 42 2
23425 81 56
23426 27 1
23427 89 73
23428 46 73
23429 28 79
23430 52 85
23431 45 53
23432 51 85
23433 31 6
23434 51 31
23435 45 90
23436 74 8
23437 44 90
23438 52 85
23439 77 74
23440 45 90
23441 64 1
23442 42 1
23443 64 2
23444 82 56
23445 30 30
23446 81 56
23447 29 79
23448 51 32
23449 51 85
23450 42 84
23451 42 85
23452 79 58
23453 63 29
23454 79 57
23455 46 74
23456 44 90
23457 45 90
23458 30 31
23459 79 54
23460 42 74
23461 27 0
23462 30 30
23463 44 90
23464 42 75
23465 45 90
23466 44 90
23467 78 74
23468 27 1
23469 82 49
23470 83 49
23471 75 8
23472 28 79
23473 29 79
23474 30 31
23475 41 70
23476 52 85
23477 89 72
23478 77 74
23479 85 49
23480 82 56
23481 46 53
23482 28 79
23483 45 53
23484 42 84
23485 81 56
23486 42 2
23487 82 49
23488 64 36
23489 63 36
23490 46 53
23491 45 90
23492 79 58
23493 46 73
23494 42 1
23495 30 6
23496 89 73
23497 44 90
23498 45 90
23499 78 74
23500 42 70
23501 89 72
23502 42 85
23503 0 90
23504 42 2
23505 1 90
23506 44 90
23507 27 0
23508 30 30
23509 42 1
23510 51 85
23511 89 73
23512 79 57
23513 31 6
23514 29 79
23515 78 54
23516 42 2
23517 77 74
23518 27 1
23519 30 31
23520 64 36
23521 28 79
23522 45 90
23523 78 74
23524 0 90
23525 79 58
23526 27 0
23527 79 54
23528 89 72
23529 89 73
23530 27 1
23531 63 36
23532 44 90
23533 63 30
23534 74 8
23535 42 1
23536 78 54
23537 30 6
23538 63 29
23539 79 57
23540 1 90
23541 45 90
23542 46 74
23543 46 73
23544 42 84
23545 41 70
23546 27 0
23547 82 56
23548 31 6
23549 85 50
23550 75 8
23551 81 56
23552 44 90
23553 30 30
23554 82 56
23555 77 74
23556 78 74
23557 30 6
23558 74 8
23559 0 90
23560 42 2
23561 42 74
23562 42 1
23563 77 74
23564 31 6
23565 1 90
23566 42 70
23567 29 79
23568 42 75
23569 30 31
23570 81 56
23571 42 2
23572 83 49
23573 27 1
23574 64 36
23575 30 6
23576 63 30
23577 45 53
23578 89 72
23579 27 0
23580 30 30
23581 28 79
23582 63 29
23583 27 1
23584 82 56
23585 81 56
23586 0 90
23587 85 49
23588 1 90
23589 41 70
23590 29 79
23591 42 85
23592 27 0
23593 85 50
23594 42 1
23595 28 79
23596 30 31
23597 46 74
23598 52 85
23599 64 1
23600 89 73
23601 64 2
23602 42 84
23603 29 79
23604 78 74
23605 85 49
23606 31 6
23607 42 74
23608 89 72
23609 89 73
23610 45 90
23611 42 85
23612 30 30
23613 30 6
23614 89 72
23615 51 31
23616 28 79
23617 75 8
23618 63 36
23619 74 8
23620 82 49
23621 89 73
23622 85 50
23623 63 30
23624 63 29
23625 82 56
23626 83 49
23627 29 79
23628 89 72
23629 0 90
23630 75 8
23631 42 75
23632 31 6
23633 79 58
23634 85 49
23635 42 74
23636 42 70
23637 51 32
23638 89 73
23639 51 31
23640 28 79
23641 44 90
23642 64 1
23643 1 90
23644 89 72
23645 64 2
23646 42 84
23647 77 74
23648 45 90
23649 78 74
23650 41 70
23651 77 74
23652 78 74
23653 51 32
23654 30 31
23655 79 57
23656 30 30
23657 27 1
23658 64 1
23659 74 8
23660 42 85
23661 42 2
23662 46 53
23663 42 75
23664 44 90
23665 79 54
23666 89 73
23667 77 74
23668 45 90
23669 0 90
23670 45 53
23671 46 73
23672 81 56
23673 1 90
23674 64 36
23675 42 74
23676 27 0
23677 30 6
23678 63 36
23679 85 50
23680 82 49
23681 82 56
23682 42 84
23683 42 70
23684 85 49
23685 41 70
23686 85 50
23687 83 49
23688 46 74
23689 64 36
23690 81 56
23691 82 56
23692 42 85
23693 85 49
23694 85 50
23695 29 79
23696 42 70
23697 42 75
23698 42 84
23699 0 90
23700 28 79
23701 30 31
23702 82 49
23703 27 1
23704 51 31
23705 51 85
23706 46 73
23707 52 85
23708 46 74
23709 64 2
23710 81 56
23711 78 54
23712 63 30
23713 51 32
23714 46 73
23715 29 79
23716 41 70
23717 46 53
23718 27 0
23719 79 54
23720 79 58
23721 31 6
23722 45 53
23723 28 79
23724 64 1
23725 63 29
23726 30 6
23727 82 56
23728 42 70
23729 27 1
23730 42 74
23731 81 56
23732 42 85
23733 30 30
23734 75 8
23735 64 2
23736 42 1
23737 79 57
23738 29 79
23739 28 79
23740 51 85
23741 31 6
23742 63 30
23743 44 90
23744 30 6
23745 78 74
23746 64 1
23747 52 85
23748 46 53
23749 82 56
23750 45 90
23751 64 2
23752 74 8
23753 46 74
23754 79 58
23755 27 0
23756 81 56
23757 79 57
23758 1 90
23759 0 90
23760 51 31
23761 89 72
23762 85 49
23763 1 90
23764 83 49
23765 42 75
23766 89 73
23767 42 74
23768 0 90
23769 42 75
23770 42 2
23771 31 6
23772 51 32
23773 82 56
23774 63 36
23775 85 50
23776 63 29
23777 51 85
23778 41 70
23779 45 53
23780 63 30
23781 63 29
23782 46 73
23783 27 1
23784 77 74
23785 42 84
23786 42 70
23787 30 6
23788 42 85
23789 89 72
23790 42 84
23791 30 31
23792 42 85
23793 82 49
23794 51 31
23795 1 90
23796 79 58
23797 30 30
23798 27 0
23799 31 6
23800 29 79
23801 46 74
23802 63 30
23803 41 70
23804 51 32
23805 46 73
23806 51 31
23807 30 6
23808 63 29
23809 81 56
23810 82 56
23811 83 49
23812 44 90
23813 79 57
23814 78 54
23815 85 49
23816 46 53
23817 82 49
23818 0 90
23819 30 31
23820 64 36
23821 27 1
23822 42 1
23823 42 70
23824 52 85
23825 85 50
23826 64 1
23827 42 74
23828 42 2
23829 28 79
23830 78 74
23831 29 79
23832 81 56
23833 45 90
23834 27 0
23835 45 53
23836 85 49
23837 64 2
23838 28 79
23839 46 74
23840 83 49
23841 75 8
23842 82 49
23843 42 75
23844 27 1
23845 51 32
23846 42 1
23847 51 85
23848 42 84
23849 83 49
23850 42 74
23851 46 53
23852 46 73
23853 42 2
23854 1 90
23855 51 31
23856 42 75
23857 42 1
23858 41 70
23859 0 90
23860 31 6
23861 82 56
23862 89 73
23863 30 30
23864 30 31
23865 44 90
23866 1 90
23867 85 50
23868 64 1
23869 74 8
23870 77 74
23871 42 85
23872 63 30
23873 63 36
23874 79 54
23875 79 58
23876 79 57
23877 27 0
23878 46 74
23879 78 74
23880 79 58
23881 30 6
23882 30 30
23883 64 2
23884 51 32
23885 45 90
23886 81 56
23887 46 73
23888 0 90
23889 1 90
23890 44 90
23891 42 84
23892 75 8
23893 51 31
23894 30 31
23895 45 90
23896 82 49
23897 77 74
23898 79 57
23899 42 85
23900 89 72
23901 64 36
23902 63 36
23903 27 1
23904 74 8
23905 42 2
23906 79 58
23907 78 54
23908 31 6
23909 78 74
23910 75 8
23911 52 85
23912 44 90
23913 79 57
23914 83 49
23915 30 6
23916 27 0
23917 29 79
23918 30 30
23919 89 73
23920 27 1
23921 46 74
23922 42 70
23923 89 72
23924 31 6
23925 74 8
23926 45 90
23927 45 53
23928 27 0
23929 85 49
23930 42 84
23931 42 74
23932 30 31
23933 64 36
23934 42 1
23935 77 74
23936 51 32
23937 85 50
23938 28 79
23939 78 74
23940 29 79
23941 28 79
23942 42 75
23943 42 74
23944 51 31
23945 27 1
23946 79 58
23947 46 53
23948 79 57
23949 63 29
23950 51 32
23951 46 73
23952 30 6
23953 42 85
23954 30 30
23955 79 58
23956 79 57
23957 51 31
23958 51 32
23959 75 8
23960 51 31
23961 29 79
23962 41 70
23963 74 8
23964 46 74
23965 42 84
23966 63 36
23967 89 73
23968 42 2
23969 46 73
23970 63 30
23971 89 72
23972 31 6
23973 63 29
23974 77 74
23975 79 58
23976 79 54
23977 85 49
23978 82 56
23979 27 0
23980 63 30
23981 46 74
23982 45 53
23983 89 73
23984 46 73
23985 63 29
23986 79 57
23987 75 8
23988 42 1
23989 78 54
23990 51 32
23991 27 1
23992 42 85
23993 27 0
23994 82 49
23995 0 90
23996 81 56
23997 30 6
23998 63 30
23999 28 79
24000 63 29
24001 85 50
24002 79 58
24003 42 2
24004 46 53
24005 27 1
24006 27 0
24007 29 79
24008 30 31
24009 42 70
24010 78 74
24011 1 90
24012 28 79
24013 82 56
24014 30 30
24015 0 90
24016 42 75
24017 42 74
24018 31 6
24019 74 8
24020 27 1
24021 41 70
24022 30 6
24023 30 31
24024 79 57
24025 79 54
24026 30 30
24027 83 49
24028 63 30
24029 1 90
24030 64 36
24031 45 53
24032 29 79
24033 46 53
24034 45 53
24035 42 75
24036 0 90
24037 42 1
24038 46 74
24039 77 74
24040 44 90
24041 85 49
24042 51 85
24043 28 79
24044 52 85
24045 64 1
24046 30 31
24047 42 74
24048 42 2
24049 1 90
24050 46 53
24051 89 72
24052 75 8
24053 63 36
24054 85 50
24055 42 84
24056 79 58
24057 64 2
24058 82 49
24059 42 75
24060 79 57
24061 45 53
24062 64 1
24063 64 36
24064 83 49
24065 51 31
24066 42 85
24067 78 54
24068 78 74
24069 89 73
24070 74 8
24071 0 90
24072 29 79
24073 42 1
24074 42 74
24075 79 58
24076 42 84
24077 75 8
24078 30 30
24079 51 32
24080 46 73
24081 42 75
24082 31 6
24083 45 90
24084 1 90
24085 85 49
24086 85 50
24087 30 6
24088 85 49
24089 42 70
24090 46 74
24091 79 54
24092 28 79
24093 42 85
24094 81 56
24095 63 29
24096 51 31
24097 89 72
24098 27 0
24099 79 57
24100 63 36
24101 42 84
24102 74 8
24103 79 58
24104 51 85
24105 89 73
24106 46 53
24107 29 79
24108 28 79
24109 27 1
24110 85 50
24111 82 49
24112 0 90
24113 42 85
24114 1 90
24115 44 90
24116 85 49
24117 64 2
24118 85 50
24119 42 74
24120 89 72
24121 64 1
24122 52 85
24123 46 73
24124 46 74
24125 82 56
24126 75 8
24127 46 73
24128 85 49
24129 29 79
24130 42 84
24131 30 31
24132 63 30
24133 30 30
24134 79 57
24135 74 8
24136 78 54
24137 85 50
24138 27 0
24139 0 90
24140 64 2
24141 45 90
24142 1 90
24143 42 75
24144 0 90
24145 27 1
24146 79 58
24147 41 70
24148 42 70
24149 30 31
24150 44 90
24151 41 70
24152 45 90
24153 44 90
24154 45 90
24155 79 57
24156 89 73
24157 44 90
24158 27 0
24159 83 49
24160 45 53
24161 77 74
24162 45 90
24163 42 2
24164 46 53
24165 81 56
24166 89 72
24167 75 8
24168 74 8
24169 75 8
24170 63 29
24171 82 56
24172 42 70
24173 74 8
24174 30 30
24175 42 85
24176 79 58
24177 63 30
24178 27 1
24179 82 49
24180 27 0
24181 51 32
24182 46 74
24183 31 6
24184 27 1
24185 75 8
24186 64 36
24187 30 6
24188 45 53
24189 85 49
24190 42 74
24191 78 74
24192 81 56
24193 51 31
24194 51 32
24195 79 57
24196 31 6
24197 30 6
24198 30 31
24199 85 50
24200 79 54
24201 42 75
24202 30 30
24203 64 1
24204 79 58
24205 46 53
24206 30 31
24207 82 56
24208 83 49
24209 28 79
24210 64 2
24211 74 8
24212 42 74
24213 42 1
24214 63 36
24215 31 6
24216 78 54
24217 42 2
24218 44 90
24219 63 29
24220 63 30
24221 51 85
24222 27 0
24223 45 53
24224 1 90
24225 85 49
24226 64 36
24227 63 29
24228 82 49
24229 42 84
24230 0 90
24231 27 1
24232 81 56
24233 42 1
24234 46 53
24235 64 1
24236 30 30
24237 42 2
24238 77 74
24239 79 57
24240 78 74
24241 42 75
24242 42 1
24243 52 85
24244 45 90
24245 1 90
24246 0 90
24247 83 49
24248 30 6
24249 64 2
24250 85 50
24251 79 54
24252 45 53
24253 46 53
24254 42 74
24255 77 74
24256 75 8
24257 31 6
24258 41 70
24259 79 58
24260 45 53
24261 51 31
24262 82 56
24263 51 32
24264 89 73
24265 63 36
24266 42 85
24267 51 85
24268 89 72
24269 78 54
24270 82 49
24271 81 56
24272 30 6
24273 52 85
24274 46 53
24275 78 74
24276 27 0
24277 51 31
24278 85 49
24279 79 57
24280 79 58
24281 64 1
24282 51 32
24283 74 8
24284 42 70
24285 85 50
24286 64 36
24287 44 90
24288 77 74
24289 41 70
24290 83 49
24291 79 57
24292 42 84
24293 1 90
24294 63 36
24295 79 54
24296 27 1
24297 78 74
24298 30 31
24299 42 75
24300 85 49
24301 82 56
24302 82 49
24303 75 8
24304 42 85
24305 42 74
24306 42 2
24307 64 36
24308 89 73
24309 45 53
24310 51 85
24311 89 72
24312 85 50
24313 46 73
24314 74 8
24315 81 56
24316 75 8
24317 42 70
24318 42 84
24319 42 75
24320 85 49
24321 85 50
24322 74 8
24323 75 8
24324 89 73
24325 63 36
24326 74 8
24327 30 30
24328 0 90
24329 29 79
24330 45 90
24331 46 53
24332 41 70
24333 63 30
24334 27 0
24335 75 8
24336 77 74
24337 64 2
24338 74 8
24339 63 29
24340 31 6
24341 79 58
24342 30 6
24343 30 31
24344 52 85
24345 42 1
24346 75 8
24347 1 90
24348 78 54
24349 31 6
24350 79 54
24351 64 1
24352 30 6
24353 42 70
24354 51 31
24355 85 49
24356 85 50
24357 42 74
24358 44 90
24359 89 72
24360 45 90
24361 46 74
24362 85 49
24363 44 90
24364 46 73
24365 64 36
24366 78 74
24367 41 70
24368 42 75
24369 42 74
24370 0 90
24371 42 2
24372 89 73
24373 74 8
24374 51 32
24375 63 36
24376 64 2
24377 27 1
24378 89 72
24379 46 74
24380 75 8
24381 42 75
24382 74 8
24383 27 0
24384 30 30
24385 31 6
24386 77 74
24387 45 90
24388 82 56
24389 45 53
24390 46 73
24391 42 1
24392 85 50
24393 46 53
24394 79 57
24395 63 30
24396 44 90
24397 42 74
24398 30 31
24399 42 70
24400 45 90
24401 27 1
24402 41 70
24403 51 85
24404 89 73
24405 83 49
24406 51 31
24407 45 53
24408 89 72
24409 42 70
24410 30 30
24411 79 58
24412 46 53
24413 44 90
24414 42 2
24415 78 54
24416 82 49
24417 78 74
24418 79 57
24419 46 74
24420 64 1
24421 45 90
24422 30 6
24423 79 58
24424 64 2
24425 89 73
24426 89 72
24427 42 85
24428 83 49
24429 41 70
24430 31 6
24431 28 79
24432 79 54
24433 51 32
24434 42 84
24435 81 56
24436 64 36
24437 27 0
24438 30 31
24439 51 31
24440 45 53
24441 51 32
24442 75 8
24443 42 70
24444 30 30
24445 85 49
24446 77 74
24447 74 8
24448 44 90
24449 30 6
24450 63 36
24451 52 85
24452 64 1
24453 82 49
24454 83 49
24455 51 31
24456 51 85
24457 42 85
24458 64 2
24459 31 6
24460 89 73
24461 78 74
24462 64 36
24463 51 32
24464 46 73
24465 41 70
24466 42 75
24467 46 74
24468 30 31
24469 42 74
24470 52 85
24471 42 70
24472 78 54
24473 64 1
24474 79 57
24475 1 90
24476 79 54
24477 30 6
24478 82 56
24479 75 8
24480 77 74
24481 31 6
24482 45 90
24483 81 56
24484 63 36
24485 82 49
24486 0 90
24487 51 31
24488 78 74
24489 44 90
24490 30 30
24491 85 50
24492 89 72
24493 46 73
24494 51 32
24495 1 90
24496 42 1
24497 79 58
24498 78 54
24499 64 36
24500 51 85
24501 46 74
24502 79 54
24503 45 90
24504 46 73
24505 89 73
24506 0 90
24507 74 8
24508 83 49
24509 27 1
24510 30 6
24511 42 2
24512 46 74
24513 77 74
24514 1 90
24515 51 31
24516 63 36
24517 27 0
24518 78 54
24519 42 75
24520 78 74
24521 52 85
24522 63 29
24523 63 30
24524 79 54
24525 29 79
24526 42 1
24527 64 2
24528 82 56
24529 30 31
24530 0 90
24531 77 74
24532 64 1
24533 42 84
24534 46 73
24535 64 2
24536 42 2
24537 85 49
24538 44 90
24539 63 29
24540 51 32
24541 81 56
24542 64 36
24543 64 1
24544 42 74
24545 78 74
24546 1 90
24547 41 70
24548 51 85
24549 42 75
24550 46 53
24551 42 74
24552 52 85
24553 77 74
24554 42 70
24555 63 30
24556 30 30
24557 42 75
24558 46 74
24559 51 31
24560 42 1
24561 63 29
24562 51 32
24563 82 49
24564 42 74
24565 41 70
24566 0 90
24567 83 49
24568 27 1
24569 45 53
24570 79 57
24571 46 73
24572 42 85
24573 63 30
24574 42 84
24575 51 85
24576 63 29
24577 28 79
24578 42 75
24579 85 50
24580 75 8
24581 42 70
24582 79 58
24583 46 53
24584 1 90
24585 89 72
24586 45 53
24587 63 30
24588 82 49
24589 0 90
24590 63 36
24591 85 49
24592 45 90
24593 78 74
24594 64 2
24595 89 73
24596 77 74
24597 29 79
24598 82 56
24599 27 0
24600 63 29
24601 46 74
24602 46 53
24603 1 90
24604 78 74
24605 64 36
24606 27 1
24607 89 72
24608 44 90
24609 28 79
24610 79 57
24611 77 74
24612 30 31
24613 79 58
24614 46 73
24615 0 90
24616 52 85
24617 89 73
24618 45 53
24619 29 79
24620 78 74
24621 46 74
24622 81 56
24623 41 70
24624 42 74
24625 46 53
24626 82 56
24627 45 53
24628 83 49
24629 89 72
24630 1 90
24631 42 70
24632 27 0
24633 31 6
24634 42 85
24635 51 31
24636 0 90
24637 1 90
24638 89 73
24639 42 2
24640 28 79
24641 85 50
24642 27 1
24643 63 30
24644 82 49
24645 63 29
24646 63 30
24647 27 0
24648 45 90
24649 63 29
24650 79 57
24651 42 1
24652 44 90
24653 81 56
24654 42 2
24655 46 73
24656 42 75
24657 85 49
24658 42 84
24659 78 54
24660 79 54
24661 27 1
24662 42 74
24663 51 85
24664 51 32
24665 78 54
24666 64 1
24667 85 50
24668 30 6
24669 79 58
24670 85 49
24671 29 79
24672 31 6
24673 63 30
24674 89 72
24675 27 0
24676 85 50
24677 45 90
24678 79 57
24679 82 56
24680 42 85
24681 30 30
24682 89 73
24683 30 31
24684 85 49
24685 89 72
24686 85 50
24687 27 1
24688 0 90
24689 30 6
24690 27 0
24691 63 36
24692 31 6
24693 30 30
24694 74 8
24695 44 90
24696 51 31
24697 28 79
24698 46 74
24699 77 74
24700 42 84
24701 29 79
24702 52 85
24703 75 8
24704 46 73
24705 51 32
24706 64 2
24707 51 85
24708 45 90
24709 42 75
24710 41 70
24711 28 79
24712 52 85
24713 42 85
24714 29 79
24715 63 29
24716 64 36
24717 74 8
24718 30 31
24719 46 53
24720 1 90
24721 51 85
24722 30 6
24723 42 84
24724 27 1
24725 42 85
24726 27 0
24727 46 74
24728 79 54
24729 78 54
24730 75 8
24731 42 70
24732 85 49
24733 0 90
24734 41 70
24735 81 56
24736 64 1
24737 45 53
24738 44 90
24739 45 90
24740 74 8
24741 42 74
24742 51 31
24743 30 30
24744 75 8
24745 79 58
24746 42 84
24747 64 2
24748 30 31
24749 27 1
24750 42 1
24751 1 90
24752 31 6
24753 64 1
24754 30 30
24755 51 32
24756 42 2
24757 74 8
24758 42 75
24759 89 73
24760 82 56
24761 85 50
24762 46 53
24763 42 74
24764 28 79
24765 42 85
24766 85 49
24767 63 30
24768 30 31
24769 83 49
24770 42 84
24771 75 8
24772 79 54
24773 63 36
24774 78 74
24775 27 0
24776 27 1
24777 42 1
24778 81 56
24779 64 2
24780 42 70
24781 77 74
24782 78 54
24783 42 85
24784 64 1
24785 42 2
24786 30 6
24787 0 90
24788 29 79
24789 1 90
24790 42 75
24791 82 56
24792 31 6
24793 52 85
24794 79 54
24795 51 85
24796 30 6
24797 0 90
24798 42 84
24799 82 49
24800 1 90
24801 28 79
24802 42 74
24803 64 36
24804 83 49
24805 42 75
24806 31 6
24807 27 0
24808 63 29
24809 45 53
24810 63 36
24811 44 90
24812 79 57
24813 51 31
24814 27 1
24815 82 49
24816 46 53
24817 42 1
24818 63 30
24819 79 58
24820 0 90
24821 42 2
24822 89 72
24823 1 90
24824 83 49
24825 79 57
24826 52 85
24827 64 2
24828 42 85
24829 45 53
24830 51 32
24831 30 6
24832 79 58
24833 78 54
24834 45 90
24835 64 1
24836 64 2
24837 51 85
24838 42 1
24839 27 0
24840 82 49
24841 78 74
24842 64 1
24843 44 90
24844 31 6
24845 0 90
24846 30 30
24847 77 74
24848 85 50
24849 63 29
24850 42 2
24851 30 6
24852 78 74
24853 41 70
24854 63 30
24855 42 84
24856 89 73
24857 30 31
24858 45 90
24859 42 74
24860 31 6
24861 46 73
24862 64 2
24863 79 57
24864 77 74
24865 79 58
24866 27 1
24867 85 49
24868 78 74
24869 46 74
24870 42 70
24871 89 72
24872 42 1
24873 85 50
24874 74 8
24875 81 56
24876 64 1
24877 42 85
24878 79 54
24879 64 36
24880 44 90
24881 1 90
24882 63 29
24883 78 54
24884 0 90
24885 42 2
24886 89 73
24887 42 84
24888 46 73
24889 51 31
24890 46 74
24891 77 74
24892 89 72
24893 79 57
24894 46 53
24895 29 79
24896 45 90
24897 75 8
24898 78 74
24899 74 8
24900 42 1
24901 28 79
24902 42 2
24903 79 58
24904 79 54
24905 44 90
24906 63 36
24907 30 6
24908 42 75
24909 42 74
24910 51 32
24911 41 70
24912 45 90
24913 45 53
24914 63 30
24915 46 53
24916 63 29
24917 77 74
24918 27 0
24919 63 30
24920 27 1
24921 42 70
24922 29 79
24923 27 0
24924 63 29
24925 1 90
24926 83 49
24927 27 1
24928 31 6
24929 78 74
24930 30 30
24931 0 90
24932 75 8
24933 42 1
24934 77 74
24935 45 53
24936 64 2
24937 52 85
24938 44 90
24939 89 73
24940 64 36
24941 78 54
24942 27 0
24943 79 54
24944 46 73
24945 46 53
24946 78 54
24947 82 49
24948 42 75
24949 41 70
24950 79 54
24951 27 1
24952 78 54
24953 89 72
24954 79 57
24955 79 54
24956 83 49
24957 46 74
24958 51 31
24959 82 56
24960 51 32
24961 51 85
24962 42 2
24963 30 31
24964 63 36
24965 78 74
24966 45 53
24967 85 49
24968 30 6
24969 30 30
24970 64 1
24971 51 31
24972 46 53
24973 77 74
24974 89 73
24975 64 36
24976 1 90
24977 42 85
24978 89 72
24979 82 49
24980 46 73
24981 27 0
24982 30 31
24983 63 30
24984 63 36
24985 27 1
24986 81 56
24987 89 73
24988 51 32
24989 78 74
24990 42 84
24991 52 85
24992 27 0
24993 45 53
24994 83 49
24995 30 30
24996 85 50
24997 42 70
24998 63 29
24999 45 90
25000 74 8
25001 46 53
25002 64 36
25003 51 31
25004 85 49
25005 63 36
25006 82 49
25007 31 6
25008 30 31
25009 42 1
25010 64 2
25011 75 8
25012 42 85
25013 0 90
25014 30 30
25015 45 53
25016 51 85
25017 74 8
25018 1 90
25019 89 72
25020 85 50
25021 83 49
25022 42 84
25023 44 90
25024 77 74
25025 82 49
25026 42 2
25027 75 8
25028 79 58
25029 27 1
25030 30 31
25031 89 73
25032 63 30
25033 42 1
25034 42 2
25035 63 29
25036 45 90
25037 52 85
25038 46 53
25039 79 57
25040 0 90
25041 82 56
25042 51 32
25043 89 72
25044 30 30
25045 42 74
25046 30 31
25047 64 36
25048 42 75
25049 81 56
25050 85 49
25051 78 54
25052 74 8
25053 82 56
25054 42 74
25055 79 54
25056 42 75
25057 89 73
25058 30 30
25059 78 74
25060 42 85
25061 51 31
25062 79 58
25063 41 70
25064 1 90
25065 78 54
25066 77 74
25067 78 74
25068 64 1
25069 42 74
25070 28 79
25071 30 6
25072 30 31
25073 27 0
25074 89 72
25075 44 90
25076 89 73
25077 85 50
25078 63 30
25079 29 79
25080 0 90
25081 42 84
25082 83 49
25083 51 85
25084 30 30
25085 42 75
25086 77 74
25087 42 85
25088 27 1
25089 42 1
25090 63 36
25091 30 31
25092 28 79
25093 42 74
25094 51 32
25095 52 85
25096 79 54
25097 81 56
25098 63 29
25099 64 2
25100 51 85
25101 78 74
25102 29 79
25103 27 0
25104 79 57
25105 31 6
25106 51 31
25107 27 1
25108 42 70
25109 30 6
25110 42 84
25111 78 54
25112 30 30
25113 41 70
25114 42 85
25115 82 56
25116 85 49
25117 28 79
25118 51 32
25119 89 72
25120 42 84
25121 46 74
25122 42 75
25123 42 85
25124 75 8
25125 1 90
25126 42 70
25127 46 73
25128 27 0
25129 74 8
25130 52 85
25131 42 74
25132 79 58
25133 75 8
25134 81 56
25135 64 36
25136 82 56
25137 79 54
25138 64 1
25139 51 31
25140 0 90
25141 27 1
25142 85 50
25143 79 57
25144 30 31
25145 31 6
25146 42 84
25147 30 30
25148 27 0
25149 42 85
25150 77 74
25151 81 56
25152 78 74
25153 63 30
25154 42 2
25155 79 58
25156 82 56
25157 79 57
25158 45 90
25159 85 49
25160 27 1
25161 42 75
25162 74 8
25163 89 73
25164 77 74
25165 46 74
25166 1 90
25167 44 90
25168 30 6
25169 31 6
25170 45 53
25171 85 50
25172 51 32
25173 51 85
25174 27 0
25175 52 85
25176 42 84
25177 46 53
25178 42 74
25179 30 31
25180 30 6
25181 75 8
25182 79 58
25183 29 79
25184 85 49
25185 51 85
25186 63 29
25187 45 90
25188 63 30
25189 42 1
25190 41 70
25191 63 36
25192 30 30
25193 30 31
25194 0 90
25195 78 54
25196 64 36
25197 31 6
25198 42 75
25199 42 85
25200 28 79
25201 85 50
25202 89 72
25203 74 8
25204 42 84
25205 42 85
25206 79 54
25207 63 29
25208 42 84
25209 63 30
25210 75 8
25211 64 2
25212 51 31
25213 1 90
25214 89 73
25215 78 74
25216 51 32
25217 77 74
25218 44 90
25219 51 31
25220 30 30
25221 85 49
25222 63 29
25223 52 85
25224 78 74
25225 42 70
25226 63 30
25227 51 32
25228 63 36
25229 46 73
25230 64 1
25231 74 8
25232 82 49
25233 75 8
25234 45 90
25235 46 74
25236 41 70
25237 0 90
25238 79 57
25239 42 2
25240 45 53
25241 51 85
25242 51 31
25243 78 54
25244 89 72
25245 79 54
25246 77 74
25247 85 50
25248 42 85
25249 46 73
25250 30 6
25251 42 70
25252 85 49
25253 78 74
25254 78 54
25255 42 1
25256 64 2
25257 1 90
25258 42 84
25259 30 31
25260 85 50
25261 31 6
25262 0 90
25263 44 90
25264 89 73
25265 81 56
25266 77 74
25267 51 32
25268 83 49
25269 82 56
25270 52 85
25271 42 85
25272 89 72
25273 79 54
25274 85 49
25275 64 36
25276 79 58
25277 63 29
25278 82 49
25279 30 6
25280 29 79
25281 46 74
25282 27 1
25283 30 30
25284 89 73
25285 83 49
25286 46 53
25287 31 6
25288 78 74
25289 30 31
25290 41 70
25291 82 49
25292 30 30
25293 45 53
25294 42 84
25295 79 57
25296 78 54
25297 45 90
25298 63 30
25299 27 0
25300 46 73
25301 63 29
25302 63 30
25303 79 54
25304 85 50
25305 81 56
25306 64 1
25307 42 70
25308 83 49
25309 64 2
25310 82 56
25311 30 31
25312 63 29
25313 30 30
25314 46 53
25315 30 6
25316 45 53
25317 28 79
25318 42 2
25319 29 79
25320 74 8
25321 75 8
25322 31 6
25323 44 90
25324 45 90
25325 64 1
25326 64 2
25327 30 6
25328 89 72
25329 81 56
25330 63 30
25331 78 54
25332 77 74
25333 44 90
25334 46 53
25335 51 85
25336 82 49
25337 30 31
25338 45 90
25339 31 6
25340 63 36
25341 42 1
25342 85 49
25343 83 49
25344 28 79
25345 45 53
25346 79 58
25347 79 57
25348 74 8
25349 29 79
25350 82 49
25351 52 85
25352 63 29
25353 30 30
25354 79 58
25355 42 2
25356 30 31
25357 27 1
25358 1 90
25359 78 74
25360 51 31
25361 51 85
25362 51 32
25363 79 54
25364 64 36
25365 63 36
25366 63 30
25367 42 85
25368 0 90
25369 51 31
25370 46 74
25371 52 85
25372 51 32
25373 27 0
25374 51 31
25375 83 49
25376 30 30
25377 64 1
25378 82 49
25379 77 74
25380 42 74
25381 63 29
25382 63 30
25383 46 73
25384 51 85
25385 42 1
25386 78 54
25387 63 29
25388 46 53
25389 75 8
25390 78 74
25391 79 54
25392 77 74
25393 45 53
25394 52 85
25395 64 36
25396 46 53
25397 89 73
25398 51 32
25399 30 31
25400 83 49
25401 46 74
25402 63 36
25403 46 73
25404 41 70
25405 85 50
25406 27 1
25407 42 84
25408 42 75
25409 30 6
25410 78 54
25411 31 6
25412 28 79
25413 42 2
25414 44 90
25415 63 30
25416 45 90
25417 42 1
25418 46 74
25419 1 90
25420 29 79
25421 85 49
25422 64 36
25423 51 31
25424 45 53
25425 28 79
25426 51 85
25427 42 74
25428 42 75
25429 52 85
25430 46 53
25431 27 0
25432 74 8
25433 78 74
25434 42 85
25435 51 85
25436 89 72
25437 45 53
25438 42 2
25439 77 74
25440 64 2
25441 46 53
25442 52 85
25443 51 85
25444 82 56
25445 27 1
25446 30 6
25447 44 90
25448 79 54
25449 89 73
25450 78 74
25451 31 6
25452 42 1
25453 52 85
25454 51 85
25455 64 1
25456 45 53
25457 27 0
25458 0 90
25459 81 56
25460 42 2
25461 64 2
25462 45 90
25463 64 1
25464 75 8
25465 85 50
25466 82 56
25467 85 49
25468 64 2
25469 1 90
25470 51 32
25471 42 1
25472 52 85
25473 51 31
25474 42 74
25475 0 90
25476 27 1
25477 89 72
25478 42 75
25479 46 73
25480 42 74
25481 1 90
25482 42 84
25483 79 57
25484 82 49
25485 27 0
25486 46 53
25487 63 36
25488 85 50
25489 27 1
25490 51 32
25491 79 58
25492 51 85
25493 27 0
25494 77 74
25495 30 6
25496 44 90
25497 0 90
25498 83 49
25499 81 56
25500 42 85
25501 1 90
25502 52 85
25503 42 2
25504 82 56
25505 42 1
25506 51 31
25507 45 90
25508 51 32
25509 82 49
25510 79 57
25511 27 1
25512 63 29
25513 83 49
25514 29 79
25515 45 53
25516 78 74
25517 42 70
25518 42 84
25519 78 54
25520 44 90
25521 28 79
25522 77 74
25523 41 70
25524 42 70
25525 42 85
25526 29 79
25527 64 1
25528 0 90
25529 78 74
25530 28 79
25531 85 49
25532 81 56
25533 64 2
25534 77 74
25535 51 31
25536 46 53
25537 79 54
25538 46 74
25539 78 54
25540 29 79
25541 42 2
25542 79 54
25543 27 0
25544 82 49
25545 41 70
25546 42 75
25547 42 70
25548 85 50
25549 79 58
25550 42 1
25551 63 30
25552 45 53
25553 78 54
25554 42 74
25555 28 79
25556 51 85
25557 42 2
25558 79 57
25559 45 90
25560 27 1
25561 29 79
25562 82 56
25563 27 0
25564 85 49
25565 42 1
25566 42 75
25567 89 73
25568 1 90
25569 46 53
25570 83 49
25571 79 54
25572 30 30
25573 27 1
25574 42 84
25575 78 54
25576 78 74
25577 81 56
25578 41 70
25579 45 53
25580 82 56
25581 27 0
25582 46 73
25583 63 29
25584 77 74
25585 79 54
25586 78 54
25587 27 1
25588 30 31
25589 46 74
25590 42 74
25591 78 74
25592 42 75
25593 82 49
25594 89 72
25595 44 90
25596 28 79
25597 79 54
25598 30 30
25599 29 79
25600 42 85
25601 51 32
25602 28 79
25603 42 2
25604 42 70
25605 74 8
25606 45 90
25607 46 53
25608 42 74
25609 42 1
25610 85 50
25611 27 0
25612 45 53
25613 42 2
25614 75 8
25615 42 75
25616 52 85
25617 79 58
25618 78 54
25619 30 31
25620 79 57
25621 29 79
25622 41 70
25623 81 56
25624 42 74
25625 42 1
25626 77 74
25627 27 1
25628 46 73
25629 82 56
25630 46 74
25631 42 70
25632 79 54
25633 51 85
25634 46 73
25635 27 0
25636 30 30
25637 46 53
25638 85 49
25639 74 8
25640 27 1
25641 45 53
25642 41 70
25643 52 85
25644 42 70
25645 42 75
25646 78 54
25647 46 53
25648 83 49
25649 30 31
25650 79 58
25651 64 36
25652 30 30
25653 41 70
25654 75 8
25655 79 54
25656 89 73
25657 51 31
25658 0 90
25659 51 32
25660 44 90
25661 64 1
25662 27 0
25663 63 30
25664 42 74
25665 45 53
25666 30 31
25667 74 8
25668 46 53
25669 51 31
25670 78 54
25671 1 90
25672 42 84
25673 63 36
25674 79 54
25675 75 8
25676 42 75
25677 78 74
25678 51 32
25679 27 1
25680 78 54
25681 63 29
25682 82 49
25683 79 57
25684 42 2
25685 27 0
25686 42 70
25687 42 1
25688 85 50
25689 79 54
25690 74 8
25691 64 2
25692 85 49
25693 83 49
25694 42 2
25695 75 8
25696 82 49
25697 0 90
25698 41 70
25699 28 79
25700 29 79
25701 28 79
25702 29 79
25703 46 74
25704 31 6
25705 46 73
25706 45 90
25707 78 54
25708 28 79
25709 85 50
25710 42 1
25711 89 72
25712 64 36
25713 29 79
25714 27 1
25715 45 53
25716 27 0
25717 79 54
25718 44 90
25719 89 73
25720 42 85
25721 1 90
25722 77 74
25723 42 2
25724 78 74
25725 74 8
25726 42 70
25727 63 36
25728 51 85
25729 79 58
25730 45 90
25731 30 30
25732 27 1
25733 79 57
25734 79 58
25735 44 90
25736 46 74
25737 83 49
25738 64 1
25739 42 84
25740 81 56
25741 46 53
25742 46 73
25743 42 74
25744 82 49
25745 30 6
25746 85 49
25747 78 54
25748 64 36
25749 51 31
25750 63 36
25751 77 74
25752 63 30
25753 75 8
25754 30 31
25755 46 74
25756 63 29
25757 45 90
25758 64 2
25759 46 73
25760 83 49
25761 31 6
25762 30 30
25763 0 90
25764 27 0
25765 42 1
25766 64 36
25767 63 30
25768 28 79
25769 29 79
25770 30 31
25771 30 30
25772 82 49
25773 63 36
25774 42 75
25775 1 90
25776 30 31
25777 85 50
25778 89 72
25779 85 49
25780 42 85
25781 83 49
25782 82 49
25783 42 74
25784 89 73
25785 44 90
25786 79 54
25787 42 75
25788 30 6
25789 27 1
25790 85 50
25791 78 54
25792 28 79
25793 63 29
25794 0 90
25795 1 90
25796 31 6
25797 74 8
25798 45 90
25799 30 30
25800 83 49
25801 42 2
25802 30 31
25803 82 49
25804 41 70
25805 30 30
25806 42 70
25807 30 6
25808 52 85
25809 63 30
25810 30 31
25811 29 79
25812 46 74
25813 51 32
25814 79 57
25815 83 49
25816 0 90
25817 28 79
25818 44 90
25819 29 79
25820 63 29
25821 64 36
25822 30 30
25823 42 74
25824 64 1
25825 79 54
25826 51 85
25827 85 49
25828 85 50
25829 52 85
25830 28 79
25831 46 73
25832 41 70
25833 82 49
25834 1 90
25835 45 53
25836 75 8
25837 42 75
25838 51 31
25839 51 32
25840 74 8
25841 0 90
25842 63 30
25843 64 2
25844 42 70
25845 63 36
25846 30 31
25847 89 72
25848 42 74
25849 75 8
25850 42 1
25851 29 79
25852 83 49
25853 74 8
25854 82 56
25855 64 1
25856 51 85
25857 81 56
25858 28 79
25859 29 79
25860 1 90
25861 41 70
25862 42 84
25863 27 0
25864 82 56
25865 31 6
25866 0 90
25867 82 49
25868 79 58
25869 75 8
25870 89 73
25871 46 53
25872 27 1
25873 85 49
25874 42 70
25875 1 90
25876 78 54
25877 28 79
25878 63 29
25879 89 72
25880 42 75
25881 83 49
25882 30 6
25883 79 57
25884 63 30
25885 29 79
25886 79 54
25887 51 31
25888 82 49
25889 51 32
25890 41 70
25891 83 49
25892 64 36
25893 42 70
25894 82 49
25895 78 54
25896 78 74
25897 77 74
25898 83 49
25899 31 6
25900 30 30
25901 85 50
25902 42 85
25903 46 74
25904 27 0
25905 42 2
25906 85 49
25907 63 36
25908 81 56
25909 41 70
25910 42 74
25911 82 56
25912 81 56
25913 85 50
25914 42 75
25915 45 90
25916 64 2
25917 28 79
25918 30 6
25919 74 8
25920 82 56
25921 31 6
25922 27 1
25923 79 58
25924 78 74
25925 45 53
25926 0 90
25927 42 1
25928 79 57
25929 75 8
25930 79 54
25931 27 0
25932 64 36
25933 46 53
25934 52 85
25935 27 1
25936 79 58
25937 82 49
25938 89 73
25939 63 36
25940 51 85
25941 83 49
25942 29 79
25943 81 56
25944 45 53
25945 85 49
25946 1 90
25947 78 54
25948 64 36
25949 63 29
25950 79 54
25951 52 85
25952 82 49
25953 30 6
25954 46 73
25955 28 79
25956 42 84
25957 63 36
25958 42 74
25959 42 85
25960 83 49
25961 30 31
25962 42 2
25963 82 49
25964 44 90
25965 51 85
25966 42 84
25967 51 31
25968 83 49
25969 52 85
25970 29 79
25971 74 8
25972 78 54
25973 45 90
25974 42 70
25975 63 30
25976 46 53
25977 42 1
25978 42 85
25979 51 32
25980 63 29
25981 51 85
25982 30 30
25983 41 70
25984 79 57
25985 27 0
25986 45 53
25987 30 31
25988 75 8
25989 28 79
25990 27 1
25991 30 30
25992 74 8
25993 27 0
25994 79 58
25995 42 2
25996 42 84
25997 29 79
25998 0 90
25999 82 56
26000 52 85
26001 79 54
26002 51 85
26003 89 72
26004 42 1
26005 77 74
26006 85 50
26007 31 6
26008 44 90
26009 79 57
26010 46 53
26011 64 36
26012 42 70
26013 41 70
26014 85 49
26015 52 85
26016 42 75
26017 78 54
26018 42 85
26019 27 1
26020 75 8
26021 45 53
26022 30 31
26023 1 90
26024 42 2
26025 79 58
26026 82 49
26027 85 50
26028 81 56
26029 82 56
26030 42 74
26031 51 85
26032 42 84
26033 79 57
26034 0 90
26035 28 79
26036 89 73
26037 30 6
26038 27 0
26039 46 53
26040 42 70
26041 63 30
26042 51 31
26043 42 75
26044 63 29
26045 63 36
26046 1 90
26047 31 6
26048 64 36
26049 64 1
26050 42 1
26051 30 30
26052 45 90
26053 44 90
26054 45 90
26055 27 1
26056 79 54
26057 29 79
26058 42 2
26059 30 31
26060 85 49
26061 28 79
26062 46 74
26063 30 30
26064 79 58
26065 51 32
26066 30 31
26067 42 1
26068 42 74
26069 83 49
26070 63 36
26071 82 49
26072 81 56
26073 30 30
26074 27 0
26075 64 2
26076 44 90
26077 78 54
26078 64 1
26079 79 54
26080 85 50
26081 27 1
26082 82 56
26083 85 49
26084 83 49
26085 81 56
26086 30 31
26087 52 85
26088 64 36
26089 51 85
26090 63 30
26091 42 2
26092 63 36
26093 42 85
26094 89 72
26095 42 1
26096 42 2
26097 45 90
26098 0 90
26099 52 85
26100 27 0
26101 89 73
26102 78 54
26103 51 31
26104 30 30
26105 30 31
26106 89 72
26107 30 6
26108 89 73
26109 51 32
26110 82 56
26111 1 90
26112 46 73
26113 64 2
26114 64 36
26115 30 30
26116 42 84
26117 79 57
26118 78 74
26119 41 70
26120 42 85
26121 81 56
26122 29 79
26123 85 50
26124 46 74
26125 42 75
26126 63 36
26127 79 58
26128 77 74
26129 64 1
26130 51 31
26131 78 74
26132 27 1
26133 44 90
26134 30 31
26135 64 2
26136 42 1
26137 42 70
26138 51 32
26139 89 72
26140 0 90
26141 77 74
26142 51 31
26143 30 30
26144 51 85
26145 27 0
26146 42 84
26147 64 36
26148 63 29
26149 79 57
26150 63 30
26151 64 1
26152 82 49
26153 63 29
26154 64 2
26155 45 53
26156 79 58
26157 78 74
26158 42 2
26159 89 73
26160 85 49
26161 28 79
26162 46 73
26163 46 74
26164 46 73
26165 51 32
26166 46 53
26167 45 53
26168 27 1
26169 42 74
26170 79 54
26171 77 74
26172 82 56
26173 30 31
26174 51 31
26175 63 36
26176 51 32
26177 42 85
26178 81 56
26179 29 79
26180 85 50
26181 82 56
26182 74 8
26183 41 70
26184 1 90
26185 51 31
26186 63 30
26187 81 56
26188 42 84
26189 78 74
26190 27 0
26191 46 74
26192 83 49
26193 42 75
26194 42 74
26195 30 30
26196 82 56
26197 51 32
26198 64 1
26199 89 72
26200 28 79
26201 45 90
26202 29 79
26203 0 90
26204 46 73
26205 78 54
26206 44 90
26207 31 6
26208 30 6
26209 51 31
26210 85 49
26211 42 75
26212 85 50
26213 1 90
26214 79 54
26215 89 73
26216 42 85
26217 52 85
26218 0 90
26219 75 8
26220 46 74
26221 82 49
26222 64 36
26223 42 84
26224 81 56
26225 31 6
26226 42 74
26227 82 56
26228 81 56
26229 77 74
26230 30 6
26231 51 85
26232 42 70
26233 45 90
26234 42 1
26235 42 85
26236 30 31
26237 63 36
26238 1 90
26239 42 84
26240 42 75
26241 64 36
26242 83 49
26243 82 49
26244 83 49
26245 42 2
26246 79 57
26247 78 74
26248 30 30
26249 44 90
26250 82 49
26251 64 2
26252 42 74
26253 89 72
26254 30 31
26255 52 85
26256 74 8
26257 30 30
26258 42 75
26259 51 32
26260 45 90
26261 89 73
26262 31 6
26263 28 79
26264 63 36
26265 51 31
26266 51 85
26267 77 74
26268 42 85
26269 78 74
26270 83 49
26271 46 53
26272 42 1
26273 77 74
26274 63 29
26275 42 84
26276 78 54
26277 30 31
26278 41 70
26279 64 1
26280 42 74
26281 27 1
26282 29 79
26283 82 56
26284 51 32
26285 52 85
26286 63 30
26287 75 8
26288 51 85
26289 46 73
26290 64 36
26291 44 90
26292 45 90
26293 51 31
26294 42 75
26295 82 49
26296 42 74
26297 63 36
26298 83 49
26299 85 49
26300 42 70
26301 89 72
26302 63 29
26303 30 6
26304 42 75
26305 81 56
26306 27 0
26307 79 58
26308 28 79
26309 74 8
26310 45 53
26311 46 53
26312 75 8
26313 46 74
26314 42 85
26315 79 57
26316 42 2
26317 79 58
26318 44 90
26319 30 30
26320 30 31
26321 85 50
26322 31 6
26323 79 54
26324 42 84
26325 0 90
26326 45 90
26327 52 85
26328 63 30
26329 44 90
26330 1 90
26331 45 53
26332 29 79
26333 85 49
26334 46 73
26335 46 53
26336 30 6
26337 85 50
26338 78 74
26339 74 8
26340 79 57
26341 77 74
26342 45 53
26343 79 58
26344 51 32
26345 85 49
26346 51 85
26347 52 85
26348 27 1
26349 42 85
26350 63 29
26351 51 31
26352 64 36
26353 27 0
26354 82 56
26355 79 57
26356 46 53
26357 89 73
26358 51 85
26359 41 70
26360 78 54
26361 81 56
26362 89 72
26363 45 90
26364 45 53
26365 42 74
26366 42 1
26367 42 84
26368 85 50
26369 64 2
26370 64 1
26371 42 2
26372 44 90
26373 63 30
26374 27 1
26375 42 85
26376 82 49
26377 85 49
26378 27 0
26379 46 53
26380 63 36
26381 89 73
26382 64 36
26383 27 1
26384 45 53
26385 46 74
26386 45 90
26387 42 84
26388 0 90
26389 79 54
26390 31 6
26391 78 54
26392 30 30
26393 28 79
26394 44 90
26395 89 72
26396 42 85
26397 83 49
26398 46 53
26399 46 73
26400 30 6
26401 27 0
26402 31 6
26403 85 50
26404 42 75
26405 64 2
26406 30 31
26407 30 30
26408 63 36
26409 64 1
26410 52 85
26411 75 8
26412 63 29
26413 78 74
26414 30 6
26415 31 6
26416 29 79
26417 45 90
26418 77 74
26419 79 58
26420 63 30
26421 42 70
26422 82 56
26423 45 53
26424 82 49
26425 41 70
26426 42 70
26427 79 54
26428 89 73
26429 81 56
26430 30 6
26431 30 31
26432 74 8
26433 79 57
26434 85 49
26435 42 84
26436 51 85
26437 46 53
26438 63 29
26439 79 58
26440 30 30
26441 85 50
26442 42 85
26443 30 31
26444 83 49
26445 28 79
26446 64 2
26447 63 30
26448 44 90
26449 46 74
26450 78 54
26451 45 90
26452 82 49
26453 63 29
26454 42 74
26455 63 30
26456 1 90
26457 29 79
26458 30 30
26459 42 84
26460 79 54
26461 78 54
26462 78 74
26463 42 85
26464 63 29
26465 30 31
26466 79 57
26467 79 58
26468 27 1
26469 64 36
26470 46 73
26471 45 53
26472 41 70
26473 27 0
26474 42 1
26475 89 72
26476 44 90
26477 77 74
26478 42 84
26479 42 70
26480 64 1
26481 46 74
26482 42 85
26483 89 73
26484 42 2
26485 63 36
26486 79 57
26487 27 1
26488 41 70
26489 51 32
26490 27 0
26491 42 75
26492 85 49
26493 82 56
26494 64 36
26495 45 90
26496 42 84
26497 75 8
26498 63 30
26499 42 70
26500 81 56
26501 51 31
26502 63 29
26503 30 30
26504 30 31
26505 85 50
26506 64 2
26507 31 6
26508 28 79
26509 51 32
26510 63 36
26511 82 56
26512 41 70
26513 64 36
26514 81 56
26515 42 1
26516 85 49
26517 82 56
26518 30 6
26519 27 1
26520 46 53
26521 46 73
26522 64 1
26523 44 90
26524 42 2
26525 29 79
26526 27 0
26527 45 90
26528 64 2
26529 89 72
26530 51 31
26531 79 54
26532 64 1
26533 45 53
26534 79 58
26535 0 90
26536 1 90
26537 81 56
26538 31 6
26539 42 85
26540 52 85
26541 51 85
26542 42 1
26543 74 8
26544 63 36
26545 51 32
26546 44 90
26547 52 85
26548 78 74
26549 89 73
26550 46 53
26551 27 1
26552 46 74
26553 30 6
26554 63 30
26555 64 2
26556 42 84
26557 83 49
26558 27 0
26559 45 90
26560 42 74
26561 42 85
26562 0 90
26563 64 36
26564 42 70
26565 82 56
26566 51 31
26567 44 90
26568 64 1
26569 51 85
26570 79 57
26571 63 36
26572 75 8
26573 77 74
26574 82 49
26575 1 90
26576 78 54
26577 64 2
26578 79 54
26579 42 2
26580 64 36
26581 45 53
26582 30 30
26583 28 79
26584 46 53
26585 42 84
26586 52 85
26587 0 90
26588 29 79
26589 81 56
26590 74 8
26591 28 79
26592 63 36
26593 41 70
26594 78 74
26595 45 90
26596 51 32
26597 64 36
26598 44 90
26599 77 74
26600 82 56
26601 64 1
26602 29 79
26603 51 31
26604 81 56
26605 45 53
26606 78 54
26607 85 50
26608 46 53
26609 42 85
26610 42 84
26611 31 6
26612 46 73
26613 79 58
26614 85 49
26615 28 79
26616 42 1
26617 83 49
26618 75 8
26619 29 79
26620 42 75
26621 74 8
26622 42 74
26623 42 70
26624 75 8
26625 63 29
26626 46 74
26627 30 6
26628 64 2
26629 78 74
26630 51 85
26631 74 8
26632 52 85
26633 51 85
26634 42 75
26635 45 53
26636 31 6
26637 79 54
26638 30 6
26639 89 72
26640 46 53
26641 28 79
26642 41 70
26643 51 32
26644 63 36
26645 27 1
26646 79 57
26647 64 1
26648 42 85
26649 29 79
26650 42 2
26651 42 74
26652 46 73
26653 52 85
26654 31 6
26655 82 56
26656 78 54
26657 45 53
26658 42 75
26659 79 58
26660 1 90
26661 42 70
26662 28 79
26663 79 54
26664 77 74
26665 41 70
26666 78 54
26667 89 73
26668 27 0
26669 42 70
26670 63 30
26671 51 31
26672 27 1
26673 30 6
26674 31 6
26675 29 79
26676 42 84
26677 46 53
26678 51 32
26679 63 29
26680 82 49
26681 85 50
26682 42 1
26683 89 72
26684 79 54
26685 42 85
26686 79 57
26687 41 70
26688 89 73
26689 30 31
26690 75 8
26691 42 74
26692 27 0
26693 51 31
26694 51 32
26695 83 49
26696 79 58
26697 42 84
26698 51 31
26699 78 54
26700 42 2
26701 51 85
26702 0 90
26703 42 1
26704 45 53
26705 42 85
26706 30 6
26707 85 49
26708 45 90
26709 46 74
26710 30 30
26711 46 73
26712 89 72
26713 44 90
26714 28 79
26715 42 70
26716 42 75
26717 42 84
26718 63 30
26719 42 74
26720 81 56
26721 41 70
26722 89 73
26723 42 85
26724 51 32
26725 79 54
26726 27 1
26727 46 74
26728 78 54
26729 79 57
26730 63 29
26731 79 58
26732 52 85
26733 82 56
26734 30 31
26735 42 75
26736 42 2
26737 64 36
26738 27 0
26739 79 57
26740 81 56
26741 79 54
26742 63 36
26743 46 53
26744 42 1
26745 46 73
26746 79 58
26747 64 2
26748 74 8
26749 1 90
26750 27 1
26751 63 30
26752 46 74
26753 45 90
26754 75 8
26755 51 31
26756 74 8
26757 63 29
26758 45 53
26759 42 2
26760 78 74
26761 42 74
26762 42 1
26763 44 90
26764 64 1
26765 89 72
26766 31 6
26767 30 30
26768 45 90
26769 64 36
26770 0 90
26771 64 2
26772 63 30
26773 42 70
26774 42 75
26775 64 1
26776 30 6
26777 64 2
26778 29 79
26779 63 36
26780 64 36
26781 63 29
26782 42 84
26783 41 70
26784 1 90
26785 82 49
26786 44 90
26787 46 73
26788 28 79
26789 63 30
26790 63 36
26791 29 79
26792 82 56
26793 85 50
26794 0 90
26795 28 79
26796 31 6
26797 77 74
26798 45 90
26799 30 6
26800 89 73
26801 42 2
26802 79 57
26803 51 85
26804 81 56
26805 51 32
26806 63 29
26807 42 74
26808 46 74
26809 85 49
26810 42 75
26811 78 54
26812 79 54
26813 64 1
26814 64 2
26815 51 31
26816 30 31
26817 27 0
26818 78 54
26819 42 1
26820 1 90
26821 64 1
26822 89 72
26823 64 36
26824 82 56
26825 27 1
26826 42 85
26827 46 73
26828 29 79
26829 75 8
26830 81 56
26831 27 0
26832 42 2
26833 31 6
26834 82 56
26835 46 74
26836 42 1
26837 81 56
26838 51 32
26839 30 30
26840 0 90
26841 28 79
26842 85 50
26843 46 53
26844 42 2
26845 78 74
26846 30 6
26847 30 31
26848 46 73
26849 31 6
26850 52 85
26851 64 2
26852 85 49
26853 42 1
26854 85 50
26855 30 6
26856 63 30
26857 42 2
26858 51 85
26859 30 30
26860 77 74
26861 74 8
26862 82 56
26863 79 58
26864 52 85
26865 51 31
26866 29 79
26867 31 6
26868 30 6
26869 51 32
26870 79 57
26871 44 90
26872 81 56
26873 85 49
26874 30 31
26875 42 1
26876 42 84
26877 46 74
26878 63 36
26879 51 85
26880 78 74
26881 79 58
26882 63 29
26883 46 73
26884 1 90
26885 28 79
26886 52 85
26887 42 2
26888 27 1
26889 46 74
26890 64 36
26891 79 54
26892 29 79
26893 85 50
26894 42 85
26895 42 70
26896 63 30
26897 64 1
26898 82 56
26899 30 30
26900 42 74
26901 41 70
26902 79 57
26903 63 36
26904 75 8
26905 51 85
26906 89 73
26907 77 74
26908 30 31
26909 30 30
26910 81 56
26911 45 90
26912 64 36
26913 44 90
26914 63 29
26915 51 31
26916 78 74
26917 63 36
26918 27 0
26919 77 74
26920 27 1
26921 52 85
26922 42 1
26923 46 73
26924 30 31
26925 89 72
26926 42 70
26927 74 8
26928 63 30
26929 63 29
26930 31 6
26931 63 30
26932 78 54
26933 46 74
26934 45 53
26935 78 74
26936 0 90
26937 75 8
26938 28 79
26939 30 30
26940 64 2
26941 42 2
26942 42 75
26943 79 54
26944 78 54
26945 79 54
26946 64 1
26947 1 90
26948 46 73
26949 42 1
26950 27 0
26951 27 1
26952 83 49
26953 64 36
26954 42 84
26955 63 36
26956 27 0
26957 51 32
26958 63 29
26959 45 90
26960 44 90
26961 78 54
26962 64 2
26963 51 85
26964 74 8
26965 89 73
26966 63 30
26967 27 1
26968 41 70
26969 42 70
26970 46 53
26971 82 56
26972 79 54
26973 42 74
26974 52 85
26975 0 90
26976 45 53
26977 64 1
26978 42 85
26979 42 2
26980 46 53
26981 78 54
26982 51 31
26983 77 74
26984 29 79
26985 42 84
26986 30 31
26987 28 79
26988 89 72
26989 29 79
26990 51 85
26991 1 90
26992 64 2
26993 78 74
26994 51 32
26995 51 31
26996 52 85
26997 63 29
26998 30 6
26999 77 74
27000 79 54
27001 45 90
27002 63 30
27003 30 30
27004 64 36
27005 89 73
27006 63 36
27007 41 70
27008 51 85
27009 42 70
27010 51 32
27011 44 90
27012 85 49
27013 41 70
27014 63 29
27015 45 53
27016 52 85
27017 79 58
27018 42 1
27019 42 70
27020 78 74
27021 0 90
27022 75 8
27023 63 30
27024 51 85
27025 28 79
27026 45 90
27027 63 29
27028 64 36
27029 46 74
27030 46 73
27031 42 85
27032 85 50
27033 30 31
27034 27 0
27035 30 30
27036 77 74
27037 79 57
27038 42 2
27039 29 79
27040 64 1
27041 63 30
27042 44 90
27043 78 74
27044 89 72
27045 42 84
27046 64 2
27047 77 74
27048 78 74
27049 46 53
27050 42 75
27051 27 1
27052 45 90
27053 63 36
27054 82 49
27055 51 31
27056 64 36
27057 27 0
27058 77 74
27059 78 74
27060 44 90
27061 42 1
27062 42 85
27063 42 74
27064 63 36
27065 41 70
27066 46 74
27067 89 73
27068 79 58
27069 42 84
27070 81 56
27071 85 49
27072 1 90
27073 64 1
27074 42 70
27075 27 1
27076 82 56
27077 89 72
27078 27 0
27079 64 36
27080 0 90
27081 27 1
27082 45 90
27083 64 2
27084 85 50
27085 79 57
27086 28 79
27087 78 54
27088 51 32
27089 85 49
27090 79 54
27091 83 49
27092 29 79
27093 64 1
27094 79 58
27095 52 85
27096 64 2
27097 78 54
27098 51 85
27099 79 57
27100 51 31
27101 31 6
27102 89 73
27103 64 1
27104 82 49
27105 77 74
27106 64 2
27107 46 73
27108 41 70
27109 83 49
27110 79 58
27111 63 36
27112 82 49
27113 83 49
27114 1 90
27115 64 36
27116 46 74
27117 85 50
27118 42 70
27119 82 49
27120 51 32
27121 42 85
27122 78 74
27123 63 36
27124 63 29
27125 46 73
27126 30 6
27127 63 30
27128 74 8
27129 64 1
27130 52 85
27131 85 49
27132 51 85
27133 83 49
27134 45 53
27135 28 79
27136 42 84
27137 79 54
27138 30 31
27139 51 31
27140 78 54
27141 46 74
27142 52 85
27143 81 56
27144 82 49
27145 31 6
27146 44 90
27147 30 30
27148 0 90
27149 46 53
27150 64 2
27151 64 36
27152 83 49
27153 64 1
27154 85 50
27155 41 70
27156 42 85
27157 1 90
27158 45 53
27159 64 2
27160 42 84
27161 30 6
27162 79 57
27163 63 29
27164 51 85
27165 46 53
27166 64 1
27167 77 74
27168 46 73
27169 42 85
27170 82 49
27171 51 32
27172 52 85
27173 63 30
27174 45 53
27175 30 31
27176 79 58
27177 45 90
27178 78 74
27179 63 36
27180 44 90
27181 64 36
27182 75 8
27183 82 56
27184 79 54
27185 79 57
27186 27 0
27187 42 2
27188 78 54
27189 63 29
27190 45 90
27191 85 49
27192 63 36
27193 29 79
27194 46 53
27195 89 72
27196 85 50
27197 77 74
27198 51 31
27199 45 53
27200 78 74
27201 64 36
27202 64 2
27203 63 36
27204 44 90
27205 28 79
27206 42 1
27207 51 85
27208 83 49
27209 79 58
27210 77 74
27211 42 84
27212 74 8
27213 85 49
27214 0 90
27215 79 54
27216 75 8
27217 30 30
27218 52 85
27219 30 31
27220 64 36
27221 46 53
27222 42 85
27223 45 90
27224 29 79
27225 82 49
27226 30 30
27227 31 6
27228 81 56
27229 78 74
27230 46 74
27231 30 31
27232 63 36
27233 74 8
27234 30 30
27235 42 75
27236 83 49
27237 64 36
27238 30 6
27239 1 90
27240 45 53
27241 44 90
27242 46 73
27243 75 8
27244 42 70
27245 79 57
27246 46 74
27247 41 70
27248 27 1
27249 46 53
27250 51 32
27251 64 1
27252 0 90
27253 42 84
27254 63 36
27255 42 74
27256 82 56
27257 51 85
27258 45 90
27259 46 73
27260 27 0
27261 82 49
27262 52 85
27263 27 1
27264 63 30
27265 51 31
27266 42 2
27267 46 74
27268 45 53
27269 51 85
27270 63 29
27271 46 53
27272 83 49
27273 42 75
27274 63 30
27275 42 70
27276 46 73
27277 31 6
27278 78 54
27279 46 74
27280 1 90
27281 81 56
27282 42 74
27283 85 50
27284 64 2
27285 74 8
27286 0 90
27287 64 36
27288 44 90
27289 82 56
27290 79 58
27291 63 29
27292 42 75
27293 27 0
27294 46 73
27295 27 1
27296 27 0
27297 1 90
27298 51 32
27299 52 85
27300 46 74
27301 42 85
27302 85 49
27303 0 90
27304 27 1
27305 42 74
27306 45 90
27307 41 70
27308 46 73
27309 42 70
27310 64 1
27311 82 49
27312 89 73
27313 77 74
27314 46 74
27315 42 1
27316 41 70
27317 1 90
27318 44 90
27319 83 49
27320 0 90
27321 89 72
27322 45 53
27323 79 57
27324 89 73
27325 27 0
27326 46 53
27327 46 73
27328 46 74
27329 30 31
27330 63 36
27331 79 58
27332 64 2
27333 42 2
27334 51 31
27335 89 72
27336 1 90
27337 28 79
27338 45 53
27339 51 32
27340 45 90
27341 64 36
27342 42 84
27343 81 56
27344 42 75
27345 27 1
27346 75 8
27347 82 49
27348 0 90
27349 74 8
27350 79 57
27351 63 36
27352 78 74
27353 29 79
27354 77 74
27355 42 85
27356 64 1
27357 30 6
27358 83 49
27359 1 90
27360 64 2
27361 63 30
27362 30 30
27363 30 31
27364 51 85
27365 64 1
27366 42 74
27367 42 70
27368 89 73
27369 82 56
27370 63 29
27371 89 72
27372 79 58
27373 51 31
27374 81 56
27375 44 90
27376 31 6
27377 42 1
27378 75 8
27379 46 73
27380 78 74
27381 79 57
27382 63 30
27383 51 32
27384 28 79
27385 79 58
27386 63 29
27387 42 75
27388 30 6
27389 0 90
27390 82 56
27391 81 56
27392 89 73
27393 1 90
27394 41 70
27395 79 54
27396 42 2
27397 46 74
27398 42 1
27399 27 0
27400 42 74
27401 64 36
27402 0 90
27403 1 90
27404 85 50
27405 30 30
27406 0 90
27407 29 79
27408 42 84
27409 46 53
27410 77 74
27411 85 49
27412 82 49
27413 79 57
27414 46 73
27415 31 6
27416 85 50
27417 64 2
27418 63 36
27419 42 85
27420 74 8
27421 85 49
27422 46 74
27423 30 31
27424 42 70
27425 30 6
27426 41 70
27427 31 6
27428 51 31
27429 46 73
27430 28 79
27431 45 53
27432 42 75
27433 51 32
27434 78 74
27435 63 30
27436 85 50
27437 77 74
27438 64 1
27439 30 30
27440 85 49
27441 83 49
27442 75 8
27443 89 72
27444 30 31
27445 78 74
27446 82 56
27447 64 36
27448 42 70
27449 42 84
27450 52 85
27451 89 73
27452 63 36
27453 85 50
27454 42 85
27455 81 56
27456 42 2
27457 89 72
27458 74 8
27459 79 58
27460 30 6
27461 51 31
27462 51 32
27463 77 74
27464 79 57
27465 63 29
27466 79 58
27467 63 30
27468 41 70
27469 42 84
27470 89 73
27471 42 74
27472 51 31
27473 82 49
27474 64 36
27475 83 49
27476 89 72
27477 42 70
27478 64 2
27479 64 1
27480 82 56
27481 1 90
27482 41 70
27483 42 85
27484 85 49
27485 51 32
27486 78 74
27487 77 74
27488 85 50
27489 85 49
27490 75 8
27491 30 30
27492 42 70
27493 79 57
27494 42 84
27495 41 70
27496 64 2
27497 30 31
27498 78 54
27499 82 49
27500 42 75
27501 74 8
27502 46 74
27503 79 54
27504 64 1
27505 46 73
27506 85 50
27507 42 74
27508 45 90
27509 63 36
27510 85 49
27511 51 31
27512 64 2
27513 31 6
27514 44 90
27515 51 85
27516 64 1
27517 78 54
27518 64 2
27519 79 58
27520 42 75
27521 75 8
27522 42 85
27523 29 79
27524 45 90
27525 27 1
27526 81 56
27527 78 74
27528 42 74
27529 82 56
27530 74 8
27531 79 57
27532 79 58
27533 42 84
27534 64 36
27535 75 8
27536 81 56
27537 46 74
27538 46 53
27539 44 90
27540 27 0
27541 77 74
27542 51 32
27543 64 1
27544 74 8
27545 78 74
27546 46 73
27547 64 2
27548 42 85
27549 77 74
27550 75 8
27551 30 6
27552 28 79
27553 42 75
27554 85 50
27555 52 85
27556 0 90
27557 83 49
27558 51 31
27559 51 85
27560 82 56
27561 52 85
27562 81 56
27563 29 79
27564 51 32
27565 42 84
27566 64 1
27567 63 29
27568 79 57
27569 42 70
27570 51 85
27571 42 1
27572 45 90
27573 46 74
27574 42 2
27575 52 85
27576 82 56
27577 74 8
27578 79 58
27579 63 30
27580 75 8
27581 85 49
27582 30 30
27583 85 50
27584 27 1
27585 63 36
27586 51 31
27587 1 90
27588 42 85
27589 51 32
27590 44 90
27591 30 31
27592 85 49
27593 27 0
27594 31 6
27595 79 57
27596 64 36
27597 74 8
27598 51 85
27599 42 84
27600 46 73
27601 85 50
27602 0 90
27603 45 53
27604 63 36
27605 81 56
27606 64 36
27607 63 36
27608 1 90
27609 30 30
27610 28 79
27611 85 49
27612 79 58
27613 30 31
27614 64 2
27615 82 56
27616 64 36
27617 79 57
27618 42 1
27619 81 56
27620 52 85
27621 45 90
27622 85 50
27623 79 58
27624 30 6
27625 41 70
27626 64 1
27627 79 57
27628 79 54
27629 46 74
27630 79 58
27631 75 8
27632 79 57
27633 46 73
27634 46 74
27635 27 1
27636 29 79
27637 42 70
27638 30 30
27639 89 73
27640 44 90
27641 42 85
27642 28 79
27643 78 74
27644 45 90
27645 63 36
27646 0 90
27647 51 85
# colocadas=27648 ocupadas=25 mayor=5889
