0 0 0
1 0 63
2 63 0
3 62 0
4 0 1
5 63 0
6 62 0
7 63 63
8 63 0
9 0 0
10 0 62
11 0 2
12 62 63
13 62 0
14 63 0
15 63 63
16 62 0
17 62 63
18 0 63
19 1 0
20 0 62
21 63 0
22 0 1
23 0 63
24 0 62
25 62 0
26 2 0
27 0 63
28 63 63
29 62 63
30 63 0
31 62 0
32 1 0
33 63 63
34 0 2
35 62 63
36 0 0
37 63 0
38 62 0
39 63 0
40 0 62
41 1 0
42 63 63
43 0 1
44 62 63
45 2 0
46 63 63
47 62 63
48 62 0
49 63 63
50 63 0
51 1 0
52 62 63
53 62 0
54 63 0
55 63 63
56 2 0
57 62 0
58 0 63
59 0 62
60 62 63
61 63 63
62 63 0
63 1 0
64 62 63
65 0 2
66 0 63
67 0 1
68 0 2
69 0 1
70 2 0
71 0 0
72 0 62
73 0 1
74 1 0
75 63 63
76 0 63
77 62 0
78 63 0
79 0 2
80 0 62
81 0 63
82 0 0
83 0 3
84 62 63
85 63 63
86 0 2
87 0 3
88 0 1
89 0 0
90 62 63
91 63 63
92 62 63
93 0 1
94 0 4
95 63 63
96 62 0
97 0 62
98 0 0
99 0 63
100 0 3
101 0 62
102 63 0
103 0 1
104 62 63
105 63 63
106 62 63
107 0 0
108 0 2
109 1 0
110 0 1
111 63 63
112 62 63
113 62 0
114 63 0
115 63 63
116 0 2
117 62 63
118 0 63
119 0 0
120 0 62
121 0 63
122 1 0
123 0 1
124 63 63
125 62 63
126 63 63
127 0 2
128 0 1
129 2 0
130 62 63
131 0 62
132 63 63
133 0 63
134 0 62
135 0 0
136 3 0
137 2 0
138 0 1
139 0 0
140 0 1
141 1 0
142 0 63
143 62 63
144 0 2
145 0 0
146 0 62
147 0 63
148 0 3
149 0 62
150 0 2
151 0 3
152 0 2
153 0 3
154 0 1
155 63 63
156 0 0
157 62 0
158 0 1
159 0 4
160 63 0
161 0 63
162 0 62
163 0 63
164 0 0
165 0 3
166 0 2
167 62 63
168 62 0
169 0 62
170 0 3
171 0 63
172 0 2
173 1 0
174 63 0
175 0 62
176 63 63
177 0 63
178 0 0
179 0 3
180 0 2
181 0 3
182 0 1
183 0 62
184 0 63
185 0 62
186 0 0
187 0 2
188 62 63
189 1 0
190 0 1
191 62 0
192 0 63
193 0 2
194 0 1
195 0 62
196 63 0
197 2 0
198 63 63
199 0 0
200 3 0
201 2 0
202 0 63
203 0 1
204 62 63
205 1 0
206 2 0
207 0 0
208 63 63
209 3 0
210 0 62
211 62 63
212 0 1
213 0 63
214 62 0
215 63 63
216 62 63
217 63 63
218 0 0
219 0 62
220 0 63
221 0 1
222 62 63
223 0 0
224 63 63
225 62 63
226 2 0
227 0 62
228 63 63
229 3 0
230 2 0
231 0 1
232 62 63
233 63 63
234 1 0
235 0 63
236 63 0
237 62 0
238 62 63
239 2 0
240 0 0
241 0 62
242 63 63
243 0 63
244 0 62
245 0 63
246 63 0
247 0 1
248 62 63
249 1 0
250 0 62
251 2 0
252 62 0
253 0 63
254 63 63
255 62 63
256 63 63
257 0 62
258 0 63
259 1 0
260 63 0
261 62 0
262 63 0
263 0 62
264 2 0
265 1 0
266 62 0
267 63 0
268 0 63
269 2 0
270 62 63
271 1 0
272 62 0
273 0 2
274 0 62
275 0 0
276 1 0
277 0 0
278 0 63
279 63 0
280 63 63
281 62 0
282 0 3
283 62 63
284 0 1
285 0 4
286 0 3
287 63 63
288 0 0
289 62 63
290 63 63
291 63 0
292 0 62
293 0 63
294 0 2
295 62 0
296 0 62
297 63 0
298 62 63
299 0 3
300 62 0
301 63 63
302 0 63
303 0 1
304 62 63
305 63 0
306 0 0
307 63 63
308 0 1
309 62 63
310 62 0
311 63 0
312 63 63
313 62 0
314 0 62
315 63 0
316 62 0
317 0 0
318 62 63
319 0 63
320 63 0
321 0 62
322 62 0
323 63 0
324 62 0
325 0 2
326 63 63
327 62 63
328 0 3
329 0 2
330 0 3
331 63 63
332 0 2
333 0 63
334 1 0
335 0 0
336 0 62
337 0 3
338 62 63
339 63 0
340 63 63
341 0 1
342 62 63
343 0 63
344 62 0
345 63 0
346 62 0
347 63 63
348 0 0
349 62 63
350 0 2
351 0 62
352 1 0
353 0 0
354 1 0
355 63 63
356 62 63
357 63 0
358 0 0
359 1 0
360 0 63
361 62 0
362 0 1
363 0 62
364 0 2
365 63 0
366 62 0
367 0 0
368 0 3
369 0 1
370 63 0
371 63 63
372 0 63
373 0 4
374 0 3
375 62 0
376 63 0
377 62 0
378 0 0
379 0 62
380 62 63
381 0 1
382 0 63
383 63 0
384 0 0
385 0 2
386 0 3
387 0 62
388 63 63
389 0 1
390 0 0
391 0 2
392 62 0
393 62 63
394 63 63
395 0 63
396 0 3
397 0 62
398 0 2
399 0 3
400 0 1
401 0 63
402 63 0
403 0 0
404 62 0
405 0 62
406 63 0
407 0 63
408 0 62
409 0 1
410 62 63
411 0 63
412 63 63
413 62 63
414 0 62
415 62 0
416 0 0
417 63 0
418 0 63
419 0 62
420 0 2
421 0 3
422 62 0
423 0 2
424 63 63
425 62 63
426 0 3
427 0 2
428 63 63
429 63 0
430 62 0
431 0 3
432 0 63
433 0 62
434 0 2
435 0 3
436 0 2
437 0 63
438 0 62
439 0 3
440 0 2
441 1 0
442 62 63
443 0 63
444 63 63
445 62 63
446 0 1
447 63 0
448 63 63
449 62 63
450 0 62
451 2 0
452 62 0
453 0 63
454 63 0
455 1 0
456 0 2
457 63 63
458 62 0
459 0 62
460 0 63
461 62 63
462 0 1
463 0 2
464 0 62
465 0 63
466 63 0
467 62 0
468 0 62
469 0 1
470 2 0
471 63 63
472 62 63
473 1 0
474 0 63
475 63 0
476 62 0
477 63 63
478 2 0
479 1 0
480 2 0
481 0 0
482 63 0
483 0 1
484 0 62
485 1 0
486 0 2
487 0 1
488 2 0
489 62 63
490 0 0
491 62 0
492 3 0
493 63 63
494 2 0
495 63 0
496 62 63
497 62 0
498 0 63
499 3 0
500 63 63
501 62 63
502 0 1
503 63 63
504 62 63
505 0 0
506 63 0
507 2 0
508 0 1
509 0 0
510 63 63
511 62 63
512 0 62
513 62 0
514 63 63
515 62 63
516 63 0
517 3 0
518 62 0
519 63 63
520 0 63
521 63 0
522 0 62
523 62 0
524 0 1
525 0 0
526 63 0
527 62 0
528 0 63
529 0 62
530 63 0
531 62 0
532 2 0
533 3 0
534 2 0
535 0 63
536 62 63
537 63 0
538 63 63
539 62 0
540 63 0
541 62 0
542 63 0
543 62 0
544 0 1
545 1 0
546 2 0
547 0 0
548 3 0
549 0 1
550 2 0
551 0 0
552 62 63
553 63 63
554 62 63
555 0 62
556 0 1
557 63 0
558 0 63
559 1 0
560 0 2
561 0 1
562 0 2
563 0 62
564 62 0
565 0 1
566 0 2
567 63 0
568 0 0
569 0 63
570 63 63
571 62 0
572 1 0
573 63 0
574 0 1
575 0 62
576 62 63
577 0 63
578 2 0
579 0 62
580 1 0
581 2 0
582 0 63
583 62 0
584 63 63
585 62 63
586 1 0
587 0 62
588 63 0
589 0 63
590 2 0
591 0 62
592 1 0
593 2 0
594 63 63
595 62 63
596 0 0
597 0 63
598 3 0
599 0 62
600 62 0
601 0 1
602 2 0
603 1 0
604 63 63
605 62 63
606 0 2
607 63 63
608 62 63
609 63 0
610 0 1
611 0 63
612 0 2
613 0 62
614 0 63
615 62 0
616 0 1
617 0 62
618 0 2
619 0 0
620 0 63
621 0 3
622 0 62
623 0 1
624 63 63
625 0 63
626 0 4
627 63 0
628 0 0
629 0 62
630 0 3
631 0 63
632 0 62
633 62 63
634 62 0
635 63 63
636 63 0
637 62 63
638 0 63
639 0 62
640 0 1
641 63 63
642 0 4
643 0 0
644 62 0
645 62 63
646 0 63
647 0 62
648 0 63
649 0 1
650 0 3
651 0 4
652 0 62
653 63 63
654 62 63
655 63 63
656 63 0
657 0 0
658 62 63
659 0 1
660 0 63
661 0 62
662 0 0
663 62 0
664 0 3
665 0 63
666 63 63
667 62 63
668 0 1
669 63 63
670 63 0
671 62 0
672 0 62
673 63 0
674 62 63
675 0 4
676 62 0
677 0 3
678 0 4
679 63 63
680 0 63
681 0 62
682 63 0
683 62 63
684 0 3
685 0 63
686 0 4
687 0 62
688 0 63
689 0 3
690 62 0
691 0 62
692 0 63
693 0 0
694 0 1
695 0 62
696 63 63
697 62 63
698 0 63
699 63 63
700 63 0
701 62 0
702 63 0
703 0 4
704 0 62
705 0 0
706 62 0
707 63 0
708 62 0
709 63 0
710 0 3
711 0 63
712 0 1
713 62 0
714 0 4
715 0 3
716 63 0
717 62 63
718 0 0
719 63 63
720 0 62
721 62 0
722 0 1
723 63 0
724 62 63
725 62 0
726 0 0
727 0 1
728 63 63
729 0 0
730 63 0
731 62 63
732 62 0
733 0 2
734 1 0
735 63 63
736 0 1
737 63 0
738 0 2
739 62 0
740 62 63
741 63 0
742 63 63
743 0 1
744 0 63
745 0 62
746 2 0
747 62 63
748 63 63
749 62 63
750 63 63
751 62 0
752 1 0
753 0 63
754 2 0
755 62 63
756 1 0
757 0 62
758 2 0
759 0 63
760 0 62
761 0 63
762 0 0
763 3 0
764 2 0
765 0 1
766 63 63
767 62 63
768 1 0
769 63 63
770 63 0
771 0 2
772 0 0
773 0 3
774 62 0
775 0 1
776 62 63
777 0 4
778 63 0
779 0 62
780 62 0
781 0 0
782 0 63
783 0 62
784 63 63
785 0 3
786 0 63
787 63 0
788 0 62
789 62 63
790 62 0
791 63 63
792 0 2
793 1 0
794 0 1
795 63 0
796 2 0
797 62 63
798 0 0
799 62 0
800 3 0
801 0 1
802 2 0
803 63 0
804 63 63
805 0 63
806 1 0
807 62 63
808 62 0
809 63 0
810 0 62
811 0 2
812 0 0
813 0 3
814 0 2
815 1 0
816 63 63
817 0 0
818 0 3
819 62 0
820 0 1
821 62 63
822 0 0
823 63 0
824 0 63
825 0 1
826 63 63
827 0 62
828 62 0
829 62 63
830 0 0
831 63 0
832 63 63
833 0 2
834 0 3
835 62 63
836 62 0
837 0 63
838 0 2
839 63 0
840 62 0
841 63 63
842 1 0
843 0 62
844 62 63
845 63 0
846 63 63
847 62 63
848 0 1
849 0 2
850 0 63
851 0 62
852 0 1
853 63 63
854 62 0
855 62 63
856 0 63
857 63 63
858 2 0
859 0 62
860 1 0
861 62 63
862 63 0
863 63 63
864 0 63
865 0 62
866 0 2
867 0 0
868 62 0
869 0 63
870 0 3
871 0 62
872 0 2
873 0 63
874 0 62
875 1 0
876 0 63
877 0 1
878 0 62
879 62 63
880 63 63
881 0 63
882 62 63
883 0 2
884 0 62
885 0 1
886 63 0
887 63 63
888 62 63
889 62 0
890 2 0
891 0 0
892 63 63
893 0 1
894 63 0
895 0 0
896 62 0
897 62 63
898 3 0
899 0 1
900 0 0
901 0 63
902 0 1
903 2 0
904 63 63
905 0 0
906 3 0
907 63 0
908 2 0
909 62 63
910 0 62
911 0 1
912 63 63
913 1 0
914 62 63
915 63 63
916 0 63
917 62 0
918 0 2
919 62 63
920 0 62
921 63 0
922 63 63
923 62 63
924 63 63
925 62 63
926 63 63
927 0 0
928 62 63
929 63 63
930 62 63
931 0 63
932 0 62
933 63 63
934 62 0
935 0 63
936 62 63
937 1 0
938 0 62
939 63 0
940 0 1
941 0 63
942 0 62
943 0 2
944 62 0
945 0 63
946 0 62
947 0 0
948 0 63
949 0 3
950 0 62
951 63 63
952 0 1
953 0 0
954 62 63
955 0 63
956 63 0
957 63 63
958 0 2
959 62 0
960 62 63
961 63 63
962 1 0
963 63 0
964 0 0
965 0 62
966 0 3
967 62 0
968 0 1
969 0 4
970 63 0
971 0 63
972 62 0
973 62 63
974 63 63
975 62 63
976 63 0
977 0 62
978 62 0
979 63 63
980 62 63
981 63 0
982 0 0
983 0 3
984 63 63
985 0 1
986 0 63
987 0 4
988 0 3
989 62 0
990 0 4
991 0 3
992 62 63
993 0 62
994 63 63
995 62 63
996 63 0
997 0 63
998 63 63
999 62 63
1000 0 0
1001 0 1
1002 0 4
1003 63 63
1004 0 3
1005 0 62
1006 0 4
1007 62 63
1008 63 63
1009 0 0
1010 0 1
1011 0 63
1012 0 3
1013 0 0
1014 62 0
1015 0 1
1016 0 62
1017 0 4
1018 63 0
1019 0 0
1020 0 3
1021 0 1
1022 0 4
1023 0 0
1024 0 63
1025 62 0
1026 0 3
1027 0 1
1028 0 62
1029 63 0
1030 62 0
1031 63 0
1032 62 0
1033 0 0
1034 0 1
1035 63 0
1036 62 63
1037 0 63
1038 62 0
1039 0 62
1040 0 63
1041 63 0
1042 0 4
1043 0 0
1044 0 1
1045 63 63
1046 62 63
1047 0 0
1048 0 1
1049 0 0
1050 63 63
1051 0 1
1052 0 62
1053 0 63
1054 0 62
1055 62 0
1056 62 63
1057 63 0
1058 0 0
1059 0 3
1060 62 0
1061 0 2
1062 1 0
1063 0 63
1064 0 62
1065 0 63
1066 0 1
1067 63 0
1068 0 62
1069 0 2
1070 0 63
1071 63 63
1072 0 0
1073 0 3
1074 0 62
1075 0 1
1076 0 0
1077 0 63
1078 0 62
1079 0 1
1080 0 4
1081 62 63
1082 63 63
1083 62 63
1084 62 0
1085 63 63
1086 63 0
1087 62 63
1088 0 0
1089 0 3
1090 0 1
1091 0 0
1092 0 1
1093 0 0
1094 0 63
1095 0 2
1096 0 3
1097 0 1
1098 62 0
1099 63 63
1100 0 0
1101 0 1
1102 63 0
1103 0 4
1104 0 62
1105 62 63
1106 0 0
1107 0 3
1108 0 63
1109 63 63
1110 62 63
1111 62 0
1112 63 0
1113 0 62
1114 0 63
1115 0 1
1116 0 0
1117 0 62
1118 0 63
1119 62 0
1120 0 62
1121 0 63
1122 0 2
1123 63 0
1124 0 62
1125 63 63
1126 62 63
1127 63 63
1128 1 0
1129 0 0
1130 0 3
1131 0 63
1132 62 63
1133 62 0
1134 0 1
1135 0 0
1136 0 1
1137 0 4
1138 63 63
1139 63 0
1140 0 62
1141 0 0
1142 62 0
1143 63 0
1144 62 63
1145 0 1
1146 0 3
1147 0 63
1148 0 0
1149 0 62
1150 62 0
1151 0 1
1152 0 0
1153 0 2
1154 63 63
1155 1 0
1156 63 0
1157 62 63
1158 63 63
1159 62 0
1160 62 63
1161 63 0
1162 0 1
1163 0 63
1164 2 0
1165 1 0
1166 63 63
1167 0 62
1168 62 63
1169 62 0
1170 63 63
1171 0 63
1172 62 63
1173 0 62
1174 0 63
1175 0 2
1176 0 1
1177 63 0
1178 2 0
1179 62 0
1180 63 0
1181 1 0
1182 0 2
1183 0 1
1184 62 0
1185 63 0
1186 2 0
1187 62 0
1188 63 63
1189 62 63
1190 63 63
1191 63 0
1192 0 62
1193 1 0
1194 2 0
1195 62 63
1196 0 0
1197 3 0
1198 0 63
1199 0 62
1200 62 0
1201 63 0
1202 62 0
1203 0 63
1204 0 1
1205 63 0
1206 62 0
1207 63 63
1208 0 62
1209 0 63
1210 62 63
1211 2 0
1212 63 0
1213 0 0
1214 62 0
1215 63 0
1216 0 62
1217 0 63
1218 62 0
1219 63 0
1220 62 0
1221 0 62
1222 0 63
1223 3 0
1224 63 0
1225 62 0
1226 63 0
1227 63 63
1228 62 63
1229 0 62
1230 63 63
1231 62 63
1232 63 63
1233 0 63
1234 62 0
1235 2 0
1236 3 0
1237 2 0
1238 0 1
1239 62 63
1240 0 62
1241 0 0
1242 0 63
1243 63 63
1244 3 0
1245 2 0
1246 63 0
1247 3 0
1248 62 0
1249 62 63
1250 2 0
1251 63 63
1252 63 0
1253 0 62
1254 62 0
1255 0 63
1256 63 0
1257 0 1
1258 1 0
1259 2 0
1260 62 0
1261 62 63
1262 0 62
1263 1 0
1264 2 0
1265 1 0
1266 0 2
1267 63 63
1268 0 0
1269 1 0
1270 62 63
1271 63 63
1272 0 1
1273 2 0
1274 1 0
1275 62 63
1276 0 2
1277 0 0
1278 63 0
1279 1 0
1280 0 0
1281 0 63
1282 62 0
1283 0 3
1284 63 0
1285 0 1
1286 0 4
1287 0 3
1288 63 63
1289 0 4
1290 0 3
1291 0 62
1292 62 0
1293 63 0
1294 0 0
1295 0 63
1296 62 0
1297 63 0
1298 62 63
1299 0 1
1300 0 0
1301 0 1
1302 0 0
1303 62 0
1304 63 63
1305 0 2
1306 62 63
1307 0 3
1308 0 62
1309 0 1
1310 0 63
1311 0 62
1312 63 63
1313 0 0
1314 0 63
1315 0 62
1316 0 1
1317 63 0
1318 0 4
1319 0 0
1320 0 63
1321 62 0
1322 63 0
1323 62 63
1324 0 3
1325 63 63
1326 0 2
1327 62 63
1328 63 63
1329 62 0
1330 62 63
1331 63 0
1332 62 0
1333 0 3
1334 63 63
1335 0 2
1336 0 62
1337 1 0
1338 62 63
1339 0 1
1340 63 0
1341 0 2
1342 62 0
1343 63 63
1344 62 63
1345 63 0
1346 63 63
1347 0 63
1348 62 0
1349 0 62
1350 63 0
1351 62 63
1352 0 63
1353 0 0
1354 62 0
1355 63 63
1356 0 62
1357 63 0
1358 62 63
1359 62 0
1360 0 63
1361 0 3
1362 63 0
1363 0 62
1364 0 63
1365 0 62
1366 0 2
1367 1 0
1368 0 1
1369 62 0
1370 63 63
1371 2 0
1372 62 63
1373 0 63
1374 63 0
1375 0 0
1376 63 63
1377 62 63
1378 0 1
1379 0 62
1380 0 0
1381 63 63
1382 62 63
1383 3 0
1384 0 1
1385 0 0
1386 63 63
1387 0 63
1388 2 0
1389 3 0
1390 2 0
1391 62 63
1392 63 63
1393 0 62
1394 0 63
1395 0 1
1396 0 0
1397 62 0
1398 63 0
1399 62 0
1400 3 0
1401 0 1
1402 63 0
1403 0 62
1404 2 0
1405 1 0
1406 0 2
1407 0 1
1408 0 63
1409 2 0
1410 1 0
1411 62 0
1412 63 0
1413 62 0
1414 0 62
1415 2 0
1416 63 0
1417 62 0
1418 62 63
1419 1 0
1420 63 0
1421 0 63
1422 2 0
1423 0 62
1424 1 0
1425 62 0
1426 2 0
1427 0 63
1428 63 0
1429 62 0
1430 63 0
1431 62 0
1432 0 0
1433 63 0
1434 0 1
1435 63 63
1436 62 0
1437 0 62
1438 0 0
1439 3 0
1440 62 63
1441 0 1
1442 0 0
1443 63 0
1444 0 1
1445 2 0
1446 62 0
1447 0 0
1448 63 63
1449 62 63
1450 63 0
1451 63 63
1452 62 0
1453 63 0
1454 3 0
1455 62 0
1456 0 63
1457 0 62
1458 0 1
1459 0 0
1460 0 63
1461 0 1
1462 63 0
1463 0 62
1464 0 63
1465 2 0
1466 62 63
1467 1 0
1468 0 62
1469 63 63
1470 0 63
1471 62 0
1472 2 0
1473 1 0
1474 0 2
1475 63 0
1476 0 0
1477 62 63
1478 0 62
1479 1 0
1480 0 1
1481 2 0
1482 0 0
1483 3 0
1484 63 63
1485 0 63
1486 0 1
1487 2 0
1488 62 63
1489 63 63
1490 0 0
1491 62 0
1492 62 63
1493 3 0
1494 2 0
1495 3 0
1496 63 63
1497 0 62
1498 0 63
1499 0 62
1500 0 1
1501 63 0
1502 2 0
1503 0 63
1504 0 62
1505 1 0
1506 2 0
1507 1 0
1508 62 63
1509 62 0
1510 63 63
1511 63 0
1512 62 63
1513 2 0
1514 0 0
1515 3 0
1516 63 63
1517 62 63
1518 0 63
1519 62 0
1520 63 63
1521 0 62
1522 62 63
1523 63 0
1524 63 63
1525 62 0
1526 0 1
1527 63 0
1528 2 0
1529 62 63
1530 63 63
1531 0 63
1532 1 0
1533 62 0
1534 63 0
1535 62 63
1536 0 2
1537 63 63
1538 62 63
1539 63 63
1540 62 63
1541 0 0
1542 0 62
1543 0 63
1544 0 3
1545 0 1
1546 63 63
1547 0 0
1548 0 2
1549 62 0
1550 0 3
1551 0 62
1552 0 1
1553 0 4
1554 63 0
1555 0 0
1556 0 3
1557 0 1
1558 0 0
1559 62 63
1560 62 0
1561 0 63
1562 63 63
1563 63 0
1564 62 0
1565 63 0
1566 62 0
1567 0 1
1568 0 4
1569 63 0
1570 0 3
1571 0 4
1572 62 0
1573 62 63
1574 0 62
1575 0 63
1576 63 63
1577 0 0
1578 63 0
1579 62 0
1580 63 0
1581 0 3
1582 0 62
1583 0 63
1584 0 2
1585 0 62
1586 1 0
1587 0 63
1588 0 0
1589 0 62
1590 62 0
1591 0 3
1592 62 63
1593 0 2
1594 0 3
1595 0 2
1596 0 63
1597 63 63
1598 62 63
1599 0 3
1600 0 62
1601 0 1
1602 0 4
1603 63 0
1604 0 0
1605 0 1
1606 0 0
1607 62 0
1608 0 1
1609 0 3
1610 63 63
1611 0 0
1612 63 0
1613 0 63
1614 62 0
1615 0 2
1616 63 0
1617 62 63
1618 0 62
1619 0 63
1620 0 3
1621 62 0
1622 63 0
1623 63 63
1624 62 63
1625 63 63
1626 0 62
1627 62 0
1628 0 63
1629 63 0
1630 62 0
1631 0 1
1632 62 63
1633 63 63
1634 0 62
1635 0 4
1636 63 0
1637 0 63
1638 62 0
1639 0 0
1640 0 3
1641 0 1
1642 63 0
1643 0 0
1644 0 2
1645 62 63
1646 0 3
1647 0 62
1648 63 63
1649 0 1
1650 62 63
1651 0 4
1652 0 63
1653 62 0
1654 0 3
1655 63 0
1656 0 62
1657 62 0
1658 63 63
1659 0 0
1660 0 2
1661 0 63
1662 0 3
1663 62 63
1664 0 1
1665 63 63
1666 63 0
1667 0 62
1668 0 0
1669 0 63
1670 0 1
1671 62 0
1672 0 62
1673 62 63
1674 0 4
1675 0 0
1676 0 1
1677 63 0
1678 63 63
1679 62 0
1680 63 0
1681 0 3
1682 0 0
1683 62 0
1684 0 2
1685 0 3
1686 0 1
1687 0 0
1688 63 0
1689 62 63
1690 0 63
1691 62 0
1692 63 0
1693 0 1
1694 0 62
1695 63 63
1696 62 0
1697 0 63
1698 0 4
1699 0 62
1700 62 63
1701 63 0
1702 63 63
1703 0 3
1704 62 0
1705 62 63
1706 0 4
1707 63 63
1708 0 63
1709 63 0
1710 0 0
1711 62 63
1712 0 1
1713 0 62
1714 0 3
1715 63 63
1716 0 0
1717 0 1
1718 62 0
1719 0 0
1720 0 2
1721 0 63
1722 63 0
1723 0 62
1724 0 63
1725 0 62
1726 0 63
1727 0 3
1728 62 0
1729 63 0
1730 0 1
1731 0 0
1732 0 2
1733 0 3
1734 0 2
1735 62 0
1736 0 62
1737 0 3
1738 62 63
1739 0 1
1740 63 63
1741 0 0
1742 62 63
1743 63 63
1744 0 63
1745 0 2
1746 0 3
1747 0 2
1748 0 3
1749 0 2
1750 62 63
1751 63 63
1752 63 0
1753 0 3
1754 0 62
1755 62 63
1756 0 2
1757 62 0
1758 63 0
1759 0 63
1760 0 62
1761 1 0
1762 63 63
1763 62 63
1764 63 63
1765 0 0
1766 0 63
1767 62 0
1768 63 0
1769 0 3
1770 0 2
1771 0 62
1772 0 63
1773 1 0
1774 0 0
1775 0 62
1776 0 3
1777 62 63
1778 62 0
1779 0 2
1780 0 63
1781 1 0
1782 63 0
1783 0 0
1784 62 0
1785 1 0
1786 0 0
1787 0 62
1788 0 63
1789 63 63
1790 0 3
1791 0 62
1792 62 63
1793 0 2
1794 0 3
1795 0 1
1796 0 0
1797 63 0
1798 0 63
1799 0 2
1800 62 0
1801 63 63
1802 63 0
1803 62 63
1804 62 0
1805 0 62
1806 63 0
1807 63 63
1808 0 63
1809 0 3
1810 62 63
1811 0 2
1812 63 63
1813 62 63
1814 0 62
1815 62 0
1816 0 3
1817 0 1
1818 63 0
1819 62 0
1820 63 0
1821 62 0
1822 0 63
1823 0 4
1824 0 62
1825 0 63
1826 0 62
1827 0 0
1828 0 63
1829 0 62
1830 0 63
1831 0 62
1832 63 63
1833 63 0
1834 0 63
1835 0 62
1836 0 63
1837 0 62
1838 62 0
1839 0 1
1840 0 3
1841 62 63
1842 0 63
1843 63 63
1844 0 4
1845 0 3
1846 0 0
1847 0 62
1848 62 63
1849 63 63
1850 0 1
1851 0 4
1852 0 63
1853 63 0
1854 0 0
1855 62 63
1856 62 0
1857 0 1
1858 0 3
1859 63 0
1860 0 4
1861 0 62
1862 0 3
1863 0 63
1864 63 63
1865 62 63
1866 63 63
1867 0 4
1868 62 0
1869 0 0
1870 63 0
1871 62 0
1872 0 1
1873 0 3
1874 0 4
1875 0 3
1876 62 63
1877 63 0
1878 0 62
1879 0 63
1880 62 0
1881 0 62
1882 0 0
1883 0 2
1884 63 63
1885 62 63
1886 0 63
1887 63 0
1888 0 3
1889 0 1
1890 0 4
1891 63 63
1892 62 63
1893 0 0
1894 0 3
1895 63 63
1896 62 63
1897 0 2
1898 62 0
1899 1 0
1900 0 1
1901 63 63
1902 0 62
1903 2 0
1904 62 63
1905 63 0
1906 0 63
1907 1 0
1908 0 62
1909 63 63
1910 2 0
1911 0 0
1912 3 0
1913 2 0
1914 3 0
1915 0 1
1916 62 0
1917 0 63
1918 0 62
1919 0 0
1920 2 0
1921 63 0
1922 0 63
1923 0 62
1924 0 63
1925 0 62
1926 62 63
1927 63 63
1928 3 0
1929 0 1
1930 0 63
1931 62 0
1932 63 0
1933 0 0
1934 0 62
1935 62 63
1936 62 0
1937 63 0
1938 63 63
1939 2 0
1940 62 0
1941 0 1
1942 1 0
1943 0 63
1944 63 0
1945 62 0
1946 63 0
1947 0 2
1948 62 0
1949 0 0
1950 1 0
1951 0 62
1952 62 63
1953 0 0
1954 63 0
1955 0 3
1956 0 1
1957 0 0
1958 0 63
1959 0 2
1960 0 62
1961 1 0
1962 0 63
1963 0 0
1964 1 0
1965 0 62
1966 0 1
1967 2 0
1968 1 0
1969 63 63
1970 2 0
1971 62 0
1972 1 0
1973 2 0
1974 1 0
1975 62 63
1976 0 2
1977 0 1
1978 63 63
1979 2 0
1980 63 0
1981 62 63
1982 1 0
1983 63 63
1984 62 0
1985 0 63
1986 63 0
1987 62 0
1988 62 63
1989 0 2
1990 0 62
1991 0 0
1992 63 63
1993 0 63
1994 63 0
1995 62 63
1996 63 63
1997 62 63
1998 1 0
1999 0 62
2000 0 1
2001 62 0
2002 2 0
2003 63 0
2004 62 0
2005 0 0
2006 0 63
2007 63 0
2008 62 0
2009 63 0
2010 0 1
2011 63 63
2012 62 0
2013 0 0
2014 63 0
2015 0 62
2016 62 0
2017 62 63
2018 63 0
2019 63 63
2020 62 63
2021 3 0
2022 0 1
2023 62 0
2024 63 0
2025 2 0
2026 63 63
2027 0 0
2028 0 1
2029 62 0
2030 0 63
2031 0 0
2032 63 0
2033 62 0
2034 3 0
2035 2 0
2036 0 62
2037 63 0
2038 3 0
2039 0 63
2040 62 63
2041 0 1
2042 0 0
2043 2 0
2044 63 63
2045 62 0
2046 62 63
2047 3 0
2048 0 62
2049 2 0
2050 63 0
2051 62 0
2052 0 1
2053 1 0
2054 0 63
2055 0 2
2056 63 0
2057 0 0
2058 1 0
2059 0 62
2060 0 1
2061 0 2
2062 63 63
2063 0 63
2064 0 62
2065 0 63
2066 0 0
2067 1 0
2068 0 62
2069 62 0
2070 63 0
2071 0 63
2072 0 0
2073 62 63
2074 63 63
2075 0 3
2076 0 1
2077 0 0
2078 0 2
2079 62 63
2080 1 0
2081 62 0
2082 63 63
2083 0 0
2084 1 0
2085 0 0
2086 62 63
2087 0 62
2088 0 3
2089 0 2
2090 63 0
2091 62 0
2092 1 0
2093 63 0
2094 62 0
2095 0 63
2096 0 0
2097 0 3
2098 0 1
2099 63 0
2100 0 4
2101 63 63
2102 0 3
2103 0 0
2104 62 63
2105 0 1
2106 0 0
2107 0 1
2108 0 62
2109 0 4
2110 63 63
2111 0 0
2112 62 63
2113 62 0
2114 63 0
2115 0 1
2116 63 63
2117 0 63
2118 62 0
2119 63 0
2120 0 0
2121 0 3
2122 0 62
2123 0 63
2124 62 0
2125 62 63
2126 0 1
2127 0 62
2128 63 0
2129 0 4
2130 0 63
2131 0 0
2132 62 0
2133 0 1
2134 63 63
2135 0 0
2136 0 3
2137 0 62
2138 0 1
2139 63 0
2140 62 0
2141 0 4
2142 63 0
2143 62 63
2144 62 0
2145 63 63
2146 0 0
2147 0 1
2148 63 0
2149 62 63
2150 63 63
2151 0 0
2152 0 1
2153 0 3
2154 0 0
2155 62 63
2156 62 0
2157 63 0
2158 0 1
2159 0 0
2160 63 63
2161 0 1
2162 0 4
2163 0 0
2164 0 63
2165 0 62
2166 0 1
2167 0 63
2168 0 62
2169 62 63
2170 62 0
2171 0 63
2172 0 62
2173 0 63
2174 63 0
2175 0 3
2176 0 4
2177 0 3
2178 0 4
2179 0 0
2180 0 3
2181 0 62
2182 0 63
2183 62 0
2184 63 63
2185 0 1
2186 63 0
2187 0 4
2188 0 62
2189 0 0
2190 62 0
2191 62 63
2192 63 0
2193 0 1
2194 62 0
2195 0 63
2196 63 0
2197 0 62
2198 63 63
2199 0 0
2200 62 0
2201 63 0
2202 0 1
2203 62 0
2204 62 63
2205 0 3
2206 0 0
2207 63 63
2208 62 63
2209 63 0
2210 0 63
2211 0 1
2212 62 0
2213 63 63
2214 63 0
2215 0 0
2216 0 1
2217 62 63
2218 0 62
2219 0 63
2220 62 0
2221 0 4
2222 63 0
2223 63 63
2224 62 63
2225 0 0
2226 0 1
2227 0 0
2228 0 3
2229 62 0
2230 0 1
2231 0 4
2232 63 0
2233 0 0
2234 63 63
2235 0 62
2236 0 63
2237 0 3
2238 0 62
2239 62 0
2240 0 2
2241 0 3
2242 62 63
2243 63 0
2244 0 2
2245 0 63
2246 0 3
2247 62 0
2248 0 62
2249 63 63
2250 0 63
2251 0 1
2252 62 63
2253 63 63
2254 0 4
2255 0 0
2256 0 62
2257 63 0
2258 0 63
2259 0 62
2260 62 63
2261 62 0
2262 63 0
2263 63 63
2264 62 0
2265 0 3
2266 63 0
2267 62 0
2268 0 63
2269 63 0
2270 62 63
2271 0 1
2272 0 0
2273 62 0
2274 63 0
2275 0 2
2276 62 0
2277 63 63
2278 0 3
2279 63 0
2280 0 62
2281 0 2
2282 0 63
2283 62 63
2284 0 3
2285 63 63
2286 0 1
2287 0 62
2288 0 0
2289 62 63
2290 62 0
2291 63 63
2292 63 0
2293 62 63
2294 62 0
2295 0 1
2296 0 0
2297 0 1
2298 0 0
2299 0 1
2300 0 0
2301 63 0
2302 63 63
2303 62 0
2304 62 63
2305 63 0
2306 0 63
2307 0 1
2308 62 0
2309 0 62
2310 63 0
2311 0 0
2312 62 0
2313 0 63
2314 0 1
2315 63 63
2316 0 62
2317 62 63
2318 63 63
2319 0 4
2320 0 3
2321 0 4
2322 0 0
2323 0 63
2324 0 1
2325 0 62
2326 0 63
2327 0 0
2328 0 3
2329 0 2
2330 63 0
2331 62 63
2332 0 3
2333 0 1
2334 63 63
2335 0 0
2336 0 1
2337 62 63
2338 0 62
2339 0 63
2340 62 0
2341 0 4
2342 0 0
2343 63 63
2344 0 3
2345 0 62
2346 0 1
2347 62 63
2348 63 0
2349 0 4
2350 0 63
2351 0 0
2352 0 1
2353 63 63
2354 0 3
2355 0 0
2356 0 1
2357 0 4
2358 0 62
2359 62 0
2360 62 63
2361 0 63
2362 0 62
2363 0 3
2364 63 63
2365 0 0
2366 63 0
2367 0 2
2368 62 0
2369 0 63
2370 63 0
2371 1 0
2372 62 0
2373 0 0
2374 62 63
2375 1 0
2376 0 0
2377 63 0
2378 0 3
2379 0 2
2380 0 3
2381 0 1
2382 0 62
2383 62 0
2384 63 0
2385 0 63
2386 0 0
2387 0 1
2388 0 4
2389 0 0
2390 0 3
2391 0 1
2392 62 0
2393 0 62
2394 0 63
2395 0 4
2396 63 63
2397 0 62
2398 0 3
2399 0 63
2400 62 63
2401 63 0
2402 0 4
2403 63 63
2404 0 3
2405 0 0
2406 0 1
2407 0 0
2408 62 0
2409 0 2
2410 62 63
2411 63 63
2412 0 62
2413 0 63
2414 0 3
2415 63 0
2416 0 62
2417 62 63
2418 0 63
2419 62 0
2420 63 0
2421 63 63
2422 62 63
2423 0 1
2424 0 4
2425 0 62
2426 0 63
2427 0 3
2428 62 0
2429 63 63
2430 62 63
2431 0 4
2432 0 0
2433 63 63
2434 63 0
2435 0 3
2436 0 62
2437 0 1
2438 62 0
2439 63 0
2440 62 0
2441 0 4
2442 0 3
2443 63 0
2444 0 4
2445 62 0
2446 0 3
2447 62 63
2448 0 63
2449 0 62
2450 0 4
2451 63 63
2452 0 0
2453 0 3
2454 0 63
2455 62 63
2456 0 2
2457 63 0
2458 0 3
2459 0 62
2460 62 0
2461 63 63
2462 0 63
2463 62 63
2464 63 63
2465 0 2
2466 1 0
2467 63 0
2468 0 0
2469 1 0
2470 0 1
2471 0 62
2472 0 63
2473 0 62
2474 62 0
2475 63 0
2476 0 63
2477 62 63
2478 2 0
2479 62 0
2480 0 62
2481 63 63
2482 62 63
2483 0 63
2484 63 0
2485 62 0
2486 63 0
2487 62 0
2488 1 0
2489 0 2
2490 63 63
2491 0 0
2492 63 0
2493 0 62
2494 62 63
2495 62 0
2496 0 3
2497 63 0
2498 62 0
2499 63 0
2500 62 0
2501 0 1
2502 0 0
2503 63 0
2504 0 2
2505 1 0
2506 63 63
2507 62 63
2508 62 0
2509 0 1
2510 63 0
2511 0 63
2512 0 62
2513 62 0
2514 2 0
2515 63 63
2516 63 0
2517 1 0
2518 62 0
2519 63 0
2520 0 63
2521 0 62
2522 0 63
2523 62 63
2524 63 63
2525 0 2
2526 0 62
2527 62 0
2528 0 63
2529 0 62
2530 0 0
2531 0 3
2532 63 0
2533 0 63
2534 62 0
2535 0 1
2536 0 0
2537 63 0
2538 0 62
2539 0 1
2540 62 63
2541 63 63
2542 0 63
2543 62 0
2544 0 62
2545 63 0
2546 0 0
2547 0 2
2548 0 3
2549 62 63
2550 0 63
2551 0 1
2552 0 62
2553 62 0
2554 0 63
2555 63 63
2556 63 0
2557 62 63
2558 63 63
2559 62 0
2560 0 0
2561 0 2
2562 62 63
2563 1 0
2564 63 63
2565 0 1
2566 0 62
2567 62 63
2568 0 63
2569 63 0
2570 62 0
2571 0 62
2572 63 0
2573 63 63
2574 62 63
2575 62 0
2576 63 0
2577 0 63
2578 2 0
2579 0 0
2580 3 0
2581 0 1
2582 0 62
2583 2 0
2584 62 0
2585 63 0
2586 63 63
2587 0 0
2588 0 1
2589 1 0
2590 62 63
2591 62 0
2592 2 0
2593 63 63
2594 62 63
2595 63 63
2596 1 0
2597 2 0
2598 1 0
2599 62 63
2600 0 63
2601 63 0
2602 0 2
2603 0 0
2604 0 62
2605 63 63
2606 0 3
2607 0 1
2608 0 63
2609 62 63
2610 63 63
2611 0 62
2612 0 4
2613 0 63
2614 62 0
2615 63 0
2616 62 0
2617 63 0
2618 0 3
2619 62 0
2620 0 0
2621 0 2
2622 0 3
2623 63 0
2624 0 1
2625 62 0
2626 0 0
2627 63 0
2628 0 1
2629 0 4
2630 62 0
2631 62 63
2632 63 63
2633 0 0
2634 0 62
2635 0 1
2636 0 0
2637 0 63
2638 0 62
2639 63 0
2640 0 1
2641 62 0
2642 0 63
2643 0 0
2644 62 63
2645 63 0
2646 0 62
2647 0 1
2648 0 63
2649 0 3
2650 0 0
2651 0 1
2652 0 4
2653 62 0
2654 0 0
2655 0 3
2656 63 63
2657 0 1
2658 0 4
2659 0 0
2660 63 0
2661 0 3
2662 62 63
2663 0 62
2664 63 63
2665 62 63
2666 0 2
2667 0 3
2668 62 0
2669 63 63
2670 0 2
2671 1 0
2672 63 0
2673 0 1
2674 0 2
2675 62 63
2676 0 1
2677 2 0
2678 0 0
2679 0 63
2680 0 1
2681 62 0
2682 0 62
2683 1 0
2684 0 63
2685 0 62
2686 0 63
2687 63 0
2688 62 0
2689 63 63
2690 2 0
2691 0 0
2692 0 1
2693 62 63
2694 0 0
2695 63 63
2696 3 0
2697 0 62
2698 0 1
2699 63 0
2700 62 0
2701 2 0
2702 63 0
2703 62 0
2704 62 63
2705 0 63
2706 63 63
2707 62 63
2708 63 0
2709 0 0
2710 62 0
2711 63 0
2712 63 63
2713 3 0
2714 0 62
2715 62 63
2716 62 0
2717 0 63
2718 2 0
2719 0 62
2720 0 63
2721 0 1
2722 1 0
2723 63 0
2724 2 0
2725 0 62
2726 0 63
2727 0 62
2728 0 63
2729 1 0
2730 62 0
2731 63 0
2732 63 63
2733 0 2
2734 0 1
2735 2 0
2736 0 62
2737 62 0
2738 0 0
2739 3 0
2740 63 0
2741 62 0
2742 0 63
2743 0 1
2744 62 63
2745 0 0
2746 63 63
2747 2 0
2748 62 63
2749 0 1
2750 0 0
2751 63 0
2752 62 0
2753 63 63
2754 3 0
2755 63 0
2756 0 62
2757 2 0
2758 3 0
2759 62 0
2760 2 0
2761 62 63
2762 63 63
2763 3 0
2764 2 0
2765 0 1
2766 0 63
2767 0 62
2768 63 0
2769 0 63
2770 0 0
2771 62 0
2772 0 62
2773 0 1
2774 62 63
2775 63 0
2776 0 0
2777 62 0
2778 0 63
2779 63 63
2780 63 0
2781 0 62
2782 0 63
2783 62 63
2784 3 0
2785 0 1
2786 0 62
2787 2 0
2788 62 0
2789 0 63
2790 1 0
2791 63 63
2792 0 62
2793 62 63
2794 0 63
2795 0 62
2796 0 2
2797 0 1
2798 0 63
2799 2 0
2800 63 63
2801 1 0
2802 0 2
2803 63 0
2804 0 62
2805 62 63
2806 0 1
2807 2 0
2808 62 0
2809 63 63
2810 62 63
2811 0 0
2812 0 1
2813 1 0
2814 0 2
2815 0 1
2816 2 0
2817 63 0
2818 0 0
2819 62 0
2820 63 0
2821 62 0
2822 0 1
2823 63 63
2824 62 63
2825 63 63
2826 62 63
2827 0 0
2828 63 63
2829 3 0
2830 63 0
2831 2 0
2832 62 0
2833 0 1
2834 0 63
2835 1 0
2836 63 0
2837 62 0
2838 0 2
2839 0 62
2840 62 63
2841 0 1
2842 0 2
2843 0 0
2844 63 0
2845 62 0
2846 0 63
2847 0 3
2848 63 0
2849 63 63
2850 0 1
2851 0 4
2852 0 62
2853 0 3
2854 62 63
2855 0 0
2856 0 63
2857 62 0
2858 63 63
2859 62 63
2860 63 0
2861 0 2
2862 63 63
2863 1 0
2864 62 0
2865 0 1
2866 0 2
2867 0 62
2868 0 0
2869 1 0
2870 0 1
2871 2 0
2872 0 63
2873 62 63
2874 0 62
2875 0 63
2876 0 0
2877 3 0
2878 63 0
2879 2 0
2880 0 62
2881 3 0
2882 2 0
2883 62 0
2884 63 0
2885 0 1
2886 63 63
2887 1 0
2888 0 2
2889 0 0
2890 62 0
2891 1 0
2892 0 0
2893 1 0
2894 0 1
2895 2 0
2896 0 63
2897 63 0
2898 62 63
2899 1 0
2900 0 62
2901 62 0
2902 2 0
2903 63 0
2904 1 0
2905 63 63
2906 0 63
2907 2 0
2908 62 63
2909 62 0
2910 63 63
2911 63 0
2912 62 63
2913 63 63
2914 0 0
2915 0 1
2916 1 0
2917 2 0
2918 62 63
2919 63 63
2920 62 63
2921 0 62
2922 62 0
2923 63 63
2924 0 63
2925 63 0
2926 1 0
2927 0 2
2928 0 1
2929 62 0
2930 63 0
2931 0 2
2932 0 62
2933 62 0
2934 0 0
2935 0 63
2936 1 0
2937 0 62
2938 0 63
2939 63 0
2940 0 62
2941 0 63
2942 62 0
2943 0 62
2944 62 63
2945 0 1
2946 2 0
2947 1 0
2948 63 0
2949 0 63
2950 62 0
2951 2 0
2952 0 0
2953 63 0
2954 62 0
2955 63 63
2956 63 0
2957 0 1
2958 62 0
2959 63 0
2960 62 63
2961 62 0
2962 63 63
2963 1 0
2964 0 62
2965 62 63
2966 2 0
2967 63 0
2968 1 0
2969 0 63
2970 62 0
2971 2 0
2972 63 0
2973 63 63
2974 0 0
2975 3 0
2976 0 62
2977 0 1
2978 0 0
2979 0 63
2980 2 0
2981 3 0
2982 0 62
2983 2 0
2984 62 0
2985 62 63
2986 0 1
2987 63 63
2988 0 63
2989 63 0
2990 62 0
2991 1 0
2992 2 0
2993 0 62
2994 0 0
2995 63 0
2996 0 63
2997 62 63
2998 63 63
2999 62 63
3000 3 0
3001 0 1
3002 0 62
3003 63 63
3004 0 63
3005 0 0
3006 62 0
3007 0 1
3008 63 0
3009 0 62
3010 62 0
3011 62 63
3012 0 0
3013 63 0
3014 0 63
3015 0 62
3016 0 1
3017 0 63
3018 2 0
3019 0 62
3020 1 0
3021 0 2
3022 62 0
3023 63 0
3024 0 0
3025 1 0
3026 0 0
3027 0 63
3028 0 3
3029 0 1
3030 0 62
3031 0 63
3032 0 4
3033 0 0
3034 0 62
3035 63 63
3036 0 63
3037 0 62
3038 0 63
3039 62 63
3040 0 1
3041 0 62
3042 0 3
3043 62 0
3044 0 63
3045 0 0
3046 0 62
3047 0 63
3048 0 1
3049 63 0
3050 0 0
3051 62 0
3052 63 63
3053 62 63
3054 0 2
3055 0 3
3056 0 1
3057 63 0
3058 0 4
3059 63 63
3060 62 0
3061 0 0
3062 0 3
3063 0 62
3064 62 63
3065 0 63
3066 63 63
3067 62 63
3068 63 63
3069 0 1
3070 0 0
3071 0 62
3072 0 1
3073 62 63
3074 0 63
3075 0 4
3076 63 0
3077 0 0
3078 63 63
3079 62 63
3080 0 3
3081 0 62
3082 0 2
3083 63 63
3084 62 63
3085 1 0
3086 63 63
3087 0 0
3088 1 0
3089 0 0
3090 0 3
3091 62 0
3092 63 0
3093 0 1
3094 62 0
3095 0 0
3096 63 0
3097 0 63
3098 62 63
3099 62 0
3100 0 2
3101 63 0
3102 62 0
3103 63 0
3104 0 3
3105 63 63
3106 0 2
3107 62 63
3108 1 0
3109 62 0
3110 0 62
3111 0 1
3112 63 63
3113 62 63
3114 2 0
3115 1 0
3116 63 0
3117 0 63
3118 0 62
3119 0 63
3120 62 0
3121 0 2
3122 0 1
3123 0 62
3124 0 2
3125 0 0
3126 1 0
3127 0 0
3128 63 0
3129 62 0
3130 1 0
3131 63 63
3132 63 0
3133 62 63
3134 0 1
3135 2 0
3136 0 63
3137 1 0
3138 0 2
3139 63 63
3140 62 0
3141 63 0
3142 62 0
3143 62 63
3144 63 63
3145 0 1
3146 2 0
3147 1 0
3148 2 0
3149 63 0
3150 1 0
3151 62 63
3152 62 0
3153 0 2
3154 63 0
3155 0 1
3156 62 0
3157 2 0
3158 1 0
3159 63 63
3160 0 2
3161 0 1
3162 62 63
3163 2 0
3164 0 0
3165 0 1
3166 63 63
3167 1 0
3168 62 63
3169 0 2
3170 0 1
3171 0 62
3172 0 2
3173 63 63
3174 63 0
3175 62 63
3176 0 63
3177 62 0
3178 0 62
3179 0 0
3180 63 63
3181 62 63
3182 1 0
3183 0 0
3184 0 3
3185 63 63
3186 62 63
3187 63 63
3188 0 1
3189 0 63
3190 0 62
3191 62 63
3192 63 63
3193 62 63
3194 63 63
3195 63 0
3196 62 63
3197 63 63
3198 62 63
3199 0 63
3200 0 4
3201 0 3
3202 0 0
3203 63 63
3204 0 62
3205 62 63
3206 62 0
3207 0 1
3208 63 63
3209 63 0
3210 0 63
3211 0 62
3212 0 63
3213 0 62
3214 0 4
3215 0 0
3216 0 63
3217 62 0
3218 62 63
3219 0 3
3220 0 1
3221 63 63
3222 62 63
3223 0 0
3224 0 2
3225 0 3
3226 0 2
3227 63 63
3228 0 62
3229 1 0
3230 62 63
3231 0 0
3232 0 63
3233 0 62
3234 1 0
3235 0 1
3236 0 2
3237 63 63
3238 62 63
3239 0 0
3240 63 0
3241 62 0
3242 63 63
3243 0 3
3244 62 63
3245 63 63
3246 62 63
3247 63 0
3248 0 2
3249 62 0
3250 63 63
3251 0 63
3252 0 62
3253 1 0
3254 0 0
3255 62 63
3256 0 3
3257 0 63
3258 63 63
3259 0 2
3260 63 0
3261 0 62
3262 0 3
3263 62 63
3264 0 2
3265 62 0
3266 1 0
3267 0 1
3268 63 0
3269 62 0
3270 0 2
3271 63 63
3272 0 1
3273 63 0
3274 0 2
3275 0 0
3276 62 0
3277 0 3
3278 0 2
3279 63 0
3280 1 0
3281 0 0
3282 62 0
3283 0 3
3284 0 2
3285 1 0
3286 0 0
3287 0 3
3288 62 63
3289 0 2
3290 0 63
3291 0 3
3292 0 2
3293 63 63
3294 63 0
3295 62 0
3296 63 0
3297 0 62
3298 0 63
3299 0 62
3300 1 0
3301 0 1
3302 0 2
3303 0 63
3304 62 0
3305 0 1
3306 62 63
3307 63 0
3308 63 63
3309 62 63
3310 62 0
3311 63 0
3312 63 63
3313 62 63
3314 0 62
3315 62 0
3316 2 0
3317 63 0
3318 0 0
3319 0 63
3320 0 62
3321 62 0
3322 3 0
3323 2 0
3324 0 1
3325 0 63
3326 63 63
3327 1 0
3328 2 0
3329 0 0
3330 0 62
3331 62 63
3332 0 63
3333 63 0
3334 62 0
3335 3 0
3336 63 0
3337 0 62
3338 0 63
3339 0 62
3340 0 63
3341 62 0
3342 0 62
3343 0 63
3344 0 1
3345 63 63
3346 0 0
3347 62 63
3348 63 0
3349 0 1
3350 63 63
3351 62 0
3352 2 0
3353 0 0
3354 3 0
3355 2 0
3356 62 63
3357 63 63
3358 63 0
3359 0 62
3360 0 1
3361 0 0
3362 3 0
3363 2 0
3364 0 1
3365 62 63
3366 0 0
3367 0 1
3368 1 0
3369 0 63
3370 0 62
3371 63 63
3372 0 2
3373 0 63
3374 62 0
3375 0 0
3376 0 3
3377 0 62
3378 0 1
3379 0 4
3380 62 63
3381 0 0
3382 63 63
3383 62 63
3384 0 3
3385 0 1
3386 0 4
3387 0 0
3388 0 1
3389 63 63
3390 0 0
3391 0 63
3392 62 63
3393 63 0
3394 0 1
3395 0 62
3396 0 0
3397 63 63
3398 0 3
3399 0 2
3400 0 63
3401 1 0
3402 62 0
3403 62 63
3404 63 63
3405 62 63
3406 0 1
3407 63 0
3408 2 0
3409 0 0
3410 62 0
3411 63 63
3412 3 0
3413 0 1
3414 2 0
3415 62 63
3416 0 0
3417 63 0
3418 3 0
3419 0 62
3420 63 63
3421 62 0
3422 2 0
3423 0 1
3424 62 63
3425 63 0
3426 0 0
3427 0 63
3428 3 0
3429 63 63
3430 62 0
3431 62 63
3432 0 1
3433 0 62
3434 2 0
3435 0 63
3436 63 63
3437 0 0
3438 63 0
3439 62 0
3440 63 0
3441 0 1
3442 62 63
3443 63 63
3444 0 0
3445 0 1
3446 62 0
3447 1 0
3448 62 63
3449 63 63
3450 62 63
3451 0 2
3452 0 0
3453 63 0
3454 63 63
3455 0 3
3456 62 0
3457 0 2
3458 0 62
3459 1 0
3460 62 63
3461 0 0
3462 63 0
3463 1 0
3464 63 63
3465 62 63
3466 63 63
3467 0 1
3468 62 0
3469 0 63
3470 62 63
3471 2 0
3472 63 63
3473 1 0
3474 0 2
3475 62 63
3476 0 0
3477 63 63
3478 63 0
3479 62 0
3480 0 3
3481 0 62
3482 0 63
3483 62 63
3484 0 1
3485 0 0
3486 63 0
3487 62 0
3488 63 63
3489 0 62
3490 63 0
3491 0 63
3492 0 62
3493 62 63
3494 63 63
3495 62 0
3496 0 63
3497 62 63
3498 0 1
3499 0 62
3500 63 0
3501 0 4
3502 63 63
3503 0 3
3504 0 4
3505 0 0
3506 0 1
3507 62 63
3508 0 3
3509 62 0
3510 63 63
3511 62 63
3512 0 4
3513 63 0
3514 0 3
3515 63 63
3516 0 63
3517 0 4
3518 0 62
3519 62 0
3520 63 0
3521 0 0
3522 0 3
3523 0 63
3524 62 63
3525 0 2
3526 1 0
3527 0 0
3528 63 63
3529 1 0
3530 62 63
3531 63 63
3532 62 0
3533 62 63
3534 0 0
3535 63 63
3536 0 3
3537 63 0
3538 0 1
3539 62 0
3540 0 0
3541 63 0
3542 0 2
3543 1 0
3544 0 62
3545 62 0
3546 63 0
3547 62 63
3548 0 0
3549 63 63
3550 0 3
3551 62 0
3552 0 1
3553 0 4
3554 63 0
3555 62 63
3556 63 63
3557 0 0
3558 0 1
3559 0 63
3560 0 3
3561 0 4
3562 0 3
3563 62 0
3564 62 63
3565 0 4
3566 0 62
3567 63 63
3568 63 0
3569 0 63
3570 0 3
3571 0 62
3572 0 4
3573 0 3
3574 62 0
3575 0 4
3576 0 63
3577 62 63
3578 63 63
3579 63 0
3580 62 0
3581 63 0
3582 0 0
3583 62 63
3584 0 1
3585 0 3
3586 0 4
3587 62 0
3588 0 0
3589 63 63
3590 0 1
3591 0 0
3592 0 3
3593 0 1
3594 0 0
3595 63 0
3596 0 62
3597 62 63
3598 62 0
3599 0 2
3600 1 0
3601 0 1
3602 2 0
3603 63 0
3604 63 63
3605 1 0
3606 62 63
3607 62 0
3608 0 63
3609 2 0
3610 63 63
3611 0 0
3612 0 62
3613 0 63
3614 0 1
3615 0 0
3616 0 62
3617 0 1
3618 63 0
3619 0 0
3620 62 63
3621 0 63
3622 3 0
3623 62 0
3624 0 1
3625 63 0
3626 62 0
3627 63 63
3628 63 0
3629 2 0
3630 62 63
3631 63 63
3632 62 0
3633 1 0
3634 0 2
3635 63 0
3636 0 62
3637 0 63
3638 0 62
3639 0 1
3640 62 0
3641 0 63
3642 0 2
3643 0 62
3644 0 0
3645 62 63
3646 63 63
3647 0 3
3648 62 63
3649 0 1
3650 0 0
3651 0 1
3652 0 4
3653 0 63
3654 0 3
3655 63 63
3656 0 4
3657 0 3
3658 0 0
3659 0 2
3660 62 63
3661 0 62
3662 0 63
3663 63 63
3664 0 62
3665 62 63
3666 1 0
3667 0 1
3668 2 0
3669 0 63
3670 63 63
3671 62 63
3672 0 0
3673 0 1
3674 63 0
3675 63 63
3676 62 63
3677 0 62
3678 0 63
3679 63 63
3680 0 62
3681 1 0
3682 0 2
3683 0 0
3684 62 0
3685 0 63
3686 62 63
3687 0 62
3688 63 0
3689 62 0
3690 63 0
3691 63 63
3692 0 63
3693 1 0
3694 0 1
3695 0 62
3696 0 63
3697 2 0
3698 0 0
3699 62 0
3700 62 63
3701 0 62
3702 0 1
3703 1 0
3704 63 0
3705 0 2
3706 0 1
3707 0 2
3708 0 1
3709 2 0
3710 1 0
3711 63 63
3712 2 0
3713 1 0
3714 0 2
3715 0 1
3716 62 0
3717 0 2
3718 0 0
3719 0 63
3720 0 3
3721 0 2
3722 1 0
3723 62 63
3724 63 63
3725 0 0
3726 62 63
3727 63 0
3728 0 62
3729 63 63
3730 0 63
3731 1 0
3732 0 62
3733 0 63
3734 62 63
3735 0 62
3736 0 0
3737 63 63
3738 62 63
3739 63 63
3740 0 3
3741 62 63
3742 0 63
3743 0 62
3744 62 0
3745 63 0
3746 62 0
3747 0 2
3748 1 0
3749 0 0
3750 63 63
3751 62 63
3752 1 0
3753 63 0
3754 0 1
3755 63 63
3756 62 63
3757 0 2
3758 0 63
3759 0 62
3760 62 0
3761 0 0
3762 63 0
3763 0 3
3764 0 1
3765 0 0
3766 63 63
3767 0 2
3768 62 0
3769 0 3
3770 0 63
3771 0 1
3772 0 4
3773 0 0
3774 0 1
3775 0 0
3776 63 0
3777 0 62
3778 0 1
3779 0 3
3780 0 63
3781 0 4
3782 62 0
3783 62 63
3784 0 0
3785 0 62
3786 0 3
3787 0 1
3788 0 63
3789 63 63
3790 63 0
3791 62 63
3792 0 0
3793 0 2
3794 0 62
3795 0 3
3796 0 2
3797 63 63
3798 62 0
3799 62 63
3800 0 63
3801 63 0
3802 1 0
3803 63 63
3804 62 63
3805 0 0
3806 0 62
3807 63 63
3808 62 0
3809 63 0
3810 62 0
3811 0 63
3812 0 62
3813 1 0
3814 0 63
3815 0 1
3816 0 62
3817 2 0
3818 0 0
3819 0 1
3820 1 0
3821 2 0
3822 0 0
3823 62 63
3824 63 63
3825 0 63
3826 3 0
3827 62 63
3828 2 0
3829 63 63
3830 0 1
3831 0 62
3832 0 63
3833 1 0
3834 0 2
3835 0 1
3836 0 2
3837 63 0
3838 62 0
3839 62 63
3840 0 0
3841 63 0
3842 0 3
3843 62 0
3844 0 1
3845 0 0
3846 0 1
3847 0 0
3848 63 0
3849 62 0
3850 0 62
3851 0 1
3852 0 63
3853 0 62
3854 0 63
3855 0 0
3856 0 2
3857 63 0
3858 1 0
3859 63 63
3860 62 0
3861 0 62
3862 63 0
3863 62 0
3864 0 1
3865 0 2
3866 63 0
3867 0 63
3868 62 63
3869 0 1
3870 2 0
3871 0 0
3872 62 0
3873 63 63
3874 0 1
3875 0 0
3876 3 0
3877 0 1
3878 62 63
3879 2 0
3880 0 0
3881 0 1
3882 63 63
3883 62 63
3884 0 0
3885 0 62
3886 3 0
3887 2 0
3888 3 0
3889 0 63
3890 0 1
3891 2 0
3892 63 0
3893 0 62
3894 1 0
3895 63 63
3896 62 0
3897 0 63
3898 62 63
3899 0 2
3900 0 1
3901 0 2
3902 63 63
3903 63 0
3904 62 63
3905 0 62
3906 63 63
3907 62 63
3908 0 0
3909 0 63
3910 63 63
3911 62 63
3912 0 3
3913 0 2
3914 0 62
3915 62 0
3916 0 63
3917 1 0
3918 63 63
3919 62 63
3920 0 0
3921 0 62
3922 0 63
3923 1 0
3924 0 1
3925 63 0
3926 62 0
3927 0 62
3928 0 63
3929 0 2
3930 63 63
3931 63 0
3932 0 1
3933 0 62
3934 0 63
3935 0 2
3936 0 0
3937 1 0
3938 0 62
3939 0 0
3940 0 3
3941 0 63
3942 62 63
3943 0 62
3944 0 2
3945 0 3
3946 0 63
3947 0 62
3948 0 1
3949 62 0
3950 0 0
3951 0 1
3952 0 0
3953 63 63
3954 0 1
3955 62 63
3956 0 0
3957 0 1
3958 0 4
3959 0 0
3960 63 0
3961 0 63
3962 0 1
3963 0 0
3964 63 63
3965 0 1
3966 0 62
3967 0 63
3968 62 63
3969 0 0
3970 0 3
3971 62 0
3972 0 2
3973 0 3
3974 0 2
3975 0 62
3976 63 0
3977 0 3
3978 0 63
3979 63 63
3980 0 1
3981 0 62
3982 0 0
3983 62 63
3984 0 63
3985 63 63
3986 62 0
3987 62 63
3988 0 2
3989 63 0
3990 63 63
3991 0 62
3992 1 0
3993 0 1
3994 0 63
3995 0 2
3996 0 1
3997 62 0
3998 62 63
3999 0 62
4000 0 63
4001 63 0
4002 0 2
4003 0 1
4004 63 63
4005 0 2
4006 0 1
4007 62 63
4008 0 2
4009 0 1
4010 2 0
4011 62 0
4012 0 62
4013 1 0
4014 2 0
4015 63 63
4016 1 0
4017 62 63
4018 0 2
4019 63 0
4020 0 1
4021 63 63
4022 2 0
4023 62 0
4024 1 0
4025 0 2
4026 63 0
4027 0 0
4028 62 0
4029 1 0
4030 0 63
4031 0 62
4032 0 0
4033 62 63
4034 1 0
4035 0 1
4036 0 2
4037 0 63
4038 0 62
4039 0 0
4040 0 3
4041 0 2
4042 63 63
4043 0 3
4044 62 63
4045 0 2
4046 63 63
4047 63 0
4048 0 63
4049 62 0
4050 63 0
4051 0 3
4052 0 62
4053 0 2
4054 62 0
4055 0 3
4056 63 0
4057 62 63
4058 0 2
4059 63 63
4060 62 0
4061 1 0
4062 0 63
4063 0 1
4064 62 63
4065 63 0
4066 62 0
4067 63 0
4068 63 63
4069 62 63
4070 2 0
4071 63 63
4072 0 62
4073 62 0
4074 0 63
4075 0 0
4076 62 63
4077 0 1
4078 0 0
4079 0 1
4080 63 0
4081 62 0
4082 0 62
4083 0 63
4084 1 0
4085 63 63
4086 62 63
4087 0 2
4088 0 62
4089 0 0
4090 1 0
4091 63 63
4092 62 63
4093 63 63
4094 0 0
4095 63 0
4096 62 63
4097 0 3
4098 0 2
4099 1 0
4100 0 63
4101 63 63
4102 62 0
4103 0 62
4104 0 0
4105 0 63
4106 62 63
4107 63 63
4108 63 0
4109 1 0
4110 62 63
4111 62 0
4112 63 0
4113 0 1
4114 0 2
4115 63 63
4116 62 63
4117 62 0
4118 63 0
4119 0 62
4120 62 0
4121 0 1
4122 0 63
4123 63 0
4124 2 0
4125 1 0
4126 0 62
4127 0 2
4128 0 63
4129 0 0
4130 0 62
4131 0 3
4132 0 1
4133 0 0
4134 0 2
4135 63 63
4136 1 0
4137 62 63
4138 62 0
4139 0 63
4140 0 62
4141 0 1
4142 0 2
4143 0 0
4144 0 3
4145 0 1
4146 0 63
4147 0 4
4148 63 63
4149 0 3
4150 0 4
4151 0 0
4152 0 1
4153 0 0
4154 0 62
4155 0 63
4156 63 0
4157 0 3
4158 0 1
4159 62 0
4160 0 62
4161 0 0
4162 63 0
4163 0 2
4164 0 63
4165 0 62
4166 62 0
4167 62 63
4168 63 0
4169 0 3
4170 62 0
4171 0 2
4172 1 0
4173 0 0
4174 1 0
4175 0 63
4176 0 1
4177 63 63
4178 0 2
4179 0 62
4180 0 63
4181 63 0
4182 62 63
4183 0 1
4184 62 0
4185 63 0
4186 0 62
4187 63 63
4188 0 63
4189 62 63
4190 62 0
4191 63 0
4192 2 0
4193 62 0
4194 0 0
4195 0 1
4196 1 0
4197 2 0
4198 0 0
4199 3 0
4200 2 0
4201 0 1
4202 0 62
4203 1 0
4204 63 63
4205 62 63
4206 0 63
4207 2 0
4208 0 0
4209 3 0
4210 0 62
4211 2 0
4212 63 63
4213 0 1
4214 62 63
4215 1 0
4216 63 0
4217 0 2
4218 0 63
4219 0 1
4220 0 62
4221 63 63
4222 2 0
4223 0 0
4224 0 63
4225 62 63
4226 0 1
4227 0 62
4228 1 0
4229 63 63
4230 62 0
4231 63 0
4232 0 2
4233 0 1
4234 0 63
4235 0 2
4236 0 62
4237 0 1
4238 62 63
4239 0 2
4240 0 1
4241 0 2
4242 63 63
4243 0 1
4244 0 63
4245 2 0
4246 62 63
4247 62 0
4248 63 0
4249 0 0
4250 0 62
4251 0 63
4252 0 1
4253 0 62
4254 0 0
4255 0 63
4256 3 0
4257 2 0
4258 62 0
4259 63 63
4260 62 63
4261 0 62
4262 3 0
4263 63 0
4264 0 1
4265 2 0
4266 0 0
4267 62 0
4268 63 63
4269 3 0
4270 62 63
4271 2 0
4272 63 0
4273 62 0
4274 0 1
4275 0 63
4276 1 0
4277 2 0
4278 63 0
4279 1 0
4280 63 63
4281 0 62
4282 2 0
4283 1 0
4284 0 2
4285 0 0
4286 62 63
4287 0 3
4288 0 63
4289 63 63
4290 0 1
4291 0 4
4292 0 0
4293 62 63
4294 62 0
4295 63 0
4296 63 63
4297 0 3
4298 0 1
4299 62 0
4300 63 0
4301 62 63
4302 62 0
4303 0 4
4304 0 0
4305 63 0
4306 62 0
4307 63 0
4308 0 1
4309 62 0
4310 0 62
4311 63 63
4312 0 3
4313 0 4
4314 0 3
4315 62 63
4316 0 0
4317 63 63
4318 63 0
4319 0 1
4320 0 63
4321 0 4
4322 0 0
4323 62 0
4324 62 63
4325 0 3
4326 0 2
4327 1 0
4328 0 62
4329 0 63
4330 63 63
4331 63 0
4332 0 1
4333 62 63
4334 2 0
4335 63 63
4336 0 62
4337 1 0
4338 0 2
4339 0 63
4340 0 0
4341 62 0
4342 0 62
4343 62 63
4344 0 3
4345 0 1
4346 63 63
4347 62 63
4348 63 63
4349 0 63
4350 0 4
4351 0 62
4352 0 0
4353 62 63
4354 63 0
4355 62 0
4356 0 1
4357 63 0
4358 63 63
4359 0 63
4360 0 0
4361 0 62
4362 0 3
4363 0 2
4364 0 3
4365 62 0
4366 0 2
4367 62 63
4368 1 0
4369 63 0
4370 0 0
4371 62 0
4372 63 63
4373 62 63
4374 63 63
4375 63 0
4376 1 0
4377 0 0
4378 1 0
4379 0 0
4380 62 63
4381 63 63
4382 1 0
4383 0 63
4384 62 63
4385 0 0
4386 1 0
4387 0 0
4388 1 0
4389 0 0
4390 63 63
4391 1 0
4392 62 0
4393 0 0
4394 0 3
4395 0 2
4396 63 0
4397 0 3
4398 62 63
4399 0 62
4400 0 1
4401 0 0
4402 0 63
4403 0 62
4404 0 2
4405 1 0
4406 62 0
4407 0 0
4408 63 0
4409 62 0
4410 0 63
4411 63 63
4412 0 62
4413 0 3
4414 63 0
4415 62 0
4416 0 63
4417 62 63
4418 0 62
4419 63 0
4420 62 0
4421 63 0
4422 63 63
4423 0 63
4424 62 63
4425 0 1
4426 63 63
4427 0 0
4428 0 62
4429 62 0
4430 0 2
4431 0 3
4432 0 2
4433 1 0
4434 0 1
4435 62 63
4436 2 0
4437 1 0
4438 63 0
4439 0 63
4440 2 0
4441 0 0
4442 63 63
4443 0 62
4444 62 0
4445 63 0
4446 3 0
4447 62 0
4448 0 63
4449 62 63
4450 2 0
4451 63 63
4452 0 62
4453 0 63
4454 62 63
4455 0 62
4456 0 1
4457 1 0
4458 63 63
4459 2 0
4460 63 0
4461 0 0
4462 0 63
4463 62 63
4464 0 1
4465 63 63
4466 0 62
4467 62 0
4468 62 63
4469 0 63
4470 1 0
4471 63 63
4472 62 63
4473 0 2
4474 63 0
4475 0 62
4476 0 0
4477 62 0
4478 0 3
4479 63 0
4480 0 1
4481 0 63
4482 62 0
4483 63 0
4484 62 0
4485 63 63
4486 0 0
4487 63 0
4488 0 1
4489 62 0
4490 62 63
4491 0 0
4492 0 1
4493 0 62
4494 0 0
4495 0 2
4496 63 63
4497 63 0
4498 0 63
4499 0 3
4500 0 2
4501 1 0
4502 0 0
4503 62 63
4504 0 62
4505 62 0
4506 0 3
4507 0 63
4508 0 62
4509 0 63
4510 63 0
4511 0 2
4512 0 3
4513 62 0
4514 63 0
4515 0 1
4516 0 62
4517 63 63
4518 62 63
4519 62 0
4520 0 4
4521 0 63
4522 63 0
4523 62 0
4524 0 0
4525 0 1
4526 0 3
4527 63 0
4528 0 62
4529 0 4
4530 63 63
4531 0 0
4532 0 1
4533 62 63
4534 63 63
4535 0 63
4536 0 62
4537 62 63
4538 63 63
4539 0 63
4540 62 63
4541 0 0
4542 0 1
4543 0 62
4544 0 3
4545 62 0
4546 0 4
4547 63 0
4548 63 63
4549 62 63
4550 62 0
4551 0 63
4552 0 3
4553 0 0
4554 0 2
4555 0 3
4556 63 0
4557 0 1
4558 62 0
4559 0 62
4560 0 4
4561 0 0
4562 63 0
4563 62 0
4564 63 0
4565 0 63
4566 62 0
4567 63 0
4568 62 0
4569 63 63
4570 63 0
4571 0 1
4572 62 63
4573 63 63
4574 0 3
4575 0 4
4576 0 3
4577 0 4
4578 0 3
4579 62 63
4580 0 0
4581 0 62
4582 0 1
4583 0 0
4584 0 1
4585 62 0
4586 0 4
4587 0 63
4588 0 3
4589 63 0
4590 0 4
4591 0 62
4592 0 63
4593 63 63
4594 0 0
4595 62 0
4596 62 63
4597 0 3
4598 63 0
4599 62 0
4600 0 1
4601 63 0
4602 0 0
4603 0 62
4604 63 63
4605 0 1
4606 0 63
4607 0 4
4608 0 0
4609 62 63
4610 0 3
4611 0 1
4612 0 62
4613 62 0
4614 0 4
4615 0 0
4616 0 3
4617 0 2
4618 0 63
4619 1 0
4620 0 1
4621 0 2
4622 0 1
4623 63 63
4624 63 0
4625 2 0
4626 62 63
4627 63 63
4628 0 62
4629 62 0
4630 1 0
4631 62 63
4632 2 0
4633 0 0
4634 3 0
4635 0 1
4636 0 0
4637 0 1
4638 2 0
4639 0 0
4640 3 0
4641 63 63
4642 2 0
4643 62 63
4644 63 0
4645 3 0
4646 0 63
4647 63 63
4648 62 63
4649 63 63
4650 62 0
4651 0 62
4652 63 0
4653 0 1
4654 0 63
4655 0 0
4656 62 0
4657 2 0
4658 62 63
4659 63 0
4660 3 0
4661 63 63
4662 62 63
4663 62 0
4664 63 63
4665 0 62
4666 62 63
4667 2 0
4668 3 0
4669 0 63
4670 63 63
4671 62 63
4672 0 62
4673 63 63
4674 63 0
4675 0 63
4676 62 63
4677 63 63
4678 62 0
4679 0 62
4680 0 1
4681 62 63
4682 2 0
4683 0 63
4684 63 63
4685 62 63
4686 1 0
4687 2 0
4688 1 0
4689 0 2
4690 0 0
4691 63 0
4692 0 3
4693 0 1
4694 0 0
4695 63 63
4696 0 1
4697 0 4
4698 62 63
4699 0 3
4700 0 0
4701 63 63
4702 0 1
4703 62 0
4704 0 0
4705 63 0
4706 62 0
4707 63 0
4708 0 2
4709 0 62
4710 62 0
4711 0 63
4712 0 62
4713 0 63
4714 0 62
4715 1 0
4716 0 0
4717 0 3
4718 63 0
4719 0 63
4720 62 63
4721 0 1
4722 0 4
4723 0 62
4724 0 3
4725 0 0
4726 0 2
4727 63 63
4728 0 63
4729 0 3
4730 62 63
4731 0 1
4732 62 0
4733 63 63
4734 63 0
4735 62 0
4736 63 0
4737 0 4
4738 0 0
4739 0 1
4740 0 62
4741 62 0
4742 0 0
4743 0 63
4744 0 1
4745 0 62
4746 0 0
4747 0 63
4748 0 62
4749 0 3
4750 0 1
4751 62 63
4752 0 63
4753 63 0
4754 63 63
4755 0 0
4756 0 1
4757 0 62
4758 62 63
4759 0 4
4760 0 0
4761 0 1
4762 63 63
4763 0 0
4764 62 63
4765 0 1
4766 62 0
4767 0 0
4768 63 0
4769 0 1
4770 63 63
4771 0 0
4772 0 1
4773 62 0
4774 63 0
4775 0 63
4776 62 0
4777 63 0
4778 62 63
4779 62 0
4780 0 3
4781 0 0
4782 63 63
4783 0 62
4784 0 63
4785 0 2
4786 63 0
4787 62 0
4788 63 0
4789 62 63
4790 0 3
4791 0 2
4792 1 0
4793 62 0
4794 0 0
4795 1 0
4796 0 62
4797 63 63
4798 63 0
4799 62 63
4800 0 63
4801 0 62
4802 0 0
4803 0 3
4804 0 1
4805 63 63
4806 62 0
4807 62 63
4808 0 0
4809 0 1
4810 63 0
4811 0 0
4812 0 63
4813 63 63
4814 0 62
4815 0 1
4816 62 0
4817 63 0
4818 0 0
4819 0 1
4820 0 4
4821 0 3
4822 0 0
4823 0 1
4824 62 63
4825 0 63
4826 63 63
4827 0 62
4828 62 0
4829 0 4
4830 0 63
4831 63 0
4832 0 3
4833 62 63
4834 0 4
4835 0 3
4836 62 0
4837 63 0
4838 62 0
4839 63 0
4840 0 0
4841 0 1
4842 0 0
4843 62 0
4844 63 0
4845 0 62
4846 0 2
4847 0 63
4848 63 63
4849 62 0
4850 62 63
4851 0 3
4852 0 62
4853 63 63
4854 62 63
4855 0 1
4856 0 0
4857 0 2
4858 1 0
4859 63 63
4860 63 0
4861 62 0
4862 0 0
4863 0 3
4864 62 63
4865 63 0
4866 0 63
4867 0 1
4868 63 63
4869 0 0
4870 0 62
4871 0 63
4872 0 2
4873 62 63
4874 63 63
4875 62 63
4876 63 63
4877 1 0
4878 0 62
4879 0 1
4880 2 0
4881 0 0
4882 0 1
4883 0 0
4884 3 0
4885 2 0
4886 3 0
4887 0 63
4888 62 63
4889 0 62
4890 0 1
4891 2 0
4892 0 0
4893 0 1
4894 1 0
4895 0 2
4896 62 0
4897 63 0
4898 0 1
4899 0 2
4900 0 1
4901 62 0
4902 0 63
4903 63 63
4904 62 63
4905 63 63
4906 2 0
4907 62 63
4908 63 0
4909 0 62
4910 62 0
4911 63 0
4912 1 0
4913 0 2
4914 0 0
4915 0 3
4916 0 63
4917 63 63
4918 62 63
4919 0 1
4920 63 63
4921 0 62
4922 0 63
4923 62 0
4924 0 0
4925 0 62
4926 0 63
4927 0 1
4928 0 4
4929 62 63
4930 63 63
4931 0 62
4932 62 63
4933 0 63
4934 0 0
4935 0 1
4936 0 62
4937 0 63
4938 0 62
4939 0 3
4940 63 63
4941 63 0
4942 0 63
4943 0 0
4944 0 2
4945 0 3
4946 0 1
4947 0 4
4948 0 62
4949 62 0
4950 0 63
4951 63 0
4952 62 63
4953 62 0
4954 0 3
4955 63 63
4956 0 62
4957 0 63
4958 63 0
4959 62 0
4960 63 0
4961 0 0
4962 62 63
4963 62 0
4964 63 63
4965 0 2
4966 62 63
4967 0 3
4968 0 2
4969 0 62
4970 63 0
4971 63 63
4972 1 0
4973 0 63
4974 0 1
4975 0 2
4976 0 0
4977 0 62
4978 0 3
4979 0 63
4980 62 63
4981 63 63
4982 0 62
4983 0 63
4984 62 63
4985 0 2
4986 62 0
4987 63 63
4988 62 63
4989 1 0
4990 63 63
4991 0 62
4992 0 1
4993 0 63
4994 63 0
4995 62 0
4996 62 63
4997 0 62
4998 0 2
4999 63 0
5000 0 63
5001 62 0
5002 63 0
5003 62 0
5004 0 1
5005 63 0
5006 62 0
5007 2 0
5008 0 0
5009 63 0
5010 0 62
5011 0 1
5012 63 63
5013 1 0
5014 62 63
5015 63 63
5016 62 0
5017 2 0
5018 0 63
5019 1 0
5020 0 2
5021 0 0
5022 0 62
5023 62 63
5024 63 63
5025 63 0
5026 0 63
5027 0 3
5028 62 0
5029 0 2
5030 63 0
5031 0 62
5032 0 63
5033 1 0
5034 0 1
5035 62 0
5036 0 62
5037 62 63
5038 0 2
5039 0 0
5040 63 0
5041 1 0
5042 63 63
5043 0 63
5044 0 62
5045 0 0
5046 0 63
5047 1 0
5048 0 1
5049 0 62
5050 0 63
5051 0 62
5052 0 63
5053 0 62
5054 62 0
5055 0 63
5056 2 0
5057 1 0
5058 63 0
5059 0 2
5060 0 1
5061 62 0
5062 2 0
5063 0 0
5064 62 63
5065 0 62
5066 0 63
5067 63 63
5068 0 1
5069 0 62
5070 63 0
5071 0 0
5072 62 63
5073 0 1
5074 1 0
5075 0 2
5076 0 0
5077 62 0
5078 63 0
5079 0 3
5080 63 63
5081 0 1
5082 62 0
5083 0 4
5084 62 63
5085 0 63
5086 0 62
5087 0 0
5088 63 0
5089 62 0
5090 0 3
5091 63 0
5092 63 63
5093 0 63
5094 0 62
5095 0 1
5096 0 4
5097 0 3
5098 62 63
5099 63 63
5100 62 0
5101 0 63
5102 63 0
5103 0 62
5104 62 63
5105 62 0
5106 63 0
5107 0 4
5108 63 63
5109 0 0
5110 62 0
5111 0 3
5112 0 2
5113 0 63
5114 1 0
5115 63 0
5116 62 63
5117 0 1
5118 0 2
5119 0 0
5120 63 63
5121 0 62
5122 62 63
5123 0 3
5124 0 2
5125 63 63
5126 1 0
5127 0 1
5128 0 2
5129 0 63
5130 62 63
5131 0 0
5132 62 0
5133 63 63
5134 63 0
5135 0 3
5136 0 1
5137 0 0
5138 0 62
5139 62 63
5140 0 2
5141 63 63
5142 62 0
5143 62 63
5144 1 0
5145 63 0
5146 0 63
5147 0 1
5148 63 63
5149 62 63
5150 2 0
5151 0 0
5152 0 62
5153 63 63
5154 0 63
5155 62 63
5156 0 1
5157 1 0
5158 62 0
5159 63 63
5160 0 62
5161 2 0
5162 1 0
5163 2 0
5164 0 63
5165 0 0
5166 3 0
5167 62 63
5168 2 0
5169 3 0
5170 63 0
5171 63 63
5172 2 0
5173 62 0
5174 3 0
5175 0 1
5176 2 0
5177 1 0
5178 62 63
5179 63 63
5180 0 2
5181 63 0
5182 0 0
5183 62 0
5184 0 3
5185 0 62
5186 0 1
5187 0 63
5188 63 0
5189 0 4
5190 0 62
5191 62 63
5192 62 0
5193 0 63
5194 63 0
5195 0 3
5196 63 63
5197 0 62
5198 0 63
5199 0 4
5200 0 62
5201 0 63
5202 62 63
5203 0 3
5204 0 4
5205 0 62
5206 63 63
5207 0 63
5208 0 62
5209 0 63
5210 62 0
5211 62 63
5212 0 3
5213 0 4
5214 63 63
5215 0 62
5216 63 0
5217 0 0
5218 62 0
5219 63 0
5220 62 63
5221 63 63
5222 62 0
5223 0 3
5224 0 1
5225 0 4
5226 0 63
5227 0 0
5228 62 63
5229 63 0
5230 0 62
5231 0 1
5232 63 63
5233 0 0
5234 0 63
5235 0 3
5236 0 1
5237 0 4
5238 62 63
5239 0 0
5240 0 1
5241 0 3
5242 0 62
5243 62 0
5244 63 0
5245 62 0
5246 63 63
5247 0 4
5248 63 0
5249 62 0
5250 0 63
5251 62 63
5252 63 0
5253 62 0
5254 0 0
5255 0 1
5256 0 3
5257 0 0
5258 0 1
5259 63 63
5260 0 0
5261 63 0
5262 62 63
5263 0 2
5264 0 62
5265 62 0
5266 1 0
5267 0 63
5268 0 0
5269 0 3
5270 0 62
5271 0 1
5272 63 63
5273 62 63
5274 63 63
5275 0 4
5276 0 63
5277 0 62
5278 0 0
5279 0 1
5280 0 0
5281 63 0
5282 0 63
5283 62 63
5284 62 0
5285 0 62
5286 0 63
5287 0 3
5288 0 62
5289 0 2
5290 1 0
5291 63 0
5292 0 63
5293 0 0
5294 0 62
5295 0 63
5296 62 0
5297 63 0
5298 63 63
5299 1 0
5300 62 63
5301 62 0
5302 0 1
5303 2 0
5304 63 63
5305 0 0
5306 62 63
5307 63 63
5308 63 0
5309 62 0
5310 0 62
5311 3 0
5312 62 63
5313 2 0
5314 3 0
5315 0 1
5316 63 0
5317 0 0
5318 0 63
5319 63 63
5320 2 0
5321 0 1
5322 62 0
5323 63 0
5324 62 63
5325 1 0
5326 2 0
5327 0 62
5328 1 0
5329 0 63
5330 63 63
5331 2 0
5332 1 0
5333 0 62
5334 62 63
5335 0 2
5336 63 63
5337 62 63
5338 0 0
5339 0 63
5340 62 0
5341 63 0
5342 0 62
5343 63 63
5344 0 3
5345 0 63
5346 0 2
5347 62 63
5348 0 62
5349 0 3
5350 62 0
5351 63 63
5352 0 1
5353 0 63
5354 0 4
5355 0 0
5356 0 3
5357 0 1
5358 62 63
5359 0 62
5360 0 63
5361 0 0
5362 63 0
5363 63 63
5364 0 2
5365 62 0
5366 62 63
5367 1 0
5368 0 0
5369 0 62
5370 63 0
5371 0 63
5372 0 3
5373 0 2
5374 0 3
5375 62 0
5376 63 0
5377 0 2
5378 1 0
5379 0 62
5380 0 63
5381 0 62
5382 0 1
5383 62 0
5384 0 63
5385 63 0
5386 62 0
5387 0 62
5388 0 63
5389 0 62
5390 63 63
5391 0 2
5392 0 0
5393 1 0
5394 0 1
5395 0 63
5396 0 62
5397 62 63
5398 0 2
5399 0 1
5400 63 63
5401 0 63
5402 0 62
5403 2 0
5404 1 0
5405 0 63
5406 2 0
5407 1 0
5408 63 0
5409 0 62
5410 2 0
5411 0 63
5412 1 0
5413 0 2
5414 0 1
5415 62 63
5416 0 62
5417 2 0
5418 1 0
5419 0 2
5420 63 63
5421 0 1
5422 62 63
5423 63 63
5424 0 63
5425 0 2
5426 0 62
5427 0 0
5428 0 3
5429 0 1
5430 62 0
5431 0 4
5432 62 63
5433 0 3
5434 0 0
5435 63 63
5436 0 63
5437 0 1
5438 63 0
5439 0 0
5440 62 63
5441 63 63
5442 0 2
5443 1 0
5444 0 62
5445 0 63
5446 0 1
5447 62 63
5448 63 63
5449 0 2
5450 0 0
5451 62 63
5452 0 62
5453 1 0
5454 0 63
5455 0 0
5456 0 62
5457 63 63
5458 62 63
5459 0 63
5460 0 62
5461 0 63
5462 0 3
5463 0 62
5464 62 0
5465 63 0
5466 62 0
5467 0 2
5468 1 0
5469 63 0
5470 0 1
5471 62 0
5472 63 0
5473 0 63
5474 0 2
5475 63 63
5476 0 62
5477 62 0
5478 62 63
5479 0 1
5480 63 63
5481 0 63
5482 63 0
5483 62 0
5484 63 0
5485 2 0
5486 0 0
5487 0 1
5488 62 63
5489 0 62
5490 0 0
5491 0 1
5492 0 0
5493 0 63
5494 63 63
5495 62 63
5496 0 1
5497 0 62
5498 63 63
5499 0 0
5500 62 63
5501 62 0
5502 63 0
5503 63 63
5504 62 0
5505 0 1
5506 62 63
5507 63 63
5508 62 63
5509 1 0
5510 63 63
5511 2 0
5512 1 0
5513 62 63
5514 0 2
5515 0 63
5516 63 0
5517 0 1
5518 0 2
5519 63 63
5520 62 63
5521 0 1
5522 2 0
5523 0 62
5524 1 0
5525 0 2
5526 0 0
5527 1 0
5528 0 0
5529 1 0
5530 62 0
5531 63 0
5532 0 1
5533 0 2
5534 0 63
5535 62 0
5536 0 62
5537 0 63
5538 0 62
5539 0 1
5540 2 0
5541 0 0
5542 0 63
5543 3 0
5544 63 63
5545 0 1
5546 62 63
5547 0 0
5548 0 62
5549 0 63
5550 63 0
5551 0 1
5552 62 0
5553 63 0
5554 63 63
5555 0 0
5556 2 0
5557 0 1
5558 62 0
5559 0 62
5560 1 0
5561 62 63
5562 0 2
5563 0 1
5564 63 0
5565 0 63
5566 0 62
5567 2 0
5568 63 63
5569 62 63
5570 0 0
5571 62 0
5572 0 63
5573 0 62
5574 0 63
5575 63 63
5576 62 63
5577 0 1
5578 63 63
5579 63 0
5580 62 63
5581 0 0
5582 0 1
5583 1 0
5584 2 0
5585 62 0
5586 1 0
5587 2 0
5588 63 0
5589 62 0
5590 63 0
5591 0 62
5592 62 0
5593 0 63
5594 63 63
5595 0 0
5596 3 0
5597 2 0
5598 0 62
5599 3 0
5600 0 63
5601 62 63
5602 0 1
5603 63 0
5604 2 0
5605 62 0
5606 63 63
5607 0 0
5608 63 0
5609 62 63
5610 62 0
5611 63 0
5612 0 1
5613 0 62
5614 0 63
5615 0 62
5616 0 0
5617 0 63
5618 63 63
5619 62 0
5620 63 0
5621 3 0
5622 62 0
5623 2 0
5624 0 62
5625 0 1
5626 63 0
5627 62 0
5628 0 63
5629 62 63
5630 1 0
5631 63 63
5632 62 63
5633 63 0
5634 2 0
5635 1 0
5636 2 0
5637 1 0
5638 0 62
5639 0 2
5640 0 1
5641 63 63
5642 2 0
5643 1 0
5644 62 63
5645 2 0
5646 0 63
5647 1 0
5648 0 62
5649 63 63
5650 62 63
5651 0 63
5652 2 0
5653 0 0
5654 62 0
5655 3 0
5656 0 1
5657 0 62
5658 2 0
5659 0 0
5660 63 0
5661 62 0
5662 0 1
5663 1 0
5664 63 0
5665 63 63
5666 62 0
5667 2 0
5668 0 0
5669 3 0
5670 0 1
5671 0 63
5672 0 0
5673 0 1
5674 2 0
5675 0 62
5676 0 63
5677 1 0
5678 62 63
5679 63 63
5680 2 0
5681 62 63
5682 0 62
5683 63 0
5684 1 0
5685 2 0
5686 62 0
5687 0 63
5688 63 63
5689 0 62
5690 0 0
5691 62 63
5692 3 0
5693 0 63
5694 63 63
5695 0 1
5696 63 0
5697 0 0
5698 62 63
5699 0 1
5700 63 63
5701 0 62
5702 2 0
5703 0 0
5704 62 63
5705 0 1
5706 1 0
5707 0 2
5708 0 0
5709 0 3
5710 62 0
5711 63 0
5712 63 63
5713 0 63
5714 0 1
5715 0 0
5716 0 1
5717 0 62
5718 62 0
5719 0 63
5720 0 62
5721 0 0
5722 0 63
5723 62 63
5724 0 2
5725 1 0
5726 0 62
5727 0 0
5728 1 0
5729 0 0
5730 63 63
5731 0 63
5732 0 3
5733 63 0
5734 62 0
5735 62 63
5736 0 62
5737 63 0
5738 0 63
5739 62 0
5740 63 63
5741 63 0
5742 0 1
5743 62 0
5744 0 0
5745 62 63
5746 0 2
5747 63 63
5748 1 0
5749 63 0
5750 0 62
5751 0 0
5752 0 3
5753 0 63
5754 0 62
5755 0 63
5756 62 0
5757 0 62
5758 0 63
5759 63 0
5760 62 0
5761 0 2
5762 63 0
5763 0 62
5764 0 63
5765 0 62
5766 0 3
5767 0 1
5768 62 63
5769 0 0
5770 0 63
5771 63 63
5772 62 63
5773 0 2
5774 0 62
5775 0 63
5776 63 63
5777 0 3
5778 0 62
5779 0 2
5780 62 63
5781 0 3
5782 0 63
5783 63 63
5784 62 0
5785 0 1
5786 0 4
5787 0 62
5788 62 63
5789 0 63
5790 63 0
5791 63 63
5792 0 0
5793 0 1
5794 0 3
5795 0 4
5796 0 62
5797 0 0
5798 0 1
5799 0 0
5800 0 3
5801 0 63
5802 62 0
5803 0 62
5804 0 2
5805 0 63
5806 63 0
5807 1 0
5808 62 63
5809 62 0
5810 63 0
5811 0 1
5812 0 2
5813 0 1
5814 2 0
5815 0 62
5816 1 0
5817 2 0
5818 62 0
5819 63 63
5820 62 63
5821 63 0
5822 0 63
5823 0 62
5824 0 0
5825 3 0
5826 0 63
5827 63 63
5828 0 62
5829 2 0
5830 0 1
5831 0 0
5832 62 63
5833 63 63
5834 0 1
5835 0 0
5836 0 63
5837 3 0
5838 62 0
5839 2 0
5840 0 1
5841 63 0
5842 1 0
5843 62 63
5844 0 2
5845 63 63
5846 0 62
5847 62 63
5848 0 63
5849 0 1
5850 2 0
5851 1 0
5852 63 63
5853 62 63
5854 63 63
5855 2 0
5856 0 62
5857 1 0
5858 62 0
5859 62 63
5860 2 0
5861 63 63
5862 62 63
5863 0 63
5864 0 0
5865 63 0
5866 62 0
5867 63 63
5868 3 0
5869 0 62
5870 62 63
5871 0 1
5872 63 0
5873 62 0
5874 0 0
5875 63 0
5876 62 0
5877 63 0
5878 0 63
5879 2 0
5880 0 1
5881 0 0
5882 63 63
5883 0 1
5884 0 0
5885 0 62
5886 0 1
5887 0 0
5888 62 63
5889 62 0
5890 3 0
5891 2 0
5892 3 0
5893 0 63
5894 0 1
5895 0 0
5896 2 0
5897 3 0
5898 2 0
5899 0 62
5900 0 1
5901 0 63
5902 0 0
5903 63 0
5904 0 1
5905 0 0
5906 62 0
5907 0 1
5908 0 0
5909 63 0
5910 0 1
5911 0 0
5912 0 1
5913 0 0
5914 0 62
5915 0 63
5916 0 1
5917 0 62
5918 1 0
5919 63 63
5920 0 2
5921 0 63
5922 62 63
5923 62 0
5924 0 1
5925 0 2
5926 0 1
5927 2 0
5928 0 62
5929 63 63
5930 0 63
5931 62 63
5932 63 63
5933 62 63
5934 63 0
5935 63 63
5936 62 0
5937 1 0
5938 0 62
5939 2 0
5940 62 63
5941 63 0
5942 63 63
5943 62 63
5944 62 0
5945 0 63
5946 63 0
5947 0 0
5948 0 1
5949 1 0
5950 62 0
5951 0 2
5952 0 62
5953 0 0
5954 0 63
5955 0 62
5956 63 63
5957 0 3
5958 63 0
5959 0 2
5960 1 0
5961 62 63
5962 62 0
5963 0 63
5964 0 62
5965 0 1
5966 63 63
5967 63 0
5968 2 0
5969 62 0
5970 1 0
5971 63 0
5972 62 0
5973 62 63
5974 63 0
5975 2 0
5976 63 63
5977 1 0
5978 0 2
5979 62 63
5980 0 0
5981 0 3
5982 0 2
5983 62 0
5984 1 0
5985 63 63
5986 63 0
5987 0 1
5988 62 0
5989 62 63
5990 63 0
5991 0 63
5992 63 63
5993 2 0
5994 0 62
5995 0 63
5996 0 62
5997 0 0
5998 0 63
5999 0 1
6000 0 62
6001 62 0
6002 1 0
6003 0 63
6004 0 2
6005 0 62
6006 62 63
6007 63 0
6008 63 63
6009 0 63
6010 62 0
6011 62 63
6012 0 1
6013 63 0
6014 0 62
6015 0 2
6016 0 63
6017 62 0
6018 0 1
6019 2 0
6020 0 0
6021 63 63
6022 0 1
6023 0 0
6024 0 1
6025 62 63
6026 63 0
6027 62 0
6028 63 0
6029 1 0
6030 0 2
6031 63 63
6032 0 0
6033 1 0
6034 62 0
6035 0 0
6036 63 0
6037 62 63
6038 1 0
6039 0 62
6040 0 63
6041 0 0
6042 0 3
6043 0 62
6044 0 2
6045 0 63
6046 62 0
6047 0 3
6048 0 1
6049 0 0
6050 0 1
6051 63 63
6052 0 4
6053 0 0
6054 0 1
6055 62 63
6056 0 62
6057 0 3
6058 0 4
6059 63 0
6060 62 0
6061 63 0
6062 62 0
6063 0 63
6064 0 62
6065 0 0
6066 0 1
6067 63 0
6068 0 3
6069 62 0
6070 63 63
6071 62 63
6072 0 4
6073 0 0
6074 63 63
6075 63 0
6076 62 0
6077 62 63
6078 0 1
6079 0 63
6080 0 0
6081 0 3
6082 0 62
6083 63 63
6084 0 63
6085 0 62
6086 0 2
6087 0 3
6088 63 0
6089 62 63
6090 0 2
6091 1 0
6092 0 0
6093 0 63
6094 0 62
6095 0 3
6096 63 63
6097 0 63
6098 0 1
6099 62 0
6100 63 0
6101 0 62
6102 62 0
6103 0 63
6104 0 0
6105 0 2
6106 63 0
6107 1 0
6108 0 62
6109 62 0
6110 0 63
6111 0 0
6112 1 0
6113 0 1
6114 62 63
6115 63 63
6116 63 0
6117 62 0
6118 62 63
6119 63 63
6120 62 63
6121 0 2
6122 0 62
6123 0 0
6124 63 0
6125 1 0
6126 0 0
6127 63 63
6128 62 0
6129 1 0
6130 0 0
6131 0 3
6132 0 63
6133 63 0
6134 0 62
6135 0 1
6136 62 0
6137 0 0
6138 0 2
6139 1 0
6140 62 63
6141 0 0
6142 63 0
6143 62 0
6144 0 3
6145 0 2
6146 63 0
6147 1 0
6148 0 1
6149 62 0
6150 0 2
6151 63 63
6152 0 0
6153 63 0
6154 0 63
6155 62 0
6156 0 62
6157 62 63
6158 0 63
6159 0 3
6160 63 63
6161 63 0
6162 0 1
6163 0 62
6164 0 63
6165 0 62
6166 62 63
6167 62 0
6168 63 0
6169 62 0
6170 63 0
6171 0 4
6172 0 3
6173 0 0
6174 0 63
6175 0 2
6176 62 0
6177 0 62
6178 63 63
6179 1 0
6180 63 0
6181 62 63
6182 0 0
6183 1 0
6184 62 0
6185 63 63
6186 0 1
6187 0 2
6188 0 1
6189 0 63
6190 63 0
6191 2 0
6192 0 0
6193 62 63
6194 63 63
6195 62 63
6196 0 1
6197 0 0
6198 62 0
6199 3 0
6200 2 0
6201 3 0
6202 2 0
6203 0 62
6204 3 0
6205 63 63
6206 63 0
6207 0 1
6208 2 0
6209 62 63
6210 62 0
6211 0 63
6212 63 0
6213 0 62
6214 1 0
6215 0 63
6216 63 63
6217 0 2
6218 62 0
6219 62 63
6220 63 63
6221 63 0
6222 62 63
6223 0 62
6224 0 63
6225 62 0
6226 0 62
6227 63 0
6228 0 63
6229 63 63
6230 62 63
6231 0 62
6232 63 63
6233 0 63
6234 62 0
6235 0 1
6236 63 0
6237 0 62
6238 0 2
6239 0 0
6240 0 3
6241 62 0
6242 0 63
6243 0 2
6244 0 3
6245 63 0
6246 0 2
6247 0 62
6248 0 3
6249 0 1
6250 0 4
6251 0 3
6252 0 4
6253 62 63
6254 0 0
6255 0 63
6256 63 63
6257 62 63
6258 0 3
6259 63 63
6260 62 0
6261 0 1
6262 0 0
6263 62 63
6264 63 63
6265 0 2
6266 63 0
6267 0 62
6268 0 63
6269 62 63
6270 1 0
6271 63 63
6272 0 0
6273 1 0
6274 62 0
6275 0 0
6276 0 3
6277 62 63
6278 63 63
6279 0 1
6280 63 0
6281 62 63
6282 63 63
6283 0 0
6284 0 1
6285 0 4
6286 0 62
6287 62 63
6288 0 63
6289 63 63
6290 0 3
6291 0 4
6292 62 0
6293 0 0
6294 0 1
6295 0 0
6296 63 0
6297 0 62
6298 62 0
6299 63 0
6300 0 1
6301 62 63
6302 62 0
6303 63 63
6304 0 0
6305 62 63
6306 0 3
6307 0 2
6308 63 0
6309 63 63
6310 62 0
6311 0 3
6312 63 0
6313 62 63
6314 0 1
6315 0 63
6316 0 0
6317 62 0
6318 0 2
6319 63 0
6320 0 3
6321 0 62
6322 0 1
6323 0 4
6324 0 63
6325 63 63
6326 0 62
6327 62 0
6328 62 63
6329 63 63
6330 0 0
6331 0 3
6332 0 63
6333 0 2
6334 1 0
6335 0 0
6336 62 63
6337 1 0
6338 63 63
6339 0 62
6340 0 1
6341 63 0
6342 0 63
6343 62 0
6344 63 0
6345 0 2
6346 0 62
6347 0 63
6348 0 0
6349 0 62
6350 62 0
6351 0 63
6352 63 0
6353 62 63
6354 63 63
6355 62 0
6356 1 0
6357 0 62
6358 0 0
6359 1 0
6360 0 63
6361 0 1
6362 0 62
6363 0 63
6364 0 2
6365 0 1
6366 0 2
6367 0 1
6368 0 62
6369 0 2
6370 0 0
6371 1 0
6372 63 0
6373 0 0
6374 1 0
6375 62 63
6376 0 63
6377 0 1
6378 0 62
6379 0 2
6380 63 63
6381 0 0
6382 1 0
6383 0 0
6384 62 63
6385 0 3
6386 62 0
6387 0 63
6388 63 63
6389 0 62
6390 0 63
6391 0 1
6392 0 4
6393 0 3
6394 0 62
6395 62 63
6396 0 63
6397 0 0
6398 0 2
6399 63 63
6400 62 63
6401 0 62
6402 63 63
6403 0 63
6404 0 3
6405 0 62
6406 63 0
6407 62 0
6408 62 63
6409 63 63
6410 0 63
6411 0 1
6412 0 62
6413 0 0
6414 0 1
6415 0 63
6416 0 0
6417 0 2
6418 0 62
6419 63 0
6420 62 0
6421 62 63
6422 63 0
6423 1 0
6424 62 0
6425 0 1
6426 63 0
6427 0 2
6428 62 0
6429 63 63
6430 0 1
6431 0 2
6432 0 0
6433 0 63
6434 62 63
6435 63 63
6436 0 62
6437 62 63
6438 1 0
6439 0 63
6440 0 0
6441 0 62
6442 1 0
6443 0 0
6444 0 3
6445 63 63
6446 0 2
6447 0 63
6448 1 0
6449 0 62
6450 63 0
6451 0 0
6452 0 3
6453 0 1
6454 62 63
6455 0 4
6456 0 63
6457 0 0
6458 62 0
6459 63 63
6460 63 0
6461 62 0
6462 62 63
6463 63 63
6464 0 62
6465 0 63
6466 62 63
6467 0 1
6468 0 0
6469 0 1
6470 63 63
6471 0 62
6472 0 63
6473 63 0
6474 62 63
6475 63 63
6476 0 0
6477 0 62
6478 0 1
6479 0 0
6480 0 63
6481 0 1
6482 0 3
6483 62 63
6484 0 0
6485 0 1
6486 0 62
6487 63 63
6488 62 0
6489 0 4
6490 0 63
6491 0 3
6492 0 0
6493 0 62
6494 0 63
6495 62 63
6496 63 0
6497 63 63
6498 62 63
6499 0 62
6500 0 2
6501 0 3
6502 0 63
6503 62 0
6504 63 63
6505 0 1
6506 0 62
6507 0 63
6508 0 0
6509 0 2
6510 62 63
6511 1 0
6512 63 63
6513 0 1
6514 2 0
6515 0 0
6516 63 0
6517 62 63
6518 62 0
6519 3 0
6520 63 0
6521 63 63
6522 0 1
6523 62 0
6524 0 0
6525 2 0
6526 0 1
6527 1 0
6528 0 2
6529 63 0
6530 0 0
6531 0 3
6532 0 62
6533 0 2
6534 1 0
6535 0 63
6536 0 62
6537 0 0
6538 0 63
6539 0 62
6540 0 3
6541 0 63
6542 62 0
6543 63 0
6544 0 1
6545 0 62
6546 0 63
6547 62 0
6548 62 63
6549 0 62
6550 0 4
6551 0 3
6552 0 4
6553 0 0
6554 63 63
6555 0 3
6556 0 2
6557 0 63
6558 62 63
6559 63 63
6560 1 0
6561 0 0
6562 63 0
6563 0 62
6564 62 63
6565 1 0
6566 0 0
6567 0 63
6568 1 0
6569 63 63
6570 62 63
6571 0 1
6572 0 62
6573 62 0
6574 63 63
6575 2 0
6576 62 63
6577 63 63
6578 63 0
6579 0 63
6580 0 0
6581 62 0
6582 62 63
6583 0 1
6584 0 62
6585 0 0
6586 0 63
6587 0 1
6588 63 63
6589 62 63
6590 0 0
6591 3 0
6592 2 0
6593 63 0
6594 0 1
6595 63 63
6596 62 63
6597 1 0
6598 2 0
6599 62 0
6600 0 62
6601 63 0
6602 1 0
6603 0 63
6604 62 0
6605 0 2
6606 0 1
6607 0 2
6608 0 0
6609 0 3
6610 0 2
6611 0 62
6612 63 63
6613 62 63
6614 63 0
6615 63 63
6616 0 3
6617 0 2
6618 0 3
6619 62 0
6620 0 63
6621 0 62
6622 62 63
6623 63 63
6624 62 63
6625 0 63
6626 63 0
6627 63 63
6628 0 1
6629 0 4
6630 62 0
6631 0 62
6632 0 3
6633 0 0
6634 0 63
6635 63 0
6636 62 0
6637 0 2
6638 62 63
6639 1 0
6640 0 1
6641 0 62
6642 63 63
6643 62 63
6644 0 63
6645 63 63
6646 0 62
6647 63 0
6648 62 63
6649 0 63
6650 0 62
6651 2 0
6652 0 63
6653 0 62
6654 63 63
6655 0 63
6656 62 0
6657 62 63
6658 63 63
6659 62 63
6660 1 0
6661 63 63
6662 62 63
6663 2 0
6664 63 0
6665 1 0
6666 63 63
6667 0 62
6668 2 0
6669 62 63
6670 1 0
6671 62 0
6672 2 0
6673 0 0
6674 3 0
6675 63 0
6676 63 63
6677 0 1
6678 2 0
6679 0 0
6680 62 63
6681 62 0
6682 0 63
6683 63 0
6684 62 0
6685 63 63
6686 62 63
6687 0 62
6688 0 63
6689 63 0
6690 62 0
6691 0 62
6692 0 1
6693 0 0
6694 3 0
6695 63 63
6696 63 0
6697 0 63
6698 62 0
6699 63 0
6700 62 63
6701 63 63
6702 0 1
6703 62 0
6704 0 0
6705 0 1
6706 0 62
6707 62 63
6708 2 0
6709 0 0
6710 0 63
6711 0 1
6712 63 63
6713 1 0
6714 2 0
6715 63 0
6716 62 63
6717 63 63
6718 0 62
6719 0 63
6720 1 0
6721 62 63
6722 0 62
6723 0 63
6724 0 62
6725 63 63
6726 0 2
6727 0 1
6728 62 0
6729 0 2
6730 63 0
6731 0 63
6732 62 63
6733 62 0
6734 0 1
6735 2 0
6736 63 63
6737 0 62
6738 63 0
6739 0 0
6740 62 0
6741 0 63
6742 0 62
6743 0 63
6744 0 62
6745 3 0
6746 0 63
6747 0 62
6748 0 63
6749 0 1
6750 62 63
6751 63 0
6752 63 63
6753 62 63
6754 63 63
6755 62 63
6756 2 0
6757 1 0
6758 0 2
6759 0 0
6760 1 0
6761 63 63
6762 0 1
6763 0 62
6764 2 0
6765 62 63
6766 0 0
6767 63 63
6768 3 0
6769 2 0
6770 62 0
6771 0 1
6772 0 0
6773 62 63
6774 0 1
6775 63 63
6776 62 63
6777 0 63
6778 63 0
6779 0 62
6780 63 63
6781 0 0
6782 62 0
6783 3 0
6784 62 63
6785 0 63
6786 63 63
6787 0 62
6788 2 0
6789 62 63
6790 63 63
6791 62 63
6792 0 63
6793 0 62
6794 63 63
6795 63 0
6796 3 0
6797 0 63
6798 62 0
6799 62 63
6800 63 63
6801 62 63
6802 63 0
6803 63 63
6804 62 0
6805 62 63
6806 63 0
6807 0 1
6808 63 63
6809 2 0
6810 62 63
6811 0 0
6812 63 63
6813 62 63
6814 63 63
6815 62 63
6816 0 62
6817 63 63
6818 62 0
6819 3 0
6820 0 1
6821 62 63
6822 0 63
6823 2 0
6824 63 63
6825 1 0
6826 2 0
6827 63 0
6828 0 0
6829 62 63
6830 3 0
6831 2 0
6832 3 0
6833 62 0
6834 2 0
6835 63 0
6836 62 0
6837 0 1
6838 1 0
6839 0 2
6840 63 0
6841 62 0
6842 0 0
6843 1 0
6844 0 0
6845 63 63
6846 62 63
6847 0 3
6848 0 62
6849 0 2
6850 63 0
6851 0 63
6852 1 0
6853 0 1
6854 63 63
6855 62 63
6856 0 62
6857 0 63
6858 2 0
6859 0 62
6860 0 0
6861 3 0
6862 2 0
6863 3 0
6864 63 63
6865 62 0
6866 62 63
6867 0 1
6868 0 63
6869 2 0
6870 1 0
6871 63 0
6872 62 0
6873 2 0
6874 1 0
6875 2 0
6876 0 62
6877 1 0
6878 2 0
6879 0 63
6880 63 63
6881 62 63
6882 0 62
6883 0 0
6884 0 63
6885 3 0
6886 63 63
6887 2 0
6888 0 62
6889 0 63
6890 0 62
6891 63 0
6892 0 1
6893 0 63
6894 62 0
6895 1 0
6896 0 62
6897 63 0
6898 62 0
6899 63 0
6900 0 2
6901 62 0
6902 0 0
6903 62 63
6904 0 3
6905 0 1
6906 63 0
6907 0 63
6908 0 0
6909 0 62
6910 0 1
6911 0 0
6912 62 0
6913 63 0
6914 62 0
6915 0 1
6916 0 0
6917 63 63
6918 63 0
6919 0 1
6920 62 0
6921 0 63
6922 62 63
6923 63 0
6924 0 62
6925 63 63
6926 0 4
6927 62 63
6928 0 3
6929 0 0
6930 0 2
6931 0 63
6932 0 62
6933 62 0
6934 1 0
6935 63 0
6936 62 0
6937 0 1
6938 63 63
6939 63 0
6940 62 63
6941 62 0
6942 2 0
6943 63 0
6944 0 0
6945 62 0
6946 63 63
6947 0 63
6948 0 1
6949 0 62
6950 0 0
6951 62 63
6952 63 0
6953 63 63
6954 0 63
6955 62 63
6956 63 63
6957 3 0
6958 62 0
6959 0 1
6960 63 0
6961 0 62
6962 62 0
6963 62 63
6964 63 0
6965 2 0
6966 62 0
6967 0 0
6968 63 0
6969 3 0
6970 2 0
6971 3 0
6972 0 63
6973 62 0
6974 63 63
6975 62 63
6976 0 62
6977 2 0
6978 0 63
6979 63 0
6980 0 1
6981 0 62
6982 63 63
6983 62 63
6984 62 0
6985 63 0
6986 0 63
6987 1 0
6988 2 0
6989 62 0
6990 0 62
6991 1 0
6992 63 63
6993 0 63
6994 63 0
6995 62 0
6996 0 62
6997 0 63
6998 0 62
6999 0 63
7000 0 2
7001 0 1
7002 0 2
7003 63 0
7004 0 0
7005 1 0
7006 62 63
7007 0 1
7008 2 0
7009 1 0
7010 2 0
7011 0 0
7012 63 63
7013 62 63
7014 0 1
7015 1 0
7016 2 0
7017 62 0
7018 0 62
7019 63 0
7020 63 63
7021 62 0
7022 1 0
7023 2 0
7024 62 63
7025 0 0
7026 63 0
7027 0 63
7028 3 0
7029 0 1
7030 0 0
7031 0 62
7032 63 63
7033 62 0
7034 2 0
7035 0 1
7036 1 0
7037 63 0
7038 2 0
7039 1 0
7040 62 63
7041 0 2
7042 0 1
7043 0 63
7044 63 63
7045 62 63
7046 62 0
7047 0 2
7048 63 63
7049 63 0
7050 62 63
7051 0 0
7052 1 0
7053 0 62
7054 0 1
7055 62 0
7056 0 2
7057 63 63
7058 0 1
7059 2 0
7060 0 0
7061 0 1
7062 62 63
7063 0 63
7064 0 0
7065 63 63
7066 3 0
7067 0 62
7068 63 0
7069 2 0
7070 0 63
7071 62 0
7072 3 0
7073 2 0
7074 3 0
7075 0 1
7076 0 62
7077 2 0
7078 63 0
7079 0 63
7080 0 0
7081 62 63
7082 0 62
7083 63 63
7084 3 0
7085 62 63
7086 2 0
7087 3 0
7088 0 1
7089 2 0
7090 0 63
7091 1 0
7092 0 2
7093 0 62
7094 63 63
7095 0 63
7096 62 63
7097 0 0
7098 1 0
7099 0 1
7100 62 0
7101 0 2
7102 0 1
7103 0 62
7104 63 0
7105 63 63
7106 62 63
7107 62 0
7108 0 63
7109 2 0
7110 63 63
7111 63 0
7112 62 0
7113 0 62
7114 63 0
7115 62 63
7116 0 63
7117 63 63
7118 0 0
7119 62 63
7120 0 62
7121 3 0
7122 63 63
7123 62 0
7124 63 0
7125 62 0
7126 0 63
7127 62 63
7128 2 0
7129 0 1
7130 0 0
7131 3 0
7132 0 1
7133 63 63
7134 0 62
7135 0 0
7136 0 1
7137 63 0
7138 62 63
7139 62 0
7140 0 63
7141 0 62
7142 2 0
7143 0 0
7144 63 0
7145 0 63
7146 63 63
7147 0 1
7148 0 62
7149 0 63
7150 0 62
7151 1 0
7152 62 63
7153 62 0
7154 0 63
7155 63 0
7156 62 0
7157 0 2
7158 63 0
7159 63 63
7160 0 0
7161 62 0
7162 63 0
7163 62 0
7164 0 62
7165 0 3
7166 63 0
7167 0 1
7168 0 63
7169 62 0
7170 62 63
7171 0 62
7172 0 63
7173 0 4
7174 0 0
7175 63 63
7176 0 62
7177 63 0
7178 0 3
7179 62 63
7180 0 1
7181 0 4
7182 0 0
7183 63 63
7184 62 63
7185 0 1
7186 0 63
7187 0 3
7188 63 63
7189 0 0
7190 0 1
7191 0 62
7192 0 63
7193 0 4
7194 62 63
7195 0 0
7196 0 62
7197 0 1
7198 62 0
7199 0 3
7200 63 0
7201 0 63
7202 0 4
7203 0 62
7204 63 63
7205 0 3
7206 0 0
7207 0 1
7208 0 0
7209 62 0
7210 0 63
7211 0 2
7212 62 63
7213 63 63
7214 63 0
7215 0 62
7216 0 63
7217 0 3
7218 0 1
7219 62 0
7220 0 62
7221 0 4
7222 0 63
7223 0 0
7224 63 0
7225 0 3
7226 0 62
7227 62 63
7228 0 1
7229 0 0
7230 62 0
7231 0 2
7232 0 3
7233 0 63
7234 0 2
7235 1 0
7236 0 1
7237 63 0
7238 2 0
7239 0 0
7240 63 63
7241 0 62
7242 0 1
7243 0 63
7244 0 0
7245 0 1
7246 0 0
7247 62 63
7248 0 1
7249 63 63
7250 1 0
7251 62 63
7252 62 0
7253 0 2
7254 0 62
7255 63 63
7256 0 0
7257 63 0
7258 62 0
7259 62 63
7260 63 63
7261 63 0
7262 62 63
7263 1 0
7264 62 0
7265 0 0
7266 63 63
7267 63 0
7268 0 63
7269 62 63
7270 0 3
7271 0 2
7272 1 0
7273 63 63
7274 62 0
7275 0 0
7276 62 63
7277 63 63
7278 1 0
7279 0 0
7280 0 62
7281 1 0
7282 0 1
7283 0 63
7284 63 0
7285 2 0
7286 1 0
7287 2 0
7288 62 0
7289 62 63
7290 1 0
7291 2 0
7292 63 63
7293 0 0
7294 3 0
7295 0 1
7296 0 0
7297 0 62
7298 0 63
7299 0 1
7300 62 63
7301 0 62
7302 63 63
7303 0 0
7304 0 1
7305 63 0
7306 0 0
7307 62 0
7308 62 63
7309 63 0
7310 0 1
7311 0 0
7312 0 1
7313 0 0
7314 2 0
7315 63 63
7316 0 63
7317 0 62
7318 62 63
7319 3 0
7320 0 63
7321 0 62
7322 0 1
7323 2 0
7324 1 0
7325 0 63
7326 2 0
7327 0 62
7328 62 0
7329 0 63
7330 1 0
7331 2 0
7332 63 0
7333 63 63
7334 62 0
7335 63 0
7336 0 62
7337 0 0
7338 62 63
7339 62 0
7340 3 0
7341 0 1
7342 2 0
7343 1 0
7344 63 63
7345 62 63
7346 0 2
7347 0 1
7348 0 63
7349 63 63
7350 62 63
7351 0 62
7352 0 2
7353 0 1
7354 63 63
7355 63 0
7356 62 0
7357 0 2
7358 0 0
7359 0 63
7360 62 63
7361 63 63
7362 1 0
7363 0 62
7364 0 0
7365 0 63
7366 63 0
7367 62 0
7368 1 0
7369 0 0
7370 0 3
7371 0 62
7372 0 2
7373 63 0
7374 1 0
7375 0 0
7376 1 0
7377 0 63
7378 0 1
7379 0 2
7380 0 0
7381 62 63
7382 0 62
7383 63 63
7384 62 63
7385 62 0
7386 0 63
7387 63 63
7388 1 0
7389 0 1
7390 62 63
7391 0 2
7392 0 1
7393 2 0
7394 0 0
7395 3 0
7396 63 0
7397 63 63
7398 62 63
7399 62 0
7400 0 1
7401 0 62
7402 0 63
7403 63 63
7404 0 62
7405 0 0
7406 63 0
7407 0 63
7408 62 0
7409 0 62
7410 63 0
7411 0 1
7412 62 63
7413 62 0
7414 2 0
7415 0 63
7416 0 0
7417 0 1
7418 63 63
7419 1 0
7420 0 62
7421 0 63
7422 0 62
7423 0 2
7424 0 63
7425 62 63
7426 0 62
7427 0 0
7428 0 63
7429 0 3
7430 63 0
7431 0 1
7432 0 0
7433 63 63
7434 0 1
7435 0 0
7436 62 63
7437 63 63
7438 0 1
7439 62 63
7440 0 0
7441 0 62
7442 0 2
7443 63 63
7444 62 63
7445 0 3
7446 0 63
7447 63 63
7448 62 0
7449 0 62
7450 62 63
7451 63 63
7452 63 0
7453 0 1
7454 62 63
7455 0 63
7456 0 4
7457 0 3
7458 0 0
7459 62 0
7460 0 2
7461 1 0
7462 0 1
7463 2 0
7464 1 0
7465 0 62
7466 0 2
7467 0 63
7468 0 0
7469 0 62
7470 0 3
7471 0 63
7472 63 0
7473 0 2
7474 62 0
7475 0 3
7476 0 1
7477 63 63
7478 63 0
7479 0 0
7480 0 1
7481 62 63
7482 63 63
7483 0 0
7484 62 0
7485 63 0
7486 62 63
7487 0 1
7488 62 0
7489 0 0
7490 0 1
7491 63 63
7492 0 0
7493 63 0
7494 0 1
7495 0 0
7496 0 1
7497 62 63
7498 0 4
7499 63 63
7500 0 62
7501 0 0
7502 62 63
7503 63 63
7504 62 63
7505 0 63
7506 63 63
7507 62 0
7508 63 0
7509 62 0
7510 63 0
7511 0 3
7512 62 63
7513 0 62
7514 0 1
7515 0 4
7516 63 63
7517 62 63
7518 0 0
7519 0 1
7520 0 3
7521 0 63
7522 0 0
7523 0 2
7524 62 0
7525 0 62
7526 63 0
7527 63 63
7528 62 63
7529 0 63
7530 62 0
7531 0 62
7532 0 3
7533 63 0
7534 62 0
7535 0 1
7536 0 4
7537 63 0
7538 0 63
7539 0 0
7540 0 1
7541 0 0
7542 0 1
7543 63 63
7544 62 0
7545 62 63
7546 0 62
7547 63 0
7548 62 0
7549 63 63
7550 0 3
7551 0 63
7552 62 63
7553 0 4
7554 63 63
7555 0 3
7556 0 4
7557 63 0
7558 62 63
7559 0 62
7560 0 63
7561 63 63
7562 0 0
7563 0 62
7564 0 63
7565 62 63
7566 0 62
7567 63 63
7568 0 1
7569 0 3
7570 62 0
7571 0 0
7572 62 63
7573 0 1
7574 0 4
7575 0 3
7576 63 0
7577 63 63
7578 62 0
7579 0 4
7580 62 63
7581 0 3
7582 0 0
7583 0 63
7584 63 63
7585 0 62
7586 0 2
7587 1 0
7588 0 1
7589 63 0
7590 62 63
7591 0 63
7592 2 0
7593 1 0
7594 62 0
7595 0 62
7596 63 0
7597 62 0
7598 63 0
7599 0 2
7600 63 63
7601 62 0
7602 63 0
7603 0 0
7604 62 0
7605 63 0
7606 62 0
7607 63 0
7608 62 63
7609 63 63
7610 0 63
7611 0 3
7612 0 62
7613 0 1
7614 0 0
7615 0 63
7616 62 63
7617 0 62
7618 0 2
7619 0 3
7620 63 63
7621 0 1
7622 0 0
7623 0 1
7624 0 63
7625 0 62
7626 0 63
7627 62 63
7628 0 62
7629 62 0
7630 0 63
7631 0 62
7632 0 4
7633 63 63
7634 0 3
7635 62 63
7636 0 0
7637 63 63
7638 63 0
7639 0 2
7640 0 3
7641 0 1
7642 62 63
7643 0 4
7644 62 0
7645 0 63
7646 63 63
7647 63 0
7648 62 63
7649 0 62
7650 62 0
7651 63 0
7652 63 63
7653 62 63
7654 0 0
7655 62 0
7656 0 1
7657 63 63
7658 0 63
7659 63 0
7660 0 62
7661 0 0
7662 62 63
7663 0 1
7664 63 63
7665 62 0
7666 0 0
7667 0 1
7668 0 3
7669 0 0
7670 0 2
7671 1 0
7672 0 0
7673 0 3
7674 63 0
7675 62 0
7676 62 63
7677 63 63
7678 0 63
7679 0 1
7680 0 0
7681 0 62
7682 0 1
7683 63 0
7684 62 63
7685 0 0
7686 0 2
7687 62 0
7688 0 3
7689 0 2
7690 0 3
7691 63 63
7692 62 63
7693 0 63
7694 63 0
7695 0 1
7696 62 0
7697 63 63
7698 0 0
7699 62 63
7700 63 0
7701 0 2
7702 62 0
7703 63 0
7704 0 62
7705 0 3
7706 62 0
7707 63 63
7708 0 1
7709 63 0
7710 0 63
7711 0 0
7712 0 62
7713 0 2
7714 0 63
7715 0 3
7716 0 2
7717 1 0
7718 0 1
7719 2 0
7720 0 62
7721 62 0
7722 62 63
7723 63 63
7724 0 0
7725 62 63
7726 3 0
7727 0 63
7728 0 1
7729 0 0
7730 2 0
7731 0 62
7732 63 0
7733 63 63
7734 0 63
7735 62 0
7736 0 1
7737 1 0
7738 0 2
7739 63 0
7740 62 0
7741 0 1
7742 2 0
7743 0 0
7744 63 0
7745 62 63
7746 0 62
7747 3 0
7748 0 1
7749 0 0
7750 2 0
7751 0 1
7752 0 63
7753 63 63
7754 1 0
7755 0 62
7756 62 63
7757 0 2
7758 0 1
7759 62 0
7760 0 2
7761 0 0
7762 0 3
7763 0 1
7764 0 63
7765 63 0
7766 62 0
7767 0 0
7768 0 62
7769 0 2
7770 63 0
7771 1 0
7772 0 0
7773 0 3
7774 0 2
7775 0 63
7776 0 62
7777 0 63
7778 1 0
7779 0 0
7780 63 63
7781 1 0
7782 0 1
7783 0 2
7784 62 0
7785 62 63
7786 0 1
7787 63 63
7788 2 0
7789 63 0
7790 62 0
7791 0 62
7792 63 0
7793 0 0
7794 0 63
7795 0 1
7796 62 63
7797 0 0
7798 0 1
7799 1 0
7800 63 63
7801 2 0
7802 62 63
7803 1 0
7804 0 62
7805 0 63
7806 0 62
7807 0 63
7808 0 62
7809 0 2
7810 0 63
7811 0 1
7812 62 0
7813 0 62
7814 0 63
7815 2 0
7816 0 0
7817 0 62
7818 63 0
7819 62 0
7820 0 63
7821 0 62
7822 0 1
7823 63 0
7824 62 0
7825 1 0
7826 0 2
7827 63 63
7828 63 0
7829 62 63
7830 63 63
7831 0 1
7832 62 63
7833 0 63
7834 63 63
7835 62 0
7836 62 63
7837 63 0
7838 0 2
7839 0 1
7840 63 63
7841 0 62
7842 62 63
7843 0 63
7844 63 63
7845 0 62
7846 2 0
7847 0 63
7848 0 0
7849 3 0
7850 0 62
7851 0 1
7852 0 63
7853 2 0
7854 0 0
7855 62 0
7856 0 62
7857 62 63
7858 0 1
7859 63 63
7860 0 63
7861 63 0
7862 0 0
7863 0 1
7864 62 0
7865 1 0
7866 2 0
7867 1 0
7868 2 0
7869 0 0
7870 63 0
7871 0 62
7872 3 0
7873 0 63
7874 0 62
7875 2 0
7876 62 63
7877 62 0
7878 63 0
7879 0 63
7880 3 0
7881 62 0
7882 2 0
7883 0 62
7884 63 0
7885 0 63
7886 3 0
7887 0 62
7888 62 0
7889 2 0
7890 63 63
7891 3 0
7892 62 63
7893 63 63
7894 63 0
7895 62 63
7896 63 63
7897 62 63
7898 0 63
7899 2 0
7900 3 0
7901 2 0
7902 62 0
7903 63 0
7904 3 0
7905 0 62
7906 63 63
7907 0 1
7908 62 0
7909 0 0
7910 0 63
7911 2 0
7912 63 0
7913 3 0
7914 2 0
7915 62 0
7916 0 1
7917 0 0
7918 63 0
7919 0 62
7920 0 63
7921 62 0
7922 63 0
7923 62 0
7924 0 62
7925 63 0
7926 0 63
7927 0 62
7928 3 0
7929 62 0
7930 62 63
7931 63 63
7932 63 0
7933 0 1
7934 62 0
7935 63 0
7936 62 0
7937 0 63
7938 0 0
7939 63 0
7940 62 0
7941 2 0
7942 0 62
7943 63 0
7944 62 63
7945 63 63
7946 3 0
7947 0 1
7948 0 0
7949 2 0
7950 0 1
7951 1 0
7952 62 0
7953 63 0
7954 0 63
7955 0 62
7956 62 0
7957 0 2
7958 63 0
7959 0 0
7960 62 63
7961 0 63
7962 0 62
7963 63 63
7964 62 0
7965 0 63
7966 0 62
7967 62 63
7968 63 0
7969 1 0
7970 63 63
7971 62 63
7972 62 0
7973 0 1
7974 63 0
7975 63 63
7976 62 63
7977 0 63
7978 0 62
7979 0 2
7980 0 0
7981 1 0
7982 0 0
7983 63 63
7984 62 0
7985 0 3
7986 63 0
7987 0 1
7988 0 0
7989 0 1
7990 62 0
7991 0 0
7992 0 2
7993 0 63
7994 62 63
7995 1 0
7996 63 63
7997 0 0
7998 62 63
7999 0 3
8000 63 0
8001 63 63
8002 0 62
8003 62 63
8004 63 63
8005 0 1
8006 62 0
8007 0 0
8008 0 63
8009 0 2
8010 0 3
8011 62 63
8012 0 2
8013 63 63
8014 0 62
8015 63 0
8016 0 63
8017 0 3
8018 62 0
8019 63 0
8020 0 62
8021 0 1
8022 0 4
8023 62 63
8024 62 0
8025 0 3
8026 63 0
8027 0 4
8028 0 63
8029 0 3
8030 63 63
8031 0 4
8032 0 62
8033 0 3
8034 0 63
8035 0 4
8036 62 0
8037 0 62
8038 62 63
8039 63 63
8040 62 63
8041 63 63
8042 0 0
8043 0 63
8044 0 62
8045 62 63
8046 0 1
8047 0 3
8048 0 4
8049 63 63
8050 0 0
8051 0 63
8052 0 62
8053 0 1
8054 0 3
8055 62 63
8056 0 0
8057 0 2
8058 0 3
8059 0 2
8060 0 63
8061 63 0
8062 62 0
8063 1 0
8064 63 63
8065 0 62
8066 0 1
8067 63 0
8068 0 2
8069 62 63
8070 0 0
8071 1 0
8072 63 63
8073 0 0
8074 62 0
8075 1 0
8076 0 63
8077 0 0
8078 62 63
8079 63 63
8080 62 63
8081 63 0
8082 0 3
8083 0 2
8084 0 62
8085 62 0
8086 63 0
8087 62 0
8088 0 63
8089 0 3
8090 0 2
8091 63 0
8092 0 62
8093 63 63
8094 0 3
8095 62 0
8096 0 1
8097 0 0
8098 62 63
8099 0 1
8100 0 0
8101 63 0
8102 62 0
8103 63 0
8104 62 0
8105 0 1
8106 63 63
8107 0 0
8108 0 1
8109 62 63
8110 63 63
8111 63 0
8112 62 63
8113 0 0
8114 62 0
8115 63 63
8116 0 2
8117 1 0
8118 63 0
8119 0 63
8120 0 62
8121 62 0
8122 0 63
8123 62 63
8124 63 0
8125 62 0
8126 63 0
8127 63 63
8128 62 63
8129 62 0
8130 0 62
8131 63 0
8132 0 0
8133 62 0
8134 0 63
8135 63 63
8136 63 0
8137 0 62
8138 62 0
8139 63 0
8140 0 63
8141 0 62
8142 62 63
8143 62 0
8144 63 63
8145 1 0
8146 63 0
8147 62 63
8148 62 0
8149 63 0
8150 0 1
8151 62 0
8152 0 63
8153 63 63
8154 0 62
8155 62 63
8156 0 63
8157 63 0
8158 0 62
8159 62 0
8160 63 63
8161 0 63
8162 62 63
8163 63 0
8164 63 63
8165 0 2
8166 0 62
8167 0 63
8168 0 0
8169 0 62
8170 62 63
8171 0 3
8172 0 2
8173 62 0
8174 1 0
8175 0 63
8176 0 0
8177 0 3
8178 0 1
8179 63 63
8180 0 0
8181 63 0
8182 0 62
8183 0 63
8184 62 0
8185 63 0
8186 0 62
8187 0 63
8188 62 63
8189 63 63
8190 62 0
8191 0 1
8192 63 0
8193 0 0
8194 0 1
8195 62 63
8196 63 63
8197 0 0
8198 0 2
8199 62 63
8200 63 63
8201 62 63
8202 63 63
8203 62 63
8204 1 0
8205 0 1
8206 63 63
8207 0 62
8208 62 63
8209 62 0
8210 63 0
8211 0 63
8212 0 2
8213 63 63
8214 0 0
8215 0 62
8216 1 0
8217 62 63
8218 0 0
8219 63 63
8220 62 0
8221 1 0
8222 0 0
8223 0 63
8224 0 3
8225 0 2
8226 62 63
8227 0 62
8228 63 63
8229 63 0
8230 1 0
8231 62 0
8232 63 0
8233 62 0
8234 0 63
8235 0 1
8236 62 63
8237 0 62
8238 63 63
8239 2 0
8240 1 0
8241 63 0
8242 62 63
8243 63 63
8244 0 2
8245 62 0
8246 0 1
8247 2 0
8248 62 63
8249 63 0
8250 63 63
8251 62 63
8252 1 0
8253 62 0
8254 0 63
8255 2 0
8256 63 0
8257 63 63
8258 1 0
8259 0 2
8260 62 0
8261 62 63
8262 0 0
8263 1 0
8264 63 0
8265 62 0
8266 0 0
8267 0 62
8268 0 63
8269 63 0
8270 0 62
8271 1 0
8272 0 1
8273 0 63
8274 63 63
8275 0 62
8276 62 0
8277 62 63
8278 0 2
8279 0 0
8280 1 0
8281 0 63
8282 0 0
8283 1 0
8284 63 0
8285 0 62
8286 0 1
8287 0 63
8288 2 0
8289 0 62
8290 0 0
8291 62 0
8292 0 1
8293 0 63
8294 0 0
8295 63 0
8296 62 0
8297 0 1
8298 0 62
8299 63 0
8300 0 63
8301 63 63
8302 62 63
8303 0 0
8304 0 1
8305 63 63
8306 62 0
8307 63 0
8308 62 0
8309 0 0
8310 63 0
8311 0 1
8312 1 0
8313 0 2
8314 62 63
8315 0 0
8316 0 62
8317 63 63
8318 62 63
8319 62 0
8320 63 63
8321 62 63
8322 63 0
8323 63 63
8324 62 63
8325 62 0
8326 63 63
8327 0 63
8328 63 0
8329 0 3
8330 62 0
8331 0 1
8332 0 62
8333 63 0
8334 0 4
8335 0 63
8336 0 62
8337 62 0
8338 62 63
8339 0 63
8340 0 62
8341 63 0
8342 0 3
8343 62 0
8344 63 0
8345 0 0
8346 0 63
8347 62 0
8348 0 62
8349 0 1
8350 63 63
8351 0 0
8352 63 0
8353 0 1
8354 0 4
8355 0 63
8356 0 62
8357 0 3
8358 62 63
8359 62 0
8360 0 4
8361 0 63
8362 0 3
8363 0 62
8364 0 63
8365 63 63
8366 63 0
8367 0 4
8368 62 63
8369 63 63
8370 0 62
8371 0 0
8372 0 1
8373 0 3
8374 0 4
8375 62 0
8376 0 3
8377 0 63
8378 62 63
8379 0 4
8380 0 0
8381 63 0
8382 0 1
8383 0 62
8384 0 3
8385 0 0
8386 0 63
8387 0 62
8388 0 2
8389 62 0
8390 63 63
8391 62 63
8392 63 63
8393 1 0
8394 63 0
8395 0 63
8396 62 63
8397 0 0
8398 63 63
8399 62 0
8400 63 0
8401 62 63
8402 62 0
8403 63 63
8404 63 0
8405 0 3
8406 0 62
8407 0 1
8408 0 0
8409 0 1
8410 0 4
8411 62 63
8412 0 63
8413 0 3
8414 0 0
8415 0 62
8416 0 1
8417 63 63
8418 0 4
8419 0 63
8420 62 0
8421 0 3
8422 0 4
8423 0 3
8424 0 0
8425 0 1
8426 0 62
8427 0 63
8428 0 0
8429 62 63
8430 0 62
8431 0 1
8432 63 63
8433 0 63
8434 0 62
8435 0 4
8436 63 0
8437 0 0
8438 0 63
8439 62 63
8440 63 63
8441 0 62
8442 0 63
8443 62 63
8444 0 3
8445 62 0
8446 0 62
8447 0 63
8448 63 63
8449 0 62
8450 62 63
8451 0 1
8452 0 4
8453 0 3
8454 63 0
8455 62 0
8456 63 0
8457 0 4
8458 63 63
8459 0 63
8460 62 0
8461 0 62
8462 0 0
8463 0 3
8464 0 63
8465 0 1
8466 0 0
8467 0 62
8468 0 63
8469 0 62
8470 0 1
8471 0 4
8472 0 3
8473 0 0
8474 0 63
8475 0 1
8476 62 63
8477 63 63
8478 62 63
8479 0 4
8480 0 62
8481 63 63
8482 63 0
8483 62 63
8484 0 0
8485 0 63
8486 0 3
8487 63 63
8488 62 63
8489 0 62
8490 0 1
8491 0 63
8492 0 0
8493 0 2
8494 63 63
8495 0 62
8496 0 63
8497 1 0
8498 0 1
8499 0 2
8500 0 1
8501 0 62
8502 62 63
8503 2 0
8504 1 0
8505 0 63
8506 2 0
8507 1 0
8508 62 0
8509 2 0
8510 0 0
8511 63 63
8512 0 62
8513 0 63
8514 0 1
8515 0 62
8516 62 63
8517 0 0
8518 3 0
8519 0 1
8520 63 63
8521 0 63
8522 0 0
8523 62 63
8524 0 62
8525 0 63
8526 0 62
8527 0 63
8528 63 0
8529 0 62
8530 62 0
8531 2 0
8532 63 0
8533 3 0
8534 0 1
8535 2 0
8536 1 0
8537 62 0
8538 63 63
8539 63 0
8540 2 0
8541 62 0
8542 62 63
8543 0 63
8544 0 0
8545 0 1
8546 63 63
8547 1 0
8548 0 2
8549 63 0
8550 0 0
8551 1 0
8552 62 63
8553 0 0
8554 63 63
8555 1 0
8556 62 63
8557 62 0
8558 0 1
8559 0 2
8560 63 63
8561 0 0
8562 0 3
8563 0 1
8564 63 0
8565 62 63
8566 0 4
8567 0 3
8568 63 63
8569 0 0
8570 0 62
8571 0 1
8572 62 0
8573 0 4
8574 0 63
8575 0 0
8576 0 3
8577 0 2
8578 0 62
8579 0 63
8580 62 63
8581 0 3
8582 0 1
8583 0 62
8584 0 0
8585 63 0
8586 62 0
8587 0 2
8588 63 63
8589 1 0
8590 0 1
8591 2 0
8592 62 63
8593 63 0
8594 0 63
8595 0 62
8596 62 0
8597 63 0
8598 1 0
8599 2 0
8600 0 0
8601 0 1
8602 62 0
8603 63 0
8604 62 0
8605 63 63
8606 0 63
8607 63 0
8608 0 62
8609 62 0
8610 63 0
8611 0 0
8612 3 0
8613 62 63
8614 62 0
8615 0 63
8616 63 0
8617 0 1
8618 62 0
8619 2 0
8620 63 63
8621 62 63
8622 0 62
8623 63 63
8624 62 63
8625 0 0
8626 0 1
8627 0 63
8628 63 0
8629 63 63
8630 0 62
8631 62 0
8632 0 0
8633 3 0
8634 63 0
8635 62 63
8636 0 1
8637 63 63
8638 62 0
8639 0 0
8640 2 0
8641 0 63
8642 3 0
8643 62 63
8644 63 63
8645 0 1
8646 63 0
8647 0 62
8648 2 0
8649 0 63
8650 0 0
8651 3 0
8652 62 63
8653 0 62
8654 0 63
8655 63 63
8656 62 63
8657 63 63
8658 62 63
8659 2 0
8660 0 62
8661 0 1
8662 63 63
8663 0 63
8664 1 0
8665 0 2
8666 0 0
8667 0 3
8668 62 63
8669 0 2
8670 1 0
8671 62 0
8672 63 63
8673 62 63
8674 0 0
8675 0 3
8676 0 62
8677 0 63
8678 0 62
8679 0 2
8680 1 0
8681 0 1
8682 63 0
8683 0 2
8684 63 63
8685 62 0
8686 63 0
8687 0 0
8688 0 3
8689 0 63
8690 0 62
8691 0 2
8692 1 0
8693 62 0
8694 0 63
8695 62 63
8696 63 0
8697 0 0
8698 63 63
8699 62 0
8700 62 63
8701 1 0
8702 0 0
8703 63 0
8704 63 63
8705 62 0
8706 0 62
8707 0 3
8708 0 1
8709 0 63
8710 0 62
8711 0 63
8712 0 4
8713 0 3
8714 0 0
8715 0 62
8716 0 1
8717 0 4
8718 63 0
8719 0 63
8720 62 63
8721 62 0
8722 0 3
8723 0 0
8724 0 62
8725 0 1
8726 0 4
8727 0 3
8728 0 4
8729 63 63
8730 0 63
8731 0 3
8732 63 0
8733 0 4
8734 0 3
8735 0 62
8736 0 0
8737 0 63
8738 0 2
8739 1 0
8740 0 1
8741 0 2
8742 0 1
8743 0 62
8744 2 0
8745 62 0
8746 62 63
8747 63 63
8748 62 63
8749 63 63
8750 0 63
8751 0 0
8752 62 63
8753 63 63
8754 62 63
8755 0 62
8756 63 0
8757 0 63
8758 63 63
8759 0 62
8760 0 1
8761 62 63
8762 0 63
8763 62 0
8764 1 0
8765 0 62
8766 0 2
8767 63 63
8768 0 1
8769 62 63
8770 63 0
8771 62 0
8772 63 63
8773 62 63
8774 0 63
8775 63 0
8776 0 2
8777 0 62
8778 0 63
8779 0 0
8780 0 62
8781 63 63
8782 0 63
8783 62 63
8784 0 3
8785 62 0
8786 63 63
8787 0 62
8788 0 1
8789 0 63
8790 0 62
8791 63 0
8792 0 0
8793 0 63
8794 62 63
8795 0 62
8796 0 1
8797 0 0
8798 62 0
8799 63 0
8800 0 2
8801 63 63
8802 0 63
8803 62 0
8804 62 63
8805 0 62
8806 0 3
8807 63 0
8808 0 63
8809 0 1
8810 0 62
8811 62 0
8812 0 4
8813 63 0
8814 0 0
8815 62 0
8816 63 0
8817 0 3
8818 0 1
8819 62 0
8820 63 63
8821 0 0
8822 0 63
8823 0 2
8824 1 0
8825 62 63
8826 63 63
8827 63 0
8828 0 62
8829 0 1
8830 0 63
8831 62 0
8832 2 0
8833 0 0
8834 63 0
8835 62 63
8836 62 0
8837 3 0
8838 2 0
8839 3 0
8840 0 1
8841 0 62
8842 0 0
8843 63 63
8844 2 0
8845 63 0
8846 62 63
8847 0 63
8848 3 0
8849 0 1
8850 62 0
8851 63 0
8852 0 0
8853 0 62
8854 0 63
8855 62 0
8856 0 62
8857 63 0
8858 0 63
8859 63 63
8860 62 0
8861 2 0
8862 63 0
8863 0 62
8864 62 63
8865 0 1
8866 1 0
8867 0 63
8868 62 0
8869 63 63
8870 2 0
8871 62 63
8872 63 0
8873 0 62
8874 1 0
8875 2 0
8876 0 0
8877 0 63
8878 63 63
8879 62 0
8880 0 1
8881 62 63
8882 63 63
8883 1 0
8884 0 2
8885 63 0
8886 0 0
8887 62 0
8888 62 63
8889 63 0
8890 0 3
8891 62 0
8892 0 62
8893 63 0
8894 62 0
8895 0 1
8896 0 63
8897 0 4
8898 0 3
8899 0 62
8900 0 0
8901 63 0
8902 62 0
8903 0 63
8904 0 1
8905 63 0
8906 63 63
8907 0 62
8908 62 63
8909 63 63
8910 0 63
8911 62 63
8912 62 0
8913 0 0
8914 63 63
8915 63 0
8916 62 63
8917 0 2
8918 63 63
8919 62 0
8920 0 3
8921 63 0
8922 0 1
8923 62 0
8924 63 0
8925 0 4
8926 0 0
8927 0 1
8928 62 0
8929 62 63
8930 63 0
8931 0 62
8932 62 0
8933 63 0
8934 0 0
8935 62 0
8936 0 63
8937 0 62
8938 63 0
8939 0 1
8940 0 63
8941 0 0
8942 63 63
8943 62 0
8944 0 3
8945 0 2
8946 62 63
8947 1 0
8948 0 1
8949 2 0
8950 0 0
8951 63 0
8952 0 1
8953 1 0
8954 0 62
8955 0 63
8956 0 2
8957 0 0
8958 62 0
8959 0 62
8960 0 3
8961 63 63
8962 0 63
8963 0 2
8964 0 3
8965 0 2
8966 63 0
8967 0 62
8968 0 63
8969 0 3
8970 0 62
8971 0 1
8972 0 4
8973 0 3
8974 62 63
8975 0 0
8976 63 63
8977 0 1
8978 0 63
8979 0 4
8980 0 0
8981 62 0
8982 62 63
8983 0 62
8984 0 3
8985 63 0
8986 62 0
8987 0 1
8988 0 63
8989 0 4
8990 63 0
8991 0 3
8992 0 62
8993 0 0
8994 0 63
8995 62 0
8996 0 1
8997 63 0
8998 0 4
8999 63 63
9000 0 62
9001 0 3
9002 0 0
9003 0 2
9004 1 0
9005 62 63
9006 0 63
9007 0 1
9008 2 0
9009 63 63
9010 1 0
9011 2 0
9012 1 0
9013 0 2
9014 62 63
9015 0 62
9016 0 1
9017 0 2
9018 0 0
9019 63 63
9020 62 63
9021 0 3
9022 0 1
9023 62 0
9024 0 4
9025 63 63
9026 0 3
9027 0 4
9028 62 63
9029 0 63
9030 0 0
9031 63 63
9032 63 0
9033 0 1
9034 62 63
9035 0 3
9036 63 63
9037 62 0
9038 0 62
9039 0 4
9040 0 3
9041 62 63
9042 0 63
9043 0 0
9044 0 2
9045 0 62
9046 1 0
9047 63 0
9048 0 63
9049 0 0
9050 1 0
9051 0 0
9052 0 62
9053 63 63
9054 62 63
9055 63 63
9056 0 63
9057 62 63
9058 0 62
9059 0 3
9060 0 2
9061 1 0
9062 63 63
9063 62 0
9064 0 63
9065 0 62
9066 62 63
9067 63 63
9068 0 0
9069 0 63
9070 0 62
9071 0 3
9072 63 0
9073 62 0
9074 0 1
9075 0 4
9076 0 63
9077 63 0
9078 0 62
9079 62 0
9080 0 3
9081 63 0
9082 0 0
9083 0 63
9084 0 1
9085 0 62
9086 0 4
9087 62 0
9088 0 0
9089 62 63
9090 0 3
9091 63 63
9092 62 63
9093 0 2
9094 63 0
9095 0 3
9096 0 1
9097 62 0
9098 0 0
9099 0 2
9100 1 0
9101 0 1
9102 2 0
9103 0 0
9104 3 0
9105 63 63
9106 0 1
9107 0 63
9108 62 63
9109 0 62
9110 63 0
9111 0 63
9112 2 0
9113 0 0
9114 3 0
9115 63 63
9116 0 1
9117 0 62
9118 62 0
9119 0 63
9120 0 0
9121 63 0
9122 62 63
9123 2 0
9124 63 63
9125 62 63
9126 62 0
9127 0 1
9128 63 63
9129 63 0
9130 62 63
9131 63 63
9132 0 62
9133 62 0
9134 0 0
9135 62 63
9136 63 0
9137 3 0
9138 62 0
9139 2 0
9140 63 63
9141 62 63
9142 0 63
9143 3 0
9144 63 0
9145 62 0
9146 63 0
9147 0 1
9148 0 0
9149 2 0
9150 0 1
9151 0 0
9152 62 0
9153 63 0
9154 0 62
9155 0 63
9156 0 1
9157 62 0
9158 0 0
9159 0 1
9160 63 63
9161 0 62
9162 62 63
9163 0 0
9164 63 0
9165 63 63
9166 0 1
9167 0 0
9168 62 63
9169 3 0
9170 62 0
9171 2 0
9172 63 0
9173 3 0
9174 0 63
9175 63 63
9176 62 0
9177 2 0
9178 63 0
9179 62 0
9180 62 63
9181 63 63
9182 63 0
9183 62 63
9184 3 0
9185 2 0
9186 62 0
9187 63 63
9188 63 0
9189 0 62
9190 62 0
9191 62 63
9192 63 0
9193 3 0
9194 2 0
9195 0 63
9196 62 0
9197 63 63
9198 63 0
9199 3 0
9200 62 0
9201 62 63
9202 0 62
9203 2 0
9204 3 0
9205 63 0
9206 0 63
9207 62 0
9208 0 62
9209 0 1
9210 63 0
9211 2 0
9212 0 63
9213 62 0
9214 0 0
9215 63 63
9216 62 63
9217 0 62
9218 63 0
9219 3 0
9220 0 63
9221 62 0
9222 2 0
9223 0 62
9224 63 0
9225 3 0
9226 0 63
9227 0 62
9228 2 0
9229 62 0
9230 0 1
9231 63 63
9232 63 0
9233 62 0
9234 1 0
9235 0 63
9236 0 62
9237 0 2
9238 0 0
9239 62 63
9240 63 63
9241 0 3
9242 63 0
9243 62 63
9244 0 1
9245 63 63
9246 62 0
9247 0 0
9248 62 63
9249 0 1
9250 63 63
9251 0 0
9252 0 63
9253 0 62
9254 0 2
9255 0 63
9256 62 63
9257 63 63
9258 62 63
9259 63 0
9260 0 3
9261 0 1
9262 62 0
9263 0 4
9264 0 0
9265 0 62
9266 0 63
9267 0 1
9268 63 0
9269 0 3
9270 63 63
9271 0 62
9272 0 4
9273 62 63
9274 0 3
9275 63 63
9276 62 0
9277 62 63
9278 0 4
9279 63 63
9280 0 3
9281 0 63
9282 62 63
9283 63 63
9284 62 63
9285 0 62
9286 0 63
9287 0 4
9288 63 63
9289 0 62
9290 0 63
9291 0 62
9292 0 0
9293 62 63
9294 0 1
9295 0 0
9296 0 63
9297 0 3
9298 63 0
9299 63 63
9300 0 2
9301 62 0
9302 0 3
9303 0 2
9304 63 0
9305 62 63
9306 0 3
9307 0 2
9308 1 0
9309 62 0
9310 63 63
9311 62 63
9312 0 1
9313 63 63
9314 62 63
9315 63 63
9316 2 0
9317 63 0
9318 0 0
9319 62 63
9320 0 62
9321 3 0
9322 0 1
9323 62 0
9324 2 0
9325 0 0
9326 0 63
9327 0 62
9328 63 0
9329 63 63
9330 0 1
9331 1 0
9332 62 63
9333 0 2
9334 0 1
9335 63 63
9336 62 0
9337 62 63
9338 63 63
9339 2 0
9340 63 0
9341 62 63
9342 0 0
9343 3 0
9344 0 1
9345 0 0
9346 2 0
9347 63 63
9348 62 63
9349 62 0
9350 63 63
9351 3 0
9352 62 63
9353 63 63
9354 0 63
9355 0 1
9356 2 0
9357 1 0
9358 62 63
9359 2 0
9360 1 0
9361 63 0
9362 0 2
9363 0 1
9364 63 63
9365 0 62
9366 2 0
9367 0 63
9368 62 63
9369 0 62
9370 63 63
9371 62 63
9372 62 0
9373 63 0
9374 0 0
9375 0 1
9376 1 0
9377 2 0
9378 1 0
9379 0 63
9380 63 63
9381 0 62
9382 2 0
9383 0 63
9384 0 62
9385 0 63
9386 0 0
9387 0 1
9388 0 0
9389 62 63
9390 63 63
9391 0 62
9392 0 63
9393 3 0
9394 2 0
9395 3 0
9396 62 63
9397 0 62
9398 0 1
9399 0 63
9400 0 0
9401 62 0
9402 63 63
9403 0 1
9404 62 63
9405 63 63
9406 63 0
9407 0 62
9408 62 63
9409 0 0
9410 2 0
9411 3 0
9412 62 0
9413 0 63
9414 63 63
9415 0 62
9416 0 1
9417 62 63
9418 63 0
9419 62 0
9420 63 0
9421 0 0
9422 0 1
9423 63 63
9424 2 0
9425 0 63
9426 62 63
9427 0 62
9428 63 63
9429 62 63
9430 0 63
9431 0 62
9432 63 63
9433 0 63
9434 1 0
9435 0 2
9436 0 0
9437 62 63
9438 63 63
9439 62 63
9440 1 0
9441 0 0
9442 63 63
9443 0 3
9444 0 2
9445 62 0
9446 1 0
9447 0 0
9448 0 62
9449 63 0
9450 0 63
9451 0 3
9452 62 63
9453 0 1
9454 63 63
9455 0 62
9456 0 0
9457 0 2
9458 0 63
9459 62 63
9460 1 0
9461 0 1
9462 0 62
9463 2 0
9464 0 63
9465 0 62
9466 0 63
9467 63 63
9468 62 0
9469 1 0
9470 62 63
9471 0 2
9472 63 0
9473 63 63
9474 62 63
9475 62 0
9476 63 0
9477 0 1
9478 0 62
9479 62 0
9480 0 2
9481 0 0
9482 63 63
9483 63 0
9484 1 0
9485 0 63
9486 0 1
9487 62 63
9488 0 2
9489 0 1
9490 63 63
9491 62 0
9492 0 2
9493 62 63
9494 0 62
9495 0 63
9496 63 63
9497 62 63
9498 0 0
9499 63 0
9500 0 3
9501 0 62
9502 0 2
9503 1 0
9504 62 0
9505 0 1
9506 63 0
9507 0 63
9508 0 62
9509 62 0
9510 2 0
9511 0 0
9512 63 0
9513 63 63
9514 3 0
9515 62 0
9516 0 63
9517 0 62
9518 63 0
9519 2 0
9520 0 1
9521 1 0
9522 62 0
9523 0 63
9524 0 62
9525 0 63
9526 2 0
9527 0 0
9528 0 62
9529 0 1
9530 63 0
9531 1 0
9532 0 2
9533 0 63
9534 0 62
9535 0 0
9536 0 3
9537 0 63
9538 62 0
9539 0 1
9540 63 0
9541 0 0
9542 0 62
9543 62 63
9544 0 1
9545 62 0
9546 0 4
9547 0 3
9548 0 0
9549 0 1
9550 0 63
9551 0 62
9552 0 0
9553 0 63
9554 0 62
9555 63 63
9556 0 2
9557 62 63
9558 1 0
9559 0 1
9560 63 0
9561 0 63
9562 2 0
9563 62 0
9564 0 62
9565 0 63
9566 1 0
9567 0 2
9568 0 1
9569 63 63
9570 0 2
9571 0 1
9572 2 0
9573 0 62
9574 0 0
9575 0 63
9576 0 1
9577 63 0
9578 62 63
9579 62 0
9580 1 0
9581 0 2
9582 0 62
9583 0 1
9584 2 0
9585 1 0
9586 0 63
9587 63 0
9588 0 2
9589 63 63
9590 62 63
9591 0 62
9592 0 0
9593 1 0
9594 63 63
9595 62 0
9596 0 1
9597 62 63
9598 0 63
9599 0 62
9600 63 0
9601 2 0
9602 62 0
9603 1 0
9604 0 63
9605 63 63
9606 63 0
9607 2 0
9608 62 0
9609 1 0
9610 62 63
9611 63 63
9612 0 62
9613 0 63
9614 63 0
9615 0 62
9616 62 63
9617 0 63
9618 0 62
9619 0 63
9620 63 63
9621 62 63
9622 0 2
9623 0 0
9624 62 0
9625 63 0
9626 0 62
9627 0 3
9628 63 63
9629 0 1
9630 0 4
9631 62 0
9632 63 0
9633 62 0
9634 0 0
9635 0 3
9636 0 2
9637 1 0
9638 63 0
9639 62 0
9640 63 0
9641 0 63
9642 62 63
9643 0 0
9644 1 0
9645 0 0
9646 0 3
9647 0 2
9648 1 0
9649 0 1
9650 62 0
9651 63 63
9652 62 63
9653 0 2
9654 0 0
9655 63 63
9656 0 3
9657 62 63
9658 63 63
9659 0 2
9660 0 3
9661 62 63
9662 0 62
9663 0 2
9664 0 3
9665 63 63
9666 62 63
9667 0 2
9668 63 63
9669 0 3
9670 0 2
9671 62 63
9672 0 63
9673 63 63
9674 62 63
9675 63 0
9676 1 0
9677 0 0
9678 62 0
9679 63 0
9680 62 0
9681 63 63
9682 63 0
9683 0 62
9684 0 3
9685 62 63
9686 63 63
9687 62 63
9688 0 63
9689 62 0
9690 0 62
9691 63 0
9692 0 2
9693 0 3
9694 62 0
9695 63 0
9696 0 1
9697 0 4
9698 0 63
9699 0 0
9700 0 62
9701 62 0
9702 63 0
9703 0 3
9704 63 63
9705 62 0
9706 62 63
9707 63 0
9708 0 63
9709 63 63
9710 62 0
9711 63 0
9712 0 2
9713 1 0
9714 0 62
9715 0 0
9716 1 0
9717 0 1
9718 62 63
9719 62 0
9720 0 2
9721 0 1
9722 63 0
9723 2 0
9724 0 63
9725 0 62
9726 0 0
9727 62 0
9728 63 63
9729 62 63
9730 63 0
9731 0 1
9732 63 63
9733 1 0
9734 0 63
9735 2 0
9736 0 0
9737 3 0
9738 62 63
9739 62 0
9740 0 1
9741 2 0
9742 63 63
9743 0 0
9744 62 63
9745 0 1
9746 63 63
9747 1 0
9748 63 0
9749 62 0
9750 62 63
9751 2 0
9752 0 0
9753 0 1
9754 63 63
9755 62 63
9756 63 63
9757 62 63
9758 1 0
9759 0 2
9760 0 1
9761 63 63
9762 63 0
9763 2 0
9764 62 63
9765 0 0
9766 0 62
9767 63 63
9768 62 63
9769 0 63
9770 0 62
9771 62 0
9772 0 63
9773 3 0
9774 63 0
9775 62 0
9776 0 1
9777 63 0
9778 63 63
9779 62 63
9780 63 63
9781 0 62
9782 2 0
9783 0 63
9784 62 0
9785 0 62
9786 1 0
9787 2 0
9788 62 63
9789 0 0
9790 3 0
9791 63 63
9792 0 1
9793 0 0
9794 62 63
9795 63 63
9796 0 1
9797 63 0
9798 62 0
9799 62 63
9800 0 0
9801 0 1
9802 0 0
9803 63 63
9804 2 0
9805 63 0
9806 0 63
9807 3 0
9808 62 63
9809 2 0
9810 63 63
9811 0 1
9812 0 0
9813 62 0
9814 0 1
9815 0 0
9816 3 0
9817 62 63
9818 2 0
9819 0 1
9820 1 0
9821 63 0
9822 62 0
9823 2 0
9824 0 0
9825 0 1
9826 0 62
9827 0 0
9828 63 0
9829 62 0
9830 3 0
9831 0 63
9832 0 62
9833 63 63
9834 63 0
9835 0 1
9836 0 0
9837 0 63
9838 62 63
9839 63 63
9840 0 62
9841 0 63
9842 0 62
9843 62 0
9844 0 1
9845 63 0
9846 0 0
9847 0 63
9848 2 0
9849 0 1
9850 62 0
9851 0 62
9852 0 63
9853 0 0
9854 3 0
9855 0 62
9856 2 0
9857 0 63
9858 63 0
9859 3 0
9860 0 62
9861 0 63
9862 62 0
9863 0 62
9864 2 0
9865 0 1
9866 0 63
9867 1 0
9868 0 62
9869 0 2
9870 62 63
9871 0 1
9872 0 63
9873 2 0
9874 63 0
9875 1 0
9876 2 0
9877 63 63
9878 0 62
9879 0 0
9880 62 0
9881 3 0
9882 63 0
9883 62 63
9884 62 0
9885 63 63
9886 62 63
9887 0 1
9888 2 0
9889 63 63
9890 63 0
9891 1 0
9892 0 63
9893 2 0
9894 62 0
9895 63 0
9896 1 0
9897 62 63
9898 0 62
9899 2 0
9900 0 0
9901 62 0
9902 0 1
9903 0 0
9904 3 0
9905 2 0
9906 63 0
9907 63 63
9908 0 1
9909 62 63
9910 1 0
9911 2 0
9912 0 63
9913 0 62
9914 0 0
9915 3 0
9916 0 1
9917 0 63
9918 0 0
9919 62 0
9920 63 63
9921 62 63
9922 63 0
9923 0 62
9924 2 0
9925 0 63
9926 63 63
9927 62 0
9928 62 63
9929 0 62
9930 63 0
9931 0 63
9932 62 0
9933 63 63
9934 3 0
9935 63 0
9936 0 1
9937 0 0
9938 2 0
9939 62 63
9940 0 1
9941 0 0
9942 0 1
9943 0 62
9944 62 0
9945 0 0
9946 63 63
9947 63 0
9948 62 0
9949 0 63
9950 62 63
9951 3 0
9952 63 0
9953 63 63
9954 0 62
9955 62 63
9956 0 1
9957 0 0
9958 62 0
9959 0 1
9960 0 0
9961 0 1
9962 63 63
9963 62 63
9964 0 0
9965 63 63
9966 63 0
9967 62 0
9968 0 63
9969 0 1
9970 0 0
9971 63 0
9972 62 63
9973 63 63
9974 62 0
9975 62 63
9976 2 0
9977 0 62
9978 3 0
9979 2 0
9980 0 63
9981 0 1
9982 0 0
9983 63 63
9984 0 62
9985 3 0
9986 0 63
9987 2 0
9988 0 62
9989 0 1
9990 62 63
9991 0 0
9992 63 63
9993 0 63
9994 3 0
9995 62 63
9996 2 0
9997 3 0
9998 0 1
9999 0 0
10000 0 1
10001 2 0
10002 63 0
10003 0 62
10004 1 0
10005 0 2
10006 0 1
10007 63 63
10008 62 0
10009 2 0
10010 0 0
10011 0 63
10012 62 63
10013 0 62
10014 0 1
10015 0 0
10016 0 1
10017 0 63
10018 63 63
10019 63 0
10020 62 0
10021 0 0
10022 63 0
10023 3 0
10024 2 0
10025 62 0
10026 0 1
10027 63 0
10028 62 0
10029 63 0
10030 1 0
10031 62 63
10032 63 63
10033 2 0
10034 1 0
10035 62 0
10036 0 62
10037 0 2
10038 0 1
10039 62 63
10040 63 0
10041 0 63
10042 63 63
10043 0 2
10044 62 0
10045 0 1
10046 62 63
10047 63 63
10048 62 63
10049 63 0
10050 62 0
10051 63 0
10052 0 2
10053 0 62
10054 0 63
10055 62 0
10056 0 1
10057 0 2
10058 0 62
10059 0 0
10060 1 0
10061 0 0
10062 0 3
10063 0 63
10064 63 0
10065 63 63
10066 62 0
10067 62 63
10068 0 62
10069 63 63
10070 0 63
10071 62 63
10072 63 0
10073 0 2
10074 0 62
10075 0 63
10076 0 62
10077 0 63
10078 62 0
10079 0 62
10080 63 0
10081 1 0
10082 0 0
10083 0 3
10084 62 0
10085 0 63
10086 63 0
10087 0 2
10088 62 0
10089 63 0
10090 63 63
10091 0 3
10092 0 2
10093 62 63
10094 0 62
10095 1 0
10096 62 0
10097 0 1
10098 0 2
10099 63 63
10100 63 0
10101 0 1
10102 0 2
10103 62 0
10104 62 63
10105 0 0
10106 1 0
10107 0 63
10108 0 1
10109 63 63
10110 62 63
10111 0 2
10112 0 1
10113 0 2
10114 63 63
10115 0 1
10116 62 63
10117 63 63
10118 63 0
10119 0 62
10120 0 63
10121 0 62
10122 0 63
10123 2 0
10124 0 62
10125 0 0
10126 0 63
10127 0 62
10128 62 0
10129 3 0
10130 62 63
10131 63 0
10132 62 0
10133 63 0
10134 0 1
10135 63 63
10136 0 63
10137 62 63
10138 2 0
10139 62 0
10140 63 0
10141 0 62
10142 0 0
10143 0 1
10144 0 63
10145 0 62
10146 62 0
10147 63 0
10148 63 63
10149 0 63
10150 0 62
10151 62 0
10152 62 63
10153 63 0
10154 0 63
10155 1 0
10156 63 63
10157 62 63
10158 63 63
10159 0 2
10160 0 62
10161 62 0
10162 0 1
10163 0 2
10164 0 63
10165 63 0
10166 0 62
10167 0 0
10168 62 63
10169 0 3
10170 0 2
10171 0 3
10172 63 63
10173 0 2
10174 62 63
10175 62 0
10176 0 3
10177 63 0
10178 62 0
10179 0 63
10180 63 63
10181 0 62
10182 0 1
10183 62 63
10184 0 4
10185 0 63
10186 0 0
10187 0 3
10188 63 63
10189 63 0
10190 62 63
10191 0 62
10192 0 2
10193 0 63
10194 0 3
10195 0 1
10196 0 0
10197 0 1
10198 63 63
10199 62 63
10200 0 4
10201 0 62
10202 0 63
10203 63 63
10204 0 3
10205 62 0
10206 63 0
10207 62 0
10208 0 0
10209 0 1
10210 0 4
10211 0 62
10212 0 63
10213 0 0
10214 0 62
10215 62 63
10216 0 63
10217 0 62
10218 0 63
10219 0 3
10220 0 2
10221 0 62
10222 0 63
10223 63 63
10224 0 3
10225 0 62
10226 62 63
10227 63 0
10228 63 63
10229 62 63
10230 0 1
10231 63 63
10232 62 0
10233 63 0
10234 0 4
10235 62 0
10236 0 3
10237 0 0
10238 0 63
10239 63 0
10240 0 2
10241 0 3
10242 0 2
10243 1 0
10244 62 63
10245 0 0
10246 1 0
10247 0 62
10248 62 0
10249 63 63
10250 62 63
10251 0 63
10252 63 0
10253 62 0
10254 63 63
10255 62 63
10256 0 0
10257 63 0
10258 62 0
10259 63 0
10260 63 63
10261 62 63
10262 0 62
10263 63 63
10264 62 0
10265 63 0
10266 0 63
10267 62 0
10268 63 0
10269 62 0
10270 0 62
10271 62 63
10272 0 3
10273 0 63
10274 0 62
10275 0 1
10276 63 63
10277 63 0
10278 0 63
10279 62 0
10280 0 62
10281 62 63
10282 0 63
10283 63 63
10284 0 0
10285 0 2
10286 0 62
10287 63 0
10288 0 3
10289 0 2
10290 62 63
10291 1 0
10292 63 63
10293 0 0
10294 0 63
10295 1 0
10296 62 0
10297 63 0
10298 62 0
10299 63 0
10300 0 62
10301 0 0
10302 0 63
10303 0 62
10304 0 3
10305 62 0
10306 62 63
10307 0 63
10308 0 1
10309 0 4
10310 63 63
10311 0 3
10312 0 4
10313 63 0
10314 62 63
10315 0 62
10316 0 0
10317 62 0
10318 0 1
10319 63 63
10320 0 3
10321 0 4
10322 0 0
10323 63 0
10324 62 63
10325 0 1
10326 62 0
10327 63 0
10328 0 3
10329 0 0
10330 0 1
10331 63 63
10332 0 0
10333 62 0
10334 0 2
10335 63 0
10336 0 3
10337 62 0
10338 0 2
10339 62 63
10340 0 3
10341 0 1
10342 63 63
10343 63 0
10344 0 4
10345 0 3
10346 0 4
10347 62 0
10348 0 63
10349 63 0
10350 0 62
10351 0 63
10352 62 0
10353 0 3
10354 63 0
10355 0 0
10356 0 62
10357 62 63
10358 63 63
10359 0 1
10360 0 63
10361 62 0
10362 0 0
10363 63 0
10364 62 63
10365 63 63
10366 0 1
10367 62 63
10368 0 62
10369 62 0
10370 0 63
10371 63 0
10372 62 0
10373 0 4
10374 63 0
10375 0 3
10376 0 62
10377 0 4
10378 63 63
10379 62 63
10380 62 0
10381 63 0
10382 62 0
10383 63 63
10384 62 63
10385 0 3
10386 0 0
10387 0 2
10388 0 3
10389 0 63
10390 0 2
10391 63 0
10392 0 3
10393 0 1
10394 62 0
10395 0 62
10396 0 63
10397 63 0
10398 0 4
10399 0 0
10400 0 62
10401 0 3
10402 63 63
10403 62 0
10404 62 63
10405 63 0
10406 0 63
10407 0 1
10408 0 0
10409 0 62
10410 0 63
10411 0 1
10412 0 62
10413 0 4
10414 0 3
10415 62 0
10416 0 63
10417 63 63
10418 62 63
10419 63 0
10420 0 0
10421 63 63
10422 0 1
10423 62 0
10424 63 0
10425 0 0
10426 0 62
10427 0 1
10428 0 63
10429 62 0
10430 0 62
10431 63 0
10432 0 4
10433 62 63
10434 63 63
10435 62 0
10436 0 63
10437 62 63
10438 0 62
10439 63 0
10440 62 0
10441 0 0
10442 0 63
10443 0 62
10444 0 1
10445 63 63
10446 0 63
10447 0 3
10448 62 63
10449 63 63
10450 62 63
10451 63 0
10452 0 62
10453 62 0
10454 63 63
10455 0 0
10456 0 2
10457 0 63
10458 0 62
10459 0 3
10460 63 0
10461 62 0
10462 0 2
10463 63 0
10464 62 0
10465 62 63
10466 63 0
10467 0 3
10468 62 0
10469 0 2
10470 0 3
10471 63 0
10472 63 63
10473 62 0
10474 63 0
10475 0 2
10476 0 63
10477 0 62
10478 62 63
10479 62 0
10480 63 63
10481 62 63
10482 0 3
10483 0 1
10484 63 0
10485 63 63
10486 62 63
10487 0 63
10488 63 63
10489 0 62
10490 0 63
10491 0 0
10492 62 63
10493 63 63
10494 0 2
10495 0 62
10496 1 0
10497 62 63
10498 0 0
10499 0 3
10500 0 1
10501 63 63
10502 0 63
10503 0 0
10504 62 63
10505 0 62
10506 63 63
10507 0 1
10508 0 4
10509 0 63
10510 0 62
10511 0 63
10512 0 62
10513 0 0
10514 0 3
10515 0 2
10516 0 3
10517 62 63
10518 0 2
10519 0 3
10520 0 2
10521 62 0
10522 0 63
10523 1 0
10524 0 0
10525 0 3
10526 0 62
10527 0 1
10528 0 63
10529 0 62
10530 0 63
10531 63 0
10532 62 0
10533 0 62
10534 0 4
10535 0 0
10536 63 0
10537 62 0
10538 0 63
10539 0 1
10540 0 3
10541 0 0
10542 0 62
10543 0 63
10544 0 2
10545 63 63
10546 0 3
10547 0 62
10548 62 63
10549 63 0
10550 0 2
10551 0 3
10552 0 1
10553 0 63
10554 62 0
10555 63 63
10556 62 63
10557 63 63
10558 63 0
10559 62 63
10560 63 63
10561 0 0
10562 0 1
10563 0 62
10564 0 0
10565 0 63
10566 0 1
10567 62 0
10568 62 63
10569 0 62
10570 0 0
10571 63 0
10572 63 63
10573 0 63
10574 0 2
10575 62 0
10576 1 0
10577 62 63
10578 0 0
10579 1 0
10580 63 0
10581 62 0
10582 0 0
10583 0 3
10584 0 1
10585 0 0
10586 63 63
10587 0 2
10588 63 0
10589 0 62
10590 62 0
10591 62 63
10592 0 63
10593 63 63
10594 62 63
10595 63 63
10596 63 0
10597 62 63
10598 1 0
10599 0 1
10600 0 62
10601 0 63
10602 62 0
10603 0 2
10604 0 1
10605 0 2
10606 0 1
10607 0 2
10608 0 1
10609 0 2
10610 0 1
10611 0 2
10612 0 1
10613 2 0
10614 0 62
10615 63 0
10616 1 0
10617 2 0
10618 0 0
10619 0 63
10620 63 63
10621 3 0
10622 62 63
10623 2 0
10624 0 62
10625 62 0
10626 63 63
10627 3 0
10628 0 1
10629 63 0
10630 2 0
10631 0 63
10632 1 0
10633 0 2
10634 0 62
10635 62 0
10636 62 63
10637 0 1
10638 63 0
10639 62 0
10640 0 2
10641 63 63
10642 63 0
10643 62 63
10644 0 0
10645 1 0
10646 0 1
10647 0 2
10648 63 63
10649 62 0
10650 62 63
10651 63 0
10652 0 0
10653 63 63
10654 0 63
10655 0 3
10656 0 2
10657 62 0
10658 1 0
10659 0 62
10660 0 1
10661 2 0
10662 0 63
10663 0 0
10664 3 0
10665 62 63
10666 2 0
10667 0 1
10668 63 63
10669 62 63
10670 0 0
10671 63 0
10672 0 62
10673 62 0
10674 0 1
10675 63 63
10676 0 63
10677 62 63
10678 63 0
10679 0 62
10680 0 63
10681 63 63
10682 62 63
10683 62 0
10684 63 63
10685 0 62
10686 63 0
10687 62 0
10688 0 63
10689 1 0
10690 0 2
10691 0 0
10692 1 0
10693 63 0
10694 62 63
10695 0 62
10696 63 63
10697 0 1
10698 62 0
10699 63 0
10700 62 0
10701 0 2
10702 63 0
10703 0 0
10704 1 0
10705 62 0
10706 0 1
10707 0 2
10708 62 63
10709 0 0
10710 0 63
10711 0 62
10712 63 63
10713 63 0
10714 0 63
10715 62 0
10716 63 0
10717 62 0
10718 1 0
10719 62 63
10720 0 0
10721 63 0
10722 63 63
10723 62 63
10724 0 3
10725 0 62
10726 63 63
10727 0 1
10728 62 0
10729 0 4
10730 63 0
10731 0 63
10732 0 0
10733 62 63
10734 0 62
10735 0 63
10736 0 3
10737 0 2
10738 62 0
10739 1 0
10740 63 63
10741 0 1
10742 63 0
10743 0 62
10744 62 63
10745 62 0
10746 2 0
10747 0 63
10748 63 63
10749 1 0
10750 63 0
10751 0 2
10752 0 1
10753 62 0
10754 0 2
10755 63 0
10756 62 63
10757 0 62
10758 62 0
10759 63 0
10760 0 1
10761 2 0
10762 0 63
10763 0 0
10764 0 62
10765 3 0
10766 0 1
10767 0 0
10768 2 0
10769 0 1
10770 0 63
10771 0 62
10772 62 0
10773 0 63
10774 0 62
10775 0 63
10776 1 0
10777 63 0
10778 0 62
10779 63 63
10780 2 0
10781 0 0
10782 62 63
10783 0 63
10784 63 63
10785 3 0
10786 62 63
10787 0 62
10788 0 1
10789 0 0
10790 62 0
10791 63 63
10792 0 1
10793 0 0
10794 0 1
10795 0 0
10796 0 1
10797 0 0
10798 2 0
10799 3 0
10800 0 1
10801 62 63
10802 0 63
10803 63 63
10804 0 62
10805 62 63
10806 0 0
10807 0 1
10808 0 63
10809 2 0
10810 1 0
10811 2 0
10812 0 0
10813 0 62
10814 3 0
10815 63 63
10816 62 63
10817 63 0
10818 2 0
10819 0 63
10820 0 62
10821 63 63
10822 0 1
10823 1 0
10824 0 63
10825 0 62
10826 2 0
10827 0 63
10828 0 62
10829 62 0
10830 0 63
10831 63 0
10832 1 0
10833 0 62
10834 0 2
10835 62 63
10836 0 0
10837 0 3
10838 63 63
10839 62 63
10840 62 0
10841 0 63
10842 63 0
10843 0 1
10844 63 63
10845 0 0
10846 62 0
10847 0 2
10848 62 63
10849 63 63
10850 63 0
10851 0 62
10852 0 3
10853 0 2
10854 0 3
10855 0 1
10856 0 63
10857 0 62
10858 0 4
10859 0 0
10860 0 1
10861 62 63
10862 62 0
10863 0 3
10864 63 63
10865 0 63
10866 0 4
10867 0 0
10868 0 62
10869 0 3
10870 0 1
10871 63 0
10872 62 0
10873 0 63
10874 62 63
10875 0 62
10876 0 63
10877 63 0
10878 0 0
10879 63 63
10880 0 1
10881 62 63
10882 63 63
10883 62 63
10884 63 63
10885 0 0
10886 0 1
10887 0 62
10888 0 63
10889 0 4
10890 62 0
10891 63 0
10892 62 0
10893 62 63
10894 63 0
10895 0 3
10896 63 63
10897 62 63
10898 0 0
10899 63 63
10900 62 0
10901 0 1
10902 0 0
10903 0 1
10904 0 0
10905 0 2
10906 0 62
10907 62 63
10908 0 63
10909 0 62
10910 1 0
10911 0 1
10912 63 63
10913 62 63
10914 63 0
10915 62 0
10916 0 63
10917 63 63
10918 0 2
10919 62 63
10920 63 0
10921 63 63
10922 62 0
10923 0 62
10924 63 0
10925 62 63
10926 0 63
10927 0 0
10928 63 63
10929 1 0
10930 0 1
10931 62 0
10932 62 63
10933 63 63
10934 0 62
10935 62 63
10936 63 63
10937 63 0
10938 2 0
10939 1 0
10940 62 63
10941 62 0
10942 63 0
10943 63 63
10944 0 2
10945 0 1
10946 62 0
10947 0 63
10948 62 63
10949 63 63
10950 0 2
10951 0 0
10952 0 62
10953 0 3
10954 0 2
10955 0 63
10956 1 0
10957 0 0
10958 0 62
10959 0 63
10960 63 0
10961 62 63
10962 0 62
10963 1 0
10964 0 0
10965 62 0
10966 0 63
10967 0 62
10968 1 0
10969 0 0
10970 0 63
10971 63 63
10972 62 63
10973 63 63
10974 63 0
10975 0 3
10976 0 1
10977 0 0
10978 0 62
10979 0 63
10980 0 2
10981 0 3
10982 62 63
10983 0 1
10984 0 0
10985 0 2
10986 0 3
10987 0 62
10988 63 63
10989 0 1
10990 0 0
10991 62 0
10992 62 63
10993 0 63
10994 0 1
10995 0 4
10996 0 0
10997 63 0
10998 0 3
10999 63 63
11000 0 1
11001 62 63
11002 0 62
11003 0 4
11004 0 0
11005 0 63
11006 62 0
11007 63 63
11008 62 63
11009 63 63
11010 0 1
11011 0 3
11012 62 63
11013 63 0
11014 63 63
11015 0 4
11016 0 3
11017 62 63
11018 0 4
11019 0 3
11020 0 0
11021 62 0
11022 0 1
11023 0 0
11024 63 63
11025 62 63
11026 63 0
11027 0 2
11028 0 3
11029 0 62
11030 0 63
11031 63 63
11032 0 62
11033 62 0
11034 0 1
11035 0 0
11036 0 2
11037 62 63
11038 1 0
11039 63 0
11040 0 0
11041 62 0
11042 63 0
11043 0 63
11044 62 0
11045 0 62
11046 1 0
11047 0 0
11048 63 0
11049 62 0
11050 0 63
11051 63 0
11052 0 62
11053 0 63
11054 0 62
11055 63 63
11056 0 3
11057 62 63
11058 63 63
11059 62 63
11060 0 63
11061 62 0
11062 0 62
11063 63 63
11064 62 63
11065 63 0
11066 62 0
11067 63 0
11068 0 2
11069 62 0
11070 63 63
11071 0 3
11072 62 63
11073 0 1
11074 0 0
11075 63 0
11076 63 63
11077 0 2
11078 62 63
11079 0 3
11080 0 2
11081 1 0
11082 0 63
11083 63 63
11084 62 63
11085 62 0
11086 63 0
11087 0 62
11088 62 0
11089 0 63
11090 63 63
11091 0 0
11092 1 0
11093 0 62
11094 0 63
11095 0 0
11096 1 0
11097 0 1
11098 63 0
11099 2 0
11100 0 62
11101 0 63
11102 1 0
11103 0 2
11104 0 1
11105 62 0
11106 63 0
11107 0 2
11108 62 63
11109 63 63
11110 62 63
11111 63 63
11112 62 0
11113 63 0
11114 0 62
11115 0 1
11116 62 0
11117 62 63
11118 2 0
11119 63 0
11120 62 0
11121 63 0
11122 0 0
11123 3 0
11124 63 63
11125 2 0
11126 62 0
11127 62 63
11128 3 0
11129 0 1
11130 0 0
11131 2 0
11132 0 63
11133 63 63
11134 0 1
11135 62 63
11136 63 63
11137 0 62
11138 0 0
11139 0 1
11140 0 63
11141 0 0
11142 0 62
11143 3 0
11144 0 1
11145 2 0
11146 0 0
11147 63 0
11148 3 0
11149 0 1
11150 0 0
11151 62 63
11152 0 63
11153 0 1
11154 62 0
11155 63 0
11156 62 0
11157 63 0
11158 2 0
11159 0 0
11160 62 0
11161 3 0
11162 63 63
11163 2 0
11164 63 0
11165 62 0
11166 0 62
11167 63 0
11168 3 0
11169 62 0
11170 62 63
11171 63 63
11172 63 0
11173 0 1
11174 2 0
11175 0 0
11176 62 0
11177 0 1
11178 62 63
11179 1 0
11180 0 63
11181 0 2
11182 63 0
11183 0 0
11184 0 62
11185 62 0
11186 1 0
11187 0 1
11188 63 0
11189 2 0
11190 63 63
11191 0 0
11192 3 0
11193 62 63
11194 63 63
11195 2 0
11196 62 0
11197 62 63
11198 63 0
11199 0 63
11200 0 1
11201 0 0
11202 0 62
11203 0 1
11204 62 0
11205 0 0
11206 63 0
11207 0 1
11208 63 63
11209 0 63
11210 1 0
11211 0 2
11212 62 0
11213 62 63
11214 63 0
11215 0 0
11216 63 63
11217 0 62
11218 62 63
11219 1 0
11220 63 63
11221 62 63
11222 0 1
11223 0 63
11224 62 0
11225 63 63
11226 63 0
11227 2 0
11228 1 0
11229 0 2
11230 0 62
11231 0 1
11232 0 2
11233 0 63
11234 62 63
11235 0 1
11236 62 0
11237 0 2
11238 0 62
11239 0 0
11240 0 3
11241 0 2
11242 1 0
11243 63 0
11244 62 0
11245 0 1
11246 0 2
11247 63 63
11248 0 1
11249 0 63
11250 62 63
11251 0 62
11252 2 0
11253 0 0
11254 63 0
11255 0 63
11256 3 0
11257 63 63
11258 2 0
11259 0 62
11260 0 1
11261 1 0
11262 0 63
11263 0 2
11264 62 0
11265 62 63
11266 0 0
11267 1 0
11268 0 1
11269 2 0
11270 1 0
11271 63 63
11272 63 0
11273 0 2
11274 62 63
11275 0 62
11276 0 0
11277 62 0
11278 63 0
11279 1 0
11280 62 0
11281 0 0
11282 63 0
11283 63 63
11284 0 63
11285 0 62
11286 0 3
11287 0 1
11288 0 4
11289 0 0
11290 0 3
11291 62 63
11292 62 0
11293 63 0
11294 0 2
11295 0 63
11296 0 62
11297 0 3
11298 0 2
11299 62 0
11300 0 3
11301 0 63
11302 0 1
11303 63 63
11304 62 63
11305 63 0
11306 63 63
11307 0 0
11308 62 63
11309 63 63
11310 62 63
11311 63 63
11312 62 63
11313 0 62
11314 63 63
11315 0 1
11316 0 0
11317 62 0
11318 62 63
11319 0 63
11320 63 0
11321 62 0
11322 63 63
11323 62 63
11324 63 63
11325 63 0
11326 0 1
11327 62 0
11328 0 0
11329 63 0
11330 0 62
11331 0 63
11332 62 63
11333 0 1
11334 0 0
11335 62 0
11336 0 62
11337 0 1
11338 0 0
11339 63 0
11340 0 1
11341 63 63
11342 62 63
11343 63 63
11344 62 0
11345 63 0
11346 0 0
11347 62 0
11348 63 0
11349 0 2
11350 62 63
11351 0 3
11352 62 0
11353 0 1
11354 63 0
11355 0 0
11356 0 1
11357 0 63
11358 0 62
11359 0 0
11360 62 0
11361 0 63
11362 0 1
11363 0 0
11364 0 62
11365 0 2
11366 63 63
11367 1 0
11368 0 0
11369 62 63
11370 0 3
11371 63 0
11372 63 63
11373 0 1
11374 0 4
11375 0 63
11376 0 62
11377 0 3
11378 0 4
11379 0 0
11380 0 3
11381 0 2
11382 0 63
11383 62 0
11384 62 63
11385 0 3
11386 0 2
11387 0 62
11388 63 63
11389 63 0
11390 0 3
11391 0 63
11392 0 62
11393 0 1
11394 0 4
11395 0 3
11396 62 0
11397 0 0
11398 62 63
11399 0 63
11400 63 63
11401 0 1
11402 63 0
11403 0 0
11404 62 0
11405 63 0
11406 0 62
11407 0 1
11408 0 4
11409 62 0
11410 0 63
11411 63 0
11412 0 3
11413 0 62
11414 0 0
11415 0 63
11416 62 0
11417 0 2
11418 63 0
11419 0 62
11420 0 3
11421 0 1
11422 0 4
11423 0 63
11424 0 3
11425 0 0
11426 0 1
11427 0 62
11428 62 0
11429 0 63
11430 63 0
11431 62 63
11432 0 62
11433 63 63
11434 62 0
11435 0 0
11436 0 63
11437 0 1
11438 0 62
11439 0 4
11440 0 3
11441 0 0
11442 0 63
11443 0 2
11444 63 0
11445 0 3
11446 0 62
11447 62 63
11448 62 0
11449 63 63
11450 0 63
11451 63 0
11452 62 0
11453 0 2
11454 1 0
11455 62 63
11456 0 0
11457 63 0
11458 63 63
11459 62 63
11460 63 63
11461 1 0
11462 0 0
11463 0 62
11464 1 0
11465 0 0
11466 62 0
11467 1 0
11468 63 0
11469 62 63
11470 0 0
11471 62 0
11472 63 63
11473 63 0
11474 0 3
11475 62 63
11476 0 2
11477 62 0
11478 0 3
11479 63 0
11480 0 2
11481 63 63
11482 0 3
11483 0 1
11484 62 0
11485 0 4
11486 0 3
11487 0 63
11488 0 62
11489 63 0
11490 62 63
11491 63 63
11492 0 63
11493 0 4
11494 0 0
11495 0 3
11496 62 0
11497 63 0
11498 0 62
11499 62 63
11500 0 63
11501 63 63
11502 62 0
11503 62 63
11504 0 62
11505 63 63
11506 0 1
11507 0 4
11508 0 0
11509 62 63
11510 63 0
11511 0 3
11512 0 1
11513 62 0
11514 63 63
11515 0 63
11516 63 0
11517 0 4
11518 62 63
11519 63 63
11520 0 0
11521 62 63
11522 62 0
11523 63 0
11524 62 0
11525 63 63
11526 62 63
11527 0 62
11528 63 63
11529 0 1
11530 63 0
11531 62 0
11532 62 63
11533 63 63
11534 0 0
11535 0 63
11536 63 0
11537 62 63
11538 0 62
11539 0 1
11540 62 0
11541 63 63
11542 62 63
11543 0 3
11544 0 4
11545 63 63
11546 62 63
11547 0 63
11548 63 63
11549 63 0
11550 62 63
11551 0 62
11552 63 63
11553 0 0
11554 0 1
11555 0 3
11556 0 0
11557 0 63
11558 62 0
11559 63 0
11560 0 2
11561 62 63
11562 63 63
11563 0 3
11564 62 0
11565 0 62
11566 0 63
11567 63 0
11568 0 2
11569 0 62
11570 0 3
11571 0 1
11572 62 63
11573 62 0
11574 0 63
11575 0 62
11576 0 4
11577 0 3
11578 63 63
11579 0 0
11580 0 2
11581 0 3
11582 0 1
11583 0 4
11584 0 63
11585 0 62
11586 0 63
11587 62 63
11588 0 3
11589 0 62
11590 0 0
11591 0 2
11592 1 0
11593 63 63
11594 0 1
11595 0 2
11596 0 1
11597 63 0
11598 62 63
11599 0 63
11600 0 62
11601 2 0
11602 1 0
11603 0 2
11604 0 0
11605 63 63
11606 0 3
11607 62 63
11608 0 63
11609 0 2
11610 62 0
11611 1 0
11612 63 63
11613 63 0
11614 62 0
11615 62 63
11616 0 0
11617 63 63
11618 1 0
11619 62 63
11620 0 62
11621 0 1
11622 63 63
11623 2 0
11624 0 63
11625 0 0
11626 62 63
11627 0 62
11628 63 0
11629 63 63
11630 0 63
11631 3 0
11632 62 0
11633 63 0
11634 2 0
11635 62 63
11636 62 0
11637 0 1
11638 1 0
11639 63 63
11640 2 0
11641 0 62
11642 62 63
11643 63 63
11644 62 63
11645 0 63
11646 1 0
11647 2 0
11648 63 0
11649 63 63
11650 62 0
11651 63 0
11652 0 0
11653 0 1
11654 1 0
11655 62 63
11656 63 63
11657 62 63
11658 0 62
11659 0 63
11660 63 63
11661 0 2
11662 0 1
11663 62 0
11664 63 0
11665 0 62
11666 0 63
11667 62 63
11668 0 62
11669 2 0
11670 0 0
11671 3 0
11672 2 0
11673 62 0
11674 63 63
11675 0 1
11676 62 63
11677 63 63
11678 62 63
11679 63 63
11680 0 63
11681 0 62
11682 1 0
11683 2 0
11684 0 0
11685 63 0
11686 0 1
11687 62 63
11688 1 0
11689 63 63
11690 2 0
11691 0 63
11692 62 63
11693 0 62
11694 63 63
11695 62 0
11696 0 0
11697 63 0
11698 0 1
11699 62 0
11700 1 0
11701 62 63
11702 2 0
11703 1 0
11704 63 0
11705 2 0
11706 63 63
11707 0 0
11708 62 63
11709 0 1
11710 63 63
11711 0 63
11712 0 62
11713 0 0
11714 0 1
11715 0 0
11716 62 63
11717 0 1
11718 1 0
11719 0 63
11720 0 62
11721 2 0
11722 1 0
11723 0 63
11724 0 2
11725 0 0
11726 0 3
11727 62 0
11728 0 1
11729 63 0
11730 0 4
11731 0 0
11732 62 0
11733 0 3
11734 0 2
11735 0 3
11736 63 0
11737 63 63
11738 0 1
11739 0 62
11740 62 63
11741 0 4
11742 0 0
11743 0 63
11744 63 63
11745 62 63
11746 0 62
11747 0 63
11748 0 62
11749 62 0
11750 0 1
11751 0 3
11752 0 63
11753 0 0
11754 63 63
11755 0 2
11756 1 0
11757 63 0
11758 0 62
11759 0 0
11760 62 63
11761 0 3
11762 63 63
11763 0 2
11764 1 0
11765 62 63
11766 0 1
11767 62 0
11768 0 2
11769 0 63
11770 0 1
11771 2 0
11772 0 62
11773 0 63
11774 63 0
11775 0 0
11776 3 0
11777 0 1
11778 2 0
11779 0 0
11780 0 1
11781 0 0
11782 63 63
11783 3 0
11784 2 0
11785 3 0
11786 2 0
11787 3 0
11788 0 62
11789 62 0
11790 2 0
11791 0 63
11792 0 62
11793 62 63
11794 0 1
11795 1 0
11796 2 0
11797 0 63
11798 63 63
11799 1 0
11800 62 63
11801 0 62
11802 0 2
11803 0 1
11804 63 63
11805 63 0
11806 62 0
11807 2 0
11808 63 0
11809 62 63
11810 62 0
11811 1 0
11812 63 63
11813 63 0
11814 62 63
11815 2 0
11816 62 0
11817 0 0
11818 0 1
11819 63 0
11820 0 63
11821 63 63
11822 0 0
11823 62 63
11824 3 0
11825 2 0
11826 0 1
11827 63 63
11828 0 62
11829 62 63
11830 63 63
11831 0 0
11832 62 0
11833 0 1
11834 63 0
11835 62 0
11836 0 0
11837 0 63
11838 63 0
11839 3 0
11840 62 63
11841 2 0
11842 63 63
11843 62 63
11844 0 1
11845 62 0
11846 63 0
11847 0 62
11848 0 0
11849 62 0
11850 3 0
11851 0 63
11852 0 62
11853 63 0
11854 0 1
11855 2 0
11856 0 63
11857 62 0
11858 1 0
11859 63 63
11860 0 2
11861 63 0
11862 0 1
11863 62 0
11864 62 63
11865 2 0
11866 0 62
11867 63 63
11868 1 0
11869 62 63
11870 0 63
11871 0 62
11872 63 63
11873 0 63
11874 0 62
11875 2 0
11876 0 0
11877 3 0
11878 63 0
11879 0 1
11880 2 0
11881 0 0
11882 0 1
11883 0 0
11884 0 1
11885 62 0
11886 0 63
11887 62 63
11888 0 0
11889 0 1
11890 63 0
11891 1 0
11892 0 62
11893 62 0
11894 63 0
11895 0 2
11896 62 0
11897 0 0
11898 0 3
11899 63 63
11900 0 63
11901 0 62
11902 0 2
11903 62 63
11904 63 63
11905 0 3
11906 0 63
11907 0 2
11908 0 62
11909 0 63
11910 0 62
11911 0 63
11912 0 62
11913 0 63
11914 63 0
11915 1 0
11916 0 0
11917 0 62
11918 1 0
11919 0 63
11920 62 63
11921 0 0
11922 1 0
11923 62 0
11924 0 0
11925 1 0
11926 0 62
11927 0 63
11928 0 1
11929 0 62
11930 63 63
11931 0 2
11932 62 63
11933 0 63
11934 0 62
11935 0 1
11936 0 63
11937 2 0
11938 1 0
11939 63 63
11940 0 62
11941 0 63
11942 0 2
11943 62 63
11944 0 62
11945 63 63
11946 63 0
11947 0 63
11948 62 0
11949 63 0
11950 0 62
11951 62 63
11952 62 0
11953 63 63
11954 63 0
11955 0 1
11956 62 0
11957 0 2
11958 0 63
11959 62 63
11960 0 0
11961 63 63
11962 0 62
11963 62 63
11964 0 3
11965 0 63
11966 0 1
11967 63 0
11968 0 0
11969 62 0
11970 63 63
11971 0 62
11972 63 0
11973 0 2
11974 62 0
11975 63 0
11976 0 3
11977 62 0
11978 62 63
11979 0 1
11980 63 0
11981 63 63
11982 62 63
11983 62 0
11984 0 63
11985 0 4
11986 63 0
11987 0 0
11988 0 3
11989 62 0
11990 63 0
11991 0 62
11992 63 63
11993 62 63
11994 0 63
11995 0 2
11996 1 0
11997 63 63
11998 62 63
11999 0 1
12000 0 62
12001 2 0
12002 0 0
12003 3 0
12004 63 63
12005 62 0
12006 62 63
12007 0 1
12008 0 0
12009 63 63
12010 62 63
12011 63 63
12012 63 0
12013 62 63
12014 2 0
12015 63 63
12016 62 63
12017 63 63
12018 3 0
12019 0 1
12020 0 0
12021 0 63
12022 0 1
12023 62 63
12024 2 0
12025 0 0
12026 3 0
12027 62 0
12028 0 62
12029 0 1
12030 63 0
12031 0 0
12032 2 0
12033 0 1
12034 0 63
12035 0 0
12036 0 1
12037 62 0
12038 1 0
12039 0 62
12040 2 0
12041 63 63
12042 63 0
12043 0 0
12044 3 0
12045 0 1
12046 0 0
12047 62 63
12048 0 1
12049 0 0
12050 63 63
12051 0 1
12052 62 63
12053 63 63
12054 2 0
12055 1 0
12056 0 63
12057 62 0
12058 0 62
12059 62 63
12060 0 63
12061 2 0
12062 63 0
12063 63 63
12064 0 62
12065 62 63
12066 0 63
12067 0 62
12068 0 63
12069 63 63
12070 62 0
12071 63 0
12072 62 63
12073 63 63
12074 62 0
12075 1 0
12076 62 63
12077 0 62
12078 0 63
12079 63 63
12080 0 2
12081 62 63
12082 0 1
12083 2 0
12084 0 62
12085 63 0
12086 1 0
12087 0 2
12088 63 63
12089 62 63
12090 0 63
12091 0 1
12092 0 62
12093 2 0
12094 0 63
12095 1 0
12096 2 0
12097 1 0
12098 0 2
12099 0 0
12100 1 0
12101 63 63
12102 0 1
12103 2 0
12104 0 62
12105 0 0
12106 3 0
12107 2 0
12108 0 63
12109 0 62
12110 0 63
12111 3 0
12112 0 62
12113 0 1
12114 0 0
12115 2 0
12116 3 0
12117 62 0
12118 2 0
12119 0 1
12120 0 63
12121 1 0
12122 62 63
12123 63 0
12124 63 63
12125 62 63
12126 0 62
12127 0 63
12128 62 0
12129 63 63
12130 0 62
12131 2 0
12132 0 63
12133 63 0
12134 62 0
12135 62 63
12136 63 63
12137 63 0
12138 62 0
12139 0 0
12140 0 1
12141 0 0
12142 63 0
12143 0 62
12144 62 0
12145 3 0
12146 0 63
12147 62 63
12148 0 1
12149 2 0
12150 0 0
12151 0 1
12152 63 0
12153 62 0
12154 63 63
12155 62 63
12156 0 62
12157 0 63
12158 0 62
12159 63 63
12160 1 0
12161 0 2
12162 63 0
12163 62 63
12164 63 63
12165 0 0
12166 0 3
12167 0 2
12168 1 0
12169 0 1
12170 2 0
12171 1 0
12172 2 0
12173 0 0
12174 3 0
12175 2 0
12176 62 63
12177 3 0
12178 2 0
12179 0 63
12180 0 1
12181 0 62
12182 63 63
12183 0 0
12184 62 63
12185 63 63
12186 62 0
12187 63 0
12188 62 0
12189 0 1
12190 62 63
12191 63 63
12192 0 63
12193 0 62
12194 62 63
12195 0 63
12196 1 0
12197 0 2
12198 63 63
12199 0 0
12200 0 3
12201 63 0
12202 62 63
12203 0 1
12204 63 63
12205 0 62
12206 62 63
12207 0 0
12208 0 1
12209 0 63
12210 0 0
12211 62 0
12212 0 2
12213 0 62
12214 1 0
12215 63 0
12216 0 0
12217 0 63
12218 1 0
12219 62 0
12220 0 0
12221 0 3
12222 63 63
12223 0 62
12224 0 2
12225 0 3
12226 62 63
12227 63 0
12228 0 2
12229 63 63
12230 0 3
12231 0 1
12232 0 4
12233 0 0
12234 0 63
12235 0 3
12236 62 0
12237 0 1
12238 0 4
12239 0 0
12240 62 63
12241 63 63
12242 0 62
12243 0 1
12244 0 0
12245 0 63
12246 63 0
12247 0 1
12248 0 3
12249 62 63
12250 0 62
12251 0 0
12252 0 2
12253 1 0
12254 0 0
12255 0 63
12256 62 0
12257 0 3
12258 0 1
12259 0 62
12260 63 63
12261 0 0
12262 62 63
12263 0 2
12264 0 63
12265 1 0
12266 0 1
12267 0 62
12268 0 2
12269 0 63
12270 63 0
12271 63 63
12272 62 0
12273 0 1
12274 63 0
12275 0 62
12276 62 0
12277 63 0
12278 62 0
12279 0 2
12280 0 0
12281 62 63
12282 0 3
12283 63 0
12284 0 63
12285 0 2
12286 0 1
12287 0 62
# colocadas=12288 ocupadas=5 mayor=12938
