0 0 0
1 0 1
2 0 2
3 0 63
4 0 3
5 0 2
6 0 4
7 0 5
8 0 6
9 1 2
10 0 2
11 0 7
12 0 8
13 0 9
14 0 10
15 0 11
16 0 12
17 0 13
18 0 14
19 0 15
20 0 16
21 0 17
22 0 62
23 0 18
24 0 17
25 0 19
26 0 20
27 0 21
28 0 22
29 0 23
30 0 24
31 0 25
32 0 26
33 0 27
34 1 6
35 1 15
36 0 6
37 0 15
38 0 28
39 0 61
40 0 60
41 0 29
42 0 28
43 0 30
44 0 31
45 0 32
46 1 3
47 0 33
48 0 3
49 0 4
50 0 59
51 1 0
52 1 1
53 0 58
54 0 59
55 0 57
56 1 28
57 1 25
58 0 28
59 0 34
60 0 33
61 1 22
62 2 1
63 1 13
64 1 61
65 0 13
66 0 61
67 0 12
68 0 25
69 0 22
70 0 13
71 0 56
72 1 1
73 0 21
74 1 19
75 1 4
76 1 9
77 0 9
78 0 19
79 0 57
80 1 63
81 1 12
82 0 63
83 1 3
84 1 5
85 1 14
86 0 12
87 2 0
88 0 14
89 1 62
90 0 35
91 0 36
92 2 3
93 1 3
94 2 1
95 2 0
96 2 2
97 0 37
98 1 8
99 1 7
100 1 12
101 1 32
102 0 32
103 1 13
104 1 26
105 0 26
106 0 38
107 0 55
108 0 54
109 0 53
110 1 21
111 1 60
112 1 30
113 2 7
114 1 58
115 1 27
116 0 21
117 0 39
118 1 7
119 1 16
120 0 58
121 0 38
122 1 15
123 1 25
124 0 30
125 1 31
126 0 15
127 0 25
128 0 29
129 1 61
130 0 40
131 0 41
132 0 42
133 0 43
134 0 44
135 1 32
136 1 59
137 1 56
138 1 24
139 0 32
140 0 56
141 0 59
142 1 29
143 1 23
144 1 42
145 1 25
146 0 23
147 2 63
148 0 29
149 0 42
150 1 39
151 0 52
152 0 39
153 1 63
154 0 53
155 1 26
156 0 45
157 0 46
158 1 17
159 1 16
160 0 47
161 1 11
162 0 11
163 2 22
164 1 55
165 1 28
166 0 55
167 1 22
168 0 48
169 0 49
170 1 37
171 2 26
172 1 33
173 0 33
174 1 38
175 0 28
176 2 62
177 2 5
178 1 54
179 1 34
180 0 29
181 2 23
182 0 37
183 1 23
184 1 22
185 0 54
186 1 57
187 0 57
188 1 20
189 1 5
190 0 34
191 0 33
192 2 6
193 3 1
194 2 1
195 1 36
196 1 26
197 0 36
198 1 44
199 0 44
200 1 23
201 1 21
202 1 19
203 0 19
204 1 24
205 0 24
206 1 18
207 2 32
208 3 0
209 1 41
210 0 41
211 1 43
212 2 7
213 1 58
214 2 4
215 1 33
216 1 32
217 2 14
218 0 32
219 1 53
220 1 34
221 1 35
222 1 40
223 1 54
224 0 34
225 2 27
226 2 26
227 1 36
228 1 39
229 1 27
230 2 3
231 0 27
232 2 2
233 2 63
234 2 13
235 0 50
236 0 51
237 1 10
238 2 15
239 1 40
240 0 10
241 1 46
242 2 29
243 2 6
244 2 35
245 0 46
246 1 53
247 2 27
248 2 20
249 1 54
250 0 54
251 1 29
252 2 21
253 1 35
254 1 41
255 2 35
256 1 20
257 1 27
258 2 38
259 0 27
260 1 35
261 3 4
262 1 38
263 2 31
264 2 4
265 0 9
266 1 9
267 0 20
268 0 21
269 2 7
270 1 47
271 0 47
272 1 13
273 1 7
274 3 31
275 2 58
276 1 6
277 2 31
278 2 36
279 2 28
280 2 19
281 3 2
282 1 31
283 3 1
284 1 19
285 2 30
286 2 10
287 2 16
288 1 10
289 2 19
290 1 16
291 1 19
292 1 30
293 2 31
294 1 36
295 3 0
296 1 58
297 2 0
298 2 33
299 1 33
300 1 14
301 4 1
302 2 2
303 1 40
304 2 14
305 2 12
306 3 22
307 2 27
308 1 46
309 1 12
310 3 28
311 3 14
312 0 46
313 2 40
314 2 14
315 1 27
316 2 12
317 2 22
318 3 6
319 3 3
320 2 6
321 2 11
322 1 40
323 2 55
324 1 12
325 2 39
326 2 42
327 2 28
328 2 57
329 1 55
330 2 59
331 1 13
332 2 24
333 1 59
334 3 30
335 2 10
336 1 54
337 1 24
338 3 1
339 1 48
340 2 30
341 2 29
342 3 30
343 1 42
344 1 57
345 2 30
346 1 45
347 2 28
348 1 39
349 1 55
350 3 38
351 1 44
352 1 54
353 1 60
354 2 11
355 2 13
356 1 38
357 2 17
358 2 8
359 1 47
360 3 29
361 3 27
362 1 49
363 4 1
364 2 60
365 2 29
366 1 8
367 3 1
368 3 23
369 0 47
370 1 17
371 2 20
372 2 1
373 2 2
374 2 32
375 2 3
376 2 23
377 2 9
378 1 9
379 1 37
380 1 47
381 2 56
382 2 33
383 2 18
384 0 47
385 2 41
386 2 44
387 2 59
388 2 27
389 1 44
390 3 2
391 3 4
392 1 59
393 3 9
394 1 60
395 2 9
396 2 34
397 2 35
398 2 54
399 1 35
400 2 37
401 2 2
402 2 40
403 2 38
404 3 13
405 3 15
406 1 54
407 2 25
408 1 25
409 2 15
410 3 12
411 2 12
412 2 13
413 1 2
414 0 35
415 4 2
416 2 21
417 1 13
418 2 43
419 1 47
420 3 18
421 4 0
422 1 1
423 0 13
424 3 14
425 2 18
426 2 1
427 0 36
428 3 3
429 1 1
430 4 22
431 3 0
432 0 35
433 0 34
434 1 46
435 3 4
436 1 52
437 1 53
438 1 51
439 4 14
440 2 41
441 3 3
442 1 48
443 3 26
444 0 51
445 3 20
446 3 5
447 3 13
448 3 14
449 2 3
450 3 8
451 2 5
452 3 56
453 2 57
454 2 20
455 2 13
456 1 5
457 2 12
458 3 34
459 3 25
460 3 24
461 1 6
462 1 5
463 2 24
464 3 16
465 2 42
466 3 22
467 3 19
468 3 38
469 2 34
470 3 15
471 2 38
472 2 32
473 4 1
474 3 20
475 2 22
476 2 16
477 3 6
478 3 21
479 1 50
480 1 32
481 1 31
482 2 56
483 1 49
484 1 16
485 0 49
486 3 17
487 1 51
488 2 43
489 2 21
490 1 43
491 1 17
492 3 14
493 4 0
494 3 7
495 1 44
496 0 17
497 2 40
498 4 3
499 2 7
500 1 17
501 2 52
502 2 17
503 2 47
504 3 0
505 1 47
506 3 3
507 3 1
508 2 20
509 1 52
510 2 58
511 2 35
512 0 52
513 2 26
514 4 7
515 4 14
516 2 8
517 3 14
518 3 63
519 4 2
520 2 60
521 3 57
522 2 25
523 3 7
524 2 34
525 1 60
526 1 34
527 3 2
528 2 7
529 2 28
530 1 7
531 3 20
532 1 33
533 2 2
534 2 57
535 2 41
536 2 63
537 3 25
538 2 59
539 1 28
540 2 53
541 1 59
542 2 44
543 2 48
544 3 33
545 2 25
546 1 48
547 2 43
548 2 37
549 2 62
550 0 28
551 2 51
552 0 29
553 1 62
554 0 59
555 3 6
556 2 26
557 3 17
558 2 45
559 0 58
560 3 40
561 3 59
562 3 16
563 1 43
564 2 52
565 2 50
566 1 52
567 2 16
568 3 58
569 2 46
570 2 59
571 5 2
572 1 46
573 3 7
574 3 29
575 2 61
576 3 26
577 2 38
578 2 49
579 2 40
580 1 61
581 2 60
582 2 27
583 1 27
584 3 9
585 4 2
586 2 9
587 3 57
588 3 18
589 2 51
590 3 17
591 4 15
592 1 51
593 1 62
594 2 17
595 2 10
596 4 13
597 3 13
598 2 36
599 1 36
600 3 50
601 2 50
602 3 54
603 2 54
604 3 28
605 2 26
606 2 27
607 2 52
608 4 6
609 2 48
610 3 11
611 3 39
612 2 39
613 3 32
614 3 41
615 4 25
616 3 25
617 3 19
618 4 16
619 4 63
620 3 16
621 3 5
622 2 61
623 2 47
624 3 63
625 3 30
626 3 23
627 2 19
628 3 6
629 3 4
630 2 18
631 3 22
632 4 63
633 2 62
634 3 10
635 4 17
636 3 56
637 3 48
638 2 48
639 3 40
640 4 1
641 3 3
642 3 8
643 3 29
644 2 8
645 4 20
646 4 23
647 4 2
648 3 23
649 4 23
650 3 51
651 3 2
652 2 2
653 4 14
654 3 12
655 3 17
656 2 51
657 3 30
658 2 17
659 3 20
660 4 29
661 2 30
662 3 39
663 2 50
664 3 55
665 3 16
666 3 42
667 2 42
668 2 55
669 3 29
670 3 40
671 3 52
672 4 11
673 3 31
674 2 31
675 3 49
676 3 53
677 3 11
678 4 22
679 5 0
680 4 0
681 2 52
682 3 37
683 1 52
684 3 21
685 4 13
686 2 21
687 3 34
688 2 34
689 3 28
690 3 13
691 2 45
692 4 31
693 4 49
694 3 22
695 2 28
696 3 49
697 3 43
698 2 44
699 3 55
700 4 24
701 3 63
702 3 31
703 3 56
704 5 13
705 3 27
706 2 31
707 4 6
708 4 12
709 3 6
710 4 48
711 3 24
712 4 8
713 4 4
714 4 3
715 3 8
716 4 18
717 3 12
718 3 26
719 3 52
720 5 17
721 4 13
722 4 5
723 5 15
724 4 15
725 3 33
726 2 46
727 3 23
728 3 18
729 3 55
730 4 6
731 2 55
732 3 38
733 4 51
734 4 38
735 3 38
736 4 21
737 1 46
738 4 17
739 4 23
740 4 16
741 4 18
742 3 16
743 4 17
744 3 21
745 4 30
746 3 60
747 4 33
748 3 33
749 3 51
750 5 14
751 1 45
752 1 46
753 4 60
754 3 42
755 4 24
756 3 28
757 4 10
758 2 28
759 3 53
760 2 53
761 2 60
762 4 54
763 4 34
764 3 54
765 3 44
766 3 10
767 4 33
768 2 10
769 2 11
770 2 61
771 4 32
772 3 27
773 3 32
774 4 52
775 5 15
776 3 57
777 4 47
778 3 31
779 4 49
780 2 31
781 3 49
782 3 28
783 3 29
784 3 43
785 2 43
786 3 52
787 5 21
788 4 21
789 4 2
790 3 47
791 3 60
792 4 3
793 4 23
794 4 11
795 3 51
796 3 11
797 3 45
798 5 14
799 3 36
800 4 5
801 3 5
802 4 42
803 5 23
804 5 1
805 4 29
806 4 48
807 3 12
808 4 24
809 4 56
810 3 35
811 3 42
812 3 37
813 4 28
814 3 56
815 4 23
816 4 39
817 2 35
818 2 42
819 4 19
820 4 7
821 5 20
822 4 55
823 4 49
824 3 28
825 2 41
826 3 19
827 3 39
828 3 38
829 5 4
830 4 1
831 3 55
832 5 12
833 4 0
834 5 2
835 3 44
836 4 28
837 4 41
838 3 28
839 5 31
840 3 41
841 4 31
842 3 36
843 2 36
844 3 46
845 3 49
846 3 61
847 2 46
848 5 31
849 4 30
850 4 56
851 3 62
852 4 55
853 1 46
854 4 12
855 5 49
856 5 15
857 5 3
858 4 9
859 4 50
860 2 61
861 5 1
862 3 50
863 4 40
864 3 9
865 5 11
866 4 26
867 5 2
868 4 45
869 5 6
870 2 50
871 5 10
872 4 25
873 3 26
874 5 5
875 3 30
876 3 45
877 4 27
878 3 48
879 3 63
880 2 9
881 4 11
882 2 63
883 4 6
884 4 2
885 4 7
886 4 24
887 5 39
888 3 29
889 4 31
890 4 49
891 4 8
892 3 28
893 4 28
894 4 12
895 2 8
896 5 0
897 3 12
898 5 28
899 4 37
900 4 61
901 4 39
902 4 0
903 1 8
904 4 27
905 4 35
906 3 35
907 3 61
908 3 8
909 4 63
910 6 2
911 5 32
912 5 16
913 0 8
914 4 51
915 3 27
916 5 14
917 5 38
918 3 9
919 4 6
920 5 6
921 4 32
922 3 32
923 3 51
924 3 60
925 3 63
926 3 43
927 4 38
928 3 6
929 4 28
930 0 7
931 5 2
932 5 22
933 1 7
934 1 8
935 3 28
936 5 30
937 4 53
938 3 42
939 3 7
940 4 59
941 3 59
942 4 37
943 3 37
944 4 14
945 4 57
946 4 18
947 3 57
948 4 3
949 4 2
950 5 23
951 4 22
952 4 4
953 4 29
954 5 31
955 4 30
956 4 28
957 4 25
958 4 6
959 4 21
960 5 15
961 4 26
962 4 19
963 4 7
964 3 28
965 4 36
966 6 5
967 4 41
968 4 15
969 4 42
970 3 29
971 3 36
972 3 42
973 4 6
974 5 51
975 4 51
976 5 5
977 4 16
978 4 18
979 4 40
980 5 12
981 5 32
982 5 33
983 4 50
984 4 45
985 3 45
986 5 50
987 4 34
988 5 35
989 4 46
990 5 27
991 5 11
992 4 33
993 4 27
994 4 32
995 4 54
996 5 46
997 4 44
998 4 43
999 4 35
1000 4 46
1001 6 6
1002 3 34
1003 4 47
1004 3 33
1005 4 59
1006 3 44
1007 5 25
1008 3 47
1009 5 29
1010 5 4
1011 4 34
1012 5 24
1013 6 5
1014 4 29
1015 4 25
1016 5 53
1017 4 62
1018 5 21
1019 4 45
1020 3 59
1021 5 13
1022 3 25
1023 4 30
1024 3 45
1025 4 53
1026 6 49
1027 6 1
1028 3 53
1029 5 1
1030 5 48
1031 5 37
1032 5 36
1033 5 14
1034 5 54
1035 5 31
1036 5 51
1037 5 23
1038 5 45
1039 4 36
1040 4 23
1041 4 24
1042 4 21
1043 5 30
1044 5 19
1045 3 36
1046 3 37
1047 5 22
1048 4 51
1049 4 54
1050 5 49
1051 4 42
1052 5 3
1053 5 32
1054 4 22
1055 4 63
1056 4 48
1057 4 45
1058 3 22
1059 6 13
1060 3 21
1061 4 32
1062 4 56
1063 3 48
1064 4 44
1065 5 26
1066 6 1
1067 4 33
1068 4 26
1069 3 47
1070 6 32
1071 3 48
1072 4 45
1073 5 55
1074 4 55
1075 5 1
1076 5 13
1077 4 34
1078 5 29
1079 5 47
1080 5 38
1081 3 49
1082 3 34
1083 3 48
1084 4 58
1085 5 32
1086 3 58
1087 5 18
1088 4 18
1089 7 13
1090 5 28
1091 5 15
1092 6 0
1093 6 12
1094 5 12
1095 5 4
1096 4 57
1097 4 59
1098 5 14
1099 5 20
1100 5 63
1101 4 63
1102 5 3
1103 5 42
1104 4 42
1105 5 4
1106 6 18
1107 5 7
1108 5 56
1109 4 56
1110 6 21
1111 5 21
1112 5 6
1113 6 31
1114 6 29
1115 5 18
1116 5 17
1117 4 17
1118 5 23
1119 6 2
1120 5 2
1121 5 43
1122 5 24
1123 5 62
1124 5 58
1125 4 6
1126 5 37
1127 6 1
1128 4 62
1129 5 29
1130 6 13
1131 5 41
1132 6 30
1133 5 33
1134 4 58
1135 4 33
1136 4 41
1137 4 5
1138 6 4
1139 4 4
1140 6 15
1141 5 1
1142 6 63
1143 5 15
1144 5 63
1145 5 27
1146 5 59
1147 4 59
1148 6 48
1149 5 25
1150 4 25
1151 4 26
1152 5 42
1153 5 48
1154 6 36
1155 6 14
1156 4 42
1157 5 36
1158 5 34
1159 6 17
1160 6 2
1161 6 15
1162 5 2
1163 5 1
1164 5 44
1165 5 33
1166 5 61
1167 5 40
1168 5 46
1169 5 34
1170 5 62
1171 5 42
1172 4 42
1173 6 27
1174 6 16
1175 5 16
1176 4 34
1177 5 60
1178 4 40
1179 6 22
1180 5 34
1181 6 44
1182 4 34
1183 5 52
1184 5 27
1185 4 62
1186 6 35
1187 7 16
1188 5 22
1189 3 62
1190 6 19
1191 5 19
1192 5 44
1193 6 54
1194 5 10
1195 6 46
1196 5 46
1197 6 32
1198 5 54
1199 4 27
1200 4 26
1201 5 8
1202 6 3
1203 6 16
1204 5 32
1205 4 8
1206 4 39
1207 5 9
1208 6 20
1209 5 58
1210 6 55
1211 5 55
1212 6 9
1213 3 8
1214 6 50
1215 6 1
1216 6 18
1217 3 7
1218 5 1
1219 5 9
1220 5 51
1221 6 45
1222 5 45
1223 5 57
1224 5 11
1225 5 12
1226 6 14
1227 6 49
1228 6 53
1229 5 59
1230 4 59
1231 7 2
1232 5 38
1233 5 39
1234 6 47
1235 5 18
1236 6 62
1237 6 63
1238 6 2
1239 6 54
1240 5 47
1241 6 62
1242 6 6
1243 6 21
1244 6 18
1245 5 6
1246 6 22
1247 7 46
1248 5 22
1249 5 23
1250 5 22
1251 6 29
1252 6 17
1253 6 31
1254 6 20
1255 6 16
1256 7 14
1257 6 46
1258 5 20
1259 6 28
1260 6 30
1261 6 14
1262 6 48
1263 6 43
1264 5 30
1265 5 19
1266 6 8
1267 5 18
1268 5 31
1269 6 26
1270 5 8
1271 7 15
1272 5 26
1273 6 23
1274 4 26
1275 4 31
1276 5 9
1277 6 63
1278 6 61
1279 6 42
1280 6 51
1281 7 29
1282 5 51
1283 5 42
1284 5 63
1285 6 60
1286 6 11
1287 5 60
1288 5 11
1289 6 57
1290 6 34
1291 7 20
1292 6 32
1293 6 33
1294 6 25
1295 5 25
1296 5 59
1297 6 7
1298 5 32
1299 6 4
1300 6 20
1301 6 10
1302 7 20
1303 7 26
1304 6 20
1305 5 57
1306 6 29
1307 5 4
1308 6 24
1309 6 13
1310 6 35
1311 4 57
1312 6 56
1313 6 49
1314 6 36
1315 5 3
1316 6 14
1317 4 32
1318 6 26
1319 5 24
1320 6 9
1321 6 39
1322 7 30
1323 5 36
1324 6 5
1325 6 55
1326 6 34
1327 5 23
1328 5 22
1329 7 34
1330 5 34
1331 5 39
1332 6 30
1333 6 34
1334 7 13
1335 7 25
1336 5 32
1337 5 31
1338 7 8
1339 5 21
1340 6 50
1341 6 56
1342 6 41
1343 4 21
1344 5 33
1345 6 22
1346 5 37
1347 5 22
1348 6 44
1349 5 36
1350 7 1
1351 7 55
1352 5 50
1353 6 13
1354 5 49
1355 7 7
1356 5 56
1357 6 1
1358 6 2
1359 6 12
1360 6 40
1361 6 32
1362 5 41
1363 6 55
1364 6 8
1365 6 6
1366 7 21
1367 7 48
1368 7 27
1369 7 47
1370 6 48
1371 5 8
1372 5 42
1373 7 17
1374 8 47
1375 6 27
1376 6 45
1377 6 21
1378 7 23
1379 5 48
1380 5 27
1381 7 47
1382 6 17
1383 6 20
1384 6 23
1385 6 31
1386 6 5
1387 5 5
1388 7 9
1389 6 9
1390 7 3
1391 7 40
1392 7 11
1393 6 57
1394 6 48
1395 5 57
1396 6 54
1397 6 30
1398 6 62
1399 6 61
1400 6 46
1401 7 43
1402 7 62
1403 7 0
1404 6 52
1405 5 52
1406 6 3
1407 6 43
1408 7 16
1409 7 22
1410 7 26
1411 5 61
1412 6 16
1413 6 11
1414 6 58
1415 7 24
1416 7 48
1417 7 2
1418 6 15
1419 6 22
1420 6 48
1421 7 48
1422 8 13
1423 6 49
1424 7 8
1425 6 23
1426 7 30
1427 6 62
1428 7 10
1429 8 12
1430 7 13
1431 7 35
1432 6 22
1433 6 35
1434 6 40
1435 7 14
1436 5 49
1437 7 33
1438 7 46
1439 7 1
1440 6 59
1441 5 59
1442 6 1
1443 6 24
1444 4 49
1445 7 54
1446 6 23
1447 6 61
1448 7 29
1449 6 41
1450 7 42
1451 6 51
1452 6 30
1453 6 44
1454 6 48
1455 4 48
1456 6 54
1457 6 55
1458 8 27
1459 5 23
1460 7 45
1461 5 44
1462 5 30
1463 8 23
1464 5 29
1465 6 45
1466 7 12
1467 5 61
1468 7 28
1469 6 53
1470 5 53
1471 6 57
1472 6 12
1473 6 42
1474 6 46
1475 7 18
1476 6 38
1477 7 20
1478 7 41
1479 8 1
1480 6 20
1481 7 1
1482 6 54
1483 8 22
1484 7 27
1485 7 50
1486 6 50
1487 7 43
1488 7 23
1489 7 11
1490 6 37
1491 7 22
1492 6 52
1493 6 43
1494 6 11
1495 5 52
1496 7 56
1497 6 56
1498 7 59
1499 7 32
1500 6 32
1501 6 39
1502 6 59
1503 5 59
1504 7 58
1505 7 4
1506 6 4
1507 6 44
1508 7 34
1509 7 17
1510 6 17
1511 7 3
1512 7 49
1513 6 34
1514 7 11
1515 7 29
1516 7 31
1517 7 60
1518 8 42
1519 8 21
1520 6 29
1521 8 22
1522 6 35
1523 7 38
1524 7 55
1525 7 6
1526 6 6
1527 6 38
1528 7 51
1529 8 14
1530 7 42
1531 8 26
1532 7 12
1533 6 51
1534 6 60
1535 7 43
1536 7 21
1537 7 15
1538 7 37
1539 6 15
1540 8 16
1541 7 5
1542 7 57
1543 7 19
1544 6 19
1545 7 42
1546 7 32
1547 7 35
1548 7 25
1549 8 34
1550 8 0
1551 7 0
1552 6 57
1553 7 26
1554 6 35
1555 8 20
1556 8 58
1557 7 33
1558 7 41
1559 7 14
1560 5 57
1561 7 58
1562 6 26
1563 8 18
1564 7 59
1565 7 16
1566 8 33
1567 8 56
1568 5 26
1569 8 2
1570 5 56
1571 8 14
1572 6 16
1573 6 33
1574 7 34
1575 7 2
1576 7 62
1577 7 46
1578 7 18
1579 8 12
1580 7 12
1581 8 7
1582 5 16
1583 7 7
1584 7 42
1585 6 62
1586 6 46
1587 7 50
1588 6 17
1589 7 14
1590 6 61
1591 7 4
1592 6 47
1593 5 17
1594 5 18
1595 7 13
1596 8 6
1597 7 44
1598 7 56
1599 7 57
1600 7 6
1601 5 47
1602 7 12
1603 7 15
1604 7 52
1605 8 21
1606 7 47
1607 6 52
1608 6 44
1609 6 43
1610 8 41
1611 7 7
1612 7 16
1613 8 3
1614 6 37
1615 7 3
1616 7 46
1617 7 48
1618 8 19
1619 6 3
1620 7 63
1621 7 39
1622 5 3
1623 6 39
1624 7 56
1625 7 30
1626 8 5
1627 8 32
1628 7 24
1629 8 4
1630 8 28
1631 6 30
1632 7 62
1633 7 28
1634 6 36
1635 6 46
1636 8 38
1637 6 62
1638 7 4
1639 8 7
1640 7 35
1641 8 1
1642 5 46
1643 7 49
1644 7 9
1645 7 62
1646 6 49
1647 8 15
1648 7 23
1649 6 62
1650 7 1
1651 7 47
1652 7 5
1653 7 4
1654 7 15
1655 7 40
1656 8 13
1657 7 7
1658 8 45
1659 7 53
1660 8 17
1661 7 13
1662 8 31
1663 7 22
1664 7 45
1665 8 20
1666 7 17
1667 7 36
1668 6 36
1669 7 34
1670 8 50
1671 5 36
1672 7 46
1673 8 30
1674 7 10
1675 7 50
1676 7 9
1677 7 41
1678 7 6
1679 7 51
1680 6 9
1681 6 41
1682 7 7
1683 7 30
1684 7 45
1685 6 40
1686 7 50
1687 9 14
1688 9 2
1689 9 4
1690 8 33
1691 8 19
1692 5 40
1693 7 54
1694 8 32
1695 7 38
1696 7 21
1697 8 14
1698 6 54
1699 8 43
1700 8 2
1701 7 43
1702 7 35
1703 7 33
1704 8 3
1705 7 14
1706 6 14
1707 8 31
1708 5 14
1709 8 54
1710 8 11
1711 6 55
1712 5 55
1713 8 18
1714 8 58
1715 8 56
1716 8 37
1717 8 9
1718 7 3
1719 7 9
1720 9 18
1721 7 54
1722 6 33
1723 7 37
1724 7 56
1725 7 58
1726 8 4
1727 8 6
1728 7 31
1729 8 19
1730 7 32
1731 8 44
1732 8 27
1733 7 33
1734 8 42
1735 7 60
1736 8 38
1737 6 60
1738 7 38
1739 8 41
1740 9 3
1741 8 20
1742 7 20
1743 8 18
1744 8 8
1745 8 57
1746 7 44
1747 8 34
1748 8 42
1749 8 26
1750 9 33
1751 9 17
1752 7 26
1753 7 48
1754 7 8
1755 6 8
1756 7 62
1757 7 57
1758 7 58
1759 8 36
1760 9 0
1761 7 42
1762 8 19
1763 6 48
1764 9 18
1765 9 30
1766 8 10
1767 8 29
1768 8 0
1769 9 4
1770 9 28
1771 9 16
1772 8 18
1773 7 52
1774 9 37
1775 7 10
1776 8 30
1777 8 46
1778 7 29
1779 7 34
1780 8 47
1781 7 47
1782 8 58
1783 8 16
1784 8 45
1785 7 41
1786 7 63
1787 9 10
1788 6 41
1789 8 19
1790 9 13
1791 6 47
1792 9 17
1793 8 4
1794 9 42
1795 8 25
1796 6 63
1797 7 16
1798 8 31
1799 8 7
1800 7 7
1801 8 22
1802 8 35
1803 8 46
1804 7 36
1805 8 26
1806 6 16
1807 8 10
1808 6 17
1809 8 37
1810 8 33
1811 10 3
1812 6 36
1813 8 30
1814 7 30
1815 8 51
1816 7 22
1817 8 28
1818 8 42
1819 9 3
1820 7 49
1821 7 29
1822 7 30
1823 8 57
1824 7 57
1825 7 53
1826 7 51
1827 7 61
1828 7 63
1829 8 20
1830 8 36
1831 8 57
1832 8 12
1833 8 13
1834 10 2
1835 8 25
1836 7 25
1837 9 29
1838 8 11
1839 8 45
1840 9 36
1841 9 41
1842 7 45
1843 9 32
1844 8 40
1845 8 62
1846 6 45
1847 7 62
1848 8 32
1849 9 19
1850 9 40
1851 9 18
1852 8 36
1853 9 12
1854 10 3
1855 8 39
1856 10 2
1857 7 40
1858 7 41
1859 6 41
1860 9 9
1861 9 6
1862 8 6
1863 8 9
1864 8 59
1865 8 12
1866 8 38
1867 8 58
1868 8 63
1869 8 51
1870 7 51
1871 9 5
1872 8 24
1873 7 38
1874 8 54
1875 6 38
1876 9 46
1877 8 41
1878 8 49
1879 7 41
1880 9 58
1881 7 54
1882 8 46
1883 9 44
1884 9 41
1885 8 52
1886 8 58
1887 8 23
1888 8 25
1889 9 35
1890 10 17
1891 8 48
1892 9 40
1893 8 44
1894 8 35
1895 8 40
1896 9 7
1897 8 50
1898 7 50
1899 9 38
1900 10 16
1901 9 27
1902 9 21
1903 9 17
1904 8 7
1905 10 6
1906 8 38
1907 8 21
1908 9 18
1909 8 18
1910 8 27
1911 9 11
1912 8 55
1913 9 6
1914 8 45
1915 10 3
1916 9 3
1917 9 34
1918 8 49
1919 9 12
1920 9 15
1921 9 39
1922 8 34
1923 8 15
1924 9 11
1925 8 11
1926 9 16
1927 9 20
1928 8 51
1929 8 56
1930 7 56
1931 7 34
1932 8 39
1933 9 35
1934 10 5
1935 9 43
1936 9 28
1937 9 1
1938 8 60
1939 9 42
1940 7 35
1941 9 19
1942 9 14
1943 8 40
1944 9 37
1945 9 15
1946 9 2
1947 8 37
1948 8 15
1949 8 39
1950 9 59
1951 8 42
1952 9 26
1953 8 19
1954 8 26
1955 9 5
1956 10 7
1957 9 45
1958 7 60
1959 8 36
1960 8 59
1961 9 0
1962 9 47
1963 9 19
1964 8 47
1965 9 8
1966 8 8
1967 9 25
1968 9 46
1969 9 38
1970 8 53
1971 8 19
1972 8 60
1973 7 19
1974 9 50
1975 9 39
1976 9 27
1977 9 45
1978 9 40
1979 11 3
1980 7 53
1981 9 31
1982 10 19
1983 10 6
1984 10 2
1985 7 60
1986 9 28
1987 8 28
1988 9 44
1989 9 2
1990 9 19
1991 8 50
1992 9 23
1993 8 23
1994 9 52
1995 8 25
1996 8 49
1997 9 18
1998 9 13
1999 9 45
2000 10 29
2001 9 19
2002 8 19
2003 10 43
2004 8 52
2005 10 0
2006 7 52
2007 9 36
2008 9 32
2009 9 43
2010 9 29
2011 9 48
2012 8 36
2013 10 12
2014 10 15
2015 9 57
2016 11 12
2017 10 4
2018 8 37
2019 8 48
2020 8 61
2021 10 13
2022 8 32
2023 10 44
2024 10 38
2025 9 62
2026 9 12
2027 9 33
2028 7 61
2029 8 33
2030 9 60
2031 10 5
2032 8 57
2033 9 25
2034 8 60
2035 8 62
2036 9 4
2037 9 38
2038 9 13
2039 9 0
2040 10 14
2041 9 44
2042 10 8
2043 9 8
2044 10 17
2045 9 41
2046 9 17
2047 9 11
2048 9 24
2049 8 13
2050 10 32
2051 10 11
2052 9 32
2053 9 61
2054 10 3
2055 10 27
2056 8 11
2057 9 42
2058 9 43
2059 9 14
2060 9 3
2061 9 4
2062 9 26
2063 8 32
2064 9 30
2065 10 35
2066 9 11
2067 9 13
2068 10 16
2069 10 26
2070 9 40
2071 9 49
2072 9 34
2073 9 12
2074 9 13
2075 9 53
2076 9 35
2077 10 53
2078 11 4
2079 8 26
2080 10 15
2081 9 33
2082 9 32
2083 9 60
2084 8 32
2085 9 55
2086 8 49
2087 8 53
2088 8 35
2089 10 47
2090 10 1
2091 10 4
2092 9 12
2093 8 12
2094 11 2
2095 8 55
2096 9 1
2097 10 61
2098 10 40
2099 7 55
2100 9 47
2101 9 34
2102 9 61
2103 9 40
2104 10 28
2105 9 60
2106 8 60
2107 9 35
2108 10 12
2109 9 33
2110 9 21
2111 9 46
2112 9 51
2113 8 51
2114 10 9
2115 10 30
2116 9 32
2117 8 21
2118 8 20
2119 10 45
2120 10 18
2121 9 47
2122 10 1
2123 9 1
2124 10 8
2125 10 14
2126 8 47
2127 9 22
2128 10 46
2129 10 44
2130 9 18
2131 10 6
2132 12 3
2133 10 48
2134 11 14
2135 9 46
2136 10 29
2137 10 34
2138 9 29
2139 9 48
2140 10 60
2141 10 15
2142 9 26
2143 10 37
2144 9 19
2145 9 8
2146 9 34
2147 11 3
2148 11 44
2149 9 59
2150 8 54
2151 9 37
2152 10 43
2153 9 35
2154 9 58
2155 10 8
2156 10 20
2157 10 31
2158 10 14
2159 9 54
2160 10 32
2161 8 54
2162 9 20
2163 8 37
2164 11 13
2165 10 2
2166 10 10
2167 9 10
2168 9 63
2169 11 29
2170 9 43
2171 8 58
2172 10 1
2173 10 3
2174 9 56
2175 8 43
2176 9 36
2177 10 63
2178 9 37
2179 9 62
2180 8 37
2181 11 46
2182 9 39
2183 9 19
2184 9 63
2185 8 27
2186 10 46
2187 9 40
2188 9 9
2189 9 43
2190 8 53
2191 9 8
2192 10 29
2193 9 14
2194 10 48
2195 9 32
2196 7 53
2197 10 59
2198 7 27
2199 9 18
2200 8 8
2201 10 19
2202 9 42
2203 8 40
2204 8 14
2205 10 4
2206 7 28
2207 8 13
2208 9 13
2209 9 1
2210 10 44
2211 7 40
2212 8 9
2213 9 59
2214 11 30
2215 10 16
2216 8 56
2217 11 47
2218 10 9
2219 6 28
2220 9 14
2221 8 63
2222 9 58
2223 10 49
2224 10 58
2225 9 13
2226 7 28
2227 8 36
2228 9 19
2229 11 45
2230 9 48
2231 12 2
2232 9 49
2233 10 45
2234 12 13
2235 9 33
2236 9 32
2237 11 12
2238 7 27
2239 10 24
2240 9 24
2241 10 42
2242 12 30
2243 9 27
2244 10 59
2245 9 57
2246 11 31
2247 8 27
2248 10 28
2249 11 30
2250 11 17
2251 9 21
2252 9 22
2253 10 18
2254 10 19
2255 10 43
2256 10 51
2257 8 22
2258 9 51
2259 10 36
2260 10 17
2261 11 2
2262 10 12
2263 10 10
2264 11 1
2265 9 58
2266 9 47
2267 9 17
2268 10 9
2269 10 31
2270 10 33
2271 11 12
2272 9 33
2273 12 1
2274 10 27
2275 10 39
2276 10 23
2277 9 0
2278 9 48
2279 10 28
2280 10 62
2281 12 0
2282 11 2
2283 8 53
2284 9 28
2285 11 46
2286 8 54
2287 9 53
2288 11 16
2289 11 0
2290 10 12
2291 10 5
2292 9 23
2293 9 39
2294 9 29
2295 10 29
2296 10 20
2297 8 0
2298 9 20
2299 9 28
2300 10 2
2301 10 11
2302 9 2
2303 12 14
2304 11 32
2305 9 11
2306 10 63
2307 11 33
2308 9 63
2309 11 13
2310 8 23
2311 7 23
2312 10 6
2313 9 41
2314 9 42
2315 9 61
2316 10 44
2317 10 52
2318 10 33
2319 11 63
2320 8 61
2321 9 52
2322 9 62
2323 11 36
2324 10 30
2325 9 26
2326 10 36
2327 10 0
2328 10 37
2329 9 49
2330 10 15
2331 9 37
2332 10 63
2333 11 3
2334 10 3
2335 9 57
2336 8 26
2337 8 27
2338 9 0
2339 8 26
2340 10 0
2341 10 11
2342 10 53
2343 10 14
2344 9 48
2345 10 46
2346 9 14
2347 11 31
2348 9 13
2349 10 8
2350 9 49
2351 10 7
2352 11 45
2353 11 44
2354 10 34
2355 11 11
2356 9 46
2357 11 15
2358 10 50
2359 10 22
2360 11 7
2361 11 17
2362 11 16
2363 9 22
2364 10 43
2365 11 63
2366 11 10
2367 10 55
2368 10 26
2369 10 44
2370 9 55
2371 9 44
2372 8 44
2373 10 10
2374 9 26
2375 10 11
2376 10 61
2377 11 39
2378 12 13
2379 11 14
2380 9 11
2381 11 23
2382 10 9
2383 11 0
2384 12 0
2385 9 9
2386 10 7
2387 12 17
2388 11 42
2389 10 47
2390 11 18
2391 9 47
2392 12 14
2393 10 39
2394 11 1
2395 10 41
2396 11 40
2397 10 45
2398 9 39
2399 11 48
2400 10 56
2401 10 25
2402 9 25
2403 9 41
2404 10 1
2405 10 18
2406 10 54
2407 11 29
2408 9 54
2409 9 56
2410 11 17
2411 10 46
2412 9 42
2413 11 47
2414 11 0
2415 10 16
2416 9 16
2417 10 19
2418 9 43
2419 10 23
2420 12 44
2421 12 30
2422 12 16
2423 10 44
2424 10 47
2425 11 6
2426 10 63
2427 9 57
2428 10 40
2429 10 14
2430 10 42
2431 10 60
2432 11 49
2433 10 49
2434 10 29
2435 10 18
2436 11 9
2437 10 9
2438 10 15
2439 11 18
2440 10 21
2441 11 41
2442 10 45
2443 12 15
2444 12 13
2445 10 51
2446 9 15
2447 9 51
2448 9 45
2449 11 15
2450 10 41
2451 10 46
2452 8 45
2453 7 45
2454 11 16
2455 11 20
2456 10 20
2457 10 22
2458 11 35
2459 10 18
2460 11 30
2461 11 8
2462 10 59
2463 10 8
2464 12 14
2465 10 35
2466 9 18
2467 12 9
2468 8 18
2469 11 38
2470 11 9
2471 11 43
2472 11 48
2473 10 43
2474 11 12
2475 8 17
2476 11 32
2477 10 60
2478 11 42
2479 10 57
2480 8 16
2481 12 1
2482 10 52
2483 10 4
2484 11 7
2485 12 47
2486 10 5
2487 12 46
2488 11 1
2489 12 11
2490 11 36
2491 10 12
2492 11 34
2493 11 47
2494 10 13
2495 11 53
2496 10 34
2497 9 4
2498 8 4
2499 10 53
2500 10 59
2501 10 6
2502 11 44
2503 11 45
2504 11 27
2505 10 27
2506 11 11
2507 12 2
2508 10 51
2509 11 10
2510 12 1
2511 11 49
2512 13 15
2513 11 1
2514 12 10
2515 10 60
2516 10 56
2517 11 26
2518 10 58
2519 10 26
2520 11 48
2521 11 37
2522 10 37
2523 10 55
2524 10 49
2525 12 8
2526 13 9
2527 9 55
2528 9 56
2529 11 8
2530 12 9
2531 12 15
2532 9 57
2533 9 58
2534 11 59
2535 11 25
2536 12 37
2537 11 29
2538 10 25
2539 11 54
2540 11 30
2541 11 44
2542 11 37
2543 10 54
2544 11 58
2545 10 55
2546 11 40
2547 12 12
2548 9 54
2549 11 19
2550 11 12
2551 11 5
2552 10 58
2553 10 59
2554 10 40
2555 11 52
2556 11 50
2557 9 53
2558 11 41
2559 11 31
2560 10 5
2561 12 13
2562 11 4
2563 11 22
2564 11 42
2565 9 5
2566 11 47
2567 9 40
2568 12 10
2569 11 24
2570 10 50
2571 10 51
2572 10 22
2573 12 18
2574 10 24
2575 11 57
2576 11 39
2577 11 46
2578 11 30
2579 11 45
2580 11 18
2581 10 50
2582 12 3
2583 12 36
2584 11 43
2585 13 10
2586 10 42
2587 10 52
2588 10 53
2589 9 42
2590 11 62
2591 13 16
2592 11 46
2593 13 14
2594 11 10
2595 12 17
2596 11 56
2597 10 46
2598 12 44
2599 11 38
2600 11 33
2601 10 38
2602 11 35
2603 12 35
2604 14 15
2605 10 56
2606 11 63
2607 12 57
2608 12 63
2609 11 0
2610 11 1
2611 11 34
2612 11 58
2613 13 15
2614 11 17
2615 10 1
2616 10 33
2617 10 32
2618 10 63
2619 11 6
2620 11 28
2621 10 2
2622 11 7
2623 12 34
2624 12 26
2625 12 14
2626 13 14
2627 12 45
2628 12 16
2629 9 63
2630 11 44
2631 11 57
2632 11 27
2633 10 28
2634 13 45
2635 13 8
2636 10 58
2637 11 8
2638 12 47
2639 12 2
2640 9 28
2641 13 7
2642 9 58
2643 11 47
2644 10 27
2645 12 10
2646 11 26
2647 11 11
2648 11 5
2649 11 21
2650 12 38
2651 12 45
2652 11 38
2653 12 17
2654 11 63
2655 10 63
2656 11 2
2657 12 18
2658 12 16
2659 13 18
2660 11 1
2661 12 50
2662 11 18
2663 12 41
2664 11 41
2665 12 14
2666 11 27
2667 12 36
2668 12 58
2669 11 14
2670 12 44
2671 11 55
2672 11 7
2673 11 36
2674 12 7
2675 12 40
2676 12 18
2677 11 58
2678 14 14
2679 11 6
2680 11 12
2681 12 9
2682 11 54
2683 12 12
2684 11 33
2685 10 54
2686 12 10
2687 10 61
2688 12 27
2689 10 12
2690 11 25
2691 11 10
2692 11 34
2693 11 24
2694 12 35
2695 10 13
2696 10 14
2697 11 60
2698 12 17
2699 10 53
2700 9 61
2701 8 61
2702 9 53
2703 12 0
2704 12 16
2705 11 0
2706 13 17
2707 9 54
2708 12 15
2709 11 5
2710 12 28
2711 11 52
2712 11 31
2713 9 43
2714 9 44
2715 11 46
2716 12 55
2717 11 53
2718 12 11
2719 12 60
2720 11 25
2721 13 8
2722 12 8
2723 10 5
2724 11 5
2725 10 5
2726 11 30
2727 11 59
2728 10 60
2729 13 14
2730 12 19
2731 12 16
2732 11 28
2733 11 1
2734 11 29
2735 11 55
2736 13 44
2737 11 52
2738 11 20
2739 12 36
2740 11 26
2741 10 52
2742 11 50
2743 11 30
2744 10 1
2745 10 20
2746 10 43
2747 13 7
2748 12 6
2749 11 16
2750 10 53
2751 10 26
2752 10 30
2753 9 30
2754 12 29
2755 10 50
2756 11 6
2757 13 16
2758 10 25
2759 12 39
2760 12 27
2761 12 9
2762 13 45
2763 11 58
2764 10 26
2765 11 4
2766 11 51
2767 11 29
2768 14 13
2769 10 4
2770 11 39
2771 10 39
2772 9 4
2773 13 17
2774 11 19
2775 11 27
2776 9 39
2777 12 18
2778 12 37
2779 10 19
2780 11 44
2781 12 35
2782 11 47
2783 12 49
2784 12 13
2785 12 31
2786 11 13
2787 11 50
2788 11 52
2789 11 31
2790 12 10
2791 12 3
2792 11 3
2793 12 16
2794 13 36
2795 11 51
2796 12 41
2797 12 6
2798 13 40
2799 12 46
2800 12 5
2801 11 41
2802 12 40
2803 12 27
2804 11 5
2805 12 48
2806 12 19
2807 11 59
2808 13 11
2809 11 42
2810 12 38
2811 12 50
2812 11 53
2813 13 15
2814 10 53
2815 11 50
2816 11 48
2817 12 7
2818 11 27
2819 10 27
2820 10 59
2821 12 28
2822 12 15
2823 10 50
2824 12 21
2825 11 38
2826 12 26
2827 13 3
2828 10 58
2829 12 47
2830 13 39
2831 11 22
2832 10 49
2833 12 52
2834 13 9
2835 10 50
2836 12 4
2837 11 4
2838 11 21
2839 10 21
2840 12 3
2841 12 27
2842 13 52
2843 12 9
2844 10 61
2845 12 49
2846 11 39
2847 12 12
2848 12 50
2849 11 23
2850 10 20
2851 11 26
2852 13 37
2853 11 12
2854 10 21
2855 12 36
2856 12 1
2857 12 37
2858 12 32
2859 13 8
2860 13 13
2861 13 37
2862 12 59
2863 12 39
2864 12 30
2865 12 20
2866 13 28
2867 13 2
2868 12 35
2869 11 22
2870 12 46
2871 10 22
2872 11 60
2873 11 46
2874 12 28
2875 11 61
2876 11 28
2877 13 44
2878 10 60
2879 12 52
2880 11 43
2881 11 22
2882 10 59
2883 11 60
2884 11 30
2885 11 47
2886 13 47
2887 12 2
2888 13 35
2889 11 2
2890 13 38
2891 13 45
2892 11 52
2893 11 35
2894 11 48
2895 12 47
2896 11 42
2897 12 37
2898 12 49
2899 13 6
2900 12 46
2901 12 45
2902 11 41
2903 13 9
2904 13 4
2905 11 25
2906 12 18
2907 11 45
2908 12 6
2909 11 58
2910 14 14
2911 10 25
2912 9 25
2913 10 58
2914 10 41
2915 12 11
2916 13 5
2917 11 41
2918 12 0
2919 12 13
2920 13 29
2921 12 19
2922 12 47
2923 14 10
2924 11 0
2925 11 21
2926 13 3
2927 11 19
2928 12 31
2929 12 3
2930 13 18
2931 13 10
2932 13 27
2933 11 51
2934 12 53
2935 11 61
2936 11 60
2937 12 27
2938 12 36
2939 12 29
2940 12 26
2941 11 29
2942 13 30
2943 11 53
2944 12 30
2945 11 54
2946 14 28
2947 12 21
2948 14 6
2949 11 26
2950 13 8
2951 13 13
2952 14 5
2953 13 6
2954 12 62
2955 11 23
2956 13 12
2957 10 23
2958 12 58
2959 12 8
2960 13 28
2961 11 62
2962 11 8
2963 11 22
2964 10 62
2965 11 25
2966 13 29
2967 11 58
2968 12 12
2969 14 9
2970 13 14
2971 12 29
2972 12 57
2973 12 51
2974 12 50
2975 10 61
2976 12 51
2977 11 12
2978 13 43
2979 11 57
2980 13 39
2981 13 17
2982 10 62
2983 14 15
2984 13 7
2985 12 30
2986 14 12
2987 13 15
2988 13 12
2989 12 20
2990 10 63
2991 13 4
2992 12 17
2993 12 39
2994 12 33
2995 12 58
2996 11 33
2997 13 48
2998 12 25
2999 10 33
3000 10 62
3001 12 4
3002 12 54
3003 14 16
3004 12 43
3005 11 54
3006 12 48
3007 12 26
3008 12 27
3009 11 27
3010 12 18
3011 12 44
3012 14 8
3013 12 24
3014 12 52
3015 11 18
3016 13 16
3017 12 50
3018 11 58
3019 11 44
3020 13 49
3021 14 11
3022 11 59
3023 12 49
3024 13 1
3025 13 11
3026 12 25
3027 11 45
3028 12 32
3029 12 41
3030 14 7
3031 13 44
3032 13 40
3033 14 48
3034 10 45
3035 12 22
3036 12 26
3037 11 32
3038 11 41
3039 13 14
3040 11 31
3041 10 44
3042 14 4
3043 10 43
3044 11 50
3045 13 26
3046 14 29
3047 13 42
3048 10 41
3049 12 21
3050 13 33
3051 12 60
3052 13 43
3053 13 51
3054 12 27
3055 13 39
3056 14 30
3057 11 27
3058 12 42
3059 14 9
3060 11 28
3061 14 43
3062 11 42
3063 13 2
3064 10 42
3065 12 2
3066 11 41
3067 14 13
3068 12 51
3069 13 37
3070 12 37
3071 13 9
3072 12 33
3073 13 27
3074 10 28
3075 11 33
3076 13 48
3077 12 9
3078 12 27
3079 11 40
3080 11 55
3081 13 45
3082 12 35
3083 12 40
3084 11 40
3085 14 14
3086 12 34
3087 13 13
3088 12 38
3089 12 55
3090 12 45
3091 11 55
3092 12 31
3093 12 44
3094 12 22
3095 13 58
3096 13 0
3097 12 35
3098 13 30
3099 12 53
3100 12 46
3101 11 31
3102 11 44
3103 12 61
3104 12 47
3105 12 34
3106 12 23
3107 12 21
3108 13 32
3109 13 52
3110 12 32
3111 12 35
3112 12 52
3113 13 50
3114 13 46
3115 14 15
3116 13 1
3117 13 43
3118 12 24
3119 12 58
3120 12 60
3121 13 25
3122 12 56
3123 13 31
3124 13 22
3125 12 22
3126 12 61
3127 13 26
3128 13 45
3129 11 56
3130 12 59
3131 15 8
3132 13 19
3133 14 8
3134 13 51
3135 12 45
3136 13 24
3137 12 31
3138 13 21
3139 13 44
3140 11 57
3141 13 53
3142 12 24
3143 13 12
3144 13 41
3145 14 50
3146 13 49
3147 14 3
3148 12 21
3149 12 41
3150 12 30
3151 12 46
3152 13 43
3153 13 50
3154 12 43
3155 11 30
3156 12 12
3157 13 38
3158 14 42
3159 13 18
3160 11 58
3161 11 59
3162 14 14
3163 12 58
3164 13 48
3165 13 23
3166 13 14
3167 14 14
3168 14 32
3169 12 62
3170 14 12
3171 12 11
3172 14 40
3173 12 30
3174 15 12
3175 12 38
3176 12 53
3177 13 34
3178 12 34
3179 13 14
3180 13 60
3181 12 26
3182 15 7
3183 12 25
3184 12 57
3185 13 10
3186 13 40
3187 12 27
3188 12 58
3189 12 61
3190 13 32
3191 11 61
3192 15 9
3193 13 7
3194 14 5
3195 13 13
3196 13 0
3197 12 10
3198 13 1
3199 13 36
3200 14 12
3201 13 56
3202 13 52
3203 13 6
3204 13 46
3205 11 10
3206 13 14
3207 12 52
3208 12 56
3209 14 10
3210 13 5
3211 14 31
3212 15 8
3213 13 42
3214 13 2
3215 13 31
3216 14 26
3217 13 47
3218 14 6
3219 14 14
3220 14 52
3221 14 4
3222 13 10
3223 13 19
3224 13 63
3225 13 20
3226 12 20
3227 14 33
3228 13 4
3229 13 54
3230 12 61
3231 14 7
3232 12 54
3233 13 52
3234 12 4
3235 13 4
3236 13 57
3237 12 63
3238 13 5
3239 13 48
3240 12 48
3241 14 43
3242 13 43
3243 13 30
3244 12 30
3245 12 55
3246 13 7
3247 11 61
3248 14 32
3249 14 6
3250 13 18
3251 13 26
3252 13 22
3253 14 57
3254 14 53
3255 13 32
3256 14 34
3257 13 49
3258 13 57
3259 13 53
3260 12 18
3261 13 56
3262 12 17
3263 13 27
3264 13 26
3265 12 16
3266 13 39
3267 11 16
3268 12 60
3269 12 56
3270 14 41
3271 12 39
3272 13 48
3273 14 40
3274 14 41
3275 14 52
3276 14 56
3277 14 11
3278 13 35
3279 14 39
3280 11 39
3281 13 39
3282 14 44
3283 12 35
3284 13 58
3285 14 12
3286 13 9
3287 14 51
3288 14 21
3289 14 35
3290 13 23
3291 14 33
3292 11 35
3293 13 37
3294 12 9
3295 12 61
3296 14 0
3297 14 30
3298 15 11
3299 15 44
3300 11 61
3301 13 33
3302 13 50
3303 14 45
3304 13 47
3305 13 0
3306 14 17
3307 13 17
3308 13 51
3309 14 43
3310 14 34
3311 12 59
3312 14 11
3313 13 45
3314 13 24
3315 13 38
3316 13 8
3317 13 21
3318 14 33
3319 13 43
3320 14 53
3321 13 42
3322 13 44
3323 13 34
3324 14 28
3325 13 28
3326 13 53
3327 14 44
3328 13 35
3329 13 36
3330 15 10
3331 13 55
3332 13 59
3333 15 31
3334 14 5
3335 14 38
3336 13 48
3337 13 57
3338 14 31
3339 14 19
3340 12 48
3341 13 9
3342 14 23
3343 14 34
3344 12 44
3345 15 5
3346 14 55
3347 14 15
3348 13 10
3349 15 14
3350 14 21
3351 14 50
3352 14 8
3353 13 15
3354 14 46
3355 13 8
3356 14 54
3357 12 57
3358 14 45
3359 14 18
3360 13 38
3361 13 44
3362 15 6
3363 13 55
3364 13 19
3365 14 40
3366 11 57
3367 13 23
3368 14 14
3369 14 52
3370 12 23
3371 13 7
3372 13 6
3373 13 14
3374 15 43
3375 13 52
3376 14 5
3377 15 17
3378 14 29
3379 11 23
3380 12 23
3381 14 27
3382 12 19
3383 12 20
3384 15 7
3385 13 61
3386 14 17
3387 13 21
3388 13 17
3389 14 43
3390 14 1
3391 13 60
3392 13 16
3393 13 27
3394 14 47
3395 13 29
3396 15 55
3397 15 4
3398 14 4
3399 14 55
3400 14 57
3401 15 6
3402 10 57
3403 13 1
3404 13 57
3405 10 56
3406 15 31
3407 14 35
3408 13 47
3409 10 55
3410 14 9
3411 14 31
3412 16 10
3413 14 37
3414 13 37
3415 15 7
3416 13 59
3417 15 45
3418 14 2
3419 16 5
3420 14 53
3421 15 8
3422 14 12
3423 14 54
3424 13 62
3425 15 5
3426 14 20
3427 14 22
3428 14 49
3429 13 49
3430 14 34
3431 14 19
3432 13 61
3433 14 8
3434 13 54
3435 15 44
3436 15 16
3437 14 21
3438 15 18
3439 13 21
3440 15 0
3441 15 20
3442 13 34
3443 15 28
3444 13 55
3445 14 0
3446 15 30
3447 14 18
3448 13 18
3449 14 36
3450 14 26
3451 14 7
3452 14 62
3453 12 34
3454 13 26
3455 11 34
3456 15 46
3457 15 19
3458 12 34
3459 13 62
3460 14 35
3461 14 20
3462 15 4
3463 15 1
3464 14 4
3465 14 59
3466 14 51
3467 14 16
3468 13 59
3469 15 2
3470 15 37
3471 14 28
3472 14 30
3473 14 37
3474 14 44
3475 15 3
3476 14 13
3477 13 13
3478 14 25
3479 14 2
3480 15 7
3481 14 1
3482 15 21
3483 15 56
3484 15 6
3485 15 5
3486 16 7
3487 14 23
3488 15 7
3489 15 20
3490 14 63
3491 14 20
3492 14 56
3493 14 60
3494 13 56
3495 15 39
3496 13 23
3497 14 26
3498 15 13
3499 15 32
3500 13 26
3501 16 6
3502 15 42
3503 14 34
3504 15 55
3505 13 60
3506 15 22
3507 14 13
3508 15 38
3509 14 41
3510 16 7
3511 14 32
3512 15 21
3513 14 55
3514 13 24
3515 15 10
3516 14 46
3517 13 34
3518 15 7
3519 14 31
3520 14 7
3521 12 24
3522 13 41
3523 12 25
3524 13 31
3525 13 33
3526 15 29
3527 15 28
3528 13 40
3529 14 39
3530 16 9
3531 15 45
3532 14 50
3533 15 37
3534 13 50
3535 14 42
3536 14 45
3537 13 45
3538 14 56
3539 15 9
3540 15 17
3541 15 7
3542 14 17
3543 14 58
3544 15 43
3545 14 7
3546 14 11
3547 14 50
3548 16 3
3549 13 50
3550 15 11
3551 15 0
3552 15 44
3553 15 33
3554 15 38
3555 14 62
3556 15 2
3557 15 27
3558 14 2
3559 14 33
3560 14 27
3561 14 24
3562 13 24
3563 13 27
3564 14 11
3565 14 38
3566 15 26
3567 14 44
3568 15 52
3569 14 52
3570 16 4
3571 14 47
3572 13 11
3573 15 25
3574 16 43
3575 13 47
3576 15 3
3577 14 48
3578 15 36
3579 12 11
3580 15 57
3581 13 11
3582 14 59
3583 15 27
3584 14 25
3585 16 31
3586 15 43
3587 13 25
3588 15 29
3589 15 46
3590 14 29
3591 17 7
3592 14 63
3593 16 8
3594 14 61
3595 15 40
3596 14 36
3597 16 46
3598 13 63
3599 16 5
3600 15 8
3601 15 31
3602 12 63
3603 15 16
3604 14 8
3605 15 47
3606 14 47
3607 15 45
3608 14 16
3609 15 41
3610 16 7
3611 16 10
3612 15 56
3613 15 26
3614 15 22
3615 15 10
3616 15 21
3617 14 41
3618 14 21
3619 15 46
3620 14 62
3621 16 4
3622 15 12
3623 17 8
3624 14 60
3625 14 40
3626 13 60
3627 15 25
3628 15 17
3629 13 59
3630 14 17
3631 16 28
3632 16 31
3633 14 25
3634 16 37
3635 15 28
3636 16 8
3637 15 37
3638 16 5
3639 15 39
3640 16 45
3641 15 55
3642 15 44
3643 15 34
3644 14 34
3645 15 59
3646 15 1
3647 17 6
3648 15 56
3649 15 31
3650 15 45
3651 16 6
3652 15 63
3653 15 58
3654 14 63
3655 14 31
3656 15 55
3657 14 30
3658 14 39
3659 15 0
3660 14 59
3661 15 38
3662 16 2
3663 16 3
3664 16 21
3665 15 47
3666 15 37
3667 16 12
3668 14 60
3669 13 60
3670 15 39
3671 14 39
3672 15 51
3673 15 21
3674 15 23
3675 15 40
3676 15 56
3677 14 23
3678 14 37
3679 14 40
3680 14 60
3681 15 12
3682 14 47
3683 15 29
3684 15 28
3685 15 57
3686 15 37
3687 13 40
3688 16 11
3689 14 48
3690 15 15
3691 16 33
3692 16 57
3693 15 11
3694 13 48
3695 15 50
3696 13 41
3697 14 15
3698 15 33
3699 13 40
3700 15 12
3701 12 40
3702 15 24
3703 17 3
3704 16 9
3705 16 45
3706 14 50
3707 16 4
3708 15 45
3709 17 10
3710 15 34
3711 15 11
3712 15 54
3713 16 37
3714 15 33
3715 16 3
3716 15 37
3717 15 34
3718 17 7
3719 15 33
3720 15 30
3721 15 44
3722 16 0
3723 14 30
3724 15 60
3725 14 60
3726 15 43
3727 16 44
3728 15 0
3729 16 1
3730 14 43
3731 14 44
3732 16 10
3733 15 57
3734 15 10
3735 14 45
3736 16 47
3737 14 42
3738 15 22
3739 16 8
3740 15 16
3741 15 44
3742 16 32
3743 15 35
3744 16 50
3745 16 11
3746 14 22
3747 13 22
3748 17 2
3749 16 27
3750 15 49
3751 14 16
3752 16 20
3753 15 62
3754 14 35
3755 14 44
3756 15 53
3757 14 53
3758 15 39
3759 16 29
3760 14 39
3761 15 27
3762 14 49
3763 16 2
3764 16 33
3765 17 9
3766 13 49
3767 16 46
3768 16 12
3769 15 58
3770 16 19
3771 16 34
3772 16 54
3773 16 10
3774 15 59
3775 14 58
3776 15 25
3777 15 50
3778 15 55
3779 15 20
3780 14 20
3781 15 2
3782 17 1
3783 14 55
3784 14 50
3785 17 8
3786 13 50
3787 15 10
3788 16 35
3789 16 33
3790 15 3
3791 15 29
3792 15 18
3793 15 33
3794 15 35
3795 17 2
3796 16 2
3797 16 10
3798 15 54
3799 16 22
3800 17 0
3801 15 22
3802 15 12
3803 15 17
3804 15 28
3805 15 43
3806 15 48
3807 16 14
3808 15 56
3809 15 11
3810 14 11
3811 17 27
3812 16 26
3813 16 30
3814 14 56
3815 16 32
3816 15 24
3817 17 1
3818 15 26
3819 16 1
3820 15 23
3821 15 49
3822 15 52
3823 16 40
3824 15 40
3825 16 29
3826 15 63
3827 14 63
3828 15 32
3829 18 0
3830 15 14
3831 15 29
3832 16 17
3833 17 0
3834 15 15
3835 16 27
3836 16 37
3837 15 61
3838 16 39
3839 16 43
3840 15 37
3841 16 18
3842 16 52
3843 15 39
3844 15 17
3845 16 26
3846 17 3
3847 15 26
3848 16 28
3849 16 16
3850 16 56
3851 16 55
3852 16 32
3853 17 9
3854 16 4
3855 17 34
3856 17 6
3857 16 34
3858 16 31
3859 19 0
3860 16 20
3861 15 18
3862 15 43
3863 17 2
3864 15 52
3865 15 27
3866 17 10
3867 14 17
3868 16 10
3869 15 4
3870 16 32
3871 16 58
3872 15 58
3873 16 9
3874 15 19
3875 15 60
3876 15 62
3877 16 15
3878 15 15
3879 16 5
3880 17 44
3881 16 56
3882 16 29
3883 17 11
3884 16 27
3885 16 23
3886 15 44
3887 17 10
3888 16 38
3889 15 56
3890 15 23
3891 15 45
3892 17 33
3893 16 44
3894 16 59
3895 16 52
3896 17 29
3897 16 29
3898 15 52
3899 16 33
3900 15 59
3901 18 2
3902 16 10
3903 16 39
3904 16 62
3905 16 28
3906 16 54
3907 18 9
3908 17 4
3909 17 5
3910 15 62
3911 16 61
3912 16 42
3913 16 55
3914 17 15
3915 16 13
3916 16 4
3917 17 9
3918 15 42
3919 17 1
3920 17 34
3921 16 1
3922 14 62
3923 14 61
3924 16 5
3925 15 4
3926 17 32
3927 17 2
3928 17 14
3929 17 22
3930 16 32
3931 18 9
3932 15 32
3933 16 19
3934 16 6
3935 16 17
3936 16 15
3937 14 4
3938 16 34
3939 14 3
3940 15 61
3941 17 21
3942 16 14
3943 18 2
3944 16 21
3945 17 2
3946 16 22
3947 15 22
3948 16 16
3949 17 30
3950 16 30
3951 15 57
3952 16 38
3953 16 48
3954 16 56
3955 14 57
3956 16 24
3957 15 16
3958 16 29
3959 18 0
3960 15 38
3961 15 24
3962 16 27
3963 18 1
3964 17 31
3965 18 2
3966 15 27
3967 16 18
3968 15 48
3969 17 44
3970 17 20
3971 16 44
3972 16 63
3973 17 43
3974 16 51
3975 16 19
3976 16 55
3977 16 62
3978 17 21
3979 16 18
3980 16 31
3981 16 47
3982 15 47
3983 16 20
3984 16 52
3985 15 20
3986 15 52
3987 17 33
3988 16 7
3989 17 2
3990 15 62
3991 16 19
3992 17 7
3993 16 41
3994 15 25
3995 17 16
3996 15 7
3997 16 16
3998 17 38
3999 15 24
4000 17 47
4001 18 10
4002 17 26
4003 15 16
4004 14 16
4005 14 62
4006 16 53
4007 17 32
4008 15 62
4009 17 22
4010 17 9
4011 17 15
4012 16 38
4013 16 57
4014 17 23
4015 16 47
4016 16 52
4017 16 54
4018 18 8
4019 16 9
4020 17 62
4021 16 40
4022 15 9
4023 16 22
4024 16 62
4025 16 41
4026 16 49
4027 17 44
4028 17 10
4029 17 14
4030 16 53
4031 15 52
4032 17 39
4033 18 21
4034 16 21
4035 16 48
4036 17 43
4037 18 31
4038 18 3
4039 16 26
4040 16 14
4041 16 28
4042 16 54
4043 16 60
4044 17 44
4045 17 24
4046 17 63
4047 14 52
4048 15 14
4049 17 37
4050 17 51
4051 17 28
4052 17 23
4053 17 8
4054 16 61
4055 17 3
4056 16 12
4057 16 36
4058 17 43
4059 15 26
4060 16 26
4061 17 55
4062 16 60
4063 15 60
4064 16 58
4065 19 0
4066 18 37
4067 17 24
4068 17 17
4069 15 12
4070 16 18
4071 15 36
4072 16 17
4073 16 39
4074 17 12
4075 14 12
4076 16 28
4077 15 28
4078 16 55
4079 17 59
4080 17 62
4081 17 61
4082 16 59
4083 16 46
4084 17 31
4085 15 46
4086 16 47
4087 16 18
4088 16 51
4089 15 18
4090 17 30
4091 18 9
4092 16 61
4093 16 22
4094 17 9
4095 16 25
4096 16 35
4097 17 48
4098 16 45
4099 15 25
4100 17 31
4101 16 53
4102 15 53
4103 16 37
4104 16 38
4105 15 35
4106 18 0
4107 16 31
4108 16 19
4109 18 5
4110 17 63
4111 15 31
4112 17 21
4113 15 19
4114 16 57
4115 18 1
4116 16 23
4117 16 27
4118 17 5
4119 17 51
4120 19 1
4121 19 0
4122 18 4
4123 16 51
4124 16 42
4125 16 24
4126 18 62
4127 16 36
4128 15 18
4129 17 1
4130 17 42
4131 15 36
4132 17 38
4133 17 33
4134 14 36
4135 15 27
4136 16 50
4137 16 56
4138 17 60
4139 17 13
4140 17 62
4141 16 33
4142 16 63
4143 15 63
4144 16 25
4145 18 16
4146 16 51
4147 16 40
4148 15 42
4149 15 51
4150 17 44
4151 16 42
4152 14 51
4153 16 44
4154 17 16
4155 16 34
4156 16 33
4157 17 19
4158 17 52
4159 16 52
4160 16 55
4161 16 35
4162 13 51
4163 17 17
4164 12 51
4165 15 35
4166 17 16
4167 17 29
4168 17 6
4169 16 46
4170 17 43
4171 16 47
4172 18 63
4173 18 30
4174 17 34
4175 17 37
4176 16 29
4177 17 54
4178 16 54
4179 17 63
4180 17 0
4181 17 14
4182 17 11
4183 17 47
4184 16 47
4185 17 13
4186 17 44
4187 17 35
4188 16 35
4189 17 39
4190 17 38
4191 18 0
4192 16 44
4193 17 18
4194 18 8
4195 17 29
4196 17 0
4197 18 18
4198 16 29
4199 16 38
4200 15 29
4201 15 38
4202 17 59
4203 14 29
4204 18 43
4205 18 48
4206 17 33
4207 17 49
4208 18 12
4209 17 18
4210 18 17
4211 17 60
4212 16 33
4213 14 28
4214 17 12
4215 16 18
4216 19 2
4217 16 32
4218 17 27
4219 17 40
4220 16 49
4221 18 19
4222 17 8
4223 17 17
4224 18 2
4225 18 10
4226 17 43
4227 17 46
4228 16 27
4229 17 36
4230 15 27
4231 16 46
4232 17 48
4233 18 0
4234 18 13
4235 18 60
4236 17 11
4237 17 60
4238 18 9
4239 16 45
4240 17 20
4241 17 45
4242 16 60
4243 15 60
4244 17 26
4245 18 31
4246 19 63
4247 17 23
4248 17 31
4249 16 46
4250 18 63
4251 17 37
4252 17 50
4253 17 44
4254 18 7
4255 18 20
4256 16 26
4257 17 58
4258 16 47
4259 16 46
4260 16 58
4261 17 22
4262 17 39
4263 18 18
4264 18 3
4265 18 59
4266 18 32
4267 17 55
4268 16 22
4269 17 45
4270 18 36
4271 17 54
4272 18 2
4273 17 44
4274 17 53
4275 16 39
4276 18 61
4277 18 11
4278 18 38
4279 16 54
4280 17 2
4281 18 62
4282 18 28
4283 17 11
4284 17 41
4285 17 43
4286 17 40
4287 18 50
4288 17 38
4289 18 27
4290 16 38
4291 18 15
4292 16 43
4293 18 8
4294 17 56
4295 17 36
4296 17 28
4297 17 39
4298 19 15
4299 18 5
4300 18 29
4301 18 35
4302 16 39
4303 17 49
4304 17 38
4305 16 36
4306 17 5
4307 18 12
4308 18 6
4309 17 15
4310 19 6
4311 16 15
4312 17 6
4313 17 27
4314 18 37
4315 18 6
4316 16 38
4317 17 50
4318 16 49
4319 17 32
4320 17 59
4321 18 49
4322 17 7
4323 17 58
4324 17 8
4325 16 56
4326 15 49
4327 18 48
4328 16 7
4329 18 42
4330 18 51
4331 19 16
4332 15 56
4333 16 58
4334 18 8
4335 19 5
4336 17 8
4337 17 31
4338 17 52
4339 18 15
4340 16 56
4341 18 27
4342 16 49
4343 17 32
4344 17 27
4345 15 56
4346 14 56
4347 16 50
4348 17 51
4349 17 15
4350 17 6
4351 17 29
4352 16 25
4353 16 49
4354 19 7
4355 15 49
4356 17 14
4357 17 53
4358 17 31
4359 18 52
4360 17 50
4361 18 63
4362 19 1
4363 18 19
4364 18 46
4365 18 43
4366 17 43
4367 17 46
4368 18 43
4369 19 11
4370 17 35
4371 19 28
4372 18 36
4373 18 41
4374 18 10
4375 17 10
4376 18 5
4377 17 61
4378 18 22
4379 18 34
4380 16 35
4381 18 49
4382 16 36
4383 16 24
4384 17 34
4385 16 34
4386 20 0
4387 19 60
4388 19 32
4389 18 30
4390 18 60
4391 17 5
4392 18 59
4393 18 1
4394 16 33
4395 16 32
4396 17 22
4397 18 11
4398 18 35
4399 17 62
4400 18 7
4401 18 28
4402 17 43
4403 17 13
4404 17 59
4405 18 50
4406 17 50
4407 18 34
4408 17 54
4409 18 9
4410 19 37
4411 16 25
4412 19 0
4413 17 25
4414 18 0
4415 18 51
4416 16 59
4417 18 40
4418 19 38
4419 18 53
4420 18 17
4421 15 59
4422 19 36
4423 17 53
4424 18 14
4425 17 26
4426 18 58
4427 18 23
4428 19 6
4429 18 33
4430 17 25
4431 18 24
4432 17 14
4433 18 16
4434 17 26
4435 18 31
4436 16 24
4437 18 32
4438 17 31
4439 19 3
4440 17 30
4441 18 47
4442 18 42
4443 18 3
4444 18 59
4445 17 42
4446 17 23
4447 19 63
4448 17 59
4449 16 42
4450 18 36
4451 17 24
4452 21 0
4453 18 41
4454 18 13
4455 17 13
4456 17 39
4457 16 23
4458 15 23
4459 17 22
4460 18 63
4461 18 26
4462 19 4
4463 19 9
4464 18 35
4465 17 41
4466 18 59
4467 18 39
4468 17 39
4469 19 50
4470 18 50
4471 19 2
4472 17 35
4473 17 26
4474 18 34
4475 16 26
4476 20 0
4477 16 39
4478 19 5
4479 17 39
4480 18 33
4481 17 42
4482 18 2
4483 18 46
4484 18 25
4485 17 25
4486 19 14
4487 18 55
4488 17 59
4489 17 46
4490 18 52
4491 18 59
4492 17 55
4493 17 59
4494 18 23
4495 19 27
4496 17 23
4497 18 37
4498 18 9
4499 18 44
4500 18 12
4501 19 51
4502 19 30
4503 17 44
4504 19 41
4505 18 3
4506 18 4
4507 18 30
4508 18 41
4509 18 36
4510 18 49
4511 19 52
4512 18 53
4513 17 57
4514 18 32
4515 19 61
4516 17 53
4517 18 21
4518 17 12
4519 21 0
4520 19 40
4521 19 39
4522 16 53
4523 19 26
4524 17 21
4525 17 32
4526 19 31
4527 19 29
4528 18 61
4529 18 18
4530 18 45
4531 18 26
4532 18 39
4533 19 24
4534 17 45
4535 18 24
4536 18 50
4537 17 50
4538 18 22
4539 22 0
4540 20 3
4541 17 46
4542 18 29
4543 19 3
4544 19 1
4545 18 60
4546 17 47
4547 17 13
4548 17 12
4549 18 30
4550 18 43
4551 17 30
4552 18 61
4553 19 17
4554 19 33
4555 18 33
4556 18 60
4557 19 7
4558 19 15
4559 18 57
4560 20 2
4561 19 37
4562 18 7
4563 18 13
4564 19 46
4565 19 49
4566 19 23
4567 17 13
4568 18 35
4569 19 59
4570 19 2
4571 19 25
4572 20 31
4573 18 51
4574 19 32
4575 19 8
4576 17 35
4577 18 25
4578 18 46
4579 20 26
4580 19 38
4581 19 0
4582 18 8
4583 19 18
4584 19 10
4585 19 39
4586 18 10
4587 19 51
4588 18 15
4589 19 31
4590 19 1
4591 18 24
4592 19 33
4593 18 25
4594 18 31
4595 18 49
4596 18 18
4597 17 18
4598 19 22
4599 18 54
4600 20 30
4601 19 26
4602 20 0
4603 19 0
4604 19 2
4605 18 22
4606 18 52
4607 21 0
4608 18 44
4609 19 1
4610 17 22
4611 20 9
4612 19 34
4613 18 56
4614 18 22
4615 19 41
4616 18 34
4617 19 30
4618 19 6
4619 19 9
4620 19 40
4621 18 58
4622 18 40
4623 18 59
4624 18 13
4625 19 50
4626 20 17
4627 18 45
4628 19 38
4629 18 12
4630 19 16
4631 19 48
4632 19 24
4633 18 38
4634 18 19
4635 19 42
4636 19 28
4637 18 14
4638 17 14
4639 19 35
4640 19 34
4641 18 55
4642 19 63
4643 17 19
4644 18 48
4645 18 63
4646 20 52
4647 18 16
4648 20 41
4649 18 54
4650 19 4
4651 19 52
4652 19 17
4653 20 29
4654 17 15
4655 17 14
4656 18 42
4657 20 32
4658 19 41
4659 18 13
4660 19 51
4661 17 13
4662 20 33
4663 18 15
4664 17 16
4665 19 62
4666 19 25
4667 19 32
4668 17 17
4669 17 18
4670 19 40
4671 19 5
4672 18 57
4673 18 25
4674 20 38
4675 19 44
4676 19 33
4677 19 35
4678 19 49
4679 18 35
4680 18 43
4681 19 41
4682 18 5
4683 19 60
4684 18 44
4685 20 15
4686 19 2
4687 19 29
4688 18 33
4689 19 33
4690 19 15
4691 20 25
4692 19 47
4693 20 8
4694 18 20
4695 19 52
4696 18 43
4697 17 5
4698 19 3
4699 19 48
4700 19 25
4701 17 43
4702 19 38
4703 19 24
4704 17 20
4705 19 10
4706 20 5
4707 19 9
4708 19 46
4709 17 21
4710 22 0
4711 18 46
4712 18 56
4713 19 61
4714 19 28
4715 20 16
4716 20 0
4717 17 56
4718 19 5
4719 19 10
4720 19 36
4721 18 12
4722 18 44
4723 19 9
4724 19 29
4725 19 0
4726 19 58
4727 19 20
4728 18 36
4729 20 32
4730 19 32
4731 21 0
4732 19 21
4733 20 59
4734 19 50
4735 19 11
4736 18 11
4737 18 20
4738 18 50
4739 20 2
4740 19 45
4741 19 2
4742 18 45
4743 20 31
4744 20 4
4745 19 37
4746 18 37
4747 19 36
4748 20 17
4749 20 40
4750 17 37
4751 20 29
4752 20 18
4753 20 39
4754 19 22
4755 18 53
4756 18 58
4757 19 17
4758 18 17
4759 20 32
4760 19 13
4761 19 7
4762 18 43
4763 18 7
4764 18 42
4765 20 31
4766 19 29
4767 17 45
4768 18 57
4769 19 59
4770 16 45
4771 20 0
4772 20 37
4773 19 28
4774 20 45
4775 19 45
4776 18 58
4777 19 10
4778 19 56
4779 19 14
4780 18 14
4781 19 37
4782 18 10
4783 18 56
4784 19 0
4785 18 11
4786 18 52
4787 19 4
4788 19 21
4789 18 10
4790 18 11
4791 20 38
4792 19 62
4793 19 3
4794 19 38
4795 19 25
4796 19 12
4797 19 54
4798 17 52
4799 19 35
4800 18 54
4801 19 29
4802 22 0
4803 20 10
4804 17 51
4805 19 19
4806 19 30
4807 19 43
4808 21 3
4809 19 10
4810 20 17
4811 19 17
4812 18 51
4813 20 6
4814 17 51
4815 17 53
4816 17 54
4817 19 6
4818 18 54
4819 18 55
4820 19 29
4821 21 4
4822 19 18
4823 17 55
4824 20 28
4825 19 36
4826 18 29
4827 18 53
4828 20 45
4829 20 1
4830 20 15
4831 19 19
4832 19 22
4833 19 53
4834 20 12
4835 18 36
4836 19 44
4837 17 36
4838 20 41
4839 18 44
4840 20 7
4841 20 36
4842 21 5
4843 19 27
4844 19 45
4845 19 28
4846 20 19
4847 19 19
4848 19 61
4849 18 36
4850 19 36
4851 19 41
4852 18 41
4853 19 24
4854 19 12
4855 17 36
4856 16 36
4857 19 46
4858 19 33
4859 19 34
4860 20 51
4861 19 51
4862 20 8
4863 19 57
4864 20 39
4865 19 47
4866 20 3
4867 19 49
4868 18 49
4869 19 8
4870 21 4
4871 20 11
4872 20 4
4873 20 24
4874 19 24
4875 18 24
4876 19 3
4877 20 16
4878 21 40
4879 20 22
4880 19 24
4881 20 58
4882 20 53
4883 21 3
4884 18 24
4885 21 0
4886 20 0
4887 19 54
4888 19 7
4889 20 44
4890 19 11
4891 19 58
4892 18 58
4893 19 22
4894 18 54
4895 19 16
4896 17 58
4897 20 34
4898 20 40
4899 20 2
4900 19 40
4901 17 57
4902 20 9
4903 17 54
4904 17 58
4905 20 32
4906 21 1
4907 19 9
4908 19 53
4909 16 54
4910 20 35
4911 19 62
4912 16 55
4913 20 1
4914 20 36
4915 19 32
4916 20 57
4917 18 32
4918 18 31
4919 18 62
4920 20 61
4921 19 34
4922 20 50
4923 19 1
4924 19 2
4925 20 5
4926 20 26
4927 20 27
4928 19 36
4929 20 48
4930 20 28
4931 21 9
4932 21 0
4933 20 58
4934 19 28
4935 19 61
4936 19 48
4937 20 43
4938 20 23
4939 19 58
4940 19 23
4941 20 3
4942 19 3
4943 19 50
4944 20 3
4945 20 9
4946 19 57
4947 20 6
4948 19 6
4949 20 62
4950 19 55
4951 19 54
4952 20 42
4953 19 56
4954 19 60
4955 21 48
4956 19 63
4957 20 49
4958 20 46
4959 20 25
4960 20 21
4961 20 54
4962 19 21
4963 19 46
4964 21 17
4965 21 7
4966 19 54
4967 20 7
4968 19 47
4969 21 10
4970 20 17
4971 19 53
4972 21 39
4973 20 26
4974 20 29
4975 20 10
4976 20 20
4977 20 22
4978 21 58
4979 20 59
4980 19 17
4981 18 17
4982 19 10
4983 19 20
4984 19 22
4985 21 34
4986 21 2
4987 20 55
4988 19 55
4989 19 59
4990 21 36
4991 21 16
4992 21 33
4993 20 63
4994 19 63
4995 18 63
4996 21 27
4997 20 27
4998 20 58
4999 20 36
5000 20 48
5001 21 32
5002 20 12
5003 21 38
5004 20 34
5005 20 11
5006 20 38
5007 20 50
5008 21 19
5009 20 19
5010 19 34
5011 20 45
5012 20 39
5013 20 56
5014 21 1
5015 20 14
5016 19 39
5017 21 31
5018 20 47
5019 19 14
5020 20 13
5021 21 6
5022 21 17
5023 22 9
5024 18 39
5025 18 38
5026 20 17
5027 21 4
5028 20 46
5029 22 3
5030 20 4
5031 21 8
5032 21 55
5033 20 34
5034 20 8
5035 21 11
5036 20 33
5037 19 33
5038 19 47
5039 20 35
5040 18 47
5041 20 55
5042 21 18
5043 21 3
5044 21 20
5045 21 9
5046 20 9
5047 20 60
5048 19 46
5049 20 18
5050 20 11
5051 22 5
5052 19 60
5053 21 39
5054 22 17
5055 19 45
5056 21 47
5057 20 10
5058 20 53
5059 21 55
5060 19 53
5061 20 60
5062 19 46
5063 20 43
5064 20 52
5065 20 44
5066 21 19
5067 19 52
5068 20 39
5069 20 61
5070 20 62
5071 19 44
5072 19 60
5073 20 42
5074 20 36
5075 20 52
5076 21 28
5077 18 46
5078 19 42
5079 22 39
5080 19 54
5081 21 57
5082 19 52
5083 20 57
5084 19 45
5085 22 0
5086 20 42
5087 20 43
5088 21 33
5089 22 8
5090 21 20
5091 18 45
5092 20 33
5093 18 44
5094 18 54
5095 21 30
5096 19 53
5097 21 12
5098 20 55
5099 20 20
5100 20 56
5101 19 20
5102 21 49
5103 20 12
5104 20 42
5105 21 0
5106 19 33
5107 21 32
5108 19 32
5109 21 48
5110 19 42
5111 20 49
5112 21 26
5113 22 9
5114 21 39
5115 21 9
5116 20 9
5117 21 22
5118 20 30
5119 21 41
5120 22 19
5121 21 5
5122 20 55
5123 21 51
5124 20 26
5125 21 11
5126 21 47
5127 19 30
5128 21 50
5129 20 47
5130 20 45
5131 20 22
5132 21 19
5133 20 19
5134 20 40
5135 21 13
5136 21 42
5137 21 25
5138 21 37
5139 21 38
5140 20 51
5141 21 43
5142 19 45
5143 19 40
5144 22 18
5145 22 1
5146 21 35
5147 22 19
5148 21 61
5149 21 37
5150 21 1
5151 20 43
5152 22 5
5153 21 5
5154 18 45
5155 21 23
5156 21 10
5157 22 3
5158 20 23
5159 21 44
5160 21 29
5161 21 17
5162 21 11
5163 20 41
5164 22 32
5165 20 52
5166 19 41
5167 19 43
5168 22 43
5169 21 62
5170 21 26
5171 21 33
5172 20 24
5173 19 52
5174 20 33
5175 21 46
5176 21 24
5177 20 61
5178 22 7
5179 21 30
5180 21 21
5181 20 25
5182 21 54
5183 20 13
5184 21 38
5185 20 11
5186 21 3
5187 20 35
5188 21 23
5189 20 23
5190 22 5
5191 21 37
5192 20 42
5193 20 52
5194 21 20
5195 19 11
5196 21 41
5197 21 43
5198 20 37
5199 20 12
5200 21 19
5201 20 19
5202 21 34
5203 20 63
5204 20 11
5205 22 17
5206 20 53
5207 19 63
5208 21 47
5209 21 40
5210 22 2
5211 21 5
5212 20 5
5213 20 34
5214 20 28
5215 21 49
5216 20 54
5217 21 17
5218 20 43
5219 19 43
5220 20 10
5221 20 49
5222 21 39
5223 19 49
5224 20 27
5225 20 44
5226 22 39
5227 21 34
5228 20 34
5229 21 35
5230 20 56
5231 20 60
5232 20 11
5233 21 0
5234 21 36
5235 21 11
5236 21 29
5237 22 8
5238 20 29
5239 21 22
5240 21 39
5241 21 35
5242 22 16
5243 21 52
5244 21 32
5245 22 6
5246 22 18
5247 21 48
5248 20 48
5249 21 33
5250 21 14
5251 22 23
5252 22 36
5253 22 0
5254 21 53
5255 21 63
5256 20 52
5257 20 32
5258 20 51
5259 22 17
5260 22 47
5261 21 47
5262 20 52
5263 21 27
5264 20 31
5265 20 27
5266 22 21
5267 22 46
5268 21 36
5269 22 41
5270 22 25
5271 21 31
5272 22 7
5273 21 57
5274 20 63
5275 21 17
5276 20 31
5277 21 41
5278 20 41
5279 21 23
5280 21 21
5281 22 15
5282 20 40
5283 21 48
5284 19 40
5285 21 15
5286 21 60
5287 21 13
5288 21 31
5289 22 16
5290 20 31
5291 22 36
5292 21 36
5293 21 25
5294 21 24
5295 20 60
5296 22 17
5297 21 58
5298 22 8
5299 20 58
5300 22 34
5301 22 42
5302 21 34
5303 21 45
5304 22 40
5305 20 45
5306 21 8
5307 21 42
5308 21 60
5309 20 60
5310 20 44
5311 21 28
5312 22 14
5313 22 63
5314 22 5
5315 22 22
5316 22 31
5317 22 16
5318 22 6
5319 21 63
5320 22 52
5321 21 14
5322 21 6
5323 22 53
5324 21 15
5325 21 7
5326 21 59
5327 21 61
5328 20 7
5329 21 52
5330 20 6
5331 20 63
5332 20 62
5333 21 33
5334 22 41
5335 22 61
5336 19 62
5337 20 33
5338 22 24
5339 22 23
5340 21 56
5341 21 23
5342 21 61
5343 22 1
5344 23 15
5345 21 44
5346 22 35
5347 21 47
5348 22 26
5349 22 0
5350 20 56
5351 22 15
5352 22 27
5353 22 33
5354 22 62
5355 21 0
5356 21 48
5357 21 27
5358 22 27
5359 21 33
5360 22 26
5361 20 33
5362 21 26
5363 21 51
5364 22 23
5365 22 10
5366 21 10
5367 22 32
5368 22 59
5369 22 44
5370 21 55
5371 21 25
5372 20 55
5373 21 24
5374 22 39
5375 21 39
5376 21 54
5377 22 13
5378 21 59
5379 22 36
5380 21 44
5381 21 56
5382 22 45
5383 22 3
5384 21 43
5385 21 44
5386 22 14
5387 21 36
5388 22 25
5389 23 14
5390 22 40
5391 23 3
5392 22 21
5393 22 13
5394 20 59
5395 23 34
5396 23 33
5397 21 3
5398 22 56
5399 22 54
5400 20 36
5401 20 58
5402 21 21
5403 21 25
5404 22 34
5405 21 13
5406 22 41
5407 20 13
5408 21 41
5409 20 41
5410 21 34
5411 22 4
5412 22 17
5413 23 26
5414 21 54
5415 21 4
5416 22 28
5417 22 55
5418 22 19
5419 22 3
5420 22 26
5421 22 38
5422 21 17
5423 21 18
5424 22 5
5425 21 56
5426 20 56
5427 22 14
5428 21 19
5429 22 12
5430 20 19
5431 21 12
5432 22 58
5433 22 27
5434 21 27
5435 23 4
5436 22 59
5437 21 59
5438 22 43
5439 22 4
5440 22 57
5441 21 57
5442 22 54
5443 22 25
5444 22 61
5445 21 61
5446 22 11
5447 23 21
5448 22 21
5449 23 2
5450 22 2
5451 22 20
5452 23 32
5453 21 25
5454 22 13
5455 22 19
5456 22 42
5457 21 13
5458 22 16
5459 23 0
5460 23 25
5461 22 60
5462 21 12
5463 21 16
5464 21 24
5465 23 35
5466 22 52
5467 22 47
5468 22 59
5469 20 24
5470 23 62
5471 21 42
5472 22 55
5473 21 52
5474 23 5
5475 24 3
5476 23 7
5477 22 60
5478 21 55
5479 21 60
5480 22 7
5481 23 13
5482 22 39
5483 22 13
5484 22 25
5485 21 7
5486 21 39
5487 23 27
5488 22 0
5489 22 37
5490 23 16
5491 21 37
5492 23 33
5493 21 40
5494 22 50
5495 21 50
5496 21 39
5497 23 41
5498 22 62
5499 21 62
5500 23 54
5501 22 46
5502 23 22
5503 22 49
5504 22 16
5505 22 33
5506 22 48
5507 24 26
5508 21 48
5509 21 51
5510 23 43
5511 22 5
5512 22 43
5513 22 27
5514 23 26
5515 22 20
5516 23 46
5517 23 8
5518 24 15
5519 22 35
5520 22 60
5521 24 26
5522 22 47
5523 22 19
5524 22 54
5525 22 8
5526 22 53
5527 22 48
5528 21 48
5529 22 18
5530 21 53
5531 23 1
5532 23 63
5533 21 50
5534 22 41
5535 21 41
5536 22 24
5537 22 1
5538 22 25
5539 22 46
5540 22 36
5541 21 36
5542 21 37
5543 22 32
5544 23 26
5545 23 3
5546 22 63
5547 21 51
5548 22 6
5549 23 63
5550 23 15
5551 23 6
5552 23 47
5553 24 0
5554 23 37
5555 22 6
5556 23 48
5557 22 39
5558 23 38
5559 23 23
5560 22 56
5561 21 39
5562 23 21
5563 21 56
5564 22 37
5565 22 63
5566 22 51
5567 22 15
5568 23 47
5569 22 21
5570 22 23
5571 22 12
5572 22 19
5573 23 34
5574 22 34
5575 23 43
5576 23 31
5577 21 37
5578 22 43
5579 23 12
5580 23 53
5581 23 0
5582 23 32
5583 23 4
5584 23 24
5585 22 0
5586 22 47
5587 23 61
5588 23 59
5589 22 30
5590 22 31
5591 22 50
5592 22 37
5593 23 3
5594 22 29
5595 22 45
5596 23 55
5597 22 59
5598 21 29
5599 21 47
5600 23 13
5601 23 54
5602 24 13
5603 22 46
5604 20 47
5605 23 31
5606 21 47
5607 22 31
5608 23 62
5609 22 55
5610 22 13
5611 23 29
5612 22 29
5613 22 52
5614 23 37
5615 24 27
5616 24 23
5617 22 51
5618 23 13
5619 24 7
5620 24 14
5621 23 7
5622 23 23
5623 22 61
5624 23 28
5625 23 10
5626 22 62
5627 23 4
5628 23 50
5629 22 10
5630 24 1
5631 23 18
5632 23 40
5633 23 42
5634 24 34
5635 22 18
5636 22 28
5637 22 42
5638 23 30
5639 23 57
5640 24 22
5641 22 29
5642 23 22
5643 22 57
5644 23 34
5645 22 28
5646 22 30
5647 22 50
5648 24 4
5649 22 53
5650 23 49
5651 24 24
5652 21 50
5653 22 54
5654 23 19
5655 22 19
5656 22 11
5657 24 31
5658 23 59
5659 23 4
5660 23 31
5661 23 1
5662 20 50
5663 19 50
5664 23 56
5665 22 4
5666 23 53
5667 22 59
5668 23 0
5669 24 15
5670 23 48
5671 23 17
5672 23 47
5673 23 9
5674 22 52
5675 22 56
5676 23 38
5677 23 8
5678 24 2
5679 23 21
5680 22 38
5681 23 61
5682 22 61
5683 23 30
5684 23 54
5685 24 14
5686 23 52
5687 24 3
5688 22 30
5689 23 59
5690 23 35
5691 23 20
5692 22 52
5693 24 12
5694 23 63
5695 23 44
5696 24 32
5697 23 22
5698 22 20
5699 23 57
5700 24 5
5701 22 35
5702 22 59
5703 23 5
5704 23 43
5705 23 14
5706 23 11
5707 22 53
5708 22 63
5709 22 62
5710 23 56
5711 23 58
5712 23 39
5713 22 56
5714 24 9
5715 23 45
5716 23 32
5717 23 16
5718 22 57
5719 21 53
5720 24 16
5721 23 9
5722 21 54
5723 23 33
5724 21 57
5725 23 25
5726 23 24
5727 23 8
5728 23 23
5729 23 38
5730 24 8
5731 23 40
5732 22 40
5733 23 39
5734 24 6
5735 23 44
5736 23 32
5737 23 6
5738 25 4
5739 23 31
5740 24 62
5741 23 46
5742 24 4
5743 24 21
5744 24 63
5745 23 53
5746 23 57
5747 23 21
5748 22 21
5749 24 11
5750 24 19
5751 23 60
5752 24 25
5753 23 61
5754 23 19
5755 23 25
5756 25 4
5757 24 2
5758 24 6
5759 24 7
5760 23 7
5761 24 17
5762 24 23
5763 23 23
5764 23 11
5765 23 2
5766 24 47
5767 23 17
5768 24 57
5769 22 11
5770 24 20
5771 25 0
5772 23 57
5773 24 26
5774 23 47
5775 24 53
5776 23 53
5777 23 60
5778 24 17
5779 24 13
5780 23 3
5781 24 19
5782 23 17
5783 23 4
5784 23 13
5785 23 59
5786 23 58
5787 23 5
5788 23 4
5789 24 4
5790 23 36
5791 24 27
5792 24 22
5793 24 36
5794 24 0
5795 24 44
5796 23 59
5797 23 50
5798 24 15
5799 23 19
5800 24 49
5801 24 9
5802 24 26
5803 23 44
5804 23 49
5805 23 18
5806 24 35
5807 24 30
5808 24 47
5809 23 58
5810 24 23
5811 23 9
5812 24 27
5813 23 8
5814 24 36
5815 23 36
5816 23 30
5817 22 50
5818 23 23
5819 23 24
5820 23 47
5821 24 60
5822 24 16
5823 24 58
5824 25 13
5825 23 51
5826 23 58
5827 23 31
5828 23 52
5829 25 3
5830 24 18
5831 23 18
5832 24 56
5833 23 60
5834 25 6
5835 23 56
5836 24 10
5837 24 18
5838 23 37
5839 24 59
5840 22 60
5841 23 55
5842 23 42
5843 24 54
5844 25 21
5845 22 42
5846 22 37
5847 24 15
5848 24 45
5849 22 38
5850 22 52
5851 24 6
5852 23 45
5853 22 55
5854 25 4
5855 25 9
5856 24 16
5857 22 45
5858 23 18
5859 23 30
5860 24 11
5861 23 54
5862 24 43
5863 24 1
5864 23 60
5865 22 60
5866 23 41
5867 21 55
5868 24 21
5869 24 13
5870 24 9
5871 24 41
5872 20 55
5873 24 10
5874 23 62
5875 23 43
5876 23 63
5877 22 43
5878 24 55
5879 22 42
5880 24 37
5881 24 15
5882 25 32
5883 23 50
5884 24 32
5885 22 41
5886 22 50
5887 24 19
5888 23 37
5889 23 32
5890 24 48
5891 24 29
5892 24 35
5893 24 56
5894 24 22
5895 22 42
5896 22 43
5897 23 29
5898 23 35
5899 25 58
5900 23 41
5901 25 14
5902 23 56
5903 24 21
5904 24 2
5905 24 51
5906 24 9
5907 24 58
5908 23 33
5909 24 14
5910 23 32
5911 23 51
5912 24 3
5913 25 5
5914 24 33
5915 24 60
5916 23 60
5917 23 52
5918 25 1
5919 24 46
5920 23 51
5921 25 57
5922 24 42
5923 23 42
5924 24 28
5925 25 0
5926 25 36
5927 25 59
5928 24 59
5929 24 0
5930 24 15
5931 24 5
5932 23 15
5933 24 34
5934 24 33
5935 24 36
5936 25 35
5937 24 45
5938 23 36
5939 23 28
5940 25 31
5941 23 45
5942 24 57
5943 25 30
5944 23 35
5945 24 30
5946 24 18
5947 25 6
5948 25 42
5949 24 6
5950 24 10
5951 23 34
5952 23 33
5953 25 13
5954 24 26
5955 25 63
5956 25 23
5957 24 13
5958 24 61
5959 23 61
5960 24 42
5961 23 16
5962 24 23
5963 24 11
5964 24 52
5965 23 17
5966 25 46
5967 24 35
5968 24 16
5969 25 54
5970 25 32
5971 25 9
5972 26 5
5973 24 46
5974 25 5
5975 23 18
5976 24 9
5977 24 32
5978 23 16
5979 24 25
5980 24 24
5981 24 45
5982 26 0
5983 24 63
5984 24 54
5985 24 50
5986 25 0
5987 25 42
5988 24 16
5989 23 54
5990 25 8
5991 24 0
5992 23 50
5993 24 8
5994 22 50
5995 22 51
5996 25 10
5997 25 62
5998 25 60
5999 23 63
6000 24 46
6001 24 62
6002 24 15
6003 24 25
6004 25 20
6005 24 60
6006 24 10
6007 25 56
6008 24 40
6009 24 20
6010 24 34
6011 25 43
6012 24 9
6013 25 61
6014 23 9
6015 24 38
6016 23 38
6017 24 42
6018 25 45
6019 24 59
6020 23 42
6021 25 11
6022 25 22
6023 25 29
6024 24 11
6025 24 10
6026 24 58
6027 24 39
6028 24 41
6029 25 12
6030 25 7
6031 24 22
6032 26 29
6033 24 49
6034 25 55
6035 26 62
6036 25 62
6037 25 33
6038 24 29
6039 24 33
6040 24 28
6041 25 44
6042 25 15
6043 26 31
6044 25 47
6045 24 47
6046 25 11
6047 25 57
6048 25 37
6049 24 37
6050 25 40
6051 25 22
6052 25 14
6053 25 56
6054 25 28
6055 26 61
6056 24 40
6057 25 23
6058 25 60
6059 25 13
6060 25 54
6061 25 61
6062 24 56
6063 25 59
6064 25 10
6065 25 46
6066 24 28
6067 24 60
6068 25 22
6069 26 32
6070 24 61
6071 24 29
6072 25 19
6073 25 14
6074 26 6
6075 25 23
6076 24 19
6077 24 28
6078 25 31
6079 25 6
6080 25 26
6081 23 60
6082 25 3
6083 24 18
6084 26 8
6085 25 16
6086 24 31
6087 25 8
6088 25 35
6089 23 18
6090 23 61
6091 26 15
6092 26 14
6093 24 35
6094 25 48
6095 25 62
6096 24 30
6097 26 46
6098 24 26
6099 25 55
6100 23 26
6101 25 13
6102 24 16
6103 25 35
6104 24 35
6105 26 7
6106 25 43
6107 25 18
6108 26 44
6109 24 13
6110 24 18
6111 25 4
6112 24 19
6113 25 2
6114 24 48
6115 25 32
6116 24 60
6117 25 31
6118 25 54
6119 26 13
6120 25 7
6121 24 54
6122 24 62
6123 26 30
6124 24 43
6125 25 29
6126 25 8
6127 25 38
6128 25 24
6129 25 17
6130 25 1
6131 25 13
6132 24 29
6133 25 0
6134 26 60
6135 25 52
6136 24 38
6137 25 43
6138 27 32
6139 23 29
6140 24 51
6141 26 14
6142 23 51
6143 26 32
6144 24 24
6145 27 30
6146 25 34
6147 24 0
6148 24 52
6149 26 3
6150 24 43
6151 25 3
6152 25 39
6153 25 63
6154 25 25
6155 25 32
6156 26 28
6157 25 16
6158 25 53
6159 24 16
6160 25 51
6161 26 13
6162 24 25
6163 26 30
6164 23 16
6165 25 12
6166 24 50
6167 24 42
6168 25 7
6169 25 44
6170 26 9
6171 25 46
6172 22 16
6173 24 43
6174 23 43
6175 24 51
6176 25 22
6177 25 54
6178 25 40
6179 22 17
6180 23 44
6181 25 18
6182 24 46
6183 25 38
6184 26 29
6185 25 33
6186 26 45
6187 26 31
6188 25 27
6189 24 22
6190 25 51
6191 24 40
6192 24 21
6193 24 45
6194 26 44
6195 25 55
6196 24 51
6197 24 49
6198 26 47
6199 25 17
6200 25 54
6201 26 8
6202 23 49
6203 26 52
6204 25 24
6205 25 62
6206 26 1
6207 26 19
6208 26 28
6209 26 45
6210 25 25
6211 25 58
6212 25 37
6213 25 47
6214 26 59
6215 26 34
6216 23 50
6217 26 2
6218 26 14
6219 26 44
6220 26 3
6221 25 42
6222 25 34
6223 25 59
6224 26 63
6225 24 62
6226 24 17
6227 25 24
6228 25 11
6229 24 16
6230 24 24
6231 25 39
6232 25 19
6233 25 1
6234 25 60
6235 25 26
6236 24 19
6237 25 12
6238 25 25
6239 26 48
6240 23 19
6241 26 11
6242 25 2
6243 24 12
6244 26 20
6245 26 23
6246 25 3
6247 24 39
6248 25 52
6249 26 18
6250 25 23
6251 25 35
6252 25 28
6253 25 5
6254 25 15
6255 24 15
6256 26 35
6257 25 26
6258 25 34
6259 26 7
6260 26 27
6261 25 18
6262 25 29
6263 24 26
6264 25 17
6265 26 13
6266 25 33
6267 25 6
6268 25 13
6269 24 41
6270 26 52
6271 25 38
6272 23 41
6273 26 28
6274 26 43
6275 24 17
6276 25 34
6277 24 34
6278 24 60
6279 25 11
6280 26 34
6281 25 28
6282 26 45
6283 24 11
6284 26 57
6285 26 21
6286 25 43
6287 25 20
6288 24 35
6289 25 9
6290 24 36
6291 25 45
6292 24 20
6293 26 3
6294 25 52
6295 25 24
6296 25 5
6297 26 12
6298 24 5
6299 25 57
6300 25 21
6301 26 2
6302 26 13
6303 25 12
6304 26 33
6305 26 22
6306 25 61
6307 26 57
6308 24 19
6309 25 48
6310 26 58
6311 24 12
6312 26 62
6313 25 31
6314 25 32
6315 25 30
6316 26 47
6317 27 19
6318 25 25
6319 24 32
6320 23 32
6321 25 50
6322 24 20
6323 26 44
6324 26 30
6325 26 51
6326 25 22
6327 24 19
6328 26 6
6329 24 48
6330 26 42
6331 24 50
6332 24 61
6333 25 10
6334 26 16
6335 25 16
6336 25 33
6337 25 37
6338 25 44
6339 25 23
6340 24 10
6341 25 3
6342 25 49
6343 24 9
6344 25 57
6345 27 20
6346 25 62
6347 24 23
6348 26 28
6349 26 21
6350 25 30
6351 26 60
6352 25 48
6353 25 60
6354 26 48
6355 25 2
6356 25 41
6357 27 63
6358 25 47
6359 24 22
6360 26 40
6361 27 46
6362 23 22
6363 26 49
6364 24 30
6365 24 60
6366 25 55
6367 24 24
6368 23 60
6369 26 15
6370 26 43
6371 25 40
6372 26 46
6373 24 55
6374 24 54
6375 26 63
6376 25 36
6377 24 47
6378 24 60
6379 25 24
6380 25 22
6381 28 20
6382 26 19
6383 25 21
6384 26 1
6385 26 26
6386 25 41
6387 26 45
6388 26 10
6389 25 25
6390 26 20
6391 26 17
6392 26 7
6393 24 41
6394 25 35
6395 26 59
6396 26 14
6397 26 31
6398 25 14
6399 25 19
6400 27 20
6401 26 38
6402 25 49
6403 26 32
6404 25 54
6405 26 29
6406 25 38
6407 26 27
6408 24 42
6409 24 41
6410 24 54
6411 26 55
6412 25 27
6413 26 35
6414 25 48
6415 27 10
6416 26 34
6417 25 47
6418 26 9
6419 25 9
6420 26 25
6421 25 55
6422 27 16
6423 27 9
6424 25 63
6425 25 29
6426 26 21
6427 25 42
6428 25 28
6429 26 20
6430 26 10
6431 25 22
6432 25 21
6433 25 24
6434 26 4
6435 25 43
6436 24 43
6437 25 4
6438 26 26
6439 25 36
6440 25 50
6441 25 53
6442 27 45
6443 26 0
6444 26 2
6445 26 27
6446 26 18
6447 26 22
6448 26 16
6449 26 15
6450 26 24
6451 26 56
6452 26 48
6453 26 8
6454 26 28
6455 26 5
6456 25 8
6457 27 22
6458 25 7
6459 26 22
6460 26 50
6461 27 46
6462 25 48
6463 24 48
6464 26 37
6465 25 37
6466 26 39
6467 26 11
6468 27 3
6469 27 57
6470 25 39
6471 26 57
6472 26 3
6473 26 38
6474 26 10
6475 26 44
6476 26 45
6477 26 46
6478 26 4
6479 26 49
6480 26 61
6481 27 62
6482 27 33
6483 27 17
6484 27 7
6485 26 33
6486 27 2
6487 25 61
6488 25 4
6489 26 7
6490 27 47
6491 26 47
6492 26 17
6493 27 26
6494 26 12
6495 25 3
6496 26 26
6497 27 29
6498 26 42
6499 26 31
6500 26 32
6501 25 42
6502 25 4
6503 25 3
6504 26 11
6505 26 13
6506 26 36
6507 27 6
6508 27 44
6509 27 1
6510 26 1
6511 25 36
6512 25 37
6513 27 17
6514 26 29
6515 27 13
6516 27 8
6517 26 17
6518 27 18
6519 25 29
6520 26 6
6521 26 55
6522 26 13
6523 26 16
6524 26 44
6525 26 35
6526 26 45
6527 25 55
6528 26 60
6529 27 7
6530 27 42
6531 26 42
6532 27 21
6533 27 0
6534 26 30
6535 27 10
6536 26 41
6537 28 7
6538 25 41
6539 26 54
6540 27 43
6541 26 40
6542 26 55
6543 27 7
6544 27 45
6545 27 32
6546 27 22
6547 27 23
6548 27 15
6549 25 54
6550 26 29
6551 26 45
6552 26 44
6553 28 18
6554 27 12
6555 25 44
6556 27 3
6557 26 3
6558 26 39
6559 26 12
6560 26 15
6561 27 17
6562 27 35
6563 27 6
6564 27 18
6565 26 13
6566 26 23
6567 26 52
6568 25 39
6569 26 31
6570 25 23
6571 27 31
6572 25 31
6573 26 44
6574 25 40
6575 26 35
6576 26 51
6577 27 41
6578 27 1
6579 27 61
6580 27 2
6581 28 46
6582 26 56
6583 27 7
6584 26 2
6585 26 61
6586 25 32
6587 26 41
6588 27 21
6589 25 41
6590 25 33
6591 26 57
6592 24 41
6593 26 45
6594 26 30
6595 24 40
6596 27 34
6597 26 34
6598 25 12
6599 26 21
6600 26 12
6601 26 22
6602 26 52
6603 26 51
6604 27 14
6605 26 14
6606 28 0
6607 27 30
6608 27 46
6609 27 51
6610 26 51
6611 27 0
6612 28 35
6613 26 31
6614 26 53
6615 28 42
6616 27 16
6617 27 42
6618 25 31
6619 27 36
6620 28 19
6621 26 36
6622 27 50
6623 26 50
6624 26 32
6625 26 16
6626 27 25
6627 27 5
6628 26 5
6629 26 17
6630 27 19
6631 27 44
6632 27 45
6633 27 56
6634 27 46
6635 27 11
6636 27 61
6637 28 15
6638 26 58
6639 26 46
6640 27 54
6641 26 11
6642 26 10
6643 26 54
6644 28 17
6645 26 61
6646 28 45
6647 26 31
6648 26 53
6649 26 54
6650 27 15
6651 28 7
6652 28 30
6653 26 33
6654 27 2
6655 27 59
6656 25 31
6657 29 0
6658 27 39
6659 27 37
6660 27 55
6661 26 39
6662 28 12
6663 27 1
6664 27 24
6665 26 24
6666 26 37
6667 27 7
6668 27 4
6669 27 43
6670 28 44
6671 26 36
6672 26 35
6673 26 43
6674 27 30
6675 26 25
6676 25 39
6677 26 24
6678 26 31
6679 26 59
6680 27 0
6681 27 52
6682 25 59
6683 26 36
6684 28 16
6685 25 31
6686 27 57
6687 27 35
6688 27 44
6689 27 48
6690 27 51
6691 27 17
6692 25 58
6693 28 14
6694 27 49
6695 27 63
6696 27 1
6697 26 39
6698 26 1
6699 28 21
6700 27 50
6701 28 24
6702 28 35
6703 27 36
6704 28 43
6705 26 36
6706 27 35
6707 26 48
6708 27 28
6709 27 9
6710 28 62
6711 26 44
6712 26 28
6713 26 37
6714 27 1
6715 25 37
6716 28 63
6717 26 51
6718 26 57
6719 26 43
6720 29 44
6721 27 60
6722 26 63
6723 27 24
6724 28 44
6725 26 60
6726 28 18
6727 27 12
6728 27 14
6729 28 29
6730 27 58
6731 28 6
6732 27 47
6733 27 54
6734 27 18
6735 27 27
6736 25 43
6737 28 0
6738 26 43
6739 28 13
6740 27 43
6741 27 33
6742 28 57
6743 25 43
6744 26 27
6745 28 15
6746 26 54
6747 27 56
6748 26 58
6749 27 21
6750 27 29
6751 26 47
6752 27 6
6753 25 47
6754 25 46
6755 28 14
6756 27 14
6757 27 57
6758 28 8
6759 27 2
6760 28 36
6761 27 62
6762 26 32
6763 27 34
6764 28 47
6765 28 18
6766 27 8
6767 26 62
6768 26 53
6769 26 54
6770 28 16
6771 27 1
6772 29 43
6773 27 0
6774 28 30
6775 28 15
6776 27 15
6777 27 3
6778 28 43
6779 28 44
6780 28 57
6781 27 42
6782 27 18
6783 28 7
6784 26 18
6785 27 36
6786 27 33
6787 27 53
6788 25 54
6789 28 9
6790 28 11
6791 28 59
6792 27 7
6793 27 61
6794 28 12
6795 26 33
6796 24 54
6797 28 35
6798 26 53
6799 26 61
6800 28 41
6801 28 43
6802 28 28
6803 27 2
6804 28 7
6805 28 25
6806 26 31
6807 28 11
6808 29 14
6809 27 49
6810 28 20
6811 28 29
6812 27 7
6813 29 45
6814 28 24
6815 27 38
6816 26 7
6817 28 12
6818 26 38
6819 27 23
6820 28 42
6821 28 2
6822 26 2
6823 27 2
6824 28 8
6825 26 3
6826 29 44
6827 27 10
6828 28 37
6829 28 28
6830 27 40
6831 27 59
6832 27 37
6833 26 2
6834 28 1
6835 25 3
6836 26 49
6837 25 38
6838 27 30
6839 26 30
6840 28 17
6841 26 1
6842 27 57
6843 28 29
6844 29 17
6845 28 16
6846 28 13
6847 26 2
6848 27 35
6849 27 24
6850 26 57
6851 27 1
6852 27 41
6853 28 12
6854 26 41
6855 28 19
6856 28 26
6857 27 55
6858 26 40
6859 26 55
6860 27 47
6861 27 26
6862 27 43
6863 27 23
6864 26 23
6865 26 32
6866 27 48
6867 28 9
6868 25 55
6869 28 54
6870 27 11
6871 27 9
6872 29 18
6873 28 20
6874 26 55
6875 27 44
6876 27 54
6877 27 22
6878 26 31
6879 26 54
6880 28 17
6881 27 47
6882 29 8
6883 29 43
6884 28 10
6885 28 8
6886 27 29
6887 26 55
6888 27 38
6889 28 21
6890 26 32
6891 27 48
6892 27 10
6893 29 7
6894 28 22
6895 29 0
6896 26 48
6897 29 21
6898 27 34
6899 28 20
6900 28 46
6901 27 20
6902 28 23
6903 27 30
6904 27 22
6905 27 45
6906 28 0
6907 26 33
6908 27 11
6909 27 49
6910 27 60
6911 27 62
6912 29 44
6913 26 45
6914 27 37
6915 30 21
6916 27 33
6917 27 35
6918 28 30
6919 26 35
6920 28 11
6921 29 45
6922 29 20
6923 28 21
6924 28 15
6925 28 51
6926 27 51
6927 28 20
6928 28 5
6929 28 13
6930 29 8
6931 28 9
6932 27 31
6933 27 15
6934 27 13
6935 27 30
6936 27 63
6937 29 10
6938 28 6
6939 26 63
6940 28 10
6941 28 14
6942 29 1
6943 28 53
6944 27 53
6945 28 3
6946 28 7
6947 28 56
6948 28 41
6949 27 9
6950 28 58
6951 28 27
6952 29 19
6953 27 27
6954 26 53
6955 28 55
6956 28 12
6957 28 4
6958 28 40
6959 29 21
6960 28 52
6961 27 3
6962 28 60
6963 29 63
6964 28 48
6965 28 9
6966 29 22
6967 27 32
6968 26 54
6969 27 4
6970 27 12
6971 26 3
6972 26 32
6973 27 34
6974 26 34
6975 29 20
6976 28 50
6977 27 3
6978 28 42
6979 28 19
6980 29 44
6981 28 2
6982 27 5
6983 27 19
6984 27 58
6985 28 34
6986 29 13
6987 27 40
6988 27 48
6989 27 55
6990 29 27
6991 28 32
6992 28 38
6993 29 21
6994 30 19
6995 28 16
6996 28 27
6997 28 58
6998 29 52
6999 28 57
7000 29 2
7001 27 16
7002 27 54
7003 27 32
7004 28 35
7005 28 63
7006 27 45
7007 27 58
7008 26 58
7009 28 20
7010 28 41
7011 27 50
7012 28 37
7013 28 17
7014 29 26
7015 28 12
7016 28 13
7017 26 45
7018 28 54
7019 27 38
7020 27 37
7021 28 40
7022 27 17
7023 28 6
7024 28 61
7025 27 45
7026 26 9
7027 27 51
7028 30 63
7029 29 19
7030 26 17
7031 27 6
7032 26 10
7033 28 41
7034 28 38
7035 27 7
7036 29 43
7037 29 63
7038 26 18
7039 29 3
7040 27 9
7041 28 55
7042 27 38
7043 28 9
7044 28 43
7045 26 51
7046 26 38
7047 29 16
7048 28 31
7049 27 61
7050 26 50
7051 27 18
7052 28 42
7053 28 52
7054 28 22
7055 27 31
7056 30 20
7057 27 60
7058 28 8
7059 27 46
7060 28 3
7061 29 56
7062 30 63
7063 29 52
7064 28 49
7065 27 52
7066 28 45
7067 29 5
7068 29 11
7069 29 9
7070 28 25
7071 28 50
7072 27 8
7073 28 5
7074 26 8
7075 27 53
7076 28 39
7077 26 7
7078 28 47
7079 27 30
7080 28 28
7081 27 7
7082 28 58
7083 29 18
7084 27 45
7085 27 39
7086 28 44
7087 27 46
7088 28 21
7089 28 33
7090 27 22
7091 27 51
7092 28 6
7093 28 49
7094 28 36
7095 26 60
7096 27 40
7097 30 44
7098 28 30
7099 28 37
7100 29 44
7101 26 61
7102 28 27
7103 28 52
7104 27 33
7105 27 58
7106 27 30
7107 29 10
7108 28 5
7109 26 51
7110 26 40
7111 28 58
7112 29 27
7113 29 11
7114 27 25
7115 28 24
7116 29 35
7117 25 40
7118 29 51
7119 29 20
7120 27 58
7121 28 41
7122 28 62
7123 30 18
7124 27 54
7125 27 51
7126 26 25
7127 28 16
7128 28 20
7129 27 41
7130 29 43
7131 31 63
7132 28 30
7133 26 41
7134 29 4
7135 25 41
7136 29 15
7137 29 7
7138 28 46
7139 29 23
7140 28 38
7141 29 63
7142 26 58
7143 29 14
7144 28 50
7145 28 1
7146 29 52
7147 27 53
7148 28 29
7149 25 58
7150 29 44
7151 28 27
7152 28 59
7153 30 10
7154 28 56
7155 27 50
7156 29 49
7157 28 45
7158 27 45
7159 29 3
7160 26 53
7161 28 40
7162 28 58
7163 28 31
7164 27 58
7165 28 11
7166 29 42
7167 28 49
7168 27 29
7169 29 43
7170 28 37
7171 29 41
7172 28 54
7173 27 28
7174 30 63
7175 27 44
7176 27 62
7177 28 62
7178 28 47
7179 26 44
7180 29 10
7181 28 35
7182 28 52
7183 27 31
7184 28 48
7185 28 55
7186 27 11
7187 30 19
7188 26 11
7189 29 34
7190 28 18
7191 27 40
7192 27 47
7193 29 33
7194 27 62
7195 29 21
7196 30 21
7197 28 23
7198 28 19
7199 27 55
7200 31 63
7201 28 53
7202 28 26
7203 28 63
7204 28 41
7205 28 17
7206 28 49
7207 29 42
7208 26 62
7209 27 41
7210 29 32
7211 28 51
7212 28 9
7213 28 25
7214 27 51
7215 27 62
7216 28 0
7217 29 19
7218 28 18
7219 28 42
7220 28 26
7221 29 9
7222 29 13
7223 29 46
7224 28 43
7225 28 50
7226 28 36
7227 29 31
7228 28 54
7229 29 12
7230 28 42
7231 28 9
7232 29 8
7233 28 38
7234 29 34
7235 29 47
7236 28 51
7237 28 8
7238 28 31
7239 28 46
7240 27 38
7241 27 31
7242 29 62
7243 29 20
7244 27 39
7245 29 55
7246 29 22
7247 30 62
7248 27 9
7249 28 62
7250 28 41
7251 28 28
7252 27 10
7253 28 47
7254 29 37
7255 28 20
7256 28 40
7257 30 12
7258 29 12
7259 29 14
7260 28 22
7261 29 57
7262 27 40
7263 28 27
7264 29 25
7265 28 14
7266 28 34
7267 28 55
7268 27 55
7269 28 37
7270 31 20
7271 28 23
7272 28 58
7273 28 57
7274 30 63
7275 30 11
7276 27 58
7277 29 54
7278 29 15
7279 30 62
7280 26 58
7281 28 54
7282 29 11
7283 30 63
7284 28 28
7285 27 28
7286 29 48
7287 28 52
7288 29 26
7289 29 21
7290 28 26
7291 28 48
7292 29 33
7293 30 8
7294 29 14
7295 29 0
7296 28 24
7297 28 0
7298 27 24
7299 28 29
7300 28 51
7301 30 9
7302 28 61
7303 29 8
7304 28 45
7305 29 2
7306 30 14
7307 29 24
7308 28 28
7309 30 42
7310 29 53
7311 27 25
7312 28 46
7313 30 8
7314 29 41
7315 29 13
7316 29 5
7317 29 36
7318 29 7
7319 28 7
7320 30 21
7321 28 5
7322 30 3
7323 31 62
7324 29 52
7325 29 5
7326 29 21
7327 29 62
7328 28 29
7329 29 47
7330 29 61
7331 29 8
7332 28 41
7333 29 42
7334 27 41
7335 28 52
7336 28 36
7337 29 36
7338 30 48
7339 28 13
7340 26 41
7341 28 14
7342 28 5
7343 29 59
7344 28 61
7345 29 48
7346 28 2
7347 29 10
7348 29 23
7349 30 20
7350 29 14
7351 29 6
7352 26 40
7353 28 10
7354 27 61
7355 27 5
7356 27 40
7357 28 25
7358 30 42
7359 29 45
7360 28 13
7361 30 22
7362 30 13
7363 27 10
7364 29 25
7365 28 26
7366 29 9
7367 28 59
7368 27 11
7369 28 12
7370 28 47
7371 29 46
7372 28 5
7373 28 48
7374 29 22
7375 29 15
7376 29 51
7377 28 22
7378 29 5
7379 28 13
7380 28 5
7381 29 34
7382 28 12
7383 27 60
7384 29 39
7385 28 40
7386 29 58
7387 27 12
7388 29 56
7389 29 18
7390 29 33
7391 30 5
7392 30 57
7393 29 63
7394 27 40
7395 28 23
7396 28 18
7397 29 35
7398 28 25
7399 28 33
7400 28 51
7401 30 12
7402 30 10
7403 27 61
7404 29 8
7405 29 5
7406 29 3
7407 27 60
7408 27 18
7409 28 39
7410 27 19
7411 29 34
7412 28 56
7413 27 39
7414 28 8
7415 31 12
7416 29 7
7417 29 12
7418 28 5
7419 30 12
7420 29 11
7421 28 58
7422 27 8
7423 27 25
7424 30 4
7425 28 25
7426 29 30
7427 29 57
7428 27 25
7429 29 42
7430 28 53
7431 29 24
7432 29 60
7433 29 49
7434 30 24
7435 28 30
7436 28 11
7437 28 24
7438 28 49
7439 29 1
7440 28 27
7441 29 35
7442 29 47
7443 27 49
7444 28 52
7445 28 53
7446 30 5
7447 28 35
7448 28 60
7449 29 17
7450 30 34
7451 29 24
7452 28 23
7453 30 41
7454 28 22
7455 30 42
7456 29 40
7457 28 47
7458 29 37
7459 28 40
7460 30 63
7461 29 6
7462 29 50
7463 28 6
7464 28 54
7465 30 25
7466 29 36
7467 27 54
7468 30 41
7469 29 0
7470 30 62
7471 30 26
7472 29 31
7473 30 21
7474 28 50
7475 28 55
7476 30 31
7477 30 0
7478 30 4
7479 29 34
7480 29 25
7481 29 14
7482 28 0
7483 29 30
7484 28 25
7485 30 2
7486 29 11
7487 27 25
7488 29 7
7489 27 0
7490 29 48
7491 30 35
7492 30 33
7493 28 28
7494 29 33
7495 29 47
7496 28 25
7497 28 48
7498 30 61
7499 29 44
7500 28 44
7501 29 18
7502 30 22
7503 28 33
7504 29 54
7505 29 48
7506 30 11
7507 28 49
7508 29 38
7509 29 44
7510 28 30
7511 30 21
7512 30 40
7513 28 38
7514 29 2
7515 29 61
7516 29 0
7517 29 53
7518 29 6
7519 28 44
7520 30 22
7521 29 7
7522 28 45
7523 29 22
7524 30 51
7525 30 46
7526 29 19
7527 30 12
7528 29 12
7529 29 10
7530 28 10
7531 30 63
7532 30 62
7533 29 31
7534 29 43
7535 30 50
7536 31 50
7537 29 51
7538 29 54
7539 29 35
7540 29 50
7541 29 46
7542 28 27
7543 29 42
7544 30 8
7545 29 4
7546 29 18
7547 29 27
7548 29 16
7549 28 51
7550 28 29
7551 29 3
7552 30 39
7553 27 29
7554 29 58
7555 29 19
7556 30 18
7557 28 16
7558 30 32
7559 27 51
7560 30 63
7561 29 57
7562 29 8
7563 30 57
7564 29 9
7565 29 63
7566 29 49
7567 29 58
7568 31 11
7569 29 37
7570 29 20
7571 28 37
7572 29 41
7573 29 62
7574 30 41
7575 30 50
7576 27 52
7577 29 19
7578 28 19
7579 28 27
7580 29 57
7581 29 2
7582 29 63
7583 28 2
7584 29 10
7585 28 58
7586 30 60
7587 28 26
7588 29 59
7589 29 50
7590 27 58
7591 30 25
7592 30 44
7593 28 27
7594 28 59
7595 29 39
7596 29 60
7597 30 58
7598 29 44
7599 30 11
7600 29 6
7601 30 56
7602 29 25
7603 29 56
7604 30 23
7605 30 3
7606 30 7
7607 28 25
7608 28 24
7609 29 42
7610 28 42
7611 28 57
7612 29 15
7613 29 3
7614 29 28
7615 29 27
7616 30 40
7617 31 13
7618 31 63
7619 30 54
7620 27 57
7621 31 10
7622 27 58
7623 29 37
7624 28 15
7625 28 37
7626 29 29
7627 30 10
7628 30 63
7629 30 27
7630 29 54
7631 30 26
7632 29 49
7633 29 53
7634 30 1
7635 30 61
7636 30 25
7637 30 45
7638 29 25
7639 29 28
7640 29 29
7641 31 24
7642 29 61
7643 30 41
7644 30 24
7645 30 53
7646 29 53
7647 30 59
7648 30 2
7649 29 45
7650 28 45
7651 30 33
7652 30 13
7653 29 41
7654 30 4
7655 29 57
7656 30 8
7657 29 56
7658 30 32
7659 29 32
7660 30 19
7661 30 6
7662 30 5
7663 29 8
7664 30 7
7665 31 5
7666 30 38
7667 29 9
7668 30 5
7669 30 22
7670 30 57
7671 31 9
7672 29 38
7673 29 10
7674 31 3
7675 31 1
7676 29 9
7677 30 30
7678 29 37
7679 30 44
7680 30 31
7681 30 34
7682 29 10
7683 31 21
7684 31 6
7685 30 3
7686 29 44
7687 30 21
7688 31 59
7689 29 38
7690 31 25
7691 30 14
7692 30 13
7693 30 1
7694 30 52
7695 29 31
7696 29 30
7697 29 39
7698 31 12
7699 28 30
7700 30 41
7701 31 33
7702 30 12
7703 30 33
7704 30 0
7705 30 9
7706 30 6
7707 29 6
7708 30 8
7709 29 41
7710 31 0
7711 30 25
7712 30 51
7713 30 56
7714 31 39
7715 31 14
7716 28 31
7717 29 45
7718 30 29
7719 31 7
7720 29 29
7721 30 26
7722 29 42
7723 30 47
7724 28 29
7725 31 22
7726 29 31
7727 30 45
7728 29 30
7729 29 47
7730 31 11
7731 30 39
7732 30 17
7733 31 4
7734 29 17
7735 30 28
7736 28 28
7737 30 40
7738 30 44
7739 30 22
7740 30 61
7741 30 37
7742 32 10
7743 30 52
7744 31 3
7745 31 6
7746 27 28
7747 30 29
7748 32 6
7749 28 28
7750 31 7
7751 30 59
7752 31 8
7753 29 37
7754 30 21
7755 31 1
7756 30 30
7757 31 10
7758 30 3
7759 30 7
7760 32 63
7761 30 49
7762 29 49
7763 30 45
7764 30 35
7765 30 39
7766 29 43
7767 28 43
7768 31 27
7769 29 35
7770 31 21
7771 30 10
7772 30 27
7773 30 36
7774 31 6
7775 32 6
7776 32 4
7777 31 6
7778 30 31
7779 30 46
7780 31 23
7781 30 23
7782 30 24
7783 30 32
7784 30 22
7785 31 0
7786 30 15
7787 31 4
7788 31 28
7789 30 14
7790 31 12
7791 31 26
7792 30 28
7793 31 20
7794 31 31
7795 31 1
7796 32 7
7797 31 45
7798 31 32
7799 30 1
7800 30 31
7801 32 9
7802 30 21
7803 30 45
7804 31 7
7805 30 53
7806 30 16
7807 30 62
7808 31 9
7809 31 11
7810 30 15
7811 31 38
7812 30 38
7813 31 29
7814 30 22
7815 31 13
7816 29 62
7817 29 61
7818 30 29
7819 30 21
7820 30 39
7821 30 52
7822 30 13
7823 31 44
7824 32 5
7825 31 12
7826 32 12
7827 31 36
7828 32 1
7829 30 57
7830 32 6
7831 31 33
7832 31 45
7833 31 13
7834 30 36
7835 30 54
7836 29 36
7837 30 12
7838 30 11
7839 32 10
7840 30 45
7841 31 25
7842 33 7
7843 30 25
7844 30 48
7845 29 48
7846 31 10
7847 31 12
7848 30 60
7849 32 8
7850 32 7
7851 31 39
7852 30 53
7853 31 37
7854 30 52
7855 30 61
7856 30 37
7857 31 1
7858 31 8
7859 30 8
7860 32 26
7861 30 38
7862 31 32
7863 31 26
7864 30 55
7865 30 56
7866 31 2
7867 31 52
7868 31 34
7869 31 56
7870 31 18
7871 32 0
7872 30 18
7873 30 47
7874 31 43
7875 30 34
7876 30 56
7877 31 0
7878 31 58
7879 30 0
7880 32 1
7881 30 52
7882 30 58
7883 31 63
7884 31 17
7885 31 18
7886 30 63
7887 30 18
7888 31 1
7889 33 63
7890 32 24
7891 33 8
7892 31 24
7893 30 33
7894 32 5
7895 31 14
7896 31 16
7897 30 19
7898 31 40
7899 30 40
7900 32 8
7901 31 33
7902 30 16
7903 31 22
7904 30 18
7905 30 39
7906 31 8
7907 30 40
7908 30 19
7909 31 38
7910 32 6
7911 30 38
7912 32 37
7913 32 25
7914 31 9
7915 32 17
7916 30 22
7917 31 17
7918 31 6
7919 31 54
7920 33 0
7921 29 38
7922 30 54
7923 30 20
7924 28 38
7925 31 51
7926 32 2
7927 32 23
7928 32 0
7929 29 54
7930 31 34
7931 30 51
7932 30 42
7933 31 21
7934 33 1
7935 30 21
7936 31 0
7937 30 43
7938 31 23
7939 31 2
7940 30 41
7941 31 5
7942 30 48
7943 31 27
7944 32 0
7945 30 40
7946 31 57
7947 30 23
7948 31 25
7949 33 9
7950 32 11
7951 31 28
7952 31 62
7953 32 63
7954 29 48
7955 30 62
7956 29 62
7957 32 27
7958 31 37
7959 30 37
7960 31 42
7961 28 62
7962 31 40
7963 31 33
7964 34 8
7965 31 32
7966 31 41
7967 31 43
7968 31 35
7969 30 25
7970 31 53
7971 31 3
7972 32 1
7973 32 40
7974 31 30
7975 32 9
7976 31 22
7977 30 38
7978 32 26
7979 31 56
7980 30 30
7981 28 63
7982 31 25
7983 32 25
7984 30 19
7985 32 33
7986 32 4
7987 30 3
7988 30 44
7989 31 54
7990 31 13
7991 30 22
7992 32 17
7993 31 63
7994 31 48
7995 30 32
7996 30 48
7997 30 63
7998 29 22
7999 31 23
8000 30 43
8001 31 60
8002 30 41
8003 31 58
8004 31 29
8005 31 41
8006 30 60
8007 31 57
8008 30 31
8009 30 42
8010 32 13
8011 33 6
8012 33 8
8013 31 11
8014 30 18
8015 30 39
8016 30 25
8017 31 30
8018 30 62
8019 30 54
8020 30 35
8021 30 56
8022 29 42
8023 34 63
8024 31 0
8025 32 36
8026 30 30
8027 31 61
8028 31 24
8029 32 8
8030 30 59
8031 31 33
8032 30 61
8033 30 46
8034 31 59
8035 32 61
8036 29 41
8037 29 46
8038 30 41
8039 33 1
8040 33 5
8041 32 10
8042 28 46
8043 32 5
8044 30 57
8045 31 62
8046 29 30
8047 32 26
8048 34 7
8049 32 37
8050 31 10
8051 31 1
8052 33 8
8053 31 29
8054 33 63
8055 34 63
8056 31 37
8057 30 62
8058 31 4
8059 29 62
8060 33 4
8061 32 20
8062 31 46
8063 30 4
8064 31 11
8065 31 63
8066 31 51
8067 31 20
8068 32 33
8069 32 24
8070 30 46
8071 31 61
8072 33 7
8073 30 60
8074 32 6
8075 29 40
8076 33 8
8077 31 52
8078 31 26
8079 31 19
8080 32 31
8081 29 41
8082 29 60
8083 31 31
8084 33 7
8085 32 22
8086 31 36
8087 32 62
8088 31 33
8089 31 10
8090 30 29
8091 31 44
8092 30 33
8093 30 19
8094 31 25
8095 30 25
8096 31 17
8097 31 62
8098 32 5
8099 32 32
8100 31 30
8101 30 36
8102 31 47
8103 31 4
8104 30 56
8105 31 42
8106 30 49
8107 29 25
8108 29 19
8109 31 31
8110 31 58
8111 32 23
8112 31 36
8113 32 61
8114 31 40
8115 31 28
8116 31 3
8117 30 44
8118 31 22
8119 32 19
8120 31 46
8121 29 56
8122 30 40
8123 30 22
8124 30 50
8125 31 55
8126 32 1
8127 30 25
8128 30 17
8129 30 42
8130 31 30
8131 30 30
8132 30 55
8133 32 2
8134 31 25
8135 30 49
8136 30 45
8137 31 14
8138 33 22
8139 31 26
8140 29 49
8141 31 35
8142 30 14
8143 30 46
8144 31 25
8145 31 36
8146 31 26
8147 32 21
8148 31 35
8149 30 56
8150 32 1
8151 32 22
8152 32 24
8153 31 27
8154 31 28
8155 31 17
8156 31 24
8157 31 57
8158 30 47
8159 29 14
8160 33 9
8161 31 16
8162 32 4
8163 31 61
8164 29 48
8165 32 45
8166 31 19
8167 31 45
8168 32 12
8169 30 46
8170 31 51
8171 30 57
8172 31 21
8173 33 63
8174 31 11
8175 31 2
8176 31 49
8177 31 15
8178 32 24
8179 33 36
8180 30 51
8181 30 62
8182 32 45
8183 31 17
8184 31 12
8185 30 12
8186 30 17
8187 31 41
8188 32 35
8189 29 57
8190 29 51
8191 32 11
8192 31 54
8193 28 51
8194 30 41
8195 30 54
8196 32 52
8197 32 61
8198 30 49
8199 31 10
8200 33 5
8201 30 53
8202 31 52
8203 32 43
8204 31 11
8205 31 1
8206 30 63
8207 31 20
8208 31 2
8209 32 31
8210 32 52
8211 31 45
8212 31 43
8213 31 9
8214 31 58
8215 33 8
8216 30 43
8217 30 62
8218 31 36
8219 31 24
8220 28 57
8221 31 35
8222 32 26
8223 32 5
8224 32 63
8225 32 17
8226 31 59
8227 31 31
8228 28 58
8229 33 62
8230 30 36
8231 31 63
8232 30 37
8233 31 52
8234 32 21
8235 31 14
8236 31 23
8237 31 17
8238 31 19
8239 33 1
8240 31 12
8241 32 6
8242 33 63
8243 31 55
8244 33 61
8245 30 36
8246 31 40
8247 30 55
8248 31 29
8249 33 26
8250 33 6
8251 31 53
8252 32 23
8253 32 8
8254 32 22
8255 33 35
8256 32 61
8257 32 31
8258 31 24
8259 32 36
8260 32 51
8261 30 56
8262 33 36
8263 31 8
8264 31 54
8265 32 18
8266 32 63
8267 32 15
8268 30 44
8269 31 39
8270 30 8
8271 32 24
8272 32 20
8273 32 3
8274 31 28
8275 33 7
8276 31 13
8277 31 38
8278 31 44
8279 31 41
8280 31 43
8281 30 45
8282 30 55
8283 31 48
8284 30 24
8285 32 1
8286 32 37
8287 32 21
8288 32 26
8289 30 25
8290 32 0
8291 31 50
8292 30 9
8293 30 24
8294 30 28
8295 31 31
8296 31 47
8297 30 27
8298 30 43
8299 32 4
8300 33 6
8301 31 0
8302 33 20
8303 31 32
8304 30 35
8305 32 6
8306 32 28
8307 31 1
8308 30 44
8309 30 48
8310 33 0
8311 32 58
8312 33 4
8313 32 50
8314 33 19
8315 29 48
8316 32 40
8317 31 40
8318 32 32
8319 31 58
8320 32 7
8321 31 28
8322 30 28
8323 32 20
8324 31 37
8325 32 36
8326 31 55
8327 31 34
8328 32 51
8329 33 1
8330 30 55
8331 31 60
8332 31 33
8333 31 55
8334 32 3
8335 33 18
8336 32 25
8337 32 21
8338 32 35
8339 32 1
8340 31 56
8341 31 1
8342 32 44
8343 33 61
8344 34 7
8345 32 4
8346 33 26
8347 34 0
8348 31 15
8349 30 15
8350 31 59
8351 33 62
8352 30 59
8353 33 2
8354 30 1
8355 32 31
8356 30 2
8357 33 0
8358 33 19
8359 31 21
8360 31 61
8361 31 4
8362 32 19
8363 32 0
8364 31 25
8365 32 26
8366 31 24
8367 30 61
8368 30 45
8369 32 2
8370 33 7
8371 32 36
8372 33 3
8373 32 43
8374 32 1
8375 31 55
8376 33 10
8377 33 25
8378 31 42
8379 30 55
8380 32 14
8381 31 63
8382 31 56
8383 32 34
8384 33 27
8385 31 14
8386 32 32
8387 34 1
8388 30 62
8389 31 62
8390 34 2
8391 33 2
8392 31 30
8393 33 19
8394 32 27
8395 31 49
8396 31 45
8397 30 45
8398 33 9
8399 32 12
8400 31 12
8401 31 46
8402 31 41
8403 32 3
8404 32 23
8405 32 55
8406 34 0
8407 31 50
8408 32 61
8409 31 47
8410 33 6
8411 31 55
8412 30 47
8413 31 23
8414 31 22
8415 34 1
8416 30 55
8417 32 44
8418 32 22
8419 33 11
8420 32 6
8421 32 11
8422 32 2
8423 32 39
8424 30 22
8425 33 6
8426 32 60
8427 34 2
8428 32 24
8429 32 42
8430 31 51
8431 32 43
8432 30 23
8433 32 35
8434 31 42
8435 31 35
8436 32 37
8437 32 23
8438 30 35
8439 34 6
8440 30 51
8441 32 12
8442 32 25
8443 32 29
8444 31 12
8445 31 29
8446 32 41
8447 33 4
8448 33 7
8449 33 33
8450 33 8
8451 32 63
8452 32 4
8453 31 4
8454 34 1
8455 31 35
8456 31 43
8457 31 57
8458 31 63
8459 31 41
8460 33 12
8461 34 7
8462 32 22
8463 32 50
8464 31 56
8465 30 41
8466 32 8
8467 32 28
8468 31 60
8469 32 12
8470 33 25
8471 33 61
8472 30 60
8473 31 12
8474 33 10
8475 31 53
8476 32 51
8477 35 0
8478 32 23
8479 31 55
8480 32 10
8481 33 20
8482 32 20
8483 32 61
8484 32 38
8485 32 16
8486 31 51
8487 32 52
8488 32 25
8489 31 16
8490 32 36
8491 32 59
8492 31 38
8493 32 33
8494 33 26
8495 31 33
8496 34 10
8497 31 50
8498 32 31
8499 33 13
8500 32 17
8501 33 11
8502 32 40
8503 34 0
8504 31 40
8505 33 37
8506 33 59
8507 32 15
8508 31 52
8509 32 54
8510 31 54
8511 34 8
8512 32 11
8513 31 56
8514 32 16
8515 33 25
8516 31 57
8517 32 22
8518 32 14
8519 33 10
8520 32 13
8521 32 59
8522 32 49
8523 31 16
8524 32 37
8525 32 25
8526 33 3
8527 34 2
8528 32 3
8529 33 5
8530 32 16
8531 32 5
8532 33 2
8533 33 12
8534 32 60
8535 32 12
8536 34 1
8537 33 21
8538 34 5
8539 32 38
8540 32 50
8541 32 39
8542 32 35
8543 34 0
8544 33 14
8545 32 23
8546 31 50
8547 31 39
8548 33 34
8549 32 61
8550 31 58
8551 32 24
8552 34 1
8553 32 15
8554 33 44
8555 32 21
8556 32 42
8557 33 8
8558 34 3
8559 32 39
8560 33 18
8561 32 8
8562 32 18
8563 32 53
8564 33 3
8565 32 16
8566 32 36
8567 32 38
8568 32 41
8569 33 23
8570 32 32
8571 32 44
8572 33 63
8573 32 58
8574 31 44
8575 33 7
8576 32 59
8577 31 59
8578 30 59
8579 32 29
8580 34 2
8581 33 21
8582 33 9
8583 32 31
8584 32 9
8585 33 50
8586 32 50
8587 32 47
8588 33 33
8589 32 28
8590 33 13
8591 31 47
8592 33 58
8593 33 6
8594 34 6
8595 32 23
8596 33 7
8597 35 1
8598 31 28
8599 33 6
8600 31 46
8601 33 27
8602 32 57
8603 32 54
8604 31 54
8605 31 47
8606 33 20
8607 33 62
8608 34 11
8609 33 36
8610 34 4
8611 33 60
8612 31 57
8613 33 24
8614 32 60
8615 33 35
8616 33 43
8617 34 19
8618 32 24
8619 34 9
8620 33 17
8621 33 14
8622 32 46
8623 33 61
8624 32 14
8625 32 17
8626 32 42
8627 32 58
8628 32 18
8629 34 5
8630 33 19
8631 33 11
8632 35 4
8633 32 17
8634 31 55
8635 33 5
8636 32 48
8637 34 3
8638 31 48
8639 33 3
8640 32 56
8641 31 42
8642 30 42
8643 33 52
8644 29 42
8645 34 12
8646 31 43
8647 36 1
8648 35 2
8649 31 56
8650 35 7
8651 32 3
8652 32 61
8653 33 8
8654 33 12
8655 33 15
8656 32 15
8657 33 21
8658 34 1
8659 35 1
8660 32 52
8661 33 26
8662 31 52
8663 33 13
8664 33 38
8665 32 38
8666 32 45
8667 35 3
8668 31 45
8669 34 4
8670 33 1
8671 33 4
8672 33 12
8673 33 62
8674 33 16
8675 35 4
8676 32 57
8677 33 20
8678 33 28
8679 34 7
8680 33 37
8681 35 5
8682 32 4
8683 33 44
8684 33 42
8685 32 28
8686 36 2
8687 32 5
8688 32 55
8689 34 2
8690 34 4
8691 32 62
8692 32 42
8693 33 7
8694 32 47
8695 34 10
8696 31 47
8697 34 1
8698 31 48
8699 33 18
8700 33 34
8701 33 19
8702 32 54
8703 32 58
8704 32 29
8705 34 9
8706 33 9
8707 31 29
8708 33 51
8709 33 58
8710 35 2
8711 34 3
8712 33 3
8713 32 30
8714 33 35
8715 32 35
8716 32 32
8717 34 11
8718 32 55
8719 34 0
8720 34 60
8721 33 52
8722 36 3
8723 33 32
8724 33 60
8725 33 10
8726 33 48
8727 33 29
8728 33 62
8729 32 58
8730 33 30
8731 32 30
8732 32 48
8733 33 9
8734 36 2
8735 32 47
8736 33 25
8737 32 25
8738 34 9
8739 33 33
8740 33 15
8741 32 15
8742 33 9
8743 33 28
8744 35 4
8745 33 47
8746 33 31
8747 33 22
8748 33 23
8749 33 46
8750 35 6
8751 34 6
8752 32 22
8753 33 24
8754 33 49
8755 32 49
8756 34 18
8757 33 45
8758 33 43
8759 33 51
8760 36 3
8761 32 21
8762 32 20
8763 33 63
8764 33 34
8765 34 63
8766 36 5
8767 33 36
8768 33 63
8769 34 13
8770 35 3
8771 35 5
8772 33 13
8773 34 51
8774 33 35
8775 34 59
8776 32 36
8777 33 51
8778 34 10
8779 35 0
8780 36 0
8781 34 25
8782 33 14
8783 33 22
8784 31 36
8785 33 25
8786 33 13
8787 32 56
8788 35 7
8789 32 22
8790 32 23
8791 34 7
8792 32 57
8793 35 6
8794 32 55
8795 34 20
8796 33 36
8797 31 55
8798 33 21
8799 33 57
8800 32 21
8801 34 29
8802 33 37
8803 32 57
8804 34 17
8805 34 31
8806 33 17
8807 34 24
8808 33 47
8809 34 22
8810 32 36
8811 31 36
8812 34 44
8813 36 2
8814 34 60
8815 33 24
8816 33 54
8817 33 41
8818 32 24
8819 32 41
8820 33 20
8821 33 29
8822 33 31
8823 33 44
8824 33 22
8825 33 39
8826 33 48
8827 33 60
8828 36 4
8829 35 8
8830 32 54
8831 32 39
8832 34 58
8833 34 13
8834 35 9
8835 32 48
8836 32 53
8837 32 47
8838 34 8
8839 34 59
8840 35 2
8841 33 59
8842 34 52
8843 33 8
8844 33 23
8845 35 8
8846 33 36
8847 33 38
8848 32 54
8849 32 53
8850 36 6
8851 34 12
8852 33 9
8853 32 9
8854 33 42
8855 33 52
8856 32 42
8857 34 36
8858 33 51
8859 34 15
8860 34 28
8861 35 6
8862 33 36
8863 34 19
8864 33 12
8865 33 40
8866 34 23
8867 33 46
8868 33 15
8869 34 29
8870 34 21
8871 34 26
8872 33 26
8873 34 61
8874 33 19
8875 35 9
8876 34 14
8877 33 25
8878 33 60
8879 34 43
8880 33 43
8881 33 16
8882 33 59
8883 36 7
8884 34 37
8885 33 37
8886 33 53
8887 33 29
8888 35 8
8889 33 61
8890 34 8
8891 34 50
8892 34 46
8893 33 50
8894 33 62
8895 35 7
8896 34 57
8897 33 58
8898 33 59
8899 34 41
8900 33 55
8901 35 10
8902 33 41
8903 32 55
8904 33 46
8905 34 48
8906 34 62
8907 32 46
8908 34 15
8909 32 47
8910 33 62
8911 37 0
8912 33 48
8913 36 0
8914 33 56
8915 33 57
8916 35 0
8917 34 14
8918 34 24
8919 32 54
8920 34 19
8921 36 3
8922 34 12
8923 31 54
8924 34 45
8925 34 16
8926 34 10
8927 34 48
8928 36 7
8929 34 32
8930 33 12
8931 33 32
8932 34 56
8933 35 51
8934 33 45
8935 35 3
8936 35 7
8937 34 9
8938 34 51
8939 34 60
8940 33 51
8941 35 11
8942 33 9
8943 34 42
8944 34 20
8945 33 48
8946 34 55
8947 33 10
8948 33 55
8949 34 44
8950 33 44
8951 33 49
8952 32 49
8953 35 32
8954 34 11
8955 33 11
8956 35 20
8957 34 47
8958 33 47
8959 34 35
8960 33 35
8961 35 61
8962 34 36
8963 34 33
8964 34 54
8965 37 1
8966 33 33
8967 34 61
8968 34 20
8969 34 32
8970 34 27
8971 34 34
8972 35 47
8973 35 19
8974 34 49
8975 33 20
8976 34 17
8977 36 5
8978 34 43
8979 34 47
8980 37 3
8981 33 43
8982 34 40
8983 36 1
8984 34 16
8985 35 50
8986 33 21
8987 33 16
8988 33 17
8989 33 20
8990 37 1
8991 34 55
8992 36 1
8993 35 49
8994 34 56
8995 34 49
8996 35 44
8997 34 59
8998 34 60
8999 34 44
9000 35 14
9001 33 56
9002 34 18
9003 33 57
9004 35 51
9005 36 3
9006 34 46
9007 33 46
9008 34 53
9009 36 8
9010 35 3
9011 34 37
9012 33 18
9013 35 48
9014 33 53
9015 35 50
9016 35 36
9017 35 11
9018 33 47
9019 35 52
9020 35 43
9021 33 52
9022 36 6
9023 33 37
9024 32 37
9025 34 30
9026 34 3
9027 34 11
9028 35 33
9029 34 14
9030 34 36
9031 34 52
9032 35 8
9033 34 29
9034 38 1
9035 36 5
9036 33 51
9037 34 62
9038 37 2
9039 33 50
9040 34 61
9041 37 1
9042 35 29
9043 33 58
9044 34 29
9045 36 9
9046 34 60
9047 35 55
9048 35 12
9049 34 55
9050 33 57
9051 34 41
9052 35 51
9053 35 63
9054 35 42
9055 35 11
9056 34 42
9057 35 16
9058 33 60
9059 33 61
9060 38 0
9061 35 15
9062 32 61
9063 35 28
9064 33 41
9065 34 31
9066 36 8
9067 35 24
9068 36 63
9069 33 40
9070 34 16
9071 35 21
9072 35 14
9073 34 63
9074 33 39
9075 34 21
9076 33 21
9077 34 14
9078 34 24
9079 37 0
9080 34 32
9081 34 62
9082 36 15
9083 35 47
9084 33 40
9085 36 49
9086 35 50
9087 34 57
9088 34 47
9089 34 38
9090 35 20
9091 34 56
9092 36 6
9093 35 63
9094 33 38
9095 33 41
9096 35 37
9097 35 53
9098 35 46
9099 33 47
9100 34 58
9101 34 20
9102 37 63
9103 35 12
9104 35 23
9105 32 47
9106 36 51
9107 33 56
9108 34 12
9109 34 37
9110 35 13
9111 34 50
9112 34 23
9113 35 41
9114 35 17
9115 36 43
9116 35 31
9117 35 51
9118 35 49
9119 34 22
9120 35 18
9121 35 15
9122 35 25
9123 35 14
9124 34 25
9125 34 41
9126 35 37
9127 34 39
9128 35 43
9129 34 23
9130 34 31
9131 34 32
9132 35 35
9133 33 23
9134 34 57
9135 35 38
9136 35 45
9137 35 40
9138 35 54
9139 33 39
9140 35 46
9141 34 33
9142 34 35
9143 35 30
9144 35 22
9145 34 38
9146 35 19
9147 36 10
9148 34 22
9149 34 40
9150 34 63
9151 35 16
9152 34 19
9153 34 18
9154 34 58
9155 34 53
9156 34 59
9157 36 9
9158 34 46
9159 35 29
9160 36 63
9161 36 8
9162 33 46
9163 35 10
9164 35 20
9165 32 46
9166 35 13
9167 34 30
9168 35 59
9169 34 31
9170 35 39
9171 34 10
9172 34 11
9173 34 54
9174 34 32
9175 35 40
9176 34 57
9177 35 48
9178 33 32
9179 37 3
9180 35 12
9181 36 3
9182 37 63
9183 33 57
9184 35 49
9185 34 12
9186 36 30
9187 35 38
9188 34 11
9189 35 62
9190 35 13
9191 36 15
9192 35 47
9193 34 40
9194 34 29
9195 34 28
9196 34 59
9197 35 54
9198 35 17
9199 35 30
9200 35 26
9201 34 26
9202 33 59
9203 36 53
9204 36 42
9205 34 54
9206 36 9
9207 36 63
9208 36 25
9209 35 53
9210 33 40
9211 34 60
9212 34 53
9213 36 54
9214 35 44
9215 36 50
9216 35 34
9217 35 58
9218 35 32
9219 38 2
9220 36 5
9221 36 51
9222 32 40
9223 32 59
9224 35 50
9225 35 52
9226 35 25
9227 31 59
9228 33 60
9229 35 61
9230 38 1
9231 33 40
9232 36 58
9233 34 54
9234 35 9
9235 37 5
9236 35 5
9237 34 58
9238 34 57
9239 35 31
9240 35 46
9241 36 11
9242 37 1
9243 39 0
9244 33 41
9245 34 5
9246 34 29
9247 34 46
9248 34 32
9249 38 0
9250 36 9
9251 34 61
9252 34 33
9253 35 54
9254 37 63
9255 36 48
9256 36 49
9257 34 50
9258 32 41
9259 36 32
9260 36 5
9261 36 31
9262 36 10
9263 32 40
9264 36 62
9265 35 56
9266 34 60
9267 36 24
9268 34 58
9269 35 30
9270 35 15
9271 35 36
9272 34 30
9273 34 56
9274 33 60
9275 36 6
9276 36 21
9277 34 31
9278 35 42
9279 36 5
9280 34 59
9281 35 18
9282 36 30
9283 35 21
9284 38 3
9285 36 13
9286 35 35
9287 35 36
9288 35 62
9289 35 61
9290 37 2
9291 34 61
9292 35 32
9293 35 13
9294 34 57
9295 38 2
9296 35 53
9297 35 17
9298 36 2
9299 35 26
9300 35 19
9301 36 63
9302 35 25
9303 35 31
9304 35 63
9305 35 43
9306 36 50
9307 36 41
9308 36 57
9309 35 60
9310 36 11
9311 37 3
9312 36 63
9313 35 35
9314 36 4
9315 35 39
9316 36 8
9317 35 26
9318 36 12
9319 38 1
9320 36 10
9321 35 8
9322 35 10
9323 35 27
9324 37 50
9325 36 5
9326 36 47
9327 34 39
9328 36 61
9329 35 52
9330 36 40
9331 36 39
9332 36 33
9333 36 46
9334 35 44
9335 34 38
9336 35 25
9337 35 33
9338 35 28
9339 35 37
9340 35 45
9341 36 11
9342 36 3
9343 36 33
9344 36 4
9345 34 45
9346 36 22
9347 33 45
9348 35 22
9349 35 43
9350 35 51
9351 35 49
9352 36 38
9353 36 17
9354 38 0
9355 35 48
9356 35 58
9357 38 63
9358 34 48
9359 34 58
9360 36 3
9361 36 10
9362 36 25
9363 36 16
9364 34 59
9365 33 59
9366 37 12
9367 36 27
9368 37 22
9369 35 17
9370 34 17
9371 36 37
9372 35 10
9373 35 33
9374 36 20
9375 36 23
9376 36 22
9377 35 27
9378 36 42
9379 34 33
9380 35 57
9381 35 55
9382 35 42
9383 34 55
9384 36 50
9385 35 16
9386 35 52
9387 36 12
9388 36 39
9389 35 23
9390 37 3
9391 35 41
9392 35 25
9393 37 7
9394 36 7
9395 35 50
9396 36 3
9397 35 39
9398 37 11
9399 36 34
9400 35 42
9401 35 53
9402 36 52
9403 35 54
9404 38 1
9405 36 26
9406 38 0
9407 35 26
9408 36 15
9409 34 54
9410 36 21
9411 35 21
9412 37 63
9413 36 11
9414 35 44
9415 34 44
9416 36 62
9417 36 36
9418 36 53
9419 36 55
9420 36 18
9421 35 18
9422 36 43
9423 35 53
9424 35 38
9425 36 28
9426 35 39
9427 35 28
9428 36 51
9429 37 10
9430 37 8
9431 36 8
9432 35 58
9433 37 22
9434 36 22
9435 37 11
9436 35 55
9437 34 55
9438 35 8
9439 37 5
9440 37 0
9441 36 50
9442 36 42
9443 35 50
9444 36 44
9445 34 58
9446 33 58
9447 35 44
9448 36 0
9449 36 19
9450 37 62
9451 36 11
9452 35 45
9453 38 3
9454 36 27
9455 36 38
9456 36 43
9457 37 23
9458 35 59
9459 37 52
9460 36 5
9461 36 28
9462 35 44
9463 35 27
9464 36 52
9465 39 0
9466 36 23
9467 36 58
9468 36 29
9469 35 58
9470 36 49
9471 36 54
9472 35 23
9473 38 0
9474 36 58
9475 36 47
9476 37 22
9477 37 3
9478 35 58
9479 37 51
9480 36 3
9481 35 26
9482 36 45
9483 35 41
9484 37 20
9485 36 20
9486 36 48
9487 36 16
9488 36 18
9489 36 44
9490 37 24
9491 36 49
9492 36 24
9493 36 37
9494 35 37
9495 37 53
9496 36 33
9497 37 6
9498 35 33
9499 36 14
9500 36 15
9501 36 13
9502 36 6
9503 37 23
9504 36 40
9505 36 12
9506 37 24
9507 36 55
9508 36 24
9509 36 31
9510 35 55
9511 37 44
9512 36 53
9513 35 40
9514 36 27
9515 36 44
9516 35 53
9517 36 53
9518 36 16
9519 36 26
9520 35 56
9521 34 56
9522 37 26
9523 36 32
9524 36 33
9525 36 26
9526 36 28
9527 37 37
9528 36 42
9529 36 50
9530 36 37
9531 37 52
9532 35 33
9533 36 30
9534 37 13
9535 35 50
9536 37 63
9537 35 34
9538 37 28
9539 36 57
9540 37 5
9541 36 46
9542 37 34
9543 36 5
9544 37 14
9545 35 33
9546 37 18
9547 37 50
9548 35 51
9549 36 34
9550 36 13
9551 36 14
9552 37 4
9553 37 51
9554 36 28
9555 37 31
9556 36 61
9557 35 61
9558 35 13
9559 37 52
9560 37 21
9561 36 52
9562 36 56
9563 36 63
9564 34 13
9565 36 31
9566 36 62
9567 36 53
9568 36 39
9569 36 18
9570 37 25
9571 35 53
9572 36 35
9573 36 6
9574 37 9
9575 36 25
9576 35 6
9577 35 39
9578 35 38
9579 39 2
9580 36 24
9581 36 50
9582 38 2
9583 36 29
9584 36 36
9585 36 35
9586 36 19
9587 36 20
9588 37 33
9589 38 51
9590 36 43
9591 37 55
9592 36 55
9593 37 17
9594 36 17
9595 39 1
9596 36 33
9597 36 32
9598 36 54
9599 37 51
9600 37 19
9601 37 22
9602 37 27
9603 37 6
9604 37 52
9605 37 36
9606 37 54
9607 39 0
9608 36 57
9609 37 32
9610 38 0
9611 37 62
9612 38 10
9613 37 35
9614 38 6
9615 38 52
9616 36 40
9617 37 5
9618 37 52
9619 39 3
9620 36 39
9621 36 41
9622 36 6
9623 37 10
9624 37 4
9625 36 47
9626 36 7
9627 38 54
9628 37 54
9629 39 0
9630 35 7
9631 37 16
9632 36 56
9633 36 16
9634 37 43
9635 37 34
9636 36 55
9637 38 0
9638 37 9
9639 38 3
9640 36 48
9641 36 58
9642 37 30
9643 36 30
9644 37 10
9645 38 2
9646 37 42
9647 36 7
9648 36 46
9649 36 57
9650 35 48
9651 36 48
9652 38 26
9653 37 6
9654 36 42
9655 36 43
9656 37 15
9657 37 48
9658 37 26
9659 37 37
9660 36 26
9661 38 13
9662 39 52
9663 38 23
9664 37 63
9665 36 37
9666 38 53
9667 38 14
9668 36 48
9669 38 4
9670 37 23
9671 38 16
9672 36 23
9673 37 13
9674 38 52
9675 37 7
9676 37 4
9677 37 16
9678 36 63
9679 37 6
9680 35 63
9681 37 40
9682 38 24
9683 37 29
9684 36 13
9685 37 13
9686 39 51
9687 37 31
9688 36 40
9689 38 54
9690 36 59
9691 37 8
9692 38 22
9693 37 56
9694 36 56
9695 37 14
9696 37 44
9697 38 53
9698 38 54
9699 38 12
9700 40 0
9701 37 7
9702 37 6
9703 37 47
9704 36 44
9705 37 22
9706 37 5
9707 39 0
9708 40 2
9709 39 2
9710 38 55
9711 36 47
9712 37 35
9713 36 58
9714 37 49
9715 36 60
9716 39 4
9717 35 58
9718 37 55
9719 38 21
9720 37 45
9721 36 48
9722 38 34
9723 36 45
9724 37 32
9725 37 61
9726 38 28
9727 34 58
9728 36 55
9729 37 28
9730 35 48
9731 38 0
9732 38 29
9733 36 28
9734 38 5
9735 36 44
9736 37 34
9737 37 59
9738 36 35
9739 38 34
9740 35 44
9741 35 43
9742 37 55
9743 36 59
9744 37 29
9745 39 28
9746 38 25
9747 39 0
9748 37 34
9749 38 13
9750 40 1
9751 38 6
9752 38 20
9753 38 48
9754 37 21
9755 38 21
9756 36 61
9757 37 56
9758 36 56
9759 36 21
9760 38 20
9761 38 28
9762 37 41
9763 38 19
9764 37 50
9765 37 6
9766 38 2
9767 38 1
9768 37 48
9769 35 21
9770 37 47
9771 35 22
9772 36 47
9773 38 0
9774 36 50
9775 38 51
9776 37 42
9777 38 33
9778 37 51
9779 37 36
9780 38 4
9781 36 49
9782 35 49
9783 37 19
9784 36 60
9785 34 49
9786 37 7
9787 36 59
9788 36 58
9789 37 31
9790 37 46
9791 37 39
9792 38 18
9793 36 39
9794 38 23
9795 37 20
9796 38 27
9797 37 18
9798 37 23
9799 38 17
9800 38 26
9801 38 35
9802 38 34
9803 38 53
9804 37 35
9805 37 62
9806 39 26
9807 37 27
9808 37 36
9809 36 62
9810 37 35
9811 37 8
9812 36 8
9813 36 27
9814 36 28
9815 38 26
9816 38 32
9817 37 32
9818 37 9
9819 39 27
9820 40 0
9821 37 37
9822 38 9
9823 38 20
9824 37 20
9825 39 34
9826 36 20
9827 38 14
9828 37 9
9829 38 34
9830 38 13
9831 39 18
9832 38 18
9833 38 36
9834 37 41
9835 38 31
9836 37 36
9837 38 11
9838 37 11
9839 37 38
9840 38 42
9841 39 23
9842 38 10
9843 39 54
9844 37 40
9845 38 47
9846 38 36
9847 37 42
9848 39 12
9849 38 23
9850 38 12
9851 38 44
9852 36 41
9853 39 33
9854 35 41
9855 37 44
9856 37 39
9857 38 8
9858 38 35
9859 38 29
9860 41 0
9861 38 15
9862 38 54
9863 38 55
9864 36 42
9865 37 47
9866 37 29
9867 37 15
9868 36 15
9869 37 48
9870 38 30
9871 38 38
9872 37 38
9873 38 54
9874 39 16
9875 38 16
9876 38 32
9877 38 7
9878 38 50
9879 37 32
9880 37 35
9881 39 19
9882 37 7
9883 38 37
9884 38 51
9885 37 6
9886 38 19
9887 40 0
9888 38 9
9889 37 57
9890 37 9
9891 37 8
9892 36 57
9893 37 39
9894 37 36
9895 37 60
9896 36 60
9897 37 42
9898 37 37
9899 37 58
9900 38 56
9901 35 57
9902 35 58
9903 37 41
9904 35 57
9905 39 23
9906 37 42
9907 38 23
9908 38 21
9909 38 31
9910 38 43
9911 37 61
9912 38 55
9913 37 62
9914 39 53
9915 38 49
9916 39 55
9917 38 48
9918 40 18
9919 39 52
9920 36 62
9921 38 37
9922 38 55
9923 38 36
9924 38 50
9925 40 3
9926 39 7
9927 39 3
9928 39 15
9929 38 51
9930 38 7
9931 39 16
9932 39 21
9933 38 49
9934 38 46
9935 39 32
9936 38 57
9937 38 21
9938 37 49
9939 38 16
9940 38 32
9941 38 6
9942 39 51
9943 38 45
9944 40 15
9945 38 47
9946 40 2
9947 38 22
9948 39 15
9949 42 0
9950 39 50
9951 40 21
9952 39 14
9953 39 22
9954 39 25
9955 38 61
9956 38 56
9957 39 12
9958 39 20
9959 38 23
9960 39 48
9961 38 12
9962 38 25
9963 38 14
9964 40 1
9965 38 20
9966 38 26
9967 37 61
9968 39 43
9969 39 34
9970 38 43
9971 38 50
9972 38 55
9973 39 46
9974 38 46
9975 38 48
9976 39 13
9977 38 40
9978 39 21
9979 38 39
9980 38 41
9981 39 5
9982 37 40
9983 36 40
9984 37 39
9985 37 41
9986 38 24
9987 38 38
9988 39 47
9989 39 4
9990 39 18
9991 39 6
9992 39 17
9993 39 33
9994 39 52
9995 40 0
9996 40 21
9997 38 47
9998 39 24
9999 38 24
10000 38 18
10001 38 60
10002 39 49
10003 39 31
10004 39 21
10005 39 50
10006 37 18
10007 38 21
10008 38 58
10009 40 33
10010 39 33
10011 40 20
10012 39 12
10013 37 60
10014 40 14
10015 40 34
10016 37 58
10017 39 48
10018 39 11
10019 39 44
10020 38 31
10021 39 57
10022 38 48
10023 38 19
10024 38 57
10025 38 11
10026 38 49
10027 38 22
10028 39 39
10029 39 19
10030 39 56
10031 39 35
10032 38 39
10033 36 58
10034 38 44
10035 38 35
10036 38 56
10037 38 34
10038 39 36
10039 38 33
10040 38 36
10041 38 40
10042 40 5
10043 38 50
10044 39 13
10045 39 49
10046 41 2
10047 37 40
10048 40 56
10049 39 42
10050 38 59
10051 40 43
10052 39 32
10053 38 42
10054 39 56
10055 39 43
10056 38 61
10057 39 5
10058 39 20
10059 37 61
10060 40 49
10061 40 27
10062 36 61
10063 37 58
10064 40 25
10065 40 28
10066 39 48
10067 40 27
10068 37 57
10069 39 25
10070 39 54
10071 40 2
10072 39 9
10073 37 59
10074 39 49
10075 38 9
10076 38 30
10077 39 27
10078 38 51
10079 39 38
10080 39 6
10081 39 8
10082 39 28
10083 40 33
10084 38 48
10085 37 48
10086 38 59
10087 40 21
10088 39 23
10089 39 26
10090 39 21
10091 41 0
10092 38 28
10093 40 43
10094 37 59
10095 40 4
10096 39 41
10097 38 60
10098 39 4
10099 38 41
10100 40 13
10101 38 23
10102 43 0
10103 39 28
10104 38 24
10105 40 6
10106 39 51
10107 40 0
10108 40 55
10109 42 0
10110 41 2
10111 38 28
10112 39 40
10113 40 22
10114 39 39
10115 39 58
10116 39 22
10117 38 22
10118 40 23
10119 39 41
10120 38 39
10121 41 0
10122 40 35
10123 38 4
10124 39 50
10125 41 23
10126 39 20
10127 39 37
10128 40 7
10129 39 45
10130 37 4
10131 39 40
10132 39 25
10133 39 12
10134 40 34
10135 40 38
10136 37 3
10137 40 51
10138 40 19
10139 38 37
10140 40 6
10141 38 12
10142 38 36
10143 38 58
10144 40 2
10145 38 50
10146 38 57
10147 39 43
10148 39 23
10149 38 23
10150 39 19
10151 39 38
10152 39 10
10153 38 10
10154 38 9
10155 39 51
10156 41 24
10157 40 32
10158 40 12
10159 41 2
10160 40 14
10161 39 21
10162 40 21
10163 40 37
10164 39 55
10165 40 5
10166 40 33
10167 40 11
10168 38 62
10169 40 57
10170 40 49
10171 39 12
10172 39 59
10173 40 43
10174 40 56
10175 40 10
10176 40 13
10177 40 52
10178 39 53
10179 40 17
10180 39 24
10181 39 46
10182 37 62
10183 40 24
10184 39 49
10185 39 43
10186 40 23
10187 38 12
10188 39 31
10189 38 59
10190 38 31
10191 40 2
10192 39 13
10193 40 53
10194 41 53
10195 39 17
10196 37 59
10197 39 53
10198 39 25
10199 40 54
10200 38 59
10201 40 3
10202 39 26
10203 39 29
10204 40 43
10205 40 12
10206 39 12
10207 40 38
10208 39 47
10209 40 22
10210 40 16
10211 39 54
10212 40 6
10213 38 29
10214 39 36
10215 38 47
10216 39 43
10217 38 61
10218 37 47
10219 38 53
10220 41 19
10221 40 0
10222 40 23
10223 40 39
10224 38 36
10225 39 23
10226 38 37
10227 40 55
10228 39 3
10229 40 17
10230 39 39
10231 39 50
10232 37 61
10233 39 2
10234 39 51
10235 41 1
10236 38 51
10237 39 55
10238 39 60
10239 39 30
10240 39 35
10241 40 47
10242 39 25
10243 41 5
10244 40 12
10245 39 17
10246 40 2
10247 39 34
10248 40 26
10249 38 58
10250 37 58
10251 41 0
10252 40 8
10253 40 31
10254 40 15
10255 39 47
10256 39 48
10257 39 59
10258 40 50
10259 40 14
10260 39 58
10261 38 58
10262 38 30
10263 39 24
10264 38 17
10265 39 31
10266 40 1
10267 40 5
10268 38 61
10269 40 25
10270 39 12
10271 37 61
10272 37 58
10273 39 25
10274 36 58
10275 39 2
10276 41 22
10277 39 47
10278 38 18
10279 40 40
10280 36 59
10281 40 23
10282 41 5
10283 41 20
10284 40 19
10285 40 51
10286 37 59
10287 38 55
10288 40 37
10289 42 1
10290 40 35
10291 40 22
10292 40 57
10293 39 19
10294 38 29
10295 39 35
10296 42 2
10297 39 37
10298 40 0
10299 40 46
10300 37 29
10301 39 57
10302 40 34
10303 40 20
10304 38 63
10305 40 48
10306 39 23
10307 39 26
10308 40 5
10309 38 23
10310 38 26
10311 40 9
10312 39 11
10313 40 58
10314 40 19
10315 38 29
10316 39 6
10317 38 25
10318 40 21
10319 41 16
10320 38 28
10321 39 46
10322 38 26
10323 39 12
10324 39 34
10325 39 50
10326 40 16
10327 39 21
10328 39 7
10329 40 24
10330 40 52
10331 40 18
10332 39 56
10333 40 36
10334 41 14
10335 39 9
10336 39 18
10337 39 5
10338 40 2
10339 38 12
10340 39 40
10341 40 17
10342 38 40
10343 40 13
10344 38 35
10345 39 58
10346 41 0
10347 37 28
10348 38 46
10349 38 50
10350 39 22
10351 40 26
10352 40 49
10353 39 17
10354 40 47
10355 38 22
10356 36 28
10357 40 5
10358 38 23
10359 40 3
10360 39 26
10361 36 27
10362 39 36
10363 40 0
10364 39 19
10365 40 2
10366 38 17
10367 39 35
10368 38 22
10369 39 0
10370 40 9
10371 41 13
10372 39 57
10373 41 14
10374 38 18
10375 40 11
10376 40 35
10377 42 20
10378 38 19
10379 40 23
10380 39 13
10381 40 14
10382 41 21
10383 37 18
10384 40 39
10385 39 59
10386 38 62
10387 40 56
10388 39 8
10389 42 1
10390 40 15
10391 41 20
10392 40 32
10393 39 41
10394 36 18
10395 36 17
10396 39 49
10397 39 50
10398 40 10
10399 39 58
10400 40 41
10401 40 58
10402 40 40
10403 38 41
10404 40 21
10405 40 42
10406 41 23
10407 37 41
10408 39 21
10409 40 24
10410 40 57
10411 39 10
10412 40 48
10413 39 20
10414 39 57
10415 38 63
10416 39 37
10417 37 63
10418 39 25
10419 40 14
10420 41 26
10421 38 25
10422 39 38
10423 39 41
10424 39 48
10425 39 24
10426 39 58
10427 39 21
10428 39 39
10429 41 4
10430 40 7
10431 39 44
10432 40 26
10433 38 39
10434 40 3
10435 40 28
10436 39 26
10437 40 4
10438 39 30
10439 39 63
10440 39 43
10441 39 28
10442 39 61
10443 38 61
10444 38 63
10445 40 28
10446 40 59
10447 40 2
10448 40 39
10449 40 50
10450 40 23
10451 40 8
10452 39 31
10453 39 42
10454 41 1
10455 41 18
10456 40 18
10457 40 38
10458 40 12
10459 39 12
10460 39 60
10461 41 39
10462 39 50
10463 41 32
10464 40 1
10465 40 21
10466 39 38
10467 38 12
10468 38 38
10469 39 6
10470 39 12
10471 38 50
10472 39 5
10473 40 32
10474 39 13
10475 39 1
10476 39 7
10477 38 7
10478 39 21
10479 39 32
10480 39 2
10481 41 25
10482 42 0
10483 37 7
10484 39 31
10485 41 0
10486 41 49
10487 38 60
10488 40 27
10489 40 58
10490 40 43
10491 39 1
10492 40 42
10493 39 22
10494 40 6
10495 39 14
10496 39 62
10497 38 14
10498 38 62
10499 41 31
10500 39 58
10501 41 15
10502 40 39
10503 40 49
10504 39 60
10505 40 12
10506 40 36
10507 38 60
10508 39 6
10509 40 31
10510 42 19
10511 40 41
10512 40 6
10513 39 36
10514 40 60
10515 39 6
10516 40 51
10517 39 35
10518 40 54
10519 39 54
10520 41 17
10521 40 17
10522 39 31
10523 40 5
10524 41 19
10525 40 9
10526 40 11
10527 40 13
10528 40 59
10529 39 41
10530 40 24
10531 38 41
10532 41 5
10533 40 6
10534 40 61
10535 39 6
10536 41 54
10537 39 24
10538 39 61
10539 40 52
10540 40 53
10541 42 1
10542 40 5
10543 40 4
10544 39 53
10545 38 53
10546 40 25
10547 40 3
10548 40 2
10549 41 10
10550 39 2
10551 40 10
10552 40 44
10553 41 1
10554 41 23
10555 41 58
10556 40 23
10557 39 44
10558 41 47
10559 41 40
10560 42 4
10561 40 47
10562 41 41
10563 39 43
10564 41 48
10565 40 40
10566 39 44
10567 41 3
10568 41 12
10569 40 3
10570 40 58
10571 40 31
10572 40 12
10573 41 24
10574 39 40
10575 41 4
10576 40 51
10577 39 51
10578 39 41
10579 40 29
10580 40 28
10581 42 4
10582 38 41
10583 40 41
10584 39 12
10585 41 9
10586 39 29
10587 41 11
10588 41 25
10589 42 2
10590 40 55
10591 40 37
10592 42 16
10593 41 10
10594 40 25
10595 38 12
10596 40 30
10597 40 24
10598 39 37
10599 41 24
10600 38 37
10601 40 24
10602 41 51
10603 41 2
10604 42 19
10605 38 29
10606 41 39
10607 40 39
10608 41 52
10609 42 0
10610 41 16
10611 41 19
10612 39 55
10613 39 54
10614 38 28
10615 41 0
10616 41 4
10617 40 27
10618 40 29
10619 40 45
10620 40 34
10621 41 38
10622 39 34
10623 41 56
10624 40 56
10625 40 19
10626 37 28
10627 41 35
10628 40 16
10629 40 35
10630 40 17
10631 37 27
10632 37 29
10633 40 33
10634 42 24
10635 40 51
10636 40 52
10637 40 44
10638 39 44
10639 40 18
10640 41 9
10641 37 28
10642 40 60
10643 40 42
10644 41 34
10645 41 55
10646 42 3
10647 39 42
10648 40 62
10649 37 27
10650 39 52
10651 41 49
10652 40 17
10653 41 24
10654 40 34
10655 42 20
10656 41 36
10657 41 3
10658 40 42
10659 41 48
10660 39 42
10661 41 50
10662 39 62
10663 40 50
10664 40 61
10665 41 53
10666 40 53
10667 41 35
10668 41 20
10669 41 42
10670 40 42
10671 40 60
10672 41 10
10673 42 5
10674 41 41
10675 41 49
10676 42 38
10677 41 51
10678 41 8
10679 41 33
10680 40 20
10681 42 51
10682 41 7
10683 42 9
10684 42 4
10685 41 14
10686 40 33
10687 41 32
10688 41 59
10689 41 38
10690 42 53
10691 40 8
10692 42 17
10693 41 9
10694 40 7
10695 41 13
10696 41 39
10697 41 15
10698 40 9
10699 41 4
10700 41 17
10701 41 23
10702 43 0
10703 40 13
10704 40 62
10705 41 20
10706 41 24
10707 41 51
10708 40 59
10709 40 15
10710 39 59
10711 41 53
10712 42 0
10713 39 15
10714 40 14
10715 43 3
10716 40 15
10717 41 27
10718 41 46
10719 41 56
10720 42 33
10721 40 27
10722 41 33
10723 43 20
10724 41 36
10725 41 6
10726 43 2
10727 41 22
10728 41 30
10729 40 36
10730 40 63
10731 39 63
10732 42 3
10733 40 30
10734 41 57
10735 42 18
10736 41 3
10737 42 19
10738 40 29
10739 43 1
10740 41 5
10741 40 61
10742 42 32
10743 40 62
10744 41 12
10745 42 25
10746 42 18
10747 41 26
10748 41 43
10749 41 9
10750 41 10
10751 41 13
10752 40 43
10753 41 21
10754 41 25
10755 41 9
10756 42 50
10757 40 25
10758 42 49
10759 44 0
10760 41 31
10761 42 52
10762 41 27
10763 42 41
10764 41 47
10765 43 3
10766 40 47
10767 41 38
10768 42 15
10769 42 36
10770 40 38
10771 42 3
10772 42 19
10773 40 48
10774 40 27
10775 41 10
10776 43 3
10777 43 16
10778 42 48
10779 42 8
10780 40 10
10781 40 49
10782 42 54
10783 42 31
10784 42 33
10785 41 41
10786 42 11
10787 42 34
10788 42 39
10789 42 16
10790 42 50
10791 41 63
10792 41 45
10793 41 52
10794 41 15
10795 41 55
10796 41 33
10797 40 15
10798 40 16
10799 40 45
10800 40 52
10801 40 55
10802 41 11
10803 41 34
10804 41 28
10805 40 28
10806 42 51
10807 42 3
10808 41 39
10809 43 0
10810 40 63
10811 41 50
10812 40 37
10813 41 48
10814 43 4
10815 41 58
10816 40 58
10817 40 62
10818 42 26
10819 40 48
10820 42 23
10821 41 60
10822 42 10
10823 40 60
10824 41 26
10825 41 36
10826 42 32
10827 42 46
10828 41 62
10829 42 42
10830 42 52
10831 41 23
10832 41 25
10833 43 16
10834 41 46
10835 42 16
10836 41 35
10837 42 40
10838 41 10
10839 41 40
10840 41 37
10841 41 61
10842 41 32
10843 42 21
10844 41 48
10845 42 56
10846 41 56
10847 40 32
10848 42 51
10849 43 16
10850 40 48
10851 42 50
10852 41 50
10853 43 3
10854 41 21
10855 42 16
10856 42 38
10857 42 57
10858 42 25
10859 41 43
10860 40 43
10861 42 5
10862 42 9
10863 42 27
10864 42 37
10865 42 31
10866 42 7
10867 43 51
10868 41 63
10869 41 44
10870 41 5
10871 42 18
10872 42 35
10873 41 45
10874 42 43
10875 42 60
10876 42 47
10877 41 25
10878 42 13
10879 40 25
10880 42 39
10881 41 39
10882 42 21
10883 40 26
10884 41 13
10885 41 60
10886 42 59
10887 42 46
10888 41 21
10889 42 6
10890 43 25
10891 42 61
10892 41 46
10893 43 11
10894 41 7
10895 42 2
10896 42 44
10897 40 13
10898 42 8
10899 40 7
10900 42 10
10901 40 60
10902 39 60
10903 42 34
10904 42 14
10905 42 25
10906 43 38
10907 42 55
10908 41 44
10909 42 22
10910 40 60
10911 42 17
10912 41 2
10913 42 38
10914 40 21
10915 41 6
10916 43 2
10917 41 17
10918 41 21
10919 42 42
10920 42 23
10921 41 25
10922 41 27
10923 41 57
10924 41 40
10925 43 1
10926 42 15
10927 43 54
10928 42 20
10929 41 42
10930 41 30
10931 42 53
10932 40 30
10933 42 35
10934 41 35
10935 43 24
10936 42 51
10937 41 8
10938 43 0
10939 41 7
10940 43 49
10941 42 36
10942 43 51
10943 41 29
10944 42 37
10945 42 14
10946 42 52
10947 41 14
10948 42 6
10949 41 6
10950 41 28
10951 41 55
10952 41 62
10953 42 49
10954 41 59
10955 40 8
10956 41 8
10957 41 58
10958 42 51
10959 41 63
10960 42 55
10961 42 11
10962 42 5
10963 43 51
10964 42 44
10965 42 22
10966 41 55
10967 42 51
10968 41 11
10969 42 4
10970 42 32
10971 42 41
10972 42 12
10973 41 22
10974 43 15
10975 42 38
10976 42 30
10977 42 15
10978 40 22
10979 42 9
10980 41 9
10981 41 22
10982 41 38
10983 41 10
10984 42 38
10985 42 54
10986 41 30
10987 40 22
10988 42 47
10989 42 58
10990 41 58
10991 43 8
10992 42 8
10993 43 22
10994 43 17
10995 43 53
10996 41 54
10997 42 40
10998 42 22
10999 42 33
11000 42 48
11001 41 53
11002 42 49
11003 42 48
11004 42 28
11005 42 17
11006 42 63
11007 43 14
11008 41 33
11009 43 31
11010 42 60
11011 41 29
11012 41 60
11013 41 63
11014 43 28
11015 42 18
11016 42 14
11017 43 19
11018 40 33
11019 39 33
11020 41 28
11021 42 49
11022 42 39
11023 41 49
11024 40 10
11025 40 9
11026 39 9
11027 42 53
11028 43 3
11029 40 29
11030 42 41
11031 43 37
11032 43 10
11033 42 10
11034 43 9
11035 43 23
11036 42 55
11037 41 55
11038 43 32
11039 42 28
11040 41 39
11041 42 17
11042 42 11
11043 42 19
11044 42 46
11045 43 52
11046 42 31
11047 42 43
11048 42 29
11049 41 43
11050 42 62
11051 43 13
11052 43 59
11053 43 33
11054 40 30
11055 42 59
11056 42 37
11057 41 29
11058 41 31
11059 42 32
11060 44 0
11061 43 50
11062 40 43
11063 43 0
11064 43 34
11065 41 59
11066 42 29
11067 44 34
11068 42 23
11069 43 11
11070 41 23
11071 43 32
11072 43 43
11073 41 56
11074 41 29
11075 43 21
11076 42 52
11077 40 29
11078 42 43
11079 40 56
11080 42 31
11081 43 62
11082 43 18
11083 43 52
11084 42 11
11085 42 18
11086 41 32
11087 42 52
11088 42 42
11089 41 41
11090 41 31
11091 41 62
11092 41 40
11093 43 8
11094 42 49
11095 43 58
11096 43 60
11097 42 32
11098 43 59
11099 43 34
11100 43 20
11101 41 49
11102 41 42
11103 44 9
11104 44 8
11105 44 18
11106 41 63
11107 43 26
11108 42 20
11109 41 20
11110 43 39
11111 43 9
11112 42 43
11113 43 22
11114 44 9
11115 43 57
11116 42 62
11117 42 26
11118 42 22
11119 42 8
11120 41 33
11121 42 56
11122 40 33
11123 42 23
11124 44 33
11125 42 60
11126 43 18
11127 41 60
11128 43 63
11129 43 25
11130 42 47
11131 42 9
11132 42 34
11133 43 26
11134 42 26
11135 42 28
11136 42 39
11137 42 36
11138 42 42
11139 42 57
11140 41 26
11141 41 57
11142 44 0
11143 41 27
11144 42 61
11145 43 9
11146 41 61
11147 40 26
11148 41 32
11149 43 40
11150 43 2
11151 43 0
11152 41 31
11153 41 30
11154 42 40
11155 41 26
11156 39 26
11157 44 17
11158 42 44
11159 43 8
11160 39 27
11161 43 53
11162 42 26
11163 42 9
11164 42 43
11165 43 61
11166 44 1
11167 42 10
11168 43 36
11169 43 46
11170 44 21
11171 42 36
11172 42 53
11173 43 33
11174 42 45
11175 41 45
11176 42 46
11177 43 1
11178 42 61
11179 43 6
11180 41 53
11181 43 9
11182 43 32
11183 42 9
11184 45 1
11185 43 39
11186 43 4
11187 41 54
11188 42 4
11189 43 27
11190 42 32
11191 43 3
11192 43 45
11193 42 6
11194 43 42
11195 43 29
11196 43 21
11197 40 54
11198 42 45
11199 42 29
11200 43 0
11201 42 27
11202 40 53
11203 43 12
11204 42 28
11205 42 39
11206 43 17
11207 44 52
11208 42 44
11209 43 49
11210 43 5
11211 42 55
11212 40 52
11213 44 18
11214 44 19
11215 42 45
11216 42 12
11217 42 29
11218 42 44
11219 43 19
11220 44 20
11221 42 42
11222 43 20
11223 43 16
11224 43 62
11225 43 27
11226 44 23
11227 42 16
11228 42 62
11229 42 27
11230 42 38
11231 41 27
11232 42 37
11233 42 54
11234 43 28
11235 42 28
11236 42 53
11237 43 23
11238 42 41
11239 44 11
11240 44 9
11241 43 58
11242 44 27
11243 43 59
11244 43 9
11245 44 17
11246 44 9
11247 42 63
11248 43 47
11249 41 63
11250 44 10
11251 42 59
11252 43 11
11253 42 48
11254 41 48
11255 43 55
11256 43 17
11257 45 19
11258 43 30
11259 43 54
11260 43 9
11261 43 31
11262 44 13
11263 43 55
11264 43 14
11265 42 31
11266 43 38
11267 43 2
11268 42 38
11269 42 55
11270 44 58
11271 41 55
11272 42 2
11273 43 44
11274 42 39
11275 43 4
11276 43 58
11277 43 52
11278 44 61
11279 43 13
11280 42 52
11281 43 50
11282 44 9
11283 42 4
11284 43 54
11285 43 46
11286 42 46
11287 44 33
11288 42 50
11289 43 33
11290 44 19
11291 43 61
11292 44 24
11293 44 28
11294 44 16
11295 44 1
11296 43 14
11297 44 38
11298 44 12
11299 42 14
11300 43 27
11301 43 1
11302 44 27
11303 43 35
11304 43 24
11305 43 4
11306 44 30
11307 43 30
11308 43 41
11309 44 13
11310 43 6
11311 43 56
11312 43 38
11313 43 53
11314 44 28
11315 43 34
11316 43 35
11317 44 46
11318 44 32
11319 43 43
11320 43 28
11321 43 15
11322 44 22
11323 44 51
11324 43 48
11325 43 54
11326 44 36
11327 42 41
11328 44 17
11329 44 37
11330 44 28
11331 43 62
11332 45 18
11333 44 12
11334 43 61
11335 42 6
11336 44 29
11337 43 22
11338 44 21
11339 44 42
11340 42 61
11341 44 38
11342 43 21
11343 41 41
11344 43 28
11345 44 2
11346 45 20
11347 43 51
11348 44 60
11349 43 26
11350 41 42
11351 43 14
11352 43 46
11353 42 21
11354 43 17
11355 44 59
11356 44 31
11357 43 25
11358 44 48
11359 43 24
11360 43 49
11361 44 41
11362 43 7
11363 43 42
11364 44 15
11365 42 42
11366 42 49
11367 43 27
11368 45 0
11369 43 36
11370 43 48
11371 43 53
11372 43 6
11373 43 13
11374 44 6
11375 44 18
11376 43 6
11377 44 22
11378 44 1
11379 44 30
11380 43 8
11381 44 3
11382 44 28
11383 45 2
11384 44 23
11385 44 24
11386 45 1
11387 44 13
11388 44 5
11389 44 46
11390 44 47
11391 43 54
11392 44 14
11393 42 54
11394 44 43
11395 44 60
11396 44 22
11397 45 60
11398 42 53
11399 44 55
11400 43 46
11401 43 39
11402 43 24
11403 44 42
11404 44 58
11405 43 60
11406 43 34
11407 44 60
11408 44 37
11409 43 55
11410 44 2
11411 43 56
11412 43 9
11413 44 53
11414 43 53
11415 44 44
11416 41 53
11417 43 44
11418 40 53
11419 43 43
11420 44 54
11421 43 40
11422 43 50
11423 44 55
11424 42 43
11425 45 0
11426 43 38
11427 44 33
11428 43 28
11429 43 57
11430 42 53
11431 44 12
11432 43 35
11433 44 17
11434 42 35
11435 44 54
11436 45 28
11437 43 30
11438 42 28
11439 42 54
11440 44 40
11441 43 3
11442 43 35
11443 44 49
11444 45 19
11445 45 2
11446 45 20
11447 43 41
11448 43 17
11449 43 33
11450 43 60
11451 43 58
11452 43 1
11453 45 30
11454 42 35
11455 43 51
11456 44 16
11457 44 36
11458 44 57
11459 41 35
11460 44 38
11461 43 40
11462 42 33
11463 43 49
11464 43 23
11465 43 14
11466 42 35
11467 41 35
11468 45 54
11469 43 39
11470 44 26
11471 44 52
11472 43 29
11473 42 46
11474 44 23
11475 42 55
11476 43 22
11477 44 8
11478 44 60
11479 42 22
11480 45 29
11481 45 28
11482 42 41
11483 44 28
11484 43 61
11485 42 51
11486 44 58
11487 44 48
11488 45 1
11489 44 2
11490 44 10
11491 44 57
11492 44 11
11493 43 10
11494 43 9
11495 45 17
11496 44 59
11497 45 0
11498 43 40
11499 43 30
11500 44 14
11501 44 10
11502 45 1
11503 44 30
11504 42 58
11505 45 10
11506 44 13
11507 43 45
11508 45 19
11509 43 36
11510 43 41
11511 44 9
11512 43 26
11513 42 36
11514 43 2
11515 42 9
11516 43 39
11517 43 18
11518 44 50
11519 41 9
11520 43 62
11521 43 38
11522 42 57
11523 44 1
11524 43 55
11525 41 8
11526 44 12
11527 44 24
11528 41 57
11529 42 18
11530 43 42
11531 44 49
11532 44 37
11533 42 55
11534 43 46
11535 43 31
11536 43 12
11537 42 38
11538 43 37
11539 42 12
11540 44 3
11541 44 0
11542 42 46
11543 43 28
11544 46 0
11545 44 34
11546 42 45
11547 45 22
11548 44 50
11549 44 37
11550 43 63
11551 43 25
11552 46 2
11553 44 4
11554 41 45
11555 44 58
11556 42 25
11557 44 39
11558 42 13
11559 43 4
11560 42 57
11561 45 20
11562 41 44
11563 43 3
11564 43 39
11565 44 47
11566 44 38
11567 44 54
11568 43 14
11569 44 25
11570 44 59
11571 45 26
11572 44 29
11573 43 9
11574 43 50
11575 42 54
11576 46 18
11577 44 10
11578 43 10
11579 44 9
11580 45 59
11581 44 26
11582 45 53
11583 44 3
11584 42 26
11585 43 57
11586 43 0
11587 44 39
11588 44 20
11589 44 28
11590 44 60
11591 44 35
11592 43 13
11593 44 48
11594 44 15
11595 43 32
11596 43 12
11597 45 2
11598 45 58
11599 43 60
11600 44 2
11601 44 23
11602 45 18
11603 44 47
11604 43 59
11605 43 1
11606 42 1
11607 45 0
11608 44 42
11609 44 22
11610 45 17
11611 42 32
11612 44 53
11613 43 40
11614 43 42
11615 42 59
11616 45 18
11617 45 21
11618 44 29
11619 44 10
11620 43 2
11621 43 32
11622 44 49
11623 45 48
11624 44 28
11625 43 56
11626 43 13
11627 45 53
11628 43 25
11629 44 21
11630 45 21
11631 44 4
11632 43 4
11633 43 47
11634 44 21
11635 42 56
11636 45 3
11637 43 62
11638 44 3
11639 44 32
11640 45 23
11641 44 9
11642 46 17
11643 43 55
11644 43 49
11645 44 13
11646 44 36
11647 41 56
11648 44 55
11649 44 24
11650 40 56
11651 43 11
11652 45 2
11653 42 11
11654 44 42
11655 44 50
11656 44 45
11657 43 54
11658 43 53
11659 46 1
11660 42 49
11661 44 27
11662 44 58
11663 44 33
11664 44 17
11665 44 25
11666 43 42
11667 44 38
11668 44 6
11669 45 9
11670 44 61
11671 44 16
11672 44 48
11673 43 50
11674 43 58
11675 44 23
11676 45 59
11677 43 13
11678 45 47
11679 43 61
11680 44 2
11681 43 54
11682 45 20
11683 44 49
11684 44 59
11685 44 44
11686 44 51
11687 43 44
11688 43 53
11689 45 61
11690 45 46
11691 44 24
11692 43 27
11693 44 18
11694 44 56
11695 44 34
11696 42 27
11697 44 27
11698 44 14
11699 45 1
11700 44 46
11701 44 5
11702 44 48
11703 44 37
11704 44 54
11705 44 26
11706 44 7
11707 45 22
11708 44 42
11709 43 5
11710 43 7
11711 44 52
11712 43 24
11713 43 42
11714 44 57
11715 43 56
11716 45 0
11717 44 0
11718 45 18
11719 44 58
11720 43 14
11721 43 26
11722 44 49
11723 42 26
11724 44 22
11725 43 54
11726 44 18
11727 43 49
11728 43 58
11729 42 14
11730 44 58
11731 45 0
11732 44 31
11733 45 17
11734 41 26
11735 44 28
11736 43 28
11737 44 45
11738 45 48
11739 45 23
11740 44 39
11741 44 53
11742 41 25
11743 42 28
11744 40 25
11745 44 11
11746 45 36
11747 44 15
11748 43 39
11749 46 0
11750 44 8
11751 45 19
11752 45 49
11753 45 60
11754 39 25
11755 42 54
11756 44 59
11757 43 11
11758 44 58
11759 43 45
11760 43 53
11761 43 48
11762 44 9
11763 39 24
11764 43 9
11765 39 25
11766 45 29
11767 43 47
11768 44 43
11769 44 62
11770 43 43
11771 43 58
11772 45 47
11773 44 38
11774 44 61
11775 43 38
11776 45 18
11777 44 0
11778 44 33
11779 44 23
11780 43 61
11781 44 57
11782 44 36
11783 44 40
11784 43 36
11785 44 9
11786 43 40
11787 44 22
11788 45 44
11789 45 48
11790 43 59
11791 44 23
11792 45 54
11793 42 59
11794 43 39
11795 43 57
11796 45 58
11797 42 57
11798 45 27
11799 44 51
11800 45 25
11801 44 16
11802 44 55
11803 45 61
11804 45 0
11805 45 23
11806 44 25
11807 45 28
11808 44 44
11809 44 49
11810 45 47
11811 45 29
11812 44 0
11813 43 38
11814 44 34
11815 45 60
11816 44 23
11817 44 1
11818 44 32
11819 46 28
11820 42 38
11821 43 32
11822 45 35
11823 44 29
11824 44 58
11825 45 28
11826 43 38
11827 44 47
11828 45 37
11829 46 54
11830 44 56
11831 43 63
11832 45 8
11833 44 55
11834 45 54
11835 45 3
11836 43 39
11837 43 29
11838 44 37
11839 44 29
11840 44 13
11841 44 17
11842 44 22
11843 42 39
11844 44 36
11845 44 35
11846 42 38
11847 45 22
11848 45 17
11849 45 13
11850 44 3
11851 44 13
11852 44 33
11853 43 35
11854 44 56
11855 43 34
11856 45 5
11857 46 22
11858 45 23
11859 44 5
11860 44 55
11861 44 39
11862 44 52
11863 43 39
11864 45 36
11865 45 59
11866 45 50
11867 44 23
11868 43 23
11869 45 43
11870 43 55
11871 45 62
11872 45 31
11873 44 59
11874 44 51
11875 45 34
11876 44 50
11877 43 59
11878 44 31
11879 44 36
11880 44 41
11881 44 40
11882 43 36
11883 45 33
11884 44 33
11885 44 43
11886 45 22
11887 44 63
11888 44 62
11889 44 39
11890 45 26
11891 44 49
11892 44 52
11893 44 50
11894 45 4
11895 43 50
11896 43 43
11897 45 51
11898 45 53
11899 43 49
11900 45 30
11901 45 35
11902 43 44
11903 45 34
11904 45 18
11905 45 50
11906 43 50
11907 44 34
11908 46 3
11909 45 3
11910 45 27
11911 45 32
11912 45 6
11913 45 26
11914 44 18
11915 44 30
11916 43 18
11917 44 6
11918 46 58
11919 45 61
11920 45 57
11921 43 6
11922 45 7
11923 44 26
11924 46 43
11925 43 19
11926 44 5
11927 44 27
11928 45 24
11929 44 61
11930 45 52
11931 45 42
11932 44 57
11933 45 16
11934 46 2
11935 45 6
11936 44 16
11937 43 16
11938 46 1
11939 45 20
11940 44 42
11941 44 52
11942 46 61
11943 45 43
11944 45 61
11945 45 7
11946 45 5
11947 45 1
11948 45 25
11949 45 55
11950 44 7
11951 46 59
11952 45 58
11953 43 7
11954 46 57
11955 46 18
11956 45 47
11957 45 63
11958 44 58
11959 44 1
11960 45 19
11961 46 52
11962 45 52
11963 44 55
11964 45 1
11965 46 26
11966 45 14
11967 46 62
11968 46 21
11969 44 47
11970 45 59
11971 44 14
11972 45 18
11973 46 58
11974 46 44
11975 45 62
11976 44 57
11977 46 51
11978 45 39
11979 45 26
11980 44 26
11981 45 45
11982 45 41
11983 45 38
11984 45 15
11985 44 45
11986 45 45
11987 45 53
11988 45 14
11989 45 49
11990 44 49
11991 45 54
11992 45 57
11993 45 31
11994 45 20
11995 46 22
11996 44 20
11997 46 43
11998 44 39
11999 46 63
12000 46 39
12001 43 39
12002 44 57
12003 46 50
12004 45 22
12005 46 17
12006 45 39
12007 45 40
12008 45 17
12009 47 18
12010 46 54
12011 46 60
12012 45 37
12013 46 19
12014 46 20
12015 46 27
12016 45 63
12017 45 47
12018 45 55
12019 44 37
12020 46 44
12021 45 19
12022 46 49
12023 46 6
12024 45 27
12025 46 8
12026 44 56
12027 46 23
12028 46 25
12029 45 9
12030 45 6
12031 45 10
12032 45 50
12033 45 42
12034 45 41
12035 44 9
12036 43 56
12037 45 48
12038 46 38
12039 44 55
12040 45 23
12041 45 54
12042 45 46
12043 45 60
12044 45 62
12045 46 5
12046 45 5
12047 46 16
12048 46 21
12049 44 5
12050 45 38
12051 44 6
12052 45 47
12053 46 35
12054 46 43
12055 45 16
12056 47 63
12057 47 22
12058 46 22
12059 46 50
12060 45 33
12061 44 47
12062 47 22
12063 43 47
12064 45 50
12065 44 50
12066 45 37
12067 47 1
12068 46 59
12069 44 33
12070 42 47
12071 45 40
12072 46 41
12073 44 34
12074 46 53
12075 44 37
12076 46 18
12077 46 22
12078 46 4
12079 44 40
12080 45 43
12081 43 40
12082 44 8
12083 44 51
12084 45 44
12085 43 51
12086 46 63
12087 46 57
12088 45 21
12089 45 35
12090 45 12
12091 46 3
12092 45 7
12093 46 1
12094 45 1
12095 44 9
12096 44 1
12097 46 33
12098 46 61
12099 46 48
12100 45 6
12101 45 20
12102 45 36
12103 45 3
12104 45 33
12105 44 3
12106 45 41
12107 45 45
12108 44 41
12109 44 8
12110 43 8
12111 45 43
12112 45 11
12113 45 10
12114 46 58
12115 46 39
12116 44 36
12117 46 36
12118 47 2
12119 46 15
12120 44 45
12121 45 8
12122 43 45
12123 45 7
12124 45 42
12125 46 34
12126 45 34
12127 45 39
12128 46 44
12129 46 46
12130 45 11
12131 45 15
12132 46 2
12133 45 9
12134 46 11
12135 47 20
12136 46 9
12137 45 51
12138 47 0
12139 44 15
12140 46 29
12141 46 62
12142 44 51
12143 47 18
12144 46 18
12145 45 46
12146 44 9
12147 46 45
12148 46 59
12149 46 20
12150 43 9
12151 43 8
12152 44 46
12153 45 44
12154 46 26
12155 44 44
12156 46 42
12157 45 29
12158 46 27
12159 46 7
12160 46 35
12161 44 39
12162 46 52
12163 43 39
12164 44 43
12165 45 35
12166 46 43
12167 45 9
12168 45 2
12169 43 43
12170 43 7
12171 46 5
12172 45 56
12173 43 44
12174 48 0
12175 45 11
12176 45 62
12177 46 30
12178 45 10
12179 47 1
12180 42 7
12181 46 37
12182 42 6
12183 46 35
12184 47 22
12185 45 13
12186 44 10
12187 44 40
12188 46 51
12189 45 35
12190 46 35
12191 45 1
12192 46 47
12193 46 26
12194 44 41
12195 45 37
12196 46 49
12197 45 12
12198 47 17
12199 47 0
12200 47 4
12201 47 63
12202 43 41
12203 48 0
12204 45 7
12205 45 47
12206 46 24
12207 47 53
12208 46 22
12209 47 61
12210 44 37
12211 45 49
12212 47 46
12213 45 0
12214 47 37
12215 45 24
12216 45 57
12217 45 13
12218 45 61
12219 47 25
12220 46 34
12221 44 36
12222 47 8
12223 47 0
12224 46 37
12225 44 24
12226 46 19
12227 46 50
12228 46 42
12229 46 32
12230 46 29
12231 46 63
12232 46 62
12233 44 57
12234 46 46
12235 46 45
12236 44 23
12237 46 18
12238 46 55
12239 45 32
12240 46 36
12241 47 2
12242 44 22
12243 45 34
12244 45 22
12245 46 25
12246 46 49
12247 45 45
12248 45 35
12249 46 4
12250 45 42
12251 47 26
12252 46 45
12253 45 45
12254 46 37
12255 45 12
12256 45 62
12257 45 4
12258 46 8
12259 45 5
12260 47 3
12261 45 55
12262 45 8
12263 46 17
12264 47 17
12265 47 20
12266 47 48
12267 46 58
12268 46 61
12269 46 0
12270 46 17
12271 46 55
12272 46 27
12273 46 20
12274 45 27
12275 47 7
12276 46 48
12277 44 52
12278 46 33
12279 46 40
12280 47 42
12281 45 33
12282 47 47
12283 46 47
12284 45 55
12285 46 30
12286 46 21
12287 47 21
# colocadas=12288 ocupadas=2995 mayor=344
